# Blender 4.3.2
# www.blender.org
o bone_2
v 0.068463 -0.230725 -0.043720
v 0.006160 -0.222430 -0.021253
v -0.032345 -0.224666 0.033223
v -0.032345 -0.236578 0.098899
v 0.006160 -0.253618 0.150689
v 0.068463 -0.269275 0.168812
v 0.130766 -0.277570 0.146344
v 0.169272 -0.275334 0.091869
v 0.169272 -0.263422 0.026193
v 0.130766 -0.246382 -0.025598
v 0.082772 -0.158742 -0.030507
v 0.020640 -0.150033 -0.007995
v -0.017838 -0.152379 0.046383
v -0.017966 -0.164885 0.111855
v 0.020306 -0.182773 0.163413
v 0.082359 -0.199211 0.181364
v 0.144490 -0.207920 0.158852
v 0.182969 -0.205573 0.104474
v 0.183096 -0.193068 0.039002
v 0.144824 -0.175180 -0.012556
v 0.098724 -0.088246 -0.006446
v 0.042330 -0.079520 0.014199
v 0.007241 -0.081867 0.063656
v 0.006861 -0.094389 0.123034
v 0.041335 -0.112304 0.169653
v 0.097495 -0.128769 0.185705
v 0.153890 -0.137494 0.165060
v 0.188979 -0.135148 0.115603
v 0.189358 -0.122626 0.056225
v 0.154884 -0.104711 0.009606
v 0.116131 -0.019664 0.023253
v 0.067970 -0.011466 0.041096
v 0.037841 -0.013666 0.083433
v 0.037252 -0.025423 0.134093
v 0.066428 -0.042247 0.173725
v 0.114225 -0.057712 0.187192
v 0.162386 -0.065910 0.169349
v 0.192515 -0.063710 0.127012
v 0.193103 -0.051953 0.076352
v 0.163927 -0.035129 0.036719
v 0.135189 0.049668 0.046503
v 0.090620 0.057988 0.063245
v 0.062561 0.055761 0.102536
v 0.061731 0.043838 0.149367
v 0.088446 0.026772 0.185851
v 0.132503 0.011083 0.198051
v 0.177073 0.002763 0.181309
v 0.205132 0.004990 0.142018
v 0.205962 0.016914 0.095187
v 0.179246 0.033979 0.058704
v 0.156119 0.120253 0.062988
v 0.110257 0.129613 0.080492
v 0.081175 0.127114 0.121053
v 0.079981 0.113712 0.169180
v 0.107131 0.094525 0.206490
v 0.152255 0.076882 0.218731
v 0.198117 0.067522 0.201228
v 0.227199 0.070021 0.160666
v 0.228393 0.083423 0.112539
v 0.201243 0.102610 0.075229
v 0.178824 0.189290 0.083561
v 0.133132 0.199455 0.101318
v 0.103916 0.196750 0.141882
v 0.102336 0.182207 0.189761
v 0.128995 0.161383 0.226666
v 0.173711 0.142230 0.238501
v 0.219402 0.132064 0.220745
v 0.248618 0.134770 0.180180
v 0.250198 0.149312 0.132301
v 0.223539 0.170137 0.095396
v 0.203065 0.254534 0.114075
v 0.162435 0.264360 0.130189
v 0.136210 0.261754 0.166417
v 0.134407 0.247711 0.208921
v 0.157714 0.227596 0.241465
v 0.197229 0.209091 0.251619
v 0.237859 0.199265 0.235505
v 0.264084 0.201871 0.199277
v 0.265887 0.215914 0.156773
v 0.242580 0.236029 0.124229
v 0.228987 0.317497 0.147998
v 0.194445 0.326555 0.162016
v 0.171909 0.324161 0.192970
v 0.169989 0.311231 0.229038
v 0.189418 0.292703 0.256442
v 0.222775 0.275654 0.264715
v 0.257317 0.266597 0.250697
v 0.279853 0.268990 0.219743
v 0.281772 0.281920 0.183675
v 0.262344 0.300448 0.156271
v 0.257089 0.381037 0.177101
v 0.224760 0.390205 0.190560
v 0.203415 0.387793 0.219695
v 0.201206 0.374721 0.253379
v 0.218977 0.355982 0.278744
v 0.249941 0.338735 0.286103
v 0.282269 0.329567 0.272644
v 0.303614 0.331980 0.243508
v 0.305823 0.345052 0.209824
v 0.288052 0.363790 0.184459
v 0.287504 0.444829 0.203134
v 0.254515 0.454924 0.217264
v 0.232438 0.452279 0.247189
v 0.229707 0.437904 0.281478
v 0.247364 0.417291 0.307036
v 0.278666 0.398313 0.314098
v 0.311656 0.388218 0.299969
v 0.333733 0.390863 0.270044
v 0.336464 0.405237 0.235754
v 0.318806 0.425850 0.210197
v 0.319719 0.505535 0.234114
v 0.287935 0.516006 0.248160
v 0.266343 0.513276 0.277204
v 0.263192 0.498387 0.310152
v 0.279684 0.477026 0.334419
v 0.309521 0.457353 0.340737
v 0.341306 0.446881 0.326691
v 0.362897 0.449611 0.297647
v 0.366049 0.464501 0.264699
v 0.349556 0.485862 0.240431
v 0.353328 0.561495 0.272416
v 0.326042 0.571154 0.284894
v 0.307195 0.568649 0.310035
v 0.303986 0.554937 0.338235
v 0.317641 0.535256 0.358722
v 0.342943 0.517123 0.363672
v 0.370230 0.507465 0.351193
v 0.389077 0.509970 0.326053
v 0.392285 0.523682 0.297853
v 0.378631 0.543363 0.277366
v 0.388755 0.614862 0.312372
v 0.365892 0.623540 0.323227
v 0.349806 0.621302 0.344489
v 0.346643 0.609002 0.368038
v 0.357609 0.591340 0.384879
v 0.378517 0.575060 0.388578
v 0.401380 0.566382 0.377724
v 0.417465 0.568620 0.356462
v 0.420629 0.580920 0.332913
v 0.409662 0.598582 0.316072
v 0.426689 0.668006 0.349322
v 0.405374 0.676666 0.359860
v 0.390071 0.674446 0.379891
v 0.386624 0.662195 0.401763
v 0.396350 0.644592 0.417122
v 0.415534 0.628361 0.420102
v 0.436849 0.619701 0.409563
v 0.452152 0.621921 0.389532
v 0.455599 0.634172 0.367660
v 0.445873 0.651775 0.352301
v 0.466964 0.719710 0.385793
v 0.445833 0.728882 0.396709
v 0.430320 0.726547 0.416801
v 0.426349 0.713594 0.438394
v 0.435438 0.694973 0.453241
v 0.454114 0.677795 0.455671
v 0.475245 0.668622 0.444755
v 0.490759 0.670957 0.424663
v 0.494730 0.683910 0.403070
v 0.485641 0.702532 0.388223
v 0.508667 0.766819 0.426726
v 0.489361 0.775759 0.437180
v 0.474838 0.773498 0.455777
v 0.470644 0.760901 0.475415
v 0.478381 0.742778 0.488591
v 0.495094 0.726052 0.490273
v 0.514399 0.717112 0.479819
v 0.528923 0.719373 0.461221
v 0.533117 0.731970 0.441584
v 0.525380 0.750093 0.428408
v 0.551437 0.808626 0.472236
v 0.535725 0.816376 0.481185
v 0.523586 0.814431 0.496542
v 0.519657 0.803535 0.512443
v 0.525437 0.787850 0.522813
v 0.538721 0.773366 0.523691
v 0.554432 0.765617 0.514743
v 0.566571 0.767561 0.499385
v 0.570501 0.778457 0.483485
v 0.564720 0.794143 0.473115
v 0.595958 0.847323 0.518365
v 0.583250 0.853989 0.526003
v 0.573144 0.852330 0.538627
v 0.569498 0.842979 0.551416
v 0.573707 0.829508 0.559484
v 0.584162 0.817062 0.559750
v 0.596870 0.810396 0.552112
v 0.606977 0.812055 0.539487
v 0.610622 0.821406 0.526699
v 0.606414 0.834877 0.518631
v 0.642793 0.884188 0.563212
v 0.631371 0.890552 0.570481
v 0.621996 0.888981 0.582034
v 0.618251 0.880077 0.593457
v 0.621565 0.867240 0.600388
v 0.630672 0.855373 0.600179
v 0.642095 0.849010 0.592910
v 0.651469 0.850580 0.581357
v 0.655215 0.859484 0.569934
v 0.651901 0.872321 0.563003
v 0.691350 0.917559 0.608860
v 0.680824 0.923778 0.615976
v 0.671888 0.922258 0.626835
v 0.667953 0.913579 0.637289
v 0.670523 0.901056 0.643345
v 0.678616 0.889473 0.642690
v 0.689142 0.883254 0.635574
v 0.698078 0.884775 0.624715
v 0.702013 0.893453 0.614261
v 0.699443 0.905976 0.608205
v 0.740623 0.945337 0.657389
v 0.731981 0.950746 0.663617
v 0.724368 0.949437 0.672732
v 0.720693 0.941909 0.681252
v 0.722360 0.931039 0.685922
v 0.728731 0.920978 0.684959
v 0.737374 0.915569 0.678731
v 0.744986 0.916878 0.669616
v 0.748661 0.924406 0.661096
v 0.746995 0.935276 0.656426
v 0.790517 0.967712 0.707911
v 0.784297 0.971830 0.712706
v 0.778598 0.970844 0.719427
v 0.775596 0.965131 0.725507
v 0.776438 0.956873 0.728625
v 0.780803 0.949224 0.727589
v 0.787023 0.945106 0.722794
v 0.792722 0.946092 0.716074
v 0.795724 0.951805 0.709993
v 0.794882 0.960064 0.706875
v 0.841627 0.986071 0.758480
v 0.837250 0.989132 0.762100
v 0.833065 0.988407 0.766958
v 0.830671 0.984173 0.771199
v 0.830982 0.978046 0.773201
v 0.833880 0.972368 0.772201
v 0.838257 0.969307 0.768581
v 0.842442 0.970032 0.763723
v 0.844836 0.974266 0.759483
v 0.844525 0.980392 0.757480
v 0.893803 1.000394 0.808712
v 0.890564 1.002719 0.811490
v 0.887399 1.002170 0.815136
v 0.885516 0.998956 0.818257
v 0.885635 0.994306 0.819662
v 0.887710 0.989994 0.818813
v 0.890949 0.987669 0.816034
v 0.894114 0.988218 0.812388
v 0.895997 0.991432 0.809267
v 0.895878 0.996082 0.807863
v 0.031678 -0.273849 -0.303482
v -0.031763 -0.267110 -0.283859
v -0.070972 -0.253835 -0.231498
v -0.070972 -0.239096 -0.166398
v -0.031763 -0.228522 -0.113425
v 0.031678 -0.226151 -0.092814
v 0.095119 -0.232890 -0.112436
v 0.134328 -0.246165 -0.164797
v 0.134328 -0.260904 -0.229897
v 0.095119 -0.271478 -0.282870
v 0.033286 -0.229319 -0.313402
v -0.030054 -0.222214 -0.293893
v -0.069181 -0.208221 -0.241775
v -0.069149 -0.192684 -0.176956
v -0.029972 -0.181537 -0.124193
v 0.033387 -0.179038 -0.103642
v 0.096727 -0.186143 -0.123151
v 0.135854 -0.200136 -0.175269
v 0.135822 -0.215673 -0.240088
v 0.096645 -0.226820 -0.292850
v 0.035027 -0.184006 -0.314906
v -0.022610 -0.176837 -0.297319
v -0.058173 -0.162718 -0.250218
v -0.058080 -0.147041 -0.191592
v -0.022364 -0.135794 -0.143836
v 0.035331 -0.133274 -0.125190
v 0.092968 -0.140443 -0.142777
v 0.128532 -0.154563 -0.189879
v 0.128438 -0.170240 -0.248505
v 0.092722 -0.181486 -0.296261
v 0.036980 -0.137416 -0.313458
v -0.012387 -0.130638 -0.298561
v -0.042808 -0.117290 -0.258543
v -0.042662 -0.102469 -0.208690
v -0.012005 -0.091838 -0.168043
v 0.037453 -0.089456 -0.152129
v 0.086821 -0.096234 -0.167026
v 0.117241 -0.109583 -0.207044
v 0.117095 -0.124403 -0.256897
v 0.086438 -0.135035 -0.297544
v 0.039125 -0.093094 -0.321096
v -0.006720 -0.086176 -0.307444
v -0.034926 -0.072554 -0.270635
v -0.034719 -0.057431 -0.224731
v -0.006179 -0.046583 -0.187264
v 0.039794 -0.044153 -0.172546
v 0.085639 -0.051071 -0.186199
v 0.113845 -0.064693 -0.223007
v 0.113638 -0.079816 -0.268912
v 0.085098 -0.090665 -0.306379
v 0.041434 -0.051928 -0.338169
v -0.005929 -0.044107 -0.324281
v -0.035016 -0.028707 -0.286678
v -0.034718 -0.011610 -0.239722
v -0.005147 0.000653 -0.201349
v 0.042400 0.003398 -0.186216
v 0.089762 -0.004424 -0.200104
v 0.118850 -0.019824 -0.237707
v 0.118551 -0.036920 -0.284663
v 0.088981 -0.049183 -0.323036
v 0.043957 -0.010606 -0.354136
v -0.003448 -0.002072 -0.340487
v -0.032501 0.014727 -0.303337
v -0.032105 0.033377 -0.256879
v -0.002410 0.046752 -0.218856
v 0.045239 0.049745 -0.203793
v 0.092644 0.041212 -0.217443
v 0.121697 0.024412 -0.254592
v 0.121301 0.005763 -0.301051
v 0.091607 -0.007613 -0.339073
v 0.046778 0.033520 -0.363496
v 0.004402 0.041803 -0.351550
v -0.021507 0.058108 -0.318841
v -0.021053 0.076207 -0.277863
v 0.005590 0.089187 -0.244267
v 0.048247 0.092089 -0.230887
v 0.090622 0.083806 -0.242833
v 0.116531 0.067502 -0.275542
v 0.116077 0.049403 -0.316520
v 0.089434 0.036423 -0.350116
v 0.049882 0.078265 -0.372765
v 0.013638 0.085930 -0.362797
v -0.008463 0.101015 -0.335306
v -0.007978 0.117759 -0.300793
v 0.014907 0.129767 -0.272441
v 0.051451 0.132450 -0.261079
v 0.087695 0.124786 -0.271047
v 0.109796 0.109700 -0.298538
v 0.109311 0.092956 -0.333051
v 0.086425 0.080949 -0.361403
v 0.053162 0.119623 -0.389896
v 0.019009 0.127410 -0.380768
v -0.001752 0.142732 -0.355381
v -0.001192 0.159738 -0.323430
v 0.020475 0.171931 -0.297121
v 0.054974 0.174655 -0.286502
v 0.089127 0.166869 -0.295630
v 0.109888 0.151547 -0.321018
v 0.109328 0.134541 -0.352968
v 0.087661 0.122347 -0.379277
v 0.056599 0.157660 -0.413154
v 0.021479 0.166263 -0.404075
v 0.000202 0.183189 -0.378566
v 0.000897 0.201973 -0.346371
v 0.023297 0.215440 -0.319787
v 0.058847 0.218447 -0.308968
v 0.093967 0.209844 -0.318047
v 0.115243 0.192918 -0.343556
v 0.114549 0.174134 -0.375751
v 0.092148 0.160667 -0.402335
v 0.060335 0.196375 -0.435004
v 0.026203 0.205328 -0.426515
v 0.005605 0.222940 -0.402374
v 0.006410 0.242484 -0.371803
v 0.028309 0.256494 -0.346478
v 0.062938 0.259620 -0.336073
v 0.097069 0.250667 -0.344562
v 0.117667 0.233055 -0.368703
v 0.116863 0.213511 -0.399274
v 0.094964 0.199501 -0.424599
v 0.064482 0.237610 -0.453413
v 0.034894 0.245895 -0.446377
v 0.017116 0.262188 -0.426079
v 0.017938 0.280266 -0.400272
v 0.037046 0.293225 -0.378812
v 0.067141 0.296114 -0.369898
v 0.096728 0.287830 -0.376934
v 0.114506 0.271537 -0.397232
v 0.113685 0.253458 -0.423039
v 0.094577 0.240499 -0.444498
v 0.068936 0.278175 -0.473744
v 0.043874 0.285642 -0.468088
v 0.028887 0.300324 -0.451485
v 0.029700 0.316614 -0.430276
v 0.046002 0.328289 -0.412562
v 0.071567 0.330889 -0.405110
v 0.096629 0.323422 -0.410765
v 0.111615 0.308740 -0.427369
v 0.110802 0.292450 -0.448578
v 0.094500 0.280776 -0.466292
v 0.073518 0.314511 -0.500145
v 0.049869 0.321985 -0.495125
v 0.035802 0.336679 -0.480072
v 0.036691 0.352980 -0.460737
v 0.052196 0.364661 -0.444504
v 0.076395 0.367260 -0.437574
v 0.100044 0.359786 -0.442594
v 0.114111 0.345092 -0.457647
v 0.113222 0.328791 -0.476982
v 0.097717 0.317110 -0.493215
v 0.078264 0.347778 -0.530173
v 0.054501 0.355721 -0.525479
v 0.040450 0.371332 -0.511034
v 0.041478 0.388647 -0.492354
v 0.057192 0.401054 -0.476576
v 0.081590 0.403813 -0.469726
v 0.105353 0.395870 -0.474420
v 0.119404 0.380259 -0.488865
v 0.118376 0.362943 -0.507545
v 0.102662 0.350537 -0.523323
v 0.083397 0.381745 -0.559480
v 0.061361 0.389511 -0.555483
v 0.048415 0.404771 -0.542777
v 0.049504 0.421696 -0.526215
v 0.064213 0.433820 -0.512124
v 0.086923 0.436513 -0.505886
v 0.108959 0.428747 -0.509883
v 0.121905 0.413487 -0.522589
v 0.120816 0.396562 -0.539150
v 0.106107 0.384438 -0.553241
v 0.088994 0.416942 -0.588094
v 0.070761 0.423697 -0.585109
v 0.060126 0.436966 -0.575219
v 0.061150 0.451680 -0.562202
v 0.073443 0.462220 -0.551031
v 0.092309 0.464558 -0.545972
v 0.110542 0.457803 -0.548958
v 0.121178 0.444534 -0.558848
v 0.120153 0.429820 -0.571864
v 0.107860 0.419280 -0.583035
v 0.094852 0.449974 -0.619316
v 0.079834 0.455805 -0.617145
v 0.071142 0.467257 -0.609556
v 0.072096 0.479953 -0.599449
v 0.082331 0.489046 -0.590683
v 0.097939 0.491061 -0.586608
v 0.112957 0.485229 -0.588780
v 0.121650 0.473778 -0.596368
v 0.120696 0.461082 -0.606475
v 0.110460 0.451989 -0.615241
v 0.100792 0.478613 -0.654429
v 0.087019 0.484200 -0.652724
v 0.079116 0.495169 -0.646318
v 0.080099 0.507329 -0.637659
v 0.089595 0.516035 -0.630054
v 0.103976 0.517963 -0.626407
v 0.117748 0.512375 -0.628112
v 0.125652 0.501406 -0.634518
v 0.124668 0.489246 -0.643177
v 0.115172 0.480540 -0.650782
v 0.106926 0.504620 -0.691530
v 0.093953 0.510103 -0.690215
v 0.086577 0.520862 -0.684744
v 0.087614 0.532787 -0.677207
v 0.096670 0.541323 -0.670482
v 0.110284 0.543210 -0.667139
v 0.123258 0.537728 -0.668454
v 0.130634 0.526969 -0.673925
v 0.129596 0.515044 -0.681463
v 0.120541 0.506508 -0.688187
v 0.113473 0.530410 -0.728985
v 0.102560 0.535199 -0.728142
v 0.096416 0.544593 -0.724048
v 0.097389 0.555003 -0.718266
v 0.105107 0.562454 -0.713006
v 0.116622 0.564099 -0.710277
v 0.127535 0.559310 -0.711120
v 0.133679 0.549916 -0.715214
v 0.132706 0.539505 -0.720995
v 0.124988 0.532055 -0.726255
v 0.120403 0.555283 -0.767406
v 0.112338 0.558946 -0.766991
v 0.107848 0.566128 -0.764368
v 0.108646 0.574085 -0.760539
v 0.114428 0.579779 -0.756966
v 0.122986 0.581034 -0.755013
v 0.131051 0.577371 -0.755428
v 0.135542 0.570190 -0.758051
v 0.134744 0.562232 -0.761881
v 0.128961 0.556538 -0.765454
v 0.127494 0.576869 -0.807894
v 0.121652 0.579606 -0.807755
v 0.118437 0.584970 -0.806165
v 0.119076 0.590913 -0.803733
v 0.123326 0.595164 -0.801387
v 0.129564 0.596100 -0.800023
v 0.135406 0.593363 -0.800162
v 0.138621 0.587999 -0.801751
v 0.137982 0.582056 -0.804184
v 0.133732 0.577805 -0.806530
v 0.134714 0.594767 -0.850487
v 0.130325 0.596853 -0.850446
v 0.127924 0.600939 -0.849373
v 0.128428 0.605466 -0.847679
v 0.131644 0.608704 -0.846011
v 0.136345 0.609416 -0.845005
v 0.140734 0.607331 -0.845047
v 0.143135 0.603244 -0.846120
v 0.142631 0.598718 -0.847814
v 0.139415 0.595480 -0.849482
v -0.204138 -0.239363 -0.027174
v -0.265718 -0.256738 -0.008167
v -0.303777 -0.271539 0.044632
v -0.303777 -0.278113 0.111055
v -0.265718 -0.273948 0.165731
v -0.204138 -0.260637 0.187776
v -0.142558 -0.243262 0.168768
v -0.104500 -0.228461 0.115969
v -0.104500 -0.221887 0.049546
v -0.142558 -0.226052 -0.005130
v -0.218880 -0.180832 -0.021230
v -0.280080 -0.199312 -0.002361
v -0.317833 -0.215054 0.050269
v -0.317719 -0.222045 0.116557
v -0.279780 -0.217615 0.171184
v -0.218509 -0.203456 0.193283
v -0.157309 -0.184976 0.174414
v -0.119556 -0.169234 0.121784
v -0.119671 -0.162243 0.055496
v -0.157609 -0.166673 0.000870
v -0.235703 -0.123295 -0.005008
v -0.290811 -0.142225 0.011946
v -0.324655 -0.158348 0.059667
v -0.324308 -0.165506 0.119928
v -0.289902 -0.160963 0.169711
v -0.234579 -0.146456 0.190000
v -0.179471 -0.127526 0.173046
v -0.145627 -0.111403 0.125325
v -0.145974 -0.104245 0.065064
v -0.180380 -0.108788 0.015281
v -0.254457 -0.067234 0.016331
v -0.301065 -0.085353 0.030631
v -0.329533 -0.100782 0.071331
v -0.328989 -0.107629 0.122886
v -0.299640 -0.103276 0.165602
v -0.252696 -0.089388 0.183165
v -0.206089 -0.071269 0.168865
v -0.177620 -0.055840 0.128165
v -0.178165 -0.048994 0.076610
v -0.207514 -0.053346 0.033894
v -0.275349 -0.011172 0.030463
v -0.317979 -0.029848 0.043499
v -0.343847 -0.045748 0.081103
v -0.343072 -0.052799 0.128911
v -0.315950 -0.048308 0.168664
v -0.272841 -0.033990 0.185175
v -0.230211 -0.015314 0.172140
v -0.204344 0.000586 0.134536
v -0.205119 0.007637 0.086727
v -0.232241 0.003146 0.046975
v -0.298601 0.045160 0.036956
v -0.341855 0.023880 0.050128
v -0.367892 0.005766 0.088745
v -0.366767 -0.002262 0.138056
v -0.338909 0.002862 0.179225
v -0.294960 0.019181 0.196529
v -0.251706 0.040462 0.183357
v -0.225669 0.058575 0.144741
v -0.226794 0.066603 0.095430
v -0.254652 0.061479 0.054260
v -0.324135 0.100028 0.046842
v -0.366515 0.076673 0.059683
v -0.391779 0.056799 0.098063
v -0.390278 0.047996 0.147324
v -0.362585 0.053628 0.188649
v -0.319278 0.071543 0.206253
v -0.276899 0.094898 0.193413
v -0.251634 0.114772 0.155032
v -0.253135 0.123575 0.105771
v -0.280828 0.117943 0.064447
v -0.351728 0.151960 0.066166
v -0.388673 0.129194 0.077290
v -0.410440 0.109826 0.111321
v -0.408715 0.101255 0.155259
v -0.384156 0.106753 0.192321
v -0.346144 0.124221 0.208352
v -0.309199 0.146987 0.197227
v -0.287432 0.166355 0.163197
v -0.289157 0.174927 0.119259
v -0.313716 0.169429 0.082196
v -0.381509 0.201753 0.088241
v -0.412193 0.180631 0.097411
v -0.430014 0.162667 0.126245
v -0.428165 0.154723 0.163732
v -0.407353 0.159833 0.195551
v -0.375526 0.176046 0.209549
v -0.344842 0.197168 0.200380
v -0.327021 0.215132 0.171545
v -0.328870 0.223076 0.134059
v -0.349682 0.217966 0.102239
v -0.413946 0.251068 0.104478
v -0.441882 0.229586 0.112749
v -0.457826 0.211322 0.139630
v -0.455687 0.203252 0.174852
v -0.436282 0.208459 0.204963
v -0.407024 0.224954 0.218462
v -0.379087 0.246437 0.210191
v -0.363144 0.264701 0.183310
v -0.365283 0.272771 0.148088
v -0.384688 0.267563 0.117976
v -0.449155 0.299615 0.116571
v -0.476752 0.275887 0.124648
v -0.492165 0.255721 0.151954
v -0.489508 0.246819 0.188059
v -0.469794 0.252583 0.219172
v -0.440555 0.270809 0.233409
v -0.412957 0.294537 0.225332
v -0.397544 0.314704 0.198026
v -0.400201 0.323605 0.161921
v -0.419915 0.317842 0.130808
v -0.486605 0.345219 0.132882
v -0.512197 0.320567 0.140265
v -0.526112 0.299624 0.166437
v -0.523033 0.290389 0.201401
v -0.504138 0.296390 0.231801
v -0.476643 0.315334 0.246026
v -0.451051 0.339986 0.238642
v -0.437137 0.360929 0.212470
v -0.440215 0.370164 0.177506
v -0.459110 0.364163 0.147106
v -0.525858 0.386728 0.156007
v -0.546859 0.363989 0.161958
v -0.557895 0.344680 0.184294
v -0.554751 0.336175 0.214482
v -0.538627 0.341724 0.240992
v -0.515683 0.359206 0.253697
v -0.494681 0.381945 0.247746
v -0.483645 0.401254 0.225410
v -0.486789 0.409759 0.195222
v -0.502913 0.404211 0.168713
v -0.567272 0.425363 0.179973
v -0.583954 0.404962 0.184594
v -0.592344 0.387646 0.203184
v -0.589238 0.380029 0.228643
v -0.575820 0.385019 0.251246
v -0.557218 0.400712 0.262360
v -0.540536 0.421113 0.257740
v -0.532146 0.438429 0.239150
v -0.535253 0.446047 0.213691
v -0.548670 0.441056 0.191087
v -0.611462 0.462475 0.199684
v -0.626057 0.442178 0.203608
v -0.632982 0.424959 0.220809
v -0.629592 0.417394 0.244718
v -0.617182 0.422373 0.266202
v -0.600492 0.437994 0.277055
v -0.585897 0.458291 0.273131
v -0.578972 0.475510 0.255930
v -0.582362 0.483075 0.232021
v -0.594772 0.478096 0.210537
v -0.658188 0.497180 0.217752
v -0.671594 0.475777 0.221215
v -0.677465 0.457629 0.238126
v -0.673558 0.449667 0.262025
v -0.661366 0.454933 0.283783
v -0.645545 0.471415 0.295090
v -0.632139 0.492818 0.291626
v -0.626268 0.510966 0.274715
v -0.630175 0.518928 0.250817
v -0.642367 0.513662 0.229059
v -0.706460 0.527418 0.239613
v -0.717625 0.506686 0.242342
v -0.721976 0.489117 0.257649
v -0.717850 0.481421 0.279686
v -0.706824 0.486538 0.300037
v -0.693110 0.502513 0.310928
v -0.681945 0.523244 0.308198
v -0.677594 0.540814 0.292892
v -0.681720 0.548510 0.270854
v -0.692746 0.543393 0.250503
v -0.755820 0.552663 0.265531
v -0.763925 0.534832 0.267357
v -0.766549 0.519730 0.279687
v -0.762688 0.513125 0.297811
v -0.753818 0.517541 0.314805
v -0.743326 0.531290 0.324179
v -0.735221 0.549121 0.322353
v -0.732597 0.564223 0.310023
v -0.736458 0.570828 0.291899
v -0.745328 0.566412 0.274905
v -0.806821 0.574157 0.291101
v -0.812496 0.558965 0.292224
v -0.813795 0.546106 0.302085
v -0.810221 0.540492 0.316917
v -0.803140 0.544267 0.331055
v -0.795256 0.555990 0.339098
v -0.789581 0.571182 0.337975
v -0.788282 0.584041 0.328114
v -0.791856 0.589655 0.313282
v -0.798937 0.585879 0.299145
v -0.859880 0.592557 0.314058
v -0.864105 0.578220 0.314715
v -0.864452 0.566094 0.323469
v -0.860791 0.560809 0.336978
v -0.854519 0.564385 0.350081
v -0.848031 0.575456 0.357773
v -0.843807 0.589792 0.357116
v -0.843459 0.601919 0.348362
v -0.847121 0.607203 0.334853
v -0.853393 0.603627 0.321750
v -0.914264 0.606759 0.336759
v -0.917264 0.592938 0.337004
v -0.916750 0.581255 0.344963
v -0.912918 0.576174 0.357597
v -0.907233 0.579635 0.370078
v -0.901866 0.590317 0.377641
v -0.898866 0.604138 0.377396
v -0.899380 0.615821 0.369437
v -0.903211 0.620902 0.356803
v -0.908897 0.617441 0.344322
v -0.968832 0.615466 0.361771
v -0.970486 0.603634 0.361646
v -0.969308 0.593641 0.368087
v -0.965747 0.589303 0.378635
v -0.961164 0.592279 0.389260
v -0.957309 0.601430 0.395904
v -0.955655 0.613262 0.396029
v -0.956833 0.623255 0.389587
v -0.960394 0.627592 0.379039
v -0.964977 0.624617 0.368414
v -1.023321 0.618767 0.388183
v -1.023871 0.609924 0.387834
v -1.022423 0.602461 0.392399
v -1.019531 0.599229 0.400133
v -1.016300 0.601463 0.408083
v -1.013964 0.608309 0.413211
v -1.013414 0.617152 0.413560
v -1.014862 0.624615 0.408995
v -1.017754 0.627847 0.401261
v -1.020985 0.625613 0.393312
v -1.078122 0.617432 0.413643
v -1.078012 0.610995 0.413197
v -1.076529 0.605568 0.416357
v -1.074238 0.603223 0.421915
v -1.072016 0.604856 0.427749
v -1.070710 0.609843 0.431630
v -1.070820 0.616280 0.432076
v -1.072303 0.621707 0.428916
v -1.074593 0.624052 0.423357
v -1.076816 0.622419 0.417524
v -1.132897 0.611457 0.437769
v -1.132621 0.606622 0.437359
v -1.131341 0.602547 0.439676
v -1.129546 0.600787 0.443835
v -1.127921 0.602015 0.448247
v -1.127088 0.605762 0.451227
v -1.127364 0.610596 0.451637
v -1.128644 0.614671 0.449321
v -1.130439 0.616431 0.445162
v -1.132064 0.615203 0.440750
v 0.000000 -0.187152 0.000000
v 0.208721 -0.093099 0.151643
v -0.087388 -0.100127 0.268956
v -0.264262 -0.094875 0.000000
v -0.088415 -0.101069 -0.272118
v 0.210558 -0.093742 -0.152978
v 0.077631 0.051181 0.238927
v -0.230958 0.060887 0.167798
v -0.223944 0.058430 -0.162703
v 0.081930 0.055123 -0.252160
v 0.275416 0.058035 0.000000
v 0.000000 0.159870 0.000000
v -0.080846 -0.117808 0.248822
v -0.065892 -0.125450 0.202798
v -0.059505 -0.147763 0.183142
v -0.044081 -0.150796 0.135669
v -0.034157 -0.168037 0.105125
v -0.022353 -0.177987 0.068797
v -0.010317 -0.177529 0.031753
v 0.028675 -0.187236 0.020833
v 0.064448 -0.193983 0.046824
v 0.098410 -0.182910 0.071498
v 0.139295 -0.177869 0.101203
v 0.165747 -0.155929 0.120421
v 0.198752 -0.141490 0.144400
v 0.197462 -0.111247 0.143463
v 0.173118 -0.093291 0.163787
v 0.156261 -0.103614 0.200257
v 0.130586 -0.114931 0.242575
v 0.082118 -0.113067 0.252728
v 0.037384 -0.116075 0.276294
v -0.008924 -0.105697 0.260184
v -0.051531 -0.106264 0.275729
v 0.229811 -0.100485 -0.125224
v 0.235945 -0.102634 -0.085711
v 0.251425 -0.108055 -0.045667
v 0.265000 -0.112809 0.000000
v 0.248199 -0.106925 0.045081
v 0.251003 -0.107907 0.091181
v 0.216677 -0.095885 0.118067
v 0.030664 -0.198837 -0.022279
v 0.064054 -0.192920 -0.046538
v 0.098606 -0.183235 -0.071640
v 0.131265 -0.168769 -0.095369
v 0.157487 -0.149154 -0.114420
v 0.176627 -0.127966 -0.128325
v 0.215161 -0.119426 -0.156322
v -0.254527 -0.115153 0.000000
v -0.245658 -0.141483 0.000000
v -0.175906 -0.136708 0.000000
v -0.150703 -0.158178 0.000000
v -0.102382 -0.157116 0.000000
v -0.061939 -0.155274 0.000000
v -0.032283 -0.172320 0.000000
v -0.117443 -0.104161 0.247184
v -0.159659 -0.113900 0.236390
v -0.186817 -0.113168 0.195456
v -0.217608 -0.114203 0.158101
v -0.243341 -0.113061 0.117139
v -0.269429 -0.112280 0.077437
v -0.278932 -0.106503 0.036295
v -0.087240 -0.125544 -0.268501
v -0.073252 -0.137228 -0.225450
v -0.060866 -0.150685 -0.187330
v -0.050941 -0.171153 -0.156784
v -0.036789 -0.179446 -0.113227
v -0.023088 -0.183182 -0.071060
v -0.011047 -0.188677 -0.034000
v -0.248126 -0.096949 -0.032286
v -0.222248 -0.096120 -0.063877
v -0.204284 -0.098125 -0.098338
v -0.191916 -0.103080 -0.139435
v -0.175470 -0.107510 -0.183585
v -0.137568 -0.100908 -0.203682
v -0.114128 -0.101785 -0.240207
v -0.052709 -0.108235 -0.282030
v -0.009074 -0.107143 -0.264573
v 0.033611 -0.106379 -0.248409
v 0.066212 -0.095040 -0.203776
v 0.110337 -0.100211 -0.204961
v 0.156382 -0.103679 -0.200413
v 0.175880 -0.094460 -0.166399
v 0.289374 0.042996 0.021781
v 0.312371 0.026472 0.048202
v 0.294120 0.002441 0.069830
v 0.286752 -0.020000 0.093170
v 0.269840 -0.041705 0.112565
v 0.240033 -0.059690 0.123505
v 0.222589 -0.076791 0.137448
v 0.232712 -0.079374 -0.143699
v 0.253931 -0.061988 -0.130656
v 0.275035 -0.042122 -0.114732
v 0.285871 -0.020000 -0.092884
v 0.302193 0.003057 -0.071747
v 0.302581 0.025015 -0.046692
v 0.291741 0.043511 -0.021959
v 0.062470 0.037280 0.256355
v 0.048286 0.024274 0.297224
v 0.026054 0.003889 0.320744
v -0.000000 -0.020000 0.309013
v -0.022603 -0.040725 0.278261
v -0.043174 -0.059587 0.265755
v -0.067681 -0.082057 0.277737
v 0.196615 -0.075968 0.166767
v 0.175934 -0.056438 0.174541
v 0.181844 -0.040725 0.211831
v 0.182065 -0.020000 0.250590
v 0.147851 0.001093 0.242638
v 0.133769 0.023664 0.265138
v 0.100942 0.037738 0.246069
v -0.227166 0.037959 0.140274
v -0.229494 0.017948 0.118082
v -0.283345 0.002791 0.118198
v -0.302972 -0.020000 0.098440
v -0.288090 -0.041981 0.068398
v -0.273259 -0.060653 0.042167
v -0.268924 -0.078544 0.020242
v -0.097362 -0.075691 0.237342
v -0.125783 -0.061057 0.249308
v -0.154035 -0.041975 0.252786
v -0.167853 -0.020000 0.231029
v -0.203105 0.003148 0.236598
v -0.201984 0.021834 0.200384
v -0.225639 0.044230 0.191385
v -0.214994 0.041200 -0.182356
v -0.217631 0.025074 -0.215907
v -0.216936 0.004724 -0.252710
v -0.184914 -0.020000 -0.254512
v -0.142718 -0.040361 -0.234214
v -0.128225 -0.061855 -0.254149
v -0.113765 -0.085073 -0.277327
v -0.249641 -0.074346 -0.018790
v -0.238493 -0.055481 -0.036802
v -0.245442 -0.038727 -0.058273
v -0.282862 -0.020000 -0.091906
v -0.286688 0.003060 -0.119593
v -0.272671 0.025087 -0.140298
v -0.223388 0.036995 -0.137941
v 0.097202 0.035599 -0.236952
v 0.122538 0.019998 -0.242878
v 0.175241 0.005001 -0.287588
v 0.168145 -0.020000 -0.231431
v 0.175644 -0.040018 -0.204608
v 0.160546 -0.053251 -0.159275
v 0.188889 -0.073769 -0.160214
v -0.074159 -0.087998 -0.304324
v -0.056782 -0.072064 -0.349520
v -0.023868 -0.041885 -0.293834
v 0.000000 -0.020000 -0.281904
v 0.024595 0.002552 -0.302789
v 0.047922 0.023940 -0.294982
v 0.061670 0.036546 -0.253072
v 0.283285 0.067853 0.036861
v 0.299822 0.082689 0.086172
v 0.257301 0.078400 0.123859
v 0.214930 0.073043 0.156155
v 0.176745 0.068145 0.184919
v 0.119754 0.050431 0.177308
v 0.094466 0.047695 0.198824
v 0.047709 0.059864 0.255274
v 0.008409 0.060760 0.245193
v -0.032880 0.064500 0.243007
v -0.066109 0.054923 0.203458
v -0.116007 0.064332 0.215492
v -0.146133 0.058195 0.187278
v -0.195513 0.062772 0.184975
v -0.216034 0.055660 0.117717
v -0.255773 0.069578 0.092914
v -0.285839 0.080108 0.051918
v -0.268290 0.073962 -0.000000
v -0.247959 0.066841 -0.045038
v -0.236215 0.062728 -0.085809
v -0.228436 0.060004 -0.124475
v -0.202423 0.065697 -0.191512
v -0.172141 0.072111 -0.220609
v -0.133835 0.077292 -0.248609
v -0.082461 0.073455 -0.253783
v -0.037041 0.075193 -0.273758
v 0.009577 0.071971 -0.279231
v 0.050630 0.064754 -0.270905
v 0.120835 0.066591 -0.254322
v 0.140394 0.062570 -0.207866
v 0.190233 0.074872 -0.199031
v 0.220566 0.075483 -0.160250
v 0.236365 0.070393 -0.113781
v 0.266256 0.071193 -0.076525
v 0.279674 0.066733 -0.036391
v 0.012767 0.174936 0.039293
v 0.028030 0.178107 0.086268
v 0.038951 0.148815 0.119881
v 0.047457 0.120815 0.146061
v 0.061086 0.111157 0.188008
v 0.058537 0.073679 0.180160
v 0.066937 0.060982 0.206015
v 0.226222 0.064572 0.000000
v 0.237381 0.097389 0.000000
v 0.200613 0.113100 0.000000
v 0.150264 0.117776 0.000000
v 0.129148 0.152963 0.000000
v 0.077171 0.148541 0.000000
v 0.035111 0.145659 0.000000
v -0.032590 0.170068 0.023678
v -0.065603 0.157100 0.047663
v -0.104862 0.153592 0.076186
v -0.128998 0.126200 0.093722
v -0.164236 0.114689 0.119323
v -0.215056 0.111456 0.156246
v -0.222391 0.082766 0.161575
v -0.030041 0.155203 -0.021826
v -0.063279 0.150827 -0.045974
v -0.100987 0.147176 -0.073370
v -0.138144 0.136565 -0.100366
v -0.163128 0.113780 -0.118518
v -0.178725 0.089248 -0.129850
v -0.209523 0.076820 -0.152225
v 0.011191 0.150872 -0.034443
v 0.021724 0.133538 -0.066860
v 0.034380 0.129006 -0.105814
v 0.045874 0.116117 -0.141188
v 0.057986 0.104501 -0.178466
v 0.073228 0.097189 -0.225376
v 0.081945 0.079138 -0.252204
v 0.043358 0.124680 -0.031501
v 0.097027 0.148831 -0.039964
v 0.058605 0.125525 -0.068895
v 0.136771 0.131591 -0.039310
v 0.113415 0.138882 -0.082401
v 0.075657 0.123993 -0.112018
v 0.167001 0.108568 -0.036859
v 0.147696 0.115422 -0.077648
v 0.113121 0.108205 -0.110265
v 0.090203 0.113824 -0.153464
v 0.195704 0.089376 -0.035058
v 0.169376 0.088826 -0.069764
v 0.161324 0.101890 -0.117209
v 0.127342 0.096760 -0.149700
v 0.099460 0.095954 -0.185834
v 0.249581 0.083523 -0.037623
v 0.209884 0.077765 -0.071061
v 0.202170 0.087379 -0.117073
v 0.173919 0.087442 -0.156189
v 0.150667 0.091220 -0.202101
v 0.106417 0.077574 -0.212766
v -0.019259 0.148243 -0.059271
v -0.007858 0.145305 -0.102442
v -0.053411 0.143937 -0.086771
v 0.004077 0.106711 -0.118881
v -0.035382 0.109766 -0.108893
v -0.095544 0.145443 -0.122445
v 0.014889 0.095664 -0.153132
v -0.028986 0.119155 -0.168994
v -0.074698 0.116980 -0.151353
v -0.139014 0.137551 -0.156829
v 0.027586 0.091206 -0.200254
v -0.015992 0.104216 -0.208472
v -0.060968 0.100598 -0.187636
v -0.104794 0.098767 -0.170246
v -0.155443 0.103451 -0.161845
v 0.044809 0.092207 -0.269875
v -0.003379 0.101175 -0.274623
v -0.050188 0.090274 -0.234610
v -0.095364 0.088079 -0.214938
v -0.131374 0.080317 -0.185576
v -0.172107 0.079094 -0.169556
v -0.065299 0.156279 0.000000
v -0.102614 0.149870 -0.024851
v -0.102338 0.149413 0.024784
v -0.128937 0.126131 -0.046839
v -0.134959 0.132955 0.000000
v -0.134291 0.132198 0.048783
v -0.187341 0.133638 -0.081666
v -0.170231 0.119606 -0.024736
v -0.148373 0.101680 0.021560
v -0.159285 0.110629 0.069436
v -0.205506 0.105618 -0.099538
v -0.237114 0.124939 -0.057424
v -0.210106 0.108430 0.000000
v -0.227035 0.118778 0.054983
v -0.220481 0.114772 0.106791
v -0.232748 0.087552 -0.120785
v -0.250700 0.095848 -0.078061
v -0.252636 0.096743 -0.026221
v -0.237966 0.089963 0.024699
v -0.258765 0.099575 0.080572
v -0.248436 0.094802 0.128927
v -0.021868 0.171033 0.067300
v -0.059059 0.161271 0.095946
v -0.009508 0.180017 0.123953
v -0.097000 0.147964 0.124311
v -0.045388 0.146462 0.139687
v 0.005055 0.137090 0.147382
v -0.125508 0.122244 0.141592
v -0.082147 0.130639 0.166445
v -0.030259 0.125268 0.176418
v 0.018317 0.122293 0.188387
v -0.152475 0.101094 0.158755
v -0.113621 0.108771 0.184585
v -0.063292 0.105196 0.194789
v -0.016678 0.109548 0.217422
v 0.027837 0.092218 0.202076
v -0.184814 0.086410 0.182075
v -0.129562 0.078934 0.183016
v -0.083284 0.074389 0.187712
v -0.042883 0.074225 0.200465
v -0.002612 0.073675 0.212299
v 0.034927 0.067462 0.210359
v 0.054332 0.161298 0.039474
v 0.067377 0.147308 0.079207
v 0.101370 0.156389 0.041753
v 0.075710 0.124093 0.112096
v 0.112380 0.137432 0.081649
v 0.146481 0.142353 0.042100
v 0.093296 0.118413 0.158726
v 0.112750 0.107786 0.109905
v 0.130679 0.099818 0.068702
v 0.170200 0.111030 0.037565
v 0.090912 0.085989 0.169863
v 0.131764 0.100815 0.154899
v 0.166157 0.105543 0.120720
v 0.184192 0.098345 0.075867
v 0.224349 0.105385 0.040190
v 0.092083 0.064431 0.184107
v 0.130859 0.076598 0.175532
v 0.165586 0.082294 0.148706
v 0.210535 0.091822 0.121917
v 0.233413 0.088725 0.079027
v 0.235345 0.077618 0.035477
v 0.272824 0.045159 -0.058981
v 0.304235 0.029776 -0.093400
v 0.257535 0.048120 -0.099771
v 0.260770 0.001937 -0.105080
v 0.301686 0.034829 -0.148890
v 0.250253 0.054168 -0.150121
v 0.238411 -0.020000 -0.120284
v 0.259447 0.004321 -0.157315
v 0.232215 0.027462 -0.168713
v 0.208503 0.050258 -0.181512
v 0.239252 -0.041337 -0.146468
v 0.242704 -0.020000 -0.176334
v 0.232036 0.004558 -0.200069
v 0.187675 0.023819 -0.192534
v 0.161603 0.043097 -0.198308
v 0.219706 -0.060402 -0.159624
v 0.213683 -0.041382 -0.182663
v 0.230225 -0.020000 -0.232061
v 0.204973 0.004909 -0.244729
v 0.160977 0.023824 -0.229331
v 0.138157 0.044118 -0.237388
v 0.028249 0.045246 -0.278064
v 0.004758 0.025689 -0.292074
v -0.017071 0.055975 -0.307556
v -0.020540 0.003279 -0.297626
v -0.045108 0.031122 -0.310425
v -0.067715 0.056743 -0.294266
v -0.049981 -0.020000 -0.323894
v -0.068071 0.003840 -0.289521
v -0.099683 0.033340 -0.306791
v -0.115816 0.055204 -0.272296
v -0.076260 -0.044892 -0.318259
v -0.096562 -0.020000 -0.297187
v -0.118083 0.004456 -0.281330
v -0.162858 0.037037 -0.309773
v -0.167458 0.056198 -0.259610
v -0.101941 -0.069079 -0.313746
v -0.116186 -0.043069 -0.280153
v -0.144051 -0.020000 -0.279961
v -0.179818 0.006439 -0.287185
v -0.194775 0.030699 -0.259100
v -0.188633 0.046064 -0.210965
v -0.236573 0.040359 -0.104345
v -0.264053 0.023662 -0.090576
v -0.235560 0.040100 -0.062339
v -0.282018 0.002684 -0.070587
v -0.277206 0.025837 -0.047544
v -0.263685 0.047276 -0.023261
v -0.274267 -0.020000 -0.044557
v -0.289835 0.003313 -0.024181
v -0.262074 0.023335 0.000000
v -0.249352 0.043619 0.021996
v -0.255073 -0.039462 -0.020186
v -0.273168 -0.020000 0.000000
v -0.302984 0.004371 0.025278
v -0.288164 0.027649 0.049423
v -0.262368 0.046940 0.069433
v -0.241029 -0.055858 0.000000
v -0.282809 -0.041578 0.022382
v -0.288056 -0.020000 0.046797
v -0.312439 0.005131 0.078201
v -0.260830 0.023129 0.089471
v -0.243496 0.042125 0.107398
v -0.188653 0.046071 0.210987
v -0.166373 0.023306 0.221318
v -0.144081 0.045561 0.223369
v -0.161629 0.003765 0.258136
v -0.140534 0.029218 0.267310
v -0.102251 0.046396 0.240403
v -0.125072 -0.020000 0.243075
v -0.122836 0.005441 0.292653
v -0.090309 0.028323 0.277939
v -0.058292 0.046064 0.253318
v -0.103650 -0.040580 0.249926
v -0.086705 -0.020000 0.266849
v -0.071442 0.005021 0.303860
v -0.040746 0.026179 0.280406
v -0.014394 0.044060 0.259321
v -0.080677 -0.058841 0.248301
v -0.061821 -0.040179 0.258002
v -0.045641 -0.020000 0.295767
v -0.020788 0.003560 0.301223
v 0.004364 0.021914 0.267944
v 0.028038 0.044760 0.275993
v 0.129896 0.040284 0.223194
v 0.158834 0.023240 0.226279
v 0.152963 0.039723 0.187707
v 0.191852 0.003314 0.229063
v 0.213282 0.029798 0.218805
v 0.212897 0.051739 0.185338
v 0.219253 -0.020000 0.221002
v 0.230949 0.004443 0.199133
v 0.237253 0.028491 0.172373
v 0.249482 0.053940 0.149659
v 0.205736 -0.040587 0.175870
v 0.247317 -0.020000 0.179686
v 0.273405 0.005629 0.165779
v 0.283543 0.031531 0.139936
v 0.299694 0.059272 0.116104
v 0.213558 -0.059272 0.155158
v 0.228388 -0.040368 0.139818
v 0.265268 -0.020000 0.133835
v 0.267011 0.002462 0.107596
v 0.304484 0.029817 0.093477
v 0.283270 0.047654 0.061239
v 0.093198 0.024869 -0.286836
v 0.115003 0.002834 -0.277300
v 0.071608 0.003374 -0.298845
v 0.158294 -0.020000 -0.307641
v 0.102479 -0.020000 -0.315398
v 0.051137 -0.020000 -0.331381
v 0.156253 -0.042974 -0.249549
v 0.121686 -0.045203 -0.289914
v 0.072544 -0.045407 -0.308548
v 0.021605 -0.044485 -0.313053
v 0.151079 -0.059325 -0.200974
v 0.135636 -0.067503 -0.257992
v 0.096927 -0.071865 -0.298309
v 0.043618 -0.069434 -0.300173
v -0.004913 -0.067181 -0.301614
v 0.170038 -0.079551 -0.190169
v 0.143604 -0.085344 -0.222629
v 0.093812 -0.080917 -0.220563
v 0.060913 -0.089035 -0.264708
v 0.016170 -0.091965 -0.291324
v -0.031600 -0.092986 -0.311053
v -0.239331 0.024011 -0.173883
v -0.242060 0.004222 -0.206921
v -0.271734 0.004234 -0.166354
v -0.207418 -0.020000 -0.209072
v -0.250424 -0.020000 -0.181943
v -0.265416 -0.020000 -0.133909
v -0.172245 -0.040932 -0.205654
v -0.209345 -0.042157 -0.180506
v -0.242216 -0.042706 -0.146868
v -0.278581 -0.043436 -0.112258
v -0.159289 -0.063364 -0.226926
v -0.153716 -0.055890 -0.157696
v -0.178856 -0.056556 -0.129946
v -0.221610 -0.060275 -0.109371
v -0.238772 -0.059066 -0.073303
v -0.137144 -0.083648 -0.235649
v -0.158557 -0.081908 -0.194572
v -0.181544 -0.081174 -0.158044
v -0.195239 -0.077864 -0.117120
v -0.225350 -0.079607 -0.087302
v -0.249360 -0.079555 -0.053909
v -0.227051 0.021753 0.164960
v -0.240796 0.001475 0.147414
v -0.228721 0.002887 0.195518
v -0.281293 -0.020000 0.141920
v -0.245724 -0.020000 0.178528
v -0.217565 -0.020000 0.219301
v -0.286056 -0.044065 0.115270
v -0.264805 -0.044823 0.160565
v -0.219374 -0.043218 0.189153
v -0.185133 -0.042498 0.221041
v -0.284156 -0.066491 0.087236
v -0.271494 -0.069342 0.133990
v -0.216680 -0.064287 0.157427
v -0.199526 -0.066586 0.204693
v -0.169940 -0.066264 0.242101
v -0.270142 -0.084519 0.058401
v -0.269529 -0.091293 0.104418
v -0.249830 -0.094043 0.149868
v -0.211654 -0.091320 0.184256
v -0.181167 -0.090736 0.222317
v -0.143732 -0.086705 0.246967
v 0.084605 0.020733 0.260391
v 0.074901 0.004449 0.312589
v 0.116080 0.003048 0.279897
v 0.051136 -0.020000 0.331377
v 0.096915 -0.020000 0.298275
v 0.137284 -0.020000 0.266808
v 0.021832 -0.044743 0.316354
v 0.078744 -0.047578 0.334916
v 0.116973 -0.044227 0.278685
v 0.156711 -0.043042 0.250282
v -0.004934 -0.067384 0.302915
v 0.046880 -0.073131 0.322620
v 0.095056 -0.070864 0.292549
v 0.124468 -0.063592 0.236750
v 0.156868 -0.060832 0.208674
v -0.028385 -0.085561 0.279408
v 0.015596 -0.089407 0.280968
v 0.064034 -0.092572 0.278271
v 0.113056 -0.093413 0.265808
v 0.143955 -0.085504 0.223174
v 0.153620 -0.073801 0.171807
v 0.304335 0.025276 0.000000
v 0.328085 0.005032 0.025965
v 0.322304 0.004591 -0.025507
v 0.298249 -0.020000 0.048453
v 0.321378 -0.020000 0.000000
v 0.306643 -0.020000 -0.049816
v 0.285790 -0.042988 0.071531
v 0.330127 -0.046554 0.027543
v 0.305991 -0.044612 -0.025529
v 0.278754 -0.042422 -0.069770
v 0.259411 -0.062894 0.088984
v 0.263982 -0.063650 0.045276
v 0.280154 -0.066324 0.000000
v 0.287287 -0.067504 -0.049273
v 0.272606 -0.065076 -0.093510
v 0.246949 -0.083006 0.108921
v 0.267291 -0.088196 0.070736
v 0.286881 -0.093194 0.025307
v 0.298139 -0.096067 -0.026300
v 0.272932 -0.089635 -0.072229
v 0.259255 -0.086146 -0.114349
v 0.158038 -0.110993 -0.155695
v 0.159962 -0.147040 -0.166550
v 0.128385 -0.118035 -0.181354
v 0.116951 -0.152545 -0.131939
v 0.098539 -0.131678 -0.160085
v 0.076343 -0.106523 -0.172069
v 0.088562 -0.173354 -0.113498
v 0.072652 -0.153228 -0.147208
v 0.059610 -0.137914 -0.183459
v 0.045662 -0.120329 -0.213453
v 0.052786 -0.182016 -0.085755
v 0.041341 -0.171620 -0.127233
v 0.028883 -0.158664 -0.168399
v 0.014740 -0.134496 -0.192161
v 0.002708 -0.117098 -0.220057
v 0.020597 -0.199931 -0.063389
v 0.008123 -0.190884 -0.105900
v -0.005207 -0.181803 -0.151806
v -0.017339 -0.154694 -0.178328
v -0.025802 -0.124014 -0.187302
v -0.039587 -0.119129 -0.238423
v -0.112826 -0.123451 -0.225580
v -0.113549 -0.152380 -0.212158
v -0.151023 -0.131483 -0.202579
v -0.097175 -0.164166 -0.165324
v -0.147945 -0.155650 -0.173919
v -0.184148 -0.133761 -0.165375
v -0.086923 -0.185434 -0.128698
v -0.126337 -0.163183 -0.123147
v -0.164641 -0.144397 -0.119618
v -0.193921 -0.122997 -0.112296
v -0.065612 -0.182924 -0.077131
v -0.116649 -0.183413 -0.084750
v -0.148997 -0.156614 -0.078332
v -0.196640 -0.146343 -0.080993
v -0.230480 -0.127358 -0.078033
v -0.049104 -0.183854 -0.035676
v -0.086385 -0.170314 -0.035581
v -0.129312 -0.163323 -0.037166
v -0.174415 -0.154275 -0.038495
v -0.212007 -0.138487 -0.037979
v -0.229412 -0.115157 -0.034583
v -0.263396 -0.129253 0.039705
v -0.218023 -0.141849 0.039056
v -0.252646 -0.137684 0.085539
v -0.177801 -0.156882 0.039243
v -0.210038 -0.154951 0.086512
v -0.222498 -0.138176 0.128844
v -0.131799 -0.166080 0.037881
v -0.155743 -0.162799 0.081879
v -0.157700 -0.139152 0.114575
v -0.165971 -0.122532 0.149051
v -0.082732 -0.163957 0.034076
v -0.103367 -0.164806 0.075101
v -0.114871 -0.150188 0.111971
v -0.133896 -0.142769 0.157405
v -0.142180 -0.124955 0.190717
v -0.045249 -0.170991 0.032876
v -0.060599 -0.170477 0.071239
v -0.068936 -0.151200 0.102066
v -0.088687 -0.151573 0.150884
v -0.110250 -0.148534 0.205995
v -0.118850 -0.128974 0.237625
v 0.217635 -0.120569 -0.112942
v 0.223751 -0.123395 -0.069670
v 0.185513 -0.133398 -0.089854
v 0.222231 -0.122692 -0.023065
v 0.169990 -0.123909 -0.041168
v 0.160671 -0.151766 -0.070040
v 0.228447 -0.125565 0.023711
v 0.185580 -0.133438 0.000000
v 0.161994 -0.152851 -0.023539
v 0.122876 -0.159261 -0.044637
v 0.227604 -0.125175 0.070869
v 0.196610 -0.140180 0.047615
v 0.166643 -0.156663 0.024215
v 0.124654 -0.161276 0.000000
v 0.095340 -0.177828 -0.023089
v 0.211838 -0.117890 0.109934
v 0.203727 -0.144530 0.098676
v 0.167353 -0.157245 0.072953
v 0.137330 -0.175641 0.049888
v 0.089127 -0.167543 0.021585
v 0.059445 -0.180475 0.000000
v -0.042688 -0.126895 0.257100
v -0.026640 -0.127394 0.193389
v 0.002752 -0.118661 0.223599
v -0.017943 -0.159390 0.184545
v 0.015514 -0.140505 0.202245
v 0.047736 -0.124886 0.223147
v -0.004780 -0.168567 0.139386
v 0.031232 -0.169938 0.182091
v 0.066019 -0.150589 0.203181
v 0.096365 -0.129214 0.217194
v 0.007161 -0.170625 0.093344
v 0.045989 -0.188666 0.141537
v 0.085965 -0.177639 0.174180
v 0.110209 -0.144904 0.179043
v 0.145887 -0.131399 0.206076
v 0.018709 -0.183436 0.057578
v 0.056986 -0.194906 0.092578
v 0.098066 -0.189808 0.125676
v 0.127563 -0.164571 0.143910
v 0.155322 -0.143354 0.161719
v 0.178917 -0.123014 0.176265
vn -0.1233 -0.4842 -0.8663
vn -0.5651 -0.4253 -0.7069
vn -0.8382 -0.4412 -0.3206
vn -0.8382 -0.5257 0.1452
vn -0.5651 -0.6465 0.5125
vn -0.1232 -0.7576 0.6410
vn 0.3186 -0.8164 0.4817
vn 0.5917 -0.8005 0.0954
vn 0.5917 -0.7160 -0.3704
vn 0.3186 -0.5952 -0.7377
vn 0.0133 0.2492 -0.9684
vn -0.5606 0.3286 -0.7601
vn -0.9160 0.3072 -0.2579
vn -0.9178 0.1930 0.3471
vn -0.5645 0.0291 0.8249
vn 0.0100 -0.1218 0.9925
vn 0.5862 -0.2021 0.7846
vn 0.9429 -0.1805 0.2801
vn 0.9429 -0.0653 -0.3266
vn 0.5874 0.0988 -0.8032
vn 0.0386 0.3512 -0.9355
vn -0.5279 0.4371 -0.7282
vn -0.8804 0.4140 -0.2314
vn -0.8843 0.2908 0.3654
vn -0.5378 0.1142 0.8353
vn 0.0277 -0.0483 0.9985
vn 0.5961 -0.1345 0.7915
vn 0.9497 -0.1113 0.2926
vn 0.9521 0.0124 -0.3055
vn 0.6038 0.1891 -0.7744
vn 0.0410 0.3493 -0.9361
vn -0.5247 0.4442 -0.7262
vn -0.8788 0.4187 -0.2288
vn -0.8863 0.2826 0.3669
vn -0.5436 0.0876 0.8348
vn 0.0199 -0.0920 0.9956
vn 0.5889 -0.1873 0.7862
vn 0.9446 -0.1616 0.2857
vn 0.9497 -0.0251 -0.3121
vn 0.6041 0.1702 -0.7785
vn 0.0205 0.2677 -0.9633
vn -0.5473 0.3733 -0.7491
vn -0.9051 0.3450 -0.2485
vn -0.9170 0.1935 0.3488
vn -0.5773 -0.0240 0.8162
vn -0.0137 -0.2246 0.9744
vn 0.5582 -0.3312 0.7607
vn 0.9180 -0.3025 0.2564
vn 0.9270 -0.1499 -0.3437
vn 0.5835 0.0681 -0.8093
vn 0.0163 0.2518 -0.9677
vn -0.5489 0.3671 -0.7509
vn -0.9076 0.3364 -0.2511
vn -0.9237 0.1712 0.3427
vn -0.5898 -0.0662 0.8048
vn -0.0318 -0.2853 0.9579
vn 0.5371 -0.4019 0.7416
vn 0.8976 -0.3709 0.2384
vn 0.9112 -0.2040 -0.3579
vn 0.5739 0.0339 -0.8182
vn 0.0465 0.3404 -0.9391
vn -0.5152 0.4644 -0.7204
vn -0.8745 0.4314 -0.2218
vn -0.8947 0.2538 0.3675
vn -0.5673 -0.0013 0.8235
vn -0.0157 -0.2368 0.9714
vn 0.5493 -0.3624 0.7530
vn 0.9103 -0.3289 0.2512
vn 0.9284 -0.1496 -0.3402
vn 0.5978 0.1061 -0.7946
vn 0.0794 0.4222 -0.9030
vn -0.4753 0.5548 -0.6828
vn -0.8334 0.5197 -0.1883
vn -0.8584 0.3301 0.3926
vn -0.5402 0.0578 0.8396
vn 0.0015 -0.1935 0.9811
vn 0.5595 -0.3274 0.7614
vn 0.9195 -0.2918 0.2635
vn 0.9421 -0.1007 -0.3197
vn 0.6207 0.1721 -0.7649
vn 0.0806 0.4169 -0.9054
vn -0.4717 0.5605 -0.6806
vn -0.8320 0.5227 -0.1859
vn -0.8637 0.3176 0.3914
vn -0.5534 0.0227 0.8326
vn -0.0177 -0.2498 0.9681
vn 0.5389 -0.3949 0.7441
vn 0.9016 -0.3565 0.2451
vn 0.9302 -0.1495 -0.3352
vn 0.6159 0.1461 -0.7742
vn 0.0628 0.3722 -0.9260
vn -0.4870 0.5276 -0.6960
vn -0.8502 0.4866 -0.2008
vn -0.8894 0.2648 0.3726
vn -0.5881 -0.0544 0.8069
vn -0.0593 -0.3496 0.9350
vn 0.4950 -0.5070 0.7056
vn 0.8608 -0.4655 0.2058
vn 0.8968 -0.2413 -0.3708
vn 0.5911 0.0789 -0.8027
vn 0.0702 0.3859 -0.9199
vn -0.4747 0.5521 -0.6854
vn -0.8394 0.5087 -0.1914
vn -0.8860 0.2718 0.3756
vn -0.5954 -0.0694 0.8005
vn -0.0764 -0.3851 0.9197
vn 0.4726 -0.5537 0.6856
vn 0.8398 -0.5096 0.1874
vn 0.8837 -0.2698 -0.3825
vn 0.5889 0.0725 -0.8049
vn 0.1112 0.4599 -0.8810
vn -0.4273 0.6361 -0.6425
vn -0.7931 0.5901 -0.1507
vn -0.8475 0.3393 0.4082
vn -0.5686 -0.0220 0.8223
vn -0.0610 -0.3564 0.9323
vn 0.4815 -0.5352 0.6941
vn 0.8498 -0.4884 0.1982
vn 0.9016 -0.2346 -0.3635
vn 0.6187 0.1277 -0.7752
vn 0.1462 0.5129 -0.8459
vn -0.3842 0.6991 -0.6030
vn -0.7505 0.6509 -0.1145
vn -0.8137 0.3862 0.4345
vn -0.5485 0.0048 0.8361
vn -0.0542 -0.3484 0.9358
vn 0.4805 -0.5372 0.6932
vn 0.8495 -0.4882 0.2002
vn 0.9098 -0.2205 -0.3516
vn 0.6404 0.1621 -0.7507
vn 0.1481 0.5099 -0.8474
vn -0.3768 0.7079 -0.5975
vn -0.7459 0.6569 -0.1096
vn -0.8199 0.3760 0.4318
vn -0.5689 -0.0293 0.8219
vn -0.0865 -0.4049 0.9103
vn 0.4432 -0.6059 0.6607
vn 0.8154 -0.5540 0.1678
vn 0.8862 -0.2695 -0.3768
vn 0.6304 0.1372 -0.7640
vn 0.1403 0.4956 -0.8572
vn -0.3780 0.7053 -0.5998
vn -0.7501 0.6515 -0.1131
vn -0.8357 0.3546 0.4195
vn -0.6005 -0.0743 0.7962
vn -0.1320 -0.4721 0.8716
vn 0.3911 -0.6853 0.6144
vn 0.7664 -0.6306 0.1226
vn 0.8489 -0.3295 -0.4132
vn 0.6088 0.1010 -0.7868
vn 0.1623 0.5214 -0.8377
vn -0.3479 0.7419 -0.5732
vn -0.7223 0.6859 -0.0885
vn -0.8197 0.3743 0.4336
vn -0.6016 -0.0761 0.7952
vn -0.1489 -0.4940 0.8566
vn 0.3657 -0.7181 0.5921
vn 0.7433 -0.6611 0.1025
vn 0.8381 -0.3449 -0.4226
vn 0.6153 0.1071 -0.7810
vn 0.2096 0.5716 -0.7933
vn -0.2909 0.8020 -0.5217
vn -0.6672 0.7438 -0.0401
vn -0.7771 0.4188 0.4698
vn -0.5775 -0.0510 0.8148
vn -0.1423 -0.4873 0.8615
vn 0.3625 -0.7216 0.5898
vn 0.7422 -0.6622 0.1033
vn 0.8495 -0.3325 -0.4096
vn 0.6451 0.1389 -0.7514
vn 0.2441 0.6012 -0.7609
vn -0.2459 0.8413 -0.4813
vn -0.6243 0.7812 -0.0027
vn -0.7480 0.4431 0.4942
vn -0.5687 -0.0462 0.8213
vn -0.1524 -0.5009 0.8520
vn 0.3423 -0.7453 0.5721
vn 0.7243 -0.6839 0.0882
vn 0.8453 -0.3408 -0.4115
vn 0.6610 0.1505 -0.7352
vn 0.2525 0.6043 -0.7557
vn -0.2278 0.8548 -0.4662
vn -0.6096 0.7926 0.0106
vn -0.7489 0.4407 0.4950
vn -0.5912 -0.0692 0.8035
vn -0.1943 -0.5434 0.8167
vn 0.2909 -0.7987 0.5267
vn 0.6765 -0.7351 0.0444
vn 0.8133 -0.3776 -0.4428
vn 0.6503 0.1345 -0.7477
vn 0.2620 0.6088 -0.7488
vn -0.2076 0.8691 -0.4490
vn -0.5928 0.8049 0.0254
vn -0.7484 0.4403 0.4960
vn -0.6140 -0.0885 0.7843
vn -0.2382 -0.5808 0.7784
vn 0.2359 -0.8461 0.4780
vn 0.6251 -0.7805 -0.0021
vn 0.7785 -0.4099 -0.4753
vn 0.6388 0.1212 -0.7597
vn 0.2968 0.6301 -0.7176
vn -0.1609 0.8989 -0.4075
vn -0.5491 0.8333 0.0640
vn -0.7216 0.4576 0.5195
vn -0.6117 -0.0878 0.7862
vn -0.2587 -0.5958 0.7603
vn 0.2032 -0.8700 0.4493
vn 0.5956 -0.8028 -0.0278
vn 0.7662 -0.4208 -0.4857
vn 0.6510 0.1270 -0.7484
vn 0.3431 0.6534 -0.6748
vn -0.1013 0.9297 -0.3541
vn -0.4923 0.8629 0.1140
vn -0.6825 0.4777 0.5532
vn -0.5985 -0.0820 0.7969
vn -0.2699 -0.6038 0.7500
vn 0.1788 -0.8859 0.4280
vn 0.5741 -0.8175 -0.0457
vn 0.7626 -0.4257 -0.4871
vn 0.6734 0.1366 -0.7265
vn 0.3768 0.6651 -0.6447
vn -0.0541 0.9485 -0.3122
vn -0.4483 0.8807 0.1527
vn -0.6575 0.4869 0.5750
vn -0.6011 -0.0860 0.7945
vn -0.2981 -0.6206 0.7253
vn 0.1370 -0.9100 0.3912
vn 0.5358 -0.8406 -0.0795
vn 0.7435 -0.4397 -0.5038
vn 0.6818 0.1359 -0.7188
vn 0.3989 0.6699 -0.6262
vn -0.0180 0.9596 -0.2808
vn -0.4161 0.8911 0.1812
vn -0.6454 0.4897 0.5861
vn -0.6181 -0.0948 0.7804
vn -0.3418 -0.6409 0.6874
vn 0.0792 -0.9370 0.3402
vn 0.4820 -0.8668 -0.1278
vn 0.7103 -0.4580 -0.5345
vn 0.6775 0.1295 -0.7240
vn 0.7655 0.6414 -0.0520
vn 0.4548 0.8644 0.2144
vn 0.1512 0.8117 0.5641
vn -0.0293 0.5035 0.8635
vn -0.0179 0.0575 0.9982
vn 0.1811 -0.3560 0.9168
vn 0.4918 -0.5790 0.6503
vn 0.7953 -0.5264 0.3007
vn 0.9759 -0.2182 0.0014
vn 0.9645 0.2279 -0.1334
vn -0.0227 -0.7954 -0.6057
vn -0.4728 -0.7476 -0.4664
vn -0.7510 -0.6535 -0.0949
vn -0.7510 -0.5489 0.3671
vn -0.4728 -0.4739 0.7429
vn -0.0227 -0.4570 0.8892
vn 0.4274 -0.5049 0.7499
vn 0.7056 -0.5991 0.3784
vn 0.7057 -0.7036 -0.0835
vn 0.4275 -0.7786 -0.4594
vn 0.0031 -0.1279 -0.9918
vn -0.5817 -0.0637 -0.8109
vn -0.9423 0.0625 -0.3289
vn -0.9414 0.2025 0.2696
vn -0.5801 0.3027 0.7562
vn 0.0039 0.3252 0.9456
vn 0.5877 0.2614 0.7657
vn 0.9489 0.1354 0.2849
vn 0.9495 -0.0046 -0.3138
vn 0.5884 -0.1053 -0.8017
vn 0.0084 -0.0035 -1.0000
vn -0.5610 0.0636 -0.8254
vn -0.9127 0.1960 -0.3587
vn -0.9124 0.3435 0.2224
vn -0.5600 0.4496 0.6958
vn 0.0109 0.4735 0.8807
vn 0.5808 0.4057 0.7057
vn 0.9321 0.2727 0.2384
vn 0.9311 0.1255 -0.3425
vn 0.5787 0.0201 -0.8153
vn 0.0065 -0.0663 -0.9978
vn -0.5678 0.0092 -0.8231
vn -0.9210 0.1583 -0.3559
vn -0.9189 0.3242 0.2248
vn -0.5630 0.4435 0.6974
vn 0.0115 0.4702 0.8825
vn 0.5848 0.3941 0.7091
vn 0.9386 0.2445 0.2433
vn 0.9380 0.0788 -0.3377
vn 0.5823 -0.0398 -0.8120
vn -0.0030 -0.2775 -0.9607
vn -0.5905 -0.1894 -0.7845
vn -0.9500 -0.0159 -0.3119
vn -0.9453 0.1762 0.2746
vn -0.5803 0.3138 0.7516
vn 0.0055 0.3446 0.9387
vn 0.5899 0.2571 0.7655
vn 0.9512 0.0843 0.2970
vn 0.9507 -0.1082 -0.2905
vn 0.5866 -0.2463 -0.7715
vn -0.0081 -0.3712 -0.9285
vn -0.5948 -0.2735 -0.7560
vn -0.9535 -0.0817 -0.2900
vn -0.9481 0.1303 0.2900
vn -0.5822 0.2819 0.7626
vn 0.0040 0.3156 0.9489
vn 0.5883 0.2189 0.7785
vn 0.9485 0.0284 0.3155
vn 0.9464 -0.1841 -0.2652
vn 0.5812 -0.3370 -0.7407
vn -0.0029 -0.2861 -0.9582
vn -0.5869 -0.1818 -0.7890
vn -0.9436 0.0228 -0.3302
vn -0.9377 0.2492 0.2420
vn -0.5726 0.4112 0.7093
vn 0.0125 0.4474 0.8943
vn 0.5947 0.3442 0.7266
vn 0.9526 0.1405 0.2698
vn 0.9492 -0.0863 -0.3027
vn 0.5844 -0.2495 -0.7721
vn 0.0027 -0.2060 -0.9786
vn -0.5713 -0.0965 -0.8151
vn -0.9215 0.1188 -0.3698
vn -0.9150 0.3577 0.1866
vn -0.5550 0.5291 0.6420
vn 0.0217 0.5674 0.8231
vn 0.5945 0.4580 0.6609
vn 0.9455 0.2428 0.2171
vn 0.9406 0.0039 -0.3396
vn 0.5809 -0.1676 -0.7966
vn -0.0026 -0.2918 -0.9565
vn -0.5816 -0.1712 -0.7953
vn -0.9330 0.0658 -0.3539
vn -0.9237 0.3282 0.1975
vn -0.5592 0.5161 0.6488
vn 0.0218 0.5581 0.8295
vn 0.5982 0.4382 0.6710
vn 0.9513 0.2020 0.2329
vn 0.9458 -0.0608 -0.3191
vn 0.5819 -0.2495 -0.7740
vn -0.0147 -0.4524 -0.8917
vn -0.5995 -0.3190 -0.7341
vn -0.9527 -0.0570 -0.2984
vn -0.9407 0.2325 0.2469
vn -0.5706 0.4393 0.6939
vn 0.0162 0.4855 0.8741
vn 0.5974 0.3536 0.7198
vn 0.9530 0.0932 0.2883
vn 0.9460 -0.1969 -0.2576
vn 0.5766 -0.4056 -0.7092
vn -0.0193 -0.5052 -0.8628
vn -0.6030 -0.3615 -0.7111
vn -0.9547 -0.0800 -0.2866
vn -0.9411 0.2311 0.2469
vn -0.5694 0.4532 0.6858
vn 0.0180 0.5026 0.8643
vn 0.5986 0.3610 0.7151
vn 0.9524 0.0813 0.2938
vn 0.9430 -0.2304 -0.2401
vn 0.5720 -0.4549 -0.6826
vn -0.0139 -0.4498 -0.8930
vn -0.5938 -0.2984 -0.7473
vn -0.9421 -0.0013 -0.3354
vn -0.9269 0.3270 0.1841
vn -0.5559 0.5616 0.6129
vn 0.0296 0.6138 0.7889
vn 0.6069 0.4641 0.6452
vn 0.9570 0.1687 0.2361
vn 0.9454 -0.1602 -0.2837
vn 0.5749 -0.3969 -0.7155
vn -0.0110 -0.4268 -0.9043
vn -0.5850 -0.2675 -0.7656
vn -0.9283 0.0449 -0.3691
vn -0.9110 0.3904 0.1325
vn -0.5416 0.6375 0.5480
vn 0.0395 0.6926 0.7203
vn 0.6108 0.5347 0.5839
vn 0.9559 0.2237 0.1903
vn 0.9423 -0.1224 -0.3117
vn 0.5734 -0.3712 -0.7304
vn -0.0202 -0.5168 -0.8559
vn -0.5978 -0.3452 -0.7235
vn -0.9409 -0.0090 -0.3386
vn -0.9199 0.3623 0.1499
vn -0.5455 0.6274 0.5557
vn 0.0396 0.6864 0.7262
vn 0.6135 0.5170 0.5970
vn 0.9591 0.1830 0.2161
vn 0.9433 -0.1891 -0.2729
vn 0.5696 -0.4569 -0.6832
vn -0.0336 -0.6266 -0.7786
vn -0.6130 -0.4429 -0.6543
vn -0.9551 -0.0831 -0.2844
vn -0.9307 0.3139 0.1878
vn -0.5518 0.5970 0.5823
vn 0.0366 0.6599 0.7504
vn 0.6121 0.4790 0.6292
vn 0.9569 0.1221 0.2634
vn 0.9381 -0.2760 -0.2093
vn 0.5600 -0.5626 -0.6082
vn -0.0380 -0.6581 -0.7519
vn -0.6156 -0.4643 -0.6367
vn -0.9549 -0.0850 -0.2844
vn -0.9275 0.3336 0.1686
vn -0.5465 0.6320 0.5495
vn 0.0425 0.6982 0.7146
vn 0.6167 0.5074 0.6019
vn 0.9585 0.1311 0.2531
vn 0.9363 -0.2886 -0.2003
vn 0.5559 -0.5908 -0.5848
vn -0.0349 -0.6389 -0.7685
vn -0.6084 -0.4366 -0.6628
vn -0.9431 -0.0408 -0.3299
vn -0.9127 0.3959 0.1013
vn -0.5311 0.7074 0.4664
vn 0.0560 0.7764 0.6277
vn 0.6261 0.5772 0.5243
vn 0.9634 0.1843 0.1947
vn 0.9379 -0.2535 -0.2368
vn 0.5570 -0.5687 -0.6053
vn -0.0369 -0.6549 -0.7548
vn -0.6070 -0.4437 -0.6594
vn -0.9372 -0.0304 -0.3475
vn -0.9030 0.4255 0.0600
vn -0.5200 0.7505 0.4078
vn 0.0657 0.8225 0.5649
vn 0.6322 0.6144 0.4721
vn 0.9651 0.2044 0.1637
vn 0.9362 -0.2527 -0.2441
vn 0.5540 -0.5816 -0.5956
vn -0.0490 -0.7266 -0.6853
vn -0.6202 -0.5042 -0.6009
vn -0.9481 -0.0694 -0.3103
vn -0.9092 0.4098 0.0738
vn -0.5212 0.7513 0.4049
vn 0.0675 0.8268 0.5585
vn 0.6346 0.6081 0.4769
vn 0.9656 0.1771 0.1901
vn 0.9328 -0.3036 -0.1943
vn 0.5456 -0.6496 -0.5294
vn -0.0618 -0.7908 -0.6090
vn -0.6325 -0.5581 -0.5371
vn -0.9572 -0.1036 -0.2703
vn -0.9136 0.3972 0.0876
vn -0.5214 0.7537 0.4002
vn 0.0695 0.8324 0.5498
vn 0.6360 0.6040 0.4803
vn 0.9640 0.1537 0.2171
vn 0.9266 -0.3487 -0.1410
vn 0.5350 -0.7104 -0.4572
vn -0.0670 -0.8141 -0.5769
vn -0.6352 -0.5728 -0.5182
vn -0.9554 -0.1016 -0.2771
vn -0.9073 0.4173 0.0525
vn -0.5120 0.7867 0.3449
vn 0.0792 0.8681 0.4899
vn 0.6433 0.6313 0.4332
vn 0.9668 0.1646 0.1953
vn 0.9248 -0.3560 -0.1343
vn 0.5301 -0.7309 -0.4299
vn -0.0692 -0.8239 -0.5626
vn -0.6336 -0.5751 -0.5176
vn -0.9485 -0.0895 -0.3040
vn -0.8954 0.4451 -0.0049
vn -0.4978 0.8256 0.2655
vn 0.0926 0.9094 0.4054
vn 0.6528 0.6653 0.3623
vn 0.9711 0.1843 0.1518
vn 0.9243 -0.3521 -0.1473
vn 0.5272 -0.7383 -0.4207
vn -0.0768 -0.8528 -0.5166
vn -0.6387 -0.5964 -0.4863
vn -0.9486 -0.0961 -0.3017
vn -0.8901 0.4545 -0.0347
vn -0.4888 0.8461 0.2126
vn 0.1020 0.9322 0.3473
vn 0.6595 0.6807 0.3188
vn 0.9730 0.1854 0.1373
vn 0.9211 -0.3670 -0.1296
vn 0.5204 -0.7648 -0.3799
vn -0.0895 -0.8932 -0.4406
vn -0.6501 -0.6291 -0.4262
vn -0.9554 -0.1141 -0.2724
vn -0.8910 0.4523 -0.0392
vn -0.4848 0.8550 0.1842
vn 0.1079 0.9434 0.3137
vn 0.6639 0.6846 0.3008
vn 0.9731 0.1751 0.1498
vn 0.9156 -0.3935 -0.0832
vn 0.5098 -0.8028 -0.3092
vn 0.0214 -0.4759 -0.8792
vn -0.3960 -0.2776 -0.8753
vn -0.6243 0.1109 -0.7733
vn -0.5764 0.5413 -0.6121
vn -0.2706 0.8493 -0.4534
vn 0.1764 0.9170 -0.3577
vn 0.5938 0.7187 -0.3618
vn 0.8221 0.3301 -0.4638
vn 0.7742 -0.1003 -0.6250
vn 0.4683 -0.4082 -0.7836
vn 0.1561 -0.5450 -0.8238
vn -0.2807 -0.6683 -0.6889
vn -0.5508 -0.7732 -0.3144
vn -0.5508 -0.8198 0.1568
vn -0.2808 -0.7903 0.5446
vn 0.1561 -0.6959 0.7009
vn 0.5929 -0.5727 0.5661
vn 0.8629 -0.4677 0.1916
vn 0.8629 -0.4210 -0.2796
vn 0.5929 -0.4506 -0.6674
vn -0.0197 0.1808 -0.9833
vn -0.5863 0.0130 -0.8100
vn -0.9372 -0.1304 -0.3236
vn -0.9370 -0.1943 0.2905
vn -0.5850 -0.1538 0.7963
vn -0.0171 -0.0248 0.9995
vn 0.5489 0.1431 0.8235
vn 0.8971 0.2858 0.3368
vn 0.8960 0.3489 -0.2746
vn 0.5459 0.3088 -0.7788
vn -0.0576 0.2957 -0.9535
vn -0.6102 0.1132 -0.7841
vn -0.9508 -0.0422 -0.3069
vn -0.9485 -0.1113 0.2965
vn -0.6033 -0.0674 0.7947
vn -0.0484 0.0724 0.9962
vn 0.5039 0.2549 0.8253
vn 0.8429 0.4104 0.3479
vn 0.8399 0.4796 -0.2539
vn 0.4957 0.4357 -0.7512
vn -0.0591 0.2828 -0.9574
vn -0.6073 0.0761 -0.7908
vn -0.9443 -0.1001 -0.3136
vn -0.9395 -0.1783 0.2926
vn -0.5933 -0.1285 0.7946
vn -0.0404 0.0300 0.9987
vn 0.5071 0.2368 0.8288
vn 0.8404 0.4128 0.3512
vn 0.8341 0.4908 -0.2517
vn 0.4907 0.4411 -0.7514
vn -0.0216 0.1722 -0.9848
vn -0.5674 -0.0655 -0.8208
vn -0.9010 -0.2688 -0.3405
vn -0.8923 -0.3593 0.2733
vn -0.5433 -0.3018 0.7834
vn 0.0103 -0.1187 0.9929
vn 0.5548 0.1193 0.8234
vn 0.8830 0.3211 0.3424
vn 0.8722 0.4105 -0.2662
vn 0.5272 0.3537 -0.7726
vn -0.0099 0.1414 -0.9899
vn -0.5449 -0.1223 -0.8295
vn -0.8688 -0.3478 -0.3525
vn -0.8556 -0.4480 0.2593
vn -0.5096 -0.3839 0.7700
vn 0.0354 -0.1804 0.9830
vn 0.5693 0.0836 0.8179
vn 0.8888 0.3072 0.3402
vn 0.8739 0.4059 -0.2673
vn 0.5314 0.3428 -0.7747
vn -0.0561 0.2366 -0.9700
vn -0.5796 -0.0486 -0.8135
vn -0.8935 -0.2923 -0.3408
vn -0.8762 -0.4007 0.2680
vn -0.5332 -0.3313 0.7784
vn 0.0025 -0.1114 0.9938
vn 0.5249 0.1740 0.8332
vn 0.8352 0.4159 0.3599
vn 0.8167 0.5225 -0.2450
vn 0.4765 0.4542 -0.7528
vn -0.1065 0.3221 -0.9407
vn -0.6128 0.0169 -0.7900
vn -0.9135 -0.2435 -0.3259
vn -0.8918 -0.3591 0.2752
vn -0.5547 -0.2849 0.7817
vn -0.0333 -0.0499 0.9982
vn 0.4721 0.2555 0.8437
vn 0.7691 0.5146 0.3791
vn 0.7461 0.6291 -0.2182
vn 0.4116 0.5555 -0.7225
vn -0.1017 0.3028 -0.9476
vn -0.5953 -0.0315 -0.8029
vn -0.8847 -0.3172 -0.3415
vn -0.8570 -0.4440 0.2616
vn -0.5212 -0.3623 0.7727
vn -0.0082 -0.1043 0.9945
vn 0.4840 0.2304 0.8442
vn 0.7682 0.5138 0.3820
vn 0.7385 0.6390 -0.2154
vn 0.4065 0.5584 -0.7231
vn -0.0626 0.2372 -0.9694
vn -0.5405 -0.1288 -0.8314
vn -0.8159 -0.4418 -0.3731
vn -0.7804 -0.5808 0.2315
vn -0.4466 -0.4913 0.7478
vn 0.0555 -0.2082 0.9765
vn 0.5317 0.1583 0.8320
vn 0.8012 0.4682 0.3726
vn 0.7638 0.6046 -0.2258
vn 0.4346 0.5167 -0.7377
vn -0.0668 0.2407 -0.9683
vn -0.5250 -0.1523 -0.8374
vn -0.7829 -0.4884 -0.3853
vn -0.7396 -0.6375 0.2160
vn -0.4109 -0.5408 0.7339
vn 0.0758 -0.2367 0.9686
vn 0.5324 0.1570 0.8318
vn 0.7855 0.4895 0.3787
vn 0.7408 0.6356 -0.2173
vn 0.4160 0.5409 -0.7310
vn -0.1287 0.3120 -0.9413
vn -0.5656 -0.1043 -0.8181
vn -0.8053 -0.4599 -0.3742
vn -0.7542 -0.6177 0.2229
vn -0.4312 -0.5150 0.7408
vn 0.0385 -0.1929 0.9805
vn 0.4738 0.2239 0.8517
vn 0.7093 0.5760 0.4064
vn 0.6573 0.7306 -0.1850
vn 0.3376 0.6300 -0.6994
vn -0.1791 0.3578 -0.9165
vn -0.5910 -0.0811 -0.8026
vn -0.8104 -0.4556 -0.3685
vn -0.7509 -0.6217 0.2228
vn -0.4346 -0.5135 0.7399
vn 0.0155 -0.1737 0.9847
vn 0.4258 0.2657 0.8649
vn 0.6404 0.6368 0.4293
vn 0.5798 0.7998 -0.1554
vn 0.2670 0.6934 -0.6693
vn -0.1700 0.3410 -0.9246
vn -0.5567 -0.1264 -0.8210
vn -0.7543 -0.5255 -0.3936
vn -0.6842 -0.7023 0.1966
vn -0.3723 -0.5867 0.7192
vn 0.0594 -0.2242 0.9727
vn 0.4441 0.2439 0.8621
vn 0.6360 0.6387 0.4331
vn 0.5645 0.8117 -0.1500
vn 0.2572 0.6983 -0.6680
vn -0.1424 0.3133 -0.9389
vn -0.5002 -0.1815 -0.8467
vn -0.6723 -0.6044 -0.4274
vn -0.5903 -0.7912 0.1600
vn -0.2847 -0.6683 0.6873
vn 0.1251 -0.2840 0.9506
vn 0.4807 0.2116 0.8510
vn 0.6475 0.6291 0.4301
vn 0.5643 0.8117 -0.1506
vn 0.2634 0.6915 -0.6726
vn -0.1664 0.3284 -0.9298
vn -0.4930 -0.1895 -0.8492
vn -0.6379 -0.6320 -0.4401
vn -0.5436 -0.8272 0.1424
vn -0.2459 -0.6980 0.6725
vn 0.1395 -0.2957 0.9451
vn 0.4638 0.2231 0.8574
vn 0.6043 0.6599 0.4465
vn 0.5096 0.8505 -0.1299
vn 0.2159 0.7244 -0.6547
vn -0.2327 0.3656 -0.9012
vn -0.5258 -0.1717 -0.8331
vn -0.6424 -0.6302 -0.4360
vn -0.5360 -0.8324 0.1407
vn -0.2470 -0.6980 0.6722
vn 0.1122 -0.2804 0.9533
vn 0.4030 0.2577 0.8782
vn 0.5156 0.7105 0.4789
vn 0.4090 0.9080 -0.0912
vn 0.1236 0.7766 -0.6177
vn -0.2752 0.3808 -0.8827
vn -0.5320 -0.1748 -0.8285
vn -0.6181 -0.6489 -0.4438
vn -0.4983 -0.8577 0.1269
vn -0.2182 -0.7182 0.6608
vn 0.1127 -0.2857 0.9517
vn 0.3670 0.2708 0.8899
vn 0.4488 0.7387 0.5029
vn 0.3288 0.9424 -0.0607
vn 0.0528 0.8062 -0.5893
vn -0.2709 0.3727 -0.8875
vn -0.4889 -0.2026 -0.8485
vn -0.5415 -0.6934 -0.4754
vn -0.4063 -0.9092 0.0914
vn -0.1350 -0.7641 0.6308
vn 0.1663 -0.3158 0.9341
vn 0.3815 0.2604 0.8869
vn 0.4299 0.7442 0.5113
vn 0.2949 0.9543 -0.0483
vn 0.0278 0.8130 -0.5816
vn -0.2671 0.3672 -0.8910
vn -0.4436 -0.2241 -0.8678
vn -0.4602 -0.7284 -0.5076
vn -0.3088 -0.9496 0.0539
vn -0.0476 -0.7999 0.5983
vn 0.2215 -0.3387 0.9145
vn 0.3950 0.2536 0.8830
vn 0.4082 0.7503 0.5200
vn 0.2575 0.9656 -0.0346
vn 0.0003 0.8200 -0.5724
vn -0.3049 0.3735 -0.8761
vn -0.4382 -0.2291 -0.8692
vn -0.4178 -0.7428 -0.5232
vn -0.2502 -0.9677 0.0319
vn -0.0000 -0.8144 0.5803
vn 0.2354 -0.3440 0.9090
vn 0.3656 0.2597 0.8938
vn 0.3424 0.7655 0.5447
vn 0.1761 0.9844 -0.0037
vn -0.0706 0.8353 -0.5452
vn -0.3602 0.3777 -0.8530
vn -0.4484 -0.2320 -0.8632
vn -0.3899 -0.7514 -0.5322
vn -0.2057 -0.9785 0.0158
vn 0.0328 -0.8227 0.5675
vn 0.2328 -0.3462 0.9088
vn 0.3178 0.2645 0.9105
vn 0.2569 0.7759 0.5762
vn 0.0745 0.9966 0.0350
vn -0.1607 0.8452 -0.5097
vn -0.3920 0.3738 -0.8406
vn -0.4330 -0.2401 -0.8688
vn -0.3345 -0.7630 -0.5531
vn -0.1327 -0.9911 -0.0117
vn 0.0939 -0.8335 0.5445
vn 0.2571 -0.3530 0.8996
vn 0.2947 0.2621 0.9190
vn 0.1941 0.7764 0.5996
vn -0.0054 0.9979 0.0652
vn -0.2287 0.8448 -0.4837
vn -0.4034 0.3680 -0.8378
vn -0.3954 -0.2469 -0.8847
vn -0.2548 -0.7704 -0.5844
vn -0.0345 -0.9982 -0.0492
vn 0.1797 -0.8395 0.5128
vn 0.3046 -0.3576 0.8828
vn 0.2929 0.2584 0.9206
vn 0.1510 0.7730 0.6162
vn -0.0664 0.9939 0.0879
vn -0.2776 0.8401 -0.4660
vn -0.8894 0.2169 -0.4025
vn -0.8630 -0.2452 -0.4417
vn -0.7407 -0.6347 -0.2202
vn -0.5691 -0.8029 0.1773
vn -0.4138 -0.6856 0.5990
vn -0.3342 -0.3275 0.8838
vn -0.3605 0.1346 0.9230
vn -0.4828 0.5242 0.7015
vn -0.6543 0.6924 0.3040
vn -0.8096 0.5750 -0.1177
vn -0.2907 -0.9384 0.1868
vn 0.6597 -0.4386 0.6103
vn -0.5321 -0.1939 0.8242
vn -0.9021 -0.0603 -0.4273
vn -0.4961 -0.5739 -0.6516
vn 0.5258 0.0350 -0.8499
vn 0.3983 0.8298 0.3910
vn -0.9225 0.2866 0.2584
vn -0.9226 0.2619 -0.2832
vn 0.2830 -0.2733 -0.9194
vn 0.4990 0.8665 -0.0096
vn 0.1748 0.9365 -0.3039
vn -0.1604 -0.8703 0.4657
vn 0.1538 -0.8719 0.4648
vn 0.0396 -0.8859 0.4621
vn -0.2512 -0.9572 0.1434
vn -0.2583 -0.9286 0.2665
vn -0.1202 -0.9864 0.1118
vn -0.2221 -0.9745 0.0329
vn -0.0710 -0.9946 0.0755
vn 0.1763 -0.9712 -0.1602
vn 0.2256 -0.9622 -0.1522
vn 0.4209 -0.9019 0.0972
vn 0.3834 -0.8994 0.2099
vn 0.7028 -0.5739 0.4203
vn 0.8150 -0.1928 0.5464
vn 0.5772 0.0436 0.8154
vn 0.8568 0.1247 0.5004
vn 0.5406 -0.5450 0.6409
vn 0.1429 -0.8338 0.5332
vn -0.0087 -0.7183 0.6956
vn 0.0477 -0.7872 0.6149
vn -0.0406 -0.4885 0.8716
vn 0.7299 -0.5895 -0.3460
vn 0.6096 -0.7626 -0.2163
vn 0.4150 -0.8860 -0.2069
vn 0.4117 -0.9104 0.0414
vn 0.5752 -0.8062 0.1382
vn 0.6833 -0.6169 0.3905
vn 0.6566 -0.5178 0.5483
vn 0.0528 -0.9845 0.1672
vn 0.2487 -0.9686 -0.0007
vn 0.3252 -0.9444 -0.0487
vn 0.3902 -0.9069 -0.1588
vn 0.4882 -0.8572 -0.1638
vn 0.4854 -0.8301 -0.2744
vn 0.5334 -0.5387 -0.6521
vn -0.8125 -0.3899 -0.4335
vn -0.5388 -0.7971 -0.2727
vn -0.3863 -0.9214 -0.0421
vn -0.2827 -0.9582 -0.0434
vn -0.0004 -0.9995 0.0300
vn -0.2393 -0.9651 0.1065
vn -0.3714 -0.9134 0.1663
vn -0.1990 -0.0999 0.9749
vn -0.4775 -0.5803 0.6597
vn -0.4916 -0.7924 0.3611
vn -0.4315 -0.7356 0.5222
vn -0.7249 -0.5428 0.4241
vn -0.9214 -0.3157 0.2265
vn -0.9798 -0.1720 -0.1021
vn -0.3218 -0.6887 -0.6497
vn 0.1859 -0.8966 -0.4019
vn 0.2251 -0.8086 -0.5436
vn -0.0187 -0.8951 -0.4455
vn -0.0622 -0.9936 -0.0947
vn -0.1758 -0.9827 -0.0574
vn -0.2580 -0.9613 0.0961
vn -0.8358 -0.3743 -0.4016
vn -0.8637 -0.2814 -0.4181
vn -0.8320 -0.1024 -0.5452
vn -0.9594 0.0214 -0.2814
vn -0.7745 0.0574 -0.6300
vn -0.6680 -0.2400 -0.7044
vn -0.7091 -0.5484 -0.4432
vn 0.0127 -0.8735 -0.4867
vn 0.1495 -0.9380 -0.3126
vn 0.2916 -0.8995 -0.3254
vn 0.4455 -0.8004 -0.4011
vn -0.1133 -0.7936 -0.5978
vn 0.5204 -0.6715 -0.5275
vn 0.5503 -0.4452 -0.7064
vn 0.7994 0.5969 -0.0687
vn 0.8735 0.4433 0.2011
vn 0.8668 -0.2703 0.4191
vn 0.9073 -0.0234 0.4197
vn 0.7035 -0.5121 0.4928
vn 0.6973 -0.2970 0.6524
vn 0.7414 -0.3675 0.5615
vn 0.5577 -0.3845 -0.7356
vn 0.7166 -0.2191 -0.6622
vn 0.8271 0.0300 -0.5613
vn 0.8044 -0.0613 -0.5910
vn 0.8954 -0.1300 -0.4259
vn 0.7971 0.5868 -0.1423
vn 0.8124 0.5802 -0.0579
vn 0.4394 0.6105 0.6590
vn 0.1014 0.8213 0.5614
vn -0.2357 0.5073 0.8289
vn -0.4370 -0.2059 0.8756
vn -0.5286 -0.2962 0.7955
vn -0.4252 0.2228 0.8773
vn -0.3353 0.2739 0.9014
vn 0.4226 -0.2088 0.8820
vn 0.4401 -0.6289 0.6409
vn 0.4966 -0.8060 0.3221
vn 0.5263 -0.0590 0.8483
vn 0.5640 0.3595 0.7434
vn 0.4957 0.4942 0.7142
vn 0.1575 0.8475 0.5069
vn -0.9894 0.1372 0.0482
vn -0.8001 0.3884 0.4571
vn -0.5582 0.6677 0.4926
vn -0.9506 -0.2179 0.2211
vn -0.9347 -0.3186 -0.1573
vn -0.9009 -0.3384 -0.2719
vn -0.9041 0.2917 -0.3124
vn -0.2797 0.0390 0.9593
vn 0.0574 -0.1992 0.9783
vn -0.3045 0.1571 0.9395
vn -0.4114 -0.2385 0.8797
vn -0.5333 0.2401 0.8111
vn -0.6222 0.3464 0.7020
vn -0.7744 0.1346 0.6182
vn -0.7741 0.4960 -0.3933
vn -0.6331 0.7085 -0.3118
vn -0.8285 -0.1189 -0.5472
vn -0.4381 -0.7880 -0.4325
vn -0.6577 -0.4190 -0.6260
vn -0.8358 -0.0870 -0.5421
vn -0.6996 -0.5573 -0.4473
vn -0.9064 0.3618 -0.2180
vn -0.9919 -0.0827 -0.0965
vn -0.7617 -0.6390 0.1070
vn -0.9335 -0.3464 0.0930
vn -0.9903 0.0713 -0.1192
vn -0.6493 0.7312 -0.2093
vn -0.8131 0.5277 -0.2457
vn 0.3149 0.2638 -0.9117
vn 0.2140 0.7012 -0.6800
vn 0.6503 0.3950 -0.6489
vn 0.6286 -0.6035 -0.4905
vn 0.3881 -0.8618 -0.3267
vn 0.6447 -0.2529 -0.7214
vn 0.3806 0.0735 -0.9218
vn -0.3050 -0.8299 -0.4671
vn 0.0136 -0.1039 -0.9945
vn 0.3285 0.2237 -0.9176
vn -0.0969 0.0347 -0.9947
vn -0.2574 0.2592 -0.9309
vn 0.1333 0.6010 -0.7880
vn 0.4322 0.4245 -0.7956
vn 0.7189 0.6407 -0.2695
vn 0.7946 0.6059 -0.0378
vn 0.3147 0.8270 0.4658
vn 0.2966 0.8043 0.5149
vn 0.0722 0.6029 0.7945
vn 0.1543 0.5783 0.8011
vn 0.3463 0.8608 0.3730
vn 0.2818 0.8036 0.5243
vn -0.0293 0.8927 0.4497
vn -0.1943 0.8337 0.5169
vn -0.1772 0.8142 0.5529
vn -0.1253 0.8415 0.5256
vn -0.2252 0.6560 0.7204
vn -0.2594 0.5733 0.7772
vn -0.9028 0.0865 0.4213
vn -0.8347 -0.1522 0.5293
vn -0.9725 0.2320 -0.0187
vn -0.9684 0.2346 -0.0848
vn -0.9370 -0.0707 -0.3422
vn -0.9697 -0.1601 -0.1846
vn -0.9528 0.0370 -0.3012
vn -0.6285 0.5988 -0.4964
vn -0.5072 0.8110 -0.2916
vn -0.1716 0.8836 -0.4357
vn -0.1525 0.8807 -0.4485
vn -0.2548 0.7847 -0.5650
vn 0.2173 0.3350 -0.9168
vn 0.4014 -0.0577 -0.9141
vn 0.4621 0.3383 -0.8198
vn 0.4963 0.4004 -0.7703
vn 0.4893 0.4027 -0.7736
vn 0.5218 0.7531 -0.4007
vn 0.5351 0.8376 -0.1099
vn 0.6959 0.6258 -0.3522
vn 0.7611 0.6484 -0.0177
vn 0.1153 0.9665 -0.2295
vn 0.3370 0.9315 0.1366
vn 0.4948 0.6837 0.5365
vn 0.2573 0.9058 0.3367
vn 0.3852 0.5136 0.7667
vn 0.4043 0.4311 0.8067
vn 0.3203 0.9044 0.2820
vn 0.8393 0.5366 0.0876
vn 0.8407 0.5353 -0.0819
vn 0.2619 0.9438 -0.2017
vn 0.5801 0.8067 -0.1130
vn 0.4422 0.8851 -0.1454
vn -0.1200 0.9614 -0.2476
vn 0.2355 0.8851 -0.4013
vn -0.1691 0.9749 -0.1451
vn -0.2418 0.9698 -0.0316
vn -0.4297 0.9012 0.0573
vn -0.5381 0.8366 0.1028
vn -0.1249 0.9864 0.1065
vn -0.3406 0.7765 0.5301
vn -0.7728 0.1879 0.6061
vn -0.0098 0.9757 -0.2189
vn -0.0256 0.9907 -0.1334
vn -0.2233 0.9747 -0.0071
vn -0.3007 0.9533 -0.0293
vn -0.5912 0.6910 -0.4159
vn -0.4347 0.7825 -0.4459
vn -0.4649 0.8142 -0.3478
vn 0.3404 0.9052 -0.2544
vn 0.3429 0.9358 -0.0812
vn 0.0635 0.9458 -0.3184
vn -0.2039 0.9122 -0.3553
vn -0.1173 0.9549 -0.2729
vn 0.2417 0.9412 -0.2360
vn 0.4411 0.5515 -0.7080
vn 0.1237 0.9592 -0.2542
vn -0.0644 0.9759 -0.2085
vn -0.0841 0.9926 -0.0881
vn 0.5755 0.8043 -0.1479
vn 0.2358 0.8856 -0.4002
vn 0.0948 0.9650 -0.2443
vn 0.5296 0.8076 -0.2594
vn 0.5880 0.7702 -0.2469
vn 0.3119 0.8668 -0.3891
vn 0.2248 0.9341 -0.2772
vn 0.3198 0.8594 -0.3989
vn 0.5478 0.8304 -0.1018
vn 0.2856 0.9477 -0.1422
vn 0.2289 0.9568 -0.1793
vn 0.2067 0.9236 -0.3228
vn 0.3917 0.9179 0.0633
vn 0.2079 0.9736 -0.0941
vn 0.3531 0.9356 -0.0007
vn 0.2474 0.9538 -0.1704
vn 0.2013 0.7504 -0.6296
vn 0.3457 0.8345 -0.4291
vn 0.0998 0.9827 -0.1563
vn 0.0406 0.8264 -0.5617
vn 0.0866 0.9227 -0.3757
vn -0.0417 0.8477 -0.5288
vn 0.0886 0.8525 -0.5151
vn 0.1572 0.9460 -0.2836
vn 0.0385 0.9697 -0.2414
vn 0.1118 0.9779 -0.1764
vn 0.1370 0.8871 -0.4409
vn -0.3367 0.7490 -0.5707
vn 0.0121 0.9972 -0.0740
vn 0.0627 0.9868 -0.1490
vn -0.2002 0.9127 -0.3563
vn -0.1124 0.7519 -0.6497
vn -0.5516 0.5428 -0.6333
vn 0.2881 0.6868 -0.6673
vn -0.0714 0.7688 -0.6355
vn -0.2663 0.9144 -0.3049
vn -0.1826 0.9500 -0.2532
vn -0.2215 0.8960 -0.3849
vn -0.3423 0.8722 -0.3496
vn -0.1759 0.9790 -0.1031
vn -0.3435 0.9361 -0.0757
vn -0.3314 0.9431 -0.0260
vn -0.3489 0.9364 0.0374
vn -0.5782 0.8132 0.0663
vn -0.6694 0.7427 -0.0178
vn -0.2317 0.9461 -0.2264
vn -0.1504 0.9537 0.2605
vn -0.4689 0.8800 0.0752
vn -0.2456 0.9664 -0.0756
vn -0.3445 0.7432 -0.5736
vn -0.5274 0.8470 -0.0665
vn -0.2147 0.9653 0.1485
vn -0.3141 0.9373 -0.1511
vn -0.2269 0.9697 0.0904
vn -0.7256 0.4675 -0.5050
vn -0.9018 0.2485 -0.3536
vn -0.8414 0.5355 0.0732
vn -0.5466 0.8259 -0.1383
vn -0.7436 0.6508 0.1533
vn -0.8756 0.1893 0.4443
vn -0.2100 0.9769 -0.0386
vn -0.2620 0.9575 0.1207
vn -0.0171 0.8837 0.4677
vn -0.3669 0.8829 0.2929
vn -0.1290 0.8399 0.5272
vn 0.1995 0.7876 0.5830
vn -0.4259 0.8505 0.3087
vn -0.1724 0.8252 0.5378
vn -0.0589 0.8815 0.4685
vn 0.2142 0.8295 0.5158
vn -0.1588 0.8276 0.5384
vn -0.3342 0.4966 0.8011
vn -0.2555 0.3873 0.8858
vn -0.0746 0.4392 0.8953
vn 0.3722 0.2854 0.8832
vn -0.1239 0.4799 0.8685
vn -0.2644 0.5053 0.8214
vn -0.0695 0.3997 0.9140
vn -0.4225 0.4017 0.8125
vn 0.0800 0.5989 0.7968
vn 0.2857 0.8277 0.4831
vn 0.2400 0.9593 -0.1486
vn 0.3889 0.8500 0.3553
vn 0.1503 0.9798 0.1320
vn 0.3634 0.8566 0.3662
vn 0.4956 0.6807 0.5395
vn 0.6679 0.6843 0.2928
vn 0.3448 0.8258 0.4464
vn 0.3886 0.9022 0.1871
vn 0.5132 0.7668 0.3857
vn 0.3122 0.9124 0.2646
vn 0.2477 0.3636 0.8980
vn 0.3012 0.7898 0.5343
vn 0.2072 0.9548 0.2131
vn 0.1192 0.9844 0.1296
vn 0.5435 0.8230 0.1652
vn 0.2546 0.5973 0.7605
vn 0.0850 0.4872 0.8692
vn 0.2572 0.8204 0.5106
vn 0.2233 0.9365 0.2703
vn 0.2550 0.9656 0.0498
vn 0.6920 0.6961 -0.1911
vn 0.8195 0.5186 -0.2439
vn 0.9420 0.2560 -0.2173
vn 0.6692 0.7103 -0.2182
vn 0.7056 -0.4554 -0.5429
vn 0.8720 0.1600 -0.4626
vn 0.5191 0.7050 -0.4832
vn 0.8899 -0.0124 -0.4560
vn 0.7742 -0.4265 -0.4677
vn 0.4927 0.3803 -0.7827
vn 0.5558 0.0663 -0.8286
vn 0.8503 -0.1015 -0.5164
vn 0.8552 -0.4395 -0.2749
vn 0.7172 0.5546 -0.4219
vn 0.4294 0.6177 -0.6588
vn 0.5462 0.2732 -0.7918
vn 0.4056 -0.4659 -0.7864
vn 0.3420 -0.8464 -0.4081
vn 0.6687 -0.3370 -0.6628
vn 0.5682 0.3519 -0.7438
vn 0.4073 0.8050 -0.4314
vn 0.5689 0.2237 -0.7914
vn 0.3902 0.3317 -0.8589
vn 0.2003 0.1666 -0.9655
vn 0.1891 0.3987 -0.8974
vn 0.2190 -0.0279 -0.9753
vn -0.0291 -0.0957 -0.9950
vn -0.1858 0.7199 -0.6688
vn 0.1256 0.1678 -0.9778
vn -0.2209 0.0632 -0.9732
vn -0.1227 0.0891 -0.9884
vn -0.1024 0.8126 -0.5738
vn -0.3302 0.4046 -0.8528
vn -0.4322 0.2610 -0.8632
vn -0.1227 -0.2131 -0.9693
vn -0.3242 0.2573 -0.9103
vn -0.4853 0.7876 -0.3797
vn -0.7082 -0.1877 -0.6806
vn -0.7457 -0.1794 -0.6417
vn -0.3129 -0.5112 -0.8005
vn -0.5070 -0.3374 -0.7932
vn -0.7170 0.5737 -0.3959
vn -0.7190 0.5399 -0.4377
vn -0.7917 0.5999 -0.1153
vn -0.6182 0.7860 -0.0058
vn -0.8591 0.4273 -0.2816
vn -0.9844 0.1717 -0.0380
vn -0.7650 0.6313 -0.1276
vn -0.9628 0.2448 -0.1148
vn -0.7686 -0.6395 -0.0180
vn -0.9967 0.0694 -0.0427
vn -0.7864 0.6173 0.0221
vn -0.9851 0.1048 -0.1360
vn -0.6964 -0.6924 -0.1888
vn -0.8426 -0.4712 -0.2606
vn -0.9513 0.0745 -0.2991
vn -0.6215 0.7824 -0.0388
vn -0.9414 0.0841 0.3265
vn -0.9161 -0.1491 -0.3722
vn -0.8561 -0.3737 -0.3569
vn -0.9091 -0.3644 -0.2020
vn -0.9530 0.2672 0.1430
vn -0.5914 0.6273 0.5067
vn -0.7423 0.1385 0.6556
vn -0.3242 0.4679 0.8222
vn -0.4844 0.5547 0.6765
vn -0.3708 0.7955 0.4793
vn -0.6303 -0.1253 0.7662
vn -0.4678 0.6740 0.5718
vn -0.0568 0.8990 0.4342
vn -0.2794 -0.3055 0.9103
vn -0.3883 -0.1413 0.9106
vn -0.0901 0.7862 0.6113
vn -0.1531 0.8633 0.4809
vn -0.1587 -0.1623 0.9739
vn -0.3016 -0.6840 0.6642
vn -0.1776 0.0560 0.9825
vn 0.0771 0.7445 0.6632
vn -0.0376 0.6111 0.7906
vn -0.3669 0.0218 0.9300
vn -0.3619 -0.4269 0.8287
vn -0.2448 -0.5621 0.7900
vn -0.1042 0.4746 0.8740
vn -0.1827 0.5799 0.7939
vn -0.1131 0.6351 0.7641
vn 0.2690 0.9286 0.2555
vn 0.3527 0.7138 0.6051
vn 0.0366 0.7291 0.6834
vn 0.3745 0.3659 0.8520
vn 0.4520 0.4696 0.7584
vn 0.3909 0.6688 0.6324
vn 0.6677 -0.3217 0.6714
vn 0.7359 0.1847 0.6514
vn 0.6268 0.4576 0.6307
vn 0.4938 0.5090 0.7050
vn 0.4622 -0.7822 0.4178
vn 0.6437 -0.5996 0.4755
vn 0.8549 -0.0418 0.5172
vn 0.8217 -0.0211 0.5695
vn 0.8517 0.3235 0.4123
vn 0.6958 -0.2534 0.6721
vn 0.6506 -0.5231 0.5505
vn 0.8349 -0.4293 0.3445
vn 0.9210 -0.1798 0.3455
vn 0.9780 -0.1244 0.1676
vn 0.9430 0.3130 -0.1134
vn 0.3932 0.6398 -0.6603
vn 0.2781 0.7443 -0.6072
vn 0.2036 0.5588 -0.8039
vn 0.5230 -0.1146 -0.8446
vn 0.2893 0.1502 -0.9454
vn -0.0777 0.1232 -0.9893
vn 0.8002 -0.5392 -0.2625
vn 0.4549 -0.5718 -0.6827
vn 0.1682 -0.4389 -0.8827
vn -0.2930 -0.0984 -0.9511
vn 0.9049 -0.2580 -0.3386
vn 0.5757 -0.7140 -0.3984
vn 0.3326 -0.6354 -0.6969
vn 0.1082 -0.5791 -0.8080
vn 0.2019 -0.0556 -0.9778
vn 0.8492 0.1417 -0.5087
vn 0.5331 -0.5354 -0.6551
vn 0.1206 -0.8946 -0.4304
vn 0.3172 -0.9010 -0.2958
vn 0.2284 -0.7023 -0.6743
vn 0.2449 -0.7524 -0.6115
vn -0.5304 0.7935 -0.2982
vn -0.7993 0.0519 -0.5987
vn -0.8741 0.0726 -0.4803
vn -0.4744 -0.7558 -0.4514
vn -0.6333 -0.5957 -0.4940
vn -0.8053 -0.4286 -0.4096
vn -0.5542 -0.7798 -0.2912
vn -0.2845 -0.8758 -0.3899
vn -0.4323 -0.8249 -0.3641
vn -0.8171 -0.5451 -0.1877
vn -0.8446 -0.2030 -0.4955
vn -0.8546 -0.2737 -0.4413
vn -0.6704 -0.4156 -0.6146
vn -0.4182 -0.7814 -0.4632
vn -0.8969 -0.4279 -0.1115
vn -0.7005 -0.5354 -0.4718
vn -0.8912 -0.0108 -0.4534
vn -0.8132 0.4051 -0.4179
vn -0.7929 -0.0493 -0.6074
vn -0.7392 -0.4636 -0.4886
vn -0.9371 -0.1409 -0.3192
vn -0.9522 0.2337 0.1968
vn -0.6448 0.6979 0.3117
vn -0.7763 0.4678 0.4226
vn -0.7868 0.2165 0.5779
vn -0.7712 0.1571 0.6169
vn -0.6475 -0.3027 0.6994
vn -0.9046 -0.3292 0.2708
vn -0.6299 -0.3716 0.6820
vn -0.6361 -0.5463 0.5450
vn -0.6170 -0.1131 0.7788
vn -0.9374 -0.3481 -0.0124
vn -0.7823 -0.3697 0.5014
vn -0.6810 -0.2135 0.7005
vn -0.8051 -0.1146 0.5820
vn -0.5558 -0.1277 0.8215
vn -0.9961 -0.0850 -0.0230
vn -0.8482 -0.4764 0.2315
vn -0.6852 -0.3243 0.6521
vn -0.7889 -0.1608 0.5931
vn -0.7103 -0.2751 0.6480
vn -0.1794 -0.1200 0.9764
vn 0.2298 0.7468 0.6241
vn 0.4413 0.5280 0.7256
vn 0.4882 0.4250 0.7623
vn 0.0026 0.1822 0.9833
vn 0.6668 0.1625 0.7273
vn 0.5845 0.1234 0.8020
vn -0.4348 -0.0954 0.8955
vn 0.4029 -0.1183 0.9076
vn 0.7190 -0.3206 0.6166
vn 0.4839 -0.6408 0.5961
vn -0.4995 -0.2626 0.8256
vn -0.0742 -0.6054 0.7924
vn 0.5931 -0.5617 0.5768
vn 0.7248 -0.3250 0.6074
vn 0.7025 -0.6359 0.3194
vn -0.1626 -0.3071 0.9377
vn -0.1847 -0.6746 0.7147
vn 0.2230 -0.6960 0.6825
vn 0.5866 -0.3304 0.7394
vn 0.8494 0.0469 0.5257
vn 0.7407 -0.2078 0.6389
vn 0.7478 0.6619 -0.0519
vn 0.9758 0.0730 0.2060
vn 0.9525 0.2121 -0.2187
vn 0.8588 -0.0514 0.5097
vn 0.9842 -0.1469 -0.0992
vn 0.8539 -0.3501 -0.3850
vn 0.7637 -0.5372 0.3580
vn 0.9181 -0.3132 0.2428
vn 0.8113 -0.5141 -0.2782
vn 0.9025 -0.2834 -0.3242
vn 0.8513 -0.3926 0.3480
vn 0.8906 -0.3199 0.3231
vn 0.9370 -0.3201 0.1400
vn 0.9443 -0.1170 -0.3077
vn 0.9294 -0.2173 -0.2984
vn 0.7300 -0.2934 0.6173
vn 0.9342 -0.2436 0.2605
vn 0.9029 -0.2711 0.3335
vn 0.9214 -0.3766 -0.0959
vn 0.7078 -0.6145 -0.3485
vn 0.7210 -0.5490 -0.4227
vn 0.5577 -0.5016 -0.6613
vn 0.5110 -0.5818 -0.6327
vn 0.0198 -0.7434 -0.6685
vn 0.1216 -0.8784 -0.4622
vn 0.0549 -0.6701 -0.7403
vn 0.3128 -0.6038 -0.7332
vn 0.1598 -0.9001 -0.4053
vn 0.2713 -0.8089 -0.5216
vn 0.4558 -0.6093 -0.6489
vn 0.4496 -0.7235 -0.5238
vn 0.1755 -0.9418 -0.2869
vn 0.2555 -0.8981 -0.3581
vn 0.2242 -0.7799 -0.5844
vn -0.0338 -0.7504 -0.6602
vn 0.0148 -0.9454 -0.3255
vn -0.0281 -0.9922 -0.1211
vn 0.0279 -0.9804 -0.1948
vn 0.0448 -0.9004 -0.4327
vn 0.0145 -0.5795 -0.8148
vn 0.1181 -0.7409 -0.6612
vn 0.2516 -0.9348 -0.2507
vn -0.5701 -0.4517 -0.6863
vn -0.1754 -0.7686 -0.6152
vn -0.5811 -0.2859 -0.7619
vn -0.1040 -0.9395 -0.3264
vn -0.4053 -0.8809 -0.2446
vn -0.8176 -0.4878 -0.3060
vn -0.1460 -0.9581 -0.2465
vn -0.4551 -0.8758 -0.1607
vn -0.4731 -0.8749 -0.1033
vn -0.7944 -0.4552 -0.4020
vn -0.0329 -0.9976 0.0612
vn -0.3677 -0.9294 0.0309
vn -0.3991 -0.9137 -0.0766
vn -0.4041 -0.8798 -0.2503
vn -0.8868 -0.3205 -0.3329
vn -0.2254 -0.9470 0.2289
vn -0.1670 -0.9299 0.3278
vn -0.2083 -0.9653 0.1577
vn -0.3260 -0.9392 0.1076
vn -0.4671 -0.8840 -0.0216
vn -0.8047 -0.4534 -0.3832
vn -0.6639 -0.7443 -0.0720
vn -0.2327 -0.9635 -0.1324
vn -0.6454 -0.7334 0.2133
vn -0.2924 -0.9315 -0.2163
vn -0.2201 -0.9672 0.1270
vn -0.3786 -0.7727 0.5095
vn -0.0603 -0.9949 -0.0806
vn -0.1084 -0.9572 0.2684
vn -0.1524 -0.8998 0.4087
vn -0.2603 -0.9140 0.3111
vn -0.0655 -0.9851 -0.1591
vn -0.0159 -0.9780 0.2078
vn -0.0874 -0.9678 0.2359
vn -0.4063 -0.9017 0.1477
vn -0.4620 -0.8676 0.1841
vn -0.2350 -0.9640 -0.1240
vn -0.2014 -0.9662 0.1611
vn -0.1613 -0.9445 0.2863
vn -0.0499 -0.9981 0.0363
vn -0.1379 -0.9162 0.3764
vn -0.1548 -0.7608 0.6303
vn 0.5596 -0.8198 -0.1213
vn 0.4401 -0.8947 -0.0763
vn 0.4246 -0.9054 -0.0026
vn 0.2312 -0.9681 -0.0964
vn 0.5990 -0.7994 -0.0458
vn 0.5803 -0.8089 0.0942
vn 0.4005 -0.9163 -0.0031
vn 0.4675 -0.8547 -0.2259
vn 0.5594 -0.8150 -0.1513
vn 0.4124 -0.9081 0.0725
vn 0.5745 -0.8155 0.0700
vn 0.4533 -0.8842 -0.1127
vn 0.4759 -0.8651 -0.1585
vn 0.2438 -0.9658 -0.0885
vn 0.3911 -0.9061 0.1613
vn 0.7884 -0.4196 0.4499
vn 0.6266 -0.7737 0.0942
vn 0.4867 -0.8730 -0.0317
vn 0.2811 -0.9446 -0.1695
vn 0.2964 -0.9467 -0.1260
vn 0.3095 -0.9467 0.0892
vn 0.0516 -0.8899 0.4532
vn -0.0862 -0.7647 0.6386
vn -0.0454 -0.9283 0.3692
vn -0.2684 -0.7808 0.5642
vn -0.1797 -0.6384 0.7484
vn -0.0462 -0.8618 0.5051
vn -0.3151 -0.9422 0.1142
vn -0.1570 -0.8216 0.5480
vn 0.0942 -0.6758 0.7311
vn 0.1027 -0.8670 0.4876
vn -0.2180 -0.9657 0.1409
vn -0.1927 -0.9620 0.1936
vn 0.2851 -0.7832 0.5525
vn 0.3346 -0.7752 0.5359
vn 0.4833 -0.7096 0.5127
vn -0.2291 -0.9699 0.0829
vn -0.0980 -0.9950 0.0217
vn 0.2606 -0.9525 0.1575
vn 0.4339 -0.7881 0.4366
vn 0.3016 -0.8578 0.4162
vn 0.7463 -0.2253 0.6263
vt 0.291580 0.050624
vt 0.287517 0.068315
vt 0.282238 0.056313
vt 0.422453 0.363657
vt 0.415978 0.347155
vt 0.425745 0.350529
vt 0.412678 0.360258
vt 0.404171 0.344413
vt 0.037318 0.311301
vt 0.032908 0.295261
vt 0.042394 0.298759
vt 0.027880 0.307645
vt 0.021612 0.290819
vt 0.016624 0.303056
vt 0.012819 0.287130
vt 0.424502 0.402468
vt 0.411760 0.390545
vt 0.424005 0.390337
vt 0.115942 0.302719
vt 0.122946 0.288316
vt 0.127351 0.299564
vt 0.106033 0.308471
vt 0.111515 0.291367
vt 0.276278 0.072560
vt 0.271041 0.060698
vt 0.296877 0.062705
vt 0.292113 0.080218
vt 0.418616 0.333978
vt 0.427516 0.337011
vt 0.407818 0.331689
vt 0.037192 0.282568
vt 0.045936 0.285463
vt 0.026807 0.278791
vt 0.018747 0.275573
vt 0.399665 0.402360
vt 0.399268 0.391330
vt 0.118207 0.277933
vt 0.101565 0.296970
vt 0.107732 0.280522
vt 0.281776 0.083829
vt 0.300692 0.075245
vt 0.296145 0.091967
vt 0.420747 0.320967
vt 0.428381 0.323530
vt 0.411452 0.319194
vt 0.040946 0.269644
vt 0.048531 0.271858
vt 0.031960 0.266652
vt 0.025007 0.264023
vt 0.386851 0.401795
vt 0.386543 0.392342
vt 0.397381 0.411767
vt 0.098575 0.285352
vt 0.104370 0.269718
vt 0.287198 0.094829
vt 0.303546 0.087828
vt 0.300187 0.104042
vt 0.422996 0.307838
vt 0.430095 0.310185
vt 0.414322 0.306377
vt 0.044689 0.256793
vt 0.051819 0.258585
vt 0.036262 0.254256
vt 0.029758 0.251942
vt 0.374752 0.401498
vt 0.374498 0.392714
vt 0.109469 0.256508
vt 0.113404 0.267674
vt 0.096438 0.273607
vt 0.101021 0.258232
vt 0.291792 0.106472
vt 0.311469 0.112824
vt 0.304269 0.116542
vt 0.425396 0.294470
vt 0.432741 0.296859
vt 0.416393 0.293162
vt 0.048413 0.244052
vt 0.055866 0.245613
vt 0.039625 0.241697
vt 0.032858 0.239446
vt 0.363546 0.401486
vt 0.363317 0.392405
vt 0.097709 0.246099
vt 0.106495 0.244510
vt 0.093574 0.261597
vt 0.295509 0.118801
vt 0.315076 0.125402
vt 0.307821 0.128985
vt 0.427344 0.281191
vt 0.434707 0.283546
vt 0.418294 0.280094
vt 0.051611 0.231157
vt 0.059152 0.232410
vt 0.042736 0.229082
vt 0.035918 0.226978
vt 0.352376 0.401275
vt 0.352181 0.392178
vt 0.094828 0.233941
vt 0.103679 0.232558
vt 0.089933 0.249301
vt 0.298969 0.130982
vt 0.310482 0.140985
vt 0.428474 0.268351
vt 0.435066 0.270421
vt 0.420352 0.267568
vt 0.053993 0.217943
vt 0.060802 0.218771
vt 0.045994 0.216356
vt 0.039861 0.214616
vt 0.340637 0.400593
vt 0.340494 0.392454
vt 0.100548 0.220991
vt 0.086968 0.236853
vt 0.092589 0.222032
vt 0.302499 0.142521
vt 0.317009 0.137912
vt 0.312566 0.152816
vt 0.429128 0.255772
vt 0.434774 0.257512
vt 0.422156 0.255279
vt 0.055826 0.204594
vt 0.061702 0.205039
vt 0.048935 0.203479
vt 0.043659 0.202118
vt 0.328903 0.399728
vt 0.328808 0.392759
vt 0.097632 0.209291
vt 0.085496 0.224355
vt 0.090786 0.210003
vt 0.305682 0.153905
vt 0.319843 0.162743
vt 0.314522 0.164995
vt 0.429782 0.243004
vt 0.435110 0.244614
vt 0.423192 0.242712
vt 0.057463 0.191379
vt 0.063041 0.191536
vt 0.050927 0.190567
vt 0.045930 0.189411
vt 0.318109 0.399057
vt 0.318045 0.392483
vt 0.095659 0.197002
vt 0.084668 0.211736
vt 0.089176 0.197495
vt 0.307988 0.165800
vt 0.321748 0.175288
vt 0.316249 0.177479
vt 0.430335 0.230052
vt 0.435822 0.231677
vt 0.423542 0.229936
vt 0.058805 0.178286
vt 0.064575 0.178166
vt 0.052049 0.177710
vt 0.046887 0.176657
vt 0.308213 0.398508
vt 0.308173 0.391739
vt 0.087838 0.184651
vt 0.094535 0.184338
vt 0.083366 0.198874
vt 0.309489 0.178070
vt 0.322621 0.187676
vt 0.317255 0.189681
vt 0.430284 0.217464
vt 0.435623 0.219013
vt 0.423670 0.217535
vt 0.059460 0.165086
vt 0.065090 0.164682
vt 0.052868 0.164789
vt 0.047833 0.163905
vt 0.298317 0.397701
vt 0.298305 0.391114
vt 0.087054 0.171827
vt 0.093585 0.171720
vt 0.081826 0.185794
vt 0.310653 0.190014
vt 0.363657 0.701116
vt 0.351628 0.696406
vt 0.361682 0.694953
vt 0.352339 0.707310
vt 0.353258 0.701763
vt 0.423714 0.205787
vt 0.429452 0.205562
vt 0.059284 0.151705
vt 0.064175 0.151096
vt 0.053556 0.151685
vt 0.049180 0.151044
vt 0.288060 0.396506
vt 0.288071 0.390788
vt 0.092596 0.159170
vt 0.081181 0.172655
vt 0.086920 0.159081
vt 0.311615 0.201373
vt 0.341165 0.697769
vt 0.341713 0.707027
vt 0.342470 0.702319
vt 0.423316 0.194314
vt 0.428177 0.193982
vt 0.058516 0.138357
vt 0.062659 0.137613
vt 0.053661 0.138550
vt 0.049949 0.138117
vt 0.278165 0.395189
vt 0.278192 0.390337
vt 0.092092 0.146450
vt 0.081810 0.159542
vt 0.087275 0.146216
vt 0.317359 0.201299
vt 0.312003 0.212600
vt 0.331942 0.702729
vt 0.330788 0.698424
vt 0.331248 0.707182
vt 0.422164 0.182715
vt 0.426747 0.182265
vt 0.057366 0.125260
vt 0.061265 0.124335
vt 0.052791 0.125646
vt 0.049286 0.125346
vt 0.095550 0.146992
vt 0.092534 0.133528
vt 0.095801 0.134068
vt 0.082940 0.146378
vt 0.087987 0.133149
vt 0.316878 0.212726
vt 0.311487 0.224108
vt 0.321276 0.703018
vt 0.320203 0.698679
vt 0.320602 0.707503
vt 0.420394 0.171201
vt 0.424989 0.170610
vt 0.055698 0.112369
vt 0.059594 0.111208
vt 0.051117 0.112970
vt 0.262932 0.185366
vt 0.258808 0.174016
vt 0.263191 0.174973
vt 0.258582 0.184326
vt 0.254357 0.174761
vt 0.089149 0.120024
vt 0.093715 0.120568
vt 0.083895 0.133077
vt 0.316087 0.224411
vt 0.310202 0.235649
vt 0.309825 0.703234
vt 0.308916 0.699199
vt 0.309224 0.707406
vt 0.418325 0.160312
vt 0.422572 0.159634
vt 0.053242 0.099519
vt 0.056823 0.098223
vt 0.049018 0.100279
vt 0.258906 0.163637
vt 0.262982 0.164437
vt 0.254767 0.164305
vt 0.090950 0.106972
vt 0.095175 0.107635
vt 0.085047 0.119716
vt 0.314816 0.236143
vt 0.308468 0.246696
vt 0.296969 0.700032
vt 0.297167 0.706842
vt 0.297644 0.703380
vt 0.415981 0.150170
vt 0.419478 0.149502
vt 0.049957 0.086725
vt 0.052884 0.085466
vt 0.046492 0.087525
vt 0.258870 0.153170
vt 0.262251 0.153753
vt 0.255434 0.153702
vt 0.096905 0.094674
vt 0.087164 0.106460
vt 0.093423 0.093990
vt 0.312728 0.247333
vt 0.306297 0.257161
vt 0.284766 0.700643
vt 0.284878 0.706271
vt 0.285254 0.703409
vt 0.413092 0.140411
vt 0.415955 0.139773
vt 0.046034 0.074201
vt 0.048406 0.073006
vt 0.043213 0.075004
vt 0.258712 0.142149
vt 0.261505 0.142560
vt 0.255872 0.142570
vt 0.099296 0.081740
vt 0.090313 0.093373
vt 0.096443 0.081062
vt 0.309798 0.257838
vt 0.303408 0.267393
vt 0.272849 0.703295
vt 0.272469 0.700751
vt 0.272522 0.705930
vt 0.409505 0.130823
vt 0.412110 0.130158
vt 0.041574 0.062095
vt 0.043704 0.060854
vt 0.039025 0.062966
vt 0.258443 0.130443
vt 0.261011 0.130752
vt 0.255828 0.130812
vt 0.102539 0.068988
vt 0.093908 0.080389
vt 0.099942 0.068259
vt 0.306264 0.268076
vt 0.299646 0.277563
vt 0.260191 0.703060
vt 0.259901 0.700657
vt 0.259900 0.705552
vt 0.405372 0.121696
vt 0.407801 0.120996
vt 0.036454 0.050362
vt 0.038408 0.049054
vt 0.034098 0.051311
vt 0.258046 0.118345
vt 0.260471 0.118567
vt 0.255573 0.118676
vt 0.106427 0.056447
vt 0.097649 0.067487
vt 0.104004 0.055656
vt 0.302233 0.278305
vt 0.295159 0.287397
vt 0.246945 0.700706
vt 0.246897 0.704839
vt 0.247127 0.702733
vt 0.400882 0.113402
vt 0.402902 0.112753
vt 0.030532 0.038931
vt 0.032124 0.037713
vt 0.028596 0.039837
vt 0.257502 0.106072
vt 0.259547 0.106197
vt 0.255412 0.106335
vt 0.110752 0.044029
vt 0.101881 0.054781
vt 0.108738 0.043275
vt 0.297556 0.288206
vt 0.290125 0.296580
vt 0.233725 0.700805
vt 0.233653 0.703870
vt 0.233812 0.702307
vt 0.233310 0.704898
vt 0.023845 0.027887
vt 0.024976 0.026901
vt 0.022453 0.028637
vt 0.256810 0.093555
vt 0.258324 0.093599
vt 0.255257 0.093738
vt 0.115594 0.031775
vt 0.106991 0.042412
vt 0.114127 0.031152
vt 0.292101 0.297352
vt 0.284501 0.305127
vt 0.220405 0.700664
vt 0.220325 0.702893
vt 0.220431 0.701755
vt 0.220126 0.703645
vt 0.016516 0.017395
vt 0.017298 0.016619
vt 0.015541 0.017996
vt 0.255981 0.080712
vt 0.257080 0.080707
vt 0.254850 0.080836
vt 0.121121 0.019888
vt 0.112869 0.030419
vt 0.120077 0.019389
vt 0.285926 0.305764
vt 0.278140 0.313212
vt 0.207059 0.701076
vt 0.207053 0.700255
vt 0.206982 0.701934
vt 0.009140 0.006921
vt 0.008568 0.007527
vt 0.255842 0.067557
vt 0.254164 0.067665
vt 0.255016 0.067575
vt 0.126573 0.008050
vt 0.127351 0.008443
vt 0.125922 0.007573
vt 0.271782 0.321206
vt 0.271041 0.320807
vt 0.360643 0.872705
vt 0.390542 0.891789
vt 0.372063 0.905604
vt 0.382052 0.990064
vt 0.379891 0.991636
vt 0.379380 0.990030
vt 0.707107 0.580998
vt 0.718287 0.573299
vt 0.718271 0.581568
vt 0.666979 0.251860
vt 0.673403 0.240207
vt 0.676373 0.248047
vt 0.655594 0.256116
vt 0.663974 0.243885
vt 0.763932 0.773422
vt 0.773978 0.767134
vt 0.774008 0.775423
vt 0.751774 0.773555
vt 0.763915 0.765031
vt 0.656791 0.611283
vt 0.650665 0.600163
vt 0.659614 0.602933
vt 0.647852 0.608442
vt 0.639139 0.596398
vt 0.636355 0.604540
vt 0.629440 0.593075
vt 0.018354 0.220741
vt 0.009083 0.210367
vt 0.020757 0.213366
vt 0.730143 0.581285
vt 0.730143 0.572992
vt 0.707139 0.572660
vt 0.718478 0.565054
vt 0.669393 0.232864
vt 0.652552 0.247991
vt 0.660724 0.235968
vt 0.643500 0.250957
vt 0.650230 0.239434
vt 0.751774 0.765140
vt 0.763462 0.757031
vt 0.652735 0.591440
vt 0.660923 0.593836
vt 0.642164 0.588259
vt 0.633247 0.585509
vt 0.011807 0.203971
vt 0.022491 0.206517
vt 0.729273 0.564730
vt 0.708329 0.564342
vt 0.718758 0.556636
vt 0.664975 0.225571
vt 0.657473 0.228006
vt 0.641921 0.241939
vt 0.648401 0.230726
vt 0.752408 0.757087
vt 0.762833 0.749438
vt 0.654298 0.582620
vt 0.661349 0.584559
vt 0.645173 0.580121
vt 0.637458 0.578017
vt 0.014650 0.197760
vt 0.023854 0.199773
vt 0.728010 0.556316
vt 0.710061 0.555908
vt 0.718914 0.548448
vt 0.661883 0.217850
vt 0.654848 0.219889
vt 0.641224 0.232693
vt 0.646346 0.222169
vt 0.753360 0.749446
vt 0.762662 0.741500
vt 0.656141 0.573933
vt 0.662723 0.575620
vt 0.647603 0.571836
vt 0.640369 0.570131
vt 0.016868 0.190769
vt 0.025463 0.192471
vt 0.727512 0.548110
vt 0.710832 0.547655
vt 0.718935 0.540644
vt 0.660230 0.209774
vt 0.652893 0.211636
vt 0.770515 0.735360
vt 0.769955 0.743517
vt 0.753860 0.741470
vt 0.762979 0.733089
vt 0.665141 0.566921
vt 0.658307 0.565302
vt 0.641880 0.561893
vt 0.649422 0.563381
vt 0.027319 0.184640
vt 0.727825 0.540250
vt 0.710581 0.539698
vt 0.719015 0.532832
vt 0.658488 0.201740
vt 0.644034 0.213720
vt 0.651080 0.203344
vt 0.637036 0.215229
vt 0.642141 0.205141
vt 0.753879 0.733016
vt 0.763224 0.724942
vt 0.660055 0.556566
vt 0.666929 0.558055
vt 0.651101 0.554905
vt 0.643488 0.553705
vt 0.019872 0.175472
vt 0.028855 0.176849
vt 0.727922 0.532392
vt 0.710647 0.531753
vt 0.719262 0.524643
vt 0.655792 0.193857
vt 0.649117 0.195044
vt 0.635085 0.206445
vt 0.641067 0.196377
vt 0.754109 0.724826
vt 0.763087 0.717609
vt 0.660944 0.547756
vt 0.667117 0.548962
vt 0.652891 0.546518
vt 0.646033 0.545720
vt 0.021694 0.168306
vt 0.029765 0.169349
vt 0.727233 0.524206
vt 0.711776 0.523554
vt 0.719561 0.516342
vt 0.653102 0.185896
vt 0.647352 0.186689
vt 0.634717 0.197347
vt 0.640422 0.187583
vt 0.754931 0.717466
vt 0.762909 0.710659
vt 0.661407 0.538979
vt 0.666709 0.539898
vt 0.654481 0.538142
vt 0.648576 0.537707
vt 0.023438 0.161078
vt 0.030373 0.161799
vt 0.726388 0.515930
vt 0.713152 0.515301
vt 0.719756 0.508497
vt 0.651691 0.177725
vt 0.646241 0.178252
vt 0.634959 0.188235
vt 0.639675 0.178849
vt 0.755927 0.710501
vt 0.763145 0.703337
vt 0.662036 0.530203
vt 0.667050 0.530958
vt 0.655479 0.529635
vt 0.649883 0.529471
vt 0.024526 0.153351
vt 0.031089 0.153861
vt 0.726199 0.508072
vt 0.713712 0.507409
vt 0.719877 0.501132
vt 0.651349 0.169466
vt 0.645718 0.169770
vt 0.634501 0.179288
vt 0.638937 0.170119
vt 0.756558 0.703155
vt 0.763716 0.695716
vt 0.667883 0.522022
vt 0.655942 0.521019
vt 0.662711 0.521365
vt 0.650163 0.521114
vt 0.025041 0.145319
vt 0.031814 0.145658
vt 0.726513 0.500656
vt 0.713654 0.499899
vt 0.720076 0.493672
vt 0.650858 0.161227
vt 0.645369 0.161279
vt 0.633595 0.170381
vt 0.638759 0.161350
vt 0.756934 0.695494
vt 0.764180 0.688611
vt 0.662823 0.512558
vt 0.667862 0.513074
vt 0.656228 0.512462
vt 0.650596 0.512823
vt 0.025527 0.137374
vt 0.032129 0.137514
vt 0.726537 0.493169
vt 0.714021 0.492359
vt 0.720406 0.485821
vt 0.649835 0.152955
vt 0.645070 0.152781
vt 0.633554 0.161411
vt 0.639332 0.152599
vt 0.757581 0.688360
vt 0.764390 0.682396
vt 0.662166 0.503919
vt 0.666541 0.504256
vt 0.656441 0.504054
vt 0.651553 0.504609
vt 0.026157 0.129533
vt 0.031894 0.129482
vt 0.726018 0.485350
vt 0.715150 0.484582
vt 0.720758 0.478052
vt 0.649176 0.144619
vt 0.645141 0.144278
vt 0.634813 0.152477
vt 0.640282 0.143908
vt 0.758662 0.682148
vt 0.764663 0.676502
vt 0.661155 0.495386
vt 0.664864 0.495575
vt 0.656306 0.495692
vt 0.652169 0.496376
vt 0.026519 0.121560
vt 0.031386 0.121364
vt 0.725523 0.477623
vt 0.716300 0.476915
vt 0.721033 0.470928
vt 0.649661 0.136314
vt 0.645864 0.135803
vt 0.636455 0.143652
vt 0.641289 0.135244
vt 0.759804 0.676266
vt 0.765288 0.670318
vt 0.660149 0.486791
vt 0.663648 0.486875
vt 0.655581 0.487268
vt 0.651689 0.488122
vt 0.026251 0.113403
vt 0.030846 0.113068
vt 0.725541 0.470495
vt 0.716819 0.469771
vt 0.721279 0.464287
vt 0.650910 0.128096
vt 0.647112 0.127384
vt 0.637685 0.134850
vt 0.642536 0.126603
vt 0.760694 0.670070
vt 0.766125 0.664116
vt 0.658944 0.478177
vt 0.662455 0.478162
vt 0.654370 0.478850
vt 0.650480 0.479925
vt 0.025523 0.105207
vt 0.030139 0.104713
vt 0.725821 0.463823
vt 0.717037 0.463040
vt 0.721606 0.457533
vt 0.652105 0.119869
vt 0.648610 0.119020
vt 0.638929 0.126052
vt 0.644395 0.118087
vt 0.011842 0.409282
vt 0.007203 0.415405
vt 0.007238 0.409700
vt 0.657134 0.469796
vt 0.660382 0.469689
vt 0.652916 0.470607
vt 0.649338 0.471811
vt 0.024703 0.097028
vt 0.028976 0.096418
vt 0.725831 0.457075
vt 0.717666 0.456296
vt 0.722027 0.450567
vt 0.653209 0.111581
vt 0.650348 0.110718
vt 0.641071 0.117425
vt 0.646894 0.109767
vt 0.011483 0.415037
vt 0.007444 0.421894
vt 0.654696 0.461759
vt 0.657372 0.461591
vt 0.651232 0.462588
vt 0.032545 0.095978
vt 0.027324 0.088168
vt 0.030258 0.087623
vt 0.023799 0.088803
vt 0.725535 0.450166
vt 0.718760 0.449478
vt 0.722453 0.443941
vt 0.654887 0.103373
vt 0.652563 0.102527
vt 0.644167 0.109092
vt 0.649754 0.101593
vt 0.010995 0.421608
vt 0.007598 0.428543
vt 0.013141 0.429388
vt 0.010532 0.428323
vt 0.649111 0.454697
vt 0.651935 0.453882
vt 0.025396 0.079923
vt 0.027790 0.079321
vt 0.022504 0.080556
vt 0.021027 0.089285
vt 0.719757 0.442990
vt 0.722833 0.438033
vt 0.657472 0.095405
vt 0.655379 0.094501
vt 0.647534 0.100929
vt 0.652844 0.093504
vt 0.007472 0.435080
vt 0.654128 0.453676
vt 0.648993 0.446011
vt 0.650990 0.445759
vt 0.646437 0.446882
vt 0.644298 0.448041
vt 0.020671 0.072408
vt 0.023308 0.071724
vt 0.020219 0.080979
vt 0.877032 0.818628
vt 0.875062 0.825612
vt 0.874664 0.819656
vt 0.660598 0.087627
vt 0.658669 0.086654
vt 0.650837 0.092795
vt 0.656328 0.085580
vt 0.010172 0.434895
vt 0.007275 0.441841
vt 0.012101 0.442515
vt 0.009827 0.441683
vt 0.643321 0.439244
vt 0.645691 0.438305
vt 0.641352 0.440468
vt 0.018463 0.064371
vt 0.020928 0.063626
vt 0.018574 0.072819
vt 0.877304 0.824687
vt 0.875401 0.831652
vt 0.663874 0.079903
vt 0.662295 0.078981
vt 0.654471 0.084816
vt 0.660373 0.077963
vt 0.007249 0.449127
vt 0.011326 0.449667
vt 0.009404 0.449010
vt 0.639901 0.431912
vt 0.641856 0.431021
vt 0.022940 0.062831
vt 0.018097 0.055639
vt 0.019758 0.054850
vt 0.016043 0.056352
vt 0.016487 0.064782
vt 0.877298 0.830915
vt 0.875714 0.837906
vt 0.667430 0.072274
vt 0.666299 0.071515
vt 0.658845 0.077237
vt 0.664921 0.070677
vt 0.007331 0.456795
vt 0.010358 0.457173
vt 0.008930 0.456721
vt 0.636145 0.424900
vt 0.637556 0.424166
vt 0.014845 0.047774
vt 0.016045 0.047101
vt 0.013345 0.048365
vt 0.014380 0.056717
vt 0.877124 0.837394
vt 0.876087 0.844627
vt 0.671584 0.064929
vt 0.670797 0.064323
vt 0.663820 0.070080
vt 0.669832 0.063654
vt 0.007322 0.464579
vt 0.009525 0.464836
vt 0.008485 0.464535
vt 0.631939 0.418153
vt 0.632933 0.417568
vt 0.011307 0.040093
vt 0.012152 0.039540
vt 0.010235 0.040569
vt 0.874112 0.837874
vt 0.874922 0.844614
vt 0.877304 0.851585
vt 0.876529 0.851834
vt 0.675794 0.057444
vt 0.676373 0.057920
vt 0.675084 0.056918
vt 0.674513 0.056544
vt 0.008078 0.472396
vt 0.007203 0.472426
vt 0.628014 0.411237
vt 0.631138 0.418884
vt 0.627279 0.411697
vt 0.007494 0.032634
vt 0.875652 0.851828
vt 0.510506 0.837975
vt 0.522067 0.873568
vt 0.498945 0.873529
vt 0.527974 0.989083
vt 0.528739 0.991699
vt 0.527209 0.991598
vt 0.537568 0.470027
vt 0.533008 0.455865
vt 0.543270 0.460897
vt 0.136277 0.713308
vt 0.127115 0.722813
vt 0.125964 0.712382
vt 0.137256 0.723738
vt 0.125842 0.734868
vt 0.163386 0.568513
vt 0.177661 0.573005
vt 0.168056 0.577323
vt 0.158441 0.557400
vt 0.173043 0.564187
vt 0.155110 0.548228
vt 0.168254 0.553023
vt 0.541061 0.234100
vt 0.546809 0.218830
vt 0.551852 0.228599
vt 0.531888 0.239136
vt 0.535950 0.224162
vt 0.015565 0.917641
vt 0.007846 0.928389
vt 0.007811 0.916383
vt 0.547130 0.476857
vt 0.552902 0.467582
vt 0.539020 0.447657
vt 0.548558 0.451900
vt 0.116725 0.722457
vt 0.115357 0.712935
vt 0.115709 0.733443
vt 0.186627 0.567754
vt 0.182511 0.559687
vt 0.165123 0.543779
vt 0.178434 0.549406
vt 0.541441 0.209254
vt 0.526754 0.229118
vt 0.531406 0.213801
vt 0.562373 0.462912
vt 0.558226 0.473365
vt 0.557478 0.457727
vt 0.545056 0.439655
vt 0.553397 0.442978
vt 0.106079 0.722448
vt 0.104617 0.714270
vt 0.105336 0.731871
vt 0.195604 0.562123
vt 0.192158 0.555178
vt 0.175952 0.540839
vt 0.188923 0.546268
vt 0.536134 0.199766
vt 0.522970 0.218176
vt 0.527408 0.203378
vt 0.607038 0.931336
vt 0.600041 0.941464
vt 0.600006 0.931986
vt 0.561170 0.447732
vt 0.550075 0.430813
vt 0.557977 0.433588
vt 0.096042 0.722316
vt 0.094402 0.714704
vt 0.095475 0.731077
vt 0.205027 0.557926
vt 0.201905 0.551441
vt 0.187135 0.538797
vt 0.199156 0.543072
vt 0.531649 0.189837
vt 0.520123 0.207002
vt 0.523426 0.192912
vt 0.569293 0.441752
vt 0.565408 0.452102
vt 0.565317 0.437766
vt 0.562304 0.423655
vt 0.084804 0.714183
vt 0.086801 0.722060
vt 0.214733 0.555317
vt 0.211593 0.548584
vt 0.197831 0.536015
vt 0.209034 0.539843
vt 0.528026 0.179417
vt 0.516607 0.196154
vt 0.519410 0.182285
vt 0.785329 0.333941
vt 0.778352 0.323912
vt 0.785329 0.325209
vt 0.570011 0.427711
vt 0.557666 0.411548
vt 0.566143 0.413705
vt 0.077580 0.722118
vt 0.075268 0.714227
vt 0.086348 0.731120
vt 0.224375 0.552706
vt 0.221323 0.545932
vt 0.208033 0.532434
vt 0.219060 0.537094
vt 0.524642 0.169012
vt 0.512310 0.185499
vt 0.515902 0.171556
vt 0.578169 0.421442
vt 0.574160 0.431749
vt 0.573974 0.417484
vt 0.561618 0.402535
vt 0.569320 0.404114
vt 0.067808 0.722736
vt 0.065452 0.715682
vt 0.067650 0.730853
vt 0.233968 0.549160
vt 0.231327 0.543076
vt 0.218448 0.529567
vt 0.229584 0.535101
vt 0.521185 0.158966
vt 0.508744 0.174629
vt 0.513276 0.160930
vt 0.696183 0.069296
vt 0.686892 0.075994
vt 0.687123 0.068223
vt 0.576419 0.407226
vt 0.565250 0.393552
vt 0.571934 0.394585
vt 0.058013 0.723669
vt 0.055747 0.717643
vt 0.057988 0.730613
vt 0.243685 0.545700
vt 0.241503 0.540473
vt 0.229405 0.528281
vt 0.240264 0.533595
vt 0.518075 0.148998
vt 0.506833 0.163541
vt 0.511234 0.150397
vt 0.695003 0.076904
vt 0.686815 0.084420
vt 0.578082 0.397006
vt 0.567779 0.383960
vt 0.574157 0.384618
vt 0.049098 0.724589
vt 0.046721 0.718923
vt 0.253440 0.543713
vt 0.251460 0.538767
vt 0.240442 0.527694
vt 0.250541 0.532241
vt 0.515825 0.138664
vt 0.505688 0.152508
vt 0.509316 0.139706
vt 0.693764 0.085151
vt 0.686561 0.092272
vt 0.580015 0.386660
vt 0.575934 0.374281
vt 0.038345 0.719755
vt 0.049178 0.731131
vt 0.041040 0.725562
vt 0.263062 0.542993
vt 0.261107 0.537888
vt 0.251034 0.526626
vt 0.260428 0.531138
vt 0.514361 0.128043
vt 0.504061 0.141575
vt 0.507613 0.128818
vt 0.693121 0.092911
vt 0.686193 0.099884
vt 0.582013 0.376121
vt 0.570546 0.364161
vt 0.577034 0.364141
vt 0.032985 0.726932
vt 0.030123 0.721318
vt 0.041230 0.732285
vt 0.272649 0.542223
vt 0.270832 0.537247
vt 0.261284 0.525322
vt 0.270441 0.530661
vt 0.513235 0.117644
vt 0.502183 0.130611
vt 0.506636 0.118096
vt 0.692951 0.100483
vt 0.686046 0.108397
vt 0.582983 0.365665
vt 0.571709 0.354798
vt 0.577359 0.354468
vt 0.024577 0.728832
vt 0.021886 0.723998
vt 0.033274 0.733459
vt 0.282385 0.540988
vt 0.280883 0.536663
vt 0.271623 0.524983
vt 0.280783 0.530943
vt 0.512327 0.107697
vt 0.681266 0.119828
vt 0.680329 0.110573
vt 0.692626 0.108917
vt 0.686231 0.118037
vt 0.582539 0.355551
vt 0.572241 0.345458
vt 0.577032 0.344903
vt 0.016526 0.731028
vt 0.014072 0.726968
vt 0.024916 0.734482
vt 0.729369 0.357997
vt 0.734442 0.349964
vt 0.735085 0.357502
vt 0.290886 0.536603
vt 0.282123 0.526012
vt 0.291010 0.531759
vt 0.506583 0.107819
vt 0.511992 0.097895
vt 0.682299 0.129420
vt 0.691946 0.118427
vt 0.686515 0.127991
vt 0.581428 0.345611
vt 0.571652 0.335851
vt 0.576161 0.335059
vt 0.009586 0.733288
vt 0.007110 0.729497
vt 0.738076 0.342591
vt 0.738633 0.351288
vt 0.729588 0.350328
vt 0.734113 0.341433
vt 0.300325 0.537470
vt 0.292417 0.527589
vt 0.300642 0.532910
vt 0.507119 0.097763
vt 0.512538 0.087924
vt 0.682706 0.138985
vt 0.691366 0.128266
vt 0.686696 0.137726
vt 0.580303 0.335523
vt 0.570157 0.326221
vt 0.574657 0.325149
vt 0.568498 0.337596
vt 0.737988 0.333370
vt 0.729521 0.341717
vt 0.733995 0.332304
vt 0.309281 0.539077
vt 0.302233 0.528997
vt 0.309805 0.534519
vt 0.507945 0.087572
vt 0.513838 0.077981
vt 0.682859 0.148762
vt 0.691283 0.137928
vt 0.686882 0.147595
vt 0.578798 0.325405
vt 0.568242 0.316962
vt 0.572367 0.315706
vt 0.565376 0.319031
vt 0.737573 0.323994
vt 0.729369 0.332527
vt 0.733858 0.323104
vt 0.318261 0.541035
vt 0.311671 0.530626
vt 0.318938 0.536844
vt 0.509241 0.077394
vt 0.515589 0.068519
vt 0.683553 0.159055
vt 0.691501 0.147734
vt 0.687299 0.158069
vt 0.576174 0.315744
vt 0.565927 0.308121
vt 0.569283 0.306862
vt 0.563608 0.310021
vt 0.736776 0.314430
vt 0.729556 0.323247
vt 0.733690 0.313779
vt 0.327347 0.543354
vt 0.320918 0.533286
vt 0.328065 0.539926
vt 0.511358 0.067756
vt 0.517775 0.059652
vt 0.684845 0.169758
vt 0.691592 0.158135
vt 0.687958 0.169027
vt 0.694166 0.169753
vt 0.691519 0.169026
vt 0.562801 0.299491
vt 0.565502 0.298272
vt 0.560947 0.301212
vt 0.736236 0.304475
vt 0.730121 0.313841
vt 0.733683 0.304014
vt 0.336005 0.546356
vt 0.329911 0.537041
vt 0.336726 0.543576
vt 0.514314 0.058838
vt 0.520654 0.051106
vt 0.686109 0.180591
vt 0.688687 0.180064
vt 0.693804 0.180456
vt 0.691626 0.180012
vt 0.558658 0.291023
vt 0.561061 0.289738
vt 0.557022 0.292745
vt 0.736287 0.294153
vt 0.730735 0.304014
vt 0.733935 0.293803
vt 0.343829 0.550177
vt 0.338415 0.541262
vt 0.344606 0.547677
vt 0.517846 0.050287
vt 0.524366 0.042738
vt 0.687021 0.191485
vt 0.689399 0.191074
vt 0.694095 0.191233
vt 0.692101 0.190977
vt 0.553727 0.282923
vt 0.555906 0.281557
vt 0.552261 0.284678
vt 0.736569 0.283639
vt 0.731223 0.293754
vt 0.734340 0.283381
vt 0.351046 0.554638
vt 0.346307 0.545625
vt 0.351885 0.552340
vt 0.521842 0.041851
vt 0.528764 0.034804
vt 0.687939 0.202502
vt 0.690194 0.202186
vt 0.694618 0.202137
vt 0.692745 0.202047
vt 0.548262 0.275387
vt 0.550010 0.274108
vt 0.547103 0.276973
vt 0.736676 0.273007
vt 0.731779 0.283287
vt 0.734788 0.272853
vt 0.358024 0.559587
vt 0.353626 0.550486
vt 0.358816 0.557711
vt 0.526447 0.033843
vt 0.533662 0.027619
vt 0.689261 0.213590
vt 0.691171 0.213387
vt 0.694892 0.213169
vt 0.693322 0.213226
vt 0.542201 0.268427
vt 0.543419 0.267390
vt 0.541409 0.269678
vt 0.736721 0.262255
vt 0.732628 0.272729
vt 0.735316 0.262189
vt 0.731020 0.272684
vt 0.733715 0.262064
vt 0.360393 0.556230
vt 0.365268 0.563749
vt 0.531773 0.026709
vt 0.539083 0.021193
vt 0.690869 0.224615
vt 0.692292 0.224512
vt 0.695040 0.224215
vt 0.693885 0.224359
vt 0.535368 0.262007
vt 0.536188 0.261192
vt 0.534847 0.262968
vt 0.737042 0.251470
vt 0.736016 0.251457
vt 0.732530 0.261928
vt 0.734853 0.251342
vt 0.366512 0.562721
vt 0.370912 0.570299
vt 0.537739 0.020449
vt 0.545152 0.015372
vt 0.692430 0.235516
vt 0.693470 0.235477
vt 0.695459 0.235159
vt 0.694627 0.235341
vt 0.528361 0.255547
vt 0.527770 0.256182
vt 0.737673 0.240728
vt 0.736024 0.240635
vt 0.736899 0.240732
vt 0.735383 0.240474
vt 0.376392 0.576827
vt 0.375658 0.577323
vt 0.551172 0.009738
vt 0.551852 0.010196
vt 0.694689 0.246195
vt 0.693905 0.246211
vt 0.695559 0.246083
vt 0.014727 0.864740
vt 0.043865 0.888141
vt 0.025857 0.899944
vt 0.090758 0.381262
vt 0.092888 0.379562
vt 0.093390 0.381001
vt 0.348761 0.808504
vt 0.349723 0.802134
vt 0.354969 0.807483
vt 0.982485 0.661716
vt 0.978825 0.663638
vt 0.978825 0.657874
vt 0.351858 0.813618
vt 0.344193 0.813108
vt 0.342329 0.805458
vt 0.983429 0.657334
vt 0.832451 0.584257
vt 0.831109 0.577716
vt 0.835669 0.580263
vt 0.840746 0.298307
vt 0.842562 0.305198
vt 0.837579 0.301840
vt 0.733546 0.862749
vt 0.727356 0.858750
vt 0.733487 0.858017
vt 0.094960 0.920870
vt 0.088433 0.921042
vt 0.090766 0.917303
vt 0.814171 0.665978
vt 0.816163 0.661891
vt 0.818031 0.668681
vt 0.836596 0.587816
vt 0.837097 0.294488
vt 0.739187 0.864640
vt 0.099050 0.918256
vt 0.855574 0.381153
vt 0.848369 0.384486
vt 0.849803 0.379346
vt 0.050940 0.012769
vt 0.050251 0.019883
vt 0.047048 0.013701
vt 0.814519 0.266504
vt 0.813804 0.273475
vt 0.810893 0.268026
vt 0.844819 0.441608
vt 0.841582 0.447076
vt 0.840560 0.440722
vt 0.201511 0.723228
vt 0.207709 0.724792
vt 0.198214 0.731601
vt 0.184004 0.763930
vt 0.188168 0.770191
vt 0.181411 0.769872
vt 0.186609 0.756741
vt 0.190379 0.764608
vt 0.189807 0.747853
vt 0.194616 0.755900
vt 0.945224 0.127409
vt 0.940192 0.130181
vt 0.940192 0.122481
vt 0.195361 0.735798
vt 0.199561 0.743903
vt 0.192038 0.744375
vt 0.198098 0.729579
vt 0.201568 0.738958
vt 0.342432 0.938852
vt 0.337578 0.946156
vt 0.336588 0.938852
vt 0.194751 0.770524
vt 0.197644 0.764387
vt 0.202250 0.770865
vt 0.197470 0.749136
vt 0.203078 0.755846
vt 0.206052 0.764233
vt 0.209282 0.771206
vt 0.205049 0.749775
vt 0.208539 0.757784
vt 0.214235 0.764431
vt 0.216642 0.771559
vt 0.205768 0.745668
vt 0.732057 0.974939
vt 0.732057 0.967702
vt 0.737218 0.973511
vt 0.212940 0.750022
vt 0.216393 0.757913
vt 0.220742 0.764981
vt 0.225720 0.771976
vt 0.205579 0.729946
vt 0.208844 0.738876
vt 0.215883 0.743093
vt 0.220690 0.750411
vt 0.226869 0.757295
vt 0.226197 0.765577
vt 0.231261 0.772265
vt 0.340607 0.949469
vt 0.213522 0.729626
vt 0.217932 0.737108
vt 0.224646 0.742751
vt 0.229281 0.750404
vt 0.641213 0.287356
vt 0.636510 0.279164
vt 0.641955 0.279583
vt 0.637346 0.272388
vt 0.227911 0.759519
vt 0.234411 0.765807
vt 0.844094 0.434290
vt 0.183303 0.776409
vt 0.190489 0.776982
vt 0.198581 0.777801
vt 0.203090 0.776951
vt 0.209842 0.777331
vt 0.218722 0.778185
vt 0.231553 0.779684
vt 0.185376 0.783638
vt 0.193069 0.784581
vt 0.187695 0.791835
vt 0.760189 0.339602
vt 0.756129 0.334027
vt 0.762688 0.331896
vt 0.756129 0.327043
vt 0.761722 0.323946
vt 0.198814 0.783038
vt 0.196374 0.794043
vt 0.190157 0.799938
vt 0.209136 0.785747
vt 0.203301 0.792432
vt 0.199613 0.803685
vt 0.399032 0.919877
vt 0.391115 0.923113
vt 0.388904 0.918203
vt 0.217008 0.786101
vt 0.210717 0.792462
vt 0.205036 0.798840
vt 0.925414 0.718823
vt 0.920829 0.714191
vt 0.925414 0.706489
vt 0.918665 0.705398
vt 0.398636 0.926302
vt 0.392167 0.928024
vt 0.229061 0.788179
vt 0.219597 0.793656
vt 0.213454 0.800120
vt 0.206398 0.804421
vt 0.200274 0.806932
vt 0.989089 0.622603
vt 0.983796 0.617828
vt 0.989089 0.617219
vt 0.399032 0.931074
vt 0.201130 0.810356
vt 0.195878 0.815645
vt 0.193746 0.808916
vt 0.836534 0.447088
vt 0.838674 0.454230
vt 0.833150 0.455399
vt 0.836602 0.462335
vt 0.227427 0.793963
vt 0.221205 0.800448
vt 0.216964 0.808873
vt 0.209927 0.813644
vt 0.203246 0.816979
vt 0.813327 0.260946
vt 0.175080 0.773888
vt 0.177345 0.781031
vt 0.179328 0.789008
vt 0.181965 0.794989
vt 0.192207 0.805442
vt 0.183940 0.807153
vt 0.186509 0.811494
vt 0.188819 0.817565
vt 0.169254 0.778039
vt 0.170974 0.785796
vt 0.162026 0.782933
vt 0.173498 0.793005
vt 0.165320 0.789781
vt 0.551697 0.544580
vt 0.551853 0.552761
vt 0.546987 0.548792
vt 0.175767 0.800651
vt 0.054704 0.955618
vt 0.059430 0.960968
vt 0.054704 0.963619
vt 0.357873 0.919553
vt 0.363657 0.923681
vt 0.357873 0.928423
vt 0.362026 0.932489
vt 0.160784 0.792808
vt 0.158218 0.786033
vt 0.151940 0.790455
vt 0.176896 0.814133
vt 0.169332 0.805920
vt 0.169791 0.794031
vt 0.158707 0.805264
vt 0.150475 0.800855
vt 0.142550 0.796786
vt 0.180250 0.817874
vt 0.806959 0.281727
vt 0.806169 0.291148
vt 0.801273 0.284976
vt 0.171349 0.814894
vt 0.163853 0.809166
vt 0.011114 0.247626
vt 0.006785 0.243430
vt 0.011320 0.237301
vt 0.006785 0.232931
vt 0.152849 0.809117
vt 0.145459 0.804286
vt 0.045436 0.007159
vt 0.041909 0.014427
vt 0.808804 0.273868
vt 0.812910 0.280549
vt 0.811781 0.288034
vt 0.810145 0.296354
vt 0.166497 0.815975
vt 0.156456 0.815636
vt 0.447142 0.957231
vt 0.442322 0.963390
vt 0.439818 0.958549
vt 0.590058 0.960818
vt 0.584376 0.962204
vt 0.584376 0.954205
vt 0.144169 0.566502
vt 0.138509 0.573078
vt 0.138509 0.564203
vt 0.640998 0.970694
vt 0.634309 0.969058
vt 0.640998 0.963360
vt 0.189185 0.887174
vt 0.181895 0.892956
vt 0.179982 0.889157
vt 0.175207 0.765132
vt 0.168370 0.769271
vt 0.161410 0.773827
vt 0.546987 0.557513
vt 0.150454 0.782397
vt 0.146372 0.785981
vt 0.045982 0.021371
vt 0.168165 0.759519
vt 0.159362 0.763515
vt 0.602296 0.900792
vt 0.608412 0.906476
vt 0.602296 0.910254
vt 0.154539 0.778541
vt 0.155266 0.768756
vt 0.229231 0.954210
vt 0.224454 0.962204
vt 0.221510 0.954210
vt 0.610707 0.899089
vt 0.614113 0.903592
vt 0.148805 0.773380
vt 0.150559 0.763907
vt 0.157413 0.759689
vt 0.151705 0.754863
vt 0.160746 0.752594
vt 0.154772 0.747627
vt 0.144289 0.777674
vt 0.874245 0.452936
vt 0.872806 0.462118
vt 0.869759 0.456267
vt 0.145859 0.768445
vt 0.144894 0.759030
vt 0.962252 0.461292
vt 0.962252 0.453651
vt 0.967864 0.455435
vt 0.985477 0.761113
vt 0.986259 0.766933
vt 0.980512 0.766933
vt 0.920417 0.160020
vt 0.915859 0.154288
vt 0.922584 0.154262
vt 0.140744 0.790066
vt 0.144291 0.780602
vt 0.877690 0.445278
vt 0.880125 0.451441
vt 0.879153 0.459672
vt 0.877395 0.467186
vt 0.869759 0.471041
vt 0.875736 0.474642
vt 0.871657 0.478389
vt 0.875551 0.481102
vt 0.915859 0.161311
vt 0.850524 0.373450
vt 0.845392 0.377894
vt 0.050940 0.028534
vt 0.047207 0.030969
vt 0.049315 0.035375
vt 0.844730 0.343602
vt 0.850324 0.345963
vt 0.845787 0.352026
vt 0.848268 0.355180
vt 0.881549 0.464276
vt 0.855871 0.360925
vt 0.848365 0.359303
vt 0.850766 0.366565
vt 0.856460 0.368452
vt 0.858530 0.375550
vt 0.178166 0.758075
vt 0.608172 0.915509
vt 0.613145 0.911522
vt 0.161586 0.743971
vt 0.916912 0.149372
vt 0.846109 0.384036
vt 0.172638 0.753364
vt 0.180900 0.749918
vt 0.168199 0.749927
vt 0.175340 0.745562
vt 0.184067 0.742247
vt 0.944827 0.119430
vt 0.171338 0.743803
vt 0.149942 0.498082
vt 0.146070 0.494469
vt 0.151406 0.489707
vt 0.144146 0.486489
vt 0.151406 0.480277
vt 0.145154 0.477767
vt 0.187132 0.738600
vt 0.922508 0.146559
vt 0.744490 0.066750
vt 0.739576 0.071023
vt 0.739576 0.063789
vt 0.165124 0.737712
vt 0.172968 0.734005
vt 0.179640 0.743400
vt 0.181873 0.733814
vt 0.190278 0.729210
vt 0.748538 0.063338
vt 0.747265 0.069467
vt 0.742675 0.073955
vt 0.931055 0.182536
vt 0.931055 0.175011
vt 0.935319 0.178834
vt 0.935126 0.170215
vt 0.168790 0.732401
vt 0.175936 0.726403
vt 0.184715 0.725246
vt 0.750954 0.926085
vt 0.751368 0.933178
vt 0.746559 0.930571
vt 0.746559 0.938149
vt 0.969179 0.646658
vt 0.969179 0.639857
vt 0.974939 0.642030
vt 0.953581 0.318376
vt 0.950585 0.314761
vt 0.953714 0.312554
vt 0.950585 0.308991
vt 0.747645 0.074593
vt 0.740099 0.082167
vt 0.162192 0.736638
vt 0.163741 0.728237
vt 0.170907 0.723537
vt 0.178924 0.718345
vt 0.187888 0.713476
vt 0.192474 0.727734
vt 0.195538 0.719498
vt 0.987674 0.734388
vt 0.982973 0.734388
vt 0.986205 0.728938
vt 0.211959 0.721689
vt 0.211633 0.727480
vt 0.206625 0.721895
vt 0.979576 0.851834
vt 0.979576 0.845670
vt 0.984844 0.851027
vt 0.156736 0.328743
vt 0.150413 0.328358
vt 0.157066 0.323707
vt 0.157066 0.333024
vt 0.149256 0.333941
vt 0.857933 0.121201
vt 0.853886 0.123105
vt 0.856242 0.115423
vt 0.859623 0.126426
vt 0.855726 0.128306
vt 0.469354 0.916924
vt 0.468735 0.909398
vt 0.472223 0.913435
vt 0.472612 0.905689
vt 0.219834 0.724369
vt 0.217474 0.732681
vt 0.468735 0.901441
vt 0.983443 0.271681
vt 0.985280 0.266058
vt 0.987674 0.271681
vt 0.890039 0.869717
vt 0.887383 0.878170
vt 0.883823 0.869737
vt 0.876378 0.876205
vt 0.228916 0.728326
vt 0.225363 0.737114
vt 0.889065 0.884281
vt 0.880648 0.884354
vt 0.632126 0.303968
vt 0.634830 0.297787
vt 0.639583 0.309886
vt 0.640177 0.299945
vt 0.637684 0.292202
vt 0.642413 0.293463
vt 0.955129 0.340123
vt 0.951606 0.343847
vt 0.951606 0.335108
vt 0.953714 0.540335
vt 0.953714 0.549022
vt 0.949588 0.545754
vt 0.482933 0.143245
vt 0.486762 0.138052
vt 0.486762 0.147161
vt 0.881988 0.890541
vt 0.876201 0.892340
vt 0.587472 0.810014
vt 0.591385 0.818348
vt 0.586051 0.815127
vt 0.585516 0.824336
vt 0.632126 0.289720
vt 0.634143 0.284069
vt 0.659393 0.990504
vt 0.654436 0.985889
vt 0.659393 0.985514
vt 0.890039 0.894527
vt 0.884909 0.896242
vt 0.888567 0.889211
vt 0.875487 0.898529
vt 0.596700 0.821896
vt 0.595621 0.826809
vt 0.588591 0.831991
vt 0.583438 0.828763
vt 0.587150 0.836125
vt 0.582400 0.832798
vt 0.230584 0.986643
vt 0.234891 0.988425
vt 0.230584 0.991919
vt 0.096270 0.914627
vt 0.085510 0.913854
vt 0.094623 0.910790
vt 0.926829 0.370250
vt 0.924937 0.378220
vt 0.917642 0.374991
vt 0.915582 0.383467
vt 0.926829 0.382284
vt 0.383467 0.690594
vt 0.383467 0.701843
vt 0.378693 0.695343
vt 0.364609 0.362940
vt 0.370671 0.353656
vt 0.372147 0.362878
vt 0.599331 0.835513
vt 0.587072 0.839273
vt 0.853662 0.428384
vt 0.852683 0.435549
vt 0.849079 0.431807
vt 0.849169 0.439405
vt 0.847385 0.445911
vt 0.587803 0.855783
vt 0.582814 0.857031
vt 0.582400 0.849537
vt 0.850963 0.454428
vt 0.846416 0.456964
vt 0.848166 0.449384
vt 0.854590 0.459356
vt 0.849378 0.462366
vt 0.319791 0.937747
vt 0.315843 0.943809
vt 0.315843 0.932906
vt 0.632508 0.933904
vt 0.625198 0.933904
vt 0.626117 0.923397
vt 0.739744 0.859375
vt 0.747123 0.866824
vt 0.844094 0.451874
vt 0.839922 0.459942
vt 0.234891 0.792780
vt 0.231400 0.786367
vt 0.843284 0.465886
vt 0.838326 0.468750
vt 0.229403 0.800574
vt 0.851868 0.468816
vt 0.917869 0.851793
vt 0.923999 0.847298
vt 0.923999 0.856079
vt 0.847807 0.470697
vt 0.841069 0.475469
vt 0.230073 0.806913
vt 0.222669 0.807388
vt 0.690523 0.916478
vt 0.690523 0.926418
vt 0.685924 0.921679
vt 0.686424 0.929659
vt 0.921198 0.842636
vt 0.850862 0.476748
vt 0.846141 0.479466
vt 0.838137 0.486618
vt 0.226462 0.817874
vt 0.217214 0.815390
vt 0.982014 0.387813
vt 0.976896 0.393372
vt 0.976896 0.386937
vt 0.893091 0.746521
vt 0.887052 0.751401
vt 0.888834 0.744265
vt 0.883634 0.747076
vt 0.854664 0.480862
vt 0.849604 0.484970
vt 0.843497 0.490460
vt 0.825034 0.244027
vt 0.820441 0.249006
vt 0.819579 0.239373
vt 0.815523 0.248304
vt 0.816984 0.257492
vt 0.812198 0.255248
vt 0.894284 0.753821
vt 0.889230 0.757003
vt 0.884632 0.759695
vt 0.432589 0.520722
vt 0.433918 0.511188
vt 0.437140 0.518101
vt 0.442304 0.511077
vt 0.848768 0.491902
vt 0.843307 0.496667
vt 0.825316 0.250723
vt 0.821170 0.257170
vt 0.331609 0.376392
vt 0.329998 0.367855
vt 0.335356 0.368060
vt 0.332337 0.361820
vt 0.817795 0.263040
vt 0.818093 0.271246
vt 0.324590 0.351839
vt 0.332873 0.347244
vt 0.333310 0.353829
vt 0.824709 0.275691
vt 0.820362 0.280460
vt 0.820819 0.271514
vt 0.828507 0.280947
vt 0.824114 0.284539
vt 0.132375 0.030564
vt 0.138019 0.028151
vt 0.138671 0.036790
vt 0.833777 0.290870
vt 0.830841 0.293883
vt 0.831080 0.286852
vt 0.833413 0.297583
vt 0.817206 0.277453
vt 0.328816 0.343795
vt 0.335356 0.340081
vt 0.816716 0.285070
vt 0.819572 0.288393
vt 0.328901 0.335619
vt 0.332633 0.331639
vt 0.815230 0.292395
vt 0.827822 0.289445
vt 0.823504 0.293043
vt 0.819267 0.296883
vt 0.815172 0.300492
vt 0.808571 0.305903
vt 0.134839 0.023971
vt 0.138671 0.020163
vt 0.827253 0.297521
vt 0.822836 0.302156
vt 0.153390 0.400447
vt 0.153390 0.391184
vt 0.159433 0.397011
vt 0.157156 0.387070
vt 0.162726 0.393251
vt 0.162657 0.384289
vt 0.814117 0.309210
vt 0.447142 0.965034
vt 0.917664 0.826364
vt 0.914385 0.820614
vt 0.918339 0.821768
vt 0.918339 0.812677
vt 0.830994 0.301947
vt 0.826829 0.306183
vt 0.822139 0.311860
vt 0.818149 0.306097
vt 0.044663 0.589432
vt 0.049979 0.581392
vt 0.050940 0.590058
vt 0.976293 0.923999
vt 0.973438 0.917433
vt 0.977769 0.917433
vt 0.800947 0.982014
vt 0.801359 0.977243
vt 0.806554 0.981536
vt 0.806554 0.975588
vt 0.144331 0.572203
vt 0.834105 0.305657
vt 0.915141 0.811207
vt 0.830549 0.310365
vt 0.826345 0.315725
vt 0.982014 0.118230
vt 0.982014 0.124521
vt 0.976889 0.119118
vt 0.043902 0.580528
vt 0.050940 0.573803
vt 0.969279 0.026792
vt 0.969279 0.033960
vt 0.965286 0.030490
vt 0.193856 0.892412
vt 0.188410 0.892497
vt 0.192254 0.888106
vt 0.975813 0.980599
vt 0.975813 0.974031
vt 0.979184 0.976375
vt 0.897181 0.725261
vt 0.899271 0.720252
vt 0.900605 0.727313
vt 0.836196 0.524142
vt 0.840514 0.520967
vt 0.840500 0.528529
vt 0.487725 0.254249
vt 0.493837 0.250946
vt 0.492243 0.258309
vt 0.847245 0.600066
vt 0.851834 0.597232
vt 0.851821 0.605674
vt 0.843395 0.596445
vt 0.847021 0.591988
vt 0.839643 0.591893
vt 0.843180 0.587976
vt 0.839645 0.584211
vt 0.895500 0.717811
vt 0.901359 0.711470
vt 0.836176 0.516737
vt 0.839922 0.512578
vt 0.895500 0.709381
vt 0.897742 0.704804
vt 0.489982 0.246037
vt 0.956544 0.486762
vt 0.951464 0.486450
vt 0.955558 0.479325
vt 0.951464 0.477979
vt 0.858639 0.341404
vt 0.854473 0.348429
vt 0.851088 0.340924
vt 0.954884 0.573078
vt 0.954884 0.564852
vt 0.957959 0.568674
vt 0.139863 0.907019
vt 0.137649 0.899228
vt 0.144094 0.903234
vt 0.145746 0.893925
vt 0.476550 0.631093
vt 0.476935 0.622307
vt 0.481102 0.626807
vt 0.480634 0.617543
vt 0.860883 0.350488
vt 0.857100 0.356354
vt 0.846975 0.583944
vt 0.137649 0.891017
vt 0.142575 0.884878
vt 0.476550 0.612806
vt 0.865117 0.353912
vt 0.861620 0.359508
vt 0.858439 0.364321
vt 0.943809 0.705205
vt 0.943809 0.713123
vt 0.940493 0.708734
vt 0.940888 0.715993
vt 0.842989 0.580304
vt 0.904550 0.886894
vt 0.909849 0.880994
vt 0.908599 0.890039
vt 0.846969 0.575121
vt 0.851834 0.578945
vt 0.851100 0.570427
vt 0.864958 0.363158
vt 0.859580 0.367824
vt 0.979184 0.312716
vt 0.975030 0.307813
vt 0.979184 0.306187
vt 0.335537 0.048678
vt 0.339601 0.044049
vt 0.339601 0.052355
vt 0.861760 0.371938
vt 0.839396 0.576708
vt 0.842795 0.572333
vt 0.904550 0.878863
vt 0.908215 0.872489
vt 0.846735 0.566478
vt 0.850990 0.561191
vt 0.868814 0.371563
vt 0.865227 0.375625
vt 0.335982 0.039335
vt 0.973524 0.407646
vt 0.970763 0.414597
vt 0.968464 0.407646
vt 0.755450 0.634858
vt 0.756585 0.641346
vt 0.752362 0.639685
vt 0.753760 0.645250
vt 0.856694 0.385438
vt 0.860016 0.391387
vt 0.852830 0.390833
vt 0.835363 0.681536
vt 0.838445 0.677137
vt 0.840439 0.685325
vt 0.830504 0.680551
vt 0.833712 0.675420
vt 0.895091 0.069800
vt 0.889155 0.073666
vt 0.889155 0.065074
vt 0.901359 0.073437
vt 0.897491 0.077193
vt 0.820034 0.664700
vt 0.822469 0.670929
vt 0.844730 0.389204
vt 0.853168 0.396191
vt 0.846573 0.395254
vt 0.746367 0.081104
vt 0.809360 0.571859
vt 0.813629 0.568398
vt 0.813629 0.577323
vt 0.852359 0.406107
vt 0.846858 0.406102
vt 0.739913 0.089145
vt 0.166385 0.722099
vt 0.828338 0.672681
vt 0.831663 0.667280
vt 0.837300 0.670843
vt 0.835010 0.661629
vt 0.840373 0.664849
vt 0.838471 0.656009
vt 0.843344 0.659321
vt 0.841855 0.650352
vt 0.891847 0.082251
vt 0.826242 0.663830
vt 0.829410 0.658312
vt 0.832957 0.652382
vt 0.836643 0.646146
vt 0.840042 0.640587
vt 0.899920 0.081028
vt 0.822419 0.660246
vt 0.824137 0.667813
vt 0.900042 0.084416
vt 0.896322 0.089890
vt 0.513768 0.285831
vt 0.511181 0.279097
vt 0.517984 0.280536
vt 0.511181 0.272799
vt 0.519307 0.273772
vt 0.516802 0.267103
vt 0.830712 0.643451
vt 0.929026 0.313935
vt 0.925838 0.307458
vt 0.933904 0.314131
vt 0.933904 0.307215
vt 0.925957 0.301704
vt 0.818162 0.657491
vt 0.819908 0.652407
vt 0.899257 0.093390
vt 0.127351 0.756127
vt 0.123266 0.760545
vt 0.123778 0.752198
vt 0.119234 0.756193
vt 0.118853 0.764638
vt 0.114487 0.761735
vt 0.975921 0.183200
vt 0.982014 0.185591
vt 0.975921 0.189611
vt 0.899461 0.665630
vt 0.899305 0.674007
vt 0.894536 0.670161
vt 0.894262 0.677480
vt 0.957959 0.084895
vt 0.957959 0.091612
vt 0.953755 0.088358
vt 0.954603 0.093390
vt 0.590874 0.847982
vt 0.583361 0.842499
vt 0.592033 0.843879
vt 0.365783 0.349335
vt 0.361415 0.368143
vt 0.360436 0.359261
vt 0.356778 0.374977
vt 0.356106 0.367314
vt 0.959374 0.823662
vt 0.957248 0.829829
vt 0.954079 0.824153
vt 0.854664 0.437984
vt 0.852551 0.445977
vt 0.849772 0.441182
vt 0.601378 0.840268
vt 0.597215 0.849656
vt 0.591159 0.852657
vt 0.594740 0.859138
vt 0.587275 0.860324
vt 0.246211 0.972109
vt 0.240200 0.964679
vt 0.246118 0.965432
vt 0.358100 0.350167
vt 0.164722 0.839047
vt 0.167885 0.846457
vt 0.161991 0.848939
vt 0.165233 0.855318
vt 0.159267 0.858145
vt 0.162641 0.864271
vt 0.240200 0.971932
vt 0.491107 0.188196
vt 0.491107 0.179190
vt 0.495252 0.182029
vt 0.354984 0.356673
vt 0.351944 0.347334
vt 0.171216 0.852169
vt 0.168316 0.861435
vt 0.165675 0.869866
vt 0.160575 0.871901
vt 0.629676 0.921319
vt 0.954079 0.832024
vt 0.983459 0.864941
vt 0.987675 0.868305
vt 0.983459 0.870229
vt 0.351944 0.363342
vt 0.766727 0.790284
vt 0.775651 0.792102
vt 0.766779 0.796320
vt 0.771742 0.805249
vt 0.779370 0.801533
vt 0.781084 0.807969
vt 0.897605 0.796321
vt 0.891992 0.790218
vt 0.897994 0.788613
vt 0.171216 0.867217
vt 0.168742 0.875889
vt 0.930565 0.760408
vt 0.935319 0.765435
vt 0.930565 0.772593
vt 0.741387 0.872219
vt 0.931074 0.597133
vt 0.926676 0.595863
vt 0.928626 0.591087
vt 0.923667 0.589168
vt 0.925474 0.584194
vt 0.370032 0.224986
vt 0.370032 0.216530
vt 0.373562 0.222001
vt 0.373553 0.212982
vt 0.370263 0.208508
vt 0.781084 0.790842
vt 0.898529 0.807244
vt 0.892545 0.798944
vt 0.731903 0.885344
vt 0.733963 0.877284
vt 0.738784 0.881273
vt 0.736245 0.869026
vt 0.328535 0.359467
vt 0.825107 0.259323
vt 0.443003 0.501981
vt 0.447436 0.507855
vt 0.436958 0.504438
vt 0.888473 0.762264
vt 0.892264 0.761385
vt 0.821072 0.265055
vt 0.326200 0.365501
vt 0.323273 0.356900
vt 0.824919 0.267021
vt 0.448557 0.498537
vt 0.970679 0.166971
vt 0.968504 0.159957
vt 0.973524 0.159957
vt 0.829282 0.264238
vt 0.828843 0.273126
vt 0.441515 0.497757
vt 0.448414 0.494531
vt 0.444773 0.489933
vt 0.832875 0.270781
vt 0.832969 0.277482
vt 0.376392 0.508336
vt 0.372659 0.516646
vt 0.371865 0.507636
vt 0.883634 0.765128
vt 0.883843 0.774008
vt 0.430648 0.498171
vt 0.433004 0.491858
vt 0.438842 0.485625
vt 0.448557 0.481713
vt 0.439272 0.478418
vt 0.376392 0.517892
vt 0.834887 0.284290
vt 0.507709 0.988650
vt 0.512232 0.988650
vt 0.510018 0.993334
vt 0.890200 0.768803
vt 0.930777 0.495252
vt 0.930777 0.487437
vt 0.935319 0.489480
vt 0.934125 0.482827
vt 0.839339 0.268525
vt 0.838375 0.276068
vt 0.834490 0.273304
vt 0.944196 0.679315
vt 0.947865 0.682673
vt 0.944196 0.686794
vt 0.948054 0.687693
vt 0.835372 0.277564
vt 0.838645 0.281841
vt 0.838478 0.288172
vt 0.725534 0.854637
vt 0.720339 0.855254
vt 0.893793 0.767811
vt 0.910446 0.401842
vt 0.905594 0.397182
vt 0.911264 0.397050
vt 0.839680 0.261644
vt 0.844373 0.264132
vt 0.843195 0.272279
vt 0.841916 0.279819
vt 0.841316 0.286253
vt 0.258946 0.950884
vt 0.256219 0.948267
vt 0.258946 0.943472
vt 0.256698 0.940942
vt 0.841351 0.292289
vt 0.180848 0.898012
vt 0.187163 0.897712
vt 0.046240 0.571442
vt 0.825566 0.323374
vt 0.821748 0.318821
vt 0.830319 0.318875
vt 0.834719 0.314030
vt 0.838200 0.308851
vt 0.836176 0.530627
vt 0.192029 0.898419
vt 0.185470 0.904037
vt 0.493837 0.266021
vt 0.490004 0.262733
vt 0.810799 0.713001
vt 0.806564 0.713163
vt 0.806564 0.704953
vt 0.951023 0.178291
vt 0.951023 0.169016
vt 0.955129 0.172106
vt 0.190590 0.905209
vt 0.185174 0.909849
vt 0.179982 0.908720
vt 0.847532 0.609313
vt 0.829659 0.326866
vt 0.914094 0.049525
vt 0.909574 0.045758
vt 0.914025 0.041169
vt 0.909586 0.036197
vt 0.914094 0.033825
vt 0.448424 0.986259
vt 0.442514 0.980143
vt 0.448557 0.980143
vt 0.843187 0.603736
vt 0.834514 0.322408
vt 0.917086 0.223571
vt 0.915494 0.212796
vt 0.921169 0.219708
vt 0.921169 0.209926
vt 0.829194 0.349506
vt 0.824404 0.342580
vt 0.829194 0.342560
vt 0.842968 0.611575
vt 0.838739 0.607309
vt 0.838992 0.599930
vt 0.838847 0.317278
vt 0.838564 0.325339
vt 0.838009 0.624018
vt 0.833526 0.619425
vt 0.838736 0.613154
vt 0.834105 0.610749
vt 0.822495 0.348138
vt 0.834405 0.603173
vt 0.835111 0.595219
vt 0.842993 0.312627
vt 0.299398 0.916551
vt 0.297143 0.923091
vt 0.294928 0.916909
vt 0.929750 0.019810
vt 0.926520 0.015777
vt 0.931074 0.011037
vt 0.926520 0.007053
vt 0.829685 0.613474
vt 0.830056 0.605888
vt 0.830181 0.598712
vt 0.831716 0.590769
vt 0.756564 0.646658
vt 0.759858 0.633932
vt 0.759858 0.643168
vt 0.867696 0.380502
vt 0.846562 0.556332
vt 0.842140 0.562383
vt 0.838096 0.567893
vt 0.834714 0.573436
vt 0.966449 0.351666
vt 0.962408 0.359412
vt 0.963078 0.352208
vt 0.858745 0.382485
vt 0.862048 0.388208
vt 0.966449 0.358957
vt 0.837849 0.690017
vt 0.850573 0.553315
vt 0.837561 0.704673
vt 0.834976 0.695494
vt 0.840493 0.698663
vt 0.832640 0.687051
vt 0.841357 0.551492
vt 0.831708 0.703869
vt 0.829446 0.691683
vt 0.827419 0.683718
vt 0.639583 0.990504
vt 0.634519 0.990504
vt 0.636133 0.984755
vt 0.976354 0.078596
vt 0.971313 0.082070
vt 0.971313 0.075245
vt 0.836842 0.557817
vt 0.399785 0.773359
vt 0.391067 0.767989
vt 0.399864 0.766951
vt 0.825937 0.696862
vt 0.824721 0.685373
vt 0.123497 0.049847
vt 0.128766 0.056187
vt 0.122709 0.058624
vt 0.128766 0.063870
vt 0.125002 0.066505
vt 0.974939 0.484719
vt 0.970452 0.488177
vt 0.970452 0.481276
vt 0.398728 0.789245
vt 0.395235 0.782007
vt 0.401079 0.783345
vt 0.390714 0.774390
vt 0.384650 0.767462
vt 0.820610 0.692070
vt 0.819768 0.682440
vt 0.823265 0.678051
vt 0.529424 0.118861
vt 0.529424 0.109702
vt 0.533457 0.114827
vt 0.974088 0.823946
vt 0.976354 0.830609
vt 0.972255 0.830609
vt 0.012618 0.945742
vt 0.007523 0.950688
vt 0.007570 0.945839
vt 0.830657 0.571365
vt 0.393462 0.787841
vt 0.924452 0.913505
vt 0.925414 0.922588
vt 0.920784 0.918638
vt 0.920784 0.926829
vt 0.961275 0.015565
vt 0.961275 0.007617
vt 0.965034 0.013305
vt 0.384541 0.773733
vt 0.378863 0.766713
vt 0.815568 0.687817
vt 0.815538 0.678564
vt 0.820209 0.673219
vt 0.815818 0.671038
vt 0.012735 0.950447
vt 0.008738 0.954038
vt 0.965034 0.136436
vt 0.965034 0.144331
vt 0.962219 0.139858
vt 0.896196 0.682303
vt 0.117968 0.774662
vt 0.114321 0.769507
vt 0.122551 0.768548
vt 0.126994 0.764007
vt 0.028786 0.984993
vt 0.033960 0.990025
vt 0.028786 0.990504
vt 0.813426 0.655588
vt 0.939525 0.209421
vt 0.935961 0.204849
vt 0.939564 0.202400
vt 0.935961 0.197769
vt 0.901359 0.679031
vt 0.898540 0.687965
vt 0.894262 0.690523
vt 0.858323 0.095444
vt 0.853996 0.103556
vt 0.853886 0.098573
vt 0.871122 0.090385
vt 0.864634 0.094214
vt 0.863964 0.088221
vt 0.859475 0.102110
vt 0.855331 0.109763
vt 0.127351 0.775114
vt 0.121911 0.778253
vt 0.871065 0.091882
vt 0.865638 0.101009
vt 0.861315 0.109304
vt 0.091914 0.938954
vt 0.091975 0.944748
vt 0.086430 0.942204
vt 0.086430 0.949469
vt 0.427903 0.706361
vt 0.434007 0.708876
vt 0.425234 0.717408
vt 0.435822 0.717408
vt 0.872538 0.102110
vt 0.866744 0.107782
vt 0.861897 0.114766
vt 0.816004 0.650592
vt 0.810792 0.648122
vt 0.814632 0.643511
vt 0.808045 0.639604
vt 0.812432 0.635228
vt 0.805847 0.630799
vt 0.810750 0.627081
vt 0.872839 0.105978
vt 0.867667 0.113946
vt 0.862880 0.120472
vt 0.958030 0.983509
vt 0.962204 0.983509
vt 0.962138 0.989089
vt 0.812554 0.660230
vt 0.808445 0.653522
vt 0.220680 0.922261
vt 0.214577 0.927607
vt 0.215145 0.920894
vt 0.858575 0.196429
vt 0.860214 0.202398
vt 0.852629 0.203244
vt 0.854757 0.209333
vt 0.847819 0.211529
vt 0.854684 0.217792
vt 0.874070 0.114209
vt 0.869331 0.120502
vt 0.137502 0.958558
vt 0.142916 0.963376
vt 0.137502 0.966449
vt 0.864729 0.126025
vt 0.861374 0.131027
vt 0.095905 0.925414
vt 0.862847 0.236687
vt 0.864818 0.241966
vt 0.854764 0.239089
vt 0.865881 0.635567
vt 0.866281 0.626635
vt 0.870972 0.633359
vt 0.860347 0.638263
vt 0.861298 0.630707
vt 0.329283 0.798350
vt 0.323708 0.803339
vt 0.323215 0.794873
vt 0.335867 0.801980
vt 0.330844 0.806942
vt 0.336556 0.810485
vt 0.085510 0.924397
vt 0.922321 0.597133
vt 0.871644 0.627154
vt 0.576719 0.683448
vt 0.581603 0.676955
vt 0.582983 0.682685
vt 0.797378 0.912679
vt 0.801728 0.906903
vt 0.805139 0.911637
vt 0.805139 0.903196
vt 0.060177 0.942095
vt 0.064446 0.935251
vt 0.069335 0.943809
vt 0.069335 0.932426
vt 0.578175 0.672230
vt 0.582497 0.667551
vt 0.798915 0.897573
vt 0.804090 0.895190
vt 0.855365 0.633235
vt 0.856764 0.625958
vt 0.127332 0.326866
vt 0.127332 0.318558
vt 0.131596 0.322975
vt 0.306717 0.506010
vt 0.301184 0.511025
vt 0.301184 0.503529
vt 0.576719 0.664858
vt 0.891895 0.812626
vt 0.892444 0.806082
vt 0.898529 0.813629
vt 0.325460 0.812122
vt 0.320218 0.808521
vt 0.320284 0.817420
vt 0.307056 0.513647
vt 0.070106 0.475081
vt 0.074414 0.471384
vt 0.074995 0.479687
vt 0.721774 0.891454
vt 0.722331 0.883143
vt 0.726321 0.888274
vt 0.726548 0.880353
vt 0.331052 0.815929
vt 0.325078 0.821792
vt 0.866815 0.558928
vt 0.866815 0.550181
vt 0.873059 0.553662
vt 0.064663 0.469972
vt 0.069604 0.466495
vt 0.074995 0.463939
vt 0.720339 0.875879
vt 0.729047 0.872321
vt 0.339422 0.818065
vt 0.333921 0.823726
vt 0.328367 0.829536
vt 0.065287 0.461389
vt 0.324898 0.833483
vt 0.322628 0.825708
vt 0.069174 0.458409
vt 0.024963 0.342120
vt 0.025211 0.334457
vt 0.032545 0.342432
vt 0.031182 0.332855
vt 0.024963 0.325958
vt 0.733665 0.863088
vt 0.978917 0.680054
vt 0.983429 0.680054
vt 0.982015 0.686278
vt 0.536287 0.068490
vt 0.532054 0.073765
vt 0.531879 0.067677
vt 0.094586 0.961758
vt 0.101880 0.961758
vt 0.096839 0.969279
vt 0.325228 0.844096
vt 0.320218 0.838514
vt 0.331021 0.837686
vt 0.335411 0.833193
vt 0.341969 0.825468
vt 0.347207 0.819385
vt 0.535867 0.076559
vt 0.531879 0.080655
vt 0.911264 0.414597
vt 0.904915 0.410210
vt 0.909544 0.407218
vt 0.904421 0.402724
vt 0.334085 0.846564
vt 0.330460 0.849212
vt 0.339076 0.851551
vt 0.848697 0.260693
vt 0.849004 0.267846
vt 0.340199 0.838944
vt 0.344472 0.844711
vt 0.348681 0.848677
vt 0.846492 0.277464
vt 0.344950 0.834387
vt 0.349425 0.838880
vt 0.353231 0.846747
vt 0.236306 0.377140
vt 0.232471 0.383467
vt 0.232471 0.376333
vt 0.357050 0.851834
vt 0.847252 0.284146
vt 0.350693 0.825314
vt 0.354187 0.832354
vt 0.357960 0.839710
vt 0.361605 0.845635
vt 0.848570 0.291341
vt 0.844482 0.291877
vt 0.354801 0.818286
vt 0.358086 0.824870
vt 0.362043 0.832726
vt 0.364748 0.836633
vt 0.370367 0.848002
vt 0.849004 0.298649
vt 0.844321 0.298437
vt 0.846480 0.305911
vt 0.374319 0.840304
vt 0.370592 0.833887
vt 0.366309 0.826608
vt 0.361713 0.818935
vt 0.358222 0.813007
vt 0.378534 0.847510
vt 0.384729 0.842067
vt 0.847320 0.314210
vt 0.302811 0.921112
vt 0.380865 0.835217
vt 0.389149 0.833612
vt 0.300212 0.928506
vt 0.294928 0.929659
vt 0.375415 0.826849
vt 0.381491 0.824271
vt 0.388169 0.822634
vt 0.394120 0.830203
vt 0.397581 0.822120
vt 0.369950 0.818918
vt 0.377219 0.817626
vt 0.386268 0.816914
vt 0.392796 0.815364
vt 0.401862 0.814349
vt 0.365637 0.812340
vt 0.371814 0.810990
vt 0.381238 0.810185
vt 0.391917 0.809126
vt 0.398252 0.807751
vt 0.827106 0.591700
vt 0.361872 0.806395
vt 0.368943 0.805236
vt 0.375147 0.804186
vt 0.384097 0.802759
vt 0.388416 0.801985
vt 0.397230 0.800561
vt 0.828941 0.584448
vt 0.401503 0.799813
vt 0.400386 0.806520
vt 0.864294 0.133011
vt 0.869347 0.127290
vt 0.874474 0.121341
vt 0.860767 0.215952
vt 0.862202 0.207666
vt 0.220741 0.928698
vt 0.808664 0.660316
vt 0.856687 0.231550
vt 0.857949 0.223869
vt 0.863330 0.229742
vt 0.871143 0.640604
vt 0.868814 0.222021
vt 0.871217 0.647907
vt 0.865939 0.643455
vt 0.868223 0.214347
vt 0.871432 0.656084
vt 0.866053 0.651566
vt 0.332625 0.783835
vt 0.332294 0.791979
vt 0.325332 0.787866
vt 0.214577 0.933904
vt 0.864928 0.199625
vt 0.868814 0.205751
vt 0.871644 0.665053
vt 0.866083 0.660148
vt 0.339764 0.779184
vt 0.339225 0.788035
vt 0.549804 0.928244
vt 0.544712 0.922990
vt 0.550438 0.920426
vt 0.544712 0.914948
vt 0.337472 0.794839
vt 0.958127 0.966449
vt 0.958127 0.958746
vt 0.963619 0.964273
vt 0.123106 0.974939
vt 0.118448 0.974939
vt 0.120396 0.967780
vt 0.870562 0.950031
vt 0.875889 0.945837
vt 0.875889 0.955129
vt 0.348960 0.766931
vt 0.347481 0.775064
vt 0.341511 0.772249
vt 0.305609 0.359848
vt 0.299848 0.354947
vt 0.305641 0.351398
vt 0.345736 0.781998
vt 0.345426 0.792084
vt 0.344049 0.798792
vt 0.811209 0.666474
vt 0.805847 0.667739
vt 0.382052 0.964646
vt 0.377159 0.970694
vt 0.377159 0.963165
vt 0.356769 0.763951
vt 0.355240 0.771409
vt 0.305641 0.367902
vt 0.299684 0.363956
vt 0.353713 0.777476
vt 0.352192 0.786603
vt 0.923999 0.659393
vt 0.918186 0.654611
vt 0.923999 0.649728
vt 0.918439 0.645723
vt 0.350729 0.794245
vt 0.399448 0.793486
vt 0.395140 0.793762
vt 0.383615 0.796401
vt 0.380553 0.795994
vt 0.371980 0.797652
vt 0.363574 0.799518
vt 0.356530 0.800696
vt 0.386273 0.789067
vt 0.391914 0.779085
vt 0.890819 0.229231
vt 0.888281 0.222094
vt 0.894284 0.222840
vt 0.891554 0.215151
vt 0.381170 0.788941
vt 0.382306 0.781853
vt 0.375795 0.788302
vt 0.885815 0.213885
vt 0.889196 0.206501
vt 0.894284 0.208242
vt 0.892913 0.200303
vt 0.377215 0.774483
vt 0.367549 0.789404
vt 0.369788 0.780131
vt 0.376858 0.780749
vt 0.915837 0.085897
vt 0.921169 0.083974
vt 0.921169 0.091975
vt 0.369517 0.775509
vt 0.371286 0.767374
vt 0.811182 0.681522
vt 0.358632 0.791701
vt 0.360681 0.782262
vt 0.361896 0.775752
vt 0.917238 0.077104
vt 0.363069 0.769595
vt 0.364038 0.764390
vt 0.810652 0.673647
vt 0.012735 0.955129
vt 0.400882 0.357401
vt 0.007850 0.299287
vt 0.412236 0.402659
vt 0.384715 0.409859
vt 0.307108 0.100317
vt 0.318182 0.150304
vt 0.362570 0.707503
vt 0.254164 0.185091
vt 0.246342 0.706219
vt 0.119194 0.018788
vt 0.279143 0.313721
vt 0.206853 0.702501
vt 0.007850 0.008000
vt 0.360643 0.902689
vt 0.353585 0.893810
vt 0.353585 0.882357
vt 0.372063 0.868542
vt 0.383484 0.871456
vt 0.390542 0.880336
vt 0.383484 0.901440
vt 0.379891 0.989322
vt 0.380716 0.989059
vt 0.381542 0.989343
vt 0.382052 0.990948
vt 0.381542 0.991657
vt 0.380716 0.991919
vt 0.379380 0.990914
vt 0.626691 0.601068
vt 0.006695 0.217642
vt 0.639626 0.223818
vt 0.018391 0.183066
vt 0.761501 0.663843
vt 0.014150 0.422953
vt 0.720355 0.437112
vt 0.646735 0.455810
vt 0.012575 0.435827
vt 0.012116 0.048650
vt 0.877115 0.844282
vt 0.669059 0.063177
vt 0.008862 0.472612
vt 0.626691 0.412268
vt 0.006695 0.033009
vt 0.491799 0.863685
vt 0.491799 0.851531
vt 0.498945 0.841711
vt 0.522067 0.841750
vt 0.529212 0.851594
vt 0.529212 0.863748
vt 0.510506 0.877304
vt 0.526736 0.990858
vt 0.526736 0.989981
vt 0.527209 0.989303
vt 0.528739 0.989405
vt 0.529212 0.990145
vt 0.529212 0.991022
vt 0.527974 0.991919
vt 0.527400 0.464810
vt 0.135905 0.735803
vt 0.015565 0.929659
vt 0.607038 0.942394
vt 0.553984 0.421133
vt 0.778409 0.332951
vt 0.077264 0.731193
vt 0.569308 0.373945
vt 0.501340 0.119708
vt 0.016887 0.735803
vt 0.567017 0.328211
vt 0.694793 0.159229
vt 0.733997 0.251166
vt 0.371865 0.569610
vt 0.544223 0.014785
vt 0.527400 0.256923
vt 0.696183 0.245918
vt 0.014727 0.895492
vt 0.007848 0.885481
vt 0.007848 0.873735
vt 0.025857 0.861932
vt 0.036987 0.866384
vt 0.043865 0.876395
vt 0.036987 0.897136
vt 0.092888 0.381717
vt 0.092074 0.382052
vt 0.091261 0.381878
vt 0.090758 0.380439
vt 0.091260 0.379723
vt 0.092074 0.379388
vt 0.093390 0.380178
s 1
f 2/1/2 11/2/11 1/3/1
f 2/4/2 13/5/13 12/6/12
f 3/7/3 14/8/14 13/5/13
f 4/9/4 15/10/15 14/11/14
f 5/12/5 16/13/16 15/10/15
f 6/14/6 17/15/17 16/13/16
f 8/16/8 17/17/17 7/18/7
f 9/19/9 18/20/18 8/21/8
f 10/22/10 19/23/19 9/19/9
f 1/3/1 20/24/20 10/25/10
f 12/26/12 21/27/21 11/2/11
f 12/6/12 23/28/23 22/29/22
f 13/5/13 24/30/24 23/28/23
f 14/11/14 25/31/25 24/32/24
f 15/10/15 26/33/26 25/31/25
f 16/13/16 27/34/27 26/33/26
f 17/17/17 28/35/28 27/36/27
f 19/23/19 28/37/28 18/20/18
f 20/38/20 29/39/29 19/23/19
f 11/2/11 30/40/30 20/24/20
f 22/41/22 31/42/31 21/27/21
f 22/29/22 33/43/33 32/44/32
f 23/28/23 34/45/34 33/43/33
f 24/32/24 35/46/35 34/47/34
f 25/31/25 36/48/36 35/46/35
f 26/33/26 37/49/37 36/48/36
f 27/36/27 38/50/38 37/51/37
f 29/52/29 38/50/38 28/35/28
f 30/53/30 39/54/39 29/39/29
f 21/27/21 40/55/40 30/40/30
f 32/56/32 41/57/41 31/42/31
f 32/44/32 43/58/43 42/59/42
f 33/43/33 44/60/44 43/58/43
f 34/47/34 45/61/45 44/62/44
f 35/46/35 46/63/46 45/61/45
f 36/48/36 47/64/47 46/63/46
f 37/51/37 48/65/48 47/66/47
f 39/54/39 48/67/48 38/68/38
f 40/69/40 49/70/49 39/54/39
f 31/42/31 50/71/50 40/55/40
f 41/57/41 52/72/52 51/73/51
f 42/59/42 53/74/53 52/75/52
f 43/58/43 54/76/54 53/74/53
f 44/62/44 55/77/55 54/78/54
f 45/61/45 56/79/56 55/77/55
f 46/63/46 57/80/57 56/79/56
f 47/66/47 58/81/58 57/82/57
f 48/67/48 59/83/59 58/84/58
f 50/85/50 59/83/59 49/70/49
f 50/71/50 51/73/51 60/86/60
f 51/73/51 62/87/62 61/88/61
f 52/75/52 63/89/63 62/90/62
f 53/74/53 64/91/64 63/89/63
f 54/78/54 65/92/65 64/93/64
f 55/77/55 66/94/66 65/92/65
f 56/79/56 67/95/67 66/94/66
f 57/82/57 68/96/68 67/97/67
f 58/84/58 69/98/69 68/99/68
f 60/100/60 69/98/69 59/83/59
f 51/73/51 70/101/70 60/86/60
f 62/87/62 71/102/71 61/88/61
f 62/90/62 73/103/73 72/104/72
f 63/89/63 74/105/74 73/103/73
f 64/93/64 75/106/75 74/107/74
f 65/92/65 76/108/76 75/106/75
f 66/94/66 77/109/77 76/108/76
f 67/97/67 78/110/78 77/111/77
f 69/98/69 78/112/78 68/99/68
f 70/113/70 79/114/79 69/98/69
f 61/88/61 80/115/80 70/101/70
f 72/116/72 81/117/81 71/102/71
f 72/104/72 83/118/83 82/119/82
f 73/103/73 84/120/84 83/118/83
f 74/107/74 85/121/85 84/122/84
f 75/106/75 86/123/86 85/121/85
f 76/108/76 87/124/87 86/123/86
f 77/111/77 88/125/88 87/126/87
f 79/114/79 88/127/88 78/112/78
f 80/128/80 89/129/89 79/114/79
f 71/102/71 90/130/90 80/115/80
f 81/117/81 92/131/92 91/132/91
f 82/119/82 93/133/93 92/134/92
f 83/118/83 94/135/94 93/133/93
f 84/122/84 95/136/95 94/137/94
f 85/121/85 96/138/96 95/136/95
f 86/123/86 97/139/97 96/138/96
f 87/126/87 98/140/98 97/141/97
f 89/129/89 98/142/98 88/127/88
f 90/143/90 99/144/99 89/129/89
f 81/117/81 100/145/100 90/130/90
f 91/132/91 102/146/102 101/147/101
f 92/134/92 103/148/103 102/149/102
f 93/133/93 104/150/104 103/148/103
f 94/137/94 105/151/105 104/152/104
f 95/136/95 106/153/106 105/151/105
f 96/138/96 107/154/107 106/153/106
f 97/141/97 108/155/108 107/156/107
f 98/142/98 109/157/109 108/158/108
f 100/159/100 109/157/109 99/144/99
f 100/145/100 101/147/101 110/160/110
f 101/147/101 112/161/112 111/162/111
f 102/149/102 113/163/113 112/164/112
f 103/148/103 114/165/114 113/163/113
f 104/152/104 115/166/115 114/167/114
f 105/151/105 116/168/116 115/166/115
f 106/153/106 117/169/117 116/168/116
f 107/156/107 118/170/118 117/171/117
f 108/158/108 119/172/119 118/173/118
f 110/174/110 119/172/119 109/157/109
f 101/147/101 120/175/120 110/160/110
f 112/176/112 121/177/121 111/178/111
f 112/176/112 123/179/123 122/180/122
f 113/163/113 124/181/124 123/182/123
f 114/167/114 125/183/125 124/184/124
f 115/166/115 126/185/126 125/183/125
f 116/168/116 127/186/127 126/185/126
f 117/171/117 128/187/128 127/188/127
f 119/172/119 128/189/128 118/173/118
f 120/190/120 129/191/129 119/172/119
f 111/162/111 130/192/130 120/175/120
f 122/180/122 131/193/131 121/177/121
f 122/180/122 133/194/133 132/195/132
f 123/182/123 134/196/134 133/197/133
f 124/184/124 135/198/135 134/199/134
f 125/183/125 136/200/136 135/198/135
f 126/185/126 137/201/137 136/200/136
f 127/188/127 138/202/138 137/203/137
f 129/191/129 138/204/138 128/189/128
f 130/205/130 139/206/139 129/191/129
f 121/207/121 140/208/140 130/192/130
f 131/193/131 142/209/142 141/210/141
f 132/195/132 143/211/143 142/209/142
f 133/197/133 144/212/144 143/213/143
f 134/199/134 145/214/145 144/215/144
f 135/198/135 146/216/146 145/214/145
f 136/200/136 147/217/147 146/216/146
f 137/218/137 148/219/148 147/220/147
f 139/206/139 148/219/148 138/204/138
f 140/221/140 149/222/149 139/206/139
f 131/223/131 150/224/150 140/208/140
f 141/210/141 152/225/152 151/226/151
f 142/209/142 153/227/153 152/225/152
f 143/213/143 154/228/154 153/229/153
f 144/215/144 155/230/155 154/231/154
f 145/214/145 156/232/156 155/230/155
f 146/233/146 157/234/157 156/235/156
f 147/236/147 158/237/158 157/234/157
f 148/219/148 159/238/159 158/239/158
f 150/240/150 159/238/159 149/222/149
f 141/241/141 160/242/160 150/224/150
f 151/226/151 162/243/162 161/244/161
f 152/225/152 163/245/163 162/243/162
f 153/229/153 164/246/164 163/247/163
f 154/231/154 165/248/165 164/249/164
f 155/230/155 166/250/166 165/248/165
f 156/235/156 167/251/167 166/252/166
f 157/234/157 168/253/168 167/251/167
f 158/239/158 169/254/169 168/255/168
f 160/256/160 169/254/169 159/238/159
f 151/257/151 170/258/170 160/242/160
f 162/243/162 171/259/171 161/244/161
f 162/243/162 173/260/173 172/261/172
f 163/247/163 174/262/174 173/263/173
f 164/249/164 175/264/175 174/265/174
f 165/248/165 176/266/176 175/264/175
f 166/252/166 177/267/177 176/268/176
f 167/251/167 178/269/178 177/267/177
f 169/254/169 178/270/178 168/255/168
f 170/271/170 179/272/179 169/254/169
f 161/273/161 180/274/180 170/258/170
f 172/261/172 181/275/181 171/259/171
f 172/261/172 183/276/183 182/277/182
f 173/263/173 184/278/184 183/279/183
f 174/265/174 185/280/185 184/281/184
f 175/264/175 186/282/186 185/280/185
f 176/268/176 187/283/187 186/284/186
f 177/267/177 188/285/188 187/283/187
f 179/272/179 188/286/188 178/270/178
f 180/287/180 189/288/189 179/272/179
f 171/289/171 190/290/190 180/274/180
f 181/275/181 192/291/192 191/292/191
f 182/277/182 193/293/193 192/291/192
f 183/279/183 194/294/194 193/295/193
f 184/281/184 195/296/195 194/297/194
f 185/280/185 196/298/196 195/296/195
f 186/284/186 197/299/197 196/300/196
f 187/283/187 198/301/198 197/299/197
f 189/288/189 198/302/198 188/286/188
f 190/303/190 199/304/199 189/288/189
f 181/305/181 200/306/200 190/290/190
f 191/292/191 202/307/202 201/308/201
f 192/291/192 203/309/203 202/307/202
f 193/295/193 204/310/204 203/311/203
f 194/297/194 205/312/205 204/313/204
f 195/296/195 206/314/206 205/312/205
f 196/300/196 207/315/207 206/316/206
f 197/299/197 208/317/208 207/315/207
f 199/304/199 208/318/208 198/302/198
f 200/319/200 209/320/209 199/304/199
f 191/321/191 210/322/210 200/306/200
f 202/307/202 211/323/211 201/308/201
f 202/307/202 213/324/213 212/325/212
f 203/311/203 214/326/214 213/327/213
f 204/313/204 215/328/215 214/329/214
f 205/312/205 216/330/216 215/328/215
f 206/316/206 217/331/217 216/332/216
f 207/315/207 218/333/218 217/331/217
f 209/320/209 218/334/218 208/318/208
f 210/335/210 219/336/219 209/320/209
f 201/337/201 220/338/220 210/322/210
f 212/325/212 221/339/221 211/323/211
f 212/325/212 223/340/223 222/341/222
f 213/324/213 224/342/224 223/340/223
f 214/329/214 225/343/225 224/344/224
f 215/328/215 226/345/226 225/343/225
f 216/332/216 227/346/227 226/347/226
f 217/331/217 228/348/228 227/346/227
f 219/336/219 228/349/228 218/334/218
f 220/350/220 229/351/229 219/336/219
f 211/352/211 230/353/230 220/338/220
f 222/341/222 231/354/231 221/339/221
f 222/341/222 233/355/233 232/356/232
f 223/340/223 234/357/234 233/355/233
f 224/344/224 235/358/235 234/359/234
f 225/343/225 236/360/236 235/358/235
f 226/347/226 237/361/237 236/362/236
f 227/346/227 238/363/238 237/361/237
f 229/351/229 238/364/238 228/349/228
f 230/365/230 239/366/239 229/351/229
f 221/367/221 240/368/240 230/353/230
f 231/354/231 242/369/242 241/370/241
f 233/355/233 242/369/242 232/356/232
f 234/357/234 243/371/243 233/355/233
f 235/358/235 244/372/244 234/359/234
f 236/360/236 245/373/245 235/358/235
f 237/361/237 246/374/246 236/362/236
f 237/361/237 248/375/248 247/376/247
f 238/364/238 249/377/249 248/378/248
f 239/366/239 250/379/250 249/377/249
f 240/368/240 241/380/241 250/381/250
f 7/382/7 3/383/3 1/384/1
f 244/385/244 248/386/248 250/387/250
f 252/388/252 261/389/261 251/390/251
f 253/391/253 262/392/262 252/393/252
f 254/394/254 263/395/263 253/391/253
f 255/396/255 264/397/264 254/398/254
f 256/399/256 265/400/265 255/396/255
f 256/401/256 267/402/267 266/403/266
f 257/404/257 268/405/268 267/402/267
f 258/406/258 269/407/269 268/405/268
f 259/408/259 270/409/270 269/410/269
f 260/411/260 261/389/261 270/412/270
f 262/413/262 271/414/271 261/389/261
f 263/395/263 272/415/272 262/392/262
f 264/416/264 273/417/273 263/395/263
f 265/418/265 274/419/274 264/416/264
f 266/420/266 275/421/275 265/400/265
f 266/403/266 277/422/277 276/423/276
f 267/402/267 278/424/278 277/422/277
f 268/405/268 279/425/279 278/424/278
f 269/410/269 280/426/280 279/427/279
f 270/412/270 271/414/271 280/428/280
f 272/429/272 281/430/281 271/414/271
f 273/417/273 282/431/282 272/415/272
f 274/419/274 283/432/283 273/417/273
f 275/433/275 284/434/284 274/419/274
f 276/435/276 285/436/285 275/421/275
f 276/423/276 287/437/287 286/438/286
f 277/422/277 288/439/288 287/437/287
f 278/424/278 289/440/289 288/439/288
f 279/427/279 290/441/290 289/442/289
f 280/428/280 281/430/281 290/443/290
f 282/444/282 291/445/291 281/430/281
f 283/432/283 292/446/292 282/431/282
f 284/434/284 293/447/293 283/432/283
f 285/448/285 294/449/294 284/434/284
f 286/450/286 295/451/295 285/436/285
f 286/438/286 297/452/297 296/453/296
f 287/437/287 298/454/298 297/452/297
f 288/439/288 299/455/299 298/454/298
f 289/442/289 300/456/300 299/457/299
f 290/443/290 291/445/291 300/458/300
f 292/459/292 301/460/301 291/445/291
f 293/447/293 302/461/302 292/446/292
f 294/449/294 303/462/303 293/447/293
f 295/451/295 304/463/304 294/464/294
f 296/465/296 305/466/305 295/451/295
f 297/452/297 306/467/306 296/453/296
f 298/454/298 307/468/307 297/452/297
f 298/454/298 309/469/309 308/470/308
f 300/456/300 309/471/309 299/457/299
f 291/445/291 310/472/310 300/458/300
f 302/473/302 311/474/311 301/460/301
f 303/462/303 312/475/312 302/461/302
f 304/476/304 313/477/313 303/462/303
f 305/478/305 314/479/314 304/476/304
f 306/480/306 315/481/315 305/466/305
f 306/467/306 317/482/317 316/483/316
f 307/468/307 318/484/318 317/482/317
f 308/470/308 319/485/319 318/484/318
f 309/471/309 320/486/320 319/487/319
f 301/460/301 320/488/320 310/472/310
f 312/489/312 321/490/321 311/474/311
f 313/477/313 322/491/322 312/475/312
f 314/479/314 323/492/323 313/477/313
f 315/493/315 324/494/324 314/479/314
f 316/495/316 325/496/325 315/481/315
f 316/483/316 327/497/327 326/498/326
f 317/482/317 328/499/328 327/497/327
f 318/484/318 329/500/329 328/499/328
f 319/487/319 330/501/330 329/502/329
f 320/488/320 321/490/321 330/503/330
f 322/504/322 331/505/331 321/490/321
f 323/492/323 332/506/332 322/491/322
f 324/494/324 333/507/333 323/492/323
f 325/508/325 334/509/334 324/494/324
f 326/510/326 335/511/335 325/496/325
f 326/498/326 337/512/337 336/513/336
f 327/497/327 338/514/338 337/512/337
f 328/499/328 339/515/339 338/514/338
f 329/502/329 340/516/340 339/517/339
f 330/503/330 331/505/331 340/518/340
f 332/519/332 341/520/341 331/505/331
f 333/507/333 342/521/342 332/506/332
f 334/509/334 343/522/343 333/507/333
f 335/523/335 344/524/344 334/509/334
f 336/525/336 345/526/345 335/511/335
f 336/513/336 347/527/347 346/528/346
f 337/512/337 348/529/348 347/527/347
f 338/514/338 349/530/349 348/529/348
f 339/517/339 350/531/350 349/532/349
f 331/505/331 350/533/350 340/518/340
f 342/534/342 351/535/351 341/520/341
f 343/522/343 352/536/352 342/521/342
f 344/524/344 353/537/353 343/522/343
f 345/538/345 354/539/354 344/524/344
f 346/540/346 355/541/355 345/526/345
f 347/527/347 356/542/356 346/528/346
f 347/527/347 358/543/358 357/544/357
f 348/529/348 359/545/359 358/543/358
f 349/532/349 360/546/360 359/547/359
f 341/520/341 360/548/360 350/533/350
f 352/549/352 361/550/361 351/535/351
f 353/537/353 362/551/362 352/536/352
f 354/539/354 363/552/363 353/537/353
f 355/553/355 364/554/364 354/539/354
f 356/555/356 365/556/365 355/541/355
f 356/542/356 367/557/367 366/558/366
f 357/544/357 368/559/368 367/557/367
f 358/543/358 369/560/369 368/559/368
f 359/547/359 370/561/370 369/562/369
f 351/535/351 370/563/370 360/548/360
f 362/564/362 371/565/371 361/550/361
f 363/552/363 372/566/372 362/551/362
f 364/554/364 373/567/373 363/552/363
f 365/568/365 374/569/374 364/554/364
f 366/570/366 375/571/375 365/556/365
f 366/558/366 377/572/377 376/573/376
f 367/557/367 378/574/378 377/572/377
f 368/559/368 379/575/379 378/574/378
f 369/562/369 380/576/380 379/577/379
f 370/563/370 371/565/371 380/578/380
f 372/579/372 381/580/381 371/565/371
f 373/567/373 382/581/382 372/566/372
f 374/569/374 383/582/383 373/567/373
f 375/583/375 384/584/384 374/569/374
f 376/585/376 385/586/385 375/571/375
f 376/573/376 387/587/387 386/588/386
f 377/572/377 388/589/388 387/587/387
f 378/574/378 389/590/389 388/589/388
f 379/577/379 390/591/390 389/592/389
f 380/578/380 381/580/381 390/593/390
f 382/594/382 391/595/391 381/580/381
f 383/582/383 392/596/392 382/581/382
f 384/584/384 393/597/393 383/582/383
f 385/598/385 394/599/394 384/584/384
f 386/600/386 395/601/395 385/586/385
f 386/588/386 397/602/397 396/603/396
f 387/587/387 398/604/398 397/602/397
f 388/589/388 399/605/399 398/604/398
f 389/592/389 400/606/400 399/607/399
f 381/580/381 400/608/400 390/593/390
f 392/609/392 401/610/401 391/595/391
f 393/597/393 402/611/402 392/596/392
f 394/599/394 403/612/403 393/597/393
f 395/613/395 404/614/404 394/599/394
f 396/615/396 405/616/405 395/601/395
f 396/603/396 407/617/407 406/618/406
f 397/602/397 408/619/408 407/617/407
f 398/604/398 409/620/409 408/619/408
f 399/607/399 410/621/410 409/622/409
f 391/595/391 410/623/410 400/608/400
f 402/624/402 411/625/411 401/610/401
f 403/612/403 412/626/412 402/611/402
f 404/614/404 413/627/413 403/612/403
f 405/628/405 414/629/414 404/614/404
f 406/630/406 415/631/415 405/632/405
f 406/618/406 417/633/417 416/634/416
f 407/617/407 418/635/418 417/633/417
f 408/619/408 419/636/419 418/635/418
f 409/622/409 420/637/420 419/638/419
f 401/610/401 420/639/420 410/623/410
f 412/640/412 421/641/421 411/625/411
f 413/627/413 422/642/422 412/626/412
f 414/629/414 423/643/423 413/627/413
f 415/644/415 424/645/424 414/629/414
f 416/646/416 425/647/425 415/631/415
f 416/634/416 427/648/427 426/649/426
f 417/633/417 428/650/428 427/648/427
f 418/651/418 429/652/429 428/653/428
f 419/638/419 430/654/430 429/652/429
f 411/625/411 430/655/430 420/639/420
f 422/656/422 431/657/431 421/641/421
f 423/643/423 432/658/432 422/642/422
f 424/645/424 433/659/433 423/643/423
f 425/660/425 434/661/434 424/645/424
f 426/662/426 435/663/435 425/647/425
f 426/662/426 437/664/437 436/665/436
f 427/648/427 438/666/438 437/667/437
f 428/653/428 439/668/439 438/669/438
f 429/652/429 440/670/440 439/668/439
f 421/671/421 440/670/440 430/654/430
f 432/672/432 441/673/441 431/657/431
f 433/659/433 442/674/442 432/658/432
f 434/661/434 443/675/443 433/659/433
f 435/676/435 444/677/444 434/661/434
f 436/665/436 445/678/445 435/663/435
f 436/679/436 447/680/447 446/681/446
f 437/667/437 448/682/448 447/680/447
f 438/666/438 449/683/449 448/682/448
f 439/668/439 450/684/450 449/685/449
f 431/686/431 450/684/450 440/670/440
f 442/687/442 451/688/451 441/689/441
f 443/675/443 452/690/452 442/674/442
f 444/677/444 453/691/453 443/675/443
f 445/692/445 454/693/454 444/677/444
f 446/694/446 455/695/455 445/678/445
f 446/694/446 457/696/457 456/697/456
f 447/680/447 458/698/458 457/699/457
f 448/682/448 459/700/459 458/698/458
f 449/685/449 460/701/460 459/702/459
f 441/703/441 460/701/460 450/684/450
f 452/704/452 461/705/461 451/688/451
f 453/691/453 462/706/462 452/690/452
f 454/693/454 463/707/463 453/691/453
f 455/708/455 464/709/464 454/693/454
f 456/697/456 465/710/465 455/695/455
f 456/697/456 467/711/467 466/712/466
f 457/699/457 468/713/468 467/714/467
f 458/715/458 469/716/469 468/717/468
f 459/702/459 470/718/470 469/716/469
f 451/719/451 470/718/470 460/701/460
f 462/720/462 471/721/471 461/705/461
f 463/707/463 472/722/472 462/706/462
f 464/709/464 473/723/473 463/707/463
f 465/724/465 474/725/474 464/709/464
f 466/712/466 475/726/475 465/710/465
f 466/712/466 477/727/477 476/728/476
f 467/714/467 478/729/478 477/730/477
f 468/717/468 479/731/479 478/732/478
f 469/716/469 480/733/480 479/731/479
f 461/734/461 480/733/480 470/718/470
f 472/735/472 481/736/481 471/721/471
f 473/723/473 482/737/482 472/722/472
f 474/725/474 483/738/483 473/723/473
f 475/739/475 484/740/484 474/725/474
f 476/728/476 485/741/485 475/726/475
f 476/728/476 487/742/487 486/743/486
f 477/730/477 488/744/488 487/745/487
f 478/732/478 489/746/489 488/747/488
f 479/731/479 490/748/490 489/746/489
f 480/749/480 481/736/481 490/750/490
f 481/736/481 492/751/492 491/752/491
f 482/737/482 493/753/493 492/754/492
f 483/738/483 494/755/494 493/753/493
f 484/740/484 495/756/495 494/755/494
f 485/741/485 496/757/496 495/758/495
f 487/742/487 496/757/496 486/743/486
f 488/744/488 497/759/497 487/745/487
f 489/760/489 498/761/498 488/744/488
f 490/748/490 499/762/499 489/746/489
f 481/736/481 500/763/500 490/750/490
f 257/764/257 253/765/253 251/766/251
f 494/767/494 498/768/498 500/769/500
f 501/770/501 512/771/512 511/772/511
f 502/773/502 513/774/513 512/775/512
f 503/776/503 514/777/514 513/774/513
f 505/778/505 514/779/514 504/780/504
f 506/781/506 515/782/515 505/778/505
f 507/783/507 516/784/516 506/781/506
f 508/785/508 517/786/517 507/787/507
f 509/788/509 518/789/518 508/785/508
f 509/790/509 520/791/520 519/792/519
f 510/793/510 511/772/511 520/794/520
f 511/772/511 522/795/522 521/796/521
f 512/775/512 523/797/523 522/798/522
f 513/774/513 524/799/524 523/797/523
f 515/782/515 524/800/524 514/779/514
f 516/784/516 525/801/525 515/782/515
f 517/802/517 526/803/526 516/784/516
f 518/789/518 527/804/527 517/786/517
f 519/805/519 528/806/528 518/789/518
f 520/794/520 529/807/529 519/808/519
f 520/794/520 521/796/521 530/809/530
f 521/796/521 532/810/532 531/811/531
f 522/798/522 533/812/533 532/813/532
f 523/797/523 534/814/534 533/812/533
f 525/801/525 534/815/534 524/800/524
f 526/803/526 535/816/535 525/801/525
f 527/817/527 536/818/536 526/803/526
f 528/806/528 537/819/537 527/804/527
f 529/820/529 538/821/538 528/806/528
f 529/822/529 540/823/540 539/824/539
f 530/809/530 531/811/531 540/825/540
f 531/811/531 542/826/542 541/827/541
f 532/813/532 543/828/543 542/829/542
f 533/812/533 544/830/544 543/828/543
f 535/816/535 544/831/544 534/815/534
f 536/818/536 545/832/545 535/816/535
f 537/833/537 546/834/546 536/818/536
f 538/821/538 547/835/547 537/819/537
f 539/836/539 548/837/548 538/821/538
f 540/825/540 549/838/549 539/839/539
f 540/825/540 541/827/541 550/840/550
f 542/826/542 551/841/551 541/827/541
f 543/828/543 552/842/552 542/829/542
f 544/830/544 553/843/553 543/828/543
f 545/832/545 554/844/554 544/831/544
f 546/834/546 555/845/555 545/832/545
f 547/846/547 556/847/556 546/834/546
f 548/837/548 557/848/557 547/835/547
f 549/849/549 558/850/558 548/837/548
f 550/851/550 559/852/559 549/853/549
f 541/827/541 560/854/560 550/840/550
f 551/841/551 562/855/562 561/856/561
f 552/842/552 563/857/563 562/858/562
f 554/859/554 563/857/563 553/843/553
f 555/845/555 564/860/564 554/844/554
f 556/847/556 565/861/565 555/845/555
f 557/862/557 566/863/566 556/847/556
f 558/850/558 567/864/567 557/848/557
f 559/865/559 568/866/568 558/850/558
f 560/854/560 569/867/569 559/868/559
f 551/841/551 570/869/570 560/854/560
f 561/856/561 572/870/572 571/871/571
f 562/858/562 573/872/573 572/873/572
f 563/857/563 574/874/574 573/872/573
f 565/861/565 574/875/574 564/860/564
f 566/863/566 575/876/575 565/861/565
f 567/877/567 576/878/576 566/863/566
f 568/866/568 577/879/577 567/864/567
f 569/880/569 578/881/578 568/866/568
f 570/882/570 579/883/579 569/884/569
f 570/869/570 571/871/571 580/885/580
f 571/871/571 582/886/582 581/887/581
f 572/873/572 583/888/583 582/889/582
f 573/872/573 584/890/584 583/888/583
f 575/876/575 584/891/584 574/875/574
f 576/878/576 585/892/585 575/876/575
f 577/893/577 586/894/586 576/878/576
f 578/881/578 587/895/587 577/879/577
f 579/896/579 588/897/588 578/881/578
f 580/898/580 589/899/589 579/883/579
f 580/885/580 581/887/581 590/900/590
f 581/887/581 592/901/592 591/902/591
f 582/889/582 593/903/593 592/904/592
f 584/890/584 593/903/593 583/888/583
f 585/892/585 594/905/594 584/891/584
f 586/894/586 595/906/595 585/892/585
f 587/907/587 596/908/596 586/894/586
f 588/897/588 597/909/597 587/895/587
f 589/910/589 598/911/598 588/897/588
f 590/912/590 599/913/599 589/899/589
f 590/900/590 591/902/591 600/914/600
f 592/901/592 601/915/601 591/902/591
f 593/903/593 602/916/602 592/904/592
f 594/917/594 603/918/603 593/903/593
f 595/906/595 604/919/604 594/905/594
f 596/908/596 605/920/605 595/906/595
f 597/921/597 606/922/606 596/908/596
f 598/911/598 607/923/607 597/909/597
f 599/924/599 608/925/608 598/911/598
f 600/926/600 609/927/609 599/913/599
f 591/902/591 610/928/610 600/914/600
f 601/915/601 612/929/612 611/930/611
f 602/916/602 613/931/613 612/932/612
f 604/933/604 613/931/613 603/918/603
f 605/920/605 614/934/614 604/919/604
f 606/922/606 615/935/615 605/920/605
f 607/936/607 616/937/616 606/922/606
f 608/925/608 617/938/617 607/923/607
f 609/939/609 618/940/618 608/925/608
f 610/941/610 619/942/619 609/927/609
f 610/928/610 611/930/611 620/943/620
f 611/930/611 622/944/622 621/945/621
f 612/932/612 623/946/623 622/947/622
f 614/948/614 623/946/623 613/931/613
f 615/935/615 624/949/624 614/934/614
f 616/937/616 625/950/625 615/935/615
f 617/951/617 626/952/626 616/937/616
f 618/940/618 627/953/627 617/938/617
f 619/942/619 628/954/628 618/955/618
f 620/956/620 629/957/629 619/942/619
f 620/943/620 621/945/621 630/958/630
f 621/945/621 632/959/632 631/960/631
f 622/947/622 633/961/633 632/962/632
f 624/963/624 633/961/633 623/946/623
f 625/964/625 634/965/634 624/966/624
f 626/952/626 635/967/635 625/950/625
f 627/968/627 636/969/636 626/952/626
f 628/970/628 637/971/637 627/953/627
f 629/957/629 638/972/638 628/954/628
f 630/973/630 639/974/639 629/957/629
f 630/958/630 631/960/631 640/975/640
f 631/960/631 642/976/642 641/977/641
f 632/962/632 643/978/643 642/979/642
f 634/965/634 643/980/643 633/981/633
f 635/982/635 644/983/644 634/965/634
f 636/969/636 645/984/645 635/967/635
f 637/985/637 646/986/646 636/969/636
f 638/987/638 647/988/647 637/971/637
f 639/974/639 648/989/648 638/972/638
f 640/990/640 649/991/649 639/974/639
f 640/975/640 641/977/641 650/992/650
f 641/977/641 652/993/652 651/994/651
f 643/995/643 652/993/652 642/976/642
f 644/983/644 653/996/653 643/980/643
f 645/997/645 654/998/654 644/983/644
f 646/986/646 655/999/655 645/984/645
f 647/1000/647 656/1001/656 646/986/646
f 648/1002/648 657/1003/657 647/988/647
f 649/991/649 658/1004/658 648/989/648
f 650/1005/650 659/1006/659 649/991/649
f 641/977/641 660/1007/660 650/992/650
f 651/994/651 662/1008/662 661/1009/661
f 652/993/652 663/1010/663 662/1008/662
f 654/998/654 663/1011/663 653/996/653
f 655/1012/655 664/1013/664 654/998/654
f 656/1001/656 665/1014/665 655/999/655
f 657/1015/657 666/1016/666 656/1001/656
f 658/1017/658 667/1018/667 657/1003/657
f 659/1006/659 668/1019/668 658/1004/658
f 660/1020/660 669/1021/669 659/1006/659
f 660/1007/660 661/1009/661 670/1022/670
f 661/1009/661 672/1023/672 671/1024/671
f 662/1008/662 673/1025/673 672/1023/672
f 664/1013/664 673/1026/673 663/1011/663
f 665/1027/665 674/1028/674 664/1013/664
f 666/1016/666 675/1029/675 665/1014/665
f 667/1030/667 676/1031/676 666/1016/666
f 668/1032/668 677/1033/677 667/1018/667
f 669/1021/669 678/1034/678 668/1019/668
f 670/1035/670 679/1036/679 669/1021/669
f 670/1035/670 671/1037/671 680/1038/680
f 671/1024/671 682/1039/682 681/1040/681
f 672/1023/672 683/1041/683 682/1039/682
f 674/1028/674 683/1042/683 673/1026/673
f 675/1043/675 684/1044/684 674/1028/674
f 676/1031/676 685/1045/685 675/1029/675
f 677/1046/677 686/1047/686 676/1031/676
f 678/1048/678 687/1049/687 677/1033/677
f 679/1036/679 688/1050/688 678/1034/678
f 680/1038/680 689/1051/689 679/1036/679
f 680/1038/680 681/1052/681 690/1053/690
f 681/1040/681 692/1054/692 691/1055/691
f 682/1039/682 693/1056/693 692/1054/692
f 684/1044/684 693/1057/693 683/1042/683
f 685/1058/685 694/1059/694 684/1044/684
f 686/1047/686 695/1060/695 685/1045/685
f 687/1061/687 696/1062/696 686/1047/686
f 688/1063/688 697/1064/697 687/1049/687
f 689/1051/689 698/1065/698 688/1050/688
f 690/1053/690 699/1066/699 689/1051/689
f 690/1053/690 691/1067/691 700/1068/700
f 691/1055/691 702/1069/702 701/1070/701
f 692/1054/692 703/1071/703 702/1069/702
f 694/1059/694 703/1072/703 693/1057/693
f 695/1073/695 704/1074/704 694/1059/694
f 696/1062/696 705/1075/705 695/1060/695
f 697/1076/697 706/1077/706 696/1062/696
f 698/1078/698 707/1079/707 697/1064/697
f 699/1066/699 708/1080/708 698/1065/698
f 700/1068/700 709/1081/709 699/1066/699
f 700/1068/700 701/1082/701 710/1083/710
f 701/1070/701 712/1084/712 711/1085/711
f 702/1069/702 713/1086/713 712/1084/712
f 704/1074/704 713/1087/713 703/1072/703
f 705/1088/705 714/1089/714 704/1074/704
f 706/1077/706 715/1090/715 705/1075/705
f 707/1091/707 716/1092/716 706/1077/706
f 708/1093/708 717/1094/717 707/1079/707
f 709/1081/709 718/1095/718 708/1080/708
f 710/1083/710 719/1096/719 709/1081/709
f 710/1083/710 711/1097/711 720/1098/720
f 711/1085/711 722/1099/722 721/1100/721
f 712/1084/712 723/1101/723 722/1099/722
f 714/1089/714 723/1102/723 713/1087/713
f 715/1103/715 724/1104/724 714/1089/714
f 716/1105/716 725/1106/725 715/1103/715
f 717/1107/717 726/1108/726 716/1092/716
f 718/1109/718 727/1110/727 717/1094/717
f 719/1096/719 728/1111/728 718/1095/718
f 720/1098/720 729/1112/729 719/1096/719
f 720/1098/720 721/1113/721 730/1114/730
f 721/1100/721 732/1115/732 731/1116/731
f 722/1099/722 733/1117/733 732/1115/732
f 724/1104/724 733/1118/733 723/1102/723
f 725/1106/725 734/1119/734 724/1104/724
f 726/1120/726 735/1121/735 725/1106/725
f 727/1122/727 736/1123/736 726/1108/726
f 728/1124/728 737/1125/737 727/1110/727
f 729/1112/729 738/1126/738 728/1111/728
f 730/1114/730 739/1127/739 729/1112/729
f 730/1114/730 731/1128/731 740/1129/740
f 732/1115/732 741/1130/741 731/1116/731
f 733/1117/733 742/1131/742 732/1115/732
f 734/1119/734 743/1132/743 733/1118/733
f 734/1119/734 745/1133/745 744/1134/744
f 735/1121/735 746/1135/746 745/1133/745
f 736/1123/736 747/1136/747 746/1137/746
f 737/1125/737 748/1138/748 747/1139/747
f 738/1126/738 749/1140/749 748/1141/748
f 740/1129/740 749/1140/749 739/1127/739
f 731/1128/731 750/1142/750 740/1129/740
f 507/1143/507 503/1144/503 501/1145/501
f 744/1146/744 748/1147/748 750/1148/750
f 751/1149/751 770/1150/770 769/1151/769
f 752/1152/752 776/1153/776 790/1154/790
f 751/1149/751 769/1151/769 804/1155/804
f 751/1149/751 804/1155/804 818/1156/818
f 751/1149/751 818/1156/818 791/1157/791
f 752/1152/752 790/1154/790 839/1158/839
f 753/1159/753 783/1160/783 853/1161/853
f 754/1162/754 811/1163/811 867/1164/867
f 755/1165/755 825/1166/825 881/1167/881
f 756/1168/756 832/1169/832 895/1170/895
f 752/1171/752 839/1172/839 854/1173/854
f 753/1159/753 853/1161/853 868/1174/868
f 754/1162/754 867/1164/867 882/1175/882
f 755/1165/755 881/1167/881 896/1176/896
f 756/1168/756 895/1170/895 840/1177/840
f 757/1178/757 909/1179/909 944/1180/944
f 758/1181/758 916/1182/916 958/1183/958
f 759/1184/759 923/1185/923 965/1186/965
f 760/1187/760 930/1188/930 972/1189/972
f 761/1190/761 937/1191/937 945/1192/945
f 951/1193/951 966/1194/966 762/1195/762
f 950/1196/950 973/1197/973 951/1193/951
f 949/1198/949 974/1199/974 950/1196/950
f 948/1200/948 976/1201/976 949/1202/949
f 947/1203/947 979/1204/979 948/1205/948
f 946/1206/946 983/1207/983 947/1203/947
f 945/1208/945 988/1209/988 946/1210/946
f 951/1193/951 973/1197/973 966/1194/966
f 973/1197/973 967/1211/967 966/1194/966
f 950/1196/950 974/1199/974 973/1197/973
f 974/1199/974 975/1212/975 973/1197/973
f 973/1197/973 975/1212/975 967/1211/967
f 975/1212/975 968/1213/968 967/1211/967
f 949/1198/949 976/1214/976 974/1199/974
f 976/1214/976 977/1215/977 974/1199/974
f 974/1199/974 977/1215/977 975/1212/975
f 977/1215/977 978/1216/978 975/1212/975
f 975/1212/975 978/1216/978 968/1213/968
f 978/1216/978 969/1217/969 968/1213/968
f 948/1205/948 979/1204/979 976/1214/976
f 979/1204/979 980/1218/980 976/1214/976
f 976/1214/976 980/1218/980 977/1215/977
f 980/1218/980 981/1219/981 977/1215/977
f 977/1215/977 981/1219/981 978/1216/978
f 981/1219/981 982/1220/982 978/1216/978
f 978/1216/978 982/1220/982 969/1217/969
f 982/1220/982 970/1221/970 969/1217/969
f 947/1203/947 983/1207/983 979/1204/979
f 983/1207/983 984/1222/984 979/1204/979
f 979/1204/979 984/1222/984 980/1218/980
f 984/1223/984 985/1224/985 980/1225/980
f 980/1218/980 985/1226/985 981/1219/981
f 985/1226/985 986/1227/986 981/1219/981
f 981/1219/981 986/1227/986 982/1220/982
f 986/1227/986 987/1228/987 982/1220/982
f 982/1220/982 987/1228/987 970/1221/970
f 987/1228/987 971/1229/971 970/1221/970
f 946/1206/946 988/1230/988 983/1207/983
f 988/1230/988 989/1231/989 983/1207/983
f 983/1207/983 989/1231/989 984/1222/984
f 989/1231/989 990/1232/990 984/1222/984
f 984/1222/984 990/1232/990 985/1226/985
f 990/1232/990 991/1233/991 985/1226/985
f 985/1226/985 991/1233/991 986/1227/986
f 991/1233/991 992/1234/992 986/1227/986
f 986/1227/986 992/1234/992 987/1228/987
f 992/1234/992 993/1235/993 987/1228/987
f 987/1228/987 993/1235/993 971/1229/971
f 993/1235/993 972/1236/972 971/1229/971
f 945/1208/945 937/1237/937 988/1209/988
f 937/1191/937 936/1238/936 988/1230/988
f 988/1230/988 936/1238/936 989/1231/989
f 936/1238/936 935/1239/935 989/1231/989
f 989/1231/989 935/1239/935 990/1232/990
f 935/1239/935 934/1240/934 990/1232/990
f 990/1232/990 934/1240/934 991/1233/991
f 934/1240/934 933/1241/933 991/1233/991
f 991/1233/991 933/1241/933 992/1234/992
f 933/1242/933 932/1243/932 992/1244/992
f 992/1244/992 932/1243/932 993/1245/993
f 932/1246/932 931/1247/931 993/1235/993
f 993/1235/993 931/1247/931 972/1236/972
f 931/1248/931 760/1187/760 972/1189/972
f 966/1194/966 959/1249/959 762/1195/762
f 967/1211/967 994/1250/994 966/1194/966
f 968/1213/968 995/1251/995 967/1211/967
f 969/1217/969 997/1252/997 968/1213/968
f 970/1221/970 1000/1253/1000 969/1217/969
f 971/1229/971 1004/1254/1004 970/1221/970
f 972/1236/972 1009/1255/1009 971/1229/971
f 966/1194/966 994/1250/994 959/1249/959
f 994/1250/994 960/1256/960 959/1249/959
f 967/1211/967 995/1251/995 994/1250/994
f 995/1251/995 996/1257/996 994/1250/994
f 994/1250/994 996/1257/996 960/1256/960
f 996/1257/996 961/1258/961 960/1256/960
f 968/1259/968 997/1260/997 995/1261/995
f 997/1260/997 998/1262/998 995/1261/995
f 995/1261/995 998/1262/998 996/1263/996
f 998/1264/998 999/1265/999 996/1257/996
f 996/1257/996 999/1265/999 961/1258/961
f 999/1265/999 962/1266/962 961/1258/961
f 969/1217/969 1000/1253/1000 997/1252/997
f 1000/1253/1000 1001/1267/1001 997/1252/997
f 997/1252/997 1001/1267/1001 998/1264/998
f 1001/1267/1001 1002/1268/1002 998/1264/998
f 998/1264/998 1002/1268/1002 999/1265/999
f 1002/1268/1002 1003/1269/1003 999/1265/999
f 999/1265/999 1003/1269/1003 962/1266/962
f 1003/1270/1003 963/1271/963 962/1272/962
f 970/1221/970 1004/1254/1004 1000/1253/1000
f 1004/1254/1004 1005/1273/1005 1000/1253/1000
f 1000/1253/1000 1005/1273/1005 1001/1267/1001
f 1005/1273/1005 1006/1274/1006 1001/1267/1001
f 1001/1267/1001 1006/1274/1006 1002/1268/1002
f 1006/1274/1006 1007/1275/1007 1002/1268/1002
f 1002/1276/1002 1007/1277/1007 1003/1278/1003
f 1007/1277/1007 1008/1279/1008 1003/1278/1003
f 1003/1270/1003 1008/1280/1008 963/1271/963
f 1008/1280/1008 964/1281/964 963/1271/963
f 971/1229/971 1009/1255/1009 1004/1254/1004
f 1009/1255/1009 1010/1282/1010 1004/1254/1004
f 1004/1254/1004 1010/1282/1010 1005/1273/1005
f 1010/1282/1010 1011/1283/1011 1005/1273/1005
f 1005/1273/1005 1011/1283/1011 1006/1274/1006
f 1011/1283/1011 1012/1284/1012 1006/1274/1006
f 1006/1274/1006 1012/1284/1012 1007/1275/1007
f 1012/1284/1012 1013/1285/1013 1007/1275/1007
f 1007/1275/1007 1013/1285/1013 1008/1286/1008
f 1013/1287/1013 1014/1288/1014 1008/1289/1008
f 1008/1280/1008 1014/1290/1014 964/1281/964
f 1014/1291/1014 965/1292/965 964/1293/964
f 972/1189/972 930/1188/930 1009/1294/1009
f 930/1188/930 929/1295/929 1009/1294/1009
f 1009/1294/1009 929/1295/929 1010/1296/1010
f 929/1295/929 928/1297/928 1010/1296/1010
f 1010/1282/1010 928/1298/928 1011/1283/1011
f 928/1298/928 927/1299/927 1011/1283/1011
f 1011/1283/1011 927/1299/927 1012/1284/1012
f 927/1299/927 926/1300/926 1012/1284/1012
f 1012/1284/1012 926/1300/926 1013/1285/1013
f 926/1300/926 925/1301/925 1013/1285/1013
f 1013/1285/1013 925/1301/925 1014/1291/1014
f 925/1301/925 924/1302/924 1014/1291/1014
f 1014/1291/1014 924/1302/924 965/1292/965
f 924/1303/924 759/1184/759 965/1186/965
f 959/1249/959 952/1304/952 762/1195/762
f 960/1256/960 1015/1305/1015 959/1249/959
f 961/1258/961 1016/1306/1016 960/1256/960
f 962/1266/962 1018/1307/1018 961/1258/961
f 963/1308/963 1021/1309/1021 962/1266/962
f 964/1293/964 1025/1310/1025 963/1308/963
f 965/1292/965 1030/1311/1030 964/1293/964
f 959/1249/959 1015/1305/1015 952/1304/952
f 1015/1305/1015 953/1312/953 952/1304/952
f 960/1256/960 1016/1306/1016 1015/1305/1015
f 1016/1306/1016 1017/1313/1017 1015/1305/1015
f 1015/1305/1015 1017/1313/1017 953/1312/953
f 1017/1313/1017 954/1314/954 953/1312/953
f 961/1258/961 1018/1307/1018 1016/1306/1016
f 1018/1307/1018 1019/1315/1019 1016/1306/1016
f 1016/1306/1016 1019/1315/1019 1017/1313/1017
f 1019/1315/1019 1020/1316/1020 1017/1313/1017
f 1017/1313/1017 1020/1316/1020 954/1314/954
f 1020/1317/1020 955/1318/955 954/1319/954
f 962/1266/962 1021/1309/1021 1018/1307/1018
f 1021/1309/1021 1022/1320/1022 1018/1307/1018
f 1018/1307/1018 1022/1320/1022 1019/1315/1019
f 1022/1321/1022 1023/1322/1023 1019/1323/1019
f 1019/1324/1019 1023/1325/1023 1020/1326/1020
f 1023/1325/1023 1024/1327/1024 1020/1326/1020
f 1020/1316/1020 1024/1328/1024 955/1329/955
f 1024/1328/1024 956/1330/956 955/1329/955
f 963/1308/963 1025/1310/1025 1021/1309/1021
f 1025/1310/1025 1026/1331/1026 1021/1309/1021
f 1021/1309/1021 1026/1331/1026 1022/1320/1022
f 1026/1331/1026 1027/1332/1027 1022/1320/1022
f 1022/1320/1022 1027/1332/1027 1023/1333/1023
f 1027/1332/1027 1028/1334/1028 1023/1333/1023
f 1023/1333/1023 1028/1334/1028 1024/1328/1024
f 1028/1334/1028 1029/1335/1029 1024/1328/1024
f 1024/1328/1024 1029/1335/1029 956/1330/956
f 1029/1335/1029 957/1336/957 956/1330/956
f 964/1293/964 1030/1311/1030 1025/1310/1025
f 1030/1311/1030 1031/1337/1031 1025/1310/1025
f 1025/1310/1025 1031/1337/1031 1026/1331/1026
f 1031/1338/1031 1032/1339/1032 1026/1340/1026
f 1026/1331/1026 1032/1341/1032 1027/1332/1027
f 1032/1341/1032 1033/1342/1033 1027/1332/1027
f 1027/1343/1027 1033/1344/1033 1028/1345/1028
f 1033/1344/1033 1034/1346/1034 1028/1345/1028
f 1028/1334/1028 1034/1347/1034 1029/1335/1029
f 1034/1347/1034 1035/1348/1035 1029/1335/1029
f 1029/1335/1029 1035/1348/1035 957/1336/957
f 1035/1349/1035 958/1183/958 957/1350/957
f 965/1186/965 923/1185/923 1030/1351/1030
f 923/1185/923 922/1352/922 1030/1351/1030
f 1030/1351/1030 922/1352/922 1031/1338/1031
f 922/1352/922 921/1353/921 1031/1338/1031
f 1031/1338/1031 921/1353/921 1032/1339/1032
f 921/1353/921 920/1354/920 1032/1339/1032
f 1032/1341/1032 920/1355/920 1033/1342/1033
f 920/1355/920 919/1356/919 1033/1342/1033
f 1033/1342/1033 919/1356/919 1034/1347/1034
f 919/1357/919 918/1358/918 1034/1359/1034
f 1034/1360/1034 918/1361/918 1035/1362/1035
f 918/1363/918 917/1364/917 1035/1365/1035
f 1035/1366/1035 917/1367/917 958/1368/958
f 917/1369/917 758/1370/758 958/1371/958
f 952/1304/952 938/1372/938 762/1195/762
f 953/1312/953 1036/1373/1036 952/1304/952
f 954/1314/954 1037/1374/1037 953/1312/953
f 955/1318/955 1039/1375/1039 954/1319/954
f 956/1330/956 1042/1376/1042 955/1329/955
f 957/1336/957 1046/1377/1046 956/1330/956
f 958/1183/958 1051/1378/1051 957/1350/957
f 952/1304/952 1036/1373/1036 938/1372/938
f 1036/1373/1036 939/1379/939 938/1372/938
f 953/1312/953 1037/1374/1037 1036/1373/1036
f 1037/1374/1037 1038/1380/1038 1036/1373/1036
f 1036/1373/1036 1038/1380/1038 939/1379/939
f 1038/1381/1038 940/1382/940 939/1383/939
f 954/1314/954 1039/1384/1039 1037/1374/1037
f 1039/1384/1039 1040/1385/1040 1037/1374/1037
f 1037/1374/1037 1040/1385/1040 1038/1380/1038
f 1040/1386/1040 1041/1387/1041 1038/1388/1038
f 1038/1381/1038 1041/1389/1041 940/1382/940
f 1041/1389/1041 941/1390/941 940/1382/940
f 955/1329/955 1042/1376/1042 1039/1384/1039
f 1042/1376/1042 1043/1391/1043 1039/1384/1039
f 1039/1384/1039 1043/1391/1043 1040/1385/1040
f 1043/1391/1043 1044/1392/1044 1040/1385/1040
f 1040/1385/1040 1044/1392/1044 1041/1393/1041
f 1044/1392/1044 1045/1394/1045 1041/1393/1041
f 1041/1393/1041 1045/1394/1045 941/1395/941
f 1045/1394/1045 942/1396/942 941/1395/941
f 956/1330/956 1046/1377/1046 1042/1376/1042
f 1046/1377/1046 1047/1397/1047 1042/1376/1042
f 1042/1376/1042 1047/1397/1047 1043/1391/1043
f 1047/1398/1047 1048/1399/1048 1043/1400/1043
f 1043/1391/1043 1048/1401/1048 1044/1392/1044
f 1048/1401/1048 1049/1402/1049 1044/1392/1044
f 1044/1392/1044 1049/1402/1049 1045/1394/1045
f 1049/1403/1049 1050/1404/1050 1045/1405/1045
f 1045/1406/1045 1050/1407/1050 942/1408/942
f 1050/1409/1050 943/1410/943 942/1411/942
f 957/1336/957 1051/1412/1051 1046/1377/1046
f 1051/1412/1051 1052/1413/1052 1046/1377/1046
f 1046/1414/1046 1052/1415/1052 1047/1398/1047
f 1052/1415/1052 1053/1416/1053 1047/1398/1047
f 1047/1398/1047 1053/1416/1053 1048/1399/1048
f 1053/1416/1053 1054/1417/1054 1048/1399/1048
f 1048/1399/1048 1054/1417/1054 1049/1418/1049
f 1054/1417/1054 1055/1419/1055 1049/1418/1049
f 1049/1418/1049 1055/1419/1055 1050/1420/1050
f 1055/1419/1055 1056/1421/1056 1050/1420/1050
f 1050/1409/1050 1056/1422/1056 943/1410/943
f 1056/1423/1056 944/1180/944 943/1424/943
f 958/1183/958 916/1182/916 1051/1378/1051
f 916/1182/916 915/1425/915 1051/1378/1051
f 1051/1378/1051 915/1425/915 1052/1426/1052
f 915/1425/915 914/1427/914 1052/1426/1052
f 1052/1428/1052 914/1429/914 1053/1430/1053
f 914/1429/914 913/1431/913 1053/1430/1053
f 1053/1416/1053 913/1432/913 1054/1417/1054
f 913/1431/913 912/1433/912 1054/1434/1054
f 1054/1434/1054 912/1433/912 1055/1435/1055
f 912/1433/912 911/1436/911 1055/1435/1055
f 1055/1435/1055 911/1436/911 1056/1423/1056
f 911/1436/911 910/1437/910 1056/1423/1056
f 1056/1423/1056 910/1437/910 944/1180/944
f 910/1437/910 757/1178/757 944/1180/944
f 938/1372/938 951/1193/951 762/1195/762
f 939/1379/939 1057/1438/1057 938/1372/938
f 940/1382/940 1058/1439/1058 939/1383/939
f 941/1390/941 1060/1440/1060 940/1382/940
f 942/1396/942 1063/1441/1063 941/1395/941
f 943/1410/943 1067/1442/1067 942/1411/942
f 944/1180/944 1072/1443/1072 943/1424/943
f 938/1372/938 1057/1438/1057 951/1193/951
f 1057/1438/1057 950/1196/950 951/1193/951
f 939/1379/939 1058/1444/1058 1057/1438/1057
f 1058/1444/1058 1059/1445/1059 1057/1438/1057
f 1057/1438/1057 1059/1445/1059 950/1196/950
f 1059/1445/1059 949/1198/949 950/1196/950
f 940/1382/940 1060/1440/1060 1058/1439/1058
f 1060/1446/1060 1061/1447/1061 1058/1444/1058
f 1058/1444/1058 1061/1447/1061 1059/1445/1059
f 1061/1447/1061 1062/1448/1062 1059/1445/1059
f 1059/1445/1059 1062/1448/1062 949/1198/949
f 1062/1449/1062 948/1200/948 949/1202/949
f 941/1395/941 1063/1441/1063 1060/1446/1060
f 1063/1441/1063 1064/1450/1064 1060/1446/1060
f 1060/1451/1060 1064/1452/1064 1061/1453/1061
f 1064/1452/1064 1065/1454/1065 1061/1453/1061
f 1061/1453/1061 1065/1454/1065 1062/1455/1062
f 1065/1454/1065 1066/1456/1066 1062/1455/1062
f 1062/1448/1062 1066/1457/1066 948/1205/948
f 1066/1457/1066 947/1203/947 948/1205/948
f 942/1411/942 1067/1442/1067 1063/1458/1063
f 1067/1459/1067 1068/1460/1068 1063/1461/1063
f 1063/1441/1063 1068/1462/1068 1064/1450/1064
f 1068/1462/1068 1069/1463/1069 1064/1450/1064
f 1064/1450/1064 1069/1463/1069 1065/1464/1065
f 1069/1463/1069 1070/1465/1070 1065/1464/1065
f 1065/1464/1065 1070/1465/1070 1066/1457/1066
f 1070/1465/1070 1071/1466/1071 1066/1457/1066
f 1066/1457/1066 1071/1466/1071 947/1203/947
f 1071/1466/1071 946/1206/946 947/1203/947
f 943/1467/943 1072/1468/1072 1067/1459/1067
f 1072/1468/1072 1073/1469/1073 1067/1459/1067
f 1067/1459/1067 1073/1469/1073 1068/1460/1068
f 1073/1470/1073 1074/1471/1074 1068/1472/1068
f 1068/1472/1068 1074/1471/1074 1069/1473/1069
f 1074/1474/1074 1075/1475/1075 1069/1463/1069
f 1069/1463/1069 1075/1475/1075 1070/1465/1070
f 1075/1475/1075 1076/1476/1076 1070/1465/1070
f 1070/1465/1070 1076/1476/1076 1071/1466/1071
f 1076/1477/1076 1077/1478/1077 1071/1479/1071
f 1071/1479/1071 1077/1478/1077 946/1480/946
f 1077/1481/1077 945/1482/945 946/1483/946
f 944/1484/944 909/1485/909 1072/1486/1072
f 909/1485/909 908/1487/908 1072/1486/1072
f 1072/1468/1072 908/1488/908 1073/1469/1073
f 908/1488/908 907/1489/907 1073/1469/1073
f 1073/1490/1073 907/1491/907 1074/1474/1074
f 907/1491/907 906/1492/906 1074/1474/1074
f 1074/1474/1074 906/1492/906 1075/1475/1075
f 906/1492/906 905/1493/905 1075/1475/1075
f 1075/1475/1075 905/1493/905 1076/1476/1076
f 905/1493/905 904/1494/904 1076/1476/1076
f 1076/1476/1076 904/1494/904 1077/1495/1077
f 904/1494/904 903/1496/903 1077/1495/1077
f 1077/1495/1077 903/1496/903 945/1192/945
f 903/1496/903 761/1190/761 945/1192/945
f 846/1497/846 937/1498/937 761/1499/761
f 845/1500/845 1078/1501/1078 846/1502/846
f 844/1503/844 1079/1504/1079 845/1505/845
f 843/1506/843 1081/1507/1081 844/1508/844
f 842/1509/842 1084/1510/1084 843/1506/843
f 841/1511/841 1088/1512/1088 842/1513/842
f 840/1514/840 1093/1515/1093 841/1511/841
f 846/1516/846 1078/1517/1078 937/1518/937
f 1078/1517/1078 936/1519/936 937/1518/937
f 845/1500/845 1079/1520/1079 1078/1501/1078
f 1079/1520/1079 1080/1521/1080 1078/1501/1078
f 1078/1517/1078 1080/1522/1080 936/1519/936
f 1080/1523/1080 935/1524/935 936/1525/936
f 844/1526/844 1081/1527/1081 1079/1528/1079
f 1081/1527/1081 1082/1529/1082 1079/1528/1079
f 1079/1520/1079 1082/1530/1082 1080/1521/1080
f 1082/1530/1082 1083/1531/1083 1080/1521/1080
f 1080/1521/1080 1083/1531/1083 935/1239/935
f 1083/1531/1083 934/1240/934 935/1239/935
f 843/1506/843 1084/1510/1084 1081/1507/1081
f 1084/1532/1084 1085/1533/1085 1081/1527/1081
f 1081/1527/1081 1085/1533/1085 1082/1529/1082
f 1085/1534/1085 1086/1535/1086 1082/1536/1082
f 1082/1536/1082 1086/1535/1086 1083/1537/1083
f 1086/1535/1086 1087/1538/1087 1083/1537/1083
f 1083/1537/1083 1087/1538/1087 934/1539/934
f 1087/1540/1087 933/1541/933 934/1542/934
f 842/1543/842 1088/1544/1088 1084/1545/1084
f 1088/1546/1088 1089/1547/1089 1084/1548/1084
f 1084/1532/1084 1089/1549/1089 1085/1533/1085
f 1089/1549/1089 1090/1550/1090 1085/1533/1085
f 1085/1551/1085 1090/1552/1090 1086/1553/1086
f 1090/1552/1090 1091/1554/1091 1086/1553/1086
f 1086/1535/1086 1091/1555/1091 1087/1538/1087
f 1091/1555/1091 1092/1556/1092 1087/1538/1087
f 1087/1538/1087 1092/1556/1092 933/1242/933
f 1092/1556/1092 932/1243/932 933/1242/933
f 841/1557/841 1093/1558/1093 1088/1559/1088
f 1093/1560/1093 1094/1561/1094 1088/1562/1088
f 1088/1562/1088 1094/1561/1094 1089/1549/1089
f 1094/1561/1094 1095/1563/1095 1089/1549/1089
f 1089/1549/1089 1095/1563/1095 1090/1550/1090
f 1095/1564/1095 1096/1565/1096 1090/1552/1090
f 1090/1552/1090 1096/1565/1096 1091/1554/1091
f 1096/1565/1096 1097/1566/1097 1091/1554/1091
f 1091/1554/1091 1097/1566/1097 1092/1567/1092
f 1097/1566/1097 1098/1568/1098 1092/1567/1092
f 1092/1567/1092 1098/1568/1098 932/1569/932
f 1098/1570/1098 931/1571/931 932/1572/932
f 840/1177/840 895/1170/895 1093/1573/1093
f 895/1170/895 894/1574/894 1093/1573/1093
f 1093/1573/1093 894/1574/894 1094/1575/1094
f 894/1576/894 893/1577/893 1094/1578/1094
f 1094/1578/1094 893/1577/893 1095/1579/1095
f 893/1577/893 892/1580/892 1095/1579/1095
f 1095/1581/1095 892/1582/892 1096/1583/1096
f 892/1584/892 891/1585/891 1096/1586/1096
f 1096/1565/1096 891/1587/891 1097/1566/1097
f 891/1587/891 890/1588/890 1097/1566/1097
f 1097/1589/1097 890/1590/890 1098/1591/1098
f 890/1590/890 889/1592/889 1098/1591/1098
f 1098/1591/1098 889/1592/889 931/1248/931
f 889/1592/889 760/1187/760 931/1248/931
f 902/1593/902 930/1188/930 760/1187/760
f 901/1594/901 1099/1595/1099 902/1596/902
f 900/1597/900 1100/1598/1100 901/1599/901
f 899/1600/899 1102/1601/1102 900/1597/900
f 898/1602/898 1105/1603/1105 899/1604/899
f 897/1605/897 1109/1606/1109 898/1607/898
f 896/1176/896 1114/1608/1114 897/1609/897
f 902/1593/902 1099/1610/1099 930/1188/930
f 1099/1610/1099 929/1295/929 930/1188/930
f 901/1599/901 1100/1598/1100 1099/1610/1099
f 1100/1598/1100 1101/1611/1101 1099/1610/1099
f 1099/1610/1099 1101/1611/1101 929/1295/929
f 1101/1612/1101 928/1298/928 929/1613/929
f 900/1597/900 1102/1601/1102 1100/1598/1100
f 1102/1601/1102 1103/1614/1103 1100/1598/1100
f 1100/1598/1100 1103/1614/1103 1101/1611/1101
f 1103/1614/1103 1104/1615/1104 1101/1611/1101
f 1101/1612/1101 1104/1616/1104 928/1298/928
f 1104/1616/1104 927/1299/927 928/1298/928
f 899/1600/899 1105/1617/1105 1102/1601/1102
f 1105/1618/1105 1106/1619/1106 1102/1620/1102
f 1102/1601/1102 1106/1621/1106 1103/1614/1103
f 1106/1621/1106 1107/1622/1107 1103/1614/1103
f 1103/1614/1103 1107/1622/1107 1104/1615/1104
f 1107/1623/1107 1108/1624/1108 1104/1616/1104
f 1104/1616/1104 1108/1624/1108 927/1299/927
f 1108/1624/1108 926/1300/926 927/1299/927
f 898/1625/898 1109/1626/1109 1105/1627/1105
f 1109/1626/1109 1110/1628/1110 1105/1627/1105
f 1105/1618/1105 1110/1629/1110 1106/1619/1106
f 1110/1630/1110 1111/1631/1111 1106/1621/1106
f 1106/1621/1106 1111/1631/1111 1107/1622/1107
f 1111/1631/1111 1112/1632/1112 1107/1622/1107
f 1107/1623/1107 1112/1633/1112 1108/1624/1108
f 1112/1633/1112 1113/1634/1113 1108/1624/1108
f 1108/1624/1108 1113/1634/1113 926/1300/926
f 1113/1634/1113 925/1301/925 926/1300/926
f 897/1635/897 1114/1636/1114 1109/1637/1109
f 1114/1638/1114 1115/1639/1115 1109/1640/1109
f 1109/1640/1109 1115/1639/1115 1110/1641/1110
f 1115/1642/1115 1116/1643/1116 1110/1630/1110
f 1110/1630/1110 1116/1643/1116 1111/1631/1111
f 1116/1643/1116 1117/1644/1117 1111/1631/1111
f 1111/1631/1111 1117/1644/1117 1112/1632/1112
f 1117/1645/1117 1118/1646/1118 1112/1647/1112
f 1112/1647/1112 1118/1646/1118 1113/1648/1113
f 1118/1646/1118 1119/1649/1119 1113/1648/1113
f 1113/1648/1113 1119/1649/1119 925/1650/925
f 1119/1649/1119 924/1303/924 925/1650/925
f 896/1176/896 881/1167/881 1114/1608/1114
f 881/1651/881 880/1652/880 1114/1638/1114
f 1114/1638/1114 880/1652/880 1115/1639/1115
f 880/1652/880 879/1653/879 1115/1639/1115
f 1115/1654/1115 879/1655/879 1116/1656/1116
f 879/1655/879 878/1657/878 1116/1656/1116
f 1116/1643/1116 878/1658/878 1117/1644/1117
f 878/1658/878 877/1659/877 1117/1644/1117
f 1117/1645/1117 877/1660/877 1118/1646/1118
f 877/1660/877 876/1661/876 1118/1646/1118
f 1118/1662/1118 876/1663/876 1119/1664/1119
f 876/1663/876 875/1665/875 1119/1664/1119
f 1119/1649/1119 875/1666/875 924/1303/924
f 875/1666/875 759/1184/759 924/1303/924
f 888/1667/888 923/1185/923 759/1184/759
f 887/1668/887 1120/1669/1120 888/1670/888
f 886/1671/886 1121/1672/1121 887/1673/887
f 885/1674/885 1123/1675/1123 886/1671/886
f 884/1676/884 1126/1677/1126 885/1678/885
f 883/1679/883 1130/1680/1130 884/1681/884
f 882/1175/882 1135/1682/1135 883/1679/883
f 888/1667/888 1120/1683/1120 923/1185/923
f 1120/1683/1120 922/1352/922 923/1185/923
f 887/1668/887 1121/1684/1121 1120/1669/1120
f 1121/1684/1121 1122/1685/1122 1120/1669/1120
f 1120/1683/1120 1122/1686/1122 922/1352/922
f 1122/1686/1122 921/1353/921 922/1352/922
f 886/1671/886 1123/1675/1123 1121/1672/1121
f 1123/1675/1123 1124/1687/1124 1121/1672/1121
f 1121/1684/1121 1124/1688/1124 1122/1685/1122
f 1124/1688/1124 1125/1689/1125 1122/1685/1122
f 1122/1686/1122 1125/1690/1125 921/1353/921
f 1125/1690/1125 920/1354/920 921/1353/921
f 885/1674/885 1126/1691/1126 1123/1675/1123
f 1126/1691/1126 1127/1692/1127 1123/1675/1123
f 1123/1675/1123 1127/1692/1127 1124/1687/1124
f 1127/1692/1127 1128/1693/1128 1124/1687/1124
f 1124/1687/1124 1128/1693/1128 1125/1690/1125
f 1128/1693/1128 1129/1694/1129 1125/1690/1125
f 1125/1690/1125 1129/1694/1129 920/1354/920
f 1129/1694/1129 919/1695/919 920/1354/920
f 884/1676/884 1130/1696/1130 1126/1677/1126
f 1130/1696/1130 1131/1697/1131 1126/1677/1126
f 1126/1691/1126 1131/1698/1131 1127/1692/1127
f 1131/1698/1131 1132/1699/1132 1127/1692/1127
f 1127/1700/1127 1132/1701/1132 1128/1702/1128
f 1132/1701/1132 1133/1703/1133 1128/1702/1128
f 1128/1702/1128 1133/1703/1133 1129/1704/1129
f 1133/1703/1133 1134/1705/1134 1129/1704/1129
f 1129/1694/1129 1134/1706/1134 919/1695/919
f 1134/1707/1134 918/1358/918 919/1357/919
f 883/1708/883 1135/1709/1135 1130/1710/1130
f 1135/1709/1135 1136/1711/1136 1130/1710/1130
f 1130/1680/1130 1136/1712/1136 1131/1698/1131
f 1136/1712/1136 1137/1713/1137 1131/1698/1131
f 1131/1698/1131 1137/1713/1137 1132/1699/1132
f 1137/1713/1137 1138/1714/1138 1132/1699/1132
f 1132/1699/1132 1138/1714/1138 1133/1715/1133
f 1138/1716/1138 1139/1717/1139 1133/1718/1133
f 1133/1719/1133 1139/1720/1139 1134/1721/1134
f 1139/1722/1139 1140/1723/1140 1134/1724/1134
f 1134/1724/1134 1140/1723/1140 918/1725/918
f 1140/1726/1140 917/1364/917 918/1363/918
f 882/1175/882 867/1164/867 1135/1682/1135
f 867/1164/867 866/1727/866 1135/1682/1135
f 1135/1709/1135 866/1728/866 1136/1711/1136
f 866/1727/866 865/1729/865 1136/1712/1136
f 1136/1712/1136 865/1729/865 1137/1713/1137
f 865/1729/865 864/1730/864 1137/1713/1137
f 1137/1713/1137 864/1730/864 1138/1714/1138
f 864/1731/864 863/1732/863 1138/1733/1138
f 1138/1716/1138 863/1734/863 1139/1717/1139
f 863/1734/863 862/1735/862 1139/1717/1139
f 1139/1736/1139 862/1737/862 1140/1738/1140
f 862/1739/862 861/1740/861 1140/1741/1140
f 1140/1742/1140 861/1743/861 917/1744/917
f 861/1740/861 758/1370/758 917/1369/917
f 874/1745/874 916/1746/916 758/1747/758
f 873/1748/873 1141/1749/1141 874/1750/874
f 872/1751/872 1142/1752/1142 873/1753/873
f 871/1754/871 1144/1755/1144 872/1756/872
f 870/1757/870 1147/1758/1147 871/1754/871
f 869/1759/869 1151/1760/1151 870/1757/870
f 868/1174/868 1156/1761/1156 869/1759/869
f 874/1745/874 1141/1762/1141 916/1746/916
f 1141/1762/1141 915/1763/915 916/1746/916
f 873/1748/873 1142/1764/1142 1141/1749/1141
f 1142/1764/1142 1143/1765/1143 1141/1749/1141
f 1141/1762/1141 1143/1766/1143 915/1763/915
f 1143/1766/1143 914/1767/914 915/1763/915
f 872/1751/872 1144/1768/1144 1142/1752/1142
f 1144/1769/1144 1145/1770/1145 1142/1771/1142
f 1142/1771/1142 1145/1770/1145 1143/1772/1143
f 1145/1773/1145 1146/1774/1146 1143/1775/1143
f 1143/1776/1143 1146/1777/1146 914/1778/914
f 1146/1774/1146 913/1431/913 914/1429/914
f 871/1779/871 1147/1780/1147 1144/1781/1144
f 1147/1780/1147 1148/1782/1148 1144/1781/1144
f 1144/1783/1144 1148/1784/1148 1145/1785/1145
f 1148/1784/1148 1149/1786/1149 1145/1785/1145
f 1145/1773/1145 1149/1787/1149 1146/1774/1146
f 1149/1787/1149 1150/1788/1150 1146/1774/1146
f 1146/1774/1146 1150/1788/1150 913/1431/913
f 1150/1788/1150 912/1433/912 913/1431/913
f 870/1757/870 1151/1760/1151 1147/1758/1147
f 1151/1760/1151 1152/1789/1152 1147/1758/1147
f 1147/1780/1147 1152/1790/1152 1148/1782/1148
f 1152/1790/1152 1153/1791/1153 1148/1782/1148
f 1148/1784/1148 1153/1792/1153 1149/1786/1149
f 1153/1793/1153 1154/1794/1154 1149/1787/1149
f 1149/1787/1149 1154/1794/1154 1150/1788/1150
f 1154/1794/1154 1155/1795/1155 1150/1788/1150
f 1150/1796/1150 1155/1797/1155 912/1798/912
f 1155/1797/1155 911/1799/911 912/1798/912
f 869/1759/869 1156/1761/1156 1151/1760/1151
f 1156/1761/1156 1157/1800/1157 1151/1760/1151
f 1151/1760/1151 1157/1800/1157 1152/1789/1152
f 1157/1801/1157 1158/1802/1158 1152/1803/1152
f 1152/1789/1152 1158/1804/1158 1153/1805/1153
f 1158/1804/1158 1159/1806/1159 1153/1805/1153
f 1153/1793/1153 1159/1807/1159 1154/1794/1154
f 1159/1807/1159 1160/1808/1160 1154/1794/1154
f 1154/1809/1154 1160/1810/1160 1155/1811/1155
f 1160/1812/1160 1161/1813/1161 1155/1814/1155
f 1155/1795/1155 1161/1815/1161 911/1436/911
f 1161/1815/1161 910/1437/910 911/1436/911
f 868/1174/868 853/1161/853 1156/1761/1156
f 853/1161/853 852/1816/852 1156/1761/1156
f 1156/1761/1156 852/1816/852 1157/1800/1157
f 852/1816/852 851/1817/851 1157/1800/1157
f 1157/1801/1157 851/1818/851 1158/1802/1158
f 851/1818/851 850/1819/850 1158/1802/1158
f 1158/1804/1158 850/1820/850 1159/1806/1159
f 850/1820/850 849/1821/849 1159/1806/1159
f 1159/1807/1159 849/1822/849 1160/1808/1160
f 849/1822/849 848/1823/848 1160/1808/1160
f 1160/1812/1160 848/1824/848 1161/1813/1161
f 848/1825/848 847/1826/847 1161/1827/1161
f 1161/1828/1161 847/1829/847 910/1830/910
f 847/1829/847 757/1831/757 910/1830/910
f 860/1832/860 909/1179/909 757/1178/757
f 859/1833/859 1162/1834/1162 860/1832/860
f 858/1835/858 1163/1836/1163 859/1837/859
f 857/1838/857 1165/1839/1165 858/1835/858
f 856/1840/856 1168/1841/1168 857/1842/857
f 855/1843/855 1172/1844/1172 856/1840/856
f 854/1173/854 1177/1845/1177 855/1846/855
f 860/1832/860 1162/1834/1162 909/1179/909
f 1162/1834/1162 908/1847/908 909/1179/909
f 859/1833/859 1163/1848/1163 1162/1834/1162
f 1163/1848/1163 1164/1849/1164 1162/1834/1162
f 1162/1834/1162 1164/1849/1164 908/1847/908
f 1164/1850/1164 907/1489/907 908/1488/908
f 858/1835/858 1165/1839/1165 1163/1836/1163
f 1165/1851/1165 1166/1852/1166 1163/1853/1163
f 1163/1848/1163 1166/1854/1166 1164/1849/1164
f 1166/1854/1166 1167/1855/1167 1164/1849/1164
f 1164/1850/1164 1167/1856/1167 907/1489/907
f 1167/1857/1167 906/1492/906 907/1491/907
f 857/1838/857 1168/1858/1168 1165/1839/1165
f 1168/1858/1168 1169/1859/1169 1165/1839/1165
f 1165/1839/1165 1169/1859/1169 1166/1860/1166
f 1169/1859/1169 1170/1861/1170 1166/1860/1166
f 1166/1860/1166 1170/1861/1170 1167/1862/1167
f 1170/1861/1170 1171/1863/1171 1167/1862/1167
f 1167/1862/1167 1171/1863/1171 906/1864/906
f 1171/1863/1171 905/1865/905 906/1864/906
f 856/1840/856 1172/1844/1172 1168/1841/1168
f 1172/1844/1172 1173/1866/1173 1168/1841/1168
f 1168/1858/1168 1173/1867/1173 1169/1859/1169
f 1173/1867/1173 1174/1868/1174 1169/1859/1169
f 1169/1859/1169 1174/1868/1174 1170/1861/1170
f 1174/1868/1174 1175/1869/1175 1170/1861/1170
f 1170/1861/1170 1175/1869/1175 1171/1863/1171
f 1175/1869/1175 1176/1870/1176 1171/1863/1171
f 1171/1863/1171 1176/1870/1176 905/1865/905
f 1176/1870/1176 904/1871/904 905/1865/905
f 855/1843/855 1177/1872/1177 1172/1844/1172
f 1177/1845/1177 1178/1873/1178 1172/1874/1172
f 1172/1844/1172 1178/1875/1178 1173/1866/1173
f 1178/1875/1178 1179/1876/1179 1173/1866/1173
f 1173/1877/1173 1179/1878/1179 1174/1879/1174
f 1179/1878/1179 1180/1880/1180 1174/1879/1174
f 1174/1879/1174 1180/1880/1180 1175/1881/1175
f 1180/1880/1180 1181/1882/1181 1175/1881/1175
f 1175/1869/1175 1181/1883/1181 1176/1870/1176
f 1181/1884/1181 1182/1885/1182 1176/1886/1176
f 1176/1886/1176 1182/1885/1182 904/1887/904
f 1182/1885/1182 903/1888/903 904/1887/904
f 854/1173/854 839/1172/839 1177/1845/1177
f 839/1172/839 838/1889/838 1177/1845/1177
f 1177/1845/1177 838/1889/838 1178/1873/1178
f 838/1889/838 837/1890/837 1178/1873/1178
f 1178/1875/1178 837/1891/837 1179/1876/1179
f 837/1892/837 836/1893/836 1179/1894/1179
f 1179/1894/1179 836/1893/836 1180/1895/1180
f 836/1893/836 835/1896/835 1180/1895/1180
f 1180/1895/1180 835/1896/835 1181/1897/1181
f 835/1898/835 834/1899/834 1181/1900/1181
f 1181/1901/1181 834/1902/834 1182/1903/1182
f 834/1902/834 833/1904/833 1182/1903/1182
f 1182/1905/1182 833/1906/833 903/1907/903
f 833/1906/833 761/1908/761 903/1907/903
f 889/1592/889 902/1593/902 760/1187/760
f 890/1588/890 1183/1909/1183 889/1910/889
f 891/1587/891 1184/1911/1184 890/1588/890
f 892/1584/892 1186/1912/1186 891/1585/891
f 893/1913/893 1189/1914/1189 892/1584/892
f 894/1915/894 1193/1916/1193 893/1913/893
f 895/1917/895 1198/1918/1198 894/1919/894
f 889/1910/889 1183/1909/1183 902/1596/902
f 1183/1909/1183 901/1594/901 902/1596/902
f 890/1588/890 1184/1911/1184 1183/1909/1183
f 1184/1920/1184 1185/1921/1185 1183/1922/1183
f 1183/1922/1183 1185/1921/1185 901/1599/901
f 1185/1921/1185 900/1597/900 901/1599/901
f 891/1587/891 1186/1923/1186 1184/1911/1184
f 1186/1923/1186 1187/1924/1187 1184/1911/1184
f 1184/1911/1184 1187/1924/1187 1185/1925/1185
f 1187/1924/1187 1188/1926/1188 1185/1925/1185
f 1185/1925/1185 1188/1926/1188 900/1927/900
f 1188/1928/1188 899/1929/899 900/1930/900
f 892/1584/892 1189/1914/1189 1186/1912/1186
f 1189/1914/1189 1190/1931/1190 1186/1912/1186
f 1186/1932/1186 1190/1933/1190 1187/1934/1187
f 1190/1933/1190 1191/1935/1191 1187/1934/1187
f 1187/1934/1187 1191/1935/1191 1188/1936/1188
f 1191/1935/1191 1192/1937/1192 1188/1936/1188
f 1188/1928/1188 1192/1938/1192 899/1929/899
f 1192/1939/1192 898/1940/898 899/1941/899
f 893/1913/893 1193/1916/1193 1189/1914/1189
f 1193/1916/1193 1194/1942/1194 1189/1914/1189
f 1189/1914/1189 1194/1942/1194 1190/1931/1190
f 1194/1942/1194 1195/1943/1195 1190/1931/1190
f 1190/1933/1190 1195/1944/1195 1191/1935/1191
f 1195/1944/1195 1196/1945/1196 1191/1935/1191
f 1191/1935/1191 1196/1945/1196 1192/1937/1192
f 1196/1945/1196 1197/1946/1197 1192/1937/1192
f 1192/1937/1192 1197/1946/1197 898/1947/898
f 1197/1948/1197 897/1605/897 898/1607/898
f 894/1919/894 1198/1918/1198 1193/1949/1193
f 1198/1950/1198 1199/1951/1199 1193/1952/1193
f 1193/1916/1193 1199/1953/1199 1194/1942/1194
f 1199/1954/1199 1200/1955/1200 1194/1956/1194
f 1194/1956/1194 1200/1955/1200 1195/1957/1195
f 1200/1955/1200 1201/1958/1201 1195/1957/1195
f 1195/1957/1195 1201/1958/1201 1196/1959/1196
f 1201/1960/1201 1202/1961/1202 1196/1962/1196
f 1196/1945/1196 1202/1963/1202 1197/1946/1197
f 1202/1963/1202 1203/1964/1203 1197/1946/1197
f 1197/1965/1197 1203/1966/1203 897/1967/897
f 1203/1968/1203 896/1176/896 897/1609/897
f 895/1969/895 832/1970/832 1198/1971/1198
f 832/1970/832 831/1972/831 1198/1971/1198
f 1198/1971/1198 831/1972/831 1199/1973/1199
f 831/1974/831 830/1975/830 1199/1976/1199
f 1199/1976/1199 830/1975/830 1200/1977/1200
f 830/1975/830 829/1978/829 1200/1977/1200
f 1200/1955/1200 829/1979/829 1201/1958/1201
f 829/1980/829 828/1981/828 1201/1960/1201
f 1201/1960/1201 828/1981/828 1202/1961/1202
f 828/1982/828 827/1983/827 1202/1984/1202
f 1202/1984/1202 827/1983/827 1203/1968/1203
f 827/1983/827 826/1985/826 1203/1968/1203
f 1203/1968/1203 826/1985/826 896/1176/896
f 826/1985/826 755/1165/755 896/1176/896
f 875/1666/875 888/1667/888 759/1184/759
f 876/1663/876 1204/1986/1204 875/1665/875
f 877/1660/877 1205/1987/1205 876/1661/876
f 878/1657/878 1207/1988/1207 877/1989/877
f 879/1655/879 1210/1990/1210 878/1657/878
f 880/1652/880 1214/1991/1214 879/1653/879
f 881/1651/881 1219/1992/1219 880/1652/880
f 875/1665/875 1204/1986/1204 888/1670/888
f 1204/1986/1204 887/1668/887 888/1670/888
f 876/1661/876 1205/1987/1205 1204/1993/1204
f 1205/1994/1205 1206/1995/1206 1204/1986/1204
f 1204/1986/1204 1206/1995/1206 887/1668/887
f 1206/1996/1206 886/1671/886 887/1673/887
f 877/1989/877 1207/1988/1207 1205/1997/1205
f 1207/1998/1207 1208/1999/1208 1205/2000/1205
f 1205/1987/1205 1208/2001/1208 1206/1996/1206
f 1208/2001/1208 1209/2002/1209 1206/1996/1206
f 1206/1996/1206 1209/2002/1209 886/1671/886
f 1209/2002/1209 885/1674/885 886/1671/886
f 878/1657/878 1210/1990/1210 1207/1988/1207
f 1210/1990/1210 1211/2003/1211 1207/1988/1207
f 1207/1988/1207 1211/2003/1211 1208/2004/1208
f 1211/2003/1211 1212/2005/1212 1208/2004/1208
f 1208/2001/1208 1212/2006/1212 1209/2002/1209
f 1212/2006/1212 1213/2007/1213 1209/2002/1209
f 1209/2002/1209 1213/2007/1213 885/1674/885
f 1213/2008/1213 884/2009/884 885/2010/885
f 879/1653/879 1214/1991/1214 1210/2011/1210
f 1214/1991/1214 1215/2012/1215 1210/2011/1210
f 1210/1990/1210 1215/2013/1215 1211/2003/1211
f 1215/2013/1215 1216/2014/1216 1211/2003/1211
f 1211/2003/1211 1216/2014/1216 1212/2005/1212
f 1216/2014/1216 1217/2015/1217 1212/2005/1212
f 1212/2005/1212 1217/2015/1217 1213/2016/1213
f 1217/2015/1217 1218/2017/1218 1213/2016/1213
f 1213/2008/1213 1218/2018/1218 884/2009/884
f 1218/2019/1218 883/1679/883 884/1681/884
f 880/2020/880 1219/2021/1219 1214/2022/1214
f 1219/1992/1219 1220/2023/1220 1214/1991/1214
f 1214/1991/1214 1220/2023/1220 1215/2012/1215
f 1220/2024/1220 1221/2025/1221 1215/2026/1215
f 1215/2026/1215 1221/2025/1221 1216/2027/1216
f 1221/2028/1221 1222/2029/1222 1216/2030/1216
f 1216/2031/1216 1222/2032/1222 1217/2033/1217
f 1222/2032/1222 1223/2034/1223 1217/2033/1217
f 1217/2035/1217 1223/2036/1223 1218/2019/1218
f 1223/2036/1223 1224/2037/1224 1218/2019/1218
f 1218/2019/1218 1224/2037/1224 883/1679/883
f 1224/2037/1224 882/1175/882 883/1679/883
f 881/1167/881 825/1166/825 1219/2038/1219
f 825/1166/825 824/2039/824 1219/2038/1219
f 1219/1992/1219 824/2040/824 1220/2023/1220
f 824/2041/824 823/2042/823 1220/2043/1220
f 1220/2044/1220 823/2045/823 1221/2028/1221
f 823/2045/823 822/2046/822 1221/2028/1221
f 1221/2028/1221 822/2046/822 1222/2029/1222
f 822/2046/822 821/2047/821 1222/2029/1222
f 1222/2029/1222 821/2047/821 1223/2036/1223
f 821/2047/821 820/2048/820 1223/2036/1223
f 1223/2049/1223 820/2050/820 1224/2051/1224
f 820/2050/820 819/2052/819 1224/2051/1224
f 1224/2037/1224 819/2053/819 882/1175/882
f 819/2053/819 754/1162/754 882/1175/882
f 861/1740/861 874/2054/874 758/1370/758
f 862/1739/862 1225/2055/1225 861/1740/861
f 863/1734/863 1226/2056/1226 862/1735/862
f 864/1730/864 1228/2057/1228 863/2058/863
f 865/1729/865 1231/2059/1231 864/1730/864
f 866/1727/866 1235/2060/1235 865/1729/865
f 867/1164/867 1240/2061/1240 866/1727/866
f 861/1740/861 1225/2055/1225 874/2054/874
f 1225/2062/1225 873/1748/873 874/1750/874
f 862/1739/862 1226/2063/1226 1225/2055/1225
f 1226/2063/1226 1227/2064/1227 1225/2055/1225
f 1225/2065/1225 1227/2066/1227 873/1753/873
f 1227/2066/1227 872/1751/872 873/1753/873
f 863/2067/863 1228/2068/1228 1226/2069/1226
f 1228/2070/1228 1229/2071/1229 1226/2072/1226
f 1226/2063/1226 1229/2073/1229 1227/2064/1227
f 1229/2073/1229 1230/2074/1230 1227/2064/1227
f 1227/2064/1227 1230/2074/1230 872/2075/872
f 1230/2076/1230 871/1754/871 872/1756/872
f 864/1730/864 1231/2059/1231 1228/2057/1228
f 1231/2059/1231 1232/2077/1232 1228/2057/1228
f 1228/2078/1228 1232/2079/1232 1229/2080/1229
f 1232/2079/1232 1233/2081/1233 1229/2080/1229
f 1229/2080/1229 1233/2081/1233 1230/2082/1230
f 1233/2083/1233 1234/2084/1234 1230/2085/1230
f 1230/2076/1230 1234/2086/1234 871/1754/871
f 1234/2086/1234 870/1757/870 871/1754/871
f 865/1729/865 1235/2060/1235 1231/2059/1231
f 1235/2060/1235 1236/2087/1236 1231/2059/1231
f 1231/2059/1231 1236/2087/1236 1232/2077/1232
f 1236/2088/1236 1237/2089/1237 1232/2090/1232
f 1232/2090/1232 1237/2089/1237 1233/2091/1233
f 1237/2092/1237 1238/2093/1238 1233/2094/1233
f 1233/2095/1233 1238/2096/1238 1234/2086/1234
f 1238/2096/1238 1239/2097/1239 1234/2086/1234
f 1234/2086/1234 1239/2097/1239 870/1757/870
f 1239/2097/1239 869/1759/869 870/1757/870
f 866/1727/866 1240/2061/1240 1235/2060/1235
f 1240/2061/1240 1241/2098/1241 1235/2060/1235
f 1235/2060/1235 1241/2098/1241 1236/2087/1236
f 1241/2098/1241 1242/2099/1242 1236/2087/1236
f 1236/2100/1236 1242/2101/1242 1237/2102/1237
f 1242/2101/1242 1243/2103/1243 1237/2102/1237
f 1237/2092/1237 1243/2104/1243 1238/2093/1238
f 1243/2103/1243 1244/2105/1244 1238/2096/1238
f 1238/2096/1238 1244/2105/1244 1239/2097/1239
f 1244/2105/1244 1245/2106/1245 1239/2097/1239
f 1239/2097/1239 1245/2106/1245 869/1759/869
f 1245/2106/1245 868/1174/868 869/1759/869
f 867/1164/867 811/1163/811 1240/2061/1240
f 811/1163/811 810/2107/810 1240/2061/1240
f 1240/2061/1240 810/2107/810 1241/2098/1241
f 810/2108/810 809/2109/809 1241/2110/1241
f 1241/2111/1241 809/2112/809 1242/2113/1242
f 809/2112/809 808/2114/808 1242/2113/1242
f 1242/2101/1242 808/2115/808 1243/2103/1243
f 808/2115/808 807/2116/807 1243/2103/1243
f 1243/2103/1243 807/2116/807 1244/2105/1244
f 807/2116/807 806/2117/806 1244/2105/1244
f 1244/2105/1244 806/2117/806 1245/2106/1245
f 806/2117/806 805/2118/805 1245/2106/1245
f 1245/2106/1245 805/2118/805 868/1174/868
f 805/2118/805 753/1159/753 868/1174/868
f 847/1829/847 860/2119/860 757/1831/757
f 848/2120/848 1246/2121/1246 847/1829/847
f 849/1822/849 1247/2122/1247 848/1823/848
f 850/1820/850 1249/2123/1249 849/1821/849
f 851/1817/851 1252/2124/1252 850/1820/850
f 852/1816/852 1256/2125/1256 851/1817/851
f 853/1161/853 1261/2126/1261 852/1816/852
f 847/1829/847 1246/2121/1246 860/2119/860
f 1246/2127/1246 859/2128/859 860/2129/860
f 848/1823/848 1247/2122/1247 1246/2130/1246
f 1247/2122/1247 1248/2131/1248 1246/2130/1246
f 1246/2127/1246 1248/2132/1248 859/2128/859
f 1248/2133/1248 858/1835/858 859/1837/859
f 849/1821/849 1249/2123/1249 1247/2134/1247
f 1249/2135/1249 1250/2136/1250 1247/2137/1247
f 1247/2137/1247 1250/2136/1250 1248/2133/1248
f 1250/2136/1250 1251/2138/1251 1248/2133/1248
f 1248/2133/1248 1251/2138/1251 858/1835/858
f 1251/2138/1251 857/1838/857 858/1835/858
f 850/1820/850 1252/2124/1252 1249/2123/1249
f 1252/2124/1252 1253/2139/1253 1249/2123/1249
f 1249/2135/1249 1253/2140/1253 1250/2136/1250
f 1253/2140/1253 1254/2141/1254 1250/2136/1250
f 1250/2136/1250 1254/2141/1254 1251/2138/1251
f 1254/2141/1254 1255/2142/1255 1251/2138/1251
f 1251/2143/1251 1255/2144/1255 857/2145/857
f 1255/2146/1255 856/2147/856 857/2148/857
f 851/1817/851 1256/2125/1256 1252/2124/1252
f 1256/2125/1256 1257/2149/1257 1252/2124/1252
f 1252/2124/1252 1257/2149/1257 1253/2139/1253
f 1257/2150/1257 1258/2151/1258 1253/2152/1253
f 1253/2140/1253 1258/2153/1258 1254/2141/1254
f 1258/2153/1258 1259/2154/1259 1254/2141/1254
f 1254/2155/1254 1259/2156/1259 1255/2157/1255
f 1259/2156/1259 1260/2158/1260 1255/2157/1255
f 1255/2157/1255 1260/2158/1260 856/2159/856
f 1260/2160/1260 855/2161/855 856/2162/856
f 852/1816/852 1261/2126/1261 1256/2125/1256
f 1261/2163/1261 1262/2164/1262 1256/2165/1256
f 1256/2165/1256 1262/2164/1262 1257/2150/1257
f 1262/2164/1262 1263/2166/1263 1257/2150/1257
f 1257/2150/1257 1263/2166/1263 1258/2151/1258
f 1263/2166/1263 1264/2167/1264 1258/2151/1258
f 1258/2153/1258 1264/2168/1264 1259/2154/1259
f 1264/2168/1264 1265/2169/1265 1259/2154/1259
f 1259/2154/1259 1265/2169/1265 1260/2170/1260
f 1265/2171/1265 1266/2172/1266 1260/2173/1260
f 1260/2174/1260 1266/2175/1266 855/2176/855
f 1266/2177/1266 854/2178/854 855/2179/855
f 853/1161/853 783/1160/783 1261/2126/1261
f 783/1160/783 782/2180/782 1261/2126/1261
f 1261/2163/1261 782/2181/782 1262/2164/1262
f 782/2182/782 781/2183/781 1262/2184/1262
f 1262/2184/1262 781/2183/781 1263/2185/1263
f 781/2186/781 780/2187/780 1263/2188/1263
f 1263/2166/1263 780/2189/780 1264/2167/1264
f 780/2189/780 779/2190/779 1264/2167/1264
f 1264/2168/1264 779/2191/779 1265/2169/1265
f 779/2191/779 778/2192/778 1265/2169/1265
f 1265/2169/1265 778/2192/778 1266/2193/1266
f 778/2192/778 777/2194/777 1266/2193/1266
f 1266/2177/1266 777/2195/777 854/2178/854
f 777/2195/777 752/2196/752 854/2178/854
f 833/2197/833 846/2198/846 761/2199/761
f 834/1902/834 1267/2200/1267 833/1904/833
f 835/1896/835 1268/2201/1268 834/2202/834
f 836/1893/836 1270/2203/1270 835/1896/835
f 837/1892/837 1273/2204/1273 836/1893/836
f 838/2205/838 1277/2206/1277 837/2207/837
f 839/1172/839 1282/2208/1282 838/1889/838
f 833/2209/833 1267/2210/1267 846/2211/846
f 1267/2210/1267 845/2212/845 846/2211/846
f 834/1902/834 1268/2213/1268 1267/2200/1267
f 1268/2213/1268 1269/2214/1269 1267/2200/1267
f 1267/2200/1267 1269/2214/1269 845/2215/845
f 1269/2216/1269 844/2217/844 845/2218/845
f 835/1896/835 1270/2203/1270 1268/2201/1268
f 1270/2219/1270 1271/2220/1271 1268/2221/1268
f 1268/2221/1268 1271/2220/1271 1269/2216/1269
f 1271/2220/1271 1272/2222/1272 1269/2216/1269
f 1269/2216/1269 1272/2222/1272 844/2217/844
f 1272/2222/1272 843/2223/843 844/2217/844
f 836/1893/836 1273/2204/1273 1270/2203/1270
f 1273/2204/1273 1274/2224/1274 1270/2203/1270
f 1270/2203/1270 1274/2224/1274 1271/2225/1271
f 1274/2226/1274 1275/2227/1275 1271/2220/1271
f 1271/2220/1271 1275/2227/1275 1272/2222/1272
f 1275/2227/1275 1276/2228/1276 1272/2222/1272
f 1272/2222/1272 1276/2228/1276 843/2223/843
f 1276/2228/1276 842/1513/842 843/2223/843
f 837/2229/837 1277/2230/1277 1273/2231/1273
f 1277/2230/1277 1278/2232/1278 1273/2231/1273
f 1273/2233/1273 1278/2234/1278 1274/2235/1274
f 1278/2234/1278 1279/2236/1279 1274/2235/1274
f 1274/2226/1274 1279/2237/1279 1275/2227/1275
f 1279/2237/1279 1280/2238/1280 1275/2227/1275
f 1275/2227/1275 1280/2238/1280 1276/2228/1276
f 1280/2238/1280 1281/2239/1281 1276/2228/1276
f 1276/2228/1276 1281/2239/1281 842/1513/842
f 1281/2239/1281 841/1511/841 842/1513/842
f 838/1889/838 1282/2208/1282 1277/2240/1277
f 1282/2208/1282 1283/2241/1283 1277/2240/1277
f 1277/2240/1277 1283/2241/1283 1278/2242/1278
f 1283/2241/1283 1284/2243/1284 1278/2242/1278
f 1278/2242/1278 1284/2243/1284 1279/2244/1279
f 1284/2243/1284 1285/2245/1285 1279/2244/1279
f 1279/2244/1279 1285/2245/1285 1280/2246/1280
f 1285/2247/1285 1286/2248/1286 1280/2238/1280
f 1280/2238/1280 1286/2248/1286 1281/2239/1281
f 1286/2248/1286 1287/2249/1287 1281/2239/1281
f 1281/2239/1281 1287/2249/1287 841/1511/841
f 1287/2249/1287 840/1514/840 841/1511/841
f 839/2250/839 790/2251/790 1282/2252/1282
f 790/2253/790 789/2254/789 1282/2208/1282
f 1282/2208/1282 789/2254/789 1283/2241/1283
f 789/2255/789 788/2256/788 1283/2257/1283
f 1283/2258/1283 788/2259/788 1284/2260/1284
f 788/2259/788 787/2261/787 1284/2260/1284
f 1284/2260/1284 787/2261/787 1285/2262/1285
f 787/2261/787 786/2263/786 1285/2262/1285
f 1285/2247/1285 786/2264/786 1286/2248/1286
f 786/2264/786 785/2265/785 1286/2248/1286
f 1286/2266/1286 785/2267/785 1287/2268/1287
f 785/2265/785 784/2269/784 1287/2249/1287
f 1287/2249/1287 784/2269/784 840/1514/840
f 784/2269/784 756/2270/756 840/1514/840
f 797/2271/797 832/1169/832 756/1168/756
f 796/2272/796 1288/2273/1288 797/2274/797
f 795/2275/795 1289/2276/1289 796/2277/796
f 794/2278/794 1291/2279/1291 795/2275/795
f 793/2280/793 1294/2281/1294 794/2282/794
f 792/2283/792 1298/2284/1298 793/2280/793
f 791/1157/791 1303/2285/1303 792/2283/792
f 797/2271/797 1288/2286/1288 832/1169/832
f 1288/2287/1288 831/1972/831 832/1970/832
f 796/2277/796 1289/2276/1289 1288/2288/1288
f 1289/2289/1289 1290/2290/1290 1288/2291/1288
f 1288/2292/1288 1290/2293/1290 831/2294/831
f 1290/2293/1290 830/2295/830 831/2294/831
f 795/2296/795 1291/2297/1291 1289/2298/1289
f 1291/2297/1291 1292/2299/1292 1289/2298/1289
f 1289/2289/1289 1292/2300/1292 1290/2290/1290
f 1292/2300/1292 1293/2301/1293 1290/2290/1290
f 1290/2293/1290 1293/2302/1293 830/2295/830
f 1293/2302/1293 829/2303/829 830/2295/830
f 794/2278/794 1294/2304/1294 1291/2279/1291
f 1294/2304/1294 1295/2305/1295 1291/2279/1291
f 1291/2306/1291 1295/2307/1295 1292/2308/1292
f 1295/2309/1295 1296/2310/1296 1292/2311/1292
f 1292/2300/1292 1296/2312/1296 1293/2301/1293
f 1296/2313/1296 1297/2314/1297 1293/2315/1293
f 1293/2315/1293 1297/2314/1297 829/1980/829
f 1297/2314/1297 828/1981/828 829/1980/829
f 793/2280/793 1298/2284/1298 1294/2281/1294
f 1298/2284/1298 1299/2316/1299 1294/2281/1294
f 1294/2281/1294 1299/2316/1299 1295/2317/1295
f 1299/2316/1299 1300/2318/1300 1295/2317/1295
f 1295/2309/1295 1300/2319/1300 1296/2310/1296
f 1300/2320/1300 1301/2321/1301 1296/2322/1296
f 1296/2323/1296 1301/2324/1301 1297/2325/1297
f 1301/2324/1301 1302/2326/1302 1297/2325/1297
f 1297/2325/1297 1302/2326/1302 828/1982/828
f 1302/2326/1302 827/1983/827 828/1982/828
f 792/2283/792 1303/2285/1303 1298/2284/1298
f 1303/2285/1303 1304/2327/1304 1298/2284/1298
f 1298/2284/1298 1304/2327/1304 1299/2316/1299
f 1304/2327/1304 1305/2328/1305 1299/2316/1299
f 1299/2329/1299 1305/2330/1305 1300/2331/1300
f 1305/2332/1305 1306/2333/1306 1300/2320/1300
f 1300/2320/1300 1306/2333/1306 1301/2321/1301
f 1306/2333/1306 1307/2334/1307 1301/2321/1301
f 1301/2324/1301 1307/2335/1307 1302/2326/1302
f 1307/2335/1307 1308/2336/1308 1302/2326/1302
f 1302/2326/1302 1308/2336/1308 827/1983/827
f 1308/2336/1308 826/1985/826 827/1983/827
f 791/1157/791 818/1156/818 1303/2285/1303
f 818/1156/818 817/2337/817 1303/2285/1303
f 1303/2285/1303 817/2337/817 1304/2327/1304
f 817/2337/817 816/2338/816 1304/2327/1304
f 1304/2327/1304 816/2338/816 1305/2328/1305
f 816/2338/816 815/2339/815 1305/2328/1305
f 1305/2332/1305 815/2340/815 1306/2333/1306
f 815/2339/815 814/2341/814 1306/2342/1306
f 1306/2333/1306 814/2343/814 1307/2334/1307
f 814/2344/814 813/2345/813 1307/2346/1307
f 1307/2346/1307 813/2345/813 1308/2347/1308
f 813/2345/813 812/2348/812 1308/2347/1308
f 1308/2336/1308 812/2349/812 826/1985/826
f 812/2350/812 755/2351/755 826/2352/826
f 812/2353/812 825/2354/825 755/2355/755
f 813/2356/813 1309/2357/1309 812/2358/812
f 814/2341/814 1310/2359/1310 813/2360/813
f 815/2339/815 1312/2361/1312 814/2341/814
f 816/2338/816 1315/2362/1315 815/2339/815
f 817/2337/817 1319/2363/1319 816/2338/816
f 818/1156/818 1324/2364/1324 817/2337/817
f 812/2353/812 1309/2365/1309 825/2354/825
f 1309/2365/1309 824/2366/824 825/2354/825
f 813/2367/813 1310/2368/1310 1309/2369/1309
f 1310/2368/1310 1311/2370/1311 1309/2369/1309
f 1309/2369/1309 1311/2370/1311 824/2041/824
f 1311/2370/1311 823/2042/823 824/2041/824
f 814/2341/814 1312/2361/1312 1310/2359/1310
f 1312/2361/1312 1313/2371/1313 1310/2359/1310
f 1310/2359/1310 1313/2371/1313 1311/2372/1311
f 1313/2371/1313 1314/2373/1314 1311/2372/1311
f 1311/2374/1311 1314/2375/1314 823/2045/823
f 1314/2375/1314 822/2046/822 823/2045/823
f 815/2339/815 1315/2362/1315 1312/2361/1312
f 1315/2362/1315 1316/2376/1316 1312/2361/1312
f 1312/2361/1312 1316/2376/1316 1313/2371/1313
f 1316/2376/1316 1317/2377/1317 1313/2371/1313
f 1313/2371/1313 1317/2377/1317 1314/2373/1314
f 1317/2377/1317 1318/2378/1318 1314/2373/1314
f 1314/2375/1314 1318/2379/1318 822/2046/822
f 1318/2379/1318 821/2047/821 822/2046/822
f 816/2338/816 1319/2363/1319 1315/2362/1315
f 1319/2363/1319 1320/2380/1320 1315/2362/1315
f 1315/2362/1315 1320/2380/1320 1316/2376/1316
f 1320/2380/1320 1321/2381/1321 1316/2376/1316
f 1316/2376/1316 1321/2381/1321 1317/2377/1317
f 1321/2381/1321 1322/2382/1322 1317/2377/1317
f 1317/2383/1317 1322/2384/1322 1318/2385/1318
f 1322/2382/1322 1323/2386/1323 1318/2378/1318
f 1318/2379/1318 1323/2387/1323 821/2047/821
f 1323/2387/1323 820/2048/820 821/2047/821
f 817/2337/817 1324/2364/1324 1319/2363/1319
f 1324/2364/1324 1325/2388/1325 1319/2363/1319
f 1319/2363/1319 1325/2388/1325 1320/2380/1320
f 1325/2388/1325 1326/2389/1326 1320/2380/1320
f 1320/2380/1320 1326/2389/1326 1321/2381/1321
f 1326/2389/1326 1327/2390/1327 1321/2381/1321
f 1321/2381/1321 1327/2390/1327 1322/2382/1322
f 1327/2390/1327 1328/2391/1328 1322/2382/1322
f 1322/2382/1322 1328/2391/1328 1323/2386/1323
f 1328/2392/1328 1329/2393/1329 1323/2387/1323
f 1323/2387/1323 1329/2393/1329 820/2048/820
f 1329/2393/1329 819/2053/819 820/2048/820
f 818/1156/818 804/1155/804 1324/2364/1324
f 804/1155/804 803/2394/803 1324/2364/1324
f 1324/2364/1324 803/2394/803 1325/2388/1325
f 803/2394/803 802/2395/802 1325/2388/1325
f 1325/2388/1325 802/2395/802 1326/2389/1326
f 802/2395/802 801/2396/801 1326/2389/1326
f 1326/2389/1326 801/2396/801 1327/2390/1327
f 801/2396/801 800/2397/800 1327/2390/1327
f 1327/2390/1327 800/2397/800 1328/2391/1328
f 800/2397/800 799/2398/799 1328/2391/1328
f 1328/2392/1328 799/2399/799 1329/2393/1329
f 799/2399/799 798/2400/798 1329/2393/1329
f 1329/2393/1329 798/2400/798 819/2053/819
f 798/2400/798 754/1162/754 819/2053/819
f 798/2400/798 811/1163/811 754/1162/754
f 799/2399/799 1330/2401/1330 798/2400/798
f 800/2397/800 1331/2402/1331 799/2398/799
f 801/2396/801 1333/2403/1333 800/2397/800
f 802/2395/802 1336/2404/1336 801/2396/801
f 803/2394/803 1340/2405/1340 802/2395/802
f 804/1155/804 1345/2406/1345 803/2394/803
f 798/2400/798 1330/2401/1330 811/1163/811
f 1330/2401/1330 810/2107/810 811/1163/811
f 799/2398/799 1331/2402/1331 1330/2407/1330
f 1331/2402/1331 1332/2408/1332 1330/2407/1330
f 1330/2401/1330 1332/2409/1332 810/2107/810
f 1332/2410/1332 809/2109/809 810/2108/810
f 800/2397/800 1333/2403/1333 1331/2402/1331
f 1333/2403/1333 1334/2411/1334 1331/2402/1331
f 1331/2402/1331 1334/2411/1334 1332/2408/1332
f 1334/2411/1334 1335/2412/1335 1332/2408/1332
f 1332/2410/1332 1335/2413/1335 809/2109/809
f 1335/2413/1335 808/2414/808 809/2109/809
f 801/2396/801 1336/2404/1336 1333/2403/1333
f 1336/2404/1336 1337/2415/1337 1333/2403/1333
f 1333/2403/1333 1337/2415/1337 1334/2411/1334
f 1337/2415/1337 1338/2416/1338 1334/2411/1334
f 1334/2411/1334 1338/2416/1338 1335/2412/1335
f 1338/2416/1338 1339/2417/1339 1335/2412/1335
f 1335/2412/1335 1339/2417/1339 808/2418/808
f 1339/2417/1339 807/2419/807 808/2418/808
f 802/2395/802 1340/2405/1340 1336/2404/1336
f 1340/2405/1340 1341/2420/1341 1336/2404/1336
f 1336/2404/1336 1341/2420/1341 1337/2415/1337
f 1341/2420/1341 1342/2421/1342 1337/2415/1337
f 1337/2415/1337 1342/2421/1342 1338/2416/1338
f 1342/2421/1342 1343/2422/1343 1338/2416/1338
f 1338/2416/1338 1343/2422/1343 1339/2417/1339
f 1343/2422/1343 1344/2423/1344 1339/2417/1339
f 1339/2417/1339 1344/2423/1344 807/2419/807
f 1344/2423/1344 806/2424/806 807/2419/807
f 803/2394/803 1345/2406/1345 1340/2405/1340
f 1345/2406/1345 1346/2425/1346 1340/2405/1340
f 1340/2405/1340 1346/2425/1346 1341/2420/1341
f 1346/2425/1346 1347/2426/1347 1341/2420/1341
f 1341/2420/1341 1347/2426/1347 1342/2421/1342
f 1347/2426/1347 1348/2427/1348 1342/2421/1342
f 1342/2421/1342 1348/2427/1348 1343/2422/1343
f 1348/2427/1348 1349/2428/1349 1343/2422/1343
f 1343/2422/1343 1349/2428/1349 1344/2423/1344
f 1349/2428/1349 1350/2429/1350 1344/2423/1344
f 1344/2423/1344 1350/2429/1350 806/2424/806
f 1350/2430/1350 805/2118/805 806/2117/806
f 804/1155/804 769/1151/769 1345/2406/1345
f 769/1151/769 768/2431/768 1345/2406/1345
f 1345/2406/1345 768/2431/768 1346/2425/1346
f 768/2431/768 767/2432/767 1346/2425/1346
f 1346/2425/1346 767/2432/767 1347/2426/1347
f 767/2432/767 766/2433/766 1347/2426/1347
f 1347/2426/1347 766/2433/766 1348/2427/1348
f 766/2433/766 765/2434/765 1348/2427/1348
f 1348/2427/1348 765/2434/765 1349/2428/1349
f 765/2434/765 764/2435/764 1349/2428/1349
f 1349/2428/1349 764/2435/764 1350/2429/1350
f 764/2435/764 763/2436/763 1350/2429/1350
f 1350/2430/1350 763/2437/763 805/2118/805
f 763/2436/763 753/2438/753 805/2439/805
f 784/2269/784 797/2440/797 756/2270/756
f 785/2265/785 1351/2441/1351 784/2269/784
f 786/2264/786 1352/2442/1352 785/2265/785
f 787/2261/787 1354/2443/1354 786/2263/786
f 788/2259/788 1357/2444/1357 787/2261/787
f 789/2255/789 1361/2445/1361 788/2256/788
f 790/2253/790 1366/2446/1366 789/2254/789
f 784/2269/784 1351/2441/1351 797/2440/797
f 1351/2447/1351 796/2272/796 797/2274/797
f 785/2265/785 1352/2442/1352 1351/2441/1351
f 1352/2448/1352 1353/2449/1353 1351/2447/1351
f 1351/2447/1351 1353/2449/1353 796/2272/796
f 1353/2450/1353 795/2275/795 796/2277/796
f 786/2263/786 1354/2443/1354 1352/2448/1352
f 1354/2443/1354 1355/2451/1355 1352/2448/1352
f 1352/2448/1352 1355/2451/1355 1353/2449/1353
f 1355/2452/1355 1356/2453/1356 1353/2450/1353
f 1353/2450/1353 1356/2453/1356 795/2275/795
f 1356/2453/1356 794/2278/794 795/2275/795
f 787/2261/787 1357/2444/1357 1354/2443/1354
f 1357/2444/1357 1358/2454/1358 1354/2443/1354
f 1354/2443/1354 1358/2454/1358 1355/2451/1355
f 1358/2455/1358 1359/2456/1359 1355/2452/1355
f 1355/2452/1355 1359/2456/1359 1356/2453/1356
f 1359/2457/1359 1360/2458/1360 1356/2459/1356
f 1356/2459/1356 1360/2458/1360 794/2282/794
f 1360/2458/1360 793/2280/793 794/2282/794
f 788/2256/788 1361/2445/1361 1357/2460/1357
f 1361/2461/1361 1362/2462/1362 1357/2444/1357
f 1357/2444/1357 1362/2462/1362 1358/2454/1358
f 1362/2463/1362 1363/2464/1363 1358/2455/1358
f 1358/2455/1358 1363/2464/1363 1359/2456/1359
f 1363/2465/1363 1364/2466/1364 1359/2457/1359
f 1359/2457/1359 1364/2466/1364 1360/2458/1360
f 1364/2467/1364 1365/2468/1365 1360/2469/1360
f 1360/2469/1360 1365/2468/1365 793/2470/793
f 1365/2471/1365 792/2283/792 793/2280/793
f 789/2472/789 1366/2473/1366 1361/2474/1361
f 1366/2475/1366 1367/2476/1367 1361/2477/1361
f 1361/2478/1361 1367/2479/1367 1362/2480/1362
f 1367/2481/1367 1368/2482/1368 1362/2483/1362
f 1362/2483/1362 1368/2482/1368 1363/2465/1363
f 1368/2484/1368 1369/2485/1369 1363/2486/1363
f 1363/2465/1363 1369/2487/1369 1364/2466/1364
f 1369/2487/1369 1370/2488/1370 1364/2466/1364
f 1364/2466/1364 1370/2488/1370 1365/2471/1365
f 1370/2488/1370 1371/2489/1371 1365/2471/1365
f 1365/2471/1365 1371/2489/1371 792/2283/792
f 1371/2489/1371 791/1157/791 792/2283/792
f 790/2253/790 776/2490/776 1366/2446/1366
f 776/2490/776 775/2491/775 1366/2446/1366
f 1366/2492/1366 775/2493/775 1367/2494/1367
f 775/2495/775 774/2496/774 1367/2481/1367
f 1367/2481/1367 774/2496/774 1368/2482/1368
f 774/2497/774 773/2498/773 1368/2484/1368
f 1368/2484/1368 773/2498/773 1369/2485/1369
f 773/2499/773 772/2500/772 1369/2487/1369
f 1369/2487/1369 772/2500/772 1370/2488/1370
f 772/2501/772 771/2502/771 1370/2503/1370
f 1370/2503/1370 771/2502/771 1371/2504/1371
f 771/2505/771 770/1150/770 1371/2489/1371
f 1371/2489/1371 770/1150/770 791/1157/791
f 770/1150/770 751/1149/751 791/1157/791
f 763/2436/763 783/2506/783 753/2438/753
f 764/2435/764 1372/2507/1372 763/2436/763
f 765/2434/765 1373/2508/1373 764/2435/764
f 766/2433/766 1375/2509/1375 765/2434/765
f 767/2432/767 1378/2510/1378 766/2433/766
f 768/2431/768 1382/2511/1382 767/2432/767
f 769/1151/769 1387/2512/1387 768/2431/768
f 763/2436/763 1372/2507/1372 783/2506/783
f 1372/2507/1372 782/2181/782 783/2506/783
f 764/2435/764 1373/2508/1373 1372/2507/1372
f 1373/2508/1373 1374/2513/1374 1372/2507/1372
f 1372/2507/1372 1374/2513/1374 782/2181/782
f 1374/2513/1374 781/2514/781 782/2181/782
f 765/2515/765 1375/2516/1375 1373/2517/1373
f 1375/2516/1375 1376/2518/1376 1373/2517/1373
f 1373/2508/1373 1376/2519/1376 1374/2513/1374
f 1376/2519/1376 1377/2520/1377 1374/2513/1374
f 1374/2513/1374 1377/2520/1377 781/2514/781
f 1377/2520/1377 780/2189/780 781/2514/781
f 766/2433/766 1378/2510/1378 1375/2509/1375
f 1378/2510/1378 1379/2521/1379 1375/2509/1375
f 1375/2516/1375 1379/2522/1379 1376/2518/1376
f 1379/2522/1379 1380/2523/1380 1376/2518/1376
f 1376/2518/1376 1380/2523/1380 1377/2524/1377
f 1380/2523/1380 1381/2525/1381 1377/2524/1377
f 1377/2520/1377 1381/2526/1381 780/2189/780
f 1381/2526/1381 779/2190/779 780/2189/780
f 767/2432/767 1382/2511/1382 1378/2510/1378
f 1382/2511/1382 1383/2527/1383 1378/2510/1378
f 1378/2510/1378 1383/2527/1383 1379/2521/1379
f 1383/2527/1383 1384/2528/1384 1379/2521/1379
f 1379/2521/1379 1384/2528/1384 1380/2529/1380
f 1384/2530/1384 1385/2531/1385 1380/2532/1380
f 1380/2529/1380 1385/2533/1385 1381/2526/1381
f 1385/2533/1385 1386/2534/1386 1381/2526/1381
f 1381/2526/1381 1386/2534/1386 779/2190/779
f 1386/2535/1386 778/2192/778 779/2191/779
f 768/2431/768 1387/2512/1387 1382/2511/1382
f 1387/2512/1387 1388/2536/1388 1382/2511/1382
f 1382/2511/1382 1388/2536/1388 1383/2527/1383
f 1388/2536/1388 1389/2537/1389 1383/2527/1383
f 1383/2527/1383 1389/2537/1389 1384/2528/1384
f 1389/2537/1389 1390/2538/1390 1384/2528/1384
f 1384/2530/1384 1390/2539/1390 1385/2531/1385
f 1390/2538/1390 1391/2540/1391 1385/2533/1385
f 1385/2533/1385 1391/2540/1391 1386/2534/1386
f 1391/2540/1391 1392/2541/1392 1386/2534/1386
f 1386/2535/1386 1392/2542/1392 778/2192/778
f 1392/2542/1392 777/2194/777 778/2192/778
f 769/1151/769 770/1150/770 1387/2512/1387
f 770/1150/770 771/2505/771 1387/2512/1387
f 1387/2512/1387 771/2505/771 1388/2536/1388
f 771/2505/771 772/2500/772 1388/2536/1388
f 1388/2536/1388 772/2500/772 1389/2537/1389
f 772/2500/772 773/2499/773 1389/2537/1389
f 1389/2537/1389 773/2499/773 1390/2538/1390
f 773/2499/773 774/2496/774 1390/2538/1390
f 1390/2538/1390 774/2496/774 1391/2540/1391
f 774/2496/774 775/2495/775 1391/2540/1391
f 1391/2540/1391 775/2495/775 1392/2541/1392
f 775/2491/775 776/2490/776 1392/2542/1392
f 1392/2542/1392 776/2490/776 777/2194/777
f 776/2543/776 752/2196/752 777/2195/777
f 2/1/2 12/26/12 11/2/11
f 2/4/2 3/7/3 13/5/13
f 3/7/3 4/2544/4 14/8/14
f 4/9/4 5/12/5 15/10/15
f 5/12/5 6/14/6 16/13/16
f 6/14/6 7/2545/7 17/15/17
f 8/16/8 18/2546/18 17/17/17
f 9/19/9 19/23/19 18/20/18
f 10/22/10 20/38/20 19/23/19
f 1/3/1 11/2/11 20/24/20
f 12/26/12 22/41/22 21/27/21
f 12/6/12 13/5/13 23/28/23
f 13/5/13 14/8/14 24/30/24
f 14/11/14 15/10/15 25/31/25
f 15/10/15 16/13/16 26/33/26
f 16/13/16 17/15/17 27/34/27
f 17/17/17 18/2546/18 28/35/28
f 19/23/19 29/39/29 28/37/28
f 20/38/20 30/53/30 29/39/29
f 11/2/11 21/27/21 30/40/30
f 22/41/22 32/56/32 31/42/31
f 22/29/22 23/28/23 33/43/33
f 23/28/23 24/30/24 34/45/34
f 24/32/24 25/31/25 35/46/35
f 25/31/25 26/33/26 36/48/36
f 26/33/26 27/34/27 37/49/37
f 27/36/27 28/35/28 38/50/38
f 29/52/29 39/2547/39 38/50/38
f 30/53/30 40/69/40 39/54/39
f 21/27/21 31/42/31 40/55/40
f 32/56/32 42/2548/42 41/57/41
f 32/44/32 33/43/33 43/58/43
f 33/43/33 34/45/34 44/60/44
f 34/47/34 35/46/35 45/61/45
f 35/46/35 36/48/36 46/63/46
f 36/48/36 37/49/37 47/64/47
f 37/51/37 38/50/38 48/65/48
f 39/54/39 49/70/49 48/67/48
f 40/69/40 50/85/50 49/70/49
f 31/42/31 41/57/41 50/71/50
f 41/57/41 42/2548/42 52/72/52
f 42/59/42 43/58/43 53/74/53
f 43/58/43 44/60/44 54/76/54
f 44/62/44 45/61/45 55/77/55
f 45/61/45 46/63/46 56/79/56
f 46/63/46 47/64/47 57/80/57
f 47/66/47 48/65/48 58/81/58
f 48/67/48 49/70/49 59/83/59
f 50/85/50 60/100/60 59/83/59
f 50/71/50 41/57/41 51/73/51
f 51/73/51 52/72/52 62/87/62
f 52/75/52 53/74/53 63/89/63
f 53/74/53 54/76/54 64/91/64
f 54/78/54 55/77/55 65/92/65
f 55/77/55 56/79/56 66/94/66
f 56/79/56 57/80/57 67/95/67
f 57/82/57 58/81/58 68/96/68
f 58/84/58 59/83/59 69/98/69
f 60/100/60 70/113/70 69/98/69
f 51/73/51 61/88/61 70/101/70
f 62/87/62 72/116/72 71/102/71
f 62/90/62 63/89/63 73/103/73
f 63/89/63 64/91/64 74/105/74
f 64/93/64 65/92/65 75/106/75
f 65/92/65 66/94/66 76/108/76
f 66/94/66 67/95/67 77/109/77
f 67/97/67 68/96/68 78/110/78
f 69/98/69 79/114/79 78/112/78
f 70/113/70 80/128/80 79/114/79
f 61/88/61 71/102/71 80/115/80
f 72/116/72 82/2549/82 81/117/81
f 72/104/72 73/103/73 83/118/83
f 73/103/73 74/105/74 84/120/84
f 74/107/74 75/106/75 85/121/85
f 75/106/75 76/108/76 86/123/86
f 76/108/76 77/109/77 87/124/87
f 77/111/77 78/110/78 88/125/88
f 79/114/79 89/129/89 88/127/88
f 80/128/80 90/143/90 89/129/89
f 71/102/71 81/117/81 90/130/90
f 81/117/81 82/2549/82 92/131/92
f 82/119/82 83/118/83 93/133/93
f 83/118/83 84/120/84 94/135/94
f 84/122/84 85/121/85 95/136/95
f 85/121/85 86/123/86 96/138/96
f 86/123/86 87/124/87 97/139/97
f 87/126/87 88/125/88 98/140/98
f 89/129/89 99/144/99 98/142/98
f 90/143/90 100/159/100 99/144/99
f 81/117/81 91/132/91 100/145/100
f 91/132/91 92/131/92 102/146/102
f 92/134/92 93/133/93 103/148/103
f 93/133/93 94/135/94 104/150/104
f 94/137/94 95/136/95 105/151/105
f 95/136/95 96/138/96 106/153/106
f 96/138/96 97/139/97 107/154/107
f 97/141/97 98/140/98 108/155/108
f 98/142/98 99/144/99 109/157/109
f 100/159/100 110/174/110 109/157/109
f 100/145/100 91/132/91 101/147/101
f 101/147/101 102/146/102 112/161/112
f 102/149/102 103/148/103 113/163/113
f 103/148/103 104/150/104 114/165/114
f 104/152/104 105/151/105 115/166/115
f 105/151/105 106/153/106 116/168/116
f 106/153/106 107/154/107 117/169/117
f 107/156/107 108/155/108 118/170/118
f 108/158/108 109/157/109 119/172/119
f 110/174/110 120/190/120 119/172/119
f 101/147/101 111/162/111 120/175/120
f 112/176/112 122/180/122 121/177/121
f 112/176/112 113/2550/113 123/179/123
f 113/163/113 114/165/114 124/181/124
f 114/167/114 115/166/115 125/183/125
f 115/166/115 116/168/116 126/185/126
f 116/168/116 117/169/117 127/186/127
f 117/171/117 118/170/118 128/187/128
f 119/172/119 129/191/129 128/189/128
f 120/190/120 130/205/130 129/191/129
f 111/162/111 121/207/121 130/192/130
f 122/180/122 132/195/132 131/193/131
f 122/180/122 123/179/123 133/194/133
f 123/182/123 124/181/124 134/196/134
f 124/184/124 125/183/125 135/198/135
f 125/183/125 126/185/126 136/200/136
f 126/185/126 127/186/127 137/201/137
f 127/188/127 128/187/128 138/202/138
f 129/191/129 139/206/139 138/204/138
f 130/205/130 140/221/140 139/206/139
f 121/207/121 131/223/131 140/208/140
f 131/193/131 132/195/132 142/209/142
f 132/195/132 133/194/133 143/211/143
f 133/197/133 134/196/134 144/212/144
f 134/199/134 135/198/135 145/214/145
f 135/198/135 136/200/136 146/216/146
f 136/200/136 137/201/137 147/217/147
f 137/218/137 138/204/138 148/219/148
f 139/206/139 149/222/149 148/219/148
f 140/221/140 150/240/150 149/222/149
f 131/223/131 141/241/141 150/224/150
f 141/210/141 142/209/142 152/225/152
f 142/209/142 143/211/143 153/227/153
f 143/213/143 144/212/144 154/228/154
f 144/215/144 145/214/145 155/230/155
f 145/214/145 146/216/146 156/232/156
f 146/233/146 147/236/147 157/234/157
f 147/236/147 148/2551/148 158/237/158
f 148/219/148 149/222/149 159/238/159
f 150/240/150 160/256/160 159/238/159
f 141/241/141 151/257/151 160/242/160
f 151/226/151 152/225/152 162/243/162
f 152/225/152 153/227/153 163/245/163
f 153/229/153 154/228/154 164/246/164
f 154/231/154 155/230/155 165/248/165
f 155/230/155 156/232/156 166/250/166
f 156/235/156 157/234/157 167/251/167
f 157/234/157 158/237/158 168/253/168
f 158/239/158 159/238/159 169/254/169
f 160/256/160 170/271/170 169/254/169
f 151/257/151 161/273/161 170/258/170
f 162/243/162 172/261/172 171/259/171
f 162/243/162 163/245/163 173/260/173
f 163/247/163 164/246/164 174/262/174
f 164/249/164 165/248/165 175/264/175
f 165/248/165 166/250/166 176/266/176
f 166/252/166 167/251/167 177/267/177
f 167/251/167 168/253/168 178/269/178
f 169/254/169 179/272/179 178/270/178
f 170/271/170 180/287/180 179/272/179
f 161/273/161 171/289/171 180/274/180
f 172/261/172 182/277/182 181/275/181
f 172/261/172 173/260/173 183/276/183
f 173/263/173 174/262/174 184/278/184
f 174/265/174 175/264/175 185/280/185
f 175/264/175 176/266/176 186/282/186
f 176/268/176 177/267/177 187/283/187
f 177/267/177 178/269/178 188/285/188
f 179/272/179 189/288/189 188/286/188
f 180/287/180 190/303/190 189/288/189
f 171/289/171 181/305/181 190/290/190
f 181/275/181 182/277/182 192/291/192
f 182/277/182 183/276/183 193/293/193
f 183/279/183 184/278/184 194/294/194
f 184/281/184 185/280/185 195/296/195
f 185/280/185 186/282/186 196/298/196
f 186/284/186 187/283/187 197/299/197
f 187/283/187 188/285/188 198/301/198
f 189/288/189 199/304/199 198/302/198
f 190/303/190 200/319/200 199/304/199
f 181/305/181 191/321/191 200/306/200
f 191/292/191 192/291/192 202/307/202
f 192/291/192 193/293/193 203/309/203
f 193/295/193 194/294/194 204/310/204
f 194/297/194 195/296/195 205/312/205
f 195/296/195 196/298/196 206/314/206
f 196/300/196 197/299/197 207/315/207
f 197/299/197 198/301/198 208/317/208
f 199/304/199 209/320/209 208/318/208
f 200/319/200 210/335/210 209/320/209
f 191/321/191 201/337/201 210/322/210
f 202/307/202 212/325/212 211/323/211
f 202/307/202 203/309/203 213/324/213
f 203/311/203 204/310/204 214/326/214
f 204/313/204 205/312/205 215/328/215
f 205/312/205 206/314/206 216/330/216
f 206/316/206 207/315/207 217/331/217
f 207/315/207 208/317/208 218/333/218
f 209/320/209 219/336/219 218/334/218
f 210/335/210 220/350/220 219/336/219
f 201/337/201 211/352/211 220/338/220
f 212/325/212 222/341/222 221/339/221
f 212/325/212 213/324/213 223/340/223
f 213/324/213 214/2552/214 224/342/224
f 214/329/214 215/328/215 225/343/225
f 215/328/215 216/330/216 226/345/226
f 216/332/216 217/331/217 227/346/227
f 217/331/217 218/333/218 228/348/228
f 219/336/219 229/351/229 228/349/228
f 220/350/220 230/365/230 229/351/229
f 211/352/211 221/367/221 230/353/230
f 222/341/222 232/356/232 231/354/231
f 222/341/222 223/340/223 233/355/233
f 223/340/223 224/342/224 234/357/234
f 224/344/224 225/343/225 235/358/235
f 225/343/225 226/345/226 236/360/236
f 226/347/226 227/346/227 237/361/237
f 227/346/227 228/348/228 238/363/238
f 229/351/229 239/366/239 238/364/238
f 230/365/230 240/2553/240 239/366/239
f 221/367/221 231/2554/231 240/368/240
f 231/354/231 232/356/232 242/369/242
f 233/355/233 243/371/243 242/369/242
f 234/357/234 244/2555/244 243/371/243
f 235/358/235 245/373/245 244/372/244
f 236/360/236 246/2556/246 245/373/245
f 237/361/237 247/376/247 246/374/246
f 237/361/237 238/363/238 248/375/248
f 238/364/238 239/366/239 249/377/249
f 239/366/239 240/2553/240 250/379/250
f 240/368/240 231/2554/231 241/380/241
f 1/384/1 10/2557/10 9/2558/9
f 9/2558/9 8/2559/8 7/382/7
f 7/382/7 6/2560/6 5/2561/5
f 5/2561/5 4/2562/4 3/383/3
f 3/383/3 2/2563/2 1/384/1
f 1/384/1 9/2558/9 7/382/7
f 7/382/7 5/2561/5 3/383/3
f 250/387/250 241/2564/241 242/2565/242
f 242/2565/242 243/2566/243 244/385/244
f 244/385/244 245/2567/245 246/2568/246
f 246/2568/246 247/2569/247 248/386/248
f 248/386/248 249/2570/249 250/387/250
f 250/387/250 242/2565/242 244/385/244
f 244/385/244 246/2568/246 248/386/248
f 252/388/252 262/413/262 261/389/261
f 253/391/253 263/395/263 262/392/262
f 254/394/254 264/416/264 263/395/263
f 255/396/255 265/400/265 264/397/264
f 256/399/256 266/420/266 265/400/265
f 256/401/256 257/404/257 267/402/267
f 257/404/257 258/406/258 268/405/268
f 258/406/258 259/2571/259 269/407/269
f 259/408/259 260/2572/260 270/409/270
f 260/411/260 251/390/251 261/389/261
f 262/413/262 272/429/272 271/414/271
f 263/395/263 273/417/273 272/415/272
f 264/416/264 274/419/274 273/417/273
f 265/418/265 275/433/275 274/419/274
f 266/420/266 276/435/276 275/421/275
f 266/403/266 267/402/267 277/422/277
f 267/402/267 268/405/268 278/424/278
f 268/405/268 269/407/269 279/425/279
f 269/410/269 270/409/270 280/426/280
f 270/412/270 261/389/261 271/414/271
f 272/429/272 282/444/282 281/430/281
f 273/417/273 283/432/283 282/431/282
f 274/419/274 284/434/284 283/432/283
f 275/433/275 285/448/285 284/434/284
f 276/435/276 286/450/286 285/436/285
f 276/423/276 277/422/277 287/437/287
f 277/422/277 278/424/278 288/439/288
f 278/424/278 279/425/279 289/440/289
f 279/427/279 280/426/280 290/441/290
f 280/428/280 271/414/271 281/430/281
f 282/444/282 292/459/292 291/445/291
f 283/432/283 293/447/293 292/446/292
f 284/434/284 294/449/294 293/447/293
f 285/448/285 295/2573/295 294/449/294
f 286/450/286 296/465/296 295/451/295
f 286/438/286 287/437/287 297/452/297
f 287/437/287 288/439/288 298/454/298
f 288/439/288 289/440/289 299/455/299
f 289/442/289 290/441/290 300/456/300
f 290/443/290 281/430/281 291/445/291
f 292/459/292 302/473/302 301/460/301
f 293/447/293 303/462/303 302/461/302
f 294/449/294 304/476/304 303/462/303
f 295/451/295 305/466/305 304/463/304
f 296/465/296 306/480/306 305/466/305
f 297/452/297 307/468/307 306/467/306
f 298/454/298 308/470/308 307/468/307
f 298/454/298 299/455/299 309/469/309
f 300/456/300 310/2574/310 309/471/309
f 291/445/291 301/460/301 310/472/310
f 302/473/302 312/489/312 311/474/311
f 303/462/303 313/477/313 312/475/312
f 304/476/304 314/479/314 313/477/313
f 305/478/305 315/493/315 314/479/314
f 306/480/306 316/495/316 315/481/315
f 306/467/306 307/468/307 317/482/317
f 307/468/307 308/470/308 318/484/318
f 308/470/308 309/469/309 319/485/319
f 309/471/309 310/2574/310 320/486/320
f 301/460/301 311/474/311 320/488/320
f 312/489/312 322/504/322 321/490/321
f 313/477/313 323/492/323 322/491/322
f 314/479/314 324/494/324 323/492/323
f 315/493/315 325/508/325 324/494/324
f 316/495/316 326/510/326 325/496/325
f 316/483/316 317/482/317 327/497/327
f 317/482/317 318/484/318 328/499/328
f 318/484/318 319/485/319 329/500/329
f 319/487/319 320/486/320 330/501/330
f 320/488/320 311/474/311 321/490/321
f 322/504/322 332/519/332 331/505/331
f 323/492/323 333/507/333 332/506/332
f 324/494/324 334/509/334 333/507/333
f 325/508/325 335/523/335 334/509/334
f 326/510/326 336/525/336 335/511/335
f 326/498/326 327/497/327 337/512/337
f 327/497/327 328/499/328 338/514/338
f 328/499/328 329/500/329 339/515/339
f 329/502/329 330/501/330 340/516/340
f 330/503/330 321/490/321 331/505/331
f 332/519/332 342/534/342 341/520/341
f 333/507/333 343/522/343 342/521/342
f 334/509/334 344/524/344 343/522/343
f 335/523/335 345/538/345 344/524/344
f 336/525/336 346/540/346 345/526/345
f 336/513/336 337/512/337 347/527/347
f 337/512/337 338/514/338 348/529/348
f 338/514/338 339/515/339 349/530/349
f 339/517/339 340/516/340 350/531/350
f 331/505/331 341/520/341 350/533/350
f 342/534/342 352/549/352 351/535/351
f 343/522/343 353/537/353 352/536/352
f 344/524/344 354/539/354 353/537/353
f 345/538/345 355/553/355 354/539/354
f 346/540/346 356/555/356 355/541/355
f 347/527/347 357/544/357 356/542/356
f 347/527/347 348/529/348 358/543/358
f 348/529/348 349/530/349 359/545/359
f 349/532/349 350/531/350 360/546/360
f 341/520/341 351/535/351 360/548/360
f 352/549/352 362/564/362 361/550/361
f 353/537/353 363/552/363 362/551/362
f 354/539/354 364/554/364 363/552/363
f 355/553/355 365/568/365 364/554/364
f 356/555/356 366/570/366 365/556/365
f 356/542/356 357/544/357 367/557/367
f 357/544/357 358/543/358 368/559/368
f 358/543/358 359/545/359 369/560/369
f 359/547/359 360/546/360 370/561/370
f 351/535/351 361/550/361 370/563/370
f 362/564/362 372/579/372 371/565/371
f 363/552/363 373/567/373 372/566/372
f 364/554/364 374/569/374 373/567/373
f 365/568/365 375/583/375 374/569/374
f 366/570/366 376/585/376 375/571/375
f 366/558/366 367/557/367 377/572/377
f 367/557/367 368/559/368 378/574/378
f 368/559/368 369/560/369 379/575/379
f 369/562/369 370/561/370 380/576/380
f 370/563/370 361/550/361 371/565/371
f 372/579/372 382/594/382 381/580/381
f 373/567/373 383/582/383 382/581/382
f 374/569/374 384/584/384 383/582/383
f 375/583/375 385/598/385 384/584/384
f 376/585/376 386/600/386 385/586/385
f 376/573/376 377/572/377 387/587/387
f 377/572/377 378/574/378 388/589/388
f 378/574/378 379/575/379 389/590/389
f 379/577/379 380/576/380 390/591/390
f 380/578/380 371/565/371 381/580/381
f 382/594/382 392/609/392 391/595/391
f 383/582/383 393/597/393 392/596/392
f 384/584/384 394/599/394 393/597/393
f 385/598/385 395/613/395 394/599/394
f 386/600/386 396/615/396 395/601/395
f 386/588/386 387/587/387 397/602/397
f 387/587/387 388/589/388 398/604/398
f 388/589/388 389/590/389 399/605/399
f 389/592/389 390/591/390 400/606/400
f 381/580/381 391/595/391 400/608/400
f 392/609/392 402/624/402 401/610/401
f 393/597/393 403/612/403 402/611/402
f 394/599/394 404/614/404 403/612/403
f 395/613/395 405/628/405 404/614/404
f 396/615/396 406/2575/406 405/616/405
f 396/603/396 397/602/397 407/617/407
f 397/602/397 398/604/398 408/619/408
f 398/604/398 399/605/399 409/620/409
f 399/607/399 400/606/400 410/621/410
f 391/595/391 401/610/401 410/623/410
f 402/624/402 412/640/412 411/625/411
f 403/612/403 413/627/413 412/626/412
f 404/614/404 414/629/414 413/627/413
f 405/628/405 415/644/415 414/629/414
f 406/630/406 416/646/416 415/631/415
f 406/618/406 407/617/407 417/633/417
f 407/617/407 408/619/408 418/635/418
f 408/619/408 409/620/409 419/636/419
f 409/622/409 410/621/410 420/637/420
f 401/610/401 411/625/411 420/639/420
f 412/640/412 422/656/422 421/641/421
f 413/627/413 423/643/423 422/642/422
f 414/629/414 424/645/424 423/643/423
f 415/644/415 425/660/425 424/645/424
f 416/646/416 426/662/426 425/647/425
f 416/634/416 417/633/417 427/648/427
f 417/633/417 418/635/418 428/650/428
f 418/651/418 419/638/419 429/652/429
f 419/638/419 420/637/420 430/654/430
f 411/625/411 421/641/421 430/655/430
f 422/656/422 432/672/432 431/657/431
f 423/643/423 433/659/433 432/658/432
f 424/645/424 434/661/434 433/659/433
f 425/660/425 435/676/435 434/661/434
f 426/662/426 436/665/436 435/663/435
f 426/662/426 427/2576/427 437/664/437
f 427/648/427 428/650/428 438/666/438
f 428/653/428 429/652/429 439/668/439
f 429/652/429 430/654/430 440/670/440
f 421/671/421 431/686/431 440/670/440
f 432/672/432 442/2577/442 441/673/441
f 433/659/433 443/675/443 442/674/442
f 434/661/434 444/677/444 443/675/443
f 435/676/435 445/692/445 444/677/444
f 436/665/436 446/694/446 445/678/445
f 436/679/436 437/667/437 447/680/447
f 437/667/437 438/666/438 448/682/448
f 438/666/438 439/2578/439 449/683/449
f 439/668/439 440/670/440 450/684/450
f 431/686/431 441/703/441 450/684/450
f 442/687/442 452/704/452 451/688/451
f 443/675/443 453/691/453 452/690/452
f 444/677/444 454/693/454 453/691/453
f 445/692/445 455/708/455 454/693/454
f 446/694/446 456/697/456 455/695/455
f 446/694/446 447/2579/447 457/696/457
f 447/680/447 448/682/448 458/698/458
f 448/682/448 449/683/449 459/700/459
f 449/685/449 450/684/450 460/701/460
f 441/703/441 451/719/451 460/701/460
f 452/704/452 462/720/462 461/705/461
f 453/691/453 463/707/463 462/706/462
f 454/693/454 464/709/464 463/707/463
f 455/708/455 465/724/465 464/709/464
f 456/697/456 466/712/466 465/710/465
f 456/697/456 457/696/457 467/711/467
f 457/699/457 458/698/458 468/713/468
f 458/715/458 459/702/459 469/716/469
f 459/702/459 460/701/460 470/718/470
f 451/719/451 461/734/461 470/718/470
f 462/720/462 472/735/472 471/721/471
f 463/707/463 473/723/473 472/722/472
f 464/709/464 474/725/474 473/723/473
f 465/724/465 475/739/475 474/725/474
f 466/712/466 476/728/476 475/726/475
f 466/712/466 467/711/467 477/727/477
f 467/714/467 468/713/468 478/729/478
f 468/717/468 469/716/469 479/731/479
f 469/716/469 470/718/470 480/733/480
f 461/734/461 471/2580/471 480/733/480
f 472/735/472 482/2581/482 481/736/481
f 473/723/473 483/738/483 482/737/482
f 474/725/474 484/740/484 483/738/483
f 475/739/475 485/2582/485 484/740/484
f 476/728/476 486/743/486 485/741/485
f 476/728/476 477/727/477 487/742/487
f 477/730/477 478/729/478 488/744/488
f 478/732/478 479/731/479 489/746/489
f 479/731/479 480/733/480 490/748/490
f 480/749/480 471/721/471 481/736/481
f 481/736/481 482/2581/482 492/751/492
f 482/737/482 483/738/483 493/753/493
f 483/738/483 484/740/484 494/755/494
f 484/740/484 485/2582/485 495/756/495
f 485/741/485 486/743/486 496/757/496
f 487/742/487 497/2583/497 496/757/496
f 488/744/488 498/761/498 497/759/497
f 489/760/489 499/2584/499 498/761/498
f 490/748/490 500/2585/500 499/762/499
f 481/736/481 491/752/491 500/763/500
f 251/766/251 260/2586/260 259/2587/259
f 259/2587/259 258/2588/258 257/764/257
f 257/764/257 256/2589/256 255/2590/255
f 255/2590/255 254/2591/254 253/765/253
f 253/765/253 252/2592/252 251/766/251
f 251/766/251 259/2587/259 257/764/257
f 257/764/257 255/2590/255 253/765/253
f 500/769/500 491/2593/491 492/2594/492
f 492/2594/492 493/2595/493 494/767/494
f 494/767/494 495/2596/495 496/2597/496
f 496/2597/496 497/2598/497 498/768/498
f 498/768/498 499/2599/499 500/769/500
f 500/769/500 492/2594/492 494/767/494
f 494/767/494 496/2597/496 498/768/498
f 501/770/501 502/2600/502 512/771/512
f 502/773/502 503/776/503 513/774/513
f 503/776/503 504/2601/504 514/777/514
f 505/778/505 515/782/515 514/779/514
f 506/781/506 516/784/516 515/782/515
f 507/783/507 517/802/517 516/784/516
f 508/785/508 518/789/518 517/786/517
f 509/788/509 519/805/519 518/789/518
f 509/790/509 510/2602/510 520/791/520
f 510/793/510 501/770/501 511/772/511
f 511/772/511 512/771/512 522/795/522
f 512/775/512 513/774/513 523/797/523
f 513/774/513 514/777/514 524/799/524
f 515/782/515 525/801/525 524/800/524
f 516/784/516 526/803/526 525/801/525
f 517/802/517 527/817/527 526/803/526
f 518/789/518 528/806/528 527/804/527
f 519/805/519 529/820/529 528/806/528
f 520/794/520 530/809/530 529/807/529
f 520/794/520 511/772/511 521/796/521
f 521/796/521 522/795/522 532/810/532
f 522/798/522 523/797/523 533/812/533
f 523/797/523 524/799/524 534/814/534
f 525/801/525 535/816/535 534/815/534
f 526/803/526 536/818/536 535/816/535
f 527/817/527 537/833/537 536/818/536
f 528/806/528 538/821/538 537/819/537
f 529/820/529 539/836/539 538/821/538
f 529/822/529 530/2603/530 540/823/540
f 530/809/530 521/796/521 531/811/531
f 531/811/531 532/810/532 542/826/542
f 532/813/532 533/812/533 543/828/543
f 533/812/533 534/814/534 544/830/544
f 535/816/535 545/832/545 544/831/544
f 536/818/536 546/834/546 545/832/545
f 537/833/537 547/846/547 546/834/546
f 538/821/538 548/837/548 547/835/547
f 539/836/539 549/849/549 548/837/548
f 540/825/540 550/840/550 549/838/549
f 540/825/540 531/811/531 541/827/541
f 542/826/542 552/2604/552 551/841/551
f 543/828/543 553/843/553 552/842/552
f 544/830/544 554/859/554 553/843/553
f 545/832/545 555/845/555 554/844/554
f 546/834/546 556/847/556 555/845/555
f 547/846/547 557/862/557 556/847/556
f 548/837/548 558/850/558 557/848/557
f 549/849/549 559/865/559 558/850/558
f 550/851/550 560/2605/560 559/852/559
f 541/827/541 551/841/551 560/854/560
f 551/841/551 552/2604/552 562/855/562
f 552/842/552 553/843/553 563/857/563
f 554/859/554 564/2606/564 563/857/563
f 555/845/555 565/861/565 564/860/564
f 556/847/556 566/863/566 565/861/565
f 557/862/557 567/877/567 566/863/566
f 558/850/558 568/866/568 567/864/567
f 559/865/559 569/880/569 568/866/568
f 560/854/560 570/869/570 569/867/569
f 551/841/551 561/856/561 570/869/570
f 561/856/561 562/855/562 572/870/572
f 562/858/562 563/857/563 573/872/573
f 563/857/563 564/2606/564 574/874/574
f 565/861/565 575/876/575 574/875/574
f 566/863/566 576/878/576 575/876/575
f 567/877/567 577/893/577 576/878/576
f 568/866/568 578/881/578 577/879/577
f 569/880/569 579/896/579 578/881/578
f 570/882/570 580/898/580 579/883/579
f 570/869/570 561/856/561 571/871/571
f 571/871/571 572/870/572 582/886/582
f 572/873/572 573/872/573 583/888/583
f 573/872/573 574/874/574 584/890/584
f 575/876/575 585/892/585 584/891/584
f 576/878/576 586/894/586 585/892/585
f 577/893/577 587/907/587 586/894/586
f 578/881/578 588/897/588 587/895/587
f 579/896/579 589/910/589 588/897/588
f 580/898/580 590/912/590 589/899/589
f 580/885/580 571/871/571 581/887/581
f 581/887/581 582/886/582 592/901/592
f 582/889/582 583/888/583 593/903/593
f 584/890/584 594/917/594 593/903/593
f 585/892/585 595/906/595 594/905/594
f 586/894/586 596/908/596 595/906/595
f 587/907/587 597/921/597 596/908/596
f 588/897/588 598/911/598 597/909/597
f 589/910/589 599/924/599 598/911/598
f 590/912/590 600/926/600 599/913/599
f 590/900/590 581/887/581 591/902/591
f 592/901/592 602/2607/602 601/915/601
f 593/903/593 603/918/603 602/916/602
f 594/917/594 604/933/604 603/918/603
f 595/906/595 605/920/605 604/919/604
f 596/908/596 606/922/606 605/920/605
f 597/921/597 607/936/607 606/922/606
f 598/911/598 608/925/608 607/923/607
f 599/924/599 609/939/609 608/925/608
f 600/926/600 610/941/610 609/927/609
f 591/902/591 601/915/601 610/928/610
f 601/915/601 602/2607/602 612/929/612
f 602/916/602 603/918/603 613/931/613
f 604/933/604 614/948/614 613/931/613
f 605/920/605 615/935/615 614/934/614
f 606/922/606 616/937/616 615/935/615
f 607/936/607 617/951/617 616/937/616
f 608/925/608 618/940/618 617/938/617
f 609/939/609 619/2608/619 618/940/618
f 610/941/610 620/956/620 619/942/619
f 610/928/610 601/915/601 611/930/611
f 611/930/611 612/929/612 622/944/622
f 612/932/612 613/931/613 623/946/623
f 614/948/614 624/963/624 623/946/623
f 615/935/615 625/950/625 624/949/624
f 616/937/616 626/952/626 625/950/625
f 617/951/617 627/968/627 626/952/626
f 618/940/618 628/970/628 627/953/627
f 619/942/619 629/957/629 628/954/628
f 620/956/620 630/973/630 629/957/629
f 620/943/620 611/930/611 621/945/621
f 621/945/621 622/944/622 632/959/632
f 622/947/622 623/946/623 633/961/633
f 624/963/624 634/2609/634 633/961/633
f 625/964/625 635/982/635 634/965/634
f 626/952/626 636/969/636 635/967/635
f 627/968/627 637/985/637 636/969/636
f 628/970/628 638/987/638 637/971/637
f 629/957/629 639/974/639 638/972/638
f 630/973/630 640/990/640 639/974/639
f 630/958/630 621/945/621 631/960/631
f 631/960/631 632/959/632 642/976/642
f 632/962/632 633/961/633 643/978/643
f 634/965/634 644/983/644 643/980/643
f 635/982/635 645/997/645 644/983/644
f 636/969/636 646/986/646 645/984/645
f 637/985/637 647/1000/647 646/986/646
f 638/987/638 648/1002/648 647/988/647
f 639/974/639 649/991/649 648/989/648
f 640/990/640 650/1005/650 649/991/649
f 640/975/640 631/960/631 641/977/641
f 641/977/641 642/976/642 652/993/652
f 643/995/643 653/2610/653 652/993/652
f 644/983/644 654/998/654 653/996/653
f 645/997/645 655/1012/655 654/998/654
f 646/986/646 656/1001/656 655/999/655
f 647/1000/647 657/1015/657 656/1001/656
f 648/1002/648 658/1017/658 657/1003/657
f 649/991/649 659/1006/659 658/1004/658
f 650/1005/650 660/1020/660 659/1006/659
f 641/977/641 651/994/651 660/1007/660
f 651/994/651 652/993/652 662/1008/662
f 652/993/652 653/2610/653 663/1010/663
f 654/998/654 664/1013/664 663/1011/663
f 655/1012/655 665/1027/665 664/1013/664
f 656/1001/656 666/1016/666 665/1014/665
f 657/1015/657 667/1030/667 666/1016/666
f 658/1017/658 668/1032/668 667/1018/667
f 659/1006/659 669/1021/669 668/1019/668
f 660/1020/660 670/1035/670 669/1021/669
f 660/1007/660 651/994/651 661/1009/661
f 661/1009/661 662/1008/662 672/1023/672
f 662/1008/662 663/1010/663 673/1025/673
f 664/1013/664 674/1028/674 673/1026/673
f 665/1027/665 675/1043/675 674/1028/674
f 666/1016/666 676/1031/676 675/1029/675
f 667/1030/667 677/1046/677 676/1031/676
f 668/1032/668 678/1048/678 677/1033/677
f 669/1021/669 679/1036/679 678/1034/678
f 670/1035/670 680/1038/680 679/1036/679
f 670/1035/670 661/2611/661 671/1037/671
f 671/1024/671 672/1023/672 682/1039/682
f 672/1023/672 673/1025/673 683/1041/683
f 674/1028/674 684/1044/684 683/1042/683
f 675/1043/675 685/1058/685 684/1044/684
f 676/1031/676 686/1047/686 685/1045/685
f 677/1046/677 687/1061/687 686/1047/686
f 678/1048/678 688/1063/688 687/1049/687
f 679/1036/679 689/1051/689 688/1050/688
f 680/1038/680 690/1053/690 689/1051/689
f 680/1038/680 671/1037/671 681/1052/681
f 681/1040/681 682/1039/682 692/1054/692
f 682/1039/682 683/1041/683 693/1056/693
f 684/1044/684 694/1059/694 693/1057/693
f 685/1058/685 695/1073/695 694/1059/694
f 686/1047/686 696/1062/696 695/1060/695
f 687/1061/687 697/1076/697 696/1062/696
f 688/1063/688 698/1078/698 697/1064/697
f 689/1051/689 699/1066/699 698/1065/698
f 690/1053/690 700/1068/700 699/1066/699
f 690/1053/690 681/1052/681 691/1067/691
f 691/1055/691 692/1054/692 702/1069/702
f 692/1054/692 693/1056/693 703/1071/703
f 694/1059/694 704/1074/704 703/1072/703
f 695/1073/695 705/1088/705 704/1074/704
f 696/1062/696 706/1077/706 705/1075/705
f 697/1076/697 707/1091/707 706/1077/706
f 698/1078/698 708/1093/708 707/1079/707
f 699/1066/699 709/1081/709 708/1080/708
f 700/1068/700 710/1083/710 709/1081/709
f 700/1068/700 691/1067/691 701/1082/701
f 701/1070/701 702/1069/702 712/1084/712
f 702/1069/702 703/1071/703 713/1086/713
f 704/1074/704 714/1089/714 713/1087/713
f 705/1088/705 715/1103/715 714/1089/714
f 706/1077/706 716/1092/716 715/1090/715
f 707/1091/707 717/1107/717 716/1092/716
f 708/1093/708 718/1109/718 717/1094/717
f 709/1081/709 719/1096/719 718/1095/718
f 710/1083/710 720/1098/720 719/1096/719
f 710/1083/710 701/1082/701 711/1097/711
f 711/1085/711 712/1084/712 722/1099/722
f 712/1084/712 713/1086/713 723/1101/723
f 714/1089/714 724/1104/724 723/1102/723
f 715/1103/715 725/1106/725 724/1104/724
f 716/1105/716 726/1120/726 725/1106/725
f 717/1107/717 727/1122/727 726/1108/726
f 718/1109/718 728/1124/728 727/1110/727
f 719/1096/719 729/1112/729 728/1111/728
f 720/1098/720 730/1114/730 729/1112/729
f 720/1098/720 711/1097/711 721/1113/721
f 721/1100/721 722/1099/722 732/1115/732
f 722/1099/722 723/1101/723 733/1117/733
f 724/1104/724 734/1119/734 733/1118/733
f 725/1106/725 735/1121/735 734/1119/734
f 726/1120/726 736/2612/736 735/1121/735
f 727/1122/727 737/2613/737 736/1123/736
f 728/1124/728 738/2614/738 737/1125/737
f 729/1112/729 739/1127/739 738/1126/738
f 730/1114/730 740/1129/740 739/1127/739
f 730/1114/730 721/1113/721 731/1128/731
f 732/1115/732 742/1131/742 741/1130/741
f 733/1117/733 743/2615/743 742/1131/742
f 734/1119/734 744/1134/744 743/1132/743
f 734/1119/734 735/1121/735 745/1133/745
f 735/1121/735 736/2612/736 746/1135/746
f 736/1123/736 737/2613/737 747/1136/747
f 737/1125/737 738/2614/738 748/1138/748
f 738/1126/738 739/1127/739 749/1140/749
f 740/1129/740 750/1142/750 749/1140/749
f 731/1128/731 741/2616/741 750/1142/750
f 501/1145/501 510/2617/510 509/2618/509
f 509/2618/509 508/2619/508 507/1143/507
f 507/1143/507 506/2620/506 505/2621/505
f 505/2621/505 504/2622/504 503/1144/503
f 503/1144/503 502/2623/502 501/1145/501
f 501/1145/501 509/2618/509 507/1143/507
f 507/1143/507 505/2621/505 503/1144/503
f 750/1148/750 741/2624/741 742/2625/742
f 742/2625/742 743/2626/743 744/1146/744
f 744/1146/744 745/2627/745 746/2628/746
f 746/2628/746 747/2629/747 748/1147/748
f 748/1147/748 749/2630/749 750/1148/750
f 750/1148/750 742/2625/742 744/1146/744
f 744/1146/744 746/2628/746 748/1147/748
