# Blender 4.3.2
# www.blender.org
o bone_3
v -0.072673 -0.237166 -0.075262
v -0.133958 -0.256053 -0.056749
v -0.171834 -0.272628 -0.004348
v -0.171834 -0.280560 0.061927
v -0.133958 -0.276819 0.116760
v -0.072673 -0.262834 0.139207
v -0.011389 -0.243947 0.120694
v 0.026487 -0.227372 0.068292
v 0.026487 -0.219440 0.002018
v -0.011389 -0.223182 -0.052815
v -0.087331 -0.183334 -0.068668
v -0.148267 -0.203139 -0.050294
v -0.185857 -0.220518 0.001936
v -0.185744 -0.228834 0.068071
v -0.147970 -0.224911 0.122850
v -0.086964 -0.210246 0.145349
v -0.026029 -0.190442 0.126975
v 0.011562 -0.173062 0.074745
v 0.011448 -0.164746 0.008610
v -0.026325 -0.168670 -0.046169
v -0.103613 -0.130634 -0.051921
v -0.158555 -0.150425 -0.035417
v -0.192302 -0.167791 0.011936
v -0.191965 -0.176099 0.072049
v -0.157672 -0.172174 0.121962
v -0.102521 -0.157517 0.142609
v -0.047579 -0.137725 0.126105
v -0.013832 -0.120359 0.078752
v -0.014169 -0.112052 0.018639
v -0.048462 -0.115976 -0.031274
v -0.121354 -0.079347 -0.030184
v -0.167907 -0.097896 -0.016263
v -0.196355 -0.114169 0.024121
v -0.195833 -0.121951 0.075543
v -0.166540 -0.118270 0.118361
v -0.119664 -0.104530 0.136220
v -0.073111 -0.085982 0.122298
v -0.044663 -0.069708 0.081914
v -0.045185 -0.061926 0.030493
v -0.074478 -0.065608 -0.012325
v -0.140737 -0.027732 -0.015755
v -0.183423 -0.046511 -0.003059
v -0.209351 -0.062983 0.034256
v -0.208616 -0.070858 0.081936
v -0.181499 -0.067127 0.121770
v -0.138358 -0.053214 0.138543
v -0.095672 -0.034435 0.125846
v -0.069744 -0.017963 0.088532
v -0.070479 -0.010088 0.040851
v -0.097596 -0.013820 0.001017
v -0.161959 0.024510 -0.009064
v -0.205413 0.003436 0.003777
v -0.231616 -0.015047 0.042104
v -0.230561 -0.023879 0.091279
v -0.202649 -0.019686 0.132517
v -0.158542 -0.004071 0.150068
v -0.115088 0.017004 0.137227
v -0.088885 0.035487 0.098899
v -0.089941 0.044318 0.049725
v -0.117852 0.040126 0.008486
v -0.184938 0.075499 0.000889
v -0.227692 0.052669 0.013426
v -0.253254 0.032649 0.051533
v -0.251859 0.023087 0.100655
v -0.224040 0.027635 0.142029
v -0.180423 0.044556 0.159851
v -0.137669 0.067387 0.147314
v -0.112108 0.087407 0.109207
v -0.113503 0.096969 0.060085
v -0.141321 0.092421 0.018711
v -0.209464 0.123737 0.020130
v -0.246933 0.101724 0.031017
v -0.269108 0.082426 0.064823
v -0.267518 0.073213 0.108636
v -0.242771 0.077605 0.145721
v -0.204320 0.093924 0.161913
v -0.166851 0.115937 0.151027
v -0.144676 0.135235 0.117221
v -0.146266 0.144448 0.073407
v -0.171013 0.140056 0.036322
v -0.235666 0.170190 0.041996
v -0.266990 0.149952 0.050997
v -0.285305 0.132215 0.079662
v -0.283615 0.123751 0.117042
v -0.262566 0.127796 0.148859
v -0.230197 0.142803 0.162960
v -0.198874 0.163040 0.153959
v -0.180559 0.180778 0.125294
v -0.182249 0.189241 0.087914
v -0.203298 0.185197 0.056097
v -0.263979 0.216695 0.057923
v -0.292729 0.196267 0.066076
v -0.309298 0.178368 0.092823
v -0.307357 0.169832 0.127947
v -0.287647 0.173922 0.158032
v -0.257697 0.189074 0.171587
v -0.228946 0.209502 0.163434
v -0.212377 0.227401 0.136687
v -0.214318 0.235937 0.101563
v -0.234028 0.231847 0.071477
v -0.294514 0.262993 0.069605
v -0.323199 0.240567 0.077611
v -0.339446 0.220921 0.104813
v -0.337050 0.211560 0.140820
v -0.316926 0.216058 0.171878
v -0.286759 0.232698 0.186125
v -0.258074 0.255124 0.178119
v -0.241827 0.274770 0.150917
v -0.244223 0.284131 0.114910
v -0.264347 0.279633 0.083852
v -0.326810 0.306867 0.085391
v -0.353737 0.283678 0.092763
v -0.368674 0.263369 0.118872
v -0.365914 0.253698 0.153744
v -0.346512 0.258360 0.184059
v -0.317879 0.275573 0.198239
v -0.290951 0.298762 0.190866
v -0.276015 0.319071 0.164758
v -0.278775 0.328742 0.129886
v -0.298177 0.324080 0.099570
v -0.360503 0.347209 0.107881
v -0.382934 0.325891 0.113880
v -0.395063 0.307228 0.136199
v -0.392257 0.298348 0.166312
v -0.375590 0.302643 0.192718
v -0.351425 0.318472 0.205330
v -0.328995 0.339789 0.199331
v -0.316866 0.358452 0.177013
v -0.319671 0.367333 0.146900
v -0.336339 0.363038 0.120494
v -0.395952 0.385379 0.131135
v -0.414101 0.366295 0.135850
v -0.423612 0.349592 0.154462
v -0.420851 0.341652 0.179862
v -0.406874 0.345506 0.202348
v -0.387019 0.359683 0.213332
v -0.368870 0.378768 0.208617
v -0.359360 0.395470 0.190004
v -0.362120 0.403411 0.164604
v -0.376097 0.399556 0.142118
v -0.433738 0.422865 0.150082
v -0.449984 0.403895 0.154152
v -0.458170 0.387299 0.171413
v -0.455169 0.379416 0.195271
v -0.442127 0.383257 0.216614
v -0.424026 0.397355 0.227289
v -0.407780 0.416325 0.223219
v -0.399594 0.432921 0.205959
v -0.402595 0.440804 0.182100
v -0.415637 0.436963 0.160757
v -0.473693 0.458824 0.167350
v -0.489052 0.438814 0.171024
v -0.496413 0.421314 0.188036
v -0.492963 0.413011 0.211888
v -0.480021 0.417074 0.233471
v -0.462530 0.431952 0.244539
v -0.447171 0.451962 0.240866
v -0.439810 0.469461 0.223853
v -0.443260 0.477765 0.200001
v -0.456202 0.473702 0.178418
v -0.514995 0.491188 0.188387
v -0.528265 0.471775 0.191374
v -0.534220 0.454805 0.206817
v -0.530585 0.446761 0.228816
v -0.518748 0.450715 0.248970
v -0.503231 0.465156 0.259579
v -0.489961 0.484569 0.256592
v -0.484006 0.501539 0.241150
v -0.487641 0.509583 0.219150
v -0.499478 0.505630 0.198997
v -0.557305 0.519476 0.213487
v -0.567414 0.502731 0.215583
v -0.571562 0.488100 0.228062
v -0.568165 0.481172 0.246157
v -0.558520 0.484593 0.262958
v -0.546311 0.497057 0.272046
v -0.536202 0.513802 0.269950
v -0.532054 0.528433 0.257472
v -0.535451 0.535361 0.239376
v -0.545096 0.531940 0.222576
v -0.601182 0.545048 0.238286
v -0.608736 0.530721 0.239679
v -0.611462 0.518209 0.249693
v -0.608319 0.512291 0.264504
v -0.600507 0.515228 0.278455
v -0.591011 0.525898 0.286216
v -0.583457 0.540225 0.284824
v -0.580731 0.552737 0.274810
v -0.583874 0.558655 0.259998
v -0.591685 0.555718 0.246048
v -0.647069 0.568666 0.260555
v -0.653236 0.555069 0.261503
v -0.655057 0.543201 0.270428
v -0.651837 0.537595 0.283919
v -0.644805 0.540392 0.296824
v -0.636647 0.550524 0.304213
v -0.630480 0.564121 0.303265
v -0.628659 0.575990 0.294341
v -0.631879 0.581596 0.280849
v -0.638911 0.578799 0.267944
v -0.694408 0.589230 0.282687
v -0.699452 0.576027 0.283250
v -0.700485 0.564509 0.291396
v -0.697112 0.559075 0.304013
v -0.690622 0.561801 0.316282
v -0.683493 0.571647 0.323517
v -0.678448 0.584850 0.322954
v -0.677415 0.596368 0.314808
v -0.680788 0.601802 0.302191
v -0.687279 0.599076 0.289922
v -0.742287 0.605392 0.307289
v -0.745847 0.593988 0.307467
v -0.746106 0.584046 0.314088
v -0.742967 0.579362 0.324621
v -0.737627 0.581726 0.335044
v -0.732126 0.590235 0.341376
v -0.728567 0.601639 0.341198
v -0.728307 0.611581 0.334578
v -0.731447 0.616265 0.324044
v -0.736787 0.613901 0.313621
v -0.790575 0.617253 0.333498
v -0.792670 0.608638 0.333399
v -0.792386 0.601131 0.338110
v -0.789830 0.597600 0.345831
v -0.785978 0.599393 0.353614
v -0.782303 0.605826 0.358486
v -0.780207 0.614442 0.358585
v -0.780492 0.621949 0.353875
v -0.783048 0.625480 0.346153
v -0.786899 0.623686 0.338370
v -0.839719 0.625650 0.359012
v -0.840829 0.619298 0.358764
v -0.840260 0.613767 0.362038
v -0.838229 0.611170 0.367585
v -0.835512 0.612498 0.373286
v -0.833147 0.617244 0.376962
v -0.832037 0.623596 0.377210
v -0.832606 0.629127 0.373935
v -0.834637 0.631725 0.368389
v -0.837354 0.630396 0.362688
v -0.889532 0.630557 0.383499
v -0.890209 0.625752 0.383244
v -0.889642 0.621568 0.385650
v -0.888047 0.619604 0.389799
v -0.886034 0.620610 0.394106
v -0.884372 0.624202 0.396926
v -0.883695 0.629007 0.397182
v -0.884262 0.633191 0.394775
v -0.885857 0.635155 0.390626
v -0.887870 0.634149 0.386319
v -0.019888 -0.219721 -0.026005
v -0.083206 -0.229867 -0.007481
v -0.122338 -0.247704 0.043566
v -0.122338 -0.266417 0.107637
v -0.083206 -0.278860 0.160259
v -0.019888 -0.280279 0.181332
v 0.043430 -0.270133 0.162808
v 0.082563 -0.252296 0.111761
v 0.082563 -0.233583 0.047690
v 0.043430 -0.221140 -0.004932
v -0.024867 -0.153331 -0.006437
v -0.088044 -0.164143 0.011859
v -0.127028 -0.183148 0.062476
v -0.126928 -0.203087 0.126079
v -0.087782 -0.216344 0.178375
v -0.024543 -0.217855 0.199388
v 0.038634 -0.207043 0.181092
v 0.077618 -0.188038 0.130475
v 0.077518 -0.168099 0.066871
v 0.038372 -0.154842 0.014575
v -0.030657 -0.088886 0.025370
v -0.088063 -0.099996 0.041614
v -0.123354 -0.119520 0.086958
v -0.123050 -0.140002 0.144082
v -0.087267 -0.153616 0.191167
v -0.029674 -0.155165 0.210227
v 0.027732 -0.144055 0.193983
v 0.063023 -0.124530 0.148639
v 0.062719 -0.104049 0.091515
v 0.026936 -0.090434 0.044431
v -0.037074 -0.027688 0.063839
v -0.086158 -0.038346 0.077337
v -0.116198 -0.057071 0.115442
v -0.115721 -0.076711 0.163598
v -0.084908 -0.089764 0.203413
v -0.035528 -0.091244 0.219678
v 0.013556 -0.080586 0.206180
v 0.043596 -0.061861 0.168075
v 0.043119 -0.042221 0.119918
v 0.012305 -0.029168 0.080104
v -0.044242 0.034685 0.097478
v -0.089729 0.023683 0.109555
v -0.117421 0.004358 0.144135
v -0.116740 -0.015907 0.188008
v -0.087946 -0.029372 0.224417
v -0.042038 -0.030894 0.239454
v 0.003449 -0.019891 0.227377
v 0.031140 -0.000567 0.192798
v 0.030459 0.019698 0.148924
v 0.001666 0.033163 0.112515
v -0.052310 0.099229 0.126337
v -0.099189 0.086681 0.138261
v -0.127550 0.064648 0.173010
v -0.126559 0.041547 0.217311
v -0.096597 0.026202 0.254244
v -0.049106 0.024474 0.269700
v -0.002227 0.037023 0.257777
v 0.026134 0.059056 0.223028
v 0.025143 0.082156 0.178726
v -0.004820 0.097501 0.141794
v -0.061165 0.161184 0.160673
v -0.107953 0.147407 0.171963
v -0.136052 0.123228 0.205611
v -0.134729 0.097882 0.248764
v -0.104490 0.081051 0.284939
v -0.056884 0.079163 0.300319
v -0.010097 0.092939 0.289029
v 0.018002 0.117119 0.255381
v 0.016679 0.142465 0.212228
v -0.013560 0.159296 0.176053
v -0.070569 0.216553 0.205516
v -0.112256 0.203127 0.214946
v -0.137079 0.179574 0.243861
v -0.135557 0.154889 0.281215
v -0.108270 0.138503 0.312742
v -0.065642 0.136673 0.326398
v -0.023955 0.150099 0.316968
v 0.000868 0.173652 0.288054
v -0.000654 0.198336 0.250699
v -0.027941 0.214723 0.219172
v -0.080602 0.267902 0.254667
v -0.116124 0.255456 0.262086
v -0.137068 0.233631 0.285682
v -0.135435 0.210765 0.316442
v -0.111849 0.195591 0.342618
v -0.075318 0.193904 0.354210
v -0.039796 0.206350 0.346791
v -0.018851 0.228175 0.323195
v -0.020484 0.251041 0.292435
v -0.044071 0.266215 0.266259
v -0.091649 0.320305 0.301101
v -0.124979 0.307665 0.307401
v -0.144409 0.285512 0.328426
v -0.142519 0.262308 0.356144
v -0.120029 0.246915 0.379969
v -0.085531 0.245214 0.390800
v -0.052201 0.257854 0.384500
v -0.032771 0.280007 0.363476
v -0.034661 0.303211 0.335757
v -0.057151 0.318604 0.311932
v -0.103794 0.373231 0.346720
v -0.137904 0.359299 0.352400
v -0.157533 0.334894 0.372623
v -0.155183 0.309339 0.399665
v -0.131752 0.292394 0.423197
v -0.096189 0.290532 0.434230
v -0.062079 0.304465 0.428549
v -0.042451 0.328869 0.408326
v -0.044800 0.354425 0.381284
v -0.068231 0.371369 0.357753
v -0.116557 0.420758 0.397998
v -0.149529 0.406322 0.402651
v -0.168224 0.381051 0.420791
v -0.165501 0.354597 0.445489
v -0.142401 0.337065 0.467311
v -0.107746 0.335151 0.477921
v -0.074774 0.349587 0.473268
v -0.056079 0.374858 0.455128
v -0.058802 0.401312 0.430430
v -0.081902 0.418844 0.408608
v -0.129547 0.459958 0.456135
v -0.157958 0.446688 0.459335
v -0.173799 0.423473 0.473607
v -0.171017 0.399180 0.493497
v -0.150677 0.383088 0.511410
v -0.120547 0.381344 0.520502
v -0.092136 0.394614 0.517302
v -0.076296 0.417829 0.503030
v -0.079077 0.442122 0.483140
v -0.099417 0.458214 0.465227
v -0.143092 0.494718 0.516452
v -0.166999 0.482862 0.518386
v -0.180076 0.462135 0.529120
v -0.177329 0.440455 0.544555
v -0.159806 0.426101 0.558795
v -0.134201 0.424557 0.566400
v -0.110294 0.436413 0.564467
v -0.097217 0.457140 0.553733
v -0.099965 0.478821 0.538298
v -0.117488 0.493175 0.524058
v -0.157756 0.529261 0.575906
v -0.180152 0.517524 0.576928
v -0.192141 0.497022 0.585661
v -0.189145 0.475585 0.598769
v -0.172307 0.461401 0.611246
v -0.148060 0.459889 0.618326
v -0.125664 0.471625 0.617305
v -0.113674 0.492128 0.608572
v -0.116671 0.513565 0.595464
v -0.133508 0.527748 0.582986
v -0.173359 0.561437 0.636433
v -0.195685 0.549134 0.636582
v -0.207350 0.527660 0.643834
v -0.203899 0.505217 0.655418
v -0.186651 0.490378 0.666911
v -0.162193 0.488810 0.673922
v -0.139867 0.501112 0.673773
v -0.128202 0.522586 0.666521
v -0.131653 0.545030 0.654936
v -0.148901 0.559869 0.643444
v -0.189074 0.585833 0.700534
v -0.209600 0.573999 0.699793
v -0.220036 0.553361 0.704995
v -0.216397 0.531802 0.714153
v -0.200071 0.517557 0.723768
v -0.177296 0.516066 0.730169
v -0.156770 0.527901 0.730910
v -0.146334 0.548539 0.725708
v -0.149974 0.570098 0.716550
v -0.166299 0.584343 0.706935
v -0.204560 0.601447 0.767342
v -0.221386 0.591352 0.765949
v -0.229683 0.573761 0.768903
v -0.226282 0.555396 0.775077
v -0.212482 0.543269 0.782112
v -0.193554 0.542015 0.787322
v -0.176728 0.552110 0.788715
v -0.168430 0.569701 0.785761
v -0.171832 0.588066 0.779587
v -0.185632 0.600193 0.772552
v -0.220385 0.612203 0.834520
v -0.234108 0.603683 0.832687
v -0.240646 0.588852 0.833938
v -0.237504 0.573376 0.837796
v -0.225880 0.563166 0.842787
v -0.210215 0.562121 0.847004
v -0.196492 0.570642 0.848838
v -0.189953 0.585473 0.847586
v -0.193096 0.600949 0.843728
v -0.204720 0.611159 0.838737
v -0.237008 0.620297 0.901431
v -0.249461 0.612344 0.899085
v -0.255171 0.598517 0.899088
v -0.251958 0.584096 0.901439
v -0.241049 0.574590 0.905239
v -0.226611 0.573630 0.909038
v -0.214159 0.581583 0.911385
v -0.208448 0.595410 0.911382
v -0.211661 0.609831 0.909031
v -0.222570 0.619337 0.905230
v -0.253895 0.623058 0.968603
v -0.265495 0.615488 0.965735
v -0.270592 0.602341 0.964607
v -0.267239 0.588638 0.965651
v -0.256717 0.579614 0.968468
v -0.243044 0.578715 0.971981
v -0.231444 0.586285 0.974849
v -0.226347 0.599432 0.975977
v -0.229700 0.613135 0.974933
v -0.240222 0.622159 0.972116
v -0.270176 0.617390 1.035659
v -0.279822 0.611005 1.032669
v -0.283863 0.599930 1.030732
v -0.280756 0.588394 1.030588
v -0.271688 0.580804 1.032293
v -0.260122 0.580059 1.035194
v -0.250476 0.586444 1.038184
v -0.246434 0.597519 1.040120
v -0.249541 0.609055 1.040264
v -0.258610 0.616645 1.038560
v -0.285774 0.604003 1.101512
v -0.292817 0.599313 1.098862
v -0.295616 0.591187 1.096678
v -0.293102 0.582730 1.095795
v -0.286235 0.577172 1.096550
v -0.277638 0.576635 1.098655
v -0.270595 0.581325 1.101305
v -0.267796 0.589450 1.103489
v -0.270310 0.597907 1.104372
v -0.277177 0.603466 1.103617
v -0.301197 0.585310 1.165629
v -0.306237 0.581965 1.163382
v -0.308126 0.576177 1.161244
v -0.306143 0.570158 1.160030
v -0.301045 0.566206 1.160206
v -0.294779 0.565831 1.161703
v -0.289739 0.569176 1.163950
v -0.287850 0.574964 1.166089
v -0.289833 0.580983 1.167302
v -0.294931 0.584935 1.167127
v -0.316340 0.561671 1.227363
v -0.320104 0.559189 1.225551
v -0.321472 0.554894 1.223734
v -0.319922 0.550429 1.222606
v -0.316046 0.547498 1.222598
v -0.311324 0.547221 1.223713
v -0.307560 0.549704 1.225524
v -0.306192 0.553998 1.227341
v -0.307742 0.558464 1.228469
v -0.311618 0.561395 1.228477
v 0.046560 -0.240301 -0.074826
v -0.016409 -0.234144 -0.053561
v -0.055327 -0.234043 0.000667
v -0.055327 -0.240037 0.067145
v -0.016409 -0.249836 0.120480
v 0.046560 -0.259699 0.140301
v 0.109529 -0.265856 0.119036
v 0.148446 -0.265957 0.064808
v 0.148446 -0.259963 -0.001670
v 0.109529 -0.250164 -0.055006
v 0.053725 -0.184497 -0.069643
v -0.009096 -0.177879 -0.048365
v -0.047960 -0.177770 0.005788
v -0.048023 -0.184212 0.072131
v -0.009260 -0.194743 0.125325
v 0.053522 -0.205342 0.145050
v 0.116342 -0.211960 0.123773
v 0.155207 -0.212069 0.069620
v 0.155270 -0.205627 0.003276
v 0.116507 -0.195096 -0.049918
v 0.062074 -0.129192 -0.054162
v 0.005007 -0.122288 -0.034706
v -0.030381 -0.122173 0.014593
v -0.030574 -0.128890 0.074905
v 0.004502 -0.139874 0.123193
v 0.061449 -0.150930 0.141013
v 0.118516 -0.157833 0.121558
v 0.153904 -0.157949 0.072259
v 0.154097 -0.151232 0.011946
v 0.119021 -0.140248 -0.036342
v 0.071533 -0.074908 -0.033538
v 0.022758 -0.068195 -0.016776
v -0.007575 -0.068081 0.025472
v -0.007881 -0.074610 0.077069
v 0.021958 -0.085289 0.118307
v 0.070545 -0.096038 0.133435
v 0.119320 -0.102752 0.116674
v 0.149653 -0.102866 0.074426
v 0.149959 -0.096337 0.022829
v 0.120119 -0.085658 -0.018410
v 0.082229 -0.020172 -0.020100
v 0.037050 -0.013152 -0.004426
v 0.008858 -0.013031 0.034832
v 0.008419 -0.019854 0.082678
v 0.035901 -0.031016 0.120837
v 0.080808 -0.042252 0.134734
v 0.125986 -0.049271 0.119060
v 0.154179 -0.049393 0.079803
v 0.154618 -0.042569 0.031957
v 0.127135 -0.031408 -0.006203
v 0.094301 0.035401 -0.014267
v 0.047771 0.043504 0.002058
v 0.018616 0.043647 0.042645
v 0.017973 0.035774 0.091989
v 0.046088 0.022893 0.131243
v 0.092220 0.009923 0.145414
v 0.138751 0.001819 0.129088
v 0.167905 0.001677 0.088502
v 0.168548 0.009550 0.039158
v 0.140434 0.022431 -0.000097
v 0.107724 0.090225 -0.004989
v 0.061322 0.099229 0.011508
v 0.032109 0.099391 0.052165
v 0.031244 0.090649 0.101451
v 0.059057 0.076341 0.140542
v 0.104924 0.061934 0.154506
v 0.151326 0.052929 0.138009
v 0.180539 0.052767 0.097353
v 0.181404 0.061510 0.048066
v 0.153591 0.075817 0.008975
v 0.122387 0.142908 0.013797
v 0.081086 0.151791 0.028707
v 0.054940 0.151954 0.065085
v 0.053937 0.143336 0.109037
v 0.078460 0.129229 0.143773
v 0.119141 0.115020 0.156026
v 0.160442 0.106138 0.141116
v 0.186588 0.105974 0.104738
v 0.187591 0.114592 0.060786
v 0.163068 0.128700 0.026050
v 0.138386 0.194314 0.035415
v 0.103237 0.202653 0.048329
v 0.080844 0.202810 0.079478
v 0.079760 0.194726 0.116965
v 0.100400 0.181488 0.146469
v 0.134879 0.168154 0.156723
v 0.170028 0.159815 0.143809
v 0.192421 0.159658 0.112659
v 0.193504 0.167742 0.075173
v 0.172865 0.180980 0.045668
v 0.156023 0.246248 0.051296
v 0.123094 0.254830 0.063640
v 0.101961 0.254996 0.093029
v 0.100697 0.246683 0.128237
v 0.119783 0.233067 0.155817
v 0.151931 0.219348 0.165233
v 0.184860 0.210767 0.152889
v 0.205993 0.210601 0.123500
v 0.207258 0.218913 0.088292
v 0.188171 0.232530 0.060712
v 0.175405 0.298582 0.063164
v 0.141768 0.308175 0.076062
v 0.120000 0.308366 0.106327
v 0.118416 0.299081 0.142399
v 0.137620 0.283867 0.170498
v 0.170278 0.268535 0.179893
v 0.203915 0.258942 0.166995
v 0.225683 0.258751 0.136730
v 0.227268 0.268036 0.100658
v 0.208063 0.283250 0.072558
v 0.196260 0.349200 0.079406
v 0.163818 0.359293 0.092168
v 0.142624 0.359499 0.121629
v 0.140772 0.349740 0.156536
v 0.158971 0.333744 0.183557
v 0.190269 0.317620 0.192370
v 0.222711 0.307527 0.179608
v 0.243905 0.307320 0.150147
v 0.245757 0.317079 0.115240
v 0.227558 0.333076 0.088219
v 0.218366 0.396981 0.102640
v 0.190487 0.406414 0.113923
v 0.172077 0.406613 0.139508
v 0.170169 0.397502 0.169622
v 0.185491 0.382560 0.192763
v 0.212191 0.367496 0.200092
v 0.240070 0.358063 0.188810
v 0.258479 0.357864 0.163225
v 0.260388 0.366975 0.133111
v 0.245066 0.381917 0.109969
v 0.241989 0.443322 0.126932
v 0.218605 0.451905 0.136698
v 0.202977 0.452092 0.158414
v 0.201074 0.443811 0.183784
v 0.213623 0.430226 0.203119
v 0.235830 0.416526 0.209032
v 0.259214 0.407943 0.199265
v 0.274842 0.407756 0.177550
v 0.276745 0.416037 0.152179
v 0.264196 0.429622 0.132845
v 0.267570 0.489854 0.147247
v 0.245748 0.498522 0.156684
v 0.230966 0.498717 0.177222
v 0.228869 0.490364 0.201017
v 0.240259 0.476654 0.218980
v 0.260785 0.462823 0.224249
v 0.282606 0.454155 0.214813
v 0.297389 0.453960 0.194275
v 0.299485 0.462313 0.170480
v 0.288095 0.476023 0.152517
v 0.295043 0.535813 0.166250
v 0.273389 0.545104 0.175978
v 0.258498 0.545320 0.196667
v 0.256058 0.536379 0.220413
v 0.266999 0.521697 0.238148
v 0.287144 0.506881 0.243097
v 0.308797 0.497591 0.233369
v 0.323688 0.497375 0.212680
v 0.326129 0.506316 0.188933
v 0.315188 0.520998 0.171199
v 0.323875 0.579050 0.189397
v 0.304076 0.588208 0.198670
v 0.290229 0.588429 0.217909
v 0.287624 0.579628 0.239764
v 0.297256 0.565166 0.255888
v 0.315446 0.550568 0.260122
v 0.335245 0.541409 0.250849
v 0.349092 0.541188 0.231610
v 0.351697 0.549990 0.209755
v 0.342065 0.564452 0.193631
v 0.353861 0.619042 0.216988
v 0.337734 0.627072 0.224891
v 0.326244 0.627272 0.240857
v 0.323779 0.619567 0.258789
v 0.331281 0.606900 0.271836
v 0.345884 0.594108 0.275016
v 0.362010 0.586078 0.267114
v 0.373501 0.585878 0.251147
v 0.375966 0.593583 0.233216
v 0.368464 0.606251 0.220168
v 0.385449 0.657323 0.244712
v 0.372397 0.664309 0.251429
v 0.362903 0.664490 0.264624
v 0.360594 0.657797 0.279257
v 0.366351 0.646786 0.289740
v 0.377976 0.635663 0.292067
v 0.391028 0.628677 0.285350
v 0.400522 0.628496 0.272155
v 0.402831 0.635189 0.257522
v 0.397073 0.646200 0.247039
v 0.419030 0.694845 0.270410
v 0.407293 0.701591 0.276777
v 0.398558 0.701773 0.288922
v 0.396162 0.695320 0.302205
v 0.401021 0.684698 0.311553
v 0.411277 0.673964 0.313395
v 0.423014 0.667217 0.307027
v 0.431748 0.667036 0.294883
v 0.434144 0.673488 0.281600
v 0.429286 0.684111 0.272252
v 0.454266 0.730453 0.296495
v 0.443449 0.737124 0.302705
v 0.435193 0.737311 0.314190
v 0.432653 0.730941 0.326562
v 0.436798 0.720449 0.335096
v 0.446045 0.709842 0.336532
v 0.456863 0.703170 0.330322
v 0.465118 0.702984 0.318837
v 0.467659 0.709353 0.306464
v 0.463514 0.719845 0.297930
v 0.490544 0.762611 0.325552
v 0.481662 0.768484 0.330971
v 0.474692 0.768655 0.340673
v 0.472297 0.763059 0.350954
v 0.475391 0.753833 0.357885
v 0.482793 0.744501 0.358821
v 0.491676 0.738628 0.353402
v 0.498645 0.738457 0.343699
v 0.501040 0.744053 0.333419
v 0.497946 0.753280 0.326487
v 0.527822 0.791431 0.356747
v 0.521432 0.795959 0.360906
v 0.516263 0.796096 0.368109
v 0.514288 0.791790 0.375605
v 0.516262 0.784686 0.380530
v 0.521431 0.777497 0.381003
v 0.527821 0.772969 0.376844
v 0.532990 0.772832 0.369641
v 0.534965 0.777138 0.362146
v 0.532991 0.784242 0.357221
v 0.566524 0.817941 0.387867
v 0.562031 0.821352 0.391001
v 0.558272 0.821460 0.396245
v 0.556682 0.818223 0.401596
v 0.557869 0.812877 0.405010
v 0.561379 0.807465 0.405184
v 0.565872 0.804054 0.402050
v 0.569631 0.803947 0.396806
v 0.571221 0.807184 0.391455
v 0.570034 0.812529 0.388041
v 0.606583 0.842111 0.418617
v 0.603261 0.844720 0.421019
v 0.600431 0.844803 0.424969
v 0.599175 0.842328 0.428958
v 0.599972 0.838241 0.431462
v 0.602518 0.834102 0.431525
v 0.605840 0.831492 0.429123
v 0.608669 0.831409 0.425173
v 0.609925 0.833884 0.421184
v 0.609128 0.837972 0.418680
v 0.139847 -0.255947 -0.167280
v 0.076892 -0.246668 -0.147135
v 0.037984 -0.238661 -0.093494
v 0.037984 -0.234986 -0.026848
v 0.076892 -0.237045 0.027348
v 0.139847 -0.244053 0.048392
v 0.202801 -0.253332 0.028246
v 0.241710 -0.261339 -0.025394
v 0.241710 -0.265014 -0.092041
v 0.202801 -0.262955 -0.146236
v 0.148779 -0.187057 -0.170930
v 0.086015 -0.177024 -0.150854
v 0.047251 -0.168367 -0.097325
v 0.047294 -0.164393 -0.030787
v 0.086126 -0.166620 0.023342
v 0.148917 -0.174197 0.044389
v 0.211681 -0.184230 0.024314
v 0.250444 -0.192887 -0.029216
v 0.250402 -0.196861 -0.095753
v 0.211569 -0.194634 -0.149883
v 0.159123 -0.118274 -0.165686
v 0.102202 -0.107703 -0.147495
v 0.067104 -0.098582 -0.098837
v 0.067236 -0.094395 -0.038296
v 0.102547 -0.096743 0.011002
v 0.159550 -0.104727 0.030228
v 0.216471 -0.115299 0.012038
v 0.251569 -0.124420 -0.036621
v 0.251438 -0.128606 -0.097162
v 0.216126 -0.126259 -0.146460
v 0.171065 -0.049318 -0.156749
v 0.122512 -0.038954 -0.141250
v 0.092634 -0.030013 -0.099628
v 0.092843 -0.025910 -0.047781
v 0.123061 -0.028213 -0.005512
v 0.171743 -0.036041 0.011033
v 0.220296 -0.046405 -0.004466
v 0.250174 -0.055346 -0.046088
v 0.249965 -0.059449 -0.097935
v 0.219747 -0.057146 -0.140204
v 0.184648 0.018788 -0.156585
v 0.139787 0.029695 -0.142285
v 0.112248 0.039104 -0.103697
v 0.112550 0.043421 -0.055559
v 0.140579 0.040996 -0.016258
v 0.185628 0.032756 -0.000807
v 0.230489 0.021849 -0.015107
v 0.258028 0.012440 -0.053695
v 0.257725 0.008124 -0.101833
v 0.229696 0.010548 -0.141134
v 0.199903 0.085676 -0.165725
v 0.153837 0.098338 -0.151067
v 0.125642 0.109259 -0.111280
v 0.126087 0.114268 -0.061561
v 0.155002 0.111452 -0.020901
v 0.201343 0.101885 -0.004831
v 0.247409 0.089224 -0.019489
v 0.275605 0.078303 -0.059276
v 0.275160 0.073293 -0.108995
v 0.246244 0.076110 -0.149655
v 0.216970 0.152222 -0.173132
v 0.171195 0.166355 -0.158598
v 0.143276 0.178545 -0.118870
v 0.143877 0.184134 -0.069123
v 0.172769 0.180988 -0.028359
v 0.218915 0.170308 -0.012148
v 0.264690 0.156175 -0.026682
v 0.292609 0.143985 -0.066410
v 0.292008 0.138396 -0.116157
v 0.263116 0.141542 -0.156921
v 0.236042 0.219183 -0.172738
v 0.195472 0.233180 -0.159890
v 0.170830 0.245250 -0.124477
v 0.171529 0.250783 -0.080025
v 0.197303 0.247665 -0.043515
v 0.238306 0.237087 -0.028892
v 0.278877 0.223090 -0.041740
v 0.303519 0.211020 -0.077153
v 0.302819 0.205488 -0.121604
v 0.277046 0.208606 -0.158115
v 0.257165 0.285865 -0.171320
v 0.222810 0.299049 -0.160474
v 0.202046 0.310416 -0.130284
v 0.202804 0.315625 -0.092284
v 0.224795 0.312685 -0.060987
v 0.259619 0.302720 -0.048348
v 0.293974 0.289536 -0.059194
v 0.314738 0.278169 -0.089383
v 0.313980 0.272960 -0.127384
v 0.291989 0.275900 -0.158681
v 0.280229 0.350935 -0.177630
v 0.248231 0.364542 -0.167565
v 0.229003 0.376273 -0.139227
v 0.229891 0.381646 -0.103441
v 0.250554 0.378609 -0.073875
v 0.283100 0.368323 -0.061822
v 0.315098 0.354715 -0.071887
v 0.334326 0.342985 -0.100225
v 0.333439 0.337612 -0.136012
v 0.312775 0.340648 -0.165578
v 0.305252 0.414288 -0.190022
v 0.272788 0.429539 -0.179855
v 0.253413 0.442685 -0.150844
v 0.254528 0.448703 -0.114069
v 0.275706 0.445296 -0.083577
v 0.308859 0.433765 -0.071016
v 0.341323 0.418514 -0.081183
v 0.360698 0.405369 -0.110195
v 0.359583 0.399350 -0.146970
v 0.338405 0.402757 -0.177461
v 0.332508 0.477099 -0.200018
v 0.301444 0.493179 -0.190340
v 0.283053 0.507037 -0.162288
v 0.284359 0.513379 -0.126577
v 0.304863 0.509783 -0.096847
v 0.336733 0.497622 -0.084455
v 0.367797 0.481542 -0.094133
v 0.386188 0.467684 -0.122185
v 0.384883 0.461342 -0.157896
v 0.364379 0.464938 -0.187625
v 0.362227 0.539891 -0.204940
v 0.335776 0.554950 -0.196749
v 0.320262 0.567925 -0.172573
v 0.321611 0.573860 -0.141646
v 0.339307 0.570489 -0.115781
v 0.366592 0.559098 -0.104857
v 0.393043 0.544039 -0.113048
v 0.408557 0.531063 -0.137224
v 0.407209 0.525128 -0.168151
v 0.389512 0.528500 -0.194016
v 0.394282 0.601537 -0.210865
v 0.372329 0.615262 -0.204116
v 0.359595 0.627086 -0.183772
v 0.360943 0.632492 -0.157604
v 0.375858 0.629414 -0.135606
v 0.398644 0.619030 -0.126181
v 0.420596 0.605304 -0.132930
v 0.433330 0.593480 -0.153274
v 0.431982 0.588075 -0.179443
v 0.417067 0.591152 -0.201440
v 0.428404 0.660732 -0.223030
v 0.408167 0.674617 -0.216862
v 0.396579 0.686574 -0.197807
v 0.398067 0.692038 -0.173143
v 0.412062 0.688921 -0.152292
v 0.433219 0.678414 -0.143217
v 0.453456 0.664530 -0.149385
v 0.465044 0.652572 -0.168440
v 0.463556 0.647108 -0.193104
v 0.449560 0.650225 -0.213956
v 0.464669 0.717721 -0.238752
v 0.444868 0.732623 -0.232778
v 0.433703 0.745453 -0.213790
v 0.435439 0.751313 -0.189042
v 0.449412 0.747962 -0.167987
v 0.470285 0.736682 -0.158666
v 0.490085 0.721781 -0.164640
v 0.501250 0.708950 -0.183628
v 0.499514 0.703091 -0.208376
v 0.485542 0.706441 -0.229431
v 0.503467 0.773648 -0.252359
v 0.485653 0.788357 -0.247049
v 0.475790 0.801020 -0.229605
v 0.477646 0.806798 -0.206691
v 0.490510 0.803486 -0.187058
v 0.509471 0.792348 -0.178207
v 0.527285 0.777638 -0.183517
v 0.537147 0.764976 -0.200961
v 0.535292 0.759197 -0.223876
v 0.522427 0.762510 -0.243508
v 0.544940 0.828583 -0.263469
v 0.530701 0.841495 -0.259285
v 0.522987 0.852607 -0.245002
v 0.524746 0.857675 -0.226075
v 0.535305 0.854762 -0.209735
v 0.550631 0.844982 -0.202222
v 0.564870 0.832070 -0.206406
v 0.572584 0.820958 -0.220689
v 0.570825 0.815890 -0.239616
v 0.560266 0.818803 -0.255956
v 0.588741 0.881235 -0.276565
v 0.577464 0.892482 -0.273308
v 0.571514 0.902159 -0.261679
v 0.573164 0.906568 -0.246119
v 0.581784 0.904027 -0.232573
v 0.594080 0.895505 -0.226213
v 0.605357 0.884258 -0.229470
v 0.611307 0.874582 -0.241099
v 0.609657 0.870172 -0.256659
v 0.601038 0.872713 -0.270206
v 0.634541 0.930678 -0.293940
v 0.624652 0.941551 -0.291144
v 0.619600 0.950902 -0.280615
v 0.621315 0.955160 -0.266377
v 0.629140 0.952699 -0.253866
v 0.640088 0.944458 -0.247863
v 0.649976 0.933585 -0.250659
v 0.655028 0.924234 -0.261187
v 0.653314 0.919976 -0.275426
v 0.645488 0.922437 -0.287936
v 0.682505 0.977366 -0.313014
v 0.673656 0.988129 -0.310575
v 0.669311 0.997382 -0.300798
v 0.671132 1.001592 -0.287417
v 0.678422 0.999151 -0.275543
v 0.688397 0.990990 -0.269711
v 0.697246 0.980228 -0.272150
v 0.701591 0.970974 -0.281927
v 0.699770 0.966764 -0.295309
v 0.692480 0.969206 -0.307183
v 0.732977 1.022003 -0.330913
v 0.725957 1.031487 -0.329040
v 0.722680 1.039639 -0.320943
v 0.724399 1.043344 -0.309716
v 0.730456 1.041188 -0.299646
v 0.738539 1.033994 -0.294580
v 0.745559 1.024510 -0.296453
v 0.748836 1.016358 -0.304550
v 0.747117 1.012652 -0.315777
v 0.741060 1.014809 -0.325847
v 0.785860 1.064202 -0.348407
v 0.781011 1.071522 -0.347165
v 0.778892 1.077810 -0.341284
v 0.780311 1.080666 -0.333010
v 0.784726 1.078998 -0.325504
v 0.790452 1.073444 -0.321632
v 0.795301 1.066125 -0.322874
v 0.797421 1.059836 -0.328755
v 0.796002 1.056980 -0.337028
v 0.791586 1.058648 -0.344535
v 0.840696 1.102965 -0.367807
v 0.837448 1.108485 -0.367019
v 0.836148 1.113226 -0.362839
v 0.837291 1.115377 -0.356863
v 0.840442 1.114116 -0.351375
v 0.844398 1.109926 -0.348470
v 0.847646 1.104406 -0.349259
v 0.848946 1.099665 -0.353439
v 0.847803 1.097514 -0.359414
v 0.844651 1.098775 -0.364903
v 0.897349 1.137995 -0.389307
v 0.895013 1.142220 -0.388760
v 0.894127 1.145849 -0.385651
v 0.895032 1.147495 -0.381169
v 0.897380 1.146530 -0.377026
v 0.900276 1.143321 -0.374803
v 0.902612 1.139096 -0.375351
v 0.903497 1.135467 -0.378460
v 0.902593 1.133821 -0.382942
v 0.900245 1.134787 -0.387085
v 0.001033 -0.278069 -0.217858
v -0.062447 -0.272564 -0.197980
v -0.101680 -0.258439 -0.145859
v -0.101680 -0.241091 -0.081406
v -0.062447 -0.227146 -0.029237
v 0.001033 -0.221930 -0.009281
v 0.064514 -0.227436 -0.029159
v 0.103747 -0.241561 -0.081279
v 0.103747 -0.258909 -0.145733
v 0.064514 -0.272854 -0.197902
v 0.001177 -0.219292 -0.233513
v -0.062215 -0.213501 -0.213743
v -0.101393 -0.198644 -0.161902
v -0.101390 -0.180396 -0.097793
v -0.062209 -0.165728 -0.045902
v 0.001185 -0.160241 -0.026050
v 0.064577 -0.166033 -0.045820
v 0.103755 -0.180890 -0.097660
v 0.103752 -0.199137 -0.161770
v 0.064571 -0.213806 -0.213661
v 0.001333 -0.159697 -0.241319
v -0.056380 -0.153877 -0.223484
v -0.092044 -0.138946 -0.176710
v -0.092037 -0.120607 -0.118862
v -0.056362 -0.105865 -0.072036
v 0.001356 -0.100352 -0.054118
v 0.059069 -0.106172 -0.071953
v 0.094733 -0.121103 -0.118727
v 0.094726 -0.139442 -0.176576
v 0.059050 -0.154183 -0.223401
v 0.001506 -0.098809 -0.246854
v -0.047955 -0.093326 -0.231734
v -0.078516 -0.079262 -0.192070
v -0.078505 -0.061989 -0.143012
v -0.047926 -0.048103 -0.103299
v 0.001542 -0.042910 -0.088100
v 0.051003 -0.048392 -0.103220
v 0.081564 -0.062456 -0.142884
v 0.081553 -0.079730 -0.191941
v 0.050974 -0.093615 -0.231654
v 0.001696 -0.040791 -0.262001
v -0.044266 -0.035216 -0.248129
v -0.072662 -0.020913 -0.211727
v -0.072646 -0.003346 -0.166700
v -0.044225 0.010775 -0.130247
v 0.001746 0.016056 -0.116292
v 0.047708 0.010481 -0.130164
v 0.076104 -0.003822 -0.166566
v 0.076088 -0.021389 -0.211593
v 0.047667 -0.035510 -0.248046
v 0.001900 0.013317 -0.287057
v -0.045619 0.019600 -0.272925
v -0.074974 0.035716 -0.235833
v -0.074952 0.055511 -0.189948
v -0.045560 0.071422 -0.152797
v 0.001973 0.077373 -0.138569
v 0.049492 0.071091 -0.152701
v 0.078847 0.054974 -0.189793
v 0.078825 0.035180 -0.235678
v 0.049433 0.019268 -0.272829
v 0.002122 0.067335 -0.311690
v -0.045481 0.074167 -0.297776
v -0.074884 0.091692 -0.261242
v -0.074854 0.113217 -0.216042
v -0.045403 0.130519 -0.179441
v 0.002219 0.136990 -0.165419
v 0.049823 0.130159 -0.179332
v 0.079225 0.112633 -0.215866
v 0.079195 0.091109 -0.261066
v 0.049745 0.073806 -0.297668
v 0.002369 0.124263 -0.330620
v -0.040227 0.130873 -0.318418
v -0.066531 0.147829 -0.286362
v -0.066497 0.168654 -0.246697
v -0.040137 0.185394 -0.214574
v 0.002480 0.191654 -0.202261
v 0.045076 0.185044 -0.214464
v 0.071380 0.168089 -0.246519
v 0.071346 0.147264 -0.286184
v 0.044986 0.130524 -0.318308
v 0.002639 0.181519 -0.350268
v -0.033835 0.187615 -0.340059
v -0.056354 0.203253 -0.313225
v -0.056318 0.222460 -0.280016
v -0.033739 0.237899 -0.253116
v 0.002757 0.243673 -0.242801
v 0.039231 0.237577 -0.253010
v 0.061751 0.221939 -0.279844
v 0.061715 0.202732 -0.313053
v 0.039136 0.187293 -0.339952
v 0.002925 0.234462 -0.378287
v -0.031489 0.240635 -0.368909
v -0.052731 0.256468 -0.344244
v -0.052689 0.275914 -0.313712
v -0.031379 0.291545 -0.288976
v 0.003061 0.297391 -0.279485
v 0.037474 0.291219 -0.288863
v 0.058717 0.275385 -0.313529
v 0.058675 0.255939 -0.344060
v 0.037364 0.240308 -0.368796
v 0.003224 0.283150 -0.412919
v -0.032216 0.289947 -0.403554
v -0.054087 0.307379 -0.378903
v -0.054035 0.328790 -0.348384
v -0.032080 0.346000 -0.323652
v 0.003392 0.352436 -0.314155
v 0.038832 0.345640 -0.323520
v 0.060703 0.328207 -0.348170
v 0.060651 0.306797 -0.378690
v 0.038696 0.289587 -0.403422
v 0.003547 0.332104 -0.446968
v -0.030950 0.339152 -0.438169
v -0.052234 0.357229 -0.414986
v -0.052174 0.379431 -0.386276
v -0.030793 0.397277 -0.363004
v 0.003742 0.403951 -0.354060
v 0.038239 0.396903 -0.362860
v 0.059523 0.378826 -0.386042
v 0.059463 0.356624 -0.414752
v 0.038082 0.338778 -0.438024
v 0.003903 0.383339 -0.478621
v -0.026055 0.389836 -0.471284
v -0.044532 0.406499 -0.451933
v -0.044471 0.426964 -0.427959
v -0.025895 0.443413 -0.408521
v 0.004101 0.449565 -0.401042
v 0.034059 0.443069 -0.408380
v 0.052537 0.426405 -0.427731
v 0.052476 0.405940 -0.451704
v 0.033899 0.389491 -0.471142
v 0.004284 0.433155 -0.512960
v -0.021143 0.438987 -0.507017
v -0.036820 0.453945 -0.491322
v -0.036760 0.472316 -0.471871
v -0.020985 0.487083 -0.456093
v 0.004479 0.492605 -0.450015
v 0.029906 0.486773 -0.455958
v 0.045583 0.471814 -0.471653
v 0.045522 0.453443 -0.491104
v 0.029747 0.438677 -0.506882
v 0.004675 0.477490 -0.553726
v -0.019371 0.483303 -0.548400
v -0.034192 0.498212 -0.534313
v -0.034126 0.516522 -0.516846
v -0.019198 0.531239 -0.502670
v 0.004888 0.536742 -0.497201
v 0.028934 0.530930 -0.502527
v 0.043754 0.516021 -0.516615
v 0.043689 0.497711 -0.534082
v 0.028761 0.482993 -0.548257
v 0.005079 0.517623 -0.598542
v -0.019140 0.523772 -0.593500
v -0.034062 0.539541 -0.580140
v -0.033985 0.558908 -0.563565
v -0.018941 0.574474 -0.550106
v 0.005325 0.580295 -0.544904
v 0.029545 0.574146 -0.549946
v 0.044466 0.558377 -0.563305
v 0.044390 0.539010 -0.579880
v 0.029346 0.523444 -0.593339
v 0.005514 0.557714 -0.643482
v -0.017005 0.563696 -0.639121
v -0.030873 0.579038 -0.627535
v -0.030792 0.597879 -0.613151
v -0.016795 0.613023 -0.601462
v 0.005774 0.618686 -0.596934
v 0.028292 0.612704 -0.601296
v 0.042160 0.597362 -0.612882
v 0.042080 0.578521 -0.627266
v 0.028082 0.563377 -0.638954
v 0.005982 0.598255 -0.688666
v -0.012703 0.603430 -0.685339
v -0.024204 0.616702 -0.676474
v -0.024129 0.633000 -0.665459
v -0.012505 0.646100 -0.656500
v 0.006226 0.650998 -0.653019
v 0.024912 0.645823 -0.656346
v 0.036413 0.632552 -0.665210
v 0.036338 0.616254 -0.676226
v 0.024714 0.603153 -0.685185
v 0.006470 0.635392 -0.736929
v -0.008968 0.639834 -0.734439
v -0.018466 0.651222 -0.727780
v -0.018396 0.665209 -0.719495
v -0.008785 0.676451 -0.712749
v 0.006697 0.680654 -0.710119
v 0.022136 0.676213 -0.712609
v 0.031634 0.664824 -0.719268
v 0.031564 0.650837 -0.727553
v 0.021952 0.639596 -0.734299
v 0.006964 0.666628 -0.789163
v -0.007241 0.670856 -0.787127
v -0.015976 0.681699 -0.781654
v -0.015904 0.695014 -0.774834
v -0.007053 0.705716 -0.769273
v 0.007197 0.709718 -0.767094
v 0.021402 0.705489 -0.769130
v 0.030137 0.694647 -0.774603
v 0.030065 0.681332 -0.781423
v 0.021214 0.670629 -0.786984
v 0.007471 0.693870 -0.843630
v -0.005958 0.697989 -0.841962
v -0.014211 0.708553 -0.837446
v -0.014135 0.721526 -0.831807
v -0.005760 0.731952 -0.827199
v 0.007716 0.735850 -0.825382
v 0.021145 0.731731 -0.827051
v 0.029398 0.721167 -0.831567
v 0.029322 0.708194 -0.837206
v 0.020947 0.697768 -0.841814
v 0.008007 0.719679 -0.899016
v -0.003334 0.723250 -0.897837
v -0.010299 0.732406 -0.894612
v -0.010228 0.743650 -0.890573
v -0.003149 0.752688 -0.887263
v 0.008236 0.756066 -0.885946
v 0.019576 0.752495 -0.887125
v 0.026541 0.743339 -0.890350
v 0.026470 0.732095 -0.894389
v 0.019391 0.723058 -0.897699
v 0.008568 0.743208 -0.955784
v 0.000153 0.745916 -0.955088
v -0.005012 0.752860 -0.953155
v -0.004954 0.761387 -0.950724
v 0.000304 0.768240 -0.948722
v 0.008755 0.770802 -0.947914
v 0.017170 0.768094 -0.948610
v 0.022335 0.761150 -0.950543
v 0.022277 0.752623 -0.952975
v 0.017018 0.745770 -0.954977
v 0.009138 0.761847 -1.014545
v 0.003015 0.763852 -1.014176
v -0.000740 0.768992 -1.013120
v -0.000694 0.775304 -1.011782
v 0.003136 0.780378 -1.010672
v 0.009287 0.782274 -1.010214
v 0.015409 0.780269 -1.010583
v 0.019165 0.775129 -1.011639
v 0.019118 0.768816 -1.012977
v 0.015288 0.763743 -1.014087
v 0.009712 0.775111 -1.075174
v 0.005102 0.776631 -1.074949
v 0.002276 0.780528 -1.074290
v 0.002312 0.785314 -1.073449
v 0.005197 0.789161 -1.072747
v 0.009830 0.790599 -1.072452
v 0.014440 0.789078 -1.072677
v 0.017267 0.785181 -1.073336
v 0.017231 0.780395 -1.074177
v 0.014345 0.776549 -1.074880
v -0.151098 -0.257003 -0.139605
v -0.211771 -0.274299 -0.117811
v -0.249268 -0.282314 -0.063177
v -0.249268 -0.277986 0.003431
v -0.211771 -0.262969 0.056569
v -0.151098 -0.242997 0.075941
v -0.090426 -0.225701 0.054147
v -0.052929 -0.217686 -0.000487
v -0.052929 -0.222013 -0.067095
v -0.090426 -0.237031 -0.120233
v -0.170521 -0.194007 -0.143548
v -0.230897 -0.211957 -0.121741
v -0.268244 -0.220276 -0.067161
v -0.268299 -0.215785 -0.000657
v -0.231039 -0.200200 0.052369
v -0.170697 -0.179473 0.071664
v -0.110322 -0.161523 0.049856
v -0.072974 -0.153204 -0.004723
v -0.072919 -0.157695 -0.071227
v -0.110179 -0.173281 -0.124254
v -0.191389 -0.131120 -0.138306
v -0.245933 -0.148729 -0.118366
v -0.279742 -0.156890 -0.068636
v -0.279901 -0.152486 -0.008111
v -0.246351 -0.137199 0.040091
v -0.191906 -0.116868 0.057557
v -0.137362 -0.099258 0.037618
v -0.103553 -0.091097 -0.012112
v -0.103394 -0.095501 -0.072638
v -0.136944 -0.110788 -0.120839
v -0.213902 -0.068403 -0.129042
v -0.260233 -0.084638 -0.111869
v -0.289018 -0.092163 -0.069210
v -0.289263 -0.088105 -0.017360
v -0.260874 -0.074012 0.023878
v -0.214695 -0.055269 0.038750
v -0.168364 -0.039034 0.021577
v -0.139579 -0.031509 -0.021082
v -0.139334 -0.035568 -0.072933
v -0.167723 -0.049660 -0.114170
v -0.238090 -0.006901 -0.128201
v -0.280705 -0.023101 -0.112154
v -0.307254 -0.030611 -0.072470
v -0.307596 -0.026563 -0.024309
v -0.281600 -0.012503 0.013934
v -0.239196 0.006199 0.027651
v -0.196581 0.022399 0.011604
v -0.170033 0.029909 -0.028080
v -0.169691 0.025861 -0.076241
v -0.195686 0.011801 -0.114484
v -0.263970 0.053117 -0.136304
v -0.307517 0.035167 -0.119607
v -0.334731 0.026844 -0.078530
v -0.335217 0.031327 -0.028761
v -0.308791 0.046904 0.010689
v -0.265546 0.067625 0.024751
v -0.221999 0.085575 0.008054
v -0.194785 0.093898 -0.033024
v -0.194298 0.089414 -0.082792
v -0.220725 0.073837 -0.122242
v -0.291682 0.112463 -0.142291
v -0.334726 0.093232 -0.125446
v -0.361723 0.084313 -0.084240
v -0.362361 0.089114 -0.034411
v -0.336397 0.105800 0.005007
v -0.293747 0.127997 0.018958
v -0.250703 0.147228 0.002114
v -0.223706 0.156147 -0.039093
v -0.223068 0.151346 -0.088922
v -0.249032 0.134660 -0.128340
v -0.321410 0.171707 -0.140055
v -0.359344 0.153344 -0.124863
v -0.383235 0.144826 -0.087935
v -0.383957 0.149408 -0.043377
v -0.361234 0.165338 -0.008207
v -0.323746 0.186532 0.004140
v -0.285812 0.204895 -0.011052
v -0.261921 0.213412 -0.047980
v -0.261199 0.208831 -0.092539
v -0.283922 0.192901 -0.127708
v -0.353174 0.230170 -0.136356
v -0.385100 0.213428 -0.123233
v -0.405302 0.205661 -0.091558
v -0.406065 0.209835 -0.053430
v -0.387096 0.224356 -0.023413
v -0.355641 0.243677 -0.012971
v -0.323715 0.260419 -0.026093
v -0.303513 0.268186 -0.057768
v -0.302750 0.264012 -0.095896
v -0.321719 0.249491 -0.125914
v -0.386847 0.286754 -0.139955
v -0.416385 0.269975 -0.127454
v -0.435179 0.262188 -0.097512
v -0.436049 0.266368 -0.061567
v -0.418663 0.280919 -0.033347
v -0.389662 0.300282 -0.023632
v -0.360124 0.317061 -0.036133
v -0.341331 0.324848 -0.066075
v -0.340461 0.320668 -0.102021
v -0.357846 0.306117 -0.130241
v -0.422435 0.341394 -0.149203
v -0.452188 0.323082 -0.136192
v -0.471236 0.314581 -0.105293
v -0.472304 0.319140 -0.068307
v -0.454983 0.335016 -0.039362
v -0.425890 0.356146 -0.029514
v -0.396136 0.374458 -0.042525
v -0.377088 0.382959 -0.073424
v -0.376020 0.378400 -0.110410
v -0.393341 0.362524 -0.139355
v -0.460185 0.394956 -0.155562
v -0.488432 0.376110 -0.142751
v -0.506646 0.367360 -0.112603
v -0.507869 0.372047 -0.076635
v -0.491634 0.388381 -0.048584
v -0.464143 0.410123 -0.039166
v -0.435896 0.428969 -0.051978
v -0.417682 0.437719 -0.082125
v -0.416459 0.433032 -0.118094
v -0.432693 0.416698 -0.146144
v -0.500281 0.447738 -0.156303
v -0.524129 0.430479 -0.145037
v -0.539633 0.422463 -0.118790
v -0.540870 0.426751 -0.087588
v -0.527369 0.441707 -0.063348
v -0.504286 0.461617 -0.055329
v -0.480438 0.478876 -0.066595
v -0.464934 0.486892 -0.092842
v -0.463696 0.482603 -0.124045
v -0.477198 0.467648 -0.148285
v -0.542571 0.498838 -0.157518
v -0.562179 0.483428 -0.147826
v -0.575046 0.476268 -0.125487
v -0.576258 0.480094 -0.099035
v -0.565353 0.493443 -0.078572
v -0.546495 0.511217 -0.071916
v -0.526888 0.526626 -0.081608
v -0.514021 0.533786 -0.103946
v -0.512808 0.529961 -0.130399
v -0.523714 0.516612 -0.150862
v -0.586788 0.547290 -0.164493
v -0.604678 0.531999 -0.155193
v -0.616546 0.524891 -0.134004
v -0.617859 0.528683 -0.109019
v -0.608117 0.541926 -0.089781
v -0.591039 0.559560 -0.083640
v -0.573149 0.574852 -0.092940
v -0.561281 0.581959 -0.114129
v -0.559967 0.578167 -0.139115
v -0.569710 0.564925 -0.158352
v -0.632975 0.593241 -0.174526
v -0.650280 0.577122 -0.165012
v -0.661905 0.569627 -0.143599
v -0.663410 0.573620 -0.118468
v -0.654220 0.587574 -0.099216
v -0.637846 0.606161 -0.093198
v -0.620541 0.622280 -0.102712
v -0.608916 0.629775 -0.124125
v -0.607411 0.625783 -0.149257
v -0.616601 0.611828 -0.168508
v -0.681437 0.637417 -0.181851
v -0.696809 0.621773 -0.172857
v -0.707286 0.614497 -0.152878
v -0.708868 0.618366 -0.129545
v -0.700950 0.631904 -0.111771
v -0.686556 0.649940 -0.106344
v -0.671185 0.665583 -0.115338
v -0.660707 0.672860 -0.135318
v -0.659125 0.668990 -0.158651
v -0.667043 0.655452 -0.176425
v -0.732242 0.679774 -0.186042
v -0.744354 0.666262 -0.178447
v -0.752752 0.659974 -0.161806
v -0.754227 0.663312 -0.142475
v -0.748217 0.675001 -0.127839
v -0.737016 0.690576 -0.123487
v -0.724903 0.704089 -0.131082
v -0.716505 0.710377 -0.147723
v -0.715030 0.707039 -0.167054
v -0.721041 0.695350 -0.181690
v -0.785041 0.719380 -0.191649
v -0.794480 0.707791 -0.185256
v -0.801156 0.702395 -0.171450
v -0.802519 0.705254 -0.155506
v -0.798048 0.715276 -0.143512
v -0.789452 0.728632 -0.140050
v -0.780014 0.740222 -0.146443
v -0.773338 0.745618 -0.160248
v -0.771975 0.742759 -0.176193
v -0.776445 0.732737 -0.188187
v -0.839515 0.755584 -0.201033
v -0.847640 0.744546 -0.195035
v -0.853523 0.739404 -0.182277
v -0.854918 0.742123 -0.167632
v -0.851293 0.751664 -0.156694
v -0.844031 0.764382 -0.153641
v -0.835907 0.775420 -0.159638
v -0.830023 0.780562 -0.172396
v -0.828628 0.777843 -0.187041
v -0.832254 0.768302 -0.197979
v -0.895748 0.788629 -0.211564
v -0.902864 0.777860 -0.205778
v -0.908165 0.772841 -0.193661
v -0.909626 0.775489 -0.179843
v -0.906689 0.784793 -0.169601
v -0.900476 0.797199 -0.166847
v -0.893360 0.807969 -0.172633
v -0.888059 0.812988 -0.184750
v -0.886598 0.810339 -0.198568
v -0.889535 0.801035 -0.208810
v -0.953946 0.818893 -0.220275
v -0.959449 0.809536 -0.215284
v -0.963691 0.805173 -0.205002
v -0.965051 0.807470 -0.193357
v -0.963010 0.815550 -0.184795
v -0.958348 0.826327 -0.182589
v -0.952845 0.835684 -0.187579
v -0.948602 0.840047 -0.197861
v -0.947242 0.837750 -0.209507
v -0.949283 0.829670 -0.218068
v -1.013948 0.846058 -0.227938
v -1.017635 0.838937 -0.224154
v -1.020599 0.835615 -0.216485
v -1.021707 0.837360 -0.207862
v -1.020537 0.843506 -0.201579
v -1.017535 0.851705 -0.200035
v -1.013848 0.858826 -0.203820
v -1.010885 0.862149 -0.211488
v -1.009776 0.860404 -0.220111
v -1.010946 0.854258 -0.226394
v -1.075312 0.869447 -0.236965
v -1.077691 0.864151 -0.234149
v -1.079706 0.861679 -0.228539
v -1.080588 0.862974 -0.222280
v -1.080000 0.867543 -0.217761
v -1.078166 0.873640 -0.216708
v -1.075788 0.878936 -0.219525
v -1.073773 0.881408 -0.225134
v -1.072891 0.880113 -0.231394
v -1.073479 0.875544 -0.235913
v -1.137838 0.888823 -0.247563
v -1.139511 0.884796 -0.245417
v -1.140974 0.882916 -0.241181
v -1.141667 0.883901 -0.236473
v -1.141326 0.887373 -0.233091
v -1.140082 0.892008 -0.232327
v -1.138408 0.896035 -0.234473
v -1.136946 0.897915 -0.238708
v -1.136253 0.896930 -0.243416
v -1.136593 0.893457 -0.246798
v 0.000000 -0.188025 0.000000
v 0.186717 -0.085393 0.135656
v -0.072335 -0.086325 0.222627
v -0.288802 -0.101828 0.000000
v -0.070411 -0.084561 -0.216707
v 0.233766 -0.101871 -0.169839
v 0.092568 0.064877 0.284901
v -0.239717 0.063954 0.174162
v -0.209551 0.053390 -0.152246
v 0.081761 0.054968 -0.251638
v 0.236711 0.047068 0.000000
v 0.000000 0.121786 0.000000
v -0.070691 -0.105523 0.217569
v -0.065704 -0.125149 0.202220
v -0.063352 -0.156022 0.194980
v -0.048641 -0.164328 0.149705
v -0.036423 -0.177860 0.112101
v -0.024471 -0.192952 0.075314
v -0.010149 -0.174964 0.031236
v 0.029476 -0.191906 0.021415
v 0.056975 -0.173808 0.041394
v 0.091823 -0.172005 0.066712
v 0.129492 -0.166759 0.094080
v 0.164717 -0.155084 0.119672
v 0.183630 -0.132246 0.133413
v 0.191935 -0.108693 0.139447
v 0.190640 -0.100709 0.180364
v 0.156744 -0.103873 0.200876
v 0.128774 -0.113613 0.239208
v 0.078499 -0.108965 0.241589
v 0.032205 -0.102766 0.238019
v -0.008275 -0.099467 0.241269
v -0.049114 -0.102217 0.262794
v 0.234168 -0.102011 -0.127599
v 0.248909 -0.107174 -0.090420
v 0.270810 -0.114844 -0.049188
v 0.289038 -0.121228 0.000000
v 0.252799 -0.108536 0.045917
v 0.256089 -0.109688 0.093029
v 0.218043 -0.096364 0.118812
v 0.026670 -0.175541 -0.019377
v 0.063488 -0.191390 -0.046126
v 0.088959 -0.167264 -0.064631
v 0.131742 -0.169309 -0.095715
v 0.168806 -0.158437 -0.122644
v 0.184661 -0.132877 -0.134162
v 0.192166 -0.108800 -0.139615
v -0.262624 -0.118180 0.000000
v -0.235323 -0.136372 0.000000
v -0.219025 -0.165316 0.000000
v -0.152878 -0.160172 0.000000
v -0.106159 -0.162174 0.000000
v -0.069435 -0.171645 0.000000
v -0.032908 -0.175267 0.000000
v -0.096586 -0.089215 0.203286
v -0.139109 -0.101814 0.205963
v -0.172154 -0.105856 0.180115
v -0.186177 -0.100596 0.135265
v -0.210063 -0.100335 0.101120
v -0.229681 -0.098666 0.066013
v -0.251342 -0.097947 0.032705
v -0.072103 -0.107231 -0.221913
v -0.067653 -0.128268 -0.208218
v -0.054940 -0.137960 -0.169090
v -0.043622 -0.149435 -0.134257
v -0.037616 -0.183029 -0.115772
v -0.024880 -0.195848 -0.076575
v -0.010807 -0.185014 -0.033262
v -0.280767 -0.107072 -0.036533
v -0.255438 -0.107488 -0.073416
v -0.262016 -0.120203 -0.126129
v -0.208384 -0.110210 -0.151399
v -0.182328 -0.110930 -0.190760
v -0.147120 -0.106525 -0.217824
v -0.115053 -0.102448 -0.242154
v -0.049507 -0.102875 -0.264897
v -0.009171 -0.108075 -0.267404
v 0.035146 -0.110324 -0.259757
v 0.085684 -0.117109 -0.263703
v 0.113197 -0.102289 -0.210273
v 0.168684 -0.110261 -0.216178
v 0.193453 -0.101900 -0.183025
v 0.268987 0.038558 0.020246
v 0.279311 0.021553 0.043101
v 0.300875 0.002956 0.071434
v 0.289394 -0.020000 0.094028
v 0.284887 -0.042915 0.118842
v 0.257933 -0.062650 0.132715
v 0.219879 -0.076100 0.135774
v 0.247581 -0.083168 -0.152880
v 0.281168 -0.066492 -0.144670
v 0.285758 -0.042985 -0.119205
v 0.295303 -0.020000 -0.095948
v 0.261585 -0.000042 -0.062105
v 0.287896 0.022831 -0.044426
v 0.264350 0.037549 -0.019897
v 0.069572 0.043791 0.285497
v 0.051690 0.027395 0.318175
v 0.025988 0.003829 0.319933
v -0.000000 -0.020000 0.338984
v -0.024634 -0.042587 0.303264
v -0.049187 -0.065100 0.302767
v -0.066226 -0.080723 0.271767
v 0.213753 -0.080847 0.181303
v 0.221168 -0.065807 0.219417
v 0.196548 -0.042401 0.228961
v 0.190440 -0.020000 0.262118
v 0.168950 0.004103 0.277263
v 0.137243 0.024798 0.272023
v 0.113377 0.044851 0.276382
v -0.262237 0.046907 0.161930
v -0.275023 0.025476 0.141508
v -0.301391 0.004242 0.125726
v -0.287090 -0.020000 0.093280
v -0.275939 -0.041054 0.065513
v -0.288423 -0.062909 0.044507
v -0.295159 -0.084256 0.022216
v -0.102292 -0.078511 0.249360
v -0.134577 -0.063928 0.266739
v -0.172095 -0.044552 0.282425
v -0.189855 -0.020000 0.261313
v -0.205320 0.003400 0.239178
v -0.213909 0.024303 0.212214
v -0.230921 0.045734 0.195865
v -0.214769 0.041136 -0.182165
v -0.206551 0.022779 -0.204915
v -0.214567 0.004454 -0.249950
v -0.175228 -0.020000 -0.241181
v -0.157233 -0.042431 -0.258035
v -0.121159 -0.059548 -0.240143
v -0.094808 -0.074229 -0.231115
v -0.312749 -0.088085 -0.023540
v -0.295819 -0.064009 -0.045648
v -0.310409 -0.043684 -0.073697
v -0.283136 -0.020000 -0.091995
v -0.287272 0.003107 -0.119836
v -0.263775 0.023616 -0.135721
v -0.213679 0.034518 -0.131946
v 0.101517 0.038067 -0.247471
v 0.118180 0.018576 -0.234238
v 0.145490 0.000756 -0.238764
v 0.158131 -0.020000 -0.217649
v 0.205286 -0.043396 -0.239138
v 0.197325 -0.060868 -0.195762
v 0.219109 -0.082371 -0.185846
v -0.060189 -0.075188 -0.246994
v -0.042623 -0.059082 -0.262367
v -0.022038 -0.040207 -0.271314
v 0.000000 -0.020000 -0.287534
v 0.024276 0.002259 -0.298857
v 0.043226 0.019635 -0.266079
v 0.063992 0.038676 -0.262602
v 0.247516 0.056760 0.032207
v 0.232616 0.059671 0.066856
v 0.221012 0.064522 0.106390
v 0.187189 0.061034 0.136000
v 0.185603 0.072563 0.194187
v 0.153930 0.070531 0.227908
v 0.122143 0.067529 0.257075
v 0.052012 0.067068 0.278299
v 0.008308 0.059785 0.242235
v -0.030129 0.057429 0.222672
v -0.075581 0.065659 0.232611
v -0.127269 0.072519 0.236412
v -0.165343 0.068474 0.211897
v -0.202276 0.065635 0.191373
v -0.253238 0.068690 0.137989
v -0.275600 0.076522 0.100116
v -0.267079 0.073537 0.048510
v -0.250807 0.067839 -0.000000
v -0.221498 0.057574 -0.040231
v -0.238942 0.063683 -0.086800
v -0.210044 0.053563 -0.114453
v -0.179188 0.055860 -0.169529
v -0.166348 0.069011 -0.213184
v -0.127852 0.072943 -0.237497
v -0.082418 0.073408 -0.253653
v -0.032311 0.063039 -0.238805
v 0.008847 0.064959 -0.257943
v 0.046526 0.057884 -0.248945
v 0.108619 0.057837 -0.228611
v 0.159343 0.073714 -0.235923
v 0.200907 0.080195 -0.210198
v 0.204783 0.068651 -0.148783
v 0.247248 0.074555 -0.119020
v 0.248634 0.065158 -0.071460
v 0.229984 0.051323 -0.029925
v 0.011342 0.153185 0.034909
v 0.024161 0.150766 0.074362
v 0.039218 0.149975 0.120704
v 0.048027 0.122506 0.147814
v 0.060705 0.110338 0.186833
v 0.073107 0.096996 0.225004
v 0.080057 0.076854 0.246395
v 0.228798 0.065534 0.000000
v 0.200974 0.079385 0.000000
v 0.167610 0.091204 0.000000
v 0.141405 0.109653 0.000000
v 0.096672 0.109469 0.000000
v 0.070683 0.134372 0.000000
v 0.033570 0.138391 0.000000
v -0.028962 0.148907 0.021042
v -0.064568 0.154306 0.046911
v -0.098835 0.143614 0.071807
v -0.134489 0.132423 0.097711
v -0.153760 0.106098 0.111712
v -0.187085 0.094359 0.135924
v -0.224560 0.083769 0.163151
v -0.024690 0.123996 -0.017938
v -0.062276 0.148120 -0.045246
v -0.104779 0.153453 -0.076125
v -0.136154 0.134309 -0.098920
v -0.151547 0.104283 -0.110104
v -0.198530 0.101354 -0.144239
v -0.196358 0.070736 -0.142660
v 0.009797 0.129585 -0.030152
v 0.025360 0.159238 -0.078051
v 0.037958 0.144513 -0.116826
v 0.053446 0.138584 -0.164492
v 0.068569 0.127224 -0.211038
v 0.074730 0.099593 -0.229998
v 0.078459 0.074920 -0.241475
v 0.047977 0.140094 -0.034857
v 0.082794 0.124065 -0.034102
v 0.069334 0.152165 -0.081507
v 0.114369 0.106762 -0.032871
v 0.094582 0.112499 -0.068718
v 0.080661 0.133517 -0.119427
v 0.133991 0.083155 -0.029574
v 0.139428 0.107841 -0.073302
v 0.127705 0.124735 -0.124482
v 0.103450 0.133476 -0.176000
v 0.165800 0.072663 -0.029701
v 0.164657 0.085794 -0.067820
v 0.173300 0.110940 -0.125910
v 0.135278 0.104036 -0.159029
v 0.108715 0.106744 -0.203126
v 0.234368 0.077213 -0.035330
v 0.214131 0.079743 -0.072499
v 0.184362 0.077921 -0.106761
v 0.167713 0.083609 -0.150617
v 0.141148 0.084193 -0.189333
v 0.113599 0.084160 -0.227126
v -0.018203 0.139020 -0.056022
v -0.008060 0.149558 -0.105077
v -0.053966 0.145638 -0.087672
v 0.005411 0.148171 -0.157779
v -0.044005 0.141391 -0.135432
v -0.097735 0.149238 -0.125253
v 0.019404 0.130744 -0.199576
v -0.030424 0.126059 -0.177379
v -0.080580 0.127766 -0.163271
v -0.130007 0.127343 -0.146668
v 0.033298 0.114233 -0.241718
v -0.015868 0.103253 -0.206857
v -0.065752 0.110063 -0.202361
v -0.122933 0.119325 -0.199714
v -0.171228 0.115987 -0.178280
v 0.041198 0.083165 -0.248128
v -0.002782 0.079767 -0.226105
v -0.053127 0.096731 -0.248348
v -0.101729 0.095293 -0.229283
v -0.149812 0.094397 -0.211621
v -0.186554 0.087412 -0.183789
v -0.057871 0.136227 0.000000
v -0.101891 0.148674 -0.024676
v -0.096684 0.140053 0.023415
v -0.140212 0.138908 -0.050934
v -0.136862 0.135111 0.000000
v -0.142730 0.141762 0.051849
v -0.169998 0.119415 -0.074106
v -0.167545 0.117403 -0.024345
v -0.158852 0.110274 0.023082
v -0.168622 0.118286 0.073506
v -0.183816 0.092360 -0.089032
v -0.191095 0.096810 -0.046279
v -0.206128 0.105999 0.000000
v -0.222864 0.116229 0.053973
v -0.206239 0.106067 0.099893
v -0.205474 0.074949 -0.106632
v -0.198022 0.071506 -0.061658
v -0.213960 0.078871 -0.022207
v -0.253131 0.096971 0.026273
v -0.243308 0.092432 0.075759
v -0.228016 0.085366 0.118329
v -0.019446 0.149878 0.059847
v -0.057269 0.155778 0.093039
v -0.007196 0.131383 0.093814
v -0.080100 0.118701 0.102653
v -0.042540 0.136016 0.130922
v 0.005209 0.141872 0.151869
v -0.122799 0.119174 0.138536
v -0.075980 0.119331 0.153951
v -0.031807 0.132699 0.185443
v 0.017873 0.118847 0.183826
v -0.148742 0.098129 0.154868
v -0.110670 0.105427 0.179792
v -0.065790 0.110138 0.202478
v -0.015413 0.099719 0.200925
v 0.029382 0.098447 0.213292
v -0.177466 0.082179 0.174836
v -0.140598 0.087361 0.198606
v -0.088531 0.080336 0.199538
v -0.041629 0.071470 0.194604
v -0.002884 0.083402 0.234345
v 0.042251 0.085801 0.254467
v 0.050607 0.148868 0.036768
v 0.063869 0.138596 0.075082
v 0.091413 0.139062 0.037652
v 0.079393 0.131102 0.117549
v 0.104551 0.126464 0.075961
v 0.131027 0.125224 0.037659
v 0.088042 0.110617 0.149786
v 0.124164 0.120721 0.121030
v 0.166411 0.132581 0.087487
v 0.180349 0.118844 0.039805
v 0.101429 0.098251 0.189514
v 0.131712 0.100767 0.154838
v 0.190122 0.123649 0.138132
v 0.201368 0.109381 0.082941
v 0.212561 0.098797 0.038078
v 0.120207 0.090219 0.240337
v 0.137731 0.081671 0.184750
v 0.168170 0.083891 0.151026
v 0.211535 0.092353 0.122496
v 0.211907 0.078707 0.071746
v 0.243292 0.080914 0.036675
v 0.259966 0.042088 -0.056201
v 0.283156 0.026328 -0.086929
v 0.257423 0.048091 -0.099727
v 0.266538 0.002423 -0.107405
v 0.277167 0.030372 -0.136789
v 0.240982 0.051421 -0.144559
v 0.289542 -0.020000 -0.146081
v 0.259862 0.004360 -0.157567
v 0.242451 0.029554 -0.176150
v 0.224236 0.055560 -0.195208
v 0.259264 -0.043122 -0.158720
v 0.246495 -0.020000 -0.179088
v 0.231834 0.004537 -0.199895
v 0.208775 0.028745 -0.214180
v 0.178509 0.049697 -0.219054
v 0.241371 -0.064386 -0.175364
v 0.243005 -0.044316 -0.207728
v 0.210675 -0.020000 -0.212355
v 0.190075 0.003099 -0.226942
v 0.170988 0.026549 -0.243593
v 0.146807 0.048132 -0.252251
v 0.026033 0.040127 -0.256250
v 0.004446 0.022701 -0.272973
v -0.014654 0.045216 -0.264002
v -0.022142 0.005094 -0.320843
v -0.046125 0.032275 -0.317423
v -0.063616 0.052098 -0.276454
v -0.046456 -0.020000 -0.301051
v -0.077701 0.007213 -0.330481
v -0.095996 0.031367 -0.295443
v -0.115387 0.054926 -0.271287
v -0.061910 -0.040208 -0.258373
v -0.088945 -0.020000 -0.273745
v -0.122798 0.005433 -0.292565
v -0.145436 0.030935 -0.276635
v -0.158162 0.051968 -0.245199
v -0.073058 -0.055173 -0.224852
v -0.106895 -0.041224 -0.257749
v -0.134516 -0.020000 -0.261429
v -0.154045 0.002650 -0.246025
v -0.184384 0.027994 -0.245278
v -0.180140 0.043089 -0.201467
v -0.261765 0.046786 -0.115456
v -0.283488 0.026876 -0.097243
v -0.278047 0.050941 -0.073583
v -0.304525 0.004494 -0.076220
v -0.308509 0.031013 -0.052913
v -0.273131 0.049686 -0.024094
v -0.290859 -0.020000 -0.047252
v -0.310859 0.005004 -0.025935
v -0.292636 0.028388 0.000000
v -0.288394 0.053580 0.025440
v -0.325226 -0.044814 -0.025738
v -0.330666 -0.020000 0.000000
v -0.294393 0.003680 0.024562
v -0.296519 0.029030 0.050856
v -0.295524 0.055400 0.078208
v -0.319865 -0.067586 0.000000
v -0.324717 -0.044775 0.025698
v -0.327162 -0.020000 0.053150
v -0.311595 0.005063 0.077990
v -0.282578 0.026725 0.096931
v -0.268485 0.048501 0.118420
v -0.185522 0.044974 0.207486
v -0.161102 0.021934 0.214307
v -0.143699 0.045387 0.222777
v -0.155275 0.002830 0.247988
v -0.136895 0.027944 0.260388
v -0.112057 0.052764 0.263459
v -0.146327 -0.020000 0.284384
v -0.112887 0.003380 0.268949
v -0.089529 0.027906 0.275538
v -0.062676 0.051032 0.272367
v -0.122957 -0.044413 0.296480
v -0.112079 -0.020000 0.344944
v -0.074281 0.006015 0.315933
v -0.047525 0.033861 0.327057
v -0.015610 0.049469 0.281219
v -0.084289 -0.060580 0.259416
v -0.072042 -0.043516 0.300658
v -0.047902 -0.020000 0.310420
v -0.022501 0.005500 0.326035
v 0.005124 0.029212 0.314600
v 0.028011 0.044697 0.275725
v 0.143245 0.046479 0.246131
v 0.177495 0.028321 0.252864
v 0.175263 0.048430 0.215072
v 0.206598 0.005106 0.246669
v 0.214234 0.030020 0.219781
v 0.220223 0.054208 0.191715
v 0.237461 -0.020000 0.239354
v 0.242793 0.005697 0.209346
v 0.237103 0.028461 0.172264
v 0.209259 0.042019 0.125530
v 0.244717 -0.044488 0.209192
v 0.233566 -0.020000 0.169695
v 0.264293 0.004775 0.160255
v 0.247353 0.024954 0.122075
v 0.240800 0.043694 0.093287
v 0.239060 -0.063961 0.173685
v 0.268144 -0.043914 0.164157
v 0.278993 -0.020000 0.140760
v 0.263858 0.002197 0.106325
v 0.289588 0.027379 0.088904
v 0.275438 0.045783 0.059546
v 0.083139 0.020026 -0.255877
v 0.099011 -0.000342 -0.238739
v 0.061259 -0.000004 -0.255655
v 0.123824 -0.020000 -0.240649
v 0.083827 -0.020000 -0.257994
v 0.038056 -0.020000 -0.246614
v 0.165336 -0.044310 -0.264057
v 0.109415 -0.042661 -0.260679
v 0.063407 -0.042206 -0.269683
v 0.019134 -0.041686 -0.277259
v 0.190948 -0.069703 -0.254009
v 0.130371 -0.065659 -0.247979
v 0.081955 -0.063854 -0.252230
v 0.041543 -0.067082 -0.285889
v -0.004631 -0.064477 -0.284327
v 0.179909 -0.083008 -0.201208
v 0.143156 -0.085140 -0.221936
v 0.100977 -0.085569 -0.237408
v 0.060348 -0.088394 -0.262253
v 0.016538 -0.093600 -0.297940
v -0.028307 -0.085381 -0.278640
v -0.224028 0.021197 -0.162764
v -0.240754 0.004091 -0.205804
v -0.261430 0.003315 -0.160046
v -0.207703 -0.020000 -0.209359
v -0.241368 -0.020000 -0.175363
v -0.292616 -0.020000 -0.147633
v -0.178152 -0.041650 -0.212706
v -0.211642 -0.042400 -0.182486
v -0.269682 -0.045280 -0.163522
v -0.303137 -0.045501 -0.122153
v -0.156153 -0.062511 -0.222459
v -0.191627 -0.064742 -0.196590
v -0.236738 -0.068387 -0.172000
v -0.269144 -0.068914 -0.132830
v -0.284515 -0.066550 -0.087346
v -0.128198 -0.079496 -0.220277
v -0.175040 -0.088343 -0.214798
v -0.210446 -0.090914 -0.183205
v -0.257171 -0.096219 -0.154272
v -0.272282 -0.092021 -0.105484
v -0.302582 -0.092266 -0.065414
v -0.231102 0.022498 0.167904
v -0.272492 0.004301 0.166818
v -0.245964 0.004612 0.210258
v -0.268823 -0.020000 0.135628
v -0.263504 -0.020000 0.191446
v -0.238651 -0.020000 0.240555
v -0.263757 -0.042189 0.106284
v -0.256272 -0.044023 0.155391
v -0.239106 -0.045307 0.206167
v -0.201317 -0.044465 0.240365
v -0.269821 -0.064146 0.082835
v -0.252277 -0.065849 0.124506
v -0.236559 -0.068350 0.171870
v -0.196733 -0.065934 0.201828
v -0.172160 -0.066868 0.245263
v -0.271307 -0.084797 0.058653
v -0.267857 -0.090851 0.103770
v -0.243440 -0.092149 0.146035
v -0.192943 -0.085015 0.167967
v -0.158160 -0.081753 0.194085
v -0.127524 -0.079184 0.219119
v 0.096112 0.026273 0.295806
v 0.076169 0.004863 0.317879
v 0.124044 0.004629 0.299100
v 0.046621 -0.020000 0.302120
v 0.098545 -0.020000 0.303289
v 0.141265 -0.020000 0.274546
v 0.020065 -0.042740 0.290738
v 0.070258 -0.044606 0.298825
v 0.120284 -0.044912 0.286573
v 0.169466 -0.044917 0.270652
v -0.004667 -0.064822 0.286535
v 0.039719 -0.065015 0.273340
v 0.091610 -0.069020 0.281943
v 0.138804 -0.068612 0.264019
v 0.171464 -0.064631 0.228091
v -0.027648 -0.083859 0.272156
v 0.014685 -0.085355 0.264566
v 0.060239 -0.088271 0.261780
v 0.102451 -0.086526 0.240875
v 0.140637 -0.083994 0.218030
v 0.189147 -0.086244 0.211540
v 0.273427 0.020678 0.000000
v 0.267752 0.000429 0.021190
v 0.268798 0.000509 -0.021273
v 0.302787 -0.020000 0.049190
v 0.271705 -0.020000 0.000000
v 0.293868 -0.020000 -0.047741
v 0.298318 -0.043995 0.074667
v 0.287142 -0.043096 0.023956
v 0.292005 -0.043487 -0.024362
v 0.303459 -0.044409 -0.075953
v 0.266917 -0.064136 0.091559
v 0.275777 -0.065601 0.047299
v 0.277543 -0.065892 0.000000
v 0.296818 -0.069080 -0.050907
v 0.262901 -0.063471 -0.090181
v 0.247313 -0.083099 0.109082
v 0.277260 -0.090740 0.073374
v 0.263424 -0.087210 0.023238
v 0.306015 -0.098076 -0.026995
v 0.275730 -0.090350 -0.072970
v 0.258956 -0.086070 -0.114217
v 0.169450 -0.117564 -0.166938
v 0.159037 -0.146305 -0.165588
v 0.151844 -0.135948 -0.214492
v 0.136612 -0.174829 -0.154120
v 0.111238 -0.146070 -0.180715
v 0.101598 -0.135145 -0.228990
v 0.091453 -0.178359 -0.117202
v 0.091446 -0.187691 -0.185287
v 0.064542 -0.147668 -0.198637
v 0.053309 -0.137132 -0.249202
v 0.058046 -0.198161 -0.094300
v 0.049635 -0.202037 -0.152758
v 0.032253 -0.174840 -0.188043
v 0.016458 -0.147840 -0.214556
v 0.002971 -0.126528 -0.241429
v 0.020054 -0.195189 -0.061718
v 0.008486 -0.198522 -0.110633
v -0.004520 -0.160448 -0.131770
v -0.017295 -0.154357 -0.177882
v -0.028437 -0.134637 -0.206431
v -0.043011 -0.127704 -0.259047
v -0.114309 -0.124811 -0.228546
v -0.098498 -0.134833 -0.184036
v -0.142895 -0.125483 -0.191675
v -0.080579 -0.139545 -0.137090
v -0.119815 -0.129859 -0.140851
v -0.182278 -0.132606 -0.163695
v -0.072231 -0.157472 -0.106945
v -0.113754 -0.148923 -0.110883
v -0.169018 -0.147704 -0.122798
v -0.218449 -0.136025 -0.126499
v -0.066538 -0.185223 -0.078220
v -0.095482 -0.153759 -0.069371
v -0.138929 -0.147383 -0.073039
v -0.199140 -0.147949 -0.082023
v -0.238363 -0.131030 -0.080702
v -0.048633 -0.182282 -0.035334
v -0.083432 -0.165174 -0.034364
v -0.121054 -0.154170 -0.034792
v -0.174984 -0.154713 -0.038621
v -0.210226 -0.137492 -0.037659
v -0.256280 -0.126302 -0.038633
v -0.242895 -0.120750 0.036615
v -0.228722 -0.147829 0.040973
v -0.231972 -0.128053 0.078539
v -0.179793 -0.158415 0.039682
v -0.205497 -0.152034 0.084642
v -0.185807 -0.118688 0.107597
v -0.134597 -0.169181 0.038685
v -0.159347 -0.166104 0.083774
v -0.163499 -0.143533 0.118788
v -0.146849 -0.110719 0.131879
v -0.087179 -0.171695 0.035908
v -0.102577 -0.163699 0.074527
v -0.109197 -0.143757 0.106441
v -0.122921 -0.132706 0.144503
v -0.118959 -0.107814 0.159569
v -0.043085 -0.163769 0.031303
v -0.061622 -0.173015 0.072441
v -0.076000 -0.164644 0.112525
v -0.090183 -0.153793 0.153429
v -0.096152 -0.132098 0.179654
v -0.089586 -0.102142 0.179114
v 0.205015 -0.114737 -0.106393
v 0.222445 -0.122791 -0.069263
v 0.204516 -0.145013 -0.099059
v 0.253396 -0.137094 -0.026300
v 0.205453 -0.145586 -0.049756
v 0.152826 -0.145332 -0.066620
v 0.264726 -0.142329 0.027476
v 0.218145 -0.153344 0.000000
v 0.158885 -0.150301 -0.023087
v 0.119868 -0.155851 -0.043544
v 0.231207 -0.126840 0.071991
v 0.195549 -0.139532 0.047358
v 0.159546 -0.150843 0.023183
v 0.118982 -0.154847 0.000000
v 0.090906 -0.170487 -0.022015
v 0.208609 -0.116398 0.108258
v 0.175971 -0.127564 0.085233
v 0.164006 -0.154500 0.071494
v 0.134249 -0.172150 0.048768
v 0.089943 -0.168894 0.021782
v 0.059822 -0.181494 0.000000
v -0.036845 -0.112263 0.221907
v -0.026048 -0.125005 0.189086
v 0.002681 -0.116129 0.217862
v -0.017606 -0.156771 0.181077
v 0.015593 -0.141121 0.203278
v 0.049049 -0.127772 0.229288
v -0.005045 -0.176800 0.147110
v 0.031475 -0.171105 0.183508
v 0.063825 -0.146250 0.196430
v 0.093768 -0.126271 0.211341
v 0.007459 -0.176900 0.097233
v 0.043324 -0.178891 0.133335
v 0.082804 -0.171843 0.167776
v 0.109334 -0.143912 0.177622
v 0.134521 -0.122720 0.190022
v 0.017726 -0.174851 0.054553
v 0.050834 -0.176024 0.082584
v 0.089725 -0.175366 0.114987
v 0.136117 -0.174267 0.153561
v 0.154901 -0.143020 0.161281
v 0.175088 -0.120810 0.172493
vn 0.1676 -0.5250 -0.8344
vn -0.2672 -0.6590 -0.7031
vn -0.5359 -0.7765 -0.3314
vn -0.5359 -0.8328 0.1388
vn -0.2672 -0.8062 0.5278
vn 0.1675 -0.7071 0.6870
vn 0.6023 -0.5731 0.5556
vn 0.8710 -0.4555 0.1839
vn 0.8710 -0.3992 -0.2862
vn 0.6023 -0.4258 -0.6752
vn -0.0230 0.2056 -0.9784
vn -0.5867 0.0255 -0.8094
vn -0.9357 -0.1328 -0.3269
vn -0.9355 -0.2088 0.2851
vn -0.5855 -0.1730 0.7920
vn -0.0205 -0.0392 0.9990
vn 0.5429 0.1410 0.8279
vn 0.8897 0.2988 0.3451
vn 0.8887 0.3740 -0.2650
vn 0.5402 0.3385 -0.7705
vn -0.0640 0.3262 -0.9431
vn -0.6132 0.1354 -0.7782
vn -0.9515 -0.0318 -0.3060
vn -0.9493 -0.1119 0.2937
vn -0.6066 -0.0741 0.7916
vn -0.0555 0.0671 0.9962
vn 0.4936 0.2578 0.8306
vn 0.8311 0.4253 0.3582
vn 0.8285 0.5057 -0.2407
vn 0.4862 0.4677 -0.7381
vn -0.0640 0.3112 -0.9482
vn -0.6102 0.0998 -0.7860
vn -0.9457 -0.0858 -0.3135
vn -0.9412 -0.1745 0.2894
vn -0.5969 -0.1325 0.7913
vn -0.0464 0.0241 0.9986
vn 0.4993 0.2356 0.8338
vn 0.8321 0.4211 0.3609
vn 0.8263 0.5098 -0.2395
vn 0.4840 0.4678 -0.7395
vn -0.0222 0.1909 -0.9814
vn -0.5684 -0.0480 -0.8213
vn -0.9024 -0.2585 -0.3448
vn -0.8942 -0.3594 0.2669
vn -0.5456 -0.3117 0.7779
vn 0.0080 -0.1339 0.9910
vn 0.5534 0.1055 0.8262
vn 0.8828 0.3147 0.3488
vn 0.8725 0.4146 -0.2585
vn 0.5273 0.3674 -0.7661
vn -0.0086 0.1555 -0.9878
vn -0.5459 -0.1055 -0.8312
vn -0.8715 -0.3354 -0.3578
vn -0.8591 -0.4455 0.2519
vn -0.5127 -0.3931 0.7633
vn 0.0339 -0.1985 0.9795
vn 0.5705 0.0630 0.8189
vn 0.8923 0.2913 0.3448
vn 0.8784 0.4001 -0.2614
vn 0.5348 0.3483 -0.7698
vn -0.0557 0.2561 -0.9650
vn -0.5834 -0.0225 -0.8119
vn -0.9005 -0.2677 -0.3428
vn -0.8844 -0.3852 0.2637
vn -0.5404 -0.3293 0.7743
vn -0.0014 -0.1217 0.9926
vn 0.5255 0.1573 0.8361
vn 0.8396 0.4010 0.3664
vn 0.8225 0.5170 -0.2371
vn 0.4807 0.4618 -0.7455
vn -0.1061 0.3469 -0.9319
vn -0.6182 0.0525 -0.7842
vn -0.9233 -0.2062 -0.3240
vn -0.9034 -0.3299 0.2737
vn -0.5650 -0.2709 0.7794
vn -0.0392 -0.0520 0.9979
vn 0.4724 0.2427 0.8473
vn 0.7747 0.5004 0.3866
vn 0.7536 0.6234 -0.2083
vn 0.4171 0.5647 -0.7122
vn -0.0994 0.3246 -0.9406
vn -0.6023 0.0048 -0.7983
vn -0.8988 -0.2766 -0.3401
vn -0.8736 -0.4112 0.2602
vn -0.5349 -0.3467 0.7705
vn -0.0143 -0.1085 0.9940
vn 0.4876 0.2118 0.8470
vn 0.7797 0.4915 0.3879
vn 0.7526 0.6248 -0.2077
vn 0.4170 0.5611 -0.7150
vn -0.0579 0.2507 -0.9663
vn -0.5495 -0.0973 -0.8298
vn -0.8351 -0.4036 -0.3739
vn -0.8030 -0.5504 0.2285
vn -0.4644 -0.4803 0.7441
vn 0.0492 -0.2204 0.9742
vn 0.5396 0.1282 0.8321
vn 0.8201 0.4322 0.3749
vn 0.7861 0.5767 -0.2222
vn 0.4513 0.5076 -0.7339
vn -0.0603 0.2523 -0.9658
vn -0.5364 -0.1191 -0.8355
vn -0.8078 -0.4462 -0.3853
vn -0.7688 -0.6026 0.2139
vn -0.4336 -0.5273 0.7307
vn 0.0682 -0.2498 0.9659
vn 0.5431 0.1223 0.8307
vn 0.8104 0.4466 0.3792
vn 0.7700 0.6005 -0.2155
vn 0.4380 0.5265 -0.7287
vn -0.1205 0.3301 -0.9362
vn -0.5794 -0.0611 -0.8127
vn -0.8359 -0.4053 -0.3701
vn -0.7903 -0.5700 0.2246
vn -0.4593 -0.4904 0.7406
vn 0.0292 -0.1982 0.9797
vn 0.4870 0.1936 0.8517
vn 0.7399 0.5351 0.4076
vn 0.6933 0.6972 -0.1825
vn 0.3649 0.6190 -0.6955
vn -0.1687 0.3808 -0.9092
vn -0.6073 -0.0298 -0.7939
vn -0.8470 -0.3905 -0.3607
vn -0.7943 -0.5633 0.2277
vn -0.4683 -0.4798 0.7419
vn 0.0044 -0.1731 0.9849
vn 0.4418 0.2381 0.8649
vn 0.6775 0.5966 0.4302
vn 0.6235 0.7667 -0.1529
vn 0.3005 0.6843 -0.6644
vn -0.1573 0.3607 -0.9193
vn -0.5771 -0.0760 -0.8131
vn -0.7999 -0.4600 -0.3854
vn -0.7379 -0.6437 0.2026
vn -0.4138 -0.5547 0.7218
vn 0.0461 -0.2279 0.9726
vn 0.4644 0.2097 0.8604
vn 0.6822 0.5906 0.4311
vn 0.6186 0.7711 -0.1509
vn 0.2984 0.6835 -0.6662
vn -0.1274 0.3267 -0.9365
vn -0.5252 -0.1356 -0.8401
vn -0.7279 -0.5425 -0.4194
vn -0.6555 -0.7367 0.1661
vn -0.3348 -0.6421 0.6897
vn 0.1094 -0.2957 0.9490
vn 0.5055 0.1677 0.8463
vn 0.7033 0.5706 0.4240
vn 0.6295 0.7612 -0.1560
vn 0.3129 0.6683 -0.6748
vn -0.1487 0.3432 -0.9274
vn -0.5222 -0.1407 -0.8411
vn -0.7030 -0.5667 -0.4296
vn -0.6200 -0.7699 0.1513
vn -0.3045 -0.6703 0.6767
vn 0.1214 -0.3075 0.9438
vn 0.4932 0.1776 0.8516
vn 0.6699 0.5993 0.4383
vn 0.5861 0.7985 -0.1375
vn 0.2740 0.7010 -0.6584
vn -0.2120 0.3888 -0.8966
vn -0.5592 -0.1137 -0.8212
vn -0.7172 -0.5555 -0.4207
vn -0.6238 -0.7663 0.1541
vn -0.3142 -0.6626 0.6799
vn 0.0916 -0.2858 0.9539
vn 0.4370 0.2178 0.8727
vn 0.5911 0.6554 0.4701
vn 0.4971 0.8620 -0.0993
vn 0.1908 0.7604 -0.6208
vn -0.2517 0.4093 -0.8770
vn -0.5703 -0.1117 -0.8138
vn -0.7038 -0.5695 -0.4246
vn -0.5989 -0.7878 0.1442
vn -0.2952 -0.6800 0.6711
vn 0.0891 -0.2890 0.9532
vn 0.4058 0.2332 0.8837
vn 0.5350 0.6865 0.4924
vn 0.4293 0.9004 -0.0705
vn 0.1293 0.7948 -0.5930
vn -0.2446 0.3991 -0.8837
vn -0.5333 -0.1428 -0.8338
vn -0.6401 -0.6192 -0.4548
vn -0.5216 -0.8460 0.1104
vn -0.2229 -0.7335 0.6421
vn 0.1396 -0.3261 0.9349
vn 0.4262 0.2172 0.8782
vn 0.5285 0.6883 0.4969
vn 0.4095 0.9102 -0.0623
vn 0.1148 0.8001 -0.5888
vn -0.2376 0.3917 -0.8889
vn -0.4939 -0.1687 -0.8530
vn -0.5716 -0.6614 -0.4856
vn -0.4389 -0.8954 0.0745
vn -0.1464 -0.7786 0.6102
vn 0.1921 -0.3570 0.9141
vn 0.4460 0.2049 0.8713
vn 0.5197 0.6917 0.5014
vn 0.3869 0.9206 -0.0530
vn 0.0982 0.8065 -0.5831
vn -0.2727 0.4036 -0.8733
vn -0.4948 -0.1716 -0.8519
vn -0.5423 -0.6770 -0.4975
vn -0.3952 -0.9169 0.0562
vn -0.1099 -0.7965 0.5946
vn 0.2028 -0.3634 0.9093
vn 0.4224 0.2133 0.8809
vn 0.4664 0.7128 0.5239
vn 0.3196 0.9472 -0.0243
vn 0.0379 0.8296 -0.5571
vn -0.3261 0.4174 -0.8482
vn -0.5121 -0.1695 -0.8420
vn -0.5282 -0.6850 -0.5018
vn -0.3663 -0.9294 0.0447
vn -0.0888 -0.8060 0.5852
vn 0.1965 -0.3637 0.9105
vn 0.3799 0.2248 0.8973
vn 0.3926 0.7340 0.5541
vn 0.2315 0.9727 0.0133
vn -0.0425 0.8523 -0.5214
vn -0.3559 0.4195 -0.8351
vn -0.5039 -0.1779 -0.8452
vn -0.4867 -0.7025 -0.5192
vn -0.3091 -0.9508 0.0205
vn -0.0394 -0.8246 0.5643
vn 0.2174 -0.3740 0.9016
vn 0.3626 0.2251 0.9043
vn 0.3423 0.7430 0.5752
vn 0.1656 0.9853 0.0413
vn -0.1005 0.8623 -0.4964
vn -0.3647 0.4160 -0.8330
vn -0.4730 -0.1903 -0.8603
vn -0.4205 -0.7225 -0.5487
vn -0.2259 -0.9740 -0.0153
vn 0.0359 -0.8453 0.5330
vn 0.2629 -0.3874 0.8836
vn 0.3680 0.2206 0.9033
vn 0.3128 0.7457 0.5883
vn 0.1196 0.9910 0.0606
vn -0.1386 0.8656 -0.4811
vn -0.8478 0.3740 -0.3761
vn -0.9124 -0.0847 -0.4004
vn -0.8583 -0.4839 -0.1707
vn -0.7061 -0.6713 0.2252
vn -0.5140 -0.5754 0.6362
vn -0.3553 -0.2326 0.9053
vn -0.2907 0.2260 0.9297
vn -0.3447 0.6253 0.7001
vn -0.4969 0.8128 0.3041
vn -0.6890 0.7168 -0.1070
vn 0.0460 -0.4006 -0.9151
vn -0.4030 -0.4727 -0.7837
vn -0.6806 -0.5992 -0.4216
vn -0.6806 -0.7319 0.0329
vn -0.4031 -0.8201 0.4062
vn 0.0460 -0.8302 0.5556
vn 0.4951 -0.7583 0.4242
vn 0.7726 -0.6318 0.0621
vn 0.7727 -0.4990 -0.3924
vn 0.4951 -0.4107 -0.7656
vn -0.0060 0.3628 -0.9318
vn -0.5892 0.2648 -0.7633
vn -0.9508 0.0918 -0.2960
vn -0.9518 -0.0902 0.2933
vn -0.5902 -0.2117 0.7790
vn -0.0033 -0.2256 0.9742
vn 0.5820 -0.1264 0.8033
vn 0.9417 0.0472 0.3330
vn 0.9394 0.2288 -0.2555
vn 0.5774 0.3491 -0.7380
vn -0.0184 0.4856 -0.8740
vn -0.5935 0.3775 -0.7108
vn -0.9485 0.1875 -0.2552
vn -0.9473 -0.0121 0.3200
vn -0.5893 -0.1449 0.7948
vn -0.0094 -0.1601 0.9871
vn 0.5674 -0.0516 0.8219
vn 0.9210 0.1387 0.3640
vn 0.9173 0.3381 -0.2105
vn 0.5588 0.4705 -0.6829
vn -0.0217 0.5028 -0.8641
vn -0.5972 0.3805 -0.7061
vn -0.9518 0.1654 -0.2585
vn -0.9489 -0.0606 0.3097
vn -0.5877 -0.2110 0.7811
vn -0.0043 -0.2281 0.9736
vn 0.5741 -0.1053 0.8120
vn 0.9262 0.1104 0.3606
vn 0.9189 0.3360 -0.2066
vn 0.5571 0.4858 -0.6735
vn -0.0155 0.4403 -0.8977
vn -0.5948 0.3010 -0.7454
vn -0.9505 0.0554 -0.3056
vn -0.9450 -0.2033 0.2563
vn -0.5774 -0.3759 0.7248
vn 0.0127 -0.3955 0.9184
vn 0.5962 -0.2544 0.7614
vn 0.9486 -0.0074 0.3165
vn 0.9369 0.2504 -0.2440
vn 0.5687 0.4210 -0.7066
vn -0.0164 0.4451 -0.8953
vn -0.5941 0.2909 -0.7499
vn -0.9463 0.0189 -0.3227
vn -0.9366 -0.2682 0.2253
vn -0.5664 -0.4598 0.6840
vn 0.0235 -0.4813 0.8762
vn 0.6049 -0.3245 0.7272
vn 0.9539 -0.0504 0.2957
vn 0.9389 0.2352 -0.2513
vn 0.5682 0.4240 -0.7053
vn -0.0329 0.5549 -0.8313
vn -0.6080 0.3875 -0.6930
vn -0.9558 0.0925 -0.2792
vn -0.9422 -0.2184 0.2540
vn -0.5701 -0.4260 0.7025
vn 0.0192 -0.4494 0.8931
vn 0.5973 -0.2793 0.7518
vn 0.9423 0.0177 0.3342
vn 0.9239 0.3273 -0.1982
vn 0.5515 0.5319 -0.6426
vn -0.0512 0.6544 -0.7544
vn -0.6194 0.4743 -0.6256
vn -0.9604 0.1574 -0.2300
vn -0.9427 -0.1760 0.2833
vn -0.5710 -0.3983 0.7179
vn 0.0146 -0.4232 0.9059
vn 0.5858 -0.2409 0.7738
vn 0.9241 0.0776 0.3743
vn 0.9016 0.4100 -0.1381
vn 0.5294 0.6298 -0.5684
vn -0.0561 0.6706 -0.7397
vn -0.6233 0.4742 -0.6217
vn -0.9611 0.1286 -0.2443
vn -0.9388 -0.2357 0.2512
vn -0.5617 -0.4785 0.6749
vn 0.0275 -0.5056 0.8623
vn 0.5989 -0.3062 0.7399
vn 0.9330 0.0419 0.3573
vn 0.9042 0.4045 -0.1370
vn 0.5266 0.6440 -0.5548
vn -0.0529 0.6505 -0.7577
vn -0.6195 0.4370 -0.6521
vn -0.9534 0.0607 -0.2957
vn -0.9248 -0.3362 0.1783
vn -0.5412 -0.6009 0.5882
vn 0.0516 -0.6304 0.7746
vn 0.6229 -0.4127 0.6646
vn 0.9525 -0.0332 0.3027
vn 0.9167 0.3615 -0.1702
vn 0.5328 0.6218 -0.5741
vn -0.0615 0.6850 -0.7259
vn -0.6248 0.4564 -0.6335
vn -0.9523 0.0536 -0.3005
vn -0.9166 -0.3713 0.1481
vn -0.5283 -0.6548 0.5405
vn 0.0647 -0.6860 0.7247
vn 0.6322 -0.4527 0.6289
vn 0.9555 -0.0463 0.2913
vn 0.9132 0.3761 -0.1566
vn 0.5248 0.6545 -0.5442
vn -0.0857 0.7704 -0.6318
vn -0.6440 0.5283 -0.5532
vn -0.9640 0.1024 -0.2455
vn -0.9214 -0.3465 0.1760
vn -0.5294 -0.6460 0.5499
vn 0.0630 -0.6788 0.7316
vn 0.6252 -0.4319 0.6501
vn 0.9411 -0.0024 0.3382
vn 0.8921 0.4441 -0.0828
vn 0.5001 0.7384 -0.4524
vn -0.1077 0.8321 -0.5440
vn -0.6593 0.5773 -0.4817
vn -0.9706 0.1293 -0.2032
vn -0.9206 -0.3428 0.1872
vn -0.5252 -0.6574 0.5404
vn 0.0659 -0.6916 0.7192
vn 0.6216 -0.4319 0.6535
vn 0.9286 0.0199 0.3706
vn 0.8718 0.4894 -0.0194
vn 0.4763 0.7987 -0.3678
vn -0.1156 0.8478 -0.5176
vn -0.6641 0.5783 -0.4738
vn -0.9682 0.1046 -0.2272
vn -0.9094 -0.3950 0.1303
vn -0.5063 -0.7281 0.4622
vn 0.0881 -0.7640 0.6391
vn 0.6413 -0.4886 0.5916
vn 0.9403 -0.0101 0.3401
vn 0.8736 0.4863 -0.0170
vn 0.4705 0.8128 -0.3436
vn -0.1198 0.8545 -0.5055
vn -0.6644 0.5713 -0.4818
vn -0.9599 0.0736 -0.2705
vn -0.8909 -0.4514 0.0500
vn -0.4797 -0.8014 0.3573
vn 0.1168 -0.8388 0.5317
vn 0.6661 -0.5489 0.5050
vn 0.9562 -0.0458 0.2891
vn 0.8791 0.4756 -0.0313
vn 0.4683 0.8181 -0.3339
vn -0.1378 0.8884 -0.4380
vn -0.6768 0.5938 -0.4351
vn -0.9624 0.0763 -0.2608
vn -0.8828 -0.4693 0.0203
vn -0.4646 -0.8328 0.3011
vn 0.1326 -0.8714 0.4724
vn 0.6760 -0.5697 0.4675
vn 0.9561 -0.0467 0.2892
vn 0.8688 0.4952 0.0078
vn 0.4511 0.8509 -0.2693
vn -0.1670 0.9309 -0.3249
vn -0.6989 0.6271 -0.3440
vn -0.9735 0.0939 -0.2087
vn -0.8832 -0.4680 0.0309
vn -0.4587 -0.8420 0.2838
vn 0.1382 -0.8814 0.4518
vn 0.6743 -0.5702 0.4692
vn 0.9433 -0.0313 0.3304
vn 0.8453 0.5266 0.0902
vn 0.4215 0.8927 -0.1595
vn -0.1910 0.9536 -0.2326
vn -0.7154 0.6420 -0.2756
vn -0.9785 0.0954 -0.1828
vn -0.8768 -0.4806 0.0121
vn -0.4452 -0.8640 0.2352
vn 0.1520 -0.9039 0.3999
vn 0.6810 -0.5842 0.4415
vn 0.9380 -0.0315 0.3452
vn 0.8281 0.5403 0.1494
vn 0.3972 0.9150 -0.0706
vn -0.2045 0.9613 -0.1847
vn -0.7231 0.6424 -0.2539
vn -0.9749 0.0831 -0.2068
vn -0.8603 -0.5062 -0.0597
vn -0.4189 -0.8984 0.1319
vn 0.1808 -0.9387 0.2935
vn 0.7041 -0.6110 0.3619
vn 0.9492 -0.0450 0.3116
vn 0.8259 0.5397 0.1633
vn 0.3856 0.9223 -0.0258
vn -0.2188 0.9667 -0.1331
vn -0.7308 0.6428 -0.2296
vn -0.9702 0.0753 -0.2302
vn -0.8421 -0.5225 -0.1334
vn -0.3911 -0.9200 0.0246
vn 0.2103 -0.9604 0.1830
vn 0.7268 -0.6273 0.2796
vn 0.9592 -0.0529 0.2776
vn 0.8223 0.5401 0.1792
vn 0.3727 0.9277 0.0226
vn -0.2436 0.9691 -0.0395
vn -0.7480 0.6431 -0.1638
vn -0.9743 0.0727 -0.2132
vn -0.8325 -0.5279 -0.1680
vn -0.3724 -0.9270 -0.0443
vn 0.2297 -0.9670 0.1105
vn 0.7384 -0.6317 0.2358
vn 0.9575 -0.0543 0.2834
vn 0.8069 0.5414 0.2360
vn 0.3486 0.9305 0.1128
vn -0.2727 0.9594 0.0717
vn -0.7687 0.6345 -0.0811
vn -0.9813 0.0663 -0.1806
vn -0.8257 -0.5317 -0.1881
vn -0.3569 -0.9288 -0.0996
vn 0.2456 -0.9680 0.0516
vn 0.7458 -0.6335 0.2062
vn 0.9508 -0.0581 0.3044
vn 0.7863 0.5348 0.3092
vn 0.3195 0.9216 0.2203
vn -0.2966 0.9413 0.1612
vn -0.7844 0.6199 -0.0211
vn -0.9833 0.0584 -0.1723
vn -0.8134 -0.5325 -0.2343
vn -0.3349 -0.9246 -0.1817
vn 0.2686 -0.9626 -0.0339
vn 0.7606 -0.6314 0.1512
vn 0.9514 -0.0624 0.3016
vn 0.7723 0.5232 0.3603
vn 0.2962 0.9046 0.3065
vn -0.3161 0.9198 0.2325
vn -0.7962 0.6047 0.0197
vn -0.9813 0.0546 -0.1843
vn -0.7965 -0.5240 -0.3017
vn -0.3076 -0.9076 -0.2857
vn 0.2975 -0.9442 -0.1411
vn 0.7817 -0.6190 0.0754
vn 0.9582 -0.0615 0.2794
vn 0.7641 0.5117 0.3929
vn 0.2779 0.8846 0.3746
vn -0.3951 0.4856 0.7798
vn -0.7556 0.2477 0.6064
vn -0.8867 -0.1637 0.4325
vn -0.7382 -0.5914 0.3245
vn -0.3670 -0.8721 0.3237
vn 0.0852 -0.8986 0.4304
vn 0.4457 -0.6608 0.6039
vn 0.5767 -0.2495 0.7779
vn 0.4284 0.1782 0.8859
vn 0.0571 0.4590 0.8866
vn -0.0814 -0.5661 -0.8203
vn -0.5281 -0.5224 -0.6694
vn -0.8042 -0.5217 -0.2848
vn -0.8042 -0.5643 0.1868
vn -0.5281 -0.6338 0.5652
vn -0.0814 -0.7037 0.7058
vn 0.3653 -0.7474 0.5550
vn 0.6414 -0.7481 0.1703
vn 0.6414 -0.7056 -0.3013
vn 0.3653 -0.6361 -0.6797
vn 0.0110 0.1792 -0.9837
vn -0.5687 0.2387 -0.7872
vn -0.9273 0.2397 -0.2874
vn -0.9281 0.1818 0.3248
vn -0.5706 0.0868 0.8166
vn 0.0095 -0.0090 0.9999
vn 0.5908 -0.0691 0.8038
vn 0.9505 -0.0700 0.3026
vn 0.9504 -0.0116 -0.3110
vn 0.5912 0.0836 -0.8022
vn 0.0329 0.3063 -0.9514
vn -0.5359 0.3720 -0.7579
vn -0.8887 0.3731 -0.2664
vn -0.8902 0.3092 0.3346
vn -0.5403 0.2047 0.8162
vn 0.0278 0.0996 0.9946
vn 0.5971 0.0341 0.8014
vn 0.9504 0.0330 0.3093
vn 0.9515 0.0968 -0.2921
vn 0.6009 0.2011 -0.7736
vn 0.0342 0.2934 -0.9554
vn -0.5354 0.3694 -0.7595
vn -0.8899 0.3707 -0.2659
vn -0.8936 0.2967 0.3368
vn -0.5450 0.1761 0.8197
vn 0.0237 0.0547 0.9982
vn 0.5955 -0.0209 0.8031
vn 0.9513 -0.0222 0.3076
vn 0.9536 0.0513 -0.2968
vn 0.6029 0.1719 -0.7791
vn 0.0123 0.1697 -0.9854
vn -0.5634 0.2587 -0.7846
vn -0.9228 0.2602 -0.2843
vn -0.9294 0.1736 0.3257
vn -0.5798 0.0317 0.8141
vn -0.0058 -0.1114 0.9938
vn 0.5736 -0.2008 0.7941
vn 0.9352 -0.2023 0.2906
vn 0.9395 -0.1152 -0.3225
vn 0.5863 0.0270 -0.8096
vn 0.0052 0.1344 -0.9909
vn -0.5685 0.2346 -0.7885
vn -0.9280 0.2365 -0.2881
vn -0.9369 0.1393 0.3207
vn -0.5909 -0.0203 0.8065
vn -0.0207 -0.1815 0.9832
vn 0.5560 -0.2826 0.7817
vn 0.9173 -0.2845 0.2786
vn 0.9244 -0.1864 -0.3328
vn 0.5755 -0.0263 -0.8174
vn 0.0330 0.2432 -0.9694
vn -0.5373 0.3524 -0.7662
vn -0.8963 0.3543 -0.2666
vn -0.9073 0.2484 0.3393
vn -0.5657 0.0744 0.8213
vn -0.0007 -0.1014 0.9948
vn 0.5721 -0.2117 0.7924
vn 0.9327 -0.2137 0.2905
vn 0.9423 -0.1066 -0.3174
vn 0.5981 0.0680 -0.7985
vn 0.0640 0.3440 -0.9368
vn -0.4972 0.4622 -0.7343
vn -0.8525 0.4643 -0.2400
vn -0.8660 0.3497 0.3573
vn -0.5326 0.1619 0.8307
vn 0.0217 -0.0275 0.9994
vn 0.5852 -0.1461 0.7976
vn 0.9419 -0.1483 0.3013
vn 0.9541 -0.0332 -0.2978
vn 0.6183 0.1549 -0.7705
vn 0.0614 0.3233 -0.9443
vn -0.4991 0.4545 -0.7378
vn -0.8562 0.4570 -0.2411
vn -0.8740 0.3298 0.3569
vn -0.5451 0.1213 0.8296
vn 0.0067 -0.0893 0.9960
vn 0.5709 -0.2211 0.7907
vn 0.9303 -0.2236 0.2908
vn 0.9458 -0.0958 -0.3102
vn 0.6133 0.1133 -0.7817
vn 0.0370 0.2447 -0.9689
vn -0.5232 0.3902 -0.7577
vn -0.8827 0.3930 -0.2577
vn -0.9054 0.2520 0.3416
vn -0.5816 0.0203 0.8132
vn -0.0328 -0.2140 0.9763
vn 0.5315 -0.3610 0.7663
vn 0.8937 -0.3638 0.2626
vn 0.9139 -0.2213 -0.3402
vn 0.5859 0.0113 -0.8103
vn 0.0395 0.2488 -0.9678
vn -0.5165 0.4070 -0.7534
vn -0.8761 0.4102 -0.2533
vn -0.9034 0.2572 0.3432
vn -0.5869 0.0056 0.8097
vn -0.0456 -0.2491 0.9674
vn 0.5138 -0.4091 0.7541
vn 0.8758 -0.4124 0.2507
vn 0.9010 -0.2576 -0.3490
vn 0.5809 -0.0048 -0.8140
vn 0.0791 0.3405 -0.9369
vn -0.4704 0.5098 -0.7203
vn -0.8292 0.5131 -0.2217
vn -0.8610 0.3495 0.3696
vn -0.5531 0.0803 0.8292
vn -0.0214 -0.1921 0.9812
vn 0.5312 -0.3632 0.7655
vn 0.8922 -0.3666 0.2638
vn 0.9222 -0.2011 -0.3304
vn 0.6109 0.0691 -0.7887
vn 0.1120 0.4038 -0.9080
vn -0.4285 0.5845 -0.6890
vn -0.7852 0.5883 -0.1933
vn -0.8224 0.4138 0.3905
vn -0.5254 0.1269 0.8414
vn -0.0058 -0.1635 0.9865
vn 0.5381 -0.3458 0.7686
vn 0.8972 -0.3497 0.2697
vn 0.9324 -0.1735 -0.3171
vn 0.6318 0.1145 -0.7667
vn 0.1064 0.3844 -0.9170
vn -0.4299 0.5797 -0.6922
vn -0.7881 0.5840 -0.1943
vn -0.8326 0.3955 0.3877
vn -0.5453 0.0854 0.8339
vn -0.0339 -0.2288 0.9729
vn 0.5067 -0.4263 0.7493
vn 0.8679 -0.4307 0.2475
vn 0.9098 -0.2401 -0.3385
vn 0.6182 0.0716 -0.7828
vn 0.0880 0.3464 -0.9339
vn -0.4427 0.5565 -0.7030
vn -0.8022 0.5613 -0.2035
vn -0.8545 0.3588 0.3756
vn -0.5785 0.0252 0.8153
vn -0.0774 -0.3130 0.9466
vn 0.4578 -0.5259 0.7169
vn 0.8204 -0.5306 0.2133
vn 0.8702 -0.3254 -0.3699
vn 0.5896 0.0098 -0.8076
vn 0.1041 0.3705 -0.9230
vn -0.4189 0.5939 -0.6869
vn -0.7785 0.5990 -0.1874
vn -0.8385 0.3841 0.3866
vn -0.5752 0.0295 0.8175
vn -0.0870 -0.3300 0.9400
vn 0.4399 -0.5565 0.7048
vn 0.8023 -0.5619 0.2013
vn 0.8603 -0.3438 -0.3763
vn 0.5928 0.0126 -0.8052
vn 0.1498 0.4347 -0.8880
vn -0.3632 0.6703 -0.6471
vn -0.7217 0.6760 -0.1491
vn -0.7897 0.4496 0.4174
vn -0.5407 0.0761 0.8377
vn -0.0677 -0.3028 0.9507
vn 0.4491 -0.5415 0.7107
vn 0.8106 -0.5472 0.2087
vn 0.8767 -0.3176 -0.3613
vn 0.6235 0.0576 -0.7797
vn 0.1802 0.4691 -0.8646
vn -0.3221 0.7173 -0.6178
vn -0.6796 0.7235 -0.1210
vn -0.7569 0.4853 0.4376
vn -0.5238 0.0922 0.8468
vn -0.0670 -0.3068 0.9494
vn 0.4393 -0.5584 0.7037
vn 0.8001 -0.5647 0.2025
vn 0.8752 -0.3233 -0.3598
vn 0.6376 0.0720 -0.7670
vn 0.1778 0.4602 -0.8698
vn -0.3154 0.7228 -0.6149
vn -0.6739 0.7296 -0.1166
vn -0.7621 0.4780 0.4366
vn -0.5455 0.0625 0.8358
vn -0.1044 -0.3597 0.9272
vn 0.3932 -0.6261 0.6733
vn 0.7551 -0.6331 0.1703
vn 0.8411 -0.3778 -0.3870
vn 0.6198 0.0403 -0.7838
vn 0.1754 0.4536 -0.8738
vn -0.3074 0.7298 -0.6106
vn -0.6663 0.7373 -0.1115
vn -0.7660 0.4731 0.4352
vn -0.5675 0.0362 0.8226
vn -0.1442 -0.4080 0.9015
vn 0.3426 -0.6885 0.6392
vn 0.7051 -0.6961 0.1353
vn 0.8029 -0.4276 -0.4154
vn 0.5996 0.0120 -0.8002
vn 0.2039 0.4792 -0.8537
vn -0.2666 0.7678 -0.5825
vn -0.6253 0.7759 -0.0835
vn -0.7367 0.5004 0.4548
vn -0.5577 0.0442 0.8289
vn -0.1543 -0.4197 0.8945
vn 0.3201 -0.7129 0.6239
vn 0.6823 -0.7211 0.1202
vn 0.7921 -0.4410 -0.4219
vn 0.6085 0.0179 -0.7934
vn 0.2470 0.5134 -0.8218
vn -0.2096 0.8135 -0.5424
vn -0.5674 0.8223 -0.0443
vn -0.6912 0.5363 0.4844
vn -0.5333 0.0626 0.8436
vn -0.1515 -0.4195 0.8950
vn 0.3089 -0.7245 0.6162
vn 0.6703 -0.7334 0.1131
vn 0.7926 -0.4427 -0.4192
vn 0.6301 0.0341 -0.7758
vn 0.2734 0.5290 -0.8034
vn -0.1690 0.8407 -0.5145
vn -0.5263 0.8501 -0.0165
vn -0.6638 0.5538 0.5027
vn -0.5284 0.0624 0.8467
vn -0.1694 -0.4381 0.8828
vn 0.2768 -0.7550 0.5944
vn 0.6380 -0.7646 0.0912
vn 0.7740 -0.4632 -0.4317
vn 0.6339 0.0316 -0.7728
vn 0.2841 0.5319 -0.7977
vn -0.1438 0.8551 -0.4981
vn -0.5013 0.8653 0.0006
vn -0.6536 0.5586 0.5106
vn -0.5422 0.0496 0.8388
vn -0.2071 -0.4692 0.8585
vn 0.2246 -0.7980 0.5592
vn 0.5860 -0.8084 0.0550
vn 0.7372 -0.4963 -0.4586
vn 0.6210 0.0164 -0.7837
vn 0.6752 0.6834 -0.2777
vn 0.3581 0.9324 -0.0484
vn 0.0880 0.9404 0.3286
vn -0.0318 0.7041 0.7094
vn 0.0443 0.3140 0.9484
vn 0.2873 -0.0810 0.9544
vn 0.6044 -0.3301 0.7251
vn 0.8744 -0.3380 0.3481
vn 0.9943 -0.1018 -0.0326
vn 0.9182 0.2883 -0.2716
vn -0.0826 -0.6788 -0.7297
vn -0.5291 -0.6130 -0.5868
vn -0.8050 -0.5562 -0.2064
vn -0.8050 -0.5301 0.2663
vn -0.5291 -0.5447 0.6507
vn -0.0826 -0.5944 0.7999
vn 0.3639 -0.6602 0.6570
vn 0.6399 -0.7170 0.2766
vn 0.6399 -0.7431 -0.1961
vn 0.3639 -0.7285 -0.5804
vn 0.0073 0.0099 -0.9999
vn -0.5732 0.1012 -0.8131
vn -0.9309 0.1799 -0.3179
vn -0.9302 0.2159 0.2967
vn -0.5717 0.1957 0.7968
vn 0.0084 0.1270 0.9919
vn 0.5893 0.0357 0.8071
vn 0.9491 -0.0433 0.3121
vn 0.9492 -0.0797 -0.3044
vn 0.5891 -0.0593 -0.8059
vn 0.0227 0.0977 -0.9950
vn -0.5492 0.2005 -0.8113
vn -0.9014 0.2891 -0.3224
vn -0.9000 0.3298 0.2851
vn -0.5457 0.3070 0.7798
vn 0.0265 0.2294 0.9730
vn 0.5987 0.1267 0.7909
vn 0.9525 0.0379 0.3022
vn 0.9518 -0.0029 -0.3067
vn 0.5962 0.0200 -0.8026
vn 0.0197 0.0634 -0.9978
vn -0.5515 0.1825 -0.8140
vn -0.9020 0.2852 -0.3242
vn -0.8993 0.3322 0.2845
vn -0.5445 0.3058 0.7810
vn 0.0272 0.2159 0.9760
vn 0.5990 0.0969 0.7948
vn 0.9522 -0.0059 0.3053
vn 0.9506 -0.0530 -0.3059
vn 0.5938 -0.0265 -0.8042
vn -0.0041 -0.0656 -0.9978
vn -0.5773 0.0734 -0.8132
vn -0.9276 0.1931 -0.3197
vn -0.9231 0.2480 0.2940
vn -0.5660 0.2172 0.7953
vn 0.0083 0.1124 0.9936
vn 0.5823 -0.0266 0.8126
vn 0.9362 -0.1467 0.3194
vn 0.9331 -0.2018 -0.2976
vn 0.5734 -0.1709 -0.8013
vn -0.0161 -0.1190 -0.9928
vn -0.5852 0.0380 -0.8100
vn -0.9322 0.1730 -0.3178
vn -0.9261 0.2347 0.2954
vn -0.5698 0.2000 0.7971
vn 0.0018 0.0819 0.9966
vn 0.5717 -0.0750 0.8170
vn 0.9218 -0.2108 0.3252
vn 0.9169 -0.2732 -0.2909
vn 0.5582 -0.2381 -0.7948
vn 0.0012 -0.0534 -0.9986
vn -0.5628 0.1196 -0.8179
vn -0.9057 0.2684 -0.3281
vn -0.8980 0.3363 0.2837
vn -0.5428 0.2980 0.7852
vn 0.0248 0.1679 0.9855
vn 0.5896 -0.0049 0.8077
vn 0.9353 -0.1545 0.3182
vn 0.9286 -0.2233 -0.2963
vn 0.5713 -0.1846 -0.7997
vn 0.0207 0.0070 -0.9998
vn -0.5343 0.1958 -0.8223
vn -0.8704 0.3582 -0.3378
vn -0.8606 0.4326 0.2687
vn -0.5089 0.3907 0.7670
vn 0.0508 0.2484 0.9673
vn 0.6065 0.0597 0.7928
vn 0.9455 -0.1033 0.3087
vn 0.9369 -0.1783 -0.3006
vn 0.5831 -0.1360 -0.8009
vn 0.0090 -0.0396 -0.9992
vn -0.5418 0.1699 -0.8231
vn -0.8733 0.3500 -0.3389
vn -0.8607 0.4324 0.2687
vn -0.5093 0.3859 0.7692
vn 0.0477 0.2281 0.9725
vn 0.5994 0.0188 0.8003
vn 0.9346 -0.1623 0.3164
vn 0.9235 -0.2454 -0.2947
vn 0.5693 -0.1984 -0.7978
vn -0.0234 -0.1356 -0.9905
vn -0.5692 0.0966 -0.8165
vn -0.8955 0.2960 -0.3325
vn -0.8796 0.3872 0.2765
vn -0.5283 0.3357 0.7799
vn 0.0256 0.1609 0.9866
vn 0.5724 -0.0710 0.8169
vn 0.9028 -0.2717 0.3333
vn 0.8885 -0.3639 -0.2796
vn 0.5341 -0.3118 -0.7858
vn -0.0332 -0.1611 -0.9864
vn -0.5709 0.0919 -0.8159
vn -0.8902 0.3090 -0.3347
vn -0.8711 0.4081 0.2732
vn -0.5214 0.3520 0.7773
vn 0.0266 0.1618 0.9865
vn 0.5652 -0.0909 0.8199
vn 0.8883 -0.3096 0.3393
vn 0.8705 -0.4101 -0.2722
vn 0.5179 -0.3532 -0.7791
vn -0.0116 -0.1132 -0.9935
vn -0.5394 0.1590 -0.8269
vn -0.8506 0.3926 -0.3499
vn -0.8280 0.4992 0.2553
vn -0.4807 0.4387 0.7592
vn 0.0596 0.2340 0.9704
vn 0.5884 -0.0379 0.8077
vn 0.9032 -0.2731 0.3312
vn 0.8819 -0.3811 -0.2776
vn 0.5318 -0.3199 -0.7841
vn 0.0030 -0.0883 -0.9961
vn -0.5128 0.2035 -0.8340
vn -0.8140 0.4539 -0.3623
vn -0.7875 0.5683 0.2386
vn -0.4436 0.5033 0.7416
vn 0.0870 0.2836 0.9550
vn 0.6039 -0.0078 0.7970
vn 0.9090 -0.2600 0.3259
vn 0.8838 -0.3756 -0.2790
vn 0.5370 -0.3099 -0.7846
vn -0.0194 -0.1374 -0.9903
vn -0.5251 0.1779 -0.8322
vn -0.8168 0.4484 -0.3630
vn -0.7852 0.5717 0.2378
vn -0.4430 0.5015 0.7431
vn 0.0804 0.2642 0.9611
vn 0.5874 -0.0507 0.8077
vn 0.8834 -0.3232 0.3393
vn 0.8534 -0.4482 -0.2661
vn 0.5079 -0.3769 -0.7746
vn -0.0548 -0.2016 -0.9779
vn -0.5485 0.1375 -0.8248
vn -0.8293 0.4281 -0.3591
vn -0.7923 0.5605 0.2410
vn -0.4522 0.4850 0.7485
vn 0.0627 0.2299 0.9712
vn 0.5576 -0.1087 0.8230
vn 0.8429 -0.4016 0.3580
vn 0.8074 -0.5360 -0.2466
vn 0.4638 -0.4594 -0.7575
vn -0.0613 -0.2125 -0.9752
vn -0.5407 0.1487 -0.8279
vn -0.8095 0.4582 -0.3672
vn -0.7668 0.5990 0.2306
vn -0.4297 0.5185 0.7393
vn 0.0747 0.2467 0.9662
vn 0.5555 -0.1139 0.8237
vn 0.8283 -0.4261 0.3639
vn 0.7869 -0.5691 -0.2383
vn 0.4465 -0.4873 -0.7505
vn -0.0428 -0.1881 -0.9812
vn -0.5061 0.1940 -0.8404
vn -0.7611 0.5212 -0.3860
vn -0.7126 0.6700 0.2080
vn -0.3793 0.5847 0.7171
vn 0.1127 0.2972 0.9481
vn 0.5773 -0.0842 0.8121
vn 0.8365 -0.4142 0.3586
vn 0.7892 -0.5654 -0.2398
vn 0.4526 -0.4788 -0.7523
vn -0.0401 -0.1888 -0.9812
vn -0.4858 0.2146 -0.8473
vn -0.7258 0.5600 -0.3996
vn -0.6704 0.7171 0.1907
vn -0.3413 0.6268 0.7004
vn 0.1371 0.3231 0.9364
vn 0.5843 -0.0797 0.8076
vn 0.8286 -0.4282 0.3608
vn 0.7745 -0.5877 -0.2341
vn 0.4419 -0.4959 -0.7475
vn -0.0698 -0.2284 -0.9711
vn -0.4975 0.1983 -0.8445
vn -0.7215 0.5634 -0.4024
vn -0.6585 0.7293 0.1859
vn -0.3329 0.6337 0.6983
vn 0.1324 0.3126 0.9406
vn 0.5617 -0.1135 0.8195
vn 0.7902 -0.4820 0.3785
vn 0.7284 -0.6506 -0.2147
vn 0.3992 -0.5534 -0.7310
vn -0.1014 -0.2646 -0.9590
vn -0.5092 0.1845 -0.8406
vn -0.7158 0.5687 -0.4052
vn -0.6446 0.7429 0.1804
vn -0.3231 0.6422 0.6951
vn 0.1274 0.3041 0.9441
vn 0.5368 -0.1443 0.8313
vn 0.7478 -0.5322 0.3970
vn 0.6776 -0.7095 -0.1935
vn 0.3525 -0.6069 -0.7123
vn -0.1073 -0.2716 -0.9564
vn -0.4932 0.1985 -0.8470
vn -0.6810 0.6003 -0.4194
vn -0.6012 0.7824 0.1625
vn -0.2846 0.6768 0.6790
vn 0.1496 0.3229 0.9345
vn 0.5371 -0.1463 0.8307
vn 0.7292 -0.5521 0.4043
vn 0.6502 -0.7375 -0.1824
vn 0.3300 -0.6299 -0.7031
vn -0.1020 -0.2690 -0.9577
vn -0.4640 0.2206 -0.8579
vn -0.6316 0.6390 -0.4390
vn -0.5427 0.8285 0.1383
vn -0.2315 0.7183 0.6561
vn 0.1846 0.3495 0.9186
vn 0.5484 -0.1393 0.8245
vn 0.7201 -0.5620 0.4070
vn 0.6320 -0.7549 -0.1753
vn 0.3172 -0.6426 -0.6975
vn -0.1143 -0.2818 -0.9526
vn -0.4511 0.2273 -0.8631
vn -0.5969 0.6621 -0.4531
vn -0.4981 0.8588 0.1200
vn -0.1926 0.7440 0.6398
vn 0.2046 0.3605 0.9100
vn 0.5432 -0.1478 0.8265
vn 0.6931 -0.5872 0.4180
vn 0.5950 -0.7876 -0.1601
vn 0.2858 -0.6705 -0.6846
vn -0.1434 -0.3050 -0.9415
vn -0.4534 0.2234 -0.8629
vn -0.5761 0.6742 -0.4620
vn -0.4666 0.8780 0.1071
vn -0.1669 0.7586 0.6298
vn 0.2103 0.3606 0.9087
vn 0.5224 -0.1668 0.8362
vn 0.6490 -0.6227 0.4371
vn 0.5400 -0.8304 -0.1373
vn 0.2366 -0.7086 -0.6648
vn 0.3878 0.0658 -0.9194
vn 0.1638 0.4708 -0.8669
vn 0.0789 0.8185 -0.5690
vn 0.1656 0.9763 -0.1394
vn 0.3907 0.8837 0.2576
vn 0.6682 0.5763 0.4706
vn 0.8921 0.1713 0.4180
vn 0.9770 -0.1764 0.1201
vn 0.8903 -0.3342 -0.3094
vn 0.6652 -0.2416 -0.7064
vn -0.0015 -0.8197 -0.5727
vn -0.4518 -0.7807 -0.4317
vn -0.7301 -0.6806 -0.0620
vn -0.7301 -0.5575 0.3952
vn -0.4518 -0.4586 0.7652
vn -0.0015 -0.4216 0.9068
vn 0.4487 -0.4607 0.7658
vn 0.7270 -0.5609 0.3961
vn 0.7270 -0.6839 -0.0611
vn 0.4487 -0.7828 -0.4312
vn 0.0001 -0.1951 -0.9808
vn -0.5869 -0.1419 -0.7971
vn -0.9486 -0.0061 -0.3164
vn -0.9474 0.1604 0.2768
vn -0.5850 0.2939 0.7559
vn 0.0002 0.3438 0.9391
vn 0.5854 0.2911 0.7567
vn 0.9478 0.1559 0.2780
vn 0.9490 -0.0106 -0.3151
vn 0.5872 -0.1447 -0.7964
vn 0.0004 -0.1114 -0.9938
vn -0.5780 -0.0546 -0.8142
vn -0.9345 0.0907 -0.3442
vn -0.9337 0.2692 0.2361
vn -0.5766 0.4126 0.7052
vn 0.0006 0.4662 0.8847
vn 0.5778 0.4096 0.7060
vn 0.9348 0.2643 0.2374
vn 0.9354 0.0859 -0.3429
vn 0.5788 -0.0576 -0.8134
vn 0.0003 -0.1700 -0.9854
vn -0.5814 -0.1070 -0.8065
vn -0.9393 0.0547 -0.3387
vn -0.9377 0.2531 0.2381
vn -0.5787 0.4124 0.7036
vn 0.0006 0.4721 0.8816
vn 0.5799 0.4091 0.7045
vn 0.9387 0.2477 0.2396
vn 0.9401 0.0493 -0.3372
vn 0.5821 -0.1103 -0.8056
vn -0.0003 -0.3375 -0.9413
vn -0.5897 -0.2661 -0.7625
vn -0.9519 -0.0832 -0.2949
vn -0.9494 0.1406 0.2808
vn -0.5855 0.3200 0.7449
vn 0.0004 0.3870 0.9221
vn 0.5861 0.3163 0.7460
vn 0.9498 0.1346 0.2825
vn 0.9519 -0.0893 -0.2932
vn 0.5893 -0.2699 -0.7615
vn -0.0006 -0.4174 -0.9087
vn -0.5897 -0.3391 -0.7330
vn -0.9520 -0.1385 -0.2729
vn -0.9498 0.1068 0.2942
vn -0.5857 0.3032 0.7517
vn 0.0003 0.3765 0.9264
vn 0.5863 0.2991 0.7529
vn 0.9499 0.1002 0.2962
vn 0.9516 -0.1452 -0.2710
vn 0.5887 -0.3432 -0.7318
vn -0.0004 -0.3664 -0.9305
vn -0.5882 -0.2822 -0.7578
vn -0.9498 -0.0670 -0.3057
vn -0.9477 0.1963 0.2518
vn -0.5844 0.4072 0.7019
vn 0.0008 0.4859 0.8740
vn 0.5859 0.4028 0.7032
vn 0.9485 0.1892 0.2540
vn 0.9499 -0.0742 -0.3036
vn 0.5878 -0.2867 -0.7565
vn -0.0001 -0.3203 -0.9473
vn -0.5827 -0.2309 -0.7792
vn -0.9408 -0.0021 -0.3389
vn -0.9387 0.2780 0.2039
vn -0.5788 0.5027 0.6421
vn 0.0013 0.5867 0.8098
vn 0.5812 0.4980 0.6436
vn 0.9404 0.2705 0.2063
vn 0.9416 -0.0098 -0.3366
vn 0.5828 -0.2356 -0.7777
vn -0.0005 -0.3962 -0.9182
vn -0.5865 -0.2988 -0.7528
vn -0.9461 -0.0498 -0.3199
vn -0.9432 0.2550 0.2131
vn -0.5811 0.4991 0.6428
vn 0.0014 0.5902 0.8072
vn 0.5836 0.4940 0.6445
vn 0.9448 0.2467 0.2158
vn 0.9466 -0.0581 -0.3172
vn 0.5860 -0.3040 -0.7512
vn -0.0011 -0.5248 -0.8512
vn -0.5909 -0.4187 -0.6896
vn -0.9526 -0.1474 -0.2661
vn -0.9492 0.1842 0.2552
vn -0.5846 0.4496 0.6754
vn 0.0012 0.5485 0.8361
vn 0.5865 0.4440 0.6774
vn 0.9500 0.1752 0.2584
vn 0.9520 -0.1565 -0.2630
vn 0.5891 -0.4243 -0.6877
vn -0.0014 -0.5752 -0.8180
vn -0.5910 -0.4617 -0.6615
vn -0.9527 -0.1712 -0.2510
vn -0.9494 0.1837 0.2549
vn -0.5847 0.4676 0.6630
vn 0.0014 0.5734 0.8193
vn 0.5869 0.4616 0.6652
vn 0.9502 0.1740 0.2585
vn 0.9519 -0.1809 -0.2475
vn 0.5886 -0.4677 -0.6594
vn -0.0013 -0.5489 -0.8359
vn -0.5891 -0.4287 -0.6849
vn -0.9497 -0.1216 -0.2885
vn -0.9463 0.2537 0.2002
vn -0.5826 0.5540 0.5946
vn 0.0020 0.6661 0.7459
vn 0.5860 0.5478 0.5971
vn 0.9482 0.2435 0.2042
vn 0.9495 -0.1319 -0.2846
vn 0.5873 -0.4351 -0.6825
vn -0.0012 -0.5465 -0.8374
vn -0.5864 -0.4199 -0.6927
vn -0.9450 -0.0962 -0.3126
vn -0.9413 0.2995 0.1558
vn -0.5792 0.6161 0.5337
vn 0.0026 0.7343 0.6788
vn 0.5837 0.6095 0.5365
vn 0.9439 0.2887 0.1602
vn 0.9453 -0.1070 -0.3082
vn 0.5847 -0.4266 -0.6900
vn -0.0018 -0.6231 -0.7821
vn -0.5898 -0.4881 -0.6434
vn -0.9496 -0.1431 -0.2788
vn -0.9453 0.2784 0.1703
vn -0.5813 0.6153 0.5324
vn 0.0027 0.7410 0.6715
vn 0.5858 0.6083 0.5355
vn 0.9476 0.2669 0.1753
vn 0.9493 -0.1546 -0.2738
vn 0.5871 -0.4952 -0.6403
vn -0.0025 -0.7117 -0.7025
vn -0.5923 -0.5685 -0.5710
vn -0.9532 -0.2025 -0.2246
vn -0.9484 0.2443 0.2021
vn -0.5830 0.6013 0.5464
vn 0.0027 0.7344 0.6787
vn 0.5874 0.5938 0.5499
vn 0.9502 0.2321 0.2078
vn 0.9518 -0.2148 -0.2190
vn 0.5883 -0.5761 -0.5675
vn -0.0029 -0.7456 -0.6664
vn -0.5924 -0.5952 -0.5429
vn -0.9531 -0.2110 -0.2170
vn -0.9482 0.2581 0.1851
vn -0.5827 0.6329 0.5098
vn 0.0031 0.7726 0.6349
vn 0.5877 0.6250 0.5137
vn 0.9504 0.2453 0.1914
vn 0.9516 -0.2239 -0.2107
vn 0.5879 -0.6032 -0.5391
vn -0.0029 -0.7454 -0.6667
vn -0.5909 -0.5886 -0.5517
vn -0.9504 -0.1883 -0.2477
vn -0.9452 0.3004 0.1275
vn -0.5805 0.6910 0.4307
vn 0.0039 0.8366 0.5478
vn 0.5870 0.6828 0.4351
vn 0.9484 0.2871 0.1345
vn 0.9494 -0.2017 -0.2407
vn 0.5865 -0.5970 -0.5474
vn -0.0031 -0.7687 -0.6396
vn -0.5902 -0.6055 -0.5339
vn -0.9487 -0.1889 -0.2536
vn -0.9431 0.3195 0.0925
vn -0.5787 0.7257 0.3721
vn 0.0045 0.8770 0.4804
vn 0.5863 0.7171 0.3769
vn 0.9469 0.3055 0.1002
vn 0.9478 -0.2030 -0.2458
vn 0.5854 -0.6142 -0.5291
vn -0.0039 -0.8265 -0.5629
vn -0.5926 -0.6563 -0.4670
vn -0.9518 -0.2218 -0.2117
vn -0.9457 0.3082 0.1037
vn -0.5800 0.7315 0.3586
vn 0.0047 0.8891 0.4577
vn 0.5878 0.7225 0.3640
vn 0.9493 0.2937 0.1122
vn 0.9502 -0.2364 -0.2031
vn 0.5866 -0.6654 -0.4617
vn -0.0046 -0.8768 -0.4808
vn -0.5942 -0.7003 -0.3955
vn -0.9537 -0.2497 -0.1676
vn -0.9471 0.2998 0.1144
vn -0.5806 0.7385 0.3429
vn 0.0050 0.9019 0.4320
vn 0.5887 0.7292 0.3487
vn 0.9506 0.2847 0.1240
vn 0.9512 -0.2650 -0.1581
vn 0.5868 -0.7098 -0.3897
vn -0.0051 -0.9004 -0.4350
vn -0.5943 -0.7186 -0.3611
vn -0.9534 -0.2545 -0.1621
vn -0.9465 0.3115 0.0846
vn -0.5798 0.7633 0.2849
vn 0.0056 0.9315 0.3636
vn 0.5890 0.7537 0.2914
vn 0.9505 0.2959 0.0951
vn 0.9508 -0.2702 -0.1516
vn 0.5863 -0.7284 -0.3546
vn -0.0054 -0.9152 -0.4029
vn -0.5937 -0.7289 -0.3410
vn -0.9519 -0.2533 -0.1726
vn -0.9445 0.3265 0.0368
vn -0.5781 0.7892 0.2072
vn 0.0064 0.9615 0.2748
vn 0.5888 0.7794 0.2143
vn 0.9494 0.3105 0.0483
vn 0.9494 -0.2694 -0.1611
vn 0.5853 -0.7389 -0.3339
vn -0.0059 -0.9392 -0.3434
vn -0.5942 -0.7487 -0.2941
vn -0.9519 -0.2626 -0.1580
vn -0.9440 0.3298 0.0120
vn -0.5773 0.8025 0.1509
vn 0.0071 0.9784 0.2066
vn 0.5890 0.7924 0.1586
vn 0.9493 0.3134 0.0245
vn 0.9492 -0.2791 -0.1454
vn 0.5848 -0.7589 -0.2863
vn -0.0067 -0.9659 -0.2587
vn -0.5956 -0.7718 -0.2227
vn -0.9534 -0.2765 -0.1206
vn -0.9450 0.3271 0.0080
vn -0.5775 0.8084 0.1138
vn 0.0075 0.9875 0.1572
vn 0.5899 0.7982 0.1222
vn 0.9504 0.3103 0.0217
vn 0.9500 -0.2933 -0.1068
vn 0.5849 -0.7823 -0.2142
vn 0.0003 -0.6265 -0.7794
vn -0.4406 -0.4812 -0.7578
vn -0.7110 -0.1084 -0.6948
vn -0.7076 0.3493 -0.6143
vn -0.4316 0.7173 -0.5470
vn 0.0115 0.8548 -0.5188
vn 0.4525 0.7094 -0.5404
vn 0.7229 0.3366 -0.6035
vn 0.7194 -0.1212 -0.6840
vn 0.4434 -0.4891 -0.7512
vn 0.1891 -0.6628 -0.7245
vn -0.2413 -0.7854 -0.5700
vn -0.5072 -0.8423 -0.1825
vn -0.5072 -0.8116 0.2899
vn -0.2412 -0.7051 0.6668
vn 0.1891 -0.5635 0.8042
vn 0.6194 -0.4408 0.6496
vn 0.8854 -0.3839 0.2622
vn 0.8854 -0.4146 -0.2103
vn 0.6194 -0.5211 -0.5871
vn -0.0197 0.0031 -0.9998
vn -0.5792 -0.1618 -0.7990
vn -0.9257 -0.2384 -0.2937
vn -0.9259 -0.1970 0.3225
vn -0.5799 -0.0537 0.8129
vn -0.0210 0.1363 0.9904
vn 0.5370 0.3006 0.7882
vn 0.8818 0.3766 0.2841
vn 0.8823 0.3355 -0.3300
vn 0.5383 0.1930 -0.8203
vn -0.0531 0.0952 -0.9940
vn -0.6016 -0.0782 -0.7950
vn -0.9419 -0.1586 -0.2959
vn -0.9430 -0.1152 0.3121
vn -0.6049 0.0354 0.7955
vn -0.0575 0.2354 0.9702
vn 0.4899 0.4086 0.7701
vn 0.8290 0.4888 0.2719
vn 0.8304 0.4455 -0.3346
vn 0.4937 0.2952 -0.8180
vn -0.0459 0.0647 -0.9968
vn -0.5922 -0.1234 -0.7963
vn -0.9321 -0.2108 -0.2945
vn -0.9344 -0.1636 0.3164
vn -0.5986 -0.0002 0.8010
vn -0.0545 0.2168 0.9747
vn 0.4897 0.4045 0.7723
vn 0.8273 0.4915 0.2719
vn 0.8302 0.4446 -0.3362
vn 0.4972 0.2817 -0.8207
vn 0.0006 -0.0596 -0.9982
vn -0.5457 -0.2668 -0.7944
vn -0.8868 -0.3630 -0.2861
vn -0.8907 -0.3111 0.3315
vn -0.5564 -0.1312 0.8205
vn -0.0134 0.1075 0.9941
vn 0.5301 0.3137 0.7877
vn 0.8680 0.4091 0.2816
vn 0.8727 0.3576 -0.3323
vn 0.5421 0.1788 -0.8211
vn 0.0210 -0.1077 -0.9940
vn -0.5185 -0.3307 -0.7886
vn -0.8562 -0.4344 -0.2797
vn -0.8620 -0.3785 0.3373
vn -0.5338 -0.1848 0.8252
vn 0.0013 0.0720 0.9974
vn 0.5385 0.2936 0.7898
vn 0.8735 0.3961 0.2828
vn 0.8799 0.3410 -0.3309
vn 0.5549 0.1488 -0.8185
vn -0.0122 -0.0382 -0.9992
vn -0.5441 -0.2747 -0.7928
vn -0.8782 -0.3846 -0.2843
vn -0.8856 -0.3254 0.3313
vn -0.5639 -0.1201 0.8171
vn -0.0372 0.1522 0.9876
vn 0.4926 0.3873 0.7793
vn 0.8244 0.4961 0.2725
vn 0.8324 0.4376 -0.3401
vn 0.5133 0.2338 -0.8258
vn -0.0472 0.0253 -0.9986
vn -0.5675 -0.2235 -0.7925
vn -0.8957 -0.3393 -0.2873
vn -0.9049 -0.2770 0.3231
vn -0.5921 -0.0609 0.8036
vn -0.0781 0.2257 0.9711
vn 0.4402 0.4734 0.7630
vn 0.7660 0.5882 0.2595
vn 0.7757 0.5265 -0.3479
vn 0.4657 0.3117 -0.8283
vn -0.0291 -0.0152 -0.9995
vn -0.5430 -0.2824 -0.7909
vn -0.8688 -0.4067 -0.2824
vn -0.8803 -0.3399 0.3308
vn -0.5737 -0.1079 0.8119
vn -0.0679 0.1997 0.9775
vn 0.4431 0.4654 0.7662
vn 0.7656 0.5885 0.2599
vn 0.7779 0.5223 -0.3492
vn 0.4751 0.2921 -0.8301
vn 0.0204 -0.1024 -0.9945
vn -0.4854 -0.3896 -0.7826
vn -0.8082 -0.5233 -0.2703
vn -0.8226 -0.4514 0.3457
vn -0.5236 -0.2021 0.8276
vn -0.0275 0.1284 0.9913
vn 0.4753 0.4137 0.7765
vn 0.7945 0.5457 0.2666
vn 0.8097 0.4748 -0.3449
vn 0.5148 0.2277 -0.8265
vn 0.0322 -0.1211 -0.9921
vn -0.4623 -0.4258 -0.7778
vn -0.7796 -0.5677 -0.2644
vn -0.7970 -0.4916 0.3509
vn -0.5082 -0.2271 0.8308
vn -0.0251 0.1235 0.9920
vn 0.4669 0.4259 0.7750
vn 0.7811 0.5659 0.2640
vn 0.7991 0.4909 -0.3471
vn 0.5137 0.2290 -0.8269
vn -0.0047 -0.0707 -0.9975
vn -0.4865 -0.3908 -0.7814
vn -0.7978 -0.5400 -0.2682
vn -0.8181 -0.4600 0.3451
vn -0.5400 -0.1822 0.8217
vn -0.0714 0.1861 0.9799
vn 0.4080 0.5040 0.7612
vn 0.7164 0.6513 0.2503
vn 0.7372 0.5724 -0.3589
vn 0.4624 0.2972 -0.8354
vn -0.0300 -0.0426 -0.9986
vn -0.4970 -0.3783 -0.7810
vn -0.8012 -0.5347 -0.2686
vn -0.8246 -0.4510 0.3415
vn -0.5588 -0.1598 0.8138
vn -0.1070 0.2263 0.9682
vn 0.3574 0.5596 0.7477
vn 0.6585 0.7140 0.2379
vn 0.6825 0.6314 -0.3680
vn 0.4202 0.3429 -0.8401
vn -0.0012 -0.0828 -0.9966
vn -0.4551 -0.4381 -0.7752
vn -0.7538 -0.6038 -0.2593
vn -0.7811 -0.5153 0.3527
vn -0.5271 -0.2070 0.8242
vn -0.0910 0.2015 0.9753
vn 0.3600 0.5540 0.7507
vn 0.6550 0.7173 0.2376
vn 0.6830 0.6301 -0.3694
vn 0.4331 0.3251 -0.8407
vn 0.0446 -0.1357 -0.9897
vn -0.3938 -0.5106 -0.7644
vn -0.6856 -0.6854 -0.2454
vn -0.7173 -0.5920 0.3674
vn -0.4772 -0.2670 0.8372
vn -0.0591 0.1638 0.9847
vn 0.3765 0.5354 0.7560
vn 0.6646 0.7075 0.2401
vn 0.6970 0.6157 -0.3675
vn 0.4609 0.2943 -0.8372
vn 0.0480 -0.1400 -0.9890
vn -0.3730 -0.5322 -0.7600
vn -0.6565 -0.7153 -0.2395
vn -0.6927 -0.6177 0.3723
vn -0.4680 -0.2777 0.8390
vn -0.0699 0.1730 0.9824
vn 0.3485 0.5617 0.7503
vn 0.6288 0.7419 0.2328
vn 0.6655 0.6460 -0.3740
vn 0.4443 0.3099 -0.8406
vn 0.0165 -0.1137 -0.9934
vn -0.3852 -0.5216 -0.7613
vn -0.6597 -0.7121 -0.2403
vn -0.7005 -0.6107 0.3694
vn -0.4921 -0.2572 0.8317
vn -0.1160 0.2114 0.9705
vn 0.2834 0.6157 0.7352
vn 0.5547 0.8032 0.2172
vn 0.5959 0.7035 -0.3873
vn 0.3909 0.3541 -0.8496
vn 0.0069 -0.1100 -0.9939
vn -0.3743 -0.5338 -0.7582
vn -0.6392 -0.7319 -0.2361
vn -0.6849 -0.6266 0.3718
vn -0.4942 -0.2595 0.8297
vn -0.1417 0.2273 0.9635
vn 0.2371 0.6473 0.7244
vn 0.4987 0.8421 0.2055
vn 0.5448 0.7387 -0.3969
vn 0.3576 0.3759 -0.8549
vn 0.0400 -0.1388 -0.9895
vn -0.3200 -0.5804 -0.7488
vn -0.5754 -0.7868 -0.2232
vn -0.6269 -0.6773 0.3851
vn -0.4548 -0.2949 0.8403
vn -0.1269 0.2120 0.9690
vn 0.2307 0.6492 0.7248
vn 0.4827 0.8520 0.2026
vn 0.5344 0.7446 -0.3999
vn 0.3660 0.3671 -0.8551
vn 0.0744 -0.1639 -0.9837
vn -0.2624 -0.6219 -0.7379
vn -0.5071 -0.8361 -0.2092
vn -0.5646 -0.7227 0.3986
vn -0.4130 -0.3262 0.8503
vn -0.1118 0.1993 0.9735
vn 0.2228 0.6527 0.7241
vn 0.4643 0.8630 0.1991
vn 0.5220 0.7518 -0.4028
vn 0.3737 0.3606 -0.8546
vn 0.0740 -0.1652 -0.9835
vn -0.2379 -0.6376 -0.7327
vn -0.4710 -0.8587 -0.2019
vn -0.5347 -0.7419 0.4045
vn -0.4047 -0.3331 0.8516
vn -0.1321 0.2088 0.9690
vn 0.1780 0.6764 0.7147
vn 0.4082 0.8934 0.1876
vn 0.4719 0.7790 -0.4130
vn 0.3448 0.3757 -0.8602
vn 0.0590 -0.1598 -0.9854
vn -0.2266 -0.6451 -0.7297
vn -0.4473 -0.8724 -0.1971
vn -0.5174 -0.7526 0.4072
vn -0.4101 -0.3329 0.8491
vn -0.1678 0.2236 0.9601
vn 0.1160 0.7038 0.7009
vn 0.3339 0.9268 0.1721
vn 0.4039 0.8094 -0.4262
vn 0.2994 0.3955 -0.8683
vn 0.0659 -0.1664 -0.9839
vn -0.1918 -0.6641 -0.7227
vn -0.3995 -0.8974 -0.1874
vn -0.4766 -0.7747 0.4155
vn -0.3934 -0.3444 0.8524
vn -0.1831 0.2261 0.9567
vn 0.0731 0.7183 0.6918
vn 0.2781 0.9470 0.1606
vn 0.3549 0.8270 -0.4360
vn 0.2744 0.4029 -0.8732
vn 0.0930 -0.1797 -0.9793
vn -0.1354 -0.6891 -0.7119
vn -0.3296 -0.9281 -0.1731
vn -0.4141 -0.8028 0.4289
vn -0.3564 -0.3626 0.8611
vn -0.1797 0.2212 0.9585
vn 0.0475 0.7248 0.6873
vn 0.2392 0.9589 0.1529
vn 0.3233 0.8363 -0.4428
vn 0.2679 0.4027 -0.8753
vn -0.5100 0.0348 -0.8595
vn -0.6703 -0.3507 -0.6540
vn -0.8103 -0.5308 -0.2485
vn -0.8767 -0.4365 0.2023
vn -0.8441 -0.1040 0.5261
vn -0.7248 0.3398 0.5993
vn -0.5646 0.7253 0.3939
vn -0.4245 0.9054 -0.0116
vn -0.3581 0.8111 -0.4624
vn -0.3908 0.4786 -0.7863
vn -0.1195 -0.9928 -0.0028
vn 0.7959 -0.4490 0.4061
vn -0.5618 -0.6885 0.4587
vn -0.5433 -0.7904 0.2832
vn -0.3169 -0.3075 -0.8972
vn 0.5864 -0.6593 -0.4706
vn 0.2134 0.5244 0.8243
vn -0.5656 0.6100 0.5549
vn -0.7783 0.5965 -0.1959
vn 0.3041 0.4211 -0.8545
vn 0.6594 0.7244 -0.2013
vn -0.0678 0.9548 -0.2895
vn -0.6197 -0.5790 0.5298
vn -0.3415 -0.4682 0.8150
vn -0.1689 -0.6788 0.7147
vn -0.2015 -0.9522 0.2295
vn -0.1982 -0.9591 0.2019
vn -0.0734 -0.9972 -0.0151
vn -0.2243 -0.9743 0.0201
vn 0.0684 -0.9901 0.1222
vn 0.1796 -0.9770 0.1152
vn 0.0719 -0.9969 -0.0318
vn 0.2511 -0.9678 -0.0195
vn 0.6622 -0.7488 0.0288
vn 0.7358 -0.6424 0.2141
vn 0.8827 -0.2012 0.4247
vn 0.6655 -0.7085 0.2347
vn 0.4268 -0.6662 0.6116
vn 0.4504 -0.4397 0.7770
vn 0.1236 -0.6164 0.7776
vn -0.1320 -0.7040 0.6978
vn 0.0768 -0.8562 0.5109
vn -0.2089 -0.7965 0.5674
vn 0.4412 -0.8771 -0.1899
vn 0.4682 -0.8145 -0.3426
vn 0.5203 -0.7393 -0.4274
vn 0.8623 -0.4499 0.2323
vn 0.8710 -0.4035 0.2803
vn 0.6178 -0.6328 0.4667
vn 0.4540 -0.5006 0.7371
vn 0.0313 -0.9990 0.0305
vn 0.3070 -0.9390 0.1551
vn 0.4505 -0.8878 0.0942
vn 0.3026 -0.9244 0.2320
vn 0.5284 -0.8445 -0.0869
vn 0.7661 -0.4331 -0.4749
vn 0.5341 -0.7868 -0.3092
vn -0.5814 -0.7709 0.2602
vn -0.6894 -0.7216 -0.0634
vn -0.4756 -0.8663 -0.1529
vn -0.0233 -0.9911 -0.1311
vn -0.1524 -0.9753 -0.1600
vn -0.1580 -0.9852 0.0669
vn -0.2088 -0.9512 0.2272
vn -0.1592 -0.8708 0.4652
vn -0.2181 -0.7011 0.6789
vn -0.4851 -0.7355 0.4730
vn -0.2973 -0.9124 0.2811
vn -0.4632 -0.7664 0.4450
vn -0.7760 -0.5499 0.3090
vn -0.6182 -0.6565 0.4323
vn -0.3366 -0.2404 -0.9104
vn -0.1442 -0.9168 -0.3725
vn -0.2223 -0.9525 -0.2081
vn -0.3153 -0.8294 -0.4611
vn -0.3206 -0.7243 -0.6104
vn -0.1665 -0.9854 0.0352
vn -0.0373 -0.9805 0.1931
vn -0.5200 -0.8478 -0.1045
vn -0.6686 -0.7321 -0.1305
vn -0.6960 -0.6603 -0.2820
vn -0.4611 -0.6553 -0.5983
vn -0.4870 -0.6571 -0.5753
vn -0.4472 -0.4144 -0.7927
vn -0.1423 -0.0460 -0.9888
vn -0.6208 -0.1648 -0.7665
vn -0.0423 -0.7186 -0.6941
vn 0.0582 -0.6228 -0.7802
vn 0.4474 -0.2335 -0.8633
vn 0.4241 -0.2205 -0.8783
vn 0.5523 -0.2824 -0.7843
vn 0.4392 -0.7584 -0.4815
vn 0.7402 0.6402 -0.2057
vn 0.9244 0.2125 -0.3167
vn 0.9680 0.2287 0.1034
vn 0.8920 0.2458 0.3794
vn 0.8837 -0.3918 0.2559
vn 0.5621 -0.7858 0.2578
vn 0.3624 -0.8602 0.3587
vn 0.6672 -0.6300 -0.3974
vn 0.8722 -0.3195 -0.3704
vn 0.8950 -0.4106 -0.1742
vn 0.8800 0.4617 -0.1115
vn 0.9902 0.1261 -0.0608
vn 0.9959 0.0855 0.0278
vn 0.5513 0.8313 0.0704
vn 0.0308 0.5329 0.8456
vn 0.0980 0.5577 0.8242
vn 0.2125 0.0531 0.9757
vn 0.0810 -0.2639 0.9612
vn 0.0325 -0.5304 0.8471
vn -0.1568 -0.5129 0.8440
vn -0.5142 -0.6313 0.5806
vn 0.5561 -0.8271 0.0810
vn 0.4924 -0.5108 0.7047
vn 0.4072 -0.5376 0.7384
vn 0.5320 -0.2302 0.8149
vn 0.4272 0.1568 0.8904
vn 0.3980 0.6162 0.6796
vn 0.4960 0.3788 0.7814
vn -0.8208 0.1363 0.5548
vn -0.7698 0.4711 0.4307
vn -0.9328 -0.0022 0.3603
vn -0.6793 -0.6562 0.3285
vn -0.7726 -0.4147 0.4807
vn -0.7428 -0.3431 0.5750
vn -0.6412 -0.6084 0.4676
vn -0.1591 -0.8592 0.4863
vn -0.0880 -0.8693 0.4865
vn -0.5037 -0.3008 0.8098
vn -0.4860 0.3054 0.8189
vn -0.2358 0.6862 0.6882
vn -0.3913 0.5909 0.7055
vn -0.6350 0.1448 0.7588
vn -0.7260 0.5812 -0.3677
vn -0.5675 0.7487 -0.3425
vn -0.6096 0.0101 -0.7926
vn -0.4927 -0.3621 -0.7913
vn -0.4538 -0.3808 -0.8056
vn -0.0187 -0.6985 -0.7154
vn 0.1017 -0.0833 -0.9913
vn -0.9051 -0.4109 -0.1098
vn -0.9204 -0.2234 -0.3208
vn -0.9784 0.0089 -0.2065
vn -0.9836 0.1267 -0.1280
vn -0.9163 0.2927 -0.2733
vn -0.5243 0.6420 -0.5594
vn -0.6449 0.6682 -0.3710
vn 0.3246 0.1454 -0.9346
vn 0.1151 -0.1735 -0.9781
vn 0.1446 -0.2449 -0.9587
vn 0.3530 0.1951 -0.9151
vn 0.7039 0.1744 -0.6886
vn 0.5696 -0.5776 -0.5847
vn 0.4562 -0.2524 -0.8533
vn -0.7664 0.0140 -0.6422
vn -0.5754 -0.0207 -0.8176
vn -0.2071 -0.3640 -0.9081
vn 0.2906 -0.6126 -0.7350
vn 0.5615 0.0351 -0.8267
vn 0.3079 0.3642 -0.8789
vn 0.1214 0.2585 -0.9584
vn 0.7520 0.6347 -0.1780
vn 0.6229 0.7081 0.3326
vn 0.8375 0.3459 0.4230
vn 0.7764 0.4890 0.3976
vn 0.4398 0.8344 0.3322
vn 0.5965 0.6173 0.5129
vn 0.4597 0.5508 0.6966
vn -0.2147 0.5825 0.7839
vn -0.3576 0.6266 0.6924
vn -0.2158 0.8577 0.4666
vn 0.1563 0.9225 0.3528
vn -0.3190 0.7016 0.6372
vn -0.4416 0.5139 0.7355
vn -0.2822 0.6511 0.7045
vn -0.6683 0.6848 0.2905
vn -0.6791 0.6694 0.3012
vn -0.6824 0.7230 -0.1077
vn -0.5376 0.7160 -0.4454
vn -0.4513 0.8733 -0.1832
vn -0.2975 0.9481 -0.1120
vn -0.6459 0.5834 -0.4924
vn -0.7937 0.3874 -0.4690
vn -0.7593 0.3683 -0.5364
vn -0.3397 0.6824 -0.6472
vn -0.0553 0.6496 -0.7583
vn 0.1747 0.5457 -0.8196
vn -0.0624 0.5046 -0.8611
vn 0.0896 0.2926 -0.9520
vn 0.1217 0.4045 -0.9064
vn 0.2803 0.6210 -0.7320
vn 0.5296 0.6725 -0.5170
vn 0.3575 0.9283 -0.1025
vn 0.6283 0.7311 -0.2659
vn 0.7265 0.6715 0.1457
vn 0.8512 0.4882 0.1927
vn -0.0083 0.9722 -0.2340
vn -0.0124 0.9896 0.1432
vn 0.1424 0.9603 0.2398
vn 0.3133 0.8453 0.4329
vn 0.1732 0.9400 0.2939
vn 0.0765 0.9155 0.3951
vn 0.0925 0.8270 0.5545
vn 0.7794 0.5983 -0.1859
vn 0.2594 0.9114 -0.3194
vn 0.3634 0.7337 -0.5741
vn 0.2858 0.8253 -0.4870
vn 0.3826 0.8986 -0.2147
vn 0.4019 0.8967 -0.1854
vn -0.1283 0.9701 -0.2058
vn 0.0566 0.9291 -0.3655
vn -0.1266 0.9814 -0.1442
vn -0.1824 0.9484 0.2595
vn -0.2797 0.8820 0.3793
vn -0.3821 0.8581 0.3430
vn -0.1847 0.9400 0.2870
vn -0.3569 0.8554 0.3753
vn 0.2024 0.9788 0.0307
vn 0.1967 0.9713 0.1341
vn -0.1647 0.9857 -0.0358
vn -0.5840 0.7782 -0.2308
vn -0.5772 0.8061 -0.1308
vn -0.8058 0.5908 -0.0412
vn -0.9215 0.2143 -0.3240
vn -0.1978 0.9405 0.2764
vn -0.0517 0.9957 0.0767
vn 0.1527 0.9707 -0.1857
vn 0.1229 0.9827 -0.1383
vn 0.2355 0.8328 -0.5010
vn 0.3422 0.5168 -0.7847
vn 0.2703 0.3651 -0.8909
vn 0.1028 0.9705 0.2183
vn 0.5552 0.8286 0.0723
vn 0.4815 0.8765 0.0011
vn 0.4539 0.8911 -0.0007
vn 0.4888 0.8646 0.1165
vn 0.3135 0.9495 0.0119
vn 0.5875 0.8001 -0.1211
vn 0.3788 0.8618 0.3373
vn 0.3144 0.9489 0.0285
vn 0.4237 0.8665 -0.2639
vn 0.1971 0.9758 -0.0947
vn 0.4021 0.8617 0.3096
vn 0.7053 0.6888 -0.1676
vn 0.5854 0.7015 -0.4063
vn 0.5445 0.6550 -0.5240
vn 0.6814 0.7072 0.1888
vn 0.1557 0.9877 0.0166
vn 0.4927 0.8694 -0.0383
vn 0.5198 0.8123 -0.2644
vn 0.3659 0.8930 -0.2620
vn 0.2858 0.5359 -0.7944
vn -0.0023 0.9565 0.2916
vn -0.1002 0.9945 -0.0302
vn 0.0820 0.9966 -0.0101
vn -0.0584 0.9679 -0.2444
vn -0.0800 0.9662 -0.2451
vn -0.1464 0.9507 -0.2734
vn -0.1833 0.8841 -0.4297
vn -0.1738 0.8488 -0.4994
vn -0.0312 0.9174 -0.3967
vn -0.3699 0.9196 -0.1322
vn -0.1328 0.5680 -0.8122
vn -0.1281 0.7704 -0.6246
vn 0.0206 0.9101 -0.4139
vn -0.1222 0.8681 -0.4811
vn -0.4956 0.8135 -0.3044
vn 0.0512 0.2727 -0.9607
vn -0.1773 0.5933 -0.7852
vn 0.1461 0.5812 -0.8005
vn -0.1853 0.7260 -0.6622
vn -0.4416 0.5393 -0.7170
vn -0.8568 0.1064 -0.5045
vn 0.1087 0.9856 -0.1294
vn -0.0840 0.9856 0.1468
vn -0.0935 0.9936 -0.0628
vn -0.4528 0.8914 0.0216
vn -0.4446 0.8936 0.0613
vn -0.4339 0.9005 -0.0281
vn -0.6630 0.7134 -0.2268
vn -0.5144 0.8564 0.0437
vn -0.4598 0.8857 -0.0637
vn -0.3391 0.9293 0.1463
vn -0.7001 0.7127 -0.0439
vn -0.7607 0.6053 -0.2343
vn -0.3693 0.8777 -0.3055
vn -0.3333 0.9413 0.0539
vn -0.2900 0.8898 0.3524
vn -0.7874 0.6057 -0.1141
vn -0.6878 0.7216 -0.0792
vn -0.6474 0.5825 -0.4915
vn -0.7101 0.6563 -0.2550
vn -0.5315 0.8253 0.1907
vn -0.3771 0.8899 0.2567
vn 0.0659 0.9870 0.1464
vn -0.1342 0.9203 0.3673
vn -0.0327 0.9775 0.2085
vn -0.2590 0.8733 0.4126
vn -0.2090 0.9659 0.1530
vn 0.0863 0.9657 0.2448
vn -0.2497 0.9273 0.2787
vn -0.2620 0.9524 0.1555
vn -0.0767 0.8396 0.5377
vn 0.1633 0.8249 0.5411
vn -0.3498 0.8905 0.2910
vn -0.2300 0.8263 0.5141
vn -0.2066 0.4795 0.8529
vn -0.1690 0.5548 0.8147
vn -0.0729 0.8961 0.4378
vn -0.2378 0.8872 0.3955
vn -0.2234 0.8766 0.4262
vn 0.0038 0.6810 0.7323
vn -0.1359 0.5105 0.8491
vn -0.4372 0.5456 0.7150
vn -0.1579 0.7822 0.6027
vn 0.1851 0.9790 -0.0855
vn 0.2985 0.9501 0.0903
vn 0.3356 0.9341 -0.1220
vn 0.2952 0.9136 0.2798
vn 0.1502 0.9837 0.0989
vn 0.1297 0.9594 -0.2504
vn 0.2114 0.9102 0.3560
vn 0.0096 0.9443 0.3288
vn 0.1856 0.9826 -0.0102
vn 0.3744 0.8639 -0.3370
vn 0.2822 0.9404 0.1898
vn 0.1992 0.8247 0.5294
vn 0.4645 0.6789 0.5686
vn 0.7667 0.6410 -0.0362
vn 0.5634 0.8066 -0.1791
vn 0.2748 0.8303 0.4849
vn 0.3496 0.9081 0.2307
vn 0.5412 0.5614 0.6260
vn 0.8738 0.2050 0.4410
vn 0.8251 0.5263 0.2054
vn 0.8078 0.5893 0.0134
vn 0.6202 0.7711 0.1437
vn 0.9910 0.1309 -0.0286
vn 0.7991 0.5998 -0.0414
vn 0.9818 0.1832 -0.0493
vn 0.9144 0.2617 -0.3088
vn 0.6082 0.6962 -0.3813
vn 0.8884 0.1135 -0.4448
vn 0.8175 0.1950 -0.5419
vn 0.7934 0.3058 -0.5263
vn 0.7481 0.4561 -0.4819
vn 0.7622 -0.1305 -0.6341
vn 0.7822 0.1366 -0.6079
vn 0.7083 0.0472 -0.7043
vn 0.5749 0.2089 -0.7911
vn 0.5650 0.2154 -0.7965
vn 0.6156 -0.4941 -0.6140
vn 0.7209 -0.1943 -0.6652
vn 0.4696 0.2833 -0.8362
vn 0.3918 -0.2804 -0.8763
vn 0.3834 0.0154 -0.9235
vn 0.1019 0.1696 -0.9802
vn 0.1257 0.3509 -0.9279
vn 0.3247 0.6957 -0.6408
vn 0.1866 0.7067 -0.6825
vn 0.4081 -0.0591 -0.9110
vn 0.1636 0.6890 -0.7060
vn 0.0837 0.8416 -0.5337
vn -0.0487 -0.7958 -0.6036
vn -0.3200 -0.1155 -0.9403
vn -0.3137 0.6271 -0.7130
vn -0.2377 0.7101 -0.6628
vn -0.3014 -0.7351 -0.6073
vn -0.2252 -0.7305 -0.6447
vn -0.5460 -0.2842 -0.7881
vn -0.5977 0.1916 -0.7785
vn -0.5474 0.6731 -0.4973
vn -0.2807 -0.2653 -0.9224
vn 0.0034 -0.6433 -0.7656
vn -0.3899 -0.2492 -0.8865
vn -0.4609 -0.2012 -0.8643
vn -0.5323 0.5010 -0.6824
vn -0.6715 0.6684 -0.3199
vn -0.4411 0.7298 -0.5224
vn -0.7771 0.4836 -0.4027
vn -0.5090 0.8475 -0.1506
vn -0.9393 -0.1629 -0.3019
vn -0.8690 0.4868 -0.0883
vn -0.4695 0.8791 -0.0828
vn -0.9434 0.1114 -0.3122
vn -0.9817 0.1760 -0.0723
vn -0.9079 0.4157 0.0533
vn -0.7907 0.5831 -0.1864
vn -0.9240 -0.1021 -0.3686
vn -0.9418 0.3185 -0.1078
vn -0.8823 0.4706 -0.0105
vn -0.9749 0.2138 -0.0625
vn -0.9342 0.3131 0.1708
vn -0.8851 -0.4527 0.1075
vn -0.8303 -0.4509 0.3276
vn -0.9356 -0.0168 0.3527
vn -0.9294 0.2730 0.2485
vn -0.8581 0.4098 0.3094
vn -0.8894 0.2798 0.3616
vn -0.2654 0.2648 0.9271
vn -0.4087 0.4788 0.7770
vn -0.6574 0.2141 0.7225
vn -0.4240 0.6442 0.6366
vn -0.6143 0.2863 0.7353
vn -0.3037 0.5925 0.7461
vn -0.4746 0.5272 0.7048
vn -0.4780 0.5215 0.7068
vn -0.4850 0.4280 0.7626
vn -0.1385 0.9029 0.4069
vn -0.2641 -0.7534 0.6022
vn -0.3249 0.0127 0.9457
vn -0.3045 0.4454 0.8420
vn -0.2096 0.5199 0.8281
vn 0.0597 0.9483 0.3116
vn -0.3388 -0.5553 0.7595
vn -0.0924 -0.7097 0.6984
vn -0.0622 -0.3739 0.9254
vn -0.0927 0.0856 0.9920
vn 0.1209 0.6480 0.7520
vn -0.1580 0.8068 0.5693
vn 0.5370 0.5179 0.6659
vn 0.4103 0.6812 0.6063
vn 0.4897 0.5936 0.6386
vn 0.5569 0.4046 0.7254
vn 0.5587 0.6156 0.5557
vn 0.6689 0.6931 0.2686
vn 0.7473 -0.1321 0.6512
vn 0.9095 0.2369 0.3415
vn 0.7191 0.6853 0.1154
vn 0.6460 0.6952 0.3153
vn 0.8750 -0.2018 0.4402
vn 0.8814 0.0475 0.4699
vn 0.8863 0.2466 0.3921
vn 0.5972 0.7466 0.2932
vn 0.5055 0.7546 0.4184
vn 0.5723 -0.7986 0.1863
vn 0.8309 -0.1616 0.5324
vn 0.8872 0.2572 0.3829
vn 0.8115 0.3559 0.4635
vn 0.7842 0.4357 0.4419
vn 0.6764 0.7364 0.0154
vn 0.3807 -0.1880 -0.9054
vn 0.3348 0.1115 -0.9357
vn 0.2979 -0.2276 -0.9271
vn 0.2218 0.4252 -0.8775
vn 0.1673 0.4180 -0.8929
vn 0.3334 -0.0036 -0.9428
vn 0.1568 0.2823 -0.9464
vn 0.1359 0.0251 -0.9904
vn 0.2390 0.2955 -0.9250
vn 0.2013 0.3358 -0.9202
vn 0.5211 -0.5513 -0.6516
vn 0.0167 -0.6234 -0.7817
vn 0.3613 -0.3410 -0.8678
vn 0.3861 0.1019 -0.9168
vn -0.2426 0.2908 -0.9255
vn 0.6493 -0.4314 -0.6263
vn 0.1000 -0.6564 -0.7477
vn 0.5080 -0.3446 -0.7894
vn 0.4537 -0.1491 -0.8786
vn 0.0671 -0.3577 -0.9314
vn -0.4537 -0.1090 -0.8844
vn -0.6217 0.7483 -0.2313
vn -0.8472 0.1710 -0.5029
vn -0.6268 0.4724 -0.6196
vn -0.5294 -0.6841 -0.5017
vn -0.5787 -0.2970 -0.7595
vn -0.8407 0.2146 -0.4972
vn -0.6485 -0.4539 -0.6111
vn -0.5260 -0.2515 -0.8124
vn -0.5620 -0.2935 -0.7734
vn -0.9537 -0.1972 -0.2270
vn -0.4395 -0.4721 -0.7642
vn -0.6028 -0.0090 -0.7979
vn -0.5108 -0.1383 -0.8485
vn -0.7972 -0.4399 -0.4134
vn -0.8687 -0.3778 -0.3203
vn -0.3420 -0.1229 -0.9316
vn -0.4756 -0.1982 -0.8570
vn -0.5403 -0.4323 -0.7219
vn -0.6669 -0.3626 -0.6510
vn -0.8898 -0.3956 -0.2275
vn -0.8583 -0.3769 -0.3483
vn -0.7594 0.2112 0.6153
vn -0.8302 0.2807 0.4816
vn -0.6525 0.6093 0.4506
vn -0.8148 -0.5286 0.2382
vn -0.9110 -0.2157 0.3514
vn -0.6565 -0.0439 0.7530
vn -0.8846 -0.3793 0.2712
vn -0.8708 -0.4571 0.1810
vn -0.6049 -0.6785 0.4168
vn -0.5392 -0.6425 0.5445
vn -0.9525 -0.0374 0.3022
vn -0.9340 -0.1225 0.3355
vn -0.6088 -0.6395 0.4696
vn -0.3591 -0.8492 0.3872
vn -0.3646 -0.8613 0.3538
vn -0.6622 -0.7104 0.2385
vn -0.7999 -0.5479 0.2450
vn -0.5870 -0.6847 0.4320
vn -0.4005 -0.7776 0.4847
vn -0.4918 -0.6043 0.6268
vn -0.1625 -0.8581 0.4871
vn 0.3173 0.5910 0.7417
vn 0.2247 -0.0469 0.9733
vn 0.4656 0.1323 0.8751
vn 0.1182 -0.4503 0.8850
vn 0.2785 -0.3169 0.9067
vn 0.3821 -0.1705 0.9083
vn 0.1628 -0.6271 0.7618
vn -0.0276 -0.4336 0.9007
vn 0.3549 -0.3057 0.8835
vn 0.4999 -0.3839 0.7763
vn 0.2237 -0.5626 0.7959
vn -0.0072 -0.5707 0.8211
vn 0.1277 -0.6818 0.7203
vn 0.3317 -0.7696 0.5456
vn 0.3517 -0.6769 0.6467
vn 0.1388 -0.7501 0.6466
vn 0.0724 -0.7387 0.6702
vn 0.0190 -0.6912 0.7224
vn 0.2899 -0.5330 0.7949
vn 0.5029 -0.4691 0.7260
vn 0.2994 -0.7287 0.6160
vn 0.9980 0.0602 0.0194
vn 0.9508 0.1259 -0.2829
vn 0.9890 0.0241 0.1458
vn 0.9649 0.0976 -0.2436
vn 0.9110 0.4123 -0.0091
vn 0.8377 0.5259 0.1475
vn 0.9084 -0.3945 0.1382
vn 0.9602 -0.2131 -0.1803
vn 0.9566 0.0682 0.2834
vn 0.9558 -0.2334 -0.1791
vn 0.7921 -0.5150 0.3277
vn 0.9026 -0.4261 -0.0617
vn 0.9373 -0.1677 0.3054
vn 0.9733 -0.1374 -0.1840
vn 0.8743 -0.4070 -0.2644
vn 0.6072 -0.4991 0.6182
vn 0.9337 -0.3179 0.1648
vn 0.9461 -0.1791 0.2697
vn 0.9812 -0.1929 0.0061
vn 0.7734 -0.3442 -0.5324
vn 0.7742 -0.6124 -0.1603
vn 0.7465 -0.6008 -0.2861
vn 0.6427 -0.6261 -0.4415
vn 0.4074 -0.6017 -0.6870
vn 0.4321 -0.8397 -0.3288
vn 0.3046 -0.7065 -0.6388
vn 0.4634 -0.6698 -0.5803
vn 0.3366 -0.9331 0.1265
vn 0.3194 -0.7081 -0.6297
vn 0.1598 -0.7420 -0.6510
vn -0.0249 -0.7875 -0.6158
vn 0.3116 -0.9464 0.0850
vn -0.0937 -0.9698 -0.2253
vn -0.2518 -0.7710 -0.5850
vn -0.1844 -0.8379 -0.5137
vn -0.0683 -0.8384 -0.5408
vn -0.0119 -0.9729 0.2307
vn -0.2319 -0.9288 -0.2890
vn -0.3638 -0.7829 -0.5047
vn -0.3884 -0.8844 -0.2588
vn -0.2263 -0.9290 -0.2928
vn -0.3084 -0.7229 -0.6183
vn -0.1203 -0.7668 -0.6305
vn -0.1031 -0.9872 -0.1220
vn -0.2305 -0.9233 -0.3072
vn -0.1725 -0.9383 -0.2997
vn -0.0565 -0.9552 -0.2904
vn -0.3113 -0.8336 -0.4562
vn -0.4226 -0.7868 -0.4498
vn -0.0893 -0.9581 -0.2723
vn -0.0219 -0.9730 -0.2298
vn -0.3437 -0.8580 -0.3817
vn -0.5274 -0.8380 -0.1399
vn -0.4062 -0.9052 -0.1250
vn -0.0405 -0.9955 -0.0855
vn -0.2420 -0.9698 -0.0305
vn -0.5322 -0.8466 0.0062
vn -0.2366 -0.9509 0.1995
vn -0.4074 -0.9130 -0.0222
vn -0.1167 -0.9798 -0.1622
vn -0.0996 -0.9750 -0.1985
vn -0.4165 -0.8873 -0.1978
vn -0.5157 -0.8485 -0.1190
vn -0.8861 -0.3554 0.2977
vn -0.6596 -0.7349 0.1574
vn -0.8239 -0.2358 0.5153
vn -0.1687 -0.9849 0.0392
vn -0.4743 -0.7434 0.4716
vn -0.5214 -0.4335 0.7349
vn -0.0930 -0.9943 -0.0521
vn -0.1042 -0.9533 0.2837
vn -0.3225 -0.5679 0.7573
vn -0.4236 -0.6683 0.6115
vn -0.0347 -0.9992 -0.0185
vn -0.1300 -0.9571 0.2591
vn -0.2481 -0.9078 0.3381
vn -0.5611 -0.6321 0.5344
vn -0.4091 -0.7489 0.5213
vn -0.1381 -0.9894 -0.0458
vn -0.2623 -0.9647 -0.0217
vn -0.3695 -0.9153 0.1606
vn -0.4740 -0.8521 0.2219
vn -0.6728 -0.2869 0.6819
vn -0.4807 -0.5605 0.6744
vn 0.6419 -0.6393 -0.4234
vn 0.5345 -0.7650 -0.3593
vn 0.6708 -0.6968 -0.2540
vn 0.4102 -0.8553 -0.3165
vn 0.2564 -0.9458 -0.1993
vn 0.2574 -0.9598 0.1121
vn 0.5962 -0.7146 0.3659
vn 0.1302 -0.9914 0.0153
vn 0.0700 -0.9953 -0.0668
vn 0.3068 -0.9495 0.0663
vn 0.3359 -0.8767 0.3443
vn 0.2074 -0.9347 0.2888
vn 0.2322 -0.9700 -0.0719
vn 0.2818 -0.9529 -0.1123
vn 0.4711 -0.8814 0.0350
vn 0.4285 -0.8055 0.4095
vn 0.5959 -0.7836 0.1757
vn 0.5906 -0.8017 0.0919
vn 0.2779 -0.9548 -0.1051
vn 0.2220 -0.9738 -0.0493
vn 0.2134 -0.9747 0.0667
vn -0.0174 -0.9186 0.3949
vn -0.0310 -0.6093 0.7923
vn -0.2122 -0.7471 0.6300
vn -0.1502 -0.7087 0.6893
vn -0.2426 -0.6200 0.7462
vn -0.0483 -0.6840 0.7279
vn -0.1336 -0.9665 0.2193
vn -0.0222 -0.8269 0.5619
vn 0.1911 -0.7278 0.6586
vn 0.1992 -0.8516 0.4849
vn 0.1070 -0.9925 0.0593
vn 0.0268 -0.9984 0.0499
vn 0.1613 -0.8635 0.4779
vn 0.2919 -0.6335 0.7165
vn 0.3482 -0.7895 0.5054
vn 0.0852 -0.9924 0.0893
vn 0.0375 -0.9979 -0.0520
vn 0.0903 -0.9955 -0.0304
vn 0.3794 -0.8340 0.4006
vn 0.5111 -0.6419 0.5716
vn 0.5750 -0.6640 0.4780
vt 0.489266 0.499227
vt 0.482837 0.484823
vt 0.493801 0.490049
vt 0.660030 0.272229
vt 0.668196 0.284381
vt 0.658530 0.282079
vt 0.669685 0.274689
vt 0.680215 0.286145
vt 0.269391 0.570389
vt 0.256424 0.564469
vt 0.265693 0.561304
vt 0.273299 0.581909
vt 0.260083 0.573552
vt 0.275926 0.591464
vt 0.263860 0.585098
vt 0.310626 0.660324
vt 0.299119 0.651791
vt 0.309165 0.650193
vt 0.312523 0.672320
vt 0.300422 0.661933
vt 0.303883 0.683184
vt 0.302242 0.673924
vt 0.498176 0.503742
vt 0.502757 0.494438
vt 0.487521 0.475999
vt 0.497643 0.480450
vt 0.479401 0.472566
vt 0.678361 0.295280
vt 0.667399 0.293814
vt 0.247697 0.568715
vt 0.250965 0.577006
vt 0.266313 0.594696
vt 0.254166 0.587592
vt 0.289245 0.654578
vt 0.290138 0.663855
vt 0.291655 0.674791
vt 0.505903 0.484219
vt 0.492158 0.467149
vt 0.500953 0.470680
vt 0.485096 0.464457
vt 0.676376 0.304455
vt 0.666964 0.303327
vt 0.238967 0.573405
vt 0.241710 0.580529
vt 0.256078 0.596430
vt 0.244236 0.589664
vt 0.279500 0.657817
vt 0.279998 0.665802
vt 0.282568 0.682398
vt 0.281171 0.675191
vt 0.508121 0.473700
vt 0.496056 0.457949
vt 0.504338 0.460947
vt 0.659351 0.302048
vt 0.666205 0.312979
vt 0.659099 0.312054
vt 0.674965 0.313901
vt 0.229906 0.576689
vt 0.232397 0.583325
vt 0.245580 0.597322
vt 0.234529 0.591871
vt 0.269562 0.659768
vt 0.269763 0.667219
vt 0.270727 0.675958
vt 0.511080 0.463545
vt 0.507823 0.451204
vt 0.657737 0.321985
vt 0.665114 0.322652
vt 0.682033 0.314469
vt 0.674185 0.323467
vt 0.223166 0.585313
vt 0.235488 0.599062
vt 0.225135 0.594203
vt 0.259402 0.660354
vt 0.259324 0.668086
vt 0.272086 0.682648
vt 0.260184 0.677134
vt 0.514875 0.453658
vt 0.502030 0.438840
vt 0.510815 0.441298
vt 0.664319 0.332316
vt 0.656902 0.331953
vt 0.681485 0.324120
vt 0.673418 0.332988
vt 0.213916 0.587181
vt 0.225808 0.601711
vt 0.215639 0.596138
vt 0.249341 0.661102
vt 0.248962 0.668872
vt 0.261653 0.684044
vt 0.249681 0.677948
vt 0.517956 0.443510
vt 0.505009 0.429348
vt 0.512953 0.431230
vt 0.664155 0.342091
vt 0.657498 0.342052
vt 0.672306 0.342555
vt 0.680724 0.333710
vt 0.204432 0.589338
vt 0.215977 0.603726
vt 0.205740 0.597393
vt 0.239605 0.662851
vt 0.238986 0.669821
vt 0.251221 0.684863
vt 0.239495 0.677950
vt 0.519405 0.432974
vt 0.507700 0.419780
vt 0.514565 0.421105
vt 0.664260 0.351965
vt 0.658545 0.352188
vt 0.671246 0.352240
vt 0.678838 0.343267
vt 0.194806 0.591328
vt 0.205726 0.604235
vt 0.195716 0.598255
vt 0.230025 0.664652
vt 0.229245 0.670632
vt 0.240938 0.684132
vt 0.229561 0.677597
vt 0.520137 0.422385
vt 0.509584 0.409983
vt 0.516110 0.410946
vt 0.664172 0.361722
vt 0.658771 0.362185
vt 0.676835 0.352908
vt 0.670767 0.361862
vt 0.185389 0.592530
vt 0.195421 0.604152
vt 0.186040 0.599087
vt 0.220321 0.665283
vt 0.219341 0.670930
vt 0.230855 0.682888
vt 0.219524 0.677503
vt 0.521406 0.411943
vt 0.517485 0.400712
vt 0.504320 0.409420
vt 0.510725 0.400029
vt 0.663994 0.371277
vt 0.676038 0.362550
vt 0.670787 0.371292
vt 0.176253 0.593027
vt 0.185483 0.604679
vt 0.176702 0.599796
vt 0.210548 0.664963
vt 0.209279 0.670778
vt 0.220800 0.682493
vt 0.209344 0.677547
vt 0.522969 0.401509
vt 0.511588 0.390091
vt 0.518193 0.390441
vt 0.658428 0.372022
vt 0.664192 0.380847
vt 0.658775 0.381843
vt 0.676214 0.372063
vt 0.670804 0.380734
vt 0.167041 0.593397
vt 0.175830 0.605572
vt 0.167256 0.599992
vt 0.201037 0.664868
vt 0.199542 0.670521
vt 0.210719 0.682684
vt 0.199483 0.677107
vt 0.523552 0.390983
vt 0.512313 0.380208
vt 0.518058 0.380226
vt 0.664924 0.390599
vt 0.660226 0.391706
vt 0.676086 0.381547
vt 0.670662 0.390386
vt 0.157525 0.593817
vt 0.166107 0.605623
vt 0.157512 0.599542
vt 0.191945 0.665372
vt 0.190418 0.670269
vt 0.200882 0.682108
vt 0.190258 0.675982
vt 0.522719 0.380485
vt 0.512529 0.370303
vt 0.517400 0.370066
vt 0.665871 0.400306
vt 0.661894 0.401455
vt 0.675250 0.391148
vt 0.670737 0.400025
vt 0.148033 0.593841
vt 0.156246 0.604427
vt 0.147849 0.598692
vt 0.183078 0.665622
vt 0.181584 0.669762
vt 0.287246 0.971135
vt 0.282391 0.977602
vt 0.281523 0.970908
vt 0.521354 0.370099
vt 0.511912 0.360353
vt 0.516500 0.359884
vt 0.508216 0.360961
vt 0.666755 0.409622
vt 0.674632 0.400722
vt 0.671349 0.409262
vt 0.139019 0.593088
vt 0.146541 0.602823
vt 0.138677 0.597659
vt 0.174235 0.664872
vt 0.181355 0.674603
vt 0.172634 0.668767
vt 0.182478 0.678293
vt 0.172328 0.673333
vt 0.520228 0.359732
vt 0.510600 0.350441
vt 0.515188 0.349713
vt 0.667723 0.418587
vt 0.675035 0.409968
vt 0.672339 0.418127
vt 0.130398 0.591739
vt 0.137215 0.601542
vt 0.129883 0.596316
vt 0.165548 0.663490
vt 0.163744 0.667385
vt 0.173436 0.676828
vt 0.163346 0.671971
vt 0.518920 0.349370
vt 0.508908 0.340643
vt 0.513129 0.339723
vt 0.505516 0.341632
vt 0.669098 0.427539
vt 0.676056 0.418887
vt 0.673379 0.427020
vt 0.121709 0.590172
vt 0.128181 0.600192
vt 0.121069 0.594395
vt 0.157315 0.662278
vt 0.155460 0.665866
vt 0.543362 0.298735
vt 0.539032 0.305587
vt 0.538767 0.298254
vt 0.516567 0.339223
vt 0.506847 0.330976
vt 0.510298 0.330007
vt 0.665634 0.429131
vt 0.670921 0.436541
vt 0.668072 0.438023
vt 0.676840 0.427773
vt 0.674460 0.436036
vt 0.112865 0.588386
vt 0.119271 0.597952
vt 0.112200 0.591855
vt 0.149615 0.661296
vt 0.155008 0.670114
vt 0.147931 0.664241
vt 0.543304 0.306003
vt 0.539438 0.313788
vt 0.513114 0.329438
vt 0.504141 0.321454
vt 0.506939 0.320480
vt 0.501902 0.322431
vt 0.672939 0.445229
vt 0.677337 0.436700
vt 0.675851 0.444750
vt 0.104335 0.586066
vt 0.110529 0.594758
vt 0.103675 0.588896
vt 0.142272 0.659901
vt 0.537211 0.323140
vt 0.536255 0.314975
vt 0.542982 0.314104
vt 0.539844 0.322216
vt 0.509226 0.319882
vt 0.500650 0.312130
vt 0.503162 0.311073
vt 0.498645 0.313168
vt 0.675009 0.453308
vt 0.115702 0.084952
vt 0.113164 0.092926
vt 0.112806 0.085420
vt 0.096472 0.583071
vt 0.102146 0.591245
vt 0.095764 0.585635
vt 0.140762 0.662303
vt 0.135193 0.657755
vt 0.537756 0.331404
vt 0.542772 0.322452
vt 0.540182 0.330611
vt 0.505222 0.310403
vt 0.496520 0.303059
vt 0.498825 0.301909
vt 0.494686 0.304173
vt 0.677674 0.452812
vt 0.677278 0.460933
vt 0.115829 0.092522
vt 0.113510 0.100916
vt 0.089062 0.579570
vt 0.094224 0.587740
vt 0.088300 0.581949
vt 0.133699 0.659929
vt 0.128549 0.655224
vt 0.538233 0.339988
vt 0.542875 0.330801
vt 0.540530 0.339296
vt 0.500722 0.301161
vt 0.491912 0.294276
vt 0.493790 0.293177
vt 0.490426 0.295328
vt 0.679783 0.460413
vt 0.679932 0.468367
vt 0.116031 0.100562
vt 0.113901 0.109082
vt 0.081762 0.575717
vt 0.086719 0.583878
vt 0.081041 0.577682
vt 0.127040 0.657243
vt 0.122546 0.652738
vt 0.539031 0.349058
vt 0.543075 0.339448
vt 0.540973 0.348526
vt 0.495341 0.292450
vt 0.486782 0.285821
vt 0.488116 0.284912
vt 0.485732 0.286683
vt 0.112848 0.117302
vt 0.111915 0.108714
vt 0.116031 0.108808
vt 0.114321 0.117534
vt 0.074683 0.571447
vt 0.079605 0.579250
vt 0.074093 0.572868
vt 0.121195 0.654406
vt 0.117193 0.650193
vt 0.540041 0.358486
vt 0.543121 0.348630
vt 0.541485 0.358133
vt 0.489223 0.284302
vt 0.481005 0.277764
vt 0.481926 0.277036
vt 0.480284 0.278448
vt 0.113649 0.126319
vt 0.115902 0.117350
vt 0.114721 0.126456
vt 0.068214 0.566646
vt 0.072955 0.573980
vt 0.067747 0.567649
vt 0.071702 0.574360
vt 0.066869 0.568416
vt 0.540941 0.368090
vt 0.543078 0.358190
vt 0.541994 0.367865
vt 0.482695 0.276542
vt 0.475252 0.269586
vt 0.474579 0.270158
vt 0.114286 0.135750
vt 0.115959 0.135758
vt 0.115092 0.135841
vt 0.062077 0.562047
vt 0.062441 0.561304
vt 0.061398 0.562608
vt 0.060664 0.562773
vt 0.542490 0.377649
vt 0.541697 0.377807
vt 0.543152 0.367891
vt 0.475816 0.269196
vt 0.468306 0.850189
vt 0.456759 0.885794
vt 0.438077 0.872260
vt 0.304413 0.489592
vt 0.303653 0.487553
vt 0.305172 0.487179
vt 0.408204 0.730786
vt 0.395356 0.742223
vt 0.395904 0.730087
vt 0.407529 0.742932
vt 0.396631 0.752072
vt 0.018500 0.384142
vt 0.034991 0.380876
vt 0.028039 0.390813
vt 0.025649 0.374321
vt 0.039012 0.371222
vt 0.714610 0.603005
vt 0.727305 0.614098
vt 0.715172 0.614698
vt 0.736682 0.603221
vt 0.726761 0.602422
vt 0.275550 0.268720
vt 0.276206 0.252326
vt 0.283001 0.261991
vt 0.265563 0.275664
vt 0.268638 0.258860
vt 0.256857 0.280171
vt 0.258532 0.265600
vt 0.398066 0.720301
vt 0.410352 0.720985
vt 0.383477 0.741249
vt 0.383740 0.730191
vt 0.385052 0.750229
vt 0.043809 0.387037
vt 0.037840 0.396315
vt 0.705453 0.616595
vt 0.716306 0.626278
vt 0.707471 0.628295
vt 0.737218 0.615024
vt 0.727351 0.625699
vt 0.268662 0.243191
vt 0.261542 0.248785
vt 0.249749 0.269972
vt 0.252103 0.254549
vt 0.385741 0.721281
vt 0.372022 0.740326
vt 0.372034 0.730847
vt 0.373745 0.748025
vt 0.052683 0.392884
vt 0.047906 0.401033
vt 0.717734 0.638030
vt 0.710174 0.640021
vt 0.736387 0.626779
vt 0.727198 0.637505
vt 0.260894 0.233975
vt 0.254597 0.238437
vt 0.243948 0.258280
vt 0.246304 0.243027
vt 0.373778 0.723209
vt 0.360360 0.740160
vt 0.360164 0.731354
vt 0.362324 0.747309
vt 0.062426 0.398247
vt 0.058330 0.405999
vt 0.064711 0.390886
vt 0.718717 0.649374
vt 0.734953 0.638645
vt 0.727511 0.648858
vt 0.254644 0.223957
vt 0.248615 0.227767
vt 0.239181 0.245992
vt 0.240723 0.231679
vt 0.361813 0.724255
vt 0.347947 0.731703
vt 0.350793 0.748173
vt 0.348372 0.740799
vt 0.072973 0.403033
vt 0.069123 0.411226
vt 0.719217 0.660067
vt 0.734727 0.650126
vt 0.728307 0.659503
vt 0.250084 0.213233
vt 0.243674 0.216796
vt 0.233982 0.234199
vt 0.235330 0.220446
vt 0.349681 0.724360
vt 0.336083 0.732549
vt 0.339568 0.749001
vt 0.336739 0.741645
vt 0.083624 0.407342
vt 0.080184 0.415720
vt 0.085456 0.399489
vt 0.719894 0.670635
vt 0.735781 0.661038
vt 0.728999 0.670039
vt 0.245710 0.202413
vt 0.239122 0.205577
vt 0.228240 0.222788
vt 0.230590 0.208806
vt 0.337850 0.725189
vt 0.326016 0.742361
vt 0.325217 0.734244
vt 0.328918 0.748903
vt 0.094106 0.411270
vt 0.091430 0.418906
vt 0.095479 0.404151
vt 0.721127 0.681577
vt 0.736499 0.671810
vt 0.729273 0.681016
vt 0.240642 0.191691
vt 0.234610 0.194131
vt 0.223373 0.210868
vt 0.226833 0.196611
vt 0.326826 0.727653
vt 0.315851 0.743330
vt 0.314981 0.736406
vt 0.088471 0.424143
vt 0.102892 0.421329
vt 0.100709 0.425916
vt 0.104816 0.414683
vt 0.105747 0.408518
vt 0.722514 0.692488
vt 0.735998 0.682813
vt 0.729487 0.691984
vt 0.235871 0.180726
vt 0.230602 0.182459
vt 0.220283 0.198184
vt 0.223835 0.184209
vt 0.316383 0.730757
vt 0.305560 0.745073
vt 0.304563 0.738571
vt 0.308518 0.750256
vt 0.116087 0.417358
vt 0.114642 0.423713
vt 0.116719 0.411487
vt 0.723508 0.702541
vt 0.735258 0.693708
vt 0.730087 0.702043
vt 0.232750 0.169308
vt 0.227695 0.170585
vt 0.218156 0.185307
vt 0.221226 0.171861
vt 0.305908 0.733235
vt 0.294025 0.740866
vt 0.298600 0.752783
vt 0.295235 0.747520
vt 0.127724 0.419267
vt 0.126639 0.425880
vt 0.724202 0.711681
vt 0.735544 0.703847
vt 0.730974 0.711146
vt 0.231100 0.157634
vt 0.225828 0.158560
vt 0.215813 0.172647
vt 0.219099 0.159465
vt 0.295433 0.735362
vt 0.285698 0.750171
vt 0.284344 0.743743
vt 0.125266 0.430490
vt 0.138742 0.427045
vt 0.137801 0.431577
vt 0.139384 0.420562
vt 0.139482 0.414604
vt 0.725127 0.720678
vt 0.736609 0.713186
vt 0.731719 0.720137
vt 0.229668 0.145920
vt 0.224494 0.146422
vt 0.213481 0.160003
vt 0.217901 0.146885
vt 0.444312 0.023095
vt 0.434607 0.015759
vt 0.443254 0.016566
vt 0.435615 0.022114
vt 0.423961 0.026649
vt 0.425533 0.021265
vt 0.150856 0.426931
vt 0.150399 0.430886
vt 0.151036 0.421283
vt 0.150871 0.416099
vt 0.726469 0.729894
vt 0.737218 0.722299
vt 0.732192 0.729406
vt 0.228062 0.134132
vt 0.223553 0.134205
vt 0.212406 0.147132
vt 0.217813 0.134228
vt 0.424679 0.015746
vt 0.413767 0.025185
vt 0.414966 0.020607
vt 0.163002 0.426042
vt 0.162933 0.429395
vt 0.162821 0.421253
vt 0.162460 0.416858
vt 0.727838 0.738633
vt 0.287215 0.423618
vt 0.296740 0.428277
vt 0.288956 0.428939
vt 0.227247 0.122226
vt 0.223429 0.121969
vt 0.213034 0.134191
vt 0.218566 0.121654
vt 0.414261 0.015923
vt 0.403528 0.024515
vt 0.404520 0.020180
vt 0.175206 0.424813
vt 0.175453 0.427961
vt 0.174708 0.420311
vt 0.174149 0.416173
vt 0.305245 0.432161
vt 0.296175 0.432992
vt 0.295398 0.423750
vt 0.305759 0.427702
vt 0.228069 0.110355
vt 0.224487 0.109799
vt 0.214518 0.121401
vt 0.219921 0.109174
vt 0.403874 0.015750
vt 0.393815 0.019971
vt 0.187367 0.422986
vt 0.187940 0.426109
vt 0.186526 0.418501
vt 0.185740 0.414369
vt 0.315070 0.431752
vt 0.304630 0.423412
vt 0.315566 0.427261
vt 0.230134 0.098646
vt 0.226579 0.097763
vt 0.216115 0.108719
vt 0.222038 0.096796
vt 0.393186 0.015508
vt 0.381699 0.024014
vt 0.382327 0.019953
vt 0.199314 0.420035
vt 0.200155 0.422872
vt 0.198211 0.415937
vt 0.197268 0.412143
vt 0.325113 0.431198
vt 0.314584 0.422933
vt 0.325553 0.427022
vt 0.232588 0.087034
vt 0.229358 0.085907
vt 0.218244 0.096115
vt 0.225214 0.084690
vt 0.381764 0.015802
vt 0.369823 0.023494
vt 0.370204 0.020127
vt 0.210950 0.415916
vt 0.211907 0.418194
vt 0.209764 0.412596
vt 0.208804 0.409503
vt 0.335417 0.430464
vt 0.324796 0.422995
vt 0.335764 0.426997
vt 0.235408 0.075493
vt 0.232811 0.074302
vt 0.221742 0.083846
vt 0.229462 0.073024
vt 0.369755 0.016681
vt 0.357729 0.023300
vt 0.357919 0.020523
vt 0.222268 0.411024
vt 0.223274 0.412825
vt 0.221065 0.408367
vt 0.220124 0.405869
vt 0.346282 0.430015
vt 0.335276 0.423655
vt 0.346552 0.427149
vt 0.239290 0.064256
vt 0.237232 0.063060
vt 0.226640 0.072148
vt 0.234559 0.061784
vt 0.357564 0.017674
vt 0.345559 0.023712
vt 0.345614 0.021163
vt 0.233230 0.405569
vt 0.234353 0.407134
vt 0.231918 0.403222
vt 0.230918 0.400988
vt 0.357685 0.430098
vt 0.346273 0.424390
vt 0.357918 0.427459
vt 0.244557 0.053592
vt 0.242764 0.052298
vt 0.232290 0.060915
vt 0.240409 0.050924
vt 0.345302 0.018540
vt 0.333228 0.024433
vt 0.333159 0.022033
vt 0.243692 0.399337
vt 0.244937 0.400712
vt 0.242262 0.397228
vt 0.241191 0.395191
vt 0.369367 0.430454
vt 0.357783 0.424924
vt 0.369573 0.427958
vt 0.250809 0.043497
vt 0.249226 0.042096
vt 0.238393 0.049993
vt 0.247119 0.040611
vt 0.332880 0.019550
vt 0.320757 0.025117
vt 0.320593 0.023100
vt 0.253489 0.392100
vt 0.254690 0.393158
vt 0.252125 0.390428
vt 0.251120 0.388780
vt 0.381208 0.430795
vt 0.369565 0.425566
vt 0.381369 0.428685
vt 0.257637 0.033851
vt 0.256412 0.032522
vt 0.245292 0.039610
vt 0.254749 0.031117
vt 0.320369 0.021001
vt 0.308326 0.025846
vt 0.308123 0.024358
vt 0.262533 0.383966
vt 0.263531 0.384663
vt 0.261411 0.382818
vt 0.260593 0.381656
vt 0.393206 0.431207
vt 0.381468 0.426672
vt 0.393316 0.429640
vt 0.265151 0.024771
vt 0.264336 0.023682
vt 0.253284 0.030173
vt 0.263201 0.022534
vt 0.307966 0.022799
vt 0.296083 0.026901
vt 0.295875 0.025827
vt 0.270778 0.375191
vt 0.271577 0.375626
vt 0.269887 0.374431
vt 0.269243 0.373636
vt 0.405247 0.431931
vt 0.393471 0.428153
vt 0.405321 0.430790
vt 0.273612 0.016565
vt 0.273096 0.015704
vt 0.262179 0.021765
vt 0.272351 0.014797
vt 0.295768 0.024691
vt 0.283974 0.027494
vt 0.278756 0.366156
vt 0.278129 0.365858
vt 0.277432 0.365317
vt 0.417220 0.432992
vt 0.417427 0.431324
vt 0.417273 0.432132
vt 0.282644 0.008692
vt 0.283001 0.009364
vt 0.282116 0.007984
vt 0.281618 0.007511
vt 0.283896 0.026639
vt 0.833439 0.869034
vt 0.796984 0.869802
vt 0.803946 0.847738
vt 0.169801 0.071203
vt 0.167075 0.071194
vt 0.167596 0.069631
vt 0.600117 0.584479
vt 0.587521 0.574733
vt 0.597546 0.572601
vt 0.592675 0.595764
vt 0.590005 0.586613
vt 0.820085 0.554682
vt 0.808573 0.545118
vt 0.820704 0.545738
vt 0.418842 0.467910
vt 0.405635 0.473827
vt 0.409098 0.464642
vt 0.415243 0.477064
vt 0.401876 0.485379
vt 0.411348 0.488589
vt 0.399259 0.494887
vt 0.551244 0.660214
vt 0.546387 0.671669
vt 0.542141 0.662004
vt 0.557513 0.681864
vt 0.555495 0.669893
vt 0.556526 0.691555
vt 0.548325 0.683638
vt 0.586174 0.564663
vt 0.596062 0.562544
vt 0.577631 0.577149
vt 0.582162 0.596329
vt 0.579733 0.587996
vt 0.809585 0.537107
vt 0.820636 0.537538
vt 0.395881 0.471353
vt 0.398787 0.462915
vt 0.392707 0.481948
vt 0.390479 0.490653
vt 0.536977 0.673806
vt 0.533108 0.665008
vt 0.547215 0.693340
vt 0.538598 0.684729
vt 0.576658 0.567932
vt 0.567913 0.579577
vt 0.571649 0.596043
vt 0.569570 0.588899
vt 0.810675 0.529657
vt 0.820151 0.529905
vt 0.386021 0.469366
vt 0.388286 0.462071
vt 0.383529 0.478512
vt 0.381761 0.486014
vt 0.527290 0.676061
vt 0.523972 0.668522
vt 0.537352 0.693606
vt 0.528550 0.685444
vt 0.567311 0.571637
vt 0.557971 0.581470
vt 0.561298 0.596796
vt 0.559369 0.590156
vt 0.811161 0.521586
vt 0.819969 0.521700
vt 0.376147 0.467165
vt 0.378027 0.460329
vt 0.374057 0.475722
vt 0.372555 0.482731
vt 0.518127 0.677709
vt 0.515041 0.670705
vt 0.527270 0.693087
vt 0.519171 0.686448
vt 0.557640 0.574055
vt 0.549017 0.591807
vt 0.547728 0.582804
vt 0.551010 0.598674
vt 0.811005 0.512798
vt 0.820112 0.512790
vt 0.366265 0.464736
vt 0.367962 0.457612
vt 0.364352 0.473641
vt 0.362954 0.480924
vt 0.509637 0.678694
vt 0.506443 0.671453
vt 0.510579 0.687747
vt 0.508910 0.695154
vt 0.547635 0.575103
vt 0.538707 0.593082
vt 0.537579 0.584042
vt 0.540700 0.599963
vt 0.810801 0.504394
vt 0.819921 0.504257
vt 0.356300 0.462735
vt 0.357738 0.455548
vt 0.354647 0.471708
vt 0.353411 0.479039
vt 0.501087 0.679649
vt 0.497884 0.672396
vt 0.501888 0.688734
vt 0.537748 0.576296
vt 0.527837 0.585424
vt 0.530473 0.599688
vt 0.528693 0.593529
vt 0.810871 0.497071
vt 0.819026 0.496828
vt 0.346218 0.461535
vt 0.347257 0.455063
vt 0.344988 0.469607
vt 0.344037 0.476194
vt 0.491946 0.680937
vt 0.489076 0.674448
vt 0.499982 0.696183
vt 0.492531 0.689079
vt 0.528233 0.578469
vt 0.518275 0.586654
vt 0.520392 0.598881
vt 0.518870 0.593605
vt 0.810843 0.490176
vt 0.817819 0.489863
vt 0.336074 0.460762
vt 0.336741 0.455191
vt 0.335246 0.467705
vt 0.334572 0.473366
vt 0.482689 0.682153
vt 0.480229 0.676598
vt 0.490608 0.695766
vt 0.483074 0.689134
vt 0.518834 0.580681
vt 0.508471 0.587356
vt 0.510331 0.598902
vt 0.508898 0.593923
vt 0.810230 0.482755
vt 0.816801 0.482360
vt 0.325938 0.459924
vt 0.326346 0.454646
vt 0.325379 0.466498
vt 0.324882 0.471854
vt 0.474116 0.682755
vt 0.471791 0.677514
vt 0.481235 0.694875
vt 0.474365 0.689347
vt 0.509214 0.581710
vt 0.498755 0.594360
vt 0.498460 0.587592
vt 0.500227 0.599490
vt 0.809109 0.474959
vt 0.815862 0.474447
vt 0.315809 0.459132
vt 0.315991 0.453681
vt 0.315473 0.465918
vt 0.315111 0.471446
vt 0.466185 0.682826
vt 0.463787 0.677431
vt 0.466322 0.689618
vt 0.464146 0.695213
vt 0.499455 0.581771
vt 0.488856 0.594293
vt 0.488714 0.587704
vt 0.490286 0.599289
vt 0.807943 0.467782
vt 0.814500 0.467180
vt 0.305641 0.458899
vt 0.305576 0.453586
vt 0.305558 0.465513
vt 0.305358 0.470901
vt 0.458108 0.682879
vt 0.455770 0.677628
vt 0.458123 0.689491
vt 0.489914 0.582037
vt 0.479468 0.587796
vt 0.758443 0.573501
vt 0.752691 0.566949
vt 0.758275 0.566088
vt 0.752014 0.574493
vt 0.747397 0.565063
vt 0.295432 0.459403
vt 0.295157 0.454791
vt 0.295580 0.465146
vt 0.295545 0.469826
vt 0.449545 0.683072
vt 0.447512 0.678513
vt 0.455810 0.694938
vt 0.449454 0.688811
vt 0.480717 0.582880
vt 0.479462 0.593516
vt 0.470402 0.587608
vt 0.753270 0.559137
vt 0.758009 0.558406
vt 0.748770 0.557613
vt 0.285241 0.460303
vt 0.284815 0.456399
vt 0.285560 0.465169
vt 0.285652 0.469137
vt 0.441117 0.683022
vt 0.439388 0.679153
vt 0.447273 0.693536
vt 0.440950 0.687887
vt 0.471642 0.583446
vt 0.470283 0.592458
vt 0.461153 0.586908
vt 0.753669 0.551767
vt 0.758151 0.551076
vt 0.749409 0.550404
vt 0.275118 0.461303
vt 0.274528 0.457627
vt 0.275610 0.465888
vt 0.275816 0.469632
vt 0.285831 0.232061
vt 0.280887 0.225013
vt 0.285357 0.225778
vt 0.433245 0.686989
vt 0.433487 0.682397
vt 0.438952 0.691889
vt 0.462501 0.582988
vt 0.451552 0.590396
vt 0.451888 0.585797
vt 0.753929 0.544419
vt 0.758443 0.543723
vt 0.749634 0.543132
vt 0.265067 0.462572
vt 0.264278 0.458896
vt 0.265760 0.467166
vt 0.266091 0.470923
vt 0.280738 0.218110
vt 0.285241 0.218880
vt 0.426096 0.685970
vt 0.426425 0.681357
vt 0.431214 0.690761
vt 0.453423 0.581870
vt 0.443066 0.584514
vt 0.754127 0.536351
vt 0.758324 0.535705
vt 0.750130 0.535241
vt 0.255074 0.464463
vt 0.254154 0.461078
vt 0.255907 0.468702
vt 0.256333 0.472177
vt 0.280731 0.211299
vt 0.284918 0.212015
vt 0.418846 0.684515
vt 0.419230 0.680240
vt 0.423909 0.689751
vt 0.444662 0.580889
vt 0.442648 0.588774
vt 0.434794 0.583080
vt 0.754263 0.527581
vt 0.757746 0.527045
vt 0.750945 0.526736
vt 0.245162 0.467013
vt 0.244240 0.464240
vt 0.246013 0.470496
vt 0.246467 0.473359
vt 0.280875 0.204578
vt 0.284349 0.205171
vt 0.411814 0.679055
vt 0.416682 0.688007
vt 0.411431 0.682587
vt 0.436258 0.580100
vt 0.434358 0.586598
vt 0.426733 0.581291
vt 0.754272 0.518687
vt 0.757149 0.518245
vt 0.751529 0.518058
vt 0.235386 0.469963
vt 0.234491 0.467708
vt 0.236223 0.472805
vt 0.236683 0.475148
vt 0.281120 0.197374
vt 0.283990 0.197864
vt 0.404801 0.677523
vt 0.409529 0.685461
vt 0.404433 0.680426
vt 0.428060 0.578857
vt 0.426299 0.584181
vt 0.418674 0.579028
vt 0.754117 0.509909
vt 0.756765 0.509504
vt 0.751594 0.509397
vt 0.225787 0.473177
vt 0.224839 0.471143
vt 0.226683 0.475752
vt 0.227185 0.477884
vt 0.281440 0.189465
vt 0.284081 0.189915
vt 0.278910 0.189951
vt 0.402775 0.682775
vt 0.398210 0.678162
vt 0.420003 0.576820
vt 0.418207 0.581669
vt 0.410862 0.576403
vt 0.753833 0.500946
vt 0.756336 0.500563
vt 0.751449 0.500528
vt 0.216379 0.476817
vt 0.215365 0.474939
vt 0.217346 0.479206
vt 0.217897 0.481194
vt 0.281871 0.181184
vt 0.284368 0.181608
vt 0.279480 0.181576
vt 0.396607 0.680297
vt 0.392466 0.675652
vt 0.412219 0.574350
vt 0.410356 0.578879
vt 0.403625 0.573562
vt 0.753459 0.491545
vt 0.755573 0.491223
vt 0.751448 0.491252
vt 0.207179 0.481062
vt 0.206221 0.479522
vt 0.208098 0.483035
vt 0.208628 0.484687
vt 0.282451 0.172818
vt 0.284559 0.173175
vt 0.390879 0.677641
vt 0.386818 0.672718
vt 0.404855 0.571861
vt 0.403145 0.575632
vt 0.396937 0.570475
vt 0.752983 0.481846
vt 0.754552 0.481608
vt 0.751493 0.481676
vt 0.198225 0.485868
vt 0.197440 0.484764
vt 0.198983 0.487294
vt 0.199424 0.488497
vt 0.283176 0.164264
vt 0.284741 0.164528
vt 0.280435 0.173089
vt 0.385422 0.674368
vt 0.381390 0.669397
vt 0.397910 0.569242
vt 0.396541 0.571994
vt 0.390572 0.567021
vt 0.752371 0.472080
vt 0.753512 0.471908
vt 0.751288 0.471993
vt 0.189566 0.491088
vt 0.188941 0.490315
vt 0.190173 0.492094
vt 0.190529 0.492949
vt 0.284017 0.155331
vt 0.285156 0.155522
vt 0.281683 0.164418
vt 0.380314 0.670597
vt 0.376558 0.665836
vt 0.391323 0.566147
vt 0.754277 0.471541
vt 0.752478 0.462171
vt 0.753055 0.461910
vt 0.751619 0.462301
vt 0.180750 0.496133
vt 0.181241 0.496701
vt 0.181718 0.497446
vt 0.285831 0.146159
vt 0.284159 0.146059
vt 0.284974 0.146015
vt 0.371770 0.662684
vt 0.372388 0.662050
vt 0.384535 0.563193
vt 0.385117 0.562544
vt 0.876187 0.497745
vt 0.887371 0.532004
vt 0.865002 0.533210
vt 0.370108 0.661048
vt 0.372571 0.661225
vt 0.158933 0.304080
vt 0.166066 0.288052
vt 0.170376 0.299964
vt 0.149748 0.307056
vt 0.154592 0.292029
vt 0.766202 0.118861
vt 0.777488 0.106307
vt 0.778253 0.117498
vt 0.045333 0.353562
vt 0.061651 0.348129
vt 0.057564 0.357064
vt 0.049455 0.344623
vt 0.064952 0.336439
vt 0.052861 0.332946
vt 0.066206 0.326461
vt 0.010084 0.522737
vt 0.021458 0.514052
vt 0.021821 0.524805
vt 0.009833 0.511989
vt 0.023963 0.502227
vt 0.016786 0.491760
vt 0.012393 0.500157
vt 0.175419 0.284473
vt 0.179706 0.296280
vt 0.161570 0.276212
vt 0.145379 0.294887
vt 0.151039 0.279582
vt 0.765450 0.107619
vt 0.776539 0.095987
vt 0.073851 0.350809
vt 0.070186 0.358959
vt 0.076667 0.340115
vt 0.077559 0.330964
vt 0.033540 0.515685
vt 0.034080 0.525510
vt 0.035724 0.504903
vt 0.028379 0.493847
vt 0.170149 0.273144
vt 0.157132 0.264284
vt 0.142579 0.281966
vt 0.148036 0.266941
vt 0.765575 0.097093
vt 0.775608 0.086277
vt 0.085903 0.352921
vt 0.082813 0.359920
vt 0.088144 0.343713
vt 0.088679 0.335815
vt 0.045918 0.517048
vt 0.046570 0.525498
vt 0.047704 0.507794
vt 0.039799 0.497283
vt 0.164539 0.261829
vt 0.153429 0.252187
vt 0.140725 0.268785
vt 0.144913 0.254427
vt 0.766208 0.087144
vt 0.775129 0.075977
vt 0.095298 0.361820
vt 0.100032 0.346709
vt 0.098120 0.355304
vt 0.100305 0.339319
vt 0.057643 0.518442
vt 0.058434 0.526320
vt 0.059217 0.509831
vt 0.051245 0.501272
vt 0.160362 0.250078
vt 0.150522 0.239967
vt 0.138064 0.255943
vt 0.141653 0.242031
vt 0.766392 0.076705
vt 0.775127 0.064978
vt 0.107741 0.364746
vt 0.112396 0.349073
vt 0.110604 0.357997
vt 0.112431 0.341383
vt 0.068579 0.519856
vt 0.069597 0.528026
vt 0.062556 0.503777
vt 0.070116 0.510942
vt 0.157738 0.237977
vt 0.147842 0.227685
vt 0.134519 0.243381
vt 0.138899 0.229486
vt 0.766093 0.065647
vt 0.775235 0.054411
vt 0.120211 0.366984
vt 0.124620 0.351237
vt 0.123021 0.360212
vt 0.124397 0.343487
vt 0.079580 0.521005
vt 0.080809 0.529212
vt 0.073620 0.504690
vt 0.081024 0.512065
vt 0.155116 0.225893
vt 0.145073 0.215321
vt 0.131703 0.230607
vt 0.137023 0.216680
vt 0.766185 0.054994
vt 0.775254 0.045005
vt 0.132595 0.367551
vt 0.136303 0.353422
vt 0.135056 0.361481
vt 0.135860 0.346452
vt 0.091213 0.521738
vt 0.092506 0.529100
vt 0.092416 0.513731
vt 0.084589 0.505808
vt 0.151619 0.213909
vt 0.142597 0.202853
vt 0.130544 0.217465
vt 0.135668 0.203788
vt 0.767159 0.045448
vt 0.775422 0.036099
vt 0.146897 0.362262
vt 0.144838 0.367467
vt 0.147800 0.355340
vt 0.147203 0.349345
vt 0.102924 0.522207
vt 0.104203 0.528523
vt 0.103877 0.515346
vt 0.095657 0.508137
vt 0.148229 0.201815
vt 0.140917 0.190333
vt 0.130090 0.204263
vt 0.134353 0.190989
vt 0.768494 0.036409
vt 0.776048 0.026696
vt 0.157074 0.368094
vt 0.159659 0.356631
vt 0.158968 0.363177
vt 0.158881 0.350954
vt 0.113858 0.522602
vt 0.115231 0.528570
vt 0.114681 0.516125
vt 0.106697 0.510560
vt 0.146252 0.189525
vt 0.139969 0.177809
vt 0.129067 0.191243
vt 0.133188 0.178241
vt 0.769516 0.026921
vt 0.777087 0.016948
vt 0.169358 0.369166
vt 0.171796 0.357345
vt 0.171258 0.364099
vt 0.170767 0.351484
vt 0.124080 0.522870
vt 0.125669 0.529021
vt 0.418047 0.663638
vt 0.424502 0.654906
vt 0.424450 0.662337
vt 0.145480 0.177161
vt 0.139300 0.165234
vt 0.127728 0.178292
vt 0.132688 0.165407
vt 0.770367 0.017110
vt 0.778253 0.007903
vt 0.181477 0.369317
vt 0.183625 0.357799
vt 0.183275 0.364380
vt 0.182393 0.352088
vt 0.134420 0.522803
vt 0.136141 0.528792
vt 0.124848 0.516197
vt 0.417908 0.656215
vt 0.424502 0.647606
vt 0.144674 0.164791
vt 0.138776 0.152556
vt 0.127364 0.165243
vt 0.133032 0.152482
vt 0.715205 0.007094
vt 0.710436 0.018432
vt 0.709129 0.009231
vt 0.721653 0.008114
vt 0.715717 0.016634
vt 0.194896 0.358086
vt 0.194748 0.363802
vt 0.193619 0.353126
vt 0.145205 0.522330
vt 0.146853 0.527526
vt 0.145716 0.516691
vt 0.137891 0.511787
vt 0.135088 0.516308
vt 0.143446 0.152341
vt 0.138757 0.139850
vt 0.128408 0.152147
vt 0.133888 0.139590
vt 0.711739 0.027976
vt 0.721315 0.017489
vt 0.716224 0.026503
vt 0.206002 0.357952
vt 0.206013 0.362799
vt 0.204739 0.353750
vt 0.155783 0.521575
vt 0.157314 0.525979
vt 0.156157 0.516792
vt 0.148190 0.512764
vt 0.142717 0.139816
vt 0.139556 0.127246
vt 0.129969 0.139135
vt 0.134965 0.126807
vt 0.712399 0.037358
vt 0.720975 0.027200
vt 0.716644 0.036019
vt 0.217337 0.357175
vt 0.217479 0.361749
vt 0.215968 0.353214
vt 0.165490 0.520652
vt 0.167063 0.524806
vt 0.477075 0.416012
vt 0.481519 0.406625
vt 0.481781 0.415025
vt 0.143291 0.127360
vt 0.141039 0.114751
vt 0.131272 0.126210
vt 0.136438 0.114108
vt 0.712741 0.046880
vt 0.721135 0.036649
vt 0.717020 0.045592
vt 0.228695 0.355844
vt 0.228974 0.360436
vt 0.227138 0.351876
vt 0.174565 0.519491
vt 0.176275 0.523660
vt 0.165787 0.516134
vt 0.477067 0.407529
vt 0.481260 0.397510
vt 0.144785 0.115018
vt 0.142905 0.102258
vt 0.132739 0.113334
vt 0.138658 0.101468
vt 0.713461 0.057065
vt 0.721542 0.046193
vt 0.717443 0.055926
vt 0.239582 0.354177
vt 0.239969 0.358427
vt 0.237965 0.350514
vt 0.183693 0.517948
vt 0.185400 0.521805
vt 0.174807 0.514948
vt 0.476775 0.398389
vt 0.480951 0.388407
vt 0.146366 0.102652
vt 0.145152 0.089751
vt 0.135246 0.100584
vt 0.141661 0.088933
vt 0.714610 0.067890
vt 0.721647 0.056453
vt 0.717916 0.066998
vt 0.249899 0.352184
vt 0.250329 0.355689
vt 0.248416 0.349175
vt 0.192946 0.515995
vt 0.194458 0.519176
vt 0.193047 0.512506
vt 0.476780 0.389191
vt 0.480586 0.379306
vt 0.147998 0.090202
vt 0.148044 0.077381
vt 0.138860 0.088059
vt 0.145196 0.076567
vt 0.715633 0.078944
vt 0.721404 0.067406
vt 0.718368 0.078254
vt 0.260000 0.349674
vt 0.260445 0.352548
vt 0.258656 0.347218
vt 0.201704 0.513736
vt 0.203031 0.516345
vt 0.483932 0.380005
vt 0.480208 0.369668
vt 0.482972 0.370199
vt 0.477124 0.379929
vt 0.150370 0.077858
vt 0.151717 0.065279
vt 0.142913 0.075727
vt 0.149137 0.064401
vt 0.716244 0.090060
vt 0.721248 0.078565
vt 0.718762 0.089469
vt 0.270083 0.346534
vt 0.270575 0.349152
vt 0.268738 0.344308
vt 0.209579 0.511232
vt 0.210869 0.513611
vt 0.479841 0.359289
vt 0.482384 0.359732
vt 0.477347 0.370156
vt 0.153828 0.065815
vt 0.156038 0.053409
vt 0.147071 0.063518
vt 0.153644 0.052456
vt 0.716756 0.101439
vt 0.721412 0.089731
vt 0.719139 0.100927
vt 0.279889 0.342862
vt 0.280432 0.345309
vt 0.278515 0.340797
vt 0.216879 0.508414
vt 0.218162 0.510639
vt 0.479461 0.348490
vt 0.481865 0.348864
vt 0.477208 0.359713
vt 0.158000 0.054009
vt 0.160866 0.041683
vt 0.151731 0.051514
vt 0.158889 0.040774
vt 0.717524 0.113243
vt 0.721644 0.101149
vt 0.719539 0.112851
vt 0.289093 0.338788
vt 0.289617 0.340827
vt 0.287846 0.337082
vt 0.224010 0.505191
vt 0.225145 0.507046
vt 0.479038 0.337541
vt 0.481066 0.337816
vt 0.476970 0.348866
vt 0.162489 0.042271
vt 0.166253 0.030159
vt 0.157312 0.039889
vt 0.164825 0.029406
vt 0.718451 0.125360
vt 0.721516 0.125205
vt 0.719947 0.125101
vt 0.297720 0.334283
vt 0.298156 0.335771
vt 0.296732 0.333049
vt 0.230840 0.501573
vt 0.231718 0.502930
vt 0.478578 0.326347
vt 0.480083 0.326519
vt 0.476933 0.337836
vt 0.167429 0.030654
vt 0.172324 0.018989
vt 0.163689 0.028682
vt 0.171316 0.018384
vt 0.719239 0.137626
vt 0.721470 0.137524
vt 0.720329 0.137462
vt 0.305978 0.329234
vt 0.306330 0.330296
vt 0.305215 0.328363
vt 0.236957 0.497638
vt 0.237619 0.498609
vt 0.478108 0.314742
vt 0.479203 0.314843
vt 0.477016 0.326547
vt 0.173155 0.019393
vt 0.178344 0.007753
vt 0.179090 0.008230
vt 0.177754 0.007302
vt 0.720679 0.149876
vt 0.719858 0.149991
vt 0.314131 0.324428
vt 0.313854 0.323636
vt 0.242792 0.494116
vt 0.478456 0.302797
vt 0.476775 0.302824
vt 0.477632 0.302730
vt 0.179706 0.008550
vt 0.899944 0.174836
vt 0.863236 0.172696
vt 0.870246 0.152046
vt 0.244796 0.493656
vt 0.242285 0.493391
vt 0.242701 0.491935
vt 0.007167 0.676880
vt 0.017940 0.688874
vt 0.007274 0.689042
vt 0.269968 0.423293
vt 0.257587 0.417276
vt 0.266896 0.412662
vt 0.275926 0.433730
vt 0.260536 0.427950
vt 0.776728 0.307185
vt 0.786738 0.298942
vt 0.786744 0.309649
vt 0.764567 0.307276
vt 0.776737 0.296351
vt 0.754943 0.299051
vt 0.764593 0.296393
vt 0.380605 0.338187
vt 0.374882 0.324591
vt 0.385233 0.327819
vt 0.370295 0.334826
vt 0.363998 0.319495
vt 0.359465 0.329567
vt 0.356738 0.314479
vt 0.009324 0.699013
vt 0.020038 0.698831
vt 0.017887 0.676728
vt 0.028755 0.688298
vt 0.019900 0.667033
vt 0.028806 0.677240
vt 0.266339 0.438444
vt 0.251672 0.432255
vt 0.785463 0.288657
vt 0.776361 0.286054
vt 0.756519 0.288517
vt 0.765305 0.286001
vt 0.379078 0.313720
vt 0.388603 0.316417
vt 0.369046 0.309378
vt 0.362338 0.305049
vt 0.030759 0.697363
vt 0.039805 0.687589
vt 0.030893 0.668412
vt 0.039938 0.678112
vt 0.256676 0.441936
vt 0.242925 0.436254
vt 0.783668 0.278715
vt 0.775872 0.276265
vt 0.758867 0.278381
vt 0.766399 0.276137
vt 0.382884 0.302546
vt 0.391131 0.304634
vt 0.374182 0.299099
vt 0.368350 0.295610
vt 0.041607 0.695358
vt 0.050334 0.687417
vt 0.231912 0.431980
vt 0.241029 0.427749
vt 0.246955 0.444659
vt 0.233463 0.439963
vt 0.783164 0.268603
vt 0.775927 0.266113
vt 0.760124 0.268083
vt 0.767126 0.265914
vt 0.386451 0.291602
vt 0.394191 0.293320
vt 0.378271 0.288672
vt 0.372776 0.285650
vt 0.052092 0.694638
vt 0.050545 0.678611
vt 0.060155 0.687812
vt 0.221924 0.435013
vt 0.236950 0.447871
vt 0.223294 0.443346
vt 0.784035 0.258274
vt 0.776563 0.255471
vt 0.760224 0.257514
vt 0.767468 0.255181
vt 0.389776 0.280874
vt 0.397854 0.282404
vt 0.381227 0.278147
vt 0.375473 0.275265
vt 0.062061 0.695280
vt 0.060467 0.678710
vt 0.069959 0.688191
vt 0.212026 0.437929
vt 0.226613 0.451620
vt 0.213149 0.446351
vt 0.784677 0.248246
vt 0.777206 0.245201
vt 0.760837 0.247252
vt 0.768100 0.244821
vt 0.392674 0.269912
vt 0.400836 0.271182
vt 0.384025 0.267502
vt 0.378192 0.264874
vt 0.071962 0.695676
vt 0.070370 0.679076
vt 0.080292 0.688237
vt 0.202618 0.441356
vt 0.216166 0.454730
vt 0.203385 0.448953
vt 0.784202 0.238866
vt 0.777533 0.235924
vt 0.762884 0.237764
vt 0.769391 0.235503
vt 0.395017 0.258524
vt 0.402376 0.259412
vt 0.387208 0.256674
vt 0.381933 0.254569
vt 0.082169 0.694940
vt 0.080750 0.680085
vt 0.090685 0.688318
vt 0.193131 0.444592
vt 0.205793 0.456525
vt 0.193571 0.451143
vt 0.783594 0.229857
vt 0.777901 0.227148
vt 0.899944 0.948054
vt 0.892917 0.937419
vt 0.898924 0.939885
vt 0.396880 0.247000
vt 0.403223 0.247534
vt 0.390143 0.245693
vt 0.385586 0.244113
vt 0.092367 0.694063
vt 0.091156 0.681343
vt 0.100296 0.688897
vt 0.183019 0.446684
vt 0.195367 0.457683
vt 0.183218 0.452901
vt 0.784139 0.220781
vt 0.770935 0.226716
vt 0.778789 0.218042
vt 0.766952 0.219537
vt 0.772224 0.217567
vt 0.398389 0.235635
vt 0.404405 0.235915
vt 0.391994 0.234678
vt 0.387663 0.233409
vt 0.101955 0.694324
vt 0.100816 0.682321
vt 0.109135 0.689883
vt 0.172502 0.447764
vt 0.184648 0.459116
vt 0.172474 0.454196
vt 0.785605 0.211720
vt 0.780121 0.208710
vt 0.767929 0.210253
vt 0.773369 0.208149
vt 0.399499 0.224356
vt 0.405718 0.224401
vt 0.392885 0.223669
vt 0.388401 0.222601
vt 0.425719 0.976354
vt 0.419122 0.969155
vt 0.425917 0.969151
vt 0.109751 0.683118
vt 0.118023 0.690839
vt 0.162091 0.448726
vt 0.173658 0.460631
vt 0.161823 0.455005
vt 0.786744 0.203176
vt 0.781433 0.200060
vt 0.597133 0.715155
vt 0.586810 0.721653
vt 0.589067 0.716039
vt 0.400040 0.212924
vt 0.406107 0.212720
vt 0.393586 0.212559
vt 0.389209 0.211765
vt 0.110920 0.695479
vt 0.119834 0.696296
vt 0.118701 0.684263
vt 0.127325 0.691642
vt 0.151845 0.449850
vt 0.162683 0.461292
vt 0.151395 0.455310
vt 0.588365 0.709462
vt 0.576483 0.706428
vt 0.584970 0.704434
vt 0.579276 0.710810
vt 0.577928 0.721398
vt 0.579828 0.716528
vt 0.399941 0.201326
vt 0.405210 0.200925
vt 0.394335 0.201284
vt 0.390533 0.200816
vt 0.128963 0.696391
vt 0.127982 0.685941
vt 0.136370 0.692609
vt 0.141461 0.450456
vt 0.151874 0.460777
vt 0.140886 0.455086
vt 0.567632 0.708287
vt 0.569859 0.712018
vt 0.568718 0.721005
vt 0.570273 0.716876
vt 0.399289 0.189761
vt 0.403752 0.189222
vt 0.394541 0.189968
vt 0.391323 0.189766
vt 0.137815 0.696648
vt 0.136986 0.687779
vt 0.144421 0.693993
vt 0.130827 0.449946
vt 0.141055 0.459722
vt 0.130094 0.454311
vt 0.558726 0.709180
vt 0.560684 0.712718
vt 0.559608 0.721217
vt 0.561021 0.717316
vt 0.398156 0.178352
vt 0.402359 0.177649
vt 0.393689 0.178786
vt 0.390664 0.178785
vt 0.789926 0.749953
vt 0.785720 0.741355
vt 0.790312 0.741752
vt 0.145057 0.689435
vt 0.151711 0.695655
vt 0.120135 0.448596
vt 0.130021 0.458679
vt 0.119199 0.452969
vt 0.549593 0.709521
vt 0.551406 0.713091
vt 0.550325 0.721653
vt 0.551685 0.717726
vt 0.396477 0.167048
vt 0.400680 0.166139
vt 0.392013 0.167732
vt 0.388996 0.167930
vt 0.786128 0.732577
vt 0.790756 0.732917
vt 0.152405 0.691076
vt 0.158993 0.697329
vt 0.109529 0.447011
vt 0.118884 0.457340
vt 0.108470 0.451044
vt 0.539933 0.710203
vt 0.541458 0.713528
vt 0.540456 0.721489
vt 0.541658 0.717839
vt 0.394138 0.155796
vt 0.398008 0.154759
vt 0.390036 0.156667
vt 0.387269 0.157040
vt 0.786536 0.723776
vt 0.790842 0.724032
vt 0.159686 0.693083
vt 0.166357 0.699013
vt 0.098968 0.445205
vt 0.107944 0.455066
vt 0.097927 0.448514
vt 0.529768 0.711290
vt 0.530891 0.714050
vt 0.530063 0.720657
vt 0.531004 0.717628
vt 0.391128 0.144660
vt 0.394297 0.143637
vt 0.387777 0.145582
vt 0.385522 0.146052
vt 0.786960 0.714923
vt 0.790534 0.715082
vt 0.783903 0.715817
vt 0.787198 0.705573
vt 0.088432 0.442674
vt 0.097293 0.451806
vt 0.087436 0.445368
vt 0.519363 0.712061
vt 0.520165 0.714341
vt 0.519484 0.719801
vt 0.520211 0.717298
vt 0.387513 0.133740
vt 0.390088 0.132758
vt 0.384798 0.134669
vt 0.382979 0.135192
vt 0.790151 0.705658
vt 0.784671 0.706262
vt 0.787139 0.695609
vt 0.078024 0.439173
vt 0.086745 0.448039
vt 0.076981 0.441607
vt 0.508838 0.712140
vt 0.509454 0.714235
vt 0.508829 0.719260
vt 0.509451 0.716955
vt 0.383317 0.123077
vt 0.385637 0.122046
vt 0.380879 0.124088
vt 0.792404 0.706483
vt 0.789856 0.695641
vt 0.791927 0.696278
vt 0.784813 0.696195
vt 0.786892 0.685311
vt 0.067810 0.434973
vt 0.076189 0.444009
vt 0.066701 0.437223
vt 0.498093 0.711929
vt 0.498552 0.713905
vt 0.497964 0.718657
vt 0.498503 0.716475
vt 0.378495 0.112689
vt 0.380632 0.111595
vt 0.376258 0.113794
vt 0.789460 0.685295
vt 0.791415 0.685774
vt 0.784692 0.685816
vt 0.786579 0.674871
vt 0.057756 0.430350
vt 0.065803 0.439431
vt 0.056717 0.432199
vt 0.487049 0.711891
vt 0.487329 0.713555
vt 0.486834 0.717568
vt 0.487247 0.715723
vt 0.373014 0.102634
vt 0.374765 0.101607
vt 0.371193 0.103691
vt 0.788746 0.674817
vt 0.790393 0.675113
vt 0.784719 0.675255
vt 0.786160 0.664220
vt 0.047889 0.425204
vt 0.055832 0.434001
vt 0.047042 0.426532
vt 0.475800 0.711901
vt 0.475923 0.713130
vt 0.475558 0.716108
vt 0.475830 0.714737
vt 0.366901 0.092977
vt 0.368154 0.092141
vt 0.365607 0.093854
vt 0.787766 0.664149
vt 0.788983 0.664284
vt 0.784777 0.664472
vt 0.785525 0.653295
vt 0.038351 0.419315
vt 0.046291 0.427816
vt 0.037680 0.420245
vt 0.464475 0.711569
vt 0.464501 0.712458
vt 0.464236 0.714626
vt 0.464409 0.713626
vt 0.360191 0.083761
vt 0.361064 0.083099
vt 0.359297 0.084464
vt 0.786693 0.653219
vt 0.787574 0.653253
vt 0.783903 0.642233
vt 0.784662 0.642125
vt 0.028681 0.413348
vt 0.029207 0.412662
vt 0.028194 0.413999
vt 0.453131 0.711527
vt 0.453136 0.710860
vt 0.453053 0.712405
vt 0.353546 0.074520
vt 0.352905 0.075039
vt 0.786202 0.642059
vt 0.785541 0.642058
vt 0.307470 0.902774
vt 0.307073 0.865348
vt 0.327511 0.872496
vt 0.277430 0.124521
vt 0.276609 0.122038
vt 0.278249 0.121951
vt 0.322735 0.311413
vt 0.315700 0.295959
vt 0.327000 0.300331
vt 0.462707 0.464122
vt 0.452327 0.451724
vt 0.462707 0.452269
vt 0.440188 0.463588
vt 0.452313 0.463516
vt 0.216754 0.281728
vt 0.222125 0.267502
vt 0.226401 0.278548
vt 0.205426 0.286131
vt 0.212452 0.270573
vt 0.196744 0.290076
vt 0.201087 0.274830
vt 0.601427 0.070593
vt 0.590916 0.082400
vt 0.590916 0.070158
vt 0.613499 0.082797
vt 0.601413 0.082893
vt 0.613531 0.070529
vt 0.622559 0.082149
vt 0.332751 0.314131
vt 0.337055 0.302908
vt 0.320335 0.285051
vt 0.330705 0.288806
vt 0.451982 0.440256
vt 0.461433 0.440640
vt 0.440219 0.451763
vt 0.216940 0.257070
vt 0.208063 0.259666
vt 0.192371 0.278649
vt 0.197622 0.263278
vt 0.592243 0.094683
vt 0.612804 0.095097
vt 0.601800 0.095245
vt 0.621053 0.094296
vt 0.339953 0.290891
vt 0.325052 0.273989
vt 0.334008 0.277000
vt 0.451495 0.428727
vt 0.459595 0.428954
vt 0.440959 0.440231
vt 0.211442 0.246701
vt 0.203774 0.248742
vt 0.189604 0.266525
vt 0.194745 0.251594
vt 0.594204 0.106811
vt 0.611825 0.107213
vt 0.602395 0.107395
vt 0.618894 0.106335
vt 0.342013 0.278547
vt 0.328873 0.262888
vt 0.337259 0.265481
vt 0.451392 0.417077
vt 0.458920 0.417186
vt 0.442049 0.428651
vt 0.207311 0.235769
vt 0.200132 0.237485
vt 0.187805 0.254167
vt 0.191670 0.239893
vt 0.595106 0.118972
vt 0.611481 0.119392
vt 0.602717 0.119615
vt 0.618049 0.118389
vt 0.344769 0.266682
vt 0.331712 0.251850
vt 0.340444 0.254306
vt 0.451695 0.405439
vt 0.459480 0.405441
vt 0.442620 0.405249
vt 0.204670 0.224358
vt 0.197195 0.225932
vt 0.185158 0.242075
vt 0.188376 0.228157
vt 0.602751 0.132032
vt 0.594881 0.131258
vt 0.611812 0.131743
vt 0.618602 0.130501
vt 0.348280 0.255288
vt 0.334412 0.240746
vt 0.343218 0.242967
vt 0.451941 0.393836
vt 0.459742 0.393721
vt 0.442851 0.393583
vt 0.202047 0.212992
vt 0.194509 0.214356
vt 0.181580 0.230182
vt 0.185608 0.216302
vt 0.595042 0.143436
vt 0.612004 0.143975
vt 0.602928 0.144326
vt 0.618803 0.142518
vt 0.351136 0.243675
vt 0.337460 0.229394
vt 0.345388 0.231157
vt 0.451878 0.382127
vt 0.458861 0.381915
vt 0.198601 0.201828
vt 0.191816 0.202848
vt 0.178743 0.218086
vt 0.183797 0.204321
vt 0.596426 0.155252
vt 0.611605 0.155784
vt 0.603484 0.156155
vt 0.617686 0.154280
vt 0.352527 0.231531
vt 0.340305 0.217894
vt 0.347130 0.219201
vt 0.451791 0.370327
vt 0.457773 0.370047
vt 0.443745 0.381842
vt 0.195268 0.190566
vt 0.189429 0.191257
vt 0.177608 0.205686
vt 0.182523 0.192277
vt 0.598115 0.166824
vt 0.611114 0.167323
vt 0.604161 0.167692
vt 0.616318 0.165859
vt 0.353285 0.219287
vt 0.342204 0.206534
vt 0.348672 0.207567
vt 0.452048 0.358679
vt 0.457695 0.358319
vt 0.445479 0.358347
vt 0.193301 0.179007
vt 0.187769 0.179478
vt 0.177188 0.193236
vt 0.181222 0.180201
vt 0.598916 0.178479
vt 0.611183 0.178994
vt 0.604623 0.179391
vt 0.616089 0.177439
vt 0.354512 0.207417
vt 0.343259 0.195361
vt 0.349944 0.196209
vt 0.452577 0.347274
vt 0.458397 0.346800
vt 0.445814 0.346877
vt 0.192502 0.167302
vt 0.186788 0.167593
vt 0.176161 0.180898
vt 0.180023 0.168078
vt 0.604939 0.191250
vt 0.599058 0.190212
vt 0.611693 0.190789
vt 0.616740 0.189004
vt 0.355984 0.195807
vt 0.344162 0.184080
vt 0.350685 0.184688
vt 0.453028 0.335854
vt 0.458698 0.335289
vt 0.446447 0.335413
vt 0.191688 0.155623
vt 0.186116 0.155709
vt 0.174789 0.168572
vt 0.179516 0.155918
vt 0.599708 0.201623
vt 0.612009 0.202231
vt 0.605436 0.202732
vt 0.616917 0.200310
vt 0.356582 0.184044
vt 0.345127 0.172516
vt 0.350798 0.172847
vt 0.453293 0.324226
vt 0.458221 0.323643
vt 0.190484 0.143925
vt 0.185643 0.143821
vt 0.174410 0.156170
vt 0.179909 0.143764
vt 0.601241 0.212472
vt 0.611926 0.213042
vt 0.606219 0.213523
vt 0.616182 0.211211
vt 0.355925 0.172061
vt 0.345625 0.160932
vt 0.350436 0.161041
vt 0.453625 0.312642
vt 0.457812 0.312066
vt 0.447579 0.323794
vt 0.189775 0.132142
vt 0.185672 0.131895
vt 0.175471 0.143777
vt 0.180811 0.131637
vt 0.602826 0.223023
vt 0.611897 0.223542
vt 0.607055 0.223991
vt 0.615503 0.221848
vt 0.354785 0.160175
vt 0.345189 0.149681
vt 0.349730 0.149616
vt 0.454238 0.301482
vt 0.458203 0.300859
vt 0.449656 0.301054
vt 0.190335 0.120361
vt 0.186466 0.119974
vt 0.177050 0.131466
vt 0.181885 0.119524
vt 0.603745 0.233612
vt 0.612325 0.234137
vt 0.607747 0.234600
vt 0.615729 0.232401
vt 0.353832 0.148603
vt 0.344031 0.138695
vt 0.348588 0.138455
vt 0.455019 0.290695
vt 0.459019 0.289987
vt 0.450407 0.290221
vt 0.191795 0.108664
vt 0.187918 0.108113
vt 0.178340 0.119184
vt 0.183329 0.107447
vt 0.604365 0.244090
vt 0.613011 0.244654
vt 0.608402 0.245159
vt 0.616432 0.242769
vt 0.352699 0.137235
vt 0.342618 0.127614
vt 0.346830 0.127227
vt 0.455742 0.279887
vt 0.459467 0.279154
vt 0.451456 0.279407
vt 0.193357 0.096970
vt 0.189778 0.096306
vt 0.179780 0.106920
vt 0.185545 0.095482
vt 0.605474 0.254002
vt 0.613515 0.254560
vt 0.609231 0.255066
vt 0.616688 0.252680
vt 0.350623 0.125901
vt 0.340958 0.116377
vt 0.344425 0.115915
vt 0.456396 0.268975
vt 0.459492 0.268303
vt 0.452842 0.268544
vt 0.194989 0.085223
vt 0.192048 0.084541
vt 0.182274 0.094815
vt 0.188573 0.083685
vt 0.074360 0.008041
vt 0.070805 0.017657
vt 0.070172 0.008873
vt 0.613800 0.263717
vt 0.610247 0.264166
vt 0.616425 0.262052
vt 0.347540 0.114654
vt 0.338657 0.105345
vt 0.341492 0.104846
vt 0.457160 0.258364
vt 0.459723 0.257757
vt 0.454225 0.257981
vt 0.197351 0.073568
vt 0.194951 0.072895
vt 0.185891 0.082980
vt 0.192119 0.072042
vt 0.074280 0.017012
vt 0.071239 0.026730
vt 0.614216 0.272512
vt 0.611282 0.272907
vt 0.616378 0.271050
vt 0.344031 0.103670
vt 0.335519 0.094796
vt 0.338094 0.094228
vt 0.458121 0.248373
vt 0.460484 0.247765
vt 0.455423 0.247995
vt 0.200773 0.062188
vt 0.198599 0.061467
vt 0.189936 0.071333
vt 0.196037 0.060544
vt 0.074110 0.026239
vt 0.071236 0.035839
vt 0.614950 0.281201
vt 0.612253 0.281586
vt 0.616933 0.279778
vt 0.340390 0.093020
vt 0.331751 0.084568
vt 0.334146 0.083928
vt 0.007313 0.316512
vt 0.009328 0.326079
vt 0.006875 0.325504
vt 0.456627 0.238436
vt 0.459176 0.238817
vt 0.204898 0.051042
vt 0.202880 0.050262
vt 0.194067 0.059774
vt 0.200509 0.049260
vt 0.073877 0.035428
vt 0.071050 0.045286
vt 0.075942 0.045593
vt 0.073545 0.044940
vt 0.341530 0.091634
vt 0.336271 0.082667
vt 0.337315 0.081267
vt 0.327566 0.074397
vt 0.329550 0.073769
vt 0.008817 0.335182
vt 0.006743 0.334734
vt 0.458068 0.229044
vt 0.460218 0.229385
vt 0.209348 0.039985
vt 0.207681 0.039244
vt 0.198689 0.048418
vt 0.205728 0.038287
vt 0.070974 0.055348
vt 0.075105 0.055625
vt 0.073079 0.055095
vt 0.331299 0.072604
vt 0.332146 0.071346
vt 0.322884 0.064370
vt 0.324322 0.063840
vt 0.008373 0.344592
vt 0.006833 0.344291
vt 0.461280 0.220173
vt 0.214251 0.029066
vt 0.213047 0.028454
vt 0.204235 0.037479
vt 0.211640 0.027662
vt 0.070929 0.065892
vt 0.073994 0.066111
vt 0.072490 0.065735
vt 0.325581 0.062902
vt 0.326180 0.061913
vt 0.317523 0.054799
vt 0.318542 0.054368
vt 0.008005 0.354552
vt 0.006883 0.354358
vt 0.009905 0.344364
vt 0.219924 0.018503
vt 0.219074 0.018014
vt 0.210569 0.026991
vt 0.218086 0.017378
vt 0.070670 0.076661
vt 0.072900 0.076831
vt 0.071804 0.076570
vt 0.319425 0.053632
vt 0.319836 0.052873
vt 0.312219 0.045414
vt 0.006872 0.364934
vt 0.008557 0.364962
vt 0.007717 0.365072
vt 0.225772 0.007977
vt 0.226401 0.008362
vt 0.225043 0.007476
vt 0.224491 0.007050
vt 0.071026 0.087539
vt 0.070172 0.087597
vt 0.313170 0.044254
vt 0.312871 0.044840
vt 0.277341 0.874889
vt 0.240355 0.875195
vt 0.247419 0.853160
vt 0.678531 0.988627
vt 0.680618 0.988630
vt 0.680219 0.990232
vt 0.790887 0.409266
vt 0.791960 0.402845
vt 0.796344 0.407808
vt 0.940979 0.899858
vt 0.936936 0.901610
vt 0.936936 0.897287
vt 0.793263 0.414132
vt 0.786393 0.413792
vt 0.785217 0.406416
vt 0.989478 0.050171
vt 0.990504 0.055185
vt 0.986313 0.055185
vt 0.203169 0.302565
vt 0.206591 0.310178
vt 0.201604 0.311301
vt 0.168164 0.953144
vt 0.164623 0.960789
vt 0.164623 0.952217
vt 0.828580 0.189906
vt 0.829316 0.197258
vt 0.825597 0.192530
vt 0.949631 0.513953
vt 0.949046 0.507579
vt 0.952953 0.511943
vt 0.794052 0.365285
vt 0.791044 0.359794
vt 0.798955 0.356920
vt 0.855315 0.023194
vt 0.858893 0.014965
vt 0.862087 0.021881
vt 0.692303 0.840060
vt 0.695293 0.835714
vt 0.696681 0.843759
vt 0.987674 0.035375
vt 0.982802 0.035375
vt 0.986213 0.029553
vt 0.864967 0.991919
vt 0.864967 0.986996
vt 0.868814 0.991229
vt 0.041443 0.751217
vt 0.048773 0.750673
vt 0.045512 0.757385
vt 0.016653 0.808973
vt 0.018868 0.801849
vt 0.020612 0.807922
vt 0.158481 0.008023
vt 0.155372 0.014150
vt 0.155081 0.008023
vt 0.815607 0.154026
vt 0.812784 0.159690
vt 0.811789 0.153660
vt 0.541156 0.786967
vt 0.538577 0.791766
vt 0.537724 0.785847
vt 0.075025 0.792706
vt 0.075921 0.799756
vt 0.070457 0.797493
vt 0.079305 0.787863
vt 0.081457 0.795060
vt 0.516477 0.926515
vt 0.511404 0.931074
vt 0.511404 0.924317
vt 0.086873 0.778980
vt 0.087947 0.786679
vt 0.081541 0.784918
vt 0.991919 0.445727
vt 0.987218 0.445727
vt 0.988785 0.441003
vt 0.017121 0.585179
vt 0.023075 0.579146
vt 0.022567 0.584413
vt 0.012735 0.585849
vt 0.010653 0.579477
vt 0.085196 0.803003
vt 0.084949 0.790671
vt 0.090649 0.797738
vt 0.091371 0.806411
vt 0.090580 0.793610
vt 0.922640 0.285831
vt 0.917576 0.281128
vt 0.923999 0.275764
vt 0.917576 0.271080
vt 0.096423 0.801288
vt 0.099380 0.810355
vt 0.749953 0.046695
vt 0.744706 0.042420
vt 0.749570 0.041123
vt 0.747299 0.033687
vt 0.096371 0.788321
vt 0.102397 0.795849
vt 0.106695 0.805245
vt 0.107010 0.814320
vt 0.028300 0.578445
vt 0.022075 0.572123
vt 0.742527 0.035277
vt 0.744581 0.023941
vt 0.107540 0.790254
vt 0.107202 0.799522
vt 0.749059 0.024026
vt 0.743984 0.018548
vt 0.749953 0.014688
vt 0.744180 0.010767
vt 0.749266 0.008906
vt 0.807474 0.148281
vt 0.807115 0.153100
vt 0.801613 0.153070
vt 0.013466 0.572322
vt 0.018189 0.565535
vt 0.738991 0.028467
vt 0.739269 0.020552
vt 0.739274 0.013808
vt 0.739247 0.007258
vt 0.483520 0.957037
vt 0.486762 0.959530
vt 0.483520 0.965034
vt 0.812158 0.147948
vt 0.534035 0.791552
vt 0.534661 0.798796
vt 0.007945 0.573321
vt 0.006963 0.564613
vt 0.014176 0.558415
vt 0.020122 0.557218
vt 0.013300 0.547133
vt 0.024104 0.549671
vt 0.020449 0.541689
vt 0.028300 0.542275
vt 0.817069 0.140812
vt 0.816319 0.150488
vt 0.970694 0.435915
vt 0.967050 0.434780
vt 0.969349 0.431381
vt 0.069991 0.802936
vt 0.076370 0.806471
vt 0.084496 0.810964
vt 0.093095 0.815706
vt 0.099747 0.819357
vt 0.802246 0.158326
vt 0.808152 0.158870
vt 0.069997 0.810805
vt 0.076570 0.814986
vt 0.069247 0.820144
vt 0.083992 0.819641
vt 0.076506 0.825355
vt 0.067899 0.827503
vt 0.090687 0.823323
vt 0.082890 0.828201
vt 0.074772 0.832718
vt 0.066528 0.831530
vt 0.106464 0.823044
vt 0.095574 0.825487
vt 0.915164 0.942420
vt 0.919754 0.948635
vt 0.915164 0.952299
vt 0.089269 0.831412
vt 0.082427 0.838485
vt 0.073699 0.842314
vt 0.065395 0.842031
vt 0.805387 0.167257
vt 0.800132 0.168651
vt 0.987674 0.601378
vt 0.981894 0.599312
vt 0.987674 0.595437
vt 0.096459 0.835679
vt 0.088076 0.839803
vt 0.604186 0.322331
vt 0.603654 0.313033
vt 0.608453 0.316948
vt 0.607484 0.307442
vt 0.602137 0.305254
vt 0.604672 0.301059
vt 0.631105 0.690408
vt 0.627263 0.683469
vt 0.632508 0.682609
vt 0.809372 0.164943
vt 0.921216 0.542765
vt 0.925414 0.547946
vt 0.920964 0.551647
vt 0.925414 0.556097
vt 0.602218 0.339601
vt 0.598887 0.335201
vt 0.604817 0.331785
vt 0.600306 0.327104
vt 0.599872 0.318343
vt 0.598887 0.310411
vt 0.627993 0.696780
vt 0.624824 0.689192
vt 0.980336 0.360826
vt 0.980336 0.354625
vt 0.983429 0.356664
vt 0.065131 0.798193
vt 0.064065 0.804879
vt 0.062551 0.813511
vt 0.061162 0.822030
vt 0.942394 0.285876
vt 0.937931 0.289605
vt 0.937931 0.281957
vt 0.059460 0.833451
vt 0.627027 0.676711
vt 0.057621 0.799616
vt 0.056447 0.807062
vt 0.049846 0.801306
vt 0.054623 0.815379
vt 0.047224 0.809628
vt 0.041755 0.803066
vt 0.060041 0.829232
vt 0.053614 0.822809
vt 0.048065 0.815949
vt 0.040439 0.810864
vt 0.036683 0.804425
vt 0.942061 0.292906
vt 0.053033 0.829053
vt 0.045375 0.825154
vt 0.036522 0.820510
vt 0.032014 0.812845
vt 0.029076 0.806096
vt 0.058634 0.838845
vt 0.053392 0.832379
vt 0.325451 0.963619
vt 0.322150 0.958883
vt 0.325451 0.955687
vt 0.981072 0.332535
vt 0.984844 0.329244
vt 0.984844 0.335356
vt 0.046476 0.829478
vt 0.951609 0.260246
vt 0.946664 0.268851
vt 0.946664 0.259166
vt 0.035957 0.828330
vt 0.030357 0.821014
vt 0.026245 0.813877
vt 0.624146 0.678735
vt 0.629963 0.459877
vt 0.631222 0.453260
vt 0.633923 0.459877
vt 0.051611 0.841065
vt 0.047254 0.833130
vt 0.038742 0.831849
vt 0.952299 0.268035
vt 0.458850 0.016980
vt 0.458850 0.007777
vt 0.462707 0.011261
vt 0.030518 0.827909
vt 0.022710 0.822613
vt 0.020041 0.815133
vt 0.362510 0.974276
vt 0.363657 0.980599
vt 0.357756 0.980599
vt 0.061111 0.792125
vt 0.052376 0.792929
vt 0.047097 0.795518
vt 0.037234 0.796746
vt 0.031239 0.798597
vt 0.024602 0.800265
vt 0.068223 0.791050
vt 0.064393 0.784532
vt 0.057393 0.786682
vt 0.059965 0.776834
vt 0.973524 0.539117
vt 0.967097 0.539117
vt 0.968448 0.532016
vt 0.048386 0.786700
vt 0.051473 0.777664
vt 0.056445 0.772875
vt 0.040753 0.788631
vt 0.042264 0.778618
vt 0.047917 0.772506
vt 0.052321 0.766625
vt 0.032691 0.790325
vt 0.035165 0.781479
vt 0.704243 0.898088
vt 0.699444 0.890575
vt 0.706088 0.892330
vt 0.700739 0.885127
vt 0.041011 0.775198
vt 0.044647 0.767756
vt 0.048237 0.760540
vt 0.025992 0.792338
vt 0.031824 0.785458
vt 0.706088 0.907019
vt 0.700464 0.903630
vt 0.696136 0.896800
vt 0.037762 0.780024
vt 0.037474 0.769742
vt 0.040240 0.761224
vt 0.020620 0.794362
vt 0.022016 0.786205
vt 0.028440 0.779956
vt 0.034896 0.775319
vt 0.125317 0.496667
vt 0.122995 0.493229
vt 0.127351 0.487518
vt 0.122995 0.485438
vt 0.127240 0.478541
vt 0.124038 0.475711
vt 0.037572 0.757367
vt 0.072500 0.785699
vt 0.068605 0.779421
vt 0.064520 0.772274
vt 0.060536 0.767563
vt 0.056394 0.761135
vt 0.051561 0.752537
vt 0.076902 0.780375
vt 0.513709 0.918233
vt 0.072913 0.774160
vt 0.081141 0.775398
vt 0.069027 0.766115
vt 0.078947 0.764410
vt 0.086506 0.768719
vt 0.960789 0.287548
vt 0.960789 0.295736
vt 0.957251 0.293124
vt 0.064720 0.761345
vt 0.074694 0.755197
vt 0.533858 0.757992
vt 0.533726 0.768569
vt 0.528753 0.765695
vt 0.529032 0.775016
vt 0.017377 0.599963
vt 0.014998 0.592153
vt 0.019949 0.591658
vt 0.060782 0.757242
vt 0.068989 0.757319
vt 0.448557 0.929345
vt 0.446876 0.936097
vt 0.439807 0.933705
vt 0.442369 0.939924
vt 0.539123 0.762819
vt 0.538729 0.772300
vt 0.533520 0.777172
vt 0.016508 0.598389
vt 0.010230 0.592659
vt 0.962204 0.185770
vt 0.962204 0.193856
vt 0.958780 0.191771
vt 0.646616 0.894543
vt 0.643952 0.889337
vt 0.649488 0.890282
vt 0.056559 0.749994
vt 0.064906 0.749911
vt 0.940979 0.567981
vt 0.940979 0.578738
vt 0.936789 0.574907
vt 0.448557 0.940979
vt 0.544302 0.761353
vt 0.543339 0.767234
vt 0.542458 0.774643
vt 0.537603 0.779125
vt 0.541629 0.781199
vt 0.910158 0.517461
vt 0.915509 0.514815
vt 0.915056 0.520402
vt 0.544747 0.797248
vt 0.539822 0.797588
vt 0.542707 0.791633
vt 0.910275 0.190577
vt 0.915509 0.186251
vt 0.915509 0.194067
vt 0.549537 0.808484
vt 0.544060 0.808591
vt 0.546738 0.800722
vt 0.551855 0.813385
vt 0.546631 0.817022
vt 0.554323 0.818830
vt 0.548793 0.819527
vt 0.742876 0.380745
vt 0.739269 0.383196
vt 0.740912 0.374290
vt 0.910064 0.510767
vt 0.541692 0.804319
vt 0.536365 0.804774
vt 0.530451 0.806546
vt 0.912004 0.182448
vt 0.538103 0.812605
vt 0.908221 0.969274
vt 0.914094 0.969939
vt 0.908221 0.976354
vt 0.532790 0.811940
vt 0.974939 0.511037
vt 0.974939 0.517892
vt 0.971142 0.513148
vt 0.540789 0.817015
vt 0.534868 0.818531
vt 0.528753 0.820067
vt 0.116455 0.953714
vt 0.116455 0.943993
vt 0.121691 0.951016
vt 0.132477 0.388304
vt 0.137256 0.384849
vt 0.137256 0.396202
vt 0.956544 0.799309
vt 0.956544 0.807969
vt 0.952451 0.802805
vt 0.466952 0.988023
vt 0.462810 0.989089
vt 0.462810 0.983204
vt 0.543296 0.821579
vt 0.537467 0.823587
vt 0.531740 0.824253
vt 0.465364 0.945224
vt 0.463608 0.939175
vt 0.469782 0.942310
vt 0.469782 0.936799
vt 0.464195 0.934255
vt 0.123898 0.993334
vt 0.121344 0.988540
vt 0.125936 0.988540
vt 0.550871 0.822971
vt 0.545771 0.827644
vt 0.540209 0.826378
vt 0.835661 0.139897
vt 0.830770 0.141024
vt 0.832590 0.135335
vt 0.827346 0.136800
vt 0.825964 0.141787
vt 0.379843 0.948054
vt 0.375554 0.945657
vt 0.380637 0.943089
vt 0.375554 0.940635
vt 0.379169 0.937454
vt 0.820962 0.143866
vt 0.739964 0.388093
vt 0.956544 0.508354
vt 0.956544 0.515062
vt 0.946639 0.143815
vt 0.946639 0.152464
vt 0.940696 0.145640
vt 0.938486 0.154236
vt 0.542558 0.832024
vt 0.691938 0.489060
vt 0.684908 0.493460
vt 0.689069 0.485001
vt 0.832402 0.148221
vt 0.929659 0.403307
vt 0.926078 0.405857
vt 0.926078 0.397506
vt 0.828569 0.147917
vt 0.823697 0.151355
vt 0.819637 0.152147
vt 0.967050 0.438652
vt 0.817469 0.157541
vt 0.819430 0.162067
vt 0.814634 0.163912
vt 0.919754 0.347099
vt 0.914969 0.345044
vt 0.919754 0.340026
vt 0.873324 0.582173
vt 0.867236 0.585846
vt 0.870538 0.577283
vt 0.876928 0.586503
vt 0.871600 0.590687
vt 0.827118 0.181591
vt 0.822596 0.183625
vt 0.825460 0.176548
vt 0.828354 0.186242
vt 0.823633 0.187967
vt 0.816575 0.167867
vt 0.811335 0.169846
vt 0.806606 0.172639
vt 0.915422 0.355167
vt 0.946639 0.462707
vt 0.940923 0.461224
vt 0.945512 0.454321
vt 0.940923 0.451998
vt 0.731558 0.918265
vt 0.725726 0.913463
vt 0.731558 0.906853
vt 0.727158 0.904512
vt 0.721522 0.911565
vt 0.866321 0.595833
vt 0.594303 0.875146
vt 0.587888 0.881813
vt 0.587708 0.875066
vt 0.581190 0.882441
vt 0.721942 0.919754
vt 0.574849 0.882912
vt 0.581468 0.876321
vt 0.575549 0.876945
vt 0.836269 0.899132
vt 0.831597 0.903055
vt 0.830664 0.894512
vt 0.879887 0.593358
vt 0.877199 0.597742
vt 0.873908 0.603220
vt 0.581451 0.889215
vt 0.574775 0.889592
vt 0.569282 0.889751
vt 0.835376 0.908125
vt 0.830664 0.911264
vt 0.151406 0.976953
vt 0.147366 0.983429
vt 0.146799 0.976953
vt 0.756577 0.894747
vt 0.750384 0.900337
vt 0.750300 0.892267
vt 0.593446 0.888019
vt 0.588307 0.894040
vt 0.588135 0.888550
vt 0.582356 0.894922
vt 0.880134 0.605623
vt 0.700428 0.974939
vt 0.694492 0.974816
vt 0.700428 0.968122
vt 0.693832 0.967743
vt 0.576447 0.895225
vt 0.569457 0.896109
vt 0.675605 0.009834
vt 0.670868 0.016176
vt 0.670720 0.007114
vt 0.626011 0.703258
vt 0.624146 0.695270
vt 0.821629 0.195417
vt 0.753808 0.903522
vt 0.750300 0.909370
vt 0.582603 0.900752
vt 0.576849 0.900930
vt 0.569282 0.902774
vt 0.681491 0.012111
vt 0.675957 0.018264
vt 0.086315 0.989089
vt 0.082021 0.988850
vt 0.086315 0.983267
vt 0.809384 0.952313
vt 0.809384 0.959446
vt 0.804109 0.954473
vt 0.804058 0.960789
vt 0.936734 0.797794
vt 0.933816 0.800894
vt 0.933816 0.794013
vt 0.922584 0.465972
vt 0.918216 0.466012
vt 0.921769 0.457178
vt 0.966449 0.692015
vt 0.963338 0.694768
vt 0.963338 0.687071
vt 0.602945 0.042777
vt 0.607687 0.038535
vt 0.608230 0.046741
vt 0.900640 0.484763
vt 0.895357 0.488276
vt 0.895787 0.480054
vt 0.699943 0.847740
vt 0.704839 0.843413
vt 0.704859 0.852326
vt 0.700191 0.839124
vt 0.918216 0.456907
vt 0.052142 0.847968
vt 0.058398 0.840847
vt 0.921073 0.471197
vt 0.046436 0.849004
vt 0.044751 0.844879
vt 0.610893 0.041981
vt 0.973142 0.805243
vt 0.977769 0.802707
vt 0.977769 0.809384
vt 0.037676 0.846771
vt 0.038679 0.838148
vt 0.601496 0.034673
vt 0.605987 0.029469
vt 0.611283 0.033344
vt 0.607488 0.024511
vt 0.032404 0.838192
vt 0.610230 0.019208
vt 0.610752 0.028499
vt 0.030377 0.833984
vt 0.901359 0.493837
vt 0.953714 0.438652
vt 0.948597 0.438087
vt 0.953714 0.430262
vt 0.947361 0.431671
vt 0.285831 0.489551
vt 0.278754 0.494299
vt 0.281037 0.484892
vt 0.602473 0.021031
vt 0.605624 0.015404
vt 0.608689 0.009635
vt 0.022539 0.828384
vt 0.703895 0.834106
vt 0.708918 0.838353
vt 0.707730 0.828786
vt 0.285831 0.499246
vt 0.282383 0.503742
vt 0.601496 0.011093
vt 0.854192 0.857437
vt 0.856502 0.851011
vt 0.860324 0.858909
vt 0.602308 0.007716
vt 0.563082 0.942394
vt 0.563227 0.936765
vt 0.568833 0.940974
vt 0.568112 0.934761
vt 0.563082 0.931322
vt 0.958476 0.111092
vt 0.962204 0.107901
vt 0.962204 0.116031
vt 0.698011 0.831521
vt 0.408937 0.520642
vt 0.403697 0.522137
vt 0.408796 0.512640
vt 0.403697 0.511801
vt 0.556872 0.849952
vt 0.551415 0.853784
vt 0.550417 0.846379
vt 0.556098 0.973942
vt 0.549681 0.980599
vt 0.549681 0.973853
vt 0.545008 0.858267
vt 0.546329 0.849734
vt 0.849732 0.849738
vt 0.852059 0.844067
vt 0.860306 0.677778
vt 0.860324 0.685857
vt 0.857317 0.681213
vt 0.857317 0.689108
vt 0.020146 0.819976
vt 0.015020 0.813812
vt 0.014173 0.805496
vt 0.897311 0.130953
vt 0.900272 0.125973
vt 0.901369 0.134426
vt 0.848611 0.822778
vt 0.858103 0.820525
vt 0.851500 0.827126
vt 0.847119 0.818300
vt 0.854104 0.815567
vt 0.850481 0.882531
vt 0.854582 0.877764
vt 0.854825 0.886615
vt 0.868058 0.022180
vt 0.868425 0.016299
vt 0.874474 0.023203
vt 0.011299 0.109521
vt 0.007887 0.113133
vt 0.008218 0.104856
vt 0.904189 0.129403
vt 0.904068 0.121808
vt 0.895614 0.121823
vt 0.899524 0.117895
vt 0.904189 0.113759
vt 0.855931 0.811252
vt 0.860216 0.816889
vt 0.859724 0.807431
vt 0.900620 0.109933
vt 0.019532 0.781249
vt 0.850052 0.809927
vt 0.857161 0.807609
vt 0.618911 0.568833
vt 0.613229 0.562460
vt 0.619643 0.562798
vt 0.613415 0.556214
vt 0.619773 0.556528
vt 0.613229 0.550253
vt 0.024160 0.773635
vt 0.850031 0.873235
vt 0.354717 0.957959
vt 0.354717 0.948718
vt 0.360827 0.957817
vt 0.847230 0.797578
vt 0.856650 0.796536
vt 0.860324 0.803493
vt 0.129095 0.825504
vt 0.123421 0.830132
vt 0.126430 0.820201
vt 0.019743 0.777271
vt 0.018064 0.765225
vt 0.028526 0.766331
vt 0.036939 0.767760
vt 0.859667 0.018441
vt 0.861134 0.010744
vt 0.870512 0.007555
vt 0.857553 0.006710
vt 0.133546 0.821120
vt 0.133547 0.830314
vt 0.128195 0.835003
vt 0.123842 0.838639
vt 0.025836 0.759871
vt 0.034289 0.761319
vt 0.011320 0.117046
vt 0.007887 0.121691
vt 0.039381 0.972109
vt 0.035792 0.964702
vt 0.041035 0.964702
vt 0.141875 0.830641
vt 0.137468 0.834423
vt 0.138370 0.826119
vt 0.132126 0.840138
vt 0.127974 0.843074
vt 0.123421 0.846909
vt 0.030839 0.753290
vt 0.037899 0.754618
vt 0.181121 0.038953
vt 0.181095 0.046707
vt 0.177029 0.043114
vt 0.177303 0.050524
vt 0.644382 0.899248
vt 0.649158 0.899496
vt 0.639709 0.899716
vt 0.641512 0.893941
vt 0.116817 0.564969
vt 0.117999 0.559805
vt 0.121344 0.567150
vt 0.565009 0.743541
vt 0.560486 0.745427
vt 0.560940 0.739150
vt 0.273705 0.936845
vt 0.278756 0.930256
vt 0.278756 0.939564
vt 0.093204 0.549188
vt 0.094386 0.544382
vt 0.099050 0.549976
vt 0.795149 0.353146
vt 0.803990 0.352037
vt 0.123106 0.562154
vt 0.122328 0.554149
vt 0.638552 0.888475
vt 0.640863 0.883408
vt 0.555812 0.742426
vt 0.555072 0.749076
vt 0.116817 0.550992
vt 0.118783 0.545613
vt 0.266021 0.977105
vt 0.264754 0.983429
vt 0.262080 0.977105
vt 0.941168 0.033893
vt 0.946639 0.023515
vt 0.946639 0.033960
vt 0.973524 0.706289
vt 0.973524 0.713163
vt 0.969200 0.707739
vt 0.565486 0.748764
vt 0.559688 0.752853
vt 0.553609 0.758014
vt 0.549659 0.752920
vt 0.547777 0.764699
vt 0.274278 0.927669
vt 0.568297 0.755392
vt 0.561597 0.760739
vt 0.533863 0.963318
vt 0.540532 0.963733
vt 0.533863 0.970694
vt 0.557981 0.761995
vt 0.551877 0.767168
vt 0.415541 0.902774
vt 0.417587 0.893786
vt 0.423087 0.896532
vt 0.420176 0.888946
vt 0.546898 0.771064
vt 0.799788 0.348653
vt 0.790634 0.348860
vt 0.566624 0.763810
vt 0.561684 0.766989
vt 0.982014 0.469782
vt 0.977320 0.465635
vt 0.982014 0.463485
vt 0.555503 0.771463
vt 0.551208 0.773947
vt 0.412961 0.885293
vt 0.416851 0.880887
vt 0.422947 0.884683
vt 0.423087 0.877954
vt 0.787002 0.353700
vt 0.781980 0.350137
vt 0.564621 0.772074
vt 0.559546 0.775376
vt 0.554836 0.778480
vt 0.549363 0.781898
vt 0.545981 0.777753
vt 0.544863 0.784748
vt 0.910064 0.524812
vt 0.913379 0.526382
vt 0.821696 0.155995
vt 0.825763 0.155567
vt 0.927184 0.410352
vt 0.691938 0.497576
vt 0.113200 0.153613
vt 0.113200 0.164141
vt 0.109474 0.161274
vt 0.952271 0.505881
vt 0.823667 0.160936
vt 0.986259 0.234537
vt 0.981687 0.240551
vt 0.981687 0.234507
vt 0.830725 0.152779
vt 0.828552 0.158517
vt 0.825344 0.166486
vt 0.877814 0.569987
vt 0.880134 0.574649
vt 0.685176 0.500912
vt 0.838044 0.146622
vt 0.834089 0.155773
vt 0.831259 0.162835
vt 0.499497 0.973859
vt 0.495169 0.980599
vt 0.494161 0.973859
vt 0.986259 0.419896
vt 0.986259 0.425917
vt 0.981403 0.424996
vt 0.828497 0.169673
vt 0.823839 0.170850
vt 0.839886 0.141169
vt 0.843751 0.144632
vt 0.839030 0.154497
vt 0.835707 0.162072
vt 0.834429 0.167366
vt 0.830981 0.174782
vt 0.500912 0.893845
vt 0.499833 0.897686
vt 0.490333 0.894429
vt 0.495459 0.903985
vt 0.490333 0.905135
vt 0.491926 0.911264
vt 0.840258 0.161119
vt 0.838694 0.166817
vt 0.837578 0.172708
vt 0.832858 0.180321
vt 0.922584 0.988795
vt 0.917901 0.991920
vt 0.917901 0.986927
vt 0.782498 0.935319
vt 0.777447 0.934113
vt 0.781957 0.929924
vt 0.778837 0.924094
vt 0.497214 0.910128
vt 0.190648 0.974715
vt 0.184487 0.967689
vt 0.191026 0.968794
vt 0.845209 0.164582
vt 0.840720 0.172531
vt 0.741166 0.419984
vt 0.744290 0.424318
vt 0.739269 0.430148
vt 0.746696 0.431926
vt 0.837664 0.179255
vt 0.834132 0.185586
vt 0.368787 0.642413
vt 0.371756 0.632873
vt 0.373562 0.638291
vt 0.935460 0.788652
vt 0.715692 0.965034
vt 0.715692 0.957132
vt 0.718823 0.960474
vt 0.682033 0.021336
vt 0.959374 0.591830
vt 0.959374 0.599963
vt 0.953647 0.594798
vt 0.189806 0.334525
vt 0.182525 0.329956
vt 0.188708 0.328687
vt 0.757028 0.909849
vt 0.824088 0.198816
vt 0.674861 0.022087
vt 0.675307 0.026512
vt 0.670720 0.030317
vt 0.679352 0.033960
vt 0.681573 0.030399
vt 0.975406 0.946639
vt 0.975406 0.940090
vt 0.979184 0.944940
vt 0.192441 0.322760
vt 0.183859 0.324337
vt 0.185374 0.318084
vt 0.178661 0.319761
vt 0.177915 0.313745
vt 0.805716 0.215215
vt 0.801777 0.224810
vt 0.800132 0.217581
vt 0.974928 0.213843
vt 0.974939 0.220741
vt 0.969801 0.220741
vt 0.606006 0.052355
vt 0.177915 0.325759
vt 0.811578 0.211579
vt 0.807891 0.222084
vt 0.703377 0.869280
vt 0.704914 0.861243
vt 0.708918 0.865712
vt 0.899651 0.470525
vt 0.901359 0.475933
vt 0.182455 0.335357
vt 0.819469 0.202115
vt 0.816966 0.209209
vt 0.814304 0.204714
vt 0.814111 0.217911
vt 0.697377 0.871644
vt 0.698830 0.864026
vt 0.699478 0.855508
vt 0.822441 0.207298
vt 0.819867 0.214661
vt 0.817089 0.223935
vt 0.811210 0.224986
vt 0.693805 0.868445
vt 0.694684 0.859311
vt 0.846174 0.978756
vt 0.842104 0.984844
vt 0.840561 0.978756
vt 0.696023 0.851561
vt 0.827380 0.203853
vt 0.825233 0.211105
vt 0.968637 0.873969
vt 0.963230 0.879398
vt 0.963230 0.872641
vt 0.709605 0.168235
vt 0.714578 0.171663
vt 0.709605 0.178235
vt 0.713314 0.182536
vt 0.689616 0.863569
vt 0.690356 0.853972
vt 0.179384 0.386222
vt 0.184983 0.389605
vt 0.179384 0.395241
vt 0.185366 0.397617
vt 0.691518 0.846873
vt 0.967670 0.328281
vt 0.967670 0.320916
vt 0.970694 0.323580
vt 0.482517 0.430951
vt 0.482517 0.440067
vt 0.478208 0.434189
vt 0.848564 0.840677
vt 0.550776 0.861397
vt 0.556058 0.857289
vt 0.560484 0.847151
vt 0.560250 0.854116
vt 0.564477 0.844148
vt 0.564588 0.850792
vt 0.948977 0.048473
vt 0.955129 0.050072
vt 0.950691 0.054589
vt 0.955129 0.058015
vt 0.854533 0.835244
vt 0.846809 0.831578
vt 0.545165 0.865745
vt 0.548610 0.871275
vt 0.322621 0.983797
vt 0.317772 0.984844
vt 0.317772 0.978591
vt 0.548126 0.880134
vt 0.545008 0.873605
vt 0.843215 0.826993
vt 0.855182 0.896240
vt 0.858909 0.890372
vt 0.554647 0.866087
vt 0.553754 0.875234
vt 0.850031 0.898529
vt 0.850212 0.890015
vt 0.559866 0.861682
vt 0.559223 0.870272
vt 0.104711 0.748545
vt 0.099742 0.755613
vt 0.099742 0.747432
vt 0.970085 0.788159
vt 0.969630 0.781348
vt 0.976354 0.781348
vt 0.925399 0.121691
vt 0.919998 0.115925
vt 0.925414 0.113688
vt 0.919998 0.108272
vt 0.871764 0.029142
vt 0.563756 0.859047
vt 0.823209 0.976354
vt 0.823209 0.969696
vt 0.827779 0.972166
vt 0.563764 0.866756
vt 0.796538 0.134426
vt 0.796538 0.124336
vt 0.800894 0.131123
vt 0.874474 0.046695
vt 0.868168 0.043241
vt 0.871263 0.038211
vt 0.865316 0.035829
vt 0.863010 0.028989
vt 0.883094 0.425917
vt 0.877962 0.420251
vt 0.882930 0.417996
vt 0.877842 0.413026
vt 0.886881 0.410701
vt 0.878237 0.405722
vt 0.887209 0.401826
vt 0.877842 0.398152
vt 0.881355 0.393579
vt 0.710215 0.206591
vt 0.710215 0.198328
vt 0.714578 0.201494
vt 0.233476 0.638168
vt 0.229332 0.634329
vt 0.233476 0.630603
vt 0.229515 0.627062
vt 0.233447 0.623827
vt 0.230622 0.619679
vt 0.857218 0.028542
vt 0.181121 0.053770
vt 0.039078 0.750179
vt 0.127136 0.851600
vt 0.965034 0.845586
vt 0.965034 0.853249
vt 0.961004 0.848584
vt 0.716323 0.943809
vt 0.719575 0.936213
vt 0.724483 0.943602
vt 0.141623 0.837433
vt 0.798355 0.940979
vt 0.798355 0.934202
vt 0.803724 0.937198
vt 0.044369 0.749911
vt 0.643221 0.903728
vt 0.123583 0.853380
vt 0.126996 0.858844
vt 0.638552 0.905604
vt 0.120398 0.573078
vt 0.132434 0.846174
vt 0.131674 0.855199
vt 0.131825 0.861005
vt 0.127030 0.865414
vt 0.131458 0.868814
vt 0.724483 0.932990
vt 0.137195 0.841458
vt 0.136613 0.850601
vt 0.136285 0.858573
vt 0.136011 0.866193
vt 0.970694 0.263317
vt 0.966687 0.270266
vt 0.966687 0.262899
vt 0.141379 0.844378
vt 0.141144 0.853889
vt 0.140876 0.861048
vt 0.399971 0.646268
vt 0.394404 0.639416
vt 0.401862 0.640137
vt 0.395110 0.634172
vt 0.098019 0.555744
vt 0.800639 0.929330
vt 0.145746 0.833091
vt 0.145618 0.840015
vt 0.145575 0.847788
vt 0.397485 0.660808
vt 0.394907 0.652750
vt 0.401862 0.655075
vt 0.391860 0.645322
vt 0.098100 0.562614
vt 0.093204 0.556202
vt 0.805984 0.358313
vt 0.104710 0.990504
vt 0.099869 0.990504
vt 0.100627 0.985134
vt 0.899944 0.637060
vt 0.892379 0.633570
vt 0.898392 0.632566
vt 0.892807 0.627400
vt 0.887674 0.628224
vt 0.887612 0.621270
vt 0.288605 0.825816
vt 0.289318 0.834110
vt 0.285226 0.831783
vt 0.285118 0.837901
vt 0.289866 0.842741
vt 0.469782 0.512232
vt 0.463833 0.512056
vt 0.468267 0.507592
vt 0.463833 0.504616
vt 0.093711 0.563172
vt 0.807484 0.364819
vt 0.801297 0.361169
vt 0.546980 0.789256
vt 0.551364 0.786420
vt 0.557618 0.783515
vt 0.562914 0.780152
vt 0.779729 0.355904
vt 0.784699 0.357968
vt 0.549103 0.793809
vt 0.910893 0.198101
vt 0.553846 0.791204
vt 0.552079 0.800084
vt 0.621773 0.957959
vt 0.621773 0.949192
vt 0.626848 0.955181
vt 0.559628 0.788600
vt 0.557271 0.797131
vt 0.555066 0.806434
vt 0.773843 0.351891
vt 0.771970 0.358398
vt 0.766656 0.358050
vt 0.564306 0.785347
vt 0.561874 0.793612
vt 0.560375 0.803120
vt 0.943809 0.937449
vt 0.943809 0.946803
vt 0.939149 0.939925
vt 0.936616 0.948054
vt 0.556079 0.808736
vt 0.569580 0.774718
vt 0.570044 0.782097
vt 0.566117 0.777359
vt 0.566244 0.790244
vt 0.566934 0.800644
vt 0.562047 0.807417
vt 0.558492 0.813906
vt 0.748181 0.375656
vt 0.789068 0.362089
vt 0.864341 0.969568
vt 0.860767 0.964740
vt 0.865984 0.964908
vt 0.573563 0.779044
vt 0.782166 0.358671
vt 0.774889 0.363265
vt 0.776725 0.356546
vt 0.769776 0.363007
vt 0.570712 0.787068
vt 0.571715 0.796637
vt 0.764906 0.361870
vt 0.758392 0.368868
vt 0.758523 0.360937
vt 0.753488 0.369525
vt 0.753418 0.375719
vt 0.748565 0.381152
vt 0.741854 0.384891
vt 0.750340 0.389010
vt 0.743109 0.392408
vt 0.893388 0.021520
vt 0.895855 0.015309
vt 0.897114 0.019756
vt 0.756411 0.392513
vt 0.750025 0.397481
vt 0.752523 0.390347
vt 0.764106 0.396305
vt 0.754538 0.400767
vt 0.772571 0.400303
vt 0.764291 0.404777
vt 0.778334 0.403342
vt 0.771293 0.408574
vt 0.779572 0.411660
vt 0.748122 0.395206
vt 0.740120 0.399426
vt 0.891332 0.016501
vt 0.892143 0.007472
vt 0.742525 0.402608
vt 0.772748 0.931086
vt 0.102547 0.475857
vt 0.097287 0.478656
vt 0.097652 0.471051
vt 0.751586 0.406343
vt 0.744373 0.411787
vt 0.772748 0.923013
vt 0.184487 0.974939
vt 0.753693 0.410951
vt 0.104710 0.482344
vt 0.097287 0.485949
vt 0.752661 0.415322
vt 0.745227 0.421227
vt 0.739644 0.416855
vt 0.846174 0.171874
vt 0.762776 0.415096
vt 0.757816 0.420207
vt 0.101853 0.492422
vt 0.754130 0.424309
vt 0.750357 0.428226
vt 0.840963 0.179702
vt 0.772825 0.417835
vt 0.928463 0.735102
vt 0.936734 0.735460
vt 0.928768 0.743864
vt 0.936734 0.747123
vt 0.769448 0.420740
vt 0.762980 0.426616
vt 0.075783 0.973524
vt 0.075783 0.966242
vt 0.082070 0.969619
vt 0.758789 0.430350
vt 0.751409 0.437055
vt 0.838610 0.186483
vt 0.780963 0.420070
vt 0.775402 0.425162
vt 0.068958 0.665053
vt 0.068958 0.656769
vt 0.074995 0.661650
vt 0.074606 0.654661
vt 0.771994 0.426847
vt 0.767050 0.431370
vt 0.975188 0.894763
vt 0.980599 0.896639
vt 0.975188 0.901359
vt 0.761589 0.436534
vt 0.364036 0.632489
vt 0.368261 0.634330
vt 0.364036 0.642116
vt 0.832421 0.191494
vt 0.835945 0.192819
vt 0.832828 0.199273
vt 0.768204 0.439471
vt 0.774338 0.432674
vt 0.071197 0.649090
vt 0.783866 0.426517
vt 0.789135 0.419876
vt 0.762132 0.445585
vt 0.770416 0.446907
vt 0.987674 0.963619
vt 0.981921 0.959227
vt 0.987674 0.957808
vt 0.773431 0.452678
vt 0.766054 0.449359
vt 0.776729 0.438948
vt 0.778364 0.450876
vt 0.969279 0.880134
vt 0.778964 0.429196
vt 0.781550 0.435876
vt 0.784217 0.445612
vt 0.787410 0.453439
vt 0.914094 0.744172
vt 0.914094 0.752393
vt 0.909684 0.749104
vt 0.910808 0.759858
vt 0.206401 0.394787
vt 0.205813 0.387500
vt 0.212251 0.390983
vt 0.212251 0.383585
vt 0.786791 0.429500
vt 0.789642 0.436516
vt 0.793240 0.446825
vt 0.796234 0.452466
vt 0.790646 0.459877
vt 0.685357 0.855865
vt 0.791699 0.424844
vt 0.207692 0.378431
vt 0.794451 0.430538
vt 0.798347 0.439405
vt 0.800944 0.444440
vt 0.804305 0.451509
vt 0.686639 0.847894
vt 0.796202 0.419808
vt 0.798990 0.425363
vt 0.802824 0.432691
vt 0.808481 0.443273
vt 0.949469 0.871724
vt 0.949469 0.881549
vt 0.945279 0.877268
vt 0.676835 0.841996
vt 0.682815 0.841368
vt 0.681564 0.848613
vt 0.809012 0.445095
vt 0.687752 0.840693
vt 0.169801 0.958401
vt 0.685306 0.834418
vt 0.679708 0.834199
vt 0.811348 0.433440
vt 0.807732 0.426668
vt 0.803412 0.419485
vt 0.798778 0.412714
vt 0.689784 0.834703
vt 0.687574 0.829036
vt 0.682580 0.827096
vt 0.298811 0.771602
vt 0.293115 0.776260
vt 0.293788 0.770891
vt 0.815327 0.440781
vt 0.820482 0.433418
vt 0.676621 0.826724
vt 0.302811 0.776857
vt 0.296106 0.781073
vt 0.984190 0.171216
vt 0.986156 0.165720
vt 0.989089 0.171216
vt 0.816901 0.426570
vt 0.822190 0.423589
vt 0.300170 0.785902
vt 0.293817 0.789051
vt 0.774236 0.907019
vt 0.773061 0.898615
vt 0.777574 0.903518
vt 0.782498 0.896499
vt 0.810628 0.418345
vt 0.815703 0.416092
vt 0.822605 0.414657
vt 0.297320 0.794200
vt 0.292438 0.795374
vt 0.773762 0.891468
vt 0.782330 0.888821
vt 0.807150 0.412300
vt 0.814505 0.410862
vt 0.361747 0.059430
vt 0.359468 0.052847
vt 0.365344 0.053500
vt 0.362005 0.045211
vt 0.367902 0.046386
vt 0.365891 0.040319
vt 0.296185 0.800776
vt 0.290743 0.801462
vt 0.773061 0.884996
vt 0.776814 0.882929
vt 0.805084 0.406699
vt 0.894284 0.961733
vt 0.894284 0.969279
vt 0.888839 0.964183
vt 0.811519 0.404991
vt 0.818151 0.403293
vt 0.821904 0.409257
vt 0.826364 0.401457
vt 0.359468 0.037989
vt 0.299911 0.807637
vt 0.294180 0.807200
vt 0.399834 0.977769
vt 0.395582 0.976073
vt 0.400447 0.970917
vt 0.395291 0.970917
vt 0.717408 0.985756
vt 0.713858 0.986259
vt 0.713858 0.980904
vt 0.754741 0.384241
vt 0.759444 0.378463
vt 0.764130 0.370204
vt 0.575908 0.792247
vt 0.781371 0.364881
vt 0.860767 0.972109
vt 0.896402 0.025788
vt 0.895222 0.032545
vt 0.891332 0.028015
vt 0.756817 0.384469
vt 0.764623 0.380041
vt 0.766308 0.389817
vt 0.771918 0.363866
vt 0.771727 0.373904
vt 0.772892 0.385197
vt 0.773036 0.393287
vt 0.574451 0.782858
vt 0.780772 0.372989
vt 0.780236 0.381076
vt 0.780029 0.389608
vt 0.779301 0.396367
vt 0.788742 0.365020
vt 0.788105 0.372472
vt 0.787678 0.376259
vt 0.787034 0.383398
vt 0.786325 0.392663
vt 0.785718 0.399646
vt 0.622603 0.980568
vt 0.619690 0.986259
vt 0.619690 0.980107
vt 0.933389 0.822951
vt 0.936734 0.824996
vt 0.933499 0.829194
vt 0.795289 0.367187
vt 0.795324 0.371965
vt 0.963619 0.384140
vt 0.962726 0.391957
vt 0.958815 0.384140
vt 0.794507 0.380063
vt 0.793427 0.388533
vt 0.792341 0.396290
vt 0.206591 0.302111
vt 0.212251 0.620224
vt 0.212251 0.626848
vt 0.208666 0.621724
vt 0.294193 0.813329
vt 0.820356 0.395461
vt 0.814462 0.396957
vt 0.805464 0.399329
vt 0.797740 0.401371
vt 0.895867 0.645246
vt 0.893076 0.640074
vt 0.893760 0.646658
vt 0.887612 0.642457
vt 0.888377 0.634965
vt 0.300061 0.814790
vt 0.296475 0.821548
vt 0.291704 0.819775
vt 0.293212 0.828595
vt 0.817065 0.387869
vt 0.302251 0.823617
vt 0.297230 0.829584
vt 0.820687 0.387876
vt 0.815724 0.380987
vt 0.821670 0.379978
vt 0.815039 0.374438
vt 0.820643 0.373766
vt 0.816209 0.366152
vt 0.808294 0.390571
vt 0.810301 0.381151
vt 0.302404 0.831634
vt 0.296942 0.836380
vt 0.808865 0.375376
vt 0.808141 0.369766
vt 0.799488 0.393730
vt 0.801401 0.384747
vt 0.803661 0.374030
vt 0.302811 0.840102
vt 0.296855 0.843344
vt 0.802437 0.369578
vt 0.801910 0.364834
vt 0.936734 0.817424
vt 0.794888 0.364736
vt 0.940200 0.908434
vt 0.478365 0.493832
vt 0.681710 0.276529
vt 0.314131 0.681599
vt 0.474054 0.480756
vt 0.293215 0.683211
vt 0.499153 0.448417
vt 0.505272 0.399721
vt 0.191527 0.680327
vt 0.287246 0.977769
vt 0.508603 0.370717
vt 0.506907 0.351276
vt 0.164508 0.675496
vt 0.147487 0.667750
vt 0.504079 0.331977
vt 0.678234 0.445330
vt 0.682033 0.467886
vt 0.116137 0.651400
vt 0.115872 0.126338
vt 0.065915 0.568655
vt 0.474054 0.270695
vt 0.543362 0.377662
vt 0.438077 0.860107
vt 0.445213 0.850255
vt 0.456759 0.846467
vt 0.475442 0.860001
vt 0.475442 0.872154
vt 0.468306 0.882006
vt 0.445213 0.882071
vt 0.305641 0.487679
vt 0.305641 0.488440
vt 0.305172 0.489170
vt 0.303653 0.489544
vt 0.303184 0.489044
vt 0.303184 0.488283
vt 0.304413 0.487131
vt 0.408584 0.752783
vt 0.029800 0.364738
vt 0.055388 0.385090
vt 0.075079 0.395304
vt 0.318659 0.748885
vt 0.128107 0.413176
vt 0.433639 0.028300
vt 0.736981 0.731435
vt 0.732694 0.738205
vt 0.392971 0.024340
vt 0.405495 0.429714
vt 0.271662 0.014191
vt 0.284154 0.028300
vt 0.276930 0.364738
vt 0.815211 0.843757
vt 0.826477 0.847263
vt 0.833439 0.856918
vt 0.826477 0.878982
vt 0.815211 0.882964
vt 0.803946 0.879457
vt 0.796984 0.857687
vt 0.168438 0.069366
vt 0.169280 0.069636
vt 0.169801 0.070338
vt 0.169280 0.071901
vt 0.168438 0.072165
vt 0.167596 0.071895
vt 0.167075 0.070329
vt 0.602793 0.593643
vt 0.807943 0.553989
vt 0.408646 0.498082
vt 0.517774 0.693582
vt 0.472443 0.694774
vt 0.745927 0.572225
vt 0.460932 0.591486
vt 0.281104 0.231252
vt 0.278368 0.197974
vt 0.390256 0.568111
vt 0.282933 0.155408
vt 0.375749 0.666689
vt 0.750804 0.462249
vt 0.181999 0.498082
vt 0.858090 0.523947
vt 0.858090 0.512037
vt 0.865002 0.502028
vt 0.887371 0.500823
vt 0.894284 0.510086
vt 0.894284 0.521996
vt 0.876187 0.536287
vt 0.370952 0.662884
vt 0.370247 0.662575
vt 0.369925 0.661874
vt 0.370727 0.660415
vt 0.371545 0.660214
vt 0.372249 0.660524
vt 0.054250 0.322991
vt 0.117386 0.511612
vt 0.771721 0.007993
vt 0.418083 0.648848
vt 0.158293 0.513458
vt 0.183866 0.513732
vt 0.721653 0.113015
vt 0.170518 0.017809
vt 0.476971 0.314874
vt 0.721538 0.149917
vt 0.313263 0.322991
vt 0.881590 0.149110
vt 0.892933 0.153369
vt 0.899944 0.163195
vt 0.892933 0.183845
vt 0.881590 0.186781
vt 0.870247 0.182522
vt 0.863236 0.161055
vt 0.243467 0.491760
vt 0.244254 0.492099
vt 0.244761 0.492823
vt 0.244345 0.494279
vt 0.243579 0.494455
vt 0.242250 0.492559
vt 0.754905 0.309886
vt 0.352251 0.324417
vt 0.041957 0.670547
vt 0.892917 0.945116
vt 0.765357 0.228727
vt 0.419122 0.976302
vt 0.774872 0.199446
vt 0.594747 0.720930
vt 0.785075 0.749475
vt 0.166971 0.695501
vt 0.784517 0.653452
vt 0.037066 0.421134
vt 0.452932 0.713159
vt 0.352251 0.075593
vt 0.331112 0.884061
vt 0.327756 0.895626
vt 0.318726 0.902774
vt 0.298288 0.895626
vt 0.294687 0.884061
vt 0.298042 0.872496
vt 0.318329 0.865348
vt 0.278756 0.122623
vt 0.278756 0.123485
vt 0.278250 0.124210
vt 0.276610 0.124297
vt 0.276103 0.123626
vt 0.276103 0.122763
vt 0.277429 0.121728
vt 0.311464 0.306914
vt 0.622603 0.069992
vt 0.442614 0.416951
vt 0.444828 0.370030
vt 0.448778 0.312232
vt 0.009905 0.317166
vt 0.076410 0.036143
vt 0.459687 0.219906
vt 0.009120 0.354400
vt 0.217337 0.016838
vt 0.311464 0.045756
vt 0.071851 0.087730
vt 0.258848 0.849311
vt 0.270278 0.852971
vt 0.277341 0.862741
vt 0.270278 0.884775
vt 0.258848 0.888624
vt 0.247419 0.884965
vt 0.240355 0.863047
vt 0.679575 0.990504
vt 0.678930 0.990230
vt 0.678531 0.989513
vt 0.678930 0.987911
vt 0.679575 0.987638
vt 0.680219 0.987913
vt 0.680618 0.989516
s 1
f 1/1/1 12/2/12 11/3/11
f 2/4/2 13/5/13 12/6/12
f 3/7/3 14/8/14 13/5/13
f 5/9/5 14/10/14 4/11/4
f 6/12/6 15/13/15 5/9/5
f 7/14/7 16/15/16 6/12/6
f 8/16/8 17/17/17 7/18/7
f 9/19/9 18/20/18 8/16/8
f 9/19/9 20/21/20 19/22/19
f 10/23/10 11/3/11 20/24/20
f 11/3/11 22/25/22 21/26/21
f 12/2/12 23/27/23 22/25/22
f 13/5/13 24/28/24 23/29/23
f 15/13/15 24/30/24 14/10/14
f 16/15/16 25/31/25 15/13/15
f 17/32/17 26/33/26 16/15/16
f 18/20/18 27/34/27 17/17/17
f 19/22/19 28/35/28 18/20/18
f 20/21/20 29/36/29 19/22/19
f 20/24/20 21/26/21 30/37/30
f 21/26/21 32/38/32 31/39/31
f 22/25/22 33/40/33 32/38/32
f 23/29/23 34/41/34 33/42/33
f 25/31/25 34/43/34 24/30/24
f 26/33/26 35/44/35 25/31/25
f 27/45/27 36/46/36 26/33/26
f 28/35/28 37/47/37 27/34/27
f 29/36/29 38/48/38 28/35/28
f 29/36/29 40/49/40 39/50/39
f 30/37/30 31/39/31 40/51/40
f 31/39/31 42/52/42 41/53/41
f 32/54/32 43/55/43 42/56/42
f 33/42/33 44/57/44 43/55/43
f 35/44/35 44/58/44 34/43/34
f 36/46/36 45/59/45 35/44/35
f 37/60/37 46/61/46 36/46/36
f 38/48/38 47/62/47 37/47/37
f 39/50/39 48/63/48 38/48/38
f 40/49/40 49/64/49 39/50/39
f 40/51/40 41/53/41 50/65/50
f 42/52/42 51/66/51 41/53/41
f 43/55/43 52/67/52 42/56/42
f 44/57/44 53/68/53 43/55/43
f 45/69/45 54/70/54 44/57/44
f 46/61/46 55/71/55 45/59/45
f 47/72/47 56/73/56 46/61/46
f 48/63/48 57/74/57 47/62/47
f 49/64/49 58/75/58 48/63/48
f 50/76/50 59/77/59 49/64/49
f 41/53/41 60/78/60 50/65/50
f 51/66/51 62/79/62 61/80/61
f 52/67/52 63/81/63 62/82/62
f 54/70/54 63/81/63 53/68/53
f 55/83/55 64/84/64 54/70/54
f 56/73/56 65/85/65 55/71/55
f 57/86/57 66/87/66 56/73/56
f 58/75/58 67/88/67 57/74/57
f 59/77/59 68/89/68 58/75/58
f 60/90/60 69/91/69 59/77/59
f 51/66/51 70/92/70 60/78/60
f 61/80/61 72/93/72 71/94/71
f 62/82/62 73/95/73 72/96/72
f 63/81/63 74/97/74 73/95/73
f 65/98/65 74/97/74 64/84/64
f 66/87/66 75/99/75 65/85/65
f 67/100/67 76/101/76 66/87/66
f 68/89/68 77/102/77 67/88/67
f 69/91/69 78/103/78 68/89/68
f 70/104/70 79/105/79 69/91/69
f 70/92/70 71/94/71 80/106/80
f 71/94/71 82/107/82 81/108/81
f 72/96/72 83/109/83 82/110/82
f 73/95/73 84/111/84 83/109/83
f 75/112/75 84/111/84 74/97/74
f 76/101/76 85/113/85 75/99/75
f 77/114/77 86/115/86 76/101/76
f 78/103/78 87/116/87 77/102/77
f 79/105/79 88/117/88 78/103/78
f 80/118/80 89/119/89 79/105/79
f 80/106/80 81/108/81 90/120/90
f 81/108/81 92/121/92 91/122/91
f 82/110/82 93/123/93 92/124/92
f 84/111/84 93/123/93 83/109/83
f 85/125/85 94/126/94 84/111/84
f 86/115/86 95/127/95 85/113/85
f 87/128/87 96/129/96 86/115/86
f 88/117/88 97/130/97 87/116/87
f 89/119/89 98/131/98 88/117/88
f 90/132/90 99/133/99 89/119/89
f 90/120/90 91/122/91 100/134/100
f 92/121/92 101/135/101 91/122/91
f 93/136/93 102/137/102 92/121/92
f 94/126/94 103/138/103 93/123/93
f 95/139/95 104/140/104 94/126/94
f 96/129/96 105/141/105 95/127/95
f 97/142/97 106/143/106 96/129/96
f 98/131/98 107/144/107 97/130/97
f 99/133/99 108/145/108 98/131/98
f 100/146/100 109/147/109 99/133/99
f 91/122/91 110/148/110 100/134/100
f 101/135/101 112/149/112 111/150/111
f 102/151/102 113/152/113 112/153/112
f 104/140/104 113/152/113 103/138/103
f 105/154/105 114/155/114 104/140/104
f 106/143/106 115/156/115 105/141/105
f 107/157/107 116/158/116 106/143/106
f 108/145/108 117/159/117 107/144/107
f 109/147/109 118/160/118 108/145/108
f 110/161/110 119/162/119 109/147/109
f 110/148/110 111/150/111 120/163/120
f 111/150/111 122/164/122 121/165/121
f 112/153/112 123/166/123 122/167/122
f 114/155/114 123/166/123 113/152/113
f 115/168/115 124/169/124 114/155/114
f 116/158/116 125/170/125 115/156/115
f 117/171/117 126/172/126 116/158/116
f 118/160/118 127/173/127 117/159/117
f 119/162/119 128/174/128 118/160/118
f 120/175/120 129/176/129 119/162/119
f 120/163/120 121/165/121 130/177/130
f 121/165/121 132/178/132 131/179/131
f 122/167/122 133/180/133 132/181/132
f 124/169/124 133/180/133 123/166/123
f 125/182/125 134/183/134 124/169/124
f 126/172/126 135/184/135 125/170/125
f 127/185/127 136/186/136 126/172/126
f 128/174/128 137/187/137 127/173/127
f 129/176/129 138/188/138 128/174/128
f 130/189/130 139/190/139 129/191/129
f 130/177/130 131/179/131 140/192/140
f 131/179/131 142/193/142 141/194/141
f 132/178/132 143/195/143 142/193/142
f 134/183/134 143/196/143 133/180/133
f 135/197/135 144/198/144 134/183/134
f 136/186/136 145/199/145 135/184/135
f 137/200/137 146/201/146 136/186/136
f 138/188/138 147/202/147 137/187/137
f 139/203/139 148/204/148 138/188/138
f 140/205/140 149/206/149 139/203/139
f 140/192/140 141/194/141 150/207/150
f 141/194/141 152/208/152 151/209/151
f 143/195/143 152/208/152 142/193/142
f 144/198/144 153/210/153 143/196/143
f 145/211/145 154/212/154 144/198/144
f 146/201/146 155/213/155 145/199/145
f 147/214/147 156/215/156 146/201/146
f 148/204/148 157/216/157 147/202/147
f 149/206/149 158/217/158 148/204/148
f 150/218/150 159/219/159 149/206/149
f 141/194/141 160/220/160 150/207/150
f 151/209/151 162/221/162 161/222/161
f 152/208/152 163/223/163 162/221/162
f 154/212/154 163/224/163 153/210/153
f 155/225/155 164/226/164 154/212/154
f 156/215/156 165/227/165 155/213/155
f 157/228/157 166/229/166 156/215/156
f 158/217/158 167/230/167 157/216/157
f 159/219/159 168/231/168 158/217/158
f 160/232/160 169/233/169 159/234/159
f 160/220/160 161/222/161 170/235/170
f 161/222/161 172/236/172 171/237/171
f 162/238/162 173/239/173 172/240/172
f 164/226/164 173/239/173 163/224/163
f 165/241/165 174/242/174 164/226/164
f 166/229/166 175/243/175 165/227/165
f 167/244/167 176/245/176 166/229/166
f 168/231/168 177/246/177 167/230/167
f 169/247/169 178/248/178 168/231/168
f 170/249/170 179/250/179 169/233/169
f 170/235/170 171/237/171 180/251/180
f 171/237/171 182/252/182 181/253/181
f 172/236/172 183/254/183 182/252/182
f 174/242/174 183/255/183 173/239/173
f 175/256/175 184/257/184 174/242/174
f 176/245/176 185/258/185 175/243/175
f 177/259/177 186/260/186 176/245/176
f 178/248/178 187/261/187 177/246/177
f 179/250/179 188/262/188 178/263/178
f 180/264/180 189/265/189 179/250/179
f 180/251/180 181/253/181 190/266/190
f 181/253/181 192/267/192 191/268/191
f 182/252/182 193/269/193 192/267/192
f 184/257/184 193/270/193 183/255/183
f 185/271/185 194/272/194 184/273/184
f 186/260/186 195/274/195 185/258/185
f 187/275/187 196/276/196 186/260/186
f 188/277/188 197/278/197 187/261/187
f 189/265/189 198/279/198 188/262/188
f 190/280/190 199/281/199 189/265/189
f 190/266/190 191/268/191 200/282/200
f 191/268/191 202/283/202 201/284/201
f 192/267/192 203/285/203 202/283/202
f 194/286/194 203/287/203 193/270/193
f 195/288/195 204/289/204 194/272/194
f 196/276/196 205/290/205 195/274/195
f 197/291/197 206/292/206 196/276/196
f 198/293/198 207/294/207 197/278/197
f 199/281/199 208/295/208 198/279/198
f 200/296/200 209/297/209 199/281/199
f 200/282/200 201/284/201 210/298/210
f 201/284/201 212/299/212 211/300/211
f 202/283/202 213/301/213 212/299/212
f 204/302/204 213/303/213 203/287/203
f 205/304/205 214/305/214 204/289/204
f 206/292/206 215/306/215 205/290/205
f 207/307/207 216/308/216 206/292/206
f 208/309/208 217/310/217 207/294/207
f 209/297/209 218/311/218 208/295/208
f 210/312/210 219/313/219 209/297/209
f 210/298/210 211/300/211 220/314/220
f 211/300/211 222/315/222 221/316/221
f 212/299/212 223/317/223 222/315/222
f 214/305/214 223/318/223 213/319/213
f 215/320/215 224/321/224 214/305/214
f 216/308/216 225/322/225 215/306/215
f 217/323/217 226/324/226 216/308/216
f 218/325/218 227/326/227 217/310/217
f 219/313/219 228/327/228 218/311/218
f 220/328/220 229/329/229 219/313/219
f 220/314/220 221/316/221 230/330/230
f 221/316/221 232/331/232 231/332/231
f 222/315/222 233/333/233 232/331/232
f 224/321/224 233/334/233 223/318/223
f 225/335/225 234/336/234 224/321/224
f 226/324/226 235/337/235 225/322/225
f 227/338/227 236/339/236 226/324/226
f 228/340/228 237/341/237 227/338/227
f 229/329/229 238/342/238 228/327/228
f 230/343/230 239/344/239 229/329/229
f 230/330/230 231/332/231 240/345/240
f 232/331/232 241/346/241 231/332/231
f 233/333/233 242/347/242 232/331/232
f 234/336/234 243/348/243 233/334/233
f 234/336/234 245/349/245 244/350/244
f 235/337/235 246/351/246 245/352/245
f 236/339/236 247/353/247 246/351/246
f 237/341/237 248/354/248 247/353/247
f 238/342/238 249/355/249 248/356/248
f 240/357/240 249/355/249 239/344/239
f 231/332/231 250/358/250 240/345/240
f 7/359/7 3/360/3 1/361/1
f 244/362/244 248/363/248 250/364/250
f 251/365/251 262/366/262 261/367/261
f 252/368/252 263/369/263 262/366/262
f 253/370/253 264/371/264 263/372/263
f 254/373/254 265/374/265 264/371/264
f 255/375/255 266/376/266 265/377/265
f 257/378/257 266/376/266 256/379/256
f 258/380/258 267/381/267 257/382/257
f 259/383/259 268/384/268 258/380/258
f 260/385/260 269/386/269 259/383/259
f 251/365/251 270/387/270 260/388/260
f 261/367/261 272/389/272 271/390/271
f 262/366/262 273/391/273 272/389/272
f 263/372/263 274/392/274 273/393/273
f 264/394/264 275/395/275 274/396/274
f 266/376/266 275/395/275 265/377/265
f 267/397/267 276/398/276 266/376/266
f 268/384/268 277/399/277 267/381/267
f 269/386/269 278/400/278 268/384/268
f 270/401/270 279/402/279 269/386/269
f 261/367/261 280/403/280 270/387/270
f 271/390/271 282/404/282 281/405/281
f 272/389/272 283/406/283 282/404/282
f 273/393/273 284/407/284 283/408/283
f 274/396/274 285/409/285 284/410/284
f 276/398/276 285/409/285 275/395/275
f 277/411/277 286/412/286 276/398/276
f 278/400/278 287/413/287 277/399/277
f 279/402/279 288/414/288 278/400/278
f 280/415/280 289/416/289 279/402/279
f 271/390/271 290/417/290 280/403/280
f 281/405/281 292/418/292 291/419/291
f 282/404/282 293/420/293 292/418/292
f 283/408/283 294/421/294 293/422/293
f 284/407/284 295/423/295 294/421/294
f 286/412/286 295/424/295 285/409/285
f 287/425/287 296/426/296 286/412/286
f 288/414/288 297/427/297 287/413/287
f 289/416/289 298/428/298 288/414/288
f 290/429/290 299/430/299 289/416/289
f 281/405/281 300/431/300 290/417/290
f 292/418/292 301/432/301 291/419/291
f 292/418/292 303/433/303 302/434/302
f 293/422/293 304/435/304 303/436/303
f 295/423/295 304/435/304 294/421/294
f 296/426/296 305/437/305 295/424/295
f 297/438/297 306/439/306 296/426/296
f 298/428/298 307/440/307 297/427/297
f 299/430/299 308/441/308 298/428/298
f 300/442/300 309/443/309 299/430/299
f 291/419/291 310/444/310 300/431/300
f 302/434/302 311/445/311 301/432/301
f 302/434/302 313/446/313 312/447/312
f 303/436/303 314/448/314 313/449/313
f 304/435/304 315/450/315 314/448/314
f 306/439/306 315/451/315 305/437/305
f 307/452/307 316/453/316 306/439/306
f 308/441/308 317/454/317 307/440/307
f 309/443/309 318/455/318 308/441/308
f 310/456/310 319/457/319 309/443/309
f 301/432/301 320/458/320 310/444/310
f 311/445/311 322/459/322 321/460/321
f 312/447/312 323/461/323 322/459/322
f 313/449/313 324/462/324 323/463/323
f 314/448/314 325/464/325 324/462/324
f 316/453/316 325/465/325 315/451/315
f 317/466/317 326/467/326 316/453/316
f 318/455/318 327/468/327 317/454/317
f 319/457/319 328/469/328 318/455/318
f 320/470/320 329/471/329 319/457/319
f 311/445/311 330/472/330 320/458/320
f 321/460/321 332/473/332 331/474/331
f 322/475/322 333/476/333 332/477/332
f 323/463/323 334/478/334 333/476/333
f 324/462/324 335/479/335 334/478/334
f 326/467/326 335/480/335 325/465/325
f 327/481/327 336/482/336 326/467/326
f 328/469/328 337/483/337 327/468/327
f 329/471/329 338/484/338 328/469/328
f 330/485/330 339/486/339 329/471/329
f 321/460/321 340/487/340 330/472/330
f 331/474/331 342/488/342 341/489/341
f 332/473/332 343/490/343 342/488/342
f 333/476/333 344/491/344 343/492/343
f 334/478/334 345/493/345 344/491/344
f 336/482/336 345/494/345 335/480/335
f 337/495/337 346/496/346 336/482/336
f 338/484/338 347/497/347 337/483/337
f 339/486/339 348/498/348 338/484/338
f 340/499/340 349/500/349 339/486/339
f 331/474/331 350/501/350 340/487/340
f 342/488/342 351/502/351 341/489/341
f 342/488/342 353/503/353 352/504/352
f 343/492/343 354/505/354 353/506/353
f 345/493/345 354/505/354 344/491/344
f 346/496/346 355/507/355 345/494/345
f 347/508/347 356/509/356 346/496/346
f 348/498/348 357/510/357 347/497/347
f 349/500/349 358/511/358 348/498/348
f 350/512/350 359/513/359 349/500/349
f 341/489/341 360/514/360 350/501/350
f 351/502/351 362/515/362 361/516/361
f 352/517/352 363/518/363 362/519/362
f 353/506/353 364/520/364 363/518/363
f 354/505/354 365/521/365 364/520/364
f 356/509/356 365/522/365 355/507/355
f 357/523/357 366/524/366 356/509/356
f 358/511/358 367/525/367 357/510/357
f 359/513/359 368/526/368 358/511/358
f 360/527/360 369/528/369 359/513/359
f 351/529/351 370/530/370 360/531/360
f 361/532/361 372/533/372 371/534/371
f 362/519/362 373/535/373 372/536/372
f 363/518/363 374/537/374 373/535/373
f 364/520/364 375/538/375 374/537/374
f 366/524/366 375/539/375 365/522/365
f 367/540/367 376/541/376 366/524/366
f 368/526/368 377/542/377 367/525/367
f 369/528/369 378/543/378 368/526/368
f 370/544/370 379/545/379 369/528/369
f 361/532/361 380/546/380 370/530/370
f 371/534/371 382/547/382 381/548/381
f 372/536/372 383/549/383 382/550/382
f 373/535/373 384/551/384 383/549/383
f 374/537/374 385/552/385 384/551/384
f 376/541/376 385/553/385 375/539/375
f 377/554/377 386/555/386 376/556/376
f 378/543/378 387/557/387 377/542/377
f 379/545/379 388/558/388 378/543/378
f 380/559/380 389/560/389 379/545/379
f 371/534/371 390/561/390 380/546/380
f 381/548/381 392/562/392 391/563/391
f 382/550/382 393/564/393 392/565/392
f 383/549/383 394/566/394 393/564/393
f 384/551/384 395/567/395 394/566/394
f 386/555/386 395/568/395 385/569/385
f 387/570/387 396/571/396 386/555/386
f 388/558/388 397/572/397 387/557/387
f 389/560/389 398/573/398 388/558/388
f 390/574/390 399/575/399 389/560/389
f 381/548/381 400/576/400 390/561/390
f 392/562/392 401/577/401 391/563/391
f 392/565/392 403/578/403 402/579/402
f 393/564/393 404/580/404 403/578/403
f 394/566/394 405/581/405 404/580/404
f 396/571/396 405/582/405 395/568/395
f 397/583/397 406/584/406 396/571/396
f 398/573/398 407/585/407 397/572/397
f 399/575/399 408/586/408 398/573/398
f 400/587/400 409/588/409 399/575/399
f 391/563/391 410/589/410 400/576/400
f 401/577/401 412/590/412 411/591/411
f 402/579/402 413/592/413 412/593/412
f 403/578/403 414/594/414 413/592/413
f 404/580/404 415/595/415 414/594/414
f 406/584/406 415/596/415 405/582/405
f 407/597/407 416/598/416 406/584/406
f 408/586/408 417/599/417 407/585/407
f 409/588/409 418/600/418 408/586/408
f 410/601/410 419/602/419 409/588/409
f 401/577/401 420/603/420 410/589/410
f 411/591/411 422/604/422 421/605/421
f 412/593/412 423/606/423 422/607/422
f 413/592/413 424/608/424 423/606/423
f 414/594/414 425/609/425 424/608/424
f 416/598/416 425/610/425 415/596/415
f 417/611/417 426/612/426 416/598/416
f 418/600/418 427/613/427 417/599/417
f 419/602/419 428/614/428 418/600/418
f 420/615/420 429/616/429 419/602/419
f 411/591/411 430/617/430 420/603/420
f 421/605/421 432/618/432 431/619/431
f 422/607/422 433/620/433 432/621/432
f 423/606/423 434/622/434 433/620/433
f 424/608/424 435/623/435 434/622/434
f 426/612/426 435/624/435 425/610/425
f 427/625/427 436/626/436 426/612/426
f 428/614/428 437/627/437 427/613/427
f 429/616/429 438/628/438 428/614/428
f 430/629/430 439/630/439 429/616/429
f 421/605/421 440/631/440 430/617/430
f 431/619/431 442/632/442 441/633/441
f 432/621/432 443/634/443 442/635/442
f 433/620/433 444/636/444 443/634/443
f 434/622/434 445/637/445 444/636/444
f 436/626/436 445/638/445 435/624/435
f 437/639/437 446/640/446 436/626/436
f 438/628/438 447/641/447 437/627/437
f 439/630/439 448/642/448 438/628/438
f 440/643/440 449/644/449 439/630/439
f 431/619/431 450/645/450 440/631/440
f 441/633/441 452/646/452 451/647/451
f 442/635/442 453/648/453 452/649/452
f 443/634/443 454/650/454 453/648/453
f 444/636/444 455/651/455 454/650/454
f 446/640/446 455/652/455 445/638/445
f 447/653/447 456/654/456 446/640/446
f 448/642/448 457/655/457 447/641/447
f 449/644/449 458/656/458 448/642/448
f 450/657/450 459/658/459 449/644/449
f 441/633/441 460/659/460 450/645/450
f 451/647/451 462/660/462 461/661/461
f 452/649/452 463/662/463 462/663/462
f 453/648/453 464/664/464 463/662/463
f 454/650/454 465/665/465 464/664/464
f 456/654/456 465/666/465 455/652/455
f 457/667/457 466/668/466 456/654/456
f 458/656/458 467/669/467 457/655/457
f 459/658/459 468/670/468 458/656/458
f 460/671/460 469/672/469 459/658/459
f 451/647/451 470/673/470 460/659/460
f 461/661/461 472/674/472 471/675/471
f 462/663/462 473/676/473 472/677/472
f 463/662/463 474/678/474 473/676/473
f 464/664/464 475/679/475 474/678/474
f 466/668/466 475/680/475 465/666/465
f 467/681/467 476/682/476 466/668/466
f 468/670/468 477/683/477 467/669/467
f 469/672/469 478/684/478 468/670/468
f 470/685/470 479/686/479 469/672/469
f 461/661/461 480/687/480 470/673/470
f 471/675/471 482/688/482 481/689/481
f 472/677/472 483/690/483 482/691/482
f 473/676/473 484/692/484 483/690/483
f 474/678/474 485/693/485 484/692/484
f 476/682/476 485/694/485 475/680/475
f 477/695/477 486/696/486 476/682/476
f 478/684/478 487/697/487 477/683/477
f 479/686/479 488/698/488 478/684/478
f 480/699/480 489/700/489 479/686/479
f 471/675/471 490/701/490 480/687/480
f 482/688/482 491/702/491 481/689/481
f 483/690/483 492/703/492 482/691/482
f 484/692/484 493/704/493 483/690/483
f 485/693/485 494/705/494 484/692/484
f 486/696/486 495/706/495 485/694/485
f 486/696/486 497/707/497 496/708/496
f 487/697/487 498/709/498 497/710/497
f 488/698/488 499/711/499 498/709/498
f 489/700/489 500/712/500 499/711/499
f 490/701/490 491/702/491 500/713/500
f 257/714/257 253/715/253 251/716/251
f 494/717/494 498/718/498 500/719/500
f 502/720/502 511/721/511 501/722/501
f 502/720/502 513/723/513 512/724/512
f 503/725/503 514/726/514 513/727/513
f 504/728/504 515/729/515 514/730/514
f 505/731/505 516/732/516 515/729/515
f 506/733/506 517/734/517 516/732/516
f 507/735/507 518/736/518 517/737/517
f 509/738/509 518/736/518 508/739/508
f 510/740/510 519/741/519 509/738/509
f 501/722/501 520/742/520 510/743/510
f 512/724/512 521/744/521 511/721/511
f 512/724/512 523/745/523 522/746/522
f 513/727/513 524/747/524 523/748/523
f 514/730/514 525/749/525 524/750/524
f 515/729/515 526/751/526 525/749/525
f 516/732/516 527/752/527 526/751/526
f 517/737/517 528/753/528 527/754/527
f 519/741/519 528/753/528 518/736/518
f 520/755/520 529/756/529 519/741/519
f 511/721/511 530/757/530 520/742/520
f 522/746/522 531/758/531 521/744/521
f 522/746/522 533/759/533 532/760/532
f 523/748/523 534/761/534 533/762/533
f 524/750/524 535/763/535 534/764/534
f 525/749/525 536/765/536 535/763/535
f 526/751/526 537/766/537 536/765/536
f 527/754/527 538/767/538 537/768/537
f 529/756/529 538/767/538 528/753/528
f 530/769/530 539/770/539 529/756/529
f 521/744/521 540/771/540 530/757/530
f 532/760/532 541/772/541 531/758/531
f 532/760/532 543/773/543 542/774/542
f 533/762/533 544/775/544 543/776/543
f 534/764/534 545/777/545 544/778/544
f 535/763/535 546/779/546 545/777/545
f 536/765/536 547/780/547 546/779/546
f 537/768/537 548/781/548 547/782/547
f 539/770/539 548/781/548 538/767/538
f 540/783/540 549/784/549 539/770/539
f 531/758/531 550/785/550 540/771/540
f 541/772/541 552/786/552 551/787/551
f 542/774/542 553/788/553 552/786/552
f 543/776/543 554/789/554 553/790/553
f 544/778/544 555/791/555 554/792/554
f 545/777/545 556/793/556 555/791/555
f 546/779/546 557/794/557 556/793/556
f 547/782/547 558/795/558 557/796/557
f 548/781/548 559/797/559 558/795/558
f 549/784/549 560/798/560 559/797/559
f 550/785/550 551/787/551 560/799/560
f 551/787/551 562/800/562 561/801/561
f 552/786/552 563/802/563 562/800/562
f 553/790/553 564/803/564 563/804/563
f 554/792/554 565/805/565 564/806/564
f 555/791/555 566/807/566 565/805/565
f 556/793/556 567/808/567 566/807/566
f 557/796/557 568/809/568 567/810/567
f 558/795/558 569/811/569 568/809/568
f 560/798/560 569/811/569 559/797/559
f 551/787/551 570/812/570 560/799/560
f 562/800/562 571/813/571 561/801/561
f 562/800/562 573/814/573 572/815/572
f 563/804/563 574/816/574 573/817/573
f 564/806/564 575/818/575 574/819/574
f 565/805/565 576/820/576 575/818/575
f 566/807/566 577/821/577 576/820/576
f 567/810/567 578/822/578 577/823/577
f 569/811/569 578/822/578 568/809/568
f 570/824/570 579/825/579 569/811/569
f 561/801/561 580/826/580 570/812/570
f 572/815/572 581/827/581 571/813/571
f 572/815/572 583/828/583 582/829/582
f 573/817/573 584/830/584 583/831/583
f 574/819/574 585/832/585 584/833/584
f 575/818/575 586/834/586 585/832/585
f 576/820/576 587/835/587 586/834/586
f 577/823/577 588/836/588 587/837/587
f 579/825/579 588/836/588 578/822/578
f 580/838/580 589/839/589 579/825/579
f 571/813/571 590/840/590 580/826/580
f 582/829/582 591/841/591 581/827/581
f 582/829/582 593/842/593 592/843/592
f 583/831/583 594/844/594 593/845/593
f 584/833/584 595/846/595 594/847/594
f 585/832/585 596/848/596 595/846/595
f 586/834/586 597/849/597 596/848/596
f 587/837/587 598/850/598 597/851/597
f 589/839/589 598/850/598 588/836/588
f 590/852/590 599/853/599 589/839/589
f 581/827/581 600/854/600 590/840/590
f 591/841/591 602/855/602 601/856/601
f 592/843/592 603/857/603 602/855/602
f 593/845/593 604/858/604 603/859/603
f 594/847/594 605/860/605 604/861/604
f 595/846/595 606/862/606 605/860/605
f 596/848/596 607/863/607 606/862/606
f 597/851/597 608/864/608 607/865/607
f 598/850/598 609/866/609 608/864/608
f 599/853/599 610/867/610 609/866/609
f 600/854/600 601/856/601 610/868/610
f 601/856/601 612/869/612 611/870/611
f 602/855/602 613/871/613 612/869/612
f 603/859/603 614/872/614 613/873/613
f 604/861/604 615/874/615 614/875/614
f 605/860/605 616/876/616 615/874/615
f 606/862/606 617/877/617 616/876/616
f 607/865/607 618/878/618 617/879/617
f 608/864/608 619/880/619 618/878/618
f 610/867/610 619/880/619 609/866/609
f 601/856/601 620/881/620 610/868/610
f 612/869/612 621/882/621 611/870/611
f 612/883/612 623/884/623 622/885/622
f 613/886/613 624/887/624 623/884/623
f 614/875/614 625/888/625 624/889/624
f 615/874/615 626/890/626 625/888/625
f 616/876/616 627/891/627 626/890/626
f 617/879/617 628/892/628 627/893/627
f 619/880/619 628/892/628 618/878/618
f 620/894/620 629/895/629 619/880/619
f 611/870/611 630/896/630 620/881/620
f 622/897/622 631/898/631 621/882/621
f 622/885/622 633/899/633 632/900/632
f 623/884/623 634/901/634 633/899/633
f 624/889/624 635/902/635 634/903/634
f 625/888/625 636/904/636 635/902/635
f 626/890/626 637/905/637 636/904/636
f 627/893/627 638/906/638 637/907/637
f 629/895/629 638/906/638 628/892/628
f 630/908/630 639/909/639 629/895/629
f 621/882/621 640/910/640 630/896/630
f 632/911/632 641/912/641 631/898/631
f 632/900/632 643/913/643 642/914/642
f 633/899/633 644/915/644 643/913/643
f 634/903/634 645/916/645 644/917/644
f 635/902/635 646/918/646 645/916/645
f 636/904/636 647/919/647 646/918/646
f 637/920/637 648/921/648 647/922/647
f 638/906/638 649/923/649 648/924/648
f 640/925/640 649/923/649 639/909/639
f 631/898/631 650/926/650 640/910/640
f 641/912/641 652/927/652 651/928/651
f 642/914/642 653/929/653 652/930/652
f 643/913/643 654/931/654 653/929/653
f 644/917/644 655/932/655 654/933/654
f 645/916/645 656/934/656 655/932/655
f 646/918/646 657/935/657 656/934/656
f 647/922/647 658/936/658 657/937/657
f 648/924/648 659/938/659 658/939/658
f 650/940/650 659/938/659 649/923/649
f 641/912/641 660/941/660 650/926/650
f 652/927/652 661/942/661 651/928/651
f 652/930/652 663/943/663 662/944/662
f 653/929/653 664/945/664 663/943/663
f 654/933/654 665/946/665 664/947/664
f 655/932/655 666/948/666 665/946/665
f 656/934/656 667/949/667 666/948/666
f 657/937/657 668/950/668 667/951/667
f 658/939/658 669/952/669 668/953/668
f 660/954/660 669/952/669 659/938/659
f 651/928/651 670/955/670 660/941/660
f 662/956/662 671/957/671 661/942/661
f 662/944/662 673/958/673 672/959/672
f 663/943/663 674/960/674 673/958/673
f 664/947/664 675/961/675 674/962/674
f 665/946/665 676/963/676 675/961/675
f 666/948/666 677/964/677 676/963/676
f 667/951/667 678/965/678 677/966/677
f 669/952/669 678/967/678 668/953/668
f 670/968/670 679/969/679 669/952/669
f 661/942/661 680/970/680 670/955/670
f 672/971/672 681/972/681 671/957/671
f 672/959/672 683/973/683 682/974/682
f 673/958/673 684/975/684 683/973/683
f 674/962/674 685/976/685 684/977/684
f 675/961/675 686/978/686 685/976/685
f 676/963/676 687/979/687 686/978/686
f 677/966/677 688/980/688 687/981/687
f 679/969/679 688/982/688 678/967/678
f 680/983/680 689/984/689 679/969/679
f 671/957/671 690/985/690 680/970/680
f 682/986/682 691/987/691 681/972/681
f 682/974/682 693/988/693 692/989/692
f 683/973/683 694/990/694 693/988/693
f 684/977/684 695/991/695 694/992/694
f 685/976/685 696/993/696 695/991/695
f 686/978/686 697/994/697 696/993/696
f 687/981/687 698/995/698 697/996/697
f 688/980/688 699/997/699 698/995/698
f 690/998/690 699/999/699 689/984/689
f 681/972/681 700/1000/700 690/985/690
f 692/1001/692 701/1002/701 691/987/691
f 692/989/692 703/1003/703 702/1004/702
f 693/988/693 704/1005/704 703/1003/703
f 694/992/694 705/1006/705 704/1007/704
f 695/991/695 706/1008/706 705/1006/705
f 696/993/696 707/1009/707 706/1008/706
f 697/996/697 708/1010/708 707/1011/707
f 698/995/698 709/1012/709 708/1010/708
f 700/1013/700 709/1014/709 699/999/699
f 691/987/691 710/1015/710 700/1000/700
f 702/1016/702 711/1017/711 701/1002/701
f 702/1004/702 713/1018/713 712/1019/712
f 703/1003/703 714/1020/714 713/1018/713
f 704/1007/704 715/1021/715 714/1022/714
f 705/1006/705 716/1023/716 715/1021/715
f 706/1008/706 717/1024/717 716/1023/716
f 707/1011/707 718/1025/718 717/1026/717
f 709/1012/709 718/1025/718 708/1010/708
f 710/1027/710 719/1028/719 709/1014/709
f 701/1002/701 720/1029/720 710/1015/710
f 712/1030/712 721/1031/721 711/1017/711
f 712/1019/712 723/1032/723 722/1033/722
f 713/1018/713 724/1034/724 723/1032/723
f 714/1022/714 725/1035/725 724/1036/724
f 715/1021/715 726/1037/726 725/1035/725
f 716/1023/716 727/1038/727 726/1037/726
f 717/1026/717 728/1039/728 727/1040/727
f 719/1041/719 728/1039/728 718/1025/718
f 720/1042/720 729/1043/729 719/1028/719
f 711/1017/711 730/1044/730 720/1029/720
f 722/1045/722 731/1046/731 721/1031/721
f 722/1033/722 733/1047/733 732/1048/732
f 723/1032/723 734/1049/734 733/1047/733
f 724/1036/724 735/1050/735 734/1051/734
f 725/1035/725 736/1052/736 735/1050/735
f 726/1037/726 737/1053/737 736/1052/736
f 727/1040/727 738/1054/738 737/1055/737
f 729/1056/729 738/1054/738 728/1039/728
f 730/1057/730 739/1058/739 729/1043/729
f 721/1031/721 740/1059/740 730/1044/730
f 731/1060/731 742/1061/742 741/1062/741
f 732/1048/732 743/1063/743 742/1061/742
f 734/1049/734 743/1063/743 733/1047/733
f 735/1050/735 744/1064/744 734/1051/734
f 736/1052/736 745/1065/745 735/1050/735
f 737/1053/737 746/1066/746 736/1052/736
f 738/1054/738 747/1067/747 737/1055/737
f 738/1054/738 749/1068/749 748/1069/748
f 739/1058/739 750/1070/750 749/1071/749
f 740/1059/740 741/1072/741 750/1073/750
f 507/1074/507 503/1075/503 501/1076/501
f 744/1077/744 748/1078/748 750/1070/750
f 752/1079/752 761/1080/761 751/1081/751
f 753/1082/753 762/1083/762 752/1079/752
f 754/1084/754 763/1085/763 753/1086/753
f 754/1087/754 765/1088/765 764/1089/764
f 755/1090/755 766/1091/766 765/1088/765
f 756/1092/756 767/1093/767 766/1091/766
f 757/1094/757 768/1095/768 767/1096/767
f 758/1097/758 769/1098/769 768/1095/768
f 760/1099/760 769/1098/769 759/1100/759
f 751/1081/751 770/1101/770 760/1102/760
f 762/1083/762 771/1103/771 761/1080/761
f 763/1104/763 772/1105/772 762/1083/762
f 764/1106/764 773/1107/773 763/1085/763
f 764/1089/764 775/1108/775 774/1109/774
f 765/1088/765 776/1110/776 775/1108/775
f 766/1091/766 777/1111/777 776/1110/776
f 767/1096/767 778/1112/778 777/1113/777
f 768/1095/768 779/1114/779 778/1112/778
f 770/1115/770 779/1114/779 769/1098/769
f 761/1080/761 780/1116/780 770/1101/770
f 772/1105/772 781/1117/781 771/1103/771
f 773/1118/773 782/1119/782 772/1105/772
f 774/1120/774 783/1121/783 773/1107/773
f 774/1109/774 785/1122/785 784/1123/784
f 775/1108/775 786/1124/786 785/1122/785
f 776/1110/776 787/1125/787 786/1124/786
f 777/1113/777 788/1126/788 787/1127/787
f 778/1112/778 789/1128/789 788/1126/788
f 780/1129/780 789/1128/789 779/1114/779
f 771/1103/771 790/1130/790 780/1116/780
f 782/1119/782 791/1131/791 781/1117/781
f 783/1132/783 792/1133/792 782/1119/782
f 784/1134/784 793/1135/793 783/1121/783
f 785/1122/785 794/1136/794 784/1123/784
f 785/1122/785 796/1137/796 795/1138/795
f 786/1124/786 797/1139/797 796/1137/796
f 787/1127/787 798/1140/798 797/1141/797
f 788/1126/788 799/1142/799 798/1140/798
f 790/1143/790 799/1142/799 789/1128/789
f 781/1117/781 800/1144/800 790/1130/790
f 792/1133/792 801/1145/801 791/1131/791
f 793/1146/793 802/1147/802 792/1133/792
f 794/1148/794 803/1149/803 793/1135/793
f 795/1138/795 804/1150/804 794/1136/794
f 795/1138/795 806/1151/806 805/1152/805
f 796/1137/796 807/1153/807 806/1151/806
f 797/1141/797 808/1154/808 807/1155/807
f 799/1142/799 808/1154/808 798/1140/798
f 800/1156/800 809/1157/809 799/1142/799
f 791/1131/791 810/1158/810 800/1144/800
f 802/1147/802 811/1159/811 801/1145/801
f 803/1160/803 812/1161/812 802/1147/802
f 804/1162/804 813/1163/813 803/1149/803
f 805/1152/805 814/1164/814 804/1150/804
f 805/1152/805 816/1165/816 815/1166/815
f 806/1151/806 817/1167/817 816/1165/816
f 807/1155/807 818/1168/818 817/1169/817
f 809/1157/809 818/1168/818 808/1154/808
f 810/1170/810 819/1171/819 809/1157/809
f 801/1145/801 820/1172/820 810/1158/810
f 812/1161/812 821/1173/821 811/1159/811
f 813/1174/813 822/1175/822 812/1161/812
f 814/1176/814 823/1177/823 813/1163/813
f 815/1166/815 824/1178/824 814/1164/814
f 815/1166/815 826/1179/826 825/1180/825
f 816/1165/816 827/1181/827 826/1179/826
f 817/1169/817 828/1182/828 827/1183/827
f 818/1168/818 829/1184/829 828/1182/828
f 820/1185/820 829/1184/829 819/1171/819
f 811/1159/811 830/1186/830 820/1172/820
f 822/1175/822 831/1187/831 821/1173/821
f 823/1188/823 832/1189/832 822/1175/822
f 824/1190/824 833/1191/833 823/1177/823
f 824/1178/824 835/1192/835 834/1193/834
f 825/1180/825 836/1194/836 835/1192/835
f 826/1179/826 837/1195/837 836/1194/836
f 827/1183/827 838/1196/838 837/1197/837
f 828/1182/828 839/1198/839 838/1196/838
f 830/1199/830 839/1198/839 829/1184/829
f 821/1173/821 840/1200/840 830/1186/830
f 832/1189/832 841/1201/841 831/1187/831
f 833/1202/833 842/1203/842 832/1189/832
f 834/1204/834 843/1205/843 833/1191/833
f 835/1192/835 844/1206/844 834/1193/834
f 835/1192/835 846/1207/846 845/1208/845
f 836/1194/836 847/1209/847 846/1207/846
f 837/1197/837 848/1210/848 847/1211/847
f 838/1196/838 849/1212/849 848/1210/848
f 840/1213/840 849/1212/849 839/1198/839
f 831/1187/831 850/1214/850 840/1200/840
f 842/1203/842 851/1215/851 841/1201/841
f 843/1216/843 852/1217/852 842/1203/842
f 844/1218/844 853/1219/853 843/1205/843
f 845/1208/845 854/1220/854 844/1206/844
f 845/1208/845 856/1221/856 855/1222/855
f 846/1207/846 857/1223/857 856/1221/856
f 847/1211/847 858/1224/858 857/1225/857
f 849/1212/849 858/1224/858 848/1210/848
f 850/1226/850 859/1227/859 849/1228/849
f 841/1201/841 860/1229/860 850/1214/850
f 852/1217/852 861/1230/861 851/1215/851
f 853/1231/853 862/1232/862 852/1217/852
f 854/1233/854 863/1234/863 853/1219/853
f 855/1222/855 864/1235/864 854/1220/854
f 855/1222/855 866/1236/866 865/1237/865
f 856/1221/856 867/1238/867 866/1236/866
f 857/1225/857 868/1239/868 867/1240/867
f 859/1241/859 868/1239/868 858/1224/858
f 860/1242/860 869/1243/869 859/1227/859
f 851/1215/851 870/1244/870 860/1229/860
f 862/1232/862 871/1245/871 861/1230/861
f 863/1246/863 872/1247/872 862/1232/862
f 864/1248/864 873/1249/873 863/1250/863
f 865/1251/865 874/1252/874 864/1248/864
f 865/1237/865 876/1253/876 875/1254/875
f 866/1236/866 877/1255/877 876/1253/876
f 867/1240/867 878/1256/878 877/1257/877
f 868/1239/868 879/1258/879 878/1256/878
f 870/1259/870 879/1258/879 869/1260/869
f 861/1230/861 880/1261/880 870/1244/870
f 872/1247/872 881/1262/881 871/1245/871
f 873/1263/873 882/1264/882 872/1247/872
f 874/1252/874 883/1265/883 873/1249/873
f 875/1266/875 884/1267/884 874/1252/874
f 875/1254/875 886/1268/886 885/1269/885
f 876/1253/876 887/1270/887 886/1268/886
f 877/1257/877 888/1271/888 887/1272/887
f 878/1256/878 889/1273/889 888/1271/888
f 880/1274/880 889/1273/889 879/1258/879
f 871/1245/871 890/1275/890 880/1261/880
f 882/1264/882 891/1276/891 881/1262/881
f 883/1277/883 892/1278/892 882/1264/882
f 884/1267/884 893/1279/893 883/1265/883
f 885/1280/885 894/1281/894 884/1267/884
f 885/1269/885 896/1282/896 895/1283/895
f 886/1268/886 897/1284/897 896/1282/896
f 887/1272/887 898/1285/898 897/1286/897
f 889/1273/889 898/1285/898 888/1271/888
f 890/1287/890 899/1288/899 889/1289/889
f 881/1262/881 900/1290/900 890/1275/890
f 892/1278/892 901/1291/901 891/1276/891
f 893/1292/893 902/1293/902 892/1278/892
f 894/1281/894 903/1294/903 893/1279/893
f 895/1295/895 904/1296/904 894/1281/894
f 895/1283/895 906/1297/906 905/1298/905
f 896/1282/896 907/1299/907 906/1297/906
f 897/1286/897 908/1300/908 907/1301/907
f 899/1302/899 908/1300/908 898/1285/898
f 900/1303/900 909/1304/909 899/1288/899
f 891/1276/891 910/1305/910 900/1290/900
f 902/1293/902 911/1306/911 901/1291/901
f 903/1307/903 912/1308/912 902/1293/902
f 904/1296/904 913/1309/913 903/1294/903
f 905/1310/905 914/1311/914 904/1296/904
f 905/1298/905 916/1312/916 915/1313/915
f 906/1297/906 917/1314/917 916/1312/916
f 907/1301/907 918/1315/918 917/1316/917
f 909/1317/909 918/1315/918 908/1300/908
f 910/1318/910 919/1319/919 909/1304/909
f 901/1291/901 920/1320/920 910/1305/910
f 912/1308/912 921/1321/921 911/1306/911
f 913/1322/913 922/1323/922 912/1308/912
f 914/1311/914 923/1324/923 913/1309/913
f 915/1325/915 924/1326/924 914/1311/914
f 915/1313/915 926/1327/926 925/1328/925
f 916/1312/916 927/1329/927 926/1327/926
f 917/1316/917 928/1330/928 927/1331/927
f 918/1315/918 929/1332/929 928/1330/928
f 920/1333/920 929/1334/929 919/1319/919
f 911/1306/911 930/1335/930 920/1320/920
f 922/1323/922 931/1336/931 921/1321/921
f 923/1337/923 932/1338/932 922/1323/922
f 924/1326/924 933/1339/933 923/1324/923
f 925/1340/925 934/1341/934 924/1326/924
f 925/1328/925 936/1342/936 935/1343/935
f 926/1327/926 937/1344/937 936/1342/936
f 927/1331/927 938/1345/938 937/1346/937
f 928/1347/928 939/1348/939 938/1349/938
f 930/1350/930 939/1348/939 929/1334/929
f 921/1321/921 940/1351/940 930/1335/930
f 932/1338/932 941/1352/941 931/1336/931
f 933/1353/933 942/1354/942 932/1338/932
f 934/1341/934 943/1355/943 933/1339/933
f 935/1356/935 944/1357/944 934/1341/934
f 935/1343/935 946/1358/946 945/1359/945
f 936/1342/936 947/1360/947 946/1358/946
f 937/1346/937 948/1361/948 947/1362/947
f 938/1349/938 949/1363/949 948/1364/948
f 940/1365/940 949/1363/949 939/1348/939
f 931/1336/931 950/1366/950 940/1351/940
f 942/1354/942 951/1367/951 941/1352/941
f 943/1368/943 952/1369/952 942/1354/942
f 944/1357/944 953/1370/953 943/1355/943
f 945/1371/945 954/1372/954 944/1357/944
f 945/1359/945 956/1373/956 955/1374/955
f 946/1358/946 957/1375/957 956/1373/956
f 947/1362/947 958/1376/958 957/1377/957
f 948/1364/948 959/1378/959 958/1379/958
f 950/1380/950 959/1378/959 949/1363/949
f 941/1352/941 960/1381/960 950/1366/950
f 952/1369/952 961/1382/961 951/1367/951
f 953/1383/953 962/1384/962 952/1369/952
f 954/1372/954 963/1385/963 953/1370/953
f 955/1386/955 964/1387/964 954/1372/954
f 955/1374/955 966/1388/966 965/1389/965
f 956/1373/956 967/1390/967 966/1388/966
f 957/1377/957 968/1391/968 967/1392/967
f 958/1379/958 969/1393/969 968/1394/968
f 960/1395/960 969/1393/969 959/1378/959
f 951/1367/951 970/1396/970 960/1381/960
f 962/1384/962 971/1397/971 961/1382/961
f 963/1398/963 972/1399/972 962/1384/962
f 964/1387/964 973/1400/973 963/1385/963
f 964/1387/964 975/1401/975 974/1402/974
f 965/1389/965 976/1403/976 975/1404/975
f 966/1388/966 977/1405/977 976/1403/976
f 967/1392/967 978/1406/978 977/1407/977
f 968/1394/968 979/1408/979 978/1409/978
f 970/1410/970 979/1408/979 969/1393/969
f 961/1382/961 980/1411/980 970/1396/970
f 972/1399/972 981/1412/981 971/1397/971
f 973/1413/973 982/1414/982 972/1399/972
f 974/1402/974 983/1415/983 973/1400/973
f 974/1402/974 985/1416/985 984/1417/984
f 975/1404/975 986/1418/986 985/1419/985
f 976/1403/976 987/1420/987 986/1418/986
f 977/1407/977 988/1421/988 987/1422/987
f 978/1409/978 989/1423/989 988/1424/988
f 980/1425/980 989/1423/989 979/1408/979
f 971/1397/971 990/1426/990 980/1411/980
f 981/1412/981 992/1427/992 991/1428/991
f 982/1414/982 993/1429/993 992/1427/992
f 983/1415/983 994/1430/994 993/1431/993
f 985/1416/985 994/1430/994 984/1417/984
f 986/1418/986 995/1432/995 985/1419/985
f 987/1420/987 996/1433/996 986/1418/986
f 988/1421/988 997/1434/997 987/1422/987
f 989/1423/989 998/1435/998 988/1424/988
f 989/1423/989 1000/1436/1000 999/1437/999
f 990/1426/990 991/1428/991 1000/1438/1000
f 757/1439/757 753/1440/753 751/1441/751
f 994/1442/994 998/1443/998 1000/1444/1000
f 1002/1445/1002 1011/1446/1011 1001/1447/1001
f 1003/1448/1003 1012/1449/1012 1002/1450/1002
f 1004/1451/1004 1013/1452/1013 1003/1448/1003
f 1005/1453/1005 1014/1454/1014 1004/1455/1004
f 1006/1456/1006 1015/1457/1015 1005/1453/1005
f 1006/1456/1006 1017/1458/1017 1016/1459/1016
f 1007/1460/1007 1018/1461/1018 1017/1462/1017
f 1008/1463/1008 1019/1464/1019 1018/1461/1018
f 1009/1465/1009 1020/1466/1020 1019/1464/1019
f 1010/1467/1010 1011/1446/1011 1020/1468/1020
f 1012/1469/1012 1021/1470/1021 1011/1446/1011
f 1013/1471/1013 1022/1472/1022 1012/1469/1012
f 1014/1473/1014 1023/1474/1023 1013/1452/1013
f 1015/1457/1015 1024/1475/1024 1014/1454/1014
f 1016/1459/1016 1025/1476/1025 1015/1457/1015
f 1016/1459/1016 1027/1477/1027 1026/1478/1026
f 1017/1462/1017 1028/1479/1028 1027/1480/1027
f 1018/1461/1018 1029/1481/1029 1028/1479/1028
f 1019/1464/1019 1030/1482/1030 1029/1481/1029
f 1020/1468/1020 1021/1470/1021 1030/1483/1030
f 1022/1472/1022 1031/1484/1031 1021/1470/1021
f 1023/1485/1023 1032/1486/1032 1022/1472/1022
f 1024/1487/1024 1033/1488/1033 1023/1474/1023
f 1025/1476/1025 1034/1489/1034 1024/1475/1024
f 1026/1478/1026 1035/1490/1035 1025/1476/1025
f 1026/1478/1026 1037/1491/1037 1036/1492/1036
f 1027/1480/1027 1038/1493/1038 1037/1494/1037
f 1028/1479/1028 1039/1495/1039 1038/1493/1038
f 1029/1481/1029 1040/1496/1040 1039/1495/1039
f 1030/1483/1030 1031/1484/1031 1040/1497/1040
f 1032/1486/1032 1041/1498/1041 1031/1484/1031
f 1033/1488/1033 1042/1499/1042 1032/1500/1032
f 1034/1501/1034 1043/1502/1043 1033/1488/1033
f 1035/1490/1035 1044/1503/1044 1034/1489/1034
f 1036/1492/1036 1045/1504/1045 1035/1490/1035
f 1036/1492/1036 1047/1505/1047 1046/1506/1046
f 1037/1494/1037 1048/1507/1048 1047/1508/1047
f 1038/1493/1038 1049/1509/1049 1048/1507/1048
f 1039/1495/1039 1050/1510/1050 1049/1509/1049
f 1040/1497/1040 1041/1498/1041 1050/1511/1050
f 1042/1512/1042 1051/1513/1051 1041/1498/1041
f 1043/1502/1043 1052/1514/1052 1042/1499/1042
f 1044/1515/1044 1053/1516/1053 1043/1502/1043
f 1045/1504/1045 1054/1517/1054 1044/1503/1044
f 1046/1506/1046 1055/1518/1055 1045/1504/1045
f 1046/1506/1046 1057/1519/1057 1056/1520/1056
f 1047/1508/1047 1058/1521/1058 1057/1522/1057
f 1048/1507/1048 1059/1523/1059 1058/1521/1058
f 1049/1509/1049 1060/1524/1060 1059/1523/1059
f 1050/1511/1050 1051/1513/1051 1060/1525/1060
f 1052/1526/1052 1061/1527/1061 1051/1513/1051
f 1053/1516/1053 1062/1528/1062 1052/1514/1052
f 1054/1529/1054 1063/1530/1063 1053/1516/1053
f 1055/1518/1055 1064/1531/1064 1054/1517/1054
f 1056/1520/1056 1065/1532/1065 1055/1518/1055
f 1056/1520/1056 1067/1533/1067 1066/1534/1066
f 1057/1522/1057 1068/1535/1068 1067/1536/1067
f 1058/1521/1058 1069/1537/1069 1068/1535/1068
f 1059/1523/1059 1070/1538/1070 1069/1537/1069
f 1060/1525/1060 1061/1527/1061 1070/1539/1070
f 1062/1540/1062 1071/1541/1071 1061/1527/1061
f 1063/1530/1063 1072/1542/1072 1062/1528/1062
f 1064/1543/1064 1073/1544/1073 1063/1530/1063
f 1065/1532/1065 1074/1545/1074 1064/1531/1064
f 1066/1534/1066 1075/1546/1075 1065/1532/1065
f 1066/1534/1066 1077/1547/1077 1076/1548/1076
f 1067/1536/1067 1078/1549/1078 1077/1550/1077
f 1068/1535/1068 1079/1551/1079 1078/1549/1078
f 1069/1537/1069 1080/1552/1080 1079/1551/1079
f 1070/1539/1070 1071/1541/1071 1080/1553/1080
f 1072/1554/1072 1081/1555/1081 1071/1541/1071
f 1073/1544/1073 1082/1556/1082 1072/1542/1072
f 1074/1557/1074 1083/1558/1083 1073/1544/1073
f 1075/1546/1075 1084/1559/1084 1074/1545/1074
f 1076/1548/1076 1085/1560/1085 1075/1546/1075
f 1076/1561/1076 1087/1562/1087 1086/1563/1086
f 1077/1550/1077 1088/1564/1088 1087/1565/1087
f 1078/1549/1078 1089/1566/1089 1088/1564/1088
f 1079/1551/1079 1090/1567/1090 1089/1566/1089
f 1080/1553/1080 1081/1555/1081 1090/1568/1090
f 1082/1569/1082 1091/1570/1091 1081/1555/1081
f 1083/1558/1083 1092/1571/1092 1082/1556/1082
f 1084/1572/1084 1093/1573/1093 1083/1558/1083
f 1085/1560/1085 1094/1574/1094 1084/1559/1084
f 1086/1575/1086 1095/1576/1095 1085/1560/1085
f 1086/1575/1086 1097/1577/1097 1096/1578/1096
f 1087/1565/1087 1098/1579/1098 1097/1580/1097
f 1088/1564/1088 1099/1581/1099 1098/1579/1098
f 1089/1566/1089 1100/1582/1100 1099/1581/1099
f 1090/1568/1090 1091/1570/1091 1100/1583/1100
f 1092/1584/1092 1101/1585/1101 1091/1570/1091
f 1093/1573/1093 1102/1586/1102 1092/1571/1092
f 1094/1587/1094 1103/1588/1103 1093/1573/1093
f 1095/1576/1095 1104/1589/1104 1094/1574/1094
f 1096/1578/1096 1105/1590/1105 1095/1576/1095
f 1096/1578/1096 1107/1591/1107 1106/1592/1106
f 1097/1580/1097 1108/1593/1108 1107/1594/1107
f 1098/1579/1098 1109/1595/1109 1108/1593/1108
f 1099/1581/1099 1110/1596/1110 1109/1595/1109
f 1100/1597/1100 1101/1598/1101 1110/1599/1110
f 1102/1600/1102 1111/1601/1111 1101/1585/1101
f 1103/1588/1103 1112/1602/1112 1102/1586/1102
f 1104/1603/1104 1113/1604/1113 1103/1588/1103
f 1105/1590/1105 1114/1605/1114 1104/1589/1104
f 1106/1592/1106 1115/1606/1115 1105/1590/1105
f 1106/1607/1106 1117/1608/1117 1116/1609/1116
f 1107/1594/1107 1118/1610/1118 1117/1611/1117
f 1108/1593/1108 1119/1612/1119 1118/1610/1118
f 1109/1595/1109 1120/1613/1120 1119/1612/1119
f 1110/1614/1110 1111/1601/1111 1120/1615/1120
f 1112/1616/1112 1121/1617/1121 1111/1601/1111
f 1113/1604/1113 1122/1618/1122 1112/1602/1112
f 1114/1619/1114 1123/1620/1123 1113/1604/1113
f 1115/1621/1115 1124/1622/1124 1114/1623/1114
f 1116/1609/1116 1125/1624/1125 1115/1621/1115
f 1116/1609/1116 1127/1625/1127 1126/1626/1126
f 1117/1611/1117 1128/1627/1128 1127/1628/1127
f 1118/1610/1118 1129/1629/1129 1128/1627/1128
f 1119/1612/1119 1130/1630/1130 1129/1629/1129
f 1120/1615/1120 1121/1617/1121 1130/1631/1130
f 1122/1632/1122 1131/1633/1131 1121/1617/1121
f 1123/1620/1123 1132/1634/1132 1122/1618/1122
f 1124/1635/1124 1133/1636/1133 1123/1620/1123
f 1125/1624/1125 1134/1637/1134 1124/1622/1124
f 1126/1626/1126 1135/1638/1135 1125/1624/1125
f 1126/1626/1126 1137/1639/1137 1136/1640/1136
f 1127/1628/1127 1138/1641/1138 1137/1642/1137
f 1128/1627/1128 1139/1643/1139 1138/1641/1138
f 1129/1629/1129 1140/1644/1140 1139/1643/1139
f 1130/1631/1130 1131/1633/1131 1140/1645/1140
f 1132/1646/1132 1141/1647/1141 1131/1633/1131
f 1133/1636/1133 1142/1648/1142 1132/1634/1132
f 1134/1649/1134 1143/1650/1143 1133/1636/1133
f 1135/1638/1135 1144/1651/1144 1134/1637/1134
f 1136/1640/1136 1145/1652/1145 1135/1638/1135
f 1136/1640/1136 1147/1653/1147 1146/1654/1146
f 1137/1642/1137 1148/1655/1148 1147/1656/1147
f 1138/1641/1138 1149/1657/1149 1148/1655/1148
f 1139/1643/1139 1150/1658/1150 1149/1657/1149
f 1140/1659/1140 1141/1660/1141 1150/1661/1150
f 1142/1662/1142 1151/1663/1151 1141/1647/1141
f 1143/1650/1143 1152/1664/1152 1142/1648/1142
f 1144/1665/1144 1153/1666/1153 1143/1650/1143
f 1145/1652/1145 1154/1667/1154 1144/1651/1144
f 1146/1654/1146 1155/1668/1155 1145/1652/1145
f 1146/1654/1146 1157/1669/1157 1156/1670/1156
f 1147/1656/1147 1158/1671/1158 1157/1672/1157
f 1148/1655/1148 1159/1673/1159 1158/1671/1158
f 1149/1657/1149 1160/1674/1160 1159/1673/1159
f 1150/1661/1150 1151/1675/1151 1160/1676/1160
f 1152/1677/1152 1161/1678/1161 1151/1663/1151
f 1153/1666/1153 1162/1679/1162 1152/1664/1152
f 1154/1680/1154 1163/1681/1163 1153/1666/1153
f 1155/1668/1155 1164/1682/1164 1154/1667/1154
f 1156/1670/1156 1165/1683/1165 1155/1668/1155
f 1156/1670/1156 1167/1684/1167 1166/1685/1166
f 1157/1672/1157 1168/1686/1168 1167/1687/1167
f 1158/1671/1158 1169/1688/1169 1168/1686/1168
f 1159/1673/1159 1170/1689/1170 1169/1688/1169
f 1160/1676/1160 1161/1690/1161 1170/1691/1170
f 1162/1692/1162 1171/1693/1171 1161/1678/1161
f 1163/1681/1163 1172/1694/1172 1162/1679/1162
f 1164/1695/1164 1173/1696/1173 1163/1681/1163
f 1165/1683/1165 1174/1697/1174 1164/1682/1164
f 1166/1685/1166 1175/1698/1175 1165/1683/1165
f 1166/1685/1166 1177/1699/1177 1176/1700/1176
f 1167/1687/1167 1178/1701/1178 1177/1702/1177
f 1168/1686/1168 1179/1703/1179 1178/1701/1178
f 1169/1688/1169 1180/1704/1180 1179/1703/1179
f 1170/1691/1170 1171/1705/1171 1180/1706/1180
f 1172/1707/1172 1181/1708/1181 1171/1705/1171
f 1173/1696/1173 1182/1709/1182 1172/1694/1172
f 1174/1710/1174 1183/1711/1183 1173/1696/1173
f 1175/1698/1175 1184/1712/1184 1174/1697/1174
f 1176/1700/1176 1185/1713/1185 1175/1698/1175
f 1176/1700/1176 1187/1714/1187 1186/1715/1186
f 1177/1702/1177 1188/1716/1188 1187/1717/1187
f 1178/1701/1178 1189/1718/1189 1188/1716/1188
f 1179/1703/1179 1190/1719/1190 1189/1718/1189
f 1180/1706/1180 1181/1708/1181 1190/1720/1190
f 1182/1721/1182 1191/1722/1191 1181/1708/1181
f 1183/1711/1183 1192/1723/1192 1182/1709/1182
f 1184/1724/1184 1193/1725/1193 1183/1711/1183
f 1185/1713/1185 1194/1726/1194 1184/1712/1184
f 1186/1715/1186 1195/1727/1195 1185/1713/1185
f 1186/1715/1186 1197/1728/1197 1196/1729/1196
f 1187/1717/1187 1198/1730/1198 1197/1731/1197
f 1188/1716/1188 1199/1732/1199 1198/1730/1198
f 1189/1733/1189 1200/1734/1200 1199/1735/1199
f 1190/1720/1190 1191/1722/1191 1200/1734/1200
f 1192/1736/1192 1201/1737/1201 1191/1722/1191
f 1193/1725/1193 1202/1738/1202 1192/1723/1192
f 1194/1739/1194 1203/1740/1203 1193/1725/1193
f 1195/1727/1195 1204/1741/1204 1194/1726/1194
f 1196/1729/1196 1205/1742/1205 1195/1727/1195
f 1196/1729/1196 1207/1743/1207 1206/1744/1206
f 1197/1731/1197 1208/1745/1208 1207/1746/1207
f 1198/1730/1198 1209/1747/1209 1208/1745/1208
f 1199/1735/1199 1210/1748/1210 1209/1749/1209
f 1200/1734/1200 1201/1737/1201 1210/1748/1210
f 1202/1750/1202 1211/1751/1211 1201/1737/1201
f 1203/1740/1203 1212/1752/1212 1202/1738/1202
f 1204/1753/1204 1213/1754/1213 1203/1740/1203
f 1205/1742/1205 1214/1755/1214 1204/1741/1204
f 1206/1744/1206 1215/1756/1215 1205/1742/1205
f 1206/1744/1206 1217/1757/1217 1216/1758/1216
f 1207/1746/1207 1218/1759/1218 1217/1760/1217
f 1208/1745/1208 1219/1761/1219 1218/1759/1218
f 1209/1749/1209 1220/1762/1220 1219/1763/1219
f 1210/1748/1210 1211/1751/1211 1220/1762/1220
f 1212/1764/1212 1221/1765/1221 1211/1751/1211
f 1213/1754/1213 1222/1766/1222 1212/1752/1212
f 1214/1767/1214 1223/1768/1223 1213/1754/1213
f 1215/1756/1215 1224/1769/1224 1214/1755/1214
f 1216/1758/1216 1225/1770/1225 1215/1756/1215
f 1216/1758/1216 1227/1771/1227 1226/1772/1226
f 1217/1760/1217 1228/1773/1228 1227/1774/1227
f 1218/1759/1218 1229/1775/1229 1228/1773/1228
f 1219/1763/1219 1230/1776/1230 1229/1777/1229
f 1220/1762/1220 1221/1765/1221 1230/1776/1230
f 1222/1778/1222 1231/1779/1231 1221/1765/1221
f 1223/1768/1223 1232/1780/1232 1222/1766/1222
f 1224/1781/1224 1233/1782/1233 1223/1768/1223
f 1225/1770/1225 1234/1783/1234 1224/1769/1224
f 1226/1772/1226 1235/1784/1235 1225/1770/1225
f 1226/1772/1226 1237/1785/1237 1236/1786/1236
f 1227/1774/1227 1238/1787/1238 1237/1788/1237
f 1228/1773/1228 1239/1789/1239 1238/1787/1238
f 1229/1777/1229 1240/1790/1240 1239/1791/1239
f 1230/1776/1230 1231/1779/1231 1240/1790/1240
f 1231/1779/1231 1242/1792/1242 1241/1793/1241
f 1232/1780/1232 1243/1794/1243 1242/1795/1242
f 1233/1782/1233 1244/1796/1244 1243/1794/1243
f 1234/1783/1234 1245/1797/1245 1244/1798/1244
f 1235/1784/1235 1246/1799/1246 1245/1797/1245
f 1237/1785/1237 1246/1799/1246 1236/1786/1236
f 1238/1787/1238 1247/1800/1247 1237/1788/1237
f 1239/1789/1239 1248/1801/1248 1238/1787/1238
f 1240/1790/1240 1249/1802/1249 1239/1791/1239
f 1231/1779/1231 1250/1803/1250 1240/1790/1240
f 1007/1804/1007 1003/1805/1003 1001/1806/1001
f 1244/1807/1244 1248/1808/1248 1250/1809/1250
f 1251/1810/1251 1262/1811/1262 1261/1812/1261
f 1252/1813/1252 1263/1814/1263 1262/1815/1262
f 1254/1816/1254 1263/1814/1263 1253/1817/1253
f 1255/1818/1255 1264/1819/1264 1254/1820/1254
f 1256/1821/1256 1265/1822/1265 1255/1818/1255
f 1257/1823/1257 1266/1824/1266 1256/1821/1256
f 1258/1825/1258 1267/1826/1267 1257/1827/1257
f 1258/1825/1258 1269/1828/1269 1268/1829/1268
f 1259/1830/1259 1270/1831/1270 1269/1828/1269
f 1260/1832/1260 1261/1812/1261 1270/1833/1270
f 1261/1812/1261 1272/1834/1272 1271/1835/1271
f 1262/1815/1262 1273/1836/1273 1272/1837/1272
f 1264/1838/1264 1273/1836/1273 1263/1814/1263
f 1265/1822/1265 1274/1839/1274 1264/1819/1264
f 1266/1824/1266 1275/1840/1275 1265/1822/1265
f 1267/1841/1267 1276/1842/1276 1266/1824/1266
f 1268/1829/1268 1277/1843/1277 1267/1826/1267
f 1268/1829/1268 1279/1844/1279 1278/1845/1278
f 1269/1828/1269 1280/1846/1280 1279/1844/1279
f 1270/1833/1270 1271/1835/1271 1280/1847/1280
f 1271/1835/1271 1282/1848/1282 1281/1849/1281
f 1272/1837/1272 1283/1850/1283 1282/1851/1282
f 1274/1852/1274 1283/1850/1283 1273/1836/1273
f 1275/1840/1275 1284/1853/1284 1274/1839/1274
f 1276/1842/1276 1285/1854/1285 1275/1840/1275
f 1277/1855/1277 1286/1856/1286 1276/1842/1276
f 1278/1845/1278 1287/1857/1287 1277/1843/1277
f 1278/1845/1278 1289/1858/1289 1288/1859/1288
f 1279/1844/1279 1290/1860/1290 1289/1858/1289
f 1280/1847/1280 1281/1849/1281 1290/1861/1290
f 1281/1849/1281 1292/1862/1292 1291/1863/1291
f 1282/1851/1282 1293/1864/1293 1292/1865/1292
f 1284/1866/1284 1293/1864/1293 1283/1850/1283
f 1285/1854/1285 1294/1867/1294 1284/1853/1284
f 1286/1856/1286 1295/1868/1295 1285/1854/1285
f 1287/1869/1287 1296/1870/1296 1286/1856/1286
f 1288/1859/1288 1297/1871/1297 1287/1857/1287
f 1288/1859/1288 1299/1872/1299 1298/1873/1298
f 1289/1858/1289 1300/1874/1300 1299/1872/1299
f 1290/1861/1290 1291/1863/1291 1300/1875/1300
f 1291/1863/1291 1302/1876/1302 1301/1877/1301
f 1292/1865/1292 1303/1878/1303 1302/1879/1302
f 1293/1864/1293 1304/1880/1304 1303/1878/1303
f 1295/1868/1295 1304/1881/1304 1294/1867/1294
f 1296/1870/1296 1305/1882/1305 1295/1868/1295
f 1297/1883/1297 1306/1884/1306 1296/1870/1296
f 1297/1871/1297 1308/1885/1308 1307/1886/1307
f 1298/1873/1298 1309/1887/1309 1308/1885/1308
f 1299/1872/1299 1310/1888/1310 1309/1887/1309
f 1300/1875/1300 1301/1877/1301 1310/1889/1310
f 1301/1877/1301 1312/1890/1312 1311/1891/1311
f 1302/1879/1302 1313/1892/1313 1312/1893/1312
f 1303/1878/1303 1314/1894/1314 1313/1892/1313
f 1305/1882/1305 1314/1895/1314 1304/1881/1304
f 1306/1884/1306 1315/1896/1315 1305/1882/1305
f 1307/1897/1307 1316/1898/1316 1306/1884/1306
f 1308/1885/1308 1317/1899/1317 1307/1886/1307
f 1308/1885/1308 1319/1900/1319 1318/1901/1318
f 1309/1887/1309 1320/1902/1320 1319/1900/1319
f 1310/1889/1310 1311/1891/1311 1320/1903/1320
f 1311/1891/1311 1322/1904/1322 1321/1905/1321
f 1312/1893/1312 1323/1906/1323 1322/1907/1322
f 1314/1894/1314 1323/1906/1323 1313/1892/1313
f 1315/1896/1315 1324/1908/1324 1314/1895/1314
f 1316/1898/1316 1325/1909/1325 1315/1896/1315
f 1317/1910/1317 1326/1911/1326 1316/1898/1316
f 1318/1901/1318 1327/1912/1327 1317/1899/1317
f 1318/1901/1318 1329/1913/1329 1328/1914/1328
f 1319/1900/1319 1330/1915/1330 1329/1913/1329
f 1320/1903/1320 1321/1905/1321 1330/1916/1330
f 1321/1905/1321 1332/1917/1332 1331/1918/1331
f 1322/1907/1322 1333/1919/1333 1332/1920/1332
f 1324/1921/1324 1333/1919/1333 1323/1906/1323
f 1325/1909/1325 1334/1922/1334 1324/1908/1324
f 1326/1911/1326 1335/1923/1335 1325/1909/1325
f 1327/1924/1327 1336/1925/1336 1326/1911/1326
f 1328/1914/1328 1337/1926/1337 1327/1912/1327
f 1328/1914/1328 1339/1927/1339 1338/1928/1338
f 1329/1913/1329 1340/1929/1340 1339/1927/1339
f 1330/1916/1330 1331/1918/1331 1340/1930/1340
f 1331/1918/1331 1342/1931/1342 1341/1932/1341
f 1332/1920/1332 1343/1933/1343 1342/1934/1342
f 1333/1919/1333 1344/1935/1344 1343/1933/1343
f 1335/1923/1335 1344/1936/1344 1334/1922/1334
f 1336/1925/1336 1345/1937/1345 1335/1923/1335
f 1337/1938/1337 1346/1939/1346 1336/1925/1336
f 1338/1928/1338 1347/1940/1347 1337/1926/1337
f 1338/1928/1338 1349/1941/1349 1348/1942/1348
f 1339/1927/1339 1350/1943/1350 1349/1941/1349
f 1340/1930/1340 1341/1932/1341 1350/1944/1350
f 1341/1932/1341 1352/1945/1352 1351/1946/1351
f 1342/1934/1342 1353/1947/1353 1352/1948/1352
f 1343/1933/1343 1354/1949/1354 1353/1947/1353
f 1345/1937/1345 1354/1950/1354 1344/1936/1344
f 1346/1939/1346 1355/1951/1355 1345/1937/1345
f 1347/1952/1347 1356/1953/1356 1346/1939/1346
f 1347/1940/1347 1358/1954/1358 1357/1955/1357
f 1348/1942/1348 1359/1956/1359 1358/1954/1358
f 1349/1941/1349 1360/1957/1360 1359/1956/1359
f 1350/1944/1350 1351/1946/1351 1360/1958/1360
f 1351/1946/1351 1362/1959/1362 1361/1960/1361
f 1352/1948/1352 1363/1961/1363 1362/1962/1362
f 1353/1947/1353 1364/1963/1364 1363/1961/1363
f 1355/1951/1355 1364/1964/1364 1354/1950/1354
f 1356/1953/1356 1365/1965/1365 1355/1951/1355
f 1357/1966/1357 1366/1967/1366 1356/1953/1356
f 1358/1954/1358 1367/1968/1367 1357/1955/1357
f 1358/1954/1358 1369/1969/1369 1368/1970/1368
f 1359/1956/1359 1370/1971/1370 1369/1969/1369
f 1360/1958/1360 1361/1960/1361 1370/1972/1370
f 1361/1960/1361 1372/1973/1372 1371/1974/1371
f 1362/1962/1362 1373/1975/1373 1372/1976/1372
f 1364/1963/1364 1373/1975/1373 1363/1961/1363
f 1365/1965/1365 1374/1977/1374 1364/1964/1364
f 1366/1967/1366 1375/1978/1375 1365/1965/1365
f 1367/1979/1367 1376/1980/1376 1366/1967/1366
f 1368/1970/1368 1377/1981/1377 1367/1968/1367
f 1368/1970/1368 1379/1982/1379 1378/1983/1378
f 1369/1969/1369 1380/1984/1380 1379/1982/1379
f 1370/1972/1370 1371/1974/1371 1380/1985/1380
f 1371/1974/1371 1382/1986/1382 1381/1987/1381
f 1372/1976/1372 1383/1988/1383 1382/1989/1382
f 1374/1990/1374 1383/1988/1383 1373/1975/1373
f 1375/1978/1375 1384/1991/1384 1374/1977/1374
f 1376/1980/1376 1385/1992/1385 1375/1978/1375
f 1377/1993/1377 1386/1994/1386 1376/1980/1376
f 1378/1983/1378 1387/1995/1387 1377/1981/1377
f 1378/1983/1378 1389/1996/1389 1388/1997/1388
f 1379/1982/1379 1390/1998/1390 1389/1996/1389
f 1380/1985/1380 1381/1987/1381 1390/1999/1390
f 1381/1987/1381 1392/2000/1392 1391/2001/1391
f 1382/1989/1382 1393/2002/1393 1392/2003/1392
f 1383/1988/1383 1394/2004/1394 1393/2002/1393
f 1385/1992/1385 1394/2005/1394 1384/1991/1384
f 1386/1994/1386 1395/2006/1395 1385/1992/1385
f 1387/2007/1387 1396/2008/1396 1386/1994/1386
f 1388/1997/1388 1397/2009/1397 1387/1995/1387
f 1388/1997/1388 1399/2010/1399 1398/2011/1398
f 1389/1996/1389 1400/2012/1400 1399/2010/1399
f 1390/1999/1390 1391/2001/1391 1400/2013/1400
f 1391/2001/1391 1402/2014/1402 1401/2015/1401
f 1392/2003/1392 1403/2016/1403 1402/2017/1402
f 1393/2002/1393 1404/2018/1404 1403/2016/1403
f 1395/2006/1395 1404/2019/1404 1394/2005/1394
f 1396/2008/1396 1405/2020/1405 1395/2006/1395
f 1397/2021/1397 1406/2022/1406 1396/2008/1396
f 1398/2011/1398 1407/2023/1407 1397/2009/1397
f 1398/2011/1398 1409/2024/1409 1408/2025/1408
f 1399/2010/1399 1410/2026/1410 1409/2024/1409
f 1400/2013/1400 1401/2015/1401 1410/2027/1410
f 1401/2015/1401 1412/2028/1412 1411/2029/1411
f 1402/2017/1402 1413/2030/1413 1412/2031/1412
f 1403/2016/1403 1414/2032/1414 1413/2030/1413
f 1405/2020/1405 1414/2033/1414 1404/2019/1404
f 1406/2022/1406 1415/2034/1415 1405/2020/1405
f 1407/2035/1407 1416/2036/1416 1406/2022/1406
f 1408/2025/1408 1417/2037/1417 1407/2023/1407
f 1408/2025/1408 1419/2038/1419 1418/2039/1418
f 1409/2024/1409 1420/2040/1420 1419/2038/1419
f 1410/2027/1410 1411/2029/1411 1420/2041/1420
f 1411/2029/1411 1422/2042/1422 1421/2043/1421
f 1412/2031/1412 1423/2044/1423 1422/2045/1422
f 1413/2030/1413 1424/2046/1424 1423/2044/1423
f 1415/2034/1415 1424/2047/1424 1414/2033/1414
f 1416/2036/1416 1425/2048/1425 1415/2034/1415
f 1417/2049/1417 1426/2050/1426 1416/2036/1416
f 1418/2051/1418 1427/2052/1427 1417/2053/1417
f 1418/2039/1418 1429/2054/1429 1428/2055/1428
f 1419/2038/1419 1430/2056/1430 1429/2054/1429
f 1420/2041/1420 1421/2043/1421 1430/2057/1430
f 1421/2043/1421 1432/2058/1432 1431/2059/1431
f 1422/2045/1422 1433/2060/1433 1432/2061/1432
f 1423/2044/1423 1434/2062/1434 1433/2060/1433
f 1425/2048/1425 1434/2063/1434 1424/2047/1424
f 1426/2050/1426 1435/2064/1435 1425/2048/1425
f 1427/2065/1427 1436/2066/1436 1426/2050/1426
f 1428/2067/1428 1437/2068/1437 1427/2052/1427
f 1428/2055/1428 1439/2069/1439 1438/2070/1438
f 1429/2054/1429 1440/2071/1440 1439/2069/1439
f 1430/2057/1430 1431/2059/1431 1440/2072/1440
f 1431/2059/1431 1442/2073/1442 1441/2074/1441
f 1432/2061/1432 1443/2075/1443 1442/2076/1442
f 1433/2060/1433 1444/2077/1444 1443/2075/1443
f 1435/2064/1435 1444/2078/1444 1434/2063/1434
f 1436/2066/1436 1445/2079/1445 1435/2064/1435
f 1437/2080/1437 1446/2081/1446 1436/2066/1436
f 1438/2082/1438 1447/2083/1447 1437/2068/1437
f 1438/2070/1438 1449/2084/1449 1448/2085/1448
f 1439/2069/1439 1450/2086/1450 1449/2084/1449
f 1440/2072/1440 1441/2074/1441 1450/2087/1450
f 1441/2074/1441 1452/2088/1452 1451/2089/1451
f 1442/2090/1442 1453/2091/1453 1452/2092/1452
f 1443/2075/1443 1454/2093/1454 1453/2094/1453
f 1445/2079/1445 1454/2095/1454 1444/2078/1444
f 1446/2081/1446 1455/2096/1455 1445/2079/1445
f 1447/2097/1447 1456/2098/1456 1446/2081/1446
f 1448/2099/1448 1457/2100/1457 1447/2083/1447
f 1448/2099/1448 1459/2101/1459 1458/2102/1458
f 1449/2103/1449 1460/2104/1460 1459/2105/1459
f 1450/2087/1450 1451/2089/1451 1460/2104/1460
f 1451/2089/1451 1462/2106/1462 1461/2107/1461
f 1452/2092/1452 1463/2108/1463 1462/2109/1462
f 1453/2094/1453 1464/2110/1464 1463/2111/1463
f 1455/2096/1455 1464/2112/1464 1454/2095/1454
f 1456/2098/1456 1465/2113/1465 1455/2096/1455
f 1457/2114/1457 1466/2115/1466 1456/2098/1456
f 1458/2102/1458 1467/2116/1467 1457/2100/1457
f 1458/2102/1458 1469/2117/1469 1468/2118/1468
f 1459/2105/1459 1470/2119/1470 1469/2120/1469
f 1460/2104/1460 1461/2107/1461 1470/2119/1470
f 1461/2107/1461 1472/2121/1472 1471/2122/1471
f 1462/2109/1462 1473/2123/1473 1472/2124/1472
f 1464/2110/1464 1473/2125/1473 1463/2111/1463
f 1465/2113/1465 1474/2126/1474 1464/2112/1464
f 1466/2115/1466 1475/2127/1475 1465/2113/1465
f 1467/2128/1467 1476/2129/1476 1466/2115/1466
f 1468/2118/1468 1477/2130/1477 1467/2116/1467
f 1468/2118/1468 1479/2131/1479 1478/2132/1478
f 1469/2120/1469 1480/2133/1480 1479/2134/1479
f 1470/2119/1470 1471/2122/1471 1480/2133/1480
f 1471/2122/1471 1482/2135/1482 1481/2136/1481
f 1472/2124/1472 1483/2137/1483 1482/2138/1482
f 1474/2139/1474 1483/2137/1483 1473/2123/1473
f 1475/2127/1475 1484/2140/1484 1474/2126/1474
f 1476/2129/1476 1485/2141/1485 1475/2127/1475
f 1477/2142/1477 1486/2143/1486 1476/2129/1476
f 1478/2132/1478 1487/2144/1487 1477/2130/1477
f 1478/2132/1478 1489/2145/1489 1488/2146/1488
f 1479/2134/1479 1490/2147/1490 1489/2148/1489
f 1480/2133/1480 1481/2136/1481 1490/2147/1490
f 1482/2135/1482 1491/2149/1491 1481/2136/1481
f 1483/2137/1483 1492/2150/1492 1482/2138/1482
f 1483/2137/1483 1494/2151/1494 1493/2152/1493
f 1484/2140/1484 1495/2153/1495 1494/2154/1494
f 1485/2141/1485 1496/2155/1496 1495/2153/1495
f 1486/2143/1486 1497/2156/1497 1496/2155/1496
f 1487/2144/1487 1498/2157/1498 1497/2158/1497
f 1489/2145/1489 1498/2157/1498 1488/2146/1488
f 1490/2147/1490 1499/2159/1499 1489/2148/1489
f 1481/2136/1481 1500/2160/1500 1490/2147/1490
f 1257/2161/1257 1253/2162/1253 1251/2163/1251
f 1494/2164/1494 1498/2165/1498 1500/2166/1500
f 1501/2167/1501 1520/2168/1520 1519/2169/1519
f 1502/2170/1502 1526/2171/1526 1540/2172/1540
f 1501/2167/1501 1519/2169/1519 1554/2173/1554
f 1501/2167/1501 1554/2173/1554 1568/2174/1568
f 1501/2167/1501 1568/2174/1568 1541/2175/1541
f 1502/2176/1502 1540/2177/1540 1589/2178/1589
f 1503/2179/1503 1533/2180/1533 1603/2181/1603
f 1504/2182/1504 1561/2183/1561 1617/2184/1617
f 1505/2185/1505 1575/2186/1575 1631/2187/1631
f 1506/2188/1506 1582/2189/1582 1645/2190/1645
f 1502/2191/1502 1589/2192/1589 1604/2193/1604
f 1503/2194/1503 1603/2195/1603 1618/2196/1618
f 1504/2197/1504 1617/2198/1617 1632/2199/1632
f 1505/2200/1505 1631/2201/1631 1646/2202/1646
f 1506/2203/1506 1645/2204/1645 1590/2205/1590
f 1507/2206/1507 1659/2207/1659 1694/2208/1694
f 1508/2209/1508 1666/2210/1666 1708/2211/1708
f 1509/2212/1509 1673/2213/1673 1715/2214/1715
f 1510/2215/1510 1680/2216/1680 1722/2217/1722
f 1511/2218/1511 1687/2219/1687 1695/2220/1695
f 1701/2221/1701 1716/2222/1716 1512/2223/1512
f 1700/2224/1700 1723/2225/1723 1701/2221/1701
f 1699/2226/1699 1724/2227/1724 1700/2228/1700
f 1698/2229/1698 1726/2230/1726 1699/2231/1699
f 1697/2232/1697 1729/2233/1729 1698/2234/1698
f 1696/2235/1696 1733/2236/1733 1697/2237/1697
f 1695/2238/1695 1738/2239/1738 1696/2235/1696
f 1701/2221/1701 1723/2225/1723 1716/2222/1716
f 1723/2225/1723 1717/2240/1717 1716/2222/1716
f 1700/2224/1700 1724/2241/1724 1723/2225/1723
f 1724/2241/1724 1725/2242/1725 1723/2225/1723
f 1723/2225/1723 1725/2242/1725 1717/2240/1717
f 1725/2242/1725 1718/2243/1718 1717/2240/1717
f 1699/2231/1699 1726/2230/1726 1724/2241/1724
f 1726/2230/1726 1727/2244/1727 1724/2241/1724
f 1724/2245/1724 1727/2246/1727 1725/2247/1725
f 1727/2246/1727 1728/2248/1728 1725/2247/1725
f 1725/2242/1725 1728/2249/1728 1718/2243/1718
f 1728/2249/1728 1719/2250/1719 1718/2243/1718
f 1698/2251/1698 1729/2252/1729 1726/2253/1726
f 1729/2252/1729 1730/2254/1730 1726/2253/1726
f 1726/2230/1726 1730/2255/1730 1727/2244/1727
f 1730/2255/1730 1731/2256/1731 1727/2244/1727
f 1727/2244/1727 1731/2256/1731 1728/2249/1728
f 1731/2256/1731 1732/2257/1732 1728/2249/1728
f 1728/2249/1728 1732/2257/1732 1719/2250/1719
f 1732/2257/1732 1720/2258/1720 1719/2250/1719
f 1697/2237/1697 1733/2236/1733 1729/2259/1729
f 1733/2236/1733 1734/2260/1734 1729/2259/1729
f 1729/2252/1729 1734/2261/1734 1730/2254/1730
f 1734/2261/1734 1735/2262/1735 1730/2254/1730
f 1730/2255/1730 1735/2263/1735 1731/2256/1731
f 1735/2263/1735 1736/2264/1736 1731/2256/1731
f 1731/2265/1731 1736/2266/1736 1732/2267/1732
f 1736/2266/1736 1737/2268/1737 1732/2267/1732
f 1732/2267/1732 1737/2268/1737 1720/2269/1720
f 1737/2270/1737 1721/2271/1721 1720/2272/1720
f 1696/2235/1696 1738/2239/1738 1733/2236/1733
f 1738/2239/1738 1739/2273/1739 1733/2236/1733
f 1733/2236/1733 1739/2273/1739 1734/2260/1734
f 1739/2273/1739 1740/2274/1740 1734/2260/1734
f 1734/2261/1734 1740/2275/1740 1735/2262/1735
f 1740/2275/1740 1741/2276/1741 1735/2262/1735
f 1735/2262/1735 1741/2276/1741 1736/2266/1736
f 1741/2276/1741 1742/2277/1742 1736/2266/1736
f 1736/2266/1736 1742/2277/1742 1737/2268/1737
f 1742/2277/1742 1743/2278/1743 1737/2268/1737
f 1737/2279/1737 1743/2280/1743 1721/2281/1721
f 1743/2282/1743 1722/2217/1722 1721/2271/1721
f 1695/2220/1695 1687/2219/1687 1738/2283/1738
f 1687/2219/1687 1686/2284/1686 1738/2283/1738
f 1738/2239/1738 1686/2285/1686 1739/2273/1739
f 1686/2285/1686 1685/2286/1685 1739/2273/1739
f 1739/2273/1739 1685/2286/1685 1740/2274/1740
f 1685/2286/1685 1684/2287/1684 1740/2274/1740
f 1740/2274/1740 1684/2287/1684 1741/2288/1741
f 1684/2287/1684 1683/2289/1683 1741/2288/1741
f 1741/2288/1741 1683/2289/1683 1742/2290/1742
f 1683/2289/1683 1682/2291/1682 1742/2290/1742
f 1742/2290/1742 1682/2291/1682 1743/2292/1743
f 1682/2293/1682 1681/2294/1681 1743/2282/1743
f 1743/2282/1743 1681/2294/1681 1722/2217/1722
f 1681/2295/1681 1510/2296/1510 1722/2297/1722
f 1716/2222/1716 1709/2298/1709 1512/2223/1512
f 1717/2240/1717 1744/2299/1744 1716/2222/1716
f 1718/2243/1718 1745/2300/1745 1717/2240/1717
f 1719/2250/1719 1747/2301/1747 1718/2243/1718
f 1720/2258/1720 1750/2302/1750 1719/2250/1719
f 1721/2271/1721 1754/2303/1754 1720/2272/1720
f 1722/2217/1722 1759/2304/1759 1721/2271/1721
f 1716/2222/1716 1744/2299/1744 1709/2298/1709
f 1744/2299/1744 1710/2305/1710 1709/2298/1709
f 1717/2240/1717 1745/2300/1745 1744/2299/1744
f 1745/2300/1745 1746/2306/1746 1744/2299/1744
f 1744/2299/1744 1746/2306/1746 1710/2305/1710
f 1746/2306/1746 1711/2307/1711 1710/2305/1710
f 1718/2243/1718 1747/2301/1747 1745/2300/1745
f 1747/2301/1747 1748/2308/1748 1745/2300/1745
f 1745/2300/1745 1748/2308/1748 1746/2306/1746
f 1748/2308/1748 1749/2309/1749 1746/2306/1746
f 1746/2306/1746 1749/2309/1749 1711/2307/1711
f 1749/2309/1749 1712/2310/1712 1711/2307/1711
f 1719/2250/1719 1750/2302/1750 1747/2301/1747
f 1750/2302/1750 1751/2311/1751 1747/2301/1747
f 1747/2301/1747 1751/2311/1751 1748/2308/1748
f 1751/2311/1751 1752/2312/1752 1748/2308/1748
f 1748/2308/1748 1752/2312/1752 1749/2309/1749
f 1752/2312/1752 1753/2313/1753 1749/2309/1749
f 1749/2309/1749 1753/2313/1753 1712/2310/1712
f 1753/2313/1753 1713/2314/1713 1712/2310/1712
f 1720/2258/1720 1754/2315/1754 1750/2302/1750
f 1754/2315/1754 1755/2316/1755 1750/2302/1750
f 1750/2317/1750 1755/2318/1755 1751/2319/1751
f 1755/2316/1755 1756/2320/1756 1751/2311/1751
f 1751/2311/1751 1756/2320/1756 1752/2312/1752
f 1756/2320/1756 1757/2321/1757 1752/2312/1752
f 1752/2312/1752 1757/2321/1757 1753/2313/1753
f 1757/2321/1757 1758/2322/1758 1753/2313/1753
f 1753/2313/1753 1758/2322/1758 1713/2314/1713
f 1758/2322/1758 1714/2323/1714 1713/2314/1713
f 1721/2271/1721 1759/2304/1759 1754/2303/1754
f 1759/2304/1759 1760/2324/1760 1754/2303/1754
f 1754/2303/1754 1760/2324/1760 1755/2325/1755
f 1760/2326/1760 1761/2327/1761 1755/2328/1755
f 1755/2316/1755 1761/2329/1761 1756/2320/1756
f 1761/2329/1761 1762/2330/1762 1756/2320/1756
f 1756/2320/1756 1762/2330/1762 1757/2321/1757
f 1762/2331/1762 1763/2332/1763 1757/2333/1757
f 1757/2333/1757 1763/2332/1763 1758/2334/1758
f 1763/2332/1763 1764/2335/1764 1758/2334/1758
f 1758/2334/1758 1764/2335/1764 1714/2336/1714
f 1764/2337/1764 1715/2338/1715 1714/2339/1714
f 1722/2217/1722 1680/2216/1680 1759/2304/1759
f 1680/2216/1680 1679/2340/1679 1759/2304/1759
f 1759/2341/1759 1679/2342/1679 1760/2343/1760
f 1679/2342/1679 1678/2344/1678 1760/2343/1760
f 1760/2345/1760 1678/2346/1678 1761/2347/1761
f 1678/2346/1678 1677/2348/1677 1761/2347/1761
f 1761/2347/1761 1677/2348/1677 1762/2331/1762
f 1677/2348/1677 1676/2349/1676 1762/2331/1762
f 1762/2331/1762 1676/2349/1676 1763/2332/1763
f 1676/2349/1676 1675/2350/1675 1763/2332/1763
f 1763/2332/1763 1675/2350/1675 1764/2335/1764
f 1675/2351/1675 1674/2352/1674 1764/2337/1764
f 1764/2337/1764 1674/2352/1674 1715/2338/1715
f 1674/2353/1674 1509/2354/1509 1715/2355/1715
f 1709/2298/1709 1702/2356/1702 1512/2223/1512
f 1710/2305/1710 1765/2357/1765 1709/2298/1709
f 1711/2307/1711 1766/2358/1766 1710/2305/1710
f 1712/2310/1712 1768/2359/1768 1711/2307/1711
f 1713/2360/1713 1771/2361/1771 1712/2362/1712
f 1714/2323/1714 1775/2363/1775 1713/2314/1713
f 1715/2338/1715 1780/2364/1780 1714/2339/1714
f 1709/2298/1709 1765/2357/1765 1702/2356/1702
f 1765/2357/1765 1703/2365/1703 1702/2356/1702
f 1710/2305/1710 1766/2358/1766 1765/2357/1765
f 1766/2358/1766 1767/2366/1767 1765/2357/1765
f 1765/2357/1765 1767/2366/1767 1703/2365/1703
f 1767/2366/1767 1704/2367/1704 1703/2365/1703
f 1711/2307/1711 1768/2359/1768 1766/2358/1766
f 1768/2359/1768 1769/2368/1769 1766/2358/1766
f 1766/2358/1766 1769/2368/1769 1767/2366/1767
f 1769/2368/1769 1770/2369/1770 1767/2366/1767
f 1767/2366/1767 1770/2369/1770 1704/2367/1704
f 1770/2369/1770 1705/2370/1705 1704/2367/1704
f 1712/2310/1712 1771/2371/1771 1768/2359/1768
f 1771/2371/1771 1772/2372/1772 1768/2359/1768
f 1768/2359/1768 1772/2372/1772 1769/2368/1769
f 1772/2372/1772 1773/2373/1773 1769/2368/1769
f 1769/2368/1769 1773/2373/1773 1770/2369/1770
f 1773/2373/1773 1774/2374/1774 1770/2369/1770
f 1770/2369/1770 1774/2374/1774 1705/2370/1705
f 1774/2374/1774 1706/2375/1706 1705/2370/1705
f 1713/2360/1713 1775/2376/1775 1771/2361/1771
f 1775/2363/1775 1776/2377/1776 1771/2371/1771
f 1771/2371/1771 1776/2377/1776 1772/2372/1772
f 1776/2377/1776 1777/2378/1777 1772/2372/1772
f 1772/2372/1772 1777/2378/1777 1773/2373/1773
f 1777/2378/1777 1778/2379/1778 1773/2373/1773
f 1773/2373/1773 1778/2379/1778 1774/2374/1774
f 1778/2379/1778 1779/2380/1779 1774/2374/1774
f 1774/2374/1774 1779/2380/1779 1706/2375/1706
f 1779/2380/1779 1707/2381/1707 1706/2375/1706
f 1714/2323/1714 1780/2382/1780 1775/2363/1775
f 1780/2382/1780 1781/2383/1781 1775/2363/1775
f 1775/2384/1775 1781/2385/1781 1776/2386/1776
f 1781/2387/1781 1782/2388/1782 1776/2389/1776
f 1776/2377/1776 1782/2390/1782 1777/2378/1777
f 1782/2391/1782 1783/2392/1783 1777/2393/1777
f 1777/2378/1777 1783/2394/1783 1778/2379/1778
f 1783/2394/1783 1784/2395/1784 1778/2379/1778
f 1778/2379/1778 1784/2395/1784 1779/2380/1779
f 1784/2395/1784 1785/2396/1785 1779/2380/1779
f 1779/2380/1779 1785/2396/1785 1707/2381/1707
f 1785/2396/1785 1708/2211/1708 1707/2381/1707
f 1715/2338/1715 1673/2397/1673 1780/2364/1780
f 1673/2398/1673 1672/2399/1672 1780/2400/1780
f 1780/2382/1780 1672/2401/1672 1781/2383/1781
f 1672/2401/1672 1671/2402/1671 1781/2383/1781
f 1781/2383/1781 1671/2402/1671 1782/2390/1782
f 1671/2402/1671 1670/2403/1670 1782/2390/1782
f 1782/2391/1782 1670/2404/1670 1783/2392/1783
f 1670/2405/1670 1669/2406/1669 1783/2407/1783
f 1783/2394/1783 1669/2408/1669 1784/2395/1784
f 1669/2408/1669 1668/2409/1668 1784/2395/1784
f 1784/2395/1784 1668/2409/1668 1785/2396/1785
f 1668/2409/1668 1667/2410/1667 1785/2396/1785
f 1785/2396/1785 1667/2410/1667 1708/2211/1708
f 1667/2410/1667 1508/2209/1508 1708/2211/1708
f 1702/2411/1702 1688/2412/1688 1512/2413/1512
f 1703/2365/1703 1786/2414/1786 1702/2356/1702
f 1704/2367/1704 1787/2415/1787 1703/2365/1703
f 1705/2370/1705 1789/2416/1789 1704/2367/1704
f 1706/2375/1706 1792/2417/1792 1705/2370/1705
f 1707/2381/1707 1796/2418/1796 1706/2375/1706
f 1708/2211/1708 1801/2419/1801 1707/2381/1707
f 1702/2356/1702 1786/2414/1786 1688/2420/1688
f 1786/2414/1786 1689/2421/1689 1688/2420/1688
f 1703/2365/1703 1787/2415/1787 1786/2414/1786
f 1787/2415/1787 1788/2422/1788 1786/2414/1786
f 1786/2414/1786 1788/2422/1788 1689/2421/1689
f 1788/2422/1788 1690/2423/1690 1689/2421/1689
f 1704/2424/1704 1789/2425/1789 1787/2426/1787
f 1789/2416/1789 1790/2427/1790 1787/2415/1787
f 1787/2415/1787 1790/2427/1790 1788/2422/1788
f 1790/2427/1790 1791/2428/1791 1788/2422/1788
f 1788/2422/1788 1791/2428/1791 1690/2423/1690
f 1791/2428/1791 1691/2429/1691 1690/2423/1690
f 1705/2370/1705 1792/2417/1792 1789/2416/1789
f 1792/2417/1792 1793/2430/1793 1789/2416/1789
f 1789/2416/1789 1793/2430/1793 1790/2427/1790
f 1793/2430/1793 1794/2431/1794 1790/2427/1790
f 1790/2427/1790 1794/2431/1794 1791/2428/1791
f 1794/2431/1794 1795/2432/1795 1791/2428/1791
f 1791/2428/1791 1795/2432/1795 1691/2429/1691
f 1795/2432/1795 1692/2433/1692 1691/2429/1691
f 1706/2375/1706 1796/2418/1796 1792/2417/1792
f 1796/2418/1796 1797/2434/1797 1792/2417/1792
f 1792/2417/1792 1797/2434/1797 1793/2430/1793
f 1797/2434/1797 1798/2435/1798 1793/2430/1793
f 1793/2430/1793 1798/2435/1798 1794/2431/1794
f 1798/2436/1798 1799/2437/1799 1794/2438/1794
f 1794/2438/1794 1799/2437/1799 1795/2439/1795
f 1799/2440/1799 1800/2441/1800 1795/2432/1795
f 1795/2432/1795 1800/2441/1800 1692/2433/1692
f 1800/2441/1800 1693/2442/1693 1692/2433/1692
f 1707/2381/1707 1801/2419/1801 1796/2418/1796
f 1801/2419/1801 1802/2443/1802 1796/2418/1796
f 1796/2418/1796 1802/2443/1802 1797/2434/1797
f 1802/2443/1802 1803/2444/1803 1797/2434/1797
f 1797/2445/1797 1803/2446/1803 1798/2436/1798
f 1803/2446/1803 1804/2447/1804 1798/2436/1798
f 1798/2436/1798 1804/2447/1804 1799/2437/1799
f 1804/2448/1804 1805/2449/1805 1799/2440/1799
f 1799/2440/1799 1805/2449/1805 1800/2441/1800
f 1805/2449/1805 1806/2450/1806 1800/2441/1800
f 1800/2441/1800 1806/2450/1806 1693/2442/1693
f 1806/2450/1806 1694/2208/1694 1693/2442/1693
f 1708/2211/1708 1666/2210/1666 1801/2419/1801
f 1666/2210/1666 1665/2451/1665 1801/2419/1801
f 1801/2419/1801 1665/2451/1665 1802/2443/1802
f 1665/2451/1665 1664/2452/1664 1802/2443/1802
f 1802/2443/1802 1664/2452/1664 1803/2444/1803
f 1664/2452/1664 1663/2453/1663 1803/2444/1803
f 1803/2444/1803 1663/2453/1663 1804/2448/1804
f 1663/2453/1663 1662/2454/1662 1804/2448/1804
f 1804/2455/1804 1662/2456/1662 1805/2457/1805
f 1662/2456/1662 1661/2458/1661 1805/2457/1805
f 1805/2457/1805 1661/2458/1661 1806/2459/1806
f 1661/2458/1661 1660/2460/1660 1806/2459/1806
f 1806/2450/1806 1660/2461/1660 1694/2208/1694
f 1660/2461/1660 1507/2206/1507 1694/2208/1694
f 1688/2420/1688 1701/2221/1701 1512/2223/1512
f 1689/2421/1689 1807/2462/1807 1688/2420/1688
f 1690/2423/1690 1808/2463/1808 1689/2421/1689
f 1691/2429/1691 1810/2464/1810 1690/2423/1690
f 1692/2433/1692 1813/2465/1813 1691/2429/1691
f 1693/2442/1693 1817/2466/1817 1692/2433/1692
f 1694/2208/1694 1822/2467/1822 1693/2442/1693
f 1688/2420/1688 1807/2462/1807 1701/2221/1701
f 1807/2462/1807 1700/2224/1700 1701/2221/1701
f 1689/2421/1689 1808/2463/1808 1807/2462/1807
f 1808/2463/1808 1809/2468/1809 1807/2462/1807
f 1807/2462/1807 1809/2468/1809 1700/2224/1700
f 1809/2469/1809 1699/2226/1699 1700/2228/1700
f 1690/2423/1690 1810/2464/1810 1808/2463/1808
f 1810/2464/1810 1811/2470/1811 1808/2463/1808
f 1808/2463/1808 1811/2470/1811 1809/2468/1809
f 1811/2470/1811 1812/2471/1812 1809/2468/1809
f 1809/2468/1809 1812/2471/1812 1699/2231/1699
f 1812/2471/1812 1698/2229/1698 1699/2231/1699
f 1691/2429/1691 1813/2465/1813 1810/2464/1810
f 1813/2465/1813 1814/2472/1814 1810/2464/1810
f 1810/2464/1810 1814/2472/1814 1811/2470/1811
f 1814/2472/1814 1815/2473/1815 1811/2470/1811
f 1811/2470/1811 1815/2473/1815 1812/2471/1812
f 1815/2473/1815 1816/2474/1816 1812/2471/1812
f 1812/2471/1812 1816/2474/1816 1698/2229/1698
f 1816/2475/1816 1697/2476/1697 1698/2477/1698
f 1692/2433/1692 1817/2466/1817 1813/2465/1813
f 1817/2466/1817 1818/2478/1818 1813/2465/1813
f 1813/2465/1813 1818/2478/1818 1814/2472/1814
f 1818/2478/1818 1819/2479/1819 1814/2472/1814
f 1814/2472/1814 1819/2479/1819 1815/2473/1815
f 1819/2480/1819 1820/2481/1820 1815/2482/1815
f 1815/2482/1815 1820/2481/1820 1816/2483/1816
f 1820/2484/1820 1821/2485/1821 1816/2486/1816
f 1816/2486/1816 1821/2485/1821 1697/2237/1697
f 1821/2485/1821 1696/2235/1696 1697/2237/1697
f 1693/2442/1693 1822/2467/1822 1817/2466/1817
f 1822/2467/1822 1823/2487/1823 1817/2466/1817
f 1817/2466/1817 1823/2487/1823 1818/2478/1818
f 1823/2487/1823 1824/2488/1824 1818/2478/1818
f 1818/2489/1818 1824/2490/1824 1819/2491/1819
f 1824/2490/1824 1825/2492/1825 1819/2491/1819
f 1819/2480/1819 1825/2493/1825 1820/2481/1820
f 1825/2493/1825 1826/2494/1826 1820/2481/1820
f 1820/2481/1820 1826/2494/1826 1821/2495/1821
f 1826/2496/1826 1827/2497/1827 1821/2485/1821
f 1821/2485/1821 1827/2497/1827 1696/2235/1696
f 1827/2497/1827 1695/2238/1695 1696/2235/1696
f 1694/2498/1694 1659/2499/1659 1822/2500/1822
f 1659/2501/1659 1658/2502/1658 1822/2503/1822
f 1822/2467/1822 1658/2504/1658 1823/2487/1823
f 1658/2504/1658 1657/2505/1657 1823/2487/1823
f 1823/2487/1823 1657/2505/1657 1824/2488/1824
f 1657/2506/1657 1656/2507/1656 1824/2508/1824
f 1824/2490/1824 1656/2509/1656 1825/2492/1825
f 1656/2510/1656 1655/2511/1655 1825/2493/1825
f 1825/2493/1825 1655/2511/1655 1826/2494/1826
f 1655/2511/1655 1654/2512/1654 1826/2494/1826
f 1826/2494/1826 1654/2512/1654 1827/2513/1827
f 1654/2512/1654 1653/2514/1653 1827/2513/1827
f 1827/2513/1827 1653/2514/1653 1695/2220/1695
f 1653/2514/1653 1511/2218/1511 1695/2220/1695
f 1596/2515/1596 1687/2516/1687 1511/2517/1511
f 1595/2518/1595 1828/2519/1828 1596/2520/1596
f 1594/2521/1594 1829/2522/1829 1595/2523/1595
f 1593/2524/1593 1831/2525/1831 1594/2526/1594
f 1592/2527/1592 1834/2528/1834 1593/2524/1593
f 1591/2529/1591 1838/2530/1838 1592/2527/1592
f 1590/2531/1590 1843/2532/1843 1591/2533/1591
f 1596/2515/1596 1828/2534/1828 1687/2516/1687
f 1828/2519/1828 1686/2284/1686 1687/2219/1687
f 1595/2518/1595 1829/2535/1829 1828/2519/1828
f 1829/2535/1829 1830/2536/1830 1828/2519/1828
f 1828/2519/1828 1830/2536/1830 1686/2284/1686
f 1830/2536/1830 1685/2537/1685 1686/2284/1686
f 1594/2521/1594 1831/2538/1831 1829/2522/1829
f 1831/2525/1831 1832/2539/1832 1829/2535/1829
f 1829/2535/1829 1832/2539/1832 1830/2536/1830
f 1832/2540/1832 1833/2541/1833 1830/2542/1830
f 1830/2536/1830 1833/2543/1833 1685/2537/1685
f 1833/2544/1833 1684/2545/1684 1685/2546/1685
f 1593/2524/1593 1834/2528/1834 1831/2525/1831
f 1834/2528/1834 1835/2547/1835 1831/2525/1831
f 1831/2525/1831 1835/2547/1835 1832/2539/1832
f 1835/2547/1835 1836/2548/1836 1832/2539/1832
f 1832/2539/1832 1836/2548/1836 1833/2543/1833
f 1836/2548/1836 1837/2549/1837 1833/2543/1833
f 1833/2550/1833 1837/2551/1837 1684/2552/1684
f 1837/2553/1837 1683/2554/1683 1684/2555/1684
f 1592/2556/1592 1838/2557/1838 1834/2558/1834
f 1838/2559/1838 1839/2560/1839 1834/2561/1834
f 1834/2528/1834 1839/2562/1839 1835/2547/1835
f 1839/2562/1839 1840/2563/1840 1835/2547/1835
f 1835/2547/1835 1840/2563/1840 1836/2548/1836
f 1840/2563/1840 1841/2564/1841 1836/2548/1836
f 1836/2548/1836 1841/2564/1841 1837/2549/1837
f 1841/2565/1841 1842/2566/1842 1837/2567/1837
f 1837/2567/1837 1842/2566/1842 1683/2568/1683
f 1842/2566/1842 1682/2569/1682 1683/2568/1683
f 1591/2570/1591 1843/2571/1843 1838/2572/1838
f 1843/2573/1843 1844/2574/1844 1838/2530/1838
f 1838/2530/1838 1844/2574/1844 1839/2562/1839
f 1844/2574/1844 1845/2575/1845 1839/2562/1839
f 1839/2562/1839 1845/2575/1845 1840/2563/1840
f 1845/2576/1845 1846/2577/1846 1840/2578/1840
f 1840/2578/1840 1846/2577/1846 1841/2579/1841
f 1846/2577/1846 1847/2580/1847 1841/2579/1841
f 1841/2581/1841 1847/2582/1847 1842/2583/1842
f 1847/2582/1847 1848/2584/1848 1842/2583/1842
f 1842/2583/1842 1848/2584/1848 1682/2585/1682
f 1848/2586/1848 1681/2294/1681 1682/2293/1682
f 1590/2531/1590 1645/2587/1645 1843/2532/1843
f 1645/2190/1645 1644/2588/1644 1843/2589/1843
f 1843/2590/1843 1644/2591/1644 1844/2592/1844
f 1644/2591/1644 1643/2593/1643 1844/2592/1844
f 1844/2574/1844 1643/2594/1643 1845/2575/1845
f 1643/2595/1643 1642/2596/1642 1845/2597/1845
f 1845/2576/1845 1642/2598/1642 1846/2577/1846
f 1642/2599/1642 1641/2600/1641 1846/2601/1846
f 1846/2577/1846 1641/2602/1641 1847/2580/1847
f 1641/2602/1641 1640/2603/1640 1847/2580/1847
f 1847/2580/1847 1640/2603/1640 1848/2586/1848
f 1640/2603/1640 1639/2604/1639 1848/2586/1848
f 1848/2586/1848 1639/2604/1639 1681/2294/1681
f 1639/2605/1639 1510/2296/1510 1681/2295/1681
f 1652/2606/1652 1680/2216/1680 1510/2215/1510
f 1651/2607/1651 1849/2608/1849 1652/2606/1652
f 1650/2609/1650 1850/2610/1850 1651/2611/1651
f 1649/2612/1649 1852/2613/1852 1650/2614/1650
f 1648/2615/1648 1855/2616/1855 1649/2612/1649
f 1647/2617/1647 1859/2618/1859 1648/2619/1648
f 1646/2620/1646 1864/2621/1864 1647/2617/1647
f 1652/2606/1652 1849/2608/1849 1680/2216/1680
f 1849/2608/1849 1679/2340/1679 1680/2216/1680
f 1651/2607/1651 1850/2622/1850 1849/2608/1849
f 1850/2622/1850 1851/2623/1851 1849/2608/1849
f 1849/2608/1849 1851/2623/1851 1679/2340/1679
f 1851/2623/1851 1678/2624/1678 1679/2340/1679
f 1650/2609/1650 1852/2625/1852 1850/2610/1850
f 1852/2626/1852 1853/2627/1853 1850/2628/1850
f 1850/2628/1850 1853/2627/1853 1851/2629/1851
f 1853/2630/1853 1854/2631/1854 1851/2632/1851
f 1851/2632/1851 1854/2631/1854 1678/2633/1678
f 1854/2631/1854 1677/2634/1677 1678/2633/1678
f 1649/2612/1649 1855/2616/1855 1852/2613/1852
f 1855/2616/1855 1856/2635/1856 1852/2613/1852
f 1852/2636/1852 1856/2637/1856 1853/2638/1853
f 1856/2637/1856 1857/2639/1857 1853/2638/1853
f 1853/2630/1853 1857/2640/1857 1854/2631/1854
f 1857/2639/1857 1858/2641/1858 1854/2642/1854
f 1854/2642/1854 1858/2641/1858 1677/2643/1677
f 1858/2644/1858 1676/2645/1676 1677/2646/1677
f 1648/2615/1648 1859/2647/1859 1855/2616/1855
f 1859/2647/1859 1860/2648/1860 1855/2616/1855
f 1855/2616/1855 1860/2648/1860 1856/2635/1856
f 1860/2648/1860 1861/2649/1861 1856/2635/1856
f 1856/2637/1856 1861/2650/1861 1857/2639/1857
f 1861/2650/1861 1862/2651/1862 1857/2639/1857
f 1857/2639/1857 1862/2651/1862 1858/2641/1858
f 1862/2651/1862 1863/2652/1863 1858/2641/1858
f 1858/2644/1858 1863/2653/1863 1676/2645/1676
f 1863/2653/1863 1675/2654/1675 1676/2645/1676
f 1647/2655/1647 1864/2656/1864 1859/2657/1859
f 1864/2658/1864 1865/2659/1865 1859/2660/1859
f 1859/2661/1859 1865/2662/1865 1860/2663/1860
f 1865/2662/1865 1866/2664/1866 1860/2663/1860
f 1860/2648/1860 1866/2665/1866 1861/2649/1861
f 1866/2666/1866 1867/2667/1867 1861/2668/1861
f 1861/2668/1861 1867/2667/1867 1862/2669/1862
f 1867/2670/1867 1868/2671/1868 1862/2651/1862
f 1862/2651/1862 1868/2671/1868 1863/2652/1863
f 1868/2672/1868 1869/2673/1869 1863/2674/1863
f 1863/2675/1863 1869/2676/1869 1675/2351/1675
f 1869/2676/1869 1674/2352/1674 1675/2351/1675
f 1646/2620/1646 1631/2187/1631 1864/2621/1864
f 1631/2187/1631 1630/2677/1630 1864/2621/1864
f 1864/2658/1864 1630/2678/1630 1865/2659/1865
f 1630/2678/1630 1629/2679/1629 1865/2659/1865
f 1865/2662/1865 1629/2680/1629 1866/2664/1866
f 1629/2680/1629 1628/2681/1628 1866/2664/1866
f 1866/2664/1866 1628/2681/1628 1867/2670/1867
f 1628/2681/1628 1627/2682/1627 1867/2670/1867
f 1867/2670/1867 1627/2682/1627 1868/2671/1868
f 1627/2683/1627 1626/2684/1626 1868/2672/1868
f 1868/2672/1868 1626/2684/1626 1869/2673/1869
f 1626/2685/1626 1625/2686/1625 1869/2687/1869
f 1869/2688/1869 1625/2689/1625 1674/2690/1674
f 1625/2689/1625 1509/2691/1509 1674/2690/1674
f 1638/2692/1638 1673/2693/1673 1509/2694/1509
f 1637/2695/1637 1870/2696/1870 1638/2697/1638
f 1636/2698/1636 1871/2699/1871 1637/2700/1637
f 1635/2701/1635 1873/2702/1873 1636/2703/1636
f 1634/2704/1634 1876/2705/1876 1635/2706/1635
f 1633/2707/1633 1880/2708/1880 1634/2709/1634
f 1632/2199/1632 1885/2710/1885 1633/2707/1633
f 1638/2697/1638 1870/2696/1870 1673/2711/1673
f 1870/2712/1870 1672/2401/1672 1673/2713/1673
f 1637/2695/1637 1871/2714/1871 1870/2696/1870
f 1871/2715/1871 1872/2716/1872 1870/2712/1870
f 1870/2712/1870 1872/2716/1872 1672/2401/1672
f 1872/2716/1872 1671/2402/1671 1672/2401/1672
f 1636/2703/1636 1873/2702/1873 1871/2717/1871
f 1873/2718/1873 1874/2719/1874 1871/2720/1871
f 1871/2715/1871 1874/2721/1874 1872/2716/1872
f 1874/2721/1874 1875/2722/1875 1872/2716/1872
f 1872/2716/1872 1875/2722/1875 1671/2402/1671
f 1875/2722/1875 1670/2403/1670 1671/2402/1671
f 1635/2701/1635 1876/2723/1876 1873/2702/1873
f 1876/2723/1876 1877/2724/1877 1873/2702/1873
f 1873/2702/1873 1877/2724/1877 1874/2725/1874
f 1877/2724/1877 1878/2726/1878 1874/2725/1874
f 1874/2721/1874 1878/2727/1878 1875/2722/1875
f 1878/2726/1878 1879/2728/1879 1875/2729/1875
f 1875/2722/1875 1879/2730/1879 1670/2403/1670
f 1879/2730/1879 1669/2408/1669 1670/2403/1670
f 1634/2704/1634 1880/2731/1880 1876/2705/1876
f 1880/2732/1880 1881/2733/1881 1876/2734/1876
f 1876/2734/1876 1881/2733/1881 1877/2735/1877
f 1881/2736/1881 1882/2737/1882 1877/2738/1877
f 1877/2724/1877 1882/2739/1882 1878/2726/1878
f 1882/2739/1882 1883/2740/1883 1878/2726/1878
f 1878/2726/1878 1883/2740/1883 1879/2728/1879
f 1883/2740/1883 1884/2741/1884 1879/2728/1879
f 1879/2730/1879 1884/2742/1884 1669/2408/1669
f 1884/2742/1884 1668/2409/1668 1669/2408/1669
f 1633/2707/1633 1885/2710/1885 1880/2708/1880
f 1885/2710/1885 1886/2743/1886 1880/2708/1880
f 1880/2708/1880 1886/2743/1886 1881/2744/1881
f 1886/2743/1886 1887/2745/1887 1881/2744/1881
f 1881/2736/1881 1887/2746/1887 1882/2737/1882
f 1887/2746/1887 1888/2747/1888 1882/2737/1882
f 1882/2739/1882 1888/2748/1888 1883/2740/1883
f 1888/2749/1888 1889/2750/1889 1883/2751/1883
f 1883/2740/1883 1889/2752/1889 1884/2741/1884
f 1889/2753/1889 1890/2754/1890 1884/2755/1884
f 1884/2755/1884 1890/2754/1890 1668/2756/1668
f 1890/2754/1890 1667/2757/1667 1668/2756/1668
f 1632/2199/1632 1617/2198/1617 1885/2710/1885
f 1617/2758/1617 1616/2759/1616 1885/2760/1885
f 1885/2710/1885 1616/2761/1616 1886/2743/1886
f 1616/2762/1616 1615/2763/1615 1886/2764/1886
f 1886/2764/1886 1615/2763/1615 1887/2765/1887
f 1615/2766/1615 1614/2767/1614 1887/2768/1887
f 1887/2769/1887 1614/2770/1614 1888/2771/1888
f 1614/2767/1614 1613/2772/1613 1888/2773/1888
f 1888/2749/1888 1613/2774/1613 1889/2750/1889
f 1613/2774/1613 1612/2775/1612 1889/2750/1889
f 1889/2776/1889 1612/2777/1612 1890/2778/1890
f 1612/2777/1612 1611/2779/1611 1890/2778/1890
f 1890/2780/1890 1611/2781/1611 1667/2410/1667
f 1611/2781/1611 1508/2209/1508 1667/2410/1667
f 1624/2782/1624 1666/2210/1666 1508/2209/1508
f 1623/2783/1623 1891/2784/1891 1624/2785/1624
f 1622/2786/1622 1892/2787/1892 1623/2788/1623
f 1621/2789/1621 1894/2790/1894 1622/2786/1622
f 1620/2791/1620 1897/2792/1897 1621/2793/1621
f 1619/2794/1619 1901/2795/1901 1620/2796/1620
f 1618/2797/1618 1906/2798/1906 1619/2799/1619
f 1624/2785/1624 1891/2784/1891 1666/2800/1666
f 1891/2784/1891 1665/2801/1665 1666/2800/1666
f 1623/2783/1623 1892/2802/1892 1891/2784/1891
f 1892/2802/1892 1893/2803/1893 1891/2784/1891
f 1891/2784/1891 1893/2803/1893 1665/2801/1665
f 1893/2803/1893 1664/2804/1664 1665/2801/1665
f 1622/2786/1622 1894/2790/1894 1892/2787/1892
f 1894/2790/1894 1895/2805/1895 1892/2787/1892
f 1892/2787/1892 1895/2805/1895 1893/2806/1893
f 1895/2805/1895 1896/2807/1896 1893/2806/1893
f 1893/2803/1893 1896/2808/1896 1664/2804/1664
f 1896/2809/1896 1663/2453/1663 1664/2452/1664
f 1621/2789/1621 1897/2810/1897 1894/2790/1894
f 1897/2810/1897 1898/2811/1898 1894/2790/1894
f 1894/2812/1894 1898/2813/1898 1895/2814/1895
f 1898/2813/1898 1899/2815/1899 1895/2814/1895
f 1895/2814/1895 1899/2815/1899 1896/2816/1896
f 1899/2815/1899 1900/2817/1900 1896/2816/1896
f 1896/2809/1896 1900/2818/1900 1663/2453/1663
f 1900/2818/1900 1662/2454/1662 1663/2453/1663
f 1620/2791/1620 1901/2819/1901 1897/2792/1897
f 1901/2820/1901 1902/2821/1902 1897/2822/1897
f 1897/2810/1897 1902/2823/1902 1898/2811/1898
f 1902/2823/1902 1903/2824/1903 1898/2811/1898
f 1898/2811/1898 1903/2824/1903 1899/2825/1899
f 1903/2826/1903 1904/2827/1904 1899/2828/1899
f 1899/2829/1899 1904/2830/1904 1900/2818/1900
f 1904/2830/1904 1905/2831/1905 1900/2818/1900
f 1900/2818/1900 1905/2831/1905 1662/2454/1662
f 1905/2831/1905 1661/2832/1661 1662/2454/1662
f 1619/2794/1619 1906/2833/1906 1901/2795/1901
f 1906/2833/1906 1907/2834/1907 1901/2795/1901
f 1901/2795/1901 1907/2834/1907 1902/2835/1902
f 1907/2834/1907 1908/2836/1908 1902/2835/1902
f 1902/2837/1902 1908/2838/1908 1903/2826/1903
f 1908/2838/1908 1909/2839/1909 1903/2826/1903
f 1903/2826/1903 1909/2839/1909 1904/2827/1904
f 1909/2839/1909 1910/2840/1910 1904/2827/1904
f 1904/2830/1904 1910/2841/1910 1905/2831/1905
f 1910/2841/1910 1911/2842/1911 1905/2831/1905
f 1905/2831/1905 1911/2842/1911 1661/2832/1661
f 1911/2842/1911 1660/2461/1660 1661/2832/1661
f 1618/2797/1618 1603/2843/1603 1906/2798/1906
f 1603/2843/1603 1602/2844/1602 1906/2798/1906
f 1906/2845/1906 1602/2846/1602 1907/2847/1907
f 1602/2848/1602 1601/2849/1601 1907/2850/1907
f 1907/2850/1907 1601/2849/1601 1908/2838/1908
f 1601/2849/1601 1600/2851/1600 1908/2838/1908
f 1908/2838/1908 1600/2851/1600 1909/2839/1909
f 1600/2851/1600 1599/2852/1599 1909/2839/1909
f 1909/2839/1909 1599/2852/1599 1910/2840/1910
f 1599/2852/1599 1598/2853/1598 1910/2840/1910
f 1910/2841/1910 1598/2854/1598 1911/2842/1911
f 1598/2854/1598 1597/2855/1597 1911/2842/1911
f 1911/2856/1911 1597/2857/1597 1660/2858/1660
f 1597/2857/1597 1507/2859/1507 1660/2858/1660
f 1610/2860/1610 1659/2501/1659 1507/2861/1507
f 1609/2862/1609 1912/2863/1912 1610/2860/1610
f 1608/2864/1608 1913/2865/1913 1609/2866/1609
f 1607/2867/1607 1915/2868/1915 1608/2869/1608
f 1606/2870/1606 1918/2871/1918 1607/2872/1607
f 1605/2873/1605 1922/2874/1922 1606/2875/1606
f 1604/2193/1604 1927/2876/1927 1605/2877/1605
f 1610/2860/1610 1912/2863/1912 1659/2501/1659
f 1912/2863/1912 1658/2502/1658 1659/2501/1659
f 1609/2866/1609 1913/2865/1913 1912/2878/1912
f 1913/2865/1913 1914/2879/1914 1912/2878/1912
f 1912/2863/1912 1914/2880/1914 1658/2502/1658
f 1914/2880/1914 1657/2881/1657 1658/2502/1658
f 1608/2869/1608 1915/2868/1915 1913/2882/1913
f 1915/2868/1915 1916/2883/1916 1913/2882/1913
f 1913/2865/1913 1916/2884/1916 1914/2879/1914
f 1916/2884/1916 1917/2885/1917 1914/2879/1914
f 1914/2886/1914 1917/2887/1917 1657/2888/1657
f 1917/2889/1917 1656/2890/1656 1657/2891/1657
f 1607/2892/1607 1918/2893/1918 1915/2894/1915
f 1918/2895/1918 1919/2896/1919 1915/2868/1915
f 1915/2868/1915 1919/2896/1919 1916/2883/1916
f 1919/2896/1919 1920/2897/1920 1916/2883/1916
f 1916/2883/1916 1920/2897/1920 1917/2898/1917
f 1920/2897/1920 1921/2899/1921 1917/2898/1917
f 1917/2898/1917 1921/2899/1921 1656/2510/1656
f 1921/2899/1921 1655/2511/1655 1656/2510/1656
f 1606/2870/1606 1922/2900/1922 1918/2871/1918
f 1922/2901/1922 1923/2902/1923 1918/2895/1918
f 1918/2895/1918 1923/2902/1923 1919/2896/1919
f 1923/2903/1923 1924/2904/1924 1919/2905/1919
f 1919/2896/1919 1924/2906/1924 1920/2897/1920
f 1924/2906/1924 1925/2907/1925 1920/2897/1920
f 1920/2908/1920 1925/2909/1925 1921/2910/1921
f 1925/2909/1925 1926/2911/1926 1921/2910/1921
f 1921/2899/1921 1926/2912/1926 1655/2511/1655
f 1926/2912/1926 1654/2512/1654 1655/2511/1655
f 1605/2877/1605 1927/2876/1927 1922/2913/1922
f 1927/2876/1927 1928/2914/1928 1922/2913/1922
f 1922/2901/1922 1928/2915/1928 1923/2902/1923
f 1928/2915/1928 1929/2916/1929 1923/2902/1923
f 1923/2917/1923 1929/2918/1929 1924/2919/1924
f 1929/2916/1929 1930/2920/1930 1924/2906/1924
f 1924/2906/1924 1930/2920/1930 1925/2907/1925
f 1930/2920/1930 1931/2921/1931 1925/2907/1925
f 1925/2909/1925 1931/2922/1931 1926/2911/1926
f 1931/2922/1931 1932/2923/1932 1926/2911/1926
f 1926/2911/1926 1932/2923/1932 1654/2924/1654
f 1932/2923/1932 1653/2925/1653 1654/2924/1654
f 1604/2193/1604 1589/2192/1589 1927/2876/1927
f 1589/2192/1589 1588/2926/1588 1927/2876/1927
f 1927/2876/1927 1588/2926/1588 1928/2914/1928
f 1588/2926/1588 1587/2927/1587 1928/2914/1928
f 1928/2915/1928 1587/2928/1587 1929/2916/1929
f 1587/2928/1587 1586/2929/1586 1929/2916/1929
f 1929/2916/1929 1586/2929/1586 1930/2920/1930
f 1586/2929/1586 1585/2930/1585 1930/2920/1930
f 1930/2920/1930 1585/2930/1585 1931/2921/1931
f 1585/2930/1585 1584/2931/1584 1931/2921/1931
f 1931/2921/1931 1584/2931/1584 1932/2932/1932
f 1584/2931/1584 1583/2933/1583 1932/2932/1932
f 1932/2932/1932 1583/2933/1583 1653/2514/1653
f 1583/2934/1583 1511/2517/1511 1653/2935/1653
f 1639/2604/1639 1652/2606/1652 1510/2215/1510
f 1640/2603/1640 1933/2936/1933 1639/2604/1639
f 1641/2602/1641 1934/2937/1934 1640/2603/1640
f 1642/2599/1642 1936/2938/1936 1641/2600/1641
f 1643/2595/1643 1939/2939/1939 1642/2596/1642
f 1644/2940/1644 1943/2941/1943 1643/2942/1643
f 1645/2190/1645 1948/2943/1948 1644/2588/1644
f 1639/2604/1639 1933/2936/1933 1652/2606/1652
f 1933/2936/1933 1651/2607/1651 1652/2606/1652
f 1640/2603/1640 1934/2937/1934 1933/2936/1933
f 1934/2937/1934 1935/2944/1935 1933/2936/1933
f 1933/2936/1933 1935/2944/1935 1651/2607/1651
f 1935/2945/1935 1650/2946/1650 1651/2947/1651
f 1641/2602/1641 1936/2948/1936 1934/2937/1934
f 1936/2948/1936 1937/2949/1937 1934/2937/1934
f 1934/2937/1934 1937/2949/1937 1935/2944/1935
f 1937/2949/1937 1938/2950/1938 1935/2944/1935
f 1935/2951/1935 1938/2952/1938 1650/2614/1650
f 1938/2952/1938 1649/2612/1649 1650/2614/1650
f 1642/2596/1642 1939/2939/1939 1936/2953/1936
f 1939/2954/1939 1940/2955/1940 1936/2948/1936
f 1936/2948/1936 1940/2955/1940 1937/2949/1937
f 1940/2955/1940 1941/2956/1941 1937/2949/1937
f 1937/2949/1937 1941/2956/1941 1938/2950/1938
f 1941/2957/1941 1942/2958/1942 1938/2959/1938
f 1938/2960/1938 1942/2961/1942 1649/2962/1649
f 1942/2963/1942 1648/2619/1648 1649/2964/1649
f 1643/2965/1643 1943/2966/1943 1939/2954/1939
f 1943/2966/1943 1944/2967/1944 1939/2954/1939
f 1939/2954/1939 1944/2967/1944 1940/2955/1940
f 1944/2967/1944 1945/2968/1945 1940/2955/1940
f 1940/2955/1940 1945/2968/1945 1941/2956/1941
f 1945/2968/1945 1946/2969/1946 1941/2956/1941
f 1941/2956/1941 1946/2969/1946 1942/2963/1942
f 1946/2969/1946 1947/2970/1947 1942/2963/1942
f 1942/2963/1942 1947/2970/1947 1648/2619/1648
f 1947/2970/1947 1647/2617/1647 1648/2619/1648
f 1644/2971/1644 1948/2972/1948 1943/2973/1943
f 1948/2972/1948 1949/2974/1949 1943/2973/1943
f 1943/2973/1943 1949/2974/1949 1944/2975/1944
f 1949/2974/1949 1950/2976/1950 1944/2975/1944
f 1944/2967/1944 1950/2977/1950 1945/2968/1945
f 1950/2977/1950 1951/2978/1951 1945/2968/1945
f 1945/2968/1945 1951/2978/1951 1946/2969/1946
f 1951/2978/1951 1952/2979/1952 1946/2969/1946
f 1946/2969/1946 1952/2979/1952 1947/2970/1947
f 1952/2979/1952 1953/2980/1953 1947/2970/1947
f 1947/2970/1947 1953/2980/1953 1647/2617/1647
f 1953/2980/1953 1646/2620/1646 1647/2617/1647
f 1645/2190/1645 1582/2189/1582 1948/2943/1948
f 1582/2981/1582 1581/2982/1581 1948/2983/1948
f 1948/2984/1948 1581/2985/1581 1949/2986/1949
f 1581/2985/1581 1580/2987/1580 1949/2986/1949
f 1949/2974/1949 1580/2988/1580 1950/2976/1950
f 1580/2989/1580 1579/2990/1579 1950/2991/1950
f 1950/2977/1950 1579/2992/1579 1951/2978/1951
f 1579/2992/1579 1578/2993/1578 1951/2978/1951
f 1951/2994/1951 1578/2995/1578 1952/2996/1952
f 1578/2995/1578 1577/2997/1577 1952/2996/1952
f 1952/2979/1952 1577/2998/1577 1953/2980/1953
f 1577/2998/1577 1576/2999/1576 1953/2980/1953
f 1953/2980/1953 1576/2999/1576 1646/2620/1646
f 1576/3000/1576 1505/3001/1505 1646/3002/1646
f 1625/3003/1625 1638/2692/1638 1509/2694/1509
f 1626/3004/1626 1954/3005/1954 1625/3006/1625
f 1627/2683/1627 1955/3007/1955 1626/2684/1626
f 1628/3008/1628 1957/3009/1957 1627/3010/1627
f 1629/3011/1629 1960/3012/1960 1628/3013/1628
f 1630/2678/1630 1964/3014/1964 1629/2679/1629
f 1631/2187/1631 1969/3015/1969 1630/2677/1630
f 1625/3016/1625 1954/3017/1954 1638/3018/1638
f 1954/3017/1954 1637/3019/1637 1638/3018/1638
f 1626/2684/1626 1955/3007/1955 1954/3017/1954
f 1955/3007/1955 1956/3020/1956 1954/3017/1954
f 1954/3017/1954 1956/3020/1956 1637/3019/1637
f 1956/3021/1956 1636/3022/1636 1637/3023/1637
f 1627/3024/1627 1957/3025/1957 1955/3026/1955
f 1957/3025/1957 1958/3027/1958 1955/3026/1955
f 1955/3026/1955 1958/3027/1958 1956/3028/1956
f 1958/3029/1958 1959/3030/1959 1956/3031/1956
f 1956/3032/1956 1959/3033/1959 1636/3034/1636
f 1959/3035/1959 1635/2701/1635 1636/2703/1636
f 1628/3013/1628 1960/3012/1960 1957/3025/1957
f 1960/3012/1960 1961/3036/1961 1957/3025/1957
f 1957/3025/1957 1961/3036/1961 1958/3027/1958
f 1961/3037/1961 1962/3038/1962 1958/3029/1958
f 1958/3029/1958 1962/3038/1962 1959/3030/1959
f 1962/3039/1962 1963/3040/1963 1959/3041/1959
f 1959/3042/1959 1963/3043/1963 1635/2706/1635
f 1963/3043/1963 1634/2704/1634 1635/2706/1635
f 1629/3011/1629 1964/3044/1964 1960/3012/1960
f 1964/3045/1964 1965/3046/1965 1960/3047/1960
f 1960/3047/1960 1965/3046/1965 1961/3037/1961
f 1965/3046/1965 1966/3048/1966 1961/3037/1961
f 1961/3037/1961 1966/3048/1966 1962/3038/1962
f 1966/3049/1966 1967/3050/1967 1962/3039/1962
f 1962/3039/1962 1967/3050/1967 1963/3040/1963
f 1967/3050/1967 1968/3051/1968 1963/3040/1963
f 1963/3040/1963 1968/3051/1968 1634/2709/1634
f 1968/3051/1968 1633/2707/1633 1634/2709/1634
f 1630/2677/1630 1969/3015/1969 1964/3045/1964
f 1969/3015/1969 1970/3052/1970 1964/3045/1964
f 1964/3045/1964 1970/3052/1970 1965/3046/1965
f 1970/3052/1970 1971/3053/1971 1965/3046/1965
f 1965/3046/1965 1971/3053/1971 1966/3048/1966
f 1971/3053/1971 1972/3054/1972 1966/3048/1966
f 1966/3048/1966 1972/3054/1972 1967/3055/1967
f 1972/3056/1972 1973/3057/1973 1967/3050/1967
f 1967/3050/1967 1973/3057/1973 1968/3051/1968
f 1973/3058/1973 1974/3059/1974 1968/3060/1968
f 1968/3051/1968 1974/3061/1974 1633/2707/1633
f 1974/3061/1974 1632/2199/1632 1633/2707/1633
f 1631/2187/1631 1575/2186/1575 1969/3015/1969
f 1575/2186/1575 1574/3062/1574 1969/3015/1969
f 1969/3015/1969 1574/3062/1574 1970/3052/1970
f 1574/3062/1574 1573/3063/1573 1970/3052/1970
f 1970/3052/1970 1573/3063/1573 1971/3053/1971
f 1573/3064/1573 1572/3065/1572 1971/3066/1971
f 1971/3067/1971 1572/3068/1572 1972/3069/1972
f 1572/3068/1572 1571/3070/1571 1972/3069/1972
f 1972/3056/1972 1571/3071/1571 1973/3057/1973
f 1571/3071/1571 1570/3072/1570 1973/3057/1973
f 1973/3073/1973 1570/3074/1570 1974/3075/1974
f 1570/3074/1570 1569/3076/1569 1974/3075/1974
f 1974/3061/1974 1569/3077/1569 1632/2199/1632
f 1569/3077/1569 1504/2197/1504 1632/2199/1632
f 1611/3078/1611 1624/3079/1624 1508/3080/1508
f 1612/3081/1612 1975/3082/1975 1611/3083/1611
f 1613/2774/1613 1976/3084/1976 1612/2775/1612
f 1614/2767/1614 1978/3085/1978 1613/2772/1613
f 1615/2766/1615 1981/3086/1981 1614/2767/1614
f 1616/3087/1616 1985/3088/1985 1615/2766/1615
f 1617/3089/1617 1990/3090/1990 1616/3087/1616
f 1611/3091/1611 1975/3092/1975 1624/3093/1624
f 1975/3092/1975 1623/3094/1623 1624/3093/1624
f 1612/2775/1612 1976/3084/1976 1975/3095/1975
f 1976/3084/1976 1977/3096/1977 1975/3095/1975
f 1975/3095/1975 1977/3096/1977 1623/2788/1623
f 1977/3096/1977 1622/2786/1622 1623/2788/1623
f 1613/2772/1613 1978/3085/1978 1976/3097/1976
f 1978/3085/1978 1979/3098/1979 1976/3097/1976
f 1976/3099/1976 1979/3100/1979 1977/3101/1977
f 1979/3098/1979 1980/3102/1980 1977/3103/1977
f 1977/3096/1977 1980/3104/1980 1622/2786/1622
f 1980/3105/1980 1621/2793/1621 1622/3106/1622
f 1614/2767/1614 1981/3086/1981 1978/3085/1978
f 1981/3086/1981 1982/3107/1982 1978/3085/1978
f 1978/3085/1978 1982/3107/1982 1979/3098/1979
f 1982/3107/1982 1983/3108/1983 1979/3098/1979
f 1979/3098/1979 1983/3108/1983 1980/3102/1980
f 1983/3109/1983 1984/3110/1984 1980/3105/1980
f 1980/3105/1980 1984/3110/1984 1621/2793/1621
f 1984/3110/1984 1620/2791/1620 1621/2793/1621
f 1615/2766/1615 1985/3088/1985 1981/3086/1981
f 1985/3088/1985 1986/3111/1986 1981/3086/1981
f 1981/3086/1981 1986/3111/1986 1982/3107/1982
f 1986/3111/1986 1987/3112/1987 1982/3107/1982
f 1982/3107/1982 1987/3112/1987 1983/3108/1983
f 1987/3113/1987 1988/3114/1988 1983/3115/1983
f 1983/3116/1983 1988/3117/1988 1984/3118/1984
f 1988/3119/1988 1989/3120/1989 1984/3121/1984
f 1984/3121/1984 1989/3120/1989 1620/3122/1620
f 1989/3123/1989 1619/2794/1619 1620/2796/1620
f 1616/3087/1616 1990/3090/1990 1985/3088/1985
f 1990/3090/1990 1991/3124/1991 1985/3088/1985
f 1985/3088/1985 1991/3124/1991 1986/3111/1986
f 1991/3125/1991 1992/3126/1992 1986/3127/1986
f 1986/3111/1986 1992/3128/1992 1987/3112/1987
f 1992/3129/1992 1993/3130/1993 1987/3131/1987
f 1987/3132/1987 1993/3133/1993 1988/3134/1988
f 1993/3133/1993 1994/3135/1994 1988/3134/1988
f 1988/3134/1988 1994/3135/1994 1989/3123/1989
f 1994/3135/1994 1995/3136/1995 1989/3123/1989
f 1989/3123/1989 1995/3136/1995 1619/2794/1619
f 1995/3136/1995 1618/2196/1618 1619/2794/1619
f 1617/3137/1617 1561/3138/1561 1990/3139/1990
f 1561/3138/1561 1560/3140/1560 1990/3139/1990
f 1990/3139/1990 1560/3140/1560 1991/3141/1991
f 1560/3140/1560 1559/3142/1559 1991/3141/1991
f 1991/3141/1991 1559/3142/1559 1992/3143/1992
f 1559/3142/1559 1558/3144/1558 1992/3143/1992
f 1992/3143/1992 1558/3144/1558 1993/3145/1993
f 1558/3146/1558 1557/3147/1557 1993/3148/1993
f 1993/3149/1993 1557/3150/1557 1994/3151/1994
f 1557/3150/1557 1556/3152/1556 1994/3151/1994
f 1994/3151/1994 1556/3152/1556 1995/3153/1995
f 1556/3152/1556 1555/3154/1555 1995/3153/1995
f 1995/3136/1995 1555/3155/1555 1618/2196/1618
f 1555/3155/1555 1503/2194/1503 1618/2196/1618
f 1597/2857/1597 1610/3156/1610 1507/2859/1507
f 1598/2854/1598 1996/3157/1996 1597/2855/1597
f 1599/2852/1599 1997/3158/1997 1598/2853/1598
f 1600/3159/1600 1999/3160/1999 1599/3161/1599
f 1601/3162/1601 2002/3163/2002 1600/3164/1600
f 1602/2848/1602 2006/3165/2006 1601/2849/1601
f 1603/3166/1603 2011/3167/2011 1602/3168/1602
f 1597/2855/1597 1996/3157/1996 1610/3169/1610
f 1996/3170/1996 1609/2862/1609 1610/2860/1610
f 1598/2853/1598 1997/3158/1997 1996/3171/1996
f 1997/3158/1997 1998/3172/1998 1996/3171/1996
f 1996/3170/1996 1998/3173/1998 1609/2862/1609
f 1998/3174/1998 1608/2864/1608 1609/2866/1609
f 1599/2852/1599 1999/3175/1999 1997/3158/1997
f 1999/3175/1999 2000/3176/2000 1997/3158/1997
f 1997/3158/1997 2000/3176/2000 1998/3172/1998
f 2000/3176/2000 2001/3177/2001 1998/3172/1998
f 1998/3172/1998 2001/3177/2001 1608/3178/1608
f 2001/3177/2001 1607/3179/1607 1608/3178/1608
f 1600/3164/1600 2002/3163/2002 1999/3180/1999
f 2002/3181/2002 2003/3182/2003 1999/3175/1999
f 1999/3175/1999 2003/3182/2003 2000/3176/2000
f 2003/3182/2003 2004/3183/2004 2000/3176/2000
f 2000/3176/2000 2004/3183/2004 2001/3177/2001
f 2004/3183/2004 2005/3184/2005 2001/3177/2001
f 2001/3177/2001 2005/3184/2005 1607/3179/1607
f 2005/3185/2005 1606/3186/1606 1607/3187/1607
f 1601/2849/1601 2006/3165/2006 2002/3181/2002
f 2006/3165/2006 2007/3188/2007 2002/3181/2002
f 2002/3181/2002 2007/3188/2007 2003/3182/2003
f 2007/3188/2007 2008/3189/2008 2003/3182/2003
f 2003/3182/2003 2008/3189/2008 2004/3183/2004
f 2008/3189/2008 2009/3190/2009 2004/3183/2004
f 2004/3183/2004 2009/3190/2009 2005/3184/2005
f 2009/3191/2009 2010/3192/2010 2005/3193/2005
f 2005/3193/2005 2010/3192/2010 1606/3194/1606
f 2010/3195/2010 1605/2873/1605 1606/2875/1606
f 1602/3168/1602 2011/3167/2011 2006/3196/2006
f 2011/3197/2011 2012/3198/2012 2006/3165/2006
f 2006/3165/2006 2012/3198/2012 2007/3188/2007
f 2012/3198/2012 2013/3199/2013 2007/3188/2007
f 2007/3188/2007 2013/3199/2013 2008/3189/2008
f 2013/3200/2013 2014/3201/2014 2008/3202/2008
f 2008/3202/2008 2014/3201/2014 2009/3191/2009
f 2014/3201/2014 2015/3203/2015 2009/3191/2009
f 2009/3191/2009 2015/3203/2015 2010/3192/2010
f 2015/3204/2015 2016/3205/2016 2010/3195/2010
f 2010/3195/2010 2016/3205/2016 1605/2873/1605
f 2016/3206/2016 1604/2193/1604 1605/2877/1605
f 1603/3207/1603 1533/3208/1533 2011/3209/2011
f 1533/3210/1533 1532/3211/1532 2011/3212/2011
f 2011/3212/2011 1532/3211/1532 2012/3213/2012
f 1532/3211/1532 1531/3214/1531 2012/3213/2012
f 2012/3213/2012 1531/3214/1531 2013/3215/2013
f 1531/3216/1531 1530/3217/1530 2013/3218/2013
f 2013/3218/2013 1530/3217/1530 2014/3219/2014
f 1530/3217/1530 1529/3220/1529 2014/3219/2014
f 2014/3221/2014 1529/3222/1529 2015/3223/2015
f 1529/3222/1529 1528/3224/1528 2015/3223/2015
f 2015/3204/2015 1528/3225/1528 2016/3205/2016
f 1528/3226/1528 1527/3227/1527 2016/3206/2016
f 2016/3206/2016 1527/3227/1527 1604/2193/1604
f 1527/3227/1527 1502/2191/1502 1604/2193/1604
f 1583/2934/1583 1596/2515/1596 1511/2517/1511
f 1584/2931/1584 2017/3228/2017 1583/2933/1583
f 1585/2930/1585 2018/3229/2018 1584/2931/1584
f 1586/2929/1586 2020/3230/2020 1585/2930/1585
f 1587/2928/1587 2023/3231/2023 1586/2929/1586
f 1588/2926/1588 2027/3232/2027 1587/2927/1587
f 1589/2192/1589 2032/3233/2032 1588/2926/1588
f 1583/2933/1583 2017/3228/2017 1596/2520/1596
f 2017/3228/2017 1595/2518/1595 1596/2520/1596
f 1584/2931/1584 2018/3229/2018 2017/3228/2017
f 2018/3229/2018 2019/3234/2019 2017/3228/2017
f 2017/3228/2017 2019/3234/2019 1595/2518/1595
f 2019/3235/2019 1594/2521/1594 1595/2523/1595
f 1585/2930/1585 2020/3230/2020 2018/3229/2018
f 2020/3230/2020 2021/3236/2021 2018/3229/2018
f 2018/3229/2018 2021/3236/2021 2019/3234/2019
f 2021/3236/2021 2022/3237/2022 2019/3234/2019
f 2019/3234/2019 2022/3237/2022 1594/2526/1594
f 2022/3238/2022 1593/3239/1593 1594/3240/1594
f 1586/2929/1586 2023/3231/2023 2020/3230/2020
f 2023/3231/2023 2024/3241/2024 2020/3230/2020
f 2020/3230/2020 2024/3241/2024 2021/3236/2021
f 2024/3241/2024 2025/3242/2025 2021/3236/2021
f 2021/3236/2021 2025/3242/2025 2022/3237/2022
f 2025/3242/2025 2026/3243/2026 2022/3237/2022
f 2022/3237/2022 2026/3243/2026 1593/2524/1593
f 2026/3243/2026 1592/2527/1592 1593/2524/1593
f 1587/2927/1587 2027/3232/2027 2023/3244/2023
f 2027/3232/2027 2028/3245/2028 2023/3244/2023
f 2023/3244/2023 2028/3245/2028 2024/3246/2024
f 2028/3247/2028 2029/3248/2029 2024/3241/2024
f 2024/3241/2024 2029/3248/2029 2025/3242/2025
f 2029/3248/2029 2030/3249/2030 2025/3242/2025
f 2025/3242/2025 2030/3249/2030 2026/3243/2026
f 2030/3250/2030 2031/3251/2031 2026/3252/2026
f 2026/3252/2026 2031/3251/2031 1592/3253/1592
f 2031/3254/2031 1591/2529/1591 1592/2527/1592
f 1588/2926/1588 2032/3233/2032 2027/3232/2027
f 2032/3255/2032 2033/3256/2033 2027/3257/2027
f 2027/3257/2027 2033/3256/2033 2028/3247/2028
f 2033/3256/2033 2034/3258/2034 2028/3247/2028
f 2028/3247/2028 2034/3258/2034 2029/3248/2029
f 2034/3258/2034 2035/3259/2035 2029/3248/2029
f 2029/3248/2029 2035/3259/2035 2030/3249/2030
f 2035/3259/2035 2036/3260/2036 2030/3249/2030
f 2030/3249/2030 2036/3260/2036 2031/3254/2031
f 2036/3260/2036 2037/3261/2037 2031/3254/2031
f 2031/3254/2031 2037/3261/2037 1591/2529/1591
f 2037/3262/2037 1590/2531/1590 1591/2533/1591
f 1589/2192/1589 1540/3263/1540 2032/3233/2032
f 1540/3264/1540 1539/3265/1539 2032/3266/2032
f 2032/3255/2032 1539/3267/1539 2033/3256/2033
f 1539/3268/1539 1538/3269/1538 2033/3270/2033
f 2033/3270/2033 1538/3269/1538 2034/3271/2034
f 1538/3272/1538 1537/3273/1537 2034/3258/2034
f 2034/3258/2034 1537/3273/1537 2035/3259/2035
f 1537/3274/1537 1536/3275/1536 2035/3276/2035
f 2035/3276/2035 1536/3275/1536 2036/3277/2036
f 1536/3275/1536 1535/3278/1535 2036/3277/2036
f 2036/3277/2036 1535/3278/1535 2037/3262/2037
f 1535/3278/1535 1534/3279/1534 2037/3262/2037
f 2037/3262/2037 1534/3279/1534 1590/2531/1590
f 1534/3279/1534 1506/3280/1506 1590/2531/1590
f 1547/3281/1547 1582/3282/1582 1506/3280/1506
f 1546/3283/1546 2038/3284/2038 1547/3285/1547
f 1545/3286/1545 2039/3287/2039 1546/3288/1546
f 1544/3289/1544 2041/3290/2041 1545/3286/1545
f 1543/3291/1543 2044/3292/2044 1544/3289/1544
f 1542/3293/1542 2048/3294/2048 1543/3291/1543
f 1541/2175/1541 2053/3295/2053 1542/3293/1542
f 1547/3281/1547 2038/3296/2038 1582/3282/1582
f 2038/3296/2038 1581/3297/1581 1582/3282/1582
f 1546/3283/1546 2039/3298/2039 2038/3284/2038
f 2039/3298/2039 2040/3299/2040 2038/3284/2038
f 2038/3296/2038 2040/3300/2040 1581/3297/1581
f 2040/3301/2040 1580/2987/1580 1581/2985/1581
f 1545/3286/1545 2041/3290/2041 2039/3287/2039
f 2041/3302/2041 2042/3303/2042 2039/3304/2039
f 2039/3287/2039 2042/3305/2042 2040/3300/2040
f 2042/3305/2042 2043/3306/2043 2040/3300/2040
f 2040/3301/2040 2043/3307/2043 1580/2987/1580
f 2043/3308/2043 1579/2990/1579 1580/2989/1580
f 1544/3289/1544 2044/3292/2044 2041/3290/2041
f 2044/3292/2044 2045/3309/2045 2041/3290/2041
f 2041/3302/2041 2045/3310/2045 2042/3303/2042
f 2045/3310/2045 2046/3311/2046 2042/3303/2042
f 2042/3305/2042 2046/3312/2046 2043/3306/2043
f 2046/3312/2046 2047/3313/2047 2043/3306/2043
f 2043/3306/2043 2047/3313/2047 1579/3314/1579
f 2047/3315/2047 1578/2993/1578 1579/2992/1579
f 1543/3291/1543 2048/3294/2048 2044/3292/2044
f 2048/3294/2048 2049/3316/2049 2044/3292/2044
f 2044/3292/2044 2049/3316/2049 2045/3309/2045
f 2049/3316/2049 2050/3317/2050 2045/3309/2045
f 2045/3310/2045 2050/3318/2050 2046/3311/2046
f 2050/3317/2050 2051/3319/2051 2046/3312/2046
f 2046/3312/2046 2051/3319/2051 2047/3313/2047
f 2051/3319/2051 2052/3320/2052 2047/3313/2047
f 2047/3315/2047 2052/3321/2052 1578/2993/1578
f 2052/3320/2052 1577/2997/1577 1578/2995/1578
f 1542/3293/1542 2053/3295/2053 2048/3294/2048
f 2053/3295/2053 2054/3322/2054 2048/3294/2048
f 2048/3294/2048 2054/3322/2054 2049/3316/2049
f 2054/3323/2054 2055/3324/2055 2049/3325/2049
f 2049/3325/2049 2055/3324/2055 2050/3326/2050
f 2055/3327/2055 2056/3328/2056 2050/3317/2050
f 2050/3329/2050 2056/3330/2056 2051/3331/2051
f 2056/3328/2056 2057/3332/2057 2051/3319/2051
f 2051/3319/2051 2057/3332/2057 2052/3320/2052
f 2057/3332/2057 2058/3333/2058 2052/3320/2052
f 2052/3320/2052 2058/3333/2058 1577/2997/1577
f 2058/3334/2058 1576/2999/1576 1577/2998/1577
f 1541/2175/1541 1568/2174/1568 2053/3295/2053
f 1568/2174/1568 1567/3335/1567 2053/3295/2053
f 2053/3295/2053 1567/3335/1567 2054/3322/2054
f 1567/3335/1567 1566/3336/1566 2054/3322/2054
f 2054/3337/2054 1566/3338/1566 2055/3339/2055
f 1566/3338/1566 1565/3340/1565 2055/3339/2055
f 2055/3327/2055 1565/3341/1565 2056/3328/2056
f 1565/3341/1565 1564/3342/1564 2056/3328/2056
f 2056/3343/2056 1564/3344/1564 2057/3345/2057
f 1564/3342/1564 1563/3346/1563 2057/3332/2057
f 2057/3332/2057 1563/3346/1563 2058/3333/2058
f 1563/3347/1563 1562/3348/1562 2058/3349/2058
f 2058/3349/2058 1562/3348/1562 1576/3000/1576
f 1562/3348/1562 1505/3001/1505 1576/3000/1576
f 1562/3350/1562 1575/2186/1575 1505/2185/1505
f 1563/3351/1563 2059/3352/2059 1562/3350/1562
f 1564/3342/1564 2060/3353/2060 1563/3346/1563
f 1565/3341/1565 2062/3354/2062 1564/3342/1564
f 1566/3338/1566 2065/3355/2065 1565/3340/1565
f 1567/3335/1567 2069/3356/2069 1566/3336/1566
f 1568/2174/1568 2074/3357/2074 1567/3335/1567
f 1562/3350/1562 2059/3352/2059 1575/2186/1575
f 2059/3352/2059 1574/3062/1574 1575/2186/1575
f 1563/3346/1563 2060/3353/2060 2059/3358/2059
f 2060/3353/2060 2061/3359/2061 2059/3358/2059
f 2059/3360/2059 2061/3361/2061 1574/3362/1574
f 2061/3359/2061 1573/3363/1573 1574/3364/1574
f 1564/3342/1564 2062/3354/2062 2060/3353/2060
f 2062/3354/2062 2063/3365/2063 2060/3353/2060
f 2060/3353/2060 2063/3365/2063 2061/3359/2061
f 2063/3365/2063 2064/3366/2064 2061/3359/2061
f 2061/3359/2061 2064/3366/2064 1573/3363/1573
f 2064/3367/2064 1572/3065/1572 1573/3064/1573
f 1565/3341/1565 2065/3368/2065 2062/3354/2062
f 2065/3368/2065 2066/3369/2066 2062/3354/2062
f 2062/3354/2062 2066/3369/2066 2063/3365/2063
f 2066/3369/2066 2067/3370/2067 2063/3365/2063
f 2063/3365/2063 2067/3370/2067 2064/3366/2064
f 2067/3370/2067 2068/3371/2068 2064/3366/2064
f 2064/3372/2064 2068/3373/2068 1572/3374/1572
f 2068/3373/2068 1571/3375/1571 1572/3374/1572
f 1566/3376/1566 2069/3377/2069 2065/3378/2065
f 2069/3377/2069 2070/3379/2070 2065/3378/2065
f 2065/3368/2065 2070/3380/2070 2066/3369/2066
f 2070/3380/2070 2071/3381/2071 2066/3369/2066
f 2066/3369/2066 2071/3381/2071 2067/3370/2067
f 2071/3381/2071 2072/3382/2072 2067/3370/2067
f 2067/3370/2067 2072/3382/2072 2068/3371/2068
f 2072/3382/2072 2073/3383/2073 2068/3371/2068
f 2068/3371/2068 2073/3383/2073 1571/3384/1571
f 2073/3385/2073 1570/3072/1570 1571/3071/1571
f 1567/3335/1567 2074/3357/2074 2069/3356/2069
f 2074/3357/2074 2075/3386/2075 2069/3356/2069
f 2069/3377/2069 2075/3387/2075 2070/3379/2070
f 2075/3386/2075 2076/3388/2076 2070/3380/2070
f 2070/3380/2070 2076/3388/2076 2071/3381/2071
f 2076/3388/2076 2077/3389/2077 2071/3381/2071
f 2071/3381/2071 2077/3389/2077 2072/3382/2072
f 2077/3389/2077 2078/3390/2078 2072/3382/2072
f 2072/3382/2072 2078/3390/2078 2073/3383/2073
f 2078/3390/2078 2079/3391/2079 2073/3383/2073
f 2073/3385/2073 2079/3392/2079 1570/3072/1570
f 2079/3392/2079 1569/3077/1569 1570/3072/1570
f 1568/2174/1568 1554/2173/1554 2074/3357/2074
f 1554/2173/1554 1553/3393/1553 2074/3357/2074
f 2074/3357/2074 1553/3393/1553 2075/3386/2075
f 1553/3393/1553 1552/3394/1552 2075/3386/2075
f 2075/3386/2075 1552/3394/1552 2076/3388/2076
f 1552/3394/1552 1551/3395/1551 2076/3388/2076
f 2076/3388/2076 1551/3395/1551 2077/3389/2077
f 1551/3395/1551 1550/3396/1550 2077/3389/2077
f 2077/3397/2077 1550/3398/1550 2078/3399/2078
f 1550/3400/1550 1549/3401/1549 2078/3402/2078
f 2078/3390/2078 1549/3403/1549 2079/3391/2079
f 1549/3401/1549 1548/3404/1548 2079/3392/2079
f 2079/3392/2079 1548/3404/1548 1569/3077/1569
f 1548/3404/1548 1504/2197/1504 1569/3077/1569
f 1548/3405/1548 1561/2183/1561 1504/2182/1504
f 1549/3401/1549 2080/3406/2080 1548/3404/1548
f 1550/3400/1550 2081/3407/2081 1549/3401/1549
f 1551/3395/1551 2083/3408/2083 1550/3396/1550
f 1552/3394/1552 2086/3409/2086 1551/3395/1551
f 1553/3393/1553 2090/3410/2090 1552/3394/1552
f 1554/2173/1554 2095/3411/2095 1553/3393/1553
f 1548/3404/1548 2080/3406/2080 1561/3412/1561
f 2080/3406/2080 1560/3413/1560 1561/3412/1561
f 1549/3401/1549 2081/3407/2081 2080/3406/2080
f 2081/3407/2081 2082/3414/2082 2080/3406/2080
f 2080/3406/2080 2082/3414/2082 1560/3413/1560
f 2082/3415/2082 1559/3416/1559 1560/3417/1560
f 1550/3396/1550 2083/3408/2083 2081/3418/2081
f 2083/3408/2083 2084/3419/2084 2081/3418/2081
f 2081/3407/2081 2084/3420/2084 2082/3414/2082
f 2084/3421/2084 2085/3422/2085 2082/3415/2082
f 2082/3415/2082 2085/3422/2085 1559/3416/1559
f 2085/3423/2085 1558/3424/1558 1559/3425/1559
f 1551/3395/1551 2086/3409/2086 2083/3408/2083
f 2086/3409/2086 2087/3426/2087 2083/3408/2083
f 2083/3408/2083 2087/3426/2087 2084/3419/2084
f 2087/3426/2087 2088/3427/2088 2084/3419/2084
f 2084/3421/2084 2088/3428/2088 2085/3422/2085
f 2088/3428/2088 2089/3429/2089 2085/3422/2085
f 2085/3430/2085 2089/3431/2089 1558/3432/1558
f 2089/3431/2089 1557/3433/1557 1558/3432/1558
f 1552/3394/1552 2090/3410/2090 2086/3409/2086
f 2090/3410/2090 2091/3434/2091 2086/3409/2086
f 2086/3409/2086 2091/3434/2091 2087/3426/2087
f 2091/3434/2091 2092/3435/2092 2087/3426/2087
f 2087/3426/2087 2092/3435/2092 2088/3427/2088
f 2092/3435/2092 2093/3436/2093 2088/3427/2088
f 2088/3428/2088 2093/3437/2093 2089/3429/2089
f 2093/3437/2093 2094/3438/2094 2089/3429/2089
f 2089/3431/2089 2094/3439/2094 1557/3433/1557
f 2094/3439/2094 1556/3440/1556 1557/3433/1557
f 1553/3393/1553 2095/3411/2095 2090/3410/2090
f 2095/3411/2095 2096/3441/2096 2090/3410/2090
f 2090/3410/2090 2096/3441/2096 2091/3434/2091
f 2096/3441/2096 2097/3442/2097 2091/3434/2091
f 2091/3443/2091 2097/3444/2097 2092/3445/2092
f 2097/3444/2097 2098/3446/2098 2092/3445/2092
f 2092/3445/2092 2098/3446/2098 2093/3447/2093
f 2098/3446/2098 2099/3448/2099 2093/3447/2093
f 2093/3437/2093 2099/3449/2099 2094/3438/2094
f 2099/3449/2099 2100/3450/2100 2094/3438/2094
f 2094/3439/2094 2100/3451/2100 1556/3440/1556
f 2100/3451/2100 1555/3452/1555 1556/3440/1556
f 1554/2173/1554 1519/2169/1519 2095/3411/2095
f 1519/2169/1519 1518/3453/1518 2095/3411/2095
f 2095/3411/2095 1518/3453/1518 2096/3441/2096
f 1518/3454/1518 1517/3455/1517 2096/3456/2096
f 2096/3441/2096 1517/3457/1517 2097/3442/2097
f 1517/3457/1517 1516/3458/1516 2097/3442/2097
f 2097/3442/2097 1516/3458/1516 2098/3459/2098
f 1516/3458/1516 1515/3460/1515 2098/3459/2098
f 2098/3446/2098 1515/3461/1515 2099/3448/2099
f 1515/3462/1515 1514/3463/1514 2099/3449/2099
f 2099/3449/2099 1514/3463/1514 2100/3450/2100
f 1514/3464/1514 1513/3465/1513 2100/3466/2100
f 2100/3466/2100 1513/3465/1513 1555/3467/1555
f 1513/3468/1513 1503/3469/1503 1555/3470/1555
f 1534/3279/1534 1547/3281/1547 1506/3280/1506
f 1535/3278/1535 2101/3471/2101 1534/3279/1534
f 1536/3275/1536 2102/3472/2102 1535/3278/1535
f 1537/3274/1537 2104/3473/2104 1536/3275/1536
f 1538/3272/1538 2107/3474/2107 1537/3273/1537
f 1539/3268/1539 2111/3475/2111 1538/3269/1538
f 1540/3264/1540 2116/3476/2116 1539/3265/1539
f 1534/3279/1534 2101/3471/2101 1547/3281/1547
f 2101/3477/2101 1546/3283/1546 1547/3285/1547
f 1535/3278/1535 2102/3472/2102 2101/3471/2101
f 2102/3478/2102 2103/3479/2103 2101/3477/2101
f 2101/3477/2101 2103/3479/2103 1546/3283/1546
f 2103/3480/2103 1545/3286/1545 1546/3288/1546
f 1536/3275/1536 2104/3473/2104 2102/3472/2102
f 2104/3473/2104 2105/3481/2105 2102/3472/2102
f 2102/3472/2102 2105/3481/2105 2103/3480/2103
f 2105/3481/2105 2106/3482/2106 2103/3480/2103
f 2103/3480/2103 2106/3482/2106 1545/3286/1545
f 2106/3482/2106 1544/3289/1544 1545/3286/1545
f 1537/3274/1537 2107/3483/2107 2104/3473/2104
f 2107/3483/2107 2108/3484/2108 2104/3473/2104
f 2104/3473/2104 2108/3484/2108 2105/3481/2105
f 2108/3484/2108 2109/3485/2109 2105/3481/2105
f 2105/3481/2105 2109/3485/2109 2106/3482/2106
f 2109/3485/2109 2110/3486/2110 2106/3482/2106
f 2106/3482/2106 2110/3486/2110 1544/3289/1544
f 2110/3486/2110 1543/3291/1543 1544/3289/1544
f 1538/3272/1538 2111/3487/2111 2107/3474/2107
f 2111/3475/2111 2112/3488/2112 2107/3483/2107
f 2107/3483/2107 2112/3488/2112 2108/3484/2108
f 2112/3488/2112 2113/3489/2113 2108/3484/2108
f 2108/3484/2108 2113/3489/2113 2109/3485/2109
f 2113/3489/2113 2114/3490/2114 2109/3485/2109
f 2109/3485/2109 2114/3490/2114 2110/3486/2110
f 2114/3490/2114 2115/3491/2115 2110/3486/2110
f 2110/3486/2110 2115/3491/2115 1543/3291/1543
f 2115/3491/2115 1542/3293/1542 1543/3291/1543
f 1539/3268/1539 2116/3492/2116 2111/3475/2111
f 2116/3492/2116 2117/3493/2117 2111/3475/2111
f 2111/3475/2111 2117/3493/2117 2112/3488/2112
f 2117/3493/2117 2118/3494/2118 2112/3488/2112
f 2112/3488/2112 2118/3494/2118 2113/3489/2113
f 2118/3494/2118 2119/3495/2119 2113/3489/2113
f 2113/3489/2113 2119/3495/2119 2114/3490/2114
f 2119/3495/2119 2120/3496/2120 2114/3490/2114
f 2114/3490/2114 2120/3496/2120 2115/3491/2115
f 2120/3496/2120 2121/3497/2121 2115/3491/2115
f 2115/3491/2115 2121/3497/2121 1542/3293/1542
f 2121/3497/2121 1541/2175/1541 1542/3293/1542
f 1540/3498/1540 1526/3499/1526 2116/3500/2116
f 1526/3501/1526 1525/3502/1525 2116/3503/2116
f 2116/3492/2116 1525/3504/1525 2117/3493/2117
f 1525/3504/1525 1524/3505/1524 2117/3493/2117
f 2117/3506/2117 1524/3507/1524 2118/3508/2118
f 1524/3505/1524 1523/3509/1523 2118/3494/2118
f 2118/3494/2118 1523/3509/1523 2119/3495/2119
f 1523/3509/1523 1522/3510/1522 2119/3495/2119
f 2119/3495/2119 1522/3510/1522 2120/3496/2120
f 1522/3510/1522 1521/3511/1521 2120/3496/2120
f 2120/3496/2120 1521/3511/1521 2121/3497/2121
f 1521/3511/1521 1520/2168/1520 2121/3497/2121
f 2121/3497/2121 1520/2168/1520 1541/2175/1541
f 1520/2168/1520 1501/2167/1501 1541/2175/1541
f 1513/3512/1513 1533/2180/1533 1503/2179/1503
f 1514/3513/1514 2122/3514/2122 1513/3515/1513
f 1515/3462/1515 2123/3516/2123 1514/3463/1514
f 1516/3458/1516 2125/3517/2125 1515/3460/1515
f 1517/3457/1517 2128/3518/2128 1516/3458/1516
f 1518/3453/1518 2132/3519/2132 1517/3457/1517
f 1519/2169/1519 2137/3520/2137 1518/3453/1518
f 1513/3521/1513 2122/3522/2122 1533/3210/1533
f 2122/3522/2122 1532/3211/1532 1533/3210/1533
f 1514/3523/1514 2123/3524/2123 2122/3522/2122
f 2123/3524/2123 2124/3525/2124 2122/3522/2122
f 2122/3522/2122 2124/3525/2124 1532/3211/1532
f 2124/3525/2124 1531/3214/1531 1532/3211/1532
f 1515/3462/1515 2125/3526/2125 2123/3516/2123
f 2125/3526/2125 2126/3527/2126 2123/3516/2123
f 2123/3516/2123 2126/3527/2126 2124/3528/2124
f 2126/3527/2126 2127/3529/2127 2124/3528/2124
f 2124/3528/2124 2127/3529/2127 1531/3216/1531
f 2127/3529/2127 1530/3217/1530 1531/3216/1531
f 1516/3458/1516 2128/3518/2128 2125/3517/2125
f 2128/3518/2128 2129/3530/2129 2125/3517/2125
f 2125/3526/2125 2129/3531/2129 2126/3527/2126
f 2129/3531/2129 2130/3532/2130 2126/3527/2126
f 2126/3533/2126 2130/3534/2130 2127/3535/2127
f 2130/3534/2130 2131/3536/2131 2127/3535/2127
f 2127/3535/2127 2131/3536/2131 1530/3537/1530
f 2131/3536/2131 1529/3538/1529 1530/3537/1530
f 1517/3457/1517 2132/3519/2132 2128/3518/2128
f 2132/3519/2132 2133/3539/2133 2128/3518/2128
f 2128/3518/2128 2133/3539/2133 2129/3530/2129
f 2133/3539/2133 2134/3540/2134 2129/3530/2129
f 2129/3531/2129 2134/3541/2134 2130/3532/2130
f 2134/3541/2134 2135/3542/2135 2130/3532/2130
f 2130/3534/2130 2135/3543/2135 2131/3536/2131
f 2135/3543/2135 2136/3544/2136 2131/3536/2131
f 2131/3536/2131 2136/3544/2136 1529/3538/1529
f 2136/3544/2136 1528/3226/1528 1529/3538/1529
f 1518/3453/1518 2137/3520/2137 2132/3519/2132
f 2137/3520/2137 2138/3545/2138 2132/3519/2132
f 2132/3519/2132 2138/3545/2138 2133/3539/2133
f 2138/3545/2138 2139/3546/2139 2133/3539/2133
f 2133/3539/2133 2139/3546/2139 2134/3540/2134
f 2139/3546/2139 2140/3547/2140 2134/3540/2134
f 2134/3541/2134 2140/3548/2140 2135/3542/2135
f 2140/3548/2140 2141/3549/2141 2135/3542/2135
f 2135/3543/2135 2141/3550/2141 2136/3544/2136
f 2141/3550/2141 2142/3551/2142 2136/3544/2136
f 2136/3544/2136 2142/3551/2142 1528/3226/1528
f 2142/3551/2142 1527/3227/1527 1528/3226/1528
f 1519/2169/1519 1520/2168/1520 2137/3520/2137
f 1520/2168/1520 1521/3511/1521 2137/3520/2137
f 2137/3520/2137 1521/3511/1521 2138/3545/2138
f 1521/3511/1521 1522/3510/1522 2138/3545/2138
f 2138/3545/2138 1522/3510/1522 2139/3546/2139
f 1522/3510/1522 1523/3509/1523 2139/3546/2139
f 2139/3546/2139 1523/3509/1523 2140/3547/2140
f 1523/3509/1523 1524/3505/1524 2140/3547/2140
f 2140/3547/2140 1524/3505/1524 2141/3550/2141
f 1524/3505/1524 1525/3504/1525 2141/3550/2141
f 2141/3550/2141 1525/3504/1525 2142/3551/2142
f 1525/3502/1525 1526/3501/1526 2142/3552/2142
f 2142/3551/2142 1526/3553/1526 1527/3227/1527
f 1526/2171/1526 1502/2170/1502 1527/3554/1527
f 1/1/1 2/3555/2 12/2/12
f 2/4/2 3/7/3 13/5/13
f 3/7/3 4/3556/4 14/8/14
f 5/9/5 15/13/15 14/10/14
f 6/12/6 16/15/16 15/13/15
f 7/14/7 17/32/17 16/15/16
f 8/16/8 18/20/18 17/17/17
f 9/19/9 19/22/19 18/20/18
f 9/19/9 10/3557/10 20/21/20
f 10/23/10 1/1/1 11/3/11
f 11/3/11 12/2/12 22/25/22
f 12/2/12 13/3558/13 23/27/23
f 13/5/13 14/8/14 24/28/24
f 15/13/15 25/31/25 24/30/24
f 16/15/16 26/33/26 25/31/25
f 17/32/17 27/45/27 26/33/26
f 18/20/18 28/35/28 27/34/27
f 19/22/19 29/36/29 28/35/28
f 20/21/20 30/3559/30 29/36/29
f 20/24/20 11/3/11 21/26/21
f 21/26/21 22/25/22 32/38/32
f 22/25/22 23/27/23 33/40/33
f 23/29/23 24/28/24 34/41/34
f 25/31/25 35/44/35 34/43/34
f 26/33/26 36/46/36 35/44/35
f 27/45/27 37/60/37 36/46/36
f 28/35/28 38/48/38 37/47/37
f 29/36/29 39/50/39 38/48/38
f 29/36/29 30/3559/30 40/49/40
f 30/37/30 21/26/21 31/39/31
f 31/39/31 32/38/32 42/52/42
f 32/54/32 33/42/33 43/55/43
f 33/42/33 34/41/34 44/57/44
f 35/44/35 45/59/45 44/58/44
f 36/46/36 46/61/46 45/59/45
f 37/60/37 47/72/47 46/61/46
f 38/48/38 48/63/48 47/62/47
f 39/50/39 49/64/49 48/63/48
f 40/49/40 50/76/50 49/64/49
f 40/51/40 31/39/31 41/53/41
f 42/52/42 52/3560/52 51/66/51
f 43/55/43 53/68/53 52/67/52
f 44/57/44 54/70/54 53/68/53
f 45/69/45 55/83/55 54/70/54
f 46/61/46 56/73/56 55/71/55
f 47/72/47 57/86/57 56/73/56
f 48/63/48 58/75/58 57/74/57
f 49/64/49 59/77/59 58/75/58
f 50/76/50 60/90/60 59/77/59
f 41/53/41 51/66/51 60/78/60
f 51/66/51 52/3560/52 62/79/62
f 52/67/52 53/68/53 63/81/63
f 54/70/54 64/84/64 63/81/63
f 55/83/55 65/98/65 64/84/64
f 56/73/56 66/87/66 65/85/65
f 57/86/57 67/100/67 66/87/66
f 58/75/58 68/89/68 67/88/67
f 59/77/59 69/91/69 68/89/68
f 60/90/60 70/104/70 69/91/69
f 51/66/51 61/80/61 70/92/70
f 61/80/61 62/79/62 72/93/72
f 62/82/62 63/81/63 73/95/73
f 63/81/63 64/84/64 74/97/74
f 65/98/65 75/112/75 74/97/74
f 66/87/66 76/101/76 75/99/75
f 67/100/67 77/114/77 76/101/76
f 68/89/68 78/103/78 77/102/77
f 69/91/69 79/105/79 78/103/78
f 70/104/70 80/118/80 79/105/79
f 70/92/70 61/80/61 71/94/71
f 71/94/71 72/93/72 82/107/82
f 72/96/72 73/95/73 83/109/83
f 73/95/73 74/97/74 84/111/84
f 75/112/75 85/125/85 84/111/84
f 76/101/76 86/115/86 85/113/85
f 77/114/77 87/128/87 86/115/86
f 78/103/78 88/117/88 87/116/87
f 79/105/79 89/119/89 88/117/88
f 80/118/80 90/132/90 89/119/89
f 80/106/80 71/94/71 81/108/81
f 81/108/81 82/107/82 92/121/92
f 82/110/82 83/109/83 93/123/93
f 84/111/84 94/126/94 93/123/93
f 85/125/85 95/139/95 94/126/94
f 86/115/86 96/129/96 95/127/95
f 87/128/87 97/142/97 96/129/96
f 88/117/88 98/131/98 97/130/97
f 89/119/89 99/133/99 98/131/98
f 90/132/90 100/146/100 99/133/99
f 90/120/90 81/108/81 91/122/91
f 92/121/92 102/137/102 101/135/101
f 93/136/93 103/3561/103 102/137/102
f 94/126/94 104/140/104 103/138/103
f 95/139/95 105/154/105 104/140/104
f 96/129/96 106/143/106 105/141/105
f 97/142/97 107/157/107 106/143/106
f 98/131/98 108/145/108 107/144/107
f 99/133/99 109/147/109 108/145/108
f 100/146/100 110/161/110 109/147/109
f 91/122/91 101/135/101 110/148/110
f 101/135/101 102/137/102 112/149/112
f 102/151/102 103/138/103 113/152/113
f 104/140/104 114/155/114 113/152/113
f 105/154/105 115/168/115 114/155/114
f 106/143/106 116/158/116 115/156/115
f 107/157/107 117/171/117 116/158/116
f 108/145/108 118/160/118 117/159/117
f 109/147/109 119/162/119 118/160/118
f 110/161/110 120/175/120 119/162/119
f 110/148/110 101/135/101 111/150/111
f 111/150/111 112/149/112 122/164/122
f 112/153/112 113/152/113 123/166/123
f 114/155/114 124/169/124 123/166/123
f 115/168/115 125/182/125 124/169/124
f 116/158/116 126/172/126 125/170/125
f 117/171/117 127/185/127 126/172/126
f 118/160/118 128/174/128 127/173/127
f 119/162/119 129/176/129 128/174/128
f 120/175/120 130/3562/130 129/176/129
f 120/163/120 111/150/111 121/165/121
f 121/165/121 122/164/122 132/178/132
f 122/167/122 123/166/123 133/180/133
f 124/169/124 134/183/134 133/180/133
f 125/182/125 135/197/135 134/183/134
f 126/172/126 136/186/136 135/184/135
f 127/185/127 137/200/137 136/186/136
f 128/174/128 138/188/138 137/187/137
f 129/176/129 139/203/139 138/188/138
f 130/189/130 140/3563/140 139/190/139
f 130/177/130 121/165/121 131/179/131
f 131/179/131 132/178/132 142/193/142
f 132/178/132 133/3564/133 143/195/143
f 134/183/134 144/198/144 143/196/143
f 135/197/135 145/211/145 144/198/144
f 136/186/136 146/201/146 145/199/145
f 137/200/137 147/214/147 146/201/146
f 138/188/138 148/204/148 147/202/147
f 139/203/139 149/206/149 148/204/148
f 140/205/140 150/218/150 149/206/149
f 140/192/140 131/179/131 141/194/141
f 141/194/141 142/193/142 152/208/152
f 143/195/143 153/3565/153 152/208/152
f 144/198/144 154/212/154 153/210/153
f 145/211/145 155/225/155 154/212/154
f 146/201/146 156/215/156 155/213/155
f 147/214/147 157/228/157 156/215/156
f 148/204/148 158/217/158 157/216/157
f 149/206/149 159/219/159 158/217/158
f 150/218/150 160/3566/160 159/219/159
f 141/194/141 151/209/151 160/220/160
f 151/209/151 152/208/152 162/221/162
f 152/208/152 153/3565/153 163/223/163
f 154/212/154 164/226/164 163/224/163
f 155/225/155 165/241/165 164/226/164
f 156/215/156 166/229/166 165/227/165
f 157/228/157 167/244/167 166/229/166
f 158/217/158 168/231/168 167/230/167
f 159/219/159 169/247/169 168/231/168
f 160/232/160 170/249/170 169/233/169
f 160/220/160 151/209/151 161/222/161
f 161/222/161 162/221/162 172/236/172
f 162/238/162 163/224/163 173/239/173
f 164/226/164 174/242/174 173/239/173
f 165/241/165 175/256/175 174/242/174
f 166/229/166 176/245/176 175/243/175
f 167/244/167 177/259/177 176/245/176
f 168/231/168 178/248/178 177/246/177
f 169/247/169 179/3567/179 178/248/178
f 170/249/170 180/264/180 179/250/179
f 170/235/170 161/222/161 171/237/171
f 171/237/171 172/236/172 182/252/182
f 172/236/172 173/3568/173 183/254/183
f 174/242/174 184/257/184 183/255/183
f 175/256/175 185/3569/185 184/257/184
f 176/245/176 186/260/186 185/258/185
f 177/259/177 187/275/187 186/260/186
f 178/248/178 188/277/188 187/261/187
f 179/250/179 189/265/189 188/262/188
f 180/264/180 190/280/190 189/265/189
f 180/251/180 171/237/171 181/253/181
f 181/253/181 182/252/182 192/267/192
f 182/252/182 183/254/183 193/269/193
f 184/257/184 194/286/194 193/270/193
f 185/271/185 195/288/195 194/272/194
f 186/260/186 196/276/196 195/274/195
f 187/275/187 197/291/197 196/276/196
f 188/277/188 198/293/198 197/278/197
f 189/265/189 199/281/199 198/279/198
f 190/280/190 200/296/200 199/281/199
f 190/266/190 181/253/181 191/268/191
f 191/268/191 192/267/192 202/283/202
f 192/267/192 193/269/193 203/285/203
f 194/286/194 204/302/204 203/287/203
f 195/288/195 205/304/205 204/289/204
f 196/276/196 206/292/206 205/290/205
f 197/291/197 207/307/207 206/292/206
f 198/293/198 208/309/208 207/294/207
f 199/281/199 209/297/209 208/295/208
f 200/296/200 210/312/210 209/297/209
f 200/282/200 191/268/191 201/284/201
f 201/284/201 202/283/202 212/299/212
f 202/283/202 203/285/203 213/301/213
f 204/302/204 214/3570/214 213/303/213
f 205/304/205 215/320/215 214/305/214
f 206/292/206 216/308/216 215/306/215
f 207/307/207 217/323/217 216/308/216
f 208/309/208 218/325/218 217/310/217
f 209/297/209 219/313/219 218/311/218
f 210/312/210 220/328/220 219/313/219
f 210/298/210 201/284/201 211/300/211
f 211/300/211 212/299/212 222/315/222
f 212/299/212 213/301/213 223/317/223
f 214/305/214 224/321/224 223/318/223
f 215/320/215 225/335/225 224/321/224
f 216/308/216 226/324/226 225/322/225
f 217/323/217 227/338/227 226/324/226
f 218/325/218 228/3571/228 227/326/227
f 219/313/219 229/329/229 228/327/228
f 220/328/220 230/343/230 229/329/229
f 220/314/220 211/300/211 221/316/221
f 221/316/221 222/315/222 232/331/232
f 222/315/222 223/317/223 233/333/233
f 224/321/224 234/336/234 233/334/233
f 225/335/225 235/3572/235 234/336/234
f 226/324/226 236/339/236 235/337/235
f 227/338/227 237/341/237 236/339/236
f 228/340/228 238/3573/238 237/341/237
f 229/329/229 239/344/239 238/342/238
f 230/343/230 240/357/240 239/344/239
f 230/330/230 221/316/221 231/332/231
f 232/331/232 242/347/242 241/346/241
f 233/333/233 243/3574/243 242/347/242
f 234/336/234 244/350/244 243/348/243
f 234/336/234 235/3572/235 245/349/245
f 235/337/235 236/339/236 246/351/246
f 236/339/236 237/341/237 247/353/247
f 237/341/237 238/3573/238 248/354/248
f 238/342/238 239/344/239 249/355/249
f 240/357/240 250/3575/250 249/355/249
f 231/332/231 241/346/241 250/358/250
f 1/361/1 10/3576/10 9/3577/9
f 9/3577/9 8/3578/8 7/359/7
f 7/359/7 6/3579/6 5/3580/5
f 5/3580/5 4/3581/4 3/360/3
f 3/360/3 2/3582/2 1/361/1
f 1/361/1 9/3577/9 7/359/7
f 7/359/7 5/3580/5 3/360/3
f 250/364/250 241/3583/241 242/3584/242
f 242/3584/242 243/3585/243 244/362/244
f 244/362/244 245/3586/245 246/3587/246
f 246/3587/246 247/3588/247 248/363/248
f 248/363/248 249/3589/249 250/364/250
f 250/364/250 242/3584/242 244/362/244
f 244/362/244 246/3587/246 248/363/248
f 251/365/251 252/368/252 262/366/262
f 252/368/252 253/3590/253 263/369/263
f 253/370/253 254/373/254 264/371/264
f 254/373/254 255/3591/255 265/374/265
f 255/375/255 256/379/256 266/376/266
f 257/378/257 267/397/267 266/376/266
f 258/380/258 268/384/268 267/381/267
f 259/383/259 269/386/269 268/384/268
f 260/385/260 270/401/270 269/386/269
f 251/365/251 261/367/261 270/387/270
f 261/367/261 262/366/262 272/389/272
f 262/366/262 263/369/263 273/391/273
f 263/372/263 264/371/264 274/392/274
f 264/394/264 265/377/265 275/395/275
f 266/376/266 276/398/276 275/395/275
f 267/397/267 277/411/277 276/398/276
f 268/384/268 278/400/278 277/399/277
f 269/386/269 279/402/279 278/400/278
f 270/401/270 280/415/280 279/402/279
f 261/367/261 271/390/271 280/403/280
f 271/390/271 272/389/272 282/404/282
f 272/389/272 273/391/273 283/406/283
f 273/393/273 274/392/274 284/407/284
f 274/396/274 275/395/275 285/409/285
f 276/398/276 286/412/286 285/409/285
f 277/411/277 287/425/287 286/412/286
f 278/400/278 288/414/288 287/413/287
f 279/402/279 289/416/289 288/414/288
f 280/415/280 290/429/290 289/416/289
f 271/390/271 281/405/281 290/417/290
f 281/405/281 282/404/282 292/418/292
f 282/404/282 283/406/283 293/420/293
f 283/408/283 284/407/284 294/421/294
f 284/407/284 285/3592/285 295/423/295
f 286/412/286 296/426/296 295/424/295
f 287/425/287 297/438/297 296/426/296
f 288/414/288 298/428/298 297/427/297
f 289/416/289 299/430/299 298/428/298
f 290/429/290 300/442/300 299/430/299
f 281/405/281 291/419/291 300/431/300
f 292/418/292 302/434/302 301/432/301
f 292/418/292 293/420/293 303/433/303
f 293/422/293 294/421/294 304/435/304
f 295/423/295 305/3593/305 304/435/304
f 296/426/296 306/439/306 305/437/305
f 297/438/297 307/452/307 306/439/306
f 298/428/298 308/441/308 307/440/307
f 299/430/299 309/443/309 308/441/308
f 300/442/300 310/456/310 309/443/309
f 291/419/291 301/432/301 310/444/310
f 302/434/302 312/447/312 311/445/311
f 302/434/302 303/433/303 313/446/313
f 303/436/303 304/435/304 314/448/314
f 304/435/304 305/3593/305 315/450/315
f 306/439/306 316/453/316 315/451/315
f 307/452/307 317/466/317 316/453/316
f 308/441/308 318/455/318 317/454/317
f 309/443/309 319/457/319 318/455/318
f 310/456/310 320/470/320 319/457/319
f 301/432/301 311/445/311 320/458/320
f 311/445/311 312/447/312 322/459/322
f 312/447/312 313/446/313 323/461/323
f 313/449/313 314/448/314 324/462/324
f 314/448/314 315/450/315 325/464/325
f 316/453/316 326/467/326 325/465/325
f 317/466/317 327/481/327 326/467/326
f 318/455/318 328/469/328 327/468/327
f 319/457/319 329/471/329 328/469/328
f 320/470/320 330/485/330 329/471/329
f 311/445/311 321/460/321 330/472/330
f 321/460/321 322/459/322 332/473/332
f 322/475/322 323/463/323 333/476/333
f 323/463/323 324/462/324 334/478/334
f 324/462/324 325/464/325 335/479/335
f 326/467/326 336/482/336 335/480/335
f 327/481/327 337/495/337 336/482/336
f 328/469/328 338/484/338 337/483/337
f 329/471/329 339/486/339 338/484/338
f 330/485/330 340/499/340 339/486/339
f 321/460/321 331/474/331 340/487/340
f 331/474/331 332/473/332 342/488/342
f 332/473/332 333/3594/333 343/490/343
f 333/476/333 334/478/334 344/491/344
f 334/478/334 335/479/335 345/493/345
f 336/482/336 346/496/346 345/494/345
f 337/495/337 347/508/347 346/496/346
f 338/484/338 348/498/348 347/497/347
f 339/486/339 349/500/349 348/498/348
f 340/499/340 350/512/350 349/500/349
f 331/474/331 341/489/341 350/501/350
f 342/488/342 352/504/352 351/502/351
f 342/488/342 343/490/343 353/503/353
f 343/492/343 344/491/344 354/505/354
f 345/493/345 355/3595/355 354/505/354
f 346/496/346 356/509/356 355/507/355
f 347/508/347 357/523/357 356/509/356
f 348/498/348 358/511/358 357/510/357
f 349/500/349 359/513/359 358/511/358
f 350/512/350 360/527/360 359/513/359
f 341/489/341 351/502/351 360/514/360
f 351/502/351 352/504/352 362/515/362
f 352/517/352 353/506/353 363/518/363
f 353/506/353 354/505/354 364/520/364
f 354/505/354 355/3595/355 365/521/365
f 356/509/356 366/524/366 365/522/365
f 357/523/357 367/540/367 366/524/366
f 358/511/358 368/526/368 367/525/367
f 359/513/359 369/528/369 368/526/368
f 360/527/360 370/544/370 369/528/369
f 351/529/351 361/532/361 370/530/370
f 361/532/361 362/3596/362 372/533/372
f 362/519/362 363/518/363 373/535/373
f 363/518/363 364/520/364 374/537/374
f 364/520/364 365/521/365 375/538/375
f 366/524/366 376/541/376 375/539/375
f 367/540/367 377/3597/377 376/541/376
f 368/526/368 378/543/378 377/542/377
f 369/528/369 379/545/379 378/543/378
f 370/544/370 380/559/380 379/545/379
f 361/532/361 371/534/371 380/546/380
f 371/534/371 372/533/372 382/547/382
f 372/536/372 373/535/373 383/549/383
f 373/535/373 374/537/374 384/551/384
f 374/537/374 375/538/375 385/552/385
f 376/541/376 386/3598/386 385/553/385
f 377/554/377 387/570/387 386/555/386
f 378/543/378 388/558/388 387/557/387
f 379/545/379 389/560/389 388/558/388
f 380/559/380 390/574/390 389/560/389
f 371/534/371 381/548/381 390/561/390
f 381/548/381 382/547/382 392/562/392
f 382/550/382 383/549/383 393/564/393
f 383/549/383 384/551/384 394/566/394
f 384/551/384 385/552/385 395/567/395
f 386/555/386 396/571/396 395/568/395
f 387/570/387 397/583/397 396/571/396
f 388/558/388 398/573/398 397/572/397
f 389/560/389 399/575/399 398/573/398
f 390/574/390 400/587/400 399/575/399
f 381/548/381 391/563/391 400/576/400
f 392/562/392 402/3599/402 401/577/401
f 392/565/392 393/564/393 403/578/403
f 393/564/393 394/566/394 404/580/404
f 394/566/394 395/567/395 405/581/405
f 396/571/396 406/584/406 405/582/405
f 397/583/397 407/597/407 406/584/406
f 398/573/398 408/586/408 407/585/407
f 399/575/399 409/588/409 408/586/408
f 400/587/400 410/601/410 409/588/409
f 391/563/391 401/577/401 410/589/410
f 401/577/401 402/3599/402 412/590/412
f 402/579/402 403/578/403 413/592/413
f 403/578/403 404/580/404 414/594/414
f 404/580/404 405/581/405 415/595/415
f 406/584/406 416/598/416 415/596/415
f 407/597/407 417/611/417 416/598/416
f 408/586/408 418/600/418 417/599/417
f 409/588/409 419/602/419 418/600/418
f 410/601/410 420/615/420 419/602/419
f 401/577/401 411/591/411 420/603/420
f 411/591/411 412/590/412 422/604/422
f 412/593/412 413/592/413 423/606/423
f 413/592/413 414/594/414 424/608/424
f 414/594/414 415/595/415 425/609/425
f 416/598/416 426/612/426 425/610/425
f 417/611/417 427/625/427 426/612/426
f 418/600/418 428/614/428 427/613/427
f 419/602/419 429/616/429 428/614/428
f 420/615/420 430/629/430 429/616/429
f 411/591/411 421/605/421 430/617/430
f 421/605/421 422/604/422 432/618/432
f 422/607/422 423/606/423 433/620/433
f 423/606/423 424/608/424 434/622/434
f 424/608/424 425/609/425 435/623/435
f 426/612/426 436/626/436 435/624/435
f 427/625/427 437/639/437 436/626/436
f 428/614/428 438/628/438 437/627/437
f 429/616/429 439/630/439 438/628/438
f 430/629/430 440/643/440 439/630/439
f 421/605/421 431/619/431 440/631/440
f 431/619/431 432/618/432 442/632/442
f 432/621/432 433/620/433 443/634/443
f 433/620/433 434/622/434 444/636/444
f 434/622/434 435/623/435 445/637/445
f 436/626/436 446/640/446 445/638/445
f 437/639/437 447/653/447 446/640/446
f 438/628/438 448/642/448 447/641/447
f 439/630/439 449/644/449 448/642/448
f 440/643/440 450/657/450 449/644/449
f 431/619/431 441/633/441 450/645/450
f 441/633/441 442/632/442 452/646/452
f 442/635/442 443/634/443 453/648/453
f 443/634/443 444/636/444 454/650/454
f 444/636/444 445/637/445 455/651/455
f 446/640/446 456/654/456 455/652/455
f 447/653/447 457/667/457 456/654/456
f 448/642/448 458/656/458 457/655/457
f 449/644/449 459/658/459 458/656/458
f 450/657/450 460/671/460 459/658/459
f 441/633/441 451/647/451 460/659/460
f 451/647/451 452/646/452 462/660/462
f 452/649/452 453/648/453 463/662/463
f 453/648/453 454/650/454 464/664/464
f 454/650/454 455/651/455 465/665/465
f 456/654/456 466/668/466 465/666/465
f 457/667/457 467/681/467 466/668/466
f 458/656/458 468/670/468 467/669/467
f 459/658/459 469/672/469 468/670/468
f 460/671/460 470/685/470 469/672/469
f 451/647/451 461/661/461 470/673/470
f 461/661/461 462/660/462 472/674/472
f 462/663/462 463/662/463 473/676/473
f 463/662/463 464/664/464 474/678/474
f 464/664/464 465/665/465 475/679/475
f 466/668/466 476/682/476 475/680/475
f 467/681/467 477/695/477 476/682/476
f 468/670/468 478/684/478 477/683/477
f 469/672/469 479/686/479 478/684/478
f 470/685/470 480/699/480 479/686/479
f 461/661/461 471/675/471 480/687/480
f 471/675/471 472/674/472 482/688/482
f 472/677/472 473/676/473 483/690/483
f 473/676/473 474/678/474 484/692/484
f 474/678/474 475/679/475 485/693/485
f 476/682/476 486/696/486 485/694/485
f 477/695/477 487/3600/487 486/696/486
f 478/684/478 488/698/488 487/697/487
f 479/686/479 489/700/489 488/698/488
f 480/699/480 490/3601/490 489/700/489
f 471/675/471 481/689/481 490/701/490
f 482/688/482 492/3602/492 491/702/491
f 483/690/483 493/704/493 492/703/492
f 484/692/484 494/705/494 493/704/493
f 485/693/485 495/3603/495 494/705/494
f 486/696/486 496/708/496 495/706/495
f 486/696/486 487/3600/487 497/707/497
f 487/697/487 488/698/488 498/709/498
f 488/698/488 489/700/489 499/711/499
f 489/700/489 490/3601/490 500/712/500
f 490/701/490 481/689/481 491/702/491
f 251/716/251 260/3604/260 259/3605/259
f 259/3605/259 258/3606/258 257/714/257
f 257/714/257 256/3607/256 255/3608/255
f 255/3608/255 254/3609/254 253/715/253
f 253/715/253 252/3610/252 251/716/251
f 251/716/251 259/3605/259 257/714/257
f 257/714/257 255/3608/255 253/715/253
f 500/719/500 491/3611/491 492/3612/492
f 492/3612/492 493/3613/493 494/717/494
f 494/717/494 495/3614/495 496/3615/496
f 496/3615/496 497/3616/497 498/718/498
f 498/718/498 499/3617/499 500/719/500
f 500/719/500 492/3612/492 494/717/494
f 494/717/494 496/3615/496 498/718/498
f 502/720/502 512/724/512 511/721/511
f 502/720/502 503/3618/503 513/723/513
f 503/725/503 504/3619/504 514/726/514
f 504/728/504 505/731/505 515/729/515
f 505/731/505 506/733/506 516/732/516
f 506/733/506 507/3620/507 517/734/517
f 507/735/507 508/739/508 518/736/518
f 509/738/509 519/741/519 518/736/518
f 510/740/510 520/755/520 519/741/519
f 501/722/501 511/721/511 520/742/520
f 512/724/512 522/746/522 521/744/521
f 512/724/512 513/723/513 523/745/523
f 513/727/513 514/726/514 524/747/524
f 514/730/514 515/729/515 525/749/525
f 515/729/515 516/732/516 526/751/526
f 516/732/516 517/734/517 527/752/527
f 517/737/517 518/736/518 528/753/528
f 519/741/519 529/756/529 528/753/528
f 520/755/520 530/769/530 529/756/529
f 511/721/511 521/744/521 530/757/530
f 522/746/522 532/760/532 531/758/531
f 522/746/522 523/745/523 533/759/533
f 523/748/523 524/747/524 534/761/534
f 524/750/524 525/749/525 535/763/535
f 525/749/525 526/751/526 536/765/536
f 526/751/526 527/752/527 537/766/537
f 527/754/527 528/753/528 538/767/538
f 529/756/529 539/770/539 538/767/538
f 530/769/530 540/783/540 539/770/539
f 521/744/521 531/758/531 540/771/540
f 532/760/532 542/774/542 541/772/541
f 532/760/532 533/759/533 543/773/543
f 533/762/533 534/761/534 544/775/544
f 534/764/534 535/763/535 545/777/545
f 535/763/535 536/765/536 546/779/546
f 536/765/536 537/766/537 547/780/547
f 537/768/537 538/767/538 548/781/548
f 539/770/539 549/784/549 548/781/548
f 540/783/540 550/3621/550 549/784/549
f 531/758/531 541/772/541 550/785/550
f 541/772/541 542/774/542 552/786/552
f 542/774/542 543/773/543 553/788/553
f 543/776/543 544/775/544 554/789/554
f 544/778/544 545/777/545 555/791/555
f 545/777/545 546/779/546 556/793/556
f 546/779/546 547/780/547 557/794/557
f 547/782/547 548/781/548 558/795/558
f 548/781/548 549/784/549 559/797/559
f 549/784/549 550/3621/550 560/798/560
f 550/785/550 541/772/541 551/787/551
f 551/787/551 552/786/552 562/800/562
f 552/786/552 553/788/553 563/802/563
f 553/790/553 554/789/554 564/803/564
f 554/792/554 555/791/555 565/805/565
f 555/791/555 556/793/556 566/807/566
f 556/793/556 557/794/557 567/808/567
f 557/796/557 558/795/558 568/809/568
f 558/795/558 559/797/559 569/811/569
f 560/798/560 570/824/570 569/811/569
f 551/787/551 561/801/561 570/812/570
f 562/800/562 572/815/572 571/813/571
f 562/800/562 563/802/563 573/814/573
f 563/804/563 564/803/564 574/816/574
f 564/806/564 565/805/565 575/818/575
f 565/805/565 566/807/566 576/820/576
f 566/807/566 567/808/567 577/821/577
f 567/810/567 568/809/568 578/822/578
f 569/811/569 579/825/579 578/822/578
f 570/824/570 580/838/580 579/825/579
f 561/801/561 571/813/571 580/826/580
f 572/815/572 582/829/582 581/827/581
f 572/815/572 573/814/573 583/828/583
f 573/817/573 574/816/574 584/830/584
f 574/819/574 575/818/575 585/832/585
f 575/818/575 576/820/576 586/834/586
f 576/820/576 577/821/577 587/835/587
f 577/823/577 578/822/578 588/836/588
f 579/825/579 589/839/589 588/836/588
f 580/838/580 590/852/590 589/839/589
f 571/813/571 581/827/581 590/840/590
f 582/829/582 592/843/592 591/841/591
f 582/829/582 583/828/583 593/842/593
f 583/831/583 584/830/584 594/844/594
f 584/833/584 585/832/585 595/846/595
f 585/832/585 586/834/586 596/848/596
f 586/834/586 587/835/587 597/849/597
f 587/837/587 588/836/588 598/850/598
f 589/839/589 599/853/599 598/850/598
f 590/852/590 600/3622/600 599/853/599
f 581/827/581 591/841/591 600/854/600
f 591/841/591 592/843/592 602/855/602
f 592/843/592 593/842/593 603/857/603
f 593/845/593 594/844/594 604/858/604
f 594/847/594 595/846/595 605/860/605
f 595/846/595 596/848/596 606/862/606
f 596/848/596 597/849/597 607/863/607
f 597/851/597 598/850/598 608/864/608
f 598/850/598 599/853/599 609/866/609
f 599/853/599 600/3622/600 610/867/610
f 600/854/600 591/841/591 601/856/601
f 601/856/601 602/855/602 612/869/612
f 602/855/602 603/857/603 613/871/613
f 603/859/603 604/858/604 614/872/614
f 604/861/604 605/860/605 615/874/615
f 605/860/605 606/862/606 616/876/616
f 606/862/606 607/863/607 617/877/617
f 607/865/607 608/864/608 618/878/618
f 608/864/608 609/866/609 619/880/619
f 610/867/610 620/894/620 619/880/619
f 601/856/601 611/870/611 620/881/620
f 612/869/612 622/897/622 621/882/621
f 612/883/612 613/886/613 623/884/623
f 613/886/613 614/3623/614 624/887/624
f 614/875/614 615/874/615 625/888/625
f 615/874/615 616/876/616 626/890/626
f 616/876/616 617/877/617 627/891/627
f 617/879/617 618/878/618 628/892/628
f 619/880/619 629/895/629 628/892/628
f 620/894/620 630/908/630 629/895/629
f 611/870/611 621/882/621 630/896/630
f 622/897/622 632/911/632 631/898/631
f 622/885/622 623/884/623 633/899/633
f 623/884/623 624/887/624 634/901/634
f 624/889/624 625/888/625 635/902/635
f 625/888/625 626/890/626 636/904/636
f 626/890/626 627/891/627 637/905/637
f 627/893/627 628/892/628 638/906/638
f 629/895/629 639/909/639 638/906/638
f 630/908/630 640/925/640 639/909/639
f 621/882/621 631/898/631 640/910/640
f 632/911/632 642/3624/642 641/912/641
f 632/900/632 633/899/633 643/913/643
f 633/899/633 634/901/634 644/915/644
f 634/903/634 635/902/635 645/916/645
f 635/902/635 636/904/636 646/918/646
f 636/904/636 637/905/637 647/919/647
f 637/920/637 638/3625/638 648/921/648
f 638/906/638 639/909/639 649/923/649
f 640/925/640 650/940/650 649/923/649
f 631/898/631 641/912/641 650/926/650
f 641/912/641 642/3624/642 652/927/652
f 642/914/642 643/913/643 653/929/653
f 643/913/643 644/915/644 654/931/654
f 644/917/644 645/916/645 655/932/655
f 645/916/645 646/918/646 656/934/656
f 646/918/646 647/919/647 657/935/657
f 647/922/647 648/921/648 658/936/658
f 648/924/648 649/923/649 659/938/659
f 650/940/650 660/954/660 659/938/659
f 641/912/641 651/928/651 660/941/660
f 652/927/652 662/956/662 661/942/661
f 652/930/652 653/929/653 663/943/663
f 653/929/653 654/931/654 664/945/664
f 654/933/654 655/932/655 665/946/665
f 655/932/655 656/934/656 666/948/666
f 656/934/656 657/935/657 667/949/667
f 657/937/657 658/936/658 668/950/668
f 658/939/658 659/938/659 669/952/669
f 660/954/660 670/968/670 669/952/669
f 651/928/651 661/942/661 670/955/670
f 662/956/662 672/971/672 671/957/671
f 662/944/662 663/943/663 673/958/673
f 663/943/663 664/945/664 674/960/674
f 664/947/664 665/946/665 675/961/675
f 665/946/665 666/948/666 676/963/676
f 666/948/666 667/949/667 677/964/677
f 667/951/667 668/950/668 678/965/678
f 669/952/669 679/969/679 678/967/678
f 670/968/670 680/983/680 679/969/679
f 661/942/661 671/957/671 680/970/680
f 672/971/672 682/986/682 681/972/681
f 672/959/672 673/958/673 683/973/683
f 673/958/673 674/960/674 684/975/684
f 674/962/674 675/961/675 685/976/685
f 675/961/675 676/963/676 686/978/686
f 676/963/676 677/964/677 687/979/687
f 677/966/677 678/965/678 688/980/688
f 679/969/679 689/984/689 688/982/688
f 680/983/680 690/998/690 689/984/689
f 671/957/671 681/972/681 690/985/690
f 682/986/682 692/1001/692 691/987/691
f 682/974/682 683/973/683 693/988/693
f 683/973/683 684/975/684 694/990/694
f 684/977/684 685/976/685 695/991/695
f 685/976/685 686/978/686 696/993/696
f 686/978/686 687/979/687 697/994/697
f 687/981/687 688/980/688 698/995/698
f 688/980/688 689/3626/689 699/997/699
f 690/998/690 700/1013/700 699/999/699
f 681/972/681 691/987/691 700/1000/700
f 692/1001/692 702/1016/702 701/1002/701
f 692/989/692 693/988/693 703/1003/703
f 693/988/693 694/990/694 704/1005/704
f 694/992/694 695/991/695 705/1006/705
f 695/991/695 696/993/696 706/1008/706
f 696/993/696 697/994/697 707/1009/707
f 697/996/697 698/995/698 708/1010/708
f 698/995/698 699/997/699 709/1012/709
f 700/1013/700 710/1027/710 709/1014/709
f 691/987/691 701/1002/701 710/1015/710
f 702/1016/702 712/1030/712 711/1017/711
f 702/1004/702 703/1003/703 713/1018/713
f 703/1003/703 704/1005/704 714/1020/714
f 704/1007/704 705/1006/705 715/1021/715
f 705/1006/705 706/1008/706 716/1023/716
f 706/1008/706 707/1009/707 717/1024/717
f 707/1011/707 708/1010/708 718/1025/718
f 709/1012/709 719/1041/719 718/1025/718
f 710/1027/710 720/1042/720 719/1028/719
f 701/1002/701 711/1017/711 720/1029/720
f 712/1030/712 722/1045/722 721/1031/721
f 712/1019/712 713/1018/713 723/1032/723
f 713/1018/713 714/1020/714 724/1034/724
f 714/1022/714 715/1021/715 725/1035/725
f 715/1021/715 716/1023/716 726/1037/726
f 716/1023/716 717/1024/717 727/1038/727
f 717/1026/717 718/1025/718 728/1039/728
f 719/1041/719 729/1056/729 728/1039/728
f 720/1042/720 730/1057/730 729/1043/729
f 711/1017/711 721/1031/721 730/1044/730
f 722/1045/722 732/3627/732 731/1046/731
f 722/1033/722 723/1032/723 733/1047/733
f 723/1032/723 724/1034/724 734/1049/734
f 724/1036/724 725/1035/725 735/1050/735
f 725/1035/725 726/1037/726 736/1052/736
f 726/1037/726 727/1038/727 737/1053/737
f 727/1040/727 728/1039/728 738/1054/738
f 729/1056/729 739/3628/739 738/1054/738
f 730/1057/730 740/3629/740 739/1058/739
f 721/1031/721 731/1046/731 740/1059/740
f 731/1060/731 732/1048/732 742/1061/742
f 732/1048/732 733/1047/733 743/1063/743
f 734/1049/734 744/3630/744 743/1063/743
f 735/1050/735 745/1065/745 744/1064/744
f 736/1052/736 746/1066/746 745/1065/745
f 737/1053/737 747/3631/747 746/1066/746
f 738/1054/738 748/1069/748 747/1067/747
f 738/1054/738 739/3628/739 749/1068/749
f 739/1058/739 740/3629/740 750/1070/750
f 740/1059/740 731/1046/731 741/1072/741
f 501/1076/501 510/3632/510 509/3633/509
f 509/3633/509 508/3634/508 507/1074/507
f 507/1074/507 506/3635/506 505/3636/505
f 505/3636/505 504/3637/504 503/1075/503
f 503/1075/503 502/3638/502 501/1076/501
f 501/1076/501 509/3633/509 507/1074/507
f 507/1074/507 505/3636/505 503/1075/503
f 750/1070/750 741/3639/741 742/3640/742
f 742/3640/742 743/3641/743 744/1077/744
f 744/1077/744 745/3642/745 746/3643/746
f 746/3643/746 747/3644/747 748/1078/748
f 748/1078/748 749/1071/749 750/1070/750
f 750/1070/750 742/3640/742 744/1077/744
f 744/1077/744 746/3643/746 748/1078/748
f 752/1079/752 762/1083/762 761/1080/761
f 753/1082/753 763/1104/763 762/1083/762
f 754/1084/754 764/1106/764 763/1085/763
f 754/1087/754 755/1090/755 765/1088/765
f 755/1090/755 756/1092/756 766/1091/766
f 756/1092/756 757/3645/757 767/1093/767
f 757/1094/757 758/1097/758 768/1095/768
f 758/1097/758 759/1100/759 769/1098/769
f 760/1099/760 770/1115/770 769/1098/769
f 751/1081/751 761/1080/761 770/1101/770
f 762/1083/762 772/1105/772 771/1103/771
f 763/1104/763 773/1118/773 772/1105/772
f 764/1106/764 774/1120/774 773/1107/773
f 764/1089/764 765/1088/765 775/1108/775
f 765/1088/765 766/1091/766 776/1110/776
f 766/1091/766 767/1093/767 777/1111/777
f 767/1096/767 768/1095/768 778/1112/778
f 768/1095/768 769/1098/769 779/1114/779
f 770/1115/770 780/1129/780 779/1114/779
f 761/1080/761 771/1103/771 780/1116/780
f 772/1105/772 782/1119/782 781/1117/781
f 773/1118/773 783/1132/783 782/1119/782
f 774/1120/774 784/1134/784 783/1121/783
f 774/1109/774 775/1108/775 785/1122/785
f 775/1108/775 776/1110/776 786/1124/786
f 776/1110/776 777/1111/777 787/1125/787
f 777/1113/777 778/1112/778 788/1126/788
f 778/1112/778 779/1114/779 789/1128/789
f 780/1129/780 790/1143/790 789/1128/789
f 771/1103/771 781/1117/781 790/1130/790
f 782/1119/782 792/1133/792 791/1131/791
f 783/1132/783 793/1146/793 792/1133/792
f 784/1134/784 794/1148/794 793/1135/793
f 785/1122/785 795/1138/795 794/1136/794
f 785/1122/785 786/1124/786 796/1137/796
f 786/1124/786 787/1125/787 797/1139/797
f 787/1127/787 788/1126/788 798/1140/798
f 788/1126/788 789/1128/789 799/1142/799
f 790/1143/790 800/1156/800 799/1142/799
f 781/1117/781 791/1131/791 800/1144/800
f 792/1133/792 802/1147/802 801/1145/801
f 793/1146/793 803/1160/803 802/1147/802
f 794/1148/794 804/1162/804 803/1149/803
f 795/1138/795 805/1152/805 804/1150/804
f 795/1138/795 796/1137/796 806/1151/806
f 796/1137/796 797/1139/797 807/1153/807
f 797/1141/797 798/1140/798 808/1154/808
f 799/1142/799 809/1157/809 808/1154/808
f 800/1156/800 810/1170/810 809/1157/809
f 791/1131/791 801/1145/801 810/1158/810
f 802/1147/802 812/1161/812 811/1159/811
f 803/1160/803 813/1174/813 812/1161/812
f 804/1162/804 814/1176/814 813/1163/813
f 805/1152/805 815/1166/815 814/1164/814
f 805/1152/805 806/1151/806 816/1165/816
f 806/1151/806 807/1153/807 817/1167/817
f 807/1155/807 808/1154/808 818/1168/818
f 809/1157/809 819/1171/819 818/1168/818
f 810/1170/810 820/1185/820 819/1171/819
f 801/1145/801 811/1159/811 820/1172/820
f 812/1161/812 822/1175/822 821/1173/821
f 813/1174/813 823/1188/823 822/1175/822
f 814/1176/814 824/1190/824 823/1177/823
f 815/1166/815 825/1180/825 824/1178/824
f 815/1166/815 816/1165/816 826/1179/826
f 816/1165/816 817/1167/817 827/1181/827
f 817/1169/817 818/1168/818 828/1182/828
f 818/1168/818 819/1171/819 829/1184/829
f 820/1185/820 830/1199/830 829/1184/829
f 811/1159/811 821/1173/821 830/1186/830
f 822/1175/822 832/1189/832 831/1187/831
f 823/1188/823 833/1202/833 832/1189/832
f 824/1190/824 834/1204/834 833/1191/833
f 824/1178/824 825/1180/825 835/1192/835
f 825/1180/825 826/1179/826 836/1194/836
f 826/1179/826 827/1181/827 837/1195/837
f 827/1183/827 828/1182/828 838/1196/838
f 828/1182/828 829/1184/829 839/1198/839
f 830/1199/830 840/1213/840 839/1198/839
f 821/1173/821 831/1187/831 840/1200/840
f 832/1189/832 842/1203/842 841/1201/841
f 833/1202/833 843/1216/843 842/1203/842
f 834/1204/834 844/1218/844 843/1205/843
f 835/1192/835 845/1208/845 844/1206/844
f 835/1192/835 836/1194/836 846/1207/846
f 836/1194/836 837/1195/837 847/1209/847
f 837/1197/837 838/1196/838 848/1210/848
f 838/1196/838 839/1198/839 849/1212/849
f 840/1213/840 850/3646/850 849/1212/849
f 831/1187/831 841/1201/841 850/1214/850
f 842/1203/842 852/1217/852 851/1215/851
f 843/1216/843 853/1231/853 852/1217/852
f 844/1218/844 854/1233/854 853/1219/853
f 845/1208/845 855/1222/855 854/1220/854
f 845/1208/845 846/1207/846 856/1221/856
f 846/1207/846 847/1209/847 857/1223/857
f 847/1211/847 848/1210/848 858/1224/858
f 849/1212/849 859/1241/859 858/1224/858
f 850/1226/850 860/1242/860 859/1227/859
f 841/1201/841 851/1215/851 860/1229/860
f 852/1217/852 862/1232/862 861/1230/861
f 853/1231/853 863/1246/863 862/1232/862
f 854/1233/854 864/3647/864 863/1234/863
f 855/1222/855 865/1237/865 864/1235/864
f 855/1222/855 856/1221/856 866/1236/866
f 856/1221/856 857/1223/857 867/1238/867
f 857/1225/857 858/1224/858 868/1239/868
f 859/1241/859 869/1260/869 868/1239/868
f 860/1242/860 870/3648/870 869/1243/869
f 851/1215/851 861/1230/861 870/1244/870
f 862/1232/862 872/1247/872 871/1245/871
f 863/1246/863 873/1263/873 872/1247/872
f 864/1248/864 874/1252/874 873/1249/873
f 865/1251/865 875/1266/875 874/1252/874
f 865/1237/865 866/1236/866 876/1253/876
f 866/1236/866 867/1238/867 877/1255/877
f 867/1240/867 868/1239/868 878/1256/878
f 868/1239/868 869/1260/869 879/1258/879
f 870/1259/870 880/1274/880 879/1258/879
f 861/1230/861 871/1245/871 880/1261/880
f 872/1247/872 882/1264/882 881/1262/881
f 873/1263/873 883/1277/883 882/1264/882
f 874/1252/874 884/1267/884 883/1265/883
f 875/1266/875 885/1280/885 884/1267/884
f 875/1254/875 876/1253/876 886/1268/886
f 876/1253/876 877/1255/877 887/1270/887
f 877/1257/877 878/1256/878 888/1271/888
f 878/1256/878 879/1258/879 889/1273/889
f 880/1274/880 890/3649/890 889/1273/889
f 871/1245/871 881/1262/881 890/1275/890
f 882/1264/882 892/1278/892 891/1276/891
f 883/1277/883 893/1292/893 892/1278/892
f 884/1267/884 894/1281/894 893/1279/893
f 885/1280/885 895/1295/895 894/1281/894
f 885/1269/885 886/1268/886 896/1282/896
f 886/1268/886 887/1270/887 897/1284/897
f 887/1272/887 888/1271/888 898/1285/898
f 889/1273/889 899/1302/899 898/1285/898
f 890/1287/890 900/1303/900 899/1288/899
f 881/1262/881 891/1276/891 900/1290/900
f 892/1278/892 902/1293/902 901/1291/901
f 893/1292/893 903/1307/903 902/1293/902
f 894/1281/894 904/1296/904 903/1294/903
f 895/1295/895 905/1310/905 904/1296/904
f 895/1283/895 896/1282/896 906/1297/906
f 896/1282/896 897/1284/897 907/1299/907
f 897/1286/897 898/1285/898 908/1300/908
f 899/1302/899 909/1317/909 908/1300/908
f 900/1303/900 910/1318/910 909/1304/909
f 891/1276/891 901/1291/901 910/1305/910
f 902/1293/902 912/1308/912 911/1306/911
f 903/1307/903 913/1322/913 912/1308/912
f 904/1296/904 914/1311/914 913/1309/913
f 905/1310/905 915/1325/915 914/1311/914
f 905/1298/905 906/1297/906 916/1312/916
f 906/1297/906 907/1299/907 917/1314/917
f 907/1301/907 908/1300/908 918/1315/918
f 909/1317/909 919/3650/919 918/1315/918
f 910/1318/910 920/1333/920 919/1319/919
f 901/1291/901 911/1306/911 920/1320/920
f 912/1308/912 922/1323/922 921/1321/921
f 913/1322/913 923/1337/923 922/1323/922
f 914/1311/914 924/1326/924 923/1324/923
f 915/1325/915 925/1340/925 924/1326/924
f 915/1313/915 916/1312/916 926/1327/926
f 916/1312/916 917/1314/917 927/1329/927
f 917/1316/917 918/1315/918 928/1330/928
f 918/1315/918 919/3650/919 929/1332/929
f 920/1333/920 930/1350/930 929/1334/929
f 911/1306/911 921/1321/921 930/1335/930
f 922/1323/922 932/1338/932 931/1336/931
f 923/1337/923 933/1353/933 932/1338/932
f 924/1326/924 934/1341/934 933/1339/933
f 925/1340/925 935/1356/935 934/1341/934
f 925/1328/925 926/1327/926 936/1342/936
f 926/1327/926 927/1329/927 937/1344/937
f 927/1331/927 928/1330/928 938/1345/938
f 928/1347/928 929/1334/929 939/1348/939
f 930/1350/930 940/1365/940 939/1348/939
f 921/1321/921 931/1336/931 940/1351/940
f 932/1338/932 942/1354/942 941/1352/941
f 933/1353/933 943/1368/943 942/1354/942
f 934/1341/934 944/1357/944 943/1355/943
f 935/1356/935 945/1371/945 944/1357/944
f 935/1343/935 936/1342/936 946/1358/946
f 936/1342/936 937/1344/937 947/1360/947
f 937/1346/937 938/1345/938 948/1361/948
f 938/1349/938 939/1348/939 949/1363/949
f 940/1365/940 950/1380/950 949/1363/949
f 931/1336/931 941/1352/941 950/1366/950
f 942/1354/942 952/1369/952 951/1367/951
f 943/1368/943 953/1383/953 952/1369/952
f 944/1357/944 954/1372/954 953/1370/953
f 945/1371/945 955/1386/955 954/1372/954
f 945/1359/945 946/1358/946 956/1373/956
f 946/1358/946 947/1360/947 957/1375/957
f 947/1362/947 948/1361/948 958/1376/958
f 948/1364/948 949/1363/949 959/1378/959
f 950/1380/950 960/1395/960 959/1378/959
f 941/1352/941 951/1367/951 960/1381/960
f 952/1369/952 962/1384/962 961/1382/961
f 953/1383/953 963/1398/963 962/1384/962
f 954/1372/954 964/1387/964 963/1385/963
f 955/1386/955 965/3651/965 964/1387/964
f 955/1374/955 956/1373/956 966/1388/966
f 956/1373/956 957/1375/957 967/1390/967
f 957/1377/957 958/1376/958 968/1391/968
f 958/1379/958 959/1378/959 969/1393/969
f 960/1395/960 970/1410/970 969/1393/969
f 951/1367/951 961/1382/961 970/1396/970
f 962/1384/962 972/1399/972 971/1397/971
f 963/1398/963 973/1413/973 972/1399/972
f 964/1387/964 974/1402/974 973/1400/973
f 964/1387/964 965/3651/965 975/1401/975
f 965/1389/965 966/1388/966 976/1403/976
f 966/1388/966 967/1390/967 977/1405/977
f 967/1392/967 968/1391/968 978/1406/978
f 968/1394/968 969/1393/969 979/1408/979
f 970/1410/970 980/1425/980 979/1408/979
f 961/1382/961 971/1397/971 980/1411/980
f 972/1399/972 982/1414/982 981/1412/981
f 973/1413/973 983/3652/983 982/1414/982
f 974/1402/974 984/1417/984 983/1415/983
f 974/1402/974 975/1401/975 985/1416/985
f 975/1404/975 976/1403/976 986/1418/986
f 976/1403/976 977/1405/977 987/1420/987
f 977/1407/977 978/1406/978 988/1421/988
f 978/1409/978 979/1408/979 989/1423/989
f 980/1425/980 990/3653/990 989/1423/989
f 971/1397/971 981/1412/981 990/1426/990
f 981/1412/981 982/1414/982 992/1427/992
f 982/1414/982 983/3652/983 993/1429/993
f 983/1415/983 984/1417/984 994/1430/994
f 985/1416/985 995/3654/995 994/1430/994
f 986/1418/986 996/1433/996 995/1432/995
f 987/1420/987 997/3655/997 996/1433/996
f 988/1421/988 998/1443/998 997/1434/997
f 989/1423/989 999/1437/999 998/1435/998
f 989/1423/989 990/3653/990 1000/1436/1000
f 990/1426/990 981/1412/981 991/1428/991
f 751/1441/751 760/3656/760 759/3657/759
f 759/3657/759 758/3658/758 757/1439/757
f 757/1439/757 756/3659/756 755/3660/755
f 755/3660/755 754/3661/754 753/1440/753
f 753/1440/753 752/3662/752 751/1441/751
f 751/1441/751 759/3657/759 757/1439/757
f 757/1439/757 755/3660/755 753/1440/753
f 1000/1444/1000 991/3663/991 992/3664/992
f 992/3664/992 993/3665/993 994/1442/994
f 994/1442/994 995/3666/995 996/3667/996
f 996/3667/996 997/1434/997 998/1443/998
f 998/1443/998 999/3668/999 1000/1444/1000
f 1000/1444/1000 992/3664/992 994/1442/994
f 994/1442/994 996/3667/996 998/1443/998
f 1002/1445/1002 1012/1469/1012 1011/1446/1011
f 1003/1448/1003 1013/1452/1013 1012/1449/1012
f 1004/1451/1004 1014/1473/1014 1013/1452/1013
f 1005/1453/1005 1015/1457/1015 1014/1454/1014
f 1006/1456/1006 1016/1459/1016 1015/1457/1015
f 1006/1456/1006 1007/3669/1007 1017/1458/1017
f 1007/1460/1007 1008/1463/1008 1018/1461/1018
f 1008/1463/1008 1009/1465/1009 1019/1464/1019
f 1009/1465/1009 1010/3670/1010 1020/1466/1020
f 1010/1467/1010 1001/1447/1001 1011/1446/1011
f 1012/1469/1012 1022/1472/1022 1021/1470/1021
f 1013/1471/1013 1023/1485/1023 1022/1472/1022
f 1014/1473/1014 1024/1487/1024 1023/1474/1023
f 1015/1457/1015 1025/1476/1025 1024/1475/1024
f 1016/1459/1016 1026/1478/1026 1025/1476/1025
f 1016/1459/1016 1017/1458/1017 1027/1477/1027
f 1017/1462/1017 1018/1461/1018 1028/1479/1028
f 1018/1461/1018 1019/1464/1019 1029/1481/1029
f 1019/1464/1019 1020/1466/1020 1030/1482/1030
f 1020/1468/1020 1011/1446/1011 1021/1470/1021
f 1022/1472/1022 1032/1486/1032 1031/1484/1031
f 1023/1485/1023 1033/3671/1033 1032/1486/1032
f 1024/1487/1024 1034/1501/1034 1033/1488/1033
f 1025/1476/1025 1035/1490/1035 1034/1489/1034
f 1026/1478/1026 1036/1492/1036 1035/1490/1035
f 1026/1478/1026 1027/1477/1027 1037/1491/1037
f 1027/1480/1027 1028/1479/1028 1038/1493/1038
f 1028/1479/1028 1029/1481/1029 1039/1495/1039
f 1029/1481/1029 1030/1482/1030 1040/1496/1040
f 1030/1483/1030 1021/1470/1021 1031/1484/1031
f 1032/1486/1032 1042/1512/1042 1041/1498/1041
f 1033/1488/1033 1043/1502/1043 1042/1499/1042
f 1034/1501/1034 1044/1515/1044 1043/1502/1043
f 1035/1490/1035 1045/1504/1045 1044/1503/1044
f 1036/1492/1036 1046/1506/1046 1045/1504/1045
f 1036/1492/1036 1037/1491/1037 1047/1505/1047
f 1037/1494/1037 1038/1493/1038 1048/1507/1048
f 1038/1493/1038 1039/1495/1039 1049/1509/1049
f 1039/1495/1039 1040/1496/1040 1050/1510/1050
f 1040/1497/1040 1031/1484/1031 1041/1498/1041
f 1042/1512/1042 1052/1526/1052 1051/1513/1051
f 1043/1502/1043 1053/1516/1053 1052/1514/1052
f 1044/1515/1044 1054/1529/1054 1053/1516/1053
f 1045/1504/1045 1055/1518/1055 1054/1517/1054
f 1046/1506/1046 1056/1520/1056 1055/1518/1055
f 1046/1506/1046 1047/1505/1047 1057/1519/1057
f 1047/1508/1047 1048/1507/1048 1058/1521/1058
f 1048/1507/1048 1049/1509/1049 1059/1523/1059
f 1049/1509/1049 1050/1510/1050 1060/1524/1060
f 1050/1511/1050 1041/1498/1041 1051/1513/1051
f 1052/1526/1052 1062/1540/1062 1061/1527/1061
f 1053/1516/1053 1063/1530/1063 1062/1528/1062
f 1054/1529/1054 1064/1543/1064 1063/1530/1063
f 1055/1518/1055 1065/1532/1065 1064/1531/1064
f 1056/1520/1056 1066/1534/1066 1065/1532/1065
f 1056/1520/1056 1057/1519/1057 1067/1533/1067
f 1057/1522/1057 1058/1521/1058 1068/1535/1068
f 1058/1521/1058 1059/1523/1059 1069/1537/1069
f 1059/1523/1059 1060/1524/1060 1070/1538/1070
f 1060/1525/1060 1051/1513/1051 1061/1527/1061
f 1062/1540/1062 1072/1554/1072 1071/1541/1071
f 1063/1530/1063 1073/1544/1073 1072/1542/1072
f 1064/1543/1064 1074/1557/1074 1073/1544/1073
f 1065/1532/1065 1075/1546/1075 1074/1545/1074
f 1066/1534/1066 1076/1548/1076 1075/1546/1075
f 1066/1534/1066 1067/1533/1067 1077/1547/1077
f 1067/1536/1067 1068/1535/1068 1078/1549/1078
f 1068/1535/1068 1069/1537/1069 1079/1551/1079
f 1069/1537/1069 1070/1538/1070 1080/1552/1080
f 1070/1539/1070 1061/1527/1061 1071/1541/1071
f 1072/1554/1072 1082/1569/1082 1081/1555/1081
f 1073/1544/1073 1083/1558/1083 1082/1556/1082
f 1074/1557/1074 1084/1572/1084 1083/1558/1083
f 1075/1546/1075 1085/1560/1085 1084/1559/1084
f 1076/1548/1076 1086/1575/1086 1085/1560/1085
f 1076/1561/1076 1077/3672/1077 1087/1562/1087
f 1077/1550/1077 1078/1549/1078 1088/1564/1088
f 1078/1549/1078 1079/1551/1079 1089/1566/1089
f 1079/1551/1079 1080/1552/1080 1090/1567/1090
f 1080/1553/1080 1071/1541/1071 1081/1555/1081
f 1082/1569/1082 1092/1584/1092 1091/1570/1091
f 1083/1558/1083 1093/1573/1093 1092/1571/1092
f 1084/1572/1084 1094/1587/1094 1093/1573/1093
f 1085/1560/1085 1095/1576/1095 1094/1574/1094
f 1086/1575/1086 1096/1578/1096 1095/1576/1095
f 1086/1575/1086 1087/3673/1087 1097/1577/1097
f 1087/1565/1087 1088/1564/1088 1098/1579/1098
f 1088/1564/1088 1089/1566/1089 1099/1581/1099
f 1089/1566/1089 1090/1567/1090 1100/1582/1100
f 1090/1568/1090 1081/1555/1081 1091/1570/1091
f 1092/1584/1092 1102/1600/1102 1101/1585/1101
f 1093/1573/1093 1103/1588/1103 1102/1586/1102
f 1094/1587/1094 1104/1603/1104 1103/1588/1103
f 1095/1576/1095 1105/1590/1105 1104/1589/1104
f 1096/1578/1096 1106/1592/1106 1105/1590/1105
f 1096/1578/1096 1097/1577/1097 1107/1591/1107
f 1097/1580/1097 1098/1579/1098 1108/1593/1108
f 1098/1579/1098 1099/1581/1099 1109/1595/1109
f 1099/1581/1099 1100/1582/1100 1110/1596/1110
f 1100/1597/1100 1091/3674/1091 1101/1598/1101
f 1102/1600/1102 1112/1616/1112 1111/1601/1111
f 1103/1588/1103 1113/1604/1113 1112/1602/1112
f 1104/1603/1104 1114/1619/1114 1113/1604/1113
f 1105/1590/1105 1115/1606/1115 1114/1605/1114
f 1106/1592/1106 1116/3675/1116 1115/1606/1115
f 1106/1607/1106 1107/3676/1107 1117/1608/1117
f 1107/1594/1107 1108/1593/1108 1118/1610/1118
f 1108/1593/1108 1109/1595/1109 1119/1612/1119
f 1109/1595/1109 1110/1596/1110 1120/1613/1120
f 1110/1614/1110 1101/1585/1101 1111/1601/1111
f 1112/1616/1112 1122/1632/1122 1121/1617/1121
f 1113/1604/1113 1123/1620/1123 1122/1618/1122
f 1114/1619/1114 1124/1635/1124 1123/1620/1123
f 1115/1621/1115 1125/1624/1125 1124/1622/1124
f 1116/1609/1116 1126/1626/1126 1125/1624/1125
f 1116/1609/1116 1117/1608/1117 1127/1625/1127
f 1117/1611/1117 1118/1610/1118 1128/1627/1128
f 1118/1610/1118 1119/1612/1119 1129/1629/1129
f 1119/1612/1119 1120/1613/1120 1130/1630/1130
f 1120/1615/1120 1111/1601/1111 1121/1617/1121
f 1122/1632/1122 1132/1646/1132 1131/1633/1131
f 1123/1620/1123 1133/1636/1133 1132/1634/1132
f 1124/1635/1124 1134/1649/1134 1133/1636/1133
f 1125/1624/1125 1135/1638/1135 1134/1637/1134
f 1126/1626/1126 1136/1640/1136 1135/1638/1135
f 1126/1626/1126 1127/1625/1127 1137/1639/1137
f 1127/1628/1127 1128/1627/1128 1138/1641/1138
f 1128/1627/1128 1129/1629/1129 1139/1643/1139
f 1129/1629/1129 1130/1630/1130 1140/1644/1140
f 1130/1631/1130 1121/1617/1121 1131/1633/1131
f 1132/1646/1132 1142/1662/1142 1141/1647/1141
f 1133/1636/1133 1143/1650/1143 1142/1648/1142
f 1134/1649/1134 1144/1665/1144 1143/1650/1143
f 1135/1638/1135 1145/1652/1145 1144/1651/1144
f 1136/1640/1136 1146/1654/1146 1145/1652/1145
f 1136/1640/1136 1137/1639/1137 1147/1653/1147
f 1137/1642/1137 1138/1641/1138 1148/1655/1148
f 1138/1641/1138 1139/1643/1139 1149/1657/1149
f 1139/1643/1139 1140/1644/1140 1150/1658/1150
f 1140/1659/1140 1131/3677/1131 1141/1660/1141
f 1142/1662/1142 1152/1677/1152 1151/1663/1151
f 1143/1650/1143 1153/1666/1153 1152/1664/1152
f 1144/1665/1144 1154/1680/1154 1153/1666/1153
f 1145/1652/1145 1155/1668/1155 1154/1667/1154
f 1146/1654/1146 1156/1670/1156 1155/1668/1155
f 1146/1654/1146 1147/1653/1147 1157/1669/1157
f 1147/1656/1147 1148/1655/1148 1158/1671/1158
f 1148/1655/1148 1149/1657/1149 1159/1673/1159
f 1149/1657/1149 1150/1658/1150 1160/1674/1160
f 1150/1661/1150 1141/1660/1141 1151/1675/1151
f 1152/1677/1152 1162/1692/1162 1161/1678/1161
f 1153/1666/1153 1163/1681/1163 1162/1679/1162
f 1154/1680/1154 1164/1695/1164 1163/1681/1163
f 1155/1668/1155 1165/1683/1165 1164/1682/1164
f 1156/1670/1156 1166/1685/1166 1165/1683/1165
f 1156/1670/1156 1157/1669/1157 1167/1684/1167
f 1157/1672/1157 1158/1671/1158 1168/1686/1168
f 1158/1671/1158 1159/1673/1159 1169/1688/1169
f 1159/1673/1159 1160/1674/1160 1170/1689/1170
f 1160/1676/1160 1151/1675/1151 1161/1690/1161
f 1162/1692/1162 1172/3678/1172 1171/1693/1171
f 1163/1681/1163 1173/1696/1173 1172/1694/1172
f 1164/1695/1164 1174/1710/1174 1173/1696/1173
f 1165/1683/1165 1175/1698/1175 1174/1697/1174
f 1166/1685/1166 1176/1700/1176 1175/1698/1175
f 1166/1685/1166 1167/1684/1167 1177/1699/1177
f 1167/1687/1167 1168/1686/1168 1178/1701/1178
f 1168/1686/1168 1169/1688/1169 1179/1703/1179
f 1169/1688/1169 1170/1689/1170 1180/1704/1180
f 1170/1691/1170 1161/1690/1161 1171/1705/1171
f 1172/1707/1172 1182/1721/1182 1181/1708/1181
f 1173/1696/1173 1183/1711/1183 1182/1709/1182
f 1174/1710/1174 1184/1724/1184 1183/1711/1183
f 1175/1698/1175 1185/1713/1185 1184/1712/1184
f 1176/1700/1176 1186/1715/1186 1185/1713/1185
f 1176/1700/1176 1177/1699/1177 1187/1714/1187
f 1177/1702/1177 1178/1701/1178 1188/1716/1188
f 1178/1701/1178 1179/1703/1179 1189/1718/1189
f 1179/1703/1179 1180/1704/1180 1190/1719/1190
f 1180/1706/1180 1171/1705/1171 1181/1708/1181
f 1182/1721/1182 1192/1736/1192 1191/1722/1191
f 1183/1711/1183 1193/1725/1193 1192/1723/1192
f 1184/1724/1184 1194/1739/1194 1193/1725/1193
f 1185/1713/1185 1195/1727/1195 1194/1726/1194
f 1186/1715/1186 1196/1729/1196 1195/1727/1195
f 1186/1715/1186 1187/1714/1187 1197/1728/1197
f 1187/1717/1187 1188/1716/1188 1198/1730/1198
f 1188/1716/1188 1189/1718/1189 1199/1732/1199
f 1189/1733/1189 1190/1720/1190 1200/1734/1200
f 1190/1720/1190 1181/1708/1181 1191/1722/1191
f 1192/1736/1192 1202/1750/1202 1201/1737/1201
f 1193/1725/1193 1203/1740/1203 1202/1738/1202
f 1194/1739/1194 1204/1753/1204 1203/1740/1203
f 1195/1727/1195 1205/1742/1205 1204/1741/1204
f 1196/1729/1196 1206/1744/1206 1205/1742/1205
f 1196/1729/1196 1197/1728/1197 1207/1743/1207
f 1197/1731/1197 1198/1730/1198 1208/1745/1208
f 1198/1730/1198 1199/1732/1199 1209/1747/1209
f 1199/1735/1199 1200/1734/1200 1210/1748/1210
f 1200/1734/1200 1191/1722/1191 1201/1737/1201
f 1202/1750/1202 1212/1764/1212 1211/1751/1211
f 1203/1740/1203 1213/1754/1213 1212/1752/1212
f 1204/1753/1204 1214/1767/1214 1213/1754/1213
f 1205/1742/1205 1215/1756/1215 1214/1755/1214
f 1206/1744/1206 1216/1758/1216 1215/1756/1215
f 1206/1744/1206 1207/1743/1207 1217/1757/1217
f 1207/1746/1207 1208/1745/1208 1218/1759/1218
f 1208/1745/1208 1209/1747/1209 1219/1761/1219
f 1209/1749/1209 1210/1748/1210 1220/1762/1220
f 1210/1748/1210 1201/1737/1201 1211/1751/1211
f 1212/1764/1212 1222/1778/1222 1221/1765/1221
f 1213/1754/1213 1223/1768/1223 1222/1766/1222
f 1214/1767/1214 1224/1781/1224 1223/1768/1223
f 1215/1756/1215 1225/1770/1225 1224/1769/1224
f 1216/1758/1216 1226/1772/1226 1225/1770/1225
f 1216/1758/1216 1217/1757/1217 1227/1771/1227
f 1217/1760/1217 1218/1759/1218 1228/1773/1228
f 1218/1759/1218 1219/1761/1219 1229/1775/1229
f 1219/1763/1219 1220/1762/1220 1230/1776/1230
f 1220/1762/1220 1211/1751/1211 1221/1765/1221
f 1222/1778/1222 1232/3679/1232 1231/1779/1231
f 1223/1768/1223 1233/1782/1233 1232/1780/1232
f 1224/1781/1224 1234/3680/1234 1233/1782/1233
f 1225/1770/1225 1235/1784/1235 1234/1783/1234
f 1226/1772/1226 1236/1786/1236 1235/1784/1235
f 1226/1772/1226 1227/1771/1227 1237/1785/1237
f 1227/1774/1227 1228/1773/1228 1238/1787/1238
f 1228/1773/1228 1229/1775/1229 1239/1789/1239
f 1229/1777/1229 1230/1776/1230 1240/1790/1240
f 1230/1776/1230 1221/1765/1221 1231/1779/1231
f 1231/1779/1231 1232/3679/1232 1242/1792/1242
f 1232/1780/1232 1233/1782/1233 1243/1794/1243
f 1233/1782/1233 1234/3680/1234 1244/1796/1244
f 1234/1783/1234 1235/1784/1235 1245/1797/1245
f 1235/1784/1235 1236/1786/1236 1246/1799/1246
f 1237/1785/1237 1247/3681/1247 1246/1799/1246
f 1238/1787/1238 1248/1801/1248 1247/1800/1247
f 1239/1789/1239 1249/3682/1249 1248/1801/1248
f 1240/1790/1240 1250/1803/1250 1249/1802/1249
f 1231/1779/1231 1241/1793/1241 1250/1803/1250
f 1001/1806/1001 1010/3683/1010 1009/3684/1009
f 1009/3684/1009 1008/3685/1008 1007/1804/1007
f 1007/1804/1007 1006/3686/1006 1005/3687/1005
f 1005/3687/1005 1004/3688/1004 1003/1805/1003
f 1003/1805/1003 1002/3689/1002 1001/1806/1001
f 1001/1806/1001 1009/3684/1009 1007/1804/1007
f 1007/1804/1007 1005/3687/1005 1003/1805/1003
f 1250/1809/1250 1241/3690/1241 1242/3691/1242
f 1242/3691/1242 1243/3692/1243 1244/1807/1244
f 1244/1807/1244 1245/3693/1245 1246/3694/1246
f 1246/3694/1246 1247/3695/1247 1248/1808/1248
f 1248/1808/1248 1249/3696/1249 1250/1809/1250
f 1250/1809/1250 1242/3691/1242 1244/1807/1244
f 1244/1807/1244 1246/3694/1246 1248/1808/1248
f 1251/1810/1251 1252/3697/1252 1262/1811/1262
f 1252/1813/1252 1253/1817/1253 1263/1814/1263
f 1254/1816/1254 1264/1838/1264 1263/1814/1263
f 1255/1818/1255 1265/1822/1265 1264/1819/1264
f 1256/1821/1256 1266/1824/1266 1265/1822/1265
f 1257/1823/1257 1267/1841/1267 1266/1824/1266
f 1258/1825/1258 1268/1829/1268 1267/1826/1267
f 1258/1825/1258 1259/1830/1259 1269/1828/1269
f 1259/1830/1259 1260/3698/1260 1270/1831/1270
f 1260/1832/1260 1251/1810/1251 1261/1812/1261
f 1261/1812/1261 1262/1811/1262 1272/1834/1272
f 1262/1815/1262 1263/1814/1263 1273/1836/1273
f 1264/1838/1264 1274/1852/1274 1273/1836/1273
f 1265/1822/1265 1275/1840/1275 1274/1839/1274
f 1266/1824/1266 1276/1842/1276 1275/1840/1275
f 1267/1841/1267 1277/1855/1277 1276/1842/1276
f 1268/1829/1268 1278/1845/1278 1277/1843/1277
f 1268/1829/1268 1269/1828/1269 1279/1844/1279
f 1269/1828/1269 1270/1831/1270 1280/1846/1280
f 1270/1833/1270 1261/1812/1261 1271/1835/1271
f 1271/1835/1271 1272/1834/1272 1282/1848/1282
f 1272/1837/1272 1273/1836/1273 1283/1850/1283
f 1274/1852/1274 1284/1866/1284 1283/1850/1283
f 1275/1840/1275 1285/1854/1285 1284/1853/1284
f 1276/1842/1276 1286/1856/1286 1285/1854/1285
f 1277/1855/1277 1287/1869/1287 1286/1856/1286
f 1278/1845/1278 1288/1859/1288 1287/1857/1287
f 1278/1845/1278 1279/1844/1279 1289/1858/1289
f 1279/1844/1279 1280/1846/1280 1290/1860/1290
f 1280/1847/1280 1271/1835/1271 1281/1849/1281
f 1281/1849/1281 1282/1848/1282 1292/1862/1292
f 1282/1851/1282 1283/1850/1283 1293/1864/1293
f 1284/1866/1284 1294/3699/1294 1293/1864/1293
f 1285/1854/1285 1295/1868/1295 1294/1867/1294
f 1286/1856/1286 1296/1870/1296 1295/1868/1295
f 1287/1869/1287 1297/1883/1297 1296/1870/1296
f 1288/1859/1288 1298/1873/1298 1297/1871/1297
f 1288/1859/1288 1289/1858/1289 1299/1872/1299
f 1289/1858/1289 1290/1860/1290 1300/1874/1300
f 1290/1861/1290 1281/1849/1281 1291/1863/1291
f 1291/1863/1291 1292/1862/1292 1302/1876/1302
f 1292/1865/1292 1293/1864/1293 1303/1878/1303
f 1293/1864/1293 1294/3699/1294 1304/1880/1304
f 1295/1868/1295 1305/1882/1305 1304/1881/1304
f 1296/1870/1296 1306/1884/1306 1305/1882/1305
f 1297/1883/1297 1307/1897/1307 1306/1884/1306
f 1297/1871/1297 1298/1873/1298 1308/1885/1308
f 1298/1873/1298 1299/1872/1299 1309/1887/1309
f 1299/1872/1299 1300/1874/1300 1310/1888/1310
f 1300/1875/1300 1291/1863/1291 1301/1877/1301
f 1301/1877/1301 1302/1876/1302 1312/1890/1312
f 1302/1879/1302 1303/1878/1303 1313/1892/1313
f 1303/1878/1303 1304/1880/1304 1314/1894/1314
f 1305/1882/1305 1315/1896/1315 1314/1895/1314
f 1306/1884/1306 1316/1898/1316 1315/1896/1315
f 1307/1897/1307 1317/1910/1317 1316/1898/1316
f 1308/1885/1308 1318/1901/1318 1317/1899/1317
f 1308/1885/1308 1309/1887/1309 1319/1900/1319
f 1309/1887/1309 1310/1888/1310 1320/1902/1320
f 1310/1889/1310 1301/1877/1301 1311/1891/1311
f 1311/1891/1311 1312/1890/1312 1322/1904/1322
f 1312/1893/1312 1313/1892/1313 1323/1906/1323
f 1314/1894/1314 1324/1921/1324 1323/1906/1323
f 1315/1896/1315 1325/1909/1325 1324/1908/1324
f 1316/1898/1316 1326/1911/1326 1325/1909/1325
f 1317/1910/1317 1327/1924/1327 1326/1911/1326
f 1318/1901/1318 1328/1914/1328 1327/1912/1327
f 1318/1901/1318 1319/1900/1319 1329/1913/1329
f 1319/1900/1319 1320/1902/1320 1330/1915/1330
f 1320/1903/1320 1311/1891/1311 1321/1905/1321
f 1321/1905/1321 1322/1904/1322 1332/1917/1332
f 1322/1907/1322 1323/1906/1323 1333/1919/1333
f 1324/1921/1324 1334/3700/1334 1333/1919/1333
f 1325/1909/1325 1335/1923/1335 1334/1922/1334
f 1326/1911/1326 1336/1925/1336 1335/1923/1335
f 1327/1924/1327 1337/1938/1337 1336/1925/1336
f 1328/1914/1328 1338/1928/1338 1337/1926/1337
f 1328/1914/1328 1329/1913/1329 1339/1927/1339
f 1329/1913/1329 1330/1915/1330 1340/1929/1340
f 1330/1916/1330 1321/1905/1321 1331/1918/1331
f 1331/1918/1331 1332/1917/1332 1342/1931/1342
f 1332/1920/1332 1333/1919/1333 1343/1933/1343
f 1333/1919/1333 1334/3700/1334 1344/1935/1344
f 1335/1923/1335 1345/1937/1345 1344/1936/1344
f 1336/1925/1336 1346/1939/1346 1345/1937/1345
f 1337/1938/1337 1347/1952/1347 1346/1939/1346
f 1338/1928/1338 1348/1942/1348 1347/1940/1347
f 1338/1928/1338 1339/1927/1339 1349/1941/1349
f 1339/1927/1339 1340/1929/1340 1350/1943/1350
f 1340/1930/1340 1331/1918/1331 1341/1932/1341
f 1341/1932/1341 1342/1931/1342 1352/1945/1352
f 1342/1934/1342 1343/1933/1343 1353/1947/1353
f 1343/1933/1343 1344/1935/1344 1354/1949/1354
f 1345/1937/1345 1355/1951/1355 1354/1950/1354
f 1346/1939/1346 1356/1953/1356 1355/1951/1355
f 1347/1952/1347 1357/1966/1357 1356/1953/1356
f 1347/1940/1347 1348/1942/1348 1358/1954/1358
f 1348/1942/1348 1349/1941/1349 1359/1956/1359
f 1349/1941/1349 1350/1943/1350 1360/1957/1360
f 1350/1944/1350 1341/1932/1341 1351/1946/1351
f 1351/1946/1351 1352/1945/1352 1362/1959/1362
f 1352/1948/1352 1353/1947/1353 1363/1961/1363
f 1353/1947/1353 1354/1949/1354 1364/1963/1364
f 1355/1951/1355 1365/1965/1365 1364/1964/1364
f 1356/1953/1356 1366/1967/1366 1365/1965/1365
f 1357/1966/1357 1367/1979/1367 1366/1967/1366
f 1358/1954/1358 1368/1970/1368 1367/1968/1367
f 1358/1954/1358 1359/1956/1359 1369/1969/1369
f 1359/1956/1359 1360/1957/1360 1370/1971/1370
f 1360/1958/1360 1351/1946/1351 1361/1960/1361
f 1361/1960/1361 1362/1959/1362 1372/1973/1372
f 1362/1962/1362 1363/1961/1363 1373/1975/1373
f 1364/1963/1364 1374/1990/1374 1373/1975/1373
f 1365/1965/1365 1375/1978/1375 1374/1977/1374
f 1366/1967/1366 1376/1980/1376 1375/1978/1375
f 1367/1979/1367 1377/1993/1377 1376/1980/1376
f 1368/1970/1368 1378/1983/1378 1377/1981/1377
f 1368/1970/1368 1369/1969/1369 1379/1982/1379
f 1369/1969/1369 1370/1971/1370 1380/1984/1380
f 1370/1972/1370 1361/1960/1361 1371/1974/1371
f 1371/1974/1371 1372/1973/1372 1382/1986/1382
f 1372/1976/1372 1373/1975/1373 1383/1988/1383
f 1374/1990/1374 1384/3701/1384 1383/1988/1383
f 1375/1978/1375 1385/1992/1385 1384/1991/1384
f 1376/1980/1376 1386/1994/1386 1385/1992/1385
f 1377/1993/1377 1387/2007/1387 1386/1994/1386
f 1378/1983/1378 1388/1997/1388 1387/1995/1387
f 1378/1983/1378 1379/1982/1379 1389/1996/1389
f 1379/1982/1379 1380/1984/1380 1390/1998/1390
f 1380/1985/1380 1371/1974/1371 1381/1987/1381
f 1381/1987/1381 1382/1986/1382 1392/2000/1392
f 1382/1989/1382 1383/1988/1383 1393/2002/1393
f 1383/1988/1383 1384/3701/1384 1394/2004/1394
f 1385/1992/1385 1395/2006/1395 1394/2005/1394
f 1386/1994/1386 1396/2008/1396 1395/2006/1395
f 1387/2007/1387 1397/2021/1397 1396/2008/1396
f 1388/1997/1388 1398/2011/1398 1397/2009/1397
f 1388/1997/1388 1389/1996/1389 1399/2010/1399
f 1389/1996/1389 1390/1998/1390 1400/2012/1400
f 1390/1999/1390 1381/1987/1381 1391/2001/1391
f 1391/2001/1391 1392/2000/1392 1402/2014/1402
f 1392/2003/1392 1393/2002/1393 1403/2016/1403
f 1393/2002/1393 1394/2004/1394 1404/2018/1404
f 1395/2006/1395 1405/2020/1405 1404/2019/1404
f 1396/2008/1396 1406/2022/1406 1405/2020/1405
f 1397/2021/1397 1407/2035/1407 1406/2022/1406
f 1398/2011/1398 1408/2025/1408 1407/2023/1407
f 1398/2011/1398 1399/2010/1399 1409/2024/1409
f 1399/2010/1399 1400/2012/1400 1410/2026/1410
f 1400/2013/1400 1391/2001/1391 1401/2015/1401
f 1401/2015/1401 1402/2014/1402 1412/2028/1412
f 1402/2017/1402 1403/2016/1403 1413/2030/1413
f 1403/2016/1403 1404/2018/1404 1414/2032/1414
f 1405/2020/1405 1415/2034/1415 1414/2033/1414
f 1406/2022/1406 1416/2036/1416 1415/2034/1415
f 1407/2035/1407 1417/2049/1417 1416/2036/1416
f 1408/2025/1408 1418/2039/1418 1417/2037/1417
f 1408/2025/1408 1409/2024/1409 1419/2038/1419
f 1409/2024/1409 1410/2026/1410 1420/2040/1420
f 1410/2027/1410 1401/2015/1401 1411/2029/1411
f 1411/2029/1411 1412/2028/1412 1422/2042/1422
f 1412/2031/1412 1413/2030/1413 1423/2044/1423
f 1413/2030/1413 1414/2032/1414 1424/2046/1424
f 1415/2034/1415 1425/2048/1425 1424/2047/1424
f 1416/2036/1416 1426/2050/1426 1425/2048/1425
f 1417/2049/1417 1427/2065/1427 1426/2050/1426
f 1418/2051/1418 1428/2067/1428 1427/2052/1427
f 1418/2039/1418 1419/2038/1419 1429/2054/1429
f 1419/2038/1419 1420/2040/1420 1430/2056/1430
f 1420/2041/1420 1411/2029/1411 1421/2043/1421
f 1421/2043/1421 1422/2042/1422 1432/2058/1432
f 1422/2045/1422 1423/2044/1423 1433/2060/1433
f 1423/2044/1423 1424/2046/1424 1434/2062/1434
f 1425/2048/1425 1435/2064/1435 1434/2063/1434
f 1426/2050/1426 1436/2066/1436 1435/2064/1435
f 1427/2065/1427 1437/2080/1437 1436/2066/1436
f 1428/2067/1428 1438/2082/1438 1437/2068/1437
f 1428/2055/1428 1429/2054/1429 1439/2069/1439
f 1429/2054/1429 1430/2056/1430 1440/2071/1440
f 1430/2057/1430 1421/2043/1421 1431/2059/1431
f 1431/2059/1431 1432/2058/1432 1442/2073/1442
f 1432/2061/1432 1433/2060/1433 1443/2075/1443
f 1433/2060/1433 1434/2062/1434 1444/2077/1444
f 1435/2064/1435 1445/2079/1445 1444/2078/1444
f 1436/2066/1436 1446/2081/1446 1445/2079/1445
f 1437/2080/1437 1447/2097/1447 1446/2081/1446
f 1438/2082/1438 1448/2099/1448 1447/2083/1447
f 1438/2070/1438 1439/2069/1439 1449/2084/1449
f 1439/2069/1439 1440/2071/1440 1450/2086/1450
f 1440/2072/1440 1431/2059/1431 1441/2074/1441
f 1441/2074/1441 1442/2073/1442 1452/2088/1452
f 1442/2090/1442 1443/3702/1443 1453/2091/1453
f 1443/2075/1443 1444/2077/1444 1454/2093/1454
f 1445/2079/1445 1455/2096/1455 1454/2095/1454
f 1446/2081/1446 1456/2098/1456 1455/2096/1455
f 1447/2097/1447 1457/2114/1457 1456/2098/1456
f 1448/2099/1448 1458/2102/1458 1457/2100/1457
f 1448/2099/1448 1449/3703/1449 1459/2101/1459
f 1449/2103/1449 1450/2087/1450 1460/2104/1460
f 1450/2087/1450 1441/2074/1441 1451/2089/1451
f 1451/2089/1451 1452/2088/1452 1462/2106/1462
f 1452/2092/1452 1453/2091/1453 1463/2108/1463
f 1453/2094/1453 1454/2093/1454 1464/2110/1464
f 1455/2096/1455 1465/2113/1465 1464/2112/1464
f 1456/2098/1456 1466/2115/1466 1465/2113/1465
f 1457/2114/1457 1467/2128/1467 1466/2115/1466
f 1458/2102/1458 1468/2118/1468 1467/2116/1467
f 1458/2102/1458 1459/2101/1459 1469/2117/1469
f 1459/2105/1459 1460/2104/1460 1470/2119/1470
f 1460/2104/1460 1451/2089/1451 1461/2107/1461
f 1461/2107/1461 1462/2106/1462 1472/2121/1472
f 1462/2109/1462 1463/2108/1463 1473/2123/1473
f 1464/2110/1464 1474/3704/1474 1473/2125/1473
f 1465/2113/1465 1475/2127/1475 1474/2126/1474
f 1466/2115/1466 1476/2129/1476 1475/2127/1475
f 1467/2128/1467 1477/2142/1477 1476/2129/1476
f 1468/2118/1468 1478/2132/1478 1477/2130/1477
f 1468/2118/1468 1469/2117/1469 1479/2131/1479
f 1469/2120/1469 1470/2119/1470 1480/2133/1480
f 1470/2119/1470 1461/2107/1461 1471/2122/1471
f 1471/2122/1471 1472/2121/1472 1482/2135/1482
f 1472/2124/1472 1473/2123/1473 1483/2137/1483
f 1474/2139/1474 1484/3705/1484 1483/2137/1483
f 1475/2127/1475 1485/2141/1485 1484/2140/1484
f 1476/2129/1476 1486/2143/1486 1485/2141/1485
f 1477/2142/1477 1487/3706/1487 1486/2143/1486
f 1478/2132/1478 1488/2146/1488 1487/2144/1487
f 1478/2132/1478 1479/2131/1479 1489/2145/1489
f 1479/2134/1479 1480/2133/1480 1490/2147/1490
f 1480/2133/1480 1471/2122/1471 1481/2136/1481
f 1482/2135/1482 1492/3707/1492 1491/2149/1491
f 1483/2137/1483 1493/2152/1493 1492/2150/1492
f 1483/2137/1483 1484/3705/1484 1494/2151/1494
f 1484/2140/1484 1485/2141/1485 1495/2153/1495
f 1485/2141/1485 1486/2143/1486 1496/2155/1496
f 1486/2143/1486 1487/3706/1487 1497/2156/1497
f 1487/2144/1487 1488/2146/1488 1498/2157/1498
f 1489/2145/1489 1499/3708/1499 1498/2157/1498
f 1490/2147/1490 1500/2160/1500 1499/2159/1499
f 1481/2136/1481 1491/2149/1491 1500/2160/1500
f 1251/2163/1251 1260/3709/1260 1259/3710/1259
f 1259/3710/1259 1258/3711/1258 1257/2161/1257
f 1257/2161/1257 1256/3712/1256 1255/3713/1255
f 1255/3713/1255 1254/3714/1254 1253/2162/1253
f 1253/2162/1253 1252/3715/1252 1251/2163/1251
f 1251/2163/1251 1259/3710/1259 1257/2161/1257
f 1257/2161/1257 1255/3713/1255 1253/2162/1253
f 1500/2166/1500 1491/3716/1491 1492/3717/1492
f 1492/3717/1492 1493/3718/1493 1494/2164/1494
f 1494/2164/1494 1495/3719/1495 1496/3720/1496
f 1496/3720/1496 1497/3721/1497 1498/2165/1498
f 1498/2165/1498 1499/3722/1499 1500/2166/1500
f 1500/2166/1500 1492/3717/1492 1494/2164/1494
f 1494/2164/1494 1496/3720/1496 1498/2165/1498
