# Blender 4.3.2
# www.blender.org
o gold_pillar_2
v -0.064162 -0.395494 -0.221275
v -0.072966 -0.405994 -0.209111
v -0.084995 -0.393094 -0.214074
v -0.198794 -0.387282 -0.096986
v -0.209905 -0.373820 -0.091408
v -0.200337 -0.375941 -0.111298
v -0.208171 -0.376019 0.071951
v -0.211200 -0.362896 0.084378
v -0.218503 -0.363496 0.063451
v -0.095604 -0.378804 0.198741
v -0.088119 -0.366722 0.210308
v -0.108014 -0.365449 0.200602
v 0.072966 -0.394006 0.209111
v 0.087237 -0.383056 0.212611
v 0.066403 -0.380656 0.219812
v 0.198794 -0.412718 0.096986
v 0.212143 -0.402330 0.089941
v 0.202575 -0.400209 0.109831
v 0.208171 -0.423981 -0.071951
v 0.213434 -0.413254 -0.085841
v 0.220736 -0.412654 -0.064914
v 0.095604 -0.421196 -0.198741
v 0.090356 -0.409428 -0.211767
v 0.110252 -0.410701 -0.202061
v 0.150776 1.827682 -0.340345
v 0.130736 1.838549 -0.333657
v 0.145342 1.847038 -0.330256
v 0.023009 1.926745 -0.224708
v 0.035519 1.932171 -0.230882
v 0.031689 1.915332 -0.244029
v 0.026814 1.982557 -0.065910
v 0.031256 1.988694 -0.078718
v 0.019141 1.978051 -0.086585
v 0.139842 1.972542 0.049789
v 0.133686 1.984074 0.037002
v 0.120385 1.978336 0.039801
v 0.295990 1.903413 0.054565
v 0.283853 1.920925 0.049547
v 0.276044 1.915266 0.061170
v 0.403850 1.816336 -0.054448
v 0.393676 1.835792 -0.049826
v 0.395043 1.826630 -0.035058
v 0.400146 1.761554 -0.213336
v 0.397940 1.779269 -0.201991
v 0.407723 1.765027 -0.192575
v 0.286983 1.770404 -0.328969
v 0.295510 1.783889 -0.317711
v 0.306572 1.765775 -0.319051
v 0.086442 1.315685 -0.344487
v 0.080594 1.308687 -0.336315
v 0.072553 1.317285 -0.339686
v -0.058349 1.329350 -0.212504
v -0.065814 1.338328 -0.208813
v -0.059435 1.336914 -0.222073
v -0.068703 1.341786 -0.025958
v -0.070781 1.350542 -0.017652
v -0.075650 1.350142 -0.031604
v 0.055597 1.338711 0.114048
v 0.060560 1.346772 0.121816
v 0.047297 1.347621 0.115345
v 0.241738 1.321925 0.125498
v 0.251273 1.329227 0.127893
v 0.237384 1.330827 0.132693
v 0.380681 1.301262 0.001687
v 0.389640 1.308184 -0.002981
v 0.383261 1.309598 0.010279
v 0.391035 1.288826 -0.184859
v 0.394608 1.295970 -0.194141
v 0.399476 1.296370 -0.180190
v 0.266735 1.291901 -0.324864
v 0.263266 1.299740 -0.333609
v 0.276530 1.298891 -0.327138
v 0.089617 1.349473 -0.346563
v 0.075728 1.351073 -0.341763
v 0.085263 1.358375 -0.339368
v -0.062639 1.372116 -0.210889
v -0.053680 1.379038 -0.215557
v -0.056260 1.370702 -0.224149
v -0.067607 1.384330 -0.019729
v -0.064034 1.391474 -0.029011
v -0.072475 1.383930 -0.033680
v 0.063735 1.380560 0.119739
v 0.060266 1.388399 0.110994
v 0.050471 1.381408 0.113268
v 0.254448 1.363014 0.125816
v 0.246407 1.371613 0.122445
v 0.240559 1.364614 0.130617
v 0.392815 1.341971 -0.005057
v 0.385350 1.350950 -0.001366
v 0.386436 1.343386 0.008203
v 0.397782 1.329757 -0.196218
v 0.395704 1.338513 -0.187912
v 0.402651 1.330157 -0.182266
v 0.266441 1.333528 -0.335685
v 0.271404 1.341589 -0.327917
v 0.279704 1.332679 -0.329215
v -0.242955 -0.387120 0.322682
v -0.232412 -0.398439 0.314191
v -0.222291 -0.385672 0.320971
v -0.098284 -0.389354 0.221036
v -0.087747 -0.376607 0.214884
v -0.096606 -0.377159 0.233678
v -0.111666 -0.390915 0.058035
v -0.112088 -0.378965 0.045057
v -0.100284 -0.378069 0.062141
v -0.259175 -0.401561 -0.011810
v -0.270981 -0.390388 -0.018687
v -0.250317 -0.388941 -0.020398
v -0.393303 -0.410646 0.081345
v -0.405532 -0.399454 0.087403
v -0.396673 -0.398902 0.068609
v -0.379921 -0.409085 0.244346
v -0.381185 -0.397096 0.257234
v -0.392989 -0.397992 0.240150
v -0.322598 0.728159 0.304597
v -0.301755 0.727201 0.302900
v -0.313556 0.740794 0.295839
v -0.178331 0.731672 0.204730
v -0.190779 0.743718 0.210850
v -0.187109 0.729930 0.223541
v -0.203249 0.753557 0.048663
v -0.204544 0.764050 0.061749
v -0.191164 0.750623 0.065757
v -0.351573 0.771111 -0.009236
v -0.341454 0.781472 -0.002275
v -0.330723 0.769778 -0.010945
v -0.474971 0.766405 0.088908
v -0.464231 0.778549 0.082715
v -0.466212 0.768381 0.070121
v -0.450072 0.744380 0.244981
v -0.450466 0.758216 0.231815
v -0.462144 0.747454 0.227877
v -0.297774 0.460204 0.335468
v -0.290753 0.452656 0.329709
v -0.283998 0.461169 0.334328
v -0.141198 0.462786 0.225839
v -0.134083 0.471291 0.221780
v -0.139989 0.470923 0.234310
v -0.156119 0.461046 0.044090
v -0.156321 0.469019 0.035382
v -0.148451 0.469616 0.046771
v -0.320595 0.449176 -0.033789
v -0.328473 0.456623 -0.038469
v -0.314697 0.457589 -0.039609
v -0.470150 0.439046 0.070081
v -0.478388 0.446501 0.074079
v -0.472482 0.446869 0.061550
v -0.455229 0.440786 0.251830
v -0.456151 0.448774 0.260478
v -0.464021 0.448176 0.249088
v -0.300161 0.494119 0.335340
v -0.286385 0.495085 0.334199
v -0.294263 0.502532 0.329519
v -0.136470 0.505207 0.221652
v -0.144708 0.512662 0.225649
v -0.142376 0.504839 0.234181
v -0.158707 0.502934 0.035253
v -0.159629 0.510922 0.043900
v -0.150838 0.503532 0.046642
v -0.330860 0.490539 -0.038598
v -0.324105 0.499052 -0.033978
v -0.317084 0.491504 -0.039738
v -0.480775 0.480417 0.073950
v -0.473660 0.488922 0.069892
v -0.474869 0.480785 0.061421
v -0.458538 0.482689 0.260349
v -0.458739 0.490662 0.251641
v -0.466407 0.482092 0.248960
v -0.278542 0.186908 0.336506
v -0.271521 0.179361 0.330746
v -0.264766 0.187873 0.335366
v -0.121966 0.189491 0.226876
v -0.114851 0.197996 0.222818
v -0.120757 0.197628 0.235347
v -0.136887 0.187751 0.045127
v -0.137088 0.195723 0.036419
v -0.129219 0.196320 0.047809
v -0.301363 0.175880 -0.032751
v -0.309241 0.183328 -0.037431
v -0.295465 0.184293 -0.038571
v -0.450918 0.165750 0.071119
v -0.459156 0.173206 0.075117
v -0.453250 0.173574 0.062587
v -0.435997 0.167490 0.252868
v -0.436919 0.175478 0.261515
v -0.444788 0.174881 0.250126
v -0.280929 0.220824 0.336377
v -0.267153 0.221789 0.335237
v -0.275031 0.229237 0.330557
v -0.117238 0.231912 0.222689
v -0.125476 0.239367 0.226687
v -0.123144 0.231544 0.235218
v -0.139475 0.229639 0.036291
v -0.140397 0.237627 0.044938
v -0.131605 0.230236 0.047680
v -0.311628 0.217244 -0.037560
v -0.304873 0.225757 -0.032941
v -0.297852 0.218209 -0.038700
v -0.461543 0.207121 0.074988
v -0.454428 0.215627 0.070930
v -0.455637 0.207490 0.062459
v -0.439305 0.209394 0.261386
v -0.439507 0.217367 0.252678
v -0.447175 0.208797 0.249997
v -0.276646 0.159970 0.336608
v -0.269625 0.152422 0.330849
v -0.262870 0.160935 0.335468
v -0.120070 0.162552 0.226978
v -0.112955 0.171057 0.222920
v -0.118861 0.170689 0.235449
v -0.134991 0.160812 0.045230
v -0.135193 0.168785 0.036522
v -0.127323 0.169382 0.047911
v -0.299467 0.148942 -0.032649
v -0.307345 0.156390 -0.037329
v -0.293569 0.157355 -0.038469
v -0.449022 0.138812 0.071221
v -0.457260 0.146267 0.075219
v -0.451354 0.146635 0.062690
v -0.434101 0.140552 0.252970
v -0.435023 0.148540 0.261617
v -0.442893 0.147943 0.250228
v -0.279033 0.193885 0.336479
v -0.265257 0.194851 0.335339
v -0.273135 0.202298 0.330659
v -0.115342 0.204973 0.222791
v -0.123580 0.212428 0.226789
v -0.121248 0.204605 0.235321
v -0.137579 0.202701 0.036393
v -0.138501 0.210688 0.045040
v -0.129710 0.203298 0.047782
v -0.309732 0.190305 -0.037458
v -0.302977 0.198818 -0.032838
v -0.295956 0.191270 -0.038598
v -0.459647 0.180183 0.075090
v -0.452532 0.188688 0.071032
v -0.453741 0.180551 0.062561
v -0.437410 0.182455 0.261489
v -0.437611 0.190428 0.252781
v -0.445279 0.181858 0.250099
v -0.381915 -0.388005 -0.329065
v -0.383105 -0.400006 -0.316159
v -0.395817 -0.388009 -0.313614
v -0.408420 -0.400023 -0.196842
v -0.412572 -0.388025 -0.184561
v -0.419003 -0.388024 -0.204327
v -0.317746 -0.400017 -0.115260
v -0.309188 -0.388017 -0.105527
v -0.329521 -0.388019 -0.109840
v -0.201756 -0.399994 -0.152995
v -0.189051 -0.387992 -0.155540
v -0.202953 -0.387996 -0.140089
v -0.176442 -0.399977 -0.272312
v -0.172293 -0.387976 -0.284590
v -0.165863 -0.387977 -0.264825
v -0.267116 -0.399983 -0.353894
v -0.275676 -0.387984 -0.363628
v -0.255344 -0.387981 -0.359315
v -0.374191 0.782058 -0.321821
v -0.388091 0.780206 -0.306379
v -0.375229 0.792056 -0.308943
v -0.402644 0.761899 -0.187740
v -0.398326 0.775773 -0.200069
v -0.409068 0.765419 -0.207507
v -0.307165 0.745268 -0.115818
v -0.315578 0.759287 -0.125623
v -0.327504 0.746928 -0.120136
v -0.197143 0.746684 -0.162547
v -0.210016 0.759086 -0.159967
v -0.211048 0.745085 -0.147088
v -0.182608 0.764985 -0.281183
v -0.186919 0.775370 -0.268840
v -0.176170 0.761472 -0.261420
v -0.278077 0.781876 -0.353090
v -0.269667 0.791855 -0.343286
v -0.257750 0.779955 -0.348783
v -0.394022 0.493476 -0.335077
v -0.394761 0.485475 -0.326424
v -0.403290 0.493474 -0.324776
v -0.423290 0.485457 -0.191959
v -0.426128 0.493455 -0.183749
v -0.430415 0.493456 -0.196926
v -0.321104 0.485464 -0.100020
v -0.315415 0.493464 -0.093457
v -0.328969 0.493462 -0.096333
v -0.190389 0.485490 -0.142546
v -0.181863 0.493491 -0.144192
v -0.191131 0.493489 -0.133891
v -0.161860 0.485508 -0.277011
v -0.159025 0.493510 -0.285219
v -0.154738 0.493509 -0.272042
v -0.264047 0.485501 -0.368950
v -0.269738 0.493501 -0.375511
v -0.256183 0.493503 -0.372635
v -0.394028 0.527476 -0.335073
v -0.403296 0.527474 -0.324772
v -0.394769 0.535475 -0.326419
v -0.426134 0.527456 -0.183746
v -0.423298 0.535457 -0.191953
v -0.430421 0.527456 -0.196922
v -0.315420 0.527464 -0.093454
v -0.321112 0.535464 -0.100014
v -0.328975 0.527462 -0.096330
v -0.181868 0.527491 -0.144189
v -0.190397 0.535490 -0.142541
v -0.191136 0.527489 -0.133888
v -0.159030 0.527510 -0.285215
v -0.161869 0.535508 -0.277006
v -0.154743 0.527509 -0.272039
v -0.269744 0.527501 -0.375507
v -0.264055 0.535501 -0.368945
v -0.256189 0.527503 -0.372631
v -0.157038 -0.383944 -0.157852
v -0.168470 -0.395825 -0.164179
v -0.166516 -0.383165 -0.176334
v -0.262790 -0.394267 -0.225126
v -0.272973 -0.382029 -0.232768
v -0.252217 -0.381749 -0.231713
v -0.362726 -0.398441 -0.174051
v -0.375058 -0.386881 -0.168934
v -0.363779 -0.385822 -0.186361
v -0.368342 -0.404175 -0.062029
v -0.370681 -0.392869 -0.048665
v -0.380159 -0.392090 -0.067147
v -0.274021 -0.405733 -0.001082
v -0.264222 -0.394006 0.007766
v -0.284978 -0.394285 0.006711
v -0.174085 -0.401559 -0.052157
v -0.162142 -0.389154 -0.056069
v -0.173420 -0.390212 -0.038642
v -0.181588 0.600353 -0.103773
v -0.191118 0.603956 -0.122113
v -0.193534 0.614574 -0.108593
v -0.289591 0.623265 -0.172265
v -0.279882 0.632919 -0.163361
v -0.268789 0.620457 -0.171374
v -0.383021 0.626497 -0.112531
v -0.370976 0.637650 -0.116446
v -0.371747 0.627532 -0.129952
v -0.377993 0.610417 -0.002629
v -0.375953 0.624087 -0.014914
v -0.387511 0.614264 -0.020956
v -0.279519 0.591347 0.047553
v -0.289604 0.605742 0.039854
v -0.300325 0.593916 0.046636
v -0.186076 0.588119 -0.012195
v -0.198511 0.601011 -0.007061
v -0.197359 0.587080 0.005240
v -0.158721 0.301119 -0.132005
v -0.166413 0.293195 -0.136186
v -0.165040 0.301638 -0.144326
v -0.273089 0.294958 -0.205117
v -0.279874 0.303121 -0.210291
v -0.266036 0.303307 -0.209587
v -0.386116 0.290236 -0.147352
v -0.394402 0.297945 -0.143983
v -0.386884 0.298650 -0.155600
v -0.392468 0.283752 -0.020655
v -0.394097 0.291286 -0.011711
v -0.400416 0.291805 -0.024031
v -0.285792 0.281989 0.048275
v -0.279263 0.289804 0.054254
v -0.293100 0.289617 0.053551
v -0.172764 0.286710 -0.009490
v -0.164734 0.294980 -0.012054
v -0.172253 0.294274 -0.000436
v -0.159265 0.335071 -0.130295
v -0.165584 0.335591 -0.142616
v -0.167213 0.343125 -0.133671
v -0.280418 0.337073 -0.208580
v -0.273889 0.344888 -0.202602
v -0.266581 0.337260 -0.207877
v -0.394947 0.331897 -0.142272
v -0.386917 0.340166 -0.144836
v -0.387428 0.332603 -0.153890
v -0.394641 0.325239 -0.010000
v -0.393268 0.333682 -0.018140
v -0.400960 0.325758 -0.022321
v -0.279807 0.323756 0.055964
v -0.286592 0.331919 0.050791
v -0.293644 0.323570 0.055261
v -0.165278 0.328932 -0.010344
v -0.173565 0.336641 -0.006975
v -0.172797 0.328226 0.001274
v -0.156035 0.133541 -0.140447
v -0.163727 0.125617 -0.144628
v -0.162354 0.134061 -0.152768
v -0.270403 0.127380 -0.213559
v -0.277188 0.135543 -0.218732
v -0.263351 0.135730 -0.218029
v -0.383431 0.122659 -0.155794
v -0.391717 0.130367 -0.152425
v -0.384198 0.131073 -0.164042
v -0.389782 0.116174 -0.029097
v -0.391411 0.123709 -0.020152
v -0.397730 0.124228 -0.032473
v -0.283106 0.114412 0.039833
v -0.276577 0.122226 0.045812
v -0.290414 0.122040 0.045109
v -0.170078 0.119133 -0.017932
v -0.162048 0.127402 -0.020496
v -0.169567 0.126696 -0.008878
v -0.156579 0.167494 -0.138737
v -0.162898 0.168013 -0.151058
v -0.164527 0.175548 -0.142113
v -0.277732 0.169496 -0.217022
v -0.271203 0.177310 -0.211044
v -0.263895 0.169682 -0.216319
v -0.392261 0.164320 -0.150714
v -0.384231 0.172589 -0.153278
v -0.384742 0.165026 -0.162332
v -0.391955 0.157661 -0.018442
v -0.390582 0.166105 -0.026582
v -0.398274 0.158181 -0.030763
v -0.277121 0.156179 0.047522
v -0.283906 0.164342 0.042349
v -0.290959 0.155992 0.046819
v -0.162593 0.161355 -0.018786
v -0.170879 0.169063 -0.015417
v -0.170111 0.160649 -0.007168
v -0.155741 0.115205 -0.141371
v -0.163433 0.107281 -0.145552
v -0.162060 0.115724 -0.153692
v -0.270109 0.109044 -0.214483
v -0.276894 0.117207 -0.219656
v -0.263057 0.117393 -0.218953
v -0.383137 0.104322 -0.156717
v -0.391423 0.112031 -0.153348
v -0.383904 0.112736 -0.164966
v -0.389488 0.097838 -0.030021
v -0.391117 0.105372 -0.021076
v -0.397436 0.105892 -0.033397
v -0.282812 0.096075 0.038910
v -0.276283 0.103890 0.044888
v -0.290120 0.103703 0.044185
v -0.169785 0.100797 -0.018856
v -0.161755 0.109066 -0.021420
v -0.169273 0.108360 -0.009802
v -0.156286 0.149157 -0.139661
v -0.162604 0.149677 -0.151982
v -0.164233 0.157211 -0.143037
v -0.277438 0.151159 -0.217946
v -0.270910 0.158974 -0.211967
v -0.263601 0.151346 -0.217243
v -0.391967 0.145983 -0.151638
v -0.383937 0.154252 -0.154202
v -0.384448 0.146689 -0.163256
v -0.391661 0.139325 -0.019366
v -0.390288 0.147768 -0.027506
v -0.397980 0.139844 -0.031687
v -0.276827 0.137842 0.046598
v -0.283612 0.146005 0.041425
v -0.290665 0.137656 0.045895
v -0.162299 0.143018 -0.019709
v -0.170585 0.150727 -0.016340
v -0.169817 0.142312 -0.008092
v -0.229274 -0.380600 -0.307549
v -0.215818 -0.393015 -0.306705
v -0.211883 -0.380617 -0.293793
v -0.114800 -0.395135 -0.277986
v -0.102441 -0.383262 -0.271494
v -0.124452 -0.382452 -0.268940
v -0.023147 -0.400105 -0.329065
v -0.009380 -0.388692 -0.333071
v -0.023117 -0.387563 -0.315703
v 0.005451 -0.405013 -0.430021
v 0.012790 -0.393726 -0.442456
v 0.015373 -0.392940 -0.420447
v -0.045759 -0.406985 -0.521715
v -0.048920 -0.395415 -0.535575
v -0.031530 -0.395432 -0.521819
v -0.146777 -0.404865 -0.550434
v -0.158365 -0.392770 -0.557879
v -0.136354 -0.393580 -0.560433
v -0.238430 -0.399895 -0.499354
v -0.251431 -0.387340 -0.496299
v -0.237693 -0.388469 -0.513668
v -0.267027 -0.394987 -0.398398
v -0.273598 -0.382306 -0.386910
v -0.276181 -0.383092 -0.408918
v -0.171079 1.198012 -0.379197
v -0.153996 1.188477 -0.365058
v -0.156422 1.206942 -0.378634
v -0.054312 1.153098 -0.343932
v -0.064770 1.170567 -0.350903
v -0.076215 1.157608 -0.341522
v 0.030921 1.150164 -0.401195
v 0.018146 1.164745 -0.397084
v 0.017073 1.148085 -0.383691
v 0.051802 1.182364 -0.503335
v 0.045414 1.192725 -0.490937
v 0.054094 1.173944 -0.480959
v -0.003864 1.231791 -0.590544
v -0.000593 1.238769 -0.577969
v 0.013186 1.221008 -0.576378
v -0.103475 1.268643 -0.611717
v -0.092245 1.275144 -0.605700
v -0.081643 1.262659 -0.614075
v -0.188739 1.270255 -0.554426
v -0.175161 1.280966 -0.559518
v -0.174855 1.273656 -0.571960
v -0.209689 1.236656 -0.452243
v -0.202430 1.252986 -0.465666
v -0.211915 1.246476 -0.474667
v -0.199138 0.727863 -0.338322
v -0.190131 0.719583 -0.337806
v -0.187545 0.727852 -0.329151
v -0.077079 0.717210 -0.305666
v -0.068833 0.725128 -0.301277
v -0.083507 0.725668 -0.299574
v 0.025491 0.711648 -0.362830
v 0.034717 0.719257 -0.365463
v 0.025559 0.720010 -0.353884
v 0.057495 0.706155 -0.475812
v 0.062448 0.713678 -0.484108
v 0.064170 0.714202 -0.469436
v 0.000186 0.703949 -0.578428
v -0.001886 0.711659 -0.587713
v 0.009708 0.711648 -0.578543
v -0.112866 0.706321 -0.610567
v -0.120597 0.714383 -0.615587
v -0.105924 0.713843 -0.617290
v -0.215436 0.711883 -0.553403
v -0.224148 0.720253 -0.551402
v -0.214989 0.719501 -0.562981
v -0.247440 0.717376 -0.440422
v -0.251878 0.725832 -0.432756
v -0.253600 0.725308 -0.447429
v -0.198044 0.761819 -0.339663
v -0.186451 0.761807 -0.330492
v -0.188522 0.769518 -0.339778
v -0.067739 0.759084 -0.302618
v -0.075471 0.767145 -0.307638
v -0.082413 0.759624 -0.300915
v 0.035811 0.753213 -0.366804
v 0.027099 0.761583 -0.364802
v 0.026653 0.753965 -0.355225
v 0.063542 0.747634 -0.485449
v 0.059104 0.756090 -0.477784
v 0.065264 0.748158 -0.470777
v -0.000792 0.745615 -0.589054
v 0.001795 0.753884 -0.580400
v 0.010802 0.745604 -0.579884
v -0.119503 0.748338 -0.616928
v -0.111257 0.756257 -0.612539
v -0.104830 0.747799 -0.618631
v -0.223054 0.754209 -0.552743
v -0.213827 0.761818 -0.555375
v -0.213896 0.753457 -0.564322
v -0.250784 0.759788 -0.434097
v -0.245831 0.767311 -0.442394
v -0.252506 0.759264 -0.448770
v -0.266307 -0.383260 0.386227
v -0.256624 -0.395357 0.377744
v -0.245656 -0.382948 0.383894
v -0.146060 -0.395897 0.296147
v -0.135023 -0.383900 0.289338
v -0.143338 -0.383447 0.308382
v -0.161409 -0.400539 0.159672
v -0.161567 -0.388960 0.146333
v -0.149231 -0.388196 0.163044
v -0.287322 -0.404643 0.104793
v -0.298737 -0.393068 0.097886
v -0.278086 -0.392757 0.095553
v -0.397886 -0.404103 0.186390
v -0.409364 -0.392117 0.192436
v -0.401049 -0.392569 0.173392
v -0.382537 -0.399461 0.322865
v -0.382827 -0.387057 0.335439
v -0.395163 -0.387821 0.318728
v -0.293155 0.983605 0.330788
v -0.272611 0.988643 0.328291
v -0.283219 0.995691 0.321927
v -0.171395 0.980092 0.241064
v -0.182793 0.992854 0.247920
v -0.179822 0.986022 0.259912
v -0.195626 0.923833 0.111495
v -0.196040 0.941413 0.123814
v -0.183465 0.933204 0.127943
v -0.321106 0.875971 0.069191
v -0.310944 0.892910 0.074797
v -0.300498 0.879565 0.066753
v -0.422293 0.882925 0.156513
v -0.411369 0.895747 0.148804
v -0.413902 0.878592 0.137576
v -0.398026 0.939338 0.286056
v -0.398123 0.947188 0.272910
v -0.410214 0.929815 0.269637
v -0.271754 0.178127 0.382045
v -0.265306 0.170059 0.376321
v -0.257987 0.178334 0.380490
v -0.141289 0.169454 0.284796
v -0.133867 0.177454 0.280285
v -0.139411 0.177756 0.292980
v -0.158506 0.164247 0.131715
v -0.158553 0.171966 0.122779
v -0.150329 0.172475 0.133920
v -0.299740 0.159644 0.070159
v -0.307358 0.167358 0.065479
v -0.293591 0.167565 0.063924
v -0.423757 0.160249 0.161684
v -0.431477 0.168238 0.165685
v -0.425934 0.167936 0.152989
v -0.406540 0.165457 0.314765
v -0.406792 0.173726 0.323190
v -0.415016 0.173217 0.312050
v -0.272388 0.212104 0.380961
v -0.258621 0.212311 0.379406
v -0.266239 0.220025 0.374726
v -0.134502 0.211431 0.279200
v -0.142222 0.219420 0.283201
v -0.140045 0.211733 0.291896
v -0.159188 0.205943 0.121695
v -0.159439 0.214213 0.130120
v -0.150964 0.206452 0.132835
v -0.307993 0.201335 0.064395
v -0.300673 0.209610 0.068564
v -0.294226 0.201542 0.062839
v -0.432112 0.202215 0.164600
v -0.424690 0.210215 0.160089
v -0.426569 0.201913 0.151904
v -0.407426 0.207703 0.322105
v -0.407473 0.215422 0.313170
v -0.415650 0.207194 0.310965
v -0.272964 0.242913 0.379978
v -0.266516 0.234845 0.374253
v -0.259197 0.243120 0.378422
v -0.142499 0.234240 0.282728
v -0.135078 0.242240 0.278217
v -0.140621 0.242542 0.290913
v -0.159716 0.229033 0.129647
v -0.159763 0.236752 0.120712
v -0.151539 0.237261 0.131852
v -0.300950 0.224430 0.068091
v -0.308568 0.232144 0.063412
v -0.294801 0.232351 0.061856
v -0.424967 0.225035 0.159616
v -0.432687 0.233024 0.163617
v -0.427144 0.232722 0.150921
v -0.407750 0.230242 0.312697
v -0.408002 0.238512 0.321122
v -0.416226 0.238003 0.309982
v -0.273599 0.276890 0.378893
v -0.259831 0.277097 0.377338
v -0.267449 0.284811 0.372658
v -0.135712 0.276217 0.277132
v -0.143432 0.284206 0.281133
v -0.141255 0.276519 0.289828
v -0.160398 0.270729 0.119627
v -0.160649 0.278998 0.128052
v -0.152174 0.271238 0.130767
v -0.309203 0.266121 0.062327
v -0.301884 0.274396 0.066496
v -0.295436 0.266328 0.060772
v -0.433322 0.267001 0.162532
v -0.425900 0.275001 0.158021
v -0.427779 0.266699 0.149837
v -0.408636 0.272489 0.320038
v -0.408683 0.280208 0.311102
v -0.416860 0.271980 0.308897
vn -0.0934 -0.9938 0.0611
vn -0.7413 0.1176 0.6608
vn -0.0523 0.0734 0.9959
vn 0.6669 -0.0094 0.7451
vn 0.9949 -0.0822 0.0584
vn 0.7427 -0.1026 -0.6617
vn 0.3904 0.8666 -0.3109
vn -0.6631 0.0240 -0.7482
vn -0.9934 0.0970 -0.0616
vn -0.3240 -0.5874 -0.7416
vn -0.7910 -0.5181 -0.3253
vn -0.8258 -0.4764 0.3018
vn -0.4080 -0.4867 0.7724
vn 0.2177 -0.5431 0.8110
vn 0.6849 -0.6124 0.3948
vn 0.7198 -0.6541 -0.2324
vn 0.3019 -0.6438 -0.7032
vn -0.0537 0.4497 -0.8916
vn -0.5485 0.5885 -0.5940
vn -0.6930 0.7137 0.1017
vn -0.1527 0.6962 0.7014
vn 0.5395 0.5553 0.6329
vn 0.8886 0.4220 0.1796
vn 0.8614 0.3456 -0.3722
vn 0.4877 0.3568 -0.7968
vn -0.3258 -0.0192 -0.9452
vn -0.5370 -0.6883 -0.4877
vn -0.8965 0.0654 -0.4382
vn -0.1916 0.6307 -0.7520
vn -0.7713 -0.6365 -0.0004
vn -0.9388 0.1161 0.3243
vn -0.5039 0.8050 -0.3132
vn -0.5924 -0.6218 0.5123
vn -0.4308 0.1035 0.8965
vn -0.3184 0.8932 0.3175
vn -0.1050 -0.6530 0.7500
vn 0.3301 0.0351 0.9433
vn 0.2791 0.7761 0.5654
vn 0.4054 -0.7117 0.5737
vn 0.8980 -0.0491 0.4372
vn 0.7400 0.6001 0.3038
vn 0.6398 -0.7636 0.0864
vn 0.9403 -0.0998 -0.3253
vn 0.8594 0.4867 -0.1567
vn 0.4610 -0.7783 -0.4264
vn 0.4323 -0.0872 -0.8975
vn 0.6756 0.4555 -0.5798
vn -0.0265 -0.7471 -0.6642
vn 0.2803 0.5044 -0.8167
vn 0.0560 -0.0586 -0.9967
vn -0.7420 0.1104 0.6612
vn -0.0553 0.0664 0.9963
vn 0.6638 -0.0164 0.7477
vn 0.9941 -0.0896 0.0612
vn 0.7420 -0.1104 -0.6612
vn 0.0934 0.9938 -0.0611
vn -0.6638 0.0164 -0.7477
vn -0.9941 0.0896 -0.0612
vn -0.3234 -0.5919 -0.7383
vn -0.7887 -0.5227 -0.3237
vn -0.8234 -0.4810 0.3011
vn -0.4071 -0.4913 0.7700
vn 0.2163 -0.5476 0.8083
vn 0.6816 -0.6168 0.3937
vn 0.7163 -0.6584 -0.2311
vn 0.3000 -0.6481 -0.7000
vn -0.2163 0.5475 -0.8083
vn -0.6816 0.6168 -0.3937
vn -0.7163 0.6584 0.2311
vn -0.3000 0.6481 0.7000
vn 0.3234 0.5919 0.7383
vn 0.7887 0.5227 0.3237
vn 0.8234 0.4810 -0.3011
vn 0.4071 0.4913 -0.7700
vn -0.3293 -0.0271 -0.9438
vn -0.5354 -0.6911 -0.4855
vn -0.8973 0.0574 -0.4378
vn -0.4034 0.7143 -0.5719
vn -0.7690 -0.6393 -0.0001
vn -0.9396 0.1082 0.3248
vn -0.6369 0.7661 -0.0864
vn -0.5907 -0.6247 0.5107
vn -0.4315 0.0957 0.8970
vn -0.4587 0.7807 0.4244
vn -0.1051 -0.6557 0.7476
vn 0.3293 0.0271 0.9438
vn 0.0269 0.7497 0.6613
vn 0.4034 -0.7143 0.5719
vn 0.8973 -0.0574 0.4378
vn 0.5354 0.6911 0.4855
vn 0.6369 -0.7661 0.0864
vn 0.9396 -0.1082 -0.3247
vn 0.7690 0.6393 0.0001
vn 0.4587 -0.7807 -0.4244
vn 0.4315 -0.0957 -0.8970
vn 0.5907 0.6247 -0.5107
vn -0.0269 -0.7497 -0.6613
vn 0.1051 0.6557 -0.7476
vn 0.0553 -0.0664 -0.9963
vn 0.0702 -0.9975 0.0038
vn 0.4255 0.0371 -0.9042
vn -0.5686 -0.0328 -0.8219
vn -0.9947 -0.0594 0.0837
vn 0.0656 0.9895 0.1289
vn 0.5675 0.0539 0.8216
vn 0.9934 0.0804 -0.0823
vn 0.1068 -0.5311 0.8406
vn 0.7968 -0.4843 0.3614
vn 0.7279 -0.4925 -0.4771
vn -0.0309 -0.5474 -0.8363
vn -0.7207 -0.5942 -0.3572
vn -0.6520 -0.5860 0.4812
vn 0.0930 0.5214 0.8483
vn 0.7319 0.5566 0.3931
vn 0.7063 0.5847 -0.3990
vn -0.0300 0.5774 -0.8159
vn -0.7851 0.5365 -0.3096
vn -0.6570 0.5098 0.5554
vn 0.0821 0.0220 0.9964
vn 0.4531 -0.6709 0.5870
vn 0.9009 0.0776 0.4270
vn 0.4093 0.6745 0.6144
vn 0.7562 -0.6520 -0.0558
vn 0.8191 0.0678 -0.5696
vn 0.7032 0.7103 0.0319
vn 0.3524 -0.6827 -0.6401
vn -0.0827 0.0024 -0.9966
vn 0.3579 0.7454 -0.5624
vn -0.3543 -0.7323 -0.5815
vn -0.9027 -0.0532 -0.4271
vn -0.3915 0.7451 -0.5399
vn -0.6572 -0.7512 0.0612
vn -0.8209 -0.0434 0.5695
vn -0.6976 0.6985 0.1596
vn -0.2536 -0.7205 0.6454
vn -0.2454 0.6647 0.7057
vn -0.4252 -0.0159 0.9049
vn 0.4262 0.0266 -0.9042
vn -0.5679 -0.0431 -0.8219
vn -0.9942 -0.0696 0.0823
vn -0.0702 0.9975 -0.0038
vn 0.5679 0.0431 0.8219
vn 0.9942 0.0696 -0.0823
vn 0.1069 -0.5384 0.8359
vn 0.7930 -0.4919 0.3594
vn 0.7246 -0.4999 -0.4744
vn -0.0300 -0.5544 -0.8317
vn -0.7161 -0.6009 -0.3552
vn -0.6477 -0.5929 0.4786
vn 0.0300 0.5544 0.8317
vn 0.7161 0.6008 0.3552
vn 0.6477 0.5929 -0.4786
vn -0.1069 0.5384 -0.8359
vn -0.7930 0.4919 -0.3594
vn -0.7246 0.4999 0.4744
vn 0.0818 0.0095 0.9966
vn 0.4512 -0.6749 0.5839
vn 0.9019 0.0651 0.4270
vn 0.3520 0.7358 0.5785
vn 0.7526 -0.6561 -0.0555
vn 0.8201 0.0555 -0.5696
vn 0.6533 0.7546 -0.0609
vn 0.3510 -0.6866 -0.6367
vn -0.0818 -0.0095 -0.9966
vn 0.2518 0.7241 -0.6421
vn -0.3520 -0.7358 -0.5785
vn -0.9019 -0.0651 -0.4270
vn -0.4512 0.6749 -0.5839
vn -0.6533 -0.7546 0.0609
vn -0.8201 -0.0555 0.5696
vn -0.7526 0.6561 0.0555
vn -0.2518 -0.7241 0.6421
vn -0.3510 0.6866 0.6367
vn -0.4262 -0.0266 0.9042
vn -0.7930 0.4919 -0.3593
vn 0.6534 0.7546 -0.0609
vn -0.7161 -0.6008 -0.3552
vn 0.0002 -1.0000 -0.0001
vn 0.3094 0.0081 0.9509
vn 0.9782 0.0083 0.2076
vn 0.6688 0.0082 -0.7434
vn 0.0535 0.9859 0.1588
vn -0.9784 0.0077 -0.2064
vn -0.6680 0.0078 0.7442
vn -0.6245 -0.5424 -0.5620
vn -0.7989 -0.5425 0.2599
vn -0.1743 -0.5423 0.8219
vn 0.6247 -0.5422 0.5619
vn 0.7990 -0.5422 -0.2600
vn 0.1745 -0.5423 -0.8219
vn -0.6375 0.5829 -0.5039
vn -0.7642 0.5447 0.3453
vn -0.1385 0.5105 0.8487
vn 0.6125 0.5102 0.6038
vn 0.8214 0.5441 -0.1709
vn 0.2208 0.5825 -0.7823
vn -0.7437 0.0090 -0.6684
vn -0.6943 -0.7044 -0.1474
vn -0.9509 0.0091 0.3094
vn -0.6809 0.7315 -0.0350
vn -0.4747 -0.7044 0.5277
vn -0.2075 0.0093 0.9782
vn -0.4161 0.6730 0.6115
vn 0.2198 -0.7043 0.6751
vn 0.7434 0.0094 0.6688
vn 0.2367 0.6482 0.7237
vn 0.6946 -0.7041 0.1473
vn 0.9509 0.0094 -0.3094
vn 0.6975 0.6721 0.2485
vn 0.4750 -0.7041 -0.5278
vn 0.2075 0.0092 -0.9782
vn 0.5315 0.7304 -0.4290
vn -0.2195 -0.7043 -0.6751
vn -0.1973 0.7666 -0.6110
vn -0.3094 0.0079 -0.9509
vn 0.3094 -0.0000 0.9509
vn 0.9782 0.0001 0.2075
vn 0.6689 0.0002 -0.7434
vn -0.0002 1.0000 0.0001
vn -0.9782 -0.0001 -0.2075
vn -0.6688 -0.0002 0.7434
vn -0.6219 -0.5478 -0.5596
vn -0.7955 -0.5479 0.2588
vn -0.1736 -0.5479 0.8184
vn 0.6220 -0.5477 0.5595
vn 0.7957 -0.5476 -0.2589
vn 0.1737 -0.5476 -0.8185
vn -0.6221 0.5477 -0.5595
vn -0.7957 0.5476 0.2589
vn -0.1737 0.5476 0.8185
vn 0.6219 0.5478 0.5597
vn 0.7955 0.5479 -0.2588
vn 0.1736 0.5479 -0.8184
vn -0.7434 -0.0001 -0.6689
vn -0.6916 -0.7072 -0.1468
vn -0.9509 -0.0002 0.3094
vn -0.6918 0.7070 -0.1467
vn -0.4728 -0.7072 0.5256
vn -0.2075 -0.0001 0.9782
vn -0.4731 0.7070 0.5257
vn 0.2189 -0.7071 0.6723
vn 0.7434 0.0001 0.6689
vn 0.2186 0.7071 0.6725
vn 0.6918 -0.7070 0.1467
vn 0.9509 0.0002 -0.3094
vn 0.6916 0.7072 0.1468
vn 0.4731 -0.7070 -0.5257
vn 0.2075 0.0001 -0.9782
vn 0.4728 0.7072 -0.5256
vn -0.2186 -0.7071 -0.6725
vn -0.2189 0.7071 -0.6724
vn -0.3094 0.0001 -0.9509
vn 0.0160 -0.9986 -0.0503
vn -0.9988 -0.0051 -0.0496
vn -0.5416 -0.0425 0.8396
vn 0.4565 -0.0288 0.8893
vn 0.1218 0.9830 0.1373
vn 0.5425 0.0595 -0.8380
vn -0.4561 0.0459 -0.8887
vn 0.7565 -0.5099 -0.4095
vn 0.0507 -0.4983 -0.8655
vn -0.6971 -0.5296 -0.4833
vn -0.7391 -0.5725 0.3549
vn -0.0334 -0.5840 0.8111
vn 0.7145 -0.5527 0.4289
vn 0.7785 0.5537 -0.2957
vn 0.1157 0.6081 -0.7854
vn -0.6879 0.5992 -0.4096
vn -0.7007 0.5319 0.4755
vn 0.0210 0.4829 0.8754
vn 0.7160 0.4944 0.4928
vn 0.8901 0.0471 -0.4533
vn 0.3966 -0.6669 -0.6308
vn 0.0498 0.0608 -0.9969
vn 0.4683 0.7336 -0.4926
vn -0.3125 -0.6765 -0.6668
vn -0.8399 0.0236 -0.5422
vn -0.2534 0.7811 -0.5707
vn -0.6978 -0.7127 -0.0715
vn -0.8899 -0.0274 0.4552
vn -0.6661 0.7429 0.0666
vn -0.3740 -0.7393 0.5600
vn -0.0502 -0.0411 0.9979
vn -0.2957 0.6626 0.6881
vn 0.3351 -0.7297 0.5960
vn 0.8396 -0.0038 0.5432
vn 0.3814 0.6294 0.6771
vn 0.7205 -0.6935 0.0006
vn 0.7385 0.6626 0.1247
vn 0.9984 0.0222 0.0512
vn -0.9986 -0.0134 -0.0507
vn -0.5426 -0.0509 0.8384
vn 0.4560 -0.0375 0.8892
vn -0.0160 0.9986 0.0503
vn 0.5426 0.0509 -0.8384
vn -0.4560 0.0375 -0.8892
vn 0.7532 -0.5159 -0.4080
vn 0.0506 -0.5043 -0.8621
vn -0.6939 -0.5354 -0.4816
vn -0.7357 -0.5781 0.3529
vn -0.0331 -0.5897 0.8069
vn 0.7114 -0.5586 0.4265
vn 0.7357 0.5781 -0.3529
vn 0.0331 0.5897 -0.8069
vn -0.7114 0.5586 -0.4265
vn -0.7532 0.5159 0.4080
vn -0.0506 0.5043 0.8621
vn 0.6939 0.5354 0.4816
vn 0.8898 0.0372 -0.4548
vn 0.3950 -0.6701 -0.6284
vn 0.0500 0.0510 -0.9974
vn 0.3724 0.7421 -0.5573
vn -0.3111 -0.6796 -0.6643
vn -0.8398 0.0139 -0.5427
vn -0.3338 0.7326 -0.5932
vn -0.6948 -0.7156 -0.0715
vn -0.8898 -0.0372 0.4548
vn -0.7175 0.6966 -0.0003
vn -0.3724 -0.7421 0.5573
vn -0.0500 -0.0510 0.9974
vn -0.3950 0.6701 0.6284
vn 0.3338 -0.7326 0.5932
vn 0.8398 -0.0139 0.5427
vn 0.3111 0.6796 0.6643
vn 0.7175 -0.6966 0.0003
vn 0.6948 0.7156 0.0715
vn 0.9986 0.0134 0.0507
vn -0.7174 0.6966 -0.0003
vn 0.7174 -0.6966 0.0003
vn -0.0322 -0.9987 0.0394
vn 0.9619 -0.0131 0.2731
vn 0.8727 -0.0404 -0.4865
vn 0.2725 -0.0400 -0.9613
vn -0.4873 -0.0122 -0.8732
vn -0.9621 0.0269 -0.2715
vn 0.2548 0.9039 0.3435
vn -0.2697 0.0536 0.9615
vn 0.4878 0.0259 0.8726
vn -0.5277 -0.5266 0.6665
vn 0.0775 -0.5392 0.8386
vn 0.6266 -0.5689 0.5326
vn 0.7979 -0.5984 -0.0723
vn 0.4910 -0.6104 -0.6215
vn -0.1141 -0.5978 -0.7935
vn -0.6631 -0.5680 -0.4875
vn -0.8344 -0.5385 0.1172
vn -0.3495 0.5247 0.7762
vn 0.1902 0.4599 0.8674
vn 0.6820 0.4310 0.5908
vn 0.8882 0.4526 0.0793
vn 0.7167 0.5138 -0.4715
vn 0.0787 0.6006 -0.7957
vn -0.6558 0.6438 -0.3944
vn -0.7280 0.5985 0.3344
vn -0.6170 0.0584 0.7848
vn -0.2158 -0.6706 0.7097
vn 0.1167 0.0431 0.9922
vn -0.0091 0.5916 0.8062
vn 0.3233 -0.6904 0.6472
vn 0.7845 0.0069 0.6201
vn 0.4365 0.5465 0.7147
vn 0.6598 -0.7180 0.2218
vn 0.9929 -0.0290 -0.1155
vn 0.7463 0.5467 0.3798
vn 0.5964 -0.7373 -0.3172
vn 0.6198 -0.0436 -0.7836
vn 0.7905 0.6045 -0.0981
vn 0.1705 -0.7370 -0.6541
vn -0.1163 -0.0283 -0.9928
vn 0.4464 0.7281 -0.5202
vn -0.3685 -0.7172 -0.5915
vn -0.7841 0.0079 -0.6206
vn -0.2186 0.8390 -0.4983
vn -0.7049 -0.6895 -0.1661
vn -0.9924 0.0438 0.1149
vn -0.6038 0.7948 0.0615
vn -0.6417 -0.6703 0.3728
vn -0.4365 0.6792 0.5900
vn -0.8707 0.0541 0.4888
vn 0.9617 -0.0202 0.2734
vn 0.8725 -0.0473 -0.4863
vn 0.2722 -0.0467 -0.9611
vn -0.4875 -0.0188 -0.8729
vn -0.9617 0.0202 -0.2734
vn 0.0322 0.9987 -0.0394
vn -0.2722 0.0467 0.9611
vn 0.4875 0.0188 0.8729
vn -0.5261 -0.5309 0.6644
vn 0.0770 -0.5435 0.8359
vn 0.6242 -0.5732 0.5309
vn 0.7949 -0.6025 -0.0718
vn 0.4892 -0.6143 -0.6192
vn -0.1139 -0.6016 -0.7906
vn -0.6611 -0.5719 -0.4857
vn -0.8318 -0.5426 0.1170
vn -0.4892 0.6143 0.6192
vn 0.1139 0.6016 0.7906
vn 0.6611 0.5719 0.4857
vn 0.8318 0.5426 -0.1170
vn 0.5261 0.5309 -0.6644
vn -0.0770 0.5435 -0.8359
vn -0.6242 0.5732 -0.5309
vn -0.7949 0.6025 0.0718
vn -0.6195 0.0509 0.7833
vn -0.2153 -0.6732 0.7075
vn 0.1165 0.0354 0.9926
vn -0.1698 0.7392 0.6517
vn 0.3220 -0.6929 0.6451
vn 0.7843 -0.0008 0.6204
vn 0.3675 0.7195 0.5894
vn 0.6573 -0.7205 0.2212
vn 0.9927 -0.0365 -0.1152
vn 0.7028 0.6919 0.1654
vn 0.5942 -0.7396 -0.3160
vn 0.6195 -0.0509 -0.7833
vn 0.6397 0.6727 -0.3717
vn 0.1698 -0.7392 -0.6517
vn -0.1165 -0.0354 -0.9926
vn 0.2153 0.6731 -0.7075
vn -0.3675 -0.7195 -0.5894
vn -0.7843 0.0008 -0.6204
vn -0.3220 0.6929 -0.6451
vn -0.7028 -0.6919 -0.1654
vn -0.9927 0.0365 0.1152
vn -0.6573 0.7205 -0.2212
vn -0.6397 -0.6727 0.3717
vn -0.5942 0.7396 0.3160
vn -0.8725 0.0473 0.4863
vn 0.0187 -0.9993 0.0319
vn 0.3974 -0.0140 -0.9175
vn -0.5937 -0.0286 -0.8042
vn -0.9937 -0.0069 0.1120
vn -0.2331 0.9069 -0.3510
vn 0.5935 0.0442 0.8036
vn 0.9931 0.0224 -0.1152
vn 0.1040 -0.5139 0.8515
vn 0.7798 -0.5172 0.3528
vn 0.6861 -0.5454 -0.4815
vn -0.0837 -0.5703 -0.8172
vn -0.7598 -0.5670 -0.3183
vn -0.6658 -0.5388 0.5161
vn -0.0571 0.6204 0.7822
vn 0.7768 0.6103 0.1553
vn 0.5437 0.4902 -0.6813
vn -0.1765 0.4031 -0.8980
vn -0.7957 0.4096 -0.4463
vn -0.8073 0.5040 0.3069
vn 0.1103 0.0424 0.9930
vn 0.4344 -0.6779 0.5931
vn 0.9161 0.0386 0.3991
vn 0.3237 0.8544 0.4065
vn 0.7183 -0.6933 -0.0572
vn 0.8044 0.0051 -0.5941
vn 0.5900 0.7217 -0.3621
vn 0.2971 -0.7193 -0.6279
vn -0.1119 -0.0244 -0.9934
vn 0.1053 0.5725 -0.8131
vn -0.4082 -0.7298 -0.5483
vn -0.9164 -0.0205 -0.3997
vn -0.4949 0.5258 -0.6918
vn -0.6922 -0.7144 0.1022
vn -0.8047 0.0129 0.5935
vn -0.7965 0.5839 -0.1570
vn -0.2708 -0.6884 0.6729
vn -0.5028 0.7404 0.4460
vn -0.4002 0.0295 0.9160
vn 0.4000 -0.0218 -0.9162
vn -0.5935 -0.0367 -0.8040
vn -0.9936 -0.0150 0.1123
vn -0.0187 0.9993 -0.0319
vn 0.5935 0.0367 0.8040
vn 0.9936 0.0150 -0.1123
vn 0.1037 -0.5191 0.8484
vn 0.7768 -0.5224 0.3516
vn 0.6834 -0.5507 -0.4793
vn -0.0832 -0.5756 -0.8135
vn -0.7564 -0.5724 -0.3167
vn -0.6629 -0.5441 0.5143
vn 0.0832 0.5756 0.8134
vn 0.7564 0.5724 0.3167
vn 0.6629 0.5441 -0.5143
vn -0.1037 0.5191 -0.8484
vn -0.7768 0.5224 -0.3516
vn -0.6834 0.5507 0.4793
vn 0.1117 0.0338 0.9932
vn 0.4329 -0.6806 0.5911
vn 0.9163 0.0299 0.3994
vn 0.4065 0.7326 0.5459
vn 0.7158 -0.6960 -0.0568
vn 0.8046 -0.0039 -0.5938
vn 0.6894 0.7172 -0.1019
vn 0.2961 -0.7220 -0.6253
vn -0.1117 -0.0338 -0.9932
vn 0.2697 0.6912 -0.6704
vn -0.4065 -0.7326 -0.5459
vn -0.9163 -0.0299 -0.3994
vn -0.4329 0.6806 -0.5911
vn -0.6894 -0.7172 0.1019
vn -0.8046 0.0039 0.5938
vn -0.7158 0.6960 0.0568
vn -0.2697 -0.6912 0.6704
vn -0.2961 0.7220 0.6253
vn -0.4000 0.0218 0.9162
vn 0.0832 0.5756 0.8135
vn -0.0546 0.0738 0.9958
vn 0.6645 -0.0088 0.7472
vn 0.9948 -0.0819 0.0607
vn 0.7428 -0.1026 -0.6616
vn 0.3904 0.8666 -0.3110
vn -0.6607 0.0234 -0.7503
vn -0.9933 0.0967 -0.0637
vn -0.3285 -0.0188 -0.9443
vn -0.5369 -0.6884 -0.4876
vn -0.8953 0.0651 -0.4407
vn -0.1915 0.6308 -0.7520
vn -0.9392 0.1160 0.3233
vn -0.5038 0.8051 -0.3132
vn -0.4297 0.1034 0.8970
vn -0.3185 0.8932 0.3175
vn -0.1050 -0.6529 0.7501
vn 0.3327 0.0347 0.9424
vn 0.2791 0.7761 0.5655
vn 0.8992 -0.0494 0.4347
vn 0.7401 0.6000 0.3039
vn 0.6399 -0.7636 0.0864
vn 0.9400 -0.0998 -0.3263
vn 0.8594 0.4866 -0.1567
vn 0.4335 -0.0873 -0.8969
vn -0.0265 -0.7471 -0.6641
vn 0.2804 0.5045 -0.8166
vn 0.0584 -0.0590 -0.9965
vn -0.8973 0.0574 -0.4377
vn -0.7689 -0.6393 -0.0001
vn -0.4586 0.7807 0.4244
vn 0.9396 -0.1082 -0.3248
vn 0.4272 0.0370 -0.9034
vn -0.5683 -0.0328 -0.8221
vn -0.9949 -0.0592 0.0823
vn 0.5672 0.0539 0.8218
vn 0.9935 0.0803 -0.0808
vn 0.0809 0.0220 0.9965
vn 0.9007 0.0775 0.4275
vn 0.4093 0.6745 0.6145
vn 0.7561 -0.6521 -0.0558
vn 0.8201 0.0678 -0.5681
vn 0.7031 0.7103 0.0319
vn 0.3523 -0.6828 -0.6400
vn -0.0815 0.0025 -0.9967
vn 0.3578 0.7455 -0.5623
vn -0.9029 -0.0532 -0.4265
vn -0.6573 -0.7512 0.0612
vn -0.8199 -0.0434 0.5709
vn -0.6976 0.6984 0.1596
vn -0.2536 -0.7204 0.6455
vn -0.2455 0.6646 0.7057
vn -0.4269 -0.0158 0.9041
vn 0.9942 0.0697 -0.0823
vn 0.9780 0.0082 0.2087
vn 0.6697 0.0081 -0.7426
vn -0.9782 0.0079 -0.2075
vn -0.6688 0.0079 0.7434
vn -0.7434 0.0091 -0.6688
vn -0.6944 -0.7044 -0.1474
vn -0.9505 0.0090 0.3105
vn -0.4748 -0.7044 0.5277
vn -0.2069 0.0092 0.9783
vn 0.7430 0.0094 0.6693
vn 0.6946 -0.7042 0.1473
vn 0.9513 0.0094 -0.3082
vn 0.6974 0.6722 0.2485
vn 0.4749 -0.7042 -0.5278
vn 0.2081 0.0092 -0.9781
vn 0.5314 0.7304 -0.4290
vn -0.6689 -0.0002 0.7434
vn 0.7434 0.0001 0.6688
vn -0.2189 0.7071 -0.6723
vn -0.3094 -0.0000 -0.9509
vn -0.9987 -0.0050 -0.0503
vn -0.5427 -0.0423 0.8388
vn 0.4559 -0.0288 0.8896
vn 0.5436 0.0594 -0.8372
vn -0.4555 0.0459 -0.8890
vn 0.8896 0.0471 -0.4542
vn 0.3966 -0.6670 -0.6308
vn 0.0509 0.0608 -0.9968
vn 0.4682 0.7336 -0.4925
vn -0.2533 0.7811 -0.5707
vn -0.6979 -0.7127 -0.0715
vn -0.8895 -0.0274 0.4562
vn -0.6662 0.7428 0.0666
vn -0.3741 -0.7392 0.5600
vn -0.0491 -0.0411 0.9979
vn -0.2957 0.6626 0.6882
vn 0.3351 -0.7297 0.5961
vn 0.8396 -0.0038 0.5431
vn 0.7204 -0.6935 0.0006
vn 0.9984 0.0221 0.0519
vn 0.9613 -0.0131 0.2754
vn 0.8743 -0.0405 -0.4837
vn 0.2747 -0.0402 -0.9607
vn -0.4872 -0.0122 -0.8732
vn -0.9615 0.0269 -0.2736
vn -0.2720 0.0538 0.9608
vn 0.4877 0.0259 0.8726
vn -0.6193 0.0584 0.7830
vn -0.2159 -0.6705 0.7098
vn 0.1180 0.0431 0.9921
vn -0.0092 0.5915 0.8062
vn 0.7838 0.0070 0.6210
vn 0.6597 -0.7181 0.2218
vn 0.9932 -0.0289 -0.1126
vn 0.7462 0.5467 0.3798
vn 0.5964 -0.7374 -0.3172
vn 0.6220 -0.0436 -0.7818
vn 0.7905 0.6046 -0.0980
vn 0.1705 -0.7370 -0.6540
vn -0.1151 -0.0284 -0.9930
vn 0.4463 0.7281 -0.5202
vn -0.7847 0.0079 -0.6198
vn -0.2187 0.8390 -0.4983
vn -0.7050 -0.6895 -0.1662
vn -0.9921 0.0439 0.1177
vn -0.6039 0.7947 0.0615
vn -0.6418 -0.6702 0.3728
vn -0.4366 0.6791 0.5901
vn -0.8723 0.0542 0.4860
vn -0.2153 -0.6731 0.7075
vn 0.3999 -0.0137 -0.9165
vn -0.5935 -0.0287 -0.8043
vn -0.9940 -0.0073 0.1092
vn 0.5934 0.0443 0.8037
vn 0.9934 0.0227 -0.1125
vn 0.1115 0.0425 0.9929
vn 0.9167 0.0385 0.3977
vn 0.7184 -0.6932 -0.0572
vn 0.8027 0.0050 -0.5963
vn 0.5901 0.7216 -0.3621
vn 0.2972 -0.7192 -0.6280
vn -0.1132 -0.0245 -0.9933
vn 0.1053 0.5723 -0.8132
vn -0.4082 -0.7299 -0.5483
vn -0.9158 -0.0206 -0.4011
vn -0.4949 0.5259 -0.6918
vn -0.6921 -0.7145 0.1021
vn -0.8064 0.0128 0.5912
vn -0.7964 0.5841 -0.1571
vn -0.2708 -0.6885 0.6728
vn -0.5028 0.7405 0.4459
vn -0.4026 0.0292 0.9149
vt 0.047222 0.745120
vt 0.063574 0.784784
vt 0.024098 0.801355
vt 0.045214 0.330124
vt 0.025834 0.006142
vt 0.045217 0.005938
vt 0.021067 0.330032
vt 0.009253 0.012618
vt 0.023018 0.006738
vt 0.154346 0.323888
vt 0.134947 0.016700
vt 0.154343 0.008287
vt 0.130174 0.323798
vt 0.117818 0.022888
vt 0.132086 0.017769
vt 0.229959 0.314676
vt 0.246256 0.014472
vt 0.251289 0.314386
vt 0.343919 0.847527
vt 0.308940 0.862721
vt 0.294511 0.826437
vt 0.078560 0.329128
vt 0.096584 0.020969
vt 0.099867 0.328994
vt 0.059897 0.329531
vt 0.074292 0.011396
vt 0.075695 0.329166
vt 0.102619 0.328998
vt 0.100768 0.330664
vt 0.077524 0.330810
vt 0.046174 0.331745
vt 0.048022 0.330112
vt 0.022902 0.331676
vt 0.023882 0.330061
vt 0.155243 0.325458
vt 0.157108 0.323837
vt 0.131990 0.325424
vt 0.133031 0.323857
vt 0.252288 0.316053
vt 0.254105 0.314372
vt 0.229018 0.316371
vt 0.227152 0.314740
vt 0.099345 0.022141
vt 0.097543 0.019676
vt 0.076011 0.010441
vt 0.077164 0.012640
vt 0.345525 0.827240
vt 0.343919 0.826309
vt 0.344420 0.824432
vt 0.344421 0.849437
vt 0.345525 0.846623
vt 0.155328 0.005938
vt 0.157108 0.006932
vt 0.133823 0.015266
vt 0.247155 0.012200
vt 0.249068 0.014062
vt 0.224058 0.014074
vt 0.225936 0.012202
vt 0.226872 0.014474
vt 0.048867 0.801704
vt 0.047222 0.801284
vt 0.048022 0.006465
vt 0.329490 0.811243
vt 0.063574 0.761520
vt 0.048867 0.744600
vt 0.063855 0.759633
vt 0.329478 0.862673
vt 0.331324 0.863174
vt 0.024876 0.743510
vt 0.046073 0.743445
vt 0.024098 0.745191
vt 0.007095 0.759808
vt 0.022083 0.744683
vt 0.262750 0.008377
vt 0.007747 0.784956
vt 0.005938 0.762622
vt 0.007747 0.761692
vt 0.007095 0.786753
vt 0.210327 0.008392
vt 0.210797 0.005938
vt 0.212131 0.315265
vt 0.733712 0.190732
vt 0.751767 0.234530
vt 0.708177 0.252829
vt 0.152292 0.569916
vt 0.147626 0.594327
vt 0.147626 0.569915
vt 0.152278 0.596204
vt 0.147310 0.613517
vt 0.147613 0.596204
vt 0.281585 0.543602
vt 0.276924 0.519201
vt 0.281585 0.519210
vt 0.281548 0.545506
vt 0.276076 0.563443
vt 0.276887 0.545497
vt 0.276903 0.594394
vt 0.281568 0.618806
vt 0.276903 0.618805
vt 0.356508 0.780354
vt 0.312825 0.798552
vt 0.294731 0.754694
vt 0.276892 0.503650
vt 0.281558 0.479263
vt 0.281558 0.503646
vt 0.276575 0.459277
vt 0.281544 0.477354
vt 0.276879 0.477358
vt 0.276879 0.505485
vt 0.275775 0.504240
vt 0.275775 0.478573
vt 0.276892 0.479267
vt 0.153370 0.569276
vt 0.152278 0.568044
vt 0.153370 0.594974
vt 0.152292 0.594327
vt 0.282630 0.518614
vt 0.281548 0.517369
vt 0.282630 0.544291
vt 0.275782 0.619453
vt 0.276886 0.620683
vt 0.275782 0.593755
vt 0.276886 0.592523
vt 0.281544 0.505481
vt 0.282636 0.504234
vt 0.282636 0.478567
vt 0.146509 0.569275
vt 0.147613 0.568043
vt 0.146509 0.594973
vt 0.275775 0.518601
vt 0.276887 0.517360
vt 0.275775 0.544278
vt 0.276923 0.543593
vt 0.282642 0.619453
vt 0.281552 0.620683
vt 0.281552 0.592523
vt 0.282642 0.593755
vt 0.281568 0.594394
vt 0.338414 0.736497
vt 0.313566 0.735421
vt 0.337875 0.735407
vt 0.733712 0.252750
vt 0.751963 0.235730
vt 0.734811 0.253038
vt 0.356508 0.754657
vt 0.339741 0.736182
vt 0.356929 0.753433
vt 0.357702 0.779718
vt 0.751963 0.207580
vt 0.751767 0.208841
vt 0.339741 0.798864
vt 0.338414 0.798536
vt 0.708177 0.190811
vt 0.732949 0.189607
vt 0.690122 0.209031
vt 0.706830 0.190463
vt 0.294731 0.780392
vt 0.311700 0.798881
vt 0.294511 0.781630
vt 0.688907 0.234050
vt 0.688907 0.209648
vt 0.690122 0.234720
vt 0.706830 0.253124
vt 0.689678 0.235922
vt 0.311700 0.736199
vt 0.312825 0.736512
vt 0.276519 0.575327
vt 0.880156 0.672990
vt 0.899791 0.639518
vt 0.919013 0.673294
vt 0.005939 0.729117
vt 0.023595 0.574458
vt 0.025321 0.727457
vt 0.237219 0.728026
vt 0.256073 0.568134
vt 0.257953 0.727742
vt 0.333458 0.719997
vt 0.318256 0.566744
vt 0.333458 0.562104
vt 0.595892 0.933628
vt 0.613723 0.902445
vt 0.631684 0.932966
vt 0.750830 0.625954
vt 0.730092 0.473610
vt 0.748955 0.472920
vt 0.028151 0.727495
vt 0.041704 0.579704
vt 0.044918 0.729634
vt 0.753032 0.625991
vt 0.751265 0.627643
vt 0.729126 0.627643
vt 0.727412 0.625991
vt 0.730084 0.625954
vt 0.026620 0.729287
vt 0.258381 0.729287
vt 0.260148 0.727630
vt 0.236255 0.729591
vt 0.234544 0.727982
vt 0.315202 0.723531
vt 0.313945 0.722115
vt 0.316773 0.722080
vt 0.751155 0.472627
vt 0.749340 0.470986
vt 0.727418 0.473484
vt 0.729139 0.471724
vt 0.024872 0.573256
vt 0.026430 0.575014
vt 0.256456 0.566721
vt 0.258269 0.568405
vt 0.234544 0.567856
vt 0.236262 0.566261
vt 0.237217 0.567705
vt 0.315423 0.567317
vt 0.316723 0.565232
vt 0.044513 0.731569
vt 0.594007 0.913800
vt 0.595832 0.913058
vt 0.005938 0.731058
vt 0.612096 0.901418
vt 0.878606 0.651351
vt 0.880294 0.650574
vt 0.631684 0.910660
vt 0.631624 0.912396
vt 0.898030 0.685481
vt 0.879887 0.674836
vt 0.899516 0.684350
vt 0.919151 0.675143
vt 0.900881 0.685503
vt 0.297702 0.567316
vt 0.297713 0.569257
vt 0.007069 0.851024
vt 0.028891 0.813661
vt 0.050396 0.851281
vt 0.064526 0.729549
vt 0.057742 0.707475
vt 0.062330 0.707370
vt 0.853921 0.765178
vt 0.849262 0.788892
vt 0.849262 0.765134
vt 0.563623 0.770560
vt 0.570362 0.789813
vt 0.565771 0.789704
vt 0.876813 0.570894
vt 0.833552 0.571232
vt 0.855073 0.533630
vt 0.442239 0.985719
vt 0.446904 0.961928
vt 0.446904 0.985699
vt 0.062330 0.705483
vt 0.059938 0.686347
vt 0.064526 0.686241
vt 0.442214 0.987187
vt 0.441113 0.986001
vt 0.441113 0.961315
vt 0.442214 0.960168
vt 0.442239 0.961949
vt 0.063540 0.706489
vt 0.854954 0.764915
vt 0.853866 0.763714
vt 0.854954 0.789588
vt 0.853866 0.790719
vt 0.853921 0.788936
vt 0.562671 0.769499
vt 0.563623 0.768674
vt 0.446879 0.987167
vt 0.447972 0.985971
vt 0.446879 0.960147
vt 0.447972 0.961285
vt 0.056793 0.706644
vt 0.057742 0.705588
vt 0.848103 0.764850
vt 0.849208 0.763670
vt 0.849208 0.790675
vt 0.848103 0.789523
vt 0.568215 0.768783
vt 0.569423 0.769659
vt 0.568215 0.770669
vt 0.876740 0.545939
vt 0.877978 0.570506
vt 0.065821 0.686507
vt 0.855219 0.583540
vt 0.877034 0.572156
vt 0.856240 0.584333
vt 0.065821 0.729523
vt 0.833479 0.572496
vt 0.006039 0.826544
vt 0.007175 0.826030
vt 0.028680 0.863650
vt 0.006881 0.852261
vt 0.571653 0.789541
vt 0.029591 0.864430
vt 0.570362 0.746542
vt 0.571653 0.746561
vt 0.565771 0.746433
vt 0.834610 0.508349
vt 0.856432 0.470986
vt 0.877937 0.508606
vt 0.154242 0.725035
vt 0.147458 0.702961
vt 0.152046 0.702855
vt 0.634023 0.225324
vt 0.629364 0.249038
vt 0.629364 0.225279
vt 0.468318 0.800722
vt 0.475057 0.819975
vt 0.470465 0.819867
vt 0.886326 0.840348
vt 0.843064 0.840686
vt 0.864585 0.803085
vt 0.886682 0.765471
vt 0.891346 0.789221
vt 0.886682 0.789242
vt 0.154242 0.681726
vt 0.147458 0.701074
vt 0.149654 0.681832
vt 0.886657 0.790709
vt 0.885555 0.789523
vt 0.885555 0.764837
vt 0.886657 0.763690
vt 0.153256 0.701974
vt 0.152046 0.700968
vt 0.635056 0.225061
vt 0.633969 0.223860
vt 0.635056 0.249734
vt 0.633969 0.250865
vt 0.634023 0.249082
vt 0.467366 0.799661
vt 0.468318 0.798837
vt 0.891321 0.790689
vt 0.892415 0.789493
vt 0.891321 0.763670
vt 0.892415 0.764807
vt 0.891346 0.765451
vt 0.146509 0.702129
vt 0.628205 0.224996
vt 0.629310 0.223815
vt 0.629310 0.250820
vt 0.628205 0.249669
vt 0.472909 0.798945
vt 0.474118 0.799821
vt 0.472909 0.800831
vt 0.886253 0.815393
vt 0.887490 0.839960
vt 0.155537 0.681992
vt 0.865753 0.853788
vt 0.864731 0.852995
vt 0.155537 0.725008
vt 0.842991 0.841951
vt 0.833581 0.483868
vt 0.834716 0.483354
vt 0.856221 0.520975
vt 0.834422 0.509586
vt 0.857132 0.521755
vt 0.476348 0.776723
vt 0.475057 0.776704
vt 0.470465 0.776595
vt 0.833014 0.441204
vt 0.854836 0.403841
vt 0.876341 0.441461
vt 0.218059 0.685996
vt 0.211275 0.663922
vt 0.215863 0.663817
vt 0.872647 0.765178
vt 0.867988 0.788892
vt 0.867988 0.765134
vt 0.565771 0.734449
vt 0.568215 0.715413
vt 0.570362 0.734558
vt 0.630520 0.876039
vt 0.587258 0.876377
vt 0.608779 0.838775
vt 0.415589 0.961949
vt 0.420254 0.985699
vt 0.415589 0.985719
vt 0.215863 0.661930
vt 0.213471 0.642794
vt 0.218059 0.642688
vt 0.415564 0.987187
vt 0.414463 0.986001
vt 0.414463 0.961315
vt 0.415564 0.960168
vt 0.217074 0.662936
vt 0.873680 0.764915
vt 0.872592 0.763714
vt 0.873680 0.789588
vt 0.872592 0.790719
vt 0.872647 0.788936
vt 0.562671 0.714244
vt 0.563623 0.713419
vt 0.563623 0.715305
vt 0.420229 0.987167
vt 0.421322 0.985971
vt 0.420229 0.960147
vt 0.421322 0.961285
vt 0.420254 0.961928
vt 0.210327 0.663091
vt 0.211275 0.662035
vt 0.866829 0.764850
vt 0.867934 0.763669
vt 0.867934 0.790675
vt 0.866829 0.789523
vt 0.568215 0.713528
vt 0.569423 0.714404
vt 0.630446 0.851084
vt 0.631684 0.875651
vt 0.219354 0.642953
vt 0.609946 0.889479
vt 0.608925 0.888686
vt 0.219354 0.685970
vt 0.608049 0.889493
vt 0.587185 0.877641
vt 0.831984 0.416723
vt 0.833120 0.416210
vt 0.854624 0.453830
vt 0.832826 0.442441
vt 0.571653 0.734286
vt 0.876446 0.442700
vt 0.855535 0.454610
vt 0.571653 0.691306
vt 0.570362 0.691287
vt 0.565771 0.691178
vt 0.082672 0.941364
vt 0.111666 0.941364
vt 0.097169 0.966473
vt 0.752267 0.163467
vt 0.737316 0.008268
vt 0.749762 0.007979
vt 0.722924 0.163660
vt 0.734467 0.008068
vt 0.735664 0.163774
vt 0.116785 0.728173
vt 0.130577 0.571187
vt 0.132017 0.727861
vt 0.979007 0.542195
vt 0.966103 0.565317
vt 0.952625 0.542482
vt 0.181761 0.727359
vt 0.171492 0.568939
vt 0.183069 0.567032
vt 0.100009 0.730517
vt 0.086209 0.575621
vt 0.100008 0.573824
vt 0.184608 0.727382
vt 0.183238 0.729013
vt 0.100878 0.731956
vt 0.102619 0.730379
vt 0.084235 0.731665
vt 0.082462 0.730027
vt 0.084766 0.730250
vt 0.737171 0.165383
vt 0.738510 0.163755
vt 0.132912 0.729692
vt 0.134634 0.727996
vt 0.116282 0.730033
vt 0.114494 0.728410
vt 0.185917 0.566801
vt 0.184588 0.565413
vt 0.100880 0.571738
vt 0.102619 0.573207
vt 0.083904 0.575624
vt 0.085683 0.573717
vt 0.735965 0.006328
vt 0.131447 0.569975
vt 0.133197 0.571800
vt 0.114494 0.569407
vt 0.116259 0.568043
vt 0.116785 0.569433
vt 0.111872 0.959852
vt 0.098593 0.967518
vt 0.967111 0.533630
vt 0.979187 0.540449
vt 0.111666 0.958103
vt 0.113298 0.942050
vt 0.113298 0.957382
vt 0.098594 0.931914
vt 0.111872 0.939580
vt 0.095741 0.931914
vt 0.097169 0.932995
vt 0.952571 0.559636
vt 0.952805 0.557808
vt 0.950955 0.543256
vt 0.082462 0.959852
vt 0.082672 0.958103
vt 0.964264 0.533664
vt 0.965709 0.534686
vt 0.198335 0.566896
vt 0.198335 0.727456
vt 0.890949 0.931455
vt 0.923624 0.931454
vt 0.907286 0.959750
vt 0.818103 0.947416
vt 0.822971 0.963513
vt 0.818306 0.963513
vt 0.818363 0.930617
vt 0.822770 0.945519
vt 0.818106 0.945519
vt 0.978943 0.370608
vt 0.974318 0.388361
vt 0.974318 0.370538
vt 0.876777 0.934490
vt 0.860442 0.962772
vt 0.844106 0.934477
vt 0.838774 0.178067
vt 0.834151 0.163117
vt 0.838817 0.163117
vt 0.813196 0.770563
vt 0.817824 0.788336
vt 0.813196 0.788399
vt 0.838817 0.161219
vt 0.839912 0.162123
vt 0.812249 0.788991
vt 0.813319 0.790137
vt 0.812249 0.770232
vt 0.813319 0.769025
vt 0.817025 0.946516
vt 0.980177 0.370041
vt 0.979069 0.368865
vt 0.980177 0.388786
vt 0.979069 0.389961
vt 0.978943 0.388431
vt 0.834151 0.161219
vt 0.833050 0.162123
vt 0.819054 0.788898
vt 0.817946 0.790073
vt 0.817946 0.768962
vt 0.819054 0.770139
vt 0.817824 0.770500
vt 0.823885 0.946516
vt 0.822767 0.947416
vt 0.973375 0.369938
vt 0.974444 0.368796
vt 0.974444 0.389892
vt 0.973375 0.388683
vt 0.923624 0.950318
vt 0.908236 0.960457
vt 0.860442 0.925054
vt 0.876907 0.933335
vt 0.924721 0.931906
vt 0.924721 0.949842
vt 0.907286 0.922023
vt 0.923770 0.930260
vt 0.876907 0.954559
vt 0.861375 0.963519
vt 0.890801 0.930260
vt 0.906335 0.921292
vt 0.843942 0.954546
vt 0.844106 0.953336
vt 0.842991 0.934968
vt 0.890949 0.950319
vt 0.906335 0.960457
vt 0.890801 0.951490
vt 0.843942 0.933322
vt 0.859474 0.924363
vt 0.838783 0.145160
vt 0.834117 0.145160
vt 0.977415 0.274461
vt 0.963923 0.297462
vt 0.950755 0.274239
vt 0.688956 0.795152
vt 0.679058 0.657187
vt 0.688362 0.655918
vt 0.818842 0.608976
vt 0.806643 0.474433
vt 0.818842 0.472984
vt 0.660295 0.810890
vt 0.646283 0.677006
vt 0.658361 0.675676
vt 0.960078 0.087071
vt 0.972433 0.066202
vt 0.984331 0.087571
vt 0.534561 0.826706
vt 0.546745 0.692584
vt 0.548029 0.825936
vt 0.691739 0.795121
vt 0.703225 0.656948
vt 0.705105 0.795121
vt 0.550796 0.826039
vt 0.549166 0.827791
vt 0.534344 0.828639
vt 0.532577 0.827081
vt 0.690590 0.796803
vt 0.819952 0.610361
vt 0.821604 0.608859
vt 0.977719 0.272657
vt 0.979126 0.275138
vt 0.645774 0.812777
vt 0.644137 0.811180
vt 0.646918 0.811193
vt 0.549515 0.693069
vt 0.547871 0.691294
vt 0.958413 0.086457
vt 0.959804 0.088964
vt 0.689978 0.654448
vt 0.691144 0.655891
vt 0.819970 0.470986
vt 0.821604 0.472452
vt 0.658508 0.673646
vt 0.660295 0.675166
vt 0.643500 0.676996
vt 0.645116 0.675120
vt 0.534563 0.691221
vt 0.972140 0.094367
vt 0.705299 0.796803
vt 0.958560 0.073765
vt 0.960241 0.072998
vt 0.977586 0.291596
vt 0.965425 0.298496
vt 0.960010 0.071316
vt 0.971005 0.065186
vt 0.977307 0.289869
vt 0.979028 0.289138
vt 0.804641 0.474462
vt 0.805345 0.608298
vt 0.803345 0.607942
vt 0.806408 0.472596
vt 0.965656 0.265556
vt 0.962808 0.265532
vt 0.964139 0.266646
vt 0.973498 0.095583
vt 0.633859 0.810770
vt 0.324749 0.940290
vt 0.309546 0.966338
vt 0.294596 0.940105
vt 0.479844 0.975284
vt 0.475484 0.987459
vt 0.475179 0.975313
vt 0.955522 0.388746
vt 0.960113 0.372600
vt 0.960113 0.388526
vt 0.360073 0.986679
vt 0.364733 0.970983
vt 0.364733 0.986752
vt 0.723058 0.940051
vt 0.753193 0.939950
vt 0.738235 0.966147
vt 0.343241 0.991734
vt 0.338654 0.975607
vt 0.343241 0.975837
vt 0.479824 0.973428
vt 0.475159 0.957707
vt 0.479824 0.957677
vt 0.343415 0.973999
vt 0.344522 0.975154
vt 0.344522 0.991945
vt 0.343415 0.993069
vt 0.480945 0.974192
vt 0.954638 0.389528
vt 0.955692 0.390580
vt 0.324959 0.939081
vt 0.325900 0.940733
vt 0.359035 0.970126
vt 0.360123 0.969056
vt 0.360073 0.970910
vt 0.338828 0.973770
vt 0.337775 0.974816
vt 0.722837 0.938884
vt 0.721895 0.940534
vt 0.474084 0.974236
vt 0.475159 0.973458
vt 0.961389 0.389206
vt 0.960283 0.390361
vt 0.960283 0.371257
vt 0.961389 0.372384
vt 0.364783 0.969129
vt 0.365887 0.970233
vt 0.338654 0.991504
vt 0.723131 0.957482
vt 0.480945 0.957556
vt 0.737068 0.930584
vt 0.738089 0.931285
vt 0.324665 0.957717
vt 0.310549 0.967035
vt 0.738966 0.930578
vt 0.753266 0.938781
vt 0.325820 0.957233
vt 0.955522 0.372819
vt 0.955692 0.371476
vt 0.309715 0.931484
vt 0.365887 0.986888
vt 0.308825 0.930732
vt 0.737220 0.966883
vt 0.722921 0.958680
vt 0.360881 0.956958
vt 0.209850 0.940371
vt 0.194647 0.966419
vt 0.179697 0.940186
vt 0.513325 0.975284
vt 0.508965 0.987459
vt 0.508660 0.975313
vt 0.958409 0.234269
vt 0.963000 0.249976
vt 0.958409 0.250195
vt 0.980801 0.653470
vt 0.985460 0.669312
vt 0.980801 0.669239
vt 0.774942 0.940090
vt 0.805077 0.939988
vt 0.790119 0.966186
vt 0.896267 0.990297
vt 0.891679 0.974170
vt 0.896267 0.974400
vt 0.513304 0.973428
vt 0.508639 0.957707
vt 0.513304 0.957677
vt 0.896441 0.972562
vt 0.897547 0.973717
vt 0.897547 0.990507
vt 0.896441 0.991632
vt 0.514426 0.974192
vt 0.957525 0.250978
vt 0.958579 0.252030
vt 0.210060 0.939162
vt 0.211001 0.940814
vt 0.979762 0.652686
vt 0.980851 0.651617
vt 0.891853 0.972332
vt 0.890801 0.973379
vt 0.774721 0.938923
vt 0.773779 0.940573
vt 0.507565 0.974236
vt 0.508639 0.973458
vt 0.964276 0.250656
vt 0.963170 0.251811
vt 0.963170 0.232706
vt 0.964276 0.233834
vt 0.963000 0.234050
vt 0.985511 0.651690
vt 0.986615 0.652794
vt 0.985460 0.653543
vt 0.891679 0.990067
vt 0.775015 0.957521
vt 0.514426 0.957556
vt 0.789973 0.931324
vt 0.788952 0.930623
vt 0.209766 0.957797
vt 0.195650 0.967116
vt 0.805150 0.938820
vt 0.210921 0.957313
vt 0.958579 0.232925
vt 0.194816 0.931565
vt 0.179612 0.938975
vt 0.193926 0.930813
vt 0.774805 0.958719
vt 0.986268 0.639591
vt 0.166586 0.940371
vt 0.151383 0.966419
vt 0.136433 0.940186
vt 0.986438 0.489972
vt 0.982078 0.502147
vt 0.981772 0.490002
vt 0.977035 0.234269
vt 0.981626 0.249976
vt 0.977035 0.250195
vt 0.378801 0.970910
vt 0.383460 0.986752
vt 0.378801 0.986679
vt 0.679812 0.940051
vt 0.709947 0.939950
vt 0.694989 0.966147
vt 0.923441 0.990297
vt 0.918853 0.974170
vt 0.923441 0.974400
vt 0.986417 0.488117
vt 0.981752 0.472396
vt 0.986417 0.472366
vt 0.923615 0.972562
vt 0.924721 0.973717
vt 0.924721 0.990507
vt 0.923615 0.991632
vt 0.987538 0.488880
vt 0.976152 0.250978
vt 0.977205 0.252030
vt 0.166796 0.939162
vt 0.167737 0.940814
vt 0.377762 0.970126
vt 0.378851 0.969056
vt 0.919027 0.972332
vt 0.917975 0.973379
vt 0.679592 0.938884
vt 0.678650 0.940534
vt 0.980678 0.488924
vt 0.981752 0.488146
vt 0.982903 0.250656
vt 0.981796 0.251811
vt 0.981796 0.232706
vt 0.982903 0.233834
vt 0.981626 0.234050
vt 0.383511 0.969129
vt 0.384615 0.970233
vt 0.383460 0.970983
vt 0.918853 0.990067
vt 0.678719 0.957037
vt 0.987538 0.472244
vt 0.694843 0.931285
vt 0.693822 0.930584
vt 0.166502 0.957797
vt 0.152386 0.967116
vt 0.695720 0.930578
vt 0.710020 0.938781
vt 0.167657 0.957313
vt 0.977205 0.232925
vt 0.152562 0.930825
vt 0.384615 0.986888
vt 0.150662 0.930813
vt 0.151552 0.931565
vt 0.679885 0.957482
vt 0.693975 0.966883
vt 0.679675 0.958680
vt 0.384268 0.957031
vt 0.931582 0.665743
vt 0.941762 0.641138
vt 0.966339 0.651343
vt 0.168983 0.551753
vt 0.180548 0.340449
vt 0.179786 0.551906
vt 0.346242 0.538851
vt 0.356232 0.323311
vt 0.358429 0.538998
vt 0.332738 0.539522
vt 0.342222 0.316262
vt 0.343246 0.538912
vt 0.386664 0.506423
vt 0.396390 0.278076
vt 0.398697 0.506322
vt 0.383645 0.506437
vt 0.372801 0.282441
vt 0.382542 0.278647
vt 0.917960 0.789945
vt 0.908365 0.766992
vt 0.931116 0.758147
vt 0.245098 0.552804
vt 0.236756 0.341125
vt 0.246276 0.337627
vt 0.194856 0.551889
vt 0.183565 0.340905
vt 0.194418 0.340719
vt 0.248097 0.552856
vt 0.246783 0.554385
vt 0.195366 0.553500
vt 0.197271 0.551858
vt 0.181439 0.553538
vt 0.182803 0.551921
vt 0.359036 0.540783
vt 0.360926 0.539125
vt 0.344954 0.540613
vt 0.399208 0.507947
vt 0.401100 0.506289
vt 0.385306 0.508065
vt 0.260843 0.554197
vt 0.260266 0.552693
vt 0.262750 0.552567
vt 0.249282 0.336375
vt 0.247876 0.334980
vt 0.194909 0.338302
vt 0.196836 0.340180
vt 0.182303 0.338518
vt 0.168983 0.335201
vt 0.170870 0.333894
vt 0.170831 0.336519
vt 0.343814 0.315423
vt 0.345225 0.317675
vt 0.908016 0.765305
vt 0.906839 0.768103
vt 0.384275 0.277073
vt 0.385557 0.278011
vt 0.260261 0.330723
vt 0.260958 0.328246
vt 0.262750 0.329144
vt 0.957912 0.640689
vt 0.966724 0.649515
vt 0.236658 0.339102
vt 0.956158 0.641145
vt 0.942644 0.639518
vt 0.955105 0.639524
vt 0.931582 0.651327
vt 0.939837 0.640681
vt 0.358737 0.324699
vt 0.908020 0.782218
vt 0.908365 0.780274
vt 0.941762 0.675941
vt 0.931026 0.667599
vt 0.398797 0.278755
vt 0.956159 0.675947
vt 0.942645 0.677592
vt 0.916067 0.757481
vt 0.917718 0.757904
vt 0.966724 0.667615
vt 0.957913 0.676434
vt 0.918919 0.756365
vt 0.930305 0.756571
vt 0.966339 0.665758
vt 0.967887 0.652327
vt 0.967887 0.664804
vt 0.359413 0.932555
vt 0.370806 0.905020
vt 0.398310 0.916440
vt 0.978874 0.733338
vt 0.974425 0.720458
vt 0.979090 0.720483
vt 0.975826 0.432918
vt 0.980476 0.418331
vt 0.980476 0.432835
vt 0.974885 0.403924
vt 0.980411 0.416335
vt 0.975761 0.416418
vt 0.973675 0.771280
vt 0.978341 0.785611
vt 0.973675 0.785598
vt 0.973790 0.756365
vt 0.978349 0.769280
vt 0.973683 0.769267
vt 0.501887 0.944610
vt 0.474365 0.933181
vt 0.485765 0.905657
vt 0.979147 0.344372
vt 0.973659 0.356839
vt 0.974495 0.344290
vt 0.979106 0.704129
vt 0.974441 0.718447
vt 0.974441 0.704104
vt 0.979208 0.342373
vt 0.980215 0.343261
vt 0.980181 0.703797
vt 0.979090 0.702519
vt 0.980181 0.719383
vt 0.979106 0.718472
vt 0.974640 0.433332
vt 0.975761 0.434583
vt 0.974640 0.417572
vt 0.975826 0.418415
vt 0.972588 0.785925
vt 0.973683 0.787200
vt 0.972588 0.770366
vt 0.980215 0.327525
vt 0.979208 0.327892
vt 0.979147 0.326234
vt 0.974557 0.342291
vt 0.973375 0.343140
vt 0.973321 0.703761
vt 0.974425 0.702494
vt 0.973321 0.719346
vt 0.981478 0.433209
vt 0.980411 0.434500
vt 0.981478 0.417449
vt 0.979450 0.785943
vt 0.978349 0.787213
vt 0.979450 0.770385
vt 0.978341 0.771293
vt 0.974557 0.327810
vt 0.973375 0.327405
vt 0.974495 0.326152
vt 0.386917 0.905027
vt 0.398574 0.915219
vt 0.501887 0.905672
vt 0.513650 0.915830
vt 0.513288 0.917087
vt 0.386218 0.903938
vt 0.514426 0.932547
vt 0.513288 0.933216
vt 0.359413 0.916422
vt 0.369519 0.904707
vt 0.503159 0.944906
vt 0.485765 0.944596
vt 0.501286 0.945680
vt 0.486449 0.945667
vt 0.369519 0.944298
vt 0.359035 0.933796
vt 0.474084 0.934384
vt 0.370806 0.943968
vt 0.386218 0.945082
vt 0.371391 0.945076
vt 0.398310 0.932573
vt 0.388090 0.944307
vt 0.386918 0.943975
vt 0.474084 0.915794
vt 0.484576 0.905308
vt 0.399350 0.917093
vt 0.399350 0.931940
vt 0.918743 0.153086
vt 0.935070 0.124796
vt 0.951396 0.153080
vt 0.604917 0.671388
vt 0.591762 0.498976
vt 0.606191 0.492706
vt 0.535217 0.676933
vt 0.560246 0.503735
vt 0.552480 0.677705
vt 0.652604 0.660249
vt 0.665603 0.485177
vt 0.666774 0.659049
vt 0.035201 0.957617
vt 0.005938 0.957833
vt 0.020579 0.931925
vt 0.674777 0.195020
vt 0.657843 0.006919
vt 0.673518 0.006621
vt 0.621983 0.672812
vt 0.609040 0.491589
vt 0.621983 0.486972
vt 0.677032 0.195035
vt 0.675255 0.196684
vt 0.656569 0.196684
vt 0.654844 0.195035
vt 0.657484 0.195020
vt 0.606224 0.673180
vt 0.607757 0.671443
vt 0.552867 0.679303
vt 0.554726 0.677747
vt 0.534213 0.678469
vt 0.532577 0.676757
vt 0.651076 0.661771
vt 0.649766 0.660278
vt 0.635519 0.472863
vt 0.633859 0.471937
vt 0.635449 0.470986
vt 0.655205 0.007686
vt 0.656995 0.005938
vt 0.607518 0.490525
vt 0.560798 0.501424
vt 0.562517 0.503328
vt 0.541996 0.502030
vt 0.543878 0.500345
vt 0.544611 0.502738
vt 0.649930 0.479237
vt 0.651238 0.477970
vt 0.652766 0.480403
vt 0.675773 0.007285
vt 0.036788 0.941165
vt 0.036788 0.956988
vt 0.951396 0.134222
vt 0.936452 0.123720
vt 0.951561 0.132443
vt 0.020560 0.966400
vt 0.035408 0.959469
vt 0.022063 0.967476
vt 0.589051 0.672167
vt 0.019284 0.967497
vt 0.005938 0.959679
vt 0.917067 0.134920
vt 0.918743 0.134228
vt 0.935070 0.162513
vt 0.918493 0.154841
vt 0.532577 0.495147
vt 0.533544 0.492794
vt 0.936452 0.163564
vt 0.633859 0.659386
vt 0.007064 0.908766
vt 0.025377 0.877033
vt 0.043691 0.908759
vt 0.945300 0.102043
vt 0.940027 0.083541
vt 0.944656 0.083643
vt 0.556836 0.251773
vt 0.561498 0.231773
vt 0.561498 0.251799
vt 0.942424 0.507817
vt 0.945282 0.491331
vt 0.947055 0.507717
vt 0.926579 0.503394
vt 0.890001 0.503429
vt 0.908290 0.471685
vt 0.961086 0.972256
vt 0.956420 0.992302
vt 0.956420 0.972262
vt 0.944719 0.081751
vt 0.941909 0.065186
vt 0.946538 0.065288
vt 0.961095 0.970752
vt 0.962195 0.971943
vt 0.962195 0.992902
vt 0.961095 0.994056
vt 0.961086 0.992296
vt 0.945864 0.082790
vt 0.555783 0.252072
vt 0.556874 0.253270
vt 0.555783 0.231127
vt 0.556874 0.229983
vt 0.556836 0.231747
vt 0.939614 0.490435
vt 0.940587 0.489540
vt 0.940651 0.491431
vt 0.956429 0.970759
vt 0.955333 0.971952
vt 0.956429 0.994062
vt 0.955333 0.992912
vt 0.939057 0.082640
vt 0.940091 0.081649
vt 0.562640 0.252111
vt 0.561537 0.253297
vt 0.561537 0.230009
vt 0.562640 0.231166
vt 0.945219 0.489440
vt 0.946425 0.490289
vt 0.926579 0.482243
vt 0.927739 0.502947
vt 0.043691 0.887606
vt 0.026299 0.876306
vt 0.043809 0.886415
vt 0.909303 0.514723
vt 0.908290 0.513987
vt 0.889918 0.504630
vt 0.005938 0.888069
vt 0.007064 0.887612
vt 0.024398 0.920050
vt 0.006888 0.909941
vt 0.889918 0.481114
vt 0.907405 0.470986
vt 0.026299 0.920049
vt 0.025377 0.919339
vt 0.947055 0.470988
vt 0.945822 0.470986
vt 0.083589 0.908755
vt 0.101902 0.877022
vt 0.120215 0.908748
vt 0.943768 0.208399
vt 0.939783 0.226697
vt 0.939139 0.208297
vt 0.538104 0.231747
vt 0.542767 0.251799
vt 0.538104 0.251773
vt 0.941533 0.886123
vt 0.947938 0.902409
vt 0.943307 0.902509
vt 0.927462 0.898086
vt 0.890884 0.898121
vt 0.909173 0.866377
vt 0.942349 0.972256
vt 0.937683 0.992302
vt 0.937683 0.972262
vt 0.945650 0.190044
vt 0.939203 0.206404
vt 0.941021 0.189942
vt 0.942358 0.970752
vt 0.943458 0.971943
vt 0.943458 0.992902
vt 0.942358 0.994056
vt 0.942349 0.992296
vt 0.944977 0.207546
vt 0.943832 0.206507
vt 0.537052 0.252072
vt 0.538143 0.253270
vt 0.537052 0.231127
vt 0.538143 0.229983
vt 0.940496 0.885127
vt 0.941470 0.884232
vt 0.937692 0.970759
vt 0.936596 0.971952
vt 0.937692 0.994062
vt 0.936596 0.992912
vt 0.938169 0.207396
vt 0.543908 0.252111
vt 0.542805 0.253297
vt 0.542805 0.230009
vt 0.543908 0.231166
vt 0.542767 0.231773
vt 0.946101 0.884132
vt 0.947307 0.884981
vt 0.946165 0.886023
vt 0.928621 0.877416
vt 0.928621 0.897639
vt 0.120334 0.886404
vt 0.120215 0.887595
vt 0.910186 0.909415
vt 0.909173 0.908679
vt 0.944412 0.226799
vt 0.890801 0.899322
vt 0.082462 0.888058
vt 0.083589 0.887602
vt 0.100923 0.920039
vt 0.083413 0.909930
vt 0.890884 0.876970
vt 0.908287 0.865678
vt 0.102824 0.920039
vt 0.101902 0.919328
vt 0.947938 0.865680
vt 0.946704 0.865678
vt 0.005938 0.329723
vt 0.114494 0.323066
vt 0.308952 0.811291
vt 0.294511 0.847655
vt 0.059897 0.005938
vt 0.063855 0.786579
vt 0.331323 0.810756
vt 0.262227 0.005938
vt 0.005938 0.783946
vt 0.022083 0.801786
vt 0.151976 0.613518
vt 0.280737 0.563452
vt 0.281240 0.459273
vt 0.357702 0.755306
vt 0.734811 0.190377
vt 0.356929 0.781592
vt 0.708693 0.189682
vt 0.689678 0.207772
vt 0.294511 0.753470
vt 0.281184 0.575327
vt 0.919151 0.650878
vt 0.005938 0.572545
vt 0.613793 0.943579
vt 0.594063 0.932973
vt 0.595437 0.911299
vt 0.878477 0.672357
vt 0.614970 0.901368
vt 0.333033 0.560253
vt 0.294511 0.720483
vt 0.050502 0.826287
vt 0.059938 0.729655
vt 0.833479 0.546277
vt 0.877908 0.546476
vt 0.854343 0.584348
vt 0.005938 0.850611
vt 0.027690 0.864419
vt 0.050502 0.852520
vt 0.878043 0.483612
vt 0.149654 0.725140
vt 0.842991 0.815731
vt 0.887420 0.815931
vt 0.886546 0.841610
vt 0.863855 0.853803
vt 0.833479 0.507936
vt 0.855231 0.521744
vt 0.476348 0.819703
vt 0.878043 0.509845
vt 0.876446 0.416467
vt 0.213471 0.686102
vt 0.587185 0.851422
vt 0.631614 0.851622
vt 0.630740 0.877301
vt 0.831882 0.440791
vt 0.853635 0.454599
vt 0.722924 0.005938
vt 0.979187 0.557521
vt 0.168983 0.727226
vt 0.749635 0.006011
vt 0.082463 0.939580
vt 0.964648 0.566456
vt 0.951119 0.557174
vt 0.095741 0.967518
vt 0.952351 0.540762
vt 0.823028 0.930617
vt 0.876777 0.953349
vt 0.834108 0.178067
vt 0.923770 0.951489
vt 0.861375 0.924363
vt 0.908236 0.921292
vt 0.859473 0.963518
vt 0.842991 0.952899
vt 0.950647 0.289647
vt 0.678650 0.795411
vt 0.984494 0.073498
vt 0.532577 0.691178
vt 0.970653 0.095527
vt 0.950647 0.272431
vt 0.984494 0.089454
vt 0.634207 0.675592
vt 0.294511 0.957532
vt 0.480150 0.987429
vt 0.753266 0.957380
vt 0.338828 0.992839
vt 0.721965 0.957037
vt 0.324863 0.958873
vt 0.310725 0.930744
vt 0.294511 0.938895
vt 0.365541 0.957031
vt 0.179612 0.957613
vt 0.513630 0.987429
vt 0.805150 0.957419
vt 0.891853 0.991402
vt 0.773849 0.957076
vt 0.209964 0.958954
vt 0.790850 0.930617
vt 0.195826 0.930825
vt 0.986615 0.669449
vt 0.789105 0.966922
vt 0.981609 0.639518
vt 0.136349 0.957613
vt 0.986743 0.502118
vt 0.710020 0.957380
vt 0.919027 0.991402
vt 0.166700 0.958954
vt 0.136349 0.938976
vt 0.379609 0.956958
vt 0.332738 0.312810
vt 0.372801 0.506438
vt 0.940710 0.767818
vt 0.940710 0.781100
vt 0.931358 0.790188
vt 0.234544 0.552243
vt 0.931026 0.649500
vt 0.916072 0.790335
vt 0.939837 0.676426
vt 0.906839 0.779375
vt 0.955106 0.677597
vt 0.974208 0.733313
vt 0.979535 0.403841
vt 0.978456 0.756378
vt 0.474365 0.917052
vt 0.978311 0.356920
vt 0.388090 0.904716
vt 0.503159 0.905325
vt 0.371391 0.903932
vt 0.514426 0.917704
vt 0.359035 0.915201
vt 0.513650 0.934420
vt 0.484576 0.944889
vt 0.398574 0.933814
vt 0.035201 0.940491
vt 0.005938 0.940708
vt 0.589078 0.674022
vt 0.917067 0.152371
vt 0.933601 0.163564
vt 0.951561 0.154836
vt 0.940671 0.101941
vt 0.890001 0.482278
vt 0.927739 0.482724
vt 0.926790 0.504595
vt 0.946538 0.102034
vt 0.907405 0.514725
vt 0.005938 0.908294
vt 0.043809 0.909934
vt 0.941190 0.471085
vt 0.927462 0.876935
vt 0.102824 0.876295
vt 0.927672 0.899287
vt 0.945650 0.226790
vt 0.908287 0.909417
vt 0.082462 0.908283
vt 0.890801 0.875806
vt 0.120334 0.909923
vt 0.942073 0.865777
s 0
f 13/1/1 7/2/1 2/3/1
f 8/4/2 36/5/2 31/6/2
f 11/7/3 39/8/3 34/9/3
f 14/10/4 42/11/4 37/12/4
f 17/13/5 45/14/5 40/15/5
f 24/16/6 43/17/6 20/18/6
f 35/19/7 41/20/7 47/21/7
f 6/22/8 26/23/8 3/24/8
f 9/25/9 28/26/9 5/27/9
f 1/28/10 2/29/10 3/24/10
f 4/30/11 5/27/11 6/22/11
f 7/31/12 8/4/12 9/32/12
f 10/33/13 11/7/13 12/34/13
f 13/35/14 14/10/14 15/36/14
f 16/37/15 17/13/15 18/38/15
f 19/39/16 20/18/16 21/40/16
f 22/41/17 23/42/17 24/16/17
f 25/43/18 26/23/18 27/44/18
f 28/26/19 29/45/19 30/46/19
f 31/47/20 32/48/20 33/49/20
f 34/50/21 35/19/21 36/51/21
f 37/12/22 38/52/22 39/53/22
f 40/15/23 41/54/23 42/11/23
f 43/17/24 44/55/24 45/56/24
f 46/57/25 47/58/25 48/59/25
f 25/43/26 3/24/26 26/23/26
f 4/30/27 3/24/27 2/29/27
f 5/27/28 30/46/28 6/22/28
f 27/44/29 30/46/29 29/45/29
f 7/2/30 5/60/30 4/61/30
f 8/4/31 33/62/31 9/32/31
f 29/63/32 33/49/32 32/48/32
f 7/31/33 12/34/33 8/4/33
f 34/9/34 12/34/34 11/7/34
f 35/19/35 31/47/35 36/51/35
f 10/64/36 15/65/36 11/66/36
f 37/12/37 15/36/37 14/10/37
f 38/67/38 34/50/38 39/68/38
f 13/1/39 18/69/39 14/70/39
f 40/15/40 18/38/40 17/13/40
f 41/54/41 37/12/41 42/11/41
f 16/71/42 21/72/42 17/73/42
f 43/17/43 21/40/43 20/18/43
f 44/55/44 40/74/44 45/56/44
f 22/75/45 20/76/45 19/77/45
f 23/42/46 48/59/46 24/16/46
f 44/55/47 48/59/47 47/58/47
f 2/3/48 23/78/48 22/75/48
f 47/58/49 25/79/49 27/80/49
f 1/81/50 46/57/50 23/42/50
f 61/82/1 55/83/1 50/84/1
f 56/85/51 84/86/51 79/87/51
f 59/88/52 87/89/52 82/90/52
f 66/91/53 85/92/53 62/93/53
f 65/94/54 93/95/54 88/96/54
f 72/97/55 91/98/55 68/99/55
f 83/100/56 89/101/56 95/102/56
f 51/103/57 78/104/57 74/105/57
f 57/106/58 76/107/58 53/108/58
f 49/109/59 50/110/59 51/103/59
f 52/111/60 53/108/60 54/112/60
f 55/113/61 56/85/61 57/114/61
f 58/115/62 59/88/62 60/116/62
f 61/117/63 62/93/63 63/118/63
f 64/119/64 65/94/64 66/91/64
f 67/120/65 68/99/65 69/121/65
f 70/122/66 71/123/66 72/97/66
f 73/124/67 74/105/67 75/125/67
f 76/107/68 77/126/68 78/104/68
f 79/87/69 80/127/69 81/128/69
f 82/90/70 83/129/70 84/86/70
f 85/92/71 86/130/71 87/131/71
f 88/96/72 89/132/72 90/133/72
f 91/98/73 92/134/73 93/135/73
f 94/136/74 95/137/74 96/138/74
f 73/124/75 51/103/75 74/105/75
f 50/110/76 54/112/76 51/103/76
f 53/108/77 78/104/77 54/112/77
f 77/139/78 74/140/78 78/141/78
f 52/142/79 57/143/79 53/144/79
f 56/85/80 81/128/80 57/114/80
f 80/145/81 76/146/81 81/147/81
f 55/113/82 60/116/82 56/85/82
f 59/88/83 84/86/83 60/116/83
f 80/145/84 84/148/84 83/100/84
f 61/82/85 59/149/85 58/150/85
f 85/92/86 63/118/86 62/93/86
f 83/100/87 87/151/87 86/152/87
f 64/153/88 62/154/88 61/82/88
f 88/96/89 66/91/89 65/94/89
f 89/132/90 85/92/90 90/133/90
f 67/155/91 65/156/91 64/153/91
f 91/98/92 69/121/92 68/99/92
f 92/157/93 88/158/93 93/159/93
f 67/155/94 72/160/94 68/161/94
f 94/136/95 72/97/95 71/123/95
f 92/134/96 96/138/96 95/137/96
f 70/162/97 49/163/97 71/164/97
f 95/102/98 73/165/98 75/166/98
f 49/167/99 94/136/99 71/123/99
f 109/168/100 103/169/100 98/170/100
f 108/171/101 121/172/101 104/173/101
f 111/174/102 124/175/102 107/176/102
f 110/177/103 132/178/103 127/179/103
f 119/180/104 125/181/104 131/182/104
f 99/183/105 120/184/105 116/185/105
f 105/186/106 118/187/106 101/188/106
f 97/189/107 98/190/107 99/183/107
f 100/191/108 101/192/108 102/193/108
f 103/194/109 104/173/109 105/186/109
f 106/195/110 107/176/110 108/196/110
f 109/197/111 110/198/111 111/174/111
f 112/199/112 113/200/112 114/201/112
f 115/202/113 116/185/113 117/203/113
f 118/204/114 119/205/114 120/184/114
f 121/172/115 122/206/115 123/207/115
f 124/175/116 125/208/116 126/209/116
f 127/210/117 128/211/117 129/212/117
f 130/213/118 131/214/118 132/178/118
f 97/189/119 116/185/119 115/202/119
f 98/190/120 102/193/120 99/183/120
f 101/192/121 120/184/121 102/193/121
f 119/205/122 116/185/122 120/184/122
f 103/194/123 101/188/123 100/215/123
f 104/173/124 123/207/124 105/186/124
f 119/180/125 123/216/125 122/217/125
f 106/218/126 104/173/126 103/194/126
f 107/176/127 126/209/127 108/196/127
f 122/217/128 126/219/128 125/181/128
f 109/168/129 107/220/129 106/221/129
f 127/210/130 111/174/130 110/198/130
f 125/181/131 129/222/131 128/223/131
f 109/168/132 114/224/132 110/225/132
f 130/213/133 114/201/133 113/200/133
f 131/214/134 127/179/134 132/178/134
f 112/226/135 97/227/135 113/228/135
f 117/229/136 130/213/136 115/230/136
f 113/200/137 115/230/137 130/213/137
f 145/231/100 139/232/100 134/233/100
f 144/234/138 157/235/138 140/236/138
f 143/237/139 165/238/139 160/239/139
f 150/240/140 163/241/140 146/242/140
f 155/243/141 161/244/141 167/245/141
f 135/246/142 156/247/142 152/248/142
f 141/249/143 154/250/143 137/251/143
f 133/252/144 134/253/144 135/246/144
f 136/254/145 137/255/145 138/256/145
f 139/257/146 140/236/146 141/249/146
f 142/258/147 143/237/147 144/259/147
f 145/260/148 146/261/148 147/262/148
f 148/263/149 149/264/149 150/240/149
f 151/265/150 152/248/150 153/266/150
f 154/267/151 155/268/151 156/247/151
f 157/235/152 158/269/152 159/270/152
f 160/239/153 161/271/153 162/272/153
f 163/273/154 164/274/154 165/238/154
f 166/275/155 167/276/155 168/277/155
f 133/252/156 152/248/156 151/265/156
f 136/254/157 135/246/157 134/253/157
f 137/255/158 156/247/158 138/256/158
f 153/278/159 156/279/159 155/243/159
f 139/257/160 137/251/160 136/280/160
f 157/235/161 141/249/161 140/236/161
f 158/281/162 154/282/162 159/283/162
f 142/284/163 140/236/163 139/257/163
f 160/239/164 144/259/164 143/237/164
f 158/281/165 162/285/165 161/244/165
f 145/231/166 143/286/166 142/287/166
f 146/261/167 165/238/167 147/262/167
f 164/274/168 160/239/168 165/238/168
f 148/288/169 146/289/169 145/231/169
f 166/275/170 150/240/170 149/264/170
f 164/290/171 168/277/171 167/276/171
f 134/233/172 149/291/172 148/288/172
f 167/276/173 151/292/173 153/293/173
f 133/294/174 166/275/174 149/264/174
f 181/295/100 175/296/100 170/297/100
f 180/298/138 193/299/138 176/300/138
f 179/301/139 201/302/139 196/303/139
f 186/304/140 199/305/140 182/306/140
f 191/307/141 197/308/141 203/309/141
f 174/310/142 188/311/142 171/312/142
f 173/313/143 195/314/143 190/315/143
f 169/316/144 170/317/144 171/312/144
f 172/318/145 173/319/145 174/310/145
f 175/320/146 176/300/146 177/321/146
f 178/322/147 179/301/147 180/323/147
f 181/324/148 182/325/148 183/326/148
f 184/327/149 185/328/149 186/304/149
f 187/329/150 188/311/150 189/330/150
f 190/331/151 191/332/151 192/333/151
f 193/299/152 194/334/152 195/314/152
f 196/303/153 197/335/153 198/336/153
f 199/337/175 200/338/175 201/302/175
f 202/339/155 203/340/155 204/341/155
f 187/329/156 171/312/156 188/311/156
f 172/318/157 171/312/157 170/317/157
f 173/319/158 192/333/158 174/310/158
f 189/342/159 192/343/159 191/307/159
f 172/344/160 177/321/160 173/313/160
f 176/300/161 195/314/161 177/321/161
f 191/307/176 195/345/176 194/346/176
f 178/347/163 176/300/163 175/320/163
f 179/301/164 198/336/164 180/323/164
f 194/346/165 198/348/165 197/308/165
f 181/295/166 179/349/166 178/350/166
f 182/325/167 201/302/167 183/326/167
f 197/335/168 201/302/168 200/338/168
f 184/351/169 182/352/169 181/295/169
f 202/339/170 186/304/170 185/328/170
f 203/340/171 199/305/171 204/341/171
f 170/297/172 185/353/172 184/351/172
f 189/354/173 202/339/173 187/355/173
f 169/356/174 202/339/174 185/328/174
f 217/357/100 211/358/100 206/359/100
f 216/360/138 229/361/138 212/362/138
f 215/363/139 237/364/139 232/365/139
f 218/366/140 240/367/140 235/368/140
f 227/369/141 233/370/141 239/371/141
f 210/372/142 224/373/142 207/374/142
f 213/375/143 226/376/143 209/377/143
f 205/378/144 206/379/144 207/374/144
f 208/380/145 209/381/145 210/372/145
f 211/382/146 212/362/146 213/375/146
f 214/383/147 215/363/147 216/384/147
f 217/385/177 218/386/177 219/387/177
f 220/388/149 221/389/149 222/390/149
f 223/391/150 224/373/150 225/392/150
f 226/393/151 227/394/151 228/395/151
f 229/361/152 230/396/152 231/397/152
f 232/365/153 233/398/153 234/399/153
f 235/400/154 236/401/154 237/364/154
f 238/402/155 239/403/155 240/367/155
f 223/391/156 207/374/156 224/373/156
f 208/380/157 207/374/157 206/379/157
f 209/381/158 228/395/158 210/372/158
f 225/404/159 228/405/159 227/369/159
f 211/382/160 209/377/160 208/406/160
f 212/362/161 231/397/161 213/375/161
f 227/369/162 231/407/162 230/408/162
f 214/409/163 212/362/163 211/382/163
f 232/365/164 216/384/164 215/363/164
f 233/370/165 229/410/165 234/411/165
f 217/357/166 215/412/166 214/413/166
f 218/386/167 237/364/167 219/387/167
f 233/398/168 237/364/168 236/401/168
f 220/414/169 218/415/169 217/357/169
f 238/402/170 222/390/170 221/389/170
f 236/416/171 240/367/171 239/403/171
f 220/414/172 205/417/172 221/418/172
f 225/419/173 238/402/173 223/420/173
f 205/421/174 238/402/174 221/389/174
f 253/422/178 247/423/178 242/424/178
f 248/425/179 270/426/179 265/427/179
f 255/428/180 268/429/180 251/430/180
f 258/431/181 271/432/181 254/433/181
f 263/434/182 269/435/182 275/436/182
f 243/437/183 264/438/183 260/439/183
f 245/440/184 267/441/184 262/442/184
f 241/443/185 242/444/185 243/437/185
f 244/445/186 245/440/186 246/446/186
f 247/447/187 248/448/187 249/449/187
f 250/450/188 251/430/188 252/451/188
f 253/452/189 254/433/189 255/453/189
f 256/454/190 257/455/190 258/431/190
f 259/456/191 260/439/191 261/457/191
f 262/442/192 263/458/192 264/459/192
f 265/460/193 266/461/193 267/441/193
f 268/429/194 269/462/194 270/426/194
f 271/432/195 272/463/195 273/464/195
f 274/465/196 275/466/196 276/467/196
f 241/443/197 260/439/197 259/456/197
f 242/424/198 246/468/198 243/469/198
f 262/442/199 246/446/199 245/440/199
f 263/434/200 260/470/200 264/471/200
f 244/472/201 249/473/201 245/474/201
f 265/460/202 249/449/202 248/448/202
f 266/461/203 262/442/203 267/441/203
f 247/423/204 252/475/204 248/476/204
f 251/430/205 270/426/205 252/451/205
f 269/462/206 265/427/206 270/426/206
f 253/422/207 251/477/207 250/478/207
f 254/433/208 273/464/208 255/453/208
f 269/435/209 273/479/209 272/480/209
f 256/454/210 254/433/210 253/452/210
f 257/455/211 276/467/211 258/431/211
f 272/480/212 276/481/212 275/436/212
f 242/424/213 257/482/213 256/483/213
f 275/436/214 259/484/214 261/485/214
f 241/443/215 274/486/215 257/487/215
f 289/488/178 283/489/178 278/490/178
f 288/491/216 301/492/216 284/493/216
f 291/494/217 304/495/217 287/496/217
f 290/497/218 312/498/218 307/499/218
f 299/500/219 305/501/219 311/502/219
f 282/503/220 296/504/220 279/505/220
f 285/506/221 298/507/221 281/508/221
f 277/509/222 278/510/222 279/505/222
f 280/511/223 281/508/223 282/512/223
f 283/513/224 284/514/224 285/506/224
f 286/515/225 287/496/225 288/491/225
f 289/516/226 290/497/226 291/517/226
f 292/518/227 293/519/227 294/520/227
f 295/521/228 296/504/228 297/522/228
f 298/507/229 299/523/229 300/524/229
f 301/525/230 302/526/230 303/527/230
f 304/495/231 305/528/231 306/529/231
f 307/499/232 308/530/232 309/531/232
f 310/532/233 311/533/233 312/498/233
f 295/521/234 279/505/234 296/504/234
f 280/534/235 279/535/235 278/490/235
f 281/508/236 300/524/236 282/512/236
f 297/536/237 300/537/237 299/500/237
f 280/534/238 285/538/238 281/539/238
f 284/514/239 303/527/239 285/506/239
f 302/526/240 298/507/240 303/527/240
f 286/540/241 284/541/241 283/489/241
f 304/495/242 288/491/242 287/496/242
f 305/501/243 301/542/243 306/543/243
f 286/540/244 291/544/244 287/545/244
f 307/499/245 291/517/245 290/497/245
f 305/501/246 309/546/246 308/547/246
f 289/516/247 294/520/247 290/497/247
f 310/532/248 294/520/248 293/519/248
f 308/547/249 312/548/249 311/502/249
f 292/549/250 277/550/250 293/551/250
f 297/536/251 310/552/251 295/553/251
f 293/554/252 295/521/252 310/555/252
f 325/556/253 319/557/253 314/558/253
f 320/559/254 342/560/254 337/561/254
f 323/562/255 345/563/255 340/564/255
f 326/565/256 348/566/256 343/567/256
f 335/568/257 341/569/257 347/570/257
f 318/571/258 332/572/258 315/573/258
f 321/574/259 334/575/259 317/576/259
f 313/577/260 314/578/260 315/573/260
f 316/579/261 317/580/261 318/571/261
f 319/581/262 320/559/262 321/574/262
f 322/582/263 323/562/263 324/583/263
f 325/556/264 326/584/264 327/585/264
f 328/586/265 329/587/265 330/588/265
f 331/589/266 332/572/266 333/590/266
f 334/591/267 335/568/267 336/592/267
f 337/561/268 338/593/268 339/594/268
f 340/564/269 341/595/269 342/596/269
f 343/567/270 344/597/270 345/598/270
f 346/599/271 347/600/271 348/566/271
f 331/589/272 315/573/272 332/572/272
f 316/579/273 315/573/273 314/578/273
f 317/580/274 336/601/274 318/571/274
f 333/602/275 336/592/275 335/568/275
f 319/581/276 317/576/276 316/603/276
f 320/559/277 339/594/277 321/574/277
f 335/568/278 339/604/278 338/605/278
f 319/557/279 324/606/279 320/607/279
f 340/564/280 324/583/280 323/562/280
f 341/569/281 337/608/281 342/609/281
f 322/610/282 327/585/282 323/611/282
f 343/612/283 327/613/283 326/614/283
f 344/615/284 340/564/284 345/563/284
f 325/556/285 330/616/285 326/584/285
f 346/599/286 330/588/286 329/587/286
f 347/600/287 343/567/287 348/566/287
f 314/558/288 329/617/288 328/618/288
f 347/570/289 331/619/289 333/602/289
f 313/620/290 346/599/290 329/587/290
f 361/621/253 355/622/253 350/623/253
f 356/624/291 378/625/291 373/626/291
f 359/627/292 381/628/292 376/629/292
f 362/630/293 384/631/293 379/632/293
f 371/633/294 377/634/294 383/635/294
f 354/636/295 368/637/295 351/638/295
f 357/639/296 370/640/296 353/641/296
f 349/642/297 350/643/297 351/638/297
f 352/644/298 353/645/298 354/636/298
f 355/646/299 356/624/299 357/639/299
f 358/647/300 359/627/300 360/648/300
f 361/621/301 362/649/301 363/650/301
f 364/651/302 365/652/302 366/653/302
f 367/654/303 368/637/303 369/655/303
f 370/656/304 371/633/304 372/657/304
f 373/626/305 374/658/305 375/659/305
f 376/629/306 377/660/306 378/661/306
f 379/662/307 380/663/307 381/628/307
f 382/664/308 383/665/308 384/631/308
f 349/642/309 368/637/309 367/654/309
f 352/644/310 351/638/310 350/643/310
f 353/645/311 372/666/311 354/636/311
f 369/667/312 372/657/312 371/633/312
f 352/668/313 357/639/313 353/641/313
f 356/624/314 375/659/314 357/639/314
f 371/633/315 375/669/315 374/670/315
f 358/671/316 356/672/316 355/622/316
f 359/627/317 378/661/317 360/648/317
f 377/634/318 373/673/318 378/674/318
f 361/621/319 359/675/319 358/671/319
f 379/662/320 363/676/320 362/677/320
f 377/660/321 381/628/321 380/663/321
f 364/678/322 362/649/322 361/621/322
f 382/664/323 366/653/323 365/652/323
f 380/679/324 384/631/324 383/665/324
f 350/623/325 365/680/325 364/678/325
f 369/667/326 382/681/326 367/682/326
f 349/683/327 382/664/327 365/652/327
f 397/684/253 391/685/253 386/686/253
f 392/687/291 414/688/291 409/689/291
f 399/690/292 412/691/292 395/692/292
f 402/693/293 415/694/293 398/695/293
f 407/696/294 413/697/294 419/698/294
f 390/699/295 404/700/295 387/701/295
f 393/702/296 406/703/296 389/704/296
f 385/705/297 386/706/297 387/701/297
f 388/707/298 389/708/298 390/699/298
f 391/709/299 392/687/299 393/702/299
f 394/710/300 395/692/300 396/711/300
f 397/684/301 398/712/301 399/713/301
f 400/714/302 401/715/302 402/693/302
f 403/716/303 404/700/303 405/717/303
f 406/718/304 407/696/304 408/719/304
f 409/689/305 410/720/305 411/721/305
f 412/691/306 413/722/306 414/723/306
f 415/724/307 416/725/307 417/726/307
f 418/727/308 419/728/308 420/729/308
f 385/705/309 404/700/309 403/716/309
f 386/706/310 390/699/310 387/701/310
f 389/708/311 408/730/311 390/699/311
f 405/731/312 408/719/312 407/696/312
f 388/732/313 393/702/313 389/704/313
f 409/689/314 393/702/314 392/687/314
f 410/733/315 406/718/315 411/734/315
f 394/735/316 392/736/316 391/685/316
f 412/691/317 396/711/317 395/692/317
f 410/733/328 414/737/328 413/697/328
f 397/684/319 395/738/319 394/735/319
f 415/724/320 399/690/320 398/739/320
f 416/725/321 412/691/321 417/726/321
f 400/740/322 398/712/322 397/684/322
f 418/727/323 402/693/323 401/715/323
f 419/728/324 415/694/324 420/729/324
f 400/740/329 385/741/329 401/742/329
f 419/698/326 403/743/326 405/731/326
f 401/715/327 403/744/327 418/727/327
f 433/745/253 427/746/253 422/747/253
f 428/748/291 450/749/291 445/750/291
f 435/751/292 448/752/292 431/753/292
f 438/754/293 451/755/293 434/756/293
f 443/757/294 449/758/294 455/759/294
f 426/760/295 440/761/295 423/762/295
f 429/763/296 442/764/296 425/765/296
f 421/766/297 422/767/297 423/762/297
f 424/768/298 425/769/298 426/760/298
f 427/770/299 428/748/299 429/763/299
f 430/771/300 431/753/300 432/772/300
f 433/745/301 434/773/301 435/774/301
f 436/775/302 437/776/302 438/754/302
f 439/777/303 440/761/303 441/778/303
f 442/779/304 443/757/304 444/780/304
f 445/750/305 446/781/305 447/782/305
f 448/752/306 449/783/306 450/784/306
f 451/785/307 452/786/307 453/787/307
f 454/788/308 455/789/308 456/790/308
f 421/766/309 440/761/309 439/777/309
f 422/767/310 426/760/310 423/762/310
f 425/769/311 444/791/311 426/760/311
f 443/757/312 440/792/312 444/780/312
f 424/793/313 429/763/313 425/765/313
f 445/750/314 429/763/314 428/748/314
f 446/794/315 442/779/315 447/795/315
f 430/796/316 428/797/316 427/746/316
f 431/753/317 450/784/317 432/772/317
f 449/758/328 445/798/328 450/799/328
f 433/745/319 431/800/319 430/796/319
f 451/785/320 435/751/320 434/801/320
f 449/783/321 453/787/321 452/786/321
f 433/745/322 438/802/322 434/773/322
f 437/776/323 456/790/323 438/754/323
f 452/803/324 456/790/324 455/789/324
f 422/747/329 437/804/329 436/805/329
f 441/806/326 454/807/326 439/808/326
f 437/776/327 439/809/327 454/788/327
f 469/810/330 463/811/330 458/812/330
f 468/813/331 487/814/331 464/815/331
f 471/816/332 490/817/332 467/818/332
f 474/819/333 493/820/333 470/821/333
f 477/822/334 496/823/334 473/824/334
f 476/825/335 504/826/335 499/827/335
f 491/828/336 497/829/336 503/830/336
f 459/831/337 486/832/337 482/833/337
f 461/834/338 489/835/338 484/836/338
f 457/837/339 458/838/339 459/831/339
f 460/839/340 461/834/340 462/840/340
f 463/841/341 464/815/341 465/842/341
f 466/843/342 467/818/342 468/844/342
f 469/845/343 470/821/343 471/816/343
f 472/846/344 473/824/344 474/847/344
f 475/848/345 476/825/345 477/822/345
f 478/849/346 479/850/346 480/851/346
f 481/852/347 482/833/347 483/853/347
f 484/836/348 485/854/348 486/855/348
f 487/814/349 488/856/349 489/835/349
f 490/857/350 491/858/350 492/859/350
f 493/820/351 494/860/351 495/861/351
f 496/862/352 497/829/352 498/863/352
f 499/827/353 500/864/353 501/865/353
f 502/866/354 503/867/354 504/868/354
f 457/837/355 482/833/355 481/852/355
f 458/812/356 462/869/356 459/870/356
f 484/836/357 462/840/357 461/834/357
f 485/871/358 482/833/358 486/832/358
f 460/872/359 465/873/359 461/874/359
f 464/815/360 489/835/360 465/842/360
f 488/856/361 484/836/361 489/835/361
f 466/875/362 464/876/362 463/811/362
f 467/818/363 492/877/363 468/844/363
f 488/856/364 492/859/364 491/858/364
f 469/845/365 467/818/365 466/843/365
f 470/821/366 495/861/366 471/816/366
f 491/828/367 495/878/367 494/879/367
f 472/880/368 470/881/368 469/810/368
f 473/824/369 498/882/369 474/847/369
f 494/879/370 498/863/370 497/829/370
f 475/883/371 473/884/371 472/880/371
f 499/827/372 477/822/372 476/825/372
f 497/829/373 501/885/373 500/886/373
f 475/883/374 480/887/374 476/888/374
f 502/866/375 480/851/375 479/850/375
f 503/830/376 499/889/376 504/890/376
f 478/891/377 457/892/377 479/893/377
f 483/853/378 502/866/378 481/852/378
f 479/850/379 481/852/379 502/866/379
f 517/894/330 511/895/330 506/896/330
f 516/897/380 535/898/380 512/899/380
f 515/900/381 543/901/381 538/902/381
f 522/903/382 541/904/382 518/905/382
f 525/906/383 544/907/383 521/908/383
f 528/909/384 547/910/384 524/911/384
f 539/912/385 545/913/385 551/914/385
f 507/915/386 534/916/386 530/917/386
f 509/918/387 537/919/387 532/920/387
f 505/921/388 506/922/388 507/915/388
f 508/923/389 509/918/389 510/924/389
f 511/925/390 512/899/390 513/926/390
f 514/927/391 515/900/391 516/928/391
f 517/929/392 518/905/392 519/930/392
f 520/931/393 521/908/393 522/932/393
f 523/933/394 524/911/394 525/906/394
f 526/934/395 527/935/395 528/936/395
f 529/937/396 530/917/396 531/938/396
f 532/920/397 533/939/397 534/940/397
f 535/898/398 536/941/398 537/919/398
f 538/902/399 539/942/399 540/943/399
f 541/904/400 542/944/400 543/901/400
f 544/907/401 545/945/401 546/946/401
f 547/910/402 548/947/402 549/948/402
f 550/949/403 551/950/403 552/951/403
f 505/921/404 530/917/404 529/937/404
f 508/952/405 507/953/405 506/896/405
f 532/920/406 510/924/406 509/918/406
f 531/954/407 534/955/407 533/956/407
f 511/895/408 509/957/408 508/952/408
f 535/898/409 513/926/409 512/899/409
f 533/956/410 537/958/410 536/959/410
f 514/960/411 512/961/411 511/895/411
f 515/900/412 540/943/412 516/928/412
f 536/959/413 540/962/413 539/912/413
f 517/929/414 515/900/414 514/927/414
f 541/904/415 519/930/415 518/905/415
f 542/963/416 538/964/416 543/965/416
f 517/894/417 522/966/417 518/967/417
f 544/907/418 522/932/418 521/908/418
f 542/963/419 546/968/419 545/913/419
f 520/969/420 525/970/420 521/971/420
f 524/911/421 549/948/421 525/906/421
f 545/945/422 549/948/422 548/947/422
f 526/972/423 524/973/423 523/974/423
f 527/935/424 552/951/424 528/936/424
f 551/914/425 547/975/425 552/976/425
f 526/972/426 505/977/426 527/978/426
f 551/950/427 529/937/427 531/938/427
f 505/921/428 550/949/428 527/935/428
f 565/979/429 559/980/429 554/981/429
f 560/982/430 582/983/430 577/984/430
f 567/985/431 580/986/431 563/987/431
f 570/988/432 583/989/432 566/990/432
f 575/991/433 581/992/433 587/993/433
f 555/994/434 576/995/434 572/996/434
f 557/997/435 579/998/435 574/999/435
f 553/1000/436 554/1001/436 555/994/436
f 556/1002/437 557/1003/437 558/1004/437
f 559/1005/438 560/982/438 561/1006/438
f 562/1007/439 563/987/439 564/1008/439
f 565/1009/440 566/1010/440 567/985/440
f 568/1011/441 569/1012/441 570/988/441
f 571/1013/442 572/1014/442 573/1015/442
f 574/1016/443 575/1017/443 576/995/443
f 577/984/444 578/1018/444 579/998/444
f 580/986/445 581/1019/445 582/1020/445
f 583/1021/446 584/1022/446 585/1023/446
f 586/1024/447 587/1025/447 588/1026/447
f 571/1027/448 555/994/448 572/996/448
f 554/1001/449 558/1004/449 555/994/449
f 574/1016/450 558/1004/450 557/1003/450
f 575/991/451 572/1028/451 576/1029/451
f 556/1030/452 561/1031/452 557/1032/452
f 577/984/453 561/1006/453 560/982/453
f 578/1033/454 574/1034/454 579/1035/454
f 559/1005/455 564/1036/455 560/982/455
f 580/986/456 564/1008/456 563/987/456
f 581/992/457 577/1037/457 582/1038/457
f 565/979/458 563/1039/458 562/1040/458
f 566/1010/459 585/1023/459 567/985/459
f 581/1019/460 585/1023/460 584/1022/460
f 568/1041/461 566/1042/461 565/979/461
f 569/1012/462 588/1026/462 570/988/462
f 584/1022/463 588/1043/463 587/1044/463
f 554/981/464 569/1045/464 568/1041/464
f 587/1025/465 571/1013/465 573/1015/465
f 553/1046/466 586/1024/466 569/1012/466
f 601/1047/429 595/1048/429 590/1049/429
f 600/1050/467 613/1051/467 596/1052/467
f 599/1053/468 621/1054/468 616/1055/468
f 602/1056/469 624/1057/469 619/1058/469
f 611/1059/470 617/1060/470 623/1061/470
f 591/1062/471 612/1063/471 608/1064/471
f 597/1065/472 610/1066/472 593/1067/472
f 589/1068/473 590/1069/473 591/1062/473
f 592/1070/474 593/1071/474 594/1072/474
f 595/1073/475 596/1052/475 597/1065/475
f 598/1074/476 599/1053/476 600/1075/476
f 601/1076/477 602/1077/477 603/1078/477
f 604/1079/478 605/1080/478 606/1081/478
f 607/1082/479 608/1064/479 609/1083/479
f 610/1084/480 611/1085/480 612/1063/480
f 613/1051/481 614/1086/481 615/1087/481
f 616/1055/482 617/1088/482 618/1089/482
f 619/1090/483 620/1091/483 621/1054/483
f 622/1092/484 623/1093/484 624/1057/484
f 589/1068/485 608/1064/485 607/1082/485
f 592/1070/486 591/1062/486 590/1069/486
f 610/1084/487 594/1072/487 593/1071/487
f 609/1094/488 612/1095/488 611/1059/488
f 592/1096/489 597/1097/489 593/1098/489
f 613/1051/490 597/1065/490 596/1052/490
f 611/1059/491 615/1099/491 614/1100/491
f 595/1073/492 600/1050/492 596/1052/492
f 616/1055/493 600/1075/493 599/1053/493
f 614/1100/494 618/1101/494 617/1060/494
f 601/1047/495 599/1102/495 598/1103/495
f 602/1077/496 621/1054/496 603/1078/496
f 617/1088/497 621/1054/497 620/1091/497
f 601/1047/498 606/1104/498 602/1105/498
f 605/1080/499 624/1057/499 606/1081/499
f 623/1061/500 619/1106/500 624/1107/500
f 590/1049/501 605/1108/501 604/1109/501
f 609/1110/502 622/1092/502 607/1111/502
f 605/1080/503 607/1111/503 622/1092/503
f 637/1112/429 631/1113/429 626/1114/429
f 632/1115/467 654/1116/467 649/1117/467
f 639/1118/468 652/1119/468 635/1120/468
f 642/1121/469 655/1122/469 638/1123/469
f 647/1124/470 653/1125/470 659/1126/470
f 627/1127/471 648/1128/471 644/1129/471
f 629/1130/472 651/1131/472 646/1132/472
f 625/1133/473 626/1134/473 627/1127/473
f 628/1135/474 629/1136/474 630/1137/474
f 631/1138/475 632/1115/475 633/1139/475
f 634/1140/476 635/1120/476 636/1141/476
f 637/1142/477 638/1143/477 639/1118/477
f 640/1144/478 641/1145/478 642/1121/478
f 643/1146/504 644/1129/504 645/1147/504
f 646/1148/480 647/1149/480 648/1128/480
f 649/1117/481 650/1150/481 651/1131/481
f 652/1119/482 653/1151/482 654/1152/482
f 655/1153/483 656/1154/483 657/1155/483
f 658/1156/484 659/1157/484 660/1158/484
f 625/1133/485 644/1129/485 643/1146/485
f 628/1135/486 627/1127/486 626/1134/486
f 629/1136/487 648/1128/487 630/1137/487
f 647/1124/488 644/1159/488 648/1160/488
f 631/1113/489 629/1161/489 628/1162/489
f 649/1117/490 633/1139/490 632/1115/490
f 647/1124/491 651/1163/491 650/1164/491
f 631/1138/492 636/1165/492 632/1115/492
f 635/1120/493 654/1152/493 636/1141/493
f 650/1164/494 654/1166/494 653/1125/494
f 637/1112/495 635/1167/495 634/1168/495
f 655/1153/496 639/1118/496 638/1143/496
f 653/1151/497 657/1155/497 656/1154/497
f 637/1112/498 642/1169/498 638/1170/498
f 641/1145/499 660/1158/499 642/1121/499
f 656/1171/500 660/1172/500 659/1126/500
f 626/1114/501 641/1173/501 640/1174/501
f 645/1175/502 658/1156/502 643/1176/502
f 641/1145/503 643/1176/503 658/1156/503
f 2/3/1 22/75/1 19/77/1
f 19/77/1 16/71/1 13/1/1
f 13/1/1 10/64/1 7/2/1
f 7/2/1 4/61/1 2/3/1
f 2/3/1 19/77/1 13/1/1
f 8/4/2 12/34/2 36/5/2
f 11/7/505 15/1177/505 39/8/505
f 14/10/506 18/38/506 42/11/506
f 17/13/507 21/1178/507 45/14/507
f 24/16/508 48/59/508 43/17/508
f 47/21/509 27/1179/509 29/63/509
f 29/63/7 32/48/7 35/19/7
f 35/19/509 38/67/509 41/20/509
f 41/20/7 44/1180/7 47/21/7
f 47/21/7 29/63/7 35/19/7
f 6/22/510 30/46/510 26/23/510
f 9/25/511 33/1181/511 28/26/511
f 25/43/512 1/28/512 3/24/512
f 4/30/513 6/22/513 3/24/513
f 5/27/514 28/26/514 30/46/514
f 27/44/515 26/23/515 30/46/515
f 7/2/30 9/1182/30 5/60/30
f 8/4/516 31/6/516 33/62/516
f 29/63/517 28/1183/517 33/49/517
f 7/31/33 10/33/33 12/34/33
f 34/9/518 36/5/518 12/34/518
f 35/19/519 32/48/519 31/47/519
f 10/64/520 13/1/520 15/65/520
f 37/12/521 39/53/521 15/36/521
f 38/67/522 35/19/522 34/50/522
f 13/1/39 16/71/39 18/69/39
f 40/15/523 42/11/523 18/38/523
f 41/54/524 38/52/524 37/12/524
f 16/71/525 19/77/525 21/72/525
f 43/17/526 45/56/526 21/40/526
f 44/55/527 41/1184/527 40/74/527
f 22/75/45 24/1185/45 20/76/45
f 23/42/528 46/57/528 48/59/528
f 44/55/47 43/17/47 48/59/47
f 2/3/529 1/1186/529 23/78/529
f 47/58/530 46/57/530 25/79/530
f 1/81/531 25/79/531 46/57/531
f 50/84/1 70/162/1 67/155/1
f 67/155/1 64/153/1 61/82/1
f 61/82/1 58/150/1 55/83/1
f 55/83/1 52/142/1 50/84/1
f 50/84/1 67/155/1 61/82/1
f 56/85/51 60/116/51 84/86/51
f 59/88/52 63/1187/52 87/89/52
f 66/91/53 90/133/53 85/92/53
f 65/94/54 69/1188/54 93/95/54
f 72/97/55 96/138/55 91/98/55
f 95/102/56 75/166/56 77/139/56
f 77/139/56 80/145/56 83/100/56
f 83/100/56 86/152/56 89/101/56
f 89/101/56 92/157/56 95/102/56
f 95/102/56 77/139/56 83/100/56
f 51/103/57 54/112/57 78/104/57
f 57/106/58 81/1189/58 76/107/58
f 73/124/75 49/109/75 51/103/75
f 50/110/76 52/111/76 54/112/76
f 53/108/532 76/107/532 78/104/532
f 77/139/78 75/166/78 74/140/78
f 52/142/533 55/83/533 57/143/533
f 56/85/80 79/87/80 81/128/80
f 80/145/81 77/139/81 76/146/81
f 55/113/82 58/115/82 60/116/82
f 59/88/83 82/90/83 84/86/83
f 80/145/534 79/1190/534 84/148/534
f 61/82/85 63/1191/85 59/149/85
f 85/92/86 87/131/86 63/118/86
f 83/100/87 82/1192/87 87/151/87
f 64/153/88 66/1193/88 62/154/88
f 88/96/89 90/133/89 66/91/89
f 89/132/90 86/130/90 85/92/90
f 67/155/91 69/1194/91 65/156/91
f 91/98/535 93/135/535 69/121/535
f 92/157/93 89/101/93 88/158/93
f 67/155/94 70/162/94 72/160/94
f 94/136/95 96/138/95 72/97/95
f 92/134/96 91/98/96 96/138/96
f 70/162/97 50/84/97 49/163/97
f 95/102/98 94/1195/98 73/165/98
f 49/167/99 73/1196/99 94/136/99
f 98/170/100 112/226/100 109/168/100
f 109/168/100 106/221/100 103/169/100
f 103/169/100 100/1197/100 98/170/100
f 108/171/536 126/1198/536 121/172/536
f 111/174/537 129/212/537 124/175/537
f 110/177/538 114/201/538 132/178/538
f 131/182/104 117/1199/104 119/180/104
f 119/180/104 122/217/104 125/181/104
f 125/181/104 128/223/104 131/182/104
f 99/183/539 102/193/539 120/184/539
f 105/186/540 123/207/540 118/187/540
f 97/189/541 99/183/541 116/185/541
f 98/190/120 100/191/120 102/193/120
f 101/192/542 118/204/542 120/184/542
f 119/205/543 117/203/543 116/185/543
f 103/194/544 105/186/544 101/188/544
f 104/173/545 121/172/545 123/207/545
f 119/180/546 118/1200/546 123/216/546
f 106/218/547 108/171/547 104/173/547
f 107/176/548 124/175/548 126/209/548
f 122/217/549 121/1201/549 126/219/549
f 109/168/129 111/1202/129 107/220/129
f 127/210/550 129/212/550 111/174/550
f 125/181/131 124/1203/131 129/222/131
f 109/168/551 112/226/551 114/224/551
f 130/213/552 132/178/552 114/201/552
f 131/214/553 128/1204/553 127/179/553
f 112/226/554 98/170/554 97/227/554
f 117/229/555 131/214/555 130/213/555
f 113/200/556 97/1205/556 115/230/556
f 134/233/100 148/288/100 145/231/100
f 145/231/100 142/287/100 139/232/100
f 139/232/100 136/1206/100 134/233/100
f 144/234/138 162/1207/138 157/235/138
f 143/237/139 147/262/139 165/238/139
f 150/240/140 168/277/140 163/241/140
f 167/245/141 153/278/141 155/243/141
f 155/243/141 158/281/141 161/244/141
f 161/244/141 164/1208/141 167/245/141
f 135/246/142 138/256/142 156/247/142
f 141/249/557 159/270/557 154/250/557
f 133/252/156 135/246/156 152/248/156
f 136/254/157 138/256/157 135/246/157
f 137/255/158 154/267/158 156/247/158
f 153/278/159 152/1209/159 156/279/159
f 139/257/160 141/249/160 137/251/160
f 157/235/161 159/270/161 141/249/161
f 158/281/176 155/243/176 154/282/176
f 142/284/163 144/234/163 140/236/163
f 160/239/164 162/272/164 144/259/164
f 158/281/165 157/1210/165 162/285/165
f 145/231/166 147/1211/166 143/286/166
f 146/261/167 163/273/167 165/238/167
f 164/274/168 161/271/168 160/239/168
f 148/288/169 150/1212/169 146/289/169
f 166/275/170 168/277/170 150/240/170
f 164/290/171 163/241/171 168/277/171
f 134/233/172 133/1213/172 149/291/172
f 167/276/173 166/275/173 151/292/173
f 133/294/174 151/292/174 166/275/174
f 170/297/100 184/351/100 181/295/100
f 181/295/100 178/350/100 175/296/100
f 175/296/100 172/1214/100 170/297/100
f 180/298/138 198/1215/138 193/299/138
f 179/301/139 183/326/139 201/302/139
f 186/304/140 204/341/140 199/305/140
f 203/309/141 189/342/141 191/307/141
f 191/307/141 194/346/141 197/308/141
f 197/308/141 200/1216/141 203/309/141
f 174/310/142 192/333/142 188/311/142
f 173/313/557 177/321/557 195/314/557
f 187/329/156 169/316/156 171/312/156
f 172/318/157 174/310/157 171/312/157
f 173/319/158 190/331/158 192/333/158
f 189/342/159 188/1217/159 192/343/159
f 172/344/160 175/320/160 177/321/160
f 176/300/161 193/299/161 195/314/161
f 191/307/162 190/1218/162 195/345/162
f 178/347/163 180/298/163 176/300/163
f 179/301/164 196/303/164 198/336/164
f 194/346/165 193/1219/165 198/348/165
f 181/295/166 183/1220/166 179/349/166
f 182/325/167 199/337/167 201/302/167
f 197/335/168 196/303/168 201/302/168
f 184/351/169 186/1221/169 182/352/169
f 202/339/170 204/341/170 186/304/170
f 203/340/171 200/1222/171 199/305/171
f 170/297/172 169/1223/172 185/353/172
f 189/354/173 203/340/173 202/339/173
f 169/356/174 187/355/174 202/339/174
f 206/359/100 220/414/100 217/357/100
f 217/357/100 214/413/100 211/358/100
f 211/358/100 208/1224/100 206/359/100
f 216/360/138 234/1225/138 229/361/138
f 215/363/139 219/387/139 237/364/139
f 218/366/140 222/390/140 240/367/140
f 239/371/141 225/404/141 227/369/141
f 227/369/141 230/408/141 233/370/141
f 233/370/141 236/1226/141 239/371/141
f 210/372/142 228/395/142 224/373/142
f 213/375/557 231/397/557 226/376/557
f 223/391/156 205/378/156 207/374/156
f 208/380/157 210/372/157 207/374/157
f 209/381/158 226/393/158 228/395/158
f 225/404/159 224/1227/159 228/405/159
f 211/382/160 213/375/160 209/377/160
f 212/362/161 229/361/161 231/397/161
f 227/369/162 226/1228/162 231/407/162
f 214/409/163 216/360/163 212/362/163
f 232/365/164 234/399/164 216/384/164
f 233/370/165 230/408/165 229/410/165
f 217/357/166 219/1229/166 215/412/166
f 218/386/167 235/400/167 237/364/167
f 233/398/168 232/365/168 237/364/168
f 220/414/169 222/1230/169 218/415/169
f 238/402/170 240/367/170 222/390/170
f 236/416/171 235/368/171 240/367/171
f 220/414/172 206/359/172 205/417/172
f 225/419/173 239/403/173 238/402/173
f 205/421/174 223/420/174 238/402/174
f 242/424/178 256/483/178 253/422/178
f 253/422/178 250/478/178 247/423/178
f 247/423/178 244/472/178 242/424/178
f 248/425/179 252/451/179 270/426/179
f 255/428/558 273/1231/558 268/429/558
f 258/431/559 276/467/559 271/432/559
f 275/436/182 261/485/182 263/434/182
f 263/434/182 266/1232/182 269/435/182
f 269/435/182 272/480/182 275/436/182
f 243/437/560 246/1233/560 264/438/560
f 245/440/561 249/449/561 267/441/561
f 241/443/562 243/437/562 260/439/562
f 242/424/563 244/472/563 246/468/563
f 262/442/564 264/459/564 246/446/564
f 263/434/200 261/485/200 260/470/200
f 244/472/565 247/423/565 249/473/565
f 265/460/566 267/441/566 249/449/566
f 266/461/203 263/458/203 262/442/203
f 247/423/204 250/478/204 252/475/204
f 251/430/567 268/429/567 270/426/567
f 269/462/206 266/1234/206 265/427/206
f 253/422/568 255/1235/568 251/477/568
f 254/433/569 271/432/569 273/464/569
f 269/435/570 268/1236/570 273/479/570
f 256/454/571 258/431/571 254/433/571
f 257/455/572 274/465/572 276/467/572
f 272/480/573 271/1237/573 276/481/573
f 242/424/213 241/1238/213 257/482/213
f 275/436/214 274/1239/214 259/484/214
f 241/443/215 259/456/215 274/486/215
f 278/490/178 292/549/178 289/488/178
f 289/488/178 286/540/178 283/489/178
f 283/489/178 280/534/178 278/490/178
f 288/491/216 306/529/216 301/492/216
f 291/494/217 309/1240/217 304/495/217
f 290/497/218 294/520/218 312/498/218
f 311/502/219 297/536/219 299/500/219
f 299/500/219 302/1241/219 305/501/219
f 305/501/219 308/547/219 311/502/219
f 282/503/220 300/1242/220 296/504/220
f 285/506/574 303/527/574 298/507/574
f 295/521/234 277/509/234 279/505/234
f 280/534/235 282/1243/235 279/535/235
f 281/508/236 298/507/236 300/524/236
f 297/536/237 296/1244/237 300/537/237
f 280/534/238 283/489/238 285/538/238
f 284/514/239 301/525/239 303/527/239
f 302/526/240 299/523/240 298/507/240
f 286/540/241 288/1245/241 284/541/241
f 304/495/575 306/529/575 288/491/575
f 305/501/243 302/1241/243 301/542/243
f 286/540/244 289/488/244 291/544/244
f 307/499/245 309/531/245 291/517/245
f 305/501/246 304/1246/246 309/546/246
f 289/516/247 292/518/247 294/520/247
f 310/532/248 312/498/248 294/520/248
f 308/547/249 307/1247/249 312/548/249
f 292/549/250 278/490/250 277/550/250
f 297/536/576 311/502/576 310/552/576
f 293/554/577 277/509/577 295/521/577
f 314/558/253 328/618/253 325/556/253
f 325/556/253 322/610/253 319/557/253
f 319/557/253 316/1248/253 314/558/253
f 320/559/578 324/1249/578 342/560/578
f 323/562/579 327/613/579 345/563/579
f 326/565/580 330/588/580 348/566/580
f 347/570/257 333/602/257 335/568/257
f 335/568/257 338/605/257 341/569/257
f 341/569/257 344/1250/257 347/570/257
f 318/571/581 336/601/581 332/572/581
f 321/574/582 339/594/582 334/575/582
f 331/589/583 313/577/583 315/573/583
f 316/579/584 318/571/584 315/573/584
f 317/580/585 334/1251/585 336/601/585
f 333/602/586 332/1252/586 336/592/586
f 319/581/276 321/574/276 317/576/276
f 320/559/277 337/561/277 339/594/277
f 335/568/587 334/591/587 339/604/587
f 319/557/588 322/610/588 324/606/588
f 340/564/589 342/596/589 324/583/589
f 341/569/590 338/605/590 337/608/590
f 322/610/591 325/556/591 327/585/591
f 343/612/592 345/563/592 327/613/592
f 344/615/593 341/595/593 340/564/593
f 325/556/594 328/618/594 330/616/594
f 346/599/595 348/566/595 330/588/595
f 347/600/287 344/597/287 343/567/287
f 314/558/596 313/1253/596 329/617/596
f 347/570/289 346/1254/289 331/619/289
f 313/620/597 331/1255/597 346/599/597
f 350/623/253 364/678/253 361/621/253
f 361/621/253 358/671/253 355/622/253
f 355/622/253 352/1256/253 350/623/253
f 356/624/291 360/1257/291 378/625/291
f 359/627/292 363/676/292 381/628/292
f 362/630/293 366/653/293 384/631/293
f 383/635/294 369/667/294 371/633/294
f 371/633/294 374/670/294 377/634/294
f 377/634/294 380/1258/294 383/635/294
f 354/636/295 372/666/295 368/637/295
f 357/639/296 375/659/296 370/640/296
f 349/642/309 351/638/309 368/637/309
f 352/644/310 354/636/310 351/638/310
f 353/645/311 370/1259/311 372/666/311
f 369/667/312 368/1260/312 372/657/312
f 352/668/313 355/646/313 357/639/313
f 356/624/314 373/626/314 375/659/314
f 371/633/315 370/656/315 375/669/315
f 358/671/316 360/1261/316 356/672/316
f 359/627/317 376/629/317 378/661/317
f 377/634/328 374/670/328 373/673/328
f 361/621/319 363/650/319 359/675/319
f 379/662/320 381/628/320 363/676/320
f 377/660/321 376/629/321 381/628/321
f 364/678/322 366/1262/322 362/649/322
f 382/664/323 384/631/323 366/653/323
f 380/679/324 379/632/324 384/631/324
f 350/623/329 349/1263/329 365/680/329
f 369/667/326 383/635/326 382/681/326
f 349/683/327 367/1264/327 382/664/327
f 386/686/253 400/740/253 397/684/253
f 397/684/253 394/735/253 391/685/253
f 391/685/253 388/1265/253 386/686/253
f 392/687/291 396/1266/291 414/688/291
f 399/690/292 417/726/292 412/691/292
f 402/693/293 420/729/293 415/694/293
f 419/698/294 405/731/294 407/696/294
f 407/696/294 410/733/294 413/697/294
f 413/697/294 416/1267/294 419/698/294
f 390/699/295 408/730/295 404/700/295
f 393/702/296 411/721/296 406/703/296
f 385/705/309 387/701/309 404/700/309
f 386/706/310 388/707/310 390/699/310
f 389/708/311 406/1268/311 408/730/311
f 405/731/312 404/1269/312 408/719/312
f 388/732/313 391/709/313 393/702/313
f 409/689/314 411/721/314 393/702/314
f 410/733/315 407/696/315 406/718/315
f 394/735/316 396/1270/316 392/736/316
f 412/691/317 414/723/317 396/711/317
f 410/733/328 409/1271/328 414/737/328
f 397/684/319 399/713/319 395/738/319
f 415/724/320 417/726/320 399/690/320
f 416/725/321 413/722/321 412/691/321
f 400/740/322 402/1272/322 398/712/322
f 418/727/323 420/729/323 402/693/323
f 419/728/324 416/1273/324 415/694/324
f 400/740/329 386/686/329 385/741/329
f 419/698/326 418/1274/326 403/743/326
f 401/715/327 385/1275/327 403/744/327
f 422/747/253 436/805/253 433/745/253
f 433/745/253 430/796/253 427/746/253
f 427/746/253 424/1276/253 422/747/253
f 428/748/291 432/1277/291 450/749/291
f 435/751/292 453/787/292 448/752/292
f 438/754/293 456/790/293 451/755/293
f 455/759/294 441/806/294 443/757/294
f 443/757/294 446/794/294 449/758/294
f 449/758/294 452/1278/294 455/759/294
f 426/760/295 444/791/295 440/761/295
f 429/763/296 447/782/296 442/764/296
f 421/766/309 423/762/309 440/761/309
f 422/767/310 424/768/310 426/760/310
f 425/769/311 442/1279/311 444/791/311
f 443/757/312 441/806/312 440/792/312
f 424/793/313 427/770/313 429/763/313
f 445/750/314 447/782/314 429/763/314
f 446/794/315 443/757/315 442/779/315
f 430/796/316 432/1280/316 428/797/316
f 431/753/317 448/752/317 450/784/317
f 449/758/328 446/794/328 445/798/328
f 433/745/319 435/774/319 431/800/319
f 451/785/320 453/787/320 435/751/320
f 449/783/321 448/752/321 453/787/321
f 433/745/322 436/805/322 438/802/322
f 437/776/323 454/788/323 456/790/323
f 452/803/324 451/755/324 456/790/324
f 422/747/329 421/1281/329 437/804/329
f 441/806/326 455/759/326 454/807/326
f 437/776/327 421/1282/327 439/809/327
f 458/812/330 478/891/330 475/883/330
f 475/883/330 472/880/330 469/810/330
f 469/810/330 466/875/330 463/811/330
f 463/811/330 460/872/330 458/812/330
f 458/812/330 475/883/330 469/810/330
f 468/813/598 492/859/598 487/814/598
f 471/816/599 495/861/599 490/817/599
f 474/819/600 498/1283/600 493/820/600
f 477/822/601 501/865/601 496/823/601
f 476/825/602 480/1284/602 504/826/602
f 503/830/336 483/1285/336 485/1286/336
f 485/1286/336 488/1287/336 491/828/336
f 491/828/336 494/879/336 497/829/336
f 497/829/336 500/886/336 503/830/336
f 503/830/336 485/1286/336 491/828/336
f 459/831/603 462/1288/603 486/832/603
f 461/834/604 465/842/604 489/835/604
f 457/837/605 459/831/605 482/833/605
f 458/812/606 460/872/606 462/869/606
f 484/836/607 486/855/607 462/840/607
f 485/871/608 483/853/608 482/833/608
f 460/872/359 463/811/359 465/873/359
f 464/815/609 487/814/609 489/835/609
f 488/856/361 485/854/361 484/836/361
f 466/875/610 468/1289/610 464/876/610
f 467/818/611 490/817/611 492/877/611
f 488/856/612 487/814/612 492/859/612
f 469/845/613 471/816/613 467/818/613
f 470/821/614 493/820/614 495/861/614
f 491/828/615 490/1290/615 495/878/615
f 472/880/616 474/1291/616 470/881/616
f 473/824/617 496/823/617 498/882/617
f 494/879/618 493/1292/618 498/863/618
f 475/883/371 477/1293/371 473/884/371
f 499/827/619 501/865/619 477/822/619
f 497/829/620 496/862/620 501/885/620
f 475/883/621 478/891/621 480/887/621
f 502/866/622 504/868/622 480/851/622
f 503/830/623 500/886/623 499/889/623
f 478/891/624 458/812/624 457/892/624
f 483/853/625 503/867/625 502/866/625
f 479/850/626 457/837/626 481/852/626
f 506/896/330 526/972/330 523/974/330
f 523/974/330 520/969/330 517/894/330
f 517/894/330 514/960/330 511/895/330
f 511/895/330 508/952/330 506/896/330
f 506/896/330 523/974/330 517/894/330
f 516/897/380 540/1294/380 535/898/380
f 515/900/381 519/930/381 543/901/381
f 522/903/382 546/1295/382 541/904/382
f 525/906/383 549/948/383 544/907/383
f 528/909/384 552/1296/384 547/910/384
f 551/914/385 531/954/385 533/956/385
f 533/956/385 536/959/385 539/912/385
f 539/912/385 542/963/385 545/913/385
f 545/913/385 548/1297/385 551/914/385
f 551/914/385 533/956/385 539/912/385
f 507/915/386 510/1298/386 534/916/386
f 509/918/387 513/926/387 537/919/387
f 505/921/404 507/915/404 530/917/404
f 508/952/627 510/1299/627 507/953/627
f 532/920/406 534/940/406 510/924/406
f 531/954/407 530/1300/407 534/955/407
f 511/895/408 513/1301/408 509/957/408
f 535/898/409 537/919/409 513/926/409
f 533/956/410 532/1302/410 537/958/410
f 514/960/411 516/1303/411 512/961/411
f 515/900/412 538/902/412 540/943/412
f 536/959/413 535/1304/413 540/962/413
f 517/929/414 519/930/414 515/900/414
f 541/904/415 543/901/415 519/930/415
f 542/963/416 539/912/416 538/964/416
f 517/894/417 520/969/417 522/966/417
f 544/907/418 546/946/418 522/932/418
f 542/963/419 541/1305/419 546/968/419
f 520/969/420 523/974/420 525/970/420
f 524/911/421 547/910/421 549/948/421
f 545/945/422 544/907/422 549/948/422
f 526/972/423 528/1306/423 524/973/423
f 527/935/424 550/949/424 552/951/424
f 551/914/425 548/1297/425 547/975/425
f 526/972/426 506/896/426 505/977/426
f 551/950/427 550/949/427 529/937/427
f 505/921/428 529/937/428 550/949/428
f 554/981/429 568/1041/429 565/979/429
f 565/979/429 562/1040/429 559/980/429
f 559/980/429 556/1030/429 554/981/429
f 560/982/628 564/1036/628 582/983/628
f 567/985/629 585/1023/629 580/986/629
f 570/988/630 588/1026/630 583/989/630
f 587/993/433 573/1307/433 575/991/433
f 575/991/433 578/1033/433 581/992/433
f 581/992/433 584/1308/433 587/993/433
f 555/994/631 558/1004/631 576/995/631
f 557/997/632 561/1006/632 579/998/632
f 571/1027/633 553/1000/633 555/994/633
f 554/1001/449 556/1002/449 558/1004/449
f 574/1016/634 576/995/634 558/1004/634
f 575/991/451 573/1307/451 572/1028/451
f 556/1030/635 559/980/635 561/1031/635
f 577/984/636 579/998/636 561/1006/636
f 578/1033/637 575/991/637 574/1034/637
f 559/1005/638 562/1309/638 564/1036/638
f 580/986/639 582/1020/639 564/1008/639
f 581/992/640 578/1033/640 577/1037/640
f 565/979/641 567/1310/641 563/1039/641
f 566/1010/642 583/1021/642 585/1023/642
f 581/1019/643 580/986/643 585/1023/643
f 568/1041/644 570/1311/644 566/1042/644
f 569/1012/645 586/1024/645 588/1026/645
f 584/1022/646 583/1021/646 588/1043/646
f 554/981/647 553/1312/647 569/1045/647
f 587/1025/648 586/1024/648 571/1013/648
f 553/1046/649 571/1013/649 586/1024/649
f 590/1049/429 604/1109/429 601/1047/429
f 601/1047/429 598/1103/429 595/1048/429
f 595/1048/429 592/1096/429 590/1049/429
f 600/1050/467 618/1313/467 613/1051/467
f 599/1053/468 603/1078/468 621/1054/468
f 602/1056/469 606/1081/469 624/1057/469
f 623/1061/470 609/1094/470 611/1059/470
f 611/1059/470 614/1100/470 617/1060/470
f 617/1060/470 620/1314/470 623/1061/470
f 591/1062/471 594/1072/471 612/1063/471
f 597/1065/472 615/1087/472 610/1066/472
f 589/1068/485 591/1062/485 608/1064/485
f 592/1070/486 594/1072/486 591/1062/486
f 610/1084/487 612/1063/487 594/1072/487
f 609/1094/488 608/1315/488 612/1095/488
f 592/1096/489 595/1048/489 597/1097/489
f 613/1051/490 615/1087/490 597/1065/490
f 611/1059/491 610/1316/491 615/1099/491
f 595/1073/492 598/1317/492 600/1050/492
f 616/1055/493 618/1089/493 600/1075/493
f 614/1100/494 613/1318/494 618/1101/494
f 601/1047/495 603/1319/495 599/1102/495
f 602/1077/496 619/1090/496 621/1054/496
f 617/1088/497 616/1055/497 621/1054/497
f 601/1047/498 604/1109/498 606/1104/498
f 605/1080/499 622/1092/499 624/1057/499
f 623/1061/500 620/1314/500 619/1106/500
f 590/1049/501 589/1320/501 605/1108/501
f 609/1110/502 623/1093/502 622/1092/502
f 605/1080/503 589/1321/503 607/1111/503
f 626/1114/429 640/1174/429 637/1112/429
f 637/1112/429 634/1168/429 631/1113/429
f 631/1113/429 628/1162/429 626/1114/429
f 632/1115/467 636/1165/467 654/1116/467
f 639/1118/468 657/1155/468 652/1119/468
f 642/1121/469 660/1158/469 655/1122/469
f 659/1126/470 645/1322/470 647/1124/470
f 647/1124/470 650/1164/470 653/1125/470
f 653/1125/470 656/1171/470 659/1126/470
f 627/1127/471 630/1137/471 648/1128/471
f 629/1130/472 633/1139/472 651/1131/472
f 625/1133/485 627/1127/485 644/1129/485
f 628/1135/486 630/1137/486 627/1127/486
f 629/1136/487 646/1148/487 648/1128/487
f 647/1124/488 645/1322/488 644/1159/488
f 631/1113/489 633/1323/489 629/1161/489
f 649/1117/490 651/1131/490 633/1139/490
f 647/1124/491 646/1324/491 651/1163/491
f 631/1138/492 634/1325/492 636/1165/492
f 635/1120/493 652/1119/493 654/1152/493
f 650/1164/494 649/1326/494 654/1166/494
f 637/1112/495 639/1327/495 635/1167/495
f 655/1153/496 657/1155/496 639/1118/496
f 653/1151/497 652/1119/497 657/1155/497
f 637/1112/498 640/1174/498 642/1169/498
f 641/1145/499 658/1156/499 660/1158/499
f 656/1171/500 655/1328/500 660/1172/500
f 626/1114/501 625/1329/501 641/1173/501
f 645/1175/502 659/1157/502 658/1156/502
f 641/1145/503 625/1330/503 643/1176/503
