# Blender 4.3.2
# www.blender.org
o hel_2
v 0.000000 0.775406 -0.157306
v 0.000000 0.460793 -0.157306
v 0.017793 0.832984 -0.054760
v 0.034373 0.810760 -0.105788
v 0.048610 0.775406 -0.149607
v 0.059535 0.729332 -0.183231
v 0.066403 0.675678 -0.204367
v 0.068745 0.618100 -0.211577
v 0.066403 0.560522 -0.204367
v 0.059535 0.506867 -0.183231
v 0.048610 0.460793 -0.149607
v 0.034373 0.425440 -0.105788
v 0.017793 0.403215 -0.054760
v 0.033844 0.832984 -0.046582
v 0.065381 0.810760 -0.089989
v 0.092462 0.775406 -0.127264
v 0.113243 0.729332 -0.155865
v 0.126306 0.675678 -0.173845
v 0.130762 0.618100 -0.179978
v 0.126306 0.560522 -0.173845
v 0.113243 0.506867 -0.155865
v 0.092462 0.460793 -0.127264
v 0.065381 0.425440 -0.089989
v 0.033844 0.403215 -0.046582
v 0.000000 0.840565 0.000000
v 0.046582 0.832984 -0.033844
v 0.089989 0.810760 -0.065381
v 0.127264 0.775406 -0.092462
v 0.155865 0.729332 -0.113243
v 0.173845 0.675678 -0.126306
v 0.179978 0.618100 -0.130762
v 0.173845 0.560522 -0.126306
v 0.155865 0.506867 -0.113243
v 0.127264 0.460793 -0.092462
v 0.089989 0.425440 -0.065381
v 0.046582 0.403215 -0.033844
v 0.054760 0.832984 -0.017793
v 0.105788 0.810760 -0.034373
v 0.149607 0.775406 -0.048610
v 0.183231 0.729332 -0.059535
v 0.204367 0.675678 -0.066403
v 0.211577 0.618100 -0.068745
v 0.204367 0.560522 -0.066403
v 0.183231 0.506867 -0.059535
v 0.149607 0.460793 -0.048610
v 0.105788 0.425440 -0.034373
v 0.054760 0.403215 -0.017793
v 0.057578 0.832984 0.000000
v 0.111232 0.810760 -0.000000
v 0.157306 0.775406 0.000000
v 0.192660 0.729332 0.000000
v 0.214885 0.675678 0.000000
v 0.222465 0.618100 -0.000000
v 0.214885 0.560522 0.000000
v 0.192660 0.506867 0.000000
v 0.157306 0.460793 0.000000
v 0.111232 0.425440 -0.000000
v 0.057578 0.403215 0.000000
v 0.054760 0.832984 0.017793
v 0.105788 0.810760 0.034373
v 0.149607 0.775406 0.048610
v 0.183231 0.729332 0.059535
v 0.204367 0.675678 0.066403
v 0.211577 0.618100 0.068745
v 0.204367 0.560522 0.066403
v 0.183231 0.506867 0.059535
v 0.149607 0.460793 0.048610
v 0.105788 0.425440 0.034373
v 0.054760 0.403215 0.017793
v 0.046582 0.832984 0.033844
v 0.089989 0.810760 0.065381
v 0.127264 0.775406 0.092462
v 0.155865 0.729332 0.113243
v 0.173845 0.675678 0.126306
v 0.179978 0.618100 0.130762
v 0.173845 0.560522 0.126306
v 0.155865 0.506867 0.113243
v 0.127264 0.460793 0.092462
v 0.089989 0.425440 0.065381
v 0.046582 0.403215 0.033844
v 0.033844 0.832984 0.046582
v 0.065381 0.810760 0.089989
v 0.092462 0.775406 0.127264
v 0.113243 0.729332 0.155865
v 0.126306 0.675678 0.173845
v 0.130762 0.618100 0.179978
v 0.126306 0.560522 0.173845
v 0.113243 0.506867 0.155865
v 0.092462 0.460793 0.127264
v 0.065381 0.425440 0.089989
v 0.033844 0.403215 0.046582
v 0.017793 0.832984 0.054760
v 0.034373 0.810760 0.105788
v 0.048610 0.775406 0.149607
v 0.059535 0.729332 0.183231
v 0.066403 0.675678 0.204367
v 0.068745 0.618100 0.211577
v 0.066403 0.560522 0.204367
v 0.059535 0.506867 0.183231
v 0.048610 0.460793 0.149607
v 0.034373 0.425440 0.105788
v 0.017793 0.403215 0.054760
v 0.000000 0.832984 0.057578
v 0.000000 0.810760 0.111232
v -0.000000 0.775406 0.157306
v 0.000000 0.729332 0.192660
v -0.000000 0.675678 0.214885
v 0.000000 0.618100 0.222465
v -0.000000 0.560522 0.214885
v 0.000000 0.506867 0.192660
v -0.000000 0.460793 0.157306
v 0.000000 0.425440 0.111232
v 0.000000 0.403215 0.057578
v -0.017793 0.832984 0.054760
v -0.034373 0.810760 0.105788
v -0.048610 0.775406 0.149607
v -0.059535 0.729332 0.183231
v -0.066403 0.675678 0.204367
v -0.068745 0.618100 0.211577
v -0.066403 0.560522 0.204367
v -0.059535 0.506867 0.183231
v -0.048610 0.460793 0.149607
v -0.034373 0.425440 0.105788
v -0.017793 0.403215 0.054760
v 0.000000 0.395635 0.000000
v -0.033844 0.832984 0.046582
v -0.065381 0.810760 0.089989
v -0.092462 0.775406 0.127264
v -0.113243 0.729332 0.155865
v -0.126306 0.675678 0.173845
v -0.130762 0.618100 0.179978
v -0.126306 0.560522 0.173845
v -0.113243 0.506867 0.155865
v -0.092462 0.460793 0.127264
v -0.065381 0.425440 0.089989
v -0.033844 0.403215 0.046582
v -0.046582 0.832984 0.033844
v -0.089989 0.810760 0.065381
v -0.127264 0.775406 0.092462
v -0.155865 0.729332 0.113243
v -0.173845 0.675678 0.126306
v -0.179978 0.618100 0.130762
v -0.173845 0.560522 0.126306
v -0.155865 0.506867 0.113243
v -0.127264 0.460793 0.092462
v -0.089989 0.425440 0.065381
v -0.046582 0.403215 0.033844
v -0.054760 0.832984 0.017793
v -0.105788 0.810760 0.034373
v -0.149607 0.775406 0.048610
v -0.183231 0.729332 0.059535
v -0.204367 0.675678 0.066403
v -0.211577 0.618100 0.068745
v -0.204367 0.560522 0.066403
v -0.183231 0.506867 0.059535
v -0.149607 0.460793 0.048610
v -0.105788 0.425440 0.034373
v -0.054760 0.403215 0.017793
v -0.057578 0.832984 0.000000
v -0.111232 0.810760 0.000000
v -0.157306 0.775406 -0.000000
v -0.192660 0.729332 0.000000
v -0.214885 0.675678 0.000000
v -0.222465 0.618100 0.000000
v -0.214885 0.560522 0.000000
v -0.192660 0.506867 0.000000
v -0.157306 0.460793 -0.000000
v -0.111232 0.425440 0.000000
v -0.057578 0.403215 0.000000
v -0.054760 0.832984 -0.017793
v -0.105788 0.810760 -0.034373
v -0.149607 0.775406 -0.048610
v -0.183231 0.729332 -0.059535
v -0.204367 0.675678 -0.066403
v -0.211577 0.618100 -0.068745
v -0.204367 0.560522 -0.066403
v -0.183231 0.506867 -0.059535
v -0.149607 0.460793 -0.048610
v -0.105788 0.425440 -0.034373
v -0.054760 0.403215 -0.017793
v -0.046582 0.832984 -0.033844
v -0.089989 0.810760 -0.065381
v -0.127264 0.775406 -0.092462
v -0.155865 0.729332 -0.113243
v -0.173845 0.675678 -0.126306
v -0.179978 0.618100 -0.130762
v -0.173845 0.560522 -0.126306
v -0.155865 0.506867 -0.113243
v -0.127264 0.460793 -0.092462
v -0.089989 0.425440 -0.065381
v -0.046582 0.403215 -0.033844
v -0.033844 0.832984 -0.046582
v -0.065381 0.810760 -0.089989
v -0.092462 0.775406 -0.127264
v -0.113243 0.729332 -0.155865
v -0.126306 0.675678 -0.173845
v -0.130762 0.618100 -0.179978
v -0.126306 0.560522 -0.173845
v -0.113243 0.506867 -0.155865
v -0.092462 0.460793 -0.127264
v -0.065381 0.425440 -0.089989
v -0.033844 0.403215 -0.046582
v -0.017793 0.832984 -0.054760
v -0.034373 0.810760 -0.105788
v -0.048610 0.775406 -0.149607
v -0.059535 0.729332 -0.183231
v -0.066403 0.675678 -0.204367
v -0.068745 0.618100 -0.211577
v -0.066403 0.560522 -0.204367
v -0.059535 0.506867 -0.183231
v -0.048610 0.460793 -0.149607
v -0.034373 0.425440 -0.105788
v -0.017793 0.403215 -0.054760
v -0.000000 0.832984 -0.057578
v -0.000000 0.810760 -0.111232
v -0.000000 0.729332 -0.192660
v 0.000000 0.675678 -0.214885
v -0.000000 0.618100 -0.222465
v 0.000000 0.560522 -0.214885
v -0.000000 0.506867 -0.192660
v -0.000000 0.425440 -0.111232
v -0.000000 0.403215 -0.057578
v 0.115735 0.550063 -0.268797
v 0.115735 0.451671 -0.325604
v 0.115735 0.353279 -0.268797
v 0.124822 0.561413 -0.239956
v 0.133290 0.550063 -0.266017
v 0.140561 0.532008 -0.288395
v 0.146140 0.508478 -0.305567
v 0.149648 0.481076 -0.316361
v 0.150844 0.451671 -0.320043
v 0.149648 0.422266 -0.316361
v 0.146140 0.394864 -0.305567
v 0.140561 0.371334 -0.288395
v 0.133290 0.353279 -0.266017
v 0.124822 0.341929 -0.239956
v 0.133019 0.561413 -0.235780
v 0.149126 0.550063 -0.257948
v 0.162956 0.532008 -0.276984
v 0.173569 0.508478 -0.291591
v 0.180240 0.481076 -0.300773
v 0.182516 0.451671 -0.303905
v 0.180240 0.422266 -0.300773
v 0.173569 0.394864 -0.291591
v 0.162956 0.371334 -0.276984
v 0.149126 0.353279 -0.257948
v 0.133019 0.341929 -0.235780
v 0.139525 0.561413 -0.229274
v 0.161693 0.550063 -0.245380
v 0.180729 0.532008 -0.259211
v 0.195336 0.508478 -0.269824
v 0.204519 0.481076 -0.276495
v 0.207651 0.451671 -0.278771
v 0.204519 0.422266 -0.276495
v 0.195336 0.394864 -0.269824
v 0.180729 0.371334 -0.259211
v 0.161693 0.353279 -0.245380
v 0.139525 0.341929 -0.229274
v 0.143702 0.561413 -0.221077
v 0.169762 0.550063 -0.229545
v 0.192140 0.532008 -0.236816
v 0.209312 0.508478 -0.242395
v 0.220106 0.481076 -0.245902
v 0.223788 0.451671 -0.247099
v 0.220106 0.422266 -0.245902
v 0.209312 0.394864 -0.242395
v 0.192140 0.371334 -0.236816
v 0.169762 0.353279 -0.229545
v 0.143702 0.341929 -0.221077
v 0.145141 0.561413 -0.211990
v 0.172542 0.550063 -0.211990
v 0.196072 0.532008 -0.211990
v 0.214127 0.508478 -0.211990
v 0.225477 0.481076 -0.211990
v 0.229349 0.451671 -0.211990
v 0.225477 0.422266 -0.211990
v 0.214127 0.394864 -0.211990
v 0.196072 0.371334 -0.211990
v 0.172542 0.353279 -0.211990
v 0.145141 0.341929 -0.211990
v 0.143702 0.561413 -0.202904
v 0.169762 0.550063 -0.194436
v 0.192140 0.532008 -0.187165
v 0.209312 0.508478 -0.181586
v 0.220106 0.481076 -0.178078
v 0.223788 0.451671 -0.176882
v 0.220106 0.422266 -0.178078
v 0.209312 0.394864 -0.181586
v 0.192140 0.371334 -0.187165
v 0.169762 0.353279 -0.194436
v 0.143702 0.341929 -0.202904
v 0.139525 0.561413 -0.194706
v 0.161693 0.550063 -0.178600
v 0.180729 0.532008 -0.164770
v 0.195336 0.508478 -0.154157
v 0.204519 0.481076 -0.147486
v 0.207651 0.451671 -0.145210
v 0.204519 0.422266 -0.147486
v 0.195336 0.394864 -0.154157
v 0.180729 0.371334 -0.164770
v 0.161693 0.353279 -0.178600
v 0.139525 0.341929 -0.194706
v 0.133019 0.561413 -0.188201
v 0.149126 0.550063 -0.166033
v 0.162956 0.532008 -0.146997
v 0.173569 0.508478 -0.132390
v 0.180240 0.481076 -0.123207
v 0.182516 0.451671 -0.120075
v 0.180240 0.422266 -0.123207
v 0.173569 0.394864 -0.132390
v 0.162956 0.371334 -0.146997
v 0.149126 0.353279 -0.166033
v 0.133019 0.341929 -0.188201
v 0.124822 0.561413 -0.184024
v 0.133290 0.550063 -0.157964
v 0.140561 0.532008 -0.135586
v 0.146140 0.508478 -0.118414
v 0.149648 0.481076 -0.107619
v 0.150844 0.451671 -0.103938
v 0.149648 0.422266 -0.107619
v 0.146140 0.394864 -0.118414
v 0.140561 0.371334 -0.135586
v 0.133290 0.353279 -0.157964
v 0.124822 0.341929 -0.184024
v 0.115735 0.561413 -0.182585
v 0.115735 0.550063 -0.155184
v 0.115735 0.532008 -0.131654
v 0.115735 0.508478 -0.113598
v 0.115735 0.481076 -0.102248
v 0.115735 0.451671 -0.098377
v 0.115735 0.422266 -0.102248
v 0.115735 0.394864 -0.113598
v 0.115735 0.371334 -0.131654
v 0.115735 0.353279 -0.155184
v 0.115735 0.341929 -0.182585
v 0.106649 0.561413 -0.184024
v 0.098181 0.550063 -0.157964
v 0.090910 0.532008 -0.135586
v 0.085331 0.508478 -0.118414
v 0.081823 0.481076 -0.107619
v 0.080627 0.451671 -0.103938
v 0.081823 0.422266 -0.107619
v 0.085331 0.394864 -0.118414
v 0.090910 0.371334 -0.135586
v 0.098181 0.353279 -0.157964
v 0.106649 0.341929 -0.184024
v 0.098451 0.561413 -0.188201
v 0.082345 0.550063 -0.166033
v 0.068515 0.532008 -0.146997
v 0.057902 0.508478 -0.132390
v 0.051231 0.481076 -0.123207
v 0.048955 0.451671 -0.120075
v 0.051231 0.422266 -0.123207
v 0.057902 0.394864 -0.132390
v 0.068515 0.371334 -0.146997
v 0.082345 0.353279 -0.166033
v 0.098451 0.341929 -0.188201
v 0.115735 0.565284 -0.211990
v 0.091946 0.561413 -0.194706
v 0.069778 0.550063 -0.178600
v 0.050742 0.532008 -0.164770
v 0.036135 0.508478 -0.154157
v 0.026952 0.481076 -0.147486
v 0.023820 0.451671 -0.145210
v 0.026952 0.422266 -0.147486
v 0.036135 0.394864 -0.154157
v 0.050742 0.371334 -0.164770
v 0.069778 0.353279 -0.178600
v 0.091946 0.341929 -0.194706
v 0.087769 0.561413 -0.202904
v 0.061709 0.550063 -0.194436
v 0.039331 0.532008 -0.187165
v 0.022159 0.508478 -0.181586
v 0.011365 0.481076 -0.178078
v 0.007683 0.451671 -0.176882
v 0.011365 0.422266 -0.178078
v 0.022159 0.394864 -0.181586
v 0.039331 0.371334 -0.187165
v 0.061709 0.353279 -0.194436
v 0.087769 0.341929 -0.202904
v 0.115735 0.338058 -0.211990
v 0.086330 0.561413 -0.211990
v 0.058929 0.550063 -0.211990
v 0.035399 0.532008 -0.211990
v 0.017343 0.508478 -0.211990
v 0.005993 0.481076 -0.211990
v 0.002122 0.451671 -0.211990
v 0.005993 0.422266 -0.211990
v 0.017343 0.394864 -0.211990
v 0.035399 0.371334 -0.211990
v 0.058929 0.353279 -0.211990
v 0.086330 0.341929 -0.211990
v 0.087769 0.561413 -0.221077
v 0.061709 0.550063 -0.229545
v 0.039331 0.532008 -0.236816
v 0.022159 0.508478 -0.242395
v 0.011365 0.481076 -0.245902
v 0.007683 0.451671 -0.247099
v 0.011365 0.422266 -0.245902
v 0.022159 0.394864 -0.242395
v 0.039331 0.371334 -0.236816
v 0.061709 0.353279 -0.229545
v 0.087769 0.341929 -0.221077
v 0.091946 0.561413 -0.229274
v 0.069778 0.550063 -0.245380
v 0.050742 0.532008 -0.259211
v 0.036135 0.508478 -0.269824
v 0.026952 0.481076 -0.276495
v 0.023820 0.451671 -0.278771
v 0.026952 0.422266 -0.276495
v 0.036135 0.394864 -0.269824
v 0.050742 0.371334 -0.259211
v 0.069778 0.353279 -0.245380
v 0.091946 0.341929 -0.229274
v 0.098451 0.561413 -0.235780
v 0.082345 0.550063 -0.257948
v 0.068515 0.532008 -0.276984
v 0.057902 0.508478 -0.291591
v 0.051231 0.481076 -0.300774
v 0.048955 0.451671 -0.303905
v 0.051231 0.422266 -0.300774
v 0.057902 0.394864 -0.291591
v 0.068515 0.371334 -0.276984
v 0.082345 0.353279 -0.257948
v 0.098451 0.341929 -0.235780
v 0.106649 0.561413 -0.239956
v 0.098181 0.550063 -0.266017
v 0.090910 0.532008 -0.288395
v 0.085331 0.508478 -0.305567
v 0.081823 0.481076 -0.316361
v 0.080627 0.451671 -0.320043
v 0.081823 0.422266 -0.316361
v 0.085331 0.394864 -0.305567
v 0.090910 0.371334 -0.288395
v 0.098181 0.353279 -0.266017
v 0.106649 0.341929 -0.239956
v 0.115735 0.561413 -0.241396
v 0.115735 0.532008 -0.292327
v 0.115735 0.508478 -0.310382
v 0.115735 0.481076 -0.321732
v 0.115735 0.422266 -0.321732
v 0.115735 0.394864 -0.310382
v 0.115735 0.371334 -0.292327
v 0.115735 0.341929 -0.241396
v -0.007913 0.484550 0.197896
v -0.007913 0.474024 0.172485
v -0.007913 0.410048 0.123394
v -0.007913 0.382778 0.119804
v -0.007913 0.355508 0.123394
v -0.007913 0.291532 0.172485
v -0.007913 0.281006 0.197896
v 0.000514 0.484550 0.199231
v 0.008366 0.474024 0.175063
v 0.015109 0.457280 0.154310
v 0.020284 0.435459 0.138386
v 0.023536 0.410048 0.128375
v 0.024646 0.382778 0.124961
v 0.023536 0.355508 0.128375
v 0.020284 0.330097 0.138386
v 0.015109 0.308276 0.154310
v 0.008366 0.291532 0.175063
v 0.000514 0.281006 0.199231
v 0.008116 0.484550 0.203104
v 0.023052 0.474024 0.182546
v 0.035878 0.457280 0.164892
v 0.045720 0.435459 0.151346
v 0.051907 0.410048 0.142831
v 0.054017 0.382778 0.139926
v 0.051907 0.355508 0.142831
v 0.045720 0.330097 0.151346
v 0.035878 0.308276 0.164892
v 0.023052 0.291532 0.182546
v 0.008116 0.281006 0.203104
v 0.014149 0.484550 0.209137
v 0.034707 0.474024 0.194201
v 0.052360 0.457280 0.181375
v 0.065907 0.435459 0.171533
v 0.074422 0.410048 0.165346
v 0.077327 0.382778 0.163236
v 0.074422 0.355508 0.165346
v 0.065907 0.330097 0.171533
v 0.052360 0.308276 0.181375
v 0.034707 0.291532 0.194201
v 0.014149 0.281006 0.209137
v -0.007913 0.488140 0.225166
v 0.018022 0.484550 0.216739
v 0.042190 0.474024 0.208887
v 0.062943 0.457280 0.202144
v 0.078867 0.435459 0.196969
v 0.088878 0.410048 0.193717
v 0.092292 0.382778 0.192607
v 0.088878 0.355508 0.193717
v 0.078867 0.330097 0.196969
v 0.062943 0.308276 0.202144
v 0.042190 0.291532 0.208887
v 0.018022 0.281006 0.216739
v 0.019357 0.484550 0.225166
v 0.044768 0.474024 0.225166
v 0.066589 0.457280 0.225166
v 0.083333 0.435459 0.225166
v 0.093859 0.410048 0.225166
v 0.097449 0.382778 0.225166
v 0.093859 0.355508 0.225166
v 0.083333 0.330097 0.225166
v 0.066589 0.308276 0.225166
v 0.044768 0.291532 0.225166
v 0.019357 0.281006 0.225166
v 0.018022 0.484550 0.233593
v 0.042190 0.474024 0.241445
v 0.062943 0.457280 0.248188
v 0.078867 0.435459 0.253363
v 0.088878 0.410048 0.256615
v 0.092292 0.382778 0.257725
v 0.088878 0.355508 0.256615
v 0.078867 0.330097 0.253363
v 0.062943 0.308276 0.248188
v 0.042190 0.291532 0.241445
v 0.018022 0.281006 0.233593
v 0.014149 0.484550 0.241195
v 0.034707 0.474024 0.256131
v 0.052360 0.457280 0.268957
v 0.065907 0.435459 0.278799
v 0.074422 0.410048 0.284986
v 0.077327 0.382778 0.287096
v 0.074422 0.355508 0.284986
v 0.065907 0.330097 0.278799
v 0.052360 0.308276 0.268957
v 0.034707 0.291532 0.256131
v 0.014149 0.281006 0.241195
v 0.008116 0.484550 0.247228
v 0.023052 0.474024 0.267786
v 0.035878 0.457280 0.285440
v 0.045720 0.435459 0.298986
v 0.051907 0.410048 0.307501
v 0.054017 0.382778 0.310406
v 0.051907 0.355508 0.307501
v 0.045720 0.330097 0.298986
v 0.035878 0.308276 0.285440
v 0.023052 0.291532 0.267786
v 0.008116 0.281006 0.247228
v 0.000514 0.484550 0.251101
v 0.008366 0.474024 0.275269
v 0.015109 0.457280 0.296022
v 0.020284 0.435459 0.311946
v 0.023536 0.410048 0.321957
v 0.024646 0.382778 0.325371
v 0.023536 0.355508 0.321957
v 0.020284 0.330097 0.311946
v 0.015109 0.308276 0.296022
v 0.008366 0.291532 0.275269
v 0.000514 0.281006 0.251101
v -0.007913 0.484550 0.252436
v -0.007913 0.474024 0.277847
v -0.007913 0.457280 0.299668
v -0.007913 0.435459 0.316412
v -0.007913 0.410048 0.326938
v -0.007913 0.382778 0.330528
v -0.007913 0.355508 0.326938
v -0.007913 0.330097 0.316412
v -0.007913 0.308276 0.299668
v -0.007913 0.291532 0.277847
v -0.007913 0.281006 0.252436
v -0.016340 0.484550 0.251101
v -0.024192 0.474024 0.275269
v -0.030936 0.457280 0.296022
v -0.036110 0.435459 0.311946
v -0.039362 0.410048 0.321957
v -0.040472 0.382778 0.325371
v -0.039362 0.355508 0.321957
v -0.036110 0.330097 0.311946
v -0.030936 0.308276 0.296022
v -0.024192 0.291532 0.275269
v -0.016340 0.281006 0.251101
v -0.023942 0.484550 0.247228
v -0.038878 0.474024 0.267786
v -0.051704 0.457280 0.285440
v -0.061546 0.435459 0.298986
v -0.067733 0.410048 0.307501
v -0.069843 0.382778 0.310406
v -0.067733 0.355508 0.307501
v -0.061546 0.330097 0.298986
v -0.051704 0.308276 0.285440
v -0.038878 0.291532 0.267786
v -0.023942 0.281006 0.247228
v -0.029975 0.484550 0.241195
v -0.050533 0.474024 0.256131
v -0.068187 0.457280 0.268957
v -0.081733 0.435459 0.278799
v -0.090248 0.410048 0.284986
v -0.093153 0.382778 0.287096
v -0.090248 0.355508 0.284986
v -0.081733 0.330097 0.278799
v -0.068187 0.308276 0.268957
v -0.050533 0.291532 0.256131
v -0.029975 0.281006 0.241195
v -0.007913 0.277416 0.225166
v -0.033848 0.484550 0.233593
v -0.058016 0.474024 0.241445
v -0.078769 0.457280 0.248188
v -0.094693 0.435459 0.253363
v -0.104704 0.410048 0.256615
v -0.108118 0.382778 0.257725
v -0.104704 0.355508 0.256615
v -0.094693 0.330097 0.253363
v -0.078769 0.308276 0.248188
v -0.058016 0.291532 0.241445
v -0.033848 0.281006 0.233593
v -0.035183 0.484550 0.225166
v -0.060594 0.474024 0.225166
v -0.082415 0.457280 0.225166
v -0.099159 0.435459 0.225166
v -0.109685 0.410048 0.225166
v -0.113275 0.382778 0.225166
v -0.109685 0.355508 0.225166
v -0.099159 0.330097 0.225166
v -0.082415 0.308276 0.225166
v -0.060594 0.291532 0.225166
v -0.035183 0.281006 0.225166
v -0.033848 0.484550 0.216739
v -0.058016 0.474024 0.208887
v -0.078769 0.457280 0.202144
v -0.094693 0.435459 0.196969
v -0.104704 0.410048 0.193717
v -0.108118 0.382778 0.192607
v -0.104704 0.355508 0.193717
v -0.094693 0.330097 0.196969
v -0.078769 0.308276 0.202144
v -0.058016 0.291532 0.208887
v -0.033848 0.281006 0.216739
v -0.029975 0.484550 0.209137
v -0.050533 0.474024 0.194201
v -0.068187 0.457280 0.181375
v -0.081733 0.435459 0.171533
v -0.090248 0.410048 0.165346
v -0.093153 0.382778 0.163236
v -0.090248 0.355508 0.165346
v -0.081733 0.330097 0.171533
v -0.068187 0.308276 0.181375
v -0.050533 0.291532 0.194201
v -0.029975 0.281006 0.209137
v -0.023942 0.484550 0.203104
v -0.038878 0.474024 0.182546
v -0.051704 0.457280 0.164892
v -0.061546 0.435459 0.151346
v -0.067733 0.410048 0.142831
v -0.069843 0.382778 0.139926
v -0.067733 0.355508 0.142831
v -0.061546 0.330097 0.151346
v -0.051704 0.308276 0.164892
v -0.038878 0.291532 0.182546
v -0.023942 0.281006 0.203104
v -0.016340 0.484550 0.199231
v -0.024192 0.474024 0.175063
v -0.030936 0.457280 0.154310
v -0.036110 0.435459 0.138386
v -0.039362 0.410048 0.128375
v -0.040472 0.382778 0.124961
v -0.039362 0.355508 0.128375
v -0.036110 0.330097 0.138386
v -0.030936 0.308276 0.154310
v -0.024192 0.291532 0.175063
v -0.016340 0.281006 0.199231
v -0.007913 0.457280 0.150664
v -0.007913 0.435459 0.133920
v -0.007913 0.330097 0.133920
v -0.007913 0.308276 0.150664
v 0.218890 0.891910 -0.061880
v 0.218890 0.833940 -0.095349
v 0.218890 0.767002 -0.095349
v 0.218890 0.709032 -0.061880
v 0.229232 0.925378 -0.002272
v 0.238870 0.912460 -0.031934
v 0.247146 0.891910 -0.057405
v 0.253496 0.865128 -0.076950
v 0.257488 0.833940 -0.089236
v 0.258850 0.800471 -0.093426
v 0.257488 0.767002 -0.089236
v 0.253496 0.735814 -0.076950
v 0.247146 0.709032 -0.057405
v 0.238870 0.688482 -0.031934
v 0.229232 0.675563 -0.002272
v 0.238562 0.925378 0.002482
v 0.256894 0.912460 -0.022750
v 0.272636 0.891910 -0.044417
v 0.284715 0.865128 -0.061043
v 0.292309 0.833940 -0.071494
v 0.294899 0.800471 -0.075059
v 0.292309 0.767002 -0.071494
v 0.284715 0.735814 -0.061043
v 0.272636 0.709032 -0.044417
v 0.256894 0.688482 -0.022750
v 0.238562 0.675563 0.002482
v 0.245967 0.925378 0.009886
v 0.271198 0.912460 -0.008446
v 0.292865 0.891910 -0.024188
v 0.309491 0.865128 -0.036267
v 0.319942 0.833940 -0.043860
v 0.323507 0.800471 -0.046450
v 0.319942 0.767002 -0.043860
v 0.309491 0.735814 -0.036267
v 0.292865 0.709032 -0.024188
v 0.271198 0.688482 -0.008446
v 0.245967 0.675563 0.009886
v 0.250721 0.925378 0.019216
v 0.280382 0.912460 0.009578
v 0.305853 0.891910 0.001302
v 0.325398 0.865128 -0.005048
v 0.337684 0.833940 -0.009040
v 0.341875 0.800471 -0.010402
v 0.337684 0.767002 -0.009040
v 0.325398 0.735814 -0.005048
v 0.305853 0.709032 0.001302
v 0.280382 0.688482 0.009578
v 0.250721 0.675563 0.019216
v 0.252359 0.925378 0.029558
v 0.283547 0.912460 0.029558
v 0.310329 0.891910 0.029558
v 0.330879 0.865128 0.029558
v 0.343797 0.833940 0.029558
v 0.348204 0.800471 0.029558
v 0.343797 0.767002 0.029558
v 0.330879 0.735814 0.029558
v 0.310329 0.709032 0.029558
v 0.283547 0.688482 0.029558
v 0.252359 0.675563 0.029558
v 0.250721 0.925378 0.039901
v 0.280382 0.912460 0.049539
v 0.305853 0.891910 0.057815
v 0.325398 0.865128 0.064165
v 0.337684 0.833940 0.068157
v 0.341875 0.800471 0.069519
v 0.337684 0.767002 0.068157
v 0.325398 0.735814 0.064165
v 0.305853 0.709032 0.057815
v 0.280382 0.688482 0.049539
v 0.250721 0.675563 0.039901
v 0.245967 0.925378 0.049231
v 0.271198 0.912460 0.067563
v 0.292865 0.891910 0.083305
v 0.309491 0.865128 0.095384
v 0.319942 0.833940 0.102977
v 0.323507 0.800471 0.105567
v 0.319942 0.767002 0.102977
v 0.309491 0.735814 0.095384
v 0.292865 0.709032 0.083305
v 0.271198 0.688482 0.067563
v 0.245967 0.675563 0.049231
v 0.238562 0.925378 0.056635
v 0.256894 0.912460 0.081867
v 0.272636 0.891910 0.103534
v 0.284715 0.865128 0.120160
v 0.292309 0.833940 0.130611
v 0.294899 0.800471 0.134176
v 0.292309 0.767002 0.130611
v 0.284715 0.735814 0.120160
v 0.272636 0.709032 0.103534
v 0.256894 0.688482 0.081867
v 0.238562 0.675563 0.056635
v 0.229232 0.925378 0.061389
v 0.238870 0.912460 0.091051
v 0.247146 0.891910 0.116522
v 0.253496 0.865128 0.136066
v 0.257488 0.833940 0.148353
v 0.258850 0.800471 0.152543
v 0.257488 0.767002 0.148353
v 0.253496 0.735814 0.136066
v 0.247146 0.709032 0.116522
v 0.238870 0.688482 0.091051
v 0.229232 0.675563 0.061389
v 0.218890 0.925378 0.063027
v 0.218890 0.912460 0.094215
v 0.218890 0.891910 0.120997
v 0.218890 0.865128 0.141548
v 0.218890 0.833940 0.154466
v 0.218890 0.800471 0.158872
v 0.218890 0.767002 0.154466
v 0.218890 0.735814 0.141548
v 0.218890 0.709032 0.120997
v 0.218890 0.688482 0.094215
v 0.218890 0.675563 0.063027
v 0.218890 0.929785 0.029558
v 0.208547 0.925378 0.061389
v 0.198910 0.912460 0.091051
v 0.190634 0.891910 0.116522
v 0.184283 0.865128 0.136066
v 0.180291 0.833940 0.148353
v 0.178930 0.800471 0.152543
v 0.180291 0.767002 0.148353
v 0.184283 0.735814 0.136066
v 0.190634 0.709032 0.116522
v 0.198910 0.688482 0.091051
v 0.208547 0.675563 0.061389
v 0.199217 0.925378 0.056635
v 0.180885 0.912460 0.081867
v 0.165143 0.891910 0.103534
v 0.153064 0.865128 0.120160
v 0.145471 0.833940 0.130611
v 0.142881 0.800471 0.134176
v 0.145471 0.767002 0.130611
v 0.153064 0.735814 0.120160
v 0.165143 0.709032 0.103534
v 0.180885 0.688482 0.081867
v 0.199217 0.675563 0.056635
v 0.191813 0.925378 0.049231
v 0.166581 0.912460 0.067563
v 0.144914 0.891910 0.083305
v 0.128289 0.865128 0.095384
v 0.117837 0.833940 0.102977
v 0.114273 0.800471 0.105567
v 0.117837 0.767002 0.102977
v 0.128289 0.735814 0.095384
v 0.144914 0.709032 0.083305
v 0.166581 0.688482 0.067563
v 0.191813 0.675563 0.049231
v 0.187059 0.925378 0.039901
v 0.157397 0.912460 0.049539
v 0.131926 0.891910 0.057815
v 0.112382 0.865128 0.064165
v 0.100096 0.833940 0.068157
v 0.095905 0.800471 0.069519
v 0.100096 0.767002 0.068157
v 0.112382 0.735814 0.064165
v 0.131926 0.709032 0.057815
v 0.157397 0.688482 0.049539
v 0.187059 0.675563 0.039901
v 0.185421 0.925378 0.029558
v 0.154233 0.912460 0.029558
v 0.127451 0.891910 0.029558
v 0.106901 0.865128 0.029558
v 0.093982 0.833940 0.029558
v 0.089576 0.800471 0.029558
v 0.093982 0.767002 0.029558
v 0.106901 0.735814 0.029558
v 0.127451 0.709032 0.029558
v 0.154233 0.688482 0.029558
v 0.185421 0.675563 0.029558
v 0.187059 0.925378 0.019216
v 0.157397 0.912460 0.009578
v 0.131926 0.891910 0.001302
v 0.112382 0.865128 -0.005048
v 0.100096 0.833940 -0.009040
v 0.095905 0.800471 -0.010402
v 0.100096 0.767002 -0.009040
v 0.112382 0.735814 -0.005048
v 0.131926 0.709032 0.001302
v 0.157397 0.688482 0.009578
v 0.187059 0.675563 0.019216
v 0.191813 0.925378 0.009886
v 0.166581 0.912460 -0.008446
v 0.144914 0.891910 -0.024188
v 0.128289 0.865128 -0.036267
v 0.117837 0.833940 -0.043860
v 0.114273 0.800471 -0.046450
v 0.117837 0.767002 -0.043860
v 0.128289 0.735814 -0.036267
v 0.144914 0.709032 -0.024188
v 0.166581 0.688482 -0.008446
v 0.191813 0.675563 0.009886
v 0.199217 0.925378 0.002482
v 0.180885 0.912460 -0.022750
v 0.165143 0.891910 -0.044417
v 0.153064 0.865128 -0.061043
v 0.145471 0.833940 -0.071494
v 0.142881 0.800471 -0.075059
v 0.145471 0.767002 -0.071494
v 0.153064 0.735814 -0.061043
v 0.165143 0.709032 -0.044417
v 0.180885 0.688482 -0.022750
v 0.199217 0.675563 0.002482
v 0.208547 0.925378 -0.002272
v 0.198910 0.912460 -0.031934
v 0.190634 0.891910 -0.057405
v 0.184283 0.865128 -0.076950
v 0.180291 0.833940 -0.089236
v 0.178930 0.800471 -0.093426
v 0.180291 0.767002 -0.089236
v 0.184283 0.735814 -0.076950
v 0.190634 0.709032 -0.057405
v 0.198910 0.688482 -0.031934
v 0.208547 0.675563 -0.002272
v 0.218890 0.925378 -0.003910
v 0.218890 0.912460 -0.035099
v 0.218890 0.865128 -0.082431
v 0.218890 0.800471 -0.099756
v 0.218890 0.735814 -0.082431
v 0.218890 0.688482 -0.035099
v 0.218890 0.675563 -0.003910
v 0.218890 0.671157 0.029558
v 0.196586 0.453200 -0.345911
v 0.196586 0.310087 -0.364752
v 0.196586 0.295630 -0.345911
v 0.203862 0.462289 -0.322817
v 0.210642 0.453200 -0.343685
v 0.216464 0.438743 -0.361604
v 0.220932 0.419902 -0.375353
v 0.223740 0.397961 -0.383997
v 0.224698 0.374415 -0.386945
v 0.223740 0.350870 -0.383997
v 0.220932 0.328929 -0.375353
v 0.216464 0.310087 -0.361604
v 0.210642 0.295630 -0.343685
v 0.203862 0.286542 -0.322817
v 0.210426 0.462289 -0.319473
v 0.223322 0.453200 -0.337224
v 0.234397 0.438743 -0.352466
v 0.242895 0.419902 -0.364163
v 0.248237 0.397961 -0.371515
v 0.250059 0.374415 -0.374023
v 0.248237 0.350870 -0.371515
v 0.242895 0.328929 -0.364163
v 0.234397 0.310087 -0.352466
v 0.223322 0.295630 -0.337224
v 0.210426 0.286542 -0.319473
v 0.215635 0.462289 -0.314264
v 0.233385 0.453200 -0.327161
v 0.248628 0.438743 -0.338235
v 0.260325 0.419902 -0.346733
v 0.267677 0.397961 -0.352075
v 0.270185 0.374415 -0.353897
v 0.267677 0.350870 -0.352075
v 0.260325 0.328929 -0.346733
v 0.248628 0.310087 -0.338235
v 0.233385 0.295630 -0.327161
v 0.215635 0.286542 -0.314264
v 0.218979 0.462289 -0.307700
v 0.239846 0.453200 -0.314480
v 0.257765 0.438743 -0.320303
v 0.271515 0.419902 -0.324770
v 0.280159 0.397961 -0.327579
v 0.283107 0.374415 -0.328536
v 0.280159 0.350870 -0.327579
v 0.271515 0.328929 -0.324770
v 0.257765 0.310087 -0.320303
v 0.239846 0.295630 -0.314480
v 0.218979 0.286542 -0.307700
v 0.220132 0.462289 -0.300424
v 0.242073 0.453200 -0.300424
v 0.260914 0.438743 -0.300424
v 0.275371 0.419902 -0.300424
v 0.284460 0.397961 -0.300424
v 0.287559 0.374415 -0.300424
v 0.284460 0.350870 -0.300424
v 0.275371 0.328929 -0.300424
v 0.260914 0.310087 -0.300424
v 0.242073 0.295630 -0.300424
v 0.220132 0.286542 -0.300424
v 0.218979 0.462289 -0.293148
v 0.239846 0.453200 -0.286368
v 0.257765 0.438743 -0.280546
v 0.271515 0.419902 -0.276078
v 0.280159 0.397961 -0.273270
v 0.283107 0.374415 -0.272312
v 0.280159 0.350870 -0.273270
v 0.271515 0.328929 -0.276078
v 0.257765 0.310087 -0.280546
v 0.239846 0.295630 -0.286368
v 0.218979 0.286542 -0.293148
v 0.215635 0.462289 -0.286584
v 0.233385 0.453200 -0.273688
v 0.248628 0.438743 -0.262613
v 0.260325 0.419902 -0.254115
v 0.267677 0.397961 -0.248773
v 0.270185 0.374415 -0.246951
v 0.267677 0.350870 -0.248773
v 0.260325 0.328929 -0.254115
v 0.248628 0.310087 -0.262613
v 0.233385 0.295630 -0.273688
v 0.215635 0.286542 -0.286584
v 0.210426 0.462289 -0.281375
v 0.223322 0.453200 -0.263625
v 0.234397 0.438743 -0.248382
v 0.242895 0.419902 -0.236685
v 0.248237 0.397961 -0.229333
v 0.250059 0.374415 -0.226825
v 0.248237 0.350870 -0.229333
v 0.242895 0.328929 -0.236685
v 0.234397 0.310087 -0.248382
v 0.223322 0.295630 -0.263625
v 0.210426 0.286542 -0.281375
v 0.203862 0.462289 -0.278031
v 0.210642 0.453200 -0.257164
v 0.216464 0.438743 -0.239245
v 0.220932 0.419902 -0.225495
v 0.223740 0.397961 -0.216851
v 0.224698 0.374415 -0.213903
v 0.223740 0.350870 -0.216851
v 0.220932 0.328929 -0.225495
v 0.216464 0.310087 -0.239245
v 0.210642 0.295630 -0.257164
v 0.203862 0.286542 -0.278031
v 0.196586 0.462289 -0.276878
v 0.196586 0.453200 -0.254937
v 0.196586 0.438743 -0.236096
v 0.196586 0.419902 -0.221639
v 0.196586 0.397961 -0.212551
v 0.196586 0.374415 -0.209451
v 0.196586 0.350870 -0.212551
v 0.196586 0.328929 -0.221639
v 0.196586 0.310087 -0.236096
v 0.196586 0.295630 -0.254937
v 0.196586 0.286542 -0.276878
v 0.196586 0.283442 -0.300424
v 0.196586 0.465389 -0.300424
v 0.189310 0.462289 -0.278031
v 0.182530 0.453200 -0.257164
v 0.176708 0.438743 -0.239245
v 0.172240 0.419902 -0.225495
v 0.169432 0.397961 -0.216851
v 0.168474 0.374415 -0.213903
v 0.169432 0.350870 -0.216851
v 0.172240 0.328929 -0.225495
v 0.176708 0.310087 -0.239245
v 0.182530 0.295630 -0.257164
v 0.189310 0.286542 -0.278031
v 0.182746 0.462289 -0.281375
v 0.169850 0.453200 -0.263625
v 0.158775 0.438743 -0.248382
v 0.150277 0.419902 -0.236685
v 0.144935 0.397961 -0.229333
v 0.143113 0.374415 -0.226825
v 0.144935 0.350870 -0.229333
v 0.150277 0.328929 -0.236685
v 0.158775 0.310087 -0.248382
v 0.169850 0.295630 -0.263625
v 0.182746 0.286542 -0.281375
v 0.177537 0.462289 -0.286584
v 0.159786 0.453200 -0.273688
v 0.144544 0.438743 -0.262613
v 0.132847 0.419902 -0.254115
v 0.125495 0.397961 -0.248773
v 0.122987 0.374415 -0.246951
v 0.125495 0.350870 -0.248773
v 0.132847 0.328929 -0.254115
v 0.144544 0.310087 -0.262613
v 0.159786 0.295630 -0.273688
v 0.177537 0.286542 -0.286584
v 0.174193 0.462289 -0.293148
v 0.153326 0.453200 -0.286368
v 0.135406 0.438743 -0.280546
v 0.121657 0.419902 -0.276078
v 0.113013 0.397961 -0.273270
v 0.110065 0.374415 -0.272312
v 0.113013 0.350870 -0.273270
v 0.121657 0.328929 -0.276078
v 0.135406 0.310087 -0.280546
v 0.153326 0.295630 -0.286368
v 0.174193 0.286542 -0.293148
v 0.173040 0.462289 -0.300424
v 0.151099 0.453200 -0.300424
v 0.132258 0.438743 -0.300424
v 0.117801 0.419902 -0.300424
v 0.108712 0.397961 -0.300424
v 0.105613 0.374415 -0.300424
v 0.108712 0.350870 -0.300424
v 0.117801 0.328929 -0.300424
v 0.132258 0.310087 -0.300424
v 0.151099 0.295630 -0.300424
v 0.173040 0.286542 -0.300424
v 0.174193 0.462289 -0.307700
v 0.153326 0.453200 -0.314480
v 0.135406 0.438743 -0.320303
v 0.121657 0.419902 -0.324770
v 0.113013 0.397961 -0.327579
v 0.110065 0.374415 -0.328536
v 0.113013 0.350870 -0.327579
v 0.121657 0.328929 -0.324770
v 0.135406 0.310087 -0.320303
v 0.153326 0.295630 -0.314480
v 0.174193 0.286542 -0.307700
v 0.177537 0.462289 -0.314264
v 0.159786 0.453200 -0.327161
v 0.144544 0.438743 -0.338235
v 0.132847 0.419902 -0.346733
v 0.125495 0.397961 -0.352075
v 0.122987 0.374415 -0.353897
v 0.125495 0.350870 -0.352075
v 0.132847 0.328929 -0.346733
v 0.144544 0.310087 -0.338235
v 0.159786 0.295630 -0.327161
v 0.177537 0.286542 -0.314264
v 0.182746 0.462289 -0.319473
v 0.169850 0.453200 -0.337224
v 0.158775 0.438743 -0.352466
v 0.150277 0.419902 -0.364163
v 0.144935 0.397961 -0.371515
v 0.143113 0.374415 -0.374023
v 0.144935 0.350870 -0.371515
v 0.150277 0.328929 -0.364163
v 0.158775 0.310087 -0.352466
v 0.169850 0.295630 -0.337224
v 0.182746 0.286542 -0.319473
v 0.189310 0.462289 -0.322817
v 0.182530 0.453200 -0.343685
v 0.176708 0.438743 -0.361604
v 0.172240 0.419902 -0.375353
v 0.169432 0.397961 -0.383997
v 0.168474 0.374415 -0.386945
v 0.169432 0.350870 -0.383997
v 0.172240 0.328929 -0.375353
v 0.176708 0.310087 -0.361604
v 0.182530 0.295630 -0.343685
v 0.189310 0.286542 -0.322817
v 0.196586 0.462289 -0.323970
v 0.196586 0.438743 -0.364752
v 0.196586 0.419902 -0.379209
v 0.196586 0.397961 -0.388298
v 0.196586 0.374415 -0.391398
v 0.196586 0.350870 -0.388298
v 0.196586 0.328929 -0.379209
v 0.196586 0.286542 -0.323970
v -0.230260 0.987820 0.190071
v -0.230260 0.654217 0.190071
v -0.216448 0.987820 0.192259
v -0.203578 0.970568 0.152649
v -0.192527 0.943125 0.118635
v -0.184046 0.907361 0.092535
v -0.178715 0.865713 0.076128
v -0.176897 0.821018 0.070532
v -0.178715 0.776324 0.076128
v -0.184046 0.734675 0.092535
v -0.192527 0.698911 0.118635
v -0.203578 0.671468 0.152649
v -0.216448 0.654217 0.192259
v -0.203989 0.987820 0.198607
v -0.179509 0.970568 0.164913
v -0.158487 0.943125 0.135979
v -0.142356 0.907361 0.113777
v -0.132216 0.865713 0.099820
v -0.128758 0.821018 0.095060
v -0.132216 0.776324 0.099820
v -0.142356 0.734675 0.113777
v -0.158487 0.698911 0.135979
v -0.179509 0.671468 0.164913
v -0.203989 0.654217 0.198607
v -0.194101 0.987820 0.208495
v -0.160407 0.970568 0.184015
v -0.131473 0.943125 0.162993
v -0.109271 0.907361 0.146862
v -0.095315 0.865713 0.136722
v -0.090554 0.821018 0.133264
v -0.095315 0.776324 0.136722
v -0.109271 0.734675 0.146862
v -0.131473 0.698911 0.162993
v -0.160407 0.671468 0.184015
v -0.194101 0.654217 0.208495
v -0.230260 0.648333 0.234766
v -0.187753 0.987820 0.220954
v -0.148143 0.970568 0.208084
v -0.114129 0.943125 0.197032
v -0.088029 0.907361 0.188552
v -0.071622 0.865713 0.183221
v -0.066026 0.821018 0.181403
v -0.071622 0.776324 0.183221
v -0.088029 0.734675 0.188552
v -0.114129 0.698911 0.197032
v -0.148143 0.671468 0.208084
v -0.187753 0.654217 0.220954
v -0.185565 0.987820 0.234766
v -0.143917 0.970568 0.234766
v -0.108153 0.943125 0.234766
v -0.080710 0.907361 0.234766
v -0.063458 0.865713 0.234766
v -0.057574 0.821018 0.234766
v -0.063458 0.776324 0.234766
v -0.080710 0.734675 0.234766
v -0.108153 0.698911 0.234766
v -0.143917 0.671468 0.234766
v -0.185565 0.654217 0.234766
v -0.187753 0.987820 0.248577
v -0.148143 0.970568 0.261447
v -0.114129 0.943125 0.272499
v -0.088029 0.907361 0.280979
v -0.071622 0.865713 0.286310
v -0.066026 0.821018 0.288128
v -0.071622 0.776324 0.286310
v -0.088029 0.734675 0.280979
v -0.114129 0.698911 0.272499
v -0.148143 0.671468 0.261447
v -0.187753 0.654217 0.248577
v -0.194101 0.987820 0.261036
v -0.160407 0.970568 0.285517
v -0.131473 0.943125 0.306538
v -0.109271 0.907361 0.322669
v -0.095314 0.865713 0.332809
v -0.090554 0.821018 0.336268
v -0.095314 0.776324 0.332809
v -0.109271 0.734675 0.322669
v -0.131473 0.698911 0.306538
v -0.160407 0.671468 0.285517
v -0.194101 0.654217 0.261036
v -0.203989 0.987820 0.270924
v -0.179509 0.970568 0.304618
v -0.158487 0.943125 0.333552
v -0.142356 0.907361 0.355754
v -0.132216 0.865713 0.369711
v -0.128758 0.821018 0.374471
v -0.132216 0.776324 0.369711
v -0.142356 0.734675 0.355754
v -0.158487 0.698911 0.333552
v -0.179509 0.671468 0.304618
v -0.203989 0.654217 0.270924
v -0.216448 0.987820 0.277272
v -0.203578 0.970568 0.316883
v -0.192527 0.943125 0.350897
v -0.184046 0.907361 0.376996
v -0.178715 0.865713 0.393403
v -0.176897 0.821018 0.398999
v -0.178715 0.776324 0.393403
v -0.184046 0.734675 0.376996
v -0.192527 0.698911 0.350897
v -0.203578 0.671468 0.316883
v -0.216448 0.654217 0.277272
v -0.230260 0.987820 0.279460
v -0.230260 0.970568 0.321108
v -0.230260 0.943125 0.356873
v -0.230260 0.907361 0.384316
v -0.230260 0.865713 0.401567
v -0.230260 0.821018 0.407451
v -0.230260 0.776324 0.401567
v -0.230260 0.734675 0.384316
v -0.230260 0.698911 0.356873
v -0.230260 0.671468 0.321108
v -0.230260 0.654217 0.279460
v -0.230260 0.993704 0.234766
v -0.244071 0.987820 0.277272
v -0.256941 0.970568 0.316883
v -0.267993 0.943125 0.350897
v -0.276473 0.907361 0.376996
v -0.281804 0.865713 0.393403
v -0.283623 0.821018 0.398999
v -0.281804 0.776324 0.393403
v -0.276473 0.734675 0.376996
v -0.267993 0.698911 0.350897
v -0.256941 0.671468 0.316883
v -0.244071 0.654217 0.277272
v -0.256530 0.987820 0.270924
v -0.281011 0.970568 0.304618
v -0.302033 0.943125 0.333552
v -0.318163 0.907361 0.355754
v -0.328303 0.865713 0.369711
v -0.331762 0.821018 0.374471
v -0.328303 0.776324 0.369711
v -0.318163 0.734675 0.355754
v -0.302033 0.698911 0.333552
v -0.281011 0.671468 0.304618
v -0.256530 0.654217 0.270924
v -0.266418 0.987820 0.261036
v -0.300113 0.970568 0.285517
v -0.329047 0.943125 0.306538
v -0.351248 0.907361 0.322669
v -0.365205 0.865713 0.332809
v -0.369965 0.821018 0.336268
v -0.365205 0.776324 0.332809
v -0.351248 0.734675 0.322669
v -0.329047 0.698911 0.306538
v -0.300113 0.671468 0.285517
v -0.266418 0.654217 0.261036
v -0.272767 0.987820 0.248577
v -0.312377 0.970568 0.261447
v -0.346391 0.943125 0.272499
v -0.372490 0.907361 0.280979
v -0.388897 0.865713 0.286310
v -0.394494 0.821018 0.288128
v -0.388897 0.776324 0.286310
v -0.372490 0.734675 0.280979
v -0.346391 0.698911 0.272499
v -0.312377 0.671468 0.261447
v -0.272767 0.654217 0.248577
v -0.274954 0.987820 0.234766
v -0.316603 0.970568 0.234766
v -0.352367 0.943125 0.234766
v -0.379810 0.907361 0.234766
v -0.397061 0.865713 0.234766
v -0.402945 0.821018 0.234766
v -0.397061 0.776324 0.234766
v -0.379810 0.734675 0.234766
v -0.352367 0.698911 0.234766
v -0.316603 0.671468 0.234766
v -0.274954 0.654217 0.234766
v -0.272767 0.987820 0.220954
v -0.312377 0.970568 0.208084
v -0.346391 0.943125 0.197032
v -0.372490 0.907361 0.188552
v -0.388897 0.865713 0.183221
v -0.394494 0.821018 0.181403
v -0.388897 0.776324 0.183221
v -0.372490 0.734675 0.188552
v -0.346391 0.698911 0.197032
v -0.312377 0.671468 0.208084
v -0.272767 0.654217 0.220954
v -0.266418 0.987820 0.208495
v -0.300113 0.970568 0.184015
v -0.329047 0.943125 0.162993
v -0.351248 0.907361 0.146862
v -0.365205 0.865713 0.136722
v -0.369965 0.821018 0.133264
v -0.365205 0.776324 0.136722
v -0.351248 0.734675 0.146862
v -0.329047 0.698911 0.162993
v -0.300113 0.671468 0.184015
v -0.266418 0.654217 0.208495
v -0.256530 0.987820 0.198607
v -0.281011 0.970568 0.164913
v -0.302033 0.943125 0.135979
v -0.318163 0.907361 0.113777
v -0.328303 0.865713 0.099820
v -0.331762 0.821018 0.095060
v -0.328303 0.776324 0.099820
v -0.318163 0.734675 0.113777
v -0.302033 0.698911 0.135979
v -0.281011 0.671468 0.164913
v -0.256530 0.654217 0.198607
v -0.244071 0.987820 0.192259
v -0.256941 0.970568 0.152649
v -0.267993 0.943125 0.118635
v -0.276473 0.907361 0.092535
v -0.281804 0.865713 0.076128
v -0.283623 0.821018 0.070532
v -0.281804 0.776324 0.076128
v -0.276473 0.734675 0.092535
v -0.267993 0.698911 0.118635
v -0.256941 0.671468 0.152649
v -0.244071 0.654217 0.192259
v -0.230260 0.970568 0.148423
v -0.230260 0.943125 0.112658
v -0.230260 0.907361 0.085215
v -0.230260 0.865713 0.067964
v -0.230260 0.821018 0.062080
v -0.230260 0.776324 0.067964
v -0.230260 0.734675 0.085215
v -0.230260 0.698911 0.112658
v -0.230260 0.671468 0.148423
v 0.240241 1.032654 -0.049306
v 0.254020 1.014184 -0.091713
v 0.265852 0.984803 -0.128129
v 0.274931 0.946513 -0.156072
v 0.280639 0.901924 -0.173638
v 0.282585 0.854073 -0.179629
v 0.280639 0.806223 -0.173638
v 0.274931 0.761633 -0.156072
v 0.265852 0.723343 -0.128129
v 0.254020 0.693962 -0.091713
v 0.240241 0.675493 -0.049306
v 0.253580 1.032654 -0.042509
v 0.279789 1.014184 -0.078583
v 0.302295 0.984803 -0.109560
v 0.319565 0.946513 -0.133330
v 0.330421 0.901924 -0.148272
v 0.334124 0.854073 -0.153369
v 0.330421 0.806223 -0.148272
v 0.319565 0.761633 -0.133330
v 0.302295 0.723343 -0.109560
v 0.279789 0.693962 -0.078583
v 0.253580 0.675493 -0.042509
v 0.225454 0.669193 -0.003798
v 0.264166 1.032654 -0.031923
v 0.300240 1.014184 -0.058133
v 0.331217 0.984803 -0.080639
v 0.354987 0.946513 -0.097909
v 0.369929 0.901924 -0.108765
v 0.375025 0.854073 -0.112468
v 0.369929 0.806223 -0.108765
v 0.354987 0.761633 -0.097909
v 0.331217 0.723343 -0.080639
v 0.300240 0.693962 -0.058133
v 0.264166 0.675493 -0.031923
v 0.270963 1.032654 -0.018584
v 0.313370 1.014184 -0.032363
v 0.349786 0.984803 -0.044195
v 0.377729 0.946513 -0.053275
v 0.395294 0.901924 -0.058982
v 0.401286 0.854073 -0.060929
v 0.395294 0.806223 -0.058982
v 0.377729 0.761633 -0.053275
v 0.349786 0.723343 -0.044195
v 0.313370 0.693962 -0.032363
v 0.270963 0.675493 -0.018584
v 0.273305 1.032654 -0.003798
v 0.317894 1.014184 -0.003798
v 0.356184 0.984803 -0.003798
v 0.385565 0.946513 -0.003798
v 0.404035 0.901924 -0.003798
v 0.410334 0.854073 -0.003798
v 0.404035 0.806223 -0.003798
v 0.385565 0.761633 -0.003798
v 0.356184 0.723343 -0.003798
v 0.317894 0.693962 -0.003798
v 0.273305 0.675493 -0.003798
v 0.270963 1.032654 0.010989
v 0.313370 1.014184 0.024768
v 0.349786 0.984803 0.036600
v 0.377729 0.946513 0.045679
v 0.395294 0.901924 0.051387
v 0.401286 0.854073 0.053334
v 0.395294 0.806223 0.051387
v 0.377729 0.761633 0.045679
v 0.349786 0.723343 0.036600
v 0.313370 0.693962 0.024768
v 0.270963 0.675493 0.010989
v 0.264166 1.032654 0.024328
v 0.300240 1.014184 0.050537
v 0.331217 0.984803 0.073044
v 0.354987 0.946513 0.090313
v 0.369929 0.901924 0.101169
v 0.375025 0.854073 0.104872
v 0.369929 0.806223 0.101169
v 0.354987 0.761633 0.090313
v 0.331217 0.723343 0.073044
v 0.300240 0.693962 0.050537
v 0.264166 0.675493 0.024328
v 0.253580 1.032654 0.034914
v 0.279789 1.014184 0.070988
v 0.302295 0.984803 0.101965
v 0.319565 0.946513 0.125735
v 0.330421 0.901924 0.140677
v 0.334124 0.854073 0.145774
v 0.330421 0.806223 0.140677
v 0.319565 0.761633 0.125735
v 0.302295 0.723343 0.101965
v 0.279789 0.693962 0.070988
v 0.253580 0.675493 0.034914
v 0.240241 1.032654 0.041711
v 0.254020 1.014184 0.084118
v 0.265852 0.984803 0.120534
v 0.274931 0.946513 0.148477
v 0.280639 0.901924 0.166043
v 0.282585 0.854073 0.172034
v 0.280639 0.806223 0.166043
v 0.274931 0.761633 0.148477
v 0.265852 0.723343 0.120534
v 0.254020 0.693962 0.084118
v 0.240241 0.675493 0.041711
v 0.225454 1.032654 0.044053
v 0.225454 1.014184 0.088643
v 0.225454 0.984803 0.126933
v 0.225454 0.946513 0.156313
v 0.225454 0.901924 0.174783
v 0.225454 0.854073 0.181083
v 0.225454 0.806223 0.174783
v 0.225454 0.761633 0.156313
v 0.225454 0.723343 0.126933
v 0.225454 0.693962 0.088643
v 0.225454 0.675493 0.044053
v 0.210668 1.032654 0.041711
v 0.196889 1.014184 0.084118
v 0.185056 0.984803 0.120534
v 0.175977 0.946513 0.148477
v 0.170270 0.901924 0.166043
v 0.168323 0.854073 0.172034
v 0.170270 0.806223 0.166043
v 0.175977 0.761633 0.148477
v 0.185056 0.723343 0.120534
v 0.196889 0.693962 0.084118
v 0.210668 0.675493 0.041711
v 0.197328 1.032654 0.034914
v 0.171119 1.014184 0.070988
v 0.148613 0.984803 0.101965
v 0.131343 0.946513 0.125735
v 0.120487 0.901924 0.140677
v 0.116784 0.854073 0.145774
v 0.120487 0.806223 0.140677
v 0.131343 0.761633 0.125735
v 0.148613 0.723343 0.101965
v 0.171119 0.693962 0.070988
v 0.197328 0.675493 0.034914
v 0.186742 1.032654 0.024328
v 0.150669 1.014184 0.050537
v 0.119691 0.984803 0.073044
v 0.095922 0.946513 0.090313
v 0.080979 0.901924 0.101170
v 0.075883 0.854073 0.104872
v 0.080979 0.806223 0.101170
v 0.095922 0.761633 0.090313
v 0.119691 0.723343 0.073044
v 0.150669 0.693962 0.050537
v 0.186742 0.675493 0.024328
v 0.179946 1.032654 0.010989
v 0.137538 1.014184 0.024768
v 0.101122 0.984803 0.036600
v 0.073179 0.946513 0.045679
v 0.055614 0.901924 0.051387
v 0.049623 0.854073 0.053334
v 0.055614 0.806223 0.051387
v 0.073179 0.761633 0.045679
v 0.101122 0.723343 0.036600
v 0.137538 0.693962 0.024768
v 0.179946 0.675493 0.010989
v 0.225454 1.038954 -0.003798
v 0.177604 1.032654 -0.003798
v 0.133014 1.014184 -0.003798
v 0.094724 0.984803 -0.003798
v 0.065343 0.946513 -0.003798
v 0.046873 0.901924 -0.003798
v 0.040574 0.854073 -0.003798
v 0.046873 0.806223 -0.003798
v 0.065343 0.761633 -0.003798
v 0.094724 0.723343 -0.003798
v 0.133014 0.693962 -0.003798
v 0.177604 0.675493 -0.003798
v 0.179946 1.032654 -0.018584
v 0.137538 1.014184 -0.032363
v 0.101122 0.984803 -0.044195
v 0.073179 0.946513 -0.053275
v 0.055614 0.901924 -0.058982
v 0.049622 0.854073 -0.060929
v 0.055614 0.806223 -0.058982
v 0.073179 0.761633 -0.053275
v 0.101122 0.723343 -0.044195
v 0.137538 0.693962 -0.032363
v 0.179946 0.675493 -0.018584
v 0.186742 1.032654 -0.031923
v 0.150668 1.014184 -0.058133
v 0.119691 0.984803 -0.080639
v 0.095922 0.946513 -0.097909
v 0.080979 0.901924 -0.108765
v 0.075883 0.854073 -0.112468
v 0.080979 0.806223 -0.108765
v 0.095922 0.761633 -0.097909
v 0.119691 0.723343 -0.080639
v 0.150668 0.693962 -0.058133
v 0.186742 0.675493 -0.031923
v 0.197328 1.032654 -0.042510
v 0.171119 1.014184 -0.078583
v 0.148613 0.984803 -0.109561
v 0.131343 0.946513 -0.133330
v 0.120487 0.901924 -0.148272
v 0.116784 0.854073 -0.153369
v 0.120487 0.806223 -0.148272
v 0.131343 0.761633 -0.133330
v 0.148613 0.723343 -0.109561
v 0.171119 0.693962 -0.078583
v 0.197328 0.675493 -0.042510
v 0.210668 1.032654 -0.049306
v 0.196889 1.014184 -0.091713
v 0.185056 0.984803 -0.128129
v 0.175977 0.946513 -0.156072
v 0.170270 0.901924 -0.173638
v 0.168323 0.854073 -0.179629
v 0.170270 0.806223 -0.173638
v 0.175977 0.761633 -0.156072
v 0.185056 0.723343 -0.128129
v 0.196889 0.693962 -0.091713
v 0.210668 0.675493 -0.049306
v 0.225454 1.032654 -0.051648
v 0.225454 1.014184 -0.096238
v 0.225454 0.984803 -0.134528
v 0.225454 0.946513 -0.163909
v 0.225454 0.901924 -0.182378
v 0.225454 0.854073 -0.188678
v 0.225454 0.806223 -0.182378
v 0.225454 0.761633 -0.163909
v 0.225454 0.723343 -0.134528
v 0.225454 0.693962 -0.096238
v 0.225454 0.675493 -0.051648
vn -0.0000 0.7007 -0.7135
vn -0.0000 -0.7007 -0.7135
vn 0.0837 0.9626 -0.2577
vn 0.1575 0.8604 -0.4847
vn 0.2205 0.7007 -0.6786
vn 0.2686 0.4944 -0.8267
vn 0.2988 0.2556 -0.9195
vn 0.3090 -0.0000 -0.9511
vn 0.2987 -0.2556 -0.9195
vn 0.2686 -0.4945 -0.8267
vn 0.2205 -0.7007 -0.6786
vn 0.1575 -0.8604 -0.4847
vn 0.0837 -0.9626 -0.2576
vn 0.1592 0.9626 -0.2192
vn 0.2996 0.8604 -0.4123
vn 0.4194 0.7007 -0.5772
vn 0.5109 0.4945 -0.7032
vn 0.5683 0.2556 -0.7821
vn 0.5878 -0.0000 -0.8090
vn 0.5683 -0.2556 -0.7821
vn 0.5109 -0.4944 -0.7032
vn 0.4194 -0.7007 -0.5772
vn 0.2996 -0.8604 -0.4123
vn 0.1592 -0.9626 -0.2192
vn -0.0000 1.0000 -0.0000
vn 0.2192 0.9626 -0.1592
vn 0.4123 0.8604 -0.2996
vn 0.5772 0.7007 -0.4194
vn 0.7032 0.4944 -0.5109
vn 0.7821 0.2556 -0.5683
vn 0.8090 -0.0000 -0.5878
vn 0.7821 -0.2556 -0.5683
vn 0.7032 -0.4944 -0.5109
vn 0.5772 -0.7007 -0.4194
vn 0.4123 -0.8604 -0.2996
vn 0.2192 -0.9626 -0.1592
vn 0.2576 0.9626 -0.0837
vn 0.4847 0.8604 -0.1575
vn 0.6786 0.7007 -0.2205
vn 0.8267 0.4944 -0.2686
vn 0.9195 0.2556 -0.2987
vn 0.9511 -0.0000 -0.3090
vn 0.9195 -0.2556 -0.2987
vn 0.8267 -0.4944 -0.2686
vn 0.6786 -0.7007 -0.2205
vn 0.4847 -0.8604 -0.1575
vn 0.2576 -0.9626 -0.0837
vn 0.2709 0.9626 -0.0000
vn 0.5097 0.8604 -0.0000
vn 0.7135 0.7007 -0.0000
vn 0.8692 0.4945 -0.0000
vn 0.9668 0.2556 -0.0000
vn 1.0000 -0.0000 -0.0000
vn 0.9668 -0.2556 -0.0000
vn 0.8692 -0.4944 -0.0000
vn 0.7135 -0.7007 -0.0000
vn 0.5097 -0.8604 -0.0000
vn 0.2709 -0.9626 -0.0000
vn 0.2577 0.9626 0.0837
vn 0.4847 0.8604 0.1575
vn 0.6786 0.7007 0.2205
vn 0.8267 0.4944 0.2686
vn 0.9195 0.2556 0.2988
vn 0.9511 -0.0000 0.3090
vn 0.9195 -0.2556 0.2988
vn 0.8267 -0.4944 0.2686
vn 0.6786 -0.7007 0.2205
vn 0.4847 -0.8604 0.1575
vn 0.2576 -0.9626 0.0837
vn 0.2192 0.9626 0.1592
vn 0.4123 0.8604 0.2996
vn 0.5772 0.7007 0.4194
vn 0.7032 0.4944 0.5109
vn 0.7821 0.2556 0.5683
vn 0.8090 -0.0000 0.5878
vn 0.7821 -0.2556 0.5683
vn 0.7032 -0.4944 0.5109
vn 0.5772 -0.7007 0.4194
vn 0.4123 -0.8604 0.2996
vn 0.2192 -0.9626 0.1592
vn 0.1592 0.9626 0.2192
vn 0.2996 0.8604 0.4123
vn 0.4194 0.7007 0.5772
vn 0.5109 0.4944 0.7032
vn 0.5683 0.2556 0.7821
vn 0.5878 -0.0000 0.8090
vn 0.5683 -0.2556 0.7821
vn 0.5109 -0.4944 0.7032
vn 0.4194 -0.7007 0.5772
vn 0.2996 -0.8604 0.4123
vn 0.1592 -0.9626 0.2192
vn 0.0837 0.9626 0.2577
vn 0.1575 0.8604 0.4847
vn 0.2205 0.7007 0.6786
vn 0.2686 0.4944 0.8267
vn 0.2987 0.2556 0.9195
vn 0.3090 -0.0000 0.9511
vn 0.2987 -0.2556 0.9195
vn 0.2686 -0.4944 0.8267
vn 0.2205 -0.7007 0.6786
vn 0.1575 -0.8604 0.4847
vn 0.0837 -0.9626 0.2577
vn -0.0000 0.9626 0.2709
vn -0.0000 0.8604 0.5097
vn -0.0000 0.7007 0.7135
vn -0.0000 0.4944 0.8692
vn -0.0000 0.2556 0.9668
vn -0.0000 -0.0000 1.0000
vn -0.0000 -0.2556 0.9668
vn -0.0000 -0.4944 0.8692
vn -0.0000 -0.7007 0.7135
vn -0.0000 -0.8604 0.5097
vn -0.0000 -0.9626 0.2709
vn -0.0837 0.9626 0.2577
vn -0.1575 0.8604 0.4847
vn -0.2205 0.7007 0.6786
vn -0.2686 0.4944 0.8267
vn -0.2988 0.2556 0.9195
vn -0.3090 -0.0000 0.9511
vn -0.2988 -0.2556 0.9195
vn -0.2686 -0.4944 0.8267
vn -0.2205 -0.7007 0.6786
vn -0.1575 -0.8604 0.4847
vn -0.0837 -0.9626 0.2577
vn -0.0000 -1.0000 -0.0000
vn -0.1592 0.9626 0.2192
vn -0.2996 0.8604 0.4123
vn -0.4194 0.7007 0.5772
vn -0.5109 0.4944 0.7032
vn -0.5683 0.2556 0.7821
vn -0.5878 -0.0000 0.8090
vn -0.5683 -0.2556 0.7821
vn -0.5109 -0.4944 0.7032
vn -0.4194 -0.7007 0.5772
vn -0.2996 -0.8604 0.4123
vn -0.1592 -0.9626 0.2192
vn -0.2192 0.9626 0.1592
vn -0.4123 0.8604 0.2996
vn -0.5772 0.7007 0.4194
vn -0.7032 0.4945 0.5109
vn -0.7821 0.2556 0.5683
vn -0.8090 -0.0000 0.5878
vn -0.7821 -0.2556 0.5683
vn -0.7032 -0.4944 0.5109
vn -0.5772 -0.7007 0.4194
vn -0.4123 -0.8604 0.2996
vn -0.2192 -0.9626 0.1592
vn -0.2577 0.9626 0.0837
vn -0.4847 0.8604 0.1575
vn -0.6786 0.7007 0.2205
vn -0.8267 0.4944 0.2686
vn -0.9195 0.2556 0.2987
vn -0.9511 -0.0000 0.3090
vn -0.9195 -0.2556 0.2987
vn -0.8267 -0.4944 0.2686
vn -0.6786 -0.7007 0.2205
vn -0.4847 -0.8604 0.1575
vn -0.2577 -0.9626 0.0837
vn -0.2709 0.9626 -0.0000
vn -0.5097 0.8604 -0.0000
vn -0.7135 0.7007 -0.0000
vn -0.8692 0.4944 -0.0000
vn -0.9668 0.2556 -0.0000
vn -1.0000 -0.0000 -0.0000
vn -0.9668 -0.2556 -0.0000
vn -0.8692 -0.4944 -0.0000
vn -0.7135 -0.7007 -0.0000
vn -0.5097 -0.8604 -0.0000
vn -0.2709 -0.9626 -0.0000
vn -0.2577 0.9626 -0.0837
vn -0.4847 0.8604 -0.1575
vn -0.6786 0.7007 -0.2205
vn -0.8267 0.4944 -0.2686
vn -0.9195 0.2556 -0.2988
vn -0.9511 -0.0000 -0.3090
vn -0.9195 -0.2556 -0.2988
vn -0.8267 -0.4944 -0.2686
vn -0.6786 -0.7007 -0.2205
vn -0.4847 -0.8604 -0.1575
vn -0.2576 -0.9626 -0.0837
vn -0.2192 0.9626 -0.1592
vn -0.4123 0.8604 -0.2996
vn -0.5772 0.7007 -0.4194
vn -0.7032 0.4945 -0.5109
vn -0.7821 0.2556 -0.5683
vn -0.8090 -0.0000 -0.5878
vn -0.7821 -0.2556 -0.5683
vn -0.7032 -0.4944 -0.5109
vn -0.5772 -0.7007 -0.4194
vn -0.4123 -0.8604 -0.2996
vn -0.2192 -0.9626 -0.1592
vn -0.1592 0.9626 -0.2192
vn -0.2996 0.8604 -0.4123
vn -0.4194 0.7007 -0.5772
vn -0.5109 0.4944 -0.7032
vn -0.5683 0.2556 -0.7821
vn -0.5878 -0.0000 -0.8090
vn -0.5683 -0.2556 -0.7821
vn -0.5109 -0.4944 -0.7032
vn -0.4194 -0.7007 -0.5772
vn -0.2996 -0.8604 -0.4123
vn -0.1592 -0.9626 -0.2192
vn -0.0837 0.9626 -0.2577
vn -0.1575 0.8604 -0.4847
vn -0.2205 0.7007 -0.6786
vn -0.2686 0.4944 -0.8267
vn -0.2987 0.2556 -0.9195
vn -0.3090 -0.0000 -0.9511
vn -0.2987 -0.2556 -0.9195
vn -0.2686 -0.4944 -0.8267
vn -0.2205 -0.7007 -0.6786
vn -0.1575 -0.8604 -0.4847
vn -0.0837 -0.9626 -0.2576
vn -0.0000 0.9626 -0.2709
vn -0.0000 0.8604 -0.5097
vn -0.0000 0.4944 -0.8692
vn -0.0000 0.2556 -0.9668
vn -0.0000 -0.0000 -1.0000
vn -0.0000 -0.2556 -0.9668
vn -0.0000 -0.4944 -0.8692
vn -0.0000 -0.8604 -0.5097
vn -0.0000 -0.9626 -0.2709
vn 0.2686 -0.4944 -0.8267
vn 0.0837 -0.9626 -0.2577
vn 0.5109 0.4944 -0.7032
vn 0.7032 -0.4945 -0.5109
vn 0.2577 0.9626 -0.0837
vn 0.8267 0.4945 -0.2686
vn 0.9195 0.2556 -0.2988
vn 0.8692 0.4944 -0.0000
vn 0.9195 0.2556 0.2987
vn 0.9195 -0.2556 0.2987
vn 0.2988 0.2556 0.9195
vn 0.2988 -0.2556 0.9195
vn -0.0000 -0.4945 0.8692
vn -0.2686 0.4945 0.8267
vn -0.2987 -0.2556 0.9195
vn -0.0837 -0.9626 0.2576
vn -0.7032 0.4944 0.5109
vn -0.9195 0.2556 0.2988
vn -0.9195 -0.2556 0.2988
vn -0.2576 -0.9626 0.0837
vn -0.8267 0.4945 -0.2686
vn -0.9195 -0.2556 -0.2987
vn -0.8267 -0.4945 -0.2686
vn -0.2577 -0.9626 -0.0837
vn -0.7032 0.4944 -0.5109
vn -0.5109 -0.4945 -0.7032
vn -0.2988 -0.2556 -0.9195
vn -0.0837 -0.9626 -0.2577
vn -0.0000 0.4945 -0.8692
vn 0.0837 0.9626 -0.2576
vn 0.2988 -0.2556 -0.9195
vn 0.7032 0.4945 -0.5109
vn 0.2577 -0.9626 -0.0837
vn 0.2576 0.9626 0.0837
vn 0.2577 -0.9626 0.0837
vn 0.5109 0.4945 0.7032
vn 0.5109 -0.4945 0.7032
vn -0.8267 -0.4945 0.2686
vn -0.0000 -0.4945 -0.8692
vn 0.7032 -0.4945 0.5109
vn 0.0837 0.9626 0.2576
vn 0.0837 -0.9626 0.2576
vn -0.2987 0.2556 0.9195
vn -0.2576 0.9626 0.0837
vn -0.8267 0.4945 0.2686
vn -0.2576 0.9626 -0.0837
vn -0.0837 0.9626 -0.2576
vn 0.2686 0.4945 -0.8267
vn 0.8267 -0.4945 -0.2686
vn 0.8267 -0.4945 0.2686
vn 0.7032 0.4945 0.5109
vn -0.9195 0.2556 -0.2987
vn -0.2686 0.4945 -0.8267
vn -0.2988 0.2556 -0.9195
vn 0.2987 0.2556 -0.9195
vn 0.9195 -0.2556 -0.2988
vn 0.2686 -0.4945 0.8267
vn -0.0837 0.9626 0.2576
vn -0.2686 -0.4945 0.8267
vn -0.8692 0.4945 -0.0000
vn -0.8692 -0.4945 -0.0000
vn -0.5109 0.4945 -0.7032
vn 0.5109 -0.4945 -0.7032
vn 0.8692 -0.4945 -0.0000
vn 0.2686 0.4945 0.8267
vn -0.2686 -0.4945 -0.8267
vt 0.099349 0.493016
vt 0.114600 0.506713
vt 0.099349 0.504673
vt 0.519794 0.415812
vt 0.539252 0.392884
vt 0.539252 0.415415
vt 0.470405 0.412396
vt 0.484156 0.394049
vt 0.484156 0.414250
vt 0.081589 0.496063
vt 0.081589 0.502097
vt 0.282790 0.368805
vt 0.301849 0.371742
vt 0.282790 0.374839
vt 0.558051 0.414250
vt 0.558051 0.394049
vt 0.501001 0.392884
vt 0.501001 0.415415
vt 0.062530 0.499160
vt 0.265031 0.377886
vt 0.265031 0.366229
vt 0.574909 0.395903
vt 0.574909 0.412396
vt 0.519794 0.392486
vt 0.249780 0.380675
vt 0.249780 0.364189
vt 0.501926 0.371455
vt 0.079724 0.507836
vt 0.268635 0.388973
vt 0.558880 0.374837
vt 0.575585 0.380216
vt 0.520751 0.370302
vt 0.254877 0.396354
vt 0.095745 0.515760
vt 0.540177 0.371455
vt 0.470405 0.395903
vt 0.484984 0.374837
vt 0.284656 0.380578
vt 0.522571 0.351431
vt 0.541935 0.353227
vt 0.256194 0.418553
vt 0.244320 0.402218
vt 0.076175 0.512717
vt 0.288205 0.385460
vt 0.560456 0.358494
vt 0.486561 0.358494
vt 0.503684 0.353227
vt 0.275490 0.398404
vt 0.576872 0.366872
vt 0.264572 0.409691
vt 0.109503 0.522392
vt 0.088890 0.525190
vt 0.122237 0.593794
vt 0.139312 0.610861
vt 0.120440 0.612681
vt 0.284926 0.405256
vt 0.277916 0.419381
vt 0.099808 0.535729
vt 0.079454 0.532042
vt 0.122237 0.632045
vt 0.140465 0.630287
vt 0.272537 0.430420
vt 0.071291 0.516264
vt 0.293089 0.389007
vt 0.143846 0.648990
vt 0.127503 0.650567
vt 0.143846 0.575095
vt 0.140465 0.592036
vt 0.149225 0.665696
vt 0.135881 0.666983
vt 0.163058 0.648162
vt 0.161893 0.591112
vt 0.065549 0.518129
vt 0.296018 0.408858
vt 0.164912 0.665019
vt 0.161496 0.609905
vt 0.293602 0.424475
vt 0.086464 0.545419
vt 0.068362 0.535644
vt 0.161893 0.629363
vt 0.149225 0.561192
vt 0.163058 0.574267
vt 0.298831 0.390871
vt 0.184822 0.609905
vt 0.184424 0.629363
vt 0.181406 0.560516
vt 0.183259 0.574267
vt 0.056699 0.535644
vt 0.059512 0.518129
vt 0.304868 0.390871
vt 0.183259 0.648162
vt 0.184424 0.591112
vt 0.307681 0.408858
vt 0.181406 0.665019
vt 0.310096 0.424475
vt 0.070777 0.550513
vt 0.202471 0.648990
vt 0.197092 0.665696
vt 0.207006 0.610861
vt 0.325783 0.419381
vt 0.054283 0.550513
vt 0.045607 0.532042
vt 0.205853 0.630287
vt 0.202471 0.575095
vt 0.053770 0.516264
vt 0.310609 0.389007
vt 0.205853 0.592036
vt 0.318773 0.405256
vt 0.315494 0.385460
vt 0.218814 0.650567
vt 0.218814 0.576671
vt 0.224081 0.593794
vt 0.048886 0.512717
vt 0.328208 0.398404
vt 0.210436 0.666983
vt 0.225877 0.612681
vt 0.339127 0.409691
vt 0.038597 0.545419
vt 0.036171 0.525190
vt 0.224081 0.632045
vt 0.347505 0.418553
vt 0.331162 0.430420
vt 0.025253 0.535729
vt 0.029316 0.515760
vt 0.006798 0.633704
vt 0.023872 0.616637
vt 0.025026 0.635462
vt 0.020442 0.560516
vt 0.028407 0.578508
vt 0.012064 0.576932
vt 0.045337 0.507836
vt 0.319042 0.380578
vt 0.028407 0.652403
vt 0.012064 0.650827
vt 0.006798 0.595453
vt 0.025026 0.597211
vt 0.335064 0.388973
vt 0.005001 0.527280
vt 0.015558 0.522392
vt 0.005001 0.614817
vt 0.348822 0.396354
vt 0.338668 0.377886
vt 0.033786 0.666306
vt 0.047619 0.653232
vt 0.049473 0.666983
vt 0.046057 0.617594
vt 0.353918 0.380675
vt 0.025712 0.504673
vt 0.046454 0.636387
vt 0.033786 0.561803
vt 0.047619 0.579337
vt 0.043472 0.502097
vt 0.320908 0.374839
vt 0.046454 0.598136
vt 0.043472 0.496063
vt 0.320908 0.368805
vt 0.067820 0.653232
vt 0.067820 0.579337
vt 0.068985 0.598136
vt 0.338668 0.366229
vt 0.065967 0.666983
vt 0.069383 0.617594
vt 0.353918 0.364189
vt 0.010461 0.506713
vt 0.025712 0.493016
vt 0.068985 0.636387
vt 0.049473 0.562479
vt 0.335064 0.355143
vt 0.348822 0.348510
vt 0.010461 0.490227
vt 0.029316 0.481929
vt 0.091567 0.616637
vt 0.090414 0.635462
vt 0.065967 0.562479
vt 0.087032 0.578508
vt 0.045337 0.490324
vt 0.319042 0.363066
vt 0.087032 0.652403
vt 0.090414 0.597211
vt 0.081653 0.666306
vt 0.048886 0.485442
vt 0.315494 0.358185
vt 0.328208 0.345712
vt 0.015558 0.474548
vt 0.016875 0.452349
vt 0.025253 0.461211
vt 0.110438 0.614817
vt 0.339127 0.335173
vt 0.036171 0.472498
vt 0.108642 0.633704
vt 0.081653 0.561803
vt 0.103375 0.576932
vt 0.103375 0.650827
vt 0.108642 0.595453
vt 0.470405 0.325988
vt 0.488398 0.318023
vt 0.486821 0.334366
vt 0.053770 0.481895
vt 0.310609 0.354638
vt 0.543594 0.339632
vt 0.562293 0.318023
vt 0.560717 0.334366
vt 0.505343 0.339632
vt 0.507101 0.321404
vt 0.318773 0.338860
vt 0.033218 0.440482
vt 0.038597 0.451521
vt 0.526527 0.322557
vt 0.524707 0.341429
vt 0.325783 0.325483
vt 0.045607 0.465646
vt 0.545352 0.321404
vt 0.307681 0.335258
vt 0.310096 0.320389
vt 0.056699 0.462044
vt 0.527483 0.300373
vt 0.546276 0.299976
vt 0.471692 0.312644
vt 0.489226 0.298811
vt 0.059512 0.480031
vt 0.304868 0.352773
vt 0.563121 0.298811
vt 0.508025 0.299976
vt 0.576196 0.312644
vt 0.576872 0.296957
vt 0.489226 0.278610
vt 0.508025 0.277445
vt 0.065549 0.480031
vt 0.296018 0.335258
vt 0.563121 0.278610
vt 0.576872 0.280463
vt 0.527483 0.277047
vt 0.293602 0.320389
vt 0.054283 0.446427
vt 0.068362 0.462044
vt 0.546276 0.277445
vt 0.472369 0.296957
vt 0.298831 0.352773
vt 0.472369 0.280463
vt 0.488398 0.259398
vt 0.071291 0.481895
vt 0.293089 0.354638
vt 0.562293 0.259398
vt 0.507101 0.256016
vt 0.284925 0.338860
vt 0.576196 0.264777
vt 0.526527 0.254863
vt 0.277915 0.325483
vt 0.070777 0.446427
vt 0.079454 0.465646
vt 0.545352 0.256016
vt 0.524707 0.235992
vt 0.264572 0.335173
vt 0.086464 0.451521
vt 0.088890 0.472498
vt 0.543594 0.237788
vt 0.471692 0.264777
vt 0.486821 0.243055
vt 0.076175 0.485442
vt 0.288205 0.358185
vt 0.560717 0.243055
vt 0.505343 0.237788
vt 0.275490 0.345712
vt 0.108186 0.452349
vt 0.099808 0.461211
vt 0.503684 0.455071
vt 0.484984 0.433462
vt 0.501926 0.436843
vt 0.079724 0.490324
vt 0.268635 0.355143
vt 0.576872 0.441427
vt 0.558880 0.433462
vt 0.575585 0.428083
vt 0.520751 0.437997
vt 0.522571 0.456868
vt 0.254877 0.348510
vt 0.095745 0.481929
vt 0.541935 0.455071
vt 0.540177 0.436843
vt 0.244320 0.343622
vt 0.256194 0.327287
vt 0.284656 0.363066
vt 0.560456 0.449805
vt 0.471082 0.428083
vt 0.114600 0.490227
vt 0.026171 0.956251
vt 0.037083 0.947648
vt 0.037678 0.956251
vt 0.906003 0.718287
vt 0.904421 0.708553
vt 0.907503 0.708553
vt 0.900762 0.793995
vt 0.905400 0.803065
vt 0.899446 0.803065
vt 0.027713 0.993996
vt 0.037083 0.985387
vt 0.036136 0.993996
vt 0.037881 0.965849
vt 0.025968 0.965849
vt 0.906824 0.810853
vt 0.898405 0.810853
vt 0.902865 0.699483
vt 0.909860 0.691695
vt 0.908818 0.699483
vt 0.037678 0.975786
vt 0.026171 0.975786
vt 0.027713 0.940626
vt 0.026766 0.947648
vt 0.902262 0.784261
vt 0.903844 0.793995
vt 0.026766 0.985387
vt 0.917867 0.694298
vt 0.914480 0.701324
vt 0.049210 0.966337
vt 0.048621 0.976258
vt 0.044148 0.940971
vt 0.046895 0.948071
vt 0.910433 0.709506
vt 0.906775 0.793042
vt 0.046895 0.985810
vt 0.048621 0.956723
vt 0.911062 0.801224
vt 0.044148 0.994341
vt 0.914831 0.808250
vt 0.915878 0.797723
vt 0.050962 0.994999
vt 0.058848 0.967267
vt 0.921642 0.803299
vt 0.919297 0.704825
vt 0.057931 0.977156
vt 0.917826 0.813642
vt 0.926168 0.807578
vt 0.912927 0.711318
vt 0.909268 0.791230
vt 0.055241 0.986615
vt 0.057931 0.957621
vt 0.914738 0.713813
vt 0.911079 0.788735
vt 0.069768 0.977156
vt 0.080804 0.985810
vt 0.072458 0.986615
vt 0.072458 0.948877
vt 0.079077 0.956723
vt 0.069768 0.957621
vt 0.919377 0.792904
vt 0.083551 0.994341
vt 0.076736 0.994999
vt 0.068851 0.967267
vt 0.078488 0.966337
vt 0.926591 0.796484
vt 0.924679 0.699249
vt 0.922796 0.709644
vt 0.079077 0.976258
vt 0.932229 0.799231
vt 0.929193 0.788473
vt 0.932229 0.714075
vt 0.924636 0.715309
vt 0.089818 0.965849
vt 0.090021 0.975786
vt 0.083551 0.940971
vt 0.090616 0.947648
vt 0.080804 0.948071
vt 0.915690 0.716745
vt 0.912031 0.785803
vt 0.090616 0.985387
vt 0.090021 0.956251
vt 0.921217 0.787240
vt 0.091562 0.993996
vt 0.915690 0.719828
vt 0.912031 0.782720
vt 0.921217 0.781283
vt 0.099986 0.993996
vt 0.101730 0.965849
vt 0.929193 0.780050
vt 0.932229 0.722498
vt 0.924636 0.721265
vt 0.101527 0.975786
vt 0.099986 0.940626
vt 0.100932 0.947648
vt 0.100932 0.985387
vt 0.101527 0.956251
vt 0.107997 0.940971
vt 0.110744 0.948071
vt 0.914738 0.722761
vt 0.911079 0.779788
vt 0.112471 0.976258
vt 0.110744 0.985810
vt 0.112471 0.956723
vt 0.919377 0.775619
vt 0.107997 0.994341
vt 0.113060 0.966337
vt 0.926591 0.772039
vt 0.922796 0.726930
vt 0.921642 0.765224
vt 0.929627 0.730510
vt 0.919297 0.731748
vt 0.121780 0.977156
vt 0.932229 0.769292
vt 0.926168 0.760945
vt 0.912927 0.725255
vt 0.909268 0.777293
vt 0.119090 0.986615
vt 0.121780 0.957621
vt 0.915878 0.770800
vt 0.114812 0.994999
vt 0.122697 0.967267
vt 0.136307 0.949010
vt 0.142926 0.959366
vt 0.133617 0.958468
vt 0.910433 0.727067
vt 0.906775 0.775481
vt 0.911062 0.767299
vt 0.928706 0.741603
vt 0.917867 0.742276
vt 0.924679 0.737324
vt 0.132700 0.968358
vt 0.142337 0.969287
vt 0.914831 0.760273
vt 0.914480 0.735249
vt 0.142926 0.978901
vt 0.133617 0.978003
vt 0.140586 0.940626
vt 0.144653 0.949815
vt 0.136307 0.986748
vt 0.144653 0.987553
vt 0.147400 0.941283
vt 0.154465 0.950238
vt 0.907503 0.728020
vt 0.903844 0.774528
vt 0.153870 0.979373
vt 0.154465 0.987976
vt 0.153870 0.959838
vt 0.905400 0.765458
vt 0.155412 0.994999
vt 0.147400 0.994653
vt 0.153667 0.969776
vt 0.906824 0.757670
vt 0.908818 0.737090
vt 0.165377 0.959838
vt 0.165580 0.969776
vt 0.899446 0.765458
vt 0.898405 0.757670
vt 0.909860 0.744879
vt 0.902865 0.737090
vt 0.165377 0.979373
vt 0.155412 0.941629
vt 0.164782 0.950238
vt 0.904421 0.728020
vt 0.900762 0.774528
vt 0.164782 0.987976
vt 0.163835 0.994999
vt 0.174593 0.949815
vt 0.176320 0.959366
vt 0.901490 0.727067
vt 0.893784 0.767299
vt 0.174593 0.987553
vt 0.171846 0.994653
vt 0.176909 0.969287
vt 0.890397 0.760273
vt 0.893434 0.742276
vt 0.897203 0.735249
vt 0.176320 0.978901
vt 0.163835 0.941629
vt 0.897831 0.775481
vt 0.185629 0.978003
vt 0.171846 0.941283
vt 0.182940 0.949010
vt 0.898997 0.725255
vt 0.895338 0.777293
vt 0.182940 0.986748
vt 0.185629 0.958468
vt 0.888968 0.770800
vt 0.882097 0.741603
vt 0.886622 0.737324
vt 0.186547 0.968358
vt 0.883586 0.765224
vt 0.892387 0.731748
vt 0.903768 0.877491
vt 0.894776 0.867264
vt 0.904697 0.867853
vt 0.878637 0.772039
vt 0.881674 0.730510
vt 0.888887 0.726930
vt 0.914311 0.867264
vt 0.913413 0.876574
vt 0.876036 0.869605
vt 0.885224 0.865538
vt 0.884420 0.873884
vt 0.897186 0.722761
vt 0.893527 0.779788
vt 0.922963 0.865538
vt 0.922158 0.873884
vt 0.893878 0.876574
vt 0.885469 0.775619
vt 0.876036 0.733257
vt 0.923386 0.855726
vt 0.895248 0.856321
vt 0.896233 0.719828
vt 0.883629 0.781283
vt 0.930063 0.862790
vt 0.930409 0.854779
vt 0.905186 0.856524
vt 0.876036 0.780050
vt 0.887048 0.721265
vt 0.914783 0.856321
vt 0.876693 0.862790
vt 0.885648 0.855726
vt 0.892574 0.782720
vt 0.914783 0.844814
vt 0.877038 0.854779
vt 0.885648 0.845409
vt 0.896233 0.716745
vt 0.892574 0.785803
vt 0.923386 0.845409
vt 0.895248 0.844814
vt 0.883629 0.787240
vt 0.930409 0.846356
vt 0.905186 0.844611
vt 0.876036 0.788473
vt 0.879072 0.722499
vt 0.887048 0.715309
vt 0.930063 0.838345
vt 0.904697 0.833282
vt 0.878637 0.796484
vt 0.881674 0.706064
vt 0.888887 0.709644
vt 0.914311 0.833871
vt 0.876693 0.838345
vt 0.885224 0.835598
vt 0.897186 0.713813
vt 0.893527 0.788735
vt 0.922963 0.835598
vt 0.894776 0.833871
vt 0.885469 0.792904
vt 0.895338 0.791230
vt 0.913413 0.824562
vt 0.922158 0.827251
vt 0.884420 0.827251
vt 0.893878 0.824562
vt 0.898997 0.711318
vt 0.888968 0.797723
vt 0.876036 0.703317
vt 0.886622 0.699249
vt 0.903768 0.823644
vt 0.883586 0.803299
vt 0.892387 0.704825
vt 0.897203 0.701324
vt 0.005001 0.967267
vt 0.015228 0.976258
vt 0.005919 0.977156
vt 0.879559 0.807578
vt 0.890397 0.808250
vt 0.887901 0.813642
vt 0.901490 0.709506
vt 0.897831 0.793042
vt 0.016955 0.985810
vt 0.008608 0.986615
vt 0.008608 0.948876
vt 0.015228 0.956723
vt 0.005919 0.957621
vt 0.893784 0.801224
vt 0.012887 0.994999
vt 0.019702 0.994341
vt 0.014639 0.966337
vt 0.901441 0.691695
vt 0.019702 0.940971
vt 0.016955 0.948071
vt 0.831397 0.982136
vt 0.840087 0.990120
vt 0.832275 0.990120
vt 0.830845 0.955117
vt 0.841705 0.964017
vt 0.830657 0.964017
vt 0.387392 0.961370
vt 0.394615 0.967857
vt 0.387392 0.969178
vt 0.367581 0.965507
vt 0.374804 0.971994
vt 0.367581 0.971028
vt 0.841516 0.973233
vt 0.830845 0.973233
vt 0.832275 0.940626
vt 0.840964 0.947138
vt 0.831397 0.947138
vt 0.359170 0.966950
vt 0.359170 0.969807
vt 0.403027 0.963556
vt 0.412053 0.964947
vt 0.403027 0.966414
vt 0.840964 0.982136
vt 0.841516 0.955117
vt 0.350143 0.968417
vt 0.394615 0.962336
vt 0.840087 0.940626
vt 0.850064 0.947531
vt 0.358286 0.972525
vt 0.403910 0.969132
vt 0.850064 0.982528
vt 0.851665 0.955554
vt 0.396322 0.973108
vt 0.847516 0.990440
vt 0.852211 0.964470
vt 0.389806 0.976604
vt 0.372390 0.979419
vt 0.365874 0.976278
vt 0.851665 0.973670
vt 0.861149 0.965332
vt 0.394398 0.982920
vt 0.367798 0.985736
vt 0.362627 0.980745
vt 0.860298 0.974503
vt 0.390430 0.987117
vt 0.384807 0.979381
vt 0.356606 0.974837
vt 0.405591 0.971444
vt 0.857804 0.983275
vt 0.860298 0.956387
vt 0.399569 0.977575
vt 0.853836 0.991050
vt 0.872002 0.956387
vt 0.882237 0.947531
vt 0.880635 0.955554
vt 0.354292 0.976517
vt 0.404038 0.980820
vt 0.874496 0.983275
vt 0.884784 0.990440
vt 0.878464 0.991050
vt 0.880089 0.964470
vt 0.871151 0.965332
vt 0.400718 0.987510
vt 0.358159 0.983990
vt 0.872002 0.974503
vt 0.880635 0.973670
vt 0.398170 0.992738
vt 0.407904 0.973124
vt 0.882237 0.982528
vt 0.890596 0.964017
vt 0.890784 0.973233
vt 0.884784 0.940946
vt 0.891336 0.947138
vt 0.352905 0.985696
vt 0.351573 0.977400
vt 0.410623 0.974007
vt 0.891336 0.982136
vt 0.890784 0.955117
vt 0.409291 0.982526
vt 0.892214 0.990120
vt 0.408147 0.989922
vt 0.361479 0.990325
vt 0.901455 0.955117
vt 0.901643 0.964017
vt 0.415959 0.989922
vt 0.354049 0.992738
vt 0.347381 0.985696
vt 0.901455 0.973233
vt 0.892214 0.940626
vt 0.900903 0.947138
vt 0.348714 0.977400
vt 0.413483 0.974007
vt 0.900903 0.982136
vt 0.414815 0.982526
vt 0.900025 0.990120
vt 0.910002 0.982528
vt 0.911604 0.955554
vt 0.345994 0.976517
vt 0.416202 0.973124
vt 0.420068 0.980820
vt 0.907455 0.990440
vt 0.912150 0.964470
vt 0.423388 0.987510
vt 0.346237 0.992738
vt 0.342128 0.983990
vt 0.911604 0.973670
vt 0.900025 0.940626
vt 0.910002 0.947531
vt 0.921088 0.965332
vt 0.920237 0.974503
vt 0.433676 0.987117
vt 0.425936 0.992738
vt 0.343681 0.974837
vt 0.418515 0.971444
vt 0.917742 0.983275
vt 0.920237 0.956387
vt 0.424537 0.977574
vt 0.913774 0.991050
vt 0.429708 0.982920
vt 0.338808 0.990325
vt 0.337659 0.980745
vt 0.328520 0.989471
vt 0.327897 0.979419
vt 0.332488 0.985736
vt 0.752125 0.957173
vt 0.760212 0.967206
vt 0.751274 0.966344
vt 0.427784 0.973108
vt 0.434300 0.976604
vt 0.334413 0.976278
vt 0.760758 0.976121
vt 0.752125 0.975289
vt 0.758587 0.940626
vt 0.762359 0.949147
vt 0.754619 0.948401
vt 0.342000 0.972525
vt 0.420196 0.969132
vt 0.762359 0.984145
vt 0.754619 0.983398
vt 0.760758 0.958005
vt 0.421080 0.966414
vt 0.771459 0.984537
vt 0.771459 0.949540
vt 0.770907 0.958443
vt 0.341117 0.969807
vt 0.429491 0.967857
vt 0.764907 0.990729
vt 0.772336 0.991050
vt 0.770719 0.967659
vt 0.436714 0.969178
vt 0.325483 0.971994
vt 0.332706 0.971028
vt 0.770907 0.976559
vt 0.764907 0.941235
vt 0.325483 0.964186
vt 0.332706 0.965507
vt 0.781578 0.976559
vt 0.780148 0.941556
vt 0.781026 0.949540
vt 0.341117 0.966950
vt 0.421080 0.963556
vt 0.781026 0.984537
vt 0.781578 0.958443
vt 0.429491 0.962336
vt 0.780148 0.991050
vt 0.781766 0.967659
vt 0.436714 0.961370
vt 0.427784 0.957085
vt 0.787577 0.990729
vt 0.792273 0.967206
vt 0.434300 0.953944
vt 0.334413 0.960256
vt 0.791726 0.976121
vt 0.790125 0.949147
vt 0.342000 0.964232
vt 0.420196 0.960838
vt 0.790125 0.984145
vt 0.791726 0.958005
vt 0.343681 0.961920
vt 0.418515 0.958526
vt 0.797865 0.983398
vt 0.797865 0.948401
vt 0.800359 0.957173
vt 0.424537 0.952619
vt 0.327897 0.956760
vt 0.328520 0.946247
vt 0.332488 0.950444
vt 0.801210 0.966344
vt 0.429708 0.947628
vt 0.337659 0.955789
vt 0.800359 0.975289
vt 0.787577 0.941235
vt 0.423388 0.943038
vt 0.342128 0.952544
vt 0.692186 0.975289
vt 0.700273 0.967206
vt 0.700819 0.976121
vt 0.698649 0.940626
vt 0.702421 0.949147
vt 0.694681 0.948401
vt 0.345994 0.960240
vt 0.416202 0.956846
vt 0.702421 0.984145
vt 0.694681 0.983398
vt 0.692186 0.957173
vt 0.700819 0.958005
vt 0.420068 0.949374
vt 0.336261 0.940626
vt 0.338808 0.945854
vt 0.691335 0.966344
vt 0.348714 0.959357
vt 0.413483 0.955963
vt 0.414815 0.947668
vt 0.712398 0.991050
vt 0.704968 0.990729
vt 0.710968 0.958443
vt 0.710780 0.967659
vt 0.415959 0.940626
vt 0.346237 0.943441
vt 0.347381 0.950838
vt 0.710968 0.976559
vt 0.704968 0.941235
vt 0.711520 0.949540
vt 0.711520 0.984537
vt 0.712398 0.941556
vt 0.721087 0.949540
vt 0.352905 0.950838
vt 0.351573 0.959357
vt 0.410623 0.955963
vt 0.721087 0.984537
vt 0.721639 0.958443
vt 0.409291 0.947668
vt 0.720209 0.991050
vt 0.721827 0.967659
vt 0.408147 0.940626
vt 0.721639 0.976559
vt 0.404038 0.949374
vt 0.400718 0.943038
vt 0.354049 0.943441
vt 0.358159 0.952544
vt 0.732334 0.967206
vt 0.731788 0.976121
vt 0.720209 0.941556
vt 0.730186 0.949147
vt 0.354292 0.960240
vt 0.407904 0.956846
vt 0.730186 0.984145
vt 0.731788 0.958005
vt 0.727639 0.990729
vt 0.737927 0.948401
vt 0.740421 0.957173
vt 0.356606 0.961920
vt 0.399569 0.952619
vt 0.364026 0.940626
vt 0.367798 0.950444
vt 0.361479 0.945854
vt 0.741272 0.966344
vt 0.394398 0.947628
vt 0.362627 0.955789
vt 0.740421 0.975289
vt 0.727639 0.941235
vt 0.405591 0.958526
vt 0.737927 0.983398
vt 0.384807 0.951629
vt 0.390430 0.943893
vt 0.358286 0.964232
vt 0.403910 0.960838
vt 0.812064 0.974503
vt 0.822298 0.982528
vt 0.814558 0.983275
vt 0.812064 0.956387
vt 0.822298 0.947531
vt 0.820697 0.955554
vt 0.396322 0.957085
vt 0.824846 0.990440
vt 0.818526 0.991050
vt 0.820150 0.964470
vt 0.811213 0.965332
vt 0.389806 0.953944
vt 0.365874 0.960256
vt 0.820697 0.973670
vt 0.374804 0.964186
vt 0.824846 0.940946
vt 0.916055 0.114063
vt 0.926982 0.101644
vt 0.926982 0.113386
vt 0.893821 0.114063
vt 0.884029 0.101644
vt 0.893821 0.100966
vt 0.187065 0.900169
vt 0.198143 0.898368
vt 0.198143 0.901876
vt 0.249696 0.894203
vt 0.239373 0.899482
vt 0.239373 0.892706
vt 0.936781 0.112308
vt 0.936781 0.102721
vt 0.904744 0.100735
vt 0.904744 0.114294
vt 0.230508 0.901103
vt 0.230508 0.891520
vt 0.208467 0.896597
vt 0.217331 0.904559
vt 0.208466 0.903373
vt 0.916055 0.100966
vt 0.876036 0.112308
vt 0.884029 0.113386
vt 0.260774 0.895911
vt 0.249696 0.897711
vt 0.233470 0.910217
vt 0.206372 0.909817
vt 0.905300 0.087840
vt 0.916592 0.088510
vt 0.876036 0.102721
vt 0.884510 0.090476
vt 0.197059 0.905212
vt 0.250780 0.901047
vt 0.927464 0.090476
vt 0.894358 0.088510
vt 0.241468 0.905926
vt 0.937175 0.093603
vt 0.895380 0.077915
vt 0.194996 0.908049
vt 0.245452 0.911408
vt 0.928380 0.080976
vt 0.937923 0.085846
vt 0.906358 0.076871
vt 0.239106 0.917969
vt 0.214369 0.913673
vt 0.202387 0.915299
vt 0.917614 0.077915
vt 0.234236 0.923121
vt 0.227334 0.913626
vt 0.252843 0.903885
vt 0.243736 0.930019
vt 0.192157 0.910111
vt 0.255682 0.905946
vt 0.917614 0.350986
vt 0.927464 0.338425
vt 0.928380 0.347925
vt 0.885427 0.347925
vt 0.894358 0.340391
vt 0.895380 0.350986
vt 0.250937 0.915391
vt 0.937175 0.335298
vt 0.937923 0.343055
vt 0.905300 0.341061
vt 0.906358 0.352030
vt 0.246862 0.923602
vt 0.208733 0.921425
vt 0.196902 0.919282
vt 0.916592 0.340391
vt 0.904744 0.328166
vt 0.255981 0.926563
vt 0.200977 0.927058
vt 0.190454 0.921376
vt 0.916055 0.327935
vt 0.876429 0.335298
vt 0.884029 0.327258
vt 0.884510 0.338425
vt 0.188819 0.911195
vt 0.259020 0.907030
vt 0.926982 0.327258
vt 0.893821 0.327935
vt 0.257385 0.917485
vt 0.936781 0.326180
vt 0.893821 0.314838
vt 0.185310 0.911195
vt 0.264164 0.917485
vt 0.936781 0.316593
vt 0.904744 0.314607
vt 0.265568 0.926563
vt 0.191858 0.930019
vt 0.183675 0.921376
vt 0.916055 0.314838
vt 0.876036 0.326180
vt 0.884029 0.315515
vt 0.262529 0.907030
vt 0.926982 0.315515
vt 0.916592 0.302382
vt 0.876036 0.316593
vt 0.884510 0.304348
vt 0.181972 0.910111
vt 0.265867 0.905946
vt 0.927464 0.304348
vt 0.894358 0.302382
vt 0.270612 0.915391
vt 0.937175 0.307474
vt 0.905300 0.301712
vt 0.274687 0.923602
vt 0.182271 0.930019
vt 0.177227 0.919282
vt 0.895380 0.291787
vt 0.906358 0.290742
vt 0.276096 0.911408
vt 0.282443 0.917969
vt 0.173153 0.927058
vt 0.171743 0.915299
vt 0.917614 0.291787
vt 0.287313 0.923121
vt 0.277813 0.930019
vt 0.179133 0.908049
vt 0.268706 0.903885
vt 0.928380 0.294848
vt 0.937923 0.299718
vt 0.918579 0.208405
vt 0.929448 0.195844
vt 0.928532 0.205344
vt 0.896344 0.208405
vt 0.886494 0.195844
vt 0.897366 0.197810
vt 0.177071 0.905212
vt 0.270768 0.901047
vt 0.280081 0.905926
vt 0.165396 0.921425
vt 0.153624 0.916514
vt 0.159761 0.913673
vt 0.908658 0.198480
vt 0.907600 0.209449
vt 0.288078 0.910217
vt 0.167758 0.909817
vt 0.919600 0.197810
vt 0.876036 0.200474
vt 0.885578 0.205344
vt 0.920138 0.185354
vt 0.876784 0.192717
vt 0.886976 0.184676
vt 0.175986 0.901876
vt 0.271853 0.897711
vt 0.929930 0.184676
vt 0.897903 0.185354
vt 0.282176 0.899482
vt 0.937529 0.192717
vt 0.937923 0.183599
vt 0.909214 0.185585
vt 0.291041 0.901103
vt 0.165663 0.903373
vt 0.929930 0.172934
vt 0.937923 0.174012
vt 0.897903 0.172257
vt 0.909214 0.172026
vt 0.282176 0.892706
vt 0.291041 0.891520
vt 0.156798 0.904559
vt 0.165663 0.896597
vt 0.920138 0.172257
vt 0.877177 0.183599
vt 0.886976 0.172934
vt 0.175986 0.898368
vt 0.271853 0.894203
vt 0.270768 0.890868
vt 0.929448 0.161767
vt 0.897366 0.159801
vt 0.177071 0.895032
vt 0.280081 0.886262
vt 0.937529 0.164893
vt 0.908658 0.159131
vt 0.288078 0.882407
vt 0.156798 0.894976
vt 0.167758 0.890153
vt 0.919600 0.159801
vt 0.877177 0.174012
vt 0.886494 0.161767
vt 0.159761 0.885862
vt 0.171743 0.884671
vt 0.907600 0.148161
vt 0.918579 0.149205
vt 0.876784 0.164893
vt 0.885578 0.152267
vt 0.179133 0.892195
vt 0.268706 0.888030
vt 0.928532 0.152267
vt 0.896344 0.149205
vt 0.276096 0.880780
vt 0.160526 0.872959
vt 0.165396 0.878110
vt 0.282443 0.874654
vt 0.265867 0.885968
vt 0.270612 0.876797
vt 0.170026 0.866060
vt 0.173153 0.872477
vt 0.896344 0.279696
vt 0.908658 0.269771
vt 0.907600 0.280740
vt 0.274687 0.869021
vt 0.177227 0.880688
vt 0.919600 0.269100
vt 0.918579 0.279696
vt 0.876036 0.271764
vt 0.886494 0.267135
vt 0.885578 0.276634
vt 0.181973 0.890133
vt 0.929448 0.267135
vt 0.928532 0.276634
vt 0.897366 0.269100
vt 0.185310 0.889049
vt 0.262529 0.884884
vt 0.929930 0.255967
vt 0.886976 0.255967
vt 0.897903 0.256644
vt 0.264164 0.874703
vt 0.937529 0.264008
vt 0.937923 0.254890
vt 0.909214 0.256875
vt 0.265568 0.866060
vt 0.183675 0.878594
vt 0.920138 0.256644
vt 0.876784 0.264008
vt 0.257385 0.874703
vt 0.255981 0.866060
vt 0.191858 0.869516
vt 0.190454 0.878594
vt 0.920138 0.243547
vt 0.877177 0.254890
vt 0.886976 0.244225
vt 0.188819 0.889049
vt 0.259020 0.884884
vt 0.929930 0.244225
vt 0.897903 0.243547
vt 0.937923 0.245302
vt 0.909214 0.243316
vt 0.192157 0.890133
vt 0.250937 0.876797
vt 0.929448 0.233057
vt 0.937529 0.236184
vt 0.908658 0.230421
vt 0.246862 0.869021
vt 0.196902 0.880688
vt 0.919600 0.231092
vt 0.877177 0.245302
vt 0.886494 0.233057
vt 0.255682 0.885968
vt 0.897366 0.231092
vt 0.876784 0.236184
vt 0.885578 0.223557
vt 0.202387 0.884671
vt 0.194996 0.892195
vt 0.252843 0.888030
vt 0.928532 0.223557
vt 0.896344 0.220496
vt 0.245452 0.880780
vt 0.200977 0.872477
vt 0.213603 0.872959
vt 0.208733 0.878110
vt 0.907600 0.219452
vt 0.239106 0.874654
vt 0.918579 0.220496
vt 0.233470 0.882407
vt 0.206372 0.890153
vt 0.917614 0.137115
vt 0.905300 0.127189
vt 0.916592 0.126519
vt 0.227334 0.879565
vt 0.234236 0.870070
vt 0.197059 0.895032
vt 0.250780 0.890868
vt 0.927464 0.124553
vt 0.928380 0.134053
vt 0.895380 0.137115
vt 0.884510 0.124553
vt 0.894358 0.126519
vt 0.241468 0.886262
vt 0.937923 0.129183
vt 0.937175 0.121427
vt 0.906358 0.138159
vt 0.217331 0.894976
vt 0.876429 0.121427
vt 0.969993 0.011238
vt 0.973706 0.018500
vt 0.971239 0.018500
vt 0.968309 0.088909
vt 0.969510 0.081115
vt 0.970776 0.088909
vt 0.984351 0.140332
vt 0.976664 0.131595
vt 0.984351 0.132071
vt 0.954133 0.140332
vt 0.961022 0.131595
vt 0.961022 0.140809
vt 0.972505 0.026294
vt 0.972022 0.096172
vt 0.967255 0.096172
vt 0.991245 0.132829
vt 0.991245 0.139574
vt 0.968706 0.131432
vt 0.968706 0.140971
vt 0.973163 0.102408
vt 0.966421 0.102408
vt 0.968852 0.005001
vt 0.974760 0.011238
vt 0.976664 0.140809
vt 0.948510 0.139574
vt 0.954133 0.132071
vt 0.969098 0.122360
vt 0.976556 0.094698
vt 0.979574 0.100324
vt 0.975594 0.005001
vt 0.979294 0.012712
vt 0.977042 0.122832
vt 0.948786 0.126414
vt 0.954472 0.124215
vt 0.976053 0.019263
vt 0.973123 0.088146
vt 0.984690 0.124215
vt 0.961400 0.122832
vt 0.991521 0.126414
vt 0.985335 0.117532
vt 0.962118 0.115378
vt 0.978049 0.020714
vt 0.980413 0.091894
vt 0.992048 0.120958
vt 0.969842 0.114643
vt 0.985028 0.096359
vt 0.982006 0.007086
vt 0.983150 0.015515
vt 0.977761 0.115378
vt 0.988652 0.099785
vt 0.981972 0.104641
vt 0.975120 0.086695
vt 0.969842 0.210879
vt 0.977042 0.202691
vt 0.977761 0.210145
vt 0.993505 0.093102
vt 0.979500 0.022712
vt 0.976570 0.084698
vt 0.985335 0.207991
vt 0.984690 0.201308
vt 0.955116 0.207991
vt 0.961400 0.202691
vt 0.962118 0.210145
vt 0.983215 0.088036
vt 0.992048 0.204565
vt 0.991521 0.199108
vt 0.969098 0.203162
vt 0.988991 0.090903
vt 0.987460 0.011050
vt 0.985952 0.019374
vt 0.984351 0.193451
vt 0.991245 0.192693
vt 0.968706 0.194090
vt 0.984688 0.083500
vt 0.991074 0.084488
vt 0.991422 0.016507
vt 0.987425 0.023909
vt 0.976664 0.193928
vt 0.948786 0.199108
vt 0.954133 0.193451
vt 0.954472 0.201308
vt 0.980262 0.025060
vt 0.977333 0.082350
vt 0.961022 0.193928
vt 0.977333 0.079881
vt 0.976664 0.184714
vt 0.984351 0.185190
vt 0.961022 0.184714
vt 0.980262 0.027529
vt 0.984688 0.078731
vt 0.991245 0.185948
vt 0.968706 0.184551
vt 0.991074 0.077743
vt 0.993505 0.029667
vt 0.987425 0.028679
vt 0.948510 0.192693
vt 0.954133 0.185190
vt 0.991422 0.036081
vt 0.985952 0.033215
vt 0.977042 0.175951
vt 0.948510 0.185948
vt 0.954472 0.177334
vt 0.979500 0.029877
vt 0.976570 0.077533
vt 0.984690 0.177334
vt 0.961400 0.175951
vt 0.983215 0.074195
vt 0.991521 0.179534
vt 0.969098 0.175480
vt 0.988991 0.071328
vt 0.980413 0.070336
vt 0.992048 0.174077
vt 0.969842 0.167763
vt 0.985028 0.065871
vt 0.987460 0.041538
vt 0.983150 0.037073
vt 0.977761 0.168497
vt 0.993505 0.069128
vt 0.988652 0.062445
vt 0.978049 0.031874
vt 0.975120 0.075536
vt 0.985335 0.170651
vt 0.955116 0.170651
vt 0.962118 0.168497
vt 0.976053 0.033325
vt 0.973123 0.074084
vt 0.978439 0.263264
vt 0.986086 0.254427
vt 0.985441 0.261110
vt 0.955223 0.261110
vt 0.963516 0.255810
vt 0.962797 0.263264
vt 0.976556 0.067533
vt 0.984005 0.049820
vt 0.982006 0.045503
vt 0.971460 0.256281
vt 0.970715 0.263998
vt 0.979574 0.061907
vt 0.979294 0.039877
vt 0.979158 0.255810
vt 0.948510 0.257684
vt 0.955868 0.254427
vt 0.972022 0.066059
vt 0.973163 0.059822
vt 0.974760 0.041351
vt 0.979536 0.247047
vt 0.949036 0.252227
vt 0.956206 0.246570
vt 0.973706 0.034088
vt 0.970776 0.073321
vt 0.986425 0.246570
vt 0.963894 0.247047
vt 0.992048 0.245812
vt 0.991771 0.252227
vt 0.971851 0.247209
vt 0.971239 0.034088
vt 0.967255 0.066059
vt 0.986425 0.238310
vt 0.992048 0.239068
vt 0.971851 0.237671
vt 0.966421 0.059822
vt 0.968852 0.047587
vt 0.969993 0.041351
vt 0.979536 0.237833
vt 0.949313 0.245812
vt 0.956206 0.238310
vt 0.968309 0.073321
vt 0.963894 0.237833
vt 0.949036 0.232653
vt 0.955868 0.230453
vt 0.965459 0.039877
vt 0.968892 0.033325
vt 0.965962 0.074084
vt 0.986086 0.230453
vt 0.963516 0.229070
vt 0.962722 0.067533
vt 0.991771 0.232653
vt 0.971460 0.228599
vt 0.960010 0.061907
vt 0.979158 0.229070
vt 0.954556 0.065871
vt 0.962441 0.045503
vt 0.961603 0.037073
vt 0.970715 0.220882
vt 0.978439 0.221616
vt 0.955223 0.223770
vt 0.966896 0.031874
vt 0.963966 0.075536
vt 0.985441 0.223770
vt 0.962797 0.221616
vt 0.958865 0.070336
vt 0.960043 0.049820
vt 0.956987 0.041538
vt 0.882749 0.927722
vt 0.891042 0.922421
vt 0.890323 0.929876
vt 0.965445 0.029877
vt 0.956063 0.074195
vt 0.948510 0.038281
vt 0.953024 0.036081
vt 0.898241 0.930610
vt 0.898986 0.922893
vt 0.950593 0.071328
vt 0.958801 0.033215
vt 0.906684 0.922421
vt 0.905965 0.929876
vt 0.876036 0.924296
vt 0.883393 0.921039
vt 0.962515 0.077533
vt 0.913612 0.921039
vt 0.912967 0.927722
vt 0.876562 0.918839
vt 0.883732 0.913182
vt 0.964683 0.027529
vt 0.961753 0.079881
vt 0.907062 0.913659
vt 0.913951 0.913182
vt 0.891420 0.913659
vt 0.954590 0.078731
vt 0.919297 0.918839
vt 0.919574 0.912424
vt 0.899377 0.913821
vt 0.948510 0.077743
vt 0.957327 0.028679
vt 0.891420 0.904445
vt 0.899377 0.904282
vt 0.948510 0.084488
vt 0.950941 0.022922
vt 0.957327 0.023909
vt 0.907062 0.904445
vt 0.876839 0.912424
vt 0.883732 0.904921
vt 0.964683 0.025060
vt 0.961753 0.082350
vt 0.913951 0.904921
vt 0.954590 0.083500
vt 0.919574 0.905679
vt 0.891042 0.895682
vt 0.965445 0.022712
vt 0.962515 0.084698
vt 0.956063 0.088036
vt 0.919297 0.899265
vt 0.898986 0.895211
vt 0.950593 0.090903
vt 0.958801 0.019374
vt 0.906684 0.895682
vt 0.876562 0.899265
vt 0.883393 0.897065
vt 0.913612 0.897065
vt 0.898241 0.887493
vt 0.905965 0.888228
vt 0.876036 0.893808
vt 0.882749 0.890382
vt 0.961603 0.015515
vt 0.966896 0.020714
vt 0.963966 0.086695
vt 0.912967 0.890382
vt 0.890323 0.888228
vt 0.958865 0.091894
vt 0.948510 0.014307
vt 0.956987 0.011050
vt 0.953024 0.016507
vt 0.954556 0.096359
vt 0.969842 0.157760
vt 0.961400 0.149571
vt 0.969098 0.150043
vt 0.960010 0.100324
vt 0.965459 0.012712
vt 0.977761 0.157025
vt 0.977042 0.149571
vt 0.958011 0.104641
vt 0.951331 0.099785
vt 0.968892 0.019263
vt 0.965962 0.088146
vt 0.984690 0.148189
vt 0.985335 0.154872
vt 0.955116 0.154872
vt 0.962118 0.157025
vt 0.962722 0.094698
vt 0.991521 0.145989
vt 0.992048 0.151446
vt 0.948786 0.145989
vt 0.954472 0.148189
vt 0.692041 0.428246
vt 0.702715 0.414004
vt 0.702715 0.429685
vt 0.735185 0.221026
vt 0.741869 0.207240
vt 0.739869 0.221026
vt 0.729623 0.155537
vt 0.731903 0.140743
vt 0.734307 0.155537
vt 0.760075 0.429685
vt 0.745483 0.413100
vt 0.760075 0.414004
vt 0.715791 0.413100
vt 0.715791 0.430589
vt 0.737589 0.235820
vt 0.736673 0.169323
vt 0.727624 0.169323
vt 0.773160 0.428246
vt 0.773160 0.415443
vt 0.730378 0.430898
vt 0.730378 0.412791
vt 0.738837 0.181161
vt 0.726040 0.181161
vt 0.732820 0.207240
vt 0.743452 0.195402
vt 0.745483 0.430589
vt 0.773686 0.403266
vt 0.716508 0.396466
vt 0.731121 0.395571
vt 0.751008 0.177205
vt 0.750474 0.210038
vt 0.746200 0.396466
vt 0.692566 0.403266
vt 0.703358 0.399091
vt 0.744324 0.222474
vt 0.738762 0.154089
vt 0.760718 0.399091
vt 0.745278 0.166525
vt 0.742552 0.151334
vt 0.761942 0.386405
vt 0.717873 0.382317
vt 0.748113 0.225228
vt 0.752599 0.161204
vt 0.774685 0.392908
vt 0.732534 0.380922
vt 0.761361 0.169679
vt 0.755623 0.199358
vt 0.757795 0.215359
vt 0.747565 0.382317
vt 0.768239 0.176182
vt 0.755560 0.185399
vt 0.765975 0.206884
vt 0.763114 0.222683
vt 0.732534 0.738306
vt 0.746200 0.722762
vt 0.747565 0.736911
vt 0.777452 0.163496
vt 0.750866 0.229020
vt 0.745305 0.147543
vt 0.760718 0.720137
vt 0.761942 0.732823
vt 0.704581 0.732823
vt 0.716508 0.722762
vt 0.717873 0.736911
vt 0.757918 0.153880
vt 0.773686 0.715962
vt 0.774685 0.726320
vt 0.731121 0.723657
vt 0.768882 0.159321
vt 0.746752 0.143086
vt 0.760714 0.145269
vt 0.760075 0.705224
vt 0.773160 0.703785
vt 0.715791 0.706128
vt 0.730378 0.706437
vt 0.772837 0.147144
vt 0.773497 0.217242
vt 0.765910 0.231293
vt 0.745483 0.706128
vt 0.692566 0.715962
vt 0.702715 0.705224
vt 0.703358 0.720137
vt 0.752314 0.233477
vt 0.765910 0.240346
vt 0.752314 0.238163
vt 0.746752 0.138400
vt 0.760075 0.689543
vt 0.702715 0.689543
vt 0.715791 0.688639
vt 0.760714 0.136216
vt 0.773160 0.690982
vt 0.730378 0.688330
vt 0.772837 0.134341
vt 0.777452 0.229418
vt 0.745483 0.688639
vt 0.692041 0.703785
vt 0.768882 0.122165
vt 0.773497 0.254398
vt 0.763114 0.248957
vt 0.746200 0.672005
vt 0.692566 0.678806
vt 0.703358 0.674630
vt 0.750866 0.242620
vt 0.745305 0.133943
vt 0.760718 0.674630
vt 0.716508 0.672005
vt 0.757918 0.127606
vt 0.773686 0.678806
vt 0.731121 0.671110
vt 0.748113 0.246411
vt 0.742552 0.130151
vt 0.752599 0.120282
vt 0.774685 0.668448
vt 0.717873 0.657856
vt 0.732534 0.656462
vt 0.761361 0.111807
vt 0.757795 0.256281
vt 0.747565 0.657856
vt 0.777452 0.117989
vt 0.768239 0.105303
vt 0.761942 0.661944
vt 0.704581 0.661944
vt 0.692041 0.634473
vt 0.706007 0.628291
vt 0.704784 0.640977
vt 0.750474 0.261602
vt 0.744324 0.249166
vt 0.738762 0.127397
vt 0.762144 0.640977
vt 0.750217 0.630916
vt 0.763368 0.628291
vt 0.720525 0.630916
vt 0.719161 0.645065
vt 0.745278 0.114960
vt 0.772097 0.271259
vt 0.755623 0.272282
vt 0.765975 0.264756
vt 0.734192 0.646459
vt 0.735604 0.631811
vt 0.751008 0.104281
vt 0.748853 0.645065
vt 0.738837 0.100325
vt 0.743452 0.276238
vt 0.741869 0.264400
vt 0.750935 0.614282
vt 0.693040 0.624115
vt 0.706651 0.613378
vt 0.739869 0.250614
vt 0.734307 0.125949
vt 0.764011 0.613378
vt 0.721243 0.614282
vt 0.736673 0.112163
vt 0.774159 0.624115
vt 0.774685 0.611939
vt 0.736347 0.614590
vt 0.721243 0.596792
vt 0.735185 0.250614
vt 0.729623 0.125949
vt 0.727624 0.112163
vt 0.774685 0.599136
vt 0.736347 0.596484
vt 0.726040 0.100325
vt 0.732820 0.264400
vt 0.750935 0.596792
vt 0.693565 0.611939
vt 0.706651 0.597697
vt 0.764011 0.597697
vt 0.693040 0.586959
vt 0.706007 0.582784
vt 0.730730 0.249166
vt 0.725169 0.127397
vt 0.763368 0.582784
vt 0.720525 0.580159
vt 0.719018 0.114960
vt 0.774159 0.586959
vt 0.735604 0.579264
vt 0.713870 0.104281
vt 0.718485 0.272282
vt 0.724214 0.261602
vt 0.750217 0.580159
vt 0.734192 0.564615
vt 0.703517 0.111807
vt 0.708132 0.264756
vt 0.716893 0.256281
vt 0.748852 0.566010
vt 0.692041 0.576601
vt 0.704784 0.570098
vt 0.726941 0.246411
vt 0.721379 0.130151
vt 0.762144 0.570098
vt 0.719161 0.566010
vt 0.711697 0.120282
vt 0.701253 0.271259
vt 0.719161 0.553218
vt 0.706007 0.536444
vt 0.720525 0.539069
vt 0.724188 0.242620
vt 0.706379 0.127606
vt 0.700610 0.254398
vt 0.735605 0.539964
vt 0.734192 0.554613
vt 0.695995 0.122165
vt 0.711575 0.248957
vt 0.748853 0.553218
vt 0.750217 0.539069
vt 0.704784 0.549130
vt 0.693040 0.532269
vt 0.718626 0.133943
vt 0.763368 0.536444
vt 0.762144 0.549130
vt 0.736347 0.522744
vt 0.750935 0.522436
vt 0.693565 0.520092
vt 0.706651 0.521531
vt 0.722740 0.238163
vt 0.717179 0.138400
vt 0.764011 0.521531
vt 0.721243 0.522436
vt 0.703583 0.136216
vt 0.774685 0.520092
vt 0.774159 0.532269
vt 0.692041 0.134341
vt 0.708779 0.240346
vt 0.736347 0.504638
vt 0.692041 0.147144
vt 0.696656 0.229418
vt 0.708779 0.231293
vt 0.750935 0.504946
vt 0.706651 0.505850
vt 0.722740 0.233477
vt 0.717179 0.143086
vt 0.764011 0.505850
vt 0.721243 0.504946
vt 0.703583 0.145269
vt 0.774685 0.507289
vt 0.763368 0.490937
vt 0.720525 0.488313
vt 0.724188 0.229020
vt 0.718626 0.147543
vt 0.706379 0.153880
vt 0.774159 0.495113
vt 0.735605 0.487417
vt 0.695995 0.159321
vt 0.700610 0.217242
vt 0.711575 0.222683
vt 0.750217 0.488313
vt 0.693040 0.495113
vt 0.706007 0.490937
vt 0.748853 0.474163
vt 0.704784 0.478251
vt 0.716893 0.215359
vt 0.726941 0.225228
vt 0.721379 0.151334
vt 0.762144 0.478251
vt 0.719161 0.474163
vt 0.711697 0.161204
vt 0.701253 0.200380
vt 0.708132 0.206884
vt 0.734192 0.472769
vt 0.703517 0.169679
vt 0.774685 0.450781
vt 0.760718 0.444598
vt 0.773686 0.440423
vt 0.717873 0.461372
vt 0.731121 0.448118
vt 0.732534 0.462766
vt 0.713870 0.177205
vt 0.718485 0.199358
vt 0.724214 0.210038
vt 0.746200 0.447223
vt 0.747565 0.461372
vt 0.710075 0.185399
vt 0.697396 0.176182
vt 0.730730 0.222474
vt 0.725169 0.154089
vt 0.761942 0.457284
vt 0.703358 0.444598
vt 0.716508 0.447223
vt 0.719018 0.166525
vt 0.692566 0.440423
vt 0.041959 0.676985
vt 0.057207 0.688413
vt 0.040419 0.688413
vt 0.633122 0.339855
vt 0.640278 0.325095
vt 0.638137 0.339855
vt 0.627168 0.472617
vt 0.629609 0.456778
vt 0.632183 0.472617
vt 0.040419 0.749824
vt 0.058175 0.734201
vt 0.057207 0.749824
vt 0.058175 0.702413
vt 0.039451 0.702413
vt 0.635696 0.355694
vt 0.634715 0.487377
vt 0.625027 0.487377
vt 0.041959 0.763834
vt 0.055667 0.763834
vt 0.058506 0.718030
vt 0.039120 0.718030
vt 0.637032 0.500051
vt 0.623332 0.500051
vt 0.630590 0.325095
vt 0.641973 0.312421
vt 0.039451 0.734201
vt 0.643928 0.484381
vt 0.068703 0.764396
vt 0.075983 0.703181
vt 0.076942 0.718825
vt 0.650062 0.495815
vt 0.655003 0.316657
vt 0.649491 0.328090
vt 0.075983 0.734969
vt 0.068703 0.677548
vt 0.073173 0.689102
vt 0.642906 0.341405
vt 0.636952 0.471067
vt 0.073173 0.750513
vt 0.657329 0.333788
vt 0.646963 0.344354
vt 0.641009 0.468118
vt 0.086755 0.751823
vt 0.086755 0.690412
vt 0.091132 0.704642
vt 0.651766 0.478684
vt 0.079793 0.765465
vt 0.092625 0.720338
vt 0.661146 0.487758
vt 0.091132 0.736430
vt 0.668511 0.494720
vt 0.654936 0.504588
vt 0.669199 0.476669
vt 0.666087 0.324714
vt 0.663023 0.341629
vt 0.201746 0.736430
vt 0.215936 0.718825
vt 0.216895 0.734969
vt 0.678374 0.481139
vt 0.649911 0.348413
vt 0.643957 0.464059
vt 0.219705 0.750513
vt 0.206123 0.751822
vt 0.206123 0.690412
vt 0.216895 0.703181
vt 0.201746 0.704642
vt 0.657460 0.470843
vt 0.224175 0.764396
vt 0.213086 0.765465
vt 0.200254 0.720338
vt 0.651460 0.353185
vt 0.645506 0.459287
vt 0.660454 0.461625
vt 0.237212 0.763833
vt 0.234703 0.702413
vt 0.234373 0.718030
vt 0.673433 0.463632
vt 0.678374 0.348840
vt 0.666017 0.350847
vt 0.234703 0.734201
vt 0.224175 0.677548
vt 0.235671 0.688413
vt 0.219705 0.689102
vt 0.235671 0.749824
vt 0.237212 0.676985
vt 0.252459 0.688413
vt 0.651460 0.358202
vt 0.645506 0.454270
vt 0.252459 0.749824
vt 0.253428 0.702413
vt 0.660454 0.451932
vt 0.250919 0.763833
vt 0.253758 0.718030
vt 0.673433 0.449925
vt 0.666017 0.360540
vt 0.253428 0.734201
vt 0.669199 0.436888
vt 0.674140 0.375584
vt 0.663023 0.369758
vt 0.271236 0.734969
vt 0.250919 0.676985
vt 0.268426 0.689102
vt 0.649911 0.362974
vt 0.643957 0.449498
vt 0.268426 0.750513
vt 0.271236 0.703181
vt 0.657460 0.442714
vt 0.263955 0.764396
vt 0.272194 0.718825
vt 0.282007 0.690412
vt 0.286384 0.704642
vt 0.646963 0.367033
vt 0.651766 0.434872
vt 0.275045 0.765465
vt 0.287877 0.720338
vt 0.661146 0.425799
vt 0.657329 0.377599
vt 0.286384 0.736430
vt 0.668511 0.418836
vt 0.678374 0.432418
vt 0.641009 0.445439
vt 0.282007 0.751822
vt 0.310712 0.676985
vt 0.317331 0.691938
vt 0.303749 0.690628
vt 0.649491 0.383297
vt 0.642906 0.369982
vt 0.636952 0.442490
vt 0.303749 0.752039
vt 0.314521 0.739270
vt 0.317331 0.753349
vt 0.314521 0.707481
vt 0.299372 0.706020
vt 0.643928 0.429175
vt 0.672641 0.393636
vt 0.655003 0.394730
vt 0.666087 0.386673
vt 0.313562 0.723625
vt 0.297880 0.722113
vt 0.650062 0.417742
vt 0.299372 0.737809
vt 0.331999 0.724421
vt 0.634715 0.426180
vt 0.637032 0.413506
vt 0.640278 0.386292
vt 0.332329 0.740038
vt 0.334838 0.678617
vt 0.333297 0.692627
vt 0.638137 0.371532
vt 0.632183 0.440940
vt 0.333297 0.754038
vt 0.332329 0.708250
vt 0.334838 0.765465
vt 0.321801 0.764903
vt 0.351054 0.708250
vt 0.633122 0.371532
vt 0.625027 0.426180
vt 0.350085 0.754038
vt 0.348545 0.765465
vt 0.351384 0.724421
vt 0.623332 0.413506
vt 0.641973 0.398966
vt 0.630590 0.386292
vt 0.351054 0.740038
vt 0.350085 0.692627
vt 0.627168 0.440940
vt 0.369820 0.723625
vt 0.368862 0.739270
vt 0.348545 0.678617
vt 0.366052 0.691938
vt 0.628353 0.369982
vt 0.622399 0.442490
vt 0.366052 0.753349
vt 0.368862 0.707481
vt 0.615814 0.429175
vt 0.361582 0.764903
vt 0.610302 0.417742
vt 0.628273 0.398966
vt 0.621377 0.383297
vt 0.384010 0.706020
vt 0.385503 0.722113
vt 0.607976 0.434872
vt 0.599218 0.425799
vt 0.615243 0.394730
vt 0.613539 0.377599
vt 0.384010 0.737809
vt 0.372671 0.676985
vt 0.379634 0.690628
vt 0.624296 0.367033
vt 0.618342 0.445439
vt 0.379634 0.752039
vt 0.610369 0.403503
vt 0.604159 0.386673
vt 0.108497 0.752039
vt 0.119269 0.739270
vt 0.122079 0.753349
vt 0.108497 0.690628
vt 0.119269 0.707481
vt 0.104120 0.706020
vt 0.621348 0.362974
vt 0.615394 0.449498
vt 0.602282 0.442714
vt 0.596794 0.393636
vt 0.596106 0.375584
vt 0.102627 0.722113
vt 0.118310 0.723625
vt 0.591165 0.436888
vt 0.607845 0.369758
vt 0.104120 0.737809
vt 0.115460 0.676985
vt 0.122079 0.691938
vt 0.137077 0.740038
vt 0.126549 0.678055
vt 0.138045 0.692627
vt 0.619799 0.358202
vt 0.613845 0.454270
vt 0.138045 0.754038
vt 0.137077 0.708250
vt 0.599288 0.451932
vt 0.139585 0.765465
vt 0.126549 0.764903
vt 0.136747 0.724421
vt 0.586931 0.449925
vt 0.604851 0.360540
vt 0.153293 0.765465
vt 0.155801 0.708250
vt 0.156132 0.724421
vt 0.599288 0.461625
vt 0.586931 0.463632
vt 0.591872 0.362547
vt 0.604851 0.350847
vt 0.155801 0.740038
vt 0.139585 0.678617
vt 0.154833 0.692627
vt 0.619799 0.353185
vt 0.613845 0.459287
vt 0.154833 0.754038
vt 0.615394 0.464059
vt 0.173610 0.739270
vt 0.170800 0.753349
vt 0.173610 0.707481
vt 0.621348 0.348413
vt 0.602282 0.470843
vt 0.166329 0.764903
vt 0.174568 0.723625
vt 0.591165 0.476669
vt 0.596106 0.335803
vt 0.607845 0.341629
vt 0.166329 0.678055
vt 0.170800 0.691938
vt 0.613539 0.333788
vt 0.188758 0.737809
vt 0.184381 0.690628
vt 0.624296 0.344354
vt 0.618342 0.468118
vt 0.184381 0.752039
vt 0.188758 0.706020
vt 0.607976 0.478684
vt 0.586931 0.331333
vt 0.604159 0.324714
vt 0.190251 0.722113
vt 0.599218 0.487758
vt 0.615814 0.484381
vt 0.010871 0.751823
vt 0.028923 0.764396
vt 0.017833 0.765465
vt 0.006494 0.704642
vt 0.020684 0.718825
vt 0.005001 0.720338
vt 0.610302 0.495815
vt 0.621377 0.328090
vt 0.021643 0.734969
vt 0.006494 0.736430
vt 0.606239 0.504588
vt 0.592664 0.494721
vt 0.628353 0.341405
vt 0.622399 0.471067
vt 0.024453 0.750513
vt 0.010871 0.690412
vt 0.021643 0.703181
vt 0.024453 0.689102
vt 0.615243 0.316657
vt 0.471082 0.380216
vt 0.127503 0.576671
vt 0.164912 0.560516
vt 0.197092 0.561192
vt 0.016875 0.543615
vt 0.005001 0.468684
vt 0.094997 0.560516
vt 0.470405 0.251433
vt 0.091843 0.440482
vt 0.486561 0.449805
vt 0.109503 0.474548
vt 0.036136 0.940626
vt 0.055241 0.948876
vt 0.929627 0.706064
vt 0.091562 0.940626
vt 0.119090 0.948877
vt 0.920364 0.747667
vt 0.901441 0.744879
vt 0.178661 0.940626
vt 0.890439 0.747667
vt 0.877038 0.846356
vt 0.879072 0.714075
vt 0.882097 0.694970
vt 0.876036 0.831530
vt 0.893434 0.694298
vt 0.847516 0.940946
vt 0.857804 0.948277
vt 0.874496 0.948277
vt 0.907455 0.940946
vt 0.917742 0.948277
vt 0.322897 0.981735
vt 0.772336 0.941556
vt 0.322897 0.953983
vt 0.793897 0.940626
vt 0.371766 0.946247
vt 0.733959 0.940626
vt 0.814558 0.948277
vt 0.372390 0.956760
vt 0.876429 0.093603
vt 0.885427 0.080976
vt 0.876429 0.307474
vt 0.885427 0.294848
vt 0.160526 0.926009
vt 0.876036 0.157137
vt 0.153624 0.882454
vt 0.182271 0.869516
vt 0.876036 0.228427
vt 0.204103 0.866060
vt 0.214369 0.885862
vt 0.885427 0.134053
vt 0.948510 0.132829
vt 0.955116 0.117532
vt 0.993505 0.022922
vt 0.948786 0.179534
vt 0.990684 0.044964
vt 0.975594 0.047587
vt 0.949313 0.239068
vt 0.948510 0.227196
vt 0.953363 0.044964
vt 0.950941 0.029667
vt 0.876839 0.905679
vt 0.953363 0.007624
vt 0.962441 0.007086
vt 0.692041 0.415443
vt 0.730655 0.195402
vt 0.704581 0.386405
vt 0.777452 0.242221
vt 0.692041 0.690982
vt 0.759417 0.280476
vt 0.730655 0.276238
vt 0.693565 0.599136
vt 0.713933 0.280476
vt 0.692041 0.258573
vt 0.692041 0.542627
vt 0.696656 0.242221
vt 0.693565 0.507289
vt 0.692041 0.484755
vt 0.692041 0.213066
vt 0.704581 0.457284
vt 0.055667 0.676985
vt 0.628273 0.312421
vt 0.674140 0.335803
vt 0.678374 0.362547
vt 0.263955 0.677548
vt 0.321801 0.678055
vt 0.659066 0.403503
vt 0.361582 0.678055
vt 0.586931 0.380054
vt 0.591872 0.348840
vt 0.153293 0.678617
vt 0.177419 0.676985
vt 0.596794 0.317751
vt 0.028923 0.677548
s 1
f 221/1/221 11/2/11 12/3/12
f 218/4/218 9/5/9 219/6/219
f 1/7/1 6/8/6 216/9/216
f 222/10/222 12/3/12 13/11/13
f 214/12/214 25/13/25 3/14/3
f 220/15/220 9/5/9 10/16/10
f 216/9/216 7/17/7 217/18/217
f 125/19/125 222/10/222 13/11/13
f 214/12/214 4/20/4 215/21/215
f 220/15/220 11/22/11 2/23/2
f 217/18/217 8/24/8 218/4/218
f 215/21/215 5/25/5 1/26/1
f 6/8/6 18/27/18 7/17/7
f 125/19/125 13/11/13 24/28/24
f 3/14/3 15/29/15 4/20/4
f 11/22/11 21/30/21 22/31/22
f 7/17/7 19/32/19 8/24/8
f 4/20/4 16/33/16 5/25/5
f 11/2/11 23/34/23 12/3/12
f 8/24/8 20/35/20 9/5/9
f 5/36/5 17/37/17 6/8/6
f 12/3/12 24/28/24 13/11/13
f 3/14/3 25/13/25 14/38/14
f 9/5/9 21/30/21 10/16/10
f 20/35/20 31/39/31 32/40/32
f 16/33/16 29/41/29 17/42/17
f 23/34/23 36/43/36 24/28/24
f 14/38/14 25/13/25 26/44/26
f 20/35/20 33/45/33 21/30/21
f 18/27/18 29/46/29 30/47/30
f 125/19/125 24/28/24 36/43/36
f 15/29/15 26/44/26 27/48/27
f 22/31/22 33/45/33 34/49/34
f 18/27/18 31/39/31 19/32/19
f 16/33/16 27/48/27 28/50/28
f 22/51/22 35/52/35 23/34/23
f 30/53/30 42/54/42 31/55/31
f 28/50/28 38/56/38 39/57/39
f 34/58/34 46/59/46 35/52/35
f 32/60/32 42/54/42 43/61/43
f 28/50/28 40/62/40 29/41/29
f 35/52/35 47/63/47 36/43/36
f 26/44/26 25/13/25 37/64/37
f 32/60/32 44/65/44 33/66/33
f 30/53/30 40/67/40 41/68/41
f 125/19/125 36/43/36 47/63/47
f 26/44/26 38/56/38 27/48/27
f 33/66/33 45/69/45 34/70/34
f 43/61/43 55/71/55 44/65/44
f 40/67/40 52/72/52 41/68/41
f 125/19/125 47/63/47 58/73/58
f 37/64/37 49/74/49 38/56/38
f 44/65/44 56/75/56 45/69/45
f 41/68/41 53/76/53 42/54/42
f 39/57/39 49/74/49 50/77/50
f 45/78/45 57/79/57 46/59/46
f 42/54/42 54/80/54 43/61/43
f 39/81/39 51/82/51 40/67/40
f 46/59/46 58/73/58 47/63/47
f 37/64/37 25/13/25 48/83/48
f 54/80/54 64/84/64 65/85/65
f 51/82/51 61/86/61 62/87/62
f 58/73/58 68/88/68 69/89/69
f 48/83/48 25/13/25 59/90/59
f 54/80/54 66/91/66 55/71/55
f 52/72/52 62/87/62 63/92/63
f 125/19/125 58/73/58 69/89/69
f 48/83/48 60/93/60 49/74/49
f 55/71/55 67/94/67 56/75/56
f 52/72/52 64/84/64 53/76/53
f 50/77/50 60/93/60 61/95/61
f 56/96/56 68/88/68 57/79/57
f 67/94/67 77/97/77 78/98/78
f 63/92/63 75/99/75 64/84/64
f 60/93/60 72/100/72 61/95/61
f 67/101/67 79/102/79 68/88/68
f 65/85/65 75/99/75 76/103/76
f 61/86/61 73/104/73 62/87/62
f 68/88/68 80/105/80 69/89/69
f 59/90/59 25/13/25 70/106/70
f 65/85/65 77/97/77 66/91/66
f 63/92/63 73/104/73 74/107/74
f 125/19/125 69/89/69 80/105/80
f 60/93/60 70/106/70 71/108/71
f 70/106/70 25/13/25 81/109/81
f 76/103/76 88/110/88 77/97/77
f 74/107/74 84/111/84 85/112/85
f 125/19/125 80/105/80 91/113/91
f 70/106/70 82/114/82 71/108/71
f 77/97/77 89/115/89 78/98/78
f 74/107/74 86/116/86 75/99/75
f 72/100/72 82/114/82 83/117/83
f 78/118/78 90/119/90 79/102/79
f 76/103/76 86/116/86 87/120/87
f 72/100/72 84/121/84 73/122/73
f 79/102/79 91/113/91 80/105/80
f 89/123/89 101/124/101 90/119/90
f 87/125/87 97/126/97 98/127/98
f 83/128/83 95/129/95 84/130/84
f 90/119/90 102/131/102 91/113/91
f 81/109/81 25/13/25 92/132/92
f 87/125/87 99/133/99 88/134/88
f 85/135/85 95/129/95 96/136/96
f 125/19/125 91/113/91 102/131/102
f 82/114/82 92/132/92 93/137/93
f 89/123/89 99/138/99 100/139/100
f 85/135/85 97/126/97 86/140/86
f 83/117/83 93/137/93 94/141/94
f 92/132/92 104/142/104 93/137/93
f 100/143/100 110/144/110 111/145/111
f 96/136/96 108/146/108 97/126/97
f 94/141/94 104/142/104 105/147/105
f 100/139/100 112/148/112 101/124/101
f 98/127/98 108/146/108 109/149/109
f 94/150/94 106/151/106 95/129/95
f 102/131/102 112/148/112 113/152/113
f 92/132/92 25/13/25 103/153/103
f 98/127/98 110/144/110 99/133/99
f 96/136/96 106/151/106 107/154/107
f 125/19/125 102/131/102 113/152/113
f 112/148/112 124/155/124 113/152/113
f 103/153/103 25/13/25 114/156/114
f 109/149/109 121/157/121 110/144/110
f 107/154/107 117/158/117 118/159/118
f 125/19/125 113/152/113 124/155/124
f 103/153/103 115/160/115 104/142/104
f 110/144/110 122/161/122 111/145/111
f 107/154/107 119/162/119 108/146/108
f 105/147/105 115/160/115 116/163/116
f 111/164/111 123/165/123 112/148/112
f 109/149/109 119/162/119 120/166/120
f 105/167/105 117/158/117 106/151/106
f 116/163/116 127/168/127 128/169/128
f 122/170/122 135/171/135 123/165/123
f 120/166/120 131/172/131 132/173/132
f 116/174/116 129/175/129 117/158/117
f 123/165/123 136/176/136 124/155/124
f 114/156/114 25/13/25 126/177/126
f 120/166/120 133/178/133 121/157/121
f 118/159/118 129/175/129 130/179/130
f 125/19/125 124/155/124 136/176/136
f 115/160/115 126/177/126 127/168/127
f 122/161/122 133/178/133 134/180/134
f 118/159/118 131/172/131 119/162/119
f 125/19/125 136/176/136 147/181/147
f 127/168/127 137/182/137 138/183/138
f 134/184/134 144/185/144 145/186/145
f 130/179/130 142/187/142 131/172/131
f 128/169/128 138/183/138 139/188/139
f 134/184/134 146/189/146 135/171/135
f 132/173/132 142/187/142 143/190/143
f 128/191/128 140/192/140 129/175/129
f 135/171/135 147/181/147 136/176/136
f 126/177/126 25/13/25 137/182/137
f 132/173/132 144/193/144 133/178/133
f 129/175/129 141/194/141 130/179/130
f 139/195/139 151/196/151 140/197/140
f 146/189/146 158/198/158 147/181/147
f 137/182/137 25/13/25 148/199/148
f 143/200/143 155/201/155 144/202/144
f 141/203/141 151/196/151 152/204/152
f 125/19/125 147/181/147 158/198/158
f 137/182/137 149/205/149 138/183/138
f 145/186/145 155/206/155 156/207/156
f 141/203/141 153/208/153 142/209/142
f 139/188/139 149/205/149 150/210/150
f 145/186/145 157/211/157 146/189/146
f 143/200/143 153/208/153 154/212/154
f 150/210/150 160/213/160 161/214/161
f 156/207/156 168/215/168 157/211/157
f 154/212/154 164/216/164 165/217/165
f 150/218/150 162/219/162 151/196/151
f 158/198/158 168/215/168 169/220/169
f 148/199/148 25/13/25 159/221/159
f 154/212/154 166/222/166 155/201/155
f 152/204/152 162/219/162 163/223/163
f 125/19/125 158/198/158 169/220/169
f 148/199/148 160/213/160 149/205/149
f 156/224/156 166/222/166 167/225/167
f 152/204/152 164/216/164 153/208/153
f 163/223/163 173/226/173 174/227/174
f 125/19/125 169/220/169 180/228/180
f 159/221/159 171/229/171 160/213/160
f 167/225/167 177/230/177 178/231/178
f 163/223/163 175/232/175 164/216/164
f 161/214/161 171/229/171 172/233/172
f 167/234/167 179/235/179 168/215/168
f 165/217/165 175/232/175 176/236/176
f 161/237/161 173/226/173 162/219/162
f 168/215/168 180/228/180 169/220/169
f 159/221/159 25/13/25 170/238/170
f 165/217/165 177/230/177 166/222/166
f 172/239/172 184/240/184 173/226/173
f 179/235/179 191/241/191 180/228/180
f 170/238/170 25/13/25 181/242/181
f 176/236/176 188/243/188 177/230/177
f 173/226/173 185/244/185 174/227/174
f 125/19/125 180/228/180 191/241/191
f 171/229/171 181/242/181 182/245/182
f 178/231/178 188/243/188 189/246/189
f 174/227/174 186/247/186 175/232/175
f 172/233/172 182/245/182 183/248/183
f 178/249/178 190/250/190 179/235/179
f 176/236/176 186/247/186 187/251/187
f 185/244/185 197/252/197 186/247/186
f 182/245/182 194/253/194 183/248/183
f 189/254/189 201/255/201 190/250/190
f 187/251/187 197/252/197 198/256/198
f 183/257/183 195/258/195 184/240/184
f 190/250/190 202/259/202 191/241/191
f 181/242/181 25/13/25 192/260/192
f 187/251/187 199/261/199 188/243/188
f 185/244/185 195/258/195 196/262/196
f 125/19/125 191/241/191 202/259/202
f 181/242/181 193/263/193 182/245/182
f 189/254/189 199/264/199 200/265/200
f 196/266/196 206/267/206 207/268/207
f 125/19/125 202/259/202 213/269/213
f 192/260/192 204/270/204 193/263/193
f 200/271/200 210/272/210 211/273/211
f 196/266/196 208/274/208 197/275/197
f 193/263/193 205/276/205 194/253/194
f 200/265/200 212/277/212 201/255/201
f 198/278/198 208/274/208 209/279/209
f 194/253/194 206/280/206 195/281/195
f 201/255/201 213/269/213 202/259/202
f 192/260/192 25/13/25 203/282/203
f 198/278/198 210/272/210 199/283/199
f 209/279/209 218/4/218 219/6/219
f 205/284/205 216/9/216 206/267/206
f 212/277/212 222/10/222 213/269/213
f 203/282/203 25/13/25 214/12/214
f 209/279/209 220/15/220 210/272/210
f 206/267/206 217/18/217 207/268/207
f 125/19/125 213/269/213 222/10/222
f 203/282/203 215/21/215 204/270/204
f 210/272/210 2/23/2 211/273/211
f 207/268/207 218/4/218 208/274/208
f 204/270/204 1/26/1 205/276/205
f 212/277/212 2/285/2 221/1/221
f 440/286/217 229/287/6 230/288/7
f 381/289/125 444/290/222 236/291/224
f 437/292/214 227/293/4 223/294/215
f 443/295/2 233/296/223 234/297/11
f 440/286/217 231/298/8 224/299/218
f 223/294/215 228/300/5 438/301/1
f 225/302/221 234/303/11 235/304/12
f 224/299/218 232/305/9 441/306/219
f 438/307/1 229/287/6 439/308/251
f 225/302/221 236/291/224 444/290/222
f 437/292/214 358/309/25 226/310/3
f 442/311/220 232/305/9 233/296/223
f 235/304/12 245/312/22 246/313/23
f 232/305/9 242/314/19 243/315/20
f 229/287/6 239/316/16 240/317/225
f 235/304/12 247/318/24 236/291/224
f 226/310/3 358/309/25 237/319/14
f 233/296/223 243/315/20 244/320/21
f 230/288/7 240/317/225 241/321/18
f 381/289/125 236/291/224 247/318/24
f 227/293/4 237/319/14 238/322/15
f 234/297/11 244/320/21 245/323/22
f 230/288/7 242/314/19 231/298/8
f 228/300/5 238/322/15 239/324/16
f 237/319/14 249/325/27 238/322/15
f 244/320/21 256/326/34 245/323/22
f 241/321/18 253/327/31 242/314/19
f 239/324/16 249/325/27 250/328/28
f 245/312/22 257/329/35 246/313/23
f 243/315/20 253/327/31 254/330/32
f 240/331/225 250/328/28 251/332/29
f 246/313/23 258/333/36 247/318/24
f 237/319/14 358/309/25 248/334/26
f 244/320/21 254/330/32 255/335/226
f 240/317/225 252/336/30 241/321/18
f 381/289/125 247/318/24 258/333/36
f 257/329/35 269/337/47 258/333/36
f 248/334/26 358/309/25 259/338/227
f 254/339/32 266/340/44 255/341/226
f 251/342/29 263/343/229 252/344/30
f 381/289/125 258/333/36 269/337/47
f 249/325/27 259/338/227 260/345/38
f 255/341/226 267/346/45 256/347/34
f 253/348/31 263/343/229 264/349/42
f 250/328/28 260/345/38 261/350/39
f 256/351/34 268/352/46 257/329/35
f 254/339/32 264/349/42 265/353/43
f 251/332/29 261/350/39 262/354/228
f 260/345/38 272/355/50 261/350/39
f 268/352/46 278/356/56 279/357/57
f 265/353/43 275/358/53 276/359/54
f 261/360/39 273/361/230 262/362/228
f 268/352/46 280/363/58 269/337/47
f 259/338/227 358/309/25 270/364/48
f 265/353/43 277/365/55 266/340/44
f 263/343/229 273/361/230 274/366/52
f 381/289/125 269/337/47 280/363/58
f 259/338/227 271/367/49 260/345/38
f 266/340/44 278/368/56 267/346/45
f 263/343/229 275/358/53 264/349/42
f 381/289/125 280/363/58 291/369/69
f 271/367/49 281/370/59 282/371/60
f 277/365/55 289/372/67 278/368/56
f 274/366/52 286/373/64 275/358/53
f 272/355/50 282/371/60 283/374/61
f 279/357/57 289/375/67 290/376/68
f 275/358/53 287/377/232 276/359/54
f 273/361/230 283/378/61 284/379/62
f 279/357/57 291/369/69 280/363/58
f 270/364/48 358/309/25 281/370/59
f 276/359/54 288/380/66 277/365/55
f 273/361/230 285/381/231 274/366/52
f 284/379/62 294/382/72 295/383/73
f 290/376/68 302/384/80 291/369/69
f 281/370/59 358/309/25 292/385/70
f 288/380/66 298/386/76 299/387/77
f 284/379/62 296/388/74 285/381/231
f 381/289/125 291/369/69 302/384/80
f 281/370/59 293/389/71 282/371/60
f 288/380/66 300/390/78 289/372/67
f 286/373/64 296/388/74 297/391/75
f 282/371/60 294/392/72 283/374/61
f 289/375/67 301/393/79 290/376/68
f 286/373/64 298/386/76 287/377/232
f 293/389/71 305/394/83 294/392/72
f 300/395/78 312/396/90 301/393/79
f 297/391/75 309/397/87 298/386/76
f 295/398/73 305/394/83 306/399/84
f 302/384/80 312/396/90 313/400/91
f 292/385/70 358/309/25 303/401/81
f 299/387/77 309/397/87 310/402/88
f 295/383/73 307/403/85 296/388/74
f 381/289/125 302/384/80 313/400/91
f 292/385/70 304/404/82 293/389/71
f 299/387/77 311/405/89 300/390/78
f 297/391/75 307/403/85 308/406/86
f 306/407/84 318/408/233 307/409/85
f 381/289/125 313/400/91 324/410/102
f 304/404/82 314/411/92 315/412/93
f 310/413/88 322/414/100 311/415/89
f 308/416/86 318/408/233 319/417/97
f 304/404/82 316/418/94 305/394/83
f 311/415/89 323/419/101 312/396/90
f 308/416/86 320/420/234 309/421/87
f 305/422/83 317/423/95 306/407/84
f 312/396/90 324/410/102 313/400/91
f 303/401/81 358/309/25 314/411/92
f 310/424/88 320/420/234 321/425/99
f 316/426/94 328/427/106 317/423/95
f 323/419/101 335/428/113 324/410/102
f 314/411/92 358/309/25 325/429/103
f 321/425/99 331/430/109 332/431/235
f 317/423/95 329/432/107 318/408/233
f 381/289/125 324/410/102 335/428/113
f 315/412/93 325/429/103 326/433/104
f 321/425/99 333/434/111 322/435/100
f 319/417/97 329/432/107 330/436/108
f 316/418/94 326/433/104 327/437/105
f 322/414/100 334/438/112 323/419/101
f 319/417/97 331/430/109 320/420/234
f 330/436/108 340/439/118 341/440/119
f 327/437/105 337/441/115 338/442/116
f 333/443/111 345/444/123 334/438/112
f 330/436/108 342/445/237 331/430/109
f 327/446/105 339/447/236 328/427/106
f 334/438/112 346/448/238 335/428/113
f 325/429/103 358/309/25 336/449/114
f 331/430/109 343/450/121 332/431/235
f 328/427/106 340/439/118 329/432/107
f 381/289/125 335/428/113 346/448/238
f 325/429/103 337/441/115 326/433/104
f 332/431/235 344/451/122 333/434/111
f 340/439/118 350/452/129 351/453/130
f 381/289/125 346/448/238 357/454/136
f 336/449/114 348/455/127 337/441/115
f 344/451/122 354/456/133 355/457/134
f 340/439/118 352/458/131 341/440/119
f 337/441/115 349/459/128 338/442/116
f 345/444/123 355/460/134 356/461/135
f 341/440/119 353/462/132 342/445/237
f 338/463/116 350/452/129 339/447/236
f 345/444/123 357/454/136 346/448/238
f 336/449/114 358/309/25 347/464/126
f 342/445/237 354/456/133 343/450/121
f 352/458/131 365/465/143 353/462/132
f 349/466/128 362/467/239 350/452/129
f 356/461/135 369/468/147 357/454/136
f 347/464/126 358/309/25 359/469/137
f 353/462/132 366/470/144 354/456/133
f 350/452/129 363/471/141 351/453/130
f 381/289/125 357/454/136 369/468/147
f 348/455/127 359/469/137 360/472/138
f 355/460/134 366/473/144 367/474/145
f 352/458/131 363/471/141 364/475/142
f 348/455/127 361/476/139 349/459/128
f 355/460/134 368/477/146 356/461/135
f 364/478/142 374/479/240 375/480/153
f 360/472/138 372/481/150 361/476/139
f 368/477/146 378/482/156 379/483/157
f 364/478/142 376/484/241 365/485/143
f 361/486/139 373/487/151 362/488/239
f 368/477/146 380/489/242 369/468/147
f 359/469/137 358/309/25 370/490/148
f 365/485/143 377/491/155 366/492/144
f 362/488/239 374/479/240 363/493/141
f 381/289/125 369/468/147 380/489/242
f 359/469/137 371/494/149 360/472/138
f 367/474/145 377/495/155 378/482/156
f 376/484/241 389/496/166 377/491/155
f 373/487/151 386/497/163 374/479/240
f 381/289/125 380/489/242 392/498/169
f 370/490/148 383/499/160 371/494/149
f 378/500/156 389/496/166 390/501/167
f 375/480/153 386/497/163 387/502/164
f 371/494/149 384/503/161 372/481/150
f 378/482/156 391/504/168 379/483/157
f 375/480/153 388/505/165 376/484/241
f 372/506/150 385/507/162 373/487/151
f 379/483/157 392/498/169 380/489/242
f 370/490/148 358/309/25 382/508/159
f 387/502/164 399/509/244 388/505/165
f 384/510/161 396/511/243 385/507/162
f 391/504/168 403/512/246 392/498/169
f 382/508/159 358/309/25 393/513/170
f 388/505/165 400/514/245 389/496/166
f 385/507/162 397/515/174 386/497/163
f 381/289/125 392/498/169 403/512/246
f 383/499/160 393/513/170 394/516/171
f 390/501/167 400/514/245 401/517/178
f 387/502/164 397/515/174 398/518/175
f 384/503/161 394/516/171 395/519/172
f 390/520/167 402/521/179 391/504/168
f 400/514/245 412/522/189 401/517/178
f 397/515/174 409/523/186 398/518/175
f 394/516/171 406/524/183 395/519/172
f 402/521/179 412/525/189 413/526/190
f 398/518/175 410/527/187 399/509/244
f 396/511/243 406/528/183 407/529/247
f 403/512/246 413/526/190 414/530/191
f 393/513/170 358/309/25 404/531/181
f 399/509/244 411/532/188 400/514/245
f 397/515/174 407/529/247 408/533/185
f 381/289/125 403/512/246 414/530/191
f 393/513/170 405/534/182 394/516/171
f 404/531/181 358/309/25 415/535/192
f 411/532/188 421/536/198 422/537/248
f 408/533/185 418/538/195 419/539/196
f 381/289/125 414/530/191 425/540/202
f 404/531/181 416/541/193 405/534/182
f 411/542/188 423/543/200 412/525/189
f 409/523/186 419/539/196 420/544/197
f 406/524/183 416/541/193 417/545/194
f 412/525/189 424/546/201 413/526/190
f 409/523/186 421/536/198 410/527/187
f 406/528/183 418/538/195 407/529/247
f 414/530/191 424/546/201 425/540/202
f 423/543/200 435/547/212 424/546/201
f 420/548/197 432/549/249 421/550/198
f 418/551/195 428/552/205 429/553/206
f 424/546/201 436/554/250 425/540/202
f 415/535/192 358/309/25 426/555/203
f 421/550/198 433/556/210 422/557/248
f 418/558/195 430/559/207 419/560/196
f 381/289/125 425/540/202 436/554/250
f 415/535/192 427/561/204 416/541/193
f 423/562/200 433/556/210 434/563/211
f 419/560/196 431/564/208 420/548/197
f 417/545/194 427/561/204 428/552/205
f 426/555/203 223/294/215 427/561/204
f 433/556/210 443/295/2 434/563/211
f 430/559/207 224/299/218 431/564/208
f 427/561/204 438/301/1 428/552/205
f 435/547/212 443/565/2 225/302/221
f 431/564/208 441/306/219 432/549/249
f 428/566/205 439/308/251 429/567/206
f 436/554/250 225/302/221 444/290/222
f 426/555/203 358/309/25 437/292/214
f 432/549/249 442/311/220 433/556/210
f 429/567/206 440/286/217 430/559/207
f 381/289/125 436/554/250 444/290/222
f 665/568/261 460/569/11 666/570/2
f 447/571/217 457/572/8 448/573/218
f 663/574/1 453/575/4 454/576/5
f 450/577/221 460/578/11 461/579/12
f 448/573/218 458/580/253 449/581/219
f 663/582/1 455/583/6 664/584/216
f 451/585/222 461/579/12 462/586/13
f 445/587/214 485/588/25 452/589/252
f 449/581/219 459/590/223 665/568/261
f 664/584/216 456/591/7 447/571/217
f 596/592/125 451/585/222 462/586/13
f 445/587/214 453/575/4 446/593/215
f 454/594/5 466/595/225 455/583/6
f 461/579/12 473/596/24 462/586/13
f 452/589/252 485/588/25 463/597/14
f 458/580/253 470/598/21 459/590/223
f 455/583/6 467/599/18 456/591/7
f 596/592/125 462/586/13 473/596/24
f 453/575/4 463/597/14 464/600/15
f 460/569/11 470/598/21 471/601/22
f 456/591/7 468/602/19 457/572/8
f 453/575/4 465/603/16 454/576/5
f 461/579/12 471/604/22 472/605/23
f 458/580/253 468/602/19 469/606/20
f 467/599/18 479/607/31 468/602/19
f 464/600/15 476/608/28 465/603/16
f 472/605/23 482/609/34 483/610/35
f 469/606/20 479/607/31 480/611/32
f 465/603/16 477/612/254 466/613/225
f 473/596/24 483/610/35 484/614/36
f 463/597/14 485/588/25 474/615/26
f 469/606/20 481/616/33 470/598/21
f 466/595/225 478/617/30 467/599/18
f 596/592/125 473/596/24 484/614/36
f 463/597/14 475/618/27 464/600/15
f 470/598/21 482/619/34 471/601/22
f 478/620/30 489/621/40 490/622/41
f 596/592/125 484/614/36 496/623/255
f 474/615/26 487/624/38 475/618/27
f 481/625/33 494/626/45 482/627/34
f 478/620/30 491/628/42 479/629/31
f 476/608/28 487/624/38 488/630/39
f 482/609/34 495/631/46 483/610/35
f 480/632/32 491/628/42 492/633/43
f 476/608/28 489/634/40 477/612/254
f 484/614/36 495/631/46 496/623/255
f 474/615/26 485/588/25 486/635/227
f 480/632/32 493/636/44 481/625/33
f 492/633/43 502/637/53 503/638/54
f 488/639/39 500/640/230 489/621/40
f 496/623/255 506/641/57 507/642/58
f 486/635/227 485/588/25 497/643/48
f 492/633/43 504/644/55 493/636/44
f 490/622/41 500/640/230 501/645/52
f 596/592/125 496/623/255 507/642/58
f 486/635/227 498/646/49 487/624/38
f 493/636/44 505/647/56 494/626/45
f 490/622/41 502/637/53 491/628/42
f 487/624/38 499/648/50 488/630/39
f 494/649/45 506/641/57 495/631/46
f 502/637/53 512/650/231 513/651/64
f 498/646/49 510/652/61 499/648/50
f 505/653/56 517/654/68 506/641/57
f 502/637/53 514/655/232 503/638/54
f 499/656/50 511/657/62 500/640/230
f 506/641/57 518/658/257 507/642/58
f 497/643/48 485/588/25 508/659/256
f 503/638/54 515/660/66 504/644/55
f 500/640/230 512/650/231 501/645/52
f 596/592/125 507/642/58 518/658/257
f 497/643/48 509/661/60 498/646/49
f 504/644/55 516/662/67 505/647/56
f 514/655/232 526/663/77 515/660/66
f 511/657/62 523/664/74 512/650/231
f 596/592/125 518/658/257 529/665/80
f 509/661/60 519/666/70 520/667/71
f 516/662/67 526/663/77 527/668/78
f 513/651/64 523/664/74 524/669/75
f 509/661/60 521/670/72 510/652/61
f 516/671/67 528/672/79 517/654/68
f 513/651/64 525/673/76 514/655/232
f 510/674/61 522/675/73 511/657/62
f 517/654/68 529/665/80 518/658/257
f 508/659/256 485/588/25 519/666/70
f 525/673/76 535/676/86 536/677/87
f 521/670/72 533/678/258 522/679/73
f 528/672/79 540/680/91 529/665/80
f 519/666/70 485/588/25 530/681/81
f 526/663/77 536/677/87 537/682/259
f 522/675/73 534/683/85 523/664/74
f 596/592/125 529/665/80 540/680/91
f 519/666/70 531/684/82 520/667/71
f 527/668/78 537/682/259 538/685/89
f 523/664/74 535/676/86 524/669/75
f 520/667/71 532/686/83 521/670/72
f 527/687/78 539/688/90 528/672/79
f 537/689/259 549/690/100 538/691/89
f 534/692/85 546/693/97 535/694/86
f 532/686/83 542/695/93 543/696/94
f 538/691/89 550/697/101 539/688/90
f 535/694/86 547/698/234 536/699/87
f 532/700/83 544/701/95 533/702/258
f 539/688/90 551/703/102 540/680/91
f 530/681/81 485/588/25 541/704/92
f 536/699/87 548/705/99 537/706/259
f 534/692/85 544/701/95 545/707/96
f 596/592/125 540/680/91 551/703/102
f 531/684/82 541/704/92 542/695/93
f 541/704/92 485/588/25 552/708/103
f 547/698/234 559/709/110 548/705/99
f 545/707/96 555/710/106 556/711/107
f 596/592/125 551/703/102 562/712/113
f 541/704/92 553/713/104 542/695/93
f 549/714/100 559/709/110 560/715/111
f 545/707/96 557/716/108 546/693/97
f 542/695/93 554/717/105 543/696/94
f 550/697/101 560/718/111 561/719/112
f 546/693/97 558/720/109 547/698/234
f 543/721/94 555/710/106 544/701/95
f 551/703/102 561/719/112 562/712/113
f 561/719/112 571/722/122 572/723/123
f 557/716/108 569/724/237 558/720/109
f 555/710/106 565/725/116 566/726/236
f 561/719/112 573/727/124 562/712/113
f 552/708/103 485/588/25 563/728/114
f 558/720/109 570/729/121 559/709/110
f 555/710/106 567/730/118 556/711/107
f 596/592/125 562/712/113 573/727/124
f 553/713/104 563/728/114 564/731/115
f 559/709/110 571/732/122 560/715/111
f 556/711/107 568/733/119 557/716/108
f 553/713/104 565/734/116 554/717/105
f 563/728/114 575/735/127 564/731/115
f 570/729/121 582/736/134 571/732/122
f 567/730/118 579/737/131 568/733/119
f 565/734/116 575/735/127 576/738/128
f 571/722/122 583/739/135 572/723/123
f 568/733/119 580/740/132 569/724/237
f 565/725/116 577/741/129 566/726/236
f 573/727/124 583/739/135 584/742/136
f 563/728/114 485/588/25 574/743/126
f 569/724/237 581/744/133 570/729/121
f 567/730/118 577/741/129 578/745/130
f 596/592/125 573/727/124 584/742/136
f 583/739/135 595/746/147 584/742/136
f 574/743/126 485/588/25 585/747/137
f 580/740/132 592/748/144 581/744/133
f 578/745/130 588/749/239 589/750/141
f 596/592/125 584/742/136 595/746/147
f 575/735/127 585/747/137 586/751/138
f 582/752/134 592/753/144 593/754/145
f 579/737/131 589/750/141 590/755/142
f 576/738/128 586/751/138 587/756/139
f 582/752/134 594/757/146 583/739/135
f 579/737/131 591/758/143 580/740/132
f 576/759/128 588/749/239 577/741/129
f 586/751/138 599/760/150 587/756/139
f 593/754/145 606/761/157 594/757/146
f 591/762/143 602/763/153 603/764/154
f 587/765/139 600/766/151 588/767/239
f 594/757/146 607/768/158 595/746/147
f 585/747/137 485/588/25 597/769/148
f 591/762/143 604/770/260 592/771/144
f 589/772/141 600/766/151 601/773/152
f 596/592/125 595/746/147 607/768/158
f 585/747/137 598/774/149 586/751/138
f 593/754/145 604/775/260 605/776/156
f 589/772/141 602/763/153 590/777/142
f 596/592/125 607/768/158 618/778/169
f 598/774/149 608/779/159 609/780/160
f 604/770/260 616/781/167 605/782/156
f 602/763/153 612/783/163 613/784/164
f 598/774/149 610/785/161 599/760/150
f 606/761/157 616/786/167 617/787/168
f 602/763/153 614/788/165 603/764/154
f 599/789/150 611/790/162 600/766/151
f 606/761/157 618/778/169 607/768/158
f 597/769/148 485/588/25 608/779/159
f 603/764/154 615/791/166 604/770/260
f 601/773/152 611/790/162 612/783/163
f 610/792/161 622/793/173 611/790/162
f 618/778/169 628/794/179 629/795/246
f 608/779/159 485/588/25 619/796/170
f 614/788/165 626/797/177 615/791/166
f 612/783/163 622/793/173 623/798/174
f 596/592/125 618/778/169 629/795/246
f 609/780/160 619/796/170 620/799/171
f 615/791/166 627/800/178 616/781/167
f 612/783/163 624/801/175 613/784/164
f 609/780/160 621/802/172 610/785/161
f 616/786/167 628/794/179 617/787/168
f 614/788/165 624/801/175 625/803/176
f 621/802/172 631/804/182 632/805/183
f 627/806/178 639/807/190 628/794/179
f 625/803/176 635/808/186 636/809/187
f 621/810/172 633/811/247 622/793/173
f 628/794/179 640/812/191 629/795/246
f 619/796/170 485/588/25 630/813/181
f 625/803/176 637/814/188 626/797/177
f 623/798/174 633/811/247 634/815/185
f 596/592/125 629/795/246 640/812/191
f 619/796/170 631/804/182 620/799/171
f 626/797/177 638/816/189 627/800/178
f 623/798/174 635/808/186 624/801/175
f 634/815/185 644/817/195 645/818/196
f 596/592/125 640/812/191 651/819/202
f 630/813/181 642/820/193 631/804/182
f 637/821/188 649/822/200 638/823/189
f 634/815/185 646/824/197 635/808/186
f 631/804/182 643/825/194 632/805/183
f 639/807/190 649/822/200 650/826/201
f 635/808/186 647/827/198 636/809/187
f 632/828/183 644/817/195 633/811/247
f 639/807/190 651/819/202 640/812/191
f 630/813/181 485/588/25 641/829/192
f 636/809/187 648/830/199 637/814/188
f 643/825/194 655/831/206 644/832/195
f 650/826/201 662/833/250 651/819/202
f 641/829/192 485/588/25 652/834/203
f 647/835/198 659/836/210 648/837/199
f 645/838/196 655/839/206 656/840/207
f 596/592/125 651/819/202 662/833/250
f 641/829/192 653/841/204 642/820/193
f 648/837/199 660/842/211 649/843/200
f 645/838/196 657/844/208 646/845/197
f 642/820/193 654/846/205 643/825/194
f 649/822/200 661/847/212 650/826/201
f 646/845/197 658/848/249 647/835/198
f 656/840/207 448/573/218 657/844/208
f 653/841/204 663/574/1 654/846/205
f 661/847/212 666/849/2 450/577/221
f 657/844/208 449/581/219 658/848/249
f 654/850/205 664/584/216 655/839/206
f 662/833/250 450/577/221 451/585/222
f 652/834/203 485/588/25 445/587/214
f 659/836/210 449/581/219 665/568/261
f 655/839/206 447/571/217 656/840/207
f 596/592/125 662/833/250 451/585/222
f 652/834/203 446/593/215 653/841/204
f 659/836/210 666/570/2 660/842/211
f 669/851/219 678/852/223 885/853/220
f 668/854/217 674/855/6 675/856/7
f 888/857/125 887/858/222 681/859/13
f 881/860/214 672/861/4 882/862/215
f 670/863/2 678/852/223 679/864/11
f 668/854/217 676/865/8 884/866/218
f 882/862/215 673/867/5 667/868/1
f 886/869/221 679/870/11 680/871/12
f 884/866/218 677/872/253 669/851/219
f 667/873/1 674/855/6 883/874/251
f 887/858/222 680/871/12 681/859/13
f 881/860/214 781/875/25 671/876/252
f 672/861/4 684/877/16 673/867/5
f 679/870/11 691/878/23 680/871/12
f 677/872/253 687/879/19 688/880/20
f 673/881/5 685/882/225 674/855/6
f 680/871/12 692/883/24 681/859/13
f 671/876/252 781/875/25 682/884/14
f 677/872/253 689/885/21 678/852/223
f 674/855/6 686/886/18 675/856/7
f 888/857/125 681/859/13 692/883/24
f 671/876/252 683/887/15 672/861/4
f 679/864/11 689/885/21 690/888/22
f 675/856/7 687/879/19 676/865/8
f 685/882/225 697/889/30 686/886/18
f 888/857/125 692/883/24 703/890/36
f 682/884/14 694/891/27 683/887/15
f 690/888/22 700/892/226 701/893/34
f 686/886/18 698/894/31 687/879/19
f 684/877/16 694/891/27 695/895/28
f 690/896/22 702/897/35 691/878/23
f 687/879/19 699/898/32 688/880/20
f 684/877/16 696/899/29 685/900/225
f 691/878/23 703/890/36 692/883/24
f 682/884/14 781/875/25 693/901/26
f 688/880/20 700/892/226 689/885/21
f 695/895/28 707/902/40 696/899/29
f 702/897/35 714/903/47 703/890/36
f 693/901/26 781/875/25 704/904/37
f 699/905/32 711/906/44 700/907/226
f 696/908/29 708/909/41 697/910/30
f 888/857/125 703/890/36 714/903/47
f 693/901/26 705/911/38 694/891/27
f 700/907/226 712/912/45 701/913/34
f 697/910/30 709/914/42 698/915/31
f 694/891/27 706/916/39 695/895/28
f 701/917/34 713/918/46 702/897/35
f 698/915/31 710/919/43 699/905/32
f 708/909/41 720/920/53 709/914/42
f 705/911/38 717/921/50 706/916/39
f 712/922/45 724/923/57 713/918/46
f 710/919/43 720/920/53 721/924/54
f 706/925/39 718/926/230 707/927/40
f 713/918/46 725/928/58 714/903/47
f 704/904/37 781/875/25 715/929/48
f 710/919/43 722/930/55 711/906/44
f 707/927/40 719/931/52 708/909/41
f 888/857/125 714/903/47 725/928/58
f 705/911/38 715/929/48 716/932/49
f 711/906/44 723/933/56 712/912/45
f 718/926/230 730/934/231 719/931/52
f 888/857/125 725/928/58 736/935/69
f 715/929/48 727/936/60 716/932/49
f 722/930/55 734/937/67 723/933/56
f 720/920/53 730/934/231 731/938/64
f 717/921/50 727/936/60 728/939/61
f 723/940/56 735/941/68 724/923/57
f 720/920/53 732/942/232 721/924/54
f 717/943/50 729/944/62 718/926/230
f 725/928/58 735/941/68 736/935/69
f 715/929/48 781/875/25 726/945/256
f 722/930/55 732/942/232 733/946/66
f 731/938/64 743/947/76 732/942/232
f 728/948/61 740/949/73 729/944/62
f 735/941/68 747/950/80 736/935/69
f 726/945/256 781/875/25 737/951/70
f 733/946/66 743/947/76 744/952/262
f 729/944/62 741/953/74 730/934/231
f 888/857/125 736/935/69 747/950/80
f 726/945/256 738/954/71 727/936/60
f 733/946/66 745/955/78 734/937/67
f 731/938/64 741/953/74 742/956/75
f 727/936/60 739/957/72 728/939/61
f 734/958/67 746/959/79 735/941/68
f 742/956/75 752/960/85 753/961/86
f 739/957/72 749/962/82 750/963/83
f 745/964/78 757/965/90 746/959/79
f 742/956/75 754/966/87 743/947/76
f 739/957/72 751/967/258 740/968/73
f 746/959/79 758/969/91 747/950/80
f 737/951/70 781/875/25 748/970/81
f 743/947/76 755/971/88 744/952/262
f 740/949/73 752/960/85 741/953/74
f 888/857/125 747/950/80 758/969/91
f 738/954/71 748/970/81 749/962/82
f 744/952/262 756/972/89 745/955/78
f 754/973/87 766/974/99 755/975/88
f 752/976/85 762/977/95 763/978/96
f 888/857/125 758/969/91 769/979/264
f 749/962/82 759/980/263 760/981/93
f 756/982/89 766/983/99 767/984/100
f 752/976/85 764/985/97 753/986/86
f 749/962/82 761/987/94 750/963/83
f 756/982/89 768/988/101 757/965/90
f 753/986/86 765/989/234 754/973/87
f 750/990/83 762/977/95 751/991/258
f 758/969/91 768/988/101 769/979/264
f 748/970/81 781/875/25 759/980/263
f 764/985/97 776/992/109 765/989/234
f 761/993/94 773/994/106 762/977/95
f 768/988/101 780/995/113 769/979/264
f 759/980/263 781/875/25 770/996/103
f 765/989/234 777/997/110 766/974/99
f 763/978/96 773/994/106 774/998/107
f 888/857/125 769/979/264 780/995/113
f 759/980/263 771/999/104 760/981/93
f 767/1000/100 777/997/110 778/1001/111
f 764/985/97 774/998/107 775/1002/108
f 761/987/94 771/999/104 772/1003/105
f 767/984/100 779/1004/112 768/988/101
f 778/1001/111 789/1005/121 790/1006/122
f 775/1002/108 786/1007/265 787/1008/119
f 772/1003/105 783/1009/115 784/1010/116
f 778/1011/111 791/1012/123 779/1004/112
f 775/1002/108 788/1013/237 776/992/109
f 772/1014/105 785/1015/117 773/994/106
f 780/995/113 791/1012/123 792/1016/124
f 770/996/103 781/875/25 782/1017/114
f 776/992/109 789/1005/121 777/997/110
f 773/994/106 786/1007/265 774/998/107
f 888/857/125 780/995/113 792/1016/124
f 770/996/103 783/1009/115 771/999/104
f 782/1017/114 781/875/25 793/1018/126
f 788/1013/237 800/1019/133 789/1005/121
f 785/1015/117 797/1020/130 786/1007/265
f 888/857/125 792/1016/124 803/1021/136
f 782/1017/114 794/1022/127 783/1009/115
f 790/1006/122 800/1019/133 801/1023/134
f 786/1007/265 798/1024/131 787/1008/119
f 784/1010/116 794/1022/127 795/1025/128
f 790/1026/122 802/1027/135 791/1012/123
f 787/1008/119 799/1028/132 788/1013/237
f 784/1029/116 796/1030/129 785/1015/117
f 792/1016/124 802/1027/135 803/1021/136
f 801/1031/134 813/1032/146 802/1027/135
f 799/1028/132 809/1033/142 810/1034/143
f 795/1035/128 807/1036/239 796/1030/129
f 802/1027/135 814/1037/147 803/1021/136
f 793/1018/126 781/875/25 804/1038/137
f 799/1028/132 811/1039/144 800/1019/133
f 796/1030/129 808/1040/141 797/1020/130
f 888/857/125 803/1021/136 814/1037/147
f 793/1018/126 805/1041/138 794/1022/127
f 801/1031/134 811/1042/144 812/1043/145
f 797/1020/130 809/1033/142 798/1024/131
f 795/1025/128 805/1041/138 806/1044/139
f 805/1041/138 815/1045/266 816/1046/149
f 812/1043/145 822/1047/155 823/1048/156
f 808/1049/141 820/1050/153 809/1051/142
f 805/1041/138 817/1052/150 806/1044/139
f 813/1032/146 823/1048/156 824/1053/157
f 809/1051/142 821/1054/154 810/1055/143
f 806/1056/139 818/1057/267 807/1058/239
f 813/1032/146 825/1059/242 814/1037/147
f 804/1038/137 781/875/25 815/1045/266
f 810/1055/143 822/1060/155 811/1061/144
f 807/1058/239 819/1062/152 808/1049/141
f 888/857/125 814/1037/147 825/1059/242
f 824/1053/157 836/1063/169 825/1059/242
f 815/1045/266 781/875/25 826/1064/159
f 821/1054/154 833/1065/166 822/1060/155
f 819/1062/152 829/1066/162 830/1067/163
f 888/857/125 825/1059/242 836/1063/169
f 816/1046/149 826/1064/159 827/1068/160
f 823/1069/156 833/1065/166 834/1070/167
f 819/1062/152 831/1071/164 820/1050/153
f 817/1052/150 827/1068/160 828/1072/161
f 823/1048/156 835/1073/168 824/1053/157
f 821/1054/154 831/1071/164 832/1074/165
f 817/1075/150 829/1066/162 818/1057/267
f 828/1072/161 838/1076/171 839/1077/172
f 835/1073/168 845/1078/178 846/1079/179
f 831/1071/164 843/1080/244 832/1074/165
f 828/1081/161 840/1082/173 829/1066/162
f 836/1063/169 846/1079/179 847/1083/180
f 826/1064/159 781/875/25 837/1084/268
f 832/1074/165 844/1085/177 833/1065/166
f 830/1067/163 840/1082/173 841/1086/174
f 888/857/125 836/1063/169 847/1083/180
f 826/1064/159 838/1076/171 827/1068/160
f 834/1070/167 844/1085/177 845/1087/178
f 831/1071/164 841/1086/174 842/1088/175
f 888/857/125 847/1083/180 858/1089/191
f 837/1084/268 849/1090/182 838/1076/171
f 845/1087/178 855/1091/188 856/1092/189
f 841/1086/174 853/1093/186 842/1088/175
f 839/1077/172 849/1090/182 850/1094/183
f 845/1078/178 857/1095/190 846/1079/179
f 842/1088/175 854/1096/187 843/1080/244
f 839/1097/172 851/1098/247 840/1082/173
f 846/1079/179 858/1089/191 847/1083/180
f 837/1084/268 781/875/25 848/1099/181
f 843/1080/244 855/1091/188 844/1085/177
f 841/1086/174 851/1098/247 852/1100/185
f 850/1101/183 862/1102/195 851/1098/247
f 858/1089/191 868/1103/201 869/1104/202
f 848/1099/181 781/875/25 859/1105/192
f 854/1096/187 866/1106/199 855/1091/188
f 852/1100/185 862/1102/195 863/1107/196
f 888/857/125 858/1089/191 869/1104/202
f 848/1099/181 860/1108/193 849/1090/182
f 856/1109/189 866/1110/199 867/1111/200
f 852/1100/185 864/1112/197 853/1093/186
f 849/1090/182 861/1113/194 850/1094/183
f 856/1109/189 868/1103/201 857/1095/190
f 854/1096/187 864/1112/197 865/1114/198
f 860/1108/193 872/1115/205 861/1113/194
f 867/1111/200 879/1116/212 868/1103/201
f 865/1117/198 875/1118/208 876/1119/209
f 861/1113/194 873/1120/206 862/1121/195
f 868/1103/201 880/1122/250 869/1104/202
f 859/1105/192 781/875/25 870/1123/269
f 865/1117/198 877/1124/210 866/1125/199
f 863/1126/196 873/1127/206 874/1128/207
f 888/857/125 869/1104/202 880/1122/250
f 859/1105/192 871/1129/204 860/1108/193
f 867/1130/200 877/1124/210 878/1131/211
f 863/1126/196 875/1118/208 864/1132/197
f 873/1127/206 668/854/217 874/1128/207
f 888/857/125 880/1122/250 887/858/222
f 870/1123/269 882/862/215 871/1129/204
f 878/1131/211 885/853/220 670/863/2
f 874/1128/207 884/866/218 875/1118/208
f 871/1129/204 667/868/1 872/1115/205
f 879/1116/212 670/1133/2 886/869/221
f 875/1118/208 669/851/219 876/1119/209
f 872/1134/205 883/874/251 873/1127/206
f 879/1116/212 887/858/222 880/1122/250
f 870/1123/269 781/875/25 881/860/214
f 876/1119/209 885/853/220 877/1124/210
f 891/1135/221 902/1136/224 1110/1137/222
f 1103/1138/214 1003/1139/25 892/1140/3
f 1109/1141/220 898/1142/253 899/1143/10
f 1105/1144/216 896/1145/7 1106/1146/217
f 1002/1147/125 1110/1137/222 902/1136/224
f 1103/1138/214 893/1148/4 889/1149/215
f 1109/1141/220 900/1150/11 890/1151/2
f 1106/1146/217 897/1152/8 1107/1153/218
f 889/1149/215 894/1154/5 1104/1155/1
f 890/1156/2 901/1157/12 891/1135/221
f 1108/1158/219 897/1152/8 898/1142/253
f 1104/1159/1 895/1160/270 1105/1144/216
f 896/1145/7 908/1161/19 897/1152/8
f 894/1154/5 904/1162/15 905/1163/16
f 900/1164/11 912/1165/23 901/1157/12
f 898/1142/253 908/1161/19 909/1166/20
f 895/1160/270 905/1167/16 906/1168/225
f 901/1157/12 913/1169/24 902/1136/224
f 892/1140/3 1003/1139/25 903/1170/14
f 898/1142/253 910/1171/21 899/1143/10
f 896/1145/7 906/1168/225 907/1172/18
f 1002/1147/125 902/1136/224 913/1169/24
f 893/1148/4 903/1170/14 904/1162/15
f 899/1143/10 911/1173/22 900/1150/11
f 909/1166/20 921/1174/33 910/1171/21
f 906/1168/225 918/1175/30 907/1172/18
f 1002/1147/125 913/1169/24 924/1176/36
f 903/1170/14 915/1177/27 904/1162/15
f 910/1171/21 922/1178/34 911/1173/22
f 907/1172/18 919/1179/31 908/1161/19
f 904/1162/15 916/1180/28 905/1163/16
f 911/1181/22 923/1182/35 912/1165/23
f 909/1166/20 919/1179/31 920/1183/32
f 905/1163/16 917/1184/29 906/1185/225
f 912/1165/23 924/1176/36 913/1169/24
f 903/1170/14 1003/1139/25 914/1186/26
f 919/1187/31 931/1188/43 920/1189/32
f 916/1180/28 928/1190/228 917/1184/29
f 923/1182/35 935/1191/255 924/1176/36
f 914/1186/26 1003/1139/25 925/1192/227
f 921/1193/33 931/1188/43 932/1194/271
f 917/1195/29 929/1196/41 918/1197/30
f 1002/1147/125 924/1176/36 935/1191/255
f 914/1186/26 926/1198/38 915/1177/27
f 922/1199/34 932/1194/271 933/1200/45
f 919/1187/31 929/1196/41 930/1201/42
f 916/1180/28 926/1198/38 927/1202/39
f 922/1203/34 934/1204/46 923/1182/35
f 933/1200/45 943/1205/55 944/1206/56
f 929/1196/41 941/1207/53 930/1201/42
f 927/1202/39 937/1208/49 938/1209/50
f 933/1210/45 945/1211/57 934/1204/46
f 931/1188/43 941/1207/53 942/1212/54
f 927/1213/39 939/1214/230 928/1215/228
f 935/1191/255 945/1211/57 946/1216/58
f 925/1192/227 1003/1139/25 936/1217/48
f 931/1188/43 943/1205/55 932/1194/271
f 929/1196/41 939/1214/230 940/1218/52
f 1002/1147/125 935/1191/255 946/1216/58
f 925/1192/227 937/1208/49 926/1198/38
f 936/1217/48 1003/1139/25 947/1219/59
f 943/1205/55 953/1220/232 954/1221/272
f 939/1214/230 951/1222/63 940/1218/52
f 1002/1147/125 946/1216/58 957/1223/257
f 936/1217/48 948/1224/60 937/1208/49
f 943/1205/55 955/1225/67 944/1206/56
f 940/1218/52 952/1226/64 941/1207/53
f 938/1209/50 948/1224/60 949/1227/61
f 945/1211/57 955/1228/67 956/1229/68
f 941/1207/53 953/1220/232 942/1212/54
f 938/1230/50 950/1231/62 939/1214/230
f 945/1211/57 957/1223/257 946/1216/58
f 956/1229/68 966/1232/78 967/1233/79
f 952/1226/64 964/1234/76 953/1220/232
f 949/1235/61 961/1236/273 950/1231/62
f 956/1229/68 968/1237/80 957/1223/257
f 947/1219/59 1003/1139/25 958/1238/70
f 953/1220/232 965/1239/77 954/1221/272
f 950/1231/62 962/1240/74 951/1222/63
f 1002/1147/125 957/1223/257 968/1237/80
f 948/1224/60 958/1238/70 959/1241/71
f 955/1225/67 965/1239/77 966/1242/78
f 951/1222/63 963/1243/75 952/1226/64
f 948/1224/60 960/1244/72 949/1227/61
f 958/1238/70 970/1245/82 959/1241/71
f 965/1239/77 977/1246/89 966/1242/78
f 962/1240/74 974/1247/86 963/1243/75
f 959/1241/71 971/1248/83 960/1244/72
f 967/1233/79 977/1249/89 978/1250/90
f 963/1243/75 975/1251/87 964/1234/76
f 961/1252/273 971/1248/83 972/1253/84
f 967/1233/79 979/1254/91 968/1237/80
f 958/1238/70 1003/1139/25 969/1255/81
f 964/1234/76 976/1256/88 965/1239/77
f 962/1240/74 972/1257/84 973/1258/85
f 1002/1147/125 968/1237/80 979/1254/91
f 978/1250/90 990/1259/264 979/1254/91
f 969/1255/81 1003/1139/25 980/1260/92
f 975/1261/87 987/1262/99 976/1263/88
f 972/1264/84 984/1265/233 973/1266/85
f 1002/1147/125 979/1254/91 990/1259/264
f 969/1255/81 981/1267/93 970/1245/82
f 977/1249/89 987/1268/99 988/1269/100
f 973/1266/85 985/1270/97 974/1271/86
f 970/1245/82 982/1272/94 971/1248/83
f 978/1250/90 988/1269/100 989/1273/101
f 975/1261/87 985/1270/97 986/1274/98
f 971/1275/83 983/1276/95 972/1264/84
f 982/1272/94 992/1277/104 993/1278/105
f 988/1269/100 1000/1279/112 989/1273/101
f 985/1270/97 997/1280/109 986/1274/98
f 982/1281/94 994/1282/106 983/1276/95
f 990/1259/264 1000/1279/112 1001/1283/113
f 980/1260/92 1003/1139/25 991/1284/103
f 986/1274/98 998/1285/110 987/1262/99
f 983/1276/95 995/1286/107 984/1265/233
f 1002/1147/125 990/1259/264 1001/1283/113
f 981/1267/93 991/1284/103 992/1277/104
f 987/1262/99 999/1287/111 988/1288/100
f 985/1270/97 995/1286/107 996/1289/108
f 1002/1147/125 1001/1283/113 1014/1290/124
f 991/1284/103 1005/1291/115 992/1277/104
f 999/1287/111 1011/1292/121 1012/1293/122
f 995/1286/107 1009/1294/119 996/1289/108
f 992/1277/104 1006/1295/116 993/1278/105
f 1000/1279/112 1012/1296/122 1013/1297/123
f 996/1289/108 1010/1298/237 997/1280/109
f 993/1299/105 1007/1300/117 994/1282/106
f 1000/1279/112 1014/1290/124 1001/1283/113
f 991/1284/103 1003/1139/25 1004/1301/114
f 997/1280/109 1011/1292/121 998/1285/110
f 994/1282/106 1008/1302/118 995/1286/107
f 1007/1300/117 1017/1303/128 1018/1304/129
f 1014/1290/124 1024/1305/135 1025/1306/136
f 1004/1301/114 1003/1139/25 1015/1307/126
f 1010/1298/237 1022/1308/133 1011/1292/121
f 1007/1300/117 1019/1309/130 1008/1302/118
f 1002/1147/125 1014/1290/124 1025/1306/136
f 1004/1301/114 1016/1310/127 1005/1291/115
f 1011/1292/121 1023/1311/134 1012/1293/122
f 1008/1302/118 1020/1312/131 1009/1294/119
f 1006/1295/116 1016/1310/127 1017/1313/128
f 1012/1296/122 1024/1305/135 1013/1297/123
f 1009/1294/119 1021/1314/132 1010/1298/237
f 1016/1310/127 1028/1315/139 1017/1313/128
f 1023/1316/134 1035/1317/146 1024/1305/135
f 1021/1314/132 1031/1318/142 1032/1319/143
f 1017/1303/128 1029/1320/239 1018/1304/129
f 1024/1305/135 1036/1321/147 1025/1306/136
f 1015/1307/126 1003/1139/25 1026/1322/137
f 1021/1314/132 1033/1323/144 1022/1308/133
f 1018/1304/129 1030/1324/141 1019/1309/130
f 1002/1147/125 1025/1306/136 1036/1321/147
f 1015/1307/126 1027/1325/138 1016/1310/127
f 1022/1326/133 1034/1327/145 1023/1316/134
f 1019/1309/130 1031/1318/142 1020/1312/131
f 1029/1328/239 1041/1329/240 1030/1330/141
f 1002/1147/125 1036/1321/147 1047/1331/158
f 1026/1322/137 1038/1332/149 1027/1325/138
f 1034/1327/145 1044/1333/155 1045/1334/156
f 1031/1335/142 1041/1329/240 1042/1336/153
f 1028/1315/139 1038/1332/149 1039/1337/150
f 1035/1317/146 1045/1334/156 1046/1338/157
f 1031/1335/142 1043/1339/241 1032/1340/143
f 1028/1341/139 1040/1342/151 1029/1328/239
f 1036/1321/147 1046/1338/157 1047/1331/158
f 1026/1322/137 1003/1139/25 1037/1343/148
f 1032/1340/143 1044/1344/155 1033/1345/144
f 1039/1346/150 1051/1347/162 1040/1342/151
f 1046/1338/157 1058/1348/169 1047/1331/158
f 1037/1343/148 1003/1139/25 1048/1349/159
f 1044/1344/155 1054/1350/165 1055/1351/166
f 1040/1342/151 1052/1352/163 1041/1329/240
f 1002/1147/125 1047/1331/158 1058/1348/169
f 1038/1332/149 1048/1349/159 1049/1353/160
f 1045/1354/156 1055/1351/166 1056/1355/167
f 1042/1336/153 1052/1352/163 1053/1356/164
f 1038/1332/149 1050/1357/161 1039/1337/150
f 1045/1334/156 1057/1358/168 1046/1338/157
f 1042/1336/153 1054/1350/165 1043/1339/241
f 1053/1356/164 1063/1359/274 1064/1360/175
f 1049/1353/160 1061/1361/172 1050/1357/161
f 1057/1358/168 1067/1362/178 1068/1363/179
f 1053/1356/164 1065/1364/244 1054/1350/165
f 1050/1365/161 1062/1366/173 1051/1347/162
f 1057/1358/168 1069/1367/246 1058/1348/169
f 1048/1349/159 1003/1139/25 1059/1368/170
f 1055/1351/166 1065/1364/244 1066/1369/245
f 1051/1347/162 1063/1359/274 1052/1352/163
f 1002/1147/125 1058/1348/169 1069/1367/246
f 1048/1349/159 1060/1370/171 1049/1353/160
f 1056/1355/167 1066/1369/245 1067/1371/178
f 1062/1366/173 1074/1372/185 1063/1359/274
f 1002/1147/125 1069/1367/246 1080/1373/191
f 1060/1370/171 1070/1374/181 1071/1375/182
f 1066/1369/245 1078/1376/189 1067/1371/178
f 1064/1360/175 1074/1372/185 1075/1377/186
f 1060/1370/171 1072/1378/183 1061/1361/172
f 1067/1362/178 1079/1379/190 1068/1363/179
f 1064/1360/175 1076/1380/187 1065/1364/244
f 1062/1366/173 1072/1381/183 1073/1382/247
f 1068/1363/179 1080/1373/191 1069/1367/246
f 1059/1368/170 1003/1139/25 1070/1374/181
f 1065/1364/244 1077/1383/188 1066/1369/245
f 1076/1380/187 1086/1384/197 1087/1385/198
f 1073/1382/247 1083/1386/194 1084/1387/195
f 1080/1373/191 1090/1388/201 1091/1389/202
f 1070/1374/181 1003/1139/25 1081/1390/192
f 1077/1383/188 1087/1385/198 1088/1391/248
f 1073/1382/247 1085/1392/196 1074/1372/185
f 1002/1147/125 1080/1373/191 1091/1389/202
f 1071/1375/182 1081/1390/192 1082/1393/193
f 1077/1394/188 1089/1395/200 1078/1396/189
f 1074/1372/185 1086/1384/197 1075/1377/186
f 1071/1375/182 1083/1397/194 1072/1378/183
f 1079/1379/190 1089/1395/200 1090/1388/201
f 1086/1398/197 1096/1399/276 1097/1400/208
f 1082/1393/193 1094/1401/205 1083/1397/194
f 1089/1395/200 1101/1402/212 1090/1388/201
f 1087/1403/198 1097/1400/208 1098/1404/209
f 1083/1397/194 1095/1405/275 1084/1406/195
f 1090/1388/201 1102/1407/213 1091/1389/202
f 1081/1390/192 1003/1139/25 1092/1408/203
f 1087/1403/198 1099/1409/210 1088/1410/248
f 1084/1411/195 1096/1399/276 1085/1412/196
f 1002/1147/125 1091/1389/202 1102/1407/213
f 1082/1393/193 1092/1408/203 1093/1413/204
f 1088/1410/248 1100/1414/211 1089/1415/200
f 1098/1404/209 1109/1141/220 1099/1409/210
f 1096/1399/276 1105/1144/216 1106/1146/217
f 1002/1147/125 1102/1407/213 1110/1137/222
f 1092/1408/203 889/1149/215 1093/1413/204
f 1099/1409/210 890/1151/2 1100/1414/211
f 1096/1399/276 1107/1153/218 1097/1400/208
f 1093/1413/204 1104/1155/1 1094/1401/205
f 1101/1402/212 890/1156/2 891/1135/221
f 1098/1404/209 1107/1153/218 1108/1158/219
f 1094/1416/205 1105/1144/216 1095/1417/275
f 1101/1402/212 1110/1137/222 1102/1407/213
f 1092/1408/203 1003/1139/25 1103/1138/214
f 1325/1418/1 1116/1419/6 1326/1420/216
f 1112/1421/222 1122/1422/12 1123/1423/224
f 1111/1424/214 1224/1425/25 1113/1426/3
f 1330/1427/220 1119/1428/9 1120/1429/10
f 1326/1420/216 1117/1430/277 1327/1431/217
f 1146/1432/125 1112/1421/222 1123/1423/224
f 1111/1424/214 1114/1433/4 1324/1434/215
f 1331/1435/2 1120/1429/10 1121/1436/11
f 1328/1437/218 1117/1430/277 1118/1438/8
f 1324/1434/215 1115/1439/5 1325/1440/1
f 1332/1441/221 1121/1442/11 1122/1422/12
f 1328/1437/218 1119/1428/9 1329/1443/219
f 1120/1429/10 1132/1444/22 1121/1436/11
f 1118/1438/8 1128/1445/18 1129/1446/19
f 1114/1433/4 1126/1447/16 1115/1439/5
f 1121/1442/11 1133/1448/23 1122/1422/12
f 1118/1438/8 1130/1449/20 1119/1428/9
f 1116/1419/6 1126/1450/16 1127/1451/225
f 1123/1423/224 1133/1448/23 1134/1452/24
f 1113/1426/3 1224/1425/25 1124/1453/14
f 1119/1428/9 1131/1454/21 1120/1429/10
f 1116/1419/6 1128/1445/18 1117/1430/277
f 1146/1432/125 1123/1423/224 1134/1452/24
f 1113/1426/3 1125/1455/15 1114/1433/4
f 1124/1453/14 1224/1425/25 1135/1456/26
f 1130/1449/20 1142/1457/33 1131/1454/21
f 1127/1451/225 1139/1458/30 1128/1445/18
f 1146/1432/125 1134/1452/24 1145/1459/36
f 1125/1455/15 1135/1456/26 1136/1460/27
f 1131/1454/21 1143/1461/34 1132/1444/22
f 1128/1445/18 1140/1462/31 1129/1446/19
f 1126/1447/16 1136/1460/27 1137/1463/28
f 1132/1464/22 1144/1465/35 1133/1448/23
f 1130/1449/20 1140/1462/31 1141/1466/32
f 1126/1447/16 1138/1467/29 1127/1468/225
f 1133/1448/23 1145/1459/36 1134/1452/24
f 1143/1469/34 1156/1470/46 1144/1465/35
f 1140/1471/31 1153/1472/278 1141/1473/32
f 1137/1463/28 1150/1474/40 1138/1467/29
f 1145/1459/36 1156/1470/46 1157/1475/47
f 1135/1456/26 1224/1425/25 1147/1476/37
f 1141/1473/32 1154/1477/44 1142/1478/33
f 1138/1479/29 1151/1480/229 1139/1481/30
f 1146/1432/125 1145/1459/36 1157/1475/47
f 1135/1456/26 1148/1482/38 1136/1460/27
f 1142/1478/33 1155/1483/45 1143/1484/34
f 1140/1471/31 1151/1480/229 1152/1485/42
f 1137/1463/28 1148/1482/38 1149/1486/39
f 1148/1482/38 1158/1487/48 1159/1488/49
f 1155/1483/45 1165/1489/55 1166/1490/56
f 1152/1485/42 1162/1491/52 1163/1492/53
f 1148/1482/38 1160/1493/50 1149/1486/39
f 1155/1494/45 1167/1495/57 1156/1470/46
f 1152/1485/42 1164/1496/54 1153/1472/278
f 1149/1497/39 1161/1498/51 1150/1499/40
f 1156/1470/46 1168/1500/58 1157/1475/47
f 1147/1476/37 1224/1425/25 1158/1487/48
f 1153/1472/278 1165/1489/55 1154/1477/44
f 1150/1499/40 1162/1491/52 1151/1480/229
f 1146/1432/125 1157/1475/47 1168/1500/58
f 1168/1500/58 1178/1501/68 1179/1502/69
f 1158/1487/48 1224/1425/25 1169/1503/59
f 1164/1496/54 1176/1504/66 1165/1489/55
f 1162/1491/52 1172/1505/62 1173/1506/63
f 1146/1432/125 1168/1500/58 1179/1502/69
f 1159/1488/49 1169/1503/59 1170/1507/60
f 1165/1489/55 1177/1508/67 1166/1490/56
f 1163/1492/53 1173/1506/63 1174/1509/64
f 1160/1493/50 1170/1507/60 1171/1510/61
f 1166/1511/56 1178/1501/68 1167/1495/57
f 1163/1492/53 1175/1512/232 1164/1496/54
f 1160/1513/50 1172/1505/62 1161/1498/51
f 1170/1507/60 1182/1514/72 1171/1510/61
f 1178/1501/68 1188/1515/78 1189/1516/79
f 1174/1509/64 1186/1517/76 1175/1512/232
f 1172/1505/62 1182/1518/72 1183/1519/73
f 1178/1501/68 1190/1520/80 1179/1502/69
f 1169/1503/59 1224/1425/25 1180/1521/70
f 1175/1512/232 1187/1522/77 1176/1504/66
f 1173/1506/63 1183/1519/73 1184/1523/74
f 1146/1432/125 1179/1502/69 1190/1520/80
f 1169/1503/59 1181/1524/71 1170/1507/60
f 1177/1508/67 1187/1522/77 1188/1525/78
f 1173/1506/63 1185/1526/75 1174/1509/64
f 1146/1432/125 1190/1520/80 1201/1527/91
f 1181/1524/71 1191/1528/81 1192/1529/82
f 1187/1522/77 1199/1530/89 1188/1525/78
f 1185/1526/75 1195/1531/85 1196/1532/86
f 1182/1514/72 1192/1529/82 1193/1533/83
f 1188/1515/78 1200/1534/90 1189/1516/79
f 1185/1526/75 1197/1535/87 1186/1517/76
f 1183/1536/73 1193/1533/83 1194/1537/84
f 1189/1516/79 1201/1527/91 1190/1520/80
f 1180/1521/70 1224/1425/25 1191/1528/81
f 1186/1517/76 1198/1538/88 1187/1522/77
f 1184/1523/74 1194/1539/84 1195/1531/85
f 1193/1540/83 1205/1541/95 1194/1542/84
f 1201/1527/91 1211/1543/101 1212/1544/264
f 1191/1528/81 1224/1425/25 1202/1545/263
f 1198/1546/88 1208/1547/234 1209/1548/279
f 1194/1542/84 1206/1549/233 1195/1550/85
f 1146/1432/125 1201/1527/91 1212/1544/264
f 1191/1528/81 1203/1551/93 1192/1529/82
f 1198/1552/88 1210/1553/100 1199/1554/89
f 1196/1555/86 1206/1549/233 1207/1556/97
f 1192/1529/82 1204/1557/94 1193/1533/83
f 1200/1534/90 1210/1553/100 1211/1543/101
f 1196/1555/86 1208/1547/234 1197/1558/87
f 1203/1551/93 1215/1559/105 1204/1557/94
f 1211/1543/101 1221/1560/111 1222/1561/112
f 1207/1556/97 1219/1562/109 1208/1547/234
f 1204/1563/94 1216/1564/106 1205/1541/95
f 1211/1543/101 1223/1565/113 1212/1544/264
f 1202/1545/263 1224/1425/25 1213/1566/103
f 1208/1547/234 1220/1567/110 1209/1548/279
f 1205/1541/95 1217/1568/107 1206/1549/233
f 1146/1432/125 1212/1544/264 1223/1565/113
f 1203/1551/93 1213/1566/103 1214/1569/104
f 1210/1570/100 1220/1567/110 1221/1571/111
f 1207/1556/97 1217/1568/107 1218/1572/108
f 1216/1564/106 1229/1573/118 1217/1568/107
f 1146/1432/125 1223/1565/113 1235/1574/238
f 1214/1569/104 1225/1575/280 1226/1576/115
f 1220/1567/110 1233/1577/122 1221/1571/111
f 1217/1568/107 1230/1578/119 1218/1572/108
f 1214/1569/104 1227/1579/116 1215/1559/105
f 1221/1560/111 1234/1580/123 1222/1561/112
f 1219/1562/109 1230/1578/119 1231/1581/120
f 1215/1582/105 1228/1583/236 1216/1564/106
f 1222/1561/112 1235/1574/238 1223/1565/113
f 1213/1566/103 1224/1425/25 1225/1575/280
f 1220/1567/110 1231/1581/120 1232/1584/281
f 1228/1583/236 1238/1585/128 1239/1586/129
f 1234/1580/123 1246/1587/136 1235/1574/238
f 1225/1575/280 1224/1425/25 1236/1588/126
f 1231/1581/120 1243/1589/133 1232/1584/281
f 1229/1573/118 1239/1586/129 1240/1590/130
f 1146/1432/125 1235/1574/238 1246/1587/136
f 1226/1576/115 1236/1588/126 1237/1591/127
f 1232/1584/281 1244/1592/134 1233/1577/122
f 1229/1573/118 1241/1593/131 1230/1578/119
f 1226/1576/115 1238/1594/128 1227/1579/116
f 1234/1580/123 1244/1595/134 1245/1596/135
f 1231/1581/120 1241/1593/131 1242/1597/132
f 1240/1590/130 1252/1598/142 1241/1593/131
f 1237/1591/127 1249/1599/139 1238/1594/128
f 1245/1596/135 1255/1600/145 1256/1601/146
f 1242/1597/132 1252/1598/142 1253/1602/143
f 1239/1586/129 1249/1603/139 1250/1604/239
f 1245/1596/135 1257/1605/147 1246/1587/136
f 1236/1588/126 1224/1425/25 1247/1606/137
f 1242/1597/132 1254/1607/144 1243/1589/133
f 1240/1590/130 1250/1604/239 1251/1608/141
f 1146/1432/125 1246/1587/136 1257/1605/147
f 1237/1591/127 1247/1606/137 1248/1609/138
f 1244/1595/134 1254/1610/144 1255/1600/145
f 1251/1611/141 1261/1612/151 1262/1613/152
f 1146/1432/125 1257/1605/147 1268/1614/242
f 1247/1606/137 1259/1615/149 1248/1609/138
f 1254/1610/144 1266/1616/156 1255/1600/145
f 1251/1611/141 1263/1617/153 1252/1618/142
f 1248/1609/138 1260/1619/150 1249/1599/139
f 1255/1600/145 1267/1620/157 1256/1601/146
f 1253/1621/143 1263/1617/153 1264/1622/154
f 1250/1623/239 1260/1624/150 1261/1612/151
f 1256/1601/146 1268/1614/242 1257/1605/147
f 1247/1606/137 1224/1425/25 1258/1625/266
f 1253/1621/143 1265/1626/155 1254/1627/144
f 1264/1622/154 1274/1628/164 1275/1629/165
f 1261/1612/151 1271/1630/161 1272/1631/282
f 1267/1620/157 1279/1632/169 1268/1614/242
f 1258/1625/266 1224/1425/25 1269/1633/159
f 1265/1626/155 1275/1629/165 1276/1634/283
f 1261/1612/151 1273/1635/163 1262/1613/152
f 1146/1432/125 1268/1614/242 1279/1632/169
f 1258/1625/266 1270/1636/160 1259/1615/149
f 1265/1626/155 1277/1637/167 1266/1638/156
f 1262/1613/152 1274/1628/164 1263/1617/153
f 1260/1619/150 1270/1636/160 1271/1639/161
f 1266/1616/156 1278/1640/168 1267/1620/157
f 1273/1635/163 1285/1641/175 1274/1628/164
f 1270/1636/160 1282/1642/172 1271/1639/161
f 1278/1640/168 1288/1643/178 1289/1644/179
f 1274/1628/164 1286/1645/244 1275/1629/165
f 1271/1630/161 1283/1646/173 1272/1631/282
f 1279/1632/169 1289/1644/179 1290/1647/180
f 1269/1633/159 1224/1425/25 1280/1648/170
f 1275/1629/165 1287/1649/177 1276/1634/283
f 1273/1635/163 1283/1646/173 1284/1650/274
f 1146/1432/125 1279/1632/169 1290/1647/180
f 1270/1636/160 1280/1648/170 1281/1651/171
f 1276/1634/283 1288/1652/178 1277/1637/167
f 1286/1645/244 1298/1653/188 1287/1649/177
f 1283/1646/173 1295/1654/185 1284/1650/274
f 1146/1432/125 1290/1647/180 1301/1655/191
f 1281/1651/171 1291/1656/181 1292/1657/182
f 1287/1649/177 1299/1658/189 1288/1652/178
f 1285/1641/175 1295/1654/185 1296/1659/186
f 1281/1651/171 1293/1660/183 1282/1642/172
f 1289/1644/179 1299/1661/189 1300/1662/190
f 1285/1641/175 1297/1663/187 1286/1645/244
f 1283/1646/173 1293/1664/183 1294/1665/247
f 1290/1647/180 1300/1662/190 1301/1655/191
f 1280/1648/170 1224/1425/25 1291/1656/181
f 1296/1659/186 1308/1666/198 1297/1663/187
f 1293/1664/183 1305/1667/284 1294/1665/247
f 1301/1655/191 1311/1668/201 1312/1669/202
f 1291/1656/181 1224/1425/25 1302/1670/192
f 1297/1663/187 1309/1671/199 1298/1653/188
f 1294/1665/247 1306/1672/196 1295/1654/185
f 1146/1432/125 1301/1655/191 1312/1669/202
f 1291/1656/181 1303/1673/193 1292/1657/182
f 1299/1661/189 1309/1674/199 1310/1675/200
f 1296/1659/186 1306/1672/196 1307/1676/197
f 1292/1657/182 1304/1677/194 1293/1660/183
f 1300/1662/190 1310/1675/200 1311/1668/201
f 1310/1678/200 1320/1679/210 1321/1680/211
f 1306/1681/196 1318/1682/208 1307/1683/197
f 1303/1673/193 1315/1684/205 1304/1677/194
f 1311/1668/201 1321/1685/211 1322/1686/212
f 1307/1683/197 1319/1687/209 1308/1688/198
f 1304/1677/194 1316/1689/206 1305/1690/284
f 1311/1668/201 1323/1691/250 1312/1669/202
f 1302/1670/192 1224/1425/25 1313/1692/269
f 1308/1688/198 1320/1679/210 1309/1693/199
f 1306/1681/196 1316/1694/206 1317/1695/207
f 1146/1432/125 1312/1669/202 1323/1691/250
f 1302/1670/192 1314/1696/204 1303/1673/193
f 1313/1692/269 1224/1425/25 1111/1424/214
f 1319/1687/209 1330/1427/220 1320/1679/210
f 1317/1695/207 1326/1420/216 1327/1431/217
f 1146/1432/125 1323/1691/250 1112/1421/222
f 1313/1692/269 1324/1434/215 1314/1696/204
f 1320/1679/210 1331/1435/2 1321/1680/211
f 1317/1695/207 1328/1437/218 1318/1682/208
f 1314/1696/204 1325/1440/1 1315/1684/205
f 1321/1685/211 1332/1441/221 1322/1686/212
f 1319/1687/209 1328/1437/218 1329/1443/219
f 1315/1697/205 1326/1420/216 1316/1694/206
f 1322/1686/212 1112/1421/222 1323/1691/250
f 1546/1698/1 1336/1699/6 1547/1700/216
f 1554/1701/222 1342/1702/12 1343/1703/224
f 1544/1704/214 1488/1705/25 1333/1706/3
f 1551/1707/220 1339/1708/9 1340/1709/223
f 1547/1700/216 1337/1710/277 1548/1711/217
f 1355/1712/125 1554/1701/222 1343/1703/224
f 1544/1704/214 1334/1713/4 1545/1714/215
f 1552/1715/2 1340/1709/223 1341/1716/11
f 1548/1711/217 1338/1717/8 1549/1718/218
f 1545/1714/215 1335/1719/5 1546/1720/1
f 1553/1721/221 1341/1722/11 1342/1702/12
f 1550/1723/219 1338/1717/8 1339/1708/9
f 1333/1706/3 1345/1724/15 1334/1713/4
f 1340/1709/223 1352/1725/22 1341/1716/11
f 1338/1717/8 1348/1726/18 1349/1727/19
f 1334/1713/4 1346/1728/16 1335/1719/5
f 1342/1702/12 1352/1729/22 1353/1730/23
f 1338/1717/8 1350/1731/20 1339/1708/9
f 1336/1699/6 1346/1732/16 1347/1733/17
f 1342/1702/12 1354/1734/24 1343/1703/224
f 1333/1706/3 1488/1705/25 1344/1735/14
f 1340/1709/223 1350/1731/20 1351/1736/285
f 1336/1699/6 1348/1726/18 1337/1710/277
f 1355/1712/125 1343/1703/224 1354/1734/24
f 1354/1734/24 1365/1737/35 1366/1738/36
f 1344/1735/14 1488/1705/25 1356/1739/26
f 1350/1731/20 1363/1740/33 1351/1736/285
f 1348/1726/18 1359/1741/29 1360/1742/30
f 1355/1712/125 1354/1734/24 1366/1738/36
f 1345/1724/15 1356/1739/26 1357/1743/27
f 1351/1736/285 1364/1744/34 1352/1725/22
f 1349/1727/19 1360/1742/30 1361/1745/31
f 1346/1728/16 1357/1743/27 1358/1746/28
f 1352/1729/22 1365/1737/35 1353/1730/23
f 1349/1727/19 1362/1747/32 1350/1731/20
f 1346/1728/16 1359/1748/29 1347/1749/17
f 1357/1743/27 1369/1750/39 1358/1746/28
f 1364/1751/34 1376/1752/46 1365/1737/35
f 1362/1753/32 1372/1754/42 1373/1755/43
f 1359/1748/29 1369/1750/39 1370/1756/40
f 1365/1737/35 1377/1757/47 1366/1738/36
f 1356/1739/26 1488/1705/25 1367/1758/227
f 1362/1753/32 1374/1759/44 1363/1760/33
f 1359/1761/29 1371/1762/229 1360/1763/30
f 1355/1712/125 1366/1738/36 1377/1757/47
f 1356/1739/26 1368/1764/38 1357/1743/27
f 1363/1760/33 1375/1765/45 1364/1766/34
f 1360/1763/30 1372/1754/42 1361/1767/31
f 1355/1712/125 1377/1757/47 1388/1768/58
f 1368/1764/38 1378/1769/48 1379/1770/49
f 1374/1759/44 1386/1771/56 1375/1765/45
f 1372/1754/42 1382/1772/52 1383/1773/53
f 1369/1750/39 1379/1770/49 1380/1774/50
f 1376/1752/46 1386/1775/56 1387/1776/57
f 1372/1754/42 1384/1777/54 1373/1755/43
f 1369/1778/39 1381/1779/51 1370/1780/40
f 1376/1752/46 1388/1768/58 1377/1757/47
f 1367/1758/227 1488/1705/25 1378/1769/48
f 1374/1759/44 1384/1777/54 1385/1781/286
f 1370/1780/40 1382/1772/52 1371/1762/229
f 1380/1782/50 1392/1783/62 1381/1779/51
f 1387/1776/57 1399/1784/257 1388/1768/58
f 1378/1769/48 1488/1705/25 1389/1785/59
f 1384/1777/54 1396/1786/66 1385/1781/286
f 1382/1772/52 1392/1783/62 1393/1787/63
f 1355/1712/125 1388/1768/58 1399/1784/257
f 1378/1769/48 1390/1788/60 1379/1770/49
f 1385/1781/286 1397/1789/67 1386/1771/56
f 1382/1772/52 1394/1790/64 1383/1773/53
f 1380/1774/50 1390/1788/60 1391/1791/61
f 1386/1775/56 1398/1792/68 1387/1776/57
f 1383/1773/53 1395/1793/232 1384/1777/54
f 1390/1788/60 1402/1794/72 1391/1791/61
f 1398/1792/68 1408/1795/78 1409/1796/79
f 1394/1790/64 1406/1797/76 1395/1793/232
f 1391/1798/61 1403/1799/73 1392/1783/62
f 1398/1792/68 1410/1800/80 1399/1784/257
f 1389/1785/59 1488/1705/25 1400/1801/70
f 1395/1793/232 1407/1802/77 1396/1786/66
f 1393/1787/63 1403/1799/73 1404/1803/74
f 1355/1712/125 1399/1784/257 1410/1800/80
f 1390/1788/60 1400/1801/70 1401/1804/71
f 1396/1786/66 1408/1805/78 1397/1789/67
f 1393/1787/63 1405/1806/75 1394/1790/64
f 1404/1803/74 1414/1807/84 1415/1808/85
f 1355/1712/125 1410/1800/80 1421/1809/91
f 1400/1801/70 1412/1810/82 1401/1804/71
f 1407/1802/77 1419/1811/89 1408/1805/78
f 1404/1803/74 1416/1812/86 1405/1806/75
f 1402/1794/72 1412/1810/82 1413/1813/83
f 1408/1795/78 1420/1814/90 1409/1796/79
f 1406/1797/76 1416/1812/86 1417/1815/87
f 1402/1794/72 1414/1816/84 1403/1817/73
f 1409/1796/79 1421/1809/91 1410/1800/80
f 1400/1801/70 1488/1705/25 1411/1818/81
f 1406/1797/76 1418/1819/88 1407/1802/77
f 1413/1820/83 1425/1821/287 1414/1822/84
f 1421/1809/91 1431/1823/101 1432/1824/102
f 1411/1818/81 1488/1705/25 1422/1825/92
f 1418/1826/88 1428/1827/234 1429/1828/279
f 1414/1822/84 1426/1829/96 1415/1830/85
f 1355/1712/125 1421/1809/91 1432/1824/102
f 1411/1818/81 1423/1831/93 1412/1810/82
f 1418/1832/88 1430/1833/100 1419/1834/89
f 1415/1830/85 1427/1835/97 1416/1836/86
f 1413/1813/83 1423/1831/93 1424/1837/94
f 1419/1834/89 1431/1823/101 1420/1814/90
f 1416/1836/86 1428/1827/234 1417/1838/87
f 1426/1829/96 1438/1839/108 1427/1835/97
f 1424/1837/94 1434/1840/104 1435/1841/105
f 1430/1833/100 1442/1842/112 1431/1823/101
f 1428/1827/234 1438/1839/108 1439/1843/109
f 1425/1821/287 1435/1844/105 1436/1845/106
f 1431/1823/101 1443/1846/113 1432/1824/102
f 1422/1825/92 1488/1705/25 1433/1847/103
f 1428/1827/234 1440/1848/110 1429/1828/279
f 1425/1821/287 1437/1849/107 1426/1829/96
f 1355/1712/125 1432/1824/102 1443/1846/113
f 1422/1825/92 1434/1840/104 1423/1831/93
f 1429/1828/279 1441/1850/111 1430/1851/100
f 1436/1845/106 1448/1852/118 1437/1849/107
f 1355/1712/125 1443/1846/113 1454/1853/124
f 1433/1847/103 1445/1854/115 1434/1840/104
f 1441/1850/111 1451/1855/281 1452/1856/122
f 1437/1849/107 1449/1857/119 1438/1839/108
f 1434/1840/104 1446/1858/116 1435/1841/105
f 1441/1859/111 1453/1860/123 1442/1842/112
f 1438/1839/108 1450/1861/237 1439/1843/109
f 1435/1844/105 1447/1862/117 1436/1845/106
f 1443/1846/113 1453/1860/123 1454/1853/124
f 1433/1847/103 1488/1705/25 1444/1863/114
f 1440/1848/110 1450/1861/237 1451/1855/281
f 1450/1861/237 1460/1864/131 1461/1865/132
f 1446/1866/116 1458/1867/129 1447/1862/117
f 1453/1860/123 1465/1868/136 1454/1853/124
f 1444/1863/114 1488/1705/25 1455/1869/126
f 1450/1861/237 1462/1870/133 1451/1855/281
f 1447/1862/117 1459/1871/130 1448/1852/118
f 1355/1712/125 1454/1853/124 1465/1868/136
f 1444/1863/114 1456/1872/127 1445/1854/115
f 1452/1856/122 1462/1870/133 1463/1873/134
f 1448/1852/118 1460/1864/131 1449/1857/119
f 1446/1858/116 1456/1872/127 1457/1874/128
f 1452/1875/122 1464/1876/135 1453/1860/123
f 1460/1864/131 1470/1877/141 1471/1878/142
f 1457/1874/128 1467/1879/138 1468/1880/139
f 1463/1881/134 1475/1882/146 1464/1876/135
f 1460/1864/131 1472/1883/143 1461/1865/132
f 1458/1867/129 1468/1884/139 1469/1885/239
f 1465/1868/136 1475/1882/146 1476/1886/147
f 1455/1869/126 1488/1705/25 1466/1887/137
f 1462/1870/133 1472/1883/143 1473/1888/144
f 1458/1867/129 1470/1877/141 1459/1871/130
f 1355/1712/125 1465/1868/136 1476/1886/147
f 1455/1869/126 1467/1879/138 1456/1872/127
f 1462/1889/133 1474/1890/145 1463/1881/134
f 1473/1891/144 1483/1892/241 1484/1893/155
f 1469/1894/239 1481/1895/240 1470/1896/141
f 1355/1712/125 1476/1886/147 1487/1897/158
f 1467/1879/138 1477/1898/148 1478/1899/149
f 1473/1900/144 1485/1901/156 1474/1890/145
f 1471/1902/142 1481/1895/240 1482/1903/153
f 1468/1880/139 1478/1899/149 1479/1904/150
f 1474/1890/145 1486/1905/157 1475/1882/146
f 1471/1902/142 1483/1892/241 1472/1906/143
f 1468/1907/139 1480/1908/151 1469/1894/239
f 1475/1882/146 1487/1897/158 1476/1886/147
f 1466/1887/137 1488/1705/25 1477/1898/148
f 1482/1903/153 1495/1909/165 1483/1892/241
f 1479/1910/150 1492/1911/282 1480/1908/151
f 1486/1905/157 1499/1912/169 1487/1897/158
f 1477/1898/148 1488/1705/25 1489/1913/159
f 1484/1893/155 1495/1909/165 1496/1914/166
f 1480/1908/151 1493/1915/163 1481/1895/240
f 1355/1712/125 1487/1897/158 1499/1912/169
f 1477/1898/148 1490/1916/160 1478/1899/149
f 1484/1893/155 1497/1917/167 1485/1918/156
f 1482/1903/153 1493/1915/163 1494/1919/164
f 1478/1899/149 1491/1920/161 1479/1904/150
f 1485/1901/156 1498/1921/168 1486/1905/157
f 1496/1914/166 1508/1922/178 1497/1917/167
f 1494/1919/164 1504/1923/274 1505/1924/175
f 1491/1920/161 1501/1925/171 1502/1926/172
f 1497/1927/167 1509/1928/179 1498/1921/168
f 1494/1919/164 1506/1929/244 1495/1909/165
f 1491/1930/161 1503/1931/243 1492/1911/282
f 1498/1921/168 1510/1932/246 1499/1912/169
f 1489/1913/159 1488/1705/25 1500/1933/170
f 1496/1914/166 1506/1929/244 1507/1934/177
f 1492/1911/282 1504/1923/274 1493/1915/163
f 1355/1712/125 1499/1912/169 1510/1932/246
f 1489/1913/159 1501/1925/171 1490/1916/160
f 1500/1933/170 1488/1705/25 1511/1935/181
f 1507/1934/177 1517/1936/187 1518/1937/188
f 1503/1931/243 1515/1938/185 1504/1923/274
f 1355/1712/125 1510/1932/246 1521/1939/191
f 1500/1933/170 1512/1940/182 1501/1925/171
f 1507/1934/177 1519/1941/189 1508/1922/178
f 1505/1924/175 1515/1938/185 1516/1942/186
f 1502/1926/172 1512/1940/182 1513/1943/183
f 1509/1928/179 1519/1944/189 1520/1945/190
f 1505/1924/175 1517/1936/187 1506/1929/244
f 1503/1931/243 1513/1946/183 1514/1947/247
f 1509/1928/179 1521/1939/191 1510/1932/246
f 1519/1944/189 1531/1948/201 1520/1945/190
f 1516/1942/186 1528/1949/198 1517/1936/187
f 1513/1946/183 1525/1950/195 1514/1947/247
f 1520/1945/190 1532/1951/202 1521/1939/191
f 1511/1935/181 1488/1705/25 1522/1952/192
f 1518/1937/188 1528/1949/198 1529/1953/199
f 1514/1947/247 1526/1954/196 1515/1938/185
f 1355/1712/125 1521/1939/191 1532/1951/202
f 1511/1935/181 1523/1955/193 1512/1940/182
f 1518/1956/188 1530/1957/200 1519/1944/189
f 1515/1938/185 1527/1958/197 1516/1942/186
f 1513/1943/183 1523/1955/193 1524/1959/194
f 1522/1952/192 1534/1960/204 1523/1955/193
f 1529/1961/199 1541/1962/211 1530/1963/200
f 1526/1964/196 1538/1965/208 1527/1966/197
f 1524/1959/194 1534/1960/204 1535/1967/205
f 1530/1957/200 1542/1968/212 1531/1948/201
f 1527/1966/197 1539/1969/249 1528/1970/198
f 1524/1959/194 1536/1971/275 1525/1972/195
f 1531/1948/201 1543/1973/250 1532/1951/202
f 1522/1952/192 1488/1705/25 1533/1974/203
f 1529/1961/199 1539/1969/249 1540/1975/288
f 1525/1976/195 1537/1977/207 1526/1964/196
f 1355/1712/125 1532/1951/202 1543/1973/250
f 1542/1968/212 1554/1701/222 1543/1973/250
f 1533/1974/203 1488/1705/25 1544/1704/214
f 1539/1969/249 1551/1707/220 1540/1975/288
f 1536/1978/275 1548/1711/217 1537/1977/207
f 1355/1712/125 1543/1973/250 1554/1701/222
f 1534/1960/204 1544/1704/214 1545/1714/215
f 1540/1975/288 1552/1715/2 1541/1962/211
f 1537/1977/207 1549/1718/218 1538/1965/208
f 1535/1967/205 1545/1714/215 1546/1720/1
f 1541/1979/211 1553/1721/221 1542/1968/212
f 1538/1965/208 1550/1723/219 1539/1969/249
f 1536/1978/275 1546/1698/1 1547/1700/216
f 221/1/221 2/285/2 11/2/11
f 218/4/218 8/24/8 9/5/9
f 1/7/1 5/36/5 6/8/6
f 222/10/222 221/1/221 12/3/12
f 220/15/220 219/6/219 9/5/9
f 216/9/216 6/8/6 7/17/7
f 214/12/214 3/14/3 4/20/4
f 220/15/220 10/16/10 11/22/11
f 217/18/217 7/17/7 8/24/8
f 215/21/215 4/20/4 5/25/5
f 6/8/6 17/37/17 18/27/18
f 3/14/3 14/38/14 15/29/15
f 11/22/11 10/16/10 21/30/21
f 7/17/7 18/27/18 19/32/19
f 4/20/4 15/29/15 16/33/16
f 11/2/11 22/51/22 23/34/23
f 8/24/8 19/32/19 20/35/20
f 5/36/5 16/1980/16 17/37/17
f 12/3/12 23/34/23 24/28/24
f 9/5/9 20/35/20 21/30/21
f 20/35/20 19/32/19 31/39/31
f 16/33/16 28/50/28 29/41/29
f 23/34/23 35/52/35 36/43/36
f 20/35/20 32/40/32 33/45/33
f 18/27/18 17/37/17 29/46/29
f 15/29/15 14/38/14 26/44/26
f 22/31/22 21/30/21 33/45/33
f 18/27/18 30/47/30 31/39/31
f 16/33/16 15/29/15 27/48/27
f 22/51/22 34/58/34 35/52/35
f 30/53/30 41/68/41 42/54/42
f 28/50/28 27/48/27 38/56/38
f 34/58/34 45/78/45 46/59/46
f 32/60/32 31/55/31 42/54/42
f 28/50/28 39/57/39 40/62/40
f 35/52/35 46/59/46 47/63/47
f 32/60/32 43/61/43 44/65/44
f 30/53/30 29/1981/29 40/67/40
f 26/44/26 37/64/37 38/56/38
f 33/66/33 44/65/44 45/69/45
f 43/61/43 54/80/54 55/71/55
f 40/67/40 51/82/51 52/72/52
f 37/64/37 48/83/48 49/74/49
f 44/65/44 55/71/55 56/75/56
f 41/68/41 52/72/52 53/76/53
f 39/57/39 38/56/38 49/74/49
f 45/78/45 56/96/56 57/79/57
f 42/54/42 53/76/53 54/80/54
f 39/81/39 50/1982/50 51/82/51
f 46/59/46 57/79/57 58/73/58
f 54/80/54 53/76/53 64/84/64
f 51/82/51 50/1982/50 61/86/61
f 58/73/58 57/79/57 68/88/68
f 54/80/54 65/85/65 66/91/66
f 52/72/52 51/82/51 62/87/62
f 48/83/48 59/90/59 60/93/60
f 55/71/55 66/91/66 67/94/67
f 52/72/52 63/92/63 64/84/64
f 50/77/50 49/74/49 60/93/60
f 56/96/56 67/101/67 68/88/68
f 67/94/67 66/91/66 77/97/77
f 63/92/63 74/107/74 75/99/75
f 60/93/60 71/108/71 72/100/72
f 67/101/67 78/118/78 79/102/79
f 65/85/65 64/84/64 75/99/75
f 61/86/61 72/1983/72 73/104/73
f 68/88/68 79/102/79 80/105/80
f 65/85/65 76/103/76 77/97/77
f 63/92/63 62/87/62 73/104/73
f 60/93/60 59/90/59 70/106/70
f 76/103/76 87/120/87 88/110/88
f 74/107/74 73/104/73 84/111/84
f 70/106/70 81/109/81 82/114/82
f 77/97/77 88/110/88 89/115/89
f 74/107/74 85/112/85 86/116/86
f 72/100/72 71/108/71 82/114/82
f 78/118/78 89/123/89 90/119/90
f 76/103/76 75/99/75 86/116/86
f 72/100/72 83/117/83 84/121/84
f 79/102/79 90/119/90 91/113/91
f 89/123/89 100/139/100 101/124/101
f 87/125/87 86/140/86 97/126/97
f 83/128/83 94/150/94 95/129/95
f 90/119/90 101/124/101 102/131/102
f 87/125/87 98/127/98 99/133/99
f 85/135/85 84/130/84 95/129/95
f 82/114/82 81/109/81 92/132/92
f 89/123/89 88/1984/88 99/138/99
f 85/135/85 96/136/96 97/126/97
f 83/117/83 82/114/82 93/137/93
f 92/132/92 103/153/103 104/142/104
f 100/143/100 99/133/99 110/144/110
f 96/136/96 107/154/107 108/146/108
f 94/141/94 93/137/93 104/142/104
f 100/139/100 111/164/111 112/148/112
f 98/127/98 97/126/97 108/146/108
f 94/150/94 105/167/105 106/151/106
f 102/131/102 101/124/101 112/148/112
f 98/127/98 109/149/109 110/144/110
f 96/136/96 95/129/95 106/151/106
f 112/148/112 123/165/123 124/155/124
f 109/149/109 120/166/120 121/157/121
f 107/154/107 106/151/106 117/158/117
f 103/153/103 114/156/114 115/160/115
f 110/144/110 121/157/121 122/161/122
f 107/154/107 118/159/118 119/162/119
f 105/147/105 104/142/104 115/160/115
f 111/164/111 122/170/122 123/165/123
f 109/149/109 108/146/108 119/162/119
f 105/167/105 116/174/116 117/158/117
f 116/163/116 115/160/115 127/168/127
f 122/170/122 134/184/134 135/171/135
f 120/166/120 119/162/119 131/172/131
f 116/174/116 128/191/128 129/175/129
f 123/165/123 135/171/135 136/176/136
f 120/166/120 132/173/132 133/178/133
f 118/159/118 117/158/117 129/175/129
f 115/160/115 114/156/114 126/177/126
f 122/161/122 121/157/121 133/178/133
f 118/159/118 130/179/130 131/172/131
f 127/168/127 126/177/126 137/182/137
f 134/184/134 133/1985/133 144/185/144
f 130/179/130 141/194/141 142/187/142
f 128/169/128 127/168/127 138/183/138
f 134/184/134 145/186/145 146/189/146
f 132/173/132 131/172/131 142/187/142
f 128/191/128 139/1986/139 140/192/140
f 135/171/135 146/189/146 147/181/147
f 132/173/132 143/190/143 144/193/144
f 129/175/129 140/192/140 141/194/141
f 139/195/139 150/218/150 151/196/151
f 146/189/146 157/211/157 158/198/158
f 143/200/143 154/212/154 155/201/155
f 141/203/141 140/197/140 151/196/151
f 137/182/137 148/199/148 149/205/149
f 145/186/145 144/185/144 155/206/155
f 141/203/141 152/204/152 153/208/153
f 139/188/139 138/183/138 149/205/149
f 145/186/145 156/207/156 157/211/157
f 143/200/143 142/209/142 153/208/153
f 150/210/150 149/205/149 160/213/160
f 156/207/156 167/234/167 168/215/168
f 154/212/154 153/208/153 164/216/164
f 150/218/150 161/237/161 162/219/162
f 158/198/158 157/211/157 168/215/168
f 154/212/154 165/217/165 166/222/166
f 152/204/152 151/196/151 162/219/162
f 148/199/148 159/221/159 160/213/160
f 156/224/156 155/201/155 166/222/166
f 152/204/152 163/223/163 164/216/164
f 163/223/163 162/219/162 173/226/173
f 159/221/159 170/238/170 171/229/171
f 167/225/167 166/222/166 177/230/177
f 163/223/163 174/227/174 175/232/175
f 161/214/161 160/213/160 171/229/171
f 167/234/167 178/249/178 179/235/179
f 165/217/165 164/216/164 175/232/175
f 161/237/161 172/239/172 173/226/173
f 168/215/168 179/235/179 180/228/180
f 165/217/165 176/236/176 177/230/177
f 172/239/172 183/257/183 184/240/184
f 179/235/179 190/250/190 191/241/191
f 176/236/176 187/251/187 188/243/188
f 173/226/173 184/240/184 185/244/185
f 171/229/171 170/238/170 181/242/181
f 178/231/178 177/230/177 188/243/188
f 174/227/174 185/244/185 186/247/186
f 172/233/172 171/229/171 182/245/182
f 178/249/178 189/254/189 190/250/190
f 176/236/176 175/232/175 186/247/186
f 185/244/185 196/262/196 197/252/197
f 182/245/182 193/263/193 194/253/194
f 189/254/189 200/265/200 201/255/201
f 187/251/187 186/247/186 197/252/197
f 183/257/183 194/1987/194 195/258/195
f 190/250/190 201/255/201 202/259/202
f 187/251/187 198/256/198 199/261/199
f 185/244/185 184/240/184 195/258/195
f 181/242/181 192/260/192 193/263/193
f 189/254/189 188/1988/188 199/264/199
f 196/266/196 195/1989/195 206/267/206
f 192/260/192 203/282/203 204/270/204
f 200/271/200 199/283/199 210/272/210
f 196/266/196 207/268/207 208/274/208
f 193/263/193 204/270/204 205/276/205
f 200/265/200 211/1990/211 212/277/212
f 198/278/198 197/275/197 208/274/208
f 194/253/194 205/276/205 206/280/206
f 201/255/201 212/277/212 213/269/213
f 198/278/198 209/279/209 210/272/210
f 209/279/209 208/274/208 218/4/218
f 205/284/205 1/7/1 216/9/216
f 212/277/212 221/1/221 222/10/222
f 209/279/209 219/6/219 220/15/220
f 206/267/206 216/9/216 217/18/217
f 203/282/203 214/12/214 215/21/215
f 210/272/210 220/15/220 2/23/2
f 207/268/207 217/18/217 218/4/218
f 204/270/204 215/21/215 1/26/1
f 212/277/212 211/1990/211 2/285/2
f 440/286/217 439/308/251 229/287/6
f 437/292/214 226/310/3 227/293/4
f 443/295/2 442/311/220 233/296/223
f 440/286/217 230/288/7 231/298/8
f 223/294/215 227/293/4 228/300/5
f 225/302/221 443/565/2 234/303/11
f 224/299/218 231/298/8 232/305/9
f 438/307/1 228/1991/5 229/287/6
f 225/302/221 235/304/12 236/291/224
f 442/311/220 441/306/219 232/305/9
f 235/304/12 234/303/11 245/312/22
f 232/305/9 231/298/8 242/314/19
f 229/287/6 228/1991/5 239/316/16
f 235/304/12 246/313/23 247/318/24
f 233/296/223 232/305/9 243/315/20
f 230/288/7 229/287/6 240/317/225
f 227/293/4 226/310/3 237/319/14
f 234/297/11 233/296/223 244/320/21
f 230/288/7 241/321/18 242/314/19
f 228/300/5 227/293/4 238/322/15
f 237/319/14 248/334/26 249/325/27
f 244/320/21 255/335/226 256/326/34
f 241/321/18 252/336/30 253/327/31
f 239/324/16 238/322/15 249/325/27
f 245/312/22 256/351/34 257/329/35
f 243/315/20 242/314/19 253/327/31
f 240/331/225 239/324/16 250/328/28
f 246/313/23 257/329/35 258/333/36
f 244/320/21 243/315/20 254/330/32
f 240/317/225 251/1992/29 252/336/30
f 257/329/35 268/352/46 269/337/47
f 254/339/32 265/353/43 266/340/44
f 251/342/29 262/362/228 263/343/229
f 249/325/27 248/334/26 259/338/227
f 255/341/226 266/340/44 267/346/45
f 253/348/31 252/344/30 263/343/229
f 250/328/28 249/325/27 260/345/38
f 256/351/34 267/1993/45 268/352/46
f 254/339/32 253/348/31 264/349/42
f 251/332/29 250/328/28 261/350/39
f 260/345/38 271/367/49 272/355/50
f 268/352/46 267/1993/45 278/356/56
f 265/353/43 264/349/42 275/358/53
f 261/360/39 272/1994/50 273/361/230
f 268/352/46 279/357/57 280/363/58
f 265/353/43 276/359/54 277/365/55
f 263/343/229 262/362/228 273/361/230
f 259/338/227 270/364/48 271/367/49
f 266/340/44 277/365/55 278/368/56
f 263/343/229 274/366/52 275/358/53
f 271/367/49 270/364/48 281/370/59
f 277/365/55 288/380/66 289/372/67
f 274/366/52 285/381/231 286/373/64
f 272/355/50 271/367/49 282/371/60
f 279/357/57 278/356/56 289/375/67
f 275/358/53 286/373/64 287/377/232
f 273/361/230 272/1994/50 283/378/61
f 279/357/57 290/376/68 291/369/69
f 276/359/54 287/377/232 288/380/66
f 273/361/230 284/379/62 285/381/231
f 284/379/62 283/378/61 294/382/72
f 290/376/68 301/393/79 302/384/80
f 288/380/66 287/377/232 298/386/76
f 284/379/62 295/383/73 296/388/74
f 281/370/59 292/385/70 293/389/71
f 288/380/66 299/387/77 300/390/78
f 286/373/64 285/381/231 296/388/74
f 282/371/60 293/389/71 294/392/72
f 289/375/67 300/395/78 301/393/79
f 286/373/64 297/391/75 298/386/76
f 293/389/71 304/404/82 305/394/83
f 300/395/78 311/415/89 312/396/90
f 297/391/75 308/406/86 309/397/87
f 295/398/73 294/392/72 305/394/83
f 302/384/80 301/393/79 312/396/90
f 299/387/77 298/386/76 309/397/87
f 295/383/73 306/1995/84 307/403/85
f 292/385/70 303/401/81 304/404/82
f 299/387/77 310/402/88 311/405/89
f 297/391/75 296/388/74 307/403/85
f 306/407/84 317/423/95 318/408/233
f 304/404/82 303/401/81 314/411/92
f 310/413/88 321/1996/99 322/414/100
f 308/416/86 307/409/85 318/408/233
f 304/404/82 315/412/93 316/418/94
f 311/415/89 322/414/100 323/419/101
f 308/416/86 319/417/97 320/420/234
f 305/422/83 316/426/94 317/423/95
f 312/396/90 323/419/101 324/410/102
f 310/424/88 309/421/87 320/420/234
f 316/426/94 327/446/105 328/427/106
f 323/419/101 334/438/112 335/428/113
f 321/425/99 320/420/234 331/430/109
f 317/423/95 328/427/106 329/432/107
f 315/412/93 314/411/92 325/429/103
f 321/425/99 332/431/235 333/434/111
f 319/417/97 318/408/233 329/432/107
f 316/418/94 315/412/93 326/433/104
f 322/414/100 333/443/111 334/438/112
f 319/417/97 330/436/108 331/430/109
f 330/436/108 329/432/107 340/439/118
f 327/437/105 326/433/104 337/441/115
f 333/443/111 344/1997/122 345/444/123
f 330/436/108 341/440/119 342/445/237
f 327/446/105 338/463/116 339/447/236
f 334/438/112 345/444/123 346/448/238
f 331/430/109 342/445/237 343/450/121
f 328/427/106 339/447/236 340/439/118
f 325/429/103 336/449/114 337/441/115
f 332/431/235 343/450/121 344/451/122
f 340/439/118 339/447/236 350/452/129
f 336/449/114 347/464/126 348/455/127
f 344/451/122 343/450/121 354/456/133
f 340/439/118 351/453/130 352/458/131
f 337/441/115 348/455/127 349/459/128
f 345/444/123 344/1997/122 355/460/134
f 341/440/119 352/458/131 353/462/132
f 338/463/116 349/466/128 350/452/129
f 345/444/123 356/461/135 357/454/136
f 342/445/237 353/462/132 354/456/133
f 352/458/131 364/475/142 365/465/143
f 349/466/128 361/1998/139 362/467/239
f 356/461/135 368/477/146 369/468/147
f 353/462/132 365/465/143 366/470/144
f 350/452/129 362/467/239 363/471/141
f 348/455/127 347/464/126 359/469/137
f 355/460/134 354/1999/133 366/473/144
f 352/458/131 351/453/130 363/471/141
f 348/455/127 360/472/138 361/476/139
f 355/460/134 367/474/145 368/477/146
f 364/478/142 363/493/141 374/479/240
f 360/472/138 371/494/149 372/481/150
f 368/477/146 367/474/145 378/482/156
f 364/478/142 375/480/153 376/484/241
f 361/486/139 372/506/150 373/487/151
f 368/477/146 379/483/157 380/489/242
f 365/485/143 376/484/241 377/491/155
f 362/488/239 373/487/151 374/479/240
f 359/469/137 370/490/148 371/494/149
f 367/474/145 366/473/144 377/495/155
f 376/484/241 388/505/165 389/496/166
f 373/487/151 385/507/162 386/497/163
f 370/490/148 382/508/159 383/499/160
f 378/500/156 377/491/155 389/496/166
f 375/480/153 374/479/240 386/497/163
f 371/494/149 383/499/160 384/503/161
f 378/482/156 390/520/167 391/504/168
f 375/480/153 387/502/164 388/505/165
f 372/506/150 384/510/161 385/507/162
f 379/483/157 391/504/168 392/498/169
f 387/502/164 398/518/175 399/509/244
f 384/510/161 395/2000/172 396/511/243
f 391/504/168 402/521/179 403/512/246
f 388/505/165 399/509/244 400/514/245
f 385/507/162 396/511/243 397/515/174
f 383/499/160 382/508/159 393/513/170
f 390/501/167 389/496/166 400/514/245
f 387/502/164 386/497/163 397/515/174
f 384/503/161 383/499/160 394/516/171
f 390/520/167 401/2001/178 402/521/179
f 400/514/245 411/532/188 412/522/189
f 397/515/174 408/533/185 409/523/186
f 394/516/171 405/534/182 406/524/183
f 402/521/179 401/2001/178 412/525/189
f 398/518/175 409/523/186 410/527/187
f 396/511/243 395/2000/172 406/528/183
f 403/512/246 402/521/179 413/526/190
f 399/509/244 410/527/187 411/532/188
f 397/515/174 396/511/243 407/529/247
f 393/513/170 404/531/181 405/534/182
f 411/532/188 410/527/187 421/536/198
f 408/533/185 407/529/247 418/538/195
f 404/531/181 415/535/192 416/541/193
f 411/542/188 422/2002/248 423/543/200
f 409/523/186 408/533/185 419/539/196
f 406/524/183 405/534/182 416/541/193
f 412/525/189 423/543/200 424/546/201
f 409/523/186 420/544/197 421/536/198
f 406/528/183 417/2003/194 418/538/195
f 414/530/191 413/526/190 424/546/201
f 423/543/200 434/2004/211 435/547/212
f 420/548/197 431/564/208 432/549/249
f 418/551/195 417/545/194 428/552/205
f 424/546/201 435/547/212 436/554/250
f 421/550/198 432/549/249 433/556/210
f 418/558/195 429/567/206 430/559/207
f 415/535/192 426/555/203 427/561/204
f 423/562/200 422/557/248 433/556/210
f 419/560/196 430/559/207 431/564/208
f 417/545/194 416/541/193 427/561/204
f 426/555/203 437/292/214 223/294/215
f 433/556/210 442/311/220 443/295/2
f 430/559/207 440/286/217 224/299/218
f 427/561/204 223/294/215 438/301/1
f 435/547/212 434/2004/211 443/565/2
f 431/564/208 224/299/218 441/306/219
f 428/566/205 438/307/1 439/308/251
f 436/554/250 435/547/212 225/302/221
f 432/549/249 441/306/219 442/311/220
f 429/567/206 439/308/251 440/286/217
f 665/568/261 459/590/223 460/569/11
f 447/571/217 456/591/7 457/572/8
f 663/574/1 446/593/215 453/575/4
f 450/577/221 666/849/2 460/578/11
f 448/573/218 457/572/8 458/580/253
f 663/582/1 454/594/5 455/583/6
f 451/585/222 450/577/221 461/579/12
f 449/581/219 458/580/253 459/590/223
f 664/584/216 455/583/6 456/591/7
f 445/587/214 452/589/252 453/575/4
f 454/594/5 465/2005/16 466/595/225
f 461/579/12 472/605/23 473/596/24
f 458/580/253 469/606/20 470/598/21
f 455/583/6 466/595/225 467/599/18
f 453/575/4 452/589/252 463/597/14
f 460/569/11 459/590/223 470/598/21
f 456/591/7 467/599/18 468/602/19
f 453/575/4 464/600/15 465/603/16
f 461/579/12 460/578/11 471/604/22
f 458/580/253 457/572/8 468/602/19
f 467/599/18 478/617/30 479/607/31
f 464/600/15 475/618/27 476/608/28
f 472/605/23 471/604/22 482/609/34
f 469/606/20 468/602/19 479/607/31
f 465/603/16 476/608/28 477/612/254
f 473/596/24 472/605/23 483/610/35
f 469/606/20 480/611/32 481/616/33
f 466/595/225 477/2006/254 478/617/30
f 463/597/14 474/615/26 475/618/27
f 470/598/21 481/616/33 482/619/34
f 478/620/30 477/2007/254 489/621/40
f 474/615/26 486/635/227 487/624/38
f 481/625/33 493/636/44 494/626/45
f 478/620/30 490/622/41 491/628/42
f 476/608/28 475/618/27 487/624/38
f 482/609/34 494/649/45 495/631/46
f 480/632/32 479/629/31 491/628/42
f 476/608/28 488/630/39 489/634/40
f 484/614/36 483/610/35 495/631/46
f 480/632/32 492/633/43 493/636/44
f 492/633/43 491/628/42 502/637/53
f 488/639/39 499/656/50 500/640/230
f 496/623/255 495/631/46 506/641/57
f 492/633/43 503/638/54 504/644/55
f 490/622/41 489/621/40 500/640/230
f 486/635/227 497/643/48 498/646/49
f 493/636/44 504/644/55 505/647/56
f 490/622/41 501/645/52 502/637/53
f 487/624/38 498/646/49 499/648/50
f 494/649/45 505/653/56 506/641/57
f 502/637/53 501/645/52 512/650/231
f 498/646/49 509/661/60 510/652/61
f 505/653/56 516/671/67 517/654/68
f 502/637/53 513/651/64 514/655/232
f 499/656/50 510/674/61 511/657/62
f 506/641/57 517/654/68 518/658/257
f 503/638/54 514/655/232 515/660/66
f 500/640/230 511/657/62 512/650/231
f 497/643/48 508/659/256 509/661/60
f 504/644/55 515/660/66 516/662/67
f 514/655/232 525/673/76 526/663/77
f 511/657/62 522/675/73 523/664/74
f 509/661/60 508/659/256 519/666/70
f 516/662/67 515/660/66 526/663/77
f 513/651/64 512/650/231 523/664/74
f 509/661/60 520/667/71 521/670/72
f 516/671/67 527/687/78 528/672/79
f 513/651/64 524/669/75 525/673/76
f 510/674/61 521/2008/72 522/675/73
f 517/654/68 528/672/79 529/665/80
f 525/673/76 524/669/75 535/676/86
f 521/670/72 532/686/83 533/678/258
f 528/672/79 539/688/90 540/680/91
f 526/663/77 525/673/76 536/677/87
f 522/675/73 533/2009/258 534/683/85
f 519/666/70 530/681/81 531/684/82
f 527/668/78 526/663/77 537/682/259
f 523/664/74 534/683/85 535/676/86
f 520/667/71 531/684/82 532/686/83
f 527/687/78 538/691/89 539/688/90
f 537/689/259 548/2010/99 549/690/100
f 534/692/85 545/707/96 546/693/97
f 532/686/83 531/684/82 542/695/93
f 538/691/89 549/690/100 550/697/101
f 535/694/86 546/693/97 547/698/234
f 532/700/83 543/721/94 544/701/95
f 539/688/90 550/697/101 551/703/102
f 536/699/87 547/698/234 548/705/99
f 534/692/85 533/702/258 544/701/95
f 531/684/82 530/681/81 541/704/92
f 547/698/234 558/720/109 559/709/110
f 545/707/96 544/701/95 555/710/106
f 541/704/92 552/708/103 553/713/104
f 549/714/100 548/705/99 559/709/110
f 545/707/96 556/711/107 557/716/108
f 542/695/93 553/713/104 554/717/105
f 550/697/101 549/690/100 560/718/111
f 546/693/97 557/716/108 558/720/109
f 543/721/94 554/2011/105 555/710/106
f 551/703/102 550/697/101 561/719/112
f 561/719/112 560/718/111 571/722/122
f 557/716/108 568/733/119 569/724/237
f 555/710/106 554/2011/105 565/725/116
f 561/719/112 572/723/123 573/727/124
f 558/720/109 569/724/237 570/729/121
f 555/710/106 566/726/236 567/730/118
f 553/713/104 552/708/103 563/728/114
f 559/709/110 570/729/121 571/732/122
f 556/711/107 567/730/118 568/733/119
f 553/713/104 564/731/115 565/734/116
f 563/728/114 574/743/126 575/735/127
f 570/729/121 581/744/133 582/736/134
f 567/730/118 578/745/130 579/737/131
f 565/734/116 564/731/115 575/735/127
f 571/722/122 582/752/134 583/739/135
f 568/733/119 579/737/131 580/740/132
f 565/725/116 576/759/128 577/741/129
f 573/727/124 572/723/123 583/739/135
f 569/724/237 580/740/132 581/744/133
f 567/730/118 566/726/236 577/741/129
f 583/739/135 594/757/146 595/746/147
f 580/740/132 591/758/143 592/748/144
f 578/745/130 577/741/129 588/749/239
f 575/735/127 574/743/126 585/747/137
f 582/752/134 581/2012/133 592/753/144
f 579/737/131 578/745/130 589/750/141
f 576/738/128 575/735/127 586/751/138
f 582/752/134 593/754/145 594/757/146
f 579/737/131 590/755/142 591/758/143
f 576/759/128 587/2013/139 588/749/239
f 586/751/138 598/774/149 599/760/150
f 593/754/145 605/776/156 606/761/157
f 591/762/143 590/777/142 602/763/153
f 587/765/139 599/789/150 600/766/151
f 594/757/146 606/761/157 607/768/158
f 591/762/143 603/764/154 604/770/260
f 589/772/141 588/767/239 600/766/151
f 585/747/137 597/769/148 598/774/149
f 593/754/145 592/753/144 604/775/260
f 589/772/141 601/773/152 602/763/153
f 598/774/149 597/769/148 608/779/159
f 604/770/260 615/791/166 616/781/167
f 602/763/153 601/773/152 612/783/163
f 598/774/149 609/780/160 610/785/161
f 606/761/157 605/776/156 616/786/167
f 602/763/153 613/784/164 614/788/165
f 599/789/150 610/792/161 611/790/162
f 606/761/157 617/787/168 618/778/169
f 603/764/154 614/788/165 615/791/166
f 601/773/152 600/766/151 611/790/162
f 610/792/161 621/810/172 622/793/173
f 618/778/169 617/787/168 628/794/179
f 614/788/165 625/803/176 626/797/177
f 612/783/163 611/790/162 622/793/173
f 609/780/160 608/779/159 619/796/170
f 615/791/166 626/797/177 627/800/178
f 612/783/163 623/798/174 624/801/175
f 609/780/160 620/799/171 621/802/172
f 616/786/167 627/806/178 628/794/179
f 614/788/165 613/784/164 624/801/175
f 621/802/172 620/799/171 631/804/182
f 627/806/178 638/823/189 639/807/190
f 625/803/176 624/801/175 635/808/186
f 621/810/172 632/828/183 633/811/247
f 628/794/179 639/807/190 640/812/191
f 625/803/176 636/809/187 637/814/188
f 623/798/174 622/793/173 633/811/247
f 619/796/170 630/813/181 631/804/182
f 626/797/177 637/814/188 638/816/189
f 623/798/174 634/815/185 635/808/186
f 634/815/185 633/811/247 644/817/195
f 630/813/181 641/829/192 642/820/193
f 637/821/188 648/2014/199 649/822/200
f 634/815/185 645/818/196 646/824/197
f 631/804/182 642/820/193 643/825/194
f 639/807/190 638/823/189 649/822/200
f 635/808/186 646/824/197 647/827/198
f 632/828/183 643/2015/194 644/817/195
f 639/807/190 650/826/201 651/819/202
f 636/809/187 647/827/198 648/830/199
f 643/825/194 654/846/205 655/831/206
f 650/826/201 661/847/212 662/833/250
f 647/835/198 658/848/249 659/836/210
f 645/838/196 644/2016/195 655/839/206
f 641/829/192 652/834/203 653/841/204
f 648/837/199 659/836/210 660/842/211
f 645/838/196 656/840/207 657/844/208
f 642/820/193 653/841/204 654/846/205
f 649/822/200 660/2017/211 661/847/212
f 646/845/197 657/844/208 658/848/249
f 656/840/207 447/571/217 448/573/218
f 653/841/204 446/593/215 663/574/1
f 661/847/212 660/2017/211 666/849/2
f 657/844/208 448/573/218 449/581/219
f 654/850/205 663/582/1 664/584/216
f 662/833/250 661/847/212 450/577/221
f 659/836/210 658/848/249 449/581/219
f 655/839/206 664/584/216 447/571/217
f 652/834/203 445/587/214 446/593/215
f 659/836/210 665/568/261 666/570/2
f 669/851/219 677/872/253 678/852/223
f 668/854/217 883/874/251 674/855/6
f 881/860/214 671/876/252 672/861/4
f 670/863/2 885/853/220 678/852/223
f 668/854/217 675/856/7 676/865/8
f 882/862/215 672/861/4 673/867/5
f 886/869/221 670/1133/2 679/870/11
f 884/866/218 676/865/8 677/872/253
f 667/873/1 673/881/5 674/855/6
f 887/858/222 886/869/221 680/871/12
f 672/861/4 683/887/15 684/877/16
f 679/870/11 690/896/22 691/878/23
f 677/872/253 676/865/8 687/879/19
f 673/881/5 684/2018/16 685/882/225
f 680/871/12 691/878/23 692/883/24
f 677/872/253 688/880/20 689/885/21
f 674/855/6 685/882/225 686/886/18
f 671/876/252 682/884/14 683/887/15
f 679/864/11 678/852/223 689/885/21
f 675/856/7 686/886/18 687/879/19
f 685/882/225 696/2019/29 697/889/30
f 682/884/14 693/901/26 694/891/27
f 690/888/22 689/885/21 700/892/226
f 686/886/18 697/889/30 698/894/31
f 684/877/16 683/887/15 694/891/27
f 690/896/22 701/917/34 702/897/35
f 687/879/19 698/894/31 699/898/32
f 684/877/16 695/895/28 696/899/29
f 691/878/23 702/897/35 703/890/36
f 688/880/20 699/898/32 700/892/226
f 695/895/28 706/916/39 707/902/40
f 702/897/35 713/918/46 714/903/47
f 699/905/32 710/919/43 711/906/44
f 696/908/29 707/927/40 708/909/41
f 693/901/26 704/904/37 705/911/38
f 700/907/226 711/906/44 712/912/45
f 697/910/30 708/909/41 709/914/42
f 694/891/27 705/911/38 706/916/39
f 701/917/34 712/922/45 713/918/46
f 698/915/31 709/914/42 710/919/43
f 708/909/41 719/931/52 720/920/53
f 705/911/38 716/932/49 717/921/50
f 712/922/45 723/940/56 724/923/57
f 710/919/43 709/914/42 720/920/53
f 706/925/39 717/943/50 718/926/230
f 713/918/46 724/923/57 725/928/58
f 710/919/43 721/924/54 722/930/55
f 707/927/40 718/926/230 719/931/52
f 705/911/38 704/904/37 715/929/48
f 711/906/44 722/930/55 723/933/56
f 718/926/230 729/944/62 730/934/231
f 715/929/48 726/945/256 727/936/60
f 722/930/55 733/946/66 734/937/67
f 720/920/53 719/931/52 730/934/231
f 717/921/50 716/932/49 727/936/60
f 723/940/56 734/958/67 735/941/68
f 720/920/53 731/938/64 732/942/232
f 717/943/50 728/948/61 729/944/62
f 725/928/58 724/923/57 735/941/68
f 722/930/55 721/924/54 732/942/232
f 731/938/64 742/956/75 743/947/76
f 728/948/61 739/2020/72 740/949/73
f 735/941/68 746/959/79 747/950/80
f 733/946/66 732/942/232 743/947/76
f 729/944/62 740/949/73 741/953/74
f 726/945/256 737/951/70 738/954/71
f 733/946/66 744/952/262 745/955/78
f 731/938/64 730/934/231 741/953/74
f 727/936/60 738/954/71 739/957/72
f 734/958/67 745/964/78 746/959/79
f 742/956/75 741/953/74 752/960/85
f 739/957/72 738/954/71 749/962/82
f 745/964/78 756/982/89 757/965/90
f 742/956/75 753/961/86 754/966/87
f 739/957/72 750/963/83 751/967/258
f 746/959/79 757/965/90 758/969/91
f 743/947/76 754/966/87 755/971/88
f 740/949/73 751/2021/258 752/960/85
f 738/954/71 737/951/70 748/970/81
f 744/952/262 755/971/88 756/972/89
f 754/973/87 765/989/234 766/974/99
f 752/976/85 751/991/258 762/977/95
f 749/962/82 748/970/81 759/980/263
f 756/982/89 755/2022/88 766/983/99
f 752/976/85 763/978/96 764/985/97
f 749/962/82 760/981/93 761/987/94
f 756/982/89 767/984/100 768/988/101
f 753/986/86 764/985/97 765/989/234
f 750/990/83 761/993/94 762/977/95
f 758/969/91 757/965/90 768/988/101
f 764/985/97 775/1002/108 776/992/109
f 761/993/94 772/1014/105 773/994/106
f 768/988/101 779/1004/112 780/995/113
f 765/989/234 776/992/109 777/997/110
f 763/978/96 762/977/95 773/994/106
f 759/980/263 770/996/103 771/999/104
f 767/1000/100 766/974/99 777/997/110
f 764/985/97 763/978/96 774/998/107
f 761/987/94 760/981/93 771/999/104
f 767/984/100 778/1011/111 779/1004/112
f 778/1001/111 777/997/110 789/1005/121
f 775/1002/108 774/998/107 786/1007/265
f 772/1003/105 771/999/104 783/1009/115
f 778/1011/111 790/1026/122 791/1012/123
f 775/1002/108 787/1008/119 788/1013/237
f 772/1014/105 784/1029/116 785/1015/117
f 780/995/113 779/1004/112 791/1012/123
f 776/992/109 788/1013/237 789/1005/121
f 773/994/106 785/1015/117 786/1007/265
f 770/996/103 782/1017/114 783/1009/115
f 788/1013/237 799/1028/132 800/1019/133
f 785/1015/117 796/1030/129 797/1020/130
f 782/1017/114 793/1018/126 794/1022/127
f 790/1006/122 789/1005/121 800/1019/133
f 786/1007/265 797/1020/130 798/1024/131
f 784/1010/116 783/1009/115 794/1022/127
f 790/1026/122 801/1031/134 802/1027/135
f 787/1008/119 798/1024/131 799/1028/132
f 784/1029/116 795/1035/128 796/1030/129
f 792/1016/124 791/1012/123 802/1027/135
f 801/1031/134 812/1043/145 813/1032/146
f 799/1028/132 798/1024/131 809/1033/142
f 795/1035/128 806/2023/139 807/1036/239
f 802/1027/135 813/1032/146 814/1037/147
f 799/1028/132 810/1034/143 811/1039/144
f 796/1030/129 807/1036/239 808/1040/141
f 793/1018/126 804/1038/137 805/1041/138
f 801/1031/134 800/2024/133 811/1042/144
f 797/1020/130 808/1040/141 809/1033/142
f 795/1025/128 794/1022/127 805/1041/138
f 805/1041/138 804/1038/137 815/1045/266
f 812/1043/145 811/1042/144 822/1047/155
f 808/1049/141 819/1062/152 820/1050/153
f 805/1041/138 816/1046/149 817/1052/150
f 813/1032/146 812/1043/145 823/1048/156
f 809/1051/142 820/1050/153 821/1054/154
f 806/1056/139 817/1075/150 818/1057/267
f 813/1032/146 824/1053/157 825/1059/242
f 810/1055/143 821/1054/154 822/1060/155
f 807/1058/239 818/1057/267 819/1062/152
f 824/1053/157 835/1073/168 836/1063/169
f 821/1054/154 832/1074/165 833/1065/166
f 819/1062/152 818/1057/267 829/1066/162
f 816/1046/149 815/1045/266 826/1064/159
f 823/1069/156 822/1060/155 833/1065/166
f 819/1062/152 830/1067/163 831/1071/164
f 817/1052/150 816/1046/149 827/1068/160
f 823/1048/156 834/2025/167 835/1073/168
f 821/1054/154 820/1050/153 831/1071/164
f 817/1075/150 828/1081/161 829/1066/162
f 828/1072/161 827/1068/160 838/1076/171
f 835/1073/168 834/2025/167 845/1078/178
f 831/1071/164 842/1088/175 843/1080/244
f 828/1081/161 839/1097/172 840/1082/173
f 836/1063/169 835/1073/168 846/1079/179
f 832/1074/165 843/1080/244 844/1085/177
f 830/1067/163 829/1066/162 840/1082/173
f 826/1064/159 837/1084/268 838/1076/171
f 834/1070/167 833/1065/166 844/1085/177
f 831/1071/164 830/1067/163 841/1086/174
f 837/1084/268 848/1099/181 849/1090/182
f 845/1087/178 844/1085/177 855/1091/188
f 841/1086/174 852/1100/185 853/1093/186
f 839/1077/172 838/1076/171 849/1090/182
f 845/1078/178 856/1109/189 857/1095/190
f 842/1088/175 853/1093/186 854/1096/187
f 839/1097/172 850/1101/183 851/1098/247
f 846/1079/179 857/1095/190 858/1089/191
f 843/1080/244 854/1096/187 855/1091/188
f 841/1086/174 840/1082/173 851/1098/247
f 850/1101/183 861/2026/194 862/1102/195
f 858/1089/191 857/1095/190 868/1103/201
f 854/1096/187 865/1114/198 866/1106/199
f 852/1100/185 851/1098/247 862/1102/195
f 848/1099/181 859/1105/192 860/1108/193
f 856/1109/189 855/2027/188 866/1110/199
f 852/1100/185 863/1107/196 864/1112/197
f 849/1090/182 860/1108/193 861/1113/194
f 856/1109/189 867/1111/200 868/1103/201
f 854/1096/187 853/1093/186 864/1112/197
f 860/1108/193 871/1129/204 872/1115/205
f 867/1111/200 878/2028/211 879/1116/212
f 865/1117/198 864/1132/197 875/1118/208
f 861/1113/194 872/1115/205 873/1120/206
f 868/1103/201 879/1116/212 880/1122/250
f 865/1117/198 876/1119/209 877/1124/210
f 863/1126/196 862/2029/195 873/1127/206
f 859/1105/192 870/1123/269 871/1129/204
f 867/1130/200 866/1125/199 877/1124/210
f 863/1126/196 874/1128/207 875/1118/208
f 873/1127/206 883/874/251 668/854/217
f 870/1123/269 881/860/214 882/862/215
f 878/1131/211 877/1124/210 885/853/220
f 874/1128/207 668/854/217 884/866/218
f 871/1129/204 882/862/215 667/868/1
f 879/1116/212 878/2028/211 670/1133/2
f 875/1118/208 884/866/218 669/851/219
f 872/1134/205 667/873/1 883/874/251
f 879/1116/212 886/869/221 887/858/222
f 876/1119/209 669/851/219 885/853/220
f 891/1135/221 901/1157/12 902/1136/224
f 1109/1141/220 1108/1158/219 898/1142/253
f 1105/1144/216 895/1160/270 896/1145/7
f 1103/1138/214 892/1140/3 893/1148/4
f 1109/1141/220 899/1143/10 900/1150/11
f 1106/1146/217 896/1145/7 897/1152/8
f 889/1149/215 893/1148/4 894/1154/5
f 890/1156/2 900/1164/11 901/1157/12
f 1108/1158/219 1107/1153/218 897/1152/8
f 1104/1159/1 894/2030/5 895/1160/270
f 896/1145/7 907/1172/18 908/1161/19
f 894/1154/5 893/1148/4 904/1162/15
f 900/1164/11 911/1181/22 912/1165/23
f 898/1142/253 897/1152/8 908/1161/19
f 895/1160/270 894/2030/5 905/1167/16
f 901/1157/12 912/1165/23 913/1169/24
f 898/1142/253 909/1166/20 910/1171/21
f 896/1145/7 895/1160/270 906/1168/225
f 893/1148/4 892/1140/3 903/1170/14
f 899/1143/10 910/1171/21 911/1173/22
f 909/1166/20 920/1183/32 921/1174/33
f 906/1168/225 917/2031/29 918/1175/30
f 903/1170/14 914/1186/26 915/1177/27
f 910/1171/21 921/1174/33 922/1178/34
f 907/1172/18 918/1175/30 919/1179/31
f 904/1162/15 915/1177/27 916/1180/28
f 911/1181/22 922/1203/34 923/1182/35
f 909/1166/20 908/1161/19 919/1179/31
f 905/1163/16 916/1180/28 917/1184/29
f 912/1165/23 923/1182/35 924/1176/36
f 919/1187/31 930/1201/42 931/1188/43
f 916/1180/28 927/1202/39 928/1190/228
f 923/1182/35 934/1204/46 935/1191/255
f 921/1193/33 920/1189/32 931/1188/43
f 917/1195/29 928/1215/228 929/1196/41
f 914/1186/26 925/1192/227 926/1198/38
f 922/1199/34 921/1193/33 932/1194/271
f 919/1187/31 918/1197/30 929/1196/41
f 916/1180/28 915/1177/27 926/1198/38
f 922/1203/34 933/1210/45 934/1204/46
f 933/1200/45 932/1194/271 943/1205/55
f 929/1196/41 940/1218/52 941/1207/53
f 927/1202/39 926/1198/38 937/1208/49
f 933/1210/45 944/2032/56 945/1211/57
f 931/1188/43 930/1201/42 941/1207/53
f 927/1213/39 938/1230/50 939/1214/230
f 935/1191/255 934/1204/46 945/1211/57
f 931/1188/43 942/1212/54 943/1205/55
f 929/1196/41 928/1215/228 939/1214/230
f 925/1192/227 936/1217/48 937/1208/49
f 943/1205/55 942/1212/54 953/1220/232
f 939/1214/230 950/1231/62 951/1222/63
f 936/1217/48 947/1219/59 948/1224/60
f 943/1205/55 954/1221/272 955/1225/67
f 940/1218/52 951/1222/63 952/1226/64
f 938/1209/50 937/1208/49 948/1224/60
f 945/1211/57 944/2032/56 955/1228/67
f 941/1207/53 952/1226/64 953/1220/232
f 938/1230/50 949/1235/61 950/1231/62
f 945/1211/57 956/1229/68 957/1223/257
f 956/1229/68 955/1228/67 966/1232/78
f 952/1226/64 963/1243/75 964/1234/76
f 949/1235/61 960/2033/72 961/1236/273
f 956/1229/68 967/1233/79 968/1237/80
f 953/1220/232 964/1234/76 965/1239/77
f 950/1231/62 961/1236/273 962/1240/74
f 948/1224/60 947/1219/59 958/1238/70
f 955/1225/67 954/1221/272 965/1239/77
f 951/1222/63 962/1240/74 963/1243/75
f 948/1224/60 959/1241/71 960/1244/72
f 958/1238/70 969/1255/81 970/1245/82
f 965/1239/77 976/1256/88 977/1246/89
f 962/1240/74 973/1258/85 974/1247/86
f 959/1241/71 970/1245/82 971/1248/83
f 967/1233/79 966/1232/78 977/1249/89
f 963/1243/75 974/1247/86 975/1251/87
f 961/1252/273 960/1244/72 971/1248/83
f 967/1233/79 978/1250/90 979/1254/91
f 964/1234/76 975/1251/87 976/1256/88
f 962/1240/74 961/1236/273 972/1257/84
f 978/1250/90 989/1273/101 990/1259/264
f 975/1261/87 986/1274/98 987/1262/99
f 972/1264/84 983/1276/95 984/1265/233
f 969/1255/81 980/1260/92 981/1267/93
f 977/1249/89 976/2034/88 987/1268/99
f 973/1266/85 984/1265/233 985/1270/97
f 970/1245/82 981/1267/93 982/1272/94
f 978/1250/90 977/1249/89 988/1269/100
f 975/1261/87 974/1271/86 985/1270/97
f 971/1275/83 982/1281/94 983/1276/95
f 982/1272/94 981/1267/93 992/1277/104
f 988/1269/100 999/2035/111 1000/1279/112
f 985/1270/97 996/1289/108 997/1280/109
f 982/1281/94 993/1299/105 994/1282/106
f 990/1259/264 989/1273/101 1000/1279/112
f 986/1274/98 997/1280/109 998/1285/110
f 983/1276/95 994/1282/106 995/1286/107
f 981/1267/93 980/1260/92 991/1284/103
f 987/1262/99 998/1285/110 999/1287/111
f 985/1270/97 984/1265/233 995/1286/107
f 991/1284/103 1004/1301/114 1005/1291/115
f 999/1287/111 998/1285/110 1011/1292/121
f 995/1286/107 1008/1302/118 1009/1294/119
f 992/1277/104 1005/1291/115 1006/1295/116
f 1000/1279/112 999/2035/111 1012/1296/122
f 996/1289/108 1009/1294/119 1010/1298/237
f 993/1299/105 1006/2036/116 1007/1300/117
f 1000/1279/112 1013/1297/123 1014/1290/124
f 997/1280/109 1010/1298/237 1011/1292/121
f 994/1282/106 1007/1300/117 1008/1302/118
f 1007/1300/117 1006/2036/116 1017/1303/128
f 1014/1290/124 1013/1297/123 1024/1305/135
f 1010/1298/237 1021/1314/132 1022/1308/133
f 1007/1300/117 1018/1304/129 1019/1309/130
f 1004/1301/114 1015/1307/126 1016/1310/127
f 1011/1292/121 1022/1308/133 1023/1311/134
f 1008/1302/118 1019/1309/130 1020/1312/131
f 1006/1295/116 1005/1291/115 1016/1310/127
f 1012/1296/122 1023/1316/134 1024/1305/135
f 1009/1294/119 1020/1312/131 1021/1314/132
f 1016/1310/127 1027/1325/138 1028/1315/139
f 1023/1316/134 1034/1327/145 1035/1317/146
f 1021/1314/132 1020/1312/131 1031/1318/142
f 1017/1303/128 1028/2037/139 1029/1320/239
f 1024/1305/135 1035/1317/146 1036/1321/147
f 1021/1314/132 1032/1319/143 1033/1323/144
f 1018/1304/129 1029/1320/239 1030/1324/141
f 1015/1307/126 1026/1322/137 1027/1325/138
f 1022/1326/133 1033/2038/144 1034/1327/145
f 1019/1309/130 1030/1324/141 1031/1318/142
f 1029/1328/239 1040/1342/151 1041/1329/240
f 1026/1322/137 1037/1343/148 1038/1332/149
f 1034/1327/145 1033/2038/144 1044/1333/155
f 1031/1335/142 1030/1330/141 1041/1329/240
f 1028/1315/139 1027/1325/138 1038/1332/149
f 1035/1317/146 1034/1327/145 1045/1334/156
f 1031/1335/142 1042/1336/153 1043/1339/241
f 1028/1341/139 1039/1346/150 1040/1342/151
f 1036/1321/147 1035/1317/146 1046/1338/157
f 1032/1340/143 1043/1339/241 1044/1344/155
f 1039/1346/150 1050/1365/161 1051/1347/162
f 1046/1338/157 1057/1358/168 1058/1348/169
f 1044/1344/155 1043/1339/241 1054/1350/165
f 1040/1342/151 1051/1347/162 1052/1352/163
f 1038/1332/149 1037/1343/148 1048/1349/159
f 1045/1354/156 1044/1344/155 1055/1351/166
f 1042/1336/153 1041/1329/240 1052/1352/163
f 1038/1332/149 1049/1353/160 1050/1357/161
f 1045/1334/156 1056/2039/167 1057/1358/168
f 1042/1336/153 1053/1356/164 1054/1350/165
f 1053/1356/164 1052/1352/163 1063/1359/274
f 1049/1353/160 1060/1370/171 1061/1361/172
f 1057/1358/168 1056/2039/167 1067/1362/178
f 1053/1356/164 1064/1360/175 1065/1364/244
f 1050/1365/161 1061/2040/172 1062/1366/173
f 1057/1358/168 1068/1363/179 1069/1367/246
f 1055/1351/166 1054/1350/165 1065/1364/244
f 1051/1347/162 1062/1366/173 1063/1359/274
f 1048/1349/159 1059/1368/170 1060/1370/171
f 1056/1355/167 1055/1351/166 1066/1369/245
f 1062/1366/173 1073/1382/247 1074/1372/185
f 1060/1370/171 1059/1368/170 1070/1374/181
f 1066/1369/245 1077/1383/188 1078/1376/189
f 1064/1360/175 1063/1359/274 1074/1372/185
f 1060/1370/171 1071/1375/182 1072/1378/183
f 1067/1362/178 1078/1396/189 1079/1379/190
f 1064/1360/175 1075/1377/186 1076/1380/187
f 1062/1366/173 1061/2040/172 1072/1381/183
f 1068/1363/179 1079/1379/190 1080/1373/191
f 1065/1364/244 1076/1380/187 1077/1383/188
f 1076/1380/187 1075/1377/186 1086/1384/197
f 1073/1382/247 1072/1381/183 1083/1386/194
f 1080/1373/191 1079/1379/190 1090/1388/201
f 1077/1383/188 1076/1380/187 1087/1385/198
f 1073/1382/247 1084/1387/195 1085/1392/196
f 1071/1375/182 1070/1374/181 1081/1390/192
f 1077/1394/188 1088/2041/248 1089/1395/200
f 1074/1372/185 1085/1392/196 1086/1384/197
f 1071/1375/182 1082/1393/193 1083/1397/194
f 1079/1379/190 1078/1396/189 1089/1395/200
f 1086/1398/197 1085/1412/196 1096/1399/276
f 1082/1393/193 1093/1413/204 1094/1401/205
f 1089/1395/200 1100/2042/211 1101/1402/212
f 1087/1403/198 1086/1398/197 1097/1400/208
f 1083/1397/194 1094/1401/205 1095/1405/275
f 1090/1388/201 1101/1402/212 1102/1407/213
f 1087/1403/198 1098/1404/209 1099/1409/210
f 1084/1411/195 1095/1417/275 1096/1399/276
f 1082/1393/193 1081/1390/192 1092/1408/203
f 1088/1410/248 1099/1409/210 1100/1414/211
f 1098/1404/209 1108/1158/219 1109/1141/220
f 1096/1399/276 1095/1417/275 1105/1144/216
f 1092/1408/203 1103/1138/214 889/1149/215
f 1099/1409/210 1109/1141/220 890/1151/2
f 1096/1399/276 1106/1146/217 1107/1153/218
f 1093/1413/204 889/1149/215 1104/1155/1
f 1101/1402/212 1100/2042/211 890/1156/2
f 1098/1404/209 1097/1400/208 1107/1153/218
f 1094/1416/205 1104/1159/1 1105/1144/216
f 1101/1402/212 891/1135/221 1110/1137/222
f 1325/1418/1 1115/2043/5 1116/1419/6
f 1112/1421/222 1332/1441/221 1122/1422/12
f 1330/1427/220 1329/1443/219 1119/1428/9
f 1326/1420/216 1116/1419/6 1117/1430/277
f 1111/1424/214 1113/1426/3 1114/1433/4
f 1331/1435/2 1330/1427/220 1120/1429/10
f 1328/1437/218 1327/1431/217 1117/1430/277
f 1324/1434/215 1114/1433/4 1115/1439/5
f 1332/1441/221 1331/2044/2 1121/1442/11
f 1328/1437/218 1118/1438/8 1119/1428/9
f 1120/1429/10 1131/1454/21 1132/1444/22
f 1118/1438/8 1117/1430/277 1128/1445/18
f 1114/1433/4 1125/1455/15 1126/1447/16
f 1121/1442/11 1132/1464/22 1133/1448/23
f 1118/1438/8 1129/1446/19 1130/1449/20
f 1116/1419/6 1115/2043/5 1126/1450/16
f 1123/1423/224 1122/1422/12 1133/1448/23
f 1119/1428/9 1130/1449/20 1131/1454/21
f 1116/1419/6 1127/1451/225 1128/1445/18
f 1113/1426/3 1124/1453/14 1125/1455/15
f 1130/1449/20 1141/1466/32 1142/1457/33
f 1127/1451/225 1138/2045/29 1139/1458/30
f 1125/1455/15 1124/1453/14 1135/1456/26
f 1131/1454/21 1142/1457/33 1143/1461/34
f 1128/1445/18 1139/1458/30 1140/1462/31
f 1126/1447/16 1125/1455/15 1136/1460/27
f 1132/1464/22 1143/1469/34 1144/1465/35
f 1130/1449/20 1129/1446/19 1140/1462/31
f 1126/1447/16 1137/1463/28 1138/1467/29
f 1133/1448/23 1144/1465/35 1145/1459/36
f 1143/1469/34 1155/1494/45 1156/1470/46
f 1140/1471/31 1152/1485/42 1153/1472/278
f 1137/1463/28 1149/1486/39 1150/1474/40
f 1145/1459/36 1144/1465/35 1156/1470/46
f 1141/1473/32 1153/1472/278 1154/1477/44
f 1138/1479/29 1150/1499/40 1151/1480/229
f 1135/1456/26 1147/1476/37 1148/1482/38
f 1142/1478/33 1154/1477/44 1155/1483/45
f 1140/1471/31 1139/1481/30 1151/1480/229
f 1137/1463/28 1136/1460/27 1148/1482/38
f 1148/1482/38 1147/1476/37 1158/1487/48
f 1155/1483/45 1154/1477/44 1165/1489/55
f 1152/1485/42 1151/1480/229 1162/1491/52
f 1148/1482/38 1159/1488/49 1160/1493/50
f 1155/1494/45 1166/1511/56 1167/1495/57
f 1152/1485/42 1163/1492/53 1164/1496/54
f 1149/1497/39 1160/1513/50 1161/1498/51
f 1156/1470/46 1167/1495/57 1168/1500/58
f 1153/1472/278 1164/1496/54 1165/1489/55
f 1150/1499/40 1161/1498/51 1162/1491/52
f 1168/1500/58 1167/1495/57 1178/1501/68
f 1164/1496/54 1175/1512/232 1176/1504/66
f 1162/1491/52 1161/1498/51 1172/1505/62
f 1159/1488/49 1158/1487/48 1169/1503/59
f 1165/1489/55 1176/1504/66 1177/1508/67
f 1163/1492/53 1162/1491/52 1173/1506/63
f 1160/1493/50 1159/1488/49 1170/1507/60
f 1166/1511/56 1177/2046/67 1178/1501/68
f 1163/1492/53 1174/1509/64 1175/1512/232
f 1160/1513/50 1171/2047/61 1172/1505/62
f 1170/1507/60 1181/1524/71 1182/1514/72
f 1178/1501/68 1177/2046/67 1188/1515/78
f 1174/1509/64 1185/1526/75 1186/1517/76
f 1172/1505/62 1171/2047/61 1182/1518/72
f 1178/1501/68 1189/1516/79 1190/1520/80
f 1175/1512/232 1186/1517/76 1187/1522/77
f 1173/1506/63 1172/1505/62 1183/1519/73
f 1169/1503/59 1180/1521/70 1181/1524/71
f 1177/1508/67 1176/1504/66 1187/1522/77
f 1173/1506/63 1184/1523/74 1185/1526/75
f 1181/1524/71 1180/1521/70 1191/1528/81
f 1187/1522/77 1198/1538/88 1199/1530/89
f 1185/1526/75 1184/1523/74 1195/1531/85
f 1182/1514/72 1181/1524/71 1192/1529/82
f 1188/1515/78 1199/1554/89 1200/1534/90
f 1185/1526/75 1196/1532/86 1197/1535/87
f 1183/1536/73 1182/1514/72 1193/1533/83
f 1189/1516/79 1200/1534/90 1201/1527/91
f 1186/1517/76 1197/1535/87 1198/1538/88
f 1184/1523/74 1183/1519/73 1194/1539/84
f 1193/1540/83 1204/1563/94 1205/1541/95
f 1201/1527/91 1200/1534/90 1211/1543/101
f 1198/1546/88 1197/1558/87 1208/1547/234
f 1194/1542/84 1205/1541/95 1206/1549/233
f 1191/1528/81 1202/1545/263 1203/1551/93
f 1198/1552/88 1209/2048/279 1210/1553/100
f 1196/1555/86 1195/1550/85 1206/1549/233
f 1192/1529/82 1203/1551/93 1204/1557/94
f 1200/1534/90 1199/1554/89 1210/1553/100
f 1196/1555/86 1207/1556/97 1208/1547/234
f 1203/1551/93 1214/1569/104 1215/1559/105
f 1211/1543/101 1210/1553/100 1221/1560/111
f 1207/1556/97 1218/1572/108 1219/1562/109
f 1204/1563/94 1215/1582/105 1216/1564/106
f 1211/1543/101 1222/1561/112 1223/1565/113
f 1208/1547/234 1219/1562/109 1220/1567/110
f 1205/1541/95 1216/1564/106 1217/1568/107
f 1203/1551/93 1202/1545/263 1213/1566/103
f 1210/1570/100 1209/1548/279 1220/1567/110
f 1207/1556/97 1206/1549/233 1217/1568/107
f 1216/1564/106 1228/1583/236 1229/1573/118
f 1214/1569/104 1213/1566/103 1225/1575/280
f 1220/1567/110 1232/1584/281 1233/1577/122
f 1217/1568/107 1229/1573/118 1230/1578/119
f 1214/1569/104 1226/1576/115 1227/1579/116
f 1221/1560/111 1233/2049/122 1234/1580/123
f 1219/1562/109 1218/1572/108 1230/1578/119
f 1215/1582/105 1227/2050/116 1228/1583/236
f 1222/1561/112 1234/1580/123 1235/1574/238
f 1220/1567/110 1219/1562/109 1231/1581/120
f 1228/1583/236 1227/2050/116 1238/1585/128
f 1234/1580/123 1245/1596/135 1246/1587/136
f 1231/1581/120 1242/1597/132 1243/1589/133
f 1229/1573/118 1228/1583/236 1239/1586/129
f 1226/1576/115 1225/1575/280 1236/1588/126
f 1232/1584/281 1243/1589/133 1244/1592/134
f 1229/1573/118 1240/1590/130 1241/1593/131
f 1226/1576/115 1237/1591/127 1238/1594/128
f 1234/1580/123 1233/2049/122 1244/1595/134
f 1231/1581/120 1230/1578/119 1241/1593/131
f 1240/1590/130 1251/1608/141 1252/1598/142
f 1237/1591/127 1248/1609/138 1249/1599/139
f 1245/1596/135 1244/1595/134 1255/1600/145
f 1242/1597/132 1241/1593/131 1252/1598/142
f 1239/1586/129 1238/1585/128 1249/1603/139
f 1245/1596/135 1256/1601/146 1257/1605/147
f 1242/1597/132 1253/1602/143 1254/1607/144
f 1240/1590/130 1239/1586/129 1250/1604/239
f 1237/1591/127 1236/1588/126 1247/1606/137
f 1244/1595/134 1243/2051/133 1254/1610/144
f 1251/1611/141 1250/1623/239 1261/1612/151
f 1247/1606/137 1258/1625/266 1259/1615/149
f 1254/1610/144 1265/2052/155 1266/1616/156
f 1251/1611/141 1262/1613/152 1263/1617/153
f 1248/1609/138 1259/1615/149 1260/1619/150
f 1255/1600/145 1266/1616/156 1267/1620/157
f 1253/1621/143 1252/1618/142 1263/1617/153
f 1250/1623/239 1249/2053/139 1260/1624/150
f 1256/1601/146 1267/1620/157 1268/1614/242
f 1253/1621/143 1264/1622/154 1265/1626/155
f 1264/1622/154 1263/1617/153 1274/1628/164
f 1261/1612/151 1260/1624/150 1271/1630/161
f 1267/1620/157 1278/1640/168 1279/1632/169
f 1265/1626/155 1264/1622/154 1275/1629/165
f 1261/1612/151 1272/1631/282 1273/1635/163
f 1258/1625/266 1269/1633/159 1270/1636/160
f 1265/1626/155 1276/1634/283 1277/1637/167
f 1262/1613/152 1273/1635/163 1274/1628/164
f 1260/1619/150 1259/1615/149 1270/1636/160
f 1266/1616/156 1277/2054/167 1278/1640/168
f 1273/1635/163 1284/1650/274 1285/1641/175
f 1270/1636/160 1281/1651/171 1282/1642/172
f 1278/1640/168 1277/2054/167 1288/1643/178
f 1274/1628/164 1285/1641/175 1286/1645/244
f 1271/1630/161 1282/2055/172 1283/1646/173
f 1279/1632/169 1278/1640/168 1289/1644/179
f 1275/1629/165 1286/1645/244 1287/1649/177
f 1273/1635/163 1272/1631/282 1283/1646/173
f 1270/1636/160 1269/1633/159 1280/1648/170
f 1276/1634/283 1287/1649/177 1288/1652/178
f 1286/1645/244 1297/1663/187 1298/1653/188
f 1283/1646/173 1294/1665/247 1295/1654/185
f 1281/1651/171 1280/1648/170 1291/1656/181
f 1287/1649/177 1298/1653/188 1299/1658/189
f 1285/1641/175 1284/1650/274 1295/1654/185
f 1281/1651/171 1292/1657/182 1293/1660/183
f 1289/1644/179 1288/1643/178 1299/1661/189
f 1285/1641/175 1296/1659/186 1297/1663/187
f 1283/1646/173 1282/2055/172 1293/1664/183
f 1290/1647/180 1289/1644/179 1300/1662/190
f 1296/1659/186 1307/1676/197 1308/1666/198
f 1293/1664/183 1304/2056/194 1305/1667/284
f 1301/1655/191 1300/1662/190 1311/1668/201
f 1297/1663/187 1308/1666/198 1309/1671/199
f 1294/1665/247 1305/1667/284 1306/1672/196
f 1291/1656/181 1302/1670/192 1303/1673/193
f 1299/1661/189 1298/2057/188 1309/1674/199
f 1296/1659/186 1295/1654/185 1306/1672/196
f 1292/1657/182 1303/1673/193 1304/1677/194
f 1300/1662/190 1299/1661/189 1310/1675/200
f 1310/1678/200 1309/1693/199 1320/1679/210
f 1306/1681/196 1317/1695/207 1318/1682/208
f 1303/1673/193 1314/1696/204 1315/1684/205
f 1311/1668/201 1310/1675/200 1321/1685/211
f 1307/1683/197 1318/1682/208 1319/1687/209
f 1304/1677/194 1315/1684/205 1316/1689/206
f 1311/1668/201 1322/1686/212 1323/1691/250
f 1308/1688/198 1319/1687/209 1320/1679/210
f 1306/1681/196 1305/2058/284 1316/1694/206
f 1302/1670/192 1313/1692/269 1314/1696/204
f 1319/1687/209 1329/1443/219 1330/1427/220
f 1317/1695/207 1316/1694/206 1326/1420/216
f 1313/1692/269 1111/1424/214 1324/1434/215
f 1320/1679/210 1330/1427/220 1331/1435/2
f 1317/1695/207 1327/1431/217 1328/1437/218
f 1314/1696/204 1324/1434/215 1325/1440/1
f 1321/1685/211 1331/2044/2 1332/1441/221
f 1319/1687/209 1318/1682/208 1328/1437/218
f 1315/1697/205 1325/1418/1 1326/1420/216
f 1322/1686/212 1332/1441/221 1112/1421/222
f 1546/1698/1 1335/2059/5 1336/1699/6
f 1554/1701/222 1553/1721/221 1342/1702/12
f 1551/1707/220 1550/1723/219 1339/1708/9
f 1547/1700/216 1336/1699/6 1337/1710/277
f 1544/1704/214 1333/1706/3 1334/1713/4
f 1552/1715/2 1551/1707/220 1340/1709/223
f 1548/1711/217 1337/1710/277 1338/1717/8
f 1545/1714/215 1334/1713/4 1335/1719/5
f 1553/1721/221 1552/2060/2 1341/1722/11
f 1550/1723/219 1549/1718/218 1338/1717/8
f 1333/1706/3 1344/1735/14 1345/1724/15
f 1340/1709/223 1351/1736/285 1352/1725/22
f 1338/1717/8 1337/1710/277 1348/1726/18
f 1334/1713/4 1345/1724/15 1346/1728/16
f 1342/1702/12 1341/1722/11 1352/1729/22
f 1338/1717/8 1349/1727/19 1350/1731/20
f 1336/1699/6 1335/2059/5 1346/1732/16
f 1342/1702/12 1353/1730/23 1354/1734/24
f 1340/1709/223 1339/1708/9 1350/1731/20
f 1336/1699/6 1347/1733/17 1348/1726/18
f 1354/1734/24 1353/1730/23 1365/1737/35
f 1350/1731/20 1362/1747/32 1363/1740/33
f 1348/1726/18 1347/1733/17 1359/1741/29
f 1345/1724/15 1344/1735/14 1356/1739/26
f 1351/1736/285 1363/1740/33 1364/1744/34
f 1349/1727/19 1348/1726/18 1360/1742/30
f 1346/1728/16 1345/1724/15 1357/1743/27
f 1352/1729/22 1364/1751/34 1365/1737/35
f 1349/1727/19 1361/1745/31 1362/1747/32
f 1346/1728/16 1358/1746/28 1359/1748/29
f 1357/1743/27 1368/1764/38 1369/1750/39
f 1364/1751/34 1375/2061/45 1376/1752/46
f 1362/1753/32 1361/1767/31 1372/1754/42
f 1359/1748/29 1358/1746/28 1369/1750/39
f 1365/1737/35 1376/1752/46 1377/1757/47
f 1362/1753/32 1373/1755/43 1374/1759/44
f 1359/1761/29 1370/1780/40 1371/1762/229
f 1356/1739/26 1367/1758/227 1368/1764/38
f 1363/1760/33 1374/1759/44 1375/1765/45
f 1360/1763/30 1371/1762/229 1372/1754/42
f 1368/1764/38 1367/1758/227 1378/1769/48
f 1374/1759/44 1385/1781/286 1386/1771/56
f 1372/1754/42 1371/1762/229 1382/1772/52
f 1369/1750/39 1368/1764/38 1379/1770/49
f 1376/1752/46 1375/2061/45 1386/1775/56
f 1372/1754/42 1383/1773/53 1384/1777/54
f 1369/1778/39 1380/1782/50 1381/1779/51
f 1376/1752/46 1387/1776/57 1388/1768/58
f 1374/1759/44 1373/1755/43 1384/1777/54
f 1370/1780/40 1381/1779/51 1382/1772/52
f 1380/1782/50 1391/1798/61 1392/1783/62
f 1387/1776/57 1398/1792/68 1399/1784/257
f 1384/1777/54 1395/1793/232 1396/1786/66
f 1382/1772/52 1381/1779/51 1392/1783/62
f 1378/1769/48 1389/1785/59 1390/1788/60
f 1385/1781/286 1396/1786/66 1397/1789/67
f 1382/1772/52 1393/1787/63 1394/1790/64
f 1380/1774/50 1379/1770/49 1390/1788/60
f 1386/1775/56 1397/2062/67 1398/1792/68
f 1383/1773/53 1394/1790/64 1395/1793/232
f 1390/1788/60 1401/1804/71 1402/1794/72
f 1398/1792/68 1397/2062/67 1408/1795/78
f 1394/1790/64 1405/1806/75 1406/1797/76
f 1391/1798/61 1402/2063/72 1403/1799/73
f 1398/1792/68 1409/1796/79 1410/1800/80
f 1395/1793/232 1406/1797/76 1407/1802/77
f 1393/1787/63 1392/1783/62 1403/1799/73
f 1390/1788/60 1389/1785/59 1400/1801/70
f 1396/1786/66 1407/1802/77 1408/1805/78
f 1393/1787/63 1404/1803/74 1405/1806/75
f 1404/1803/74 1403/1799/73 1414/1807/84
f 1400/1801/70 1411/1818/81 1412/1810/82
f 1407/1802/77 1418/1819/88 1419/1811/89
f 1404/1803/74 1415/1808/85 1416/1812/86
f 1402/1794/72 1401/1804/71 1412/1810/82
f 1408/1795/78 1419/1834/89 1420/1814/90
f 1406/1797/76 1405/1806/75 1416/1812/86
f 1402/1794/72 1413/1813/83 1414/1816/84
f 1409/1796/79 1420/1814/90 1421/1809/91
f 1406/1797/76 1417/1815/87 1418/1819/88
f 1413/1820/83 1424/2064/94 1425/1821/287
f 1421/1809/91 1420/1814/90 1431/1823/101
f 1418/1826/88 1417/1838/87 1428/1827/234
f 1414/1822/84 1425/1821/287 1426/1829/96
f 1411/1818/81 1422/1825/92 1423/1831/93
f 1418/1832/88 1429/2065/279 1430/1833/100
f 1415/1830/85 1426/1829/96 1427/1835/97
f 1413/1813/83 1412/1810/82 1423/1831/93
f 1419/1834/89 1430/1833/100 1431/1823/101
f 1416/1836/86 1427/1835/97 1428/1827/234
f 1426/1829/96 1437/1849/107 1438/1839/108
f 1424/1837/94 1423/1831/93 1434/1840/104
f 1430/1833/100 1441/1859/111 1442/1842/112
f 1428/1827/234 1427/1835/97 1438/1839/108
f 1425/1821/287 1424/2064/94 1435/1844/105
f 1431/1823/101 1442/1842/112 1443/1846/113
f 1428/1827/234 1439/1843/109 1440/1848/110
f 1425/1821/287 1436/1845/106 1437/1849/107
f 1422/1825/92 1433/1847/103 1434/1840/104
f 1429/1828/279 1440/1848/110 1441/1850/111
f 1436/1845/106 1447/1862/117 1448/1852/118
f 1433/1847/103 1444/1863/114 1445/1854/115
f 1441/1850/111 1440/1848/110 1451/1855/281
f 1437/1849/107 1448/1852/118 1449/1857/119
f 1434/1840/104 1445/1854/115 1446/1858/116
f 1441/1859/111 1452/1875/122 1453/1860/123
f 1438/1839/108 1449/1857/119 1450/1861/237
f 1435/1844/105 1446/1866/116 1447/1862/117
f 1443/1846/113 1442/1842/112 1453/1860/123
f 1440/1848/110 1439/1843/109 1450/1861/237
f 1450/1861/237 1449/1857/119 1460/1864/131
f 1446/1866/116 1457/2066/128 1458/1867/129
f 1453/1860/123 1464/1876/135 1465/1868/136
f 1450/1861/237 1461/1865/132 1462/1870/133
f 1447/1862/117 1458/1867/129 1459/1871/130
f 1444/1863/114 1455/1869/126 1456/1872/127
f 1452/1856/122 1451/1855/281 1462/1870/133
f 1448/1852/118 1459/1871/130 1460/1864/131
f 1446/1858/116 1445/1854/115 1456/1872/127
f 1452/1875/122 1463/1881/134 1464/1876/135
f 1460/1864/131 1459/1871/130 1470/1877/141
f 1457/1874/128 1456/1872/127 1467/1879/138
f 1463/1881/134 1474/1890/145 1475/1882/146
f 1460/1864/131 1471/1878/142 1472/1883/143
f 1458/1867/129 1457/2066/128 1468/1884/139
f 1465/1868/136 1464/1876/135 1475/1882/146
f 1462/1870/133 1461/1865/132 1472/1883/143
f 1458/1867/129 1469/1885/239 1470/1877/141
f 1455/1869/126 1466/1887/137 1467/1879/138
f 1462/1889/133 1473/1900/144 1474/1890/145
f 1473/1891/144 1472/1906/143 1483/1892/241
f 1469/1894/239 1480/1908/151 1481/1895/240
f 1467/1879/138 1466/1887/137 1477/1898/148
f 1473/1900/144 1484/2067/155 1485/1901/156
f 1471/1902/142 1470/1896/141 1481/1895/240
f 1468/1880/139 1467/1879/138 1478/1899/149
f 1474/1890/145 1485/1901/156 1486/1905/157
f 1471/1902/142 1482/1903/153 1483/1892/241
f 1468/1907/139 1479/1910/150 1480/1908/151
f 1475/1882/146 1486/1905/157 1487/1897/158
f 1482/1903/153 1494/1919/164 1495/1909/165
f 1479/1910/150 1491/1930/161 1492/1911/282
f 1486/1905/157 1498/1921/168 1499/1912/169
f 1484/1893/155 1483/1892/241 1495/1909/165
f 1480/1908/151 1492/1911/282 1493/1915/163
f 1477/1898/148 1489/1913/159 1490/1916/160
f 1484/1893/155 1496/1914/166 1497/1917/167
f 1482/1903/153 1481/1895/240 1493/1915/163
f 1478/1899/149 1490/1916/160 1491/1920/161
f 1485/1901/156 1497/1927/167 1498/1921/168
f 1496/1914/166 1507/1934/177 1508/1922/178
f 1494/1919/164 1493/1915/163 1504/1923/274
f 1491/1920/161 1490/1916/160 1501/1925/171
f 1497/1927/167 1508/2068/178 1509/1928/179
f 1494/1919/164 1505/1924/175 1506/1929/244
f 1491/1930/161 1502/2069/172 1503/1931/243
f 1498/1921/168 1509/1928/179 1510/1932/246
f 1496/1914/166 1495/1909/165 1506/1929/244
f 1492/1911/282 1503/1931/243 1504/1923/274
f 1489/1913/159 1500/1933/170 1501/1925/171
f 1507/1934/177 1506/1929/244 1517/1936/187
f 1503/1931/243 1514/1947/247 1515/1938/185
f 1500/1933/170 1511/1935/181 1512/1940/182
f 1507/1934/177 1518/1937/188 1519/1941/189
f 1505/1924/175 1504/1923/274 1515/1938/185
f 1502/1926/172 1501/1925/171 1512/1940/182
f 1509/1928/179 1508/2068/178 1519/1944/189
f 1505/1924/175 1516/1942/186 1517/1936/187
f 1503/1931/243 1502/2069/172 1513/1946/183
f 1509/1928/179 1520/1945/190 1521/1939/191
f 1519/1944/189 1530/1957/200 1531/1948/201
f 1516/1942/186 1527/1958/197 1528/1949/198
f 1513/1946/183 1524/2070/194 1525/1950/195
f 1520/1945/190 1531/1948/201 1532/1951/202
f 1518/1937/188 1517/1936/187 1528/1949/198
f 1514/1947/247 1525/1950/195 1526/1954/196
f 1511/1935/181 1522/1952/192 1523/1955/193
f 1518/1956/188 1529/2071/199 1530/1957/200
f 1515/1938/185 1526/1954/196 1527/1958/197
f 1513/1943/183 1512/1940/182 1523/1955/193
f 1522/1952/192 1533/1974/203 1534/1960/204
f 1529/1961/199 1540/1975/288 1541/1962/211
f 1526/1964/196 1537/1977/207 1538/1965/208
f 1524/1959/194 1523/1955/193 1534/1960/204
f 1530/1957/200 1541/1979/211 1542/1968/212
f 1527/1966/197 1538/1965/208 1539/1969/249
f 1524/1959/194 1535/1967/205 1536/1971/275
f 1531/1948/201 1542/1968/212 1543/1973/250
f 1529/1961/199 1528/1970/198 1539/1969/249
f 1525/1976/195 1536/1978/275 1537/1977/207
f 1542/1968/212 1553/1721/221 1554/1701/222
f 1539/1969/249 1550/1723/219 1551/1707/220
f 1536/1978/275 1547/1700/216 1548/1711/217
f 1534/1960/204 1533/1974/203 1544/1704/214
f 1540/1975/288 1551/1707/220 1552/1715/2
f 1537/1977/207 1548/1711/217 1549/1718/218
f 1535/1967/205 1534/1960/204 1545/1714/215
f 1541/1979/211 1552/2060/2 1553/1721/221
f 1538/1965/208 1549/1718/218 1550/1723/219
f 1536/1978/275 1535/2072/205 1546/1698/1
