# Blender 4.3.2
# www.blender.org
o ice_crystal_3
v 0.000000 -0.107126 0.000000
v 0.221383 -0.061047 0.152800
v -0.104040 -0.070504 0.304198
v -0.369690 -0.075454 0.000000
v -0.119311 -0.077917 -0.348847
v 0.248335 -0.066044 -0.171403
v 0.106032 0.031471 0.310022
v -0.310463 0.037564 0.214284
v -0.307245 0.036967 -0.212062
v 0.116618 0.036609 -0.340973
v 0.362225 0.034334 0.000000
v 0.000000 0.099722 0.000000
v -0.108643 -0.089585 0.317656
v -0.092469 -0.098343 0.270364
v -0.079130 -0.101492 0.231365
v -0.072183 -0.105008 0.211051
v -0.047804 -0.104453 0.139772
v -0.030264 -0.104986 0.088488
v -0.013647 -0.104547 0.039901
v 0.039287 -0.106195 0.027116
v 0.087234 -0.106701 0.060210
v 0.143154 -0.106819 0.098806
v 0.194020 -0.105462 0.133914
v 0.223011 -0.102524 0.153924
v 0.282848 -0.101730 0.195224
v 0.241662 -0.079120 0.166797
v 0.219139 -0.069116 0.196960
v 0.204710 -0.077991 0.249230
v 0.170920 -0.085780 0.301623
v 0.109909 -0.085945 0.321346
v 0.048596 -0.086118 0.341201
v -0.011590 -0.078923 0.321017
v -0.066003 -0.078494 0.335502
v 0.271282 -0.070299 -0.140431
v 0.340442 -0.083122 -0.117488
v 0.351350 -0.085145 -0.060626
v 0.290599 -0.073881 0.000000
v 0.303566 -0.076285 0.052381
v 0.330191 -0.081221 0.113950
v 0.250302 -0.066409 0.129570
v 0.038829 -0.105983 -0.026800
v 0.080197 -0.105193 -0.055353
v 0.129898 -0.105076 -0.089657
v 0.155673 -0.102011 -0.107447
v 0.198027 -0.100897 -0.136680
v 0.257945 -0.100521 -0.178036
v 0.256275 -0.082695 -0.176883
v -0.342974 -0.087880 0.000000
v -0.301032 -0.098812 0.000000
v -0.243547 -0.100832 0.000000
v -0.189026 -0.101763 0.000000
v -0.134067 -0.102258 0.000000
v -0.088303 -0.103315 0.000000
v -0.043579 -0.104328 0.000000
v -0.164109 -0.082260 0.328132
v -0.190522 -0.079321 0.267981
v -0.257341 -0.087945 0.255780
v -0.311157 -0.091312 0.214765
v -0.385930 -0.098137 0.176489
v -0.420748 -0.096292 0.114881
v -0.371284 -0.080958 0.045896
v -0.102686 -0.085769 -0.300238
v -0.094443 -0.100002 -0.276138
v -0.083671 -0.102266 -0.244642
v -0.077154 -0.106180 -0.225588
v -0.051758 -0.105814 -0.151332
v -0.032257 -0.106105 -0.094315
v -0.015006 -0.106196 -0.043876
v -0.338119 -0.075513 -0.041796
v -0.298039 -0.074042 -0.081377
v -0.282890 -0.077275 -0.129368
v -0.256305 -0.078741 -0.176905
v -0.216160 -0.077072 -0.214849
v -0.189590 -0.079031 -0.266670
v -0.163957 -0.082202 -0.327828
v -0.067503 -0.079824 -0.343130
v -0.011854 -0.080269 -0.328353
v 0.047517 -0.084650 -0.333628
v 0.102271 -0.081363 -0.299016
v 0.153963 -0.079254 -0.271700
v 0.174271 -0.069368 -0.212171
v 0.229443 -0.071425 -0.206222
v 0.412121 0.027498 0.029469
v 0.392360 0.010903 0.057518
v 0.440392 -0.002211 0.099330
v 0.405973 -0.020000 0.125311
v 0.332301 -0.034150 0.131690
v 0.315673 -0.047634 0.154303
v 0.281615 -0.058039 0.165201
v 0.284101 -0.058375 -0.166660
v 0.322238 -0.048209 -0.157512
v 0.343287 -0.034618 -0.136043
v 0.393932 -0.020000 -0.121595
v 0.418635 -0.003090 -0.094422
v 0.441267 0.014755 -0.064688
v 0.360302 0.021526 -0.025764
v 0.083093 0.020336 0.323935
v 0.062627 0.010401 0.366225
v 0.031063 -0.004921 0.363295
v -0.000000 -0.020000 0.359836
v -0.029399 -0.034271 0.343838
v -0.054314 -0.046366 0.317614
v -0.085680 -0.061592 0.334022
v 0.209354 -0.051550 0.168693
v 0.218323 -0.043939 0.205764
v 0.239629 -0.034459 0.265189
v 0.233388 -0.020000 0.305169
v 0.195040 -0.005269 0.304076
v 0.175775 0.010375 0.330976
v 0.130654 0.019565 0.302574
v -0.339868 0.025907 0.199374
v -0.326938 0.008620 0.159809
v -0.381743 -0.003744 0.151283
v -0.377972 -0.020000 0.116668
v -0.354804 -0.034332 0.080026
v -0.363424 -0.048624 0.053276
v -0.354119 -0.060813 0.025321
v -0.132337 -0.060074 0.306471
v -0.155150 -0.046811 0.292140
v -0.192307 -0.034525 0.299815
v -0.203803 -0.020000 0.266484
v -0.229270 -0.006166 0.253725
v -0.250860 0.007506 0.236429
v -0.272548 0.021074 0.219614
v -0.310463 0.026787 -0.250165
v -0.307455 0.013712 -0.289769
v -0.302388 -0.001755 -0.334641
v -0.229507 -0.020000 -0.300095
v -0.221604 -0.036737 -0.345490
v -0.185608 -0.052075 -0.349490
v -0.155455 -0.067075 -0.360009
v -0.334828 -0.058590 -0.023942
v -0.329017 -0.045914 -0.048232
v -0.344281 -0.033907 -0.077652
v -0.379071 -0.020000 -0.117008
v -0.406181 -0.002703 -0.160968
v -0.377098 0.013011 -0.184328
v -0.344511 0.026534 -0.202097
v 0.141862 0.022959 -0.328530
v 0.181587 0.011380 -0.341919
v 0.255498 -0.000703 -0.398332
v 0.253488 -0.020000 -0.331452
v 0.251843 -0.035195 -0.278705
v 0.222124 -0.044355 -0.209346
v 0.257008 -0.058732 -0.207092
v -0.101870 -0.069450 -0.397135
v -0.078105 -0.057914 -0.456737
v -0.037885 -0.038390 -0.443078
v 0.000000 -0.020000 -0.418705
v 0.034567 -0.003220 -0.404279
v 0.066199 0.012135 -0.387112
v 0.101734 0.029384 -0.396607
v 0.407949 0.046978 0.050428
v 0.434537 0.058792 0.118646
v 0.323839 0.045566 0.148095
v 0.264153 0.040539 0.182322
v 0.229281 0.040536 0.227890
v 0.155641 0.028461 0.218919
v 0.122155 0.026343 0.244246
v 0.066120 0.038598 0.336097
v 0.011307 0.037485 0.313182
v -0.041488 0.036447 0.291295
v -0.086479 0.031887 0.252842
v -0.137708 0.032998 0.243014
v -0.194682 0.035150 0.237021
v -0.245433 0.035009 0.220593
v -0.298329 0.035314 0.154432
v -0.349636 0.044827 0.120661
v -0.396578 0.053531 0.068430
v -0.393888 0.053032 -0.000000
v -0.371652 0.048909 -0.064129
v -0.337517 0.042580 -0.116479
v -0.306184 0.036770 -0.158498
v -0.256949 0.037590 -0.230944
v -0.220382 0.042431 -0.268311
v -0.177003 0.048121 -0.312358
v -0.104857 0.042914 -0.306576
v -0.051338 0.049849 -0.360454
v 0.012361 0.042845 -0.342386
v 0.070227 0.042237 -0.356974
v 0.146496 0.035578 -0.292916
v 0.191976 0.039774 -0.270027
v 0.225524 0.039544 -0.224156
v 0.262089 0.040066 -0.180897
v 0.315757 0.043929 -0.144399
v 0.359687 0.045220 -0.098209
v 0.354335 0.038175 -0.043801
v 0.016501 0.113389 0.048247
v 0.034232 0.108088 0.100089
v 0.049601 0.093810 0.145027
v 0.068570 0.087714 0.200488
v 0.073419 0.063454 0.214665
v 0.084356 0.051470 0.246643
v 0.091466 0.038583 0.267434
v 0.323771 0.044080 0.000000
v 0.272344 0.051301 0.000000
v 0.247282 0.066857 0.000000
v 0.217874 0.085759 0.000000
v 0.158781 0.092578 0.000000
v 0.099346 0.094867 0.000000
v 0.045269 0.093076 0.000000
v -0.041369 0.107728 0.028553
v -0.092069 0.111584 0.063546
v -0.152994 0.114084 0.105598
v -0.173722 0.084234 0.119904
v -0.243189 0.085585 0.167851
v -0.277329 0.069747 0.191415
v -0.277571 0.047905 0.191582
v -0.042390 0.110883 -0.029258
v -0.091482 0.110746 -0.063142
v -0.139780 0.102503 -0.096477
v -0.179026 0.087417 -0.123565
v -0.219331 0.075227 -0.151384
v -0.216918 0.050197 -0.149719
v -0.257714 0.043047 -0.177876
v 0.014328 0.095817 -0.041892
v 0.026776 0.080190 -0.078290
v 0.044077 0.081134 -0.128874
v 0.058789 0.072349 -0.171889
v 0.080268 0.071240 -0.234693
v 0.095238 0.060689 -0.278461
v 0.107152 0.048630 -0.313296
v 0.060077 0.086131 -0.041466
v 0.115097 0.086027 -0.045036
v 0.073426 0.076527 -0.082002
v 0.170106 0.079814 -0.046446
v 0.129367 0.075945 -0.089291
v 0.089553 0.070233 -0.125962
v 0.200721 0.061808 -0.042086
v 0.167511 0.061313 -0.083663
v 0.142955 0.065774 -0.132380
v 0.110402 0.066713 -0.178437
v 0.228429 0.047587 -0.038875
v 0.228088 0.057585 -0.089249
v 0.201388 0.060556 -0.139001
v 0.163289 0.059263 -0.182361
v 0.139180 0.065903 -0.247046
v 0.323700 0.051082 -0.046356
v 0.291433 0.051868 -0.093738
v 0.265040 0.054526 -0.145806
v 0.224609 0.053460 -0.191627
v 0.194241 0.055910 -0.247524
v 0.150786 0.053195 -0.286403
v -0.025434 0.097628 -0.074361
v -0.009107 0.081423 -0.112786
v -0.075234 0.102250 -0.116112
v 0.005737 0.074395 -0.158919
v -0.053856 0.084569 -0.157461
v -0.127609 0.096982 -0.155361
v 0.019408 0.059819 -0.189630
v -0.036042 0.071606 -0.199630
v -0.097144 0.074310 -0.186991
v -0.162733 0.077641 -0.174409
v 0.037343 0.059696 -0.257525
v -0.019191 0.058917 -0.237669
v -0.075881 0.059464 -0.221857
v -0.123313 0.053988 -0.190315
v -0.182654 0.056797 -0.180668
v 0.054407 0.052128 -0.311299
v -0.004006 0.056042 -0.309249
v -0.060668 0.050572 -0.269423
v -0.118029 0.050817 -0.252721
v -0.157428 0.043642 -0.211260
v -0.213712 0.045143 -0.200017
v -0.091551 0.110844 0.000000
v -0.143051 0.105370 -0.032912
v -0.143641 0.105887 0.033047
v -0.176309 0.085787 -0.060845
v -0.176446 0.085869 0.000000
v -0.178853 0.087313 0.061723
v -0.231932 0.080698 -0.096049
v -0.212864 0.072419 -0.029384
v -0.209365 0.070900 0.028901
v -0.214791 0.073256 0.088950
v -0.268089 0.066756 -0.123358
v -0.283321 0.071685 -0.065183
v -0.289993 0.073845 0.000000
v -0.302774 0.077981 0.069659
v -0.293659 0.075031 0.135124
v -0.287341 0.050295 -0.141661
v -0.337130 0.062476 -0.099724
v -0.324660 0.059425 -0.032012
v -0.373127 0.071282 0.036791
v -0.364428 0.069154 0.107799
v -0.327090 0.060019 0.161257
v -0.028622 0.112376 0.083684
v -0.091250 0.128276 0.140831
v -0.012013 0.113783 0.148772
v -0.122815 0.092588 0.149525
v -0.067016 0.110121 0.195938
v 0.007405 0.101834 0.205115
v -0.167390 0.080435 0.179399
v -0.111410 0.088160 0.214452
v -0.044668 0.093527 0.247403
v 0.022511 0.072583 0.219953
v -0.219907 0.072460 0.217515
v -0.140188 0.064113 0.216359
v -0.079528 0.063283 0.232521
v -0.023339 0.075976 0.289045
v 0.038335 0.061814 0.264367
v -0.254115 0.057459 0.237831
v -0.174529 0.050555 0.234210
v -0.117653 0.050592 0.251916
v -0.059409 0.049107 0.263833
v -0.003891 0.053863 0.300386
v 0.050591 0.047069 0.289466
v 0.071955 0.107114 0.049664
v 0.092039 0.100995 0.102788
v 0.128398 0.098280 0.050241
v 0.110255 0.091091 0.155080
v 0.145149 0.087649 0.100184
v 0.197319 0.095782 0.053876
v 0.130722 0.082673 0.211279
v 0.171939 0.083165 0.159220
v 0.185117 0.069858 0.092455
v 0.247011 0.080675 0.051792
v 0.122404 0.055549 0.217269
v 0.168256 0.061674 0.187907
v 0.239583 0.075835 0.165364
v 0.238589 0.061157 0.093358
v 0.275452 0.061501 0.046877
v 0.133403 0.044757 0.253386
v 0.164058 0.044115 0.209061
v 0.239264 0.058253 0.204130
v 0.272111 0.056514 0.149696
v 0.354397 0.067395 0.113990
v 0.331200 0.052729 0.047430
v 0.401936 0.030821 -0.082549
v 0.412415 0.015722 -0.120281
v 0.389993 0.034612 -0.143531
v 0.382591 -0.002961 -0.146461
v 0.381472 0.016704 -0.178853
v 0.308414 0.028391 -0.175760
v 0.386412 -0.020000 -0.185207
v 0.351420 -0.002560 -0.202429
v 0.338437 0.016621 -0.233593
v 0.271980 0.028520 -0.224933
v 0.339128 -0.036012 -0.197231
v 0.348038 -0.020000 -0.240219
v 0.311893 -0.002524 -0.255479
v 0.247550 0.010599 -0.241261
v 0.227501 0.027026 -0.265216
v 0.282069 -0.047461 -0.194686
v 0.310023 -0.036424 -0.251767
v 0.335247 -0.020000 -0.321024
v 0.275013 -0.002307 -0.311937
v 0.225225 0.012461 -0.304817
v 0.194934 0.027895 -0.318199
v 0.041449 0.030683 -0.387601
v 0.006320 0.012129 -0.368563
v -0.022903 0.033961 -0.391980
v -0.026965 -0.003821 -0.371195
v -0.061894 0.017137 -0.404647
v -0.094453 0.036672 -0.389941
v -0.072241 -0.020000 -0.444738
v -0.088203 -0.003646 -0.356391
v -0.141568 0.020104 -0.413913
v -0.169892 0.038404 -0.379464
v -0.113010 -0.039529 -0.448051
v -0.136266 -0.020000 -0.398416
v -0.162183 -0.002217 -0.367077
v -0.222886 0.021326 -0.402754
v -0.217243 0.032333 -0.319954
v -0.134208 -0.054207 -0.392402
v -0.159800 -0.036797 -0.366052
v -0.196554 -0.020000 -0.362900
v -0.240257 -0.001298 -0.364526
v -0.261189 0.015993 -0.330075
v -0.281137 0.032126 -0.298700
v -0.350398 0.027329 -0.146822
v -0.394828 0.014563 -0.128663
v -0.344651 0.026553 -0.086648
v -0.427139 -0.001811 -0.101564
v -0.386475 0.013832 -0.062971
v -0.392990 0.033082 -0.032934
v -0.397715 -0.020000 -0.061381
v -0.429113 -0.001727 -0.034011
v -0.385343 0.013733 0.000000
v -0.386765 0.032242 0.032412
v -0.335016 -0.033532 -0.025187
v -0.339992 -0.020000 0.000000
v -0.418144 -0.002194 0.033142
v -0.412638 0.016122 0.067234
v -0.397216 0.033653 0.099864
v -0.342540 -0.046979 0.000000
v -0.351626 -0.034203 0.026437
v -0.397911 -0.020000 0.061412
v -0.427619 -0.001790 0.101679
v -0.369472 0.012344 0.120400
v -0.335666 0.025340 0.140649
v -0.224062 0.021544 0.238059
v -0.209222 0.008831 0.264403
v -0.192427 0.026355 0.283404
v -0.207350 -0.003860 0.314599
v -0.173964 0.012255 0.314352
v -0.114297 0.019292 0.255289
v -0.160790 -0.020000 0.296868
v -0.167101 -0.001678 0.378209
v -0.100574 0.008491 0.294054
v -0.069192 0.021515 0.285650
v -0.120257 -0.032641 0.275470
v -0.121976 -0.020000 0.356634
v -0.083581 -0.004503 0.337715
v -0.052034 0.011220 0.340183
v -0.018302 0.023122 0.313240
v -0.101940 -0.045982 0.298053
v -0.076305 -0.033186 0.302526
v -0.052688 -0.020000 0.324359
v -0.027507 -0.003496 0.378649
v 0.005956 0.010283 0.347386
v 0.037650 0.026037 0.352073
v 0.166776 0.020976 0.272235
v 0.218812 0.011536 0.296137
v 0.191403 0.019564 0.223133
v 0.250378 -0.003892 0.283994
v 0.262175 0.012407 0.255516
v 0.257185 0.025880 0.212698
v 0.251290 -0.020000 0.240629
v 0.296646 -0.003378 0.242991
v 0.315395 0.014127 0.217689
v 0.325752 0.031112 0.185641
v 0.281250 -0.034899 0.228401
v 0.327295 -0.020000 0.225902
v 0.381260 -0.001079 0.219619
v 0.386669 0.017203 0.181290
v 0.393283 0.035073 0.144742
v 0.273703 -0.046646 0.188913
v 0.308410 -0.034562 0.179367
v 0.363695 -0.020000 0.174319
v 0.442488 -0.000293 0.169391
v 0.408871 0.015415 0.119248
v 0.404802 0.031183 0.083137
v 0.121865 0.011061 -0.356313
v 0.166441 -0.002505 -0.381264
v 0.102374 -0.002309 -0.405880
v 0.228323 -0.020000 -0.421554
v 0.150828 -0.020000 -0.440991
v 0.076283 -0.020000 -0.469619
v 0.221257 -0.037223 -0.335698
v 0.170040 -0.038645 -0.384859
v 0.104398 -0.039357 -0.421826
v 0.030553 -0.038332 -0.420578
v 0.253938 -0.054993 -0.320912
v 0.196390 -0.056413 -0.354875
v 0.124090 -0.055153 -0.362812
v 0.058511 -0.055107 -0.382529
v -0.006751 -0.054324 -0.393746
v 0.229177 -0.062492 -0.243494
v 0.188607 -0.065435 -0.277778
v 0.147543 -0.070721 -0.329546
v 0.079443 -0.067666 -0.327974
v 0.020579 -0.068486 -0.352210
v -0.042016 -0.071376 -0.392904
v -0.329375 0.012066 -0.227337
v -0.318081 -0.003150 -0.258310
v -0.369259 -0.002566 -0.214755
v -0.283265 -0.020000 -0.271248
v -0.318776 -0.020000 -0.220023
v -0.352808 -0.020000 -0.169101
v -0.235265 -0.035136 -0.266852
v -0.262671 -0.034718 -0.215161
v -0.283033 -0.034046 -0.163037
v -0.295740 -0.033171 -0.113214
v -0.211088 -0.050423 -0.285685
v -0.180909 -0.042362 -0.176314
v -0.242873 -0.046280 -0.167634
v -0.278720 -0.046817 -0.130678
v -0.311266 -0.046961 -0.090781
v -0.187669 -0.066110 -0.306341
v -0.204471 -0.062265 -0.238369
v -0.208294 -0.057158 -0.172264
v -0.255951 -0.060160 -0.145863
v -0.300188 -0.062037 -0.110481
v -0.309230 -0.059099 -0.063509
v -0.292762 0.008502 0.202067
v -0.311618 -0.005287 0.181232
v -0.281250 -0.005101 0.228400
v -0.343655 -0.020000 0.164714
v -0.326292 -0.020000 0.225211
v -0.272646 -0.020000 0.261079
v -0.361549 -0.036102 0.138406
v -0.348202 -0.037280 0.200576
v -0.290594 -0.036283 0.238033
v -0.235224 -0.035133 0.266806
v -0.372654 -0.052278 0.108685
v -0.384633 -0.057008 0.180336
v -0.318664 -0.054481 0.219947
v -0.271807 -0.053598 0.264904
v -0.230674 -0.053246 0.312193
v -0.339218 -0.062891 0.069668
v -0.410716 -0.077514 0.151159
v -0.348270 -0.074645 0.198475
v -0.273707 -0.068828 0.226363
v -0.239182 -0.069440 0.278835
v -0.181378 -0.064564 0.296070
v 0.111795 0.008494 0.326870
v 0.098031 -0.003059 0.388663
v 0.149576 -0.004277 0.342630
v 0.060129 -0.020000 0.370169
v 0.113449 -0.020000 0.331701
v 0.191010 -0.020000 0.352663
v 0.028317 -0.036990 0.389795
v 0.101312 -0.038784 0.409358
v 0.157948 -0.037319 0.357491
v 0.205517 -0.035998 0.311818
v -0.006304 -0.052051 0.367671
v 0.059510 -0.055706 0.389056
v 0.128186 -0.056313 0.374787
v 0.167558 -0.051067 0.302777
v 0.203801 -0.048084 0.257552
v -0.033354 -0.060784 0.311902
v 0.019492 -0.065925 0.333606
v 0.089285 -0.073571 0.368605
v 0.142869 -0.069114 0.319106
v 0.191262 -0.066075 0.281689
v 0.204879 -0.057987 0.217678
v 0.440747 0.014714 0.000000
v 0.453151 -0.001696 0.034069
v 0.425473 -0.002814 -0.031988
v 0.416712 -0.020000 0.064313
v 0.433785 -0.020000 0.000000
v 0.387863 -0.020000 -0.059861
v 0.381854 -0.036261 0.090796
v 0.399588 -0.037016 0.031671
v 0.442952 -0.038862 -0.035108
v 0.349686 -0.034891 -0.083147
v 0.333240 -0.049172 0.108593
v 0.326264 -0.048561 0.053160
v 0.393291 -0.054429 0.000000
v 0.370119 -0.052400 -0.060305
v 0.296062 -0.045917 -0.096478
v 0.320402 -0.063278 0.134253
v 0.343008 -0.066331 0.086235
v 0.342686 -0.066288 0.028718
v 0.364186 -0.069192 -0.030520
v 0.397263 -0.073660 -0.099875
v 0.309863 -0.061854 -0.129837
v 0.202869 -0.081838 -0.189869
v 0.205401 -0.100954 -0.203167
v 0.170999 -0.089128 -0.229472
v 0.171269 -0.103414 -0.183557
v 0.143253 -0.100893 -0.221089
v 0.109187 -0.085513 -0.233790
v 0.124502 -0.105120 -0.151579
v 0.106017 -0.103439 -0.204070
v 0.075803 -0.099382 -0.221630
v 0.057574 -0.086972 -0.255682
v 0.073947 -0.106024 -0.114127
v 0.058033 -0.104902 -0.169676
v 0.041612 -0.103864 -0.230481
v 0.021415 -0.101209 -0.265213
v 0.003800 -0.092145 -0.293400
v 0.025547 -0.105723 -0.074693
v 0.010995 -0.106368 -0.136175
v -0.007217 -0.105809 -0.199884
v -0.026789 -0.104526 -0.261748
v -0.037777 -0.100093 -0.260517
v -0.054120 -0.091747 -0.309655
v -0.147725 -0.091709 -0.280588
v -0.134770 -0.100477 -0.239217
v -0.170719 -0.086718 -0.217549
v -0.118069 -0.101910 -0.190828
v -0.174001 -0.100669 -0.194323
v -0.210657 -0.088896 -0.179722
v -0.122845 -0.106567 -0.172789
v -0.181216 -0.104310 -0.167810
v -0.212419 -0.100745 -0.146614
v -0.261892 -0.093641 -0.144074
v -0.087651 -0.105284 -0.097888
v -0.163160 -0.106151 -0.112615
v -0.215210 -0.103670 -0.107485
v -0.261680 -0.101352 -0.102393
v -0.281428 -0.089401 -0.090519
v -0.064315 -0.105042 -0.044391
v -0.107444 -0.102847 -0.042042
v -0.186171 -0.104386 -0.050832
v -0.236572 -0.102463 -0.049603
v -0.286061 -0.100696 -0.048682
v -0.323178 -0.090968 -0.046281
v -0.369407 -0.100168 0.052902
v -0.295456 -0.101113 0.050281
v -0.358337 -0.101255 0.115256
v -0.222573 -0.101607 0.046668
v -0.297768 -0.103193 0.116514
v -0.317872 -0.101407 0.174870
v -0.161115 -0.102181 0.043991
v -0.200731 -0.102616 0.100254
v -0.246229 -0.102774 0.169951
v -0.237942 -0.097820 0.203001
v -0.103940 -0.102362 0.040671
v -0.111424 -0.100396 0.076906
v -0.144479 -0.101003 0.133791
v -0.162884 -0.099067 0.181908
v -0.187672 -0.093343 0.239152
v -0.059008 -0.103636 0.040729
v -0.079949 -0.103765 0.089287
v -0.097702 -0.102766 0.137425
v -0.115346 -0.101589 0.186427
v -0.133934 -0.100400 0.237735
v -0.150862 -0.093231 0.286546
v 0.264208 -0.084636 -0.130256
v 0.346754 -0.100724 -0.102571
v 0.252028 -0.100234 -0.115968
v 0.277891 -0.087983 -0.027400
v 0.242690 -0.098537 -0.055835
v 0.220519 -0.102361 -0.091322
v 0.297114 -0.092686 0.029296
v 0.230375 -0.094551 0.000000
v 0.195693 -0.100745 -0.027014
v 0.175117 -0.103761 -0.060433
v 0.307533 -0.095235 0.090969
v 0.291707 -0.102160 0.067113
v 0.220370 -0.102352 0.030420
v 0.163585 -0.102723 0.000000
v 0.119002 -0.103644 -0.027378
v 0.251604 -0.081552 0.124042
v 0.257827 -0.100515 0.118636
v 0.247729 -0.104133 0.102591
v 0.203789 -0.106341 0.070328
v 0.117108 -0.103395 0.026943
v 0.078863 -0.104906 0.000000
v -0.050332 -0.086726 0.287985
v -0.036883 -0.098716 0.254356
v 0.003988 -0.095695 0.307837
v -0.022643 -0.101969 0.221243
v 0.020474 -0.100629 0.253554
v 0.067950 -0.099041 0.301758
v -0.006713 -0.104568 0.185956
v 0.041520 -0.103829 0.229965
v 0.086349 -0.101564 0.252462
v 0.128934 -0.097361 0.276071
v 0.010654 -0.105797 0.131944
v 0.063832 -0.106591 0.186628
v 0.111487 -0.104235 0.214598
v 0.144551 -0.101010 0.223092
v 0.171817 -0.089458 0.230569
v 0.025488 -0.105682 0.074521
v 0.077907 -0.106989 0.120237
v 0.149262 -0.108525 0.181723
v 0.170361 -0.103333 0.182583
v 0.216476 -0.101653 0.214122
v 0.224988 -0.088580 0.210570
v 0.053887 -0.200000 0.086121
v 0.085665 -0.200000 -0.008057
v -0.008513 -0.200000 -0.039835
v -0.040292 -0.200000 0.054343
v 0.053887 0.083578 0.086121
v 0.085665 0.083578 -0.008057
v -0.008513 0.083578 -0.039835
v -0.040292 0.083578 0.054343
v 0.022687 1.375432 0.023143
v -0.026998 -0.177449 -0.070153
v -0.140881 -0.212261 -0.038369
v -0.109670 -0.205667 0.080685
v 0.004213 -0.170855 0.048901
v -0.103662 0.078739 -0.064245
v -0.217545 0.043927 -0.032462
v -0.186334 0.050522 0.086592
v -0.072451 0.085334 0.054809
v -0.494244 1.231713 0.038087
v -0.054069 -0.208921 0.000775
v 0.001940 -0.172119 0.071420
v 0.071613 -0.152893 0.006166
v 0.015604 -0.189695 -0.064479
v -0.140642 -0.011424 -0.033473
v -0.084632 0.025378 0.037172
v -0.014959 0.044604 -0.028082
v -0.070968 0.007802 -0.098727
v -0.472184 0.916298 -0.186795
v -0.074089 -0.176227 0.032067
v 0.040477 -0.154840 0.019533
v 0.035678 -0.193847 -0.090899
v -0.078888 -0.215234 -0.078365
v -0.109131 -0.019970 -0.021604
v 0.005435 0.001417 -0.034137
v 0.000636 -0.037590 -0.144569
v -0.113930 -0.058978 -0.132036
v -0.213883 0.683056 -0.327587
v -0.026630 -0.182745 -0.010526
v -0.001741 -0.196973 0.075052
v 0.083632 -0.208775 0.048261
v 0.058743 -0.194547 -0.037318
v 0.007240 0.011363 0.011895
v 0.032129 -0.002865 0.097473
v 0.117502 -0.014666 0.070682
v 0.092612 -0.000439 -0.014897
v 0.216666 0.882620 0.143429
v -0.132706 -0.142627 -0.076095
v -0.141252 -0.145854 0.051921
v -0.028956 -0.207708 0.057858
v -0.020410 -0.204481 -0.070158
v -0.038028 0.030287 -0.065414
v -0.046574 0.027059 0.062601
v 0.065722 -0.034795 0.068539
v 0.074268 -0.031567 -0.059477
v 0.445161 0.785463 0.050216
v 0.029714 -0.209682 -0.074631
v -0.101660 -0.173453 -0.059191
v -0.086358 -0.176037 0.077078
v 0.045017 -0.212266 0.061638
v 0.086134 -0.004050 -0.077068
v -0.045240 0.032179 -0.061628
v -0.029938 0.029595 0.074641
v 0.101437 -0.006634 0.059201
v 0.285123 0.949539 -0.012315
v 0.069170 -0.201744 -0.031698
v -0.016193 -0.149493 -0.108624
v -0.104069 -0.160658 -0.018693
v -0.018707 -0.212908 0.058233
v 0.111325 -0.043260 0.029170
v 0.025963 0.008990 -0.047756
v -0.061914 -0.002175 0.042175
v 0.023449 -0.054425 0.119101
v 0.216747 0.699262 0.312960
vn -0.0212 -0.9997 0.0147
vn 0.0004 -1.0000 0.0022
vn -0.0273 -0.9996 0.0119
vn 0.6560 -0.0762 0.7509
vn 0.5296 0.8159 0.2321
vn 0.5167 -0.5740 0.6353
vn -0.0350 -0.9992 0.0187
vn -0.0133 -0.9999 -0.0001
vn 0.0184 -0.9998 -0.0068
vn 0.1592 -0.9007 0.4041
vn -0.2886 -0.1202 0.9499
vn 0.1017 -0.3945 0.9132
vn -0.3421 0.1779 0.9227
vn -0.9449 -0.0636 -0.3210
vn -0.9020 0.3312 -0.2769
vn -0.9010 0.4186 -0.1143
vn -0.0723 -0.9720 -0.2237
vn -0.4125 -0.8467 -0.3361
vn -0.4084 -0.7817 -0.4713
vn 0.7769 -0.3870 -0.4967
vn 0.2496 -0.9087 -0.3347
vn 0.5700 -0.3691 -0.7341
vn 0.8027 -0.3713 0.4668
vn -0.0647 0.5713 0.8182
vn -0.8653 0.2959 -0.4047
vn -0.2131 -0.9354 -0.2821
vn 0.3058 -0.9035 -0.3004
vn 0.4437 0.7371 0.5098
vn 0.5507 0.4445 0.7066
vn 0.3165 0.8905 0.3268
vn -0.4216 0.5323 0.7341
vn -0.4208 0.0206 0.9069
vn -0.6637 0.4471 0.5997
vn -0.1938 0.9730 -0.1256
vn -0.2497 0.9478 -0.1985
vn -0.0930 0.9853 -0.1433
vn 0.4016 0.8755 -0.2688
vn 0.0396 0.9658 -0.2563
vn 0.2114 0.9234 -0.3203
vn 0.3729 0.8639 -0.3386
vn 0.4701 0.8574 0.2095
vn 0.1824 0.9811 -0.0646
vn 0.0840 0.9753 -0.2043
vn 0.2213 0.9598 -0.1728
vn 0.1544 0.9806 -0.1205
vn 0.0275 0.9838 -0.1769
vn 0.0684 0.9770 -0.2021
vn 0.0760 0.9835 -0.1642
vn 0.0338 0.9774 -0.2088
vn 0.3462 0.8814 -0.3214
vn 0.2944 0.8875 -0.3544
vn 0.4884 0.7767 -0.3977
vn 0.4118 0.8462 -0.3381
vn 0.2370 0.9533 -0.1874
vn 0.2988 0.9394 -0.1683
vn 0.1791 0.9812 0.0715
vn 0.1522 0.9743 -0.1660
vn 0.0542 0.9887 -0.1394
vn 0.0897 0.9921 -0.0876
vn 0.1510 0.9661 -0.2096
vn 0.1194 0.9883 -0.0949
vn 0.0026 0.9916 -0.1296
vn 0.2574 0.9493 -0.1802
vn 0.1251 0.9891 -0.0781
vn 0.1123 0.9937 -0.0056
vn -0.0508 0.9926 -0.1104
vn 0.1176 0.9910 0.0646
vn 0.0823 0.9959 -0.0370
vn 0.1167 0.9926 -0.0330
vn 0.1253 0.9848 -0.1206
vn 0.0151 0.9660 -0.2579
vn 0.0809 0.9967 -0.0044
vn 0.1773 0.9698 -0.1673
vn 0.2661 0.9423 -0.2034
vn 0.4183 0.8570 -0.3010
vn 0.3345 0.6935 -0.6381
vn 0.2107 0.9775 -0.0107
vn 0.1583 0.9463 -0.2819
vn 0.3048 0.8972 -0.3195
vn 0.4215 0.8550 -0.3020
vn 0.3852 0.8285 -0.4064
vn 0.3566 0.6815 -0.6391
vn 0.1382 0.9883 -0.0640
vn 0.2380 0.9443 -0.2272
vn 0.1755 0.9697 -0.1697
vn 0.0804 0.9666 -0.2433
vn -0.0093 0.9722 -0.2338
vn -0.0744 0.9919 -0.1029
vn 0.0113 0.9772 -0.2120
vn -0.0013 0.9958 -0.0915
vn 0.1414 0.9685 -0.2048
vn -0.2261 0.9710 -0.0781
vn 0.1483 0.9492 -0.2775
vn -0.0903 0.9262 -0.3661
vn -0.2304 0.9658 -0.1190
vn 0.0773 0.9510 -0.2994
vn -0.1285 0.8079 -0.5751
vn -0.2195 0.7097 -0.6695
vn -0.4652 0.6108 -0.6406
vn -0.0114 0.9901 -0.1397
vn -0.1162 0.9510 -0.2865
vn -0.2246 0.7754 -0.5901
vn -0.2488 0.7539 -0.6080
vn -0.4538 0.5996 -0.6592
vn 0.0065 0.9881 -0.1535
vn -0.0917 0.9892 -0.1147
vn -0.0833 0.9935 -0.0775
vn -0.0916 0.9815 -0.1684
vn -0.1081 0.9862 -0.1251
vn 0.0701 0.9566 -0.2829
vn -0.0263 0.9737 -0.2263
vn -0.0376 0.9944 -0.0986
vn -0.1230 0.9868 -0.1054
vn -0.1207 0.9909 -0.0595
vn -0.1271 0.9890 -0.0751
vn 0.0437 0.9976 -0.0544
vn -0.0346 0.9994 0.0031
vn -0.3123 0.9497 -0.0223
vn -0.3401 0.9398 0.0320
vn -0.1832 0.9829 -0.0187
vn -0.2093 0.8896 -0.4060
vn -0.2210 0.8614 -0.4574
vn -0.0171 0.9934 -0.1131
vn -0.3020 0.9515 -0.0596
vn -0.4788 0.8597 0.1778
vn -0.4473 0.8944 -0.0042
vn -0.4968 0.8668 -0.0430
vn -0.3464 0.9277 0.1393
vn -0.1697 0.9837 0.0589
vn -0.1999 0.9796 -0.0197
vn -0.1358 0.9890 -0.0583
vn -0.1219 0.9880 0.0949
vn -0.1525 0.9882 -0.0155
vn -0.0714 0.9938 -0.0855
vn -0.0273 0.9996 -0.0005
vn -0.1494 0.9849 0.0879
vn -0.5387 0.6669 0.5147
vn -0.4472 0.8281 -0.3381
vn -0.2277 0.9689 -0.0967
vn -0.3487 0.9333 -0.0858
vn -0.6257 0.6310 0.4586
vn -0.6775 0.1993 0.7080
vn -0.6901 0.6086 -0.3917
vn -0.7399 0.5010 -0.4489
vn -0.8509 0.5085 -0.1317
vn -0.9107 0.4007 0.1000
vn -0.6681 0.1304 0.7325
vn -0.7862 0.2980 0.5413
vn 0.0570 0.9911 -0.1201
vn 0.0507 0.9964 -0.0686
vn -0.2032 0.9576 0.2042
vn -0.4147 0.8312 0.3702
vn -0.0762 0.9727 0.2191
vn -0.0022 0.8813 0.4725
vn -0.4882 0.1829 0.8534
vn 0.1331 0.9848 0.1120
vn 0.1882 0.9781 0.0893
vn 0.1695 0.9741 0.1495
vn -0.1455 0.9433 0.2983
vn 0.2656 0.8712 0.4129
vn 0.1022 0.8544 0.5095
vn -0.3649 0.7189 0.5917
vn -0.1731 0.8282 0.5331
vn 0.2898 0.7974 0.5293
vn 0.1215 0.7669 0.6301
vn -0.1884 0.7911 0.5819
vn -0.3710 0.5601 0.7407
vn -0.1801 0.6446 0.7430
vn 0.2745 0.9141 0.2985
vn 0.2174 0.9137 0.3433
vn -0.0263 0.5195 0.8541
vn -0.2016 0.4220 0.8839
vn -0.5543 0.4570 0.6956
vn -0.0665 0.5778 0.8134
vn 0.1932 0.9333 0.3027
vn -0.1490 0.6058 0.7815
vn -0.0717 0.4495 0.8904
vn -0.3605 0.3474 0.8657
vn -0.4444 0.5857 0.6778
vn -0.1705 0.7936 0.5840
vn 0.3332 0.6540 0.6791
vn 0.1077 0.9898 -0.0931
vn 0.1492 0.9805 0.1282
vn 0.0968 0.9897 0.1053
vn 0.2899 0.6443 0.7077
vn 0.2435 0.7049 0.6662
vn 0.5285 0.3114 0.7898
vn 0.1062 0.9943 0.0087
vn 0.2457 0.9609 0.1277
vn 0.2108 0.9524 0.2205
vn 0.2091 0.9592 0.1902
vn 0.3066 0.9217 0.2375
vn 0.4389 0.8812 0.1756
vn 0.2650 0.7180 0.6436
vn 0.3025 0.9390 0.1634
vn 0.1603 0.9807 0.1118
vn 0.2768 0.9563 -0.0936
vn 0.1630 0.7039 0.6913
vn 0.3866 0.7300 0.5637
vn 0.2912 0.9222 0.2544
vn 0.0788 0.9823 0.1700
vn 0.1207 0.9671 -0.2240
vn 0.4440 0.5783 0.6844
vn 0.2276 0.2610 0.9381
vn 0.4577 0.7483 0.4802
vn 0.1521 0.8459 0.5111
vn 0.9071 0.3130 0.2815
vn 0.7009 0.6727 -0.2370
vn 0.6522 0.7577 -0.0226
vn 0.9643 0.2540 -0.0753
vn 0.3843 0.9200 0.0766
vn 0.7255 -0.6378 -0.2586
vn 0.8941 0.1641 -0.4167
vn 0.6628 -0.7139 -0.2260
vn 0.9214 -0.0865 -0.3788
vn 0.3375 -0.9410 0.0243
vn 0.9135 -0.1763 -0.3668
vn 0.4417 -0.8936 -0.0799
vn 0.3249 -0.9342 -0.1474
vn 0.2780 -0.9043 -0.3238
vn 0.4952 0.8087 -0.3175
vn 0.7494 0.2328 -0.6198
vn 0.1950 0.9282 -0.3169
vn 0.8006 0.1904 -0.5682
vn 0.5995 0.4749 -0.6443
vn 0.2108 0.8606 -0.4636
vn 0.8846 -0.0982 -0.4559
vn 0.3197 0.8670 -0.3822
vn 0.5432 0.5495 -0.6348
vn 0.5580 0.7655 -0.3204
vn 0.2095 -0.9665 -0.1485
vn 0.7090 -0.0530 -0.7032
vn 0.3237 0.8850 -0.3346
vn 0.3913 0.8944 -0.2166
vn 0.3153 0.8174 -0.4822
vn 0.7870 -0.2312 -0.5720
vn 0.5151 -0.8552 -0.0573
vn 0.5145 -0.7976 -0.3148
vn 0.7550 0.3388 -0.5614
vn 0.0895 0.9086 -0.4080
vn 0.3288 0.8408 -0.4301
vn 0.4308 0.1973 -0.8806
vn -0.0461 0.3258 -0.9443
vn -0.1571 0.4171 -0.8952
vn -0.1761 0.8765 -0.4481
vn -0.1004 0.0215 -0.9947
vn -0.0258 0.7463 -0.6651
vn 0.0776 0.3414 -0.9367
vn 0.4050 -0.1231 -0.9060
vn -0.0104 0.6617 -0.7497
vn -0.0062 -0.4427 -0.8966
vn -0.5868 0.0298 -0.8092
vn -0.6025 -0.6137 -0.5103
vn 0.2832 0.4399 -0.8522
vn 0.0786 -0.2348 -0.9689
vn -0.0065 0.8919 -0.4522
vn -0.1084 0.0775 -0.9911
vn -0.0364 -0.0544 -0.9979
vn -0.0984 0.9550 -0.2797
vn -0.4974 0.6588 -0.5644
vn -0.1990 -0.2132 -0.9565
vn -0.4894 0.1417 -0.8605
vn -0.2590 0.9448 -0.2006
vn -0.5774 -0.2657 -0.7720
vn -0.3412 -0.3313 -0.8797
vn -0.5399 -0.6113 -0.5786
vn -0.3607 0.8068 -0.4679
vn -0.3828 0.8441 -0.3754
vn -0.4855 -0.6684 -0.5635
vn -0.8078 -0.2345 -0.5408
vn -0.7050 -0.6253 -0.3348
vn -0.7152 -0.1240 -0.6879
vn -0.7874 0.5274 -0.3193
vn -0.5100 0.8250 -0.2434
vn -0.4760 0.8146 -0.3314
vn -0.5433 0.7738 -0.3256
vn -0.3453 0.9334 -0.0978
vn -0.9022 -0.1537 -0.4029
vn -0.4313 0.8984 -0.0828
vn -0.2859 -0.9494 -0.1296
vn -0.9902 0.0006 -0.1394
vn -0.3251 -0.9363 -0.1331
vn -0.3644 -0.9293 0.0604
vn -0.7731 -0.6040 -0.1938
vn -0.8633 -0.5043 -0.0181
vn -0.9438 0.0397 -0.3282
vn -0.8433 0.4064 -0.3517
vn -0.4988 0.8514 -0.1622
vn -0.9729 0.0739 -0.2190
vn -0.9849 0.0050 0.1729
vn -0.8875 0.4606 -0.0110
vn -0.9847 0.0918 -0.1479
vn -0.8049 -0.5759 -0.1428
vn -0.9449 -0.1680 -0.2810
vn -0.7540 0.6564 -0.0229
vn -0.7942 0.2667 0.5460
vn -0.8694 -0.2637 -0.4179
vn -0.4369 -0.8956 -0.0839
vn -0.9208 -0.0185 0.3895
vn -0.5127 0.5611 0.6499
vn -0.5926 0.5194 0.6157
vn -0.9858 -0.1471 -0.0805
vn -0.9685 -0.2463 -0.0368
vn -0.5266 -0.8263 0.1996
vn -0.6728 0.0780 0.7357
vn -0.7973 0.1309 0.5893
vn -0.8869 0.0815 0.4547
vn -0.3699 0.0252 0.9287
vn -0.4128 0.4627 0.7846
vn -0.3907 0.6625 0.6391
vn -0.4649 0.4157 0.7817
vn -0.7200 0.4990 0.4824
vn -0.6112 -0.0121 0.7914
vn -0.8431 -0.0687 0.5334
vn -0.0533 0.5546 0.8304
vn -0.1085 -0.8099 0.5764
vn 0.0692 0.4398 0.8954
vn -0.2156 -0.1824 0.9593
vn -0.2731 0.7320 0.6242
vn -0.4353 0.7472 0.5022
vn -0.1547 0.9461 0.2845
vn -0.0599 0.8201 0.5691
vn -0.3642 0.0799 0.9279
vn -0.0976 0.9534 0.2855
vn -0.3634 0.8361 0.4110
vn 0.1516 -0.6793 0.7181
vn 0.0046 0.5283 0.8490
vn -0.2547 0.8783 0.4045
vn -0.2532 0.8073 0.5331
vn -0.3423 -0.3941 0.8530
vn -0.3773 -0.5725 0.7279
vn -0.2339 0.0414 0.9714
vn -0.1590 0.7915 0.5901
vn -0.1356 0.6937 0.7073
vn -0.3378 -0.0100 0.9412
vn -0.6401 0.1025 0.7614
vn -0.3085 -0.1320 0.9420
vn -0.1708 0.2779 0.9453
vn -0.0193 0.7633 0.6457
vn 0.4821 0.4874 0.7280
vn 0.1887 0.9420 0.2774
vn 0.4523 0.4391 0.7763
vn 0.1108 0.9875 0.1120
vn 0.5684 0.3044 0.7644
vn 0.3689 0.6470 0.6673
vn 0.7196 -0.0647 0.6913
vn 0.7485 0.0365 0.6621
vn 0.6393 -0.7154 0.2819
vn 0.6588 -0.2439 0.7117
vn 0.3874 -0.9143 0.1181
vn 0.2609 -0.7764 0.5737
vn 0.1658 -0.9264 0.3381
vn 0.0532 0.6952 0.7169
vn 0.2967 0.8529 0.4296
vn 0.2676 0.8293 0.4905
vn 0.4072 -0.0315 0.9128
vn 0.1962 0.8175 0.5414
vn 0.1685 0.8832 0.4377
vn 0.2935 -0.7546 0.5869
vn 0.5439 -0.0284 0.8387
vn 0.3344 0.8530 0.4007
vn 0.6236 0.5182 0.5853
vn 0.3870 -0.8716 0.3008
vn 0.2599 -0.9431 0.2072
vn 0.9102 -0.0044 0.4142
vn 0.6885 0.7249 0.0213
vn 0.8993 -0.4308 -0.0752
vn 0.6757 -0.5359 0.5062
vn 0.5332 -0.7809 0.3253
vn 0.3535 -0.9241 0.1451
vn 0.9979 0.0644 0.0085
vn 0.9317 0.3225 0.1669
vn 0.8053 0.5917 0.0373
vn 0.5820 0.5121 -0.6317
vn 0.0420 0.9412 -0.3353
vn 0.3977 -0.1628 -0.9030
vn 0.6622 -0.4287 -0.6146
vn 0.8518 -0.2910 -0.4355
vn 0.6645 -0.7469 -0.0242
vn 0.0985 0.9367 -0.3359
vn 0.3658 0.0548 -0.9291
vn -0.0482 0.0574 -0.9972
vn 0.1777 -0.8991 -0.4000
vn 0.1112 -0.9208 -0.3737
vn -0.0855 -0.8066 -0.5849
vn 0.4165 -0.7083 -0.5699
vn 0.0632 -0.9304 -0.3612
vn 0.0600 -0.9416 -0.3313
vn 0.2445 -0.8628 -0.4424
vn 0.2147 -0.9742 -0.0697
vn 0.1028 -0.9532 -0.2842
vn 0.2045 -0.8428 -0.4979
vn 0.0985 -0.8938 -0.4375
vn 0.1817 -0.9387 -0.2931
vn 0.6589 -0.5056 -0.5570
vn 0.2457 -0.9596 -0.1374
vn 0.0857 -0.9734 -0.2126
vn 0.2004 -0.8140 -0.5452
vn 0.0475 -0.9496 -0.3100
vn -0.0164 -0.9768 -0.2136
vn -0.6896 0.4767 -0.5452
vn -0.8001 -0.4486 -0.3983
vn -0.3129 -0.9245 -0.2178
vn -0.3884 -0.9141 -0.1162
vn -0.6050 -0.7945 -0.0518
vn -0.6858 -0.6817 -0.2549
vn -0.7238 -0.1492 -0.6737
vn -0.3029 -0.9241 -0.2328
vn -0.2575 -0.9546 -0.1496
vn -0.1858 -0.9757 -0.1164
vn -0.2954 -0.9444 -0.1442
vn -0.5688 -0.7087 -0.4173
vn -0.8438 -0.2168 -0.4910
vn -0.2565 -0.8534 -0.4538
vn -0.6974 -0.4513 -0.5567
vn -0.7221 -0.5310 -0.4433
vn -0.9759 0.1870 -0.1126
vn -0.4397 0.5346 -0.7217
vn -0.6914 0.1556 -0.7055
vn -0.8531 -0.2129 -0.4764
vn -0.8448 -0.2320 -0.4821
vn -0.6211 -0.7667 -0.1624
vn -0.8553 -0.3325 -0.3974
vn -0.6712 -0.0579 -0.7390
vn -0.8180 -0.2748 -0.5052
vn -0.8008 -0.4250 -0.4219
vn -0.8291 -0.0424 -0.5575
vn -0.6587 -0.1732 0.7322
vn -0.6372 0.5655 0.5236
vn -0.7571 0.2452 0.6056
vn -0.9140 0.3488 0.2073
vn -0.8618 0.3682 -0.3489
vn -0.9905 0.0108 -0.1372
vn -0.3898 0.7760 0.4959
vn -0.6522 0.3566 0.6690
vn -0.4004 0.2017 0.8939
vn -0.7055 0.3963 0.5875
vn -0.5864 -0.0836 0.8057
vn -0.3210 0.5593 0.7643
vn -0.7573 0.3365 0.5597
vn -0.4735 -0.2520 0.8440
vn -0.6832 -0.0996 0.7234
vn -0.3782 -0.0194 0.9255
vn -0.9185 0.2917 0.2671
vn -0.4725 -0.1421 0.8698
vn -0.6218 -0.2406 0.7453
vn -0.3297 -0.7651 0.5531
vn -0.3394 -0.2198 0.9146
vn -0.9407 -0.2606 -0.2170
vn -0.5149 -0.6003 0.6119
vn -0.3088 -0.5691 0.7621
vn -0.5050 -0.6043 0.6163
vn -0.2629 -0.8637 0.4299
vn -0.4010 -0.1963 0.8948
vn 0.1888 0.8880 0.4193
vn 0.3535 0.0624 0.9334
vn -0.1188 0.3785 0.9179
vn -0.3261 0.2159 0.9203
vn -0.5225 -0.4892 0.6983
vn -0.1079 -0.1849 0.9768
vn 0.0717 0.3634 0.9289
vn 0.3783 0.0627 0.9235
vn 0.5052 0.1558 0.8488
vn 0.2546 0.1252 0.9589
vn 0.4997 -0.0851 0.8620
vn 0.4228 -0.8390 0.3424
vn -0.1797 -0.7228 0.6673
vn 0.4838 -0.6892 0.5394
vn 0.5917 -0.5944 0.5446
vn 0.6532 -0.7321 0.1934
vn -0.3217 -0.6284 0.7082
vn 0.0895 -0.8383 0.5379
vn 0.5329 -0.5658 0.6292
vn 0.8252 -0.0277 0.5641
vn 0.9713 -0.0641 0.2293
vn -0.2813 -0.4351 0.8553
vn -0.2049 -0.7395 0.6412
vn 0.2340 -0.8897 0.3921
vn 0.5366 -0.5756 0.6171
vn 0.8486 -0.3888 0.3588
vn 0.7587 0.5957 0.2638
vn 0.7785 0.6143 -0.1288
vn 0.9801 0.0858 0.1790
vn 0.5144 -0.8488 0.1219
vn 0.3225 -0.9340 0.1539
vn 0.8028 -0.4725 0.3638
vn 0.5942 -0.5665 0.5710
vn 0.7254 -0.6466 -0.2360
vn 0.8969 -0.4406 -0.0377
vn 0.6681 -0.4857 -0.5636
vn 0.4298 -0.8643 0.2613
vn 0.9210 -0.1821 -0.3443
vn 0.3478 -0.8386 -0.4193
vn 0.9254 -0.3203 0.2027
vn 0.3926 -0.8976 0.2005
vn 0.8634 -0.1332 -0.4866
vn 0.9045 -0.0970 -0.4152
vn 0.9743 -0.2211 -0.0424
vn 0.4560 -0.8351 0.3077
vn 0.4864 -0.8635 0.1331
vn 0.9144 -0.0888 -0.3949
vn 0.8015 -0.1104 -0.5877
vn 0.6469 -0.6493 0.4000
vn 0.7234 -0.6665 -0.1800
vn 0.6443 -0.7634 -0.0453
vn 0.3299 -0.9110 0.2476
vn 0.3815 -0.4493 -0.8078
vn 0.4908 -0.7070 -0.5092
vn 0.7678 0.1390 -0.6255
vn 0.6392 -0.5596 -0.5275
vn 0.4218 -0.1931 -0.8859
vn 0.0266 -0.9996 -0.0039
vn 0.5009 -0.5164 -0.6946
vn 0.0574 -0.9982 -0.0198
vn 0.0423 -0.9987 -0.0274
vn 0.0422 -0.9991 -0.0040
vn 0.0301 -0.9995 -0.0092
vn 0.0177 -0.9998 0.0103
vn 0.0084 -1.0000 -0.0019
vn 0.0061 -1.0000 0.0021
vn 0.6102 -0.4312 -0.6646
vn 0.0358 -0.8759 -0.4811
vn 0.0456 -0.8906 -0.4526
vn 0.0092 -0.9938 -0.1105
vn 0.2135 -0.8269 -0.5203
vn 0.2515 -0.9216 -0.2957
vn 0.0139 -0.9996 -0.0228
vn 0.0885 -0.9904 -0.1061
vn 0.2167 -0.9131 -0.3453
vn 0.0559 -0.9661 -0.2519
vn 0.0045 -1.0000 -0.0048
vn 0.0132 -0.9998 -0.0157
vn -0.0646 -0.6688 -0.7406
vn -0.1199 -0.8039 -0.5826
vn -0.0063 -0.9564 -0.2918
vn -0.0085 -1.0000 0.0034
vn -0.0012 -1.0000 0.0022
vn -0.0889 -0.9923 -0.0867
vn -0.0656 -0.9921 -0.1070
vn -0.0708 -0.9656 -0.2504
vn -0.0822 -0.9429 -0.3227
vn -0.1910 -0.9689 -0.1575
vn -0.1912 -0.9766 -0.0984
vn -0.1778 -0.9645 -0.1952
vn -0.0496 -0.9932 -0.1054
vn -0.0081 -0.9998 0.0194
vn -0.0315 -0.9993 0.0185
vn -0.3955 -0.8715 -0.2899
vn -0.2698 -0.9121 -0.3087
vn -0.2847 -0.8967 -0.3389
vn -0.1262 -0.9845 -0.1220
vn -0.1809 -0.9640 -0.1947
vn -0.4580 -0.8330 -0.3103
vn -0.0202 -0.9998 0.0085
vn -0.0585 -0.9979 -0.0271
vn -0.3045 -0.9456 -0.1143
vn -0.6324 -0.7224 -0.2797
vn -0.0171 -0.9996 0.0229
vn -0.0178 -0.9994 0.0312
vn -0.0353 -0.9992 0.0181
vn -0.1793 -0.9793 -0.0938
vn -0.5235 -0.7688 -0.3672
vn -0.0278 -0.9995 0.0122
vn -0.0067 -0.9999 0.0130
vn -0.0150 -0.9997 0.0201
vn -0.0223 -0.9997 0.0052
vn -0.1202 -0.9908 -0.0613
vn -0.3882 -0.8863 -0.2525
vn -0.4739 -0.8094 -0.3469
vn -0.0168 -0.9993 -0.0321
vn -0.0080 -0.9999 -0.0148
vn 0.0020 -1.0000 0.0052
vn -0.0272 -0.9995 0.0165
vn -0.0240 -0.9997 -0.0024
vn -0.0508 -0.9987 0.0032
vn -0.0173 -0.9998 -0.0055
vn -0.0350 -0.9904 0.1339
vn 0.0117 -0.9999 -0.0015
vn 0.0061 -0.9969 0.0779
vn -0.0150 -0.9875 0.1566
vn -0.0454 -0.9989 0.0144
vn -0.0054 -0.9999 0.0089
vn -0.0243 -0.9984 0.0506
vn -0.1000 -0.9734 0.2060
vn -0.0567 -0.9984 -0.0036
vn -0.0457 -0.9989 -0.0081
vn -0.0580 -0.9982 0.0141
vn -0.0691 -0.9955 0.0653
vn -0.1910 -0.9667 0.1705
vn -0.0205 -0.9998 -0.0068
vn -0.0220 -0.9998 -0.0005
vn -0.0425 -0.9953 0.0871
vn -0.0193 -0.9951 0.0966
vn 0.0373 -0.9845 0.1715
vn -0.0206 -0.5120 0.8587
vn 0.5729 -0.6844 -0.4510
vn 0.6905 -0.6702 -0.2723
vn 0.2205 -0.9638 0.1496
vn 0.7152 -0.6467 -0.2652
vn 0.5050 -0.8596 0.0777
vn 0.8065 0.0301 0.5905
vn 0.1554 -0.9813 -0.1137
vn 0.0951 -0.9905 0.0993
vn 0.0529 -0.9986 0.0047
vn 0.1715 -0.9819 -0.0804
vn 0.0923 -0.9955 0.0200
vn 0.0387 -0.9992 0.0090
vn 0.2860 -0.9561 -0.0638
vn 0.0943 -0.9892 -0.1125
vn 0.0214 -0.9996 -0.0176
vn 0.0221 -0.9997 0.0144
vn 0.5365 -0.7842 0.3118
vn 0.0922 -0.9945 0.0501
vn 0.0401 -0.9986 -0.0334
vn 0.0276 -0.9992 -0.0303
vn 0.0322 -0.9994 -0.0085
vn 0.8714 -0.1837 0.4548
vn 0.0432 -0.9986 0.0311
vn 0.0518 -0.9981 0.0344
vn 0.0091 -0.9997 -0.0220
vn 0.0149 -0.9996 -0.0253
vn -0.0077 -0.9579 0.2871
vn -0.0315 -0.9869 0.1580
vn -0.0027 -0.9959 0.0907
vn -0.0139 -0.9994 0.0327
vn -0.0205 -0.9998 0.0038
vn -0.0190 -0.9998 -0.0041
vn -0.1813 -0.9153 0.3596
vn -0.0318 -0.9958 0.0861
vn 0.0459 -0.9766 0.2103
vn -0.0171 -0.9962 0.0849
vn 0.0263 -0.9966 0.0782
vn 0.1389 -0.9781 0.1548
vn -0.0154 -0.9992 0.0378
vn 0.0344 -0.9932 0.1116
vn 0.1299 -0.9770 0.1691
vn 0.2207 -0.8779 0.4249
vn -0.0132 -0.9999 -0.0057
vn 0.1131 -0.9798 0.1648
vn 0.1066 -0.9878 0.1137
vn 0.2246 -0.6925 0.6855
vn 0.6017 0.2972 0.7414
vn 0.9475 -0.0000 0.3197
vn 0.9468 0.0384 0.3195
vn 0.3197 -0.0000 -0.9475
vn 0.3195 0.0384 -0.9468
vn -0.9475 -0.0000 -0.3197
vn -0.9468 0.0384 -0.3195
vn -0.3197 -0.0000 0.9475
vn -0.3195 0.0384 0.9468
vn -0.0000 -1.0000 -0.0000
vn -0.2532 -0.0535 -0.9659
vn -0.2674 -0.0051 -0.9636
vn -0.9240 -0.2824 0.2579
vn -0.9373 -0.2337 0.2587
vn 0.2532 0.0535 0.9659
vn 0.2384 0.1018 0.9658
vn 0.9240 0.2824 -0.2579
vn 0.9083 0.3305 -0.2564
vn 0.2866 -0.9578 -0.0221
vn -0.7155 -0.1974 0.6701
vn -0.7340 -0.1530 0.6617
vn 0.5752 0.3779 0.7255
vn 0.5551 0.4217 0.7170
vn 0.7155 0.1974 -0.6701
vn 0.6953 0.2414 -0.6770
vn -0.5752 -0.3779 -0.7255
vn -0.5939 -0.3333 -0.7323
vn 0.3965 -0.9045 0.1569
vn 0.0409 0.3328 0.9421
vn 0.0251 0.4021 0.9153
vn 0.9774 0.1825 -0.1069
vn 0.9588 0.2522 -0.1308
vn -0.0409 -0.3328 -0.9421
vn -0.0566 -0.2615 -0.9635
vn -0.9774 -0.1825 0.1069
vn -0.9903 -0.1117 0.0825
vn 0.2075 -0.9252 0.3178
vn -0.9459 0.1308 0.2968
vn -0.9362 0.1794 0.3021
vn 0.2758 -0.1576 0.9482
vn 0.2839 -0.1086 0.9527
vn 0.9459 -0.1308 -0.2968
vn 0.9533 -0.0818 -0.2908
vn -0.2758 0.1576 -0.9482
vn -0.2669 0.2063 -0.9414
vn -0.1708 -0.9788 -0.1131
vn -0.8750 0.4819 -0.0463
vn -0.8386 0.5431 -0.0423
vn -0.0666 -0.0251 0.9975
vn -0.0323 0.0372 0.9988
vn 0.8750 -0.4819 0.0463
vn 0.9069 -0.4184 0.0500
vn 0.0666 0.0251 -0.9975
vn 0.1005 0.0874 -0.9911
vn -0.4796 -0.8758 -0.0541
vn -0.1116 0.0188 -0.9936
vn -0.0927 0.0867 -0.9919
vn -0.9579 0.2642 0.1126
vn -0.9369 0.3314 0.1115
vn 0.1116 -0.0188 0.9936
vn 0.1299 0.0491 0.9903
vn 0.9579 -0.2642 -0.1126
vn 0.9741 -0.1956 -0.1131
vn -0.2646 -0.9643 0.0114
vn 0.6962 0.0884 -0.7124
vn 0.7130 0.1597 -0.6827
vn -0.6762 0.4139 -0.6094
vn -0.6551 0.4842 -0.5800
vn -0.6962 -0.0884 0.7124
vn -0.6750 -0.0166 0.7377
vn 0.6762 -0.4139 0.6094
vn 0.6932 -0.3411 0.6350
vn -0.2410 -0.9060 -0.3480
vt 0.461873 0.689681
vt 0.454031 0.688972
vt 0.460552 0.682791
vt 0.025922 0.354273
vt 0.022441 0.354273
vt 0.024052 0.348406
vt 0.468058 0.686109
vt 0.467544 0.694793
vt 0.458442 0.696727
vt 0.416754 0.685569
vt 0.414604 0.691307
vt 0.407049 0.688694
vt 0.987932 0.934716
vt 0.987932 0.941848
vt 0.985037 0.939602
vt 0.661318 0.363645
vt 0.664172 0.356786
vt 0.665826 0.360852
vt 0.506461 0.730260
vt 0.511264 0.723583
vt 0.512297 0.728886
vt 0.439159 0.734645
vt 0.444800 0.738148
vt 0.440629 0.740492
vt 0.416981 0.682261
vt 0.977993 0.066979
vt 0.980731 0.061687
vt 0.980731 0.070567
vt 0.665250 0.369554
vt 0.507663 0.738641
vt 0.433474 0.736863
vt 0.687545 0.791732
vt 0.696920 0.785471
vt 0.694695 0.791446
vt 0.437902 0.473986
vt 0.440919 0.463727
vt 0.443240 0.469975
vt 0.845331 0.116267
vt 0.836726 0.118104
vt 0.837974 0.109476
vt 0.851277 0.043140
vt 0.855292 0.049934
vt 0.846844 0.045525
vt 0.788245 0.016360
vt 0.795423 0.015935
vt 0.789309 0.022414
vt 0.797614 0.066576
vt 0.805317 0.069953
vt 0.799000 0.073773
vt 0.795690 0.057835
vt 0.803930 0.062739
vt 0.793692 0.048291
vt 0.802596 0.053740
vt 0.791831 0.038868
vt 0.801086 0.044914
vt 0.607898 0.869175
vt 0.607697 0.860165
vt 0.612057 0.867296
vt 0.604442 0.870768
vt 0.604442 0.862382
vt 0.796539 0.020587
vt 0.790893 0.030595
vt 0.811143 0.066814
vt 0.810220 0.059211
vt 0.818614 0.062118
vt 0.809463 0.049932
vt 0.816872 0.055058
vt 0.825231 0.058266
vt 0.611632 0.857553
vt 0.607705 0.851883
vt 0.807644 0.044210
vt 0.816170 0.046278
vt 0.824645 0.049786
vt 0.834570 0.052469
vt 0.798741 0.036271
vt 0.806540 0.034294
vt 0.799823 0.040408
vt 0.815348 0.036690
vt 0.823645 0.041225
vt 0.834652 0.042591
vt 0.841348 0.048573
vt 0.805220 0.024001
vt 0.814396 0.026266
vt 0.823162 0.031082
vt 0.833095 0.033847
vt 0.840900 0.039434
vt 0.803752 0.012932
vt 0.812705 0.018301
vt 0.820515 0.025640
vt 0.828721 0.029920
vt 0.911605 0.433480
vt 0.908383 0.428675
vt 0.911502 0.423068
vt 0.908355 0.419693
vt 0.911605 0.414690
vt 0.060555 0.142573
vt 0.060555 0.136217
vt 0.063366 0.136770
vt 0.027363 0.178577
vt 0.024382 0.178577
vt 0.025437 0.172381
vt 0.842578 0.040139
vt 0.804846 0.079346
vt 0.811843 0.075119
vt 0.817875 0.071287
vt 0.824938 0.067270
vt 0.829783 0.064131
vt 0.840032 0.058701
vt 0.848256 0.054049
vt 0.811975 0.085990
vt 0.820125 0.081513
vt 0.819214 0.092646
vt 0.826491 0.076779
vt 0.828369 0.088561
vt 0.825327 0.098178
vt 0.832981 0.072520
vt 0.833002 0.082800
vt 0.833170 0.093792
vt 0.831514 0.103810
vt 0.838835 0.068566
vt 0.838255 0.078286
vt 0.835002 0.087191
vt 0.064632 0.606363
vt 0.067686 0.610581
vt 0.063497 0.617389
vt 0.066678 0.620485
vt 0.063503 0.627463
vt 0.067686 0.627346
vt 0.849846 0.063481
vt 0.845587 0.074184
vt 0.844896 0.084049
vt 0.839824 0.092056
vt 0.835438 0.097073
vt 0.839934 0.101525
vt 0.831855 0.103851
vt 0.854947 0.059797
vt 0.859855 0.069283
vt 0.853278 0.080026
vt 0.856561 0.091359
vt 0.851172 0.100083
vt 0.846592 0.107445
vt 0.795644 0.081392
vt 0.801868 0.088364
vt 0.809073 0.095511
vt 0.815238 0.100112
vt 0.822942 0.107832
vt 0.064641 0.636539
vt 0.833004 0.115500
vt 0.791694 0.090816
vt 0.798521 0.098068
vt 0.787006 0.102171
vt 0.805501 0.102411
vt 0.795665 0.105088
vt 0.786259 0.106485
vt 0.811839 0.107377
vt 0.802430 0.109017
vt 0.792941 0.112106
vt 0.780956 0.119455
vt 0.828952 0.112841
vt 0.820033 0.117401
vt 0.809771 0.120885
vt 0.798950 0.125492
vt 0.788236 0.126518
vt 0.778805 0.126071
vt 0.827682 0.124915
vt 0.816495 0.125485
vt 0.806835 0.135697
vt 0.795226 0.136985
vt 0.785627 0.133104
vt 0.804228 0.177299
vt 0.806792 0.184781
vt 0.803330 0.184266
vt 0.830926 0.124641
vt 0.923591 0.926006
vt 0.921512 0.917015
vt 0.924566 0.916147
vt 0.921512 0.909312
vt 0.823556 0.132009
vt 0.813948 0.137933
vt 0.803074 0.140922
vt 0.806069 0.159449
vt 0.807262 0.170163
vt 0.803330 0.166856
vt 0.809355 0.178216
vt 0.447882 0.475652
vt 0.790328 0.072720
vt 0.786248 0.081334
vt 0.778834 0.093332
vt 0.779522 0.099268
vt 0.776621 0.107748
vt 0.772561 0.117755
vt 0.804494 0.192978
vt 0.781561 0.071882
vt 0.775215 0.081073
vt 0.774229 0.071297
vt 0.276506 0.989372
vt 0.270824 0.989372
vt 0.272957 0.981665
vt 0.769674 0.091757
vt 0.765853 0.080229
vt 0.764863 0.070406
vt 0.768856 0.099926
vt 0.761119 0.090325
vt 0.565509 0.007025
vt 0.567425 0.019247
vt 0.562370 0.016905
vt 0.563909 0.027142
vt 0.568235 0.027778
vt 0.770213 0.104987
vt 0.942724 0.651475
vt 0.943288 0.660563
vt 0.938728 0.656012
vt 0.938728 0.665342
vt 0.941622 0.580210
vt 0.936757 0.590672
vt 0.936757 0.582410
vt 0.703706 0.810819
vt 0.696633 0.810114
vt 0.704821 0.799027
vt 0.697429 0.799263
vt 0.703083 0.790916
vt 0.697909 0.791203
vt 0.770910 0.124248
vt 0.592189 0.827014
vt 0.590020 0.839861
vt 0.587751 0.832326
vt 0.585892 0.845179
vt 0.906106 0.564533
vt 0.905685 0.554773
vt 0.910165 0.559416
vt 0.910165 0.549137
vt 0.906272 0.545063
vt 0.941848 0.586714
vt 0.939595 0.594775
vt 0.006612 0.057974
vt 0.010081 0.061334
vt 0.006612 0.069126
vt 0.694459 0.807994
vt 0.693321 0.798977
vt 0.808941 0.191217
vt 0.254674 0.976656
vt 0.257784 0.968438
vt 0.257784 0.977851
vt 0.593335 0.837344
vt 0.591654 0.846124
vt 0.588422 0.848132
vt 0.590174 0.853831
vt 0.586801 0.856880
vt 0.985052 0.252496
vt 0.985052 0.260664
vt 0.983021 0.255297
vt 0.962010 0.424839
vt 0.959968 0.420320
vt 0.962010 0.413839
vt 0.909718 0.490739
vt 0.906611 0.483818
vt 0.910165 0.484623
vt 0.906083 0.476278
vt 0.692129 0.806556
vt 0.685536 0.799362
vt 0.788352 0.063929
vt 0.779321 0.062771
vt 0.770592 0.061939
vt 0.564411 0.036772
vt 0.700201 0.783548
vt 0.694352 0.784053
vt 0.786546 0.054984
vt 0.778264 0.054311
vt 0.783643 0.044050
vt 0.761119 0.060868
vt 0.768009 0.052270
vt 0.778607 0.047841
vt 0.918769 0.115211
vt 0.914487 0.109201
vt 0.918806 0.104648
vt 0.914487 0.097296
vt 0.782671 0.036186
vt 0.611624 0.877042
vt 0.569098 0.035669
vt 0.566761 0.044078
vt 0.562370 0.045431
vt 0.563053 0.056165
vt 0.764883 0.041706
vt 0.776848 0.039386
vt 0.007745 0.250583
vt 0.007745 0.242632
vt 0.011521 0.246974
vt 0.783000 0.031700
vt 0.791333 0.034406
vt 0.699491 0.776731
vt 0.570293 0.042872
vt 0.567069 0.054886
vt 0.753102 0.957689
vt 0.751536 0.945920
vt 0.757510 0.945920
vt 0.046084 0.141133
vt 0.041330 0.135431
vt 0.046084 0.134608
vt 0.766796 0.036161
vt 0.769358 0.021404
vt 0.781221 0.022866
vt 0.989372 0.093609
vt 0.986895 0.088000
vt 0.989372 0.086198
vt 0.198739 0.985844
vt 0.195967 0.992252
vt 0.195967 0.985405
vt 0.878668 0.348512
vt 0.876330 0.343648
vt 0.878944 0.341668
vt 0.876697 0.332139
vt 0.681183 0.623578
vt 0.677781 0.613073
vt 0.681183 0.610873
vt 0.877024 0.324558
vt 0.879922 0.329268
vt 0.041343 0.140510
vt 0.698166 0.759679
vt 0.699978 0.748373
vt 0.702276 0.756377
vt 0.938967 0.192978
vt 0.935686 0.184992
vt 0.938967 0.178096
vt 0.765561 0.027926
vt 0.766071 0.008790
vt 0.778238 0.010694
vt 0.988299 0.010339
vt 0.990812 0.007060
vt 0.990812 0.014401
vt 0.052664 0.894355
vt 0.046088 0.893606
vt 0.044228 0.882133
vt 0.720243 0.622255
vt 0.722801 0.617633
vt 0.722947 0.627898
vt 0.717838 0.616893
vt 0.720349 0.612176
vt 0.421977 0.737210
vt 0.419427 0.747800
vt 0.413217 0.739221
vt 0.427036 0.738630
vt 0.427542 0.745717
vt 0.435778 0.740716
vt 0.881362 0.968931
vt 0.878153 0.977851
vt 0.878153 0.968548
vt 0.800178 0.006921
vt 0.044228 0.900084
vt 0.457293 0.923525
vt 0.460843 0.918625
vt 0.460843 0.928886
vt 0.810249 0.006507
vt 0.748870 0.911138
vt 0.746233 0.915499
vt 0.746482 0.904606
vt 0.457709 0.912688
vt 0.816693 0.006821
vt 0.818408 0.018538
vt 0.716464 0.606514
vt 0.720197 0.601736
vt 0.748870 0.921686
vt 0.722947 0.595917
vt 0.722664 0.606789
vt 0.826949 0.011707
vt 0.827539 0.022567
vt 0.429368 0.752613
vt 0.716565 0.595846
vt 0.720402 0.591314
vt 0.831902 0.015446
vt 0.831495 0.026155
vt 0.885802 0.026621
vt 0.888563 0.021577
vt 0.888113 0.030243
vt 0.835571 0.028248
vt 0.837221 0.033606
vt 0.436124 0.751220
vt 0.437721 0.763246
vt 0.828688 0.010449
vt 0.842066 0.009485
vt 0.842211 0.019273
vt 0.842391 0.027346
vt 0.885260 0.015445
vt 0.888563 0.011525
vt 0.845157 0.031500
vt 0.977312 0.041308
vt 0.979291 0.035585
vt 0.979291 0.044644
vt 0.445486 0.737924
vt 0.446612 0.750352
vt 0.450286 0.758067
vt 0.846570 0.022270
vt 0.454954 0.767842
vt 0.445222 0.756956
vt 0.856673 0.019159
vt 0.849872 0.033005
vt 0.885828 0.007317
vt 0.848787 0.039738
vt 0.913812 0.841570
vt 0.910289 0.844359
vt 0.912301 0.835444
vt 0.860898 0.043562
vt 0.839295 0.522582
vt 0.842230 0.518462
vt 0.842478 0.528529
vt 0.865356 0.054576
vt 0.860194 0.060241
vt 0.861087 0.049897
vt 0.869326 0.059853
vt 0.862210 0.065740
vt 0.844791 0.562908
vt 0.840811 0.567797
vt 0.842951 0.557487
vt 0.846799 0.569191
vt 0.842850 0.574613
vt 0.511571 0.735268
vt 0.508802 0.749166
vt 0.861511 0.053595
vt 0.838706 0.512197
vt 0.842464 0.508277
vt 0.864353 0.063753
vt 0.835913 0.507101
vt 0.839628 0.502686
vt 0.842478 0.496675
vt 0.866433 0.075320
vt 0.875999 0.070520
vt 0.861959 0.076160
vt 0.321050 0.782932
vt 0.324030 0.792918
vt 0.316088 0.788531
vt 0.315283 0.801674
vt 0.868197 0.069809
vt 0.872361 0.082258
vt 0.867324 0.087844
vt 0.878482 0.077252
vt 0.870804 0.082572
vt 0.866195 0.087661
vt 0.322921 0.805162
vt 0.317847 0.814975
vt 0.873361 0.095762
vt 0.859608 0.097791
vt 0.512688 0.745003
vt 0.042995 0.953163
vt 0.046084 0.949041
vt 0.046084 0.960569
vt 0.129819 0.895763
vt 0.129349 0.884810
vt 0.132492 0.889908
vt 0.132123 0.878733
vt 0.867210 0.093617
vt 0.704056 0.014545
vt 0.707106 0.007503
vt 0.707106 0.020162
vt 0.324030 0.817996
vt 0.935688 0.967168
vt 0.938967 0.962032
vt 0.938967 0.972090
vt 0.863203 0.104734
vt 0.858427 0.108887
vt 0.124259 0.895493
vt 0.124259 0.885323
vt 0.126753 0.890063
vt 0.126644 0.880004
vt 0.129165 0.874017
vt 0.953457 0.318269
vt 0.956249 0.310839
vt 0.956249 0.322590
vt 0.393982 0.823757
vt 0.393327 0.811998
vt 0.399862 0.820206
vt 0.406118 0.810638
vt 0.924867 0.046084
vt 0.921948 0.035022
vt 0.927446 0.039719
vt 0.927446 0.029528
vt 0.977851 0.415687
vt 0.977851 0.424840
vt 0.975134 0.420016
vt 0.858419 0.113732
vt 0.851823 0.115508
vt 0.845316 0.122798
vt 0.843976 0.128913
vt 0.836651 0.125805
vt 0.841679 0.134705
vt 0.835637 0.133832
vt 0.398971 0.773140
vt 0.404037 0.766788
vt 0.406118 0.777039
vt 0.391052 0.770547
vt 0.396903 0.763627
vt 0.693106 0.209345
vt 0.694278 0.205278
vt 0.697025 0.213652
vt 0.690426 0.206452
vt 0.691533 0.202335
vt 0.826841 0.127143
vt 0.946168 0.799274
vt 0.942578 0.790055
vt 0.946129 0.793392
vt 0.946168 0.785901
vt 0.832872 0.140293
vt 0.824853 0.134956
vt 0.819739 0.136848
vt 0.967454 0.711426
vt 0.967454 0.701385
vt 0.970650 0.705933
vt 0.398606 0.757004
vt 0.822125 0.143139
vt 0.814737 0.137133
vt 0.175930 0.872721
vt 0.173542 0.862853
vt 0.178118 0.867310
vt 0.175266 0.856952
vt 0.180017 0.861243
vt 0.177717 0.850609
vt 0.385303 0.763871
vt 0.383569 0.759829
vt 0.391395 0.748385
vt 0.811009 0.143893
vt 0.804855 0.144013
vt 0.809087 0.138304
vt 0.798613 0.142493
vt 0.173542 0.846662
vt 0.500491 0.960332
vt 0.504047 0.952266
vt 0.504047 0.963450
vt 0.692779 0.197808
vt 0.695476 0.200788
vt 0.956249 0.477959
vt 0.953767 0.486765
vt 0.953767 0.474870
vt 0.386556 0.746132
vt 0.636185 0.983238
vt 0.636185 0.976363
vt 0.642300 0.985052
vt 0.640827 0.978730
vt 0.635168 0.738335
vt 0.640122 0.729200
vt 0.640860 0.740229
vt 0.399207 0.857219
vt 0.399577 0.867777
vt 0.395893 0.862736
vt 0.398009 0.872344
vt 0.944728 0.402795
vt 0.944728 0.411418
vt 0.941594 0.408865
vt 0.941986 0.416199
vt 0.688938 0.199506
vt 0.690040 0.194783
vt 0.142949 0.821240
vt 0.142180 0.816289
vt 0.146894 0.823757
vt 0.626614 0.892883
vt 0.627746 0.884066
vt 0.634388 0.887348
vt 0.631727 0.878028
vt 0.639419 0.880718
vt 0.632455 0.872108
vt 0.635160 0.727375
vt 0.640860 0.719884
vt 0.400357 0.876139
vt 0.395893 0.881362
vt 0.447882 0.482445
vt 0.438582 0.479676
vt 0.589387 0.882746
vt 0.586893 0.886834
vt 0.586886 0.876608
vt 0.591895 0.885777
vt 0.589406 0.889787
vt 0.008641 0.176334
vt 0.006481 0.178577
vt 0.006481 0.172156
vt 0.961734 0.071768
vt 0.964890 0.064171
vt 0.964890 0.074887
vt 0.903748 0.125808
vt 0.904374 0.120345
vt 0.908725 0.127764
vt 0.894306 0.056129
vt 0.896693 0.049771
vt 0.896500 0.062380
vt 0.891557 0.053127
vt 0.893774 0.047844
vt 0.586886 0.894323
vt 0.392455 0.986492
vt 0.392455 0.978259
vt 0.394597 0.982270
vt 0.940408 0.732110
vt 0.937933 0.735814
vt 0.938221 0.727163
vt 0.717187 0.838917
vt 0.708319 0.836582
vt 0.715321 0.834146
vt 0.711307 0.825672
vt 0.715877 0.840937
vt 0.705232 0.841038
vt 0.712685 0.838280
vt 0.702949 0.835664
vt 0.940408 0.741669
vt 0.708523 0.822899
vt 0.593335 0.850001
vt 0.248298 0.894705
vt 0.255924 0.890595
vt 0.255483 0.898644
vt 0.267865 0.897394
vt 0.693154 0.838454
vt 0.702117 0.823134
vt 0.701290 0.817632
vt 0.706990 0.818300
vt 0.698450 0.813495
vt 0.898644 0.057150
vt 0.255455 0.883130
vt 0.267588 0.889294
vt 0.586252 0.222261
vt 0.589015 0.215292
vt 0.589015 0.230421
vt 0.694840 0.823170
vt 0.692253 0.818243
vt 0.694180 0.811313
vt 0.909051 0.495406
vt 0.906083 0.489016
vt 0.977661 0.538610
vt 0.977661 0.529784
vt 0.980731 0.532832
vt 0.976411 0.646955
vt 0.973928 0.650498
vt 0.973928 0.644492
vt 0.262646 0.878639
vt 0.267865 0.876629
vt 0.586603 0.209765
vt 0.008141 0.288452
vt 0.012961 0.279463
vt 0.012961 0.290907
vt 0.685408 0.816826
vt 0.687960 0.809667
vt 0.685023 0.804846
vt 0.482332 0.493966
vt 0.481064 0.485247
vt 0.485325 0.489446
vt 0.485325 0.481026
vt 0.976062 0.653821
vt 0.535730 0.437148
vt 0.533360 0.442044
vt 0.533710 0.433220
vt 0.531333 0.437335
vt 0.129612 0.988579
vt 0.127185 0.992252
vt 0.127185 0.985184
vt 0.007740 0.278011
vt 0.667863 0.916260
vt 0.668141 0.910957
vt 0.672004 0.920246
vt 0.684568 0.806858
vt 0.668429 0.905541
vt 0.672212 0.912978
vt 0.672543 0.907602
vt 0.365392 0.925593
vt 0.362805 0.932807
vt 0.361440 0.924065
vt 0.587575 0.909250
vt 0.586340 0.917666
vt 0.584267 0.913917
vt 0.583477 0.921430
vt 0.687676 0.787607
vt 0.681077 0.782349
vt 0.690301 0.780225
vt 0.616135 0.304102
vt 0.618670 0.299782
vt 0.618410 0.308202
vt 0.613062 0.298169
vt 0.615894 0.294360
vt 0.974971 0.012842
vt 0.972959 0.015841
vt 0.972959 0.006352
vt 0.412530 0.677614
vt 0.401476 0.679463
vt 0.404466 0.670741
vt 0.406011 0.684587
vt 0.698899 0.778780
vt 0.684018 0.773635
vt 0.696531 0.773570
vt 0.874097 0.338241
vt 0.619008 0.291058
vt 0.687840 0.764538
vt 0.694308 0.762682
vt 0.874097 0.327201
vt 0.781993 0.940408
vt 0.776240 0.930902
vt 0.781717 0.935878
vt 0.781993 0.925616
vt 0.616133 0.285159
vt 0.619258 0.280873
vt 0.690661 0.754063
vt 0.694520 0.750411
vt 0.611492 0.295564
vt 0.611557 0.287301
vt 0.614219 0.292476
vt 0.613288 0.279679
vt 0.615630 0.270583
vt 0.687161 0.744115
vt 0.692222 0.740853
vt 0.696955 0.737512
vt 0.905356 0.887661
vt 0.908725 0.879494
vt 0.908725 0.898644
vt 0.401530 0.688770
vt 0.394736 0.683547
vt 0.393679 0.693979
vt 0.387075 0.688814
vt 0.382330 0.701078
vt 0.691474 0.731688
vt 0.700589 0.733828
vt 0.908483 0.670301
vt 0.908725 0.679282
vt 0.905328 0.675205
vt 0.905328 0.684608
vt 0.930327 0.538756
vt 0.930250 0.549185
vt 0.923865 0.543977
vt 0.930327 0.554452
vt 0.402808 0.693024
vt 0.006692 0.350934
vt 0.008641 0.346871
vt 0.008641 0.352833
vt 0.401941 0.697614
vt 0.391570 0.704520
vt 0.388327 0.711038
vt 0.702423 0.727972
vt 0.711131 0.732862
vt 0.907303 0.689824
vt 0.061926 0.975869
vt 0.058948 0.980731
vt 0.058948 0.971714
vt 0.621019 0.922350
vt 0.622138 0.930583
vt 0.618769 0.927238
vt 0.618769 0.937527
vt 0.910289 0.853999
vt 0.854256 0.042095
vt 0.857079 0.034176
vt 0.461163 0.769032
vt 0.455642 0.756094
vt 0.450167 0.756681
vt 0.030243 0.208529
vt 0.025656 0.214580
vt 0.024789 0.208529
vt 0.914485 0.847104
vt 0.074887 0.958768
vt 0.074887 0.969210
vt 0.070705 0.964447
vt 0.863235 0.043576
vt 0.861865 0.022952
vt 0.867664 0.034713
vt 0.874831 0.045654
vt 0.466984 0.759015
vt 0.473843 0.765503
vt 0.479395 0.758992
vt 0.486841 0.763545
vt 0.489859 0.752770
vt 0.844864 0.543216
vt 0.846799 0.553046
vt 0.293787 0.132492
vt 0.289454 0.126223
vt 0.293218 0.121951
vt 0.290677 0.117858
vt 0.293787 0.111538
vt 0.461191 0.756887
vt 0.472169 0.752118
vt 0.483162 0.749605
vt 0.493407 0.745887
vt 0.501489 0.750425
vt 0.412633 0.904926
vt 0.414759 0.910812
vt 0.412633 0.921686
vt 0.447642 0.743488
vt 0.456292 0.745134
vt 0.466477 0.749273
vt 0.476045 0.743468
vt 0.486459 0.742159
vt 0.498783 0.742930
vt 0.453144 0.734490
vt 0.461083 0.741462
vt 0.470747 0.741189
vt 0.481465 0.741723
vt 0.982171 0.699905
vt 0.979338 0.695111
vt 0.982171 0.691456
vt 0.489453 0.736093
vt 0.498614 0.733676
vt 0.849231 0.119626
vt 0.923851 0.312509
vt 0.923436 0.300918
vt 0.926006 0.305162
vt 0.398479 0.803292
vt 0.950851 0.852559
vt 0.950851 0.840453
vt 0.953369 0.845219
vt 0.392036 0.822857
vt 0.390204 0.811592
vt 0.396429 0.819173
vt 0.189949 0.972090
vt 0.189949 0.961693
vt 0.192978 0.967982
vt 0.907786 0.931105
vt 0.910165 0.935262
vt 0.907786 0.938609
vt 0.909744 0.944728
vt 0.926006 0.296037
vt 0.854217 0.116870
vt 0.849004 0.126739
vt 0.401916 0.798433
vt 0.399163 0.792962
vt 0.405447 0.787854
vt 0.399665 0.782802
vt 0.391677 0.806808
vt 0.391169 0.797104
vt 0.389624 0.787941
vt 0.387188 0.779760
vt 0.376519 0.798588
vt 0.384622 0.792059
vt 0.386572 0.783733
vt 0.987932 0.493966
vt 0.985227 0.488963
vt 0.987932 0.486451
vt 0.342268 0.629066
vt 0.341519 0.622193
vt 0.344192 0.625488
vt 0.343309 0.616230
vt 0.039566 0.347099
vt 0.044644 0.352833
vt 0.039428 0.352833
vt 0.095049 0.858611
vt 0.091930 0.852315
vt 0.095049 0.849301
vt 0.091752 0.841969
vt 0.092266 0.830618
vt 0.006728 0.217460
vt 0.006728 0.206449
vt 0.011521 0.207077
vt 0.344192 0.646620
vt 0.341529 0.642188
vt 0.343063 0.636344
vt 0.340398 0.633471
vt 0.339354 0.624922
vt 0.691889 0.219034
vt 0.690740 0.211875
vt 0.693885 0.215476
vt 0.091470 0.859760
vt 0.088752 0.855466
vt 0.089060 0.846529
vt 0.089444 0.839149
vt 0.091184 0.831429
vt 0.913672 0.246263
vt 0.913672 0.237091
vt 0.920246 0.242372
vt 0.917991 0.233596
vt 0.916423 0.228477
vt 0.337187 0.628618
vt 0.689504 0.222303
vt 0.688677 0.215140
vt 0.368846 0.363433
vt 0.368817 0.371555
vt 0.366355 0.365805
vt 0.666211 0.377315
vt 0.663015 0.372171
vt 0.588621 0.872669
vt 0.663716 0.946168
vt 0.664276 0.937243
vt 0.669662 0.942397
vt 0.027363 0.144013
vt 0.024219 0.134415
vt 0.027363 0.135450
vt 0.626614 0.869760
vt 0.039909 0.794954
vt 0.039909 0.785881
vt 0.043204 0.789866
vt 0.137185 0.814083
vt 0.685881 0.192362
vt 0.663716 0.932585
vt 0.240502 0.981876
vt 0.240502 0.989372
vt 0.238404 0.985232
vt 0.946907 0.063044
vt 0.949048 0.067415
vt 0.946907 0.071370
vt 0.948724 0.076327
vt 0.754630 0.982171
vt 0.752535 0.978426
vt 0.754630 0.973358
vt 0.989372 0.356988
vt 0.989372 0.364354
vt 0.987015 0.361210
vt 0.023213 0.139097
vt 0.137185 0.802798
vt 0.134919 0.792751
vt 0.140643 0.797506
vt 0.141331 0.788372
vt 0.139895 0.783459
vt 0.146894 0.780759
vt 0.973531 0.100809
vt 0.969872 0.090602
vt 0.973531 0.093217
vt 0.041713 0.780740
vt 0.136555 0.808455
vt 0.133563 0.798512
vt 0.929048 0.362785
vt 0.928939 0.371500
vt 0.925885 0.367123
vt 0.925885 0.375423
vt 0.929128 0.378755
vt 0.969129 0.096102
vt 0.908544 0.133254
vt 0.129725 0.804832
vt 0.028803 0.973198
vt 0.028803 0.982171
vt 0.025766 0.977875
vt 0.931767 0.367883
vt 0.931017 0.377202
vt 0.680666 0.980206
vt 0.684064 0.982498
vt 0.680666 0.987932
vt 0.908725 0.139693
vt 0.901567 0.132377
vt 0.893506 0.069126
vt 0.473804 0.984659
vt 0.469339 0.985052
vt 0.469339 0.976531
vt 0.931767 0.218070
vt 0.931767 0.233302
vt 0.928939 0.224640
vt 0.128100 0.811666
vt 0.898644 0.098192
vt 0.893074 0.089358
vt 0.898644 0.091828
vt 0.893251 0.084094
vt 0.304798 0.622665
vt 0.304306 0.633449
vt 0.301973 0.626325
vt 0.648060 0.966330
vt 0.643703 0.960598
vt 0.648060 0.955626
vt 0.829517 0.938967
vt 0.824635 0.930278
vt 0.829517 0.932114
vt 0.824701 0.923986
vt 0.472815 0.629712
vt 0.463026 0.631934
vt 0.468536 0.625539
vt 0.891557 0.060563
vt 0.671102 0.355394
vt 0.661318 0.343100
vt 0.665903 0.338222
vt 0.898408 0.105130
vt 0.892876 0.095109
vt 0.308189 0.617769
vt 0.307822 0.628154
vt 0.308189 0.635099
vt 0.824190 0.935400
vt 0.477700 0.631612
vt 0.466939 0.635288
vt 0.322590 0.954058
vt 0.322590 0.964890
vt 0.319889 0.958758
vt 0.419079 0.983612
vt 0.414870 0.980218
vt 0.419079 0.975268
vt 0.167055 0.605373
vt 0.163469 0.615637
vt 0.162287 0.610786
vt 0.584484 0.926006
vt 0.365921 0.936037
vt 0.663909 0.902217
vt 0.663909 0.907906
vt 0.533370 0.452202
vt 0.531252 0.445524
vt 0.535730 0.447538
vt 0.890328 0.872611
vt 0.888887 0.881846
vt 0.886968 0.877985
vt 0.587575 0.922510
vt 0.685307 0.792065
vt 0.371555 0.927489
vt 0.371555 0.938967
vt 0.619258 0.318270
vt 0.616184 0.313051
vt 0.687654 0.940408
vt 0.687654 0.929497
vt 0.694145 0.937020
vt 0.692937 0.925616
vt 0.692018 0.954073
vt 0.687789 0.964890
vt 0.687789 0.957929
vt 0.557332 0.943288
vt 0.552191 0.939137
vt 0.557332 0.933387
vt 0.553596 0.928662
vt 0.878482 0.558772
vt 0.873082 0.555737
vt 0.874470 0.549583
vt 0.867147 0.544903
vt 0.878482 0.539428
vt 0.873116 0.533632
vt 0.692704 0.961180
vt 0.408796 0.650728
vt 0.405630 0.661216
vt 0.404051 0.654080
vt 0.401806 0.664410
vt 0.044200 0.917844
vt 0.044644 0.927625
vt 0.041993 0.922240
vt 0.041993 0.933207
vt 0.420782 0.638169
vt 0.412100 0.645849
vt 0.412765 0.638604
vt 0.957689 0.825197
vt 0.954922 0.819672
vt 0.957689 0.813843
vt 0.412145 0.659462
vt 0.410529 0.668954
vt 0.442654 0.639159
vt 0.440438 0.641740
vt 0.431861 0.635867
vt 0.431226 0.642940
vt 0.418569 0.643611
vt 0.414778 0.655134
vt 0.285692 0.908723
vt 0.285142 0.899315
vt 0.288027 0.903572
vt 0.288027 0.895712
vt 0.606002 0.892542
vt 0.604827 0.901936
vt 0.603584 0.895419
vt 0.413817 0.674833
vt 0.892883 0.876034
vt 0.891847 0.885329
vt 0.889725 0.889566
vt 0.892883 0.894323
vt 0.228836 0.966991
vt 0.231862 0.970976
vt 0.228836 0.976411
vt 0.426900 0.644280
vt 0.419706 0.652164
vt 0.284087 0.914485
vt 0.282325 0.903998
vt 0.283311 0.896051
vt 0.608268 0.897400
vt 0.607120 0.904876
vt 0.603584 0.909373
vt 0.605550 0.911605
vt 0.056145 0.878225
vt 0.046878 0.878412
vt 0.861569 0.972090
vt 0.861569 0.961732
vt 0.864080 0.967233
vt 0.711740 0.722202
vt 0.394952 0.714214
vt 0.398183 0.707583
vt 0.404012 0.701072
vt 0.404103 0.696354
vt 0.057605 0.884938
vt 0.717187 0.721973
vt 0.668222 0.122975
vt 0.663722 0.133932
vt 0.663497 0.127570
vt 0.395904 0.725375
vt 0.401074 0.728800
vt 0.401048 0.734767
vt 0.407098 0.737265
vt 0.391750 0.721513
vt 0.397692 0.724906
vt 0.668222 0.129823
vt 0.409107 0.729802
vt 0.400428 0.717580
vt 0.399640 0.730784
vt 0.129208 0.942501
vt 0.133932 0.946733
vt 0.129208 0.954809
vt 0.098083 0.649500
vt 0.098083 0.636574
vt 0.100809 0.641555
vt 0.416798 0.730088
vt 0.409470 0.708511
vt 0.404282 0.721693
vt 0.412424 0.728508
vt 0.430600 0.275066
vt 0.427667 0.264681
vt 0.430600 0.262010
vt 0.428184 0.254172
vt 0.425813 0.727661
vt 0.370104 0.892435
vt 0.372681 0.895740
vt 0.370928 0.898967
vt 0.373983 0.902451
vt 0.370104 0.908068
vt 0.373572 0.911605
vt 0.615436 0.334055
vt 0.617818 0.337741
vt 0.615436 0.347072
vt 0.409491 0.713438
vt 0.411253 0.723767
vt 0.972090 0.618037
vt 0.972090 0.627898
vt 0.968784 0.621590
vt 0.929534 0.839348
vt 0.937527 0.837735
vt 0.931047 0.852559
vt 0.937259 0.852559
vt 0.893541 0.974910
vt 0.895763 0.980325
vt 0.893541 0.983612
vt 0.426888 0.733658
vt 0.404746 0.700140
vt 0.375875 0.898913
vt 0.413418 0.706848
vt 0.404805 0.705151
vt 0.419449 0.713351
vt 0.415886 0.727114
vt 0.412208 0.736509
vt 0.421991 0.734435
vt 0.752529 0.890003
vt 0.751034 0.881656
vt 0.754630 0.877134
vt 0.753263 0.871422
vt 0.433467 0.732058
vt 0.442086 0.943282
vt 0.439048 0.949048
vt 0.439048 0.942571
vt 0.976680 0.786313
vt 0.976680 0.777298
vt 0.979291 0.784913
vt 0.444364 0.725613
vt 0.448672 0.735826
vt 0.439101 0.736489
vt 0.448104 0.717927
vt 0.452040 0.730207
vt 0.450434 0.713257
vt 0.456205 0.721766
vt 0.454796 0.704235
vt 0.460453 0.712221
vt 0.464204 0.702562
vt 0.438842 0.736135
vt 0.447528 0.733642
vt 0.194222 0.897204
vt 0.193811 0.890345
vt 0.197628 0.891086
vt 0.194705 0.883781
vt 0.198738 0.885425
vt 0.193811 0.876096
vt 0.459028 0.733333
vt 0.455458 0.736780
vt 0.222081 0.503643
vt 0.224661 0.498589
vt 0.224242 0.508367
vt 0.464587 0.732339
vt 0.463052 0.727836
vt 0.468709 0.727891
vt 0.222081 0.492816
vt 0.473788 0.731286
vt 0.467191 0.718945
vt 0.474427 0.726387
vt 0.480065 0.729748
vt 0.484659 0.732355
vt 0.471266 0.710260
vt 0.479004 0.717977
vt 0.486773 0.725314
vt 0.385261 0.362240
vt 0.385956 0.360400
vt 0.385956 0.370114
vt 0.488148 0.724225
vt 0.494266 0.729967
vt 0.474084 0.700672
vt 0.481474 0.707317
vt 0.491115 0.715974
vt 0.493497 0.718184
vt 0.385301 0.352375
vt 0.497531 0.721848
vt 0.500334 0.724616
vt 0.505342 0.718110
vt 0.500346 0.713215
vt 0.494080 0.707591
vt 0.493415 0.704607
vt 0.482297 0.696656
vt 0.474629 0.690832
vt 0.509933 0.712638
vt 0.503439 0.707104
vt 0.509518 0.702970
vt 0.502353 0.703519
vt 0.940408 0.620502
vt 0.940408 0.628701
vt 0.937927 0.627071
vt 0.938184 0.635099
vt 0.506163 0.698377
vt 0.512251 0.694208
vt 0.501332 0.699107
vt 0.504015 0.693482
vt 0.510742 0.689048
vt 0.686568 0.224885
vt 0.689972 0.228981
vt 0.494332 0.692612
vt 0.501325 0.687607
vt 0.507524 0.683064
vt 0.509126 0.679698
vt 0.685881 0.216930
vt 0.480574 0.686959
vt 0.492606 0.681795
vt 0.499690 0.677490
vt 0.506672 0.673305
vt 0.983937 0.472364
vt 0.983937 0.464653
vt 0.986492 0.470737
vt 0.511579 0.669894
vt 0.371555 0.360572
vt 0.371555 0.369160
vt 0.474448 0.682449
vt 0.480986 0.678703
vt 0.488855 0.674207
vt 0.496651 0.669746
vt 0.504848 0.665039
vt 0.510613 0.661577
vt 0.047524 0.061645
vt 0.044441 0.067686
vt 0.044441 0.061073
vt 0.928269 0.815969
vt 0.931767 0.813670
vt 0.930805 0.822317
vt 0.928269 0.806998
vt 0.510415 0.651805
vt 0.500044 0.658234
vt 0.489896 0.664718
vt 0.481313 0.670133
vt 0.473387 0.675289
vt 0.466969 0.678959
vt 0.990812 0.743109
vt 0.987504 0.736588
vt 0.990812 0.736413
vt 0.962010 0.388530
vt 0.958872 0.398917
vt 0.958872 0.387622
vt 0.503822 0.643701
vt 0.512688 0.638637
vt 0.502767 0.632585
vt 0.495079 0.648478
vt 0.493213 0.638395
vt 0.488802 0.633149
vt 0.482464 0.658763
vt 0.483369 0.644969
vt 0.479401 0.640855
vt 0.471492 0.669434
vt 0.471656 0.658511
vt 0.470369 0.650046
vt 0.469175 0.639728
vt 0.466057 0.670228
vt 0.464696 0.661816
vt 0.463246 0.653287
vt 0.461744 0.644348
vt 0.460070 0.635888
vt 0.458365 0.628763
vt 0.459025 0.674411
vt 0.457390 0.665563
vt 0.455148 0.653268
vt 0.454425 0.649754
vt 0.453120 0.643017
vt 0.451424 0.634834
vt 0.167056 0.614815
vt 0.440781 0.936638
vt 0.750743 0.869944
vt 0.973531 0.820876
vt 0.970656 0.814005
vt 0.973531 0.811323
vt 0.423803 0.716312
vt 0.745989 0.532232
vt 0.743239 0.528322
vt 0.745989 0.523284
vt 0.410167 0.701649
vt 0.942499 0.006428
vt 0.944728 0.007304
vt 0.942499 0.020162
vt 0.442702 0.935524
vt 0.445001 0.943610
vt 0.747948 0.882152
vt 0.747948 0.867482
vt 0.433987 0.730050
vt 0.434935 0.727034
vt 0.420283 0.732845
vt 0.431384 0.717574
vt 0.437513 0.720901
vt 0.743798 0.518364
vt 0.416579 0.709704
vt 0.428555 0.708485
vt 0.435848 0.709571
vt 0.441563 0.712727
vt 0.743494 0.538610
vt 0.414519 0.703823
vt 0.427712 0.703293
vt 0.438317 0.703047
vt 0.446940 0.703360
vt 0.415207 0.692256
vt 0.551687 0.957235
vt 0.554452 0.958956
vt 0.551687 0.967770
vt 0.415183 0.693601
vt 0.418007 0.695104
vt 0.426961 0.696180
vt 0.442823 0.695354
vt 0.450515 0.696124
vt 0.026497 0.103774
vt 0.028803 0.098690
vt 0.028803 0.105130
vt 0.575598 0.947090
vt 0.580374 0.941317
vt 0.579303 0.953369
vt 0.947608 0.374149
vt 0.946095 0.387396
vt 0.944189 0.374149
vt 0.405444 0.684581
vt 0.417373 0.685659
vt 0.423212 0.686189
vt 0.433368 0.687107
vt 0.444498 0.688112
vt 0.165138 0.620698
vt 0.445392 0.643883
vt 0.446449 0.649878
vt 0.447153 0.655838
vt 0.447775 0.662248
vt 0.449670 0.671479
vt 0.452173 0.680991
vt 0.443618 0.635710
vt 0.436994 0.642255
vt 0.436206 0.645482
vt 0.438333 0.654690
vt 0.427601 0.651601
vt 0.437292 0.659830
vt 0.428997 0.660238
vt 0.420891 0.660296
vt 0.412546 0.660003
vt 0.437651 0.667926
vt 0.428508 0.667774
vt 0.423009 0.669241
vt 0.418233 0.670357
vt 0.411750 0.670317
vt 0.440999 0.678674
vt 0.425842 0.675627
vt 0.422629 0.677213
vt 0.413434 0.676421
vt 0.108716 0.893659
vt 0.110890 0.892137
vt 0.110614 0.901524
vt 0.412203 0.677593
vt 0.610617 0.902919
vt 0.108716 0.882199
vt 0.570634 0.941317
vt 0.609572 0.908937
vt 0.262104 0.334111
vt 0.214170 0.320770
vt 0.259372 0.320770
vt 0.216902 0.334111
vt 0.007742 0.332302
vt 0.267239 0.306749
vt 0.220878 0.292946
vt 0.267865 0.292946
vt 0.220252 0.306749
vt 0.006991 0.304376
vt 0.345632 0.008851
vt 0.331954 0.052112
vt 0.331954 0.006526
vt 0.345632 0.054437
vt 0.343415 0.259224
vt 0.313133 0.267865
vt 0.326910 0.219921
vt 0.326910 0.266437
vt 0.313133 0.221350
vt 0.315474 0.007651
vt 0.099369 0.927354
vt 0.083004 0.910953
vt 0.099369 0.910860
vt 0.382766 0.006840
vt 0.403238 0.051261
vt 0.382766 0.051260
vt 0.393037 0.253464
vt 0.351392 0.365794
vt 0.306990 0.345323
vt 0.351393 0.345323
vt 0.306989 0.365794
vt 0.104381 0.355544
vt 0.006889 0.388836
vt 0.051032 0.368375
vt 0.051095 0.388836
vt 0.253464 0.378287
vt 0.356854 0.253464
vt 0.377315 0.209038
vt 0.377315 0.253463
vt 0.356854 0.209038
vt 0.366768 0.006650
vt 0.357153 0.882523
vt 0.337091 0.902741
vt 0.337091 0.882301
vt 0.239158 0.498286
vt 0.275972 0.483823
vt 0.275232 0.498286
vt 0.440681 0.494674
vt 0.486765 0.524209
vt 0.449961 0.509615
vt 0.486015 0.509615
vt 0.450712 0.524209
vt 0.286878 0.513426
vt 0.504047 0.235549
vt 0.489407 0.272178
vt 0.489407 0.235987
vt 0.504047 0.271740
vt 0.493290 0.436361
vt 0.506978 0.205971
vt 0.521328 0.171767
vt 0.521328 0.207379
vt 0.506978 0.170359
vt 0.517883 0.007473
vt 0.847000 0.909366
vt 0.862640 0.926006
vt 0.847000 0.925300
vt 0.314949 0.768307
vt 0.334111 0.741608
vt 0.334111 0.769032
vt 0.314949 0.740884
vt 0.322809 0.618334
vt 0.350843 0.771912
vt 0.370114 0.743783
vt 0.370114 0.771466
vt 0.350843 0.744228
vt 0.359098 0.616336
vt 0.299548 0.768096
vt 0.280339 0.742229
vt 0.299548 0.741293
vt 0.288358 0.616825
vt 0.223221 0.771912
vt 0.203896 0.743781
vt 0.223221 0.744066
vt 0.212378 0.618235
vt 0.706968 0.369039
vt 0.725828 0.388836
vt 0.706968 0.388443
vt 0.713724 0.575895
vt 0.728708 0.545539
vt 0.728708 0.576054
vt 0.713724 0.545380
vt 0.721004 0.409267
vt 0.650941 0.184337
vt 0.635986 0.152651
vt 0.650941 0.152966
vt 0.643979 0.007616
vt 0.682072 0.178577
vt 0.697025 0.147952
vt 0.697025 0.178156
vt 0.682072 0.148373
vt 0.689021 0.007584
vt 0.630216 0.401797
vt 0.645180 0.369472
vt 0.645180 0.401604
vt 0.630216 0.369665
vt 0.638138 0.224835
vt 0.347072 0.918550
vt 0.332642 0.932355
vt 0.332642 0.917699
vt 0.229892 0.853775
vt 0.249143 0.834949
vt 0.249143 0.859760
vt 0.843919 0.721507
vt 0.823726 0.715577
vt 0.843919 0.619980
vt 0.621409 0.620698
vt 0.642300 0.588209
vt 0.642300 0.619384
vt 0.621409 0.589523
vt 0.629735 0.443610
vt 0.576051 0.769032
vt 0.594775 0.737857
vt 0.594775 0.762210
vt 0.576051 0.744678
vt 0.580320 0.624055
vt 0.659041 0.324283
vt 0.679743 0.293587
vt 0.679743 0.325470
vt 0.659041 0.292400
vt 0.666852 0.150165
vt 0.076259 0.875993
vt 0.093609 0.895969
vt 0.076259 0.897204
vt 0.560212 0.539025
vt 0.524739 0.561652
vt 0.525060 0.539025
vt 0.366146 0.551651
vt 0.703417 0.353702
vt 0.725828 0.324885
vt 0.725828 0.355713
vt 0.703417 0.322874
vt 0.712580 0.188955
vt 0.222570 0.524574
vt 0.257665 0.547251
vt 0.223016 0.547251
vt 0.257219 0.524574
vt 0.417639 0.534836
vt 0.654645 0.568853
vt 0.676863 0.535929
vt 0.676863 0.566257
vt 0.654645 0.538525
vt 0.663241 0.393328
vt 0.233302 0.869322
vt 0.212056 0.892883
vt 0.212056 0.870249
vt 0.069675 0.760491
vt 0.089288 0.736339
vt 0.089288 0.763271
vt 0.069675 0.733560
vt 0.083186 0.608583
vt 0.777725 0.708546
vt 0.794954 0.677251
vt 0.794954 0.703059
vt 0.777725 0.682738
vt 0.792313 0.566379
vt 0.238544 0.769032
vt 0.257784 0.738936
vt 0.257784 0.766005
vt 0.238544 0.741963
vt 0.252330 0.620630
vt 0.538831 0.762509
vt 0.555892 0.744491
vt 0.555892 0.769032
vt 0.538831 0.737968
vt 0.553454 0.624867
vt 0.303455 0.898644
vt 0.321150 0.876950
vt 0.321150 0.897866
vt 0.083004 0.927446
vt 0.403238 0.006841
vt 0.006826 0.368375
vt 0.357153 0.902964
vt 0.239897 0.483823
vt 0.862640 0.910072
vt 0.280339 0.769032
vt 0.203896 0.771627
vt 0.725828 0.369432
vt 0.635986 0.184023
vt 0.347072 0.933207
vt 0.229892 0.828964
vt 0.093609 0.874759
vt 0.559891 0.561652
vt 0.233302 0.891955
vt 0.303455 0.877728
s 1
f 1/1/1 20/2/2 19/3/3
f 2/4/4 26/5/5 40/6/6
f 1/1/1 19/3/3 54/7/7
f 1/1/1 54/7/7 68/8/8
f 1/1/1 68/8/8 41/9/9
f 2/10/4 40/11/6 89/12/10
f 3/13/11 33/14/12 103/15/13
f 4/16/14 61/17/15 117/18/16
f 5/19/17 75/20/18 131/21/19
f 6/22/20 82/23/21 145/24/22
f 2/10/4 89/12/10 104/25/23
f 3/26/11 103/27/13 118/28/24
f 4/16/14 117/18/16 132/29/25
f 5/19/17 131/21/19 146/30/26
f 6/22/20 145/24/22 90/31/27
f 7/32/28 159/33/29 194/34/30
f 8/35/31 166/36/32 208/37/33
f 9/38/34 173/39/35 215/40/36
f 10/41/37 180/42/38 222/43/39
f 11/44/40 187/45/41 195/46/42
f 201/47/43 216/48/44 12/49/45
f 200/50/46 223/51/47 201/47/43
f 199/52/48 224/53/49 200/50/46
f 198/54/50 226/55/51 199/52/48
f 197/56/52 229/57/53 198/58/50
f 196/59/54 233/60/55 197/56/52
f 195/46/42 238/61/56 196/62/54
f 201/47/43 223/51/47 216/48/44
f 223/51/47 217/63/57 216/48/44
f 200/50/46 224/53/49 223/51/47
f 224/53/49 225/64/58 223/51/47
f 223/51/47 225/64/58 217/63/57
f 225/64/58 218/65/59 217/63/57
f 199/52/48 226/55/51 224/53/49
f 226/55/51 227/66/60 224/53/49
f 224/53/49 227/66/60 225/64/58
f 227/66/60 228/67/61 225/64/58
f 225/64/58 228/67/61 218/65/59
f 228/67/61 219/68/62 218/65/59
f 198/58/50 229/57/53 226/69/51
f 229/57/53 230/70/63 226/69/51
f 226/55/51 230/71/63 227/66/60
f 230/71/63 231/72/64 227/66/60
f 227/66/60 231/72/64 228/67/61
f 231/72/64 232/73/65 228/67/61
f 228/67/61 232/73/65 219/68/62
f 232/73/65 220/74/66 219/68/62
f 197/56/52 233/60/55 229/57/53
f 233/75/55 234/76/67 229/77/53
f 229/77/53 234/76/67 230/71/63
f 234/76/67 235/78/68 230/71/63
f 230/71/63 235/78/68 231/72/64
f 235/78/68 236/79/69 231/72/64
f 231/72/64 236/79/69 232/73/65
f 236/79/69 237/80/70 232/73/65
f 232/73/65 237/80/70 220/74/66
f 237/80/70 221/81/71 220/74/66
f 196/62/54 238/61/56 233/75/55
f 238/61/56 239/82/72 233/75/55
f 233/75/55 239/82/72 234/76/67
f 239/82/72 240/83/73 234/76/67
f 234/76/67 240/83/73 235/78/68
f 240/83/73 241/84/74 235/78/68
f 235/78/68 241/84/74 236/79/69
f 241/84/74 242/85/75 236/79/69
f 236/79/69 242/85/75 237/80/70
f 242/85/75 243/86/76 237/80/70
f 237/80/70 243/86/76 221/81/71
f 243/86/76 222/43/39 221/81/71
f 195/46/42 187/45/41 238/61/56
f 187/45/41 186/87/77 238/61/56
f 238/61/56 186/87/77 239/82/72
f 186/87/77 185/88/78 239/82/72
f 239/82/72 185/88/78 240/83/73
f 185/88/78 184/89/79 240/83/73
f 240/83/73 184/89/79 241/84/74
f 184/89/79 183/90/80 241/84/74
f 241/91/74 183/92/80 242/93/75
f 183/92/80 182/94/81 242/93/75
f 242/93/75 182/94/81 243/95/76
f 182/96/81 181/97/82 243/98/76
f 243/99/76 181/100/82 222/101/39
f 181/102/82 10/41/37 222/43/39
f 216/48/44 209/103/83 12/49/45
f 217/63/57 244/104/84 216/48/44
f 218/65/59 245/105/85 217/63/57
f 219/68/62 247/106/86 218/65/59
f 220/74/66 250/107/87 219/68/62
f 221/81/71 254/108/88 220/74/66
f 222/43/39 259/109/89 221/81/71
f 216/48/44 244/104/84 209/103/83
f 244/104/84 210/110/90 209/103/83
f 217/63/57 245/105/85 244/104/84
f 245/105/85 246/111/91 244/104/84
f 244/104/84 246/111/91 210/110/90
f 246/111/91 211/112/92 210/110/90
f 218/65/59 247/106/86 245/105/85
f 247/106/86 248/113/93 245/105/85
f 245/105/85 248/113/93 246/111/91
f 248/113/93 249/114/94 246/111/91
f 246/111/91 249/114/94 211/112/92
f 249/114/94 212/115/95 211/112/92
f 219/68/62 250/107/87 247/106/86
f 250/107/87 251/116/96 247/106/86
f 247/106/86 251/116/96 248/113/93
f 251/116/96 252/117/97 248/113/93
f 248/113/93 252/117/97 249/114/94
f 252/117/97 253/118/98 249/114/94
f 249/114/94 253/118/98 212/115/95
f 253/118/98 213/119/99 212/115/95
f 220/74/66 254/108/88 250/107/87
f 254/108/88 255/120/100 250/107/87
f 250/107/87 255/120/100 251/116/96
f 255/120/100 256/121/101 251/116/96
f 251/116/96 256/121/101 252/117/97
f 256/121/101 257/122/102 252/117/97
f 252/123/97 257/124/102 253/125/98
f 257/124/102 258/126/103 253/125/98
f 253/125/98 258/126/103 213/127/99
f 258/126/103 214/128/104 213/127/99
f 221/81/71 259/109/89 254/108/88
f 259/109/89 260/129/105 254/108/88
f 254/108/88 260/129/105 255/120/100
f 260/129/105 261/130/106 255/120/100
f 255/120/100 261/130/106 256/121/101
f 261/130/106 262/131/107 256/121/101
f 256/121/101 262/131/107 257/122/102
f 262/131/107 263/132/108 257/122/102
f 257/122/102 263/132/108 258/133/103
f 263/132/108 264/134/109 258/133/103
f 258/133/103 264/134/109 214/135/104
f 264/134/109 215/40/36 214/135/104
f 222/43/39 180/42/38 259/109/89
f 180/42/38 179/136/110 259/109/89
f 259/109/89 179/136/110 260/129/105
f 179/136/110 178/137/111 260/129/105
f 260/129/105 178/137/111 261/130/106
f 178/137/111 177/138/112 261/130/106
f 261/130/106 177/138/112 262/131/107
f 177/138/112 176/139/113 262/131/107
f 262/131/107 176/139/113 263/132/108
f 176/139/113 175/140/114 263/132/108
f 263/132/108 175/140/114 264/134/109
f 175/140/114 174/141/115 264/134/109
f 264/134/109 174/141/115 215/40/36
f 174/141/115 9/38/34 215/40/36
f 209/103/83 202/142/116 12/49/45
f 210/110/90 265/143/117 209/103/83
f 211/112/92 266/144/118 210/110/90
f 212/115/95 268/145/119 211/112/92
f 213/119/99 271/146/120 212/115/95
f 214/128/104 275/147/121 213/127/99
f 215/40/36 280/148/122 214/135/104
f 209/103/83 265/143/117 202/142/116
f 265/143/117 203/149/123 202/142/116
f 210/110/90 266/144/118 265/143/117
f 266/144/118 267/150/124 265/143/117
f 265/143/117 267/150/124 203/149/123
f 267/150/124 204/151/125 203/149/123
f 211/112/92 268/145/119 266/144/118
f 268/145/119 269/152/126 266/144/118
f 266/144/118 269/152/126 267/150/124
f 269/152/126 270/153/127 267/150/124
f 267/150/124 270/153/127 204/151/125
f 270/153/127 205/154/128 204/151/125
f 212/115/95 271/146/120 268/145/119
f 271/146/120 272/155/129 268/145/119
f 268/145/119 272/155/129 269/152/126
f 272/155/129 273/156/130 269/152/126
f 269/152/126 273/156/130 270/153/127
f 273/156/130 274/157/131 270/153/127
f 270/153/127 274/157/131 205/154/128
f 274/157/131 206/158/132 205/154/128
f 213/119/99 275/159/121 271/146/120
f 275/159/121 276/160/133 271/146/120
f 271/146/120 276/160/133 272/155/129
f 276/160/133 277/161/134 272/155/129
f 272/155/129 277/161/134 273/156/130
f 277/161/134 278/162/135 273/156/130
f 273/156/130 278/162/135 274/157/131
f 278/162/135 279/163/136 274/157/131
f 274/157/131 279/163/136 206/158/132
f 279/163/136 207/164/137 206/158/132
f 214/135/104 280/148/122 275/159/121
f 280/148/122 281/165/138 275/159/121
f 275/159/121 281/165/138 276/160/133
f 281/165/138 282/166/139 276/160/133
f 276/160/133 282/166/139 277/161/134
f 282/166/139 283/167/140 277/161/134
f 277/161/134 283/167/140 278/162/135
f 283/167/140 284/168/141 278/162/135
f 278/162/135 284/168/141 279/163/136
f 284/168/141 285/169/142 279/163/136
f 279/163/136 285/169/142 207/164/137
f 285/170/142 208/171/33 207/172/137
f 215/40/36 173/39/35 280/148/122
f 173/39/35 172/173/143 280/148/122
f 280/174/122 172/175/143 281/176/138
f 172/175/143 171/177/144 281/176/138
f 281/165/138 171/178/144 282/166/139
f 171/178/144 170/179/145 282/166/139
f 282/166/139 170/179/145 283/167/140
f 170/179/145 169/180/146 283/167/140
f 283/167/140 169/180/146 284/168/141
f 169/181/146 168/182/147 284/183/141
f 284/183/141 168/182/147 285/170/142
f 168/182/147 167/184/148 285/170/142
f 285/170/142 167/184/148 208/171/33
f 167/185/148 8/35/31 208/37/33
f 202/142/116 188/186/149 12/49/45
f 203/149/123 286/187/150 202/142/116
f 204/151/125 287/188/151 203/149/123
f 205/154/128 289/189/152 204/151/125
f 206/158/132 292/190/153 205/154/128
f 207/164/137 296/191/154 206/158/132
f 208/171/33 301/192/155 207/172/137
f 202/142/116 286/187/150 188/186/149
f 286/187/150 189/193/156 188/186/149
f 203/149/123 287/188/151 286/187/150
f 287/188/151 288/194/157 286/187/150
f 286/187/150 288/194/157 189/193/156
f 288/194/157 190/195/158 189/193/156
f 204/196/125 289/197/152 287/198/151
f 289/189/152 290/199/159 287/188/151
f 287/188/151 290/199/159 288/194/157
f 290/199/159 291/200/160 288/194/157
f 288/194/157 291/200/160 190/195/158
f 291/200/160 191/201/161 190/195/158
f 205/154/128 292/190/153 289/189/152
f 292/190/153 293/202/162 289/189/152
f 289/189/152 293/202/162 290/199/159
f 293/202/162 294/203/163 290/199/159
f 290/199/159 294/203/163 291/200/160
f 294/204/163 295/205/164 291/206/160
f 291/206/160 295/205/164 191/207/161
f 295/205/164 192/208/165 191/207/161
f 206/158/132 296/191/154 292/190/153
f 296/191/154 297/209/166 292/190/153
f 292/190/153 297/209/166 293/202/162
f 297/210/166 298/211/167 293/212/162
f 293/212/162 298/211/167 294/213/163
f 298/214/167 299/215/168 294/216/163
f 294/217/163 299/218/168 295/219/164
f 299/218/168 300/220/169 295/219/164
f 295/219/164 300/220/169 192/221/165
f 300/220/169 193/222/170 192/221/165
f 207/164/137 301/223/155 296/191/154
f 301/224/155 302/225/171 296/226/154
f 296/226/154 302/225/171 297/227/166
f 302/228/171 303/229/172 297/230/166
f 297/230/166 303/229/172 298/231/167
f 303/229/172 304/232/173 298/231/167
f 298/214/167 304/233/173 299/215/168
f 304/233/173 305/234/174 299/215/168
f 299/235/168 305/236/174 300/237/169
f 305/238/174 306/239/175 300/220/169
f 300/220/169 306/239/175 193/222/170
f 306/239/175 194/34/30 193/222/170
f 208/171/33 166/240/32 301/192/155
f 166/241/32 165/242/176 301/243/155
f 301/224/155 165/244/176 302/225/171
f 165/244/176 164/245/177 302/225/171
f 302/225/171 164/245/177 303/246/172
f 164/245/177 163/247/178 303/246/172
f 303/246/172 163/247/178 304/248/173
f 163/249/178 162/250/179 304/251/173
f 304/252/173 162/253/179 305/254/174
f 162/255/179 161/256/180 305/257/174
f 305/257/174 161/256/180 306/258/175
f 161/259/180 160/260/181 306/239/175
f 306/239/175 160/260/181 194/34/30
f 160/260/181 7/32/28 194/34/30
f 188/186/149 201/47/43 12/49/45
f 189/193/156 307/261/182 188/186/149
f 190/195/158 308/262/183 189/193/156
f 191/201/161 310/263/184 190/195/158
f 192/208/165 313/264/185 191/207/161
f 193/222/170 317/265/186 192/221/165
f 194/34/30 322/266/187 193/222/170
f 188/186/149 307/261/182 201/47/43
f 307/261/182 200/50/46 201/47/43
f 189/193/156 308/262/183 307/261/182
f 308/262/183 309/267/188 307/261/182
f 307/261/182 309/267/188 200/50/46
f 309/267/188 199/52/48 200/50/46
f 190/195/158 310/263/184 308/262/183
f 310/263/184 311/268/189 308/262/183
f 308/262/183 311/268/189 309/267/188
f 311/268/189 312/269/190 309/267/188
f 309/267/188 312/269/190 199/52/48
f 312/269/190 198/54/50 199/52/48
f 191/201/161 313/270/185 310/263/184
f 313/270/185 314/271/191 310/263/184
f 310/263/184 314/271/191 311/268/189
f 314/271/191 315/272/192 311/268/189
f 311/273/189 315/274/192 312/275/190
f 315/274/192 316/276/193 312/275/190
f 312/269/190 316/277/193 198/54/50
f 316/278/193 197/56/52 198/58/50
f 192/208/165 317/279/186 313/264/185
f 317/279/186 318/280/194 313/264/185
f 313/264/185 318/280/194 314/281/191
f 318/280/194 319/282/195 314/281/191
f 314/271/191 319/283/195 315/272/192
f 319/283/195 320/284/196 315/272/192
f 315/272/192 320/284/196 316/277/193
f 320/285/196 321/286/197 316/287/193
f 316/277/193 321/288/197 197/289/52
f 321/288/197 196/62/54 197/289/52
f 193/222/170 322/266/187 317/265/186
f 322/266/187 323/290/198 317/265/186
f 317/279/186 323/291/198 318/280/194
f 323/291/198 324/292/199 318/280/194
f 318/293/194 324/294/199 319/295/195
f 324/296/199 325/297/200 319/298/195
f 319/283/195 325/299/200 320/284/196
f 325/299/200 326/300/201 320/284/196
f 320/284/196 326/300/201 321/288/197
f 326/300/201 327/301/202 321/288/197
f 321/288/197 327/301/202 196/62/54
f 327/301/202 195/46/42 196/62/54
f 194/302/30 159/303/29 322/304/187
f 159/305/29 158/306/203 322/307/187
f 322/308/187 158/309/203 323/310/198
f 158/309/203 157/311/204 323/310/198
f 323/312/198 157/313/204 324/314/199
f 157/311/204 156/315/205 324/316/199
f 324/296/199 156/317/205 325/297/200
f 156/318/205 155/319/206 325/320/200
f 325/321/200 155/322/206 326/323/201
f 155/324/206 154/325/207 326/300/201
f 326/300/201 154/325/207 327/301/202
f 154/325/207 153/326/208 327/301/202
f 327/301/202 153/326/208 195/46/42
f 153/326/208 11/44/40 195/46/42
f 96/327/209 187/328/41 11/329/40
f 95/330/210 328/331/211 96/332/209
f 94/333/212 329/334/213 95/335/210
f 93/336/214 331/337/215 94/333/212
f 92/338/216 334/339/217 93/340/214
f 91/341/218 338/342/219 92/338/216
f 90/31/27 343/343/220 91/341/218
f 96/344/209 328/345/211 187/346/41
f 328/347/211 186/87/77 187/45/41
f 95/330/210 329/348/213 328/331/211
f 329/349/213 330/350/221 328/351/211
f 328/347/211 330/352/221 186/87/77
f 330/352/221 185/88/78 186/87/77
f 94/333/212 331/337/215 329/334/213
f 331/353/215 332/354/222 329/355/213
f 329/349/213 332/356/222 330/350/221
f 332/357/222 333/358/223 330/352/221
f 330/352/221 333/358/223 185/88/78
f 333/358/223 184/89/79 185/88/78
f 93/336/214 334/359/217 331/337/215
f 334/359/217 335/360/224 331/337/215
f 331/353/215 335/361/224 332/354/222
f 335/360/224 336/362/225 332/363/222
f 332/357/222 336/364/225 333/358/223
f 336/364/225 337/365/226 333/358/223
f 333/358/223 337/365/226 184/89/79
f 337/365/226 183/90/80 184/89/79
f 92/338/216 338/342/219 334/339/217
f 338/342/219 339/366/227 334/339/217
f 334/359/217 339/367/227 335/360/224
f 339/367/227 340/368/228 335/360/224
f 335/360/224 340/368/228 336/362/225
f 340/369/228 341/370/229 336/364/225
f 336/364/225 341/370/229 337/365/226
f 341/371/229 342/372/230 337/373/226
f 337/365/226 342/374/230 183/90/80
f 342/374/230 182/375/81 183/90/80
f 91/341/218 343/343/220 338/342/219
f 343/343/220 344/376/231 338/342/219
f 338/342/219 344/376/231 339/366/227
f 344/376/231 345/377/232 339/366/227
f 339/378/227 345/379/232 340/369/228
f 345/379/232 346/380/233 340/369/228
f 340/369/228 346/380/233 341/370/229
f 346/380/233 347/381/234 341/370/229
f 341/371/229 347/382/234 342/372/230
f 347/382/234 348/383/235 342/372/230
f 342/374/230 348/384/235 182/375/81
f 348/384/235 181/102/82 182/375/81
f 90/31/27 145/24/22 343/343/220
f 145/385/22 144/386/236 343/387/220
f 343/343/220 144/388/236 344/376/231
f 144/388/236 143/389/237 344/376/231
f 344/376/231 143/389/237 345/377/232
f 143/389/237 142/390/238 345/377/232
f 345/379/232 142/391/238 346/380/233
f 142/390/238 141/392/239 346/393/233
f 346/380/233 141/394/239 347/381/234
f 141/394/239 140/395/240 347/381/234
f 347/382/234 140/396/240 348/383/235
f 140/395/240 139/397/241 348/384/235
f 348/384/235 139/397/241 181/102/82
f 139/398/241 10/399/37 181/400/82
f 152/401/242 180/42/38 10/41/37
f 151/402/243 349/403/244 152/404/242
f 150/405/245 350/406/246 151/407/243
f 149/408/247 352/409/248 150/405/245
f 148/410/249 355/411/250 149/412/247
f 147/413/251 359/414/252 148/410/249
f 146/30/26 364/415/253 147/416/251
f 152/401/242 349/417/244 180/42/38
f 349/417/244 179/136/110 180/42/38
f 151/402/243 350/418/246 349/403/244
f 350/418/246 351/419/254 349/403/244
f 349/417/244 351/420/254 179/136/110
f 351/420/254 178/137/111 179/136/110
f 150/405/245 352/409/248 350/406/246
f 352/421/248 353/422/255 350/418/246
f 350/418/246 353/422/255 351/419/254
f 353/422/255 354/423/256 351/419/254
f 351/420/254 354/424/256 178/137/111
f 354/424/256 177/138/112 178/137/111
f 149/408/247 355/425/250 352/409/248
f 355/425/250 356/426/257 352/409/248
f 352/427/248 356/428/257 353/429/255
f 356/428/257 357/430/258 353/429/255
f 353/431/255 357/432/258 354/424/256
f 357/432/258 358/433/259 354/424/256
f 354/424/256 358/433/259 177/138/112
f 358/433/259 176/139/113 177/138/112
f 148/410/249 359/414/252 355/411/250
f 359/434/252 360/435/260 355/425/250
f 355/425/250 360/435/260 356/426/257
f 360/435/260 361/436/261 356/426/257
f 356/428/257 361/437/261 357/430/258
f 361/437/261 362/438/262 357/430/258
f 357/432/258 362/439/262 358/433/259
f 362/439/262 363/440/263 358/433/259
f 358/433/259 363/440/263 176/139/113
f 363/440/263 175/140/114 176/139/113
f 147/416/251 364/415/253 359/441/252
f 364/442/253 365/443/264 359/444/252
f 359/445/252 365/446/264 360/447/260
f 365/446/264 366/448/265 360/447/260
f 360/435/260 366/449/265 361/436/261
f 366/450/265 367/451/266 361/452/261
f 361/437/261 367/453/266 362/438/262
f 367/454/266 368/455/267 362/456/262
f 362/439/262 368/457/267 363/440/263
f 368/457/267 369/458/268 363/440/263
f 363/440/263 369/458/268 175/140/114
f 369/458/268 174/141/115 175/140/114
f 146/459/26 131/460/19 364/461/253
f 131/460/19 130/462/269 364/461/253
f 364/461/253 130/462/269 365/446/264
f 130/462/269 129/463/270 365/446/264
f 365/446/264 129/463/270 366/448/265
f 129/464/270 128/465/271 366/466/265
f 366/467/265 128/468/271 367/469/266
f 128/468/271 127/470/272 367/469/266
f 367/471/266 127/472/272 368/473/267
f 127/472/272 126/474/273 368/473/267
f 368/475/267 126/476/273 369/477/268
f 126/478/273 125/479/274 369/458/268
f 369/458/268 125/479/274 174/141/115
f 125/479/274 9/38/34 174/141/115
f 138/480/275 173/39/35 9/38/34
f 137/481/276 370/482/277 138/480/275
f 136/483/278 371/484/279 137/481/276
f 135/485/280 373/486/281 136/487/278
f 134/488/282 376/489/283 135/485/280
f 133/490/284 380/491/285 134/492/282
f 132/493/25 385/494/286 133/490/284
f 138/480/275 370/482/277 173/39/35
f 370/482/277 172/173/143 173/39/35
f 137/481/276 371/484/279 370/482/277
f 371/484/279 372/495/287 370/482/277
f 370/496/277 372/497/287 172/498/143
f 372/497/287 171/499/144 172/498/143
f 136/483/278 373/500/281 371/484/279
f 373/500/281 374/501/288 371/484/279
f 371/484/279 374/501/288 372/495/287
f 374/501/288 375/502/289 372/495/287
f 372/503/287 375/504/289 171/505/144
f 375/502/289 170/179/145 171/178/144
f 135/485/280 376/489/283 373/486/281
f 376/489/283 377/506/290 373/486/281
f 373/500/281 377/507/290 374/501/288
f 377/507/290 378/508/291 374/501/288
f 374/509/288 378/510/291 375/511/289
f 378/510/291 379/512/292 375/511/289
f 375/511/289 379/512/292 170/513/145
f 379/512/292 169/514/146 170/513/145
f 134/488/282 380/515/285 376/489/283
f 380/515/285 381/516/293 376/489/283
f 376/489/283 381/516/293 377/506/290
f 381/516/293 382/517/294 377/506/290
f 377/507/290 382/518/294 378/508/291
f 382/518/294 383/519/295 378/508/291
f 378/508/291 383/519/295 379/520/292
f 383/519/295 384/521/296 379/520/292
f 379/512/292 384/522/296 169/514/146
f 384/523/296 168/524/147 169/525/146
f 133/490/284 385/494/286 380/491/285
f 385/494/286 386/526/297 380/491/285
f 380/491/285 386/526/297 381/527/293
f 386/528/297 387/529/298 381/530/293
f 381/516/293 387/531/298 382/517/294
f 387/532/298 388/533/299 382/534/294
f 382/534/294 388/533/299 383/535/295
f 388/536/299 389/537/300 383/538/295
f 383/539/295 389/540/300 384/541/296
f 389/540/300 390/542/301 384/541/296
f 384/543/296 390/544/301 168/545/147
f 390/544/301 167/546/148 168/545/147
f 132/493/25 117/547/16 385/494/286
f 117/547/16 116/548/302 385/494/286
f 385/494/286 116/548/302 386/526/297
f 116/549/302 115/550/303 386/551/297
f 386/552/297 115/553/303 387/554/298
f 115/553/303 114/555/304 387/554/298
f 387/554/298 114/555/304 388/556/299
f 114/555/304 113/557/305 388/556/299
f 388/536/299 113/558/305 389/537/300
f 113/558/305 112/559/306 389/537/300
f 389/540/300 112/560/306 390/542/301
f 112/560/306 111/561/307 390/542/301
f 390/562/301 111/563/307 167/185/148
f 111/563/307 8/35/31 167/185/148
f 124/564/308 166/565/32 8/566/31
f 123/567/309 391/568/310 124/564/308
f 122/569/311 392/570/312 123/571/309
f 121/572/313 394/573/314 122/574/311
f 120/575/315 397/576/316 121/577/313
f 119/578/317 401/579/318 120/580/315
f 118/581/24 406/582/319 119/578/317
f 124/564/308 391/568/310 166/565/32
f 391/568/310 165/583/176 166/565/32
f 123/584/309 392/585/312 391/586/310
f 392/587/312 393/588/320 391/589/310
f 391/590/310 393/591/320 165/592/176
f 393/591/320 164/593/177 165/592/176
f 122/594/311 394/595/314 392/596/312
f 394/595/314 395/597/321 392/596/312
f 392/587/312 395/598/321 393/588/320
f 395/597/321 396/599/322 393/591/320
f 393/591/320 396/599/322 164/593/177
f 396/600/322 163/247/178 164/245/177
f 121/601/313 397/602/316 394/603/314
f 397/602/316 398/604/323 394/603/314
f 394/595/314 398/605/323 395/597/321
f 398/605/323 399/606/324 395/597/321
f 395/597/321 399/606/324 396/599/322
f 399/606/324 400/607/325 396/599/322
f 396/599/322 400/607/325 163/608/178
f 400/607/325 162/609/179 163/608/178
f 120/580/315 401/579/318 397/610/316
f 401/611/318 402/612/326 397/602/316
f 397/602/316 402/612/326 398/604/323
f 402/613/326 403/614/327 398/615/323
f 398/605/323 403/616/327 399/606/324
f 403/616/327 404/617/328 399/606/324
f 399/606/324 404/617/328 400/607/325
f 404/617/328 405/618/329 400/607/325
f 400/619/325 405/620/329 162/255/179
f 405/620/329 161/256/180 162/255/179
f 119/621/317 406/622/319 401/623/318
f 406/624/319 407/625/330 401/626/318
f 401/611/318 407/627/330 402/612/326
f 407/627/330 408/628/331 402/612/326
f 402/613/326 408/629/331 403/614/327
f 408/630/331 409/631/332 403/632/327
f 403/616/327 409/633/332 404/617/328
f 409/633/332 410/634/333 404/617/328
f 404/617/328 410/634/333 405/618/329
f 410/634/333 411/635/334 405/618/329
f 405/618/329 411/635/334 161/259/180
f 411/635/334 160/260/181 161/259/180
f 118/636/24 103/637/13 406/638/319
f 103/637/13 102/639/335 406/638/319
f 406/624/319 102/640/335 407/625/330
f 102/641/335 101/642/336 407/643/330
f 407/643/330 101/642/336 408/644/331
f 101/645/336 100/646/337 408/647/331
f 408/630/331 100/648/337 409/631/332
f 100/649/337 99/650/338 409/651/332
f 409/633/332 99/652/338 410/634/333
f 99/650/338 98/653/339 410/654/333
f 410/654/333 98/653/339 411/655/334
f 98/656/339 97/657/340 411/658/334
f 411/659/334 97/660/340 160/661/181
f 97/660/340 7/662/28 160/661/181
f 110/663/341 159/33/29 7/32/28
f 109/664/342 412/665/343 110/663/341
f 108/666/344 413/667/345 109/668/342
f 107/669/346 415/670/347 108/666/344
f 106/671/348 418/672/349 107/673/346
f 105/674/350 422/675/351 106/676/348
f 104/25/23 427/677/352 105/674/350
f 110/663/341 412/665/343 159/33/29
f 412/665/343 158/678/203 159/33/29
f 109/664/342 413/679/345 412/665/343
f 413/679/345 414/680/353 412/665/343
f 412/665/343 414/680/353 158/678/203
f 414/681/353 157/311/204 158/309/203
f 108/666/344 415/670/347 413/667/345
f 415/670/347 416/682/354 413/667/345
f 413/679/345 416/683/354 414/680/353
f 416/683/354 417/684/355 414/680/353
f 414/681/353 417/685/355 157/311/204
f 417/685/355 156/315/205 157/311/204
f 107/686/346 418/687/349 415/688/347
f 418/687/349 419/689/356 415/688/347
f 415/670/347 419/690/356 416/682/354
f 419/690/356 420/691/357 416/682/354
f 416/683/354 420/692/357 417/684/355
f 420/692/357 421/693/358 417/684/355
f 417/684/355 421/693/358 156/318/205
f 421/693/358 155/319/206 156/318/205
f 106/694/348 422/695/351 418/696/349
f 422/695/351 423/697/359 418/696/349
f 418/696/349 423/697/359 419/690/356
f 423/697/359 424/698/360 419/690/356
f 419/690/356 424/698/360 420/691/357
f 424/699/360 425/700/361 420/692/357
f 420/692/357 425/700/361 421/693/358
f 425/700/361 426/701/362 421/693/358
f 421/693/358 426/701/362 155/319/206
f 426/702/362 154/703/207 155/704/206
f 105/674/350 427/677/352 422/675/351
f 427/677/352 428/705/363 422/675/351
f 422/675/351 428/705/363 423/706/359
f 428/705/363 429/707/364 423/706/359
f 423/706/359 429/707/364 424/708/360
f 429/707/364 430/709/365 424/708/360
f 424/699/360 430/710/365 425/700/361
f 430/710/365 431/711/366 425/700/361
f 425/712/361 431/713/366 426/714/362
f 431/713/366 432/715/367 426/714/362
f 426/716/362 432/717/367 154/718/207
f 432/717/367 153/719/208 154/718/207
f 104/25/23 89/12/10 427/677/352
f 89/12/10 88/720/368 427/677/352
f 427/677/352 88/720/368 428/705/363
f 88/721/368 87/722/369 428/723/363
f 428/705/363 87/724/369 429/707/364
f 87/724/369 86/725/370 429/707/364
f 429/707/364 86/725/370 430/709/365
f 86/725/370 85/726/371 430/709/365
f 430/710/365 85/727/371 431/711/366
f 85/727/371 84/728/372 431/711/366
f 431/713/366 84/729/372 432/715/367
f 84/730/372 83/731/373 432/732/367
f 432/733/367 83/734/373 153/735/208
f 83/734/373 11/736/40 153/735/208
f 139/398/241 152/737/242 10/399/37
f 140/395/240 433/738/374 139/397/241
f 141/394/239 434/739/375 140/395/240
f 142/390/238 436/740/376 141/392/239
f 143/389/237 439/741/377 142/390/238
f 144/388/236 443/742/378 143/389/237
f 145/743/22 448/744/379 144/745/236
f 139/398/241 433/746/374 152/737/242
f 433/747/374 151/748/243 152/749/242
f 140/395/240 434/739/375 433/738/374
f 434/739/375 435/750/380 433/738/374
f 433/738/374 435/750/380 151/407/243
f 435/750/380 150/405/245 151/407/243
f 141/394/239 436/751/376 434/739/375
f 436/751/376 437/752/381 434/739/375
f 434/739/375 437/752/381 435/750/380
f 437/752/381 438/753/382 435/750/380
f 435/750/380 438/753/382 150/405/245
f 438/753/382 149/408/247 150/405/245
f 142/390/238 439/741/377 436/740/376
f 439/741/377 440/754/383 436/740/376
f 436/740/376 440/754/383 437/755/381
f 440/754/383 441/756/384 437/755/381
f 437/755/381 441/756/384 438/757/382
f 441/756/384 442/758/385 438/757/382
f 438/759/382 442/760/385 149/412/247
f 442/760/385 148/410/249 149/412/247
f 143/761/237 443/762/378 439/763/377
f 443/762/378 444/764/386 439/763/377
f 439/763/377 444/764/386 440/765/383
f 444/766/386 445/767/387 440/754/383
f 440/754/383 445/767/387 441/756/384
f 445/767/387 446/768/388 441/756/384
f 441/756/384 446/768/388 442/758/385
f 446/768/388 447/769/389 442/758/385
f 442/758/385 447/769/389 148/770/249
f 447/769/389 147/416/251 148/770/249
f 144/771/236 448/772/379 443/773/378
f 448/774/379 449/775/390 443/742/378
f 443/742/378 449/775/390 444/766/386
f 449/775/390 450/776/391 444/766/386
f 444/766/386 450/776/391 445/767/387
f 450/776/391 451/777/392 445/767/387
f 445/767/387 451/777/392 446/768/388
f 451/777/392 452/778/393 446/768/388
f 446/768/388 452/778/393 447/769/389
f 452/778/393 453/779/394 447/769/389
f 447/769/389 453/779/394 147/416/251
f 453/779/394 146/30/26 147/416/251
f 145/24/22 82/23/21 448/774/379
f 82/23/21 81/780/395 448/774/379
f 448/774/379 81/780/395 449/775/390
f 81/780/395 80/781/396 449/775/390
f 449/775/390 80/781/396 450/776/391
f 80/781/396 79/782/397 450/776/391
f 450/776/391 79/782/397 451/777/392
f 79/782/397 78/783/398 451/777/392
f 451/784/392 78/785/398 452/786/393
f 78/783/398 77/787/399 452/778/393
f 452/778/393 77/787/399 453/779/394
f 77/787/399 76/788/400 453/779/394
f 453/779/394 76/788/400 146/30/26
f 76/788/400 5/19/17 146/30/26
f 125/479/274 138/480/275 9/38/34
f 126/478/273 454/789/401 125/479/274
f 127/790/272 455/791/402 126/792/273
f 128/468/271 457/793/403 127/470/272
f 129/794/270 460/795/404 128/796/271
f 130/797/269 464/798/405 129/799/270
f 131/800/19 469/801/406 130/802/269
f 125/803/274 454/804/401 138/805/275
f 454/804/401 137/806/276 138/805/275
f 126/792/273 455/791/402 454/807/401
f 455/808/402 456/809/407 454/789/401
f 454/789/401 456/809/407 137/481/276
f 456/809/407 136/483/278 137/481/276
f 127/470/272 457/793/403 455/810/402
f 457/793/403 458/811/408 455/810/402
f 455/810/402 458/811/408 456/812/407
f 458/811/408 459/813/409 456/812/407
f 456/812/407 459/813/409 136/487/278
f 459/813/409 135/485/280 136/487/278
f 128/468/271 460/814/404 457/793/403
f 460/814/404 461/815/410 457/793/403
f 457/793/403 461/815/410 458/811/408
f 461/815/410 462/816/411 458/811/408
f 458/811/408 462/816/411 459/813/409
f 462/816/411 463/817/412 459/813/409
f 459/813/409 463/817/412 135/485/280
f 463/817/412 134/488/282 135/485/280
f 129/799/270 464/798/405 460/814/404
f 464/798/405 465/818/413 460/814/404
f 460/814/404 465/818/413 461/815/410
f 465/818/413 466/819/414 461/815/410
f 461/815/410 466/819/414 462/816/411
f 466/819/414 467/820/415 462/816/411
f 462/821/411 467/822/415 463/823/412
f 467/824/415 468/825/416 463/826/412
f 463/826/412 468/825/416 134/827/282
f 468/828/416 133/829/284 134/830/282
f 130/831/269 469/832/406 464/833/405
f 469/832/406 470/834/417 464/833/405
f 464/833/405 470/834/417 465/835/413
f 470/836/417 471/837/418 465/838/413
f 465/839/413 471/840/418 466/841/414
f 471/840/418 472/842/419 466/841/414
f 466/841/414 472/842/419 467/824/415
f 472/842/419 473/843/420 467/824/415
f 467/824/415 473/843/420 468/825/416
f 473/844/420 474/845/421 468/846/416
f 468/846/416 474/845/421 133/490/284
f 474/845/421 132/493/25 133/490/284
f 131/847/19 75/848/18 469/832/406
f 75/848/18 74/849/422 469/832/406
f 469/832/406 74/849/422 470/834/417
f 74/849/422 73/850/423 470/834/417
f 470/834/417 73/850/423 471/851/418
f 73/852/423 72/853/424 471/854/418
f 471/854/418 72/853/424 472/855/419
f 72/853/424 71/856/425 472/855/419
f 472/842/419 71/857/425 473/843/420
f 71/858/425 70/859/426 473/844/420
f 473/844/420 70/859/426 474/845/421
f 70/860/426 69/861/427 474/862/421
f 474/863/421 69/864/427 132/29/25
f 69/864/427 4/16/14 132/29/25
f 111/865/307 124/564/308 8/566/31
f 112/866/306 475/867/428 111/868/307
f 113/869/305 476/870/429 112/871/306
f 114/555/304 478/872/430 113/557/305
f 115/873/303 481/874/431 114/875/304
f 116/549/302 485/876/432 115/550/303
f 117/547/16 490/877/433 116/548/302
f 111/868/307 475/867/428 124/878/308
f 475/879/428 123/880/309 124/881/308
f 112/882/306 476/883/429 475/884/428
f 476/883/429 477/885/434 475/884/428
f 475/886/428 477/887/434 123/888/309
f 477/889/434 122/890/311 123/891/309
f 113/869/305 478/892/430 476/870/429
f 478/893/430 479/894/435 476/895/429
f 476/895/429 479/894/435 477/896/434
f 479/894/435 480/897/436 477/896/434
f 477/896/434 480/897/436 122/898/311
f 480/899/436 121/900/313 122/901/311
f 114/875/304 481/874/431 478/902/430
f 481/903/431 482/904/437 478/893/430
f 478/893/430 482/904/437 479/894/435
f 482/905/437 483/906/438 479/907/435
f 479/907/435 483/906/438 480/908/436
f 483/906/438 484/909/439 480/908/436
f 480/899/436 484/910/439 121/900/313
f 484/911/439 120/575/315 121/577/313
f 115/550/303 485/876/432 481/903/431
f 485/876/432 486/912/440 481/903/431
f 481/903/431 486/912/440 482/904/437
f 486/913/440 487/914/441 482/915/437
f 482/905/437 487/916/441 483/906/438
f 487/916/441 488/917/442 483/906/438
f 483/918/438 488/919/442 484/920/439
f 488/921/442 489/922/443 484/911/439
f 484/911/439 489/922/443 120/575/315
f 489/923/443 119/578/317 120/580/315
f 116/924/302 490/925/433 485/926/432
f 490/927/433 491/928/444 485/929/432
f 485/876/432 491/930/444 486/912/440
f 491/931/444 492/932/445 486/933/440
f 486/933/440 492/932/445 487/934/441
f 492/935/445 493/936/446 487/937/441
f 487/938/441 493/939/446 488/940/442
f 493/941/446 494/942/447 488/943/442
f 488/943/442 494/942/447 489/944/443
f 494/945/447 495/946/448 489/947/443
f 489/923/443 495/948/448 119/578/317
f 495/948/448 118/581/24 119/578/317
f 117/18/16 61/17/15 490/949/433
f 61/17/15 60/950/449 490/949/433
f 490/949/433 60/950/449 491/951/444
f 60/952/449 59/953/450 491/931/444
f 491/931/444 59/953/450 492/932/445
f 59/954/450 58/955/451 492/935/445
f 492/935/445 58/955/451 493/936/446
f 58/955/451 57/956/452 493/936/446
f 493/941/446 57/957/452 494/942/447
f 57/958/452 56/959/453 494/945/447
f 494/945/447 56/959/453 495/946/448
f 56/960/453 55/961/454 495/962/448
f 495/963/448 55/964/454 118/965/24
f 55/966/454 3/967/11 118/968/24
f 97/660/340 110/969/341 7/662/28
f 98/656/339 496/970/455 97/657/340
f 99/650/338 497/971/456 98/653/339
f 100/649/337 499/972/457 99/650/338
f 101/642/336 502/973/458 100/974/337
f 102/641/335 506/975/459 101/642/336
f 103/976/13 511/977/460 102/978/335
f 97/660/340 496/979/455 110/969/341
f 496/980/455 109/664/342 110/663/341
f 98/656/339 497/981/456 496/970/455
f 497/981/456 498/982/461 496/970/455
f 496/983/455 498/984/461 109/668/342
f 498/984/461 108/666/344 109/668/342
f 99/650/338 499/972/457 497/971/456
f 499/985/457 500/986/462 497/987/456
f 497/987/456 500/986/462 498/988/461
f 500/989/462 501/990/463 498/991/461
f 498/992/461 501/993/463 108/994/344
f 501/993/463 107/995/346 108/994/344
f 100/996/337 502/997/458 499/998/457
f 502/997/458 503/999/464 499/998/457
f 499/998/457 503/999/464 500/1000/462
f 503/999/464 504/1001/465 500/1000/462
f 500/989/462 504/1002/465 501/990/463
f 504/1003/465 505/1004/466 501/1005/463
f 501/1005/463 505/1004/466 107/1006/346
f 505/1004/466 106/676/348 107/1006/346
f 101/642/336 506/975/459 502/973/458
f 506/1007/459 507/1008/467 502/1009/458
f 502/1009/458 507/1008/467 503/1010/464
f 507/1011/467 508/1012/468 503/1013/464
f 503/1014/464 508/1015/468 504/1016/465
f 508/1012/468 509/1017/469 504/1003/465
f 504/1003/465 509/1017/469 505/1004/466
f 509/1017/469 510/1018/470 505/1004/466
f 505/1004/466 510/1018/470 106/676/348
f 510/1018/470 105/674/350 106/676/348
f 102/1019/335 511/1020/460 506/1021/459
f 511/1020/460 512/1022/471 506/1021/459
f 506/1021/459 512/1022/471 507/1011/467
f 512/1022/471 513/1023/472 507/1011/467
f 507/1011/467 513/1023/472 508/1012/468
f 513/1023/472 514/1024/473 508/1012/468
f 508/1012/468 514/1024/473 509/1017/469
f 514/1025/473 515/1026/474 509/1027/469
f 509/1027/469 515/1026/474 510/1028/470
f 515/1029/474 516/1030/475 510/1031/470
f 510/1018/470 516/1032/475 105/674/350
f 516/1032/475 104/25/23 105/674/350
f 103/976/13 33/1033/12 511/977/460
f 33/1033/12 32/1034/476 511/977/460
f 511/977/460 32/1034/476 512/1035/471
f 32/1034/476 31/1036/477 512/1035/471
f 512/1037/471 31/1038/477 513/1039/472
f 31/1040/477 30/1041/478 513/1023/472
f 513/1023/472 30/1041/478 514/1024/473
f 30/1042/478 29/1043/479 514/1025/473
f 514/1025/473 29/1043/479 515/1026/474
f 29/1043/479 28/1044/480 515/1026/474
f 515/1029/474 28/1045/480 516/1030/475
f 28/1045/480 27/1046/481 516/1030/475
f 516/1030/475 27/1046/481 104/1047/23
f 27/1046/481 2/1048/4 104/1047/23
f 83/1049/373 96/332/209 11/1050/40
f 84/1051/372 517/1052/482 83/1053/373
f 85/727/371 518/1054/483 84/728/372
f 86/725/370 520/1055/484 85/726/371
f 87/724/369 523/1056/485 86/725/370
f 88/720/368 527/1057/486 87/724/369
f 89/12/10 532/1058/487 88/720/368
f 83/1049/373 517/1059/482 96/332/209
f 517/1059/482 95/330/210 96/332/209
f 84/728/372 518/1054/483 517/1060/482
f 518/1061/483 519/1062/488 517/1063/482
f 517/1064/482 519/1065/488 95/1066/210
f 519/1065/488 94/1067/212 95/1066/210
f 85/726/371 520/1055/484 518/1068/483
f 520/1055/484 521/1069/489 518/1068/483
f 518/1061/483 521/1070/489 519/1062/488
f 521/1069/489 522/1071/490 519/1065/488
f 519/1065/488 522/1071/490 94/1067/212
f 522/1071/490 93/340/214 94/1067/212
f 86/725/370 523/1056/485 520/1055/484
f 523/1056/485 524/1072/491 520/1055/484
f 520/1055/484 524/1072/491 521/1069/489
f 524/1072/491 525/1073/492 521/1069/489
f 521/1074/489 525/1075/492 522/1076/490
f 525/1077/492 526/1078/493 522/1079/490
f 522/1071/490 526/1080/493 93/340/214
f 526/1080/493 92/338/216 93/340/214
f 87/724/369 527/1057/486 523/1056/485
f 527/1057/486 528/1081/494 523/1056/485
f 523/1056/485 528/1081/494 524/1072/491
f 528/1081/494 529/1082/495 524/1072/491
f 524/1072/491 529/1082/495 525/1073/492
f 529/1082/495 530/1083/496 525/1073/492
f 525/1084/492 530/1085/496 526/1086/493
f 530/1085/496 531/1087/497 526/1086/493
f 526/1080/493 531/1088/497 92/338/216
f 531/1088/497 91/341/218 92/338/216
f 88/1089/368 532/1090/487 527/1091/486
f 532/1090/487 533/1092/498 527/1091/486
f 527/1091/486 533/1092/498 528/1093/494
f 533/1092/498 534/1094/499 528/1093/494
f 528/1095/494 534/1096/499 529/1097/495
f 534/1098/499 535/1099/500 529/1082/495
f 529/1082/495 535/1099/500 530/1083/496
f 535/1100/500 536/1101/501 530/1102/496
f 530/1103/496 536/1104/501 531/1105/497
f 536/1104/501 537/1106/502 531/1105/497
f 531/1107/497 537/1108/502 91/1109/218
f 537/1110/502 90/31/27 91/341/218
f 89/12/10 40/11/6 532/1058/487
f 40/11/6 39/1111/503 532/1058/487
f 532/1090/487 39/1112/503 533/1092/498
f 39/1111/503 38/1113/504 533/1114/498
f 533/1114/498 38/1113/504 534/1098/499
f 38/1113/504 37/1115/505 534/1098/499
f 534/1098/499 37/1115/505 535/1099/500
f 37/1115/505 36/1116/506 535/1099/500
f 535/1099/500 36/1116/506 536/1117/501
f 36/1116/506 35/1118/507 536/1117/501
f 536/1119/501 35/1120/507 537/1121/502
f 35/1120/507 34/1122/508 537/1121/502
f 537/1110/502 34/1123/508 90/31/27
f 34/1123/508 6/22/20 90/31/27
f 47/1124/509 82/1125/21 6/1126/20
f 46/1127/510 538/1128/511 47/1129/509
f 45/1130/512 539/1131/513 46/1132/510
f 44/1133/514 541/1134/515 45/1130/512
f 43/1135/516 544/1136/517 44/1133/514
f 42/1137/518 548/1138/519 43/1135/516
f 41/9/9 553/1139/520 42/1137/518
f 47/1140/509 538/1141/511 82/23/21
f 538/1141/511 81/780/395 82/23/21
f 46/1142/510 539/1143/513 538/1144/511
f 539/1143/513 540/1145/521 538/1144/511
f 538/1144/511 540/1145/521 81/1146/395
f 540/1145/521 80/1147/396 81/1146/395
f 45/1130/512 541/1134/515 539/1131/513
f 541/1134/515 542/1148/522 539/1131/513
f 539/1131/513 542/1148/522 540/1149/521
f 542/1150/522 543/1151/523 540/1152/521
f 540/1149/521 543/1153/523 80/781/396
f 543/1153/523 79/782/397 80/781/396
f 44/1133/514 544/1136/517 541/1134/515
f 544/1136/517 545/1154/524 541/1134/515
f 541/1134/515 545/1154/524 542/1148/522
f 545/1154/524 546/1155/525 542/1148/522
f 542/1150/522 546/1156/525 543/1151/523
f 546/1155/525 547/1157/526 543/1153/523
f 543/1153/523 547/1157/526 79/782/397
f 547/1157/526 78/783/398 79/782/397
f 43/1135/516 548/1138/519 544/1136/517
f 548/1138/519 549/1158/527 544/1136/517
f 544/1136/517 549/1158/527 545/1154/524
f 549/1158/527 550/1159/528 545/1154/524
f 545/1154/524 550/1159/528 546/1155/525
f 550/1159/528 551/1160/529 546/1155/525
f 546/1155/525 551/1160/529 547/1157/526
f 551/1160/529 552/1161/530 547/1157/526
f 547/1157/526 552/1161/530 78/783/398
f 552/1161/530 77/787/399 78/783/398
f 42/1137/518 553/1139/520 548/1138/519
f 553/1139/520 554/1162/531 548/1138/519
f 548/1138/519 554/1162/531 549/1158/527
f 554/1162/531 555/1163/532 549/1158/527
f 549/1158/527 555/1163/532 550/1159/528
f 555/1163/532 556/1164/533 550/1159/528
f 550/1159/528 556/1164/533 551/1160/529
f 556/1165/533 557/1166/534 551/1167/529
f 551/1160/529 557/1168/534 552/1161/530
f 557/1168/534 558/1169/535 552/1161/530
f 552/1161/530 558/1169/535 77/787/399
f 558/1169/535 76/788/400 77/787/399
f 41/9/9 68/8/8 553/1139/520
f 68/8/8 67/1170/536 553/1139/520
f 553/1139/520 67/1170/536 554/1162/531
f 67/1170/536 66/1171/537 554/1162/531
f 554/1162/531 66/1171/537 555/1163/532
f 66/1171/537 65/1172/538 555/1163/532
f 555/1163/532 65/1172/538 556/1164/533
f 65/1172/538 64/1173/539 556/1164/533
f 556/1165/533 64/1174/539 557/1166/534
f 64/1173/539 63/1175/540 557/1168/534
f 557/1168/534 63/1175/540 558/1169/535
f 63/1175/540 62/1176/541 558/1169/535
f 558/1169/535 62/1176/541 76/788/400
f 62/1176/541 5/19/17 76/788/400
f 62/1176/541 75/20/18 5/19/17
f 63/1175/540 559/1177/542 62/1176/541
f 64/1173/539 560/1178/543 63/1175/540
f 65/1172/538 562/1179/544 64/1173/539
f 66/1171/537 565/1180/545 65/1172/538
f 67/1170/536 569/1181/546 66/1171/537
f 68/8/8 574/1182/547 67/1170/536
f 62/1176/541 559/1177/542 75/20/18
f 559/1177/542 74/1183/422 75/20/18
f 63/1175/540 560/1178/543 559/1177/542
f 560/1178/543 561/1184/548 559/1177/542
f 559/1177/542 561/1184/548 74/1183/422
f 561/1184/548 73/1185/423 74/1183/422
f 64/1173/539 562/1179/544 560/1178/543
f 562/1179/544 563/1186/549 560/1178/543
f 560/1187/543 563/1188/549 561/1189/548
f 563/1188/549 564/1190/550 561/1189/548
f 561/1184/548 564/1191/550 73/1185/423
f 564/1191/550 72/1192/424 73/1185/423
f 65/1172/538 565/1180/545 562/1179/544
f 565/1180/545 566/1193/551 562/1179/544
f 562/1179/544 566/1193/551 563/1186/549
f 566/1193/551 567/1194/552 563/1186/549
f 563/1186/549 567/1194/552 564/1191/550
f 567/1194/552 568/1195/553 564/1191/550
f 564/1191/550 568/1195/553 72/1192/424
f 568/1196/553 71/858/425 72/1197/424
f 66/1171/537 569/1181/546 565/1180/545
f 569/1181/546 570/1198/554 565/1180/545
f 565/1180/545 570/1198/554 566/1193/551
f 570/1198/554 571/1199/555 566/1193/551
f 566/1193/551 571/1199/555 567/1194/552
f 571/1199/555 572/1200/556 567/1194/552
f 567/1194/552 572/1200/556 568/1195/553
f 572/1200/556 573/1201/557 568/1195/553
f 568/1196/553 573/1202/557 71/858/425
f 573/1202/557 70/859/426 71/858/425
f 67/1170/536 574/1182/547 569/1181/546
f 574/1182/547 575/1203/558 569/1181/546
f 569/1181/546 575/1203/558 570/1198/554
f 575/1203/558 576/1204/559 570/1198/554
f 570/1198/554 576/1204/559 571/1199/555
f 576/1204/559 577/1205/560 571/1199/555
f 571/1199/555 577/1205/560 572/1200/556
f 577/1205/560 578/1206/561 572/1200/556
f 572/1207/556 578/1208/561 573/1209/557
f 578/1206/561 579/1210/562 573/1201/557
f 573/1211/557 579/1212/562 70/860/426
f 579/1212/562 69/861/427 70/860/426
f 68/8/8 54/7/7 574/1182/547
f 54/7/7 53/1213/563 574/1182/547
f 574/1182/547 53/1213/563 575/1203/558
f 53/1213/563 52/1214/564 575/1203/558
f 575/1203/558 52/1214/564 576/1204/559
f 52/1214/564 51/1215/565 576/1204/559
f 576/1204/559 51/1215/565 577/1205/560
f 51/1215/565 50/1216/566 577/1205/560
f 577/1205/560 50/1216/566 578/1206/561
f 50/1216/566 49/1217/567 578/1206/561
f 578/1206/561 49/1217/567 579/1210/562
f 49/1217/567 48/1218/568 579/1210/562
f 579/1219/562 48/1220/568 69/1221/427
f 48/1222/568 4/1223/14 69/1224/427
f 48/1222/568 61/1225/15 4/1223/14
f 49/1217/567 580/1226/569 48/1218/568
f 50/1216/566 581/1227/570 49/1217/567
f 51/1215/565 583/1228/571 50/1216/566
f 52/1214/564 586/1229/572 51/1215/565
f 53/1213/563 590/1230/573 52/1214/564
f 54/7/7 595/1231/574 53/1213/563
f 48/1232/568 580/1233/569 61/1234/15
f 580/1235/569 60/1236/449 61/1237/15
f 49/1217/567 581/1227/570 580/1226/569
f 581/1227/570 582/1238/575 580/1226/569
f 580/1226/569 582/1238/575 60/1239/449
f 582/1238/575 59/1240/450 60/1239/449
f 50/1216/566 583/1228/571 581/1227/570
f 583/1228/571 584/1241/576 581/1227/570
f 581/1227/570 584/1241/576 582/1238/575
f 584/1241/576 585/1242/577 582/1238/575
f 582/1238/575 585/1242/577 59/1240/450
f 585/1242/577 58/1243/451 59/1240/450
f 51/1215/565 586/1229/572 583/1228/571
f 586/1229/572 587/1244/578 583/1228/571
f 583/1228/571 587/1244/578 584/1241/576
f 587/1244/578 588/1245/579 584/1241/576
f 584/1241/576 588/1245/579 585/1242/577
f 588/1245/579 589/1246/580 585/1242/577
f 585/1242/577 589/1246/580 58/1243/451
f 589/1246/580 57/958/452 58/1243/451
f 52/1214/564 590/1230/573 586/1229/572
f 590/1230/573 591/1247/581 586/1229/572
f 586/1229/572 591/1247/581 587/1244/578
f 591/1247/581 592/1248/582 587/1244/578
f 587/1244/578 592/1248/582 588/1245/579
f 592/1248/582 593/1249/583 588/1245/579
f 588/1245/579 593/1249/583 589/1246/580
f 593/1249/583 594/1250/584 589/1246/580
f 589/1246/580 594/1250/584 57/958/452
f 594/1250/584 56/959/453 57/958/452
f 53/1213/563 595/1231/574 590/1230/573
f 595/1231/574 596/1251/585 590/1230/573
f 590/1230/573 596/1251/585 591/1247/581
f 596/1251/585 597/1252/586 591/1247/581
f 591/1247/581 597/1252/586 592/1248/582
f 597/1252/586 598/1253/587 592/1248/582
f 592/1248/582 598/1253/587 593/1249/583
f 598/1253/587 599/1254/588 593/1249/583
f 593/1249/583 599/1254/588 594/1250/584
f 599/1254/588 600/1255/589 594/1250/584
f 594/1250/584 600/1255/589 56/959/453
f 600/1255/589 55/1256/454 56/959/453
f 54/7/7 19/3/3 595/1231/574
f 19/3/3 18/1257/590 595/1231/574
f 595/1231/574 18/1257/590 596/1251/585
f 18/1257/590 17/1258/591 596/1251/585
f 596/1251/585 17/1258/591 597/1252/586
f 17/1258/591 16/1259/592 597/1252/586
f 597/1252/586 16/1259/592 598/1253/587
f 16/1259/592 15/1260/593 598/1253/587
f 598/1253/587 15/1260/593 599/1254/588
f 15/1260/593 14/1261/594 599/1254/588
f 599/1254/588 14/1261/594 600/1255/589
f 14/1261/594 13/1262/595 600/1255/589
f 600/1255/589 13/1262/595 55/1256/454
f 13/1263/595 3/967/11 55/966/454
f 34/1264/508 47/1124/509 6/1126/20
f 35/1120/507 601/1265/596 34/1122/508
f 36/1266/506 602/1267/597 35/1268/507
f 37/1115/505 604/1269/598 36/1116/506
f 38/1270/504 607/1271/599 37/1272/505
f 39/1111/503 611/1273/600 38/1113/504
f 40/1274/6 616/1275/601 39/1276/503
f 34/1264/508 601/1277/596 47/1124/509
f 601/1277/596 46/1278/510 47/1124/509
f 35/1120/507 602/1279/597 601/1265/596
f 602/1279/597 603/1280/602 601/1265/596
f 601/1281/596 603/1282/602 46/1132/510
f 603/1282/602 45/1130/512 46/1132/510
f 36/1116/506 604/1269/598 602/1283/597
f 604/1269/598 605/1284/603 602/1283/597
f 602/1283/597 605/1284/603 603/1282/602
f 605/1284/603 606/1285/604 603/1282/602
f 603/1282/602 606/1285/604 45/1130/512
f 606/1285/604 44/1133/514 45/1130/512
f 37/1272/505 607/1271/599 604/1286/598
f 607/1287/599 608/1288/605 604/1269/598
f 604/1269/598 608/1288/605 605/1284/603
f 608/1288/605 609/1289/606 605/1284/603
f 605/1284/603 609/1289/606 606/1285/604
f 609/1289/606 610/1290/607 606/1285/604
f 606/1285/604 610/1290/607 44/1133/514
f 610/1290/607 43/1135/516 44/1133/514
f 38/1270/504 611/1291/600 607/1271/599
f 611/1273/600 612/1292/608 607/1287/599
f 607/1287/599 612/1292/608 608/1288/605
f 612/1292/608 613/1293/609 608/1288/605
f 608/1288/605 613/1293/609 609/1289/606
f 613/1293/609 614/1294/610 609/1289/606
f 609/1289/606 614/1294/610 610/1290/607
f 614/1294/610 615/1295/611 610/1290/607
f 610/1290/607 615/1295/611 43/1135/516
f 615/1295/611 42/1137/518 43/1135/516
f 39/1111/503 616/1296/601 611/1273/600
f 616/1297/601 617/1298/612 611/1299/600
f 611/1273/600 617/1300/612 612/1292/608
f 617/1300/612 618/1301/613 612/1292/608
f 612/1292/608 618/1301/613 613/1293/609
f 618/1301/613 619/1302/614 613/1293/609
f 613/1293/609 619/1302/614 614/1294/610
f 619/1302/614 620/1303/615 614/1294/610
f 614/1294/610 620/1303/615 615/1295/611
f 620/1303/615 621/1304/616 615/1295/611
f 615/1295/611 621/1304/616 42/1137/518
f 621/1304/616 41/9/9 42/1137/518
f 40/1305/6 26/1306/5 616/1307/601
f 26/1308/5 25/1309/617 616/1310/601
f 616/1311/601 25/1312/617 617/1313/612
f 25/1314/617 24/1315/618 617/1300/612
f 617/1300/612 24/1315/618 618/1301/613
f 24/1315/618 23/1316/619 618/1301/613
f 618/1301/613 23/1316/619 619/1302/614
f 23/1316/619 22/1317/620 619/1302/614
f 619/1302/614 22/1317/620 620/1303/615
f 22/1317/620 21/1318/621 620/1303/615
f 620/1303/615 21/1318/621 621/1304/616
f 21/1318/621 20/2/2 621/1304/616
f 621/1304/616 20/2/2 41/9/9
f 20/2/2 1/1/1 41/9/9
f 13/1263/595 33/1319/12 3/967/11
f 14/1261/594 622/1320/622 13/1262/595
f 15/1260/593 623/1321/623 14/1261/594
f 16/1259/592 625/1322/624 15/1260/593
f 17/1258/591 628/1323/625 16/1259/592
f 18/1257/590 632/1324/626 17/1258/591
f 19/3/3 637/1325/627 18/1257/590
f 13/1262/595 622/1320/622 33/1326/12
f 622/1320/622 32/1327/476 33/1326/12
f 14/1261/594 623/1321/623 622/1320/622
f 623/1321/623 624/1328/628 622/1320/622
f 622/1320/622 624/1328/628 32/1327/476
f 624/1328/628 31/1040/477 32/1327/476
f 15/1260/593 625/1322/624 623/1321/623
f 625/1322/624 626/1329/629 623/1321/623
f 623/1321/623 626/1329/629 624/1328/628
f 626/1329/629 627/1330/630 624/1328/628
f 624/1328/628 627/1330/630 31/1040/477
f 627/1330/630 30/1041/478 31/1040/477
f 16/1259/592 628/1323/625 625/1322/624
f 628/1323/625 629/1331/631 625/1322/624
f 625/1322/624 629/1331/631 626/1329/629
f 629/1331/631 630/1332/632 626/1329/629
f 626/1329/629 630/1332/632 627/1330/630
f 630/1332/632 631/1333/633 627/1330/630
f 627/1330/630 631/1333/633 30/1041/478
f 631/1333/633 29/1334/479 30/1041/478
f 17/1258/591 632/1324/626 628/1323/625
f 632/1324/626 633/1335/634 628/1323/625
f 628/1323/625 633/1335/634 629/1331/631
f 633/1335/634 634/1336/635 629/1331/631
f 629/1331/631 634/1336/635 630/1332/632
f 634/1336/635 635/1337/636 630/1332/632
f 630/1332/632 635/1337/636 631/1333/633
f 635/1337/636 636/1338/637 631/1333/633
f 631/1333/633 636/1338/637 29/1334/479
f 636/1338/637 28/1339/480 29/1334/479
f 18/1257/590 637/1325/627 632/1324/626
f 637/1325/627 638/1340/638 632/1324/626
f 632/1324/626 638/1340/638 633/1335/634
f 638/1340/638 639/1341/639 633/1335/634
f 633/1335/634 639/1341/639 634/1336/635
f 639/1341/639 640/1342/640 634/1336/635
f 634/1336/635 640/1342/640 635/1337/636
f 640/1342/640 641/1343/641 635/1337/636
f 635/1337/636 641/1343/641 636/1338/637
f 641/1344/641 642/1345/642 636/1346/637
f 636/1338/637 642/1347/642 28/1339/480
f 642/1348/642 27/1046/481 28/1045/480
f 19/3/3 20/2/2 637/1325/627
f 20/2/2 21/1318/621 637/1325/627
f 637/1325/627 21/1318/621 638/1340/638
f 21/1318/621 22/1317/620 638/1340/638
f 638/1340/638 22/1317/620 639/1341/639
f 22/1317/620 23/1316/619 639/1341/639
f 639/1341/639 23/1316/619 640/1342/640
f 23/1316/619 24/1315/618 640/1342/640
f 640/1342/640 24/1315/618 641/1343/641
f 24/1315/618 25/1314/617 641/1343/641
f 641/1344/641 25/1349/617 642/1345/642
f 25/1309/617 26/1308/5 642/1350/642
f 642/1348/642 26/1351/5 27/1046/481
f 26/1351/5 2/1048/4 27/1046/481
s 0
f 644/1352/643 647/1353/643 643/1354/643
f 647/1353/644 648/1355/644 651/1356/644
f 645/1357/645 648/1358/645 644/1359/645
f 648/1358/646 649/1360/646 651/1361/646
f 646/1362/647 649/1363/647 645/1364/647
f 649/1363/648 650/1365/648 651/1366/648
f 643/1367/649 650/1368/649 646/1369/649
f 650/1368/650 647/1370/650 651/1371/650
f 645/1372/651 643/1373/651 646/1374/651
f 652/1375/652 657/1376/652 656/1377/652
f 656/1377/653 657/1376/653 660/1378/653
f 654/1379/654 657/1380/654 653/1381/654
f 657/1380/655 658/1382/655 660/1383/655
f 654/1384/656 659/1385/656 658/1386/656
f 658/1386/657 659/1385/657 660/1387/657
f 652/1388/658 659/1389/658 655/1390/658
f 659/1389/659 656/1391/659 660/1392/659
f 654/1393/660 652/1394/660 655/1395/660
f 661/1396/661 666/1397/661 665/1398/661
f 665/1398/662 666/1397/662 669/1399/662
f 663/1400/663 666/1401/663 662/1402/663
f 666/1401/664 667/1403/664 669/1404/664
f 664/1405/665 667/1406/665 663/1407/665
f 667/1406/666 668/1408/666 669/1409/666
f 661/1410/667 668/1411/667 664/1412/667
f 668/1411/668 665/1413/668 669/1414/668
f 664/1415/669 662/1416/669 661/1417/669
f 671/1418/670 674/1419/670 670/1420/670
f 674/1419/671 675/1421/671 678/1422/671
f 672/1423/672 675/1424/672 671/1425/672
f 675/1424/673 676/1426/673 678/1427/673
f 672/1428/674 677/1429/674 676/1430/674
f 676/1430/675 677/1429/675 678/1431/675
f 673/1432/676 674/1433/676 677/1434/676
f 677/1434/677 674/1433/677 678/1435/677
f 672/1436/678 670/1437/678 673/1438/678
f 680/1439/679 683/1440/679 679/1441/679
f 683/1440/680 684/1442/680 687/1443/680
f 680/1444/681 685/1445/681 684/1446/681
f 684/1446/682 685/1445/682 687/1447/682
f 682/1448/683 685/1449/683 681/1450/683
f 685/1449/684 686/1451/684 687/1452/684
f 679/1453/685 686/1454/685 682/1455/685
f 686/1454/686 683/1456/686 687/1457/686
f 681/1458/687 679/1459/687 682/1460/687
f 689/1461/688 692/1462/688 688/1463/688
f 692/1464/689 693/1465/689 696/1466/689
f 690/1467/690 693/1468/690 689/1469/690
f 693/1468/691 694/1470/691 696/1471/691
f 691/1472/692 694/1473/692 690/1474/692
f 694/1473/693 695/1475/693 696/1476/693
f 688/1477/694 695/1478/694 691/1479/694
f 695/1478/695 692/1480/695 696/1481/695
f 690/1482/696 688/1483/696 691/1484/696
f 697/1485/697 702/1486/697 701/1487/697
f 701/1487/698 702/1486/698 705/1488/698
f 699/1489/699 702/1490/699 698/1491/699
f 702/1490/700 703/1492/700 705/1493/700
f 700/1494/701 703/1495/701 699/1496/701
f 703/1495/702 704/1497/702 705/1498/702
f 697/1499/703 704/1500/703 700/1501/703
f 704/1500/704 701/1502/704 705/1503/704
f 699/1504/705 697/1505/705 700/1506/705
f 707/1507/706 710/1508/706 706/1509/706
f 710/1508/707 711/1510/707 714/1511/707
f 708/1512/708 711/1513/708 707/1514/708
f 711/1513/709 712/1515/709 714/1516/709
f 709/1517/710 712/1518/710 708/1519/710
f 712/1518/711 713/1520/711 714/1521/711
f 706/1522/712 713/1523/712 709/1524/712
f 713/1523/713 710/1525/713 714/1526/713
f 708/1527/714 706/1528/714 709/1529/714
f 644/1352/643 648/1355/643 647/1353/643
f 645/1357/645 649/1360/645 648/1358/645
f 646/1362/647 650/1365/647 649/1363/647
f 643/1367/649 647/1370/649 650/1368/649
f 645/1372/651 644/1530/651 643/1373/651
f 652/1375/652 653/1531/652 657/1376/652
f 654/1379/654 658/1382/654 657/1380/654
f 654/1384/656 655/1532/656 659/1385/656
f 652/1388/658 656/1391/658 659/1389/658
f 654/1393/660 653/1533/660 652/1394/660
f 661/1396/661 662/1534/661 666/1397/661
f 663/1400/663 667/1403/663 666/1401/663
f 664/1405/665 668/1408/665 667/1406/665
f 661/1410/667 665/1413/667 668/1411/667
f 664/1415/669 663/1535/669 662/1416/669
f 671/1418/670 675/1421/670 674/1419/670
f 672/1423/672 676/1426/672 675/1424/672
f 672/1428/674 673/1536/674 677/1429/674
f 673/1432/676 670/1537/676 674/1433/676
f 672/1436/678 671/1538/678 670/1437/678
f 680/1439/679 684/1442/679 683/1440/679
f 680/1444/681 681/1539/681 685/1445/681
f 682/1448/683 686/1451/683 685/1449/683
f 679/1453/685 683/1456/685 686/1454/685
f 681/1458/687 680/1540/687 679/1459/687
f 689/1461/688 693/1541/688 692/1462/688
f 690/1467/690 694/1470/690 693/1468/690
f 691/1472/692 695/1475/692 694/1473/692
f 688/1477/694 692/1480/694 695/1478/694
f 690/1482/696 689/1542/696 688/1483/696
f 697/1485/697 698/1543/697 702/1486/697
f 699/1489/699 703/1492/699 702/1490/699
f 700/1494/701 704/1497/701 703/1495/701
f 697/1499/703 701/1502/703 704/1500/703
f 699/1504/705 698/1544/705 697/1505/705
f 707/1507/706 711/1510/706 710/1508/706
f 708/1512/708 712/1515/708 711/1513/708
f 709/1517/710 713/1520/710 712/1518/710
f 706/1522/712 710/1525/712 713/1523/712
f 708/1527/714 707/1545/714 706/1528/714
