# Blender 4.3.2
# www.blender.org
o ice_wurm_1
v 0.093585 -0.219052 -0.184346
v 0.009783 -0.228851 -0.163283
v -0.051565 -0.244316 -0.103618
v -0.074020 -0.261304 -0.021339
v -0.051565 -0.275264 0.061507
v 0.009783 -0.282454 0.122722
v 0.093585 -0.280948 0.145904
v 0.177388 -0.271149 0.124841
v 0.238736 -0.255684 0.065176
v 0.261191 -0.238696 -0.017102
v 0.238736 -0.224736 -0.099948
v 0.177388 -0.217546 -0.161164
v 0.090523 -0.177530 -0.163642
v 0.013051 -0.186527 -0.144160
v -0.043666 -0.200728 -0.088988
v -0.064430 -0.216327 -0.012910
v -0.043679 -0.229145 0.063690
v 0.013028 -0.235747 0.120286
v 0.090497 -0.234364 0.141713
v 0.167968 -0.225367 0.122231
v 0.224685 -0.211166 0.067059
v 0.245450 -0.195567 -0.009019
v 0.224699 -0.182749 -0.085618
v 0.167991 -0.176147 -0.142214
v 0.087521 -0.137739 -0.135228
v 0.020369 -0.145379 -0.118314
v -0.028802 -0.157438 -0.070454
v -0.046816 -0.170685 -0.004470
v -0.028847 -0.181570 0.061956
v 0.020291 -0.187176 0.111026
v 0.087430 -0.186001 0.129591
v 0.154582 -0.178361 0.112678
v 0.203753 -0.166302 0.064818
v 0.221767 -0.153055 -0.001166
v 0.203798 -0.142171 -0.067592
v 0.154660 -0.136564 -0.116662
v 0.084619 -0.095114 -0.123639
v 0.019381 -0.102280 -0.107166
v -0.028402 -0.113591 -0.060609
v -0.045927 -0.126015 0.003556
v -0.028498 -0.136224 0.068138
v 0.019214 -0.141483 0.115830
v 0.084426 -0.140381 0.133854
v 0.149664 -0.133215 0.117381
v 0.197448 -0.121904 0.070824
v 0.214973 -0.109480 0.006659
v 0.197544 -0.099271 -0.057922
v 0.149832 -0.094013 -0.105615
v 0.081881 -0.049402 -0.132135
v 0.008574 -0.057051 -0.113561
v -0.045140 -0.069123 -0.061155
v -0.064870 -0.082384 0.011041
v -0.045327 -0.093280 0.083682
v 0.008250 -0.098892 0.137305
v 0.081507 -0.097716 0.157540
v 0.154813 -0.090067 0.138966
v 0.208528 -0.077995 0.086560
v 0.228257 -0.064734 0.014364
v 0.208715 -0.053838 -0.058278
v 0.155138 -0.048226 -0.111900
v 0.079338 -0.004627 -0.138991
v -0.000947 -0.012435 -0.118565
v -0.059802 -0.024759 -0.061049
v -0.081457 -0.038295 0.018145
v -0.060110 -0.049418 0.097797
v -0.001481 -0.055146 0.156564
v 0.078721 -0.053945 0.178700
v 0.159006 -0.046137 0.158274
v 0.217861 -0.033814 0.100759
v 0.239516 -0.020278 0.021565
v 0.218169 -0.009155 -0.058087
v 0.159540 -0.003427 -0.116855
v 0.076976 0.036528 -0.125446
v 0.000322 0.029738 -0.105852
v -0.055900 0.019021 -0.050807
v -0.076627 0.007249 0.024940
v -0.056304 -0.002423 0.101092
v -0.000377 -0.007405 0.157245
v 0.076167 -0.006360 0.178352
v 0.152821 0.000430 0.158759
v 0.209043 0.011147 0.103714
v 0.229770 0.022919 0.027967
v 0.209447 0.032592 -0.048185
v 0.153520 0.037573 -0.104338
v 0.074811 0.076004 -0.099554
v 0.008341 0.070797 -0.082478
v -0.040439 0.062579 -0.034625
v -0.058458 0.053553 0.031184
v -0.040888 0.046137 0.097315
v 0.007562 0.042318 0.146048
v 0.073912 0.043119 0.164325
v 0.140382 0.048326 0.147249
v 0.189162 0.056544 0.099396
v 0.207181 0.065570 0.033587
v 0.189612 0.072986 -0.032544
v 0.141161 0.076805 -0.081277
v 0.072953 0.117171 -0.085783
v 0.010928 0.113047 -0.069769
v -0.034614 0.106539 -0.025002
v -0.051471 0.099390 0.036523
v -0.035125 0.093517 0.098320
v 0.010044 0.090492 0.143830
v 0.071932 0.091128 0.160860
v 0.133956 0.095252 0.144846
v 0.179499 0.101760 0.100079
v 0.196355 0.108909 0.038554
v 0.180009 0.114782 -0.023243
v 0.134841 0.117807 -0.068754
v 0.071506 0.160261 -0.093922
v 0.003352 0.156645 -0.076241
v -0.046714 0.150938 -0.026931
v -0.065278 0.144671 0.040794
v -0.047365 0.139522 0.108789
v 0.002224 0.136871 0.158834
v 0.070204 0.137428 0.177519
v 0.138358 0.141045 0.159838
v 0.188425 0.146751 0.110528
v 0.206989 0.153018 0.042803
v 0.189076 0.158167 -0.025192
v 0.139486 0.160818 -0.075236
v 0.070452 0.202786 -0.106954
v -0.005778 0.199887 -0.087095
v -0.061799 0.195313 -0.031828
v -0.082601 0.190290 0.044040
v -0.062608 0.186163 0.120179
v -0.007180 0.184038 0.176188
v 0.068834 0.184486 0.197059
v 0.145064 0.187385 0.177200
v 0.201086 0.191959 0.121932
v 0.221887 0.196982 0.046064
v 0.201895 0.201109 -0.030075
v 0.146466 0.203233 -0.086083
v 0.069698 0.243589 -0.103095
v -0.005593 0.241977 -0.083418
v -0.060938 0.239435 -0.028745
v -0.081506 0.236644 0.046273
v -0.061787 0.234351 0.121535
v -0.007064 0.233171 0.176875
v 0.068000 0.233419 0.197465
v 0.143291 0.235031 0.177788
v 0.198635 0.237573 0.123115
v 0.219203 0.240364 0.048098
v 0.199484 0.242657 -0.027165
v 0.144761 0.243838 -0.082505
v 0.069265 0.284080 -0.083612
v 0.003316 0.283870 -0.066344
v -0.045163 0.283540 -0.018416
v -0.063183 0.283178 0.047331
v -0.045914 0.282880 0.113280
v 0.002015 0.282727 0.161759
v 0.067763 0.282759 0.179779
v 0.133712 0.282969 0.162511
v 0.182191 0.283299 0.114583
v 0.200211 0.283661 0.048836
v 0.182942 0.283959 -0.017113
v 0.135013 0.284112 -0.065592
v 0.069322 0.325222 -0.071011
v 0.009896 0.326211 -0.055451
v -0.033779 0.327772 -0.012269
v -0.049999 0.329486 0.046963
v -0.034419 0.330893 0.106376
v 0.008786 0.331617 0.150049
v 0.068040 0.331463 0.166280
v 0.127467 0.330474 0.150720
v 0.171141 0.328913 0.107538
v 0.187362 0.327200 0.048306
v 0.171782 0.325793 -0.011107
v 0.128577 0.325069 -0.054780
v 0.069979 0.365641 -0.080253
v 0.006812 0.368046 -0.063752
v -0.039586 0.371838 -0.017917
v -0.056784 0.376000 0.044972
v -0.040172 0.379419 0.108062
v 0.005796 0.381176 0.154450
v 0.068806 0.380803 0.171705
v 0.131972 0.378398 0.155205
v 0.178370 0.374607 0.109369
v 0.195568 0.370444 0.046481
v 0.178957 0.367026 -0.016610
v 0.132988 0.365268 -0.062998
v 0.071166 0.404240 -0.100001
v -0.000309 0.408605 -0.081428
v -0.052761 0.415486 -0.029715
v -0.072135 0.423039 0.041281
v -0.053240 0.429241 0.112536
v -0.001138 0.432429 0.164957
v 0.070209 0.431749 0.184500
v 0.141684 0.427384 0.165926
v 0.194136 0.420503 0.114213
v 0.213510 0.412950 0.043218
v 0.194615 0.406748 -0.028037
v 0.142513 0.403560 -0.080459
v 0.072812 0.442903 -0.107614
v -0.000145 0.449151 -0.088821
v -0.053608 0.458998 -0.036289
v -0.073252 0.469806 0.035907
v -0.053814 0.478678 0.108422
v -0.000501 0.483237 0.161825
v 0.072401 0.482262 0.181807
v 0.145358 0.476014 0.163014
v 0.198822 0.466167 0.110482
v 0.218466 0.455359 0.038286
v 0.199027 0.446487 -0.034229
v 0.145714 0.441928 -0.087632
v 0.075020 0.484014 -0.098207
v 0.009984 0.491283 -0.081672
v -0.037581 0.502735 -0.035171
v -0.054929 0.515302 0.028838
v -0.037413 0.525617 0.093202
v 0.010275 0.530915 0.140675
v 0.075357 0.529777 0.158538
v 0.140393 0.522508 0.142003
v 0.187958 0.511055 0.095502
v 0.205306 0.498488 0.031494
v 0.187790 0.488174 -0.032870
v 0.140102 0.482876 -0.080344
v 0.077913 0.525810 -0.090481
v 0.020874 0.533763 -0.076242
v -0.020732 0.546287 -0.035851
v -0.035757 0.560029 0.019869
v -0.020176 0.571304 0.075989
v 0.021837 0.577093 0.117471
v 0.079025 0.575844 0.133200
v 0.136063 0.567892 0.118962
v 0.177670 0.555367 0.078571
v 0.192695 0.541626 0.022850
v 0.177114 0.530350 -0.033270
v 0.135101 0.524561 -0.074752
v 0.081381 0.563445 -0.102435
v 0.023236 0.573247 -0.088272
v -0.019035 0.588678 -0.047620
v -0.034104 0.605604 0.008629
v -0.017935 0.619490 0.065403
v 0.025141 0.626615 0.107489
v 0.083582 0.625070 0.123611
v 0.141727 0.615268 0.109448
v 0.183998 0.599837 0.068796
v 0.199067 0.582911 0.012546
v 0.182898 0.569025 -0.044227
v 0.139822 0.561900 -0.086314
v 0.085259 0.595893 -0.128693
v 0.019474 0.608995 -0.113176
v -0.028149 0.629615 -0.067932
v -0.044848 0.652226 -0.005083
v -0.026150 0.670771 0.058529
v 0.022935 0.680281 0.105861
v 0.089255 0.678206 0.124229
v 0.155040 0.665104 0.108712
v 0.202663 0.644484 0.063468
v 0.219362 0.621873 0.000620
v 0.200664 0.603328 -0.062993
v 0.151579 0.593819 -0.110324
v 0.089751 0.628882 -0.148270
v 0.020601 0.644868 -0.132622
v -0.029197 0.670012 -0.086039
v -0.046301 0.697579 -0.021003
v -0.026126 0.720182 0.045059
v 0.025920 0.731763 0.094447
v 0.095893 0.729221 0.113927
v 0.165043 0.713235 0.098279
v 0.214842 0.688090 0.051696
v 0.231945 0.660524 -0.013340
v 0.211771 0.637921 -0.079403
v 0.159724 0.626340 -0.128790
v 0.095333 0.667805 -0.151799
v 0.032283 0.684482 -0.138268
v -0.012836 0.710701 -0.096876
v -0.027936 0.739437 -0.038716
v -0.008970 0.762991 0.020631
v 0.038980 0.775050 0.065261
v 0.103066 0.772384 0.083216
v 0.166115 0.755707 0.069685
v 0.211235 0.729488 0.028293
v 0.226335 0.700752 -0.029868
v 0.207369 0.677199 -0.089214
v 0.159419 0.665140 -0.133844
v 0.101983 0.709119 -0.152770
v 0.047674 0.725362 -0.141877
v 0.009102 0.750886 -0.107341
v -0.003398 0.778850 -0.058415
v 0.013525 0.801762 -0.008209
v 0.055335 0.813484 0.029825
v 0.110829 0.810873 0.045494
v 0.165139 0.794629 0.034601
v 0.203711 0.769106 0.000065
v 0.216210 0.741142 -0.048861
v 0.199287 0.718229 -0.099067
v 0.157477 0.706508 -0.137100
v 0.108901 0.743229 -0.169252
v 0.056085 0.760914 -0.159538
v 0.018908 0.788684 -0.127237
v 0.007333 0.819100 -0.081004
v 0.024461 0.844011 -0.033226
v 0.065702 0.856742 0.003294
v 0.120006 0.853883 0.018771
v 0.172822 0.836199 0.009058
v 0.209998 0.808428 -0.023243
v 0.221573 0.778013 -0.069477
v 0.204446 0.753102 -0.117255
v 0.163205 0.740370 -0.153775
v 0.115520 0.767107 -0.200925
v 0.056564 0.789015 -0.191236
v 0.015501 0.823395 -0.156862
v 0.003336 0.861036 -0.107014
v 0.023326 0.891851 -0.055048
v 0.070117 0.907583 -0.014888
v 0.131170 0.904018 0.002704
v 0.190126 0.882111 -0.006985
v 0.231189 0.847730 -0.041359
v 0.243355 0.810090 -0.091207
v 0.223364 0.779275 -0.143173
v 0.176573 0.763542 -0.183333
v 0.122634 0.789782 -0.230889
v 0.059200 0.815741 -0.221909
v 0.015561 0.856451 -0.187026
v 0.003411 0.901003 -0.135587
v 0.026005 0.937459 -0.081375
v 0.077289 0.956051 -0.038916
v 0.143522 0.951798 -0.019587
v 0.206956 0.925838 -0.028568
v 0.250595 0.885128 -0.063451
v 0.262745 0.840576 -0.114890
v 0.240151 0.804120 -0.169101
v 0.188867 0.785528 -0.211560
v 0.131702 0.821282 -0.248182
v 0.072393 0.847828 -0.241345
v 0.032174 0.889426 -0.210995
v 0.021823 0.934928 -0.165263
v 0.044112 0.972143 -0.116404
v 0.093069 0.991099 -0.077509
v 0.155577 0.986717 -0.059000
v 0.214886 0.960171 -0.065836
v 0.255105 0.918574 -0.096186
v 0.265456 0.873071 -0.141918
v 0.243167 0.835856 -0.190777
v 0.194210 0.816900 -0.229673
v 0.142700 0.858321 -0.260780
v 0.092066 0.882950 -0.256471
v 0.058298 0.921513 -0.232773
v 0.050442 0.963674 -0.196035
v 0.070605 0.998138 -0.156101
v 0.113384 1.015670 -0.123673
v 0.167315 1.011572 -0.107438
v 0.217949 0.986942 -0.111747
v 0.251718 0.948380 -0.135446
v 0.259573 0.906219 -0.172184
v 0.239411 0.871754 -0.212117
v 0.196632 0.854223 -0.244546
v 0.153521 0.886796 -0.283461
v 0.106600 0.911453 -0.281081
v 0.075904 0.950023 -0.261452
v 0.069657 0.992171 -0.229833
v 0.089533 1.026603 -0.194698
v 0.130207 1.044094 -0.165459
v 0.180780 1.039957 -0.149952
v 0.227701 1.015300 -0.152332
v 0.258398 0.976731 -0.171961
v 0.264645 0.934583 -0.203580
v 0.244768 0.900150 -0.238716
v 0.204094 0.882659 -0.267954
v 0.162492 0.899833 -0.318519
v 0.111520 0.928605 -0.317920
v 0.078904 0.973569 -0.299461
v 0.073383 1.022677 -0.268088
v 0.096437 1.062770 -0.232207
v 0.141887 1.083106 -0.201434
v 0.197556 1.078234 -0.184012
v 0.248528 1.049462 -0.184611
v 0.281144 1.004498 -0.203070
v 0.286665 0.955390 -0.234443
v 0.263612 0.915297 -0.270323
v 0.218161 0.894962 -0.301097
v 0.171078 0.907778 -0.354643
v 0.115401 0.941351 -0.356436
v 0.080671 0.993764 -0.339793
v 0.076192 1.050972 -0.309175
v 0.103165 1.097646 -0.272786
v 0.154363 1.121281 -0.240375
v 0.216067 1.115543 -0.220628
v 0.271743 1.081970 -0.218836
v 0.306474 1.029558 -0.235478
v 0.310953 0.972350 -0.266096
v 0.283980 0.925675 -0.302486
v 0.232782 0.902041 -0.334896
v 0.184226 0.927341 -0.387161
v 0.130290 0.960860 -0.390188
v 0.097103 1.013174 -0.375918
v 0.093558 1.070266 -0.348174
v 0.120604 1.116838 -0.314390
v 0.170995 1.140411 -0.283619
v 0.231228 1.134668 -0.264105
v 0.285164 1.101149 -0.261077
v 0.318350 1.048835 -0.275347
v 0.321896 0.991743 -0.303091
v 0.294850 0.945171 -0.336875
v 0.244459 0.921598 -0.367647
v 0.220329 1.136395 -0.492952
v 0.220329 1.048228 -0.524464
v 0.220329 1.001875 -0.516388
v 0.220329 0.960060 -0.492952
v 0.220329 0.905569 -0.410452
v 0.239841 1.190886 -0.406571
v 0.257444 1.169580 -0.449066
v 0.271413 1.136395 -0.482791
v 0.280381 1.094580 -0.504443
v 0.283472 1.048228 -0.511904
v 0.280381 1.001875 -0.504443
v 0.271413 0.960060 -0.482791
v 0.257444 0.926875 -0.449066
v 0.239841 0.905569 -0.406571
v 0.256383 1.190886 -0.395518
v 0.288908 1.169580 -0.428042
v 0.314719 1.136395 -0.453854
v 0.331291 1.094580 -0.470426
v 0.337002 1.048228 -0.476137
v 0.331291 1.001875 -0.470426
v 0.314719 0.960060 -0.453854
v 0.288908 0.926875 -0.428042
v 0.256383 0.905569 -0.395518
v 0.267436 1.190886 -0.378976
v 0.309931 1.169580 -0.396578
v 0.343656 1.136395 -0.410548
v 0.365308 1.094580 -0.419516
v 0.372769 1.048228 -0.422607
v 0.365308 1.001875 -0.419516
v 0.343656 0.960060 -0.410548
v 0.309931 0.926875 -0.396578
v 0.267436 0.905569 -0.378976
v 0.271317 1.190886 -0.359464
v 0.317314 1.169580 -0.359464
v 0.353817 1.136395 -0.359464
v 0.377253 1.094580 -0.359464
v 0.385329 1.048228 -0.359464
v 0.377253 1.001875 -0.359464
v 0.353817 0.960060 -0.359464
v 0.317314 0.926875 -0.359464
v 0.271317 0.905569 -0.359464
v 0.267436 1.190886 -0.339952
v 0.309931 1.169580 -0.322350
v 0.343656 1.136395 -0.308380
v 0.365308 1.094580 -0.299412
v 0.372769 1.048228 -0.296321
v 0.365308 1.001875 -0.299412
v 0.343656 0.960060 -0.308380
v 0.309931 0.926875 -0.322350
v 0.267436 0.905569 -0.339952
v 0.256383 1.190886 -0.323410
v 0.288908 1.169580 -0.290886
v 0.314719 1.136395 -0.265074
v 0.331291 1.094580 -0.248502
v 0.337002 1.048228 -0.242791
v 0.331291 1.001875 -0.248502
v 0.314719 0.960060 -0.265074
v 0.288908 0.926875 -0.290886
v 0.256383 0.905569 -0.323410
v 0.239841 1.190886 -0.312357
v 0.257443 1.169580 -0.269862
v 0.271413 1.136395 -0.236137
v 0.280381 1.094580 -0.214485
v 0.283472 1.048228 -0.207024
v 0.280381 1.001875 -0.214485
v 0.271413 0.960060 -0.236137
v 0.257443 0.926875 -0.269862
v 0.239841 0.905569 -0.312357
v 0.220329 1.190886 -0.308476
v 0.220329 1.169580 -0.262479
v 0.220329 1.136395 -0.225976
v 0.220329 1.094580 -0.202540
v 0.220329 1.048228 -0.194464
v 0.220329 1.001875 -0.202540
v 0.220329 0.960060 -0.225976
v 0.220329 0.926875 -0.262479
v 0.220329 0.905569 -0.308476
v 0.220329 0.898228 -0.359464
v 0.200817 1.190886 -0.312357
v 0.183215 1.169580 -0.269862
v 0.169246 1.136395 -0.236137
v 0.160277 1.094580 -0.214485
v 0.157186 1.048228 -0.207024
v 0.160277 1.001875 -0.214485
v 0.169246 0.960060 -0.236137
v 0.183215 0.926875 -0.269862
v 0.200817 0.905569 -0.312357
v 0.220329 1.198228 -0.359464
v 0.184275 1.190886 -0.323410
v 0.151751 1.169580 -0.290886
v 0.125939 1.136395 -0.265074
v 0.109367 1.094580 -0.248502
v 0.103656 1.048228 -0.242791
v 0.109367 1.001875 -0.248502
v 0.125939 0.960060 -0.265074
v 0.151751 0.926875 -0.290886
v 0.184275 0.905569 -0.323410
v 0.173223 1.190886 -0.339952
v 0.130727 1.169580 -0.322350
v 0.097002 1.136395 -0.308381
v 0.075350 1.094580 -0.299412
v 0.067889 1.048228 -0.296321
v 0.075350 1.001875 -0.299412
v 0.097002 0.960060 -0.308381
v 0.130727 0.926875 -0.322350
v 0.173223 0.905569 -0.339952
v 0.169341 1.190886 -0.359464
v 0.123345 1.169580 -0.359464
v 0.086841 1.136395 -0.359464
v 0.063405 1.094580 -0.359464
v 0.055329 1.048228 -0.359464
v 0.063405 1.001875 -0.359464
v 0.086841 0.960060 -0.359464
v 0.123345 0.926875 -0.359464
v 0.169341 0.905569 -0.359464
v 0.173223 1.190886 -0.378976
v 0.130727 1.169580 -0.396578
v 0.097003 1.136395 -0.410548
v 0.075350 1.094580 -0.419516
v 0.067889 1.048228 -0.422607
v 0.075350 1.001875 -0.419516
v 0.097003 0.960060 -0.410548
v 0.130727 0.926875 -0.396578
v 0.173223 0.905569 -0.378976
v 0.184275 1.190886 -0.395518
v 0.151751 1.169580 -0.428043
v 0.125939 1.136395 -0.453854
v 0.109367 1.094580 -0.470426
v 0.103657 1.048228 -0.476137
v 0.109367 1.001875 -0.470426
v 0.125939 0.960060 -0.453854
v 0.151751 0.926875 -0.428043
v 0.184275 0.905569 -0.395518
v 0.200817 1.190886 -0.406571
v 0.183215 1.169580 -0.449066
v 0.169246 1.136395 -0.482791
v 0.160277 1.094580 -0.504443
v 0.157186 1.048228 -0.511904
v 0.160277 1.001875 -0.504443
v 0.169246 0.960060 -0.482791
v 0.183215 0.926875 -0.449066
v 0.200817 0.905569 -0.406571
v 0.220329 1.190886 -0.410452
v 0.220329 1.169580 -0.456449
v 0.220329 1.094580 -0.516388
v 0.220329 0.926875 -0.456449
v 0.239233 0.984945 -0.455579
v 0.191779 1.004032 -0.463539
v 0.157041 1.041882 -0.457210
v 0.144326 1.088356 -0.438288
v 0.157041 1.130999 -0.411842
v 0.191779 1.158386 -0.384960
v 0.239233 1.163178 -0.364843
v 0.286686 1.144092 -0.356883
v 0.321425 1.106242 -0.363211
v 0.334140 1.059768 -0.382134
v 0.321425 1.017125 -0.408579
v 0.286686 0.989738 -0.435462
v 0.258136 1.046427 -0.488178
v 0.229664 1.057878 -0.492955
v 0.208821 1.080589 -0.489157
v 0.201192 1.108473 -0.477804
v 0.208821 1.134059 -0.461936
v 0.229664 1.150491 -0.445807
v 0.258136 1.153366 -0.433737
v 0.286609 1.141915 -0.428961
v 0.307452 1.119204 -0.432758
v 0.315081 1.091320 -0.444111
v 0.307452 1.065734 -0.459979
v 0.286609 1.049302 -0.476108
v 0.140114 -0.058591 -0.058186
v 0.116671 -0.085443 -0.081194
v 0.083889 -0.058591 -0.079130
v 0.107332 -0.031738 -0.056123
v 0.148863 -0.046106 -0.081672
v 0.125420 -0.072958 -0.104679
v 0.092637 -0.046106 -0.102616
v 0.116080 -0.019253 -0.079609
v 0.155745 0.003835 -0.186087
v 0.126395 0.111679 -0.021356
v 0.102291 0.083964 -0.042590
v 0.070169 0.111679 -0.042300
v 0.094273 0.139394 -0.021067
v 0.135424 0.122397 -0.045596
v 0.111320 0.094682 -0.066830
v 0.079199 0.122397 -0.066541
v 0.103303 0.150112 -0.045307
v 0.143430 0.165271 -0.153029
v 0.012819 0.284262 0.111656
v 0.037816 0.255621 0.130493
v 0.069045 0.284262 0.132600
v 0.044048 0.312904 0.113763
v 0.003487 0.292594 0.136706
v 0.028484 0.263953 0.155543
v 0.059713 0.292594 0.157651
v 0.034716 0.321235 0.138813
v -0.005725 0.325919 0.247379
v 0.014323 0.477008 0.107617
v 0.037817 0.450084 0.130490
v 0.070549 0.477008 0.128562
v 0.047056 0.503932 0.105689
v 0.005552 0.489359 0.131165
v 0.029045 0.462436 0.154038
v 0.061777 0.489359 0.152110
v 0.038284 0.516283 0.129237
v -0.001423 0.538764 0.235829
v 0.033100 0.665369 0.057212
v 0.054840 0.641564 0.084792
v 0.089326 0.665369 0.078156
v 0.067586 0.689175 0.050576
v 0.025344 0.682408 0.078032
v 0.047084 0.658603 0.105613
v 0.081570 0.682408 0.098977
v 0.059830 0.706214 0.071397
v 0.022433 0.750566 0.171788
v 0.067496 0.835714 -0.035126
v 0.087443 0.816932 -0.002732
v 0.123722 0.835714 -0.014181
v 0.103775 0.854496 -0.046575
v 0.061377 0.857547 -0.018699
v 0.081324 0.838765 0.013695
v 0.117603 0.857547 0.002246
v 0.097656 0.876329 -0.030148
v 0.065013 0.944882 0.057482
v 0.140548 0.996512 -0.173249
v 0.110819 0.981885 -0.146750
v 0.140548 0.974745 -0.117336
v 0.170278 0.989373 -0.143835
v 0.136798 1.022370 -0.163182
v 0.107069 1.007742 -0.136683
v 0.136798 1.000603 -0.107270
v 0.166528 1.015230 -0.133768
v 0.121799 1.114916 -0.094960
vn -0.3802 -0.4308 -0.8185
vn -0.0235 0.5100 -0.8598
vn 0.0374 -0.3818 -0.9235
vn -0.6858 -0.5080 -0.5211
vn -0.4918 0.4549 -0.7424
vn -0.7975 -0.5929 -0.1112
vn -0.8350 0.3679 -0.4093
vn -0.6856 -0.6626 0.3015
vn -0.9609 0.2721 0.0506
vn -0.3799 -0.6986 0.6063
vn -0.8356 0.1933 0.5141
vn -0.0231 0.1612 0.9866
vn -0.4924 0.1527 0.8569
vn 0.0375 -0.6910 0.7218
vn 0.4458 0.2166 0.8686
vn 0.4550 -0.6421 0.6170
vn 0.7886 0.3038 0.5346
vn 0.7607 -0.5648 0.3199
vn 0.9137 0.3995 0.0745
vn 0.8727 -0.4800 -0.0900
vn 0.7878 0.4781 -0.3883
vn 0.7608 -0.4102 -0.5029
vn 0.4449 0.5185 -0.7302
vn 0.4551 -0.3743 -0.8080
vn -0.0177 0.4343 -0.9006
vn -0.4989 0.3785 -0.7796
vn -0.8512 0.2906 -0.4370
vn -0.9804 0.1939 0.0356
vn -0.8516 0.1146 0.5115
vn -0.0178 0.0823 0.9964
vn -0.4993 0.0738 0.8633
vn 0.4635 0.1380 0.8753
vn 0.8158 0.2259 0.5324
vn 0.9447 0.3225 0.0598
vn 0.8157 0.4020 -0.4160
vn 0.4635 0.4429 -0.7675
vn 0.0093 0.0362 -0.9993
vn -0.4857 -0.0173 -0.8740
vn -0.8479 -0.1013 -0.5204
vn -0.9805 -0.1934 -0.0335
vn -0.8483 -0.2690 0.4562
vn 0.0073 -0.2993 0.9541
vn -0.4867 -0.3077 0.8176
vn 0.5013 -0.2465 0.8294
vn 0.8641 -0.1629 0.4763
vn 0.9975 -0.0703 -0.0109
vn 0.8658 0.0057 -0.5004
vn 0.5040 0.0446 -0.8625
vn 0.0210 -0.1648 -0.9861
vn -0.4529 -0.2106 -0.8664
vn -0.8005 -0.2832 -0.5282
vn -0.9294 -0.3640 -0.0609
vn -0.8040 -0.4310 0.4097
vn -0.4571 -0.4657 0.7578
vn 0.0174 -0.4584 0.8886
vn 0.8390 -0.3372 0.4271
vn 0.4916 -0.4113 0.7676
vn 0.9656 -0.2569 -0.0409
vn 0.8388 -0.1915 -0.5097
vn 0.4932 -0.1577 -0.8555
vn 0.0058 0.0861 -0.9963
vn -0.8580 -0.0381 -0.5123
vn -0.4930 0.0379 -0.8692
vn -0.9924 -0.1212 -0.0207
vn -0.8601 -0.1893 0.4736
vn -0.4960 -0.2245 0.8388
vn 0.0020 -0.2173 0.9761
vn 0.5002 -0.1694 0.8492
vn 0.8655 -0.0937 0.4921
vn 0.9999 -0.0105 0.0005
vn 0.8676 0.0579 -0.4939
vn 0.5038 0.0932 -0.8588
vn -0.0135 0.4278 -0.9038
vn -0.4910 0.3816 -0.7831
vn -0.8424 0.3085 -0.4417
vn -0.9731 0.2282 0.0302
vn -0.8470 0.1621 0.5063
vn -0.4969 0.1279 0.8583
vn 0.4630 0.1816 0.8676
vn -0.0166 0.1351 0.9907
vn 0.8133 0.2548 0.5231
vn 0.9408 0.3351 0.0506
vn 0.8125 0.4010 -0.4230
vn 0.4636 0.4349 -0.7720
vn -0.0131 0.4416 -0.8971
vn -0.4866 0.3994 -0.7770
vn -0.8351 0.3332 -0.4376
vn -0.9649 0.2609 0.0311
vn -0.8400 0.2016 0.5037
vn -0.0172 0.1776 0.9839
vn -0.4933 0.1712 0.8529
vn 0.4582 0.2191 0.8614
vn 0.8058 0.2848 0.5192
vn 0.9327 0.3573 0.0500
vn 0.8058 0.4171 -0.4203
vn 0.4600 0.4482 -0.7665
vn 0.0039 0.0666 -0.9978
vn -0.4968 0.0344 -0.8672
vn -0.8631 -0.0166 -0.5048
vn -0.9973 -0.0727 -0.0088
vn -0.8649 -0.1190 0.4876
vn -0.5011 -0.1428 0.8535
vn 0.4951 -0.1051 0.8624
vn -0.0035 -0.1375 0.9905
vn 0.8625 -0.0541 0.5032
vn 1.0000 0.0019 0.0077
vn 0.8696 0.0480 -0.4915
vn 0.5052 0.0716 -0.8600
vn -0.4627 -0.2596 -0.8477
vn 0.0128 -0.2415 -0.9703
vn -0.8140 -0.2891 -0.5038
vn -0.9461 -0.3225 -0.0295
vn -0.8224 -0.3504 0.4482
vn -0.4744 -0.3652 0.8010
vn 0.0039 -0.3624 0.9320
vn 0.4822 -0.3423 0.8065
vn 0.8321 -0.3113 0.4589
vn 0.9604 -0.2782 -0.0161
vn 0.8339 -0.2519 -0.4910
vn 0.4879 -0.2388 -0.8396
vn -0.4866 -0.1123 -0.8664
vn 0.0081 -0.0963 -0.9953
vn -0.8507 -0.1371 -0.5075
vn -0.9863 -0.1644 -0.0146
vn -0.8568 -0.1869 0.4805
vn -0.4968 -0.1984 0.8449
vn -0.0022 -0.1960 0.9806
vn 0.4932 -0.1802 0.8511
vn 0.8570 -0.1553 0.4914
vn 0.9918 -0.1280 -0.0017
vn 0.8619 -0.1056 -0.4960
vn 0.5021 -0.0939 -0.8597
vn 0.0019 0.2618 -0.9651
vn -0.4861 0.2460 -0.8385
vn -0.8461 0.2209 -0.4851
vn -0.9811 0.1936 0.0018
vn -0.8538 0.1715 0.4916
vn -0.4978 0.1598 0.8524
vn 0.4820 0.1780 0.8579
vn -0.0078 0.1623 0.9867
vn 0.8410 0.2027 0.5016
vn 0.9731 0.2300 0.0142
vn 0.8439 0.2528 -0.4732
vn 0.4887 0.2644 -0.8314
vn 0.0025 0.3676 -0.9300
vn -0.4666 0.3563 -0.8095
vn -0.8145 0.3397 -0.4704
vn -0.9465 0.3227 -0.0010
vn -0.8249 0.3097 0.4729
vn -0.4810 0.3034 0.8225
vn 0.4672 0.3135 0.8267
vn -0.0061 0.3048 0.9524
vn 0.8129 0.3282 0.4811
vn 0.9383 0.3456 0.0105
vn 0.8123 0.3610 -0.4581
vn 0.4706 0.3694 -0.8013
vn 0.0039 0.0380 -0.9993
vn -0.4975 0.0438 -0.8663
vn -0.8639 0.0542 -0.5008
vn -0.9978 0.0664 -0.0023
vn -0.8652 0.0770 0.4954
vn -0.5027 0.0830 0.8605
vn 0.4920 0.0749 0.8674
vn -0.0059 0.0822 0.9966
vn 0.8598 0.0638 0.5067
vn 0.9986 0.0519 0.0094
vn 0.8696 0.0424 -0.4920
vn 0.5056 0.0376 -0.8620
vn -0.0043 -0.3458 -0.9383
vn -0.4858 -0.3168 -0.8147
vn -0.8410 -0.2737 -0.4667
vn -0.9735 -0.2285 0.0132
vn -0.8467 -0.1928 0.4959
vn -0.4944 -0.1753 0.8514
vn -0.0106 -0.1795 0.9837
vn 0.4728 -0.2045 0.8571
vn 0.8268 -0.2449 0.5064
vn 0.9564 -0.2908 0.0265
vn 0.8280 -0.3298 -0.4535
vn 0.4771 -0.3507 -0.8058
vn -0.4935 -0.2861 -0.8213
vn -0.0061 -0.3225 -0.9466
vn -0.8526 -0.2283 -0.4701
vn -0.9862 -0.1652 0.0143
vn -0.8574 -0.1136 0.5020
vn -0.5003 -0.0868 0.8615
vn -0.0102 -0.0923 0.9957
vn 0.4794 -0.1284 0.8681
vn 0.8375 -0.1855 0.5140
vn 0.9681 -0.2487 0.0292
vn 0.8375 -0.3011 -0.4560
vn 0.4816 -0.3280 -0.8127
vn 0.0081 0.0104 -0.9999
vn -0.4868 0.0482 -0.8722
vn -0.8503 0.1076 -0.5152
vn -0.9846 0.1730 -0.0241
vn -0.8533 0.2270 0.4694
vn -0.4916 0.2544 0.8328
vn 0.0047 0.2483 0.9687
vn 0.5001 0.2103 0.8400
vn 0.8632 0.1503 0.4820
vn 0.9963 0.0850 -0.0092
vn 0.8644 0.0318 -0.5018
vn 0.5031 0.0043 -0.8642
vn 0.0203 0.2013 -0.9793
vn -0.4473 0.2392 -0.8618
vn -0.7944 0.3015 -0.5272
vn -0.9256 0.3733 -0.0619
vn -0.8024 0.4343 0.4093
vn -0.4565 0.4664 0.7577
vn 0.4939 0.4157 0.7637
vn 0.0206 0.4595 0.8880
vn 0.8376 0.3487 0.4206
vn 0.9594 0.2780 -0.0466
vn 0.8303 0.2228 -0.5109
vn 0.4877 0.1955 -0.8509
vn 0.0052 -0.0575 -0.9983
vn -0.4891 0.0044 -0.8722
vn -0.8480 0.1037 -0.5197
vn -0.9761 0.2140 -0.0368
vn -0.8407 0.3053 0.4472
vn -0.4790 0.3530 0.8038
vn 0.5049 0.2779 0.8172
vn 0.0140 0.3428 0.9393
vn 0.8652 0.1770 0.4692
vn 0.9977 0.0672 -0.0129
vn 0.8654 -0.0219 -0.5006
vn 0.5025 -0.0670 -0.8620
vn -0.0351 -0.4756 -0.8789
vn -0.5198 -0.3827 -0.7638
vn -0.8716 -0.2397 -0.4277
vn -0.9956 -0.0854 0.0390
vn -0.8594 0.0380 0.5098
vn -0.4975 0.1013 0.8615
vn -0.0096 0.0883 0.9960
vn 0.4754 0.0009 0.8798
vn 0.8278 -0.1385 0.5436
vn 0.9528 -0.2936 0.0776
vn 0.8164 -0.4229 -0.3932
vn 0.4555 -0.4906 -0.7428
vn -0.5240 -0.4591 -0.7174
vn -0.0486 -0.5638 -0.8245
vn -0.8700 -0.2932 -0.3963
vn -0.9922 -0.1117 0.0554
vn -0.8563 0.0376 0.5152
vn -0.4959 0.1145 0.8608
vn -0.0108 0.0975 0.9952
vn 0.4687 -0.0069 0.8833
vn 0.8130 -0.1716 0.5564
vn 0.9298 -0.3531 0.1039
vn 0.7896 -0.5028 -0.3517
vn 0.4325 -0.5798 -0.6905
vn -0.0150 -0.3071 -0.9516
vn -0.5072 -0.1947 -0.8396
vn -0.8620 -0.0188 -0.5066
vn -0.9839 0.1737 -0.0422
vn -0.8405 0.3311 0.4288
vn -0.4708 0.4111 0.7806
vn 0.0274 0.3930 0.9191
vn 0.5189 0.2814 0.8072
vn 0.8736 0.1055 0.4750
vn 0.9961 -0.0871 0.0110
vn 0.8539 -0.2453 -0.4589
vn 0.4826 -0.3266 -0.8127
vn 0.0220 -0.0634 -0.9977
vn -0.4431 0.0421 -0.8955
vn -0.7826 0.2127 -0.5850
vn -0.9024 0.4051 -0.1466
vn -0.7669 0.5662 0.3020
vn -0.4118 0.6497 0.6391
vn 0.5394 0.5161 0.6653
vn 0.0692 0.6310 0.7727
vn 0.8746 0.3379 0.3477
vn 0.9847 0.1473 -0.0930
vn 0.8443 -0.0028 -0.5358
vn 0.4916 -0.0791 -0.8672
vn -0.0010 -0.2277 -0.9737
vn -0.4790 -0.0969 -0.8724
vn -0.8195 0.1116 -0.5621
vn -0.9309 0.3427 -0.1266
vn -0.7838 0.5337 0.3175
vn -0.4185 0.6323 0.6520
vn 0.5449 0.4735 0.6920
vn 0.0688 0.6101 0.7894
vn 0.8854 0.2611 0.3846
vn 0.9982 0.0307 -0.0513
vn 0.8527 -0.1554 -0.4987
vn 0.4876 -0.2489 -0.8368
vn -0.0810 -0.6265 -0.7752
vn -0.5638 -0.4551 -0.6892
vn -0.8955 -0.1918 -0.4015
vn -0.9956 0.0922 0.0133
vn -0.8380 0.3211 0.4413
vn -0.4625 0.4384 0.7706
vn 0.0279 0.4131 0.9102
vn 0.5050 0.2509 0.8258
vn 0.8422 -0.0065 0.5392
vn 0.9481 -0.2919 0.1259
vn 0.7924 -0.5289 -0.3039
vn 0.4154 -0.6522 -0.6341
vn -0.1247 -0.7772 -0.6168
vn -0.9031 -0.3071 -0.3002
vn -0.5871 -0.5920 -0.5521
vn -0.9970 0.0034 0.0774
vn -0.8381 0.2604 0.4793
vn -0.4666 0.3925 0.7926
vn 0.0147 0.3627 0.9318
vn 0.4767 0.1810 0.8602
vn 0.7941 -0.1045 0.5987
vn 0.8814 -0.4180 0.2200
vn 0.7174 -0.6749 -0.1727
vn 0.3494 -0.8064 -0.4770
vn -0.0867 -0.6351 -0.7676
vn -0.8881 -0.1335 -0.4397
vn -0.5636 -0.4385 -0.7001
vn -0.9776 0.2021 -0.0587
vn -0.8071 0.4779 0.3468
vn -0.4237 0.6162 0.6640
vn 0.0705 0.5832 0.8093
vn 0.5455 0.3877 0.7430
vn 0.8713 0.0828 0.4837
vn 0.9623 -0.2528 0.1006
vn 0.7936 -0.5279 -0.3026
vn 0.4085 -0.6688 -0.6212
vn -0.0180 -0.4038 -0.9147
vn -0.4729 -0.2170 -0.8540
vn -0.7885 0.0810 -0.6096
vn -0.8769 0.4131 -0.2457
vn -0.7119 0.6880 0.1405
vn -0.3381 0.8290 0.4455
vn 0.1451 0.7968 0.5865
vn 0.9145 0.2931 0.2789
vn 0.6044 0.5993 0.5249
vn 0.9955 -0.0370 -0.0876
vn 0.8292 -0.3009 -0.4711
vn 0.4556 -0.4355 -0.7764
vn -0.0323 -0.4653 -0.8845
vn -0.4840 -0.2622 -0.8349
vn -0.7903 0.0610 -0.6097
vn -0.8669 0.4194 -0.2695
vn -0.6926 0.7150 0.0951
vn -0.3150 0.8664 0.3874
vn 0.6167 0.6179 0.4877
vn 0.1656 0.8306 0.5317
vn 0.9210 0.2871 0.2633
vn 0.9947 -0.0678 -0.0773
vn 0.8217 -0.3545 -0.4463
vn 0.4436 -0.4984 -0.7449
vn -0.1520 -0.7784 -0.6090
vn -0.6115 -0.5329 -0.5848
vn -0.9068 -0.1516 -0.3934
vn -0.9613 0.2610 -0.0882
vn -0.7640 0.5953 0.2487
vn -0.3690 0.7647 0.5283
vn 0.1198 0.7259 0.6773
vn 0.5744 0.4889 0.6565
vn 0.9391 -0.2986 0.1699
vn 0.8750 0.1125 0.4708
vn 0.7473 -0.6416 -0.1730
vn 0.3471 -0.8184 -0.4580
vn -0.2383 -0.9149 -0.3257
vn -0.6710 -0.6583 -0.3412
vn -0.9421 -0.2619 -0.2094
vn -0.9850 0.1678 0.0410
vn -0.7822 0.5222 0.3399
vn -0.3895 0.7008 0.5976
vn 0.0879 0.6578 0.7480
vn 0.5216 0.4047 0.7511
vn 0.7941 0.0086 0.6077
vn 0.8311 -0.4244 0.3593
vn 0.6245 -0.7775 0.0741
vn 0.2333 -0.9566 -0.1746
vn -0.2172 -0.8800 -0.4225
vn -0.9279 -0.1898 -0.3211
vn -0.6582 -0.6083 -0.4435
vn -0.9591 0.2678 -0.0916
vn -0.7415 0.6433 0.1904
vn -0.3357 0.8305 0.4445
vn 0.1512 0.7841 0.6019
vn 0.5897 0.5162 0.6212
vn 0.8618 0.0971 0.4979
vn 0.8935 -0.3616 0.2662
vn 0.6763 -0.7365 -0.0115
vn 0.2696 -0.9264 -0.2628
vn -0.2500 -0.1278 -0.9598
vn 0.0732 -0.3281 -0.9418
vn -0.4497 0.1851 -0.8738
vn -0.4723 0.5272 -0.7064
vn -0.3110 0.8068 -0.5023
vn -0.0087 0.9485 -0.3166
vn 0.3533 0.9140 -0.1997
vn 0.6774 0.7125 -0.1828
vn 0.8764 0.3986 -0.2702
vn 0.8972 0.0568 -0.4379
vn 0.7350 -0.2215 -0.6409
vn 0.4333 -0.3623 -0.8252
vn -0.0000 0.9537 -0.3009
vn -0.0000 1.0000 -0.0000
vn 0.1151 0.9537 -0.2780
vn -0.0000 -0.8246 -0.5657
vn 0.3024 -0.6129 -0.7300
vn 0.2165 -0.8246 -0.5227
vn -0.0000 0.3286 -0.9445
vn 0.3827 -0.0000 -0.9239
vn -0.0000 -0.0000 -1.0000
vn -0.0000 0.8246 -0.5657
vn 0.2165 0.8246 -0.5227
vn 0.1151 -0.9537 -0.2780
vn -0.0000 -0.9537 -0.3009
vn -0.0000 -0.3286 -0.9445
vn 0.3614 -0.3286 -0.8726
vn 0.3024 0.6129 -0.7300
vn -0.0000 0.6129 -0.7901
vn -0.0000 -1.0000 -0.0000
vn -0.0000 -0.6129 -0.7901
vn 0.3614 0.3286 -0.8726
vn 0.2127 0.9537 -0.2127
vn 0.5587 -0.6129 -0.5587
vn 0.4000 -0.8246 -0.4000
vn 0.7071 -0.0000 -0.7071
vn 0.4000 0.8246 -0.4000
vn 0.2128 -0.9537 -0.2127
vn 0.6678 -0.3286 -0.6678
vn 0.5587 0.6129 -0.5587
vn 0.6678 0.3286 -0.6678
vn 0.8726 0.3286 -0.3614
vn 0.2780 0.9537 -0.1151
vn 0.5227 -0.8246 -0.2165
vn 0.9239 -0.0000 -0.3827
vn 0.5227 0.8246 -0.2165
vn 0.2780 -0.9537 -0.1151
vn 0.8726 -0.3286 -0.3614
vn 0.7300 0.6129 -0.3024
vn 0.7300 -0.6129 -0.3024
vn 0.3009 -0.9537 -0.0000
vn 0.9445 -0.3286 -0.0000
vn 0.7901 -0.6129 -0.0000
vn 0.9445 0.3286 -0.0000
vn 0.3009 0.9537 -0.0000
vn 0.5657 -0.8246 -0.0000
vn 1.0000 -0.0000 -0.0000
vn 0.5657 0.8246 -0.0000
vn 0.7901 0.6129 -0.0000
vn 0.8726 -0.3286 0.3614
vn 0.7300 0.6129 0.3024
vn 0.2780 -0.9537 0.1151
vn 0.7300 -0.6129 0.3024
vn 0.8726 0.3286 0.3614
vn 0.2780 0.9537 0.1151
vn 0.5227 -0.8246 0.2165
vn 0.9239 -0.0000 0.3827
vn 0.5227 0.8246 0.2165
vn 0.2127 0.9537 0.2127
vn 0.4000 0.8246 0.4000
vn 0.2128 -0.9537 0.2127
vn 0.7071 -0.0000 0.7071
vn 0.6678 -0.3286 0.6678
vn 0.5587 0.6129 0.5587
vn 0.5587 -0.6129 0.5587
vn 0.6678 0.3286 0.6678
vn 0.4000 -0.8246 0.4000
vn 0.3614 0.3286 0.8726
vn 0.3827 -0.0000 0.9239
vn 0.1151 0.9537 0.2780
vn 0.2165 0.8246 0.5227
vn 0.1151 -0.9537 0.2780
vn 0.3614 -0.3286 0.8726
vn 0.3024 0.6129 0.7300
vn 0.3024 -0.6129 0.7300
vn 0.2165 -0.8246 0.5227
vn -0.0000 0.9537 0.3009
vn -0.0000 -0.8246 0.5657
vn -0.0000 -0.0000 1.0000
vn -0.0000 0.8246 0.5657
vn -0.0000 -0.9537 0.3009
vn -0.0000 -0.3286 0.9445
vn -0.0000 0.6129 0.7901
vn -0.0000 -0.6129 0.7901
vn -0.0000 0.3286 0.9445
vn -0.3614 -0.3286 0.8726
vn -0.3024 -0.6129 0.7300
vn -0.3614 0.3286 0.8726
vn -0.1151 0.9537 0.2780
vn -0.2165 -0.8246 0.5227
vn -0.3827 -0.0000 0.9239
vn -0.2165 0.8246 0.5227
vn -0.1151 -0.9537 0.2780
vn -0.3024 0.6129 0.7300
vn -0.5587 0.6129 0.5587
vn -0.2127 -0.9537 0.2127
vn -0.6678 -0.3286 0.6678
vn -0.5587 -0.6129 0.5587
vn -0.6678 0.3286 0.6678
vn -0.2128 0.9537 0.2128
vn -0.4000 -0.8246 0.4000
vn -0.7071 -0.0000 0.7071
vn -0.4000 0.8246 0.4000
vn -0.9239 -0.0000 0.3827
vn -0.8726 -0.3286 0.3614
vn -0.5227 0.8246 0.2165
vn -0.7300 0.6129 0.3024
vn -0.2780 -0.9537 0.1151
vn -0.7300 -0.6129 0.3024
vn -0.8726 0.3286 0.3614
vn -0.2780 0.9537 0.1151
vn -0.5227 -0.8246 0.2165
vn -0.3009 0.9537 -0.0000
vn -0.5657 0.8246 -0.0000
vn -0.3009 -0.9537 -0.0000
vn -1.0000 -0.0000 -0.0000
vn -0.9445 -0.3286 -0.0000
vn -0.7901 0.6129 -0.0000
vn -0.7901 -0.6129 -0.0000
vn -0.9445 0.3286 -0.0000
vn -0.5657 -0.8246 -0.0000
vn -0.5227 -0.8246 -0.2165
vn -0.9239 -0.0000 -0.3827
vn -0.5227 0.8246 -0.2165
vn -0.2780 -0.9537 -0.1151
vn -0.8726 -0.3286 -0.3614
vn -0.7300 0.6129 -0.3024
vn -0.7300 -0.6129 -0.3024
vn -0.8726 0.3286 -0.3614
vn -0.2780 0.9537 -0.1151
vn -0.6678 0.3286 -0.6678
vn -0.2127 0.9537 -0.2127
vn -0.4000 -0.8246 -0.4000
vn -0.7071 -0.0000 -0.7071
vn -0.4000 0.8246 -0.4000
vn -0.2127 -0.9537 -0.2127
vn -0.6678 -0.3286 -0.6678
vn -0.5587 0.6129 -0.5587
vn -0.5587 -0.6129 -0.5587
vn -0.3614 -0.3286 -0.8726
vn -0.3024 -0.6129 -0.7300
vn -0.3614 0.3286 -0.8726
vn -0.1151 0.9537 -0.2780
vn -0.2165 -0.8246 -0.5227
vn -0.3827 -0.0000 -0.9239
vn -0.2165 0.8246 -0.5227
vn -0.1151 -0.9537 -0.2780
vn -0.3024 0.6129 -0.7300
vn -0.5630 -0.8164 -0.1285
vn 0.2675 -0.1054 -0.9578
vn -0.1324 -0.9896 -0.0563
vn -0.8782 -0.4729 -0.0711
vn 0.0167 -0.0045 -0.9999
vn -0.2341 0.4411 -0.8664
vn -0.1668 0.1955 -0.9664
vn -0.9936 -0.0512 0.1006
vn -0.1669 0.6664 -0.7267
vn -0.5630 0.5842 0.5845
vn -0.8782 0.3358 0.3406
vn -0.1324 0.6277 0.7671
vn 0.0167 0.8111 -0.5846
vn 0.2982 0.4545 0.8393
vn 0.2675 0.8365 -0.4783
vn 0.6134 0.1111 0.7819
vn 0.5182 0.7356 -0.4362
vn 0.7690 0.2900 -0.5697
vn 0.7018 0.5356 -0.4697
vn 0.7288 -0.3106 0.6102
vn 0.7018 0.0647 -0.7094
vn 0.2982 -0.9461 0.1263
vn 0.6135 -0.6976 0.3702
vn 0.5182 -0.0801 -0.8515
vn 0.7727 -0.6329 -0.0486
vn 0.8173 -0.5389 -0.2039
vn -0.5526 -0.6329 -0.5423
vn -0.4848 -0.5389 -0.6889
vn -0.7727 0.6329 0.0486
vn -0.7010 0.7048 -0.1083
vn 0.5526 0.6329 0.5423
vn 0.6011 0.7048 0.3767
vn -0.3125 -0.4459 0.8388
vn 0.7571 -0.6532 -0.0068
vn 0.8039 -0.5706 -0.1678
vn -0.5681 -0.6532 -0.5005
vn -0.4982 -0.5706 -0.6528
vn -0.7571 0.6532 0.0068
vn -0.6839 0.7131 -0.1544
vn 0.5681 0.6532 0.5005
vn 0.6182 0.7131 0.3306
vn -0.3225 -0.3828 0.8657
vn -0.7361 -0.6751 -0.0497
vn -0.7852 -0.6079 0.1177
vn 0.5892 -0.6751 0.4440
vn 0.5169 -0.6079 0.6027
vn 0.7361 0.6751 0.0497
vn 0.6612 0.7187 0.2153
vn -0.5892 0.6751 -0.4440
vn -0.6409 0.7187 -0.2698
vn 0.3333 -0.2975 -0.8947
vn -0.7715 -0.6346 0.0455
vn -0.8163 -0.5414 0.2012
vn 0.5537 -0.6346 0.5391
vn 0.4858 -0.5414 0.6862
vn 0.7715 0.6346 -0.0455
vn 0.6997 0.7056 0.1118
vn -0.5537 0.6346 -0.5391
vn -0.6024 0.7056 -0.3732
vn 0.3133 -0.4411 -0.8410
vn -0.8128 -0.5611 0.1564
vn -0.8502 -0.4381 0.2921
vn 0.5124 -0.5611 0.6501
vn 0.4519 -0.4381 0.7771
vn 0.8128 0.5611 -0.1564
vn 0.7471 0.6645 -0.0153
vn -0.5124 0.5611 -0.6501
vn -0.5550 0.6645 -0.5003
vn 0.2770 -0.6085 -0.7436
vn -0.8551 -0.4427 0.2699
vn -0.8808 -0.2898 0.3743
vn 0.4702 -0.4427 0.7635
vn 0.4213 -0.2898 0.8594
vn 0.8551 0.4427 -0.2699
vn 0.7995 0.5801 -0.1560
vn -0.4702 0.4427 -0.7635
vn -0.5026 0.5801 -0.6410
vn 0.2185 -0.7798 -0.5867
vn -0.7007 0.1683 -0.6933
vn -0.7134 0.3372 -0.6143
vn -0.7007 -0.3448 0.6246
vn -0.7134 -0.1669 0.6806
vn 0.7007 -0.1683 0.6933
vn 0.6636 0.0065 0.7481
vn 0.7007 0.3448 -0.6246
vn 0.6636 0.5106 -0.5468
vn 0.1339 -0.9235 -0.3595
vt 0.804864 0.721548
vt 0.787784 0.694918
vt 0.802403 0.692937
vt 0.807190 0.745103
vt 0.790038 0.721368
vt 0.387464 0.473105
vt 0.405112 0.448052
vt 0.413079 0.460929
vt 0.362689 0.484133
vt 0.381418 0.459276
vt 0.345393 0.491058
vt 0.358504 0.469444
vt 0.080399 0.575754
vt 0.098994 0.553671
vt 0.095858 0.575613
vt 0.083795 0.552018
vt 0.104040 0.527574
vt 0.089274 0.523791
vt 0.109643 0.504316
vt 0.636509 0.635425
vt 0.616498 0.614787
vt 0.636393 0.620325
vt 0.614996 0.629396
vt 0.590898 0.608795
vt 0.587309 0.622884
vt 0.566452 0.603955
vt 0.785997 0.670883
vt 0.800467 0.666937
vt 0.773350 0.697336
vt 0.792157 0.743145
vt 0.775251 0.720263
vt 0.396115 0.435552
vt 0.375543 0.445195
vt 0.342509 0.475832
vt 0.355653 0.453939
vt 0.114664 0.554519
vt 0.111955 0.573537
vt 0.118985 0.531892
vt 0.123759 0.511719
vt 0.616867 0.600116
vt 0.634128 0.604826
vt 0.594664 0.594997
vt 0.573469 0.590841
vt 0.771810 0.676505
vt 0.758821 0.698730
vt 0.777003 0.739143
vt 0.760582 0.721004
vt 0.389449 0.422245
vt 0.369406 0.431476
vt 0.341774 0.459440
vt 0.350037 0.439856
vt 0.129673 0.557019
vt 0.127054 0.575492
vt 0.133786 0.535026
vt 0.138290 0.515408
vt 0.619482 0.585649
vt 0.636279 0.590079
vt 0.597892 0.580797
vt 0.577293 0.576821
vt 0.757339 0.678497
vt 0.744275 0.698889
vt 0.762149 0.739352
vt 0.746118 0.723920
vt 0.385577 0.407988
vt 0.362968 0.418143
vt 0.336532 0.445142
vt 0.341132 0.427382
vt 0.141074 0.582235
vt 0.143996 0.561480
vt 0.153333 0.514674
vt 0.148483 0.536751
vt 0.624740 0.571454
vt 0.643656 0.576201
vt 0.600448 0.566191
vt 0.742630 0.676160
vt 0.729955 0.699084
vt 0.733177 0.749101
vt 0.731783 0.726500
vt 0.356681 0.404622
vt 0.381563 0.393807
vt 0.332670 0.414487
vt 0.325922 0.433228
vt 0.155480 0.588385
vt 0.158649 0.565658
vt 0.163375 0.538552
vt 0.650345 0.562154
vt 0.629570 0.557280
vt 0.577289 0.561822
vt 0.602923 0.551784
vt 0.728183 0.674200
vt 0.715808 0.700423
vt 0.717331 0.726601
vt 0.374873 0.380537
vt 0.350979 0.390503
vt 0.315963 0.420759
vt 0.327943 0.399626
vt 0.171260 0.589271
vt 0.178543 0.541670
vt 0.174252 0.567575
vt 0.182985 0.518495
vt 0.631356 0.542821
vt 0.651255 0.547095
vt 0.605865 0.537886
vt 0.581613 0.533612
vt 0.714152 0.676673
vt 0.701600 0.702423
vt 0.718313 0.748191
vt 0.702693 0.725124
vt 0.366625 0.367758
vt 0.345769 0.376030
vt 0.311938 0.405462
vt 0.325683 0.383637
vt 0.190287 0.567995
vt 0.187729 0.586805
vt 0.193783 0.545505
vt 0.197278 0.525362
vt 0.631196 0.528109
vt 0.648515 0.531426
vt 0.609045 0.524150
vt 0.587996 0.520609
vt 0.700199 0.681835
vt 0.687437 0.703611
vt 0.703186 0.743856
vt 0.688212 0.724795
vt 0.360173 0.354371
vt 0.340571 0.361690
vt 0.311750 0.388540
vt 0.321715 0.368459
vt 0.203652 0.586963
vt 0.209019 0.548401
vt 0.206001 0.569413
vt 0.211898 0.529557
vt 0.632408 0.513547
vt 0.648632 0.516223
vt 0.611690 0.510198
vt 0.592029 0.507073
vt 0.686168 0.684407
vt 0.674276 0.726661
vt 0.673728 0.703383
vt 0.673878 0.745883
vt 0.335174 0.347545
vt 0.356881 0.340002
vt 0.314318 0.354570
vt 0.308657 0.372864
vt 0.218921 0.592127
vt 0.221455 0.572844
vt 0.224468 0.549724
vt 0.654152 0.501842
vt 0.636253 0.499425
vt 0.613432 0.496175
vt 0.672381 0.682289
vt 0.660678 0.728781
vt 0.660445 0.702747
vt 0.659635 0.750286
vt 0.329978 0.333225
vt 0.354456 0.325418
vt 0.306492 0.340566
vt 0.290289 0.345474
vt 0.234437 0.598055
vt 0.237212 0.576487
vt 0.227154 0.528963
vt 0.240203 0.550591
vt 0.660460 0.487527
vt 0.640357 0.485477
vt 0.591805 0.492963
vt 0.614769 0.482380
vt 0.658997 0.679159
vt 0.646888 0.703001
vt 0.646706 0.728712
vt 0.349946 0.311478
vt 0.325568 0.318498
vt 0.302206 0.325181
vt 0.250646 0.599285
vt 0.255863 0.552365
vt 0.253322 0.577979
vt 0.257589 0.529306
vt 0.641755 0.471126
vt 0.661690 0.472437
vt 0.616420 0.468655
vt 0.590551 0.479065
vt 0.645523 0.679708
vt 0.632659 0.704059
vt 0.645024 0.749951
vt 0.632103 0.726575
vt 0.343537 0.298052
vt 0.322004 0.303535
vt 0.286122 0.329735
vt 0.301396 0.308840
vt 0.267036 0.596043
vt 0.271149 0.554907
vt 0.269319 0.577375
vt 0.272034 0.534658
vt 0.640608 0.456250
vt 0.658135 0.456712
vt 0.618365 0.454648
vt 0.597366 0.452337
vt 0.631524 0.683657
vt 0.618555 0.704554
vt 0.630007 0.745172
vt 0.617668 0.724837
vt 0.338333 0.284271
vt 0.318770 0.288554
vt 0.287234 0.312546
vt 0.300070 0.292795
vt 0.283187 0.593868
vt 0.286444 0.556764
vt 0.285184 0.577039
vt 0.286629 0.538477
vt 0.639894 0.441478
vt 0.655739 0.441222
vt 0.619808 0.440586
vt 0.600865 0.438786
vt 0.617593 0.686168
vt 0.605768 0.703591
vt 0.615171 0.741581
vt 0.604384 0.725141
vt 0.336435 0.269681
vt 0.315477 0.273475
vt 0.287244 0.295857
vt 0.295467 0.277360
vt 0.299497 0.596474
vt 0.301551 0.578572
vt 0.302445 0.556993
vt 0.658444 0.426433
vt 0.641556 0.427475
vt 0.620168 0.427160
vt 0.604814 0.684040
vt 0.591997 0.726224
vt 0.594097 0.701854
vt 0.352725 0.266993
vt 0.336333 0.254767
vt 0.354924 0.252571
vt 0.312445 0.258133
vt 0.289661 0.261767
vt 0.274085 0.264695
vt 0.316333 0.601003
vt 0.318575 0.580726
vt 0.301939 0.537518
vt 0.319046 0.556279
vt 0.663193 0.411899
vt 0.644047 0.414015
vt 0.600011 0.425571
vt 0.619813 0.414425
vt 0.593100 0.679717
vt 0.581801 0.700671
vt 0.587365 0.746298
vt 0.579079 0.725528
vt 0.334916 0.240256
vt 0.310374 0.242673
vt 0.286987 0.245547
vt 0.333055 0.601704
vt 0.335253 0.580981
vt 0.317620 0.534211
vt 0.335145 0.556000
vt 0.663877 0.396957
vt 0.644318 0.400136
vt 0.596981 0.413021
vt 0.619560 0.401391
vt 0.580874 0.678055
vt 0.567858 0.700280
vt 0.573438 0.745964
vt 0.564886 0.722416
vt 0.331493 0.226207
vt 0.309496 0.227391
vt 0.271022 0.248108
vt 0.288549 0.229156
vt 0.348790 0.597246
vt 0.350011 0.556455
vt 0.350664 0.578741
vt 0.347006 0.536358
vt 0.641656 0.385400
vt 0.659083 0.381600
vt 0.619582 0.387309
vt 0.598776 0.386815
vt 0.567118 0.680092
vt 0.553772 0.699564
vt 0.558997 0.740569
vt 0.550661 0.718954
vt 0.328684 0.212070
vt 0.309313 0.212199
vt 0.274265 0.231031
vt 0.290874 0.213003
vt 0.364024 0.592287
vt 0.364501 0.556468
vt 0.365589 0.576025
vt 0.361050 0.538859
vt 0.638505 0.370652
vt 0.653759 0.366424
vt 0.619158 0.373058
vt 0.600902 0.372997
vt 0.553201 0.681828
vt 0.542022 0.697540
vt 0.344543 0.198980
vt 0.343798 0.212650
vt 0.329093 0.197490
vt 0.309294 0.196638
vt 0.278309 0.214267
vt 0.290453 0.196653
vt 0.380302 0.591396
vt 0.381814 0.574776
vt 0.380151 0.554837
vt 0.652798 0.351843
vt 0.637306 0.357114
vt 0.617615 0.360352
vt 0.541524 0.679420
vt 0.527848 0.716872
vt 0.532678 0.694581
vt 0.332049 0.182744
vt 0.349537 0.185508
vt 0.309635 0.180603
vt 0.288300 0.179656
vt 0.277617 0.197530
vt 0.397901 0.593217
vt 0.399512 0.574356
vt 0.375758 0.536921
vt 0.396974 0.551801
vt 0.654816 0.337671
vt 0.637391 0.344775
vt 0.599001 0.360687
vt 0.615173 0.349368
vt 0.649124 0.241469
vt 0.638704 0.219589
vt 0.649088 0.221401
vt 0.522824 0.691806
vt 0.352912 0.172410
vt 0.334570 0.168310
vt 0.311045 0.164753
vt 0.273762 0.180159
vt 0.288642 0.162691
vt 0.414795 0.592322
vt 0.416379 0.572424
vt 0.390967 0.531597
vt 0.412992 0.548732
vt 0.653999 0.323538
vt 0.635835 0.332257
vt 0.594116 0.350217
vt 0.612574 0.338103
vt 0.522446 0.670123
vt 0.532215 0.674023
vt 0.517054 0.715186
vt 0.510227 0.689575
vt 0.506683 0.734001
vt 0.504314 0.710839
vt 0.335230 0.154280
vt 0.313870 0.149785
vt 0.905340 0.583997
vt 0.922432 0.605743
vt 0.911077 0.606973
vt 0.910547 0.560536
vt 0.917450 0.584710
vt 0.426605 0.546395
vt 0.430375 0.567970
vt 0.418732 0.527247
vt 0.631143 0.318586
vt 0.647520 0.309450
vt 0.610051 0.324879
vt 0.590449 0.339509
vt 0.509986 0.669725
vt 0.496716 0.687131
vt 0.493832 0.727820
vt 0.491046 0.705393
vt 0.335969 0.140415
vt 0.293506 0.146885
vt 0.317701 0.135414
vt 0.935750 0.603660
vt 0.922174 0.563206
vt 0.931707 0.585457
vt 0.438890 0.543926
vt 0.442746 0.562474
vt 0.431147 0.527571
vt 0.625114 0.304678
vt 0.639016 0.295750
vt 0.607076 0.310957
vt 0.589736 0.312906
vt 0.496601 0.669951
vt 0.486333 0.683738
vt 0.353202 0.132771
vt 0.350167 0.145658
vt 0.339578 0.126619
vt 0.300258 0.131996
vt 0.322001 0.120610
vt 0.288315 0.131077
vt 0.305181 0.116353
vt 0.455868 0.573238
vt 0.441682 0.578246
vt 0.456811 0.557812
vt 0.452452 0.539821
vt 0.633816 0.282672
vt 0.620543 0.292415
vt 0.603161 0.299380
vt 0.486313 0.666937
vt 0.703628 0.633762
vt 0.688641 0.652558
vt 0.687921 0.640682
vt 0.346178 0.113099
vt 0.361107 0.121191
vt 0.326846 0.105060
vt 0.308291 0.099229
vt 0.293625 0.114991
vt 0.472495 0.571162
vt 0.473442 0.553831
vt 0.443959 0.524086
vt 0.467879 0.533818
vt 0.433608 0.514822
vt 0.457295 0.516486
vt 0.617674 0.282253
vt 0.669238 0.640682
vt 0.648839 0.645100
vt 0.652586 0.633762
vt 0.667621 0.652478
vt 0.706268 0.645318
vt 0.689051 0.663877
vt 0.353181 0.100051
vt 0.368854 0.110124
vt 0.332785 0.089918
vt 0.295484 0.097166
vt 0.313130 0.082441
vt 0.488338 0.567545
vt 0.489242 0.548761
vt 0.482490 0.527323
vt 0.444527 0.506478
vt 0.469891 0.508977
vt 0.598492 0.291011
vt 0.613857 0.272510
vt 0.645780 0.656169
vt 0.666227 0.663692
vt 0.665866 0.139454
vt 0.676218 0.162447
vt 0.665866 0.162266
vt 0.673506 0.118925
vt 0.676874 0.140957
vt 0.358674 0.087446
vt 0.340079 0.076540
vt 0.162305 0.493166
vt 0.181740 0.472701
vt 0.183356 0.486883
vt 0.139559 0.491408
vt 0.161832 0.478151
vt 0.500542 0.541656
vt 0.480573 0.504906
vt 0.493502 0.521722
vt 0.629001 0.258165
vt 0.606880 0.261510
vt 0.620558 0.246830
vt 0.588168 0.272345
vt 0.573394 0.286847
vt 0.593504 0.283008
vt 0.683322 0.180387
vt 0.673506 0.181249
vt 0.688615 0.162199
vt 0.685116 0.121676
vt 0.689739 0.143727
vt 0.363804 0.075255
vt 0.322069 0.068390
vt 0.348429 0.064689
vt 0.178151 0.456409
vt 0.140336 0.476588
vt 0.160936 0.460657
vt 0.127399 0.452978
vt 0.142359 0.459401
vt 0.625536 0.232238
vt 0.609002 0.236342
vt 0.612736 0.222867
vt 0.597806 0.249967
vt 0.582150 0.260092
vt 0.569435 0.276430
vt 0.694655 0.177697
vt 0.698143 0.163661
vt 0.381444 0.074375
vt 0.375445 0.085584
vt 0.371192 0.063702
vt 0.333438 0.056718
vt 0.357502 0.052722
vt 0.176750 0.441261
vt 0.160567 0.444781
vt 0.143116 0.443701
vt 0.914675 0.046264
vt 0.903465 0.026959
vt 0.914675 0.027792
vt 0.589709 0.240344
vt 0.599566 0.226703
vt 0.566228 0.264003
vt 0.575545 0.250535
vt 0.562714 0.546039
vt 0.552439 0.527566
vt 0.562066 0.527421
vt 0.557392 0.559318
vt 0.540437 0.546098
vt 0.552943 0.545055
vt 0.392000 0.065880
vt 0.381555 0.053067
vt 0.344043 0.044376
vt 0.367405 0.039826
vt 0.178881 0.427591
vt 0.161021 0.430911
vt 0.893723 0.008583
vt 0.908475 0.010785
vt 0.904400 0.044398
vt 0.888862 0.026437
vt 0.911029 0.058428
vt 0.890927 0.045678
vt 0.556016 0.511536
vt 0.549638 0.497728
vt 0.562714 0.501260
vt 0.543377 0.509104
vt 0.540009 0.526809
vt 0.544547 0.561804
vt 0.527934 0.547404
vt 0.392897 0.043329
vt 0.403419 0.058671
vt 0.378367 0.027418
vt 0.353341 0.029705
vt 0.181444 0.413046
vt 0.141771 0.429842
vt 0.161591 0.416067
vt 0.878658 0.007213
vt 0.873991 0.026995
vt 0.899366 0.061150
vt 0.877428 0.048269
vt 0.536289 0.493594
vt 0.530671 0.506280
vt 0.527613 0.525976
vt 0.518433 0.563843
vt 0.515385 0.546831
vt 0.403368 0.034109
vt 0.413079 0.049618
vt 0.389794 0.018000
vt 0.375993 0.005609
vt 0.161517 0.400106
vt 0.180924 0.397491
vt 0.140204 0.415029
vt 0.123013 0.410210
vt 0.140612 0.399171
vt 0.864004 0.029250
vt 0.642801 0.953020
vt 0.627864 0.932866
vt 0.639782 0.932069
vt 0.638574 0.973686
vt 0.631466 0.953344
vt 0.517798 0.506626
vt 0.515153 0.525888
vt 0.849690 0.326257
vt 0.824744 0.419397
vt 0.756588 0.351227
vt 0.828522 0.665246
vt 0.885169 0.683649
vt 0.843701 0.733377
vt 0.120078 0.784978
vt 0.123076 0.801289
vt 0.113989 0.787492
vt 0.320818 0.842375
vt 0.301593 0.849124
vt 0.309224 0.837624
vt 0.117231 0.882728
vt 0.131593 0.862362
vt 0.132810 0.882212
vt 0.117741 0.770668
vt 0.106160 0.775450
vt 0.318169 0.824086
vt 0.324264 0.826584
vt 0.147607 0.882647
vt 0.146450 0.863769
vt 0.089752 0.886326
vt 0.101410 0.868087
vt 0.102394 0.884146
vt 0.327552 0.809835
vt 0.159189 0.867933
vt 0.160173 0.883991
vt 0.116074 0.863850
vt 0.109311 0.792138
vt 0.289279 0.837040
vt 0.300277 0.828845
vt 0.050566 0.813956
vt 0.034238 0.830096
vt 0.035109 0.812083
vt 0.097262 0.784286
vt 0.313465 0.819470
vt 0.019101 0.831035
vt 0.019930 0.813903
vt 0.088109 0.778504
vt 0.100355 0.766343
vt 0.005810 0.833812
vt 0.006514 0.819238
vt 0.064788 0.819340
vt 0.049738 0.831088
vt 0.064084 0.833914
vt 0.049447 0.851076
vt 0.106757 0.798207
vt 0.295340 0.817374
vt 0.033932 0.851113
vt 0.092404 0.795831
vt 0.310870 0.813440
vt 0.018811 0.851022
vt 0.075692 0.850649
vt 0.063836 0.850916
vt 0.005562 0.850814
vt 0.310778 0.806913
vt 0.019101 0.870822
vt 0.005810 0.867657
vt 0.049738 0.870876
vt 0.106716 0.804777
vt 0.282484 0.821252
vt 0.295165 0.804959
vt 0.034238 0.871932
vt 0.092325 0.808327
vt 0.064084 0.867759
vt 0.019930 0.887421
vt 0.087798 0.827484
vt 0.081313 0.811594
vt 0.313203 0.800882
vt 0.006514 0.881777
vt 0.050566 0.887474
vt 0.109193 0.810846
vt 0.288593 0.788376
vt 0.299778 0.793488
vt 0.035109 0.889384
vt 0.097037 0.819872
vt 0.113811 0.815491
vt 0.105822 0.828708
vt 0.317776 0.796267
vt 0.050927 0.794491
vt 0.034416 0.779813
vt 0.049896 0.778476
vt 0.099890 0.839646
vt 0.064181 0.774872
vt 0.065058 0.788496
vt 0.006777 0.789018
vt 0.019256 0.778751
vt 0.020287 0.794766
vt 0.300566 0.776293
vt 0.308477 0.784709
vt 0.035501 0.796652
vt 0.018698 0.759188
vt 0.033829 0.759243
vt 0.119868 0.818006
vt 0.117343 0.833490
vt 0.323801 0.793769
vt 0.049338 0.758913
vt 0.115747 0.846227
vt 0.063706 0.758231
vt 0.005900 0.775395
vt 0.075527 0.757263
vt 0.075872 0.769354
vt 0.126442 0.818006
vt 0.075527 0.744821
vt 0.033829 0.738075
vt 0.129846 0.833490
vt 0.319938 0.779958
vt 0.330361 0.793769
vt 0.049338 0.738782
vt 0.132957 0.846227
vt 0.063706 0.741106
vt 0.005425 0.758754
vt 0.018698 0.739056
vt 0.049896 0.721146
vt 0.064181 0.726104
vt 0.005425 0.741629
vt 0.019256 0.721420
vt 0.132531 0.815491
vt 0.075872 0.733922
vt 0.034416 0.719532
vt 0.141428 0.828708
vt 0.344009 0.784709
vt 0.336456 0.796267
vt 0.148898 0.839645
vt 0.161144 0.827484
vt 0.341160 0.800882
vt 0.050927 0.708691
vt 0.065058 0.715509
vt 0.168604 0.832936
vt 0.154208 0.847233
vt 0.137208 0.810846
vt 0.361785 0.788376
vt 0.352956 0.793488
vt 0.035501 0.706436
vt 0.150325 0.819872
vt 0.861669 0.243223
vt 0.877097 0.257855
vt 0.861720 0.259060
vt 0.155183 0.808327
vt 0.167830 0.811594
vt 0.343755 0.806913
vt 0.847770 0.249141
vt 0.847814 0.262613
vt 0.906201 0.249249
vt 0.892439 0.259116
vt 0.892387 0.243279
vt 0.139762 0.804777
vt 0.357892 0.804959
vt 0.877043 0.241203
vt 0.139804 0.798207
vt 0.155263 0.795831
vt 0.343847 0.813440
vt 0.877097 0.278343
vt 0.861720 0.278545
vt 0.167939 0.794394
vt 0.847814 0.279188
vt 0.906244 0.262720
vt 0.892439 0.278601
vt 0.836739 0.280209
vt 0.836739 0.268166
vt 0.368820 0.821252
vt 0.353454 0.828845
vt 0.358067 0.817374
vt 0.877043 0.299547
vt 0.150551 0.784286
vt 0.341422 0.819470
vt 0.861669 0.298711
vt 0.161454 0.778504
vt 0.847770 0.296342
vt 0.906244 0.279295
vt 0.892388 0.298768
vt 0.137327 0.792138
vt 0.906201 0.296450
vt 0.892293 0.316545
vt 0.132708 0.787492
vt 0.362471 0.837040
vt 0.344755 0.837624
vt 0.876943 0.318239
vt 0.141766 0.775450
vt 0.336849 0.824086
vt 0.861574 0.316489
vt 0.149362 0.766343
vt 0.847690 0.311465
vt 0.159189 0.917075
vt 0.147607 0.902933
vt 0.160173 0.901248
vt 0.101410 0.917229
vt 0.117231 0.903014
vt 0.116074 0.921620
vt 0.126651 0.784978
vt 0.350498 0.849124
vt 0.333295 0.842375
vt 0.132810 0.903542
vt 0.131593 0.923105
vt 0.130245 0.770668
vt 0.330824 0.826584
vt 0.146450 0.921539
vt 0.089752 0.898864
vt 0.102394 0.901402
vt 0.334724 0.855663
vt 0.937607 0.550069
vt 0.946777 0.525064
vt 0.952610 0.544608
vt 0.920671 0.548076
vt 0.937774 0.528341
vt 0.919014 0.521797
vt 0.927613 0.527145
vt 0.906340 0.539163
vt 0.914283 0.513731
vt 0.721390 0.917338
vt 0.746071 0.922014
vt 0.724212 0.931535
vt 0.721390 0.900234
vt 0.744378 0.913496
vt 0.724212 0.884808
vt 0.744378 0.903234
vt 0.795808 0.877088
vt 0.768486 0.876535
vt 0.787744 0.866108
vt 0.775096 0.892761
vt 0.773325 0.883123
vt 0.798760 0.893151
vt 0.773325 0.902867
vt 0.787744 0.923105
vt 0.795808 0.909994
vt 0.596435 0.638359
vt 0.580764 0.653576
vt 0.580764 0.643324
vt 0.547962 0.607102
vt 0.517929 0.643202
vt 0.506936 0.586895
vt 0.929119 0.494959
vt 0.952207 0.518194
vt 0.627311 0.051288
vt 0.621266 0.041207
vt 0.630156 0.041238
vt 0.975793 0.811405
vt 0.963602 0.806182
vt 0.975793 0.777076
vt 0.630156 0.061119
vt 0.618420 0.051257
vt 0.507918 0.493166
vt 0.494133 0.492157
vt 0.507918 0.467157
vt 0.151330 0.305316
vt 0.160173 0.318239
vt 0.151330 0.316551
vt 0.463660 0.950872
vt 0.454809 0.956880
vt 0.444506 0.920026
vt 0.457203 0.965256
vt 0.444506 0.956187
vt 0.965255 0.610044
vt 0.975793 0.625941
vt 0.965255 0.623683
vt 0.566859 0.643510
vt 0.559984 0.633435
vt 0.569037 0.633458
vt 0.980008 0.335100
vt 0.968166 0.329514
vt 0.980008 0.301064
vt 0.569037 0.653339
vt 0.557806 0.643487
vt 0.324562 0.516349
vt 0.310861 0.516091
vt 0.324562 0.491631
vt 0.048099 0.377563
vt 0.056904 0.368253
vt 0.056904 0.379358
vt 0.958933 0.947120
vt 0.949878 0.952457
vt 0.939756 0.915401
vt 0.942153 0.960933
vt 0.952276 0.961041
vt 0.939756 0.952350
vt 0.973686 0.521815
vt 0.962780 0.532844
vt 0.962780 0.519342
vt 0.480520 0.153851
vt 0.469739 0.142591
vt 0.480520 0.144875
vt 0.479641 0.106464
vt 0.096335 0.044258
vt 0.109592 0.034453
vt 0.109592 0.040888
vt 0.096335 0.037824
vt 0.100624 0.005624
vt 0.732912 0.982288
vt 0.739748 0.970851
vt 0.739748 0.984224
vt 0.950440 0.469720
vt 0.958620 0.463087
vt 0.969471 0.499488
vt 0.956241 0.454928
vt 0.969471 0.463981
vt 0.821943 0.970206
vt 0.811116 0.983534
vt 0.811116 0.969517
vt 0.109592 0.488950
vt 0.098468 0.477900
vt 0.109592 0.479936
vt 0.108329 0.441544
vt 0.964148 0.084302
vt 0.977901 0.075437
vt 0.977901 0.082360
vt 0.964148 0.077378
vt 0.969566 0.044136
vt 0.207622 0.948138
vt 0.214970 0.963148
vt 0.207622 0.961783
vt 0.963245 0.236725
vt 0.970834 0.228584
vt 0.982116 0.263443
vt 0.857736 0.502325
vt 0.843700 0.495678
vt 0.857758 0.495678
vt 0.982116 0.230479
vt 0.843712 0.512133
vt 0.843678 0.502325
vt 0.810445 0.293373
vt 0.821943 0.285981
vt 0.821943 0.295056
vt 0.810445 0.284297
vt 0.820239 0.247642
vt 0.546597 0.977901
vt 0.560607 0.969628
vt 0.560607 0.977232
vt 0.546597 0.970297
vt 0.553018 0.935533
vt 0.961991 0.923105
vt 0.975793 0.913754
vt 0.975793 0.921746
vt 0.961991 0.915113
vt 0.970229 0.885970
vt 0.982116 0.686116
vt 0.968150 0.679530
vt 0.982116 0.678587
vt 0.975940 0.653020
vt 0.904137 0.078780
vt 0.892418 0.094840
vt 0.892418 0.082438
vt 0.814311 0.782778
vt 0.826158 0.774851
vt 0.826158 0.784007
vt 0.814311 0.773623
vt 0.824019 0.736655
vt 0.769254 0.969471
vt 0.755198 0.960980
vt 0.769254 0.961097
vt 0.762362 0.924517
vt 0.617511 0.973178
vt 0.603516 0.965099
vt 0.617511 0.964591
vt 0.611183 0.933147
vt 0.905105 0.977901
vt 0.918890 0.968315
vt 0.918890 0.976751
vt 0.905105 0.969465
vt 0.913378 0.938017
vt 0.933234 0.977293
vt 0.946288 0.988804
vt 0.933234 0.990546
vt 0.573252 0.234596
vt 0.561474 0.226933
vt 0.573252 0.225485
vt 0.571202 0.190874
vt 0.159455 0.138216
vt 0.168451 0.129864
vt 0.168604 0.139098
vt 0.159303 0.128982
vt 0.168604 0.091959
vt 0.910257 0.854338
vt 0.923105 0.846639
vt 0.923105 0.855663
vt 0.910257 0.845313
vt 0.919535 0.808385
vt 0.229220 0.973686
vt 0.242368 0.963601
vt 0.242368 0.972693
vt 0.229220 0.964594
vt 0.238283 0.929040
vt 0.021075 0.094840
vt 0.007283 0.080570
vt 0.021075 0.080861
vt 0.095369 0.498638
vt 0.560867 0.617633
vt 0.747666 0.744546
vt 0.168390 0.514330
vt 0.577542 0.547138
vt 0.688286 0.742283
vt 0.299903 0.359197
vt 0.242610 0.527306
vt 0.592474 0.465684
vt 0.601034 0.742915
vt 0.281766 0.280294
vt 0.332761 0.533457
vt 0.596236 0.400385
vt 0.544703 0.734804
vt 0.538313 0.717278
vt 0.638704 0.242368
vt 0.273362 0.162678
vt 0.405540 0.527595
vt 0.589895 0.326645
vt 0.481108 0.719845
vt 0.935750 0.566817
vt 0.480244 0.701437
vt 0.586329 0.301702
vt 0.708135 0.656673
vt 0.299484 0.079621
vt 0.454821 0.498638
vt 0.697725 0.127229
vt 0.123013 0.468430
vt 0.699705 0.146439
vt 0.129071 0.438312
vt 0.560867 0.254547
vt 0.531548 0.564822
vt 0.363721 0.015204
vt 0.888045 0.065334
vt 0.123810 0.394937
vt 0.867905 0.049951
vt 0.627864 0.973540
vt 0.770991 0.326269
vt 0.795938 0.311857
vt 0.824744 0.311853
vt 0.864093 0.351211
vt 0.864093 0.380028
vt 0.849690 0.404985
vt 0.795938 0.419401
vt 0.770991 0.404997
vt 0.756588 0.380043
vt 0.828522 0.722801
vt 0.819759 0.704532
vt 0.819759 0.683466
vt 0.843701 0.654755
vt 0.861227 0.654804
vt 0.876406 0.665380
vt 0.885169 0.704715
vt 0.876406 0.722935
vt 0.861227 0.733426
vt 0.317551 0.855663
vt 0.089037 0.874659
vt 0.075872 0.838296
vt 0.282243 0.804164
vt 0.075872 0.862886
vt 0.064788 0.881879
vt 0.332415 0.779958
vt 0.005900 0.726627
vt 0.349471 0.776293
vt 0.020287 0.708965
vt 0.368579 0.804164
vt 0.906120 0.311572
vt 0.089037 0.910363
vt 0.898454 0.525719
vt 0.746071 0.893978
vt 0.768486 0.910733
vt 0.596435 0.655447
vt 0.517929 0.579891
vt 0.530622 0.581597
vt 0.541615 0.591557
vt 0.547962 0.624066
vt 0.541615 0.637904
vt 0.530622 0.644909
vt 0.506936 0.633243
vt 0.500589 0.617698
vt 0.500589 0.600734
vt 0.914686 0.505106
vt 0.920117 0.498235
vt 0.939281 0.496155
vt 0.947879 0.501503
vt 0.952610 0.509569
vt 0.621266 0.061088
vt 0.160173 0.307005
vt 0.446900 0.964563
vt 0.975793 0.612302
vt 0.559984 0.653316
vt 0.048099 0.366458
vt 0.973686 0.535316
vt 0.469739 0.151567
vt 0.732912 0.968915
vt 0.967092 0.455821
vt 0.821943 0.984224
vt 0.098468 0.486914
vt 0.214970 0.949503
vt 0.857771 0.512133
vt 0.968150 0.687060
vt 0.904137 0.091181
vt 0.755198 0.969353
vt 0.603516 0.973686
vt 0.946288 0.975552
vt 0.561474 0.236045
vt 0.007283 0.094549
s 1
f 2/1/1 13/2/2 1/3/3
f 3/4/4 14/5/5 2/1/1
f 4/6/6 15/7/7 3/8/4
f 5/9/8 16/10/9 4/6/6
f 6/11/10 17/12/11 5/9/8
f 6/13/10 19/14/12 18/15/13
f 7/16/14 20/17/15 19/14/12
f 8/18/16 21/19/17 20/17/15
f 9/20/18 22/21/19 21/22/17
f 10/23/20 23/24/21 22/21/19
f 11/25/22 24/26/23 23/24/21
f 1/3/3 24/27/23 12/28/24
f 14/5/5 25/29/25 13/2/2
f 15/30/7 26/31/26 14/5/5
f 16/10/9 27/32/27 15/7/7
f 17/12/11 28/33/28 16/10/9
f 18/34/13 29/35/29 17/12/11
f 18/15/13 31/36/30 30/37/31
f 19/14/12 32/38/32 31/36/30
f 20/17/15 33/39/33 32/38/32
f 21/22/17 34/40/34 33/41/33
f 22/21/19 35/42/35 34/40/34
f 23/24/21 36/43/36 35/42/35
f 13/2/2 36/44/36 24/27/23
f 26/31/26 37/45/37 25/29/25
f 27/46/27 38/47/38 26/31/26
f 28/33/28 39/48/39 27/32/27
f 29/35/29 40/49/40 28/33/28
f 30/50/31 41/51/41 29/35/29
f 30/37/31 43/52/42 42/53/43
f 31/36/30 44/54/44 43/52/42
f 32/38/32 45/55/45 44/54/44
f 33/41/33 46/56/46 45/57/45
f 34/40/34 47/58/47 46/56/46
f 35/42/35 48/59/48 47/58/47
f 25/29/25 48/60/48 36/44/36
f 38/47/38 49/61/49 37/45/37
f 39/62/39 50/63/50 38/47/38
f 40/49/40 51/64/51 39/48/39
f 41/51/41 52/65/52 40/49/40
f 42/66/43 53/67/53 41/51/41
f 43/52/42 54/68/54 42/53/43
f 44/54/44 55/69/55 43/52/42
f 44/54/44 57/70/56 56/71/57
f 45/57/45 58/72/58 57/73/56
f 47/58/47 58/72/58 46/56/46
f 48/59/48 59/74/59 47/58/47
f 37/45/37 60/75/60 48/60/48
f 50/63/50 61/76/61 49/61/49
f 50/63/50 63/77/62 62/78/63
f 51/64/51 64/79/64 63/80/62
f 52/65/52 65/81/65 64/79/64
f 54/82/54 65/81/65 53/67/53
f 55/69/55 66/83/66 54/68/54
f 56/71/57 67/84/67 55/69/55
f 57/70/56 68/85/68 56/71/57
f 58/72/58 69/86/69 57/73/56
f 59/74/59 70/87/70 58/72/58
f 60/88/60 71/89/71 59/74/59
f 49/61/49 72/90/72 60/75/60
f 62/78/63 73/91/73 61/76/61
f 63/77/62 74/92/74 62/78/63
f 64/79/64 75/93/75 63/80/62
f 65/81/65 76/94/76 64/79/64
f 66/95/66 77/96/77 65/81/65
f 67/84/67 78/97/78 66/83/66
f 67/84/67 80/98/79 79/99/80
f 68/85/68 81/100/81 80/98/79
f 69/86/69 82/101/82 81/102/81
f 70/87/70 83/103/83 82/101/82
f 71/89/71 84/104/84 83/103/83
f 61/76/61 84/105/84 72/90/72
f 74/92/74 85/106/85 73/91/73
f 75/107/75 86/108/86 74/92/74
f 76/94/76 87/109/87 75/93/75
f 77/96/77 88/110/88 76/94/76
f 78/111/78 89/112/89 77/96/77
f 78/97/78 91/113/90 90/114/91
f 79/99/80 92/115/92 91/113/90
f 80/98/79 93/116/93 92/115/92
f 81/102/81 94/117/94 93/118/93
f 82/101/82 95/119/95 94/117/94
f 83/103/83 96/120/96 95/119/95
f 73/91/73 96/121/96 84/105/84
f 86/108/86 97/122/97 85/106/85
f 87/123/87 98/124/98 86/108/86
f 88/110/88 99/125/99 87/109/87
f 89/112/89 100/126/100 88/110/88
f 90/127/91 101/128/101 89/112/89
f 91/113/90 102/129/102 90/114/91
f 91/113/90 104/130/103 103/131/104
f 92/115/92 105/132/105 104/130/103
f 93/118/93 106/133/106 105/134/105
f 94/117/94 107/135/107 106/133/106
f 95/119/95 108/136/108 107/135/107
f 85/106/85 108/137/108 96/121/96
f 97/122/97 110/138/109 109/139/110
f 98/124/98 111/140/111 110/138/109
f 99/125/99 112/141/112 111/142/111
f 100/126/100 113/143/113 112/141/112
f 102/144/102 113/143/113 101/128/101
f 103/131/104 114/145/114 102/129/102
f 104/130/103 115/146/115 103/131/104
f 105/132/105 116/147/116 104/130/103
f 106/133/106 117/148/117 105/134/105
f 107/135/107 118/149/118 106/133/106
f 108/136/108 119/150/119 107/135/107
f 97/122/97 120/151/120 108/137/108
f 109/139/110 122/152/121 121/153/122
f 110/138/109 123/154/123 122/152/121
f 111/142/111 124/155/124 123/156/123
f 112/141/112 125/157/125 124/155/124
f 113/143/113 126/158/126 125/157/125
f 115/146/115 126/159/126 114/145/114
f 116/147/116 127/160/127 115/146/115
f 117/161/117 128/162/128 116/147/116
f 118/149/118 129/163/129 117/148/117
f 119/150/119 130/164/130 118/149/118
f 120/165/120 131/166/131 119/150/119
f 109/139/110 132/167/132 120/151/120
f 122/152/121 133/168/133 121/153/122
f 123/154/123 134/169/134 122/152/121
f 124/155/124 135/170/135 123/156/123
f 125/157/125 136/171/136 124/155/124
f 126/158/126 137/172/137 125/157/125
f 127/160/127 138/173/138 126/159/126
f 127/160/127 140/174/139 139/175/140
f 128/162/128 141/176/141 140/174/139
f 129/163/129 142/177/142 141/178/141
f 130/164/130 143/179/143 142/177/142
f 132/180/132 143/179/143 131/166/131
f 121/153/122 144/181/144 132/167/132
f 134/169/134 145/182/145 133/168/133
f 135/183/135 146/184/146 134/169/134
f 136/171/136 147/185/147 135/170/135
f 137/172/137 148/186/148 136/171/136
f 138/187/138 149/188/149 137/172/137
f 139/175/140 150/189/150 138/173/138
f 139/175/140 152/190/151 151/191/152
f 140/174/139 153/192/153 152/190/151
f 141/178/141 154/193/154 153/194/153
f 142/177/142 155/195/155 154/193/154
f 143/179/143 156/196/156 155/195/155
f 133/168/133 156/197/156 144/181/144
f 146/184/146 157/198/157 145/182/145
f 147/199/147 158/200/158 146/184/146
f 148/186/148 159/201/159 147/185/147
f 149/188/149 160/202/160 148/186/148
f 150/203/150 161/204/161 149/188/149
f 151/191/152 162/205/162 150/189/150
f 151/191/152 164/206/163 163/207/164
f 152/190/151 165/208/165 164/206/163
f 153/194/153 166/209/166 165/210/165
f 154/193/154 167/211/167 166/209/166
f 155/195/155 168/212/168 167/211/167
f 145/182/145 168/213/168 156/197/156
f 158/200/158 169/214/169 157/198/157
f 159/215/159 170/216/170 158/200/158
f 160/202/160 171/217/171 159/201/159
f 161/204/161 172/218/172 160/202/160
f 162/219/162 173/220/173 161/204/161
f 163/207/164 174/221/174 162/205/162
f 164/206/163 175/222/175 163/207/164
f 165/208/165 176/223/176 164/206/163
f 166/209/166 177/224/177 165/210/165
f 167/211/167 178/225/178 166/209/166
f 168/212/168 179/226/179 167/211/167
f 157/198/157 180/227/180 168/213/168
f 169/214/169 182/228/181 181/229/182
f 170/230/170 183/231/183 182/232/181
f 171/217/171 184/233/184 183/231/183
f 172/218/172 185/234/185 184/233/184
f 173/220/173 186/235/186 185/234/185
f 175/222/175 186/236/186 174/221/174
f 176/223/176 187/237/187 175/222/175
f 177/238/177 188/239/188 176/223/176
f 178/225/178 189/240/189 177/224/177
f 179/226/179 190/241/190 178/225/178
f 180/242/180 191/243/191 179/226/179
f 169/214/169 192/244/192 180/227/180
f 182/228/181 193/245/193 181/229/182
f 183/246/183 194/247/194 182/228/181
f 184/233/184 195/248/195 183/231/183
f 185/234/185 196/249/196 184/233/184
f 186/235/186 197/250/197 185/234/185
f 187/237/187 198/251/198 186/236/186
f 188/239/188 199/252/199 187/237/187
f 189/253/189 200/254/200 188/239/188
f 190/241/190 201/255/201 189/240/189
f 191/243/191 202/256/202 190/241/190
f 192/257/192 203/258/203 191/243/191
f 181/229/182 204/259/204 192/244/192
f 194/247/194 205/260/205 193/245/193
f 195/261/195 206/262/206 194/247/194
f 196/249/196 207/263/207 195/248/195
f 197/250/197 208/264/208 196/249/196
f 198/265/198 209/266/209 197/250/197
f 199/252/199 210/267/210 198/251/198
f 199/252/199 212/268/211 211/269/212
f 200/254/200 213/270/213 212/268/211
f 201/255/201 214/271/214 213/272/213
f 202/256/202 215/273/215 214/271/214
f 203/258/203 216/274/216 215/273/215
f 193/245/193 216/275/216 204/259/204
f 206/262/206 217/276/217 205/260/205
f 207/277/207 218/278/218 206/262/206
f 208/264/208 219/279/219 207/263/207
f 209/266/209 220/280/220 208/264/208
f 210/281/210 221/282/221 209/266/209
f 211/269/212 222/283/222 210/267/210
f 211/269/212 224/284/223 223/285/224
f 212/268/211 225/286/225 224/284/223
f 213/272/213 226/287/226 225/288/225
f 214/271/214 227/289/227 226/287/226
f 215/273/215 228/290/228 227/289/227
f 205/260/205 228/291/228 216/275/216
f 218/278/218 229/292/229 217/276/217
f 219/279/219 230/293/230 218/294/218
f 220/280/220 231/295/231 219/279/219
f 221/282/221 232/296/232 220/280/220
f 222/297/222 233/298/233 221/282/221
f 223/285/224 234/299/234 222/283/222
f 224/284/223 235/300/235 223/285/224
f 225/286/225 236/301/236 224/284/223
f 226/287/226 237/302/237 225/288/225
f 227/289/227 238/303/238 226/287/226
f 228/290/228 239/304/239 227/289/227
f 217/276/217 240/305/240 228/291/228
f 229/292/229 242/306/241 241/307/242
f 230/293/230 243/308/243 242/309/241
f 231/295/231 244/310/244 243/308/243
f 232/296/232 245/311/245 244/310/244
f 234/312/234 245/311/245 233/298/233
f 235/300/235 246/313/246 234/299/234
f 236/301/236 247/314/247 235/300/235
f 237/315/237 248/316/248 236/301/236
f 238/303/238 249/317/249 237/302/237
f 239/304/239 250/318/250 238/303/238
f 240/319/240 251/320/251 239/304/239
f 229/321/229 252/322/252 240/323/240
f 242/306/241 253/324/253 241/307/242
f 243/308/243 254/325/254 242/309/241
f 244/310/244 255/326/255 243/308/243
f 245/311/245 256/327/256 244/310/244
f 246/328/246 257/329/257 245/311/245
f 247/314/247 258/330/258 246/313/246
f 248/316/248 259/331/259 247/314/247
f 249/332/249 260/333/260 248/316/248
f 250/318/250 261/334/261 249/317/249
f 251/320/251 262/335/262 250/318/250
f 252/336/252 263/337/263 251/320/251
f 241/307/242 264/338/264 252/339/252
f 254/340/254 265/341/265 253/324/253
f 255/342/255 266/343/266 254/340/254
f 256/327/256 267/344/267 255/326/255
f 257/329/257 268/345/268 256/327/256
f 258/346/258 269/347/269 257/348/257
f 259/349/259 270/350/270 258/346/258
f 259/331/259 272/351/271 271/352/272
f 260/333/260 273/353/273 272/351/271
f 261/334/261 274/354/274 273/355/273
f 262/335/262 275/356/275 274/354/274
f 264/357/264 275/356/275 263/337/263
f 253/324/253 276/358/276 264/338/264
f 266/343/266 277/359/277 265/341/265
f 267/360/267 278/361/278 266/343/266
f 268/345/268 279/362/279 267/344/267
f 269/363/269 280/364/280 268/345/268
f 270/350/270 281/365/281 269/347/269
f 271/366/272 282/367/282 270/350/270
f 271/352/272 284/368/283 283/369/284
f 272/351/271 285/370/285 284/368/283
f 273/355/273 286/371/286 285/372/285
f 274/354/274 287/373/287 286/371/286
f 275/356/275 288/374/288 287/373/287
f 265/341/265 288/375/288 276/358/276
f 278/361/278 289/376/289 277/359/277
f 279/362/279 290/377/290 278/378/278
f 280/364/280 291/379/291 279/362/279
f 281/380/281 292/381/292 280/364/280
f 282/382/282 293/383/293 281/380/281
f 283/369/284 294/384/294 282/385/282
f 284/368/283 295/386/295 283/369/284
f 285/370/285 296/387/296 284/368/283
f 286/371/286 297/388/297 285/372/285
f 287/373/287 298/389/298 286/371/286
f 288/374/288 299/390/299 287/373/287
f 277/359/277 300/391/300 288/375/288
f 290/392/290 301/393/301 289/394/289
f 290/377/290 303/395/302 302/396/303
f 291/379/291 304/397/304 303/395/302
f 292/381/292 305/398/305 304/397/304
f 294/399/294 305/398/305 293/383/293
f 295/386/295 306/400/306 294/384/294
f 296/387/296 307/401/307 295/386/295
f 297/402/297 308/403/308 296/387/296
f 298/404/298 309/405/309 297/402/297
f 299/390/299 310/406/310 298/389/298
f 300/407/300 311/408/311 299/409/299
f 289/394/289 312/410/312 300/407/300
f 302/411/303 313/412/313 301/393/301
f 302/396/303 315/413/314 314/414/315
f 303/395/302 316/415/316 315/413/314
f 305/398/305 316/415/316 304/397/304
f 306/416/306 317/417/317 305/398/305
f 307/401/307 318/418/318 306/400/306
f 308/403/308 319/419/319 307/401/307
f 309/405/309 320/420/320 308/403/308
f 310/421/310 321/422/321 309/405/309
f 311/423/311 322/424/322 310/406/310
f 312/410/312 323/425/323 311/408/311
f 301/393/301 324/426/324 312/410/312
f 314/427/315 325/428/325 313/429/313
f 315/430/314 326/431/326 314/427/315
f 316/415/316 327/432/327 315/413/314
f 317/417/317 328/433/328 316/415/316
f 318/434/318 329/435/329 317/436/317
f 319/437/319 330/438/330 318/434/318
f 320/420/320 331/439/331 319/419/319
f 320/420/320 333/440/332 332/441/333
f 321/442/321 334/443/334 333/444/332
f 322/424/322 335/445/335 334/443/334
f 324/446/324 335/445/335 323/447/323
f 313/429/313 336/448/336 324/449/324
f 326/431/326 337/450/337 325/428/325
f 327/451/327 338/452/338 326/431/326
f 328/433/328 339/453/339 327/432/327
f 329/454/329 340/455/340 328/433/328
f 330/438/330 341/456/341 329/435/329
f 331/457/331 342/458/342 330/438/330
f 331/457/331 344/459/343 343/460/344
f 332/461/333 345/462/345 344/463/343
f 333/444/332 346/464/346 345/462/345
f 334/443/334 347/465/347 346/464/346
f 336/466/336 347/465/347 335/445/335
f 325/428/325 348/467/348 336/448/336
f 338/452/338 349/468/349 337/450/337
f 339/453/339 350/469/350 338/470/338
f 340/455/340 351/471/351 339/453/339
f 341/472/341 352/473/352 340/455/340
f 342/458/342 353/474/353 341/456/341
f 343/460/344 354/475/354 342/458/342
f 344/459/343 355/476/355 343/460/344
f 345/477/345 356/478/356 344/479/343
f 345/462/345 358/480/357 357/481/358
f 347/465/347 358/480/357 346/464/346
f 348/482/348 359/483/359 347/465/347
f 337/484/337 360/485/360 348/486/348
f 350/487/350 361/488/361 349/489/349
f 351/471/351 362/490/362 350/469/350
f 352/473/352 363/491/363 351/471/351
f 353/492/353 364/493/364 352/473/352
f 354/475/354 365/494/365 353/474/353
f 355/476/355 366/495/366 354/475/354
f 356/478/356 367/496/367 355/497/355
f 357/498/358 368/499/368 356/478/356
f 358/500/357 369/501/369 357/498/358
f 359/502/359 370/503/370 358/504/357
f 360/485/360 371/505/371 359/502/359
f 349/489/349 372/506/372 360/485/360
f 362/507/362 373/508/373 361/488/361
f 362/490/362 375/509/374 374/510/375
f 363/491/363 376/511/376 375/509/374
f 365/512/365 376/511/376 364/493/364
f 366/495/366 377/513/377 365/494/365
f 367/514/367 378/515/378 366/495/366
f 368/499/368 379/516/379 367/496/367
f 369/501/369 380/517/380 368/499/368
f 370/518/370 381/519/381 369/501/369
f 371/505/371 382/520/382 370/503/370
f 372/506/372 383/521/383 371/505/371
f 361/488/361 384/522/384 372/506/372
f 373/508/373 386/523/385 385/524/386
f 374/510/375 387/525/387 386/526/385
f 375/509/374 388/527/388 387/525/387
f 376/511/376 389/528/389 388/527/388
f 377/513/377 390/529/390 389/530/389
f 379/531/379 390/529/390 378/515/378
f 380/532/380 391/533/391 379/531/379
f 381/519/381 392/534/392 380/517/380
f 382/535/382 393/536/393 381/537/381
f 383/538/383 394/539/394 382/535/382
f 384/522/384 395/540/395 383/521/383
f 384/522/384 385/524/386 396/541/396
f 9/542/18 5/543/8 1/544/3
f 388/545/388 392/546/392 396/547/396
f 539/548/397 484/549/398 402/550/399
f 542/551/400 408/552/401 409/553/402
f 541/554/403 406/555/404 398/556/405
f 540/557/406 402/550/399 403/558/407
f 542/551/400 410/559/408 401/560/409
f 399/561/410 406/555/404 407/562/411
f 540/563/406 404/564/412 397/565/413
f 474/566/414 401/560/409 410/559/408
f 399/561/410 408/567/401 400/568/415
f 541/554/403 404/564/412 405/569/416
f 402/550/399 484/549/398 411/570/417
f 409/553/402 417/571/418 418/572/419
f 405/573/416 415/574/420 406/575/404
f 402/550/399 412/576/421 403/558/407
f 410/559/408 418/572/419 419/577/422
f 406/575/404 416/578/423 407/579/411
f 403/558/407 413/580/424 404/581/412
f 474/566/414 410/559/408 419/577/422
f 407/579/411 417/582/418 408/583/401
f 404/584/412 414/585/425 405/573/416
f 413/586/424 423/587/426 414/585/425
f 411/570/417 484/549/398 420/588/427
f 417/571/418 427/589/428 418/572/419
f 414/585/425 424/590/429 415/574/420
f 411/570/417 421/591/430 412/576/421
f 418/572/419 428/592/431 419/577/422
f 416/578/423 424/590/429 425/593/432
f 413/586/424 421/594/430 422/595/433
f 474/566/414 419/577/422 428/592/431
f 417/582/418 425/593/432 426/596/434
f 474/566/414 428/592/431 437/597/435
f 426/596/434 434/598/436 435/599/437
f 422/595/433 432/600/438 423/587/426
f 420/588/427 484/549/398 429/601/439
f 426/602/434 436/603/440 427/589/428
f 424/590/429 432/600/438 433/604/441
f 421/591/430 429/601/439 430/605/442
f 427/589/428 437/597/435 428/592/431
f 424/590/429 434/598/436 425/593/432
f 421/594/430 431/606/443 422/595/433
f 433/604/441 443/607/444 434/598/436
f 430/605/442 440/608/445 431/609/443
f 474/566/414 437/597/435 446/610/446
f 435/599/437 443/607/444 444/611/447
f 431/606/443 441/612/448 432/600/438
f 429/601/439 484/549/398 438/613/449
f 436/603/440 444/614/447 445/615/450
f 433/604/441 441/612/448 442/616/451
f 429/601/439 439/617/452 430/605/442
f 437/597/435 445/615/450 446/610/446
f 439/617/452 447/618/453 448/619/454
f 445/615/450 455/620/455 446/610/446
f 443/621/444 451/622/456 452/623/457
f 439/617/452 449/624/458 440/608/445
f 474/566/414 446/610/446 455/620/455
f 443/621/444 453/625/459 444/626/447
f 440/627/445 450/628/460 441/629/448
f 438/613/449 484/549/398 447/618/453
f 445/615/450 453/630/459 454/631/461
f 441/629/448 451/622/456 442/632/451
f 451/622/456 459/633/462 460/634/463
f 448/619/454 456/635/464 457/636/465
f 454/631/461 464/637/466 455/620/455
f 451/622/456 461/638/467 452/623/457
f 449/624/458 457/636/465 458/639/468
f 474/566/414 455/620/455 464/637/466
f 453/625/459 461/638/467 462/640/469
f 449/641/458 459/633/462 450/628/460
f 447/618/453 484/549/398 456/635/464
f 453/625/459 463/642/470 454/643/461
f 456/635/464 484/549/398 465/644/471
f 462/640/469 472/645/472 463/642/470
f 459/633/462 469/646/473 460/634/463
f 456/635/464 466/647/474 457/636/465
f 463/648/470 473/649/475 464/637/466
f 460/634/463 470/650/476 461/638/467
f 457/636/465 467/651/477 458/639/468
f 474/566/414 464/637/466 473/649/475
f 462/640/469 470/650/476 471/652/478
f 458/653/468 468/654/479 459/633/462
f 471/652/478 480/655/480 481/656/481
f 467/657/477 478/658/482 468/654/479
f 465/644/471 484/549/398 475/659/483
f 472/645/472 481/656/481 482/660/484
f 468/654/479 479/661/485 469/646/473
f 465/644/471 476/662/486 466/647/474
f 473/649/475 482/663/484 483/664/487
f 470/650/476 479/661/485 480/655/480
f 467/651/477 476/662/486 477/665/488
f 474/566/414 473/649/475 483/664/487
f 476/662/486 487/666/489 477/665/488
f 474/566/414 483/664/487 493/667/490
f 481/656/481 490/668/491 491/669/492
f 477/665/488 488/670/493 478/671/482
f 475/659/483 484/549/398 485/672/494
f 482/663/484 491/673/492 492/674/495
f 478/658/482 489/675/496 479/661/485
f 476/662/486 485/672/494 486/676/497
f 483/664/487 492/674/495 493/667/490
f 480/655/480 489/675/496 490/668/491
f 490/677/491 498/678/498 499/679/499
f 487/666/489 495/680/500 496/681/501
f 474/566/414 493/667/490 502/682/502
f 491/683/492 499/679/499 500/684/503
f 487/685/489 497/686/504 488/687/493
f 485/672/494 484/549/398 494/688/505
f 491/673/492 501/689/506 492/674/495
f 488/687/493 498/678/498 489/690/496
f 485/672/494 495/680/500 486/676/497
f 492/674/495 502/682/502 493/667/490
f 495/680/500 503/691/507 504/692/508
f 501/689/506 511/693/509 502/682/502
f 499/679/499 507/694/510 508/695/511
f 495/680/500 505/696/512 496/681/501
f 474/566/414 502/682/502 511/693/509
f 500/684/503 508/695/511 509/697/513
f 496/698/501 506/699/514 497/686/504
f 494/688/505 484/549/398 503/691/507
f 500/684/503 510/700/515 501/701/506
f 497/686/504 507/694/510 498/678/498
f 509/702/513 519/703/516 510/704/515
f 506/699/514 516/705/517 507/694/510
f 503/691/507 513/706/518 504/692/508
f 511/693/509 519/703/516 520/707/519
f 508/695/511 516/705/517 517/708/520
f 505/696/512 513/706/518 514/709/521
f 474/566/414 511/693/509 520/707/519
f 509/697/513 517/708/520 518/710/522
f 505/711/512 515/712/523 506/699/514
f 503/691/507 484/549/398 512/713/524
f 514/714/521 524/715/525 515/712/523
f 512/713/524 484/549/398 521/716/526
f 518/717/522 528/718/527 519/703/516
f 515/712/523 525/719/528 516/705/517
f 512/713/524 522/720/529 513/706/518
f 520/707/519 528/718/527 529/721/530
f 517/708/520 525/719/528 526/722/531
f 514/709/521 522/720/529 523/723/532
f 474/566/414 520/707/519 529/721/530
f 518/710/522 526/722/531 527/724/533
f 527/725/533 535/726/534 536/727/535
f 523/728/532 533/729/536 524/730/525
f 521/716/526 484/549/398 530/731/537
f 527/732/533 537/733/538 528/718/527
f 524/730/525 534/734/539 525/735/528
f 522/720/529 530/731/537 531/736/540
f 528/718/527 538/737/541 529/721/530
f 525/735/528 535/726/534 526/738/531
f 523/728/532 531/739/540 532/740/542
f 474/566/414 529/721/530 538/737/541
f 531/739/540 397/565/413 532/740/542
f 474/566/414 538/737/541 401/560/409
f 535/726/534 400/568/415 536/727/535
f 533/729/536 397/565/413 541/554/403
f 530/731/537 484/549/398 539/548/397
f 536/741/535 542/551/400 537/733/538
f 533/729/536 398/556/405 534/734/539
f 530/731/537 540/557/406 531/736/540
f 537/733/538 401/560/409 538/737/541
f 534/734/539 399/561/410 535/726/534
f 544/742/543 555/743/544 543/744/545
f 545/745/546 556/746/547 544/742/543
f 545/745/546 558/747/548 557/748/549
f 546/749/550 559/750/551 558/747/548
f 548/751/552 559/752/551 547/753/553
f 549/754/554 560/755/555 548/751/552
f 550/756/556 561/757/557 549/754/554
f 551/758/558 562/759/559 550/760/556
f 551/758/558 564/761/560 563/762/561
f 552/763/562 565/764/563 564/761/560
f 554/765/564 565/764/563 553/766/565
f 554/767/564 555/768/544 566/769/566
f 551/770/558 547/771/553 543/772/545
f 558/747/548 562/773/559 566/774/566
s 0
f 568/775/567 571/776/567 567/777/567
f 571/778/568 572/779/568 575/780/568
f 569/781/569 572/782/569 568/775/569
f 572/783/570 573/784/570 575/785/570
f 570/786/571 573/787/571 569/788/571
f 573/789/572 574/790/572 575/791/572
f 570/792/573 571/793/573 574/790/573
f 574/790/574 571/793/574 575/791/574
f 570/794/575 568/795/575 567/796/575
f 577/797/576 580/798/576 576/799/576
f 580/800/577 581/801/577 584/802/577
f 578/803/578 581/804/578 577/797/578
f 581/805/579 582/806/579 584/807/579
f 578/808/580 583/809/580 582/810/580
f 582/811/581 583/812/581 584/813/581
f 576/814/582 583/812/582 579/815/582
f 583/812/583 580/816/583 584/813/583
f 578/817/584 576/818/584 579/819/584
f 585/820/585 590/821/585 589/822/585
f 589/822/586 590/821/586 593/823/586
f 587/824/587 590/825/587 586/826/587
f 590/825/588 591/827/588 593/828/588
f 587/829/589 592/830/589 591/831/589
f 591/832/590 592/833/590 593/834/590
f 588/835/591 589/836/591 592/833/591
f 592/833/592 589/836/592 593/834/592
f 587/837/593 585/838/593 588/839/593
f 594/840/594 599/841/594 598/842/594
f 598/842/595 599/841/595 602/843/595
f 596/844/596 599/845/596 595/846/596
f 599/845/597 600/847/597 602/848/597
f 597/849/598 600/850/598 596/851/598
f 600/852/599 601/853/599 602/854/599
f 597/855/600 598/856/600 601/857/600
f 601/853/601 598/858/601 602/854/601
f 597/855/602 595/859/602 594/860/602
f 604/861/603 607/862/603 603/863/603
f 607/862/604 608/864/604 611/865/604
f 605/866/605 608/867/605 604/868/605
f 608/867/606 609/869/606 611/870/606
f 606/871/607 609/872/607 605/873/607
f 609/872/608 610/874/608 611/875/608
f 606/876/609 607/877/609 610/878/609
f 610/878/610 607/877/610 611/879/610
f 605/880/611 603/881/611 606/882/611
f 613/883/612 616/884/612 612/885/612
f 616/884/613 617/886/613 620/887/613
f 613/888/614 618/889/614 617/890/614
f 617/890/615 618/889/615 620/891/615
f 614/892/616 619/893/616 618/894/616
f 618/894/617 619/893/617 620/895/617
f 612/896/618 619/897/618 615/898/618
f 619/897/619 616/899/619 620/900/619
f 615/901/620 613/902/620 612/903/620
f 621/904/621 626/905/621 625/906/621
f 625/906/622 626/905/622 629/907/622
f 623/908/623 626/909/623 622/910/623
f 626/909/624 627/911/624 629/912/624
f 624/913/625 627/914/625 623/915/625
f 627/914/626 628/916/626 629/917/626
f 621/918/627 628/919/627 624/920/627
f 628/919/628 625/921/628 629/922/628
f 624/923/629 622/924/629 621/925/629
s 1
f 2/1/1 14/5/5 13/2/2
f 3/4/4 15/30/7 14/5/5
f 4/6/6 16/10/9 15/7/7
f 5/9/8 17/12/11 16/10/9
f 6/11/10 18/34/13 17/12/11
f 6/13/10 7/16/14 19/14/12
f 7/16/14 8/18/16 20/17/15
f 8/18/16 9/926/18 21/19/17
f 9/20/18 10/23/20 22/21/19
f 10/23/20 11/25/22 23/24/21
f 11/25/22 12/927/24 24/26/23
f 1/3/3 13/2/2 24/27/23
f 14/5/5 26/31/26 25/29/25
f 15/30/7 27/46/27 26/31/26
f 16/10/9 28/33/28 27/32/27
f 17/12/11 29/35/29 28/33/28
f 18/34/13 30/50/31 29/35/29
f 18/15/13 19/14/12 31/36/30
f 19/14/12 20/17/15 32/38/32
f 20/17/15 21/19/17 33/39/33
f 21/22/17 22/21/19 34/40/34
f 22/21/19 23/24/21 35/42/35
f 23/24/21 24/26/23 36/43/36
f 13/2/2 25/29/25 36/44/36
f 26/31/26 38/47/38 37/45/37
f 27/46/27 39/62/39 38/47/38
f 28/33/28 40/49/40 39/48/39
f 29/35/29 41/51/41 40/49/40
f 30/50/31 42/66/43 41/51/41
f 30/37/31 31/36/30 43/52/42
f 31/36/30 32/38/32 44/54/44
f 32/38/32 33/39/33 45/55/45
f 33/41/33 34/40/34 46/56/46
f 34/40/34 35/42/35 47/58/47
f 35/42/35 36/43/36 48/59/48
f 25/29/25 37/45/37 48/60/48
f 38/47/38 50/63/50 49/61/49
f 39/62/39 51/928/51 50/63/50
f 40/49/40 52/65/52 51/64/51
f 41/51/41 53/67/53 52/65/52
f 42/66/43 54/82/54 53/67/53
f 43/52/42 55/69/55 54/68/54
f 44/54/44 56/71/57 55/69/55
f 44/54/44 45/55/45 57/70/56
f 45/57/45 46/56/46 58/72/58
f 47/58/47 59/74/59 58/72/58
f 48/59/48 60/88/60 59/74/59
f 37/45/37 49/61/49 60/75/60
f 50/63/50 62/78/63 61/76/61
f 50/63/50 51/928/51 63/77/62
f 51/64/51 52/65/52 64/79/64
f 52/65/52 53/67/53 65/81/65
f 54/82/54 66/95/66 65/81/65
f 55/69/55 67/84/67 66/83/66
f 56/71/57 68/85/68 67/84/67
f 57/70/56 69/929/69 68/85/68
f 58/72/58 70/87/70 69/86/69
f 59/74/59 71/89/71 70/87/70
f 60/88/60 72/930/72 71/89/71
f 49/61/49 61/76/61 72/90/72
f 62/78/63 74/92/74 73/91/73
f 63/77/62 75/107/75 74/92/74
f 64/79/64 76/94/76 75/93/75
f 65/81/65 77/96/77 76/94/76
f 66/95/66 78/111/78 77/96/77
f 67/84/67 79/99/80 78/97/78
f 67/84/67 68/85/68 80/98/79
f 68/85/68 69/929/69 81/100/81
f 69/86/69 70/87/70 82/101/82
f 70/87/70 71/89/71 83/103/83
f 71/89/71 72/930/72 84/104/84
f 61/76/61 73/91/73 84/105/84
f 74/92/74 86/108/86 85/106/85
f 75/107/75 87/123/87 86/108/86
f 76/94/76 88/110/88 87/109/87
f 77/96/77 89/112/89 88/110/88
f 78/111/78 90/127/91 89/112/89
f 78/97/78 79/99/80 91/113/90
f 79/99/80 80/98/79 92/115/92
f 80/98/79 81/100/81 93/116/93
f 81/102/81 82/101/82 94/117/94
f 82/101/82 83/103/83 95/119/95
f 83/103/83 84/104/84 96/120/96
f 73/91/73 85/106/85 96/121/96
f 86/108/86 98/124/98 97/122/97
f 87/123/87 99/931/99 98/124/98
f 88/110/88 100/126/100 99/125/99
f 89/112/89 101/128/101 100/126/100
f 90/127/91 102/144/102 101/128/101
f 91/113/90 103/131/104 102/129/102
f 91/113/90 92/115/92 104/130/103
f 92/115/92 93/116/93 105/132/105
f 93/118/93 94/117/94 106/133/106
f 94/117/94 95/119/95 107/135/107
f 95/119/95 96/120/96 108/136/108
f 85/106/85 97/122/97 108/137/108
f 97/122/97 98/124/98 110/138/109
f 98/124/98 99/931/99 111/140/111
f 99/125/99 100/126/100 112/141/112
f 100/126/100 101/128/101 113/143/113
f 102/144/102 114/932/114 113/143/113
f 103/131/104 115/146/115 114/145/114
f 104/130/103 116/147/116 115/146/115
f 105/132/105 117/161/117 116/147/116
f 106/133/106 118/149/118 117/148/117
f 107/135/107 119/150/119 118/149/118
f 108/136/108 120/165/120 119/150/119
f 97/122/97 109/139/110 120/151/120
f 109/139/110 110/138/109 122/152/121
f 110/138/109 111/140/111 123/154/123
f 111/142/111 112/141/112 124/155/124
f 112/141/112 113/143/113 125/157/125
f 113/143/113 114/932/114 126/158/126
f 115/146/115 127/160/127 126/159/126
f 116/147/116 128/162/128 127/160/127
f 117/161/117 129/933/129 128/162/128
f 118/149/118 130/164/130 129/163/129
f 119/150/119 131/166/131 130/164/130
f 120/165/120 132/180/132 131/166/131
f 109/139/110 121/153/122 132/167/132
f 122/152/121 134/169/134 133/168/133
f 123/154/123 135/183/135 134/169/134
f 124/155/124 136/171/136 135/170/135
f 125/157/125 137/172/137 136/171/136
f 126/158/126 138/187/138 137/172/137
f 127/160/127 139/175/140 138/173/138
f 127/160/127 128/162/128 140/174/139
f 128/162/128 129/933/129 141/176/141
f 129/163/129 130/164/130 142/177/142
f 130/164/130 131/166/131 143/179/143
f 132/180/132 144/934/144 143/179/143
f 121/153/122 133/168/133 144/181/144
f 134/169/134 146/184/146 145/182/145
f 135/183/135 147/199/147 146/184/146
f 136/171/136 148/186/148 147/185/147
f 137/172/137 149/188/149 148/186/148
f 138/187/138 150/203/150 149/188/149
f 139/175/140 151/191/152 150/189/150
f 139/175/140 140/174/139 152/190/151
f 140/174/139 141/176/141 153/192/153
f 141/178/141 142/177/142 154/193/154
f 142/177/142 143/179/143 155/195/155
f 143/179/143 144/934/144 156/196/156
f 133/168/133 145/182/145 156/197/156
f 146/184/146 158/200/158 157/198/157
f 147/199/147 159/215/159 158/200/158
f 148/186/148 160/202/160 159/201/159
f 149/188/149 161/204/161 160/202/160
f 150/203/150 162/219/162 161/204/161
f 151/191/152 163/207/164 162/205/162
f 151/191/152 152/190/151 164/206/163
f 152/190/151 153/192/153 165/208/165
f 153/194/153 154/193/154 166/209/166
f 154/193/154 155/195/155 167/211/167
f 155/195/155 156/196/156 168/212/168
f 145/182/145 157/198/157 168/213/168
f 158/200/158 170/216/170 169/214/169
f 159/215/159 171/935/171 170/216/170
f 160/202/160 172/218/172 171/217/171
f 161/204/161 173/220/173 172/218/172
f 162/219/162 174/936/174 173/220/173
f 163/207/164 175/222/175 174/221/174
f 164/206/163 176/223/176 175/222/175
f 165/208/165 177/238/177 176/223/176
f 166/209/166 178/225/178 177/224/177
f 167/211/167 179/226/179 178/225/178
f 168/212/168 180/242/180 179/226/179
f 157/198/157 169/214/169 180/227/180
f 169/214/169 170/216/170 182/228/181
f 170/230/170 171/217/171 183/231/183
f 171/217/171 172/218/172 184/233/184
f 172/218/172 173/220/173 185/234/185
f 173/220/173 174/936/174 186/235/186
f 175/222/175 187/237/187 186/236/186
f 176/223/176 188/239/188 187/237/187
f 177/238/177 189/253/189 188/239/188
f 178/225/178 190/241/190 189/240/189
f 179/226/179 191/243/191 190/241/190
f 180/242/180 192/257/192 191/243/191
f 169/214/169 181/229/182 192/244/192
f 182/228/181 194/247/194 193/245/193
f 183/246/183 195/261/195 194/247/194
f 184/233/184 196/249/196 195/248/195
f 185/234/185 197/250/197 196/249/196
f 186/235/186 198/265/198 197/250/197
f 187/237/187 199/252/199 198/251/198
f 188/239/188 200/254/200 199/252/199
f 189/253/189 201/937/201 200/254/200
f 190/241/190 202/256/202 201/255/201
f 191/243/191 203/258/203 202/256/202
f 192/257/192 204/938/204 203/258/203
f 181/229/182 193/245/193 204/259/204
f 194/247/194 206/262/206 205/260/205
f 195/261/195 207/277/207 206/262/206
f 196/249/196 208/264/208 207/263/207
f 197/250/197 209/266/209 208/264/208
f 198/265/198 210/281/210 209/266/209
f 199/252/199 211/269/212 210/267/210
f 199/252/199 200/254/200 212/268/211
f 200/254/200 201/937/201 213/270/213
f 201/255/201 202/256/202 214/271/214
f 202/256/202 203/258/203 215/273/215
f 203/258/203 204/938/204 216/274/216
f 193/245/193 205/260/205 216/275/216
f 206/262/206 218/278/218 217/276/217
f 207/277/207 219/939/219 218/278/218
f 208/264/208 220/280/220 219/279/219
f 209/266/209 221/282/221 220/280/220
f 210/281/210 222/297/222 221/282/221
f 211/269/212 223/285/224 222/283/222
f 211/269/212 212/268/211 224/284/223
f 212/268/211 213/270/213 225/286/225
f 213/272/213 214/271/214 226/287/226
f 214/271/214 215/273/215 227/289/227
f 215/273/215 216/274/216 228/290/228
f 205/260/205 217/276/217 228/291/228
f 218/278/218 230/940/230 229/292/229
f 219/279/219 231/295/231 230/293/230
f 220/280/220 232/296/232 231/295/231
f 221/282/221 233/298/233 232/296/232
f 222/297/222 234/312/234 233/298/233
f 223/285/224 235/300/235 234/299/234
f 224/284/223 236/301/236 235/300/235
f 225/286/225 237/315/237 236/301/236
f 226/287/226 238/303/238 237/302/237
f 227/289/227 239/304/239 238/303/238
f 228/290/228 240/319/240 239/304/239
f 217/276/217 229/292/229 240/305/240
f 229/292/229 230/940/230 242/306/241
f 230/293/230 231/295/231 243/308/243
f 231/295/231 232/296/232 244/310/244
f 232/296/232 233/298/233 245/311/245
f 234/312/234 246/328/246 245/311/245
f 235/300/235 247/314/247 246/313/246
f 236/301/236 248/316/248 247/314/247
f 237/315/237 249/332/249 248/316/248
f 238/303/238 250/318/250 249/317/249
f 239/304/239 251/320/251 250/318/250
f 240/319/240 252/336/252 251/320/251
f 229/321/229 241/941/242 252/322/252
f 242/306/241 254/340/254 253/324/253
f 243/308/243 255/326/255 254/325/254
f 244/310/244 256/327/256 255/326/255
f 245/311/245 257/329/257 256/327/256
f 246/328/246 258/942/258 257/329/257
f 247/314/247 259/331/259 258/330/258
f 248/316/248 260/333/260 259/331/259
f 249/332/249 261/943/261 260/333/260
f 250/318/250 262/335/262 261/334/261
f 251/320/251 263/337/263 262/335/262
f 252/336/252 264/357/264 263/337/263
f 241/307/242 253/324/253 264/338/264
f 254/340/254 266/343/266 265/341/265
f 255/342/255 267/360/267 266/343/266
f 256/327/256 268/345/268 267/344/267
f 257/329/257 269/363/269 268/345/268
f 258/346/258 270/350/270 269/347/269
f 259/349/259 271/366/272 270/350/270
f 259/331/259 260/333/260 272/351/271
f 260/333/260 261/943/261 273/353/273
f 261/334/261 262/335/262 274/354/274
f 262/335/262 263/337/263 275/356/275
f 264/357/264 276/944/276 275/356/275
f 253/324/253 265/341/265 276/358/276
f 266/343/266 278/361/278 277/359/277
f 267/360/267 279/945/279 278/361/278
f 268/345/268 280/364/280 279/362/279
f 269/363/269 281/380/281 280/364/280
f 270/350/270 282/367/282 281/365/281
f 271/366/272 283/946/284 282/367/282
f 271/352/272 272/351/271 284/368/283
f 272/351/271 273/353/273 285/370/285
f 273/355/273 274/354/274 286/371/286
f 274/354/274 275/356/275 287/373/287
f 275/356/275 276/944/276 288/374/288
f 265/341/265 277/359/277 288/375/288
f 278/361/278 290/947/290 289/376/289
f 279/362/279 291/379/291 290/377/290
f 280/364/280 292/381/292 291/379/291
f 281/380/281 293/383/293 292/381/292
f 282/382/282 294/399/294 293/383/293
f 283/369/284 295/386/295 294/384/294
f 284/368/283 296/387/296 295/386/295
f 285/370/285 297/402/297 296/387/296
f 286/371/286 298/389/298 297/388/297
f 287/373/287 299/390/299 298/389/298
f 288/374/288 300/948/300 299/390/299
f 277/359/277 289/376/289 300/391/300
f 290/392/290 302/411/303 301/393/301
f 290/377/290 291/379/291 303/395/302
f 291/379/291 292/381/292 304/397/304
f 292/381/292 293/383/293 305/398/305
f 294/399/294 306/416/306 305/398/305
f 295/386/295 307/401/307 306/400/306
f 296/387/296 308/403/308 307/401/307
f 297/402/297 309/405/309 308/403/308
f 298/404/298 310/421/310 309/405/309
f 299/390/299 311/423/311 310/406/310
f 300/407/300 312/410/312 311/408/311
f 289/394/289 301/393/301 312/410/312
f 302/411/303 314/949/315 313/412/313
f 302/396/303 303/395/302 315/413/314
f 303/395/302 304/397/304 316/415/316
f 305/398/305 317/417/317 316/415/316
f 306/416/306 318/950/318 317/417/317
f 307/401/307 319/419/319 318/418/318
f 308/403/308 320/420/320 319/419/319
f 309/405/309 321/422/321 320/420/320
f 310/421/310 322/951/322 321/422/321
f 311/423/311 323/447/323 322/424/322
f 312/410/312 324/426/324 323/425/323
f 301/393/301 313/412/313 324/426/324
f 314/427/315 326/431/326 325/428/325
f 315/430/314 327/451/327 326/431/326
f 316/415/316 328/433/328 327/432/327
f 317/417/317 329/454/329 328/433/328
f 318/434/318 330/438/330 329/435/329
f 319/437/319 331/457/331 330/438/330
f 320/420/320 332/441/333 331/439/331
f 320/420/320 321/422/321 333/440/332
f 321/442/321 322/424/322 334/443/334
f 322/424/322 323/447/323 335/445/335
f 324/446/324 336/466/336 335/445/335
f 313/429/313 325/428/325 336/448/336
f 326/431/326 338/452/338 337/450/337
f 327/451/327 339/952/339 338/452/338
f 328/433/328 340/455/340 339/453/339
f 329/454/329 341/472/341 340/455/340
f 330/438/330 342/458/342 341/456/341
f 331/457/331 343/460/344 342/458/342
f 331/457/331 332/953/333 344/459/343
f 332/461/333 333/444/332 345/462/345
f 333/444/332 334/443/334 346/464/346
f 334/443/334 335/445/335 347/465/347
f 336/466/336 348/482/348 347/465/347
f 325/428/325 337/450/337 348/467/348
f 338/452/338 350/954/350 349/468/349
f 339/453/339 351/471/351 350/469/350
f 340/455/340 352/473/352 351/471/351
f 341/472/341 353/492/353 352/473/352
f 342/458/342 354/475/354 353/474/353
f 343/460/344 355/476/355 354/475/354
f 344/459/343 356/955/356 355/476/355
f 345/477/345 357/498/358 356/478/356
f 345/462/345 346/464/346 358/480/357
f 347/465/347 359/483/359 358/480/357
f 348/482/348 360/956/360 359/483/359
f 337/484/337 349/489/349 360/485/360
f 350/487/350 362/507/362 361/488/361
f 351/471/351 363/491/363 362/490/362
f 352/473/352 364/493/364 363/491/363
f 353/492/353 365/512/365 364/493/364
f 354/475/354 366/495/366 365/494/365
f 355/476/355 367/514/367 366/495/366
f 356/478/356 368/499/368 367/496/367
f 357/498/358 369/501/369 368/499/368
f 358/500/357 370/518/370 369/501/369
f 359/502/359 371/505/371 370/503/370
f 360/485/360 372/506/372 371/505/371
f 349/489/349 361/488/361 372/506/372
f 362/507/362 374/957/375 373/508/373
f 362/490/362 363/491/363 375/509/374
f 363/491/363 364/493/364 376/511/376
f 365/512/365 377/958/377 376/511/376
f 366/495/366 378/515/378 377/513/377
f 367/514/367 379/531/379 378/515/378
f 368/499/368 380/517/380 379/516/379
f 369/501/369 381/519/381 380/517/380
f 370/518/370 382/959/382 381/519/381
f 371/505/371 383/521/383 382/520/382
f 372/506/372 384/522/384 383/521/383
f 361/488/361 373/508/373 384/522/384
f 373/508/373 374/957/375 386/523/385
f 374/510/375 375/509/374 387/525/387
f 375/509/374 376/511/376 388/527/388
f 376/511/376 377/958/377 389/528/389
f 377/513/377 378/515/378 390/529/390
f 379/531/379 391/533/391 390/529/390
f 380/532/380 392/960/392 391/533/391
f 381/519/381 393/961/393 392/534/392
f 382/535/382 394/539/394 393/536/393
f 383/538/383 395/962/395 394/539/394
f 384/522/384 396/541/396 395/540/395
f 384/522/384 373/508/373 385/524/386
f 1/544/3 12/963/24 11/964/22
f 11/964/22 10/965/20 9/542/18
f 9/542/18 8/966/16 7/967/14
f 7/967/14 6/968/10 5/543/8
f 5/543/8 4/969/6 3/970/4
f 3/970/4 2/971/1 1/544/3
f 1/544/3 11/964/22 9/542/18
f 9/542/18 7/967/14 5/543/8
f 5/543/8 3/970/4 1/544/3
f 396/547/396 385/972/386 386/973/385
f 386/973/385 387/974/387 388/545/388
f 388/545/388 389/975/389 390/976/390
f 390/976/390 391/977/391 392/546/392
f 392/546/392 393/978/393 394/979/394
f 394/979/394 395/980/395 396/547/396
f 396/547/396 386/973/385 388/545/388
f 388/545/388 390/976/390 392/546/392
f 392/546/392 394/979/394 396/547/396
f 542/551/400 400/981/415 408/552/401
f 541/554/403 405/569/416 406/555/404
f 540/557/406 539/548/397 402/550/399
f 542/551/400 409/553/402 410/559/408
f 399/561/410 398/556/405 406/555/404
f 540/563/406 403/982/407 404/564/412
f 399/561/410 407/562/411 408/567/401
f 541/554/403 397/565/413 404/564/412
f 409/553/402 408/552/401 417/571/418
f 405/573/416 414/585/425 415/574/420
f 402/550/399 411/570/417 412/576/421
f 410/559/408 409/553/402 418/572/419
f 406/575/404 415/574/420 416/578/423
f 403/558/407 412/576/421 413/580/424
f 407/579/411 416/578/423 417/582/418
f 404/584/412 413/586/424 414/585/425
f 413/586/424 422/595/433 423/587/426
f 417/571/418 426/602/434 427/589/428
f 414/585/425 423/587/426 424/590/429
f 411/570/417 420/588/427 421/591/430
f 418/572/419 427/589/428 428/592/431
f 416/578/423 415/574/420 424/590/429
f 413/586/424 412/983/421 421/594/430
f 417/582/418 416/578/423 425/593/432
f 426/596/434 425/593/432 434/598/436
f 422/595/433 431/606/443 432/600/438
f 426/602/434 435/984/437 436/603/440
f 424/590/429 423/587/426 432/600/438
f 421/591/430 420/588/427 429/601/439
f 427/589/428 436/603/440 437/597/435
f 424/590/429 433/604/441 434/598/436
f 421/594/430 430/985/442 431/606/443
f 433/604/441 442/616/451 443/607/444
f 430/605/442 439/617/452 440/608/445
f 435/599/437 434/598/436 443/607/444
f 431/606/443 440/986/445 441/612/448
f 436/603/440 435/984/437 444/614/447
f 433/604/441 432/600/438 441/612/448
f 429/601/439 438/613/449 439/617/452
f 437/597/435 436/603/440 445/615/450
f 439/617/452 438/613/449 447/618/453
f 445/615/450 454/631/461 455/620/455
f 443/621/444 442/632/451 451/622/456
f 439/617/452 448/619/454 449/624/458
f 443/621/444 452/623/457 453/625/459
f 440/627/445 449/641/458 450/628/460
f 445/615/450 444/614/447 453/630/459
f 441/629/448 450/628/460 451/622/456
f 451/622/456 450/628/460 459/633/462
f 448/619/454 447/618/453 456/635/464
f 454/631/461 463/648/470 464/637/466
f 451/622/456 460/634/463 461/638/467
f 449/624/458 448/619/454 457/636/465
f 453/625/459 452/623/457 461/638/467
f 449/641/458 458/653/468 459/633/462
f 453/625/459 462/640/469 463/642/470
f 462/640/469 471/652/478 472/645/472
f 459/633/462 468/654/479 469/646/473
f 456/635/464 465/644/471 466/647/474
f 463/648/470 472/987/472 473/649/475
f 460/634/463 469/646/473 470/650/476
f 457/636/465 466/647/474 467/651/477
f 462/640/469 461/638/467 470/650/476
f 458/653/468 467/657/477 468/654/479
f 471/652/478 470/650/476 480/655/480
f 467/657/477 477/988/488 478/658/482
f 472/645/472 471/652/478 481/656/481
f 468/654/479 478/658/482 479/661/485
f 465/644/471 475/659/483 476/662/486
f 473/649/475 472/987/472 482/663/484
f 470/650/476 469/646/473 479/661/485
f 467/651/477 466/647/474 476/662/486
f 476/662/486 486/676/497 487/666/489
f 481/656/481 480/655/480 490/668/491
f 477/665/488 487/666/489 488/670/493
f 482/663/484 481/989/481 491/673/492
f 478/658/482 488/990/493 489/675/496
f 476/662/486 475/659/483 485/672/494
f 483/664/487 482/663/484 492/674/495
f 480/655/480 479/661/485 489/675/496
f 490/677/491 489/690/496 498/678/498
f 487/666/489 486/676/497 495/680/500
f 491/683/492 490/677/491 499/679/499
f 487/685/489 496/698/501 497/686/504
f 491/673/492 500/991/503 501/689/506
f 488/687/493 497/686/504 498/678/498
f 485/672/494 494/688/505 495/680/500
f 492/674/495 501/689/506 502/682/502
f 495/680/500 494/688/505 503/691/507
f 501/689/506 510/704/515 511/693/509
f 499/679/499 498/678/498 507/694/510
f 495/680/500 504/692/508 505/696/512
f 500/684/503 499/679/499 508/695/511
f 496/698/501 505/711/512 506/699/514
f 500/684/503 509/697/513 510/700/515
f 497/686/504 506/699/514 507/694/510
f 509/702/513 518/717/522 519/703/516
f 506/699/514 515/712/523 516/705/517
f 503/691/507 512/713/524 513/706/518
f 511/693/509 510/704/515 519/703/516
f 508/695/511 507/694/510 516/705/517
f 505/696/512 504/692/508 513/706/518
f 509/697/513 508/695/511 517/708/520
f 505/711/512 514/714/521 515/712/523
f 514/714/521 523/992/532 524/715/525
f 518/717/522 527/732/533 528/718/527
f 515/712/523 524/715/525 525/719/528
f 512/713/524 521/716/526 522/720/529
f 520/707/519 519/703/516 528/718/527
f 517/708/520 516/705/517 525/719/528
f 514/709/521 513/706/518 522/720/529
f 518/710/522 517/708/520 526/722/531
f 527/725/533 526/738/531 535/726/534
f 523/728/532 532/740/542 533/729/536
f 527/732/533 536/741/535 537/733/538
f 524/730/525 533/729/536 534/734/539
f 522/720/529 521/716/526 530/731/537
f 528/718/527 537/733/538 538/737/541
f 525/735/528 534/734/539 535/726/534
f 523/728/532 522/993/529 531/739/540
f 531/739/540 540/563/406 397/565/413
f 535/726/534 399/561/410 400/568/415
f 533/729/536 532/740/542 397/565/413
f 536/741/535 400/981/415 542/551/400
f 533/729/536 541/554/403 398/556/405
f 530/731/537 539/548/397 540/557/406
f 537/733/538 542/551/400 401/560/409
f 534/734/539 398/556/405 399/561/410
f 544/742/543 556/746/547 555/743/544
f 545/745/546 557/748/549 556/746/547
f 545/745/546 546/749/550 558/747/548
f 546/749/550 547/994/553 559/750/551
f 548/751/552 560/755/555 559/752/551
f 549/754/554 561/757/557 560/755/555
f 550/756/556 562/995/559 561/757/557
f 551/758/558 563/762/561 562/759/559
f 551/758/558 552/763/562 564/761/560
f 552/763/562 553/766/565 565/764/563
f 554/765/564 566/996/566 565/764/563
f 554/767/564 543/997/545 555/768/544
f 543/772/545 554/998/564 553/999/565
f 553/999/565 552/1000/562 551/770/558
f 551/770/558 550/1001/556 549/1002/554
f 549/1002/554 548/1003/552 547/771/553
f 547/771/553 546/1004/550 545/1005/546
f 545/1005/546 544/1006/543 543/772/545
f 543/772/545 553/999/565 551/770/558
f 551/770/558 549/1002/554 547/771/553
f 547/771/553 545/1005/546 543/772/545
f 566/774/566 555/743/544 556/746/547
f 556/746/547 557/748/549 558/747/548
f 558/747/548 559/750/551 560/1007/555
f 560/1007/555 561/1008/557 562/773/559
f 562/773/559 563/1009/561 564/1010/560
f 564/1010/560 565/1011/563 566/774/566
f 566/774/566 556/746/547 558/747/548
f 558/747/548 560/1007/555 562/773/559
f 562/773/559 564/1010/560 566/774/566
s 0
f 568/775/567 572/782/567 571/776/567
f 569/781/569 573/1012/569 572/782/569
f 570/786/571 574/1013/571 573/787/571
f 570/792/573 567/1014/573 571/793/573
f 570/794/575 569/1015/575 568/795/575
f 577/797/576 581/804/576 580/798/576
f 578/803/578 582/1016/578 581/804/578
f 578/808/580 579/1017/580 583/809/580
f 576/814/582 580/816/582 583/812/582
f 578/817/584 577/1018/584 576/818/584
f 585/820/585 586/1019/585 590/821/585
f 587/824/587 591/827/587 590/825/587
f 587/829/589 588/1020/589 592/830/589
f 588/835/591 585/1021/591 589/836/591
f 587/837/593 586/1022/593 585/838/593
f 594/840/594 595/1023/594 599/841/594
f 596/844/596 600/847/596 599/845/596
f 597/849/598 601/1024/598 600/850/598
f 597/855/600 594/860/600 598/856/600
f 597/855/602 596/1025/602 595/859/602
f 604/861/603 608/864/603 607/862/603
f 605/866/605 609/869/605 608/867/605
f 606/871/607 610/874/607 609/872/607
f 606/876/609 603/1026/609 607/877/609
f 605/880/611 604/1027/611 603/881/611
f 613/883/612 617/886/612 616/884/612
f 613/888/614 614/1028/614 618/889/614
f 614/892/616 615/1029/616 619/893/616
f 612/896/618 616/899/618 619/897/618
f 615/901/620 614/1030/620 613/902/620
f 621/904/621 622/1031/621 626/905/621
f 623/908/623 627/911/623 626/909/623
f 624/913/625 628/916/625 627/914/625
f 621/918/627 625/921/627 628/919/627
f 624/923/629 623/1032/629 622/924/629
