# Blender 4.3.2
# www.blender.org
o ice_crystal_2
v 0.000000 -0.107358 0.000000
v 0.319503 -0.079240 0.220524
v -0.133788 -0.084944 0.391175
v -0.371182 -0.075678 0.000000
v -0.108098 -0.072473 -0.316061
v 0.266682 -0.069446 -0.184066
v 0.128847 0.042546 0.376729
v -0.253572 0.027015 0.175017
v -0.289214 0.033624 -0.199617
v 0.110504 0.033642 -0.323098
v 0.318609 0.027792 0.000000
v 0.000000 0.092509 0.000000
v -0.123028 -0.098798 0.359715
v -0.099045 -0.100587 0.289592
v -0.085677 -0.102608 0.250508
v -0.068316 -0.104097 0.199745
v -0.049812 -0.105144 0.145642
v -0.031493 -0.105676 0.092081
v -0.015852 -0.107222 0.046350
v 0.037319 -0.105284 0.025758
v 0.077562 -0.104628 0.053534
v 0.127965 -0.104822 0.088322
v 0.189256 -0.105033 0.130626
v 0.238546 -0.103535 0.164646
v 0.275140 -0.101356 0.189904
v 0.319225 -0.098095 0.220332
v 0.264212 -0.079218 0.237472
v 0.225480 -0.083875 0.274517
v 0.141088 -0.074299 0.248980
v 0.098281 -0.078968 0.287348
v 0.050104 -0.088169 0.351788
v -0.013489 -0.088580 0.373629
v -0.072964 -0.084664 0.370890
v 0.303669 -0.076304 -0.157196
v 0.338525 -0.082767 -0.116826
v 0.340555 -0.083143 -0.058763
v 0.368277 -0.088283 0.000000
v 0.353416 -0.085528 0.060983
v 0.355986 -0.086004 0.122852
v 0.345673 -0.084092 0.178940
v 0.039523 -0.106304 -0.027279
v 0.092497 -0.107829 -0.063842
v 0.128754 -0.104926 -0.088867
v 0.175950 -0.103836 -0.121442
v 0.196556 -0.100801 -0.135664
v 0.210698 -0.088184 -0.145425
v 0.229397 -0.076120 -0.158331
v -0.355476 -0.090355 0.000000
v -0.305674 -0.100004 0.000000
v -0.233726 -0.100314 0.000000
v -0.202586 -0.102751 0.000000
v -0.162362 -0.105268 0.000000
v -0.106350 -0.106445 0.000000
v -0.049215 -0.106440 0.000000
v -0.167705 -0.083624 0.335321
v -0.203713 -0.083429 0.286535
v -0.213338 -0.076327 0.212044
v -0.235560 -0.073986 0.162587
v -0.319746 -0.084737 0.146223
v -0.372630 -0.087567 0.101743
v -0.409978 -0.087311 0.050679
v -0.112639 -0.092144 -0.329341
v -0.103310 -0.101129 -0.302064
v -0.083940 -0.102312 -0.245429
v -0.066977 -0.103782 -0.195830
v -0.048706 -0.104763 -0.142409
v -0.035295 -0.107810 -0.103198
v -0.017134 -0.108776 -0.050098
v -0.355205 -0.078318 -0.043908
v -0.318684 -0.077785 -0.087014
v -0.299479 -0.080634 -0.136955
v -0.232925 -0.073382 -0.160768
v -0.204844 -0.074084 -0.203601
v -0.176981 -0.075105 -0.248935
v -0.150486 -0.077092 -0.300893
v -0.062936 -0.075776 -0.319915
v -0.010569 -0.073735 -0.292755
v 0.042553 -0.077895 -0.298769
v 0.090808 -0.074485 -0.265500
v 0.125274 -0.068213 -0.221072
v 0.174517 -0.069438 -0.212471
v 0.213002 -0.067740 -0.191444
v 0.325323 0.017494 0.023262
v 0.365627 0.008797 0.053599
v 0.310360 -0.007464 0.070001
v 0.333854 -0.020000 0.103050
v 0.369107 -0.035718 0.146276
v 0.375153 -0.052841 0.183377
v 0.363607 -0.069114 0.213299
v 0.289991 -0.059170 -0.170114
v 0.367570 -0.052177 -0.179671
v 0.373588 -0.035909 -0.148051
v 0.377556 -0.020000 -0.116540
v 0.363496 -0.005317 -0.081986
v 0.350995 0.007645 -0.051454
v 0.344598 0.019716 -0.024641
v 0.113284 0.034991 0.441633
v 0.073032 0.015452 0.427070
v 0.033922 -0.003533 0.396735
v -0.000000 -0.020000 0.363969
v -0.033858 -0.036436 0.395988
v -0.060957 -0.049590 0.356456
v -0.099573 -0.068336 0.388184
v 0.331545 -0.069964 0.267152
v 0.297528 -0.052623 0.280413
v 0.315112 -0.039013 0.348722
v 0.297490 -0.020000 0.388986
v 0.238907 -0.001956 0.372466
v 0.190659 0.012948 0.359002
v 0.165925 0.030246 0.384256
v -0.288794 0.019008 0.169413
v -0.293751 0.005715 0.143587
v -0.327279 -0.006063 0.129699
v -0.293366 -0.020000 0.090553
v -0.315766 -0.032755 0.071221
v -0.349381 -0.047518 0.051218
v -0.393297 -0.065328 0.028123
v -0.146850 -0.064469 0.340081
v -0.171942 -0.049713 0.323759
v -0.201111 -0.035189 0.313541
v -0.223014 -0.020000 0.291604
v -0.255342 -0.004593 0.282577
v -0.249449 0.007352 0.235100
v -0.239090 0.016031 0.192654
v -0.258146 0.018903 -0.208009
v -0.248150 0.007209 -0.233875
v -0.235289 -0.005803 -0.260385
v -0.248855 -0.020000 -0.325394
v -0.220825 -0.036678 -0.344276
v -0.180819 -0.051247 -0.340473
v -0.159377 -0.068263 -0.369093
v -0.369712 -0.062610 -0.026436
v -0.392547 -0.050917 -0.057546
v -0.359753 -0.034532 -0.081142
v -0.356453 -0.020000 -0.110026
v -0.368948 -0.004289 -0.146212
v -0.377563 0.013052 -0.184555
v -0.326677 0.024125 -0.191635
v 0.147873 0.024779 -0.342449
v 0.183940 0.011786 -0.346349
v 0.198444 -0.005012 -0.309382
v 0.218160 -0.020000 -0.285258
v 0.240938 -0.034538 -0.266636
v 0.242819 -0.046625 -0.228851
v 0.281016 -0.062350 -0.226437
v -0.086998 -0.062231 -0.339159
v -0.058690 -0.048489 -0.343199
v -0.030180 -0.034650 -0.352969
v 0.000000 -0.020000 -0.361759
v 0.028352 -0.006237 -0.331588
v 0.056436 0.007396 -0.330022
v 0.084047 0.020799 -0.327654
v 0.330465 0.034256 0.040850
v 0.377860 0.048515 0.103171
v 0.338559 0.048546 0.154826
v 0.290098 0.046485 0.200230
v 0.265744 0.050163 0.264132
v 0.199138 0.042004 0.280101
v 0.157547 0.039770 0.315011
v 0.075915 0.047279 0.385888
v 0.013551 0.048896 0.375350
v -0.050881 0.049227 0.357247
v -0.104737 0.042842 0.306226
v -0.140184 0.033951 0.247384
v -0.202973 0.037499 0.247115
v -0.217220 0.028686 0.195236
v -0.323393 0.039961 0.167406
v -0.346783 0.044298 0.119676
v -0.341944 0.043401 0.059003
v -0.327330 0.040691 -0.000000
v -0.336780 0.042443 -0.058112
v -0.346346 0.044217 -0.119525
v -0.304163 0.036396 -0.157452
v -0.254939 0.037139 -0.229137
v -0.205852 0.038315 -0.250620
v -0.151733 0.038396 -0.267765
v -0.121871 0.053122 -0.356319
v -0.051230 0.049702 -0.359698
v 0.012162 0.041833 -0.336872
v 0.063601 0.036365 -0.323293
v 0.156808 0.039490 -0.313533
v 0.211244 0.045773 -0.297128
v 0.250561 0.046154 -0.249041
v 0.268915 0.041630 -0.185608
v 0.321077 0.045006 -0.146832
v 0.349656 0.043401 -0.095470
v 0.364609 0.039862 -0.045071
v 0.013278 0.087330 0.038822
v 0.026940 0.080802 0.078768
v 0.046033 0.085622 0.134592
v 0.068509 0.087618 0.200309
v 0.080608 0.071627 0.235687
v 0.093867 0.059528 0.274453
v 0.119020 0.056231 0.347997
v 0.339736 0.047239 0.000000
v 0.266967 0.049893 0.000000
v 0.237685 0.063486 0.000000
v 0.193425 0.073891 0.000000
v 0.131434 0.073189 0.000000
v 0.108944 0.105965 0.000000
v 0.047115 0.097688 0.000000
v -0.032635 0.080762 0.022525
v -0.066598 0.075181 0.045966
v -0.107376 0.074105 0.074112
v -0.147781 0.068670 0.102000
v -0.210709 0.071483 0.145433
v -0.229263 0.054192 0.158239
v -0.249529 0.041045 0.172227
v -0.039508 0.101985 -0.027269
v -0.079372 0.093438 -0.054783
v -0.143407 0.105682 -0.098981
v -0.208925 0.105356 -0.144201
v -0.263328 0.094329 -0.181751
v -0.267555 0.066584 -0.184668
v -0.265076 0.044848 -0.182957
v 0.015108 0.102127 -0.044174
v 0.034238 0.108110 -0.100106
v 0.050285 0.095378 -0.147025
v 0.069319 0.088891 -0.202678
v 0.077720 0.068344 -0.227243
v 0.090004 0.056255 -0.263159
v 0.099990 0.044042 -0.292354
v 0.071194 0.105770 -0.049139
v 0.113252 0.084327 -0.044314
v 0.090095 0.098439 -0.100617
v 0.147317 0.066442 -0.040224
v 0.143400 0.086353 -0.098977
v 0.109258 0.090087 -0.153678
v 0.224204 0.071379 -0.047010
v 0.209882 0.081880 -0.104824
v 0.175046 0.085029 -0.162097
v 0.128408 0.080855 -0.207539
v 0.289814 0.065750 -0.049321
v 0.267231 0.070899 -0.104566
v 0.223775 0.069511 -0.154453
v 0.180297 0.067520 -0.201355
v 0.146932 0.070688 -0.260806
v 0.340049 0.054673 -0.048698
v 0.312467 0.057055 -0.100503
v 0.277471 0.058021 -0.152645
v 0.233705 0.056435 -0.199387
v 0.207880 0.061241 -0.264905
v 0.166213 0.060683 -0.315704
v -0.025650 0.098630 -0.074994
v -0.012118 0.114951 -0.150071
v -0.078376 0.107356 -0.120962
v 0.006101 0.080374 -0.168984
v -0.061329 0.099079 -0.179312
v -0.129302 0.098534 -0.157422
v 0.022074 0.070785 -0.215682
v -0.031872 0.061007 -0.176533
v -0.103099 0.080091 -0.198453
v -0.178396 0.087039 -0.191195
v 0.034170 0.052924 -0.235642
v -0.021001 0.066361 -0.260087
v -0.066241 0.049368 -0.193671
v -0.143924 0.066355 -0.222124
v -0.236710 0.079525 -0.234136
v 0.047534 0.043017 -0.271975
v -0.003581 0.047982 -0.276471
v -0.065589 0.056295 -0.291274
v -0.116987 0.050193 -0.250491
v -0.175539 0.050964 -0.235565
v -0.244757 0.054607 -0.229073
v -0.077137 0.090244 0.000000
v -0.130375 0.094260 -0.029995
v -0.125408 0.089908 0.028853
v -0.196252 0.097753 -0.067727
v -0.194800 0.096881 0.000000
v -0.174707 0.084825 0.060292
v -0.247336 0.087386 -0.102428
v -0.260970 0.093305 -0.036025
v -0.262048 0.093773 0.036173
v -0.198084 0.066002 0.082031
v -0.285662 0.072443 -0.131444
v -0.286106 0.072587 -0.065824
v -0.296739 0.076028 0.000000
v -0.265816 0.066021 0.061156
v -0.238058 0.057038 0.109540
v -0.321705 0.058702 -0.158602
v -0.294743 0.052106 -0.087186
v -0.306735 0.055040 -0.030244
v -0.295894 0.052388 0.029175
v -0.334722 0.061886 0.099012
v -0.299345 0.053232 0.147579
v -0.020316 0.073961 0.059399
v -0.064186 0.084298 0.099061
v -0.009818 0.089339 0.121590
v -0.109862 0.080713 0.133755
v -0.052585 0.082102 0.153746
v 0.007510 0.103566 0.208029
v -0.172833 0.083701 0.185233
v -0.102326 0.079341 0.196966
v -0.040130 0.081994 0.222270
v 0.026358 0.088405 0.257543
v -0.179391 0.055425 0.177440
v -0.138748 0.063249 0.214137
v -0.075421 0.058982 0.220511
v -0.022638 0.073093 0.280360
v 0.040964 0.067425 0.282497
v -0.212026 0.044629 0.198439
v -0.165926 0.047077 0.222665
v -0.117960 0.050776 0.252574
v -0.061179 0.051166 0.271692
v -0.004213 0.059974 0.325238
v 0.057251 0.055898 0.327570
v 0.061402 0.088471 0.042380
v 0.073291 0.076349 0.081851
v 0.113105 0.084193 0.044257
v 0.093299 0.074007 0.131232
v 0.119259 0.068448 0.082314
v 0.164264 0.076387 0.044851
v 0.111379 0.067480 0.180016
v 0.142573 0.065545 0.132026
v 0.184232 0.069429 0.092013
v 0.197718 0.060584 0.041457
v 0.130176 0.060346 0.231065
v 0.168245 0.061669 0.187895
v 0.231934 0.072775 0.160085
v 0.246267 0.063768 0.096363
v 0.286699 0.064829 0.048791
v 0.143388 0.049604 0.272351
v 0.168814 0.045973 0.215122
v 0.232906 0.056173 0.198705
v 0.293514 0.062533 0.161471
v 0.329228 0.061188 0.105894
v 0.340183 0.054702 0.048717
v 0.356958 0.025134 -0.073311
v 0.374004 0.012395 -0.109078
v 0.382822 0.033608 -0.140892
v 0.379370 -0.003104 -0.145228
v 0.377656 0.016336 -0.177064
v 0.336486 0.032796 -0.191757
v 0.358884 -0.020000 -0.172012
v 0.366735 -0.001800 -0.211251
v 0.311442 0.013700 -0.214961
v 0.317238 0.036593 -0.262363
v 0.308589 -0.034570 -0.179470
v 0.315724 -0.020000 -0.217916
v 0.305954 -0.002857 -0.250614
v 0.299810 0.017059 -0.292194
v 0.243542 0.030341 -0.283916
v 0.308098 -0.049995 -0.212652
v 0.276563 -0.034651 -0.224593
v 0.289725 -0.020000 -0.277434
v 0.270362 -0.002606 -0.306661
v 0.261068 0.017627 -0.353327
v 0.193104 0.027445 -0.315211
v 0.036667 0.024836 -0.342886
v 0.006408 0.012579 -0.373723
v -0.022207 0.032323 -0.380081
v -0.028590 -0.002846 -0.393559
v -0.069669 0.021801 -0.455477
v -0.101797 0.041078 -0.420258
v -0.057524 -0.020000 -0.354133
v -0.099513 -0.001549 -0.402089
v -0.120500 0.014136 -0.352315
v -0.143333 0.029274 -0.320143
v -0.089420 -0.035453 -0.354524
v -0.136209 -0.020000 -0.398248
v -0.160697 -0.002380 -0.363714
v -0.147699 0.007385 -0.266891
v -0.177631 0.022791 -0.261614
v -0.116539 -0.049704 -0.340739
v -0.152450 -0.036025 -0.349216
v -0.196432 -0.020000 -0.362674
v -0.208810 -0.003746 -0.316814
v -0.216077 0.009776 -0.273066
v -0.242072 0.024883 -0.257194
v -0.355103 0.027965 -0.148794
v -0.347946 0.010459 -0.113386
v -0.391605 0.032895 -0.098453
v -0.391940 -0.003310 -0.093195
v -0.366211 0.012058 -0.059669
v -0.344165 0.026488 -0.028842
v -0.376720 -0.020000 -0.058141
v -0.371367 -0.004186 -0.029434
v -0.358861 0.011415 0.000000
v -0.295396 0.019900 0.024755
v -0.357526 -0.034442 -0.026880
v -0.341138 -0.020000 0.000000
v -0.328942 -0.005992 0.026072
v -0.315397 0.007610 0.051389
v -0.319733 0.023187 0.080384
v -0.376169 -0.049627 0.000000
v -0.355369 -0.034354 0.026718
v -0.342224 -0.020000 0.052817
v -0.312975 -0.006672 0.074419
v -0.354344 0.011019 0.115471
v -0.341117 0.026076 0.142933
v -0.206787 0.018341 0.219705
v -0.219749 0.010282 0.277706
v -0.156718 0.017753 0.230813
v -0.201777 -0.004294 0.306143
v -0.191696 0.015543 0.346394
v -0.120667 0.021482 0.269516
v -0.195360 -0.020000 0.360694
v -0.160659 -0.002384 0.363628
v -0.127285 0.016058 0.372151
v -0.088237 0.032942 0.364276
v -0.140053 -0.034722 0.320817
v -0.122579 -0.020000 0.358395
v -0.097305 -0.001959 0.393166
v -0.063405 0.018043 0.414522
v -0.024099 0.036779 0.412453
v -0.119295 -0.050406 0.348797
v -0.088603 -0.035311 0.351284
v -0.069219 -0.020000 0.426133
v -0.033313 -0.000012 0.458578
v 0.007341 0.017325 0.428165
v 0.044938 0.034950 0.420232
v 0.202073 0.029649 0.329851
v 0.230627 0.013239 0.312128
v 0.251571 0.032001 0.293276
v 0.299711 -0.000718 0.339951
v 0.286095 0.015364 0.278828
v 0.280624 0.030061 0.232082
v 0.343872 -0.020000 0.329284
v 0.321538 -0.001984 0.263380
v 0.296628 0.012097 0.204737
v 0.312394 0.029016 0.178028
v 0.329557 -0.037458 0.267630
v 0.340788 -0.020000 0.235216
v 0.344554 -0.002901 0.198475
v 0.360993 0.014733 0.169252
v 0.354109 0.029587 0.130325
v 0.338441 -0.052949 0.233595
v 0.329561 -0.035560 0.191668
v 0.358513 -0.020000 0.171836
v 0.321765 -0.005670 0.123177
v 0.285405 0.004721 0.083239
v 0.361145 0.025663 0.074171
v 0.123569 0.011495 -0.361294
v 0.154605 -0.003749 -0.354151
v 0.095092 -0.003567 -0.377008
v 0.189674 -0.020000 -0.350197
v 0.134248 -0.020000 -0.392515
v 0.062583 -0.020000 -0.385280
v 0.209302 -0.036292 -0.317561
v 0.166313 -0.038236 -0.376424
v 0.097565 -0.038090 -0.394217
v 0.028533 -0.037120 -0.392768
v 0.208022 -0.048666 -0.262886
v 0.164032 -0.050414 -0.296405
v 0.108668 -0.050784 -0.317720
v 0.061276 -0.056765 -0.400601
v -0.007152 -0.056364 -0.417144
v 0.234961 -0.063565 -0.249639
v 0.187075 -0.065066 -0.275523
v 0.123202 -0.062354 -0.275180
v 0.065220 -0.059132 -0.269255
v 0.018959 -0.064670 -0.324491
v -0.035050 -0.062858 -0.327759
v -0.297908 0.009003 -0.205619
v -0.282317 -0.005044 -0.229266
v -0.340906 -0.003904 -0.198266
v -0.297360 -0.020000 -0.284745
v -0.333684 -0.020000 -0.230313
v -0.304391 -0.020000 -0.145895
v -0.282024 -0.038144 -0.319889
v -0.317951 -0.037816 -0.260443
v -0.316680 -0.035716 -0.182419
v -0.317360 -0.034134 -0.121490
v -0.224536 -0.052361 -0.303885
v -0.261749 -0.052354 -0.255101
v -0.276925 -0.049965 -0.191138
v -0.272534 -0.046222 -0.127778
v -0.367772 -0.051856 -0.107261
v -0.191772 -0.067118 -0.313037
v -0.197536 -0.060832 -0.230284
v -0.243870 -0.063505 -0.201687
v -0.263732 -0.061381 -0.150297
v -0.305940 -0.062842 -0.112598
v -0.373942 -0.067281 -0.076800
v -0.283842 0.007633 0.195910
v -0.334635 -0.004201 0.194618
v -0.295961 -0.004321 0.240347
v -0.301276 -0.020000 0.144402
v -0.320469 -0.020000 0.221192
v -0.269849 -0.020000 0.258401
v -0.316186 -0.034082 0.121041
v -0.346433 -0.037193 0.199557
v -0.312484 -0.037509 0.255964
v -0.251526 -0.036182 0.285297
v -0.354425 -0.050699 0.103368
v -0.369267 -0.055529 0.173131
v -0.312321 -0.053795 0.215569
v -0.274937 -0.053985 0.267954
v -0.233382 -0.053636 0.315857
v -0.411364 -0.072013 0.084485
v -0.383067 -0.073643 0.140983
v -0.308985 -0.068481 0.176086
v -0.259449 -0.066284 0.214571
v -0.236935 -0.068976 0.276215
v -0.196638 -0.068314 0.320981
v 0.142070 0.016211 0.415387
v 0.099994 -0.002720 0.396446
v 0.172141 -0.001906 0.394320
v 0.059276 -0.020000 0.364917
v 0.138131 -0.020000 0.403868
v 0.196139 -0.020000 0.362133
v 0.024505 -0.034703 0.337320
v 0.085433 -0.035840 0.345196
v 0.167104 -0.038323 0.378215
v 0.245954 -0.039145 0.373170
v -0.006957 -0.055373 0.405771
v 0.055302 -0.053181 0.361548
v 0.114600 -0.052464 0.335064
v 0.172285 -0.051944 0.311317
v 0.274810 -0.057870 0.347289
v -0.039939 -0.068836 0.373479
v 0.023892 -0.076292 0.408911
v 0.086974 -0.072185 0.359065
v 0.134608 -0.066274 0.300655
v 0.211640 -0.070984 0.311701
v 0.258811 -0.067987 0.274979
v 0.358000 0.008196 0.000000
v 0.327337 -0.006778 0.024610
v 0.353541 -0.005719 -0.026580
v 0.352461 -0.020000 0.054397
v 0.340114 -0.020000 0.000000
v 0.344067 -0.020000 -0.053101
v 0.360448 -0.035349 0.085707
v 0.377770 -0.036087 0.029942
v 0.454089 -0.039337 -0.035991
v 0.388486 -0.036543 -0.092373
v 0.385268 -0.053726 0.125548
v 0.345818 -0.050273 0.056346
v 0.406620 -0.055595 0.000000
v 0.398817 -0.054912 -0.064981
v 0.384509 -0.053660 -0.125300
v 0.386429 -0.072196 0.161919
v 0.383255 -0.071768 0.096354
v 0.389618 -0.072627 0.032651
v 0.378778 -0.071163 -0.031743
v 0.381389 -0.071515 -0.095884
v 0.372509 -0.070316 -0.156087
v 0.193996 -0.079133 -0.181565
v 0.198102 -0.100494 -0.195948
v 0.158348 -0.084014 -0.212495
v 0.174825 -0.103734 -0.187368
v 0.147449 -0.101270 -0.227566
v 0.117428 -0.090457 -0.251435
v 0.126772 -0.105432 -0.154343
v 0.109614 -0.103962 -0.210995
v 0.082076 -0.100893 -0.239971
v 0.058794 -0.088392 -0.261101
v 0.081647 -0.107901 -0.126011
v 0.062307 -0.106147 -0.182170
v 0.039853 -0.103194 -0.220737
v 0.019644 -0.100117 -0.243286
v 0.003492 -0.086298 -0.269622
v 0.028848 -0.108013 -0.084344
v 0.012230 -0.108430 -0.151461
v -0.007353 -0.106145 -0.203656
v -0.022829 -0.102083 -0.223053
v -0.043152 -0.101814 -0.297587
v -0.052389 -0.089452 -0.299752
v -0.138578 -0.087269 -0.263214
v -0.138681 -0.100839 -0.246160
v -0.175699 -0.088664 -0.223894
v -0.133044 -0.103674 -0.215031
v -0.199146 -0.102500 -0.222405
v -0.221804 -0.092542 -0.189232
v -0.104324 -0.103767 -0.146738
v -0.161998 -0.102580 -0.150014
v -0.218136 -0.101088 -0.150560
v -0.250231 -0.090362 -0.137659
v -0.095040 -0.106741 -0.106139
v -0.155298 -0.105276 -0.107189
v -0.187280 -0.101636 -0.093535
v -0.249402 -0.100725 -0.097589
v -0.306855 -0.095671 -0.098697
v -0.076478 -0.108266 -0.052786
v -0.127154 -0.105570 -0.049754
v -0.178189 -0.103684 -0.048653
v -0.221271 -0.101528 -0.046395
v -0.250644 -0.094160 -0.042655
v -0.337926 -0.094206 -0.048393
v -0.370005 -0.100188 0.052987
v -0.295686 -0.101123 0.050320
v -0.341071 -0.100616 0.109703
v -0.215799 -0.101193 0.045248
v -0.276205 -0.102093 0.108077
v -0.273714 -0.096965 0.150577
v -0.171214 -0.103070 0.046749
v -0.195196 -0.102213 0.097490
v -0.209781 -0.100587 0.144794
v -0.190355 -0.082256 0.162402
v -0.125601 -0.105356 0.049147
v -0.143719 -0.103988 0.099197
v -0.178264 -0.104044 0.165077
v -0.170620 -0.100423 0.190547
v -0.177164 -0.089236 0.225761
v -0.073675 -0.107523 0.050852
v -0.079425 -0.103662 0.088702
v -0.107768 -0.104288 0.151583
v -0.123450 -0.102544 0.199527
v -0.135450 -0.100540 0.240424
v -0.152910 -0.094226 0.290437
v 0.261083 -0.083871 -0.128715
v 0.274387 -0.087126 -0.081165
v 0.233650 -0.095611 -0.107511
v 0.293752 -0.091864 -0.028964
v 0.238261 -0.097104 -0.054816
v 0.202821 -0.101209 -0.083993
v 0.322995 -0.099018 0.031848
v 0.256142 -0.100434 0.000000
v 0.232645 -0.103151 -0.032114
v 0.180962 -0.104287 -0.062450
v 0.325736 -0.099688 0.096354
v 0.271077 -0.101158 0.062367
v 0.233335 -0.103196 0.032210
v 0.192233 -0.105301 0.000000
v 0.127027 -0.104699 -0.029225
v 0.341399 -0.100528 0.168312
v 0.290234 -0.102088 0.133548
v 0.227675 -0.102827 0.094286
v 0.198749 -0.105887 0.068589
v 0.126079 -0.104574 0.029007
v 0.080375 -0.105231 0.000000
v -0.060316 -0.099961 0.345105
v -0.044089 -0.102114 0.304052
v 0.004152 -0.098809 0.320502
v -0.023943 -0.102771 0.233943
v 0.021802 -0.101448 0.270010
v 0.071085 -0.100403 0.315680
v -0.007167 -0.105689 0.198536
v 0.036447 -0.101895 0.201867
v 0.081739 -0.100840 0.238984
v 0.120372 -0.092223 0.257738
v 0.009446 -0.103779 0.116977
v 0.057795 -0.104832 0.168977
v 0.098324 -0.102318 0.189262
v 0.133081 -0.099849 0.205390
v 0.176963 -0.091539 0.237476
v 0.023715 -0.104452 0.069337
v 0.071402 -0.105403 0.110197
v 0.123793 -0.105022 0.150715
v 0.157375 -0.102164 0.168666
v 0.192638 -0.100149 0.190543
v 0.252774 -0.097050 0.236576
v -0.110559 -0.200000 0.001782
v -0.177699 -0.200000 0.116861
v -0.062621 -0.200000 0.184001
v 0.004519 -0.200000 0.068922
v -0.110559 0.115005 0.001782
v -0.177699 0.115005 0.116861
v -0.062621 0.115005 0.184001
v 0.004519 0.115005 0.068922
v -0.086590 1.550030 0.092891
v -0.028821 -0.202762 -0.004407
v 0.060287 -0.189490 -0.009678
v 0.049452 -0.148341 -0.089260
v -0.039656 -0.161612 -0.083990
v -0.049706 -0.024875 0.090416
v 0.039402 -0.011604 0.085146
v 0.028566 0.029546 0.005563
v -0.060542 0.016275 0.010833
v -0.105716 0.812709 0.479961
v -0.025586 -0.152287 0.024335
v 0.075792 -0.172464 -0.032739
v 0.015440 -0.214804 -0.124972
v -0.085939 -0.194627 -0.067898
v -0.034273 0.047784 -0.061823
v 0.067106 0.027607 -0.118897
v 0.006753 -0.014732 -0.211131
v -0.094625 0.005444 -0.154056
v -0.053332 0.927962 -0.528975
v 0.024940 -0.209585 0.046096
v 0.055313 -0.181228 -0.038100
v -0.031952 -0.155008 -0.060749
v -0.062325 -0.183364 0.023448
v 0.056727 -0.046425 0.112514
v 0.087099 -0.018068 0.028318
v -0.000166 0.008153 0.005669
v -0.030538 -0.020204 0.089866
v 0.173087 0.724149 0.361662
v 0.085792 -0.158073 0.045589
v 0.072495 -0.154983 -0.066406
v -0.028909 -0.203272 -0.055700
v -0.015612 -0.206362 0.056295
v -0.005866 0.038014 0.061881
v -0.019162 0.041104 -0.050114
v -0.120566 -0.007185 -0.039407
v -0.107270 -0.010275 0.072588
v -0.480765 0.908699 0.085457
v 0.116886 -0.132328 -0.095290
v -0.015453 -0.160552 -0.131739
v -0.037095 -0.220348 -0.006859
v 0.095244 -0.192123 0.029590
v 0.065133 0.024774 -0.029035
v -0.067206 -0.003450 -0.065484
v -0.088848 -0.063245 0.059396
v 0.043491 -0.035021 0.095845
v -0.247624 0.696452 0.317008
v -0.063249 -0.204129 -0.025430
v -0.024727 -0.205673 0.063298
v 0.059490 -0.174547 0.027276
v 0.020968 -0.173002 -0.061451
v -0.122719 -0.009423 0.003778
v -0.084198 -0.010967 0.092506
v 0.000019 0.020160 0.056485
v -0.038503 0.021704 -0.032243
v -0.332273 0.892365 0.163193
v 0.049982 -0.206775 0.011532
v 0.017233 -0.173879 -0.067062
v -0.064888 -0.163636 -0.028556
v -0.032140 -0.196532 0.050038
v 0.103432 -0.007723 0.072574
v 0.070683 0.025173 -0.006019
v -0.011439 0.035416 0.032487
v 0.021310 0.002520 0.111080
v 0.289490 0.920637 0.330613
vn 0.0172 -0.9997 0.0171
vn 0.0245 -0.9995 0.0203
vn 0.0215 -0.9995 0.0210
vn 0.4415 -0.7036 0.5567
vn 0.4722 -0.6209 0.6257
vn 0.6238 -0.7293 0.2812
vn -0.0069 -0.9999 0.0105
vn 0.0052 -0.9999 0.0108
vn 0.0180 -0.9995 0.0259
vn 0.7746 -0.3545 0.5238
vn -0.4464 -0.1580 0.8808
vn 0.1151 -0.6974 0.7074
vn 0.0316 0.3476 0.9371
vn -0.6986 -0.5898 -0.4051
vn -0.8739 -0.4530 -0.1766
vn -0.8063 0.5117 -0.2967
vn -0.0765 -0.3982 -0.9141
vn -0.2719 -0.9465 -0.1737
vn -0.2109 -0.2306 -0.9499
vn 0.1592 -0.9610 -0.2260
vn 0.1462 -0.9600 -0.2389
vn 0.4156 -0.4985 -0.7608
vn 0.6194 -0.3121 0.7203
vn -0.5014 0.4762 0.7224
vn -0.7836 -0.6191 -0.0507
vn 0.0569 -0.5937 -0.8027
vn 0.3908 -0.7236 -0.5690
vn 0.2612 0.9431 0.2059
vn 0.2792 0.9500 0.1399
vn 0.2390 0.9544 0.1791
vn -0.2805 0.4429 0.8516
vn -0.6980 0.3592 0.6195
vn -0.2620 0.6079 0.7496
vn -0.3792 0.6258 -0.6816
vn -0.5524 0.4541 -0.6990
vn -0.6782 0.4206 -0.6026
vn -0.0780 0.8318 -0.5495
vn 0.1461 0.8518 -0.5031
vn -0.1787 0.8984 -0.4011
vn 0.9625 0.0366 0.2688
vn 0.9682 0.1879 0.1650
vn 0.8769 0.4050 0.2590
vn -0.0959 0.9793 0.1783
vn -0.0552 0.9933 0.1018
vn -0.0820 0.9678 0.2380
vn 0.4289 0.9002 0.0749
vn 0.1489 0.9888 -0.0013
vn 0.4211 0.9041 -0.0723
vn 0.4828 0.8756 -0.0174
vn 0.1213 0.9911 0.0548
vn 0.1875 0.9787 0.0833
vn 0.1869 0.9782 0.0907
vn 0.0688 0.9927 0.0986
vn 0.2986 0.9543 0.0126
vn 0.1968 0.9672 0.1608
vn 0.3451 0.9376 0.0433
vn 0.0727 0.9972 -0.0178
vn 0.2104 0.9764 -0.0479
vn 0.0864 0.9673 -0.2383
vn 0.1634 0.9783 0.1272
vn 0.1030 0.9905 -0.0907
vn -0.0470 0.9223 -0.3836
vn 0.1383 0.9896 0.0400
vn 0.2029 0.9628 -0.1787
vn 0.0890 0.9700 -0.2264
vn -0.1279 0.8539 -0.5045
vn 0.2208 0.9723 -0.0763
vn 0.2457 0.9449 -0.2163
vn 0.2429 0.9515 -0.1887
vn -0.0138 0.9834 -0.1809
vn -0.2313 0.8935 -0.3848
vn 0.3113 0.9413 -0.1305
vn 0.2973 0.9005 -0.3174
vn 0.3040 0.9400 -0.1549
vn 0.3024 0.9352 -0.1844
vn 0.0829 0.5609 -0.8237
vn 0.5314 0.8471 -0.0062
vn 0.2339 0.9498 -0.2078
vn 0.3220 0.9123 -0.2530
vn 0.2731 0.9413 -0.1987
vn 0.4553 0.6130 -0.6457
vn 0.0224 0.5430 -0.8394
vn -0.0800 0.9876 0.1347
vn -0.0653 0.9946 0.0807
vn 0.1101 0.9317 -0.3461
vn -0.0579 0.7774 -0.6264
vn -0.0902 0.9224 -0.3755
vn 0.0571 0.8740 -0.4825
vn -0.0312 0.9738 -0.2251
vn -0.0331 0.9944 0.1004
vn -0.0484 0.9984 0.0281
vn -0.0052 0.9982 0.0605
vn 0.0872 0.7097 -0.6991
vn -0.0159 0.9639 -0.2657
vn -0.0996 0.9920 -0.0779
vn -0.0316 0.7130 -0.7005
vn 0.1728 0.6440 -0.7453
vn 0.0759 0.9235 -0.3760
vn -0.5911 0.7539 -0.2869
vn 0.0598 0.9583 -0.2793
vn 0.0960 0.8507 -0.5168
vn 0.0964 0.8151 -0.5712
vn -0.3134 0.5268 -0.7902
vn -0.8069 0.1657 -0.5670
vn 0.2171 0.9356 -0.2783
vn -0.0106 0.9988 -0.0474
vn -0.0458 0.9881 -0.1467
vn -0.0133 0.6933 -0.7206
vn -0.6165 0.2374 -0.7507
vn 0.2478 0.9183 -0.3087
vn 0.1620 0.9630 -0.2153
vn -0.5300 0.8154 -0.2330
vn -0.3722 0.8727 -0.3159
vn -0.1118 0.6676 -0.7361
vn -0.7906 0.2396 -0.5635
vn -0.0721 0.9550 0.2876
vn 0.0115 0.9793 0.2023
vn 0.0450 0.9950 0.0889
vn -0.0869 0.9947 0.0554
vn -0.3240 0.9455 0.0329
vn -0.5200 0.8520 0.0609
vn -0.7347 0.4011 -0.5471
vn 0.0482 0.9928 0.1093
vn 0.0858 0.9772 0.1941
vn -0.0254 0.9964 0.0809
vn 0.0139 0.9968 0.0783
vn -0.0288 0.9331 0.3583
vn -0.0888 0.9956 0.0309
vn -0.3070 0.9485 -0.0778
vn -0.3657 0.8584 0.3598
vn -0.1426 0.9427 0.3018
vn -0.3647 0.9121 0.1872
vn -0.6742 0.7260 -0.1355
vn -0.7808 0.6124 0.1237
vn -0.2725 0.9054 0.3255
vn -0.1455 0.9855 0.0873
vn -0.2688 0.8989 0.3460
vn -0.6205 0.7840 0.0170
vn -0.6442 0.7645 -0.0229
vn -0.5512 0.8303 0.0828
vn -0.4771 0.8778 0.0427
vn -0.1096 0.9388 0.3265
vn -0.3323 0.9304 -0.1544
vn -0.3746 0.9185 0.1265
vn -0.8747 0.3638 0.3203
vn -0.9416 0.0523 -0.3326
vn -0.9686 0.2084 0.1359
vn -0.5141 0.2742 0.8127
vn -0.1420 0.9678 0.2080
vn -0.0821 0.9965 0.0134
vn -0.0664 0.9931 -0.0971
vn -0.0858 0.9941 -0.0665
vn -0.4830 0.7311 0.4819
vn -0.5259 0.6004 0.6024
vn -0.5198 0.7516 0.4061
vn -0.0031 0.9999 0.0132
vn -0.0336 0.9902 -0.1354
vn 0.1684 0.9786 -0.1179
vn -0.1390 0.9902 0.0103
vn -0.0589 0.9928 0.1047
vn 0.3567 0.9306 0.0819
vn -0.0506 0.9295 0.3652
vn -0.3535 0.8989 0.2589
vn 0.1217 0.9082 0.4004
vn 0.3195 0.9196 0.2287
vn -0.2343 0.8131 0.5329
vn -0.2649 0.8151 0.5152
vn -0.3016 0.8859 0.3523
vn 0.1725 0.9254 0.3373
vn 0.1653 0.9761 0.1408
vn -0.2232 0.9024 0.3685
vn -0.2912 0.8989 0.3274
vn -0.2886 0.9371 0.1961
vn -0.0684 0.9748 0.2122
vn 0.0313 0.9868 0.1588
vn -0.5106 0.1941 0.8376
vn -0.5982 0.2524 0.7606
vn -0.6484 0.7096 0.2759
vn -0.2139 0.9516 0.2206
vn -0.0162 0.9701 0.2423
vn 0.0018 0.9743 0.2254
vn -0.0023 0.9631 0.2693
vn 0.1318 0.9846 0.1146
vn 0.2235 0.9743 -0.0268
vn 0.2516 0.9662 0.0561
vn 0.2648 0.9516 0.1559
vn 0.2215 0.9713 0.0869
vn 0.2142 0.9404 0.2642
vn 0.1035 0.9808 0.1654
vn 0.1825 0.9811 0.0646
vn 0.0380 0.9983 0.0434
vn 0.0560 0.9983 -0.0149
vn 0.2255 0.9720 0.0664
vn 0.0637 0.9627 0.2631
vn 0.0651 0.9869 0.1474
vn 0.0551 0.9969 -0.0561
vn 0.1042 0.9844 -0.1415
vn 0.1839 0.9396 0.2885
vn 0.0358 0.9613 0.2730
vn 0.2036 0.9548 0.2164
vn 0.1853 0.9815 0.0487
vn 0.6969 0.6251 -0.3515
vn 0.0575 0.9812 0.1843
vn 0.5664 0.7109 0.4170
vn 0.5424 0.7290 0.4176
vn 0.6742 0.4696 0.5701
vn 0.9551 0.2877 0.0712
vn 0.9185 -0.0800 -0.3872
vn 0.8527 0.3925 0.3447
vn 0.9562 0.2270 0.1851
vn 0.9840 0.0939 0.1515
vn 0.9251 -0.1124 0.3626
vn 0.9604 -0.0141 0.2784
vn 0.9567 0.2897 0.0268
vn 0.9788 -0.1950 -0.0620
vn 0.8652 0.2999 -0.4019
vn 0.5832 -0.7055 -0.4027
vn 0.5637 -0.0074 -0.8260
vn 0.6573 -0.0333 -0.7529
vn 0.6921 -0.1463 -0.7068
vn 0.8626 0.5040 -0.0443
vn 0.8571 0.3418 -0.3854
vn 0.4161 0.7762 -0.4736
vn 0.7227 -0.0541 -0.6890
vn 0.8218 0.1663 -0.5451
vn 0.8061 0.4633 -0.3682
vn 0.4060 -0.8444 -0.3495
vn 0.9021 -0.1243 -0.4131
vn 0.7757 0.1389 -0.6157
vn 0.2715 0.8801 -0.3894
vn 0.4047 -0.6847 -0.6062
vn 0.6102 -0.5917 -0.5269
vn 0.3710 -0.7820 -0.5008
vn 0.3914 0.1200 -0.9123
vn 0.1491 0.8044 -0.5751
vn 0.5435 -0.1745 -0.8211
vn 0.3236 -0.8384 -0.4385
vn 0.6116 -0.2362 -0.7551
vn 0.6383 -0.3383 -0.6914
vn 0.3606 0.0933 -0.9280
vn 0.0820 0.8161 -0.5720
vn -0.0801 0.5590 -0.8253
vn 0.0338 0.3017 -0.9528
vn 0.4670 0.4365 -0.7690
vn 0.2540 0.2182 -0.9423
vn 0.6680 -0.0531 -0.7422
vn 0.0770 0.3088 -0.9480
vn 0.3191 -0.7730 -0.5483
vn -0.3344 0.2746 -0.9015
vn 0.0680 -0.5760 -0.8146
vn -0.1105 -0.6091 -0.7853
vn 0.1113 -0.7043 -0.7011
vn 0.0922 -0.0482 -0.9946
vn 0.4064 0.7985 -0.4441
vn -0.0009 0.0346 -0.9994
vn -0.6006 0.4814 -0.6384
vn -0.4339 -0.4187 -0.7978
vn -0.8420 0.3087 -0.4425
vn -0.9409 -0.0570 -0.3340
vn -0.2670 -0.2715 -0.9247
vn -0.3349 0.8592 -0.3868
vn -0.6377 0.2671 -0.7225
vn -0.2426 0.3217 -0.9152
vn -0.0684 -0.7439 -0.6648
vn -0.4427 0.0830 -0.8928
vn -0.2502 0.9348 -0.2520
vn -0.3656 0.7156 -0.5952
vn -0.6306 0.2423 -0.7373
vn -0.4386 -0.3592 -0.8238
vn -0.3816 -0.5395 -0.7506
vn -0.3752 0.7285 -0.5731
vn -0.4870 0.7800 -0.3929
vn -0.7141 0.3963 -0.5770
vn -0.6280 0.1548 -0.7626
vn -0.2492 0.7517 -0.6106
vn -0.8745 0.1445 -0.4630
vn -0.6478 0.7458 -0.1554
vn -0.9047 -0.4216 -0.0606
vn -0.9699 0.1171 -0.2133
vn -0.4509 -0.8253 -0.3398
vn -0.9765 0.0841 -0.1984
vn -0.8983 0.1791 -0.4013
vn -0.8255 -0.5460 0.1431
vn -0.9962 0.0862 -0.0135
vn -0.8258 0.4929 0.2741
vn -0.8075 0.5895 -0.0190
vn -0.9817 0.1645 -0.0957
vn -0.8755 0.3925 0.2820
vn -0.6599 0.6965 0.2820
vn -0.9282 -0.0404 0.3698
vn -0.7776 0.3627 0.5135
vn -0.9776 0.1092 0.1799
vn -0.9141 0.2174 0.3423
vn -0.8939 0.1863 0.4076
vn -0.8972 0.4415 -0.0141
vn -0.9240 -0.0878 -0.3723
vn -0.7851 0.5653 0.2532
vn -0.8314 0.2541 0.4941
vn -0.8861 -0.3923 0.2468
vn -0.9974 -0.0620 0.0378
vn -0.8301 -0.2927 0.4747
vn -0.5166 0.8247 0.2303
vn -0.6931 0.5165 0.5028
vn -0.9843 -0.0180 0.1757
vn -0.7577 -0.5352 0.3735
vn -0.7873 0.1871 0.5875
vn -0.6180 -0.0590 0.7839
vn -0.3104 0.8307 0.4621
vn -0.2249 0.9606 0.1632
vn -0.6656 0.5610 0.4922
vn -0.5999 0.2720 0.7524
vn -0.2863 0.9241 0.2531
vn -0.5734 0.0958 0.8136
vn -0.8248 0.2177 0.5219
vn -0.4878 -0.1716 0.8559
vn -0.5963 -0.1402 0.7904
vn -0.2375 0.3864 0.8912
vn -0.3103 -0.2006 0.9292
vn -0.3625 0.6648 0.6532
vn -0.3207 0.3681 0.8727
vn -0.7076 0.4123 0.5739
vn -0.7228 0.5495 0.4191
vn -0.3305 0.0057 0.9438
vn -0.3811 0.7325 0.5641
vn -0.3779 0.8821 0.2812
vn -0.2637 -0.8107 0.5227
vn -0.6541 -0.0223 0.7561
vn -0.4495 0.6648 0.5966
vn -0.1654 0.7791 0.6047
vn -0.3520 -0.5036 0.7890
vn -0.4207 -0.5804 0.6973
vn 0.0093 -0.0570 0.9983
vn 0.2193 0.1763 0.9596
vn -0.0546 0.7273 0.6842
vn -0.3711 0.0615 0.9266
vn 0.1302 -0.3399 0.9314
vn 0.4469 -0.6378 0.6273
vn 0.0933 -0.8747 0.4757
vn -0.0799 -0.5417 0.8368
vn 0.2308 0.2936 0.9276
vn 0.6094 0.6506 0.4531
vn 0.5442 0.6731 0.5008
vn 0.4336 0.7996 0.4155
vn 0.0253 0.6333 0.7735
vn 0.4356 0.6756 0.5949
vn 0.3856 0.0626 0.9206
vn 0.3021 0.9178 0.2578
vn 0.5210 -0.7664 0.3757
vn 0.9535 0.0984 0.2850
vn 0.4124 -0.7771 0.4755
vn 0.7330 -0.6629 0.1527
vn 0.7798 0.5323 0.3294
vn 0.4185 0.6389 0.6455
vn 0.4501 0.8683 0.2087
vn 0.8784 0.3778 0.2927
vn 0.5472 0.8344 0.0656
vn 0.6874 0.5977 0.4126
vn 0.6325 0.3654 0.6830
vn 0.9874 -0.0694 0.1422
vn 0.7552 0.5880 0.2896
vn 0.9754 0.1161 0.1874
vn 0.8208 -0.5159 0.2453
vn 0.9197 0.0567 0.3884
vn 0.9578 0.2181 0.1874
vn 0.7623 0.4758 -0.4387
vn 0.9804 -0.0579 0.1885
vn 0.9024 -0.3914 -0.1804
vn 0.7614 0.5391 0.3600
vn 0.7142 0.6971 0.0629
vn 0.5442 0.8368 -0.0600
vn 0.6523 0.5000 0.5696
vn 0.9773 -0.2028 0.0608
vn 0.7548 0.6268 -0.1934
vn 0.0651 0.6604 -0.7481
vn 0.4022 0.4295 -0.8086
vn 0.7241 0.3768 -0.5776
vn 0.7735 -0.4705 -0.4247
vn 0.5301 -0.5194 -0.6703
vn 0.5316 -0.4708 -0.7041
vn -0.1167 0.7685 -0.6291
vn 0.2632 0.3309 -0.9062
vn -0.1578 0.6779 -0.7180
vn 0.5037 -0.5115 -0.6962
vn 0.1743 -0.4110 -0.8948
vn -0.0906 0.6973 -0.7110
vn 0.1425 -0.9252 -0.3517
vn 0.1051 -0.9821 -0.1566
vn 0.2067 -0.5614 -0.8013
vn -0.3535 -0.1812 -0.9177
vn 0.3188 -0.7531 -0.5755
vn 0.0540 -0.9589 -0.2784
vn 0.4295 -0.4400 -0.7887
vn 0.0670 -0.9759 -0.2077
vn 0.0117 -0.9253 -0.3791
vn 0.2400 -0.8943 -0.3778
vn 0.5310 -0.3875 -0.7536
vn 0.2335 -0.4970 -0.8358
vn 0.4433 -0.5959 -0.6696
vn 0.1335 -0.8657 -0.4824
vn 0.2176 -0.7025 -0.6776
vn -0.2535 0.6010 -0.7580
vn -0.2810 0.8455 -0.4541
vn -0.5570 0.7171 -0.4189
vn -0.6238 -0.2843 -0.7280
vn -0.2581 -0.9418 -0.2152
vn -0.4243 -0.8700 -0.2511
vn -0.6631 -0.3548 -0.6591
vn -0.9519 0.1521 -0.2662
vn -0.9295 -0.3124 -0.1959
vn -0.7592 -0.5445 -0.3566
vn -0.7807 -0.5969 0.1849
vn -0.4729 -0.4964 -0.7280
vn -0.1970 -0.9752 -0.1009
vn -0.3819 -0.9241 -0.0119
vn -0.7284 -0.3849 -0.5668
vn -0.6341 -0.0433 -0.7720
vn -0.4660 -0.8392 -0.2802
vn -0.2902 -0.9429 -0.1636
vn -0.7266 -0.3922 -0.5641
vn -0.5944 -0.1828 -0.7831
vn -0.5549 -0.7858 -0.2732
vn -0.4947 -0.8422 -0.2146
vn -0.5810 -0.5258 -0.6212
vn -0.7076 -0.4634 -0.5335
vn -0.6446 -0.2435 -0.7247
vn -0.6586 -0.5441 -0.5198
vn -0.6313 -0.7543 -0.1804
vn -0.2614 0.9407 0.2162
vn -0.9720 0.2252 0.0672
vn -0.9803 -0.0459 -0.1923
vn -0.4999 0.8638 -0.0625
vn -0.4236 0.9050 0.0387
vn -0.9444 0.1397 0.2975
vn -0.5438 0.5720 0.6141
vn -0.7620 0.4743 0.4408
vn -0.5949 0.1946 0.7799
vn -0.8398 0.3627 0.4039
vn -0.6999 -0.0180 0.7141
vn -0.5389 0.4650 0.7024
vn -0.8786 0.0425 0.4757
vn -0.3672 -0.8664 0.3385
vn -0.4810 -0.6929 0.5371
vn -0.5425 -0.1150 0.8321
vn -0.8661 -0.2411 0.4379
vn -0.1273 -0.9138 0.3856
vn -0.2000 -0.9723 0.1207
vn -0.3899 -0.8989 0.1998
vn -0.4348 -0.3882 0.8126
vn -0.3818 -0.8839 0.2702
vn -0.2002 -0.8239 0.5301
vn -0.1230 -0.8142 0.5674
vn -0.2669 -0.9637 0.0001
vn -0.3778 -0.9071 0.1854
vn -0.5954 -0.5158 0.6160
vn 0.4928 -0.3260 0.8068
vn -0.1059 -0.6869 0.7190
vn -0.0839 -0.8584 0.5061
vn 0.2542 0.0257 0.9668
vn -0.1193 0.2261 0.9668
vn -0.3136 -0.0880 0.9455
vn 0.5367 -0.0453 0.8426
vn 0.0046 -0.3492 0.9370
vn 0.1901 -0.1322 0.9728
vn 0.0213 -0.4688 0.8830
vn 0.2048 -0.7170 0.6663
vn -0.1188 -0.5891 0.7993
vn 0.2648 0.7135 0.6487
vn 0.3279 -0.6490 0.6865
vn -0.0624 -0.7529 0.6552
vn 0.1963 -0.8832 0.4260
vn 0.2621 -0.2794 0.9237
vn 0.5938 -0.3472 0.7259
vn 0.1881 -0.9236 0.3341
vn -0.1052 -0.8549 0.5081
vn 0.2535 -0.9233 0.2886
vn -0.1138 -0.8531 0.5093
vn 0.2317 -0.9272 0.2944
vn 0.6107 -0.6452 0.4592
vn 0.2299 -0.6538 0.7209
vn 0.1299 -0.9166 0.3782
vn 0.3096 -0.6719 0.6729
vn 0.9728 0.1393 0.1850
vn 0.9874 -0.1071 0.1169
vn 0.5097 0.8548 0.0978
vn 0.8618 0.4954 -0.1091
vn 0.9175 0.3865 -0.0937
vn 0.8866 -0.4235 0.1862
vn 0.9285 -0.3644 0.0710
vn 0.7514 0.6206 0.2242
vn 0.9474 0.2835 0.1483
vn 0.7243 0.4677 0.5067
vn 0.9965 0.0721 -0.0433
vn 0.8063 0.5658 -0.1728
vn 0.9824 0.0517 0.1793
vn 0.7068 -0.5888 0.3920
vn 0.6436 -0.7223 -0.2531
vn 0.9713 -0.0703 -0.2271
vn 0.9454 -0.2594 -0.1973
vn 0.8948 -0.2786 0.3489
vn 0.5267 -0.8414 -0.1212
vn 0.6020 -0.7929 -0.0942
vn 0.5875 -0.7010 -0.4042
vn 0.4728 -0.8808 -0.0258
vn 0.3974 -0.9169 0.0355
vn 0.4369 -0.8944 -0.0959
vn 0.1924 -0.9782 -0.0776
vn 0.1429 -0.9847 -0.0997
vn 0.1055 -0.8488 -0.5181
vn 0.1555 -0.9246 -0.3476
vn 0.4902 -0.8144 -0.3107
vn 0.7095 -0.3535 -0.6096
vn 0.2982 -0.9501 -0.0911
vn 0.7298 -0.4018 -0.5532
vn 0.0783 -0.9969 -0.0085
vn 0.0797 -0.9956 -0.0496
vn 0.0444 -0.9990 -0.0003
vn 0.0312 -0.9994 -0.0155
vn 0.0375 -0.9992 0.0165
vn 0.0304 -0.9994 -0.0135
vn 0.0058 -0.9999 0.0090
vn 0.4728 0.1270 -0.8720
vn 0.4649 -0.5968 -0.6540
vn 0.4800 -0.2341 -0.8455
vn 0.0173 -0.9967 -0.0789
vn 0.0332 -0.9379 -0.3454
vn 0.1157 -0.8684 -0.4821
vn 0.0178 -0.9983 -0.0554
vn 0.0044 -0.9935 -0.1136
vn 0.0630 -0.9577 -0.2806
vn 0.2599 -0.7805 -0.5685
vn -0.0141 -0.9996 -0.0244
vn -0.0228 -0.9941 -0.1060
vn -0.0065 -0.9960 -0.0886
vn 0.2935 -0.6251 -0.7232
vn 0.3078 -0.4378 -0.8447
vn -0.0190 -0.9993 -0.0308
vn -0.0367 -0.9985 -0.0402
vn -0.0110 -0.9996 -0.0264
vn -0.0040 -0.9997 -0.0258
vn -0.1292 -0.9649 -0.2288
vn -0.2653 -0.3694 -0.8906
vn -0.5362 -0.7773 -0.3290
vn -0.2993 -0.8995 -0.3182
vn -0.0121 -0.9993 -0.0363
vn -0.0153 -0.9993 -0.0341
vn -0.0234 -0.9989 -0.0397
vn -0.0251 -0.9997 0.0048
vn -0.6170 -0.1555 -0.7715
vn -0.6023 -0.3726 -0.7060
vn -0.8176 -0.3142 -0.4824
vn -0.0320 -0.9994 -0.0112
vn -0.2023 -0.9761 -0.0792
vn -0.3234 -0.8443 -0.4273
vn -0.0678 -0.9973 -0.0294
vn -0.0653 -0.9977 -0.0163
vn -0.1046 -0.9935 -0.0449
vn -0.4927 -0.8309 -0.2586
vn -0.0382 -0.9993 -0.0017
vn -0.0535 -0.9985 -0.0141
vn -0.1189 -0.9929 0.0063
vn -0.1158 -0.9932 -0.0091
vn -0.4352 -0.8598 -0.2671
vn -0.0219 -0.9997 0.0050
vn -0.0449 -0.9990 0.0079
vn -0.0642 -0.9979 0.0089
vn -0.0588 -0.9977 -0.0340
vn -0.0523 -0.9956 -0.0773
vn -0.4152 -0.8774 -0.2404
vn -0.2213 -0.9749 -0.0221
vn -0.0097 -0.9998 -0.0148
vn -0.0263 -0.9996 -0.0036
vn -0.0472 -0.9987 0.0171
vn -0.0320 -0.9991 0.0266
vn -0.0224 -0.9991 0.0352
vn -0.2552 -0.9210 0.2942
vn -0.0173 -0.9987 0.0476
vn -0.1179 -0.7453 0.6562
vn -0.0286 -0.9996 -0.0014
vn -0.1202 -0.9276 0.3536
vn -0.5854 -0.5955 0.5502
vn -0.0168 -0.9999 0.0012
vn -0.1180 -0.9879 0.1008
vn -0.4141 -0.8903 0.1897
vn -0.3446 -0.9372 0.0538
vn -0.0259 -0.9990 0.0374
vn -0.0088 -0.9999 0.0082
vn -0.0327 -0.9987 0.0391
vn -0.1443 -0.9876 0.0615
vn -0.2030 -0.9773 0.0614
vn 0.0049 -0.9995 0.0309
vn -0.0081 -1.0000 -0.0012
vn -0.0182 -0.9995 0.0259
vn -0.0263 -0.9993 0.0278
vn -0.0633 -0.9975 0.0319
vn -0.1276 -0.9607 0.2466
vn 0.1118 -0.9690 -0.2202
vn 0.1412 -0.9856 -0.0929
vn 0.1168 -0.9832 -0.1401
vn 0.1695 -0.9847 -0.0397
vn 0.2375 -0.9708 -0.0337
vn 0.5647 -0.8135 0.1390
vn 0.2200 -0.9647 -0.1449
vn 0.2178 -0.9677 -0.1267
vn 0.1314 -0.9902 -0.0470
vn 0.1134 -0.9914 -0.0657
vn 0.1848 -0.9783 -0.0940
vn 0.0397 -0.9989 -0.0251
vn 0.0394 -0.9991 -0.0136
vn 0.0711 -0.9974 -0.0085
vn 0.0207 -0.9997 -0.0096
vn 0.0213 -0.9997 0.0101
vn 0.0321 -0.9995 -0.0069
vn 0.0531 -0.9986 0.0016
vn 0.0379 -0.9993 0.0063
vn -0.0035 -1.0000 0.0003
vn 0.0124 -0.9997 0.0217
vn 0.0139 -0.9979 0.0634
vn 0.0103 -0.9988 0.0487
vn 0.0147 -0.9995 0.0270
vn -0.0029 -1.0000 -0.0028
vn 0.0022 -1.0000 0.0010
vn 0.0122 -0.9684 0.2489
vn 0.0069 -0.9991 0.0427
vn 0.0105 -0.9992 0.0382
vn 0.0240 -0.9982 0.0552
vn 0.0057 -1.0000 0.0036
vn 0.0158 -0.9997 0.0198
vn 0.0433 -0.9886 0.1441
vn 0.0134 -0.9996 0.0239
vn 0.4545 -0.8026 0.3864
vn 0.0388 -0.9964 0.0756
vn 0.0728 -0.9961 0.0493
vn 0.4159 -0.7778 0.4713
vn 0.0093 -0.9989 0.0460
vn 0.0257 -0.9973 0.0683
vn 0.0534 -0.9917 0.1173
vn -0.0587 -0.9314 0.3593
vn -0.0072 -1.0000 -0.0016
vn 0.0166 -0.9987 0.0472
vn 0.0170 -0.9961 0.0865
vn -0.0114 -0.9921 0.1251
vn 0.2110 -0.8586 0.4672
vn -0.8637 -0.0000 -0.5039
vn -0.8628 0.0464 -0.5034
vn -0.5039 -0.0000 0.8637
vn -0.5034 0.0464 0.8628
vn 0.8637 -0.0000 0.5039
vn 0.8628 0.0464 0.5034
vn 0.5039 -0.0000 -0.8637
vn 0.5034 0.0464 -0.8628
vn -0.0000 -1.0000 -0.0000
vn 0.1201 -0.4560 0.8819
vn 0.1149 -0.4126 0.9036
vn 0.9874 0.1471 -0.0584
vn 0.9812 0.1897 -0.0355
vn -0.1201 0.4560 -0.8819
vn -0.1250 0.4983 -0.8580
vn -0.9874 -0.1471 0.0584
vn -0.9913 -0.1040 0.0812
vn 0.1031 -0.8778 -0.4679
vn 0.5111 0.3586 0.7811
vn 0.5079 0.4124 0.7563
vn 0.8586 -0.1709 -0.4834
vn 0.8547 -0.1161 -0.5060
vn -0.5111 -0.3586 -0.7811
vn -0.5126 -0.3035 -0.8032
vn -0.8586 0.1709 0.4834
vn -0.8594 0.2250 0.4591
vn 0.0398 -0.9177 0.3952
vn 0.9294 -0.2793 0.2412
vn 0.9381 -0.2264 0.2621
vn 0.3235 0.3020 -0.8967
vn 0.3332 0.3539 -0.8739
vn -0.9294 0.2793 -0.2412
vn -0.9177 0.3312 -0.2195
vn -0.3235 -0.3020 0.8967
vn -0.3127 -0.2491 0.9166
vn -0.1776 -0.9115 -0.3710
vn 0.8988 0.4280 -0.0949
vn 0.8733 0.4788 -0.0905
vn -0.1179 0.0274 -0.9927
vn -0.1417 0.0788 -0.9868
vn -0.8988 -0.4280 0.0949
vn -0.9214 -0.3759 0.0990
vn 0.1179 -0.0274 0.9927
vn 0.0936 0.0241 0.9953
vn 0.4223 -0.9034 -0.0751
vn 0.1544 0.4267 -0.8911
vn 0.1289 0.5009 -0.8558
vn -0.9443 -0.2014 -0.2601
vn -0.9658 -0.1248 -0.2272
vn -0.1544 -0.4267 0.8911
vn -0.1788 -0.3493 0.9198
vn 0.9443 0.2014 0.2601
vn 0.9159 0.2765 0.2911
vn 0.2905 -0.8817 -0.3718
vn -0.8705 -0.3218 0.3723
vn -0.8843 -0.2725 0.3792
vn 0.3982 -0.0160 0.9172
vn 0.3828 0.0329 0.9233
vn 0.8705 0.3218 -0.3723
vn 0.8545 0.3701 -0.3645
vn -0.3982 0.0160 -0.9172
vn -0.4126 0.0648 -0.9086
vn 0.2892 -0.9467 -0.1420
vn 0.8997 -0.1122 -0.4219
vn 0.9103 -0.0690 -0.4082
vn -0.3588 0.3604 -0.8610
vn -0.3468 0.4031 -0.8469
vn -0.8997 0.1122 0.4219
vn -0.8871 0.1552 0.4346
vn 0.3588 -0.3604 0.8610
vn 0.3700 -0.3169 0.8733
vn -0.2487 -0.9260 -0.2840
vt 0.807151 0.813575
vt 0.814275 0.816007
vt 0.806675 0.821650
vt 0.875359 0.747510
vt 0.878482 0.747710
vt 0.875675 0.755684
vt 0.799282 0.815714
vt 0.802178 0.806369
vt 0.812266 0.807480
vt 0.868183 0.834226
vt 0.870502 0.826539
vt 0.874960 0.830970
vt 0.970650 0.865736
vt 0.970650 0.873454
vt 0.967960 0.868792
vt 0.889013 0.176570
vt 0.888648 0.187176
vt 0.886103 0.181854
vt 0.775958 0.767365
vt 0.769831 0.771717
vt 0.765415 0.761092
vt 0.841794 0.771924
vt 0.832885 0.773071
vt 0.842234 0.764425
vt 0.872221 0.840968
vt 0.417639 0.960003
vt 0.413235 0.963450
vt 0.413235 0.952229
vt 0.887996 0.172170
vt 0.778350 0.762587
vt 0.846186 0.772949
vt 0.446802 0.872135
vt 0.450848 0.861593
vt 0.451508 0.870002
vt 0.059802 0.852350
vt 0.059509 0.859247
vt 0.057360 0.852705
vt 0.563598 0.855819
vt 0.560307 0.862463
vt 0.558952 0.854847
vt 0.532418 0.793753
vt 0.537860 0.799345
vt 0.530064 0.798551
vt 0.811834 0.624714
vt 0.809583 0.634842
vt 0.808634 0.626257
vt 0.501780 0.838541
vt 0.510781 0.837286
vt 0.507139 0.844181
vt 0.494762 0.831139
vt 0.504968 0.830000
vt 0.565973 0.992252
vt 0.561012 0.989125
vt 0.565973 0.985652
vt 0.484717 0.821027
vt 0.494741 0.821916
vt 0.491832 0.828448
vt 0.479521 0.815730
vt 0.486769 0.811930
vt 0.476013 0.812225
vt 0.479447 0.803810
vt 0.467623 0.803514
vt 0.473483 0.797869
vt 0.515328 0.828556
vt 0.499333 0.825522
vt 0.508869 0.821811
vt 0.518955 0.821233
vt 0.502420 0.815619
vt 0.512918 0.813408
vt 0.523348 0.812547
vt 0.495432 0.806988
vt 0.506310 0.804563
vt 0.517054 0.804914
vt 0.725828 0.762847
vt 0.725570 0.772032
vt 0.721244 0.770559
vt 0.488696 0.800153
vt 0.499634 0.799611
vt 0.510212 0.799415
vt 0.521182 0.796564
vt 0.525100 0.808713
vt 0.527852 0.803108
vt 0.482867 0.795206
vt 0.493127 0.793392
vt 0.503723 0.793249
vt 0.514568 0.788797
vt 0.525419 0.787935
vt 0.470072 0.795347
vt 0.477848 0.791334
vt 0.487285 0.788842
vt 0.497875 0.790621
vt 0.433015 0.963547
vt 0.436361 0.967685
vt 0.433015 0.973531
vt 0.507610 0.785514
vt 0.517868 0.784684
vt 0.913952 0.811675
vt 0.912795 0.802386
vt 0.915925 0.803455
vt 0.976342 0.440279
vt 0.979291 0.442604
vt 0.976342 0.449322
vt 0.526017 0.789312
vt 0.515036 0.845770
vt 0.519110 0.838616
vt 0.526696 0.828352
vt 0.526497 0.823994
vt 0.721847 0.778925
vt 0.530945 0.812960
vt 0.533646 0.807177
vt 0.522814 0.847374
vt 0.530752 0.839635
vt 0.535581 0.849950
vt 0.776945 0.327297
vt 0.776950 0.335843
vt 0.770108 0.335280
vt 0.770097 0.345146
vt 0.535676 0.830876
vt 0.540866 0.841533
vt 0.548508 0.852587
vt 0.530139 0.816706
vt 0.531558 0.827671
vt 0.777672 0.342566
vt 0.770794 0.353311
vt 0.542563 0.833673
vt 0.550421 0.843522
vt 0.559129 0.854776
vt 0.725828 0.779415
vt 0.721455 0.788694
vt 0.540347 0.816749
vt 0.537432 0.829812
vt 0.777672 0.349217
vt 0.770858 0.361474
vt 0.549937 0.835835
vt 0.562172 0.845558
vt 0.625046 0.828732
vt 0.627065 0.838413
vt 0.622399 0.838437
vt 0.540109 0.812778
vt 0.725703 0.788166
vt 0.721477 0.797834
vt 0.549090 0.818496
vt 0.550060 0.829345
vt 0.555013 0.838072
vt 0.645180 0.432040
vt 0.641553 0.427041
vt 0.645180 0.416831
vt 0.641533 0.416822
vt 0.629212 0.830167
vt 0.630616 0.838561
vt 0.545451 0.803939
vt 0.555545 0.808899
vt 0.563294 0.817744
vt 0.555991 0.831515
vt 0.560161 0.839968
vt 0.638269 0.422045
vt 0.631665 0.824146
vt 0.632219 0.830971
vt 0.563223 0.848317
vt 0.508074 0.850681
vt 0.515979 0.853415
vt 0.525722 0.856334
vt 0.537836 0.859875
vt 0.547742 0.861995
vt 0.625792 0.847645
vt 0.628743 0.846317
vt 0.509118 0.857446
vt 0.518075 0.862515
vt 0.510430 0.865568
vt 0.529569 0.867499
vt 0.519930 0.872036
vt 0.511684 0.873616
vt 0.541438 0.871272
vt 0.532942 0.879714
vt 0.519821 0.877338
vt 0.513756 0.886149
vt 0.555455 0.863242
vt 0.547668 0.870851
vt 0.541063 0.879702
vt 0.743345 0.079207
vt 0.738914 0.070533
vt 0.744549 0.071208
vt 0.738178 0.058922
vt 0.530098 0.883042
vt 0.521034 0.885291
vt 0.514175 0.889845
vt 0.559671 0.854947
vt 0.562696 0.864430
vt 0.550997 0.869426
vt 0.879542 0.519888
vt 0.876022 0.512782
vt 0.879543 0.510075
vt 0.876296 0.503399
vt 0.879922 0.499464
vt 0.876022 0.495354
vt 0.738178 0.077481
vt 0.537231 0.882961
vt 0.533450 0.895649
vt 0.523492 0.897007
vt 0.514694 0.893882
vt 0.632219 0.845271
vt 0.631046 0.853999
vt 0.560706 0.871879
vt 0.552252 0.877805
vt 0.545603 0.877417
vt 0.544205 0.883365
vt 0.538864 0.891908
vt 0.378504 0.976411
vt 0.378504 0.967009
vt 0.381636 0.970819
vt 0.532182 0.899473
vt 0.523746 0.902169
vt 0.059025 0.841375
vt 0.500921 0.847061
vt 0.502182 0.853452
vt 0.502594 0.863270
vt 0.503660 0.872732
vt 0.504777 0.886198
vt 0.917621 0.722947
vt 0.917466 0.714099
vt 0.921156 0.720891
vt 0.507291 0.892411
vt 0.494510 0.850025
vt 0.493708 0.859356
vt 0.485698 0.854167
vt 0.494705 0.868178
vt 0.481541 0.867234
vt 0.475286 0.859043
vt 0.495228 0.879108
vt 0.485086 0.874577
vt 0.473300 0.870679
vt 0.469501 0.861669
vt 0.921686 0.712273
vt 0.917466 0.705331
vt 0.497192 0.885446
vt 0.462842 0.495406
vt 0.462606 0.485502
vt 0.466603 0.491017
vt 0.466603 0.479875
vt 0.489109 0.878599
vt 0.476043 0.879171
vt 0.468420 0.871804
vt 0.463218 0.864545
vt 0.506164 0.886086
vt 0.499126 0.889681
vt 0.490080 0.887383
vt 0.481276 0.882787
vt 0.851703 0.951929
vt 0.851703 0.939504
vt 0.855440 0.945438
vt 0.468426 0.882133
vt 0.461042 0.875044
vt 0.056972 0.860212
vt 0.010438 0.097279
vt 0.007718 0.103690
vt 0.007718 0.097066
vt 0.500361 0.896932
vt 0.493077 0.889446
vt 0.309629 0.977851
vt 0.306840 0.972297
vt 0.309629 0.968503
vt 0.482068 0.891978
vt 0.469852 0.891406
vt 0.460282 0.885777
vt 0.451840 0.879525
vt 0.494978 0.841710
vt 0.488769 0.844832
vt 0.480546 0.848123
vt 0.472572 0.851576
vt 0.464238 0.855203
vt 0.457674 0.858376
vt 0.488768 0.835737
vt 0.540172 0.983610
vt 0.545811 0.989457
vt 0.540172 0.990812
vt 0.483348 0.839383
vt 0.482736 0.829682
vt 0.474700 0.842316
vt 0.474734 0.832722
vt 0.479131 0.825287
vt 0.465035 0.845676
vt 0.461156 0.834850
vt 0.467026 0.825797
vt 0.468074 0.815480
vt 0.461551 0.848743
vt 0.456255 0.839180
vt 0.453806 0.827638
vt 0.456328 0.816964
vt 0.461831 0.809069
vt 0.450262 0.852595
vt 0.444603 0.842783
vt 0.449399 0.832510
vt 0.449276 0.821481
vt 0.450931 0.810829
vt 0.645180 0.932597
vt 0.637703 0.942268
vt 0.637561 0.938328
vt 0.177136 0.993693
vt 0.173771 0.993693
vt 0.175169 0.986766
vt 0.989372 0.802155
vt 0.985864 0.796136
vt 0.989372 0.795014
vt 0.813040 0.630396
vt 0.814869 0.634889
vt 0.811825 0.638462
vt 0.816828 0.640408
vt 0.813718 0.645102
vt 0.819048 0.646647
vt 0.816051 0.650901
vt 0.770472 0.987613
vt 0.767634 0.990812
vt 0.767634 0.983763
vt 0.765742 0.741301
vt 0.770472 0.732586
vt 0.769797 0.744549
vt 0.847231 0.765223
vt 0.858202 0.767909
vt 0.808634 0.641040
vt 0.809992 0.650336
vt 0.479360 0.782135
vt 0.812606 0.655327
vt 0.926006 0.616727
vt 0.922234 0.623505
vt 0.922234 0.612848
vt 0.490752 0.781825
vt 0.862739 0.776977
vt 0.857287 0.768958
vt 0.861825 0.772038
vt 0.856875 0.762052
vt 0.815369 0.659581
vt 0.923011 0.159765
vt 0.927446 0.151573
vt 0.926748 0.164175
vt 0.925011 0.629339
vt 0.869476 0.948806
vt 0.872721 0.941201
vt 0.872721 0.953369
vt 0.501439 0.775999
vt 0.860638 0.772404
vt 0.848848 0.770223
vt 0.848342 0.763537
vt 0.845398 0.758462
vt 0.923011 0.147772
vt 0.970392 0.511106
vt 0.970811 0.504544
vt 0.974971 0.514128
vt 0.974971 0.505771
vt 0.725828 0.648947
vt 0.721905 0.656701
vt 0.721905 0.644094
vt 0.512416 0.782340
vt 0.911781 0.817609
vt 0.915925 0.820876
vt 0.765742 0.730004
vt 0.766503 0.724317
vt 0.841719 0.764439
vt 0.841538 0.755195
vt 0.644566 0.197342
vt 0.645180 0.205708
vt 0.642453 0.200790
vt 0.642453 0.210260
vt 0.837214 0.751089
vt 0.842651 0.751767
vt 0.833738 0.743716
vt 0.506799 0.774651
vt 0.518560 0.772250
vt 0.521920 0.784774
vt 0.910375 0.807885
vt 0.859760 0.581329
vt 0.855711 0.586693
vt 0.858539 0.576040
vt 0.855166 0.581174
vt 0.836082 0.765444
vt 0.834152 0.759301
vt 0.829741 0.757083
vt 0.825578 0.753847
vt 0.821685 0.748306
vt 0.526527 0.782286
vt 0.530343 0.787052
vt 0.639261 0.644682
vt 0.636099 0.647373
vt 0.637686 0.640344
vt 0.640802 0.649037
vt 0.638110 0.652855
vt 0.113771 0.785004
vt 0.106638 0.788765
vt 0.113654 0.780229
vt 0.198739 0.624411
vt 0.196326 0.630779
vt 0.196326 0.617799
vt 0.340413 0.670243
vt 0.342752 0.665746
vt 0.342143 0.673983
vt 0.113014 0.799848
vt 0.111114 0.804911
vt 0.111019 0.795074
vt 0.239062 0.912989
vt 0.236256 0.917383
vt 0.237908 0.908943
vt 0.634549 0.656031
vt 0.640644 0.659643
vt 0.637085 0.664311
vt 0.554461 0.803079
vt 0.103803 0.794819
vt 0.093419 0.801834
vt 0.640860 0.676863
vt 0.568811 0.800079
vt 0.568499 0.807980
vt 0.109163 0.790011
vt 0.110753 0.799497
vt 0.102779 0.806621
vt 0.210489 0.809601
vt 0.212475 0.800477
vt 0.215124 0.819436
vt 0.217560 0.811631
vt 0.214413 0.793849
vt 0.218900 0.800506
vt 0.215536 0.785327
vt 0.340413 0.661165
vt 0.103914 0.812827
vt 0.947608 0.541827
vt 0.944328 0.548565
vt 0.944328 0.538325
vt 0.008454 0.832397
vt 0.009372 0.820440
vt 0.013979 0.825414
vt 0.024482 0.814821
vt 0.210489 0.785862
vt 0.537170 0.959030
vt 0.533318 0.962010
vt 0.533318 0.950692
vt 0.962010 0.200415
vt 0.962010 0.211700
vt 0.958961 0.208613
vt 0.730006 0.820637
vt 0.733028 0.816696
vt 0.732127 0.823824
vt 0.113771 0.809431
vt 0.112361 0.815329
vt 0.110137 0.822579
vt 0.947509 0.551571
vt 0.006946 0.815161
vt 0.012554 0.809744
vt 0.018276 0.805248
vt 0.727317 0.825197
vt 0.727317 0.814369
vt 0.730543 0.811086
vt 0.793114 0.344938
vt 0.796394 0.341059
vt 0.796394 0.349953
vt 0.239062 0.926006
vt 0.790355 0.959390
vt 0.794954 0.955675
vt 0.794954 0.966330
vt 0.924430 0.686944
vt 0.924041 0.677241
vt 0.926006 0.680622
vt 0.926006 0.670568
vt 0.113579 0.826637
vt 0.130423 0.830241
vt 0.127756 0.835034
vt 0.127608 0.825615
vt 0.008370 0.804573
vt 0.018812 0.801489
vt 0.902964 0.738789
vt 0.898709 0.729348
vt 0.902510 0.731348
vt 0.898829 0.724001
vt 0.902964 0.726532
vt 0.898897 0.719009
vt 0.902890 0.721017
vt 0.986492 0.862407
vt 0.984080 0.866961
vt 0.984080 0.859427
vt 0.566849 0.861223
vt 0.571733 0.868130
vt 0.565038 0.869558
vt 0.448665 0.980547
vt 0.448825 0.974827
vt 0.453642 0.983612
vt 0.376724 0.871401
vt 0.374289 0.877171
vt 0.371021 0.868221
vt 0.976996 0.146688
vt 0.979291 0.141997
vt 0.979291 0.151214
vt 0.921686 0.332244
vt 0.917212 0.338317
vt 0.915609 0.329452
vt 0.019710 0.860246
vt 0.021602 0.864080
vt 0.013476 0.858437
vt 0.453642 0.977484
vt 0.604856 0.932503
vt 0.598860 0.936756
vt 0.601897 0.927035
vt 0.563270 0.879724
vt 0.945394 0.037043
vt 0.946168 0.046603
vt 0.940477 0.040993
vt 0.940477 0.050405
vt 0.604856 0.941848
vt 0.228981 0.946879
vt 0.226243 0.951929
vt 0.226243 0.939404
vt 0.549435 0.882060
vt 0.695789 0.522256
vt 0.698465 0.519129
vt 0.698465 0.527089
vt 0.380195 0.879922
vt 0.644015 0.454030
vt 0.646620 0.449965
vt 0.646620 0.457963
vt 0.986492 0.331779
vt 0.986492 0.339872
vt 0.983142 0.337344
vt 0.524312 0.980291
vt 0.527089 0.976700
vt 0.527089 0.985052
vt 0.903294 0.006356
vt 0.908725 0.014726
vt 0.903787 0.012467
vt 0.903294 0.024538
vt 0.954809 0.867054
vt 0.954809 0.878482
vt 0.952494 0.871306
vt 0.900084 0.518899
vt 0.894050 0.525816
vt 0.894050 0.515819
vt 0.345632 0.971750
vt 0.345632 0.980731
vt 0.342799 0.975203
vt 0.725564 0.908176
vt 0.726724 0.903647
vt 0.729184 0.913045
vt 0.730393 0.910027
vt 0.727822 0.899809
vt 0.731588 0.905887
vt 0.728900 0.895827
vt 0.908673 0.025922
vt 0.916274 0.461250
vt 0.918806 0.456515
vt 0.918601 0.466603
vt 0.898385 0.528724
vt 0.895684 0.535730
vt 0.921122 0.342138
vt 0.918802 0.347072
vt 0.915609 0.343127
vt 0.990812 0.580344
vt 0.987106 0.581814
vt 0.990812 0.574780
vt 0.987141 0.576339
vt 0.983612 0.672072
vt 0.980187 0.676863
vt 0.980187 0.668414
vt 0.725564 0.894049
vt 0.416994 0.835352
vt 0.411302 0.842745
vt 0.416131 0.831406
vt 0.916274 0.448833
vt 0.596215 0.959933
vt 0.592799 0.963450
vt 0.592799 0.952489
vt 0.960496 0.237622
vt 0.960496 0.226718
vt 0.963450 0.229605
vt 0.060675 0.836966
vt 0.056972 0.834348
vt 0.884799 0.175943
vt 0.365287 0.814068
vt 0.362494 0.821616
vt 0.360040 0.812375
vt 0.911421 0.387396
vt 0.907756 0.380456
vt 0.911451 0.382036
vt 0.907756 0.373610
vt 0.911605 0.377888
vt 0.907821 0.368560
vt 0.911415 0.371670
vt 0.420519 0.837752
vt 0.415982 0.844721
vt 0.623578 0.420418
vt 0.621174 0.426280
vt 0.621174 0.415161
vt 0.736045 0.944728
vt 0.735622 0.933648
vt 0.738789 0.940660
vt 0.738789 0.930925
vt 0.061661 0.846723
vt 0.061926 0.855841
vt 0.506819 0.901112
vt 0.503872 0.894233
vt 0.510791 0.894985
vt 0.501698 0.907284
vt 0.498347 0.902463
vt 0.617345 0.031461
vt 0.614031 0.034984
vt 0.616586 0.025615
vt 0.587128 0.810217
vt 0.593335 0.805752
vt 0.585310 0.815116
vt 0.619760 0.042364
vt 0.615580 0.045979
vt 0.618935 0.036895
vt 0.620982 0.047769
vt 0.617442 0.051764
vt 0.061894 0.862640
vt 0.011521 0.100296
vt 0.496785 0.889518
vt 0.952290 0.358593
vt 0.952290 0.350082
vt 0.956249 0.356875
vt 0.954094 0.346716
vt 0.612175 0.029593
vt 0.611262 0.038880
vt 0.486974 0.907013
vt 0.488058 0.889659
vt 0.947581 0.149514
vt 0.947608 0.157731
vt 0.945235 0.153129
vt 0.945235 0.162735
vt 0.617277 0.040932
vt 0.957689 0.931092
vt 0.953311 0.934647
vt 0.953311 0.922951
vt 0.956249 0.623387
vt 0.956249 0.635099
vt 0.954034 0.629626
vt 0.613812 0.793590
vt 0.609841 0.798715
vt 0.611661 0.787368
vt 0.476501 0.902268
vt 0.473133 0.896687
vt 0.386017 0.318270
vt 0.386017 0.306186
vt 0.388836 0.313138
vt 0.583543 0.800659
vt 0.587463 0.795199
vt 0.517311 0.964890
vt 0.517311 0.954103
vt 0.519888 0.959070
vt 0.956002 0.016260
vt 0.959129 0.009992
vt 0.959129 0.021602
vt 0.612164 0.805081
vt 0.608324 0.811252
vt 0.464120 0.899500
vt 0.460048 0.894556
vt 0.613431 0.055649
vt 0.584106 0.790744
vt 0.593335 0.782149
vt 0.614937 0.799072
vt 0.614937 0.812107
vt 0.611365 0.819436
vt 0.816556 0.980731
vt 0.808144 0.980731
vt 0.815999 0.971717
vt 0.647491 0.858320
vt 0.647413 0.846755
vt 0.650941 0.852353
vt 0.650941 0.841469
vt 0.451166 0.887188
vt 0.619955 0.058421
vt 0.169936 0.936664
vt 0.163760 0.942192
vt 0.163760 0.932438
vt 0.614195 0.060486
vt 0.583014 0.786280
vt 0.586516 0.779253
vt 0.529969 0.695394
vt 0.527235 0.702704
vt 0.527235 0.688190
vt 0.644504 0.817996
vt 0.638075 0.804030
vt 0.651158 0.813620
vt 0.644726 0.800029
vt 0.694145 0.244895
vt 0.694145 0.259224
vt 0.690982 0.252376
vt 0.651216 0.795055
vt 0.648136 0.805491
vt 0.647784 0.836998
vt 0.650603 0.829710
vt 0.440757 0.881471
vt 0.441512 0.868563
vt 0.031950 0.625991
vt 0.029047 0.631093
vt 0.029160 0.620296
vt 0.066840 0.820344
vt 0.073683 0.812737
vt 0.074887 0.822897
vt 0.057053 0.817267
vt 0.061451 0.810244
vt 0.951929 0.442803
vt 0.948819 0.447882
vt 0.948819 0.435510
vt 0.867441 0.844273
vt 0.872060 0.840574
vt 0.873346 0.854151
vt 0.904305 0.965289
vt 0.907284 0.960324
vt 0.907284 0.970650
vt 0.443852 0.857972
vt 0.031737 0.635979
vt 0.028566 0.640307
vt 0.442558 0.847835
vt 0.069112 0.803019
vt 0.031323 0.645180
vt 0.956270 0.571477
vt 0.960569 0.564813
vt 0.960569 0.576054
vt 0.411653 0.371306
vt 0.411831 0.382548
vt 0.408570 0.376649
vt 0.409013 0.387926
vt 0.056140 0.804744
vt 0.065463 0.797657
vt 0.074434 0.791820
vt 0.414462 0.376149
vt 0.414759 0.387840
vt 0.411896 0.392954
vt 0.408643 0.398359
vt 0.877163 0.849469
vt 0.555573 0.902821
vt 0.550820 0.907020
vt 0.555892 0.894447
vt 0.065210 0.792033
vt 0.924566 0.867806
vt 0.921612 0.873460
vt 0.921612 0.862146
vt 0.068242 0.786572
vt 0.068841 0.780979
vt 0.074887 0.786638
vt 0.073521 0.776202
vt 0.411745 0.403201
vt 0.408570 0.408998
vt 0.871904 0.835029
vt 0.555892 0.909037
vt 0.551122 0.913045
vt 0.956762 0.654850
vt 0.960569 0.650149
vt 0.960569 0.661022
vt 0.924403 0.878482
vt 0.311084 0.326316
vt 0.320058 0.321348
vt 0.311583 0.331231
vt 0.944806 0.221781
vt 0.944806 0.208783
vt 0.949048 0.217755
vt 0.181457 0.909409
vt 0.179064 0.917365
vt 0.179064 0.899504
vt 0.915891 0.597656
vt 0.908913 0.580039
vt 0.917240 0.591044
vt 0.921483 0.582779
vt 0.922733 0.587988
vt 0.643830 0.938915
vt 0.315840 0.861200
vt 0.315728 0.850802
vt 0.318581 0.855676
vt 0.318324 0.845453
vt 0.393447 0.943288
vt 0.393447 0.932956
vt 0.398917 0.938508
vt 0.398063 0.928546
vt 0.973531 0.360374
vt 0.973531 0.370114
vt 0.970972 0.365517
vt 0.311038 0.321787
vt 0.319434 0.317537
vt 0.325334 0.314052
vt 0.328351 0.317693
vt 0.964082 0.900606
vt 0.966330 0.893795
vt 0.966330 0.904404
vt 0.923126 0.580039
vt 0.645180 0.942445
vt 0.637822 0.946168
vt 0.061926 0.348880
vt 0.059644 0.351393
vt 0.059644 0.346238
vt 0.640860 0.636167
vt 0.938967 0.093031
vt 0.934363 0.102072
vt 0.934143 0.096527
vt 0.816580 0.748614
vt 0.378647 0.621674
vt 0.380063 0.630734
vt 0.376478 0.626144
vt 0.381064 0.617158
vt 0.382112 0.625662
vt 0.828994 0.761582
vt 0.858729 0.589833
vt 0.286479 0.879922
vt 0.284288 0.875473
vt 0.291000 0.870054
vt 0.291600 0.865601
vt 0.938967 0.098454
vt 0.934465 0.108010
vt 0.282755 0.870461
vt 0.292347 0.861100
vt 0.727268 0.970650
vt 0.723567 0.964958
vt 0.727268 0.960251
vt 0.379641 0.642071
vt 0.376372 0.635936
vt 0.966330 0.686944
vt 0.961669 0.681674
vt 0.966330 0.676371
vt 0.376751 0.652091
vt 0.375036 0.646415
vt 0.282573 0.865047
vt 0.288449 0.855629
vt 0.383076 0.636436
vt 0.381216 0.647897
vt 0.378489 0.657947
vt 0.282573 0.859413
vt 0.969210 0.335385
vt 0.969210 0.345632
vt 0.966483 0.342075
vt 0.826820 0.752604
vt 0.820459 0.758199
vt 0.817319 0.745144
vt 0.810653 0.757235
vt 0.805531 0.745319
vt 0.799363 0.746211
vt 0.383076 0.654025
vt 0.381141 0.665342
vt 0.485325 0.960427
vt 0.478542 0.962009
vt 0.478542 0.950790
vt 0.936110 0.711426
vt 0.936110 0.696582
vt 0.938967 0.699931
vt 0.855671 0.594409
vt 0.857755 0.598815
vt 0.855166 0.603416
vt 0.825012 0.760767
vt 0.814820 0.763573
vt 0.805821 0.767001
vt 0.795943 0.760324
vt 0.787682 0.746566
vt 0.787165 0.762138
vt 0.782757 0.760468
vt 0.833830 0.762767
vt 0.825787 0.771436
vt 0.817532 0.772202
vt 0.810017 0.766742
vt 0.816208 0.892518
vt 0.816556 0.896765
vt 0.813332 0.900558
vt 0.816556 0.906423
vt 0.814566 0.911605
vt 0.800805 0.763614
vt 0.792591 0.766828
vt 0.782998 0.764830
vt 0.928147 0.400082
vt 0.924605 0.409040
vt 0.924549 0.403961
vt 0.021577 0.797509
vt 0.021865 0.788006
vt 0.024482 0.794003
vt 0.019741 0.792168
vt 0.010592 0.794299
vt 0.131052 0.838400
vt 0.763328 0.766299
vt 0.757955 0.774061
vt 0.756820 0.767196
vt 0.276736 0.966330
vt 0.276736 0.955599
vt 0.279386 0.960459
vt 0.928430 0.405916
vt 0.924549 0.416199
vt 0.019757 0.781157
vt 0.928886 0.411897
vt 0.368467 0.858789
vt 0.365533 0.864313
vt 0.015775 0.784747
vt 0.365754 0.854404
vt 0.378916 0.861181
vt 0.127824 0.844663
vt 0.130721 0.849891
vt 0.127608 0.855440
vt 0.745002 0.784823
vt 0.748682 0.797160
vt 0.743899 0.790007
vt 0.940217 0.335551
vt 0.937738 0.329833
vt 0.940408 0.325098
vt 0.937738 0.320688
vt 0.380195 0.865821
vt 0.379683 0.875485
vt 0.748107 0.773786
vt 0.754170 0.783462
vt 0.754595 0.794274
vt 0.758129 0.804111
vt 0.751287 0.806868
vt 0.559535 0.084968
vt 0.559535 0.071935
vt 0.561652 0.078254
vt 0.973531 0.735909
vt 0.969662 0.728216
vt 0.973531 0.726188
vt 0.614937 0.978322
vt 0.610648 0.986492
vt 0.610648 0.979854
vt 0.762729 0.771420
vt 0.765510 0.784747
vt 0.759357 0.791378
vt 0.758473 0.800397
vt 0.268124 0.833285
vt 0.268096 0.838597
vt 0.264544 0.841734
vt 0.266198 0.847126
vt 0.021602 0.836846
vt 0.018930 0.842562
vt 0.011477 0.849501
vt 0.013913 0.854315
vt 0.614866 0.983874
vt 0.767910 0.781120
vt 0.699180 0.983612
vt 0.699180 0.974810
vt 0.701345 0.979297
vt 0.765471 0.789545
vt 0.762885 0.797586
vt 0.270745 0.835381
vt 0.270237 0.844025
vt 0.267253 0.852374
vt 0.020006 0.847428
vt 0.019803 0.856767
vt 0.891300 0.169186
vt 0.987341 0.721507
vt 0.987341 0.714402
vt 0.989372 0.717779
vt 0.528212 0.898294
vt 0.521322 0.906649
vt 0.522825 0.895879
vt 0.420519 0.846747
vt 0.360618 0.827666
vt 0.366251 0.833730
vt 0.360040 0.832402
vt 0.368955 0.827467
vt 0.373816 0.819015
vt 0.519310 0.898259
vt 0.515456 0.900717
vt 0.511414 0.907284
vt 0.416352 0.855484
vt 0.419220 0.859760
vt 0.619095 0.007397
vt 0.621315 0.012154
vt 0.617921 0.016510
vt 0.619266 0.022234
vt 0.367043 0.838107
vt 0.378755 0.839990
vt 0.378000 0.845359
vt 0.976411 0.179306
vt 0.976411 0.188658
vt 0.973088 0.184247
vt 0.294208 0.783100
vt 0.298108 0.787759
vt 0.294208 0.793514
vt 0.624325 0.016784
vt 0.621319 0.027612
vt 0.378590 0.834396
vt 0.956249 0.732945
vt 0.956249 0.744549
vt 0.953800 0.738224
vt 0.760891 0.859335
vt 0.766990 0.860676
vt 0.768827 0.866839
vt 0.775298 0.867386
vt 0.625018 0.023641
vt 0.623657 0.033313
vt 0.376676 0.829110
vt 0.709306 0.947637
vt 0.712866 0.955522
vt 0.709306 0.959129
vt 0.752274 0.852233
vt 0.765708 0.854492
vt 0.755987 0.856440
vt 0.775352 0.858415
vt 0.781682 0.867294
vt 0.784076 0.873191
vt 0.790121 0.872649
vt 0.623969 0.039429
vt 0.884799 0.191538
vt 0.743899 0.839261
vt 0.752142 0.845764
vt 0.745243 0.844445
vt 0.762591 0.850485
vt 0.776831 0.849220
vt 0.782574 0.856165
vt 0.787395 0.867731
vt 0.795323 0.873928
vt 0.625018 0.045230
vt 0.624517 0.054550
vt 0.652754 0.783546
vt 0.655261 0.789133
vt 0.647919 0.789538
vt 0.641140 0.794686
vt 0.529660 0.708546
vt 0.814443 0.690208
vt 0.811997 0.678651
vt 0.815116 0.683224
vt 0.166237 0.946168
vt 0.028566 0.607761
vt 0.031605 0.613924
vt 0.651121 0.777996
vt 0.034563 0.619425
vt 0.074044 0.829517
vt 0.909211 0.175696
vt 0.906927 0.161268
vt 0.910165 0.167060
vt 0.910165 0.156337
vt 0.973229 0.958043
vt 0.968907 0.967770
vt 0.968907 0.960515
vt 0.149774 0.957689
vt 0.146160 0.952510
vt 0.149774 0.946057
vt 0.503545 0.022917
vt 0.498220 0.006671
vt 0.504047 0.015067
vt 0.635244 0.799050
vt 0.639500 0.789793
vt 0.651180 0.784075
vt 0.648770 0.778481
vt 0.973531 0.964809
vt 0.500803 0.027363
vt 0.498220 0.016160
vt 0.808582 0.954809
vt 0.808582 0.942663
vt 0.813676 0.947355
vt 0.766738 0.883409
vt 0.770982 0.885911
vt 0.765132 0.897060
vt 0.771646 0.898573
vt 0.972090 0.928886
vt 0.968301 0.922786
vt 0.972090 0.919205
vt 0.536174 0.936087
vt 0.535487 0.927608
vt 0.538610 0.931145
vt 0.639535 0.784895
vt 0.638609 0.774604
vt 0.651860 0.765757
vt 0.649413 0.760175
vt 0.162579 0.971753
vt 0.165615 0.977864
vt 0.162579 0.980731
vt 0.866756 0.856011
vt 0.810878 0.686003
vt 0.808908 0.673977
vt 0.774792 0.889615
vt 0.774792 0.902964
vt 0.532701 0.933506
vt 0.532701 0.921192
vt 0.635244 0.780241
vt 0.874613 0.596215
vt 0.874613 0.583924
vt 0.877042 0.589748
vt 0.876181 0.571850
vt 0.855014 0.853333
vt 0.860941 0.845366
vt 0.967105 0.851119
vt 0.967105 0.840754
vt 0.969210 0.844587
vt 0.968113 0.875602
vt 0.808054 0.691264
vt 0.808054 0.682192
vt 0.821676 0.873360
vt 0.830881 0.867089
vt 0.829275 0.877133
vt 0.837169 0.866359
vt 0.835763 0.854556
vt 0.842219 0.854867
vt 0.840926 0.846489
vt 0.855521 0.847025
vt 0.860091 0.839347
vt 0.922490 0.522562
vt 0.918241 0.515105
vt 0.923126 0.518501
vt 0.916503 0.528529
vt 0.916529 0.519554
vt 0.060002 0.926006
vt 0.060002 0.917989
vt 0.067686 0.919999
vt 0.319873 0.308899
vt 0.316414 0.313175
vt 0.318042 0.836187
vt 0.321150 0.840416
vt 0.315019 0.841502
vt 0.916503 0.510945
vt 0.063378 0.912152
vt 0.061100 0.908537
vt 0.815136 0.627894
vt 0.817259 0.631515
vt 0.325809 0.306017
vt 0.325391 0.301474
vt 0.947538 0.689824
vt 0.945291 0.685244
vt 0.947608 0.680273
vt 0.945291 0.677148
vt 0.976411 0.397477
vt 0.974001 0.393671
vt 0.976411 0.388168
vt 0.819436 0.634739
vt 0.317517 0.303548
vt 0.310330 0.288415
vt 0.328351 0.293149
vt 0.324085 0.284264
vt 0.327523 0.281265
vt 0.835201 0.960395
vt 0.830409 0.955279
vt 0.835278 0.956484
vt 0.309800 0.317625
vt 0.213140 0.974971
vt 0.208517 0.965036
vt 0.212933 0.968228
vt 0.113771 0.976411
vt 0.109951 0.972744
vt 0.113771 0.966777
vt 0.897202 0.594775
vt 0.891864 0.582876
vt 0.897204 0.588014
vt 0.891268 0.573550
vt 0.872419 0.794878
vt 0.868286 0.784857
vt 0.878482 0.786787
vt 0.865493 0.780631
vt 0.835278 0.964890
vt 0.830046 0.959185
vt 0.825606 0.954211
vt 0.315019 0.832131
vt 0.208517 0.973821
vt 0.455082 0.793514
vt 0.447079 0.786536
vt 0.455082 0.784205
vt 0.891268 0.589586
vt 0.871079 0.801115
vt 0.866489 0.791307
vt 0.864055 0.780982
vt 0.831173 0.964530
vt 0.825631 0.958562
vt 0.859964 0.771760
vt 0.876315 0.821839
vt 0.869651 0.817186
vt 0.872895 0.811526
vt 0.866492 0.807435
vt 0.866148 0.797117
vt 0.859123 0.788883
vt 0.856220 0.779716
vt 0.848876 0.774701
vt 0.985782 0.920246
vt 0.985782 0.912759
vt 0.987932 0.917076
vt 0.836945 0.777771
vt 0.834476 0.780852
vt 0.830236 0.775672
vt 0.832595 0.783243
vt 0.830164 0.773567
vt 0.829918 0.786463
vt 0.826808 0.776009
vt 0.823810 0.793737
vt 0.820581 0.783403
vt 0.819110 0.799362
vt 0.814611 0.789935
vt 0.808015 0.798887
vt 0.864080 0.725828
vt 0.859661 0.720724
vt 0.863801 0.720770
vt 0.861748 0.713375
vt 0.823138 0.772390
vt 0.864080 0.707577
vt 0.863914 0.715631
vt 0.820653 0.770762
vt 0.858346 0.710953
vt 0.859084 0.704669
vt 0.861108 0.699483
vt 0.815325 0.775105
vt 0.809645 0.771643
vt 0.814834 0.768090
vt 0.805033 0.769083
vt 0.809028 0.781806
vt 0.803735 0.776596
vt 0.799513 0.773836
vt 0.795816 0.770112
vt 0.802372 0.788930
vt 0.796929 0.781435
vt 0.793609 0.778953
vt 0.787046 0.767966
vt 0.573173 0.903780
vt 0.571023 0.905187
vt 0.571023 0.894637
vt 0.785524 0.767814
vt 0.796917 0.798689
vt 0.793041 0.792979
vt 0.787748 0.785253
vt 0.782837 0.778070
vt 0.777226 0.769876
vt 0.571392 0.913045
vt 0.774559 0.765786
vt 0.950977 0.106050
vt 0.954809 0.107073
vt 0.954212 0.113771
vt 0.954809 0.101703
vt 0.773368 0.777372
vt 0.774053 0.780326
vt 0.776326 0.785086
vt 0.783955 0.794708
vt 0.787232 0.800820
vt 0.792566 0.808531
vt 0.962010 0.451356
vt 0.962010 0.462283
vt 0.959886 0.459726
vt 0.769171 0.785285
vt 0.765428 0.786787
vt 0.508752 0.987932
vt 0.508752 0.980229
vt 0.511248 0.983076
vt 0.908696 0.653622
vt 0.909495 0.646880
vt 0.911489 0.655261
vt 0.913045 0.649881
vt 0.912103 0.641489
vt 0.774588 0.796692
vt 0.765589 0.799039
vt 0.763319 0.792893
vt 0.761073 0.802316
vt 0.908696 0.637136
vt 0.753266 0.804418
vt 0.777552 0.803267
vt 0.773057 0.806780
vt 0.762943 0.808840
vt 0.753723 0.811093
vt 0.270745 0.850668
vt 0.784605 0.811188
vt 0.776498 0.813566
vt 0.769715 0.815776
vt 0.765213 0.817532
vt 0.750994 0.820442
vt 0.267870 0.860014
vt 0.264995 0.861200
vt 0.790141 0.818217
vt 0.781185 0.820650
vt 0.774761 0.822369
vt 0.769789 0.823691
vt 0.758280 0.826837
vt 0.750353 0.828853
vt 0.748496 0.821641
vt 0.747902 0.829290
vt 0.891443 0.175961
vt 0.750342 0.838099
vt 0.762110 0.834435
vt 0.774664 0.830129
vt 0.781856 0.828447
vt 0.789250 0.826870
vt 0.797624 0.824905
vt 0.757490 0.845873
vt 0.767789 0.842798
vt 0.770097 0.849371
vt 0.268161 0.683022
vt 0.270745 0.675810
vt 0.270745 0.689824
vt 0.780278 0.837566
vt 0.780053 0.845712
vt 0.784020 0.847352
vt 0.269036 0.669298
vt 0.788581 0.835613
vt 0.785982 0.847622
vt 0.788352 0.851282
vt 0.977851 0.116037
vt 0.977851 0.125292
vt 0.974792 0.119900
vt 0.788917 0.856986
vt 0.798402 0.831120
vt 0.796660 0.842388
vt 0.796289 0.850682
vt 0.796195 0.857688
vt 0.795650 0.866312
vt 0.806212 0.829593
vt 0.805664 0.838918
vt 0.805112 0.848329
vt 0.804597 0.857150
vt 0.804204 0.863927
vt 0.803491 0.876117
vt 0.803225 0.881362
vt 0.843297 0.781233
vt 0.847525 0.788281
vt 0.852923 0.795829
vt 0.860274 0.804357
vt 0.863577 0.814524
vt 0.878285 0.757073
vt 0.875359 0.764711
vt 0.839802 0.786013
vt 0.842875 0.794231
vt 0.835892 0.791206
vt 0.848158 0.802237
vt 0.842960 0.798197
vt 0.833339 0.795648
vt 0.853316 0.811529
vt 0.845929 0.808414
vt 0.837913 0.805119
vt 0.826185 0.803310
vt 0.869277 0.825315
vt 0.859540 0.822045
vt 0.847784 0.818544
vt 0.842001 0.815770
vt 0.828622 0.812625
vt 0.820019 0.810018
vt 0.868051 0.834531
vt 0.859633 0.831671
vt 0.852647 0.829288
vt 0.843243 0.826053
vt 0.831559 0.821995
vt 0.821950 0.818658
vt 0.812056 0.875462
vt 0.812869 0.871063
vt 0.813632 0.863849
vt 0.813736 0.851810
vt 0.814834 0.845485
vt 0.813876 0.831733
vt 0.814039 0.823531
vt 0.822094 0.864300
vt 0.822663 0.855529
vt 0.832581 0.860627
vt 0.857952 0.638389
vt 0.861068 0.631908
vt 0.860416 0.645180
vt 0.821976 0.844041
vt 0.830876 0.847951
vt 0.837926 0.849099
vt 0.858471 0.625993
vt 0.861200 0.622918
vt 0.823917 0.837917
vt 0.831313 0.839330
vt 0.837600 0.840334
vt 0.846081 0.843381
vt 0.857952 0.618628
vt 0.823479 0.827967
vt 0.833663 0.832120
vt 0.839845 0.833460
vt 0.846467 0.835365
vt 0.858147 0.840011
vt 0.982171 0.318711
vt 0.979329 0.319710
vt 0.979329 0.311228
vt 0.491356 0.982171
vt 0.491356 0.973273
vt 0.493966 0.979811
vt 0.875599 0.740716
vt 0.297339 0.242028
vt 0.245238 0.219602
vt 0.297353 0.219952
vt 0.245224 0.241678
vt 0.006840 0.229804
vt 0.288940 0.205966
vt 0.238361 0.183552
vt 0.288663 0.183889
vt 0.238638 0.205628
vt 0.006307 0.193806
vt 0.297097 0.278066
vt 0.244922 0.255604
vt 0.297223 0.255955
vt 0.244797 0.277715
vt 0.006311 0.265497
vt 0.287742 0.169920
vt 0.237408 0.147541
vt 0.287298 0.147876
vt 0.237852 0.169586
vt 0.007028 0.157999
vt 0.006799 0.901519
vt 0.028803 0.879395
vt 0.028803 0.901524
vt 0.622138 0.777672
vt 0.610066 0.747147
vt 0.622138 0.753265
vt 0.620544 0.634862
vt 0.210802 0.591997
vt 0.242908 0.604856
vt 0.209636 0.604856
vt 0.244074 0.591997
vt 0.396037 0.602277
vt 0.411365 0.600545
vt 0.445835 0.613497
vt 0.412733 0.613497
vt 0.444467 0.600545
vt 0.594775 0.610794
vt 0.593335 0.589015
vt 0.559399 0.576370
vt 0.593035 0.576370
vt 0.559698 0.589015
vt 0.406550 0.578668
vt 0.474337 0.922599
vt 0.488205 0.937017
vt 0.474337 0.937527
vt 0.544371 0.223070
vt 0.527829 0.256500
vt 0.527829 0.220998
vt 0.544371 0.258571
vt 0.541367 0.417639
vt 0.692466 0.711426
vt 0.709986 0.677196
vt 0.709986 0.706128
vt 0.692466 0.682494
vt 0.696820 0.542777
vt 0.547251 0.006603
vt 0.531475 0.044635
vt 0.531475 0.009991
vt 0.547251 0.041248
vt 0.545188 0.203059
vt 0.206599 0.512688
vt 0.171263 0.496390
vt 0.207379 0.496390
vt 0.170483 0.512688
vt 0.006926 0.509993
vt 0.146348 0.882582
vt 0.164175 0.899406
vt 0.146348 0.901524
vt 0.188658 0.763271
vt 0.173208 0.734719
vt 0.188658 0.735472
vt 0.181994 0.605714
vt 0.713169 0.172782
vt 0.728708 0.143095
vt 0.728708 0.172816
vt 0.713169 0.143061
vt 0.721598 0.007479
vt 0.040719 0.766151
vt 0.056165 0.736785
vt 0.056165 0.765632
vt 0.040719 0.737305
vt 0.049515 0.607503
vt 0.771912 0.613497
vt 0.757055 0.585319
vt 0.771912 0.587665
vt 0.766852 0.465135
vt 0.302002 0.928886
vt 0.316829 0.912640
vt 0.316829 0.927918
vt 0.558173 0.290907
vt 0.573173 0.253152
vt 0.573173 0.287381
vt 0.558173 0.256678
vt 0.571289 0.101338
vt 0.503124 0.512299
vt 0.518448 0.476659
vt 0.518448 0.512688
vt 0.503124 0.476270
vt 0.516179 0.312057
vt 0.012194 0.578379
vt 0.040074 0.593335
vt 0.007414 0.593335
vt 0.044855 0.578379
vt 0.194418 0.591502
vt 0.622138 0.257784
vt 0.604947 0.222736
vt 0.622138 0.226411
vt 0.617271 0.077416
vt 0.685383 0.894338
vt 0.702785 0.912637
vt 0.685383 0.913045
vt 0.104039 0.766151
vt 0.126732 0.736108
vt 0.126732 0.765255
vt 0.104039 0.737004
vt 0.117973 0.605739
vt 0.735289 0.270989
vt 0.757510 0.243036
vt 0.757510 0.272185
vt 0.735289 0.241839
vt 0.749861 0.107727
vt 0.806571 0.610818
vt 0.829517 0.591980
vt 0.829517 0.613497
vt 0.806571 0.589301
vt 0.819995 0.484741
vt 0.737987 0.449322
vt 0.760391 0.419407
vt 0.760391 0.448950
vt 0.737987 0.419779
vt 0.752344 0.285668
vt 0.711426 0.879978
vt 0.689528 0.858447
vt 0.711426 0.857063
vt 0.688650 0.508367
vt 0.699905 0.473093
vt 0.699882 0.502563
vt 0.688674 0.478898
vt 0.688650 0.338901
vt 0.584694 0.307163
vt 0.571967 0.339253
vt 0.571967 0.305555
vt 0.584694 0.340861
vt 0.583235 0.492526
vt 0.567413 0.500704
vt 0.555009 0.467042
vt 0.567413 0.466579
vt 0.556104 0.311071
vt 0.597870 0.491086
vt 0.610617 0.455553
vt 0.610617 0.488358
vt 0.597870 0.458281
vt 0.599352 0.305694
vt 0.892883 0.911210
vt 0.877287 0.927446
vt 0.877287 0.911397
vt 0.204499 0.538610
vt 0.167673 0.527960
vt 0.203050 0.527975
vt 0.169122 0.538595
vt 0.006518 0.538610
vt 0.194676 0.564533
vt 0.162882 0.553018
vt 0.197298 0.553018
vt 0.160260 0.564533
vt 0.006316 0.563706
vt 0.596216 0.006542
vt 0.583397 0.042547
vt 0.583397 0.009729
vt 0.596216 0.039359
vt 0.593854 0.192978
vt 0.389497 0.567292
vt 0.360087 0.578934
vt 0.356427 0.567292
vt 0.205414 0.577969
vt 0.267865 0.928886
vt 0.253418 0.913118
vt 0.267865 0.914024
vt 0.006799 0.879391
vt 0.610066 0.771554
vt 0.488205 0.922089
vt 0.164175 0.880464
vt 0.173208 0.762518
vt 0.757055 0.611151
vt 0.302002 0.913608
vt 0.604947 0.254110
vt 0.702785 0.893930
vt 0.689528 0.881362
vt 0.555009 0.501167
vt 0.892883 0.927259
vt 0.393157 0.578934
vt 0.253418 0.927980
s 1
f 1/1/1 20/2/2 19/3/3
f 2/4/4 26/5/5 40/6/6
f 1/1/1 19/3/3 54/7/7
f 1/1/1 54/7/7 68/8/8
f 1/1/1 68/8/8 41/9/9
f 2/10/4 40/11/6 89/12/10
f 3/13/11 33/14/12 103/15/13
f 4/16/14 61/17/15 117/18/16
f 5/19/17 75/20/18 131/21/19
f 6/22/20 82/23/21 145/24/22
f 2/10/4 89/12/10 104/25/23
f 3/26/11 103/27/13 118/28/24
f 4/16/14 117/18/16 132/29/25
f 5/19/17 131/21/19 146/30/26
f 6/22/20 145/24/22 90/31/27
f 7/32/28 159/33/29 194/34/30
f 8/35/31 166/36/32 208/37/33
f 9/38/34 173/39/35 215/40/36
f 10/41/37 180/42/38 222/43/39
f 11/44/40 187/45/41 195/46/42
f 201/47/43 216/48/44 12/49/45
f 200/50/46 223/51/47 201/47/43
f 199/52/48 224/53/49 200/54/46
f 198/55/50 226/56/51 199/57/48
f 197/58/52 229/59/53 198/55/50
f 196/60/54 233/61/55 197/58/52
f 195/62/42 238/63/56 196/60/54
f 201/47/43 223/51/47 216/48/44
f 223/51/47 217/64/57 216/48/44
f 200/50/46 224/65/49 223/51/47
f 224/65/49 225/66/58 223/51/47
f 223/51/47 225/66/58 217/64/57
f 225/66/58 218/67/59 217/64/57
f 199/57/48 226/56/51 224/65/49
f 226/56/51 227/68/60 224/65/49
f 224/65/49 227/68/60 225/66/58
f 227/68/60 228/69/61 225/66/58
f 225/66/58 228/69/61 218/67/59
f 228/69/61 219/70/62 218/67/59
f 198/55/50 229/59/53 226/56/51
f 229/59/53 230/71/63 226/56/51
f 226/56/51 230/71/63 227/68/60
f 230/71/63 231/72/64 227/68/60
f 227/68/60 231/72/64 228/69/61
f 231/72/64 232/73/65 228/69/61
f 228/69/61 232/73/65 219/70/62
f 232/74/65 220/75/66 219/76/62
f 197/58/52 233/61/55 229/59/53
f 233/61/55 234/77/67 229/59/53
f 229/59/53 234/77/67 230/71/63
f 234/77/67 235/78/68 230/71/63
f 230/71/63 235/78/68 231/72/64
f 235/78/68 236/79/69 231/72/64
f 231/72/64 236/79/69 232/73/65
f 236/79/69 237/80/70 232/73/65
f 232/73/65 237/80/70 220/81/66
f 237/80/70 221/82/71 220/81/66
f 196/60/54 238/63/56 233/61/55
f 238/63/56 239/83/72 233/61/55
f 233/61/55 239/83/72 234/77/67
f 239/83/72 240/84/73 234/77/67
f 234/77/67 240/84/73 235/78/68
f 240/84/73 241/85/74 235/78/68
f 235/78/68 241/85/74 236/79/69
f 241/85/74 242/86/75 236/79/69
f 236/79/69 242/86/75 237/80/70
f 242/86/75 243/87/76 237/80/70
f 237/80/70 243/87/76 221/82/71
f 243/87/76 222/43/39 221/82/71
f 195/62/42 187/88/41 238/63/56
f 187/88/41 186/89/77 238/63/56
f 238/63/56 186/89/77 239/83/72
f 186/89/77 185/90/78 239/83/72
f 239/83/72 185/90/78 240/84/73
f 185/90/78 184/91/79 240/84/73
f 240/92/73 184/93/79 241/94/74
f 184/91/79 183/95/80 241/85/74
f 241/85/74 183/95/80 242/86/75
f 183/95/80 182/96/81 242/86/75
f 242/86/75 182/96/81 243/87/76
f 182/97/81 181/98/82 243/99/76
f 243/100/76 181/101/82 222/102/39
f 181/103/82 10/41/37 222/43/39
f 216/48/44 209/104/83 12/49/45
f 217/64/57 244/105/84 216/48/44
f 218/67/59 245/106/85 217/64/57
f 219/70/62 247/107/86 218/67/59
f 220/75/66 250/108/87 219/76/62
f 221/82/71 254/109/88 220/81/66
f 222/43/39 259/110/89 221/82/71
f 216/48/44 244/105/84 209/104/83
f 244/105/84 210/111/90 209/104/83
f 217/64/57 245/106/85 244/105/84
f 245/106/85 246/112/91 244/105/84
f 244/105/84 246/112/91 210/111/90
f 246/112/91 211/113/92 210/111/90
f 218/114/59 247/115/86 245/116/85
f 247/115/86 248/117/93 245/116/85
f 245/106/85 248/118/93 246/112/91
f 248/118/93 249/119/94 246/112/91
f 246/112/91 249/119/94 211/113/92
f 249/119/94 212/120/95 211/113/92
f 219/70/62 250/121/87 247/107/86
f 250/121/87 251/122/96 247/107/86
f 247/115/86 251/123/96 248/117/93
f 251/123/96 252/124/97 248/117/93
f 248/118/93 252/125/97 249/119/94
f 252/125/97 253/126/98 249/119/94
f 249/119/94 253/126/98 212/120/95
f 253/126/98 213/127/99 212/120/95
f 220/75/66 254/128/88 250/108/87
f 254/128/88 255/129/100 250/108/87
f 250/121/87 255/130/100 251/122/96
f 255/130/100 256/131/101 251/122/96
f 251/123/96 256/132/101 252/124/97
f 256/132/101 257/133/102 252/124/97
f 252/125/97 257/134/102 253/126/98
f 257/134/102 258/135/103 253/126/98
f 253/126/98 258/135/103 213/127/99
f 258/136/103 214/137/104 213/138/99
f 221/82/71 259/110/89 254/109/88
f 259/110/89 260/139/105 254/109/88
f 254/128/88 260/140/105 255/129/100
f 260/140/105 261/141/106 255/129/100
f 255/130/100 261/142/106 256/131/101
f 261/142/106 262/143/107 256/131/101
f 256/131/101 262/143/107 257/134/102
f 262/143/107 263/144/108 257/134/102
f 257/145/102 263/146/108 258/147/103
f 263/146/108 264/148/109 258/147/103
f 258/136/103 264/149/109 214/137/104
f 264/149/109 215/150/36 214/137/104
f 222/43/39 180/42/38 259/110/89
f 180/42/38 179/151/110 259/110/89
f 259/110/89 179/151/110 260/139/105
f 179/151/110 178/152/111 260/139/105
f 260/139/105 178/152/111 261/142/106
f 178/152/111 177/153/112 261/142/106
f 261/142/106 177/153/112 262/143/107
f 177/153/112 176/154/113 262/143/107
f 262/143/107 176/154/113 263/144/108
f 176/154/113 175/155/114 263/144/108
f 263/146/108 175/156/114 264/148/109
f 175/157/114 174/158/115 264/149/109
f 264/149/109 174/158/115 215/150/36
f 174/159/115 9/38/34 215/40/36
f 209/104/83 202/160/116 12/49/45
f 210/111/90 265/161/117 209/104/83
f 211/113/92 266/162/118 210/111/90
f 212/120/95 268/163/119 211/113/92
f 213/127/99 271/164/120 212/120/95
f 214/137/104 275/165/121 213/138/99
f 215/150/36 280/166/122 214/137/104
f 209/104/83 265/161/117 202/160/116
f 265/161/117 203/167/123 202/160/116
f 210/111/90 266/162/118 265/161/117
f 266/162/118 267/168/124 265/161/117
f 265/161/117 267/168/124 203/167/123
f 267/168/124 204/169/125 203/167/123
f 211/113/92 268/163/119 266/162/118
f 268/163/119 269/170/126 266/162/118
f 266/162/118 269/170/126 267/168/124
f 269/170/126 270/171/127 267/168/124
f 267/168/124 270/171/127 204/169/125
f 270/171/127 205/172/128 204/169/125
f 212/120/95 271/164/120 268/163/119
f 271/164/120 272/173/129 268/163/119
f 268/163/119 272/173/129 269/170/126
f 272/173/129 273/174/130 269/170/126
f 269/170/126 273/174/130 270/171/127
f 273/174/130 274/175/131 270/171/127
f 270/171/127 274/175/131 205/172/128
f 274/175/131 206/176/132 205/172/128
f 213/127/99 275/177/121 271/164/120
f 275/177/121 276/178/133 271/164/120
f 271/164/120 276/178/133 272/173/129
f 276/178/133 277/179/134 272/173/129
f 272/173/129 277/179/134 273/174/130
f 277/180/134 278/181/135 273/182/130
f 273/182/130 278/181/135 274/183/131
f 278/184/135 279/185/136 274/175/131
f 274/175/131 279/185/136 206/176/132
f 279/185/136 207/186/137 206/176/132
f 214/187/104 280/188/122 275/177/121
f 280/188/122 281/189/138 275/177/121
f 275/190/121 281/191/138 276/192/133
f 281/191/138 282/193/139 276/192/133
f 276/192/133 282/193/139 277/194/134
f 282/193/139 283/195/140 277/194/134
f 277/180/134 283/196/140 278/181/135
f 283/197/140 284/198/141 278/184/135
f 278/184/135 284/198/141 279/185/136
f 284/198/141 285/199/142 279/185/136
f 279/185/136 285/199/142 207/186/137
f 285/199/142 208/200/33 207/186/137
f 215/150/36 173/201/35 280/166/122
f 173/201/35 172/202/143 280/166/122
f 280/188/122 172/203/143 281/189/138
f 172/203/143 171/204/144 281/189/138
f 281/189/138 171/204/144 282/205/139
f 171/204/144 170/206/145 282/205/139
f 282/205/139 170/206/145 283/197/140
f 170/206/145 169/207/146 283/197/140
f 283/197/140 169/207/146 284/198/141
f 169/208/146 168/209/147 284/210/141
f 284/198/141 168/211/147 285/199/142
f 168/211/147 167/212/148 285/199/142
f 285/199/142 167/212/148 208/200/33
f 167/213/148 8/35/31 208/37/33
f 202/160/116 188/214/149 12/49/45
f 203/167/123 286/215/150 202/160/116
f 204/169/125 287/216/151 203/167/123
f 205/172/128 289/217/152 204/169/125
f 206/176/132 292/218/153 205/172/128
f 207/219/137 296/220/154 206/221/132
f 208/200/33 301/222/155 207/186/137
f 202/160/116 286/215/150 188/214/149
f 286/215/150 189/223/156 188/214/149
f 203/167/123 287/216/151 286/215/150
f 287/216/151 288/224/157 286/215/150
f 286/215/150 288/224/157 189/223/156
f 288/224/157 190/225/158 189/223/156
f 204/169/125 289/217/152 287/216/151
f 289/217/152 290/226/159 287/216/151
f 287/216/151 290/226/159 288/224/157
f 290/226/159 291/227/160 288/224/157
f 288/224/157 291/227/160 190/225/158
f 291/227/160 191/228/161 190/225/158
f 205/172/128 292/218/153 289/217/152
f 292/218/153 293/229/162 289/217/152
f 289/217/152 293/229/162 290/226/159
f 293/229/162 294/230/163 290/226/159
f 290/226/159 294/230/163 291/227/160
f 294/230/163 295/231/164 291/227/160
f 291/227/160 295/231/164 191/228/161
f 295/231/164 192/232/165 191/228/161
f 206/221/132 296/220/154 292/233/153
f 296/220/154 297/234/166 292/233/153
f 292/218/153 297/235/166 293/229/162
f 297/236/166 298/237/167 293/238/162
f 293/238/162 298/237/167 294/239/163
f 298/240/167 299/241/168 294/230/163
f 294/230/163 299/241/168 295/231/164
f 299/241/168 300/242/169 295/231/164
f 295/231/164 300/242/169 192/232/165
f 300/242/169 193/243/170 192/232/165
f 207/186/137 301/222/155 296/244/154
f 301/222/155 302/245/171 296/244/154
f 296/244/154 302/245/171 297/235/166
f 302/245/171 303/246/172 297/235/166
f 297/235/166 303/246/172 298/240/167
f 303/246/172 304/247/173 298/240/167
f 298/240/167 304/247/173 299/241/168
f 304/248/173 305/249/174 299/250/168
f 299/241/168 305/251/174 300/242/169
f 305/251/174 306/252/175 300/242/169
f 300/242/169 306/252/175 193/243/170
f 306/252/175 194/34/30 193/243/170
f 208/37/33 166/36/32 301/253/155
f 166/254/32 165/255/176 301/256/155
f 301/222/155 165/257/176 302/245/171
f 165/257/176 164/258/177 302/245/171
f 302/259/171 164/260/177 303/261/172
f 164/258/177 163/262/178 303/246/172
f 303/246/172 163/262/178 304/247/173
f 163/262/178 162/263/179 304/247/173
f 304/247/173 162/263/179 305/251/174
f 162/263/179 161/264/180 305/251/174
f 305/251/174 161/264/180 306/252/175
f 161/264/180 160/265/181 306/252/175
f 306/252/175 160/265/181 194/34/30
f 160/265/181 7/32/28 194/34/30
f 188/214/149 201/47/43 12/49/45
f 189/223/156 307/266/182 188/214/149
f 190/225/158 308/267/183 189/223/156
f 191/228/161 310/268/184 190/225/158
f 192/232/165 313/269/185 191/228/161
f 193/243/170 317/270/186 192/232/165
f 194/34/30 322/271/187 193/243/170
f 188/214/149 307/266/182 201/47/43
f 307/266/182 200/50/46 201/47/43
f 189/223/156 308/267/183 307/266/182
f 308/267/183 309/272/188 307/266/182
f 307/266/182 309/272/188 200/50/46
f 309/273/188 199/274/48 200/275/46
f 190/225/158 310/268/184 308/267/183
f 310/268/184 311/276/189 308/267/183
f 308/267/183 311/276/189 309/272/188
f 311/276/189 312/277/190 309/272/188
f 309/272/188 312/277/190 199/57/48
f 312/277/190 198/55/50 199/57/48
f 191/228/161 313/269/185 310/268/184
f 313/269/185 314/278/191 310/268/184
f 310/268/184 314/278/191 311/276/189
f 314/278/191 315/279/192 311/276/189
f 311/276/189 315/279/192 312/277/190
f 315/279/192 316/280/193 312/277/190
f 312/277/190 316/280/193 198/55/50
f 316/280/193 197/58/52 198/55/50
f 192/232/165 317/270/186 313/269/185
f 317/270/186 318/281/194 313/269/185
f 313/269/185 318/281/194 314/278/191
f 318/281/194 319/282/195 314/278/191
f 314/278/191 319/282/195 315/279/192
f 319/282/195 320/283/196 315/279/192
f 315/279/192 320/283/196 316/280/193
f 320/283/196 321/284/197 316/280/193
f 316/280/193 321/284/197 197/58/52
f 321/284/197 196/60/54 197/58/52
f 193/243/170 322/271/187 317/270/186
f 322/271/187 323/285/198 317/270/186
f 317/270/186 323/285/198 318/281/194
f 323/285/198 324/286/199 318/281/194
f 318/281/194 324/286/199 319/282/195
f 324/286/199 325/287/200 319/282/195
f 319/282/195 325/287/200 320/283/196
f 325/287/200 326/288/201 320/283/196
f 320/283/196 326/288/201 321/284/197
f 326/288/201 327/289/202 321/284/197
f 321/284/197 327/289/202 196/60/54
f 327/289/202 195/62/42 196/60/54
f 194/34/30 159/33/29 322/271/187
f 159/33/29 158/290/203 322/271/187
f 322/271/187 158/290/203 323/285/198
f 158/290/203 157/291/204 323/285/198
f 323/285/198 157/291/204 324/286/199
f 157/291/204 156/292/205 324/286/199
f 324/286/199 156/292/205 325/287/200
f 156/292/205 155/293/206 325/287/200
f 325/287/200 155/293/206 326/288/201
f 155/293/206 154/294/207 326/288/201
f 326/288/201 154/294/207 327/289/202
f 154/295/207 153/296/208 327/297/202
f 327/298/202 153/299/208 195/300/42
f 153/301/208 11/302/40 195/303/42
f 96/304/209 187/45/41 11/44/40
f 95/305/210 328/306/211 96/304/209
f 94/307/212 329/308/213 95/305/210
f 93/309/214 331/310/215 94/307/212
f 92/311/216 334/312/217 93/313/214
f 91/314/218 338/315/219 92/316/216
f 90/31/27 343/317/220 91/318/218
f 96/304/209 328/306/211 187/45/41
f 328/306/211 186/319/77 187/45/41
f 95/305/210 329/308/213 328/306/211
f 329/308/213 330/320/221 328/306/211
f 328/306/211 330/320/221 186/319/77
f 330/321/221 185/90/78 186/89/77
f 94/307/212 331/310/215 329/308/213
f 331/310/215 332/322/222 329/308/213
f 329/308/213 332/322/222 330/320/221
f 332/323/222 333/324/223 330/325/221
f 330/321/221 333/326/223 185/90/78
f 333/326/223 184/91/79 185/90/78
f 93/327/214 334/328/217 331/329/215
f 334/328/217 335/330/224 331/329/215
f 331/310/215 335/331/224 332/322/222
f 335/332/224 336/333/225 332/334/222
f 332/323/222 336/335/225 333/324/223
f 336/336/225 337/337/226 333/338/223
f 333/326/223 337/339/226 184/91/79
f 337/339/226 183/95/80 184/91/79
f 92/340/216 338/341/219 334/328/217
f 338/341/219 339/342/227 334/328/217
f 334/328/217 339/342/227 335/330/224
f 339/342/227 340/343/228 335/330/224
f 335/332/224 340/344/228 336/333/225
f 340/345/228 341/346/229 336/347/225
f 336/347/225 341/346/229 337/348/226
f 341/349/229 342/350/230 337/351/226
f 337/339/226 342/352/230 183/95/80
f 342/353/230 182/97/81 183/354/80
f 91/314/218 343/355/220 338/315/219
f 343/355/220 344/356/231 338/315/219
f 338/341/219 344/357/231 339/342/227
f 344/357/231 345/358/232 339/342/227
f 339/359/227 345/360/232 340/361/228
f 345/360/232 346/362/233 340/361/228
f 340/343/228 346/363/233 341/364/229
f 346/363/233 347/365/234 341/364/229
f 341/366/229 347/367/234 342/352/230
f 347/367/234 348/368/235 342/352/230
f 342/353/230 348/369/235 182/97/81
f 348/369/235 181/98/82 182/97/81
f 90/31/27 145/24/22 343/317/220
f 145/370/22 144/371/236 343/372/220
f 343/372/220 144/371/236 344/373/231
f 144/374/236 143/375/237 344/357/231
f 344/357/231 143/375/237 345/358/232
f 143/375/237 142/376/238 345/358/232
f 345/358/232 142/376/238 346/363/233
f 142/376/238 141/377/239 346/363/233
f 346/363/233 141/377/239 347/365/234
f 141/377/239 140/378/240 347/365/234
f 347/367/234 140/379/240 348/368/235
f 140/379/240 139/380/241 348/368/235
f 348/368/235 139/380/241 181/103/82
f 139/380/241 10/41/37 181/103/82
f 152/381/242 180/382/38 10/383/37
f 151/384/243 349/385/244 152/381/242
f 150/386/245 350/387/246 151/388/243
f 149/389/247 352/390/248 150/391/245
f 148/392/249 355/393/250 149/394/247
f 147/395/251 359/396/252 148/397/249
f 146/398/26 364/399/253 147/400/251
f 152/381/242 349/385/244 180/382/38
f 349/385/244 179/401/110 180/382/38
f 151/384/243 350/402/246 349/385/244
f 350/402/246 351/403/254 349/385/244
f 349/385/244 351/403/254 179/401/110
f 351/404/254 178/152/111 179/151/110
f 150/386/245 352/405/248 350/387/246
f 352/405/248 353/406/255 350/387/246
f 350/402/246 353/407/255 351/403/254
f 353/408/255 354/409/256 351/404/254
f 351/404/254 354/409/256 178/152/111
f 354/409/256 177/153/112 178/152/111
f 149/410/247 355/411/250 352/405/248
f 355/411/250 356/412/257 352/405/248
f 352/405/248 356/412/257 353/406/255
f 356/413/257 357/414/258 353/415/255
f 353/415/255 357/414/258 354/416/256
f 357/414/258 358/417/259 354/416/256
f 354/416/256 358/417/259 177/418/112
f 358/417/259 176/419/113 177/418/112
f 148/392/249 359/420/252 355/393/250
f 359/396/252 360/421/260 355/411/250
f 355/411/250 360/421/260 356/412/257
f 360/422/260 361/423/261 356/424/257
f 356/425/257 361/426/261 357/427/258
f 361/426/261 362/428/262 357/427/258
f 357/414/258 362/429/262 358/417/259
f 362/430/262 363/431/263 358/432/259
f 358/433/259 363/434/263 176/435/113
f 363/436/263 175/437/114 176/438/113
f 147/395/251 364/439/253 359/396/252
f 364/439/253 365/440/264 359/396/252
f 359/396/252 365/440/264 360/421/260
f 365/440/264 366/441/265 360/421/260
f 360/422/260 366/442/265 361/423/261
f 366/443/265 367/444/266 361/426/261
f 361/426/261 367/444/266 362/428/262
f 367/444/266 368/445/267 362/428/262
f 362/446/262 368/447/267 363/436/263
f 368/447/267 369/448/268 363/436/263
f 363/436/263 369/448/268 175/437/114
f 369/449/268 174/450/115 175/451/114
f 146/398/26 131/452/19 364/399/253
f 131/453/19 130/454/269 364/455/253
f 364/456/253 130/457/269 365/458/264
f 130/457/269 129/459/270 365/458/264
f 365/440/264 129/460/270 366/441/265
f 129/461/270 128/462/271 366/463/265
f 366/443/265 128/464/271 367/444/266
f 128/464/271 127/465/272 367/444/266
f 367/466/266 127/467/272 368/468/267
f 127/467/272 126/469/273 368/468/267
f 368/468/267 126/469/273 369/470/268
f 126/469/273 125/471/274 369/470/268
f 369/470/268 125/471/274 174/472/115
f 125/473/274 9/474/34 174/475/115
f 138/476/275 173/39/35 9/38/34
f 137/477/276 370/478/277 138/476/275
f 136/479/278 371/480/279 137/481/276
f 135/482/280 373/483/281 136/484/278
f 134/485/282 376/486/283 135/487/280
f 133/488/284 380/489/285 134/490/282
f 132/491/25 385/492/286 133/493/284
f 138/476/275 370/478/277 173/39/35
f 370/478/277 172/203/143 173/39/35
f 137/481/276 371/480/279 370/494/277
f 371/495/279 372/496/287 370/497/277
f 370/478/277 372/498/287 172/203/143
f 372/498/287 171/204/144 172/203/143
f 136/499/278 373/500/281 371/501/279
f 373/500/281 374/502/288 371/501/279
f 371/495/279 374/503/288 372/496/287
f 374/504/288 375/505/289 372/506/287
f 372/498/287 375/507/289 171/204/144
f 375/508/289 170/509/145 171/510/144
f 135/482/280 376/511/283 373/483/281
f 376/512/283 377/513/290 373/514/281
f 373/515/281 377/516/290 374/517/288
f 377/518/290 378/519/291 374/520/288
f 374/521/288 378/522/291 375/523/289
f 378/522/291 379/524/292 375/523/289
f 375/525/289 379/526/292 170/527/145
f 379/528/292 169/529/146 170/530/145
f 134/531/282 380/532/285 376/533/283
f 380/534/285 381/535/293 376/536/283
f 376/536/283 381/535/293 377/537/290
f 381/535/293 382/538/294 377/537/290
f 377/537/290 382/538/294 378/539/291
f 382/538/294 383/540/295 378/539/291
f 378/522/291 383/541/295 379/524/292
f 383/542/295 384/543/296 379/544/292
f 379/528/292 384/545/296 169/529/146
f 384/545/296 168/546/147 169/529/146
f 133/488/284 385/547/286 380/489/285
f 385/547/286 386/548/297 380/489/285
f 380/489/285 386/548/297 381/549/293
f 386/550/297 387/551/298 381/552/293
f 381/552/293 387/551/298 382/553/294
f 387/554/298 388/555/299 382/556/294
f 382/538/294 388/557/299 383/540/295
f 388/558/299 389/559/300 383/560/295
f 383/542/295 389/561/300 384/543/296
f 389/562/300 390/563/301 384/564/296
f 384/565/296 390/566/301 168/567/147
f 390/568/301 167/213/148 168/569/147
f 132/29/25 117/18/16 385/570/286
f 117/571/16 116/572/302 385/573/286
f 385/574/286 116/575/302 386/576/297
f 116/575/302 115/577/303 386/576/297
f 386/576/297 115/577/303 387/578/298
f 115/577/303 114/579/304 387/578/298
f 387/578/298 114/579/304 388/580/299
f 114/581/304 113/582/305 388/558/299
f 388/558/299 113/582/305 389/559/300
f 113/583/305 112/584/306 389/585/300
f 389/586/300 112/587/306 390/588/301
f 112/587/306 111/589/307 390/588/301
f 390/568/301 111/590/307 167/213/148
f 111/590/307 8/35/31 167/213/148
f 124/591/308 166/36/32 8/35/31
f 123/592/309 391/593/310 124/594/308
f 122/595/311 392/596/312 123/592/309
f 121/597/313 394/598/314 122/599/311
f 120/600/315 397/601/316 121/602/313
f 119/603/317 401/604/318 120/605/315
f 118/606/24 406/607/319 119/603/317
f 124/591/308 391/608/310 166/36/32
f 391/609/310 165/255/176 166/254/32
f 123/592/309 392/596/312 391/593/310
f 392/596/312 393/610/320 391/593/310
f 391/611/310 393/612/320 165/613/176
f 393/612/320 164/614/177 165/613/176
f 122/599/311 394/598/314 392/615/312
f 394/598/314 395/616/321 392/615/312
f 392/596/312 395/617/321 393/610/320
f 395/617/321 396/618/322 393/610/320
f 393/619/320 396/620/322 164/621/177
f 396/620/322 163/622/178 164/621/177
f 121/597/313 397/623/316 394/598/314
f 397/624/316 398/625/323 394/626/314
f 394/627/314 398/628/323 395/629/321
f 398/630/323 399/631/324 395/632/321
f 395/617/321 399/633/324 396/618/322
f 399/633/324 400/634/325 396/618/322
f 396/635/322 400/636/325 163/637/178
f 400/634/325 162/263/179 163/262/178
f 120/600/315 401/638/318 397/601/316
f 401/638/318 402/639/326 397/601/316
f 397/640/316 402/641/326 398/642/323
f 402/643/326 403/644/327 398/645/323
f 398/630/323 403/646/327 399/631/324
f 403/646/327 404/647/328 399/631/324
f 399/633/324 404/648/328 400/634/325
f 404/648/328 405/649/329 400/634/325
f 400/634/325 405/649/329 162/263/179
f 405/649/329 161/264/180 162/263/179
f 119/603/317 406/607/319 401/604/318
f 406/607/319 407/650/330 401/604/318
f 401/638/318 407/651/330 402/639/326
f 407/651/330 408/652/331 402/639/326
f 402/653/326 408/654/331 403/646/327
f 408/654/331 409/655/332 403/646/327
f 403/646/327 409/655/332 404/647/328
f 409/656/332 410/657/333 404/658/328
f 404/659/328 410/660/333 405/661/329
f 410/660/333 411/662/334 405/661/329
f 405/649/329 411/663/334 161/264/180
f 411/663/334 160/265/181 161/264/180
f 118/606/24 103/664/13 406/607/319
f 103/665/13 102/666/335 406/667/319
f 406/607/319 102/668/335 407/650/330
f 102/669/335 101/670/336 407/651/330
f 407/651/330 101/670/336 408/652/331
f 101/671/336 100/672/337 408/673/331
f 408/674/331 100/675/337 409/676/332
f 100/675/337 99/677/338 409/676/332
f 409/678/332 99/679/338 410/680/333
f 99/677/338 98/681/339 410/682/333
f 410/660/333 98/683/339 411/662/334
f 98/683/339 97/684/340 411/662/334
f 411/663/334 97/685/340 160/265/181
f 97/685/340 7/32/28 160/265/181
f 110/686/341 159/33/29 7/32/28
f 109/687/342 412/688/343 110/689/341
f 108/690/344 413/691/345 109/692/342
f 107/693/346 415/694/347 108/690/344
f 106/695/348 418/696/349 107/697/346
f 105/698/350 422/699/351 106/700/348
f 104/701/23 427/702/352 105/703/350
f 110/686/341 412/704/343 159/33/29
f 412/704/343 158/290/203 159/33/29
f 109/687/342 413/705/345 412/688/343
f 413/705/345 414/706/353 412/688/343
f 412/704/343 414/707/353 158/290/203
f 414/707/353 157/291/204 158/290/203
f 108/690/344 415/694/347 413/691/345
f 415/694/347 416/708/354 413/691/345
f 413/705/345 416/709/354 414/706/353
f 416/710/354 417/711/355 414/712/353
f 414/713/353 417/714/355 157/715/204
f 417/714/355 156/716/205 157/715/204
f 107/693/346 418/717/349 415/694/347
f 418/717/349 419/718/356 415/694/347
f 415/694/347 419/718/356 416/708/354
f 419/718/356 420/719/357 416/708/354
f 416/720/354 420/721/357 417/714/355
f 420/721/357 421/722/358 417/714/355
f 417/714/355 421/722/358 156/716/205
f 421/722/358 155/723/206 156/716/205
f 106/700/348 422/699/351 418/724/349
f 422/725/351 423/726/359 418/727/349
f 418/717/349 423/728/359 419/718/356
f 423/729/359 424/730/360 419/731/356
f 419/718/356 424/732/360 420/719/357
f 424/732/360 425/733/361 420/719/357
f 420/719/357 425/733/361 421/734/358
f 425/733/361 426/735/362 421/734/358
f 421/722/358 426/736/362 155/723/206
f 426/736/362 154/737/207 155/723/206
f 105/698/350 427/738/352 422/699/351
f 427/739/352 428/740/363 422/725/351
f 422/725/351 428/740/363 423/726/359
f 428/741/363 429/742/364 423/743/359
f 423/729/359 429/744/364 424/730/360
f 429/745/364 430/746/365 424/747/360
f 424/748/360 430/749/365 425/750/361
f 430/751/365 431/752/366 425/753/361
f 425/754/361 431/755/366 426/756/362
f 431/755/366 432/757/367 426/756/362
f 426/756/362 432/757/367 154/758/207
f 432/759/367 153/296/208 154/295/207
f 104/760/23 89/761/10 427/762/352
f 89/761/10 88/763/368 427/762/352
f 427/764/352 88/765/368 428/766/363
f 88/765/368 87/767/369 428/766/363
f 428/768/363 87/769/369 429/770/364
f 87/771/369 86/772/370 429/745/364
f 429/745/364 86/772/370 430/746/365
f 86/772/370 85/773/371 430/746/365
f 430/746/365 85/773/371 431/774/366
f 85/775/371 84/776/372 431/777/366
f 431/755/366 84/778/372 432/757/367
f 84/779/372 83/780/373 432/759/367
f 432/759/367 83/780/373 153/296/208
f 83/781/373 11/782/40 153/783/208
f 139/784/241 152/381/242 10/383/37
f 140/785/240 433/786/374 139/787/241
f 141/377/239 434/788/375 140/378/240
f 142/789/238 436/790/376 141/791/239
f 143/792/237 439/793/377 142/789/238
f 144/374/236 443/794/378 143/375/237
f 145/370/22 448/795/379 144/371/236
f 139/796/241 433/797/374 152/798/242
f 433/797/374 151/799/243 152/798/242
f 140/785/240 434/800/375 433/786/374
f 434/800/375 435/801/380 433/786/374
f 433/797/374 435/802/380 151/799/243
f 435/802/380 150/803/245 151/799/243
f 141/804/239 436/805/376 434/806/375
f 436/790/376 437/807/381 434/808/375
f 434/809/375 437/810/381 435/811/380
f 437/807/381 438/812/382 435/813/380
f 435/802/380 438/814/382 150/803/245
f 438/814/382 149/815/247 150/803/245
f 142/789/238 439/793/377 436/790/376
f 439/793/377 440/816/383 436/790/376
f 436/790/376 440/816/383 437/807/381
f 440/816/383 441/817/384 437/807/381
f 437/807/381 441/817/384 438/812/382
f 441/817/384 442/818/385 438/812/382
f 438/814/382 442/819/385 149/815/247
f 442/820/385 148/821/249 149/822/247
f 143/375/237 443/794/378 439/823/377
f 443/794/378 444/824/386 439/823/377
f 439/823/377 444/824/386 440/825/383
f 444/824/386 445/826/387 440/825/383
f 440/825/383 445/826/387 441/827/384
f 445/826/387 446/828/388 441/827/384
f 441/817/384 446/829/388 442/818/385
f 446/829/388 447/830/389 442/818/385
f 442/831/385 447/832/389 148/833/249
f 447/834/389 147/835/251 148/836/249
f 144/371/236 448/795/379 443/837/378
f 448/795/379 449/838/390 443/837/378
f 443/837/378 449/838/390 444/839/386
f 449/840/390 450/841/391 444/824/386
f 444/824/386 450/841/391 445/826/387
f 450/841/391 451/842/392 445/826/387
f 445/826/387 451/842/392 446/828/388
f 451/842/392 452/843/393 446/828/388
f 446/828/388 452/843/393 447/844/389
f 452/843/393 453/845/394 447/844/389
f 447/844/389 453/845/394 147/846/251
f 453/845/394 146/30/26 147/846/251
f 145/24/22 82/23/21 448/847/379
f 82/23/21 81/848/395 448/847/379
f 448/847/379 81/848/395 449/840/390
f 81/848/395 80/849/396 449/840/390
f 449/840/390 80/849/396 450/841/391
f 80/849/396 79/850/397 450/841/391
f 450/851/391 79/852/397 451/853/392
f 79/852/397 78/854/398 451/853/392
f 451/853/392 78/854/398 452/855/393
f 78/856/398 77/857/399 452/843/393
f 452/843/393 77/857/399 453/845/394
f 77/857/399 76/858/400 453/845/394
f 453/845/394 76/858/400 146/30/26
f 76/858/400 5/19/17 146/30/26
f 125/859/274 138/860/275 9/861/34
f 126/862/273 454/863/401 125/864/274
f 127/465/272 455/865/402 126/862/273
f 128/464/271 457/866/403 127/465/272
f 129/461/270 460/867/404 128/462/271
f 130/868/269 464/869/405 129/870/270
f 131/871/19 469/872/406 130/873/269
f 125/859/274 454/874/401 138/860/275
f 454/874/401 137/875/276 138/860/275
f 126/862/273 455/865/402 454/863/401
f 455/865/402 456/876/407 454/863/401
f 454/874/401 456/877/407 137/875/276
f 456/878/407 136/484/278 137/879/276
f 127/465/272 457/866/403 455/865/402
f 457/866/403 458/880/408 455/865/402
f 455/865/402 458/880/408 456/876/407
f 458/881/408 459/882/409 456/878/407
f 456/878/407 459/882/409 136/484/278
f 459/882/409 135/482/280 136/484/278
f 128/462/271 460/867/404 457/883/403
f 460/867/404 461/884/410 457/883/403
f 457/883/403 461/884/410 458/885/408
f 461/886/410 462/887/411 458/888/408
f 458/889/408 462/890/411 459/891/409
f 462/890/411 463/892/412 459/891/409
f 459/882/409 463/893/412 135/482/280
f 463/893/412 134/894/282 135/482/280
f 129/870/270 464/869/405 460/895/404
f 464/869/405 465/896/413 460/895/404
f 460/895/404 465/896/413 461/886/410
f 465/896/413 466/897/414 461/886/410
f 461/886/410 466/897/414 462/887/411
f 466/897/414 467/898/415 462/887/411
f 462/887/411 467/898/415 463/899/412
f 467/900/415 468/901/416 463/902/412
f 463/903/412 468/904/416 134/905/282
f 468/906/416 133/907/284 134/908/282
f 130/868/269 469/909/406 464/869/405
f 469/909/406 470/910/417 464/869/405
f 464/869/405 470/910/417 465/896/413
f 470/910/417 471/911/418 465/896/413
f 465/896/413 471/911/418 466/897/414
f 471/911/418 472/912/419 466/897/414
f 466/913/414 472/914/419 467/915/415
f 472/914/419 473/916/420 467/915/415
f 467/917/415 473/918/420 468/919/416
f 473/918/420 474/920/421 468/919/416
f 468/906/416 474/921/421 133/907/284
f 474/920/421 132/491/25 133/493/284
f 131/21/19 75/20/18 469/909/406
f 75/20/18 74/922/422 469/909/406
f 469/909/406 74/922/422 470/910/417
f 74/923/422 73/924/423 470/925/417
f 470/910/417 73/926/423 471/911/418
f 73/926/423 72/927/424 471/911/418
f 471/911/418 72/927/424 472/912/419
f 72/928/424 71/929/425 472/914/419
f 472/914/419 71/929/425 473/916/420
f 71/929/425 70/930/426 473/916/420
f 473/918/420 70/931/426 474/920/421
f 70/931/426 69/932/427 474/920/421
f 474/920/421 69/932/427 132/491/25
f 69/933/427 4/16/14 132/29/25
f 111/590/307 124/591/308 8/35/31
f 112/934/306 475/935/428 111/936/307
f 113/937/305 476/938/429 112/939/306
f 114/581/304 478/940/430 113/582/305
f 115/941/303 481/942/431 114/943/304
f 116/572/302 485/944/432 115/941/303
f 117/571/16 490/945/433 116/572/302
f 111/946/307 475/947/428 124/594/308
f 475/947/428 123/592/309 124/594/308
f 112/939/306 476/938/429 475/947/428
f 476/938/429 477/948/434 475/947/428
f 475/947/428 477/948/434 123/592/309
f 477/948/434 122/595/311 123/592/309
f 113/582/305 478/940/430 476/949/429
f 478/940/430 479/950/435 476/949/429
f 476/951/429 479/952/435 477/953/434
f 479/952/435 480/954/436 477/953/434
f 477/953/434 480/954/436 122/599/311
f 480/954/436 121/597/313 122/599/311
f 114/943/304 481/942/431 478/955/430
f 481/942/431 482/956/437 478/955/430
f 478/955/430 482/956/437 479/957/435
f 482/958/437 483/959/438 479/960/435
f 479/961/435 483/962/438 480/963/436
f 483/964/438 484/965/439 480/954/436
f 480/954/436 484/965/439 121/597/313
f 484/965/439 120/605/315 121/597/313
f 115/941/303 485/944/432 481/942/431
f 485/944/432 486/966/440 481/942/431
f 481/942/431 486/966/440 482/956/437
f 486/967/440 487/968/441 482/969/437
f 482/970/437 487/971/441 483/972/438
f 487/971/441 488/973/442 483/972/438
f 483/964/438 488/974/442 484/965/439
f 488/974/442 489/975/443 484/965/439
f 484/965/439 489/975/443 120/605/315
f 489/975/443 119/603/317 120/605/315
f 116/572/302 490/945/433 485/944/432
f 490/945/433 491/976/444 485/944/432
f 485/977/432 491/978/444 486/979/440
f 491/980/444 492/981/445 486/982/440
f 486/982/440 492/981/445 487/971/441
f 492/981/445 493/983/446 487/971/441
f 487/971/441 493/983/446 488/973/442
f 493/983/446 494/984/447 488/973/442
f 488/973/442 494/984/447 489/985/443
f 494/984/447 495/986/448 489/985/443
f 489/975/443 495/987/448 119/603/317
f 495/987/448 118/606/24 119/603/317
f 117/18/16 61/17/15 490/988/433
f 61/989/15 60/990/449 490/991/433
f 490/991/433 60/990/449 491/980/444
f 60/990/449 59/992/450 491/980/444
f 491/980/444 59/992/450 492/981/445
f 59/992/450 58/993/451 492/981/445
f 492/981/445 58/993/451 493/983/446
f 58/993/451 57/994/452 493/983/446
f 493/983/446 57/994/452 494/984/447
f 57/994/452 56/995/453 494/984/447
f 494/984/447 56/995/453 495/986/448
f 56/995/453 55/996/454 495/986/448
f 495/987/448 55/997/454 118/606/24
f 55/997/454 3/998/11 118/606/24
f 97/685/340 110/686/341 7/32/28
f 98/681/339 496/999/455 97/1000/340
f 99/677/338 497/1001/456 98/681/339
f 100/675/337 499/1002/457 99/677/338
f 101/671/336 502/1003/458 100/672/337
f 102/1004/335 506/1005/459 101/1006/336
f 103/665/13 511/1007/460 102/666/335
f 97/1008/340 496/1009/455 110/689/341
f 496/1009/455 109/687/342 110/689/341
f 98/681/339 497/1001/456 496/999/455
f 497/1001/456 498/1010/461 496/999/455
f 496/1009/455 498/1011/461 109/687/342
f 498/1012/461 108/690/344 109/692/342
f 99/677/338 499/1002/457 497/1001/456
f 499/1013/457 500/1014/462 497/1015/456
f 497/1015/456 500/1014/462 498/1016/461
f 500/1017/462 501/1018/463 498/1019/461
f 498/1020/461 501/1021/463 108/1022/344
f 501/1023/463 107/1024/346 108/1025/344
f 100/675/337 502/1026/458 499/1002/457
f 502/1026/458 503/1027/464 499/1002/457
f 499/1002/457 503/1027/464 500/1028/462
f 503/1027/464 504/1029/465 500/1028/462
f 500/1017/462 504/1030/465 501/1018/463
f 504/1031/465 505/1032/466 501/1023/463
f 501/1023/463 505/1032/466 107/1024/346
f 505/1033/466 106/1034/348 107/1035/346
f 101/1036/336 506/1037/459 502/1038/458
f 506/1037/459 507/1039/467 502/1038/458
f 502/1040/458 507/1041/467 503/1042/464
f 507/1043/467 508/1044/468 503/1045/464
f 503/1027/464 508/1046/468 504/1029/465
f 508/1046/468 509/1047/469 504/1029/465
f 504/1029/465 509/1047/469 505/1048/466
f 509/1047/469 510/1049/470 505/1048/466
f 505/1050/466 510/1051/470 106/1052/348
f 510/1053/470 105/698/350 106/700/348
f 102/1004/335 511/1054/460 506/1005/459
f 511/1054/460 512/1055/471 506/1005/459
f 506/1037/459 512/1056/471 507/1039/467
f 512/1056/471 513/1057/472 507/1039/467
f 507/1043/467 513/1058/472 508/1044/468
f 513/1058/472 514/1059/473 508/1044/468
f 508/1046/468 514/1060/473 509/1047/469
f 514/1061/473 515/1062/474 509/1063/469
f 509/1063/469 515/1062/474 510/1064/470
f 515/1065/474 516/1066/475 510/1053/470
f 510/1053/470 516/1066/475 105/698/350
f 516/1067/475 104/1068/23 105/1069/350
f 103/15/13 33/14/12 511/1070/460
f 33/1071/12 32/1072/476 511/1054/460
f 511/1054/460 32/1072/476 512/1055/471
f 32/1073/476 31/1074/477 512/1075/471
f 512/1075/471 31/1074/477 513/1076/472
f 31/1074/477 30/1077/478 513/1076/472
f 513/1076/472 30/1077/478 514/1078/473
f 30/1077/478 29/1079/479 514/1078/473
f 514/1078/473 29/1079/479 515/1065/474
f 29/1079/479 28/1080/480 515/1065/474
f 515/1065/474 28/1080/480 516/1066/475
f 28/1080/480 27/1081/481 516/1066/475
f 516/1066/475 27/1081/481 104/25/23
f 27/1081/481 2/10/4 104/25/23
f 83/1082/373 96/1083/209 11/1084/40
f 84/1085/372 517/1086/482 83/1082/373
f 85/1087/371 518/1088/483 84/1089/372
f 86/772/370 520/1090/484 85/773/371
f 87/771/369 523/1091/485 86/772/370
f 88/763/368 527/1092/486 87/1093/369
f 89/761/10 532/1094/487 88/763/368
f 83/1082/373 517/1086/482 96/1083/209
f 517/1086/482 95/1095/210 96/1083/209
f 84/1089/372 518/1088/483 517/1096/482
f 518/1088/483 519/1097/488 517/1096/482
f 517/1098/482 519/1099/488 95/305/210
f 519/1099/488 94/307/212 95/305/210
f 85/773/371 520/1090/484 518/1100/483
f 520/1090/484 521/1101/489 518/1100/483
f 518/1102/483 521/1103/489 519/1104/488
f 521/1103/489 522/1105/490 519/1104/488
f 519/1106/488 522/1107/490 94/1108/212
f 522/1109/490 93/309/214 94/307/212
f 86/772/370 523/1091/485 520/1090/484
f 523/1091/485 524/1110/491 520/1090/484
f 520/1090/484 524/1110/491 521/1101/489
f 524/1110/491 525/1111/492 521/1101/489
f 521/1101/489 525/1111/492 522/1112/490
f 525/1111/492 526/1113/493 522/1112/490
f 522/1112/490 526/1113/493 93/1114/214
f 526/1115/493 92/1116/216 93/1117/214
f 87/771/369 527/1118/486 523/1091/485
f 527/1119/486 528/1120/494 523/1121/485
f 523/1122/485 528/1123/494 524/1124/491
f 528/1125/494 529/1126/495 524/1127/491
f 524/1127/491 529/1126/495 525/1128/492
f 529/1129/495 530/1130/496 525/1131/492
f 525/1131/492 530/1130/496 526/1132/493
f 530/1133/496 531/1134/497 526/1115/493
f 526/1115/493 531/1134/497 92/1116/216
f 531/1134/497 91/1135/218 92/1116/216
f 88/763/368 532/1094/487 527/1092/486
f 532/1094/487 533/1136/498 527/1092/486
f 527/1119/486 533/1137/498 528/1120/494
f 533/1138/498 534/1139/499 528/1140/494
f 528/1125/494 534/1141/499 529/1126/495
f 534/1142/499 535/1143/500 529/1129/495
f 529/1129/495 535/1143/500 530/1130/496
f 535/1143/500 536/1144/501 530/1130/496
f 530/1133/496 536/1145/501 531/1134/497
f 536/1145/501 537/1146/502 531/1134/497
f 531/1134/497 537/1146/502 91/1135/218
f 537/1147/502 90/31/27 91/318/218
f 89/12/10 40/11/6 532/1148/487
f 40/11/6 39/1149/503 532/1148/487
f 532/1148/487 39/1149/503 533/1150/498
f 39/1149/503 38/1151/504 533/1150/498
f 533/1150/498 38/1151/504 534/1142/499
f 38/1151/504 37/1152/505 534/1142/499
f 534/1142/499 37/1152/505 535/1143/500
f 37/1152/505 36/1153/506 535/1143/500
f 535/1143/500 36/1153/506 536/1144/501
f 36/1153/506 35/1154/507 536/1144/501
f 536/1144/501 35/1154/507 537/1147/502
f 35/1154/507 34/1155/508 537/1147/502
f 537/1147/502 34/1155/508 90/31/27
f 34/1156/508 6/1157/20 90/1158/27
f 47/1159/509 82/23/21 6/22/20
f 46/1160/510 538/1161/511 47/1159/509
f 45/1162/512 539/1163/513 46/1160/510
f 44/1164/514 541/1165/515 45/1162/512
f 43/1166/516 544/1167/517 44/1164/514
f 42/1168/518 548/1169/519 43/1166/516
f 41/9/9 553/1170/520 42/1168/518
f 47/1159/509 538/1161/511 82/23/21
f 538/1161/511 81/848/395 82/23/21
f 46/1171/510 539/1172/513 538/1173/511
f 539/1172/513 540/1174/521 538/1173/511
f 538/1161/511 540/1175/521 81/848/395
f 540/1174/521 80/1176/396 81/1177/395
f 45/1162/512 541/1165/515 539/1163/513
f 541/1165/515 542/1178/522 539/1163/513
f 539/1172/513 542/1179/522 540/1174/521
f 542/1179/522 543/1180/523 540/1174/521
f 540/1174/521 543/1180/523 80/1176/396
f 543/1180/523 79/1181/397 80/1176/396
f 44/1164/514 544/1167/517 541/1165/515
f 544/1167/517 545/1182/524 541/1165/515
f 541/1165/515 545/1182/524 542/1178/522
f 545/1182/524 546/1183/525 542/1178/522
f 542/1178/522 546/1183/525 543/1184/523
f 546/1183/525 547/1185/526 543/1184/523
f 543/1184/523 547/1185/526 79/850/397
f 547/1185/526 78/856/398 79/850/397
f 43/1166/516 548/1169/519 544/1167/517
f 548/1169/519 549/1186/527 544/1167/517
f 544/1167/517 549/1186/527 545/1182/524
f 549/1186/527 550/1187/528 545/1182/524
f 545/1182/524 550/1187/528 546/1183/525
f 550/1187/528 551/1188/529 546/1183/525
f 546/1183/525 551/1188/529 547/1185/526
f 551/1188/529 552/1189/530 547/1185/526
f 547/1185/526 552/1189/530 78/856/398
f 552/1189/530 77/857/399 78/856/398
f 42/1168/518 553/1170/520 548/1169/519
f 553/1170/520 554/1190/531 548/1169/519
f 548/1169/519 554/1190/531 549/1186/527
f 554/1190/531 555/1191/532 549/1186/527
f 549/1186/527 555/1191/532 550/1187/528
f 555/1191/532 556/1192/533 550/1187/528
f 550/1187/528 556/1192/533 551/1188/529
f 556/1192/533 557/1193/534 551/1188/529
f 551/1188/529 557/1193/534 552/1189/530
f 557/1194/534 558/1195/535 552/1196/530
f 552/1189/530 558/1197/535 77/857/399
f 558/1197/535 76/858/400 77/857/399
f 41/9/9 68/8/8 553/1170/520
f 68/8/8 67/1198/536 553/1170/520
f 553/1170/520 67/1198/536 554/1190/531
f 67/1198/536 66/1199/537 554/1190/531
f 554/1190/531 66/1199/537 555/1191/532
f 66/1199/537 65/1200/538 555/1191/532
f 555/1191/532 65/1200/538 556/1192/533
f 65/1200/538 64/1201/539 556/1192/533
f 556/1192/533 64/1201/539 557/1193/534
f 64/1201/539 63/1202/540 557/1193/534
f 557/1194/534 63/1203/540 558/1195/535
f 63/1202/540 62/1204/541 558/1197/535
f 558/1197/535 62/1204/541 76/858/400
f 62/1205/541 5/1206/17 76/1207/400
f 62/1205/541 75/1208/18 5/1206/17
f 63/1202/540 559/1209/542 62/1204/541
f 64/1201/539 560/1210/543 63/1202/540
f 65/1200/538 562/1211/544 64/1201/539
f 66/1199/537 565/1212/545 65/1200/538
f 67/1198/536 569/1213/546 66/1199/537
f 68/8/8 574/1214/547 67/1198/536
f 62/1204/541 559/1209/542 75/20/18
f 559/1209/542 74/922/422 75/20/18
f 63/1215/540 560/1216/543 559/1217/542
f 560/1210/543 561/1218/548 559/1209/542
f 559/1209/542 561/1218/548 74/922/422
f 561/1218/548 73/926/423 74/922/422
f 64/1201/539 562/1211/544 560/1210/543
f 562/1211/544 563/1219/549 560/1210/543
f 560/1220/543 563/1221/549 561/1222/548
f 563/1223/549 564/1224/550 561/1225/548
f 561/1225/548 564/1224/550 73/1226/423
f 564/1224/550 72/1227/424 73/1226/423
f 65/1200/538 565/1212/545 562/1211/544
f 565/1212/545 566/1228/551 562/1211/544
f 562/1211/544 566/1228/551 563/1219/549
f 566/1228/551 567/1229/552 563/1219/549
f 563/1219/549 567/1229/552 564/1230/550
f 567/1229/552 568/1231/553 564/1230/550
f 564/1224/550 568/1232/553 72/1227/424
f 568/1231/553 71/1233/425 72/927/424
f 66/1199/537 569/1213/546 565/1212/545
f 569/1213/546 570/1234/554 565/1212/545
f 565/1212/545 570/1234/554 566/1228/551
f 570/1234/554 571/1235/555 566/1228/551
f 566/1228/551 571/1235/555 567/1229/552
f 571/1235/555 572/1236/556 567/1229/552
f 567/1229/552 572/1236/556 568/1231/553
f 572/1236/556 573/1237/557 568/1231/553
f 568/1231/553 573/1237/557 71/1233/425
f 573/1238/557 70/930/426 71/929/425
f 67/1198/536 574/1214/547 569/1213/546
f 574/1214/547 575/1239/558 569/1213/546
f 569/1213/546 575/1239/558 570/1234/554
f 575/1239/558 576/1240/559 570/1234/554
f 570/1234/554 576/1240/559 571/1235/555
f 576/1240/559 577/1241/560 571/1235/555
f 571/1235/555 577/1241/560 572/1236/556
f 577/1241/560 578/1242/561 572/1236/556
f 572/1236/556 578/1242/561 573/1237/557
f 578/1242/561 579/1243/562 573/1237/557
f 573/1238/557 579/1244/562 70/930/426
f 579/1244/562 69/1245/427 70/930/426
f 68/8/8 54/7/7 574/1214/547
f 54/7/7 53/1246/563 574/1214/547
f 574/1214/547 53/1246/563 575/1239/558
f 53/1246/563 52/1247/564 575/1239/558
f 575/1239/558 52/1247/564 576/1240/559
f 52/1247/564 51/1248/565 576/1240/559
f 576/1240/559 51/1248/565 577/1241/560
f 51/1248/565 50/1249/566 577/1241/560
f 577/1241/560 50/1249/566 578/1242/561
f 50/1249/566 49/1250/567 578/1242/561
f 578/1242/561 49/1250/567 579/1243/562
f 49/1250/567 48/1251/568 579/1243/562
f 579/1243/562 48/1251/568 69/1252/427
f 48/1251/568 4/1253/14 69/1252/427
f 48/1254/568 61/17/15 4/16/14
f 49/1250/567 580/1255/569 48/1251/568
f 50/1249/566 581/1256/570 49/1250/567
f 51/1248/565 583/1257/571 50/1249/566
f 52/1247/564 586/1258/572 51/1248/565
f 53/1246/563 590/1259/573 52/1247/564
f 54/7/7 595/1260/574 53/1246/563
f 48/1251/568 580/1255/569 61/989/15
f 580/1255/569 60/990/449 61/989/15
f 49/1250/567 581/1256/570 580/1255/569
f 581/1256/570 582/1261/575 580/1255/569
f 580/1255/569 582/1261/575 60/990/449
f 582/1261/575 59/992/450 60/990/449
f 50/1249/566 583/1257/571 581/1256/570
f 583/1257/571 584/1262/576 581/1256/570
f 581/1256/570 584/1262/576 582/1261/575
f 584/1262/576 585/1263/577 582/1261/575
f 582/1261/575 585/1263/577 59/992/450
f 585/1264/577 58/1265/451 59/1266/450
f 51/1248/565 586/1258/572 583/1257/571
f 586/1258/572 587/1267/578 583/1257/571
f 583/1257/571 587/1267/578 584/1262/576
f 587/1267/578 588/1268/579 584/1262/576
f 584/1262/576 588/1268/579 585/1263/577
f 588/1268/579 589/1269/580 585/1263/577
f 585/1264/577 589/1270/580 58/1265/451
f 589/1269/580 57/994/452 58/993/451
f 52/1247/564 590/1259/573 586/1258/572
f 590/1259/573 591/1271/581 586/1258/572
f 586/1258/572 591/1271/581 587/1267/578
f 591/1271/581 592/1272/582 587/1267/578
f 587/1267/578 592/1272/582 588/1268/579
f 592/1272/582 593/1273/583 588/1268/579
f 588/1274/579 593/1275/583 589/1276/580
f 593/1273/583 594/1277/584 589/1269/580
f 589/1269/580 594/1277/584 57/994/452
f 594/1277/584 56/995/453 57/994/452
f 53/1246/563 595/1260/574 590/1259/573
f 595/1260/574 596/1278/585 590/1259/573
f 590/1259/573 596/1278/585 591/1271/581
f 596/1278/585 597/1279/586 591/1271/581
f 591/1271/581 597/1279/586 592/1272/582
f 597/1279/586 598/1280/587 592/1272/582
f 592/1272/582 598/1280/587 593/1273/583
f 598/1280/587 599/1281/588 593/1273/583
f 593/1273/583 599/1281/588 594/1277/584
f 599/1281/588 600/1282/589 594/1277/584
f 594/1277/584 600/1282/589 56/995/453
f 600/1282/589 55/996/454 56/995/453
f 54/7/7 19/3/3 595/1260/574
f 19/3/3 18/1283/590 595/1260/574
f 595/1260/574 18/1283/590 596/1278/585
f 18/1283/590 17/1284/591 596/1278/585
f 596/1278/585 17/1284/591 597/1279/586
f 17/1284/591 16/1285/592 597/1279/586
f 597/1279/586 16/1285/592 598/1280/587
f 16/1285/592 15/1286/593 598/1280/587
f 598/1280/587 15/1286/593 599/1281/588
f 15/1286/593 14/1287/594 599/1281/588
f 599/1281/588 14/1287/594 600/1282/589
f 14/1287/594 13/1288/595 600/1282/589
f 600/1282/589 13/1288/595 55/996/454
f 13/1288/595 3/1289/11 55/996/454
f 34/1155/508 47/1159/509 6/22/20
f 35/1154/507 601/1290/596 34/1155/508
f 36/1153/506 602/1291/597 35/1154/507
f 37/1152/505 604/1292/598 36/1153/506
f 38/1151/504 607/1293/599 37/1152/505
f 39/1149/503 611/1294/600 38/1151/504
f 40/6/6 616/1295/601 39/1296/503
f 34/1155/508 601/1290/596 47/1159/509
f 601/1290/596 46/1160/510 47/1159/509
f 35/1154/507 602/1291/597 601/1290/596
f 602/1291/597 603/1297/602 601/1290/596
f 601/1290/596 603/1297/602 46/1160/510
f 603/1297/602 45/1162/512 46/1160/510
f 36/1153/506 604/1292/598 602/1291/597
f 604/1292/598 605/1298/603 602/1291/597
f 602/1291/597 605/1298/603 603/1297/602
f 605/1298/603 606/1299/604 603/1297/602
f 603/1297/602 606/1299/604 45/1162/512
f 606/1299/604 44/1164/514 45/1162/512
f 37/1152/505 607/1293/599 604/1292/598
f 607/1293/599 608/1300/605 604/1292/598
f 604/1292/598 608/1300/605 605/1298/603
f 608/1300/605 609/1301/606 605/1298/603
f 605/1298/603 609/1301/606 606/1299/604
f 609/1301/606 610/1302/607 606/1299/604
f 606/1299/604 610/1302/607 44/1164/514
f 610/1302/607 43/1166/516 44/1164/514
f 38/1151/504 611/1294/600 607/1293/599
f 611/1294/600 612/1303/608 607/1293/599
f 607/1293/599 612/1303/608 608/1300/605
f 612/1303/608 613/1304/609 608/1300/605
f 608/1300/605 613/1304/609 609/1301/606
f 613/1304/609 614/1305/610 609/1301/606
f 609/1301/606 614/1305/610 610/1302/607
f 614/1305/610 615/1306/611 610/1302/607
f 610/1302/607 615/1306/611 43/1166/516
f 615/1306/611 42/1168/518 43/1166/516
f 39/1149/503 616/1307/601 611/1294/600
f 616/1307/601 617/1308/612 611/1294/600
f 611/1294/600 617/1308/612 612/1303/608
f 617/1308/612 618/1309/613 612/1303/608
f 612/1303/608 618/1309/613 613/1304/609
f 618/1309/613 619/1310/614 613/1304/609
f 613/1304/609 619/1310/614 614/1305/610
f 619/1310/614 620/1311/615 614/1305/610
f 614/1305/610 620/1311/615 615/1306/611
f 620/1311/615 621/1312/616 615/1306/611
f 615/1306/611 621/1312/616 42/1168/518
f 621/1312/616 41/9/9 42/1168/518
f 40/6/6 26/5/5 616/1295/601
f 26/1313/5 25/1314/617 616/1307/601
f 616/1307/601 25/1314/617 617/1308/612
f 25/1314/617 24/1315/618 617/1308/612
f 617/1308/612 24/1315/618 618/1309/613
f 24/1315/618 23/1316/619 618/1309/613
f 618/1309/613 23/1316/619 619/1310/614
f 23/1316/619 22/1317/620 619/1310/614
f 619/1310/614 22/1317/620 620/1311/615
f 22/1317/620 21/1318/621 620/1311/615
f 620/1311/615 21/1318/621 621/1312/616
f 21/1318/621 20/2/2 621/1312/616
f 621/1312/616 20/2/2 41/9/9
f 20/2/2 1/1/1 41/9/9
f 13/1288/595 33/1319/12 3/1289/11
f 14/1287/594 622/1320/622 13/1288/595
f 15/1286/593 623/1321/623 14/1287/594
f 16/1285/592 625/1322/624 15/1286/593
f 17/1284/591 628/1323/625 16/1285/592
f 18/1283/590 632/1324/626 17/1284/591
f 19/3/3 637/1325/627 18/1283/590
f 13/1288/595 622/1320/622 33/1319/12
f 622/1320/622 32/1073/476 33/1319/12
f 14/1287/594 623/1321/623 622/1320/622
f 623/1321/623 624/1326/628 622/1320/622
f 622/1320/622 624/1326/628 32/1073/476
f 624/1326/628 31/1074/477 32/1073/476
f 15/1286/593 625/1322/624 623/1321/623
f 625/1322/624 626/1327/629 623/1321/623
f 623/1321/623 626/1327/629 624/1326/628
f 626/1327/629 627/1328/630 624/1326/628
f 624/1326/628 627/1328/630 31/1074/477
f 627/1329/630 30/1330/478 31/1331/477
f 16/1285/592 628/1323/625 625/1322/624
f 628/1323/625 629/1332/631 625/1322/624
f 625/1322/624 629/1332/631 626/1327/629
f 629/1332/631 630/1333/632 626/1327/629
f 626/1327/629 630/1333/632 627/1328/630
f 630/1333/632 631/1334/633 627/1328/630
f 627/1329/630 631/1335/633 30/1330/478
f 631/1335/633 29/1336/479 30/1330/478
f 17/1284/591 632/1324/626 628/1323/625
f 632/1324/626 633/1337/634 628/1323/625
f 628/1323/625 633/1337/634 629/1332/631
f 633/1337/634 634/1338/635 629/1332/631
f 629/1332/631 634/1338/635 630/1333/632
f 634/1338/635 635/1339/636 630/1333/632
f 630/1333/632 635/1339/636 631/1334/633
f 635/1339/636 636/1340/637 631/1334/633
f 631/1335/633 636/1341/637 29/1336/479
f 636/1340/637 28/1080/480 29/1079/479
f 18/1283/590 637/1325/627 632/1324/626
f 637/1325/627 638/1342/638 632/1324/626
f 632/1324/626 638/1342/638 633/1337/634
f 638/1342/638 639/1343/639 633/1337/634
f 633/1337/634 639/1343/639 634/1338/635
f 639/1343/639 640/1344/640 634/1338/635
f 634/1338/635 640/1344/640 635/1339/636
f 640/1344/640 641/1345/641 635/1339/636
f 635/1339/636 641/1345/641 636/1340/637
f 641/1345/641 642/1346/642 636/1340/637
f 636/1340/637 642/1346/642 28/1080/480
f 642/1347/642 27/1348/481 28/1349/480
f 19/3/3 20/2/2 637/1325/627
f 20/2/2 21/1318/621 637/1325/627
f 637/1325/627 21/1318/621 638/1342/638
f 21/1318/621 22/1317/620 638/1342/638
f 638/1342/638 22/1317/620 639/1343/639
f 22/1317/620 23/1316/619 639/1343/639
f 639/1343/639 23/1316/619 640/1344/640
f 23/1316/619 24/1315/618 640/1344/640
f 640/1344/640 24/1315/618 641/1345/641
f 24/1315/618 25/1314/617 641/1345/641
f 641/1345/641 25/1314/617 642/1346/642
f 25/1314/617 26/1313/5 642/1346/642
f 642/1350/642 26/1351/5 27/1352/481
f 26/5/5 2/4/4 27/1353/481
s 0
f 644/1354/643 647/1355/643 643/1356/643
f 647/1355/644 648/1357/644 651/1358/644
f 645/1359/645 648/1360/645 644/1361/645
f 648/1360/646 649/1362/646 651/1363/646
f 646/1364/647 649/1365/647 645/1366/647
f 649/1365/648 650/1367/648 651/1368/648
f 643/1369/649 650/1370/649 646/1371/649
f 650/1370/650 647/1372/650 651/1373/650
f 645/1374/651 643/1375/651 646/1376/651
f 652/1377/652 657/1378/652 656/1379/652
f 656/1379/653 657/1378/653 660/1380/653
f 654/1381/654 657/1382/654 653/1383/654
f 657/1382/655 658/1384/655 660/1385/655
f 655/1386/656 658/1387/656 654/1388/656
f 658/1387/657 659/1389/657 660/1390/657
f 652/1391/658 659/1392/658 655/1393/658
f 659/1392/659 656/1394/659 660/1395/659
f 654/1396/660 652/1397/660 655/1398/660
f 662/1399/661 665/1400/661 661/1401/661
f 665/1400/662 666/1402/662 669/1403/662
f 663/1404/663 666/1405/663 662/1406/663
f 666/1405/664 667/1407/664 669/1408/664
f 664/1409/665 667/1410/665 663/1411/665
f 667/1410/666 668/1412/666 669/1413/666
f 661/1414/667 668/1415/667 664/1416/667
f 668/1415/668 665/1417/668 669/1418/668
f 663/1419/669 661/1420/669 664/1421/669
f 670/1422/670 675/1423/670 674/1424/670
f 674/1424/671 675/1423/671 678/1425/671
f 672/1426/672 675/1427/672 671/1428/672
f 675/1427/673 676/1429/673 678/1430/673
f 673/1431/674 676/1432/674 672/1433/674
f 676/1432/675 677/1434/675 678/1435/675
f 673/1436/676 674/1437/676 677/1438/676
f 677/1438/677 674/1437/677 678/1439/677
f 673/1440/678 671/1441/678 670/1442/678
f 680/1443/679 683/1444/679 679/1445/679
f 683/1444/680 684/1446/680 687/1447/680
f 681/1448/681 684/1449/681 680/1450/681
f 684/1449/682 685/1451/682 687/1452/682
f 682/1453/683 685/1454/683 681/1455/683
f 685/1454/684 686/1456/684 687/1457/684
f 682/1458/685 683/1459/685 686/1460/685
f 686/1460/686 683/1459/686 687/1461/686
f 681/1462/687 679/1463/687 682/1464/687
f 689/1465/688 692/1466/688 688/1467/688
f 692/1466/689 693/1468/689 696/1469/689
f 690/1470/690 693/1471/690 689/1472/690
f 693/1471/691 694/1473/691 696/1474/691
f 691/1475/692 694/1476/692 690/1477/692
f 694/1476/693 695/1478/693 696/1479/693
f 688/1480/694 695/1481/694 691/1482/694
f 695/1481/695 692/1483/695 696/1484/695
f 690/1485/696 688/1486/696 691/1487/696
f 698/1488/697 701/1489/697 697/1490/697
f 701/1489/698 702/1491/698 705/1492/698
f 699/1493/699 702/1494/699 698/1495/699
f 702/1494/700 703/1496/700 705/1497/700
f 699/1498/701 704/1499/701 703/1500/701
f 703/1500/702 704/1499/702 705/1501/702
f 697/1502/703 704/1503/703 700/1504/703
f 704/1503/704 701/1505/704 705/1506/704
f 700/1507/705 698/1508/705 697/1509/705
f 707/1510/706 710/1511/706 706/1512/706
f 710/1511/707 711/1513/707 714/1514/707
f 708/1515/708 711/1516/708 707/1517/708
f 711/1516/709 712/1518/709 714/1519/709
f 709/1520/710 712/1521/710 708/1522/710
f 712/1521/711 713/1523/711 714/1524/711
f 709/1525/712 710/1526/712 713/1527/712
f 713/1527/713 710/1526/713 714/1528/713
f 709/1529/714 707/1530/714 706/1531/714
f 644/1354/643 648/1357/643 647/1355/643
f 645/1359/645 649/1362/645 648/1360/645
f 646/1364/647 650/1367/647 649/1365/647
f 643/1369/649 647/1372/649 650/1370/649
f 645/1374/651 644/1532/651 643/1375/651
f 652/1377/652 653/1533/652 657/1378/652
f 654/1381/654 658/1384/654 657/1382/654
f 655/1386/656 659/1389/656 658/1387/656
f 652/1391/658 656/1394/658 659/1392/658
f 654/1396/660 653/1534/660 652/1397/660
f 662/1399/661 666/1402/661 665/1400/661
f 663/1404/663 667/1407/663 666/1405/663
f 664/1409/665 668/1412/665 667/1410/665
f 661/1414/667 665/1417/667 668/1415/667
f 663/1419/669 662/1535/669 661/1420/669
f 670/1422/670 671/1536/670 675/1423/670
f 672/1426/672 676/1429/672 675/1427/672
f 673/1431/674 677/1434/674 676/1432/674
f 673/1436/676 670/1537/676 674/1437/676
f 673/1440/678 672/1538/678 671/1441/678
f 680/1443/679 684/1446/679 683/1444/679
f 681/1448/681 685/1451/681 684/1449/681
f 682/1453/683 686/1456/683 685/1454/683
f 682/1458/685 679/1539/685 683/1459/685
f 681/1462/687 680/1540/687 679/1463/687
f 689/1465/688 693/1468/688 692/1466/688
f 690/1470/690 694/1473/690 693/1471/690
f 691/1475/692 695/1478/692 694/1476/692
f 688/1480/694 692/1483/694 695/1481/694
f 690/1485/696 689/1541/696 688/1486/696
f 698/1488/697 702/1491/697 701/1489/697
f 699/1493/699 703/1496/699 702/1494/699
f 699/1498/701 700/1542/701 704/1499/701
f 697/1502/703 701/1505/703 704/1503/703
f 700/1507/705 699/1543/705 698/1508/705
f 707/1510/706 711/1513/706 710/1511/706
f 708/1515/708 712/1518/708 711/1516/708
f 709/1520/710 713/1523/710 712/1521/710
f 709/1525/712 706/1544/712 710/1526/712
f 709/1529/714 708/1545/714 707/1530/714
