# Blender 4.3.2
# www.blender.org
o ice_crystal_1
v 0.000000 -0.105770 0.000000
v 0.312973 -0.078029 0.216017
v -0.123074 -0.079743 0.359850
v -0.366732 -0.075010 0.000000
v -0.122587 -0.079507 -0.358426
v 0.318796 -0.079109 -0.220035
v 0.109571 0.033188 0.320368
v -0.321208 0.039556 0.221700
v -0.273869 0.030779 -0.189027
v 0.107329 0.032100 -0.313813
v 0.329584 0.029438 0.000000
v 0.000000 0.109925 0.000000
v -0.109725 -0.090278 0.320821
v -0.095431 -0.100128 0.279026
v -0.084246 -0.102364 0.246324
v -0.060151 -0.102173 0.175872
v -0.046054 -0.103851 0.134654
v -0.029924 -0.104795 0.087493
v -0.014555 -0.105648 0.042556
v 0.042097 -0.107496 0.029055
v 0.096124 -0.108607 0.066346
v 0.114461 -0.103047 0.079002
v 0.156432 -0.102079 0.107970
v 0.221704 -0.102439 0.153022
v 0.247432 -0.100011 0.170779
v 0.293765 -0.091867 0.202759
v 0.279246 -0.082587 0.250984
v 0.211935 -0.080038 0.258027
v 0.170956 -0.085794 0.301687
v 0.111568 -0.086941 0.326195
v 0.048933 -0.086576 0.343567
v -0.013214 -0.087179 0.365999
v -0.066890 -0.079281 0.340014
v 0.344206 -0.083820 -0.178180
v 0.340950 -0.083216 -0.117663
v 0.335060 -0.082124 -0.057815
v 0.337589 -0.082593 0.000000
v 0.331935 -0.081545 0.057276
v 0.326929 -0.080617 0.112824
v 0.301166 -0.075840 0.155900
v 0.039005 -0.106064 -0.026921
v 0.086182 -0.106476 -0.059483
v 0.120301 -0.103815 -0.083032
v 0.155073 -0.101957 -0.107033
v 0.222724 -0.102505 -0.153725
v 0.268845 -0.101050 -0.185559
v 0.294697 -0.092095 -0.203402
v -0.332258 -0.085759 0.000000
v -0.288162 -0.095442 0.000000
v -0.256241 -0.101501 0.000000
v -0.208986 -0.103217 0.000000
v -0.153721 -0.104349 0.000000
v -0.100855 -0.105492 0.000000
v -0.050579 -0.106951 0.000000
v -0.158564 -0.080156 0.317044
v -0.207560 -0.084626 0.291946
v -0.250516 -0.086143 0.248997
v -0.254938 -0.078427 0.175962
v -0.282395 -0.077175 0.129142
v -0.310324 -0.076269 0.084731
v -0.321477 -0.072781 0.039739
v -0.109046 -0.089843 -0.318835
v -0.089880 -0.096150 -0.262796
v -0.074435 -0.100691 -0.217636
v -0.067885 -0.103996 -0.198485
v -0.043557 -0.102991 -0.127353
v -0.025308 -0.102204 -0.073997
v -0.013617 -0.104511 -0.039814
v -0.355782 -0.078413 -0.043980
v -0.367913 -0.086711 -0.100455
v -0.385880 -0.098127 -0.176466
v -0.313960 -0.091954 -0.216699
v -0.246022 -0.084956 -0.244529
v -0.195592 -0.080900 -0.275112
v -0.155900 -0.079146 -0.311718
v -0.071680 -0.083525 -0.364361
v -0.012293 -0.082500 -0.340504
v 0.045439 -0.081823 -0.319039
v 0.110464 -0.086278 -0.322968
v 0.181135 -0.089712 -0.319651
v 0.243929 -0.089101 -0.296979
v 0.293982 -0.085890 -0.264228
v 0.351056 0.020460 0.025102
v 0.340955 0.006854 0.049983
v 0.405300 -0.003629 0.091415
v 0.417169 -0.020000 0.128767
v 0.412882 -0.037582 0.163624
v 0.374990 -0.052827 0.183297
v 0.297878 -0.060235 0.174741
v 0.347498 -0.066938 -0.203850
v 0.352274 -0.050838 -0.172194
v 0.389608 -0.036591 -0.154400
v 0.355356 -0.020000 -0.109687
v 0.327070 -0.006789 -0.073770
v 0.363461 0.008627 -0.053282
v 0.335457 0.018662 -0.023987
v 0.086527 0.022002 0.337323
v 0.066786 0.012420 0.390544
v 0.032714 -0.004120 0.382605
v -0.000000 -0.020000 0.385543
v -0.033396 -0.036211 0.390575
v -0.063878 -0.051008 0.373541
v -0.081024 -0.059331 0.315868
v 0.332122 -0.070051 0.267618
v 0.328255 -0.055993 0.309372
v 0.298503 -0.038011 0.330342
v 0.248594 -0.020000 0.325053
v 0.204627 -0.004545 0.319023
v 0.174281 0.010117 0.328162
v 0.140593 0.022574 0.325590
v -0.350280 0.027313 0.205481
v -0.344359 0.010145 0.168325
v -0.370233 -0.004234 0.146722
v -0.392256 -0.020000 0.121077
v -0.409223 -0.036530 0.092300
v -0.370116 -0.049151 0.054258
v -0.378431 -0.063615 0.027060
v -0.145425 -0.064038 0.336781
v -0.195253 -0.053741 0.367652
v -0.224867 -0.036984 0.350577
v -0.239102 -0.020000 0.312640
v -0.284631 -0.002826 0.314991
v -0.302791 0.013200 0.285372
v -0.327690 0.029383 0.264046
v -0.282499 0.022573 -0.227632
v -0.294566 0.012299 -0.277621
v -0.284864 -0.002812 -0.315248
v -0.219613 -0.020000 -0.287158
v -0.182062 -0.033751 -0.283842
v -0.181942 -0.051441 -0.342588
v -0.152637 -0.066222 -0.353483
v -0.383054 -0.064148 -0.027390
v -0.413312 -0.052553 -0.060590
v -0.392346 -0.035848 -0.088493
v -0.370951 -0.020000 -0.114501
v -0.343561 -0.005370 -0.136152
v -0.328084 0.008720 -0.160369
v -0.330809 0.024683 -0.194059
v 0.136924 0.021464 -0.317095
v 0.157811 0.007271 -0.297151
v 0.192276 -0.005478 -0.299767
v 0.243639 -0.020000 -0.318573
v 0.243652 -0.034701 -0.269640
v 0.269650 -0.049567 -0.254139
v 0.293277 -0.064197 -0.236317
v -0.090519 -0.063940 -0.352885
v -0.061573 -0.049889 -0.360061
v -0.030751 -0.034927 -0.359640
v 0.000000 -0.020000 -0.397831
v 0.031312 -0.004800 -0.366206
v 0.067489 0.012761 -0.394653
v 0.084166 0.020856 -0.328119
v 0.312715 0.031342 0.038656
v 0.296597 0.033780 0.080983
v 0.323574 0.045512 0.147973
v 0.263532 0.040397 0.181893
v 0.196349 0.031841 0.195158
v 0.177451 0.035252 0.249596
v 0.147084 0.035801 0.294092
v 0.061216 0.034251 0.311168
v 0.009887 0.030268 0.273866
v -0.042425 0.037722 0.297876
v -0.106903 0.044142 0.312557
v -0.181118 0.049705 0.319620
v -0.247820 0.050204 0.301716
v -0.303573 0.048040 0.272849
v -0.342034 0.043417 0.177056
v -0.360561 0.046852 0.124431
v -0.371815 0.048939 0.064157
v -0.331896 0.041538 -0.000000
v -0.362996 0.047304 -0.062636
v -0.312867 0.038009 -0.107971
v -0.322495 0.039795 -0.166941
v -0.267686 0.039996 -0.240594
v -0.208383 0.039032 -0.253702
v -0.147169 0.036639 -0.259710
v -0.108721 0.045233 -0.317873
v -0.046403 0.043134 -0.325805
v 0.011555 0.038748 -0.320065
v 0.068200 0.040442 -0.346674
v 0.162397 0.041610 -0.324708
v 0.226587 0.050551 -0.318709
v 0.242631 0.044061 -0.241159
v 0.247993 0.036836 -0.171168
v 0.270993 0.034866 -0.123927
v 0.315002 0.037117 -0.086008
v 0.340145 0.035846 -0.042047
v 0.015535 0.105578 0.045422
v 0.033004 0.103492 0.096498
v 0.049812 0.094295 0.145644
v 0.061831 0.077128 0.180784
v 0.077947 0.068602 0.227906
v 0.086553 0.053332 0.253069
v 0.099183 0.043526 0.289996
v 0.303764 0.040120 0.000000
v 0.298909 0.058256 0.000000
v 0.296345 0.084091 0.000000
v 0.262287 0.107317 0.000000
v 0.168313 0.099337 0.000000
v 0.110263 0.107490 0.000000
v 0.053123 0.112695 0.000000
v -0.039550 0.102114 0.027298
v -0.078791 0.092608 0.054382
v -0.133080 0.096632 0.091853
v -0.164439 0.078664 0.113497
v -0.209387 0.070909 0.144521
v -0.260304 0.064237 0.179664
v -0.295593 0.052314 0.204020
v -0.042254 0.110464 -0.029164
v -0.087884 0.105603 -0.060658
v -0.134582 0.097948 -0.092890
v -0.189059 0.093437 -0.130490
v -0.244566 0.086183 -0.168801
v -0.256738 0.063083 -0.177203
v -0.271260 0.046361 -0.187226
v 0.016995 0.117383 -0.049692
v 0.031415 0.097546 -0.091852
v 0.044445 0.081979 -0.129951
v 0.060694 0.075342 -0.177459
v 0.078569 0.069309 -0.229724
v 0.094348 0.059935 -0.275859
v 0.113320 0.052581 -0.331332
v 0.069692 0.103116 -0.048102
v 0.124791 0.094958 -0.048830
v 0.083716 0.090054 -0.093493
v 0.184347 0.088170 -0.050334
v 0.126123 0.073539 -0.087052
v 0.095529 0.076254 -0.134368
v 0.255141 0.083989 -0.053497
v 0.197464 0.075852 -0.098622
v 0.163064 0.077840 -0.151001
v 0.131395 0.083201 -0.212368
v 0.281828 0.063387 -0.047962
v 0.263301 0.069563 -0.103028
v 0.213812 0.065526 -0.147576
v 0.191450 0.072933 -0.213810
v 0.137869 0.065094 -0.244719
v 0.295494 0.044889 -0.042317
v 0.308491 0.056075 -0.099224
v 0.253166 0.051187 -0.139274
v 0.219485 0.051784 -0.187255
v 0.208736 0.061575 -0.265995
v 0.169438 0.062249 -0.321831
v -0.026138 0.100885 -0.076421
v -0.009639 0.087347 -0.119374
v -0.066982 0.088841 -0.103377
v 0.005719 0.074087 -0.158401
v -0.053248 0.083388 -0.155684
v -0.126997 0.096421 -0.154616
v 0.020485 0.064248 -0.200151
v -0.037197 0.074540 -0.206026
v -0.104323 0.081279 -0.200809
v -0.189319 0.093593 -0.202902
v 0.039164 0.063583 -0.270084
v -0.020766 0.065396 -0.257181
v -0.079354 0.063100 -0.232010
v -0.168819 0.081292 -0.260546
v -0.209375 0.068032 -0.207099
v 0.053295 0.050654 -0.304936
v -0.003792 0.051993 -0.292783
v -0.067323 0.058313 -0.298978
v -0.132972 0.059784 -0.284717
v -0.190302 0.056932 -0.255376
v -0.207140 0.043140 -0.193866
v -0.090902 0.109917 0.000000
v -0.142190 0.104616 -0.032714
v -0.131087 0.094885 0.030159
v -0.177702 0.086623 -0.061326
v -0.166986 0.080193 0.000000
v -0.161198 0.076720 0.055630
v -0.241788 0.084977 -0.100130
v -0.223246 0.076927 -0.030817
v -0.179045 0.057736 0.024716
v -0.216304 0.073912 0.089577
v -0.277501 0.069802 -0.127689
v -0.301050 0.077423 -0.069262
v -0.286849 0.072827 0.000000
v -0.258737 0.063730 0.059528
v -0.283595 0.071774 0.130493
v -0.328304 0.060316 -0.161855
v -0.322247 0.058834 -0.095322
v -0.277590 0.047910 -0.027371
v -0.282748 0.049172 0.027879
v -0.300202 0.053441 0.088801
v -0.315287 0.057132 0.155438
v -0.024590 0.093727 0.071895
v -0.070285 0.094208 0.108474
v -0.010324 0.094979 0.127861
v -0.131339 0.100401 0.159902
v -0.058162 0.092929 0.170050
v 0.006568 0.088059 0.181922
v -0.170389 0.082235 0.182614
v -0.096383 0.073571 0.185525
v -0.036009 0.071519 0.199442
v 0.022181 0.071225 0.216727
v -0.207998 0.067453 0.205737
v -0.142577 0.065547 0.220046
v -0.082607 0.066507 0.241521
v -0.018338 0.055411 0.227110
v 0.035182 0.055084 0.242622
v -0.223070 0.047996 0.208776
v -0.189901 0.056769 0.254838
v -0.121659 0.052996 0.260494
v -0.068523 0.059709 0.304307
v -0.003686 0.049978 0.284587
v 0.051696 0.048534 0.295789
v 0.068846 0.101621 0.047518
v 0.097819 0.108593 0.109243
v 0.145284 0.113835 0.056848
v 0.117959 0.098854 0.165917
v 0.171843 0.107447 0.118608
v 0.226425 0.112861 0.061824
v 0.133155 0.084583 0.215211
v 0.193293 0.095978 0.178994
v 0.243290 0.098097 0.121510
v 0.303942 0.103879 0.063730
v 0.140977 0.067013 0.250237
v 0.191270 0.072846 0.213610
v 0.240943 0.076378 0.166302
v 0.248699 0.064596 0.097314
v 0.289456 0.065644 0.049260
v 0.134267 0.045176 0.255026
v 0.169111 0.046089 0.215500
v 0.219646 0.051837 0.187393
v 0.251310 0.050665 0.138253
v 0.311533 0.056825 0.100203
v 0.327264 0.051865 0.046867
v 0.349319 0.024168 -0.071742
v 0.344983 0.009882 -0.100614
v 0.299319 0.021915 -0.110160
v 0.351263 -0.004356 -0.134468
v 0.271323 0.006105 -0.127210
v 0.272796 0.022803 -0.155462
v 0.332569 -0.020000 -0.159400
v 0.316441 -0.004296 -0.182280
v 0.246310 0.006652 -0.170006
v 0.225365 0.020204 -0.186382
v 0.323552 -0.035276 -0.188172
v 0.311012 -0.020000 -0.214663
v 0.256804 -0.005611 -0.210354
v 0.227289 0.008095 -0.221515
v 0.214840 0.024408 -0.250455
v 0.297175 -0.048931 -0.205113
v 0.279569 -0.034810 -0.227035
v 0.234944 -0.020000 -0.224976
v 0.227657 -0.005354 -0.258222
v 0.173573 0.005016 -0.234911
v 0.193055 0.027433 -0.315131
v 0.039366 0.028136 -0.368125
v 0.005922 0.010109 -0.345391
v -0.017151 0.020409 -0.293536
v -0.024156 -0.005507 -0.332518
v -0.044325 0.006595 -0.289787
v -0.075617 0.025370 -0.312178
v -0.060515 -0.020000 -0.372547
v -0.078863 -0.005378 -0.318652
v -0.104501 0.009603 -0.305537
v -0.137118 0.027137 -0.306262
v -0.087779 -0.035169 -0.348016
v -0.107728 -0.020000 -0.314975
v -0.131717 -0.005558 -0.298123
v -0.167548 0.011066 -0.302759
v -0.215524 0.031919 -0.317421
v -0.120787 -0.050786 -0.353160
v -0.148099 -0.035567 -0.339249
v -0.159225 -0.020000 -0.293979
v -0.210206 -0.003638 -0.318932
v -0.255233 0.015172 -0.322549
v -0.256475 0.027554 -0.272498
v -0.341960 0.026190 -0.143286
v -0.318988 0.007924 -0.103949
v -0.347691 0.026964 -0.087413
v -0.364352 -0.004485 -0.086635
v -0.348720 0.010527 -0.056819
v -0.362221 0.028926 -0.030355
v -0.367417 -0.020000 -0.056705
v -0.380877 -0.003781 -0.030188
v -0.389415 0.014089 0.000000
v -0.387461 0.032336 0.032470
v -0.392387 -0.035850 -0.029501
v -0.414613 -0.020000 0.000000
v -0.424587 -0.001920 0.033653
v -0.355177 0.011092 0.057871
v -0.408591 0.035190 0.102723
v -0.338880 -0.046690 0.000000
v -0.428020 -0.037289 0.032180
v -0.433822 -0.020000 0.066954
v -0.441011 -0.001220 0.104863
v -0.401902 0.015183 0.130969
v -0.376487 0.030854 0.157754
v -0.283170 0.032503 0.300860
v -0.246159 0.013921 0.311081
v -0.220648 0.033154 0.324968
v -0.225822 -0.002422 0.342625
v -0.174860 0.012421 0.315972
v -0.139746 0.028041 0.312131
v -0.193668 -0.020000 0.357570
v -0.170965 -0.001254 0.386954
v -0.122336 0.014656 0.357682
v -0.078773 0.027263 0.325204
v -0.178705 -0.038784 0.409357
v -0.140658 -0.020000 0.411256
v -0.097835 -0.001860 0.395307
v -0.058167 0.014900 0.380279
v -0.019637 0.026267 0.336091
v -0.129159 -0.052920 0.377638
v -0.097442 -0.036839 0.386327
v -0.067802 -0.020000 0.417406
v -0.029768 -0.002139 0.409774
v 0.007028 0.015734 0.409914
v 0.037430 0.025768 0.350016
v 0.170084 0.021789 0.277635
v 0.191310 0.007573 0.258917
v 0.207695 0.022931 0.242126
v 0.278877 -0.002058 0.316319
v 0.236353 0.009215 0.230349
v 0.276552 0.029335 0.228715
v 0.317406 -0.020000 0.303940
v 0.361083 0.000232 0.295772
v 0.317267 0.014330 0.218982
v 0.323198 0.030711 0.184185
v 0.372967 -0.039758 0.302883
v 0.381171 -0.020000 0.263089
v 0.423400 0.001012 0.243893
v 0.341764 0.012883 0.160236
v 0.319119 0.024688 0.117448
v 0.352797 -0.054347 0.243504
v 0.403432 -0.039048 0.234630
v 0.415326 -0.020000 0.199066
v 0.414103 -0.001557 0.158525
v 0.337771 0.009257 0.098511
v 0.344902 0.023609 0.070835
v 0.123584 0.011499 -0.361338
v 0.149089 -0.004329 -0.341516
v 0.088004 -0.004792 -0.348908
v 0.162154 -0.020000 -0.299387
v 0.119524 -0.020000 -0.349464
v 0.063379 -0.020000 -0.390179
v 0.224049 -0.037440 -0.339934
v 0.146940 -0.036112 -0.332577
v 0.091251 -0.036919 -0.368705
v 0.026900 -0.036140 -0.370289
v 0.237248 -0.052693 -0.299819
v 0.183237 -0.053974 -0.331108
v 0.128895 -0.056514 -0.376860
v 0.060256 -0.056153 -0.393933
v -0.006252 -0.051786 -0.364633
v 0.269401 -0.069950 -0.286230
v 0.213938 -0.071537 -0.315085
v 0.141666 -0.068701 -0.316420
v 0.076348 -0.065809 -0.315195
v 0.022659 -0.073387 -0.387812
v -0.043412 -0.073083 -0.405959
v -0.316431 0.010806 -0.218404
v -0.308188 -0.003674 -0.250276
v -0.300025 -0.005835 -0.174490
v -0.297004 -0.020000 -0.284404
v -0.366532 -0.020000 -0.252985
v -0.372805 -0.020000 -0.178685
v -0.240650 -0.035482 -0.272960
v -0.318953 -0.037872 -0.261263
v -0.361666 -0.037949 -0.208332
v -0.372237 -0.036578 -0.142498
v -0.206038 -0.049695 -0.278850
v -0.259633 -0.052093 -0.253039
v -0.305126 -0.053016 -0.210602
v -0.356968 -0.054346 -0.167365
v -0.377352 -0.052685 -0.110055
v -0.177872 -0.063703 -0.290349
v -0.236217 -0.068827 -0.275378
v -0.313939 -0.076005 -0.259636
v -0.370760 -0.078174 -0.211291
v -0.372638 -0.072182 -0.137145
v -0.396529 -0.070137 -0.081439
v -0.326098 0.011747 0.225076
v -0.345800 -0.003673 0.201112
v -0.294586 -0.004394 0.239230
v -0.384374 -0.020000 0.184230
v -0.266537 -0.020000 0.183967
v -0.280303 -0.020000 0.268411
v -0.350327 -0.035602 0.134110
v -0.308533 -0.035312 0.177726
v -0.296213 -0.036598 0.242636
v -0.300103 -0.039307 0.340396
v -0.360604 -0.051235 0.105171
v -0.332109 -0.051954 0.155710
v -0.326465 -0.055325 0.225331
v -0.294888 -0.056451 0.287398
v -0.213807 -0.050815 0.289364
v -0.326887 -0.061332 0.067136
v -0.312296 -0.063732 0.114937
v -0.300773 -0.067193 0.171407
v -0.283694 -0.070609 0.234623
v -0.243405 -0.070313 0.283758
v -0.184740 -0.065390 0.301559
v 0.123073 0.011369 0.359844
v 0.087509 -0.004878 0.346946
v 0.133942 -0.005921 0.306819
v 0.058010 -0.020000 0.357128
v 0.106096 -0.020000 0.310204
v 0.172951 -0.020000 0.319320
v 0.024436 -0.034661 0.336371
v 0.088864 -0.036476 0.359060
v 0.156031 -0.037108 0.353153
v 0.239695 -0.038658 0.363673
v -0.005837 -0.049676 0.340425
v 0.046308 -0.047785 0.302745
v 0.109274 -0.050956 0.319493
v 0.173030 -0.052082 0.312665
v 0.245111 -0.053777 0.309757
v -0.037076 -0.065336 0.346709
v 0.020047 -0.067233 0.343103
v 0.075391 -0.065234 0.311242
v 0.141976 -0.068807 0.317112
v 0.209550 -0.070480 0.308623
v 0.246987 -0.065794 0.262416
v 0.359773 0.008336 0.000000
v 0.379355 -0.004677 0.028521
v 0.378320 -0.004718 -0.028443
v 0.411918 -0.020000 0.063573
v 0.388141 -0.020000 0.000000
v 0.390406 -0.020000 -0.060253
v 0.414143 -0.037636 0.098474
v 0.416637 -0.037742 0.033022
v 0.434801 -0.038515 -0.034462
v 0.381790 -0.036258 -0.090781
v 0.420161 -0.056781 0.136918
v 0.399119 -0.054939 0.065031
v 0.342347 -0.049969 0.000000
v 0.346725 -0.050352 -0.056494
v 0.332626 -0.049118 -0.108393
v 0.346767 -0.066839 0.145300
v 0.328298 -0.064344 0.082537
v 0.337963 -0.065650 0.028322
v 0.339382 -0.065841 -0.028441
v 0.358669 -0.068447 -0.090173
v 0.358554 -0.068431 -0.150239
v 0.272921 -0.100479 -0.255432
v 0.224778 -0.102176 -0.222334
v 0.204489 -0.100400 -0.274414
v 0.171532 -0.103438 -0.183839
v 0.150470 -0.101542 -0.232228
v 0.138921 -0.100503 -0.297456
v 0.109396 -0.103043 -0.133188
v 0.110353 -0.104070 -0.212418
v 0.083880 -0.101176 -0.245244
v 0.055758 -0.084860 -0.247617
v 0.070143 -0.105097 -0.108256
v 0.060537 -0.105631 -0.176995
v 0.037077 -0.102135 -0.205364
v 0.019945 -0.100303 -0.247013
v 0.003864 -0.093357 -0.298330
v 0.023913 -0.104589 -0.069915
v 0.009354 -0.103626 -0.115849
v -0.006983 -0.105233 -0.193421
v -0.020354 -0.100557 -0.198877
v -0.038521 -0.100332 -0.265649
v -0.052621 -0.089760 -0.301081
v -0.158240 -0.096813 -0.300560
v -0.135235 -0.100520 -0.240042
v -0.196525 -0.096803 -0.250434
v -0.130512 -0.103376 -0.210939
v -0.194044 -0.102129 -0.216706
v -0.243490 -0.099635 -0.207734
v -0.115588 -0.105470 -0.162582
v -0.178174 -0.104036 -0.164993
v -0.246656 -0.102799 -0.170245
v -0.313798 -0.101235 -0.172628
v -0.068520 -0.101512 -0.076523
v -0.146313 -0.104277 -0.100987
v -0.195667 -0.102247 -0.097724
v -0.250832 -0.100798 -0.098148
v -0.341486 -0.100632 -0.109836
v -0.066927 -0.105735 -0.046194
v -0.114583 -0.103833 -0.044835
v -0.159714 -0.102057 -0.043608
v -0.218756 -0.101374 -0.045868
v -0.274996 -0.100205 -0.046799
v -0.295250 -0.084835 -0.042282
v -0.314131 -0.088981 0.044986
v -0.313143 -0.101898 0.053291
v -0.308641 -0.096112 0.099272
v -0.225688 -0.101798 0.047321
v -0.276594 -0.102113 0.108229
v -0.260266 -0.093183 0.143179
v -0.164866 -0.102511 0.045015
v -0.217068 -0.103805 0.108413
v -0.264487 -0.103869 0.182553
v -0.249753 -0.100252 0.213077
v -0.112006 -0.103477 0.043827
v -0.134322 -0.102943 0.092711
v -0.172864 -0.103558 0.160076
v -0.190315 -0.101857 0.212543
v -0.165444 -0.084656 0.210826
v -0.067135 -0.105790 0.046337
v -0.086777 -0.105112 0.096912
v -0.107957 -0.104316 0.151848
v -0.122478 -0.102429 0.197954
v -0.129411 -0.099874 0.229706
v -0.147771 -0.091731 0.280675
v 0.334043 -0.100258 -0.164685
v 0.326184 -0.099798 -0.096486
v 0.275430 -0.101370 -0.126736
v 0.318758 -0.097981 -0.031430
v 0.274988 -0.101348 -0.063266
v 0.214784 -0.101988 -0.088947
v 0.318015 -0.097799 0.031357
v 0.285482 -0.101858 0.000000
v 0.205028 -0.101353 -0.028302
v 0.149289 -0.101436 -0.051520
v 0.338452 -0.100420 0.100115
v 0.299315 -0.102529 0.068863
v 0.209865 -0.101667 0.028970
v 0.147168 -0.101245 0.000000
v 0.136597 -0.105957 -0.031426
v 0.320230 -0.098341 0.157875
v 0.275580 -0.101377 0.126805
v 0.210964 -0.101739 0.087366
v 0.156463 -0.102082 0.053996
v 0.135856 -0.105860 0.031256
v 0.096149 -0.108612 0.000000
v -0.057950 -0.096825 0.331573
v -0.041618 -0.101323 0.287007
v 0.004398 -0.100524 0.339556
v -0.024180 -0.102917 0.236261
v 0.024988 -0.103413 0.309459
v 0.066985 -0.097919 0.297475
v -0.005897 -0.102554 0.163348
v 0.037107 -0.102146 0.205522
v 0.088254 -0.101863 0.258032
v 0.117710 -0.090626 0.252039
v 0.010638 -0.105770 0.131742
v 0.057081 -0.104625 0.166890
v 0.093610 -0.101632 0.180188
v 0.138194 -0.100437 0.213281
v 0.188987 -0.096400 0.253612
v 0.028517 -0.107783 0.083375
v 0.075391 -0.106376 0.116355
v 0.112719 -0.103500 0.137233
v 0.153133 -0.101782 0.164119
v 0.192068 -0.100113 0.189979
v 0.232377 -0.090833 0.217486
v 0.058196 -0.200000 -0.230735
v -0.074200 -0.200000 -0.191581
v -0.035045 -0.200000 -0.059185
v 0.097350 -0.200000 -0.098340
v 0.058196 0.089036 -0.230735
v -0.074200 0.089036 -0.191581
v -0.035045 0.089036 -0.059185
v 0.097350 0.089036 -0.098340
v 0.011575 1.405755 -0.144960
v 0.030761 -0.172629 -0.064439
v -0.064623 -0.210800 -0.067437
v -0.076802 -0.188184 0.032084
v 0.018583 -0.150013 0.035082
v -0.034080 -0.007022 -0.110007
v -0.129464 -0.045193 -0.113005
v -0.141643 -0.022577 -0.013484
v -0.046258 0.015594 -0.010486
v -0.383248 0.739630 -0.269334
v 0.064925 -0.183913 -0.014974
v 0.084569 -0.206659 -0.097741
v -0.000678 -0.201907 -0.119280
v -0.020322 -0.179160 -0.036513
v 0.093327 0.056561 -0.074323
v 0.112971 0.033814 -0.157090
v 0.027724 0.038567 -0.178629
v 0.008080 0.061314 -0.095862
v 0.189910 1.143055 -0.396843
v -0.049435 -0.205340 -0.005049
v -0.032599 -0.182122 0.085025
v 0.060334 -0.182405 0.067728
v 0.043499 -0.205623 -0.022346
v -0.059556 0.027816 -0.063257
v -0.042721 0.051034 0.026817
v 0.050212 0.050751 0.009521
v 0.033377 0.027533 -0.080554
v -0.050782 1.101438 -0.292037
v 0.086215 -0.184019 -0.015017
v 0.007119 -0.184123 -0.087144
v -0.063346 -0.206857 -0.009836
v 0.015751 -0.206752 0.062290
v 0.050816 0.056535 0.023454
v -0.028281 0.056431 -0.048672
v -0.098746 0.033697 0.028635
v -0.019649 0.033802 0.100762
v -0.185230 1.140973 0.201305
vn -0.0075 -0.9998 -0.0171
vn -0.0268 -0.9996 -0.0132
vn -0.0152 -0.9999 0.0062
vn 0.8198 -0.5597 -0.1215
vn 0.3770 -0.9130 0.1562
vn 0.8649 -0.1115 0.4894
vn 0.0004 -1.0000 -0.0057
vn -0.0019 -0.9990 -0.0439
vn -0.0269 -0.9993 -0.0256
vn 0.8353 -0.5398 0.1043
vn -0.1284 -0.1614 0.9785
vn -0.2931 0.0240 0.9558
vn -0.0425 -0.2314 0.9719
vn -0.4200 -0.8993 0.1219
vn -0.6551 -0.6830 0.3230
vn -0.9620 -0.1475 0.2297
vn -0.2009 -0.4934 -0.8463
vn -0.5530 -0.6315 -0.5434
vn -0.4198 -0.3552 -0.8352
vn 0.5861 -0.5518 -0.5933
vn 0.8095 -0.2631 -0.5248
vn 0.6300 0.6217 -0.4654
vn 0.4324 -0.8805 0.1941
vn -0.3549 -0.6903 0.6305
vn -0.8291 -0.3093 0.4658
vn -0.2178 0.1244 -0.9680
vn 0.7784 0.0813 -0.6225
vn 0.0892 0.8734 0.4788
vn 0.4077 0.8501 0.3334
vn 0.1023 0.9544 0.2803
vn -0.4463 0.8843 0.1375
vn -0.4146 0.8401 0.3498
vn -0.1785 0.9681 0.1758
vn -0.6172 0.6224 -0.4813
vn -0.6946 0.5539 -0.4590
vn -0.3944 0.6085 -0.6886
vn 0.2340 -0.0762 -0.9693
vn 0.3061 0.5467 -0.7794
vn 0.0298 0.3963 -0.9176
vn 0.5079 0.8596 0.0567
vn 0.7315 0.6693 0.1302
vn 0.7625 0.6348 -0.1248
vn 0.0729 0.9955 0.0603
vn 0.0290 0.9835 -0.1786
vn -0.0745 0.9888 0.1294
vn 0.0658 0.9922 -0.1058
vn 0.1714 0.9628 -0.2089
vn 0.0388 0.9780 -0.2047
vn 0.1574 0.9384 -0.3075
vn 0.2322 0.9348 -0.2688
vn 0.0120 0.9604 -0.2784
vn 0.8700 0.4288 -0.2433
vn 0.3209 0.8899 -0.3243
vn 0.9308 0.3058 -0.2004
vn 0.7031 0.6954 -0.1487
vn 0.6215 0.7833 0.0092
vn 0.0745 0.9352 -0.3463
vn 0.2105 0.9365 -0.2807
vn 0.0441 0.9647 -0.2595
vn 0.1565 0.9580 -0.2405
vn 0.0706 0.9952 -0.0682
vn -0.0922 0.9876 -0.1274
vn 0.0505 0.9846 -0.1672
vn 0.1004 0.9947 0.0237
vn 0.0117 0.9752 -0.2210
vn -0.0868 0.9785 -0.1870
vn 0.2685 0.9188 -0.2895
vn 0.3109 0.9327 -0.1828
vn 0.3230 0.9408 -0.1025
vn 0.0073 0.9661 -0.2581
vn -0.0341 0.9833 -0.1786
vn 0.7770 0.4888 -0.3966
vn 0.5686 0.6648 -0.4844
vn 0.5484 0.8305 -0.0972
vn 0.2857 0.9566 -0.0568
vn 0.0814 0.7535 -0.6524
vn 0.6847 0.6210 -0.3815
vn 0.6783 0.4121 -0.6084
vn 0.7481 0.3960 -0.5324
vn 0.9860 0.1166 -0.1194
vn 0.7463 0.1644 -0.6450
vn 0.0780 -0.1958 -0.9775
vn -0.0470 0.9985 -0.0267
vn -0.0682 0.9472 -0.3133
vn 0.0191 0.9592 -0.2822
vn 0.0570 0.9730 -0.2235
vn 0.0032 0.9899 -0.1417
vn -0.0200 0.9751 -0.2210
vn -0.0892 0.9462 -0.3110
vn -0.0154 0.9799 -0.1991
vn 0.0463 0.9763 -0.2113
vn -0.0690 0.9954 -0.0669
vn 0.1166 0.9829 -0.1425
vn 0.0836 0.9907 -0.1072
vn -0.1044 0.9938 0.0378
vn 0.0830 0.9782 -0.1906
vn 0.1635 0.9500 -0.2659
vn -0.2580 0.9223 -0.2878
vn -0.4654 0.8216 -0.3293
vn 0.0189 0.9834 -0.1803
vn 0.0610 0.9603 -0.2722
vn -0.2632 0.7617 -0.5921
vn -0.7577 0.1735 -0.6292
vn -0.3717 0.6140 -0.6963
vn 0.0298 0.9243 -0.3804
vn 0.0051 0.9475 -0.3197
vn -0.3956 0.5771 -0.7145
vn -0.6106 0.2867 -0.7383
vn -0.6087 0.4711 -0.6384
vn -0.3626 0.7085 -0.6054
vn 0.1115 0.1559 -0.9814
vn -0.2879 0.3339 -0.8976
vn -0.4298 0.3980 -0.8105
vn -0.2319 0.9416 -0.2443
vn -0.5052 0.8160 -0.2808
vn -0.0597 0.9781 0.1993
vn -0.0709 0.9880 0.1372
vn -0.3219 0.9457 0.0442
vn -0.2332 0.9689 0.0823
vn -0.1715 0.9846 0.0350
vn -0.3051 0.9440 -0.1255
vn -0.7990 0.4828 -0.3586
vn -0.0173 0.9924 0.1220
vn -0.2923 0.9474 0.1303
vn -0.2537 0.9662 -0.0462
vn -0.4719 0.8421 0.2612
vn -0.4399 0.8935 -0.0902
vn -0.3264 0.9446 -0.0335
vn -0.0634 0.9779 0.1993
vn -0.3829 0.9191 0.0928
vn -0.0901 0.9900 -0.1089
vn -0.1278 0.9907 0.0457
vn -0.6209 0.7555 0.2088
vn -0.7682 0.6152 0.1772
vn -0.1981 0.9769 -0.0798
vn -0.2675 0.9635 -0.0060
vn -0.1047 0.9500 0.2942
vn -0.7095 0.6750 -0.2026
vn -0.8549 0.4807 0.1949
vn -0.5532 0.8294 0.0776
vn -0.2453 0.9610 -0.1274
vn -0.2892 0.9512 0.1075
vn -0.9099 0.3591 -0.2075
vn -0.8440 0.5145 -0.1516
vn -0.1827 0.9822 -0.0430
vn -0.2754 0.9548 -0.1119
vn -0.2631 0.9575 0.1179
vn -0.4004 0.8818 0.2492
vn -0.0646 0.9897 0.1281
vn -0.1041 0.9903 0.0921
vn 0.0279 0.9994 -0.0191
vn -0.1396 0.9531 0.2685
vn -0.1789 0.9541 0.2401
vn -0.3387 0.8712 0.3555
vn -0.3272 0.8513 0.4102
vn -0.0882 0.9925 0.0847
vn -0.0399 0.9963 0.0761
vn -0.0528 0.9582 0.2811
vn -0.0183 0.9288 0.3702
vn 0.0223 0.9394 0.3422
vn -0.0471 0.9358 0.3494
vn -0.0196 0.8773 0.4795
vn -0.0150 0.8753 0.4833
vn -0.0516 0.8833 0.4660
vn -0.1230 0.9049 0.4074
vn -0.0105 0.9541 0.2993
vn -0.0149 0.9842 0.1766
vn 0.0265 0.9420 0.3345
vn -0.0534 0.9383 0.3417
vn -0.0100 0.9113 0.4117
vn -0.0870 0.9878 0.1288
vn -0.0892 0.9691 0.2300
vn 0.0992 0.7043 0.7030
vn 0.2120 0.5896 0.7794
vn -0.1714 0.8071 0.5650
vn -0.1980 0.8802 0.4314
vn 0.0789 0.6588 0.7482
vn -0.0851 0.7141 0.6948
vn 0.2464 0.6062 0.7562
vn -0.0482 0.4380 0.8977
vn -0.0608 0.9015 0.4284
vn -0.0210 0.9984 0.0526
vn -0.0810 0.9918 0.0986
vn -0.1055 0.9561 0.2736
vn -0.0393 0.9197 0.3906
vn 0.3186 0.4908 0.8109
vn 0.3068 0.7535 0.5814
vn -0.0187 0.9986 -0.0486
vn 0.0411 0.9880 0.1491
vn 0.0486 0.9984 0.0300
vn 0.2227 0.9000 0.3746
vn 0.6271 0.6906 0.3603
vn 0.8455 0.4348 0.3100
vn 0.5057 0.3166 0.8025
vn 0.8026 0.3322 0.4954
vn 0.7479 0.4245 0.5104
vn 0.8519 0.4761 0.2183
vn 0.6886 0.2796 0.6690
vn 0.5242 0.1226 0.8427
vn 0.5559 0.7899 0.2589
vn 0.8137 0.5769 0.0711
vn 0.9743 0.2246 0.0147
vn 0.4016 0.8698 0.2866
vn 0.4136 0.5784 0.7032
vn 0.1010 0.9559 0.2758
vn 0.7712 0.6295 0.0952
vn 0.9565 0.2666 0.1180
vn 0.8868 0.4621 0.0108
vn 0.8139 0.5688 0.1187
vn 0.9205 0.2261 -0.3188
vn 0.6827 0.6938 -0.2292
vn 0.9474 0.1352 -0.2902
vn 0.8863 0.3370 -0.3177
vn 0.5910 0.8061 -0.0315
vn 0.8373 0.4408 -0.3234
vn 0.9431 -0.0154 -0.3321
vn 0.7157 0.4552 -0.5297
vn 0.8455 0.0018 -0.5339
vn 0.7001 0.1047 -0.7063
vn 0.6350 0.3328 -0.6971
vn 0.4954 0.4670 -0.7325
vn 0.7261 0.3292 -0.6037
vn 0.8252 0.0563 -0.5620
vn 0.5052 0.7964 -0.3324
vn 0.5861 0.5579 -0.5876
vn 0.9106 -0.0255 -0.4124
vn 0.6063 0.2158 -0.7654
vn 0.3366 0.7959 -0.5032
vn 0.6421 0.6854 -0.3435
vn 0.5211 -0.8087 -0.2729
vn 0.5579 0.4186 -0.7166
vn 0.7689 0.2841 -0.5728
vn 0.5201 0.8383 -0.1635
vn 0.7235 0.1035 -0.6825
vn 0.3203 -0.7136 -0.6231
vn 0.6640 0.5857 -0.4648
vn 0.8446 0.4769 -0.2435
vn 0.7773 0.3505 -0.5225
vn 0.1708 0.7970 -0.5794
vn 0.7563 0.1491 -0.6370
vn 0.3116 0.2764 -0.9091
vn 0.4792 0.5491 -0.6848
vn 0.1612 0.0826 -0.9835
vn -0.2938 0.7007 -0.6502
vn -0.3046 0.5362 -0.7872
vn -0.5975 0.4901 -0.6346
vn -0.2009 0.0695 -0.9771
vn -0.2998 0.8662 -0.3997
vn -0.1669 -0.4025 -0.9001
vn -0.3908 0.1949 -0.8996
vn -0.2341 0.5647 -0.7914
vn -0.3702 0.4464 -0.8147
vn -0.0827 0.2813 -0.9561
vn -0.3920 -0.0109 -0.9199
vn -0.0348 0.3201 -0.9467
vn 0.0306 -0.5531 -0.8325
vn -0.1628 0.8409 -0.5161
vn -0.1245 -0.0193 -0.9920
vn -0.2318 0.4005 -0.8865
vn -0.3050 0.7061 -0.6391
vn -0.1679 0.0267 -0.9854
vn 0.1601 -0.0602 -0.9853
vn 0.0186 0.6232 -0.7818
vn -0.2276 0.7674 -0.5994
vn -0.2710 0.0857 -0.9588
vn 0.1175 -0.3518 -0.9287
vn -0.2543 0.4402 -0.8611
vn -0.3033 0.9219 -0.2409
vn -0.7659 0.0288 -0.6423
vn -0.4639 0.2361 -0.8538
vn -0.0741 -0.7464 -0.6614
vn -0.5794 -0.1512 -0.8009
vn -0.6938 0.6599 -0.2883
vn -0.5043 0.8466 -0.1702
vn -0.8255 0.3351 -0.4541
vn -0.8116 -0.5103 -0.2843
vn -0.9885 0.1510 0.0073
vn -0.4827 0.8665 -0.1272
vn -0.9680 0.1293 -0.2151
vn -0.7310 0.6648 -0.1537
vn -0.7298 0.6671 -0.1499
vn -0.8198 0.4966 -0.2852
vn -0.9123 0.3402 -0.2279
vn -0.9956 -0.0319 0.0886
vn -0.9376 -0.3406 -0.0695
vn -0.9894 -0.1249 0.0734
vn -0.8575 -0.1175 -0.5010
vn -0.8734 0.3139 -0.3724
vn -0.8394 0.5100 -0.1880
vn -0.7251 0.4686 -0.5047
vn -0.7446 0.6040 -0.2842
vn -0.9605 0.2593 -0.1015
vn -0.8492 0.1481 -0.5068
vn -0.7676 0.6044 -0.2131
vn -0.9835 0.1746 -0.0465
vn -0.9651 0.2502 -0.0776
vn -0.8014 -0.5688 -0.1849
vn -0.9365 -0.3479 0.0448
vn -0.9182 0.1721 0.3569
vn -0.8033 0.1811 0.5674
vn -0.7212 0.3144 0.6173
vn -0.3868 -0.9157 0.1090
vn -0.5859 -0.6990 0.4101
vn -0.5555 -0.6091 0.5660
vn -0.7200 0.3332 0.6088
vn -0.8659 -0.0442 0.4982
vn -0.9061 0.0586 0.4190
vn -0.8975 0.0925 0.4312
vn -0.7462 -0.3460 0.5687
vn -0.4624 0.2196 0.8590
vn -0.6633 -0.1298 0.7370
vn -0.3066 0.3346 0.8911
vn -0.5381 0.1151 0.8350
vn -0.5093 0.2549 0.8220
vn -0.7242 -0.1249 0.6782
vn -0.6766 0.2067 0.7067
vn -0.3773 -0.8695 0.3187
vn -0.4298 -0.1416 0.8917
vn 0.0931 -0.8944 0.4375
vn -0.1536 0.0947 0.9836
vn -0.0772 0.5928 0.8016
vn -0.0839 0.4301 0.8989
vn -0.5121 0.5194 0.6841
vn -0.1270 0.9336 0.3351
vn 0.0118 0.9018 0.4319
vn -0.0790 0.1276 0.9887
vn -0.1039 0.7986 0.5929
vn -0.1219 0.9079 0.4011
vn 0.0023 0.9849 0.1730
vn 0.0437 -0.7358 0.6758
vn -0.0198 -0.1768 0.9840
vn 0.0712 0.1269 0.9894
vn 0.1693 0.3803 0.9092
vn 0.0361 0.9832 0.1787
vn 0.0251 -0.8736 0.4860
vn 0.2708 -0.7508 0.6024
vn 0.3668 -0.6654 0.6502
vn 0.3031 -0.6530 0.6940
vn 0.4544 0.1586 0.8766
vn 0.0790 0.9299 0.3592
vn 0.2744 0.8766 0.3952
vn 0.4576 0.2420 0.8556
vn 0.6277 0.6904 0.3597
vn 0.0654 0.6416 0.7643
vn 0.5150 0.6884 0.5109
vn 0.1029 0.6535 0.7499
vn 0.1678 0.6474 0.7434
vn 0.2494 -0.0290 0.9680
vn 0.3137 0.3131 0.8964
vn 0.2279 -0.8080 0.5433
vn 0.7030 -0.1189 0.7012
vn 0.3511 -0.9362 0.0151
vn 0.4059 0.7051 0.5815
vn 0.2070 0.5251 0.8255
vn 0.1763 0.5626 0.8077
vn 0.4518 0.3666 0.8133
vn 0.2258 0.9237 0.3095
vn 0.5962 0.7476 0.2926
vn 0.7775 -0.0586 0.6262
vn 0.8762 0.2638 0.4033
vn 0.4061 0.9134 -0.0276
vn 0.7349 0.6654 -0.1311
vn 0.8258 -0.4537 0.3348
vn 0.9608 -0.2661 0.0778
vn 0.7308 0.6810 -0.0473
vn 0.5857 0.8010 0.1239
vn 0.8545 0.5008 0.1377
vn 0.2426 -0.9562 0.1640
vn 0.8744 -0.4334 0.2180
vn 0.9950 0.0873 -0.0477
vn 0.5847 0.8042 -0.1064
vn 0.8823 0.4562 0.1159
vn 0.8091 0.5708 0.1397
vn 0.4244 0.2692 -0.8645
vn 0.7143 -0.0433 -0.6985
vn 0.3897 0.1001 -0.9155
vn 0.3969 -0.0167 -0.9177
vn 0.7417 0.1356 -0.6569
vn 0.6448 0.2533 -0.7212
vn 0.3961 -0.0739 -0.9152
vn 0.4513 0.1640 -0.8772
vn 0.2287 0.1170 -0.9664
vn 0.4046 0.6678 -0.6248
vn 0.3838 0.3271 -0.8635
vn -0.1660 -0.2719 -0.9479
vn 0.1324 -0.5103 -0.8497
vn 0.4295 -0.2299 -0.8733
vn 0.1608 -0.1605 -0.9738
vn -0.1037 0.4848 -0.8684
vn 0.3639 -0.1429 -0.9204
vn 0.0886 -0.4728 -0.8767
vn 0.1322 -0.5583 -0.8190
vn 0.0511 -0.4972 -0.8661
vn -0.1507 -0.1338 -0.9795
vn 0.3457 -0.6261 -0.6989
vn 0.1035 -0.5140 -0.8515
vn -0.1224 -0.4666 -0.8760
vn 0.1980 -0.9471 -0.2526
vn 0.0502 -0.9818 -0.1830
vn -0.2784 -0.8299 -0.4834
vn -0.9327 0.0529 -0.3567
vn -0.7426 0.5956 -0.3061
vn -0.5264 -0.4230 -0.7376
vn -0.1645 -0.5970 -0.7852
vn -0.4107 0.0978 -0.9065
vn -0.6252 -0.4903 -0.6073
vn -0.9268 0.1885 -0.3247
vn -0.8256 0.1523 -0.5433
vn -0.8745 0.4678 -0.1281
vn -0.2695 -0.8078 -0.5243
vn -0.6470 -0.7326 -0.2112
vn -0.9716 -0.1587 -0.1754
vn -0.3378 -0.0518 -0.9398
vn -0.6869 -0.0799 -0.7223
vn -0.9542 0.0238 -0.2981
vn -0.9132 -0.0252 -0.4068
vn -0.3343 -0.2207 -0.9163
vn -0.4792 -0.0863 -0.8735
vn -0.7361 0.0766 -0.6725
vn -0.9698 0.2151 -0.1151
vn -0.7677 -0.6106 -0.1944
vn -0.4083 -0.6271 -0.6634
vn -0.1336 -0.8979 -0.4194
vn -0.1212 -0.9425 -0.3115
vn -0.8572 -0.4842 -0.1753
vn -0.4922 -0.8596 0.1374
vn -0.2635 -0.9610 0.0841
vn -0.6853 -0.5746 0.4475
vn -0.6756 -0.0849 0.7324
vn -0.7942 -0.1433 0.5905
vn -0.5844 -0.6973 0.4152
vn -0.3694 -0.8972 0.2422
vn -0.4821 -0.8580 0.1769
vn -0.5534 -0.8203 0.1445
vn -0.8173 -0.0635 0.5727
vn -0.9876 0.1078 0.1144
vn -0.5740 0.2933 0.7646
vn -0.6576 0.7480 0.0897
vn -0.6560 -0.0314 0.7541
vn -0.7793 -0.4885 0.3926
vn -0.9596 -0.1382 0.2450
vn -0.6557 -0.7065 0.2664
vn -0.3266 -0.5941 0.7350
vn -0.4313 -0.8902 0.1469
vn -0.3532 -0.9348 0.0376
vn -0.3581 -0.9277 0.1053
vn -0.2785 -0.5884 0.7591
vn -0.5043 -0.4960 0.7069
vn -0.9045 -0.3474 0.2473
vn -0.6184 -0.6558 0.4330
vn -0.7755 -0.6164 0.1367
vn -0.3378 -0.9045 0.2602
vn -0.2609 -0.7462 0.6125
vn -0.4339 -0.7168 0.5458
vn 0.4735 0.0547 0.8791
vn 0.3864 -0.7719 0.5048
vn 0.2495 -0.4920 0.8341
vn 0.2208 -0.8479 0.4820
vn 0.3980 -0.3286 0.8565
vn -0.0748 -0.1170 0.9903
vn 0.0923 -0.3643 0.9267
vn 0.4222 0.2129 0.8812
vn -0.1033 0.6750 0.7305
vn 0.1508 -0.1628 0.9751
vn -0.0485 -0.0346 0.9982
vn 0.1579 -0.0814 0.9841
vn 0.2075 -0.2054 0.9564
vn -0.0703 -0.6858 0.7244
vn 0.0568 -0.5729 0.8176
vn 0.1230 -0.9257 0.3576
vn 0.2991 0.5926 0.7479
vn 0.0260 0.4429 0.8962
vn 0.1735 -0.0585 0.9831
vn 0.2473 -0.6536 0.7153
vn 0.1294 -0.8102 0.5716
vn -0.0276 -0.1929 0.9808
vn 0.4200 -0.2541 0.8712
vn 0.1669 -0.4397 0.8825
vn 0.1571 -0.8595 0.4865
vn 0.3384 -0.8695 0.3598
vn 0.0598 -0.8804 0.4705
vn 0.5622 0.8270 -0.0015
vn 0.5070 0.8582 -0.0803
vn 0.8609 0.4896 -0.1386
vn 0.9815 -0.1514 -0.1176
vn 0.8304 -0.5458 0.1123
vn 0.2050 -0.9632 0.1738
vn 0.7041 0.7025 -0.1035
vn 0.6697 0.7421 -0.0283
vn 0.4854 0.8181 -0.3083
vn 0.9480 -0.2386 -0.2107
vn 0.9811 -0.1293 -0.1441
vn 0.8392 -0.3388 -0.4255
vn 0.4468 -0.8870 -0.1167
vn 0.6600 -0.7474 -0.0761
vn 0.7986 -0.5992 0.0559
vn 0.9800 -0.1989 -0.0117
vn 0.7679 -0.6402 0.0209
vn 0.8041 -0.5913 -0.0624
vn 0.9667 -0.2476 0.0652
vn 0.9971 -0.0690 0.0321
vn 0.9937 -0.0956 0.0585
vn 0.9878 -0.1203 0.0992
vn 0.9815 -0.1915 -0.0079
vn 0.8860 -0.4632 0.0220
vn 0.7601 -0.6384 0.1216
vn 0.7278 -0.6834 0.0571
vn 0.6983 -0.6662 -0.2620
vn 0.3088 -0.9316 -0.1917
vn 0.0844 -0.9952 -0.0496
vn 0.2834 -0.9379 -0.2002
vn 0.0161 -0.9999 0.0040
vn 0.0144 -0.9997 -0.0206
vn 0.0174 -0.9998 0.0079
vn 0.0104 -0.9999 -0.0064
vn 0.0567 -0.9980 -0.0297
vn 0.0313 -0.9995 0.0002
vn 0.0084 -0.9993 -0.0365
vn 0.0083 -0.9999 -0.0124
vn -0.0312 -0.9993 -0.0221
vn 0.0521 -0.9859 -0.1590
vn 0.0099 -0.9992 -0.0398
vn -0.0707 -0.9666 -0.2462
vn 0.0079 -0.9988 -0.0491
vn -0.1581 -0.9460 -0.2831
vn 0.0128 -0.7567 -0.6537
vn 0.0031 -0.9995 -0.0310
vn -0.0104 -0.9953 -0.0962
vn 0.1122 -0.9781 -0.1751
vn 0.1008 -0.9734 -0.2058
vn -0.0234 -0.9997 0.0097
vn -0.0356 -0.9652 -0.2590
vn 0.0131 -0.9219 -0.3872
vn -0.0319 -0.9897 -0.1392
vn -0.0085 -0.9827 -0.1848
vn -0.0155 -0.9993 -0.0339
vn -0.0031 -0.9997 0.0234
vn 0.0284 -0.9942 -0.1037
vn 0.0132 -0.9933 -0.1144
vn 0.0061 -0.9925 -0.1223
vn -0.0504 -0.9784 -0.2004
vn -0.3046 -0.8054 -0.5084
vn 0.0097 -0.9957 -0.0922
vn 0.0018 -0.9973 -0.0738
vn 0.0026 -1.0000 -0.0051
vn -0.0007 -0.9991 -0.0428
vn -0.0139 -0.9969 -0.0773
vn -0.2014 -0.9334 -0.2970
vn -0.0399 -0.9944 -0.0978
vn -0.0879 -0.9749 -0.2045
vn -0.0215 -0.9997 -0.0084
vn -0.0269 -0.9993 -0.0248
vn -0.0355 -0.9953 -0.0899
vn -0.0129 -0.9997 0.0191
vn -0.0280 -0.9994 0.0179
vn -0.0178 -0.9997 0.0136
vn -0.2028 -0.9604 0.1908
vn -0.0184 -0.9995 -0.0270
vn -0.0288 -0.9995 -0.0115
vn -0.0199 -0.9997 -0.0122
vn -0.2246 -0.9716 0.0752
vn -0.3849 -0.9149 0.1216
vn -0.0311 -0.9995 0.0030
vn -0.0230 -0.9997 -0.0032
vn -0.0235 -0.9997 -0.0066
vn -0.0721 -0.9971 -0.0225
vn -0.2643 -0.9568 -0.1212
vn -0.2786 -0.9574 0.0763
vn -0.9139 -0.4058 0.0015
vn -0.7121 -0.6997 -0.0576
vn -0.0139 -0.9999 -0.0053
vn -0.0115 -0.9999 0.0103
vn -0.0356 -0.9992 0.0165
vn -0.0193 -0.9997 0.0163
vn -0.7820 -0.4641 0.4160
vn -0.1730 -0.9746 0.1421
vn -0.9164 0.0729 0.3936
vn -0.0094 -0.9998 -0.0155
vn -0.8996 -0.3058 0.3118
vn -0.5775 -0.7671 0.2793
vn -0.0186 -0.9998 -0.0076
vn 0.0014 -0.9999 0.0140
vn -0.0294 -0.6688 0.7429
vn -0.2930 -0.5497 0.7823
vn -0.0181 -0.9998 0.0068
vn -0.0007 -0.9998 0.0223
vn -0.0071 -0.9991 0.0425
vn -0.1720 -0.9779 0.1193
vn -0.1683 -0.9786 0.1183
vn -0.0186 -0.9997 0.0152
vn -0.0019 -0.9994 0.0341
vn 0.0052 -0.9998 0.0212
vn -0.0322 -0.9990 0.0302
vn -0.0996 -0.9892 0.1073
vn -0.1230 -0.9576 0.2605
vn 0.5005 -0.8517 -0.1552
vn 0.4587 -0.8866 0.0592
vn 0.3996 -0.9167 0.0034
vn 0.4415 -0.8970 -0.0230
vn 0.8621 -0.4990 0.0884
vn 0.8018 -0.4151 0.4300
vn 0.0205 -0.9998 0.0010
vn 0.0285 -0.9996 0.0038
vn 0.0037 -1.0000 0.0082
vn 0.0572 -0.9983 -0.0106
vn -0.0018 -1.0000 0.0015
vn 0.0949 -0.9952 -0.0218
vn 0.0518 -0.9985 -0.0166
vn -0.0027 -1.0000 -0.0056
vn 0.1970 -0.9804 -0.0039
vn 0.1992 -0.9797 -0.0215
vn 0.0224 -0.9993 0.0315
vn 0.0017 -1.0000 -0.0025
vn 0.0454 -0.9989 0.0118
vn 0.1541 -0.9880 0.0099
vn 0.0168 -0.9997 -0.0149
vn 0.0461 -0.9904 0.1303
vn 0.0190 -0.9991 0.0378
vn 0.0144 -0.9999 -0.0011
vn 0.1142 -0.9912 0.0674
vn 0.0901 -0.9939 0.0640
vn -0.2128 -0.8701 0.4446
vn -0.0368 -0.9979 0.0527
vn -0.0061 -1.0000 0.0029
vn -0.0168 -0.9989 0.0438
vn -0.0266 -0.9984 0.0491
vn -0.0243 -0.9996 0.0153
vn 0.0686 -0.9440 0.3226
vn 0.0737 -0.9911 0.1112
vn 0.1835 -0.9613 0.2053
vn 0.0053 -0.9999 0.0147
vn 0.2012 -0.9666 0.1590
vn 0.1833 -0.9502 0.2520
vn 0.0162 -0.9979 0.0624
vn 0.0288 -0.9988 0.0392
vn 0.0241 -0.9953 0.0934
vn 0.2117 -0.9456 0.2471
vn 0.0405 -0.9984 0.0398
vn 0.0411 -0.9988 0.0257
vn 0.0109 -0.9996 0.0278
vn 0.0530 -0.9951 0.0839
vn 0.0986 -0.9726 0.2106
vn -0.2836 -0.0000 -0.9589
vn -0.2832 0.0524 -0.9576
vn -0.9589 -0.0000 0.2836
vn -0.9576 0.0524 0.2832
vn 0.2836 -0.0000 0.9589
vn 0.2832 0.0524 0.9576
vn 0.9589 -0.0000 -0.2836
vn 0.9576 0.0524 -0.2832
vn -0.0000 -1.0000 -0.0000
vn 0.1185 -0.2200 -0.9683
vn 0.0966 -0.1643 -0.9817
vn -0.9280 -0.3714 -0.0292
vn -0.9479 -0.3154 -0.0443
vn -0.1185 0.2200 0.9683
vn -0.1399 0.2749 0.9512
vn 0.9280 0.3714 0.0292
vn 0.9046 0.4260 0.0139
vn 0.3532 -0.9020 0.2482
vn 0.9681 -0.0540 0.2446
vn 0.9718 -0.0166 0.2352
vn 0.2231 -0.2583 -0.9399
vn 0.2273 -0.2208 -0.9485
vn -0.9681 0.0540 -0.2446
vn -0.9630 0.0913 -0.2536
vn -0.2231 0.2583 0.9399
vn -0.2185 0.2955 0.9300
vn -0.1139 -0.9645 0.2381
vn -0.9831 0.0030 0.1830
vn -0.9840 0.0448 0.1724
vn 0.1781 0.2456 0.9529
vn 0.1761 0.2872 0.9416
vn 0.9831 -0.0030 -0.1830
vn 0.9804 0.0388 -0.1932
vn -0.1781 -0.2456 -0.9529
vn -0.1797 -0.2036 -0.9624
vn 0.0421 -0.9694 0.2420
vn 0.6583 0.2124 -0.7222
vn 0.6507 0.2587 -0.7139
vn -0.7389 -0.0010 -0.6738
vn -0.7449 0.0456 -0.6656
vn -0.6583 -0.2124 0.7222
vn -0.6644 -0.1655 0.7288
vn 0.7389 0.0010 0.6738
vn 0.7312 0.0476 0.6805
vn 0.1438 -0.9772 -0.1563
vt 0.827882 0.266993
vt 0.820747 0.262389
vt 0.830079 0.259853
vt 0.774767 0.232706
vt 0.778049 0.234828
vt 0.777032 0.242621
vt 0.836280 0.266734
vt 0.830345 0.273530
vt 0.821546 0.271663
vt 0.907432 0.305160
vt 0.907432 0.295023
vt 0.910165 0.297979
vt 0.263545 0.943479
vt 0.263283 0.953369
vt 0.258798 0.952311
vt 0.888704 0.265056
vt 0.880983 0.258689
vt 0.890486 0.260486
vt 0.850026 0.325822
vt 0.855315 0.317896
vt 0.854965 0.324826
vt 0.158415 0.845294
vt 0.158415 0.853075
vt 0.155434 0.848037
vt 0.909029 0.313949
vt 0.258798 0.941080
vt 0.891534 0.269502
vt 0.605592 0.655263
vt 0.603365 0.660306
vt 0.603031 0.650071
vt 0.595395 0.980753
vt 0.597656 0.976730
vt 0.597656 0.985052
vt 0.886225 0.419564
vt 0.884114 0.426860
vt 0.880921 0.419528
vt 0.847629 0.357122
vt 0.856636 0.357128
vt 0.846258 0.362058
vt 0.733028 0.870022
vt 0.730023 0.878061
vt 0.730556 0.869163
vt 0.400357 0.628644
vt 0.397300 0.636539
vt 0.397300 0.628598
vt 0.847663 0.471325
vt 0.841637 0.475219
vt 0.846306 0.467235
vt 0.833051 0.427625
vt 0.823315 0.424595
vt 0.830195 0.419283
vt 0.836102 0.436621
vt 0.826355 0.432835
vt 0.839194 0.445770
vt 0.829174 0.441559
vt 0.844255 0.460517
vt 0.832114 0.451020
vt 0.846022 0.465939
vt 0.835403 0.462329
vt 0.344428 0.799620
vt 0.341658 0.807400
vt 0.340231 0.798675
vt 0.347400 0.800237
vt 0.344976 0.806992
vt 0.817411 0.429179
vt 0.819939 0.437510
vt 0.812081 0.433315
vt 0.823183 0.443879
vt 0.814112 0.441598
vt 0.805469 0.438435
vt 0.825197 0.455706
vt 0.815124 0.453100
vt 0.803795 0.451395
vt 0.798197 0.444063
vt 0.837651 0.466288
vt 0.828019 0.466309
vt 0.818352 0.460929
vt 0.806762 0.460942
vt 0.799010 0.454200
vt 0.791768 0.449043
vt 0.341150 0.815533
vt 0.831005 0.473248
vt 0.821731 0.466712
vt 0.812385 0.463988
vt 0.799458 0.466489
vt 0.788576 0.463302
vt 0.784048 0.455019
vt 0.839224 0.468188
vt 0.833383 0.473619
vt 0.344764 0.814030
vt 0.343333 0.820876
vt 0.358519 0.978110
vt 0.361474 0.984123
vt 0.358519 0.986492
vt 0.579172 0.985052
vt 0.579172 0.976854
vt 0.581814 0.982083
vt 0.816403 0.467651
vt 0.805134 0.470537
vt 0.792102 0.472152
vt 0.868061 0.167368
vt 0.868417 0.177937
vt 0.865128 0.176472
vt 0.865753 0.185662
vt 0.868997 0.187348
vt 0.823346 0.414203
vt 0.816758 0.419297
vt 0.810857 0.424232
vt 0.805512 0.428776
vt 0.799717 0.433363
vt 0.789726 0.440049
vt 0.784972 0.444176
vt 0.815936 0.408733
vt 0.810300 0.414357
vt 0.808346 0.403142
vt 0.802801 0.419335
vt 0.799047 0.407647
vt 0.799503 0.396608
vt 0.795727 0.424581
vt 0.792964 0.413731
vt 0.788108 0.400447
vt 0.790485 0.389958
vt 0.788544 0.429932
vt 0.789352 0.419381
vt 0.780116 0.406795
vt 0.095707 0.977830
vt 0.092574 0.969893
vt 0.096489 0.968325
vt 0.725353 0.854146
vt 0.728940 0.858090
vt 0.724792 0.863986
vt 0.728227 0.866496
vt 0.783824 0.434547
vt 0.779459 0.424875
vt 0.778183 0.413788
vt 0.368078 0.951968
vt 0.361132 0.959218
vt 0.360991 0.953774
vt 0.091772 0.977851
vt 0.088147 0.968325
vt 0.733028 0.858733
vt 0.779185 0.448785
vt 0.780325 0.438461
vt 0.776326 0.429646
vt 0.774235 0.419419
vt 0.974971 0.752632
vt 0.974971 0.761831
vt 0.971756 0.757447
vt 0.368674 0.956708
vt 0.360991 0.963450
vt 0.600060 0.543374
vt 0.598011 0.541216
vt 0.604856 0.533992
vt 0.592193 0.532974
vt 0.597725 0.525997
vt 0.937527 0.131447
vt 0.935020 0.123238
vt 0.937527 0.122587
vt 0.832344 0.411627
vt 0.825319 0.404995
vt 0.817413 0.398702
vt 0.810965 0.394707
vt 0.801424 0.386718
vt 0.983033 0.843919
vt 0.983033 0.835888
vt 0.986492 0.841788
vt 0.726480 0.878482
vt 0.834471 0.404035
vt 0.827865 0.397107
vt 0.837459 0.393482
vt 0.821161 0.393124
vt 0.830206 0.391062
vt 0.839133 0.387446
vt 0.813292 0.385942
vt 0.824341 0.389970
vt 0.006705 0.969986
vt 0.010081 0.974142
vt 0.006705 0.979291
vt 0.832579 0.380590
vt 0.841578 0.378742
vt 0.795138 0.382626
vt 0.803078 0.375771
vt 0.814714 0.374305
vt 0.825554 0.375561
vt 0.835395 0.367827
vt 0.844353 0.368875
vt 0.788452 0.388563
vt 0.787019 0.376500
vt 0.797797 0.373891
vt 0.867158 0.126284
vt 0.868401 0.138235
vt 0.863888 0.130656
vt 0.863888 0.142339
vt 0.867488 0.147274
vt 0.864834 0.152654
vt 0.819254 0.373526
vt 0.827904 0.367505
vt 0.837578 0.361552
vt 0.030137 0.947343
vt 0.030243 0.957238
vt 0.026672 0.948031
vt 0.026672 0.959129
vt 0.045858 0.975143
vt 0.042061 0.983612
vt 0.042061 0.976005
vt 0.800719 0.365768
vt 0.810844 0.377301
vt 0.812216 0.367317
vt 0.820178 0.357583
vt 0.830250 0.356128
vt 0.839506 0.356230
vt 0.838156 0.419304
vt 0.840134 0.411613
vt 0.843433 0.402469
vt 0.848258 0.390098
vt 0.849686 0.382797
vt 0.851265 0.375690
vt 0.850884 0.373215
vt 0.847115 0.419318
vt 0.849698 0.410852
vt 0.855717 0.419354
vt 0.853758 0.401079
vt 0.859083 0.410631
vt 0.861840 0.419410
vt 0.854090 0.394299
vt 0.459698 0.947549
vt 0.463723 0.952807
vt 0.459698 0.959129
vt 0.859510 0.403049
vt 0.865347 0.411269
vt 0.870088 0.419443
vt 0.857018 0.385212
vt 0.863612 0.393484
vt 0.864765 0.404391
vt 0.870073 0.411973
vt 0.874465 0.419493
vt 0.923126 0.987932
vt 0.920018 0.983082
vt 0.923126 0.980383
vt 0.715493 0.986492
vt 0.715493 0.978335
vt 0.718627 0.986314
vt 0.859925 0.375935
vt 0.864464 0.386369
vt 0.874218 0.392353
vt 0.874570 0.403630
vt 0.879298 0.411739
vt 0.864169 0.364338
vt 0.870560 0.373864
vt 0.873415 0.385924
vt 0.860959 0.495414
vt 0.860944 0.506449
vt 0.857750 0.501650
vt 0.858235 0.512975
vt 0.861200 0.515866
vt 0.857750 0.521544
vt 0.860100 0.522769
vt 0.882188 0.412453
vt 0.841334 0.427582
vt 0.852607 0.428808
vt 0.862570 0.428965
vt 0.871096 0.428754
vt 0.876975 0.428159
vt 0.877311 0.426912
vt 0.846932 0.439061
vt 0.858047 0.439945
vt 0.852063 0.451551
vt 0.868658 0.440114
vt 0.862310 0.451047
vt 0.856497 0.463660
vt 0.873930 0.438009
vt 0.869168 0.448342
vt 0.288027 0.940180
vt 0.281282 0.930921
vt 0.288027 0.931995
vt 0.012961 0.956249
vt 0.007368 0.955045
vt 0.012961 0.944275
vt 0.006912 0.946709
vt 0.339482 0.787549
vt 0.344996 0.791550
vt 0.201872 0.855440
vt 0.199586 0.847987
vt 0.203059 0.846317
vt 0.199081 0.840925
vt 0.203059 0.836780
vt 0.199056 0.831660
vt 0.202700 0.826998
vt 0.285832 0.944728
vt 0.282179 0.938054
vt 0.865249 0.451550
vt 0.862515 0.463037
vt 0.858711 0.453292
vt 0.853347 0.462271
vt 0.854963 0.468382
vt 0.846092 0.466418
vt 0.347456 0.791895
vt 0.878748 0.434020
vt 0.872970 0.434504
vt 0.871196 0.439917
vt 0.196211 0.836073
vt 0.196309 0.824615
vt 0.871277 0.443936
vt 0.872737 0.451163
vt 0.870639 0.462403
vt 0.923126 0.748251
vt 0.918677 0.737469
vt 0.923126 0.739934
vt 0.975962 0.203899
vt 0.979291 0.206285
vt 0.975962 0.213140
vt 0.351393 0.787549
vt 0.350341 0.794215
vt 0.852839 0.466596
vt 0.953755 0.958359
vt 0.956249 0.955168
vt 0.955986 0.962010
vt 0.841051 0.479566
vt 0.837432 0.478287
vt 0.844180 0.473565
vt 0.073447 0.992252
vt 0.068110 0.991814
vt 0.073447 0.985281
vt 0.669662 0.867914
vt 0.666364 0.871553
vt 0.668314 0.862116
vt 0.397477 0.906256
vt 0.389160 0.910923
vt 0.389160 0.901841
vt 0.939358 0.296672
vt 0.941848 0.292190
vt 0.941848 0.302428
vt 0.941848 0.512272
vt 0.937672 0.519554
vt 0.937679 0.508894
vt 0.953755 0.950652
vt 0.952281 0.985052
vt 0.952281 0.976920
vt 0.954809 0.981680
vt 0.028803 0.062155
vt 0.025387 0.069126
vt 0.025387 0.058652
vt 0.986492 0.549827
vt 0.986492 0.557332
vt 0.984078 0.555097
vt 0.346183 0.818730
vt 0.664959 0.865722
vt 0.799023 0.491488
vt 0.787193 0.497683
vt 0.795040 0.487313
vt 0.957689 0.509682
vt 0.957689 0.521328
vt 0.955299 0.516911
vt 0.947608 0.242352
vt 0.945014 0.246241
vt 0.945014 0.237525
vt 0.949048 0.894262
vt 0.949048 0.902978
vt 0.946102 0.898588
vt 0.946766 0.907284
vt 0.668061 0.876356
vt 0.664714 0.879868
vt 0.798491 0.501297
vt 0.787572 0.505906
vt 0.947602 0.250583
vt 0.029774 0.249551
vt 0.026053 0.250583
vt 0.030243 0.244689
vt 0.026053 0.246178
vt 0.339951 0.841296
vt 0.335272 0.849583
vt 0.336757 0.838032
vt 0.389838 0.915925
vt 0.669662 0.881625
vt 0.666309 0.885682
vt 0.800715 0.506328
vt 0.792722 0.510602
vt 0.789570 0.514800
vt 0.786086 0.510057
vt 0.961033 0.159989
vt 0.963450 0.154829
vt 0.963450 0.165615
vt 0.339509 0.852064
vt 0.335272 0.862724
vt 0.939495 0.288222
vt 0.153614 0.842528
vt 0.150699 0.846088
vt 0.151913 0.839038
vt 0.138253 0.965225
vt 0.138253 0.974971
vt 0.136335 0.969662
vt 0.951169 0.713036
vt 0.951652 0.705252
vt 0.954809 0.717187
vt 0.954809 0.707851
vt 0.147992 0.846127
vt 0.144822 0.851370
vt 0.146089 0.843072
vt 0.792984 0.519905
vt 0.783307 0.521527
vt 0.338478 0.846969
vt 0.346770 0.850955
vt 0.340879 0.863309
vt 0.871281 0.173346
vt 0.941848 0.522769
vt 0.152481 0.851009
vt 0.149521 0.853632
vt 0.838158 0.989372
vt 0.830779 0.983786
vt 0.838158 0.981922
vt 0.146059 0.861330
vt 0.800715 0.526896
vt 0.791808 0.528892
vt 0.786726 0.531619
vt 0.347244 0.861603
vt 0.349953 0.865520
vt 0.871281 0.182619
vt 0.870472 0.191068
vt 0.866990 0.192978
vt 0.442121 0.918478
vt 0.435890 0.920246
vt 0.434001 0.910456
vt 0.154094 0.921327
vt 0.149960 0.924508
vt 0.154094 0.914179
vt 0.238451 0.802723
vt 0.246975 0.794827
vt 0.245329 0.805474
vt 0.042375 0.848689
vt 0.039703 0.853329
vt 0.036687 0.842863
vt 0.600718 0.645146
vt 0.598255 0.649693
vt 0.598255 0.640060
vt 0.600824 0.655048
vt 0.985297 0.623578
vt 0.985297 0.616094
vt 0.987932 0.619683
vt 0.774235 0.445439
vt 0.149660 0.917843
vt 0.246947 0.800211
vt 0.253464 0.793348
vt 0.245625 0.806730
vt 0.243383 0.946045
vt 0.243383 0.957689
vt 0.240853 0.953474
vt 0.681183 0.584818
vt 0.676356 0.590134
vt 0.676356 0.580470
vt 0.150197 0.930327
vt 0.252280 0.788982
vt 0.667966 0.011339
vt 0.664278 0.015638
vt 0.666256 0.006534
vt 0.679060 0.594775
vt 0.660338 0.020535
vt 0.661981 0.010226
vt 0.238488 0.791832
vt 0.245629 0.785551
vt 0.246049 0.780738
vt 0.666269 0.020819
vt 0.662711 0.025781
vt 0.600879 0.555682
vt 0.604856 0.548806
vt 0.603084 0.560212
vt 0.043204 0.858320
vt 0.092169 0.782381
vt 0.089651 0.786313
vt 0.089651 0.777402
vt 0.244325 0.780934
vt 0.671102 0.021776
vt 0.668193 0.025731
vt 0.669293 0.016679
vt 0.664728 0.031161
vt 0.660338 0.038298
vt 0.590004 0.548269
vt 0.598279 0.659814
vt 0.887613 0.676863
vt 0.885109 0.667056
vt 0.891443 0.671651
vt 0.891378 0.662416
vt 0.669999 0.030611
vt 0.666310 0.038132
vt 0.662294 0.045042
vt 0.584539 0.544525
vt 0.589993 0.538193
vt 0.600890 0.665342
vt 0.882400 0.662128
vt 0.891443 0.658311
vt 0.278047 0.804173
vt 0.279522 0.797800
vt 0.280826 0.807809
vt 0.885046 0.694253
vt 0.885682 0.704327
vt 0.880516 0.702477
vt 0.880516 0.714890
vt 0.664633 0.050405
vt 0.581701 0.540385
vt 0.584728 0.534622
vt 0.591808 0.529794
vt 0.936029 0.136813
vt 0.934521 0.129858
vt 0.589629 0.520263
vt 0.593694 0.517805
vt 0.597190 0.525987
vt 0.833838 0.902143
vt 0.830789 0.904738
vt 0.831286 0.896484
vt 0.426613 0.795818
vt 0.430961 0.790657
vt 0.428932 0.799926
vt 0.422296 0.792029
vt 0.423619 0.787414
vt 0.062562 0.946398
vt 0.069126 0.944903
vt 0.062562 0.951929
vt 0.062816 0.940673
vt 0.068795 0.938841
vt 0.959633 0.133902
vt 0.962010 0.128678
vt 0.962010 0.139693
vt 0.593936 0.512777
vt 0.601468 0.511647
vt 0.833838 0.911605
vt 0.289362 0.971765
vt 0.293787 0.968521
vt 0.293787 0.977851
vt 0.599479 0.505273
vt 0.046084 0.981553
vt 0.426460 0.782561
vt 0.743376 0.006680
vt 0.741942 0.013986
vt 0.739782 0.008678
vt 0.738358 0.017837
vt 0.735899 0.012193
vt 0.735899 0.023030
vt 0.939438 0.770472
vt 0.939171 0.760859
vt 0.941848 0.765701
vt 0.941848 0.756567
vt 0.421398 0.777901
vt 0.743652 0.018178
vt 0.740116 0.022720
vt 0.736535 0.027774
vt 0.805786 0.364214
vt 0.814316 0.356870
vt 0.326910 0.985102
vt 0.322801 0.987932
vt 0.326363 0.979784
vt 0.322801 0.981212
vt 0.745606 0.022967
vt 0.741966 0.028056
vt 0.892522 0.767001
vt 0.904404 0.769769
vt 0.894437 0.774792
vt 0.739762 0.032767
vt 0.930788 0.272962
vt 0.934201 0.261901
vt 0.937527 0.273625
vt 0.824232 0.349776
vt 0.896707 0.274840
vt 0.884029 0.265157
vt 0.893043 0.269763
vt 0.898644 0.259342
vt 0.748870 0.018691
vt 0.747811 0.028382
vt 0.744304 0.033726
vt 0.740487 0.039541
vt 0.896593 0.755567
vt 0.904404 0.755348
vt 0.930788 0.258551
vt 0.555892 0.519695
vt 0.553009 0.524209
vt 0.553009 0.514635
vt 0.834592 0.351886
vt 0.613510 0.963450
vt 0.618687 0.955995
vt 0.622138 0.963099
vt 0.622138 0.952713
vt 0.888940 0.255993
vt 0.895213 0.249457
vt 0.746712 0.038522
vt 0.743561 0.043204
vt 0.770019 0.960569
vt 0.770019 0.949236
vt 0.774792 0.956260
vt 0.084231 0.948685
vt 0.085027 0.945156
vt 0.090728 0.953369
vt 0.090210 0.947419
vt 0.085250 0.941070
vt 0.090728 0.943464
vt 0.184841 0.942108
vt 0.188658 0.937133
vt 0.188658 0.946168
vt 0.843489 0.353458
vt 0.853911 0.353864
vt 0.123809 0.913628
vt 0.126855 0.910774
vt 0.126696 0.917453
vt 0.864144 0.357997
vt 0.865636 0.364204
vt 0.858556 0.356683
vt 0.925972 0.488248
vt 0.927748 0.483060
vt 0.931767 0.493076
vt 0.174163 0.792547
vt 0.178076 0.788985
vt 0.175090 0.799169
vt 0.570293 0.963675
vt 0.567505 0.970650
vt 0.567505 0.960299
vt 0.773382 0.159847
vt 0.779523 0.155850
vt 0.780039 0.166941
vt 0.129612 0.915648
vt 0.862093 0.358880
vt 0.767591 0.626185
vt 0.767484 0.634440
vt 0.764430 0.628741
vt 0.764311 0.638008
vt 0.761412 0.634378
vt 0.761439 0.644550
vt 0.871642 0.365759
vt 0.870225 0.375153
vt 0.767591 0.645828
vt 0.764893 0.651603
vt 0.762145 0.656855
vt 0.923119 0.185435
vt 0.923126 0.193472
vt 0.920100 0.190471
vt 0.919977 0.198527
vt 0.881555 0.372002
vt 0.879604 0.381167
vt 0.871545 0.380832
vt 0.876868 0.389718
vt 0.764952 0.661022
vt 0.874550 0.396865
vt 0.176146 0.780296
vt 0.181457 0.776919
vt 0.923126 0.203059
vt 0.886951 0.375519
vt 0.886788 0.383051
vt 0.886597 0.390042
vt 0.881748 0.398432
vt 0.873562 0.406396
vt 0.786313 0.162863
vt 0.779928 0.150369
vt 0.937493 0.885682
vt 0.937493 0.871673
vt 0.940408 0.879508
vt 0.841946 0.202256
vt 0.836835 0.197224
vt 0.848961 0.197870
vt 0.891826 0.386641
vt 0.670205 0.844737
vt 0.672072 0.837898
vt 0.673983 0.848239
vt 0.892712 0.392975
vt 0.894754 0.398699
vt 0.886996 0.406658
vt 0.767892 0.150025
vt 0.776740 0.145346
vt 0.922095 0.964890
vt 0.922095 0.954155
vt 0.924566 0.959998
vt 0.836466 0.204573
vt 0.831291 0.201880
vt 0.666572 0.838705
vt 0.668300 0.832746
vt 0.669994 0.826981
vt 0.673983 0.831538
vt 0.745051 0.493865
vt 0.748870 0.489441
vt 0.747147 0.499727
vt 0.894906 0.409139
vt 0.887625 0.415066
vt 0.888682 0.424191
vt 0.890861 0.429385
vt 0.882725 0.431399
vt 0.891014 0.434688
vt 0.880884 0.435780
vt 0.287937 0.073932
vt 0.290804 0.068639
vt 0.290741 0.080780
vt 0.665861 0.107660
vt 0.661632 0.110890
vt 0.664798 0.099364
vt 0.311069 0.947274
vt 0.305967 0.953369
vt 0.310265 0.941031
vt 0.664330 0.963841
vt 0.666782 0.960168
vt 0.666782 0.970650
vt 0.954795 0.592986
vt 0.954809 0.600431
vt 0.952453 0.597998
vt 0.952453 0.604856
vt 0.111007 0.862990
vt 0.113420 0.859577
vt 0.113541 0.866961
vt 0.879164 0.439210
vt 0.894578 0.446496
vt 0.878814 0.444386
vt 0.110869 0.854651
vt 0.113771 0.847887
vt 0.880766 0.450733
vt 0.287689 0.062017
vt 0.290868 0.054565
vt 0.895763 0.460512
vt 0.881381 0.457698
vt 0.110869 0.841098
vt 0.876272 0.460447
vt 0.305967 0.943727
vt 0.639420 0.701024
vt 0.634625 0.705666
vt 0.634625 0.693091
vt 0.287546 0.050206
vt 0.290907 0.042587
vt 0.890954 0.473085
vt 0.873458 0.464701
vt 0.780553 0.968538
vt 0.780553 0.977851
vt 0.777645 0.974074
vt 0.865549 0.463400
vt 0.922129 0.754630
vt 0.918590 0.744064
vt 0.366686 0.267211
vt 0.363975 0.278565
vt 0.359416 0.269168
vt 0.355779 0.281037
vt 0.539144 0.468754
vt 0.538889 0.479529
vt 0.535733 0.475097
vt 0.535635 0.485116
vt 0.891443 0.942757
vt 0.891443 0.954809
vt 0.886708 0.948860
vt 0.532389 0.491743
vt 0.532390 0.477475
vt 0.877031 0.476205
vt 0.863533 0.467392
vt 0.913045 0.066177
vt 0.910469 0.070498
vt 0.910541 0.063213
vt 0.859603 0.469953
vt 0.858633 0.461787
vt 0.366923 0.274190
vt 0.374435 0.288791
vt 0.361536 0.288938
vt 0.355660 0.292931
vt 0.538383 0.491098
vt 0.535335 0.496700
vt 0.532389 0.502984
vt 0.866006 0.478424
vt 0.856070 0.470500
vt 0.913045 0.074157
vt 0.910634 0.077975
vt 0.852737 0.473381
vt 0.964590 0.038214
vt 0.961434 0.048965
vt 0.961434 0.041262
vt 0.789559 0.538610
vt 0.424839 0.930913
vt 0.424839 0.944728
vt 0.422429 0.939752
vt 0.148337 0.865521
vt 0.151794 0.859073
vt 0.155150 0.856718
vt 0.436894 0.901986
vt 0.442121 0.907641
vt 0.964890 0.045923
vt 0.896858 0.332926
vt 0.898644 0.342989
vt 0.894960 0.337905
vt 0.892388 0.348427
vt 0.898644 0.352833
vt 0.938323 0.462227
vt 0.941848 0.465814
vt 0.938323 0.472200
vt 0.940789 0.476684
vt 0.969525 0.292497
vt 0.972090 0.297237
vt 0.969525 0.302428
vt 0.253464 0.817996
vt 0.243650 0.811964
vt 0.251584 0.813077
vt 0.936087 0.446442
vt 0.931838 0.444133
vt 0.936087 0.432539
vt 0.930097 0.431385
vt 0.745989 0.563092
vt 0.743256 0.557411
vt 0.745989 0.554111
vt 0.799479 0.730148
vt 0.799344 0.721668
vt 0.802155 0.725952
vt 0.802155 0.717487
vt 0.043204 0.828391
vt 0.041716 0.838976
vt 0.039159 0.832552
vt 0.969210 0.253175
vt 0.969210 0.263545
vt 0.964551 0.258376
vt 0.133932 0.617818
vt 0.131067 0.610962
vt 0.133932 0.604954
vt 0.925977 0.770102
vt 0.927446 0.781811
vt 0.922830 0.775288
vt 0.922830 0.786313
vt 0.957354 0.770472
vt 0.957354 0.759484
vt 0.960569 0.764084
vt 0.964890 0.548691
vt 0.960761 0.543478
vt 0.964890 0.537999
vt 0.601843 0.624395
vt 0.601073 0.635934
vt 0.598498 0.630344
vt 0.973294 0.563867
vt 0.976411 0.568274
vt 0.973294 0.573173
vt 0.286327 0.294915
vt 0.286501 0.303501
vt 0.283409 0.299925
vt 0.283534 0.308224
vt 0.285914 0.315390
vt 0.799072 0.322826
vt 0.805924 0.320195
vt 0.808333 0.330145
vt 0.816756 0.319651
vt 0.819814 0.332624
vt 0.826055 0.331440
vt 0.604678 0.630728
vt 0.901174 0.217460
vt 0.896703 0.206995
vt 0.904404 0.212131
vt 0.903918 0.202921
vt 0.904404 0.198030
vt 0.289015 0.291316
vt 0.289467 0.298936
vt 0.289467 0.308851
vt 0.288784 0.320437
vt 0.285330 0.326183
vt 0.287940 0.331231
vt 0.821935 0.320153
vt 0.831630 0.323420
vt 0.837116 0.334111
vt 0.841613 0.327075
vt 0.982171 0.897204
vt 0.979240 0.891187
vt 0.982171 0.888820
vt 0.606296 0.646753
vt 0.588661 0.524913
vt 0.885361 0.133932
vt 0.884025 0.123565
vt 0.887123 0.127539
vt 0.885504 0.717187
vt 0.276485 0.794417
vt 0.890641 0.654366
vt 0.936591 0.941848
vt 0.936591 0.930553
vt 0.940408 0.938351
vt 0.833766 0.892683
vt 0.885794 0.118112
vt 0.881976 0.111071
vt 0.973531 0.600536
vt 0.969455 0.593943
vt 0.973531 0.590707
vt 0.030751 0.668222
vt 0.030751 0.660292
vt 0.033123 0.663297
vt 0.881976 0.129393
vt 0.432994 0.820876
vt 0.421754 0.815030
vt 0.431425 0.815058
vt 0.433480 0.802575
vt 0.421398 0.802653
vt 0.277867 0.785089
vt 0.867343 0.660867
vt 0.860503 0.672102
vt 0.859926 0.666834
vt 0.951838 0.178016
vt 0.954809 0.182090
vt 0.951838 0.190098
vt 0.862713 0.683180
vt 0.856541 0.679046
vt 0.849679 0.182897
vt 0.846641 0.175460
vt 0.849679 0.170676
vt 0.846903 0.164696
vt 0.849629 0.160025
vt 0.847132 0.156014
vt 0.274897 0.800497
vt 0.273290 0.791284
vt 0.867827 0.665414
vt 0.868401 0.675731
vt 0.868401 0.686944
vt 0.843863 0.168635
vt 0.844247 0.159409
vt 0.844488 0.151686
vt 0.940196 0.927034
vt 0.273221 0.805627
vt 0.271094 0.795905
vt 0.268214 0.783042
vt 0.421486 0.895763
vt 0.414777 0.889691
vt 0.421959 0.885447
vt 0.414777 0.877311
vt 0.421850 0.874243
vt 0.840030 0.176114
vt 0.840994 0.163855
vt 0.841466 0.154939
vt 0.894060 0.278414
vt 0.970650 0.489646
vt 0.968131 0.482915
vt 0.970650 0.479502
vt 0.271205 0.809966
vt 0.269970 0.802803
vt 0.861719 0.311617
vt 0.869941 0.306286
vt 0.868443 0.311434
vt 0.881277 0.308430
vt 0.881088 0.301326
vt 0.890464 0.300115
vt 0.892832 0.294285
vt 0.836804 0.170567
vt 0.838529 0.157735
vt 0.890384 0.287788
vt 0.889437 0.281743
vt 0.887118 0.272418
vt 0.186715 0.932383
vt 0.719601 0.934792
vt 0.716113 0.925523
vt 0.720067 0.929203
vt 0.720067 0.940408
vt 0.713606 0.932044
vt 0.885219 0.242819
vt 0.892218 0.244743
vt 0.887103 0.247593
vt 0.881719 0.254096
vt 0.126586 0.927446
vt 0.123809 0.923917
vt 0.209786 0.937950
vt 0.211700 0.943494
vt 0.208996 0.947554
vt 0.211700 0.950488
vt 0.398917 0.966330
vt 0.394901 0.962284
vt 0.398917 0.955591
vt 0.956116 0.277946
vt 0.951838 0.266013
vt 0.956249 0.269838
vt 0.896268 0.809355
vt 0.893074 0.790047
vt 0.898024 0.802549
vt 0.902902 0.793137
vt 0.907284 0.790047
vt 0.951838 0.274202
vt 0.925972 0.498286
vt 0.890585 0.234300
vt 0.878057 0.235794
vt 0.291278 0.006807
vt 0.293787 0.019355
vt 0.291278 0.025922
vt 0.175910 0.824387
vt 0.172482 0.813969
vt 0.181457 0.820069
vt 0.172663 0.808910
vt 0.164061 0.800087
vt 0.113724 0.939304
vt 0.113771 0.948049
vt 0.111050 0.944158
vt 0.111050 0.951929
vt 0.174312 0.829517
vt 0.169542 0.818956
vt 0.169140 0.807400
vt 0.763043 0.914186
vt 0.766151 0.921688
vt 0.763043 0.930327
vt 0.770196 0.185777
vt 0.767892 0.172495
vt 0.779018 0.184874
vt 0.778238 0.172284
vt 0.879056 0.246240
vt 0.882114 0.239352
vt 0.876859 0.236930
vt 0.880825 0.227828
vt 0.873705 0.226529
vt 0.875266 0.217689
vt 0.866764 0.218580
vt 0.895763 0.832729
vt 0.895228 0.841508
vt 0.890733 0.844827
vt 0.891724 0.849684
vt 0.768919 0.167395
vt 0.529414 0.632641
vt 0.530025 0.640238
vt 0.527451 0.637101
vt 0.527901 0.645208
vt 0.878907 0.251283
vt 0.874044 0.244056
vt 0.869248 0.236427
vt 0.868152 0.224337
vt 0.860798 0.217427
vt 0.895763 0.847523
vt 0.892948 0.853999
vt 0.078085 0.346643
vt 0.080648 0.349601
vt 0.077984 0.352988
vt 0.080648 0.357153
vt 0.893097 0.419635
vt 0.743999 0.483058
vt 0.666669 0.822445
vt 0.821967 0.211174
vt 0.825744 0.202864
vt 0.826999 0.210367
vt 0.771484 0.141879
vt 0.748662 0.478795
vt 0.741648 0.473141
vt 0.747920 0.468822
vt 0.748870 0.463663
vt 0.668320 0.816951
vt 0.743203 0.488198
vt 0.739980 0.477514
vt 0.288692 0.096489
vt 0.288329 0.085984
vt 0.290907 0.091799
vt 0.816260 0.207880
vt 0.028803 0.279827
vt 0.028803 0.289467
vt 0.026275 0.284401
vt 0.669184 0.067569
vt 0.669602 0.072716
vt 0.661632 0.075781
vt 0.668950 0.083896
vt 0.663474 0.086835
vt 0.671102 0.097737
vt 0.818533 0.216888
vt 0.811158 0.207743
vt 0.808000 0.214438
vt 0.800040 0.209070
vt 0.797454 0.215902
vt 0.786101 0.207758
vt 0.785506 0.216759
vt 0.776509 0.213593
vt 0.771710 0.217254
vt 0.273625 0.645179
vt 0.271153 0.639955
vt 0.273550 0.634570
vt 0.270442 0.630584
vt 0.273625 0.624748
vt 0.177136 0.957173
vt 0.177136 0.967770
vt 0.173540 0.964227
vt 0.296125 0.809034
vt 0.298921 0.813556
vt 0.296428 0.818659
vt 0.299204 0.824159
vt 0.296239 0.829242
vt 0.299074 0.835424
vt 0.296125 0.841038
vt 0.791445 0.216788
vt 0.785460 0.224645
vt 0.771308 0.224227
vt 0.272575 0.645920
vt 0.269077 0.644629
vt 0.267289 0.636924
vt 0.267024 0.626042
vt 0.270492 0.620453
vt 0.963450 0.785599
vt 0.963450 0.796394
vt 0.959511 0.791207
vt 0.302428 0.819023
vt 0.301772 0.829518
vt 0.797916 0.217763
vt 0.791327 0.225214
vt 0.589015 0.251682
vt 0.589015 0.262859
vt 0.586484 0.257107
vt 0.586746 0.270745
vt 0.780194 0.226734
vt 0.912479 0.082088
vt 0.854726 0.477720
vt 0.535019 0.507557
vt 0.538111 0.501841
vt 0.977851 0.228614
vt 0.977851 0.237622
vt 0.974905 0.235320
vt 0.366987 0.294646
vt 0.849227 0.476132
vt 0.845718 0.480610
vt 0.982171 0.975274
vt 0.982171 0.983612
vt 0.979836 0.979593
vt 0.861942 0.481005
vt 0.850675 0.480674
vt 0.096787 0.607638
vt 0.099369 0.612217
vt 0.096778 0.617069
vt 0.099369 0.622138
vt 0.338003 0.945876
vt 0.343346 0.947888
vt 0.338003 0.957241
vt 0.345632 0.957689
vt 0.537853 0.512614
vt 0.534610 0.518448
vt 0.896316 0.611320
vt 0.900084 0.622299
vt 0.891926 0.617054
vt 0.892976 0.627011
vt 0.891926 0.632219
vt 0.982171 0.286587
vt 0.979412 0.281445
vt 0.982171 0.277837
vt 0.391894 0.897194
vt 0.541490 0.495486
vt 0.540754 0.507697
vt 0.359965 0.308926
vt 0.370633 0.318485
vt 0.357693 0.314536
vt 0.356071 0.326030
vt 0.371059 0.327887
vt 0.365948 0.334233
vt 0.374435 0.336154
vt 0.365952 0.344879
vt 0.372495 0.347072
vt 0.355040 0.297506
vt 0.371301 0.304614
vt 0.370811 0.313748
vt 0.232713 0.636964
vt 0.231585 0.627674
vt 0.234742 0.632093
vt 0.233578 0.622902
vt 0.229910 0.617917
vt 0.929737 0.060703
vt 0.931767 0.066353
vt 0.927409 0.069322
vt 0.931767 0.076327
vt 0.802011 0.917945
vt 0.802099 0.925249
vt 0.797797 0.927265
vt 0.797797 0.933207
vt 0.374306 0.291984
vt 0.370943 0.299615
vt 0.234742 0.656337
vt 0.231904 0.650929
vt 0.234001 0.645674
vt 0.230667 0.641914
vt 0.229375 0.632627
vt 0.228347 0.623086
vt 0.195858 0.787864
vt 0.195636 0.797851
vt 0.192329 0.793501
vt 0.193102 0.803447
vt 0.195858 0.807915
vt 0.802155 0.930708
vt 0.771619 0.298314
vt 0.776044 0.305124
vt 0.771174 0.302567
vt 0.779982 0.302258
vt 0.780403 0.312342
vt 0.784199 0.299176
vt 0.783880 0.310795
vt 0.791694 0.293655
vt 0.791705 0.305055
vt 0.802683 0.285555
vt 0.800348 0.298392
vt 0.808335 0.281394
vt 0.810402 0.289662
vt 0.813883 0.277313
vt 0.816793 0.285324
vt 0.824270 0.278720
vt 0.788886 0.317526
vt 0.795337 0.313593
vt 0.799427 0.320966
vt 0.804090 0.306313
vt 0.806340 0.317080
vt 0.811169 0.321147
vt 0.810652 0.302821
vt 0.815210 0.308130
vt 0.819861 0.308354
vt 0.818742 0.296686
vt 0.822776 0.301270
vt 0.825831 0.308093
vt 0.007434 0.145454
vt 0.007434 0.134942
vt 0.010081 0.140824
vt 0.828751 0.316518
vt 0.826921 0.286269
vt 0.830034 0.299065
vt 0.832273 0.299894
vt 0.835632 0.310885
vt 0.838136 0.316678
vt 0.832457 0.279141
vt 0.835762 0.287905
vt 0.840168 0.299589
vt 0.740935 0.972090
vt 0.740935 0.962142
vt 0.741669 0.969976
vt 0.841348 0.302730
vt 0.844135 0.310140
vt 0.847594 0.319335
vt 0.855679 0.316058
vt 0.851555 0.306135
vt 0.850627 0.301333
vt 0.847905 0.293385
vt 0.839642 0.279336
vt 0.839229 0.274316
vt 0.270460 0.817996
vt 0.268214 0.809746
vt 0.861776 0.307539
vt 0.861201 0.301961
vt 0.869358 0.300213
vt 0.858304 0.293461
vt 0.869697 0.293978
vt 0.880852 0.294025
vt 0.852686 0.283000
vt 0.860859 0.282201
vt 0.870016 0.281985
vt 0.885124 0.283457
vt 0.847130 0.273842
vt 0.854612 0.273403
vt 0.864423 0.273472
vt 0.873762 0.273335
vt 0.877073 0.272458
vt 0.844623 0.266472
vt 0.853397 0.266198
vt 0.862569 0.265911
vt 0.870410 0.265665
vt 0.875698 0.265491
vt 0.883001 0.265249
vt 0.879766 0.257880
vt 0.879583 0.256525
vt 0.865096 0.257967
vt 0.855012 0.258665
vt 0.846245 0.259136
vt 0.838788 0.258954
vt 0.531534 0.625926
vt 0.532148 0.633613
vt 0.533441 0.626507
vt 0.534290 0.635007
vt 0.533315 0.642676
vt 0.530321 0.647956
vt 0.873234 0.247594
vt 0.878589 0.248907
vt 0.870327 0.241863
vt 0.533114 0.650577
vt 0.530669 0.656068
vt 0.863355 0.247873
vt 0.870845 0.235321
vt 0.914206 0.279386
vt 0.914206 0.266886
vt 0.915925 0.273193
vt 0.915796 0.261478
vt 0.534290 0.662291
vt 0.531908 0.668222
vt 0.849698 0.250905
vt 0.855750 0.239525
vt 0.858375 0.230722
vt 0.868236 0.230325
vt 0.787876 0.900517
vt 0.790634 0.896369
vt 0.788390 0.910165
vt 0.854223 0.231110
vt 0.841787 0.250456
vt 0.845019 0.241226
vt 0.847190 0.233495
vt 0.848173 0.228184
vt 0.787876 0.891259
vt 0.850944 0.219616
vt 0.852527 0.213506
vt 0.832398 0.252313
vt 0.834831 0.244399
vt 0.836956 0.237482
vt 0.840594 0.225662
vt 0.842279 0.220173
vt 0.844419 0.213146
vt 0.846415 0.206583
vt 0.875749 0.626590
vt 0.878413 0.634529
vt 0.875700 0.636539
vt 0.875700 0.616794
vt 0.878482 0.623387
vt 0.771800 0.268699
vt 0.775115 0.273842
vt 0.772516 0.278283
vt 0.772442 0.259160
vt 0.774915 0.263415
vt 0.228358 0.649412
vt 0.233598 0.657474
vt 0.229867 0.658545
vt 0.773267 0.296045
vt 0.774220 0.284683
vt 0.782804 0.289445
vt 0.878319 0.612752
vt 0.782551 0.278907
vt 0.792678 0.282860
vt 0.780484 0.268459
vt 0.793984 0.272742
vt 0.803357 0.276309
vt 0.227529 0.637729
vt 0.771174 0.252111
vt 0.777835 0.257100
vt 0.792888 0.263260
vt 0.803443 0.267745
vt 0.805368 0.272914
vt 0.773898 0.242425
vt 0.781475 0.247357
vt 0.792405 0.253572
vt 0.801624 0.258830
vt 0.805169 0.262505
vt 0.811926 0.267493
vt 0.231878 0.665342
vt 0.785919 0.239910
vt 0.790286 0.242729
vt 0.801352 0.249870
vt 0.808470 0.254464
vt 0.811589 0.256479
vt 0.837190 0.210165
vt 0.835781 0.211638
vt 0.833307 0.219127
vt 0.830676 0.227643
vt 0.828015 0.239841
vt 0.825439 0.245178
vt 0.822723 0.253302
vt 0.267629 0.650941
vt 0.266133 0.642984
vt 0.825397 0.210640
vt 0.828160 0.206139
vt 0.817958 0.210183
vt 0.822139 0.215747
vt 0.815219 0.217944
vt 0.807650 0.213390
vt 0.820659 0.233061
vt 0.811898 0.224608
vt 0.807019 0.225738
vt 0.817546 0.239581
vt 0.811409 0.237557
vt 0.803835 0.232292
vt 0.795189 0.225853
vt 0.814770 0.248067
vt 0.808461 0.244789
vt 0.801611 0.240532
vt 0.795011 0.236437
vt 0.788162 0.232065
vt 0.274081 0.059497
vt 0.226223 0.036573
vt 0.274228 0.036895
vt 0.226076 0.059175
vt 0.007489 0.044470
vt 0.008323 0.006307
vt 0.056333 0.029063
vt 0.008369 0.028741
vt 0.056287 0.006629
vt 0.274335 0.021687
vt 0.273780 0.097214
vt 0.225999 0.074016
vt 0.273982 0.074338
vt 0.225797 0.096892
vt 0.006966 0.083196
vt 0.273452 0.134306
vt 0.225747 0.111459
vt 0.273730 0.111781
vt 0.225468 0.133984
vt 0.006694 0.119108
vt 0.874161 0.871392
vt 0.851231 0.894323
vt 0.851231 0.871394
vt 0.655651 0.745989
vt 0.672543 0.716069
vt 0.672543 0.745281
vt 0.655651 0.716777
vt 0.662862 0.580921
vt 0.735002 0.747430
vt 0.751750 0.717319
vt 0.751750 0.746454
vt 0.735002 0.718294
vt 0.741723 0.582608
vt 0.141894 0.764898
vt 0.158415 0.736980
vt 0.158415 0.766151
vt 0.141894 0.735727
vt 0.148004 0.605869
vt 0.006379 0.765038
vt 0.023042 0.737062
vt 0.023042 0.766151
vt 0.006379 0.735948
vt 0.012855 0.606483
vt 0.650941 0.902224
vt 0.635078 0.920246
vt 0.635078 0.903564
vt 0.393157 0.400357
vt 0.351565 0.386461
vt 0.392401 0.386461
vt 0.352320 0.400357
vt 0.164757 0.395690
vt 0.415013 0.421309
vt 0.375820 0.434920
vt 0.374635 0.421309
vt 0.189772 0.430789
vt 0.437801 0.008250
vt 0.423803 0.048313
vt 0.423803 0.007521
vt 0.437801 0.049041
vt 0.432920 0.233302
vt 0.008686 0.442053
vt 0.048249 0.455082
vt 0.007503 0.455082
vt 0.049433 0.442053
vt 0.233302 0.445246
vt 0.504297 0.938967
vt 0.518448 0.924129
vt 0.518448 0.938722
vt 0.462524 0.466603
vt 0.478124 0.426630
vt 0.478124 0.466573
vt 0.462524 0.426660
vt 0.471209 0.244815
vt 0.476835 0.221661
vt 0.492526 0.182772
vt 0.492526 0.221781
vt 0.476835 0.182652
vt 0.484402 0.006697
vt 0.469484 0.006978
vt 0.453847 0.046909
vt 0.453847 0.006962
vt 0.469484 0.046925
vt 0.460960 0.228981
vt 0.007384 0.486765
vt 0.046388 0.471101
vt 0.046127 0.486765
vt 0.224661 0.479468
vt 0.012101 0.914627
vt 0.027363 0.930283
vt 0.012101 0.930327
vt 0.447882 0.447770
vt 0.434744 0.408780
vt 0.447882 0.407228
vt 0.447302 0.224163
vt 0.423399 0.472364
vt 0.381310 0.458790
vt 0.421796 0.458790
vt 0.382914 0.472364
vt 0.198625 0.459836
vt 0.401851 0.355745
vt 0.414759 0.316539
vt 0.414759 0.357153
vt 0.401851 0.315131
vt 0.414419 0.130070
vt 0.008406 0.402931
vt 0.047314 0.417639
vt 0.006897 0.417639
vt 0.048823 0.402931
vt 0.233302 0.415280
vt 0.221781 0.924566
vt 0.204406 0.906739
vt 0.221781 0.906788
vt 0.874161 0.894321
vt 0.650941 0.918906
vt 0.416199 0.434920
vt 0.504297 0.924375
vt 0.007645 0.471101
vt 0.027363 0.914584
vt 0.434744 0.449322
vt 0.204406 0.924516
s 1
f 1/1/1 20/2/2 19/3/3
f 2/4/4 26/5/5 40/6/6
f 1/1/1 19/3/3 54/7/7
f 1/1/1 54/7/7 68/8/8
f 1/1/1 68/8/8 41/9/9
f 2/10/4 40/11/6 89/12/10
f 3/13/11 33/14/12 103/15/13
f 4/16/14 61/17/15 117/18/16
f 5/19/17 75/20/18 131/21/19
f 6/22/20 82/23/21 145/24/22
f 2/10/4 89/12/10 104/25/23
f 3/13/11 103/15/13 118/26/24
f 4/16/14 117/18/16 132/27/25
f 5/28/17 131/29/19 146/30/26
f 6/31/20 145/32/22 90/33/27
f 7/34/28 159/35/29 194/36/30
f 8/37/31 166/38/32 208/39/33
f 9/40/34 173/41/35 215/42/36
f 10/43/37 180/44/38 222/45/39
f 11/46/40 187/47/41 195/48/42
f 201/49/43 216/50/44 12/51/45
f 200/52/46 223/53/47 201/49/43
f 199/54/48 224/55/49 200/52/46
f 198/56/50 226/57/51 199/54/48
f 197/58/52 229/59/53 198/56/50
f 196/60/54 233/61/55 197/62/52
f 195/63/42 238/64/56 196/60/54
f 201/49/43 223/53/47 216/50/44
f 223/53/47 217/65/57 216/50/44
f 200/52/46 224/55/49 223/53/47
f 224/55/49 225/66/58 223/53/47
f 223/53/47 225/66/58 217/65/57
f 225/66/58 218/67/59 217/65/57
f 199/54/48 226/57/51 224/55/49
f 226/57/51 227/68/60 224/55/49
f 224/55/49 227/68/60 225/66/58
f 227/68/60 228/69/61 225/66/58
f 225/66/58 228/69/61 218/67/59
f 228/69/61 219/70/62 218/67/59
f 198/56/50 229/59/53 226/57/51
f 229/59/53 230/71/63 226/57/51
f 226/57/51 230/71/63 227/68/60
f 230/71/63 231/72/64 227/68/60
f 227/68/60 231/72/64 228/69/61
f 231/72/64 232/73/65 228/69/61
f 228/69/61 232/73/65 219/70/62
f 232/73/65 220/74/66 219/70/62
f 197/58/52 233/75/55 229/59/53
f 233/75/55 234/76/67 229/59/53
f 229/59/53 234/76/67 230/71/63
f 234/76/67 235/77/68 230/71/63
f 230/71/63 235/77/68 231/72/64
f 235/77/68 236/78/69 231/72/64
f 231/72/64 236/78/69 232/73/65
f 236/78/69 237/79/70 232/73/65
f 232/73/65 237/79/70 220/74/66
f 237/79/70 221/80/71 220/74/66
f 196/60/54 238/64/56 233/61/55
f 238/64/56 239/81/72 233/61/55
f 233/75/55 239/82/72 234/76/67
f 239/82/72 240/83/73 234/76/67
f 234/76/67 240/83/73 235/77/68
f 240/83/73 241/84/74 235/77/68
f 235/77/68 241/84/74 236/78/69
f 241/84/74 242/85/75 236/78/69
f 236/78/69 242/85/75 237/79/70
f 242/85/75 243/86/76 237/79/70
f 237/79/70 243/86/76 221/80/71
f 243/86/76 222/87/39 221/80/71
f 195/48/42 187/47/41 238/88/56
f 187/47/41 186/89/77 238/88/56
f 238/64/56 186/90/77 239/81/72
f 186/90/77 185/91/78 239/81/72
f 239/92/72 185/93/78 240/94/73
f 185/95/78 184/96/79 240/97/73
f 240/83/73 184/98/79 241/84/74
f 184/98/79 183/99/80 241/84/74
f 241/84/74 183/99/80 242/85/75
f 183/99/80 182/100/81 242/85/75
f 242/85/75 182/100/81 243/86/76
f 182/101/81 181/102/82 243/103/76
f 243/103/76 181/102/82 222/104/39
f 181/102/82 10/105/37 222/104/39
f 216/50/44 209/106/83 12/51/45
f 217/65/57 244/107/84 216/50/44
f 218/67/59 245/108/85 217/65/57
f 219/70/62 247/109/86 218/67/59
f 220/74/66 250/110/87 219/70/62
f 221/80/71 254/111/88 220/74/66
f 222/87/39 259/112/89 221/80/71
f 216/50/44 244/107/84 209/106/83
f 244/107/84 210/113/90 209/106/83
f 217/65/57 245/108/85 244/107/84
f 245/108/85 246/114/91 244/107/84
f 244/107/84 246/114/91 210/113/90
f 246/114/91 211/115/92 210/113/90
f 218/67/59 247/109/86 245/108/85
f 247/109/86 248/116/93 245/108/85
f 245/108/85 248/116/93 246/114/91
f 248/116/93 249/117/94 246/114/91
f 246/114/91 249/117/94 211/115/92
f 249/117/94 212/118/95 211/115/92
f 219/70/62 250/110/87 247/109/86
f 250/110/87 251/119/96 247/109/86
f 247/109/86 251/119/96 248/116/93
f 251/119/96 252/120/97 248/116/93
f 248/116/93 252/120/97 249/117/94
f 252/120/97 253/121/98 249/117/94
f 249/117/94 253/121/98 212/118/95
f 253/121/98 213/122/99 212/118/95
f 220/74/66 254/111/88 250/110/87
f 254/111/88 255/123/100 250/110/87
f 250/110/87 255/123/100 251/119/96
f 255/123/100 256/124/101 251/119/96
f 251/119/96 256/124/101 252/120/97
f 256/124/101 257/125/102 252/120/97
f 252/120/97 257/125/102 253/121/98
f 257/126/102 258/127/103 253/128/98
f 253/129/98 258/130/103 213/131/99
f 258/130/103 214/132/104 213/131/99
f 221/80/71 259/112/89 254/111/88
f 259/112/89 260/133/105 254/111/88
f 254/111/88 260/133/105 255/123/100
f 260/133/105 261/134/106 255/123/100
f 255/123/100 261/134/106 256/124/101
f 261/134/106 262/135/107 256/124/101
f 256/124/101 262/135/107 257/125/102
f 262/136/107 263/137/108 257/138/102
f 257/126/102 263/139/108 258/127/103
f 263/139/108 264/140/109 258/127/103
f 258/130/103 264/141/109 214/132/104
f 264/141/109 215/42/36 214/132/104
f 222/87/39 180/142/38 259/112/89
f 180/142/38 179/143/110 259/112/89
f 259/112/89 179/143/110 260/133/105
f 179/143/110 178/144/111 260/133/105
f 260/133/105 178/144/111 261/134/106
f 178/144/111 177/145/112 261/134/106
f 261/134/106 177/145/112 262/135/107
f 177/146/112 176/147/113 262/148/107
f 262/136/107 176/149/113 263/137/108
f 176/149/113 175/150/114 263/137/108
f 263/151/108 175/152/114 264/153/109
f 175/152/114 174/154/115 264/153/109
f 264/153/109 174/154/115 215/155/36
f 174/156/115 9/157/34 215/158/36
f 209/106/83 202/159/116 12/51/45
f 210/113/90 265/160/117 209/106/83
f 211/115/92 266/161/118 210/113/90
f 212/118/95 268/162/119 211/115/92
f 213/122/99 271/163/120 212/118/95
f 214/164/104 275/165/121 213/166/99
f 215/42/36 280/167/122 214/132/104
f 209/106/83 265/160/117 202/159/116
f 265/160/117 203/168/123 202/159/116
f 210/113/90 266/161/118 265/160/117
f 266/161/118 267/169/124 265/160/117
f 265/160/117 267/169/124 203/168/123
f 267/169/124 204/170/125 203/168/123
f 211/115/92 268/162/119 266/161/118
f 268/162/119 269/171/126 266/161/118
f 266/161/118 269/171/126 267/169/124
f 269/171/126 270/172/127 267/169/124
f 267/169/124 270/172/127 204/170/125
f 270/172/127 205/173/128 204/170/125
f 212/118/95 271/163/120 268/162/119
f 271/163/120 272/174/129 268/162/119
f 268/162/119 272/174/129 269/171/126
f 272/174/129 273/175/130 269/171/126
f 269/176/126 273/177/130 270/178/127
f 273/175/130 274/179/131 270/172/127
f 270/172/127 274/179/131 205/173/128
f 274/179/131 206/180/132 205/173/128
f 213/122/99 275/181/121 271/163/120
f 275/181/121 276/182/133 271/163/120
f 271/163/120 276/182/133 272/174/129
f 276/182/133 277/183/134 272/174/129
f 272/174/129 277/183/134 273/175/130
f 277/183/134 278/184/135 273/175/130
f 273/175/130 278/184/135 274/179/131
f 278/184/135 279/185/136 274/179/131
f 274/179/131 279/185/136 206/180/132
f 279/185/136 207/186/137 206/180/132
f 214/187/104 280/188/122 275/181/121
f 280/188/122 281/189/138 275/181/121
f 275/181/121 281/189/138 276/182/133
f 281/190/138 282/191/139 276/192/133
f 276/192/133 282/191/139 277/193/134
f 282/191/139 283/194/140 277/193/134
f 277/193/134 283/194/140 278/195/135
f 283/196/140 284/197/141 278/184/135
f 278/184/135 284/197/141 279/185/136
f 284/197/141 285/198/142 279/185/136
f 279/185/136 285/198/142 207/186/137
f 285/198/142 208/39/33 207/186/137
f 215/42/36 173/41/35 280/167/122
f 173/199/35 172/200/143 280/201/122
f 280/201/122 172/200/143 281/202/138
f 172/203/143 171/204/144 281/205/138
f 281/189/138 171/206/144 282/207/139
f 171/206/144 170/208/145 282/207/139
f 282/207/139 170/208/145 283/196/140
f 170/208/145 169/209/146 283/196/140
f 283/196/140 169/209/146 284/197/141
f 169/209/146 168/210/147 284/197/141
f 284/197/141 168/210/147 285/198/142
f 168/210/147 167/211/148 285/198/142
f 285/198/142 167/211/148 208/39/33
f 167/211/148 8/37/31 208/39/33
f 202/159/116 188/212/149 12/51/45
f 203/168/123 286/213/150 202/159/116
f 204/170/125 287/214/151 203/168/123
f 205/173/128 289/215/152 204/170/125
f 206/180/132 292/216/153 205/173/128
f 207/186/137 296/217/154 206/180/132
f 208/39/33 301/218/155 207/186/137
f 202/159/116 286/213/150 188/212/149
f 286/213/150 189/219/156 188/212/149
f 203/168/123 287/214/151 286/213/150
f 287/214/151 288/220/157 286/213/150
f 286/213/150 288/220/157 189/219/156
f 288/220/157 190/221/158 189/219/156
f 204/170/125 289/215/152 287/214/151
f 289/215/152 290/222/159 287/214/151
f 287/214/151 290/222/159 288/220/157
f 290/222/159 291/223/160 288/220/157
f 288/220/157 291/223/160 190/221/158
f 291/223/160 191/224/161 190/221/158
f 205/173/128 292/216/153 289/215/152
f 292/216/153 293/225/162 289/215/152
f 289/226/152 293/227/162 290/228/159
f 293/225/162 294/229/163 290/222/159
f 290/222/159 294/229/163 291/223/160
f 294/229/163 295/230/164 291/223/160
f 291/223/160 295/230/164 191/224/161
f 295/230/164 192/231/165 191/224/161
f 206/180/132 296/217/154 292/216/153
f 296/217/154 297/232/166 292/216/153
f 292/216/153 297/232/166 293/225/162
f 297/232/166 298/233/167 293/225/162
f 293/225/162 298/233/167 294/229/163
f 298/233/167 299/234/168 294/229/163
f 294/229/163 299/234/168 295/230/164
f 299/234/168 300/235/169 295/230/164
f 295/230/164 300/235/169 192/231/165
f 300/235/169 193/236/170 192/231/165
f 207/237/137 301/238/155 296/239/154
f 301/240/155 302/241/171 296/242/154
f 296/217/154 302/243/171 297/232/166
f 302/243/171 303/244/172 297/232/166
f 297/232/166 303/244/172 298/233/167
f 303/244/172 304/245/173 298/233/167
f 298/233/167 304/245/173 299/234/168
f 304/245/173 305/246/174 299/234/168
f 299/234/168 305/246/174 300/235/169
f 305/246/174 306/247/175 300/235/169
f 300/235/169 306/247/175 193/236/170
f 306/247/175 194/36/30 193/236/170
f 208/39/33 166/38/32 301/218/155
f 166/38/32 165/248/176 301/218/155
f 301/218/155 165/248/176 302/243/171
f 165/248/176 164/249/177 302/243/171
f 302/243/171 164/249/177 303/244/172
f 164/249/177 163/250/178 303/244/172
f 303/244/172 163/250/178 304/245/173
f 163/251/178 162/252/179 304/253/173
f 304/253/173 162/252/179 305/254/174
f 162/252/179 161/255/180 305/254/174
f 305/254/174 161/255/180 306/256/175
f 161/255/180 160/257/181 306/256/175
f 306/247/175 160/258/181 194/36/30
f 160/258/181 7/34/28 194/36/30
f 188/212/149 201/49/43 12/51/45
f 189/219/156 307/259/182 188/212/149
f 190/221/158 308/260/183 189/219/156
f 191/224/161 310/261/184 190/221/158
f 192/231/165 313/262/185 191/224/161
f 193/236/170 317/263/186 192/231/165
f 194/36/30 322/264/187 193/236/170
f 188/212/149 307/259/182 201/49/43
f 307/259/182 200/52/46 201/49/43
f 189/219/156 308/260/183 307/259/182
f 308/260/183 309/265/188 307/259/182
f 307/259/182 309/265/188 200/52/46
f 309/265/188 199/54/48 200/52/46
f 190/221/158 310/261/184 308/260/183
f 310/261/184 311/266/189 308/260/183
f 308/260/183 311/266/189 309/265/188
f 311/266/189 312/267/190 309/265/188
f 309/265/188 312/267/190 199/54/48
f 312/267/190 198/56/50 199/54/48
f 191/224/161 313/262/185 310/261/184
f 313/262/185 314/268/191 310/261/184
f 310/261/184 314/268/191 311/266/189
f 314/268/191 315/269/192 311/266/189
f 311/266/189 315/269/192 312/267/190
f 315/269/192 316/270/193 312/267/190
f 312/267/190 316/270/193 198/56/50
f 316/270/193 197/58/52 198/56/50
f 192/231/165 317/263/186 313/262/185
f 317/263/186 318/271/194 313/262/185
f 313/262/185 318/271/194 314/268/191
f 318/271/194 319/272/195 314/268/191
f 314/268/191 319/272/195 315/269/192
f 319/273/195 320/274/196 315/275/192
f 315/276/192 320/277/196 316/278/193
f 320/277/196 321/279/197 316/278/193
f 316/280/193 321/281/197 197/62/52
f 321/281/197 196/60/54 197/62/52
f 193/282/170 322/283/187 317/284/186
f 322/283/187 323/285/198 317/284/186
f 317/284/186 323/285/198 318/286/194
f 323/285/198 324/287/199 318/286/194
f 318/286/194 324/287/199 319/288/195
f 324/289/199 325/290/200 319/273/195
f 319/273/195 325/290/200 320/274/196
f 325/291/200 326/292/201 320/293/196
f 320/293/196 326/292/201 321/294/197
f 326/292/201 327/295/202 321/294/197
f 321/294/197 327/295/202 196/296/54
f 327/297/202 195/63/42 196/60/54
f 194/36/30 159/35/29 322/264/187
f 159/35/29 158/298/203 322/264/187
f 322/264/187 158/298/203 323/299/198
f 158/298/203 157/300/204 323/299/198
f 323/285/198 157/301/204 324/287/199
f 157/301/204 156/302/205 324/287/199
f 324/303/199 156/304/205 325/291/200
f 156/304/205 155/305/206 325/291/200
f 325/291/200 155/305/206 326/292/201
f 155/306/206 154/307/207 326/308/201
f 326/309/201 154/310/207 327/311/202
f 154/312/207 153/313/208 327/297/202
f 327/297/202 153/313/208 195/63/42
f 153/314/208 11/46/40 195/48/42
f 96/315/209 187/316/41 11/317/40
f 95/318/210 328/319/211 96/320/209
f 94/321/212 329/322/213 95/323/210
f 93/324/214 331/325/215 94/326/212
f 92/327/216 334/328/217 93/329/214
f 91/330/218 338/331/219 92/332/216
f 90/333/27 343/334/220 91/335/218
f 96/315/209 328/336/211 187/316/41
f 328/319/211 186/89/77 187/47/41
f 95/337/210 329/338/213 328/339/211
f 329/340/213 330/341/221 328/342/211
f 328/343/211 330/344/221 186/345/77
f 330/346/221 185/91/78 186/90/77
f 94/326/212 331/325/215 329/347/213
f 331/348/215 332/349/222 329/350/213
f 329/351/213 332/352/222 330/353/221
f 332/354/222 333/355/223 330/356/221
f 330/357/221 333/358/223 185/359/78
f 333/358/223 184/360/79 185/359/78
f 93/324/214 334/361/217 331/325/215
f 334/361/217 335/362/224 331/325/215
f 331/348/215 335/363/224 332/349/222
f 335/363/224 336/364/225 332/349/222
f 332/354/222 336/365/225 333/355/223
f 336/366/225 337/367/226 333/368/223
f 333/368/223 337/367/226 184/369/79
f 337/370/226 183/371/80 184/372/79
f 92/327/216 338/373/219 334/328/217
f 338/374/219 339/375/227 334/361/217
f 334/361/217 339/375/227 335/362/224
f 339/376/227 340/377/228 335/363/224
f 335/363/224 340/377/228 336/364/225
f 340/377/228 341/378/229 336/364/225
f 336/364/225 341/378/229 337/379/226
f 341/380/229 342/381/230 337/382/226
f 337/370/226 342/383/230 183/371/80
f 342/383/230 182/384/81 183/371/80
f 91/330/218 343/385/220 338/331/219
f 343/386/220 344/387/231 338/388/219
f 338/389/219 344/390/231 339/391/227
f 344/392/231 345/393/232 339/394/227
f 339/394/227 345/393/232 340/395/228
f 345/396/232 346/397/233 340/398/228
f 340/377/228 346/399/233 341/378/229
f 346/399/233 347/400/234 341/378/229
f 341/401/229 347/402/234 342/383/230
f 347/402/234 348/403/235 342/383/230
f 342/383/230 348/403/235 182/384/81
f 348/404/235 181/102/82 182/101/81
f 90/333/27 145/405/22 343/334/220
f 145/24/22 144/406/236 343/386/220
f 343/386/220 144/406/236 344/387/231
f 144/406/236 143/407/237 344/387/231
f 344/408/231 143/409/237 345/410/232
f 143/407/237 142/411/238 345/396/232
f 345/396/232 142/411/238 346/397/233
f 142/412/238 141/413/239 346/399/233
f 346/399/233 141/413/239 347/400/234
f 141/413/239 140/414/240 347/400/234
f 347/402/234 140/415/240 348/403/235
f 140/415/240 139/416/241 348/403/235
f 348/404/235 139/417/241 181/102/82
f 139/417/241 10/105/37 181/102/82
f 152/418/242 180/419/38 10/105/37
f 151/420/243 349/421/244 152/422/242
f 150/423/245 350/424/246 151/425/243
f 149/426/247 352/427/248 150/428/245
f 148/429/249 355/430/250 149/431/247
f 147/432/251 359/433/252 148/434/249
f 146/30/26 364/435/253 147/432/251
f 152/436/242 349/437/244 180/438/38
f 349/439/244 179/143/110 180/142/38
f 151/425/243 350/424/246 349/440/244
f 350/441/246 351/442/254 349/443/244
f 349/444/244 351/445/254 179/446/110
f 351/447/254 178/448/111 179/449/110
f 150/423/245 352/450/248 350/424/246
f 352/427/248 353/451/255 350/441/246
f 350/441/246 353/451/255 351/442/254
f 353/452/255 354/453/256 351/454/254
f 351/447/254 354/455/256 178/448/111
f 354/453/256 177/456/112 178/457/111
f 149/426/247 355/458/250 352/427/248
f 355/458/250 356/459/257 352/427/248
f 352/427/248 356/459/257 353/451/255
f 356/459/257 357/460/258 353/451/255
f 353/452/255 357/461/258 354/453/256
f 357/461/258 358/462/259 354/453/256
f 354/453/256 358/462/259 177/456/112
f 358/463/259 176/464/113 177/465/112
f 148/429/249 359/466/252 355/430/250
f 359/467/252 360/468/260 355/469/250
f 355/458/250 360/470/260 356/459/257
f 360/471/260 361/472/261 356/473/257
f 356/473/257 361/472/261 357/461/258
f 361/472/261 362/474/262 357/461/258
f 357/461/258 362/474/262 358/462/259
f 362/474/262 363/475/263 358/462/259
f 358/463/259 363/476/263 176/464/113
f 363/476/263 175/152/114 176/464/113
f 147/432/251 364/435/253 359/433/252
f 364/435/253 365/477/264 359/433/252
f 359/478/252 365/479/264 360/480/260
f 365/479/264 366/481/265 360/480/260
f 360/471/260 366/482/265 361/472/261
f 366/482/265 367/483/266 361/472/261
f 361/472/261 367/483/266 362/474/262
f 367/483/266 368/484/267 362/474/262
f 362/474/262 368/484/267 363/475/263
f 368/485/267 369/486/268 363/476/263
f 363/476/263 369/486/268 175/152/114
f 369/486/268 174/154/115 175/152/114
f 146/30/26 131/29/19 364/435/253
f 131/29/19 130/487/269 364/435/253
f 364/435/253 130/487/269 365/477/264
f 130/488/269 129/489/270 365/479/264
f 365/479/264 129/489/270 366/481/265
f 129/490/270 128/491/271 366/492/265
f 366/493/265 128/494/271 367/495/266
f 128/494/271 127/496/272 367/495/266
f 367/483/266 127/497/272 368/484/267
f 127/498/272 126/499/273 368/485/267
f 368/485/267 126/499/273 369/486/268
f 126/499/273 125/500/274 369/486/268
f 369/501/268 125/502/274 174/156/115
f 125/502/274 9/157/34 174/156/115
f 138/503/275 173/504/35 9/505/34
f 137/506/276 370/507/277 138/508/275
f 136/509/278 371/510/279 137/511/276
f 135/512/280 373/513/281 136/509/278
f 134/514/282 376/515/283 135/516/280
f 133/517/284 380/518/285 134/514/282
f 132/519/25 385/520/286 133/521/284
f 138/503/275 370/522/277 173/504/35
f 370/522/277 172/523/143 173/504/35
f 137/506/276 371/524/279 370/507/277
f 371/525/279 372/526/287 370/527/277
f 370/522/277 372/528/287 172/523/143
f 372/529/287 171/204/144 172/203/143
f 136/509/278 373/513/281 371/510/279
f 373/513/281 374/530/288 371/510/279
f 371/531/279 374/532/288 372/533/287
f 374/532/288 375/534/289 372/533/287
f 372/533/287 375/534/289 171/535/144
f 375/534/289 170/536/145 171/535/144
f 135/537/280 376/538/283 373/539/281
f 376/538/283 377/540/290 373/539/281
f 373/513/281 377/541/290 374/530/288
f 377/542/290 378/543/291 374/532/288
f 374/532/288 378/543/291 375/534/289
f 378/543/291 379/544/292 375/534/289
f 375/545/289 379/546/292 170/208/145
f 379/546/292 169/209/146 170/208/145
f 134/514/282 380/518/285 376/515/283
f 380/547/285 381/548/293 376/549/283
f 376/549/283 381/548/293 377/550/290
f 381/551/293 382/552/294 377/542/290
f 377/542/290 382/552/294 378/543/291
f 382/553/294 383/554/295 378/555/291
f 378/543/291 383/556/295 379/544/292
f 383/557/295 384/558/296 379/559/292
f 379/546/292 384/560/296 169/209/146
f 384/560/296 168/210/147 169/209/146
f 133/561/284 385/562/286 380/563/285
f 385/562/286 386/564/297 380/563/285
f 380/565/285 386/566/297 381/551/293
f 386/566/297 387/567/298 381/551/293
f 381/551/293 387/567/298 382/552/294
f 387/567/298 388/568/299 382/552/294
f 382/553/294 388/569/299 383/554/295
f 388/569/299 389/570/300 383/554/295
f 383/557/295 389/571/300 384/558/296
f 389/572/300 390/573/301 384/574/296
f 384/560/296 390/575/301 168/210/147
f 390/575/301 167/211/148 168/210/147
f 132/576/25 117/577/16 385/578/286
f 117/577/16 116/579/302 385/578/286
f 385/562/286 116/580/302 386/564/297
f 116/580/302 115/581/303 386/564/297
f 386/566/297 115/582/303 387/567/298
f 115/582/303 114/583/304 387/567/298
f 387/584/298 114/585/304 388/586/299
f 114/587/304 113/588/305 388/589/299
f 388/589/299 113/588/305 389/590/300
f 113/588/305 112/591/306 389/590/300
f 389/590/300 112/591/306 390/592/301
f 112/593/306 111/594/307 390/595/301
f 390/575/301 111/596/307 167/211/148
f 111/596/307 8/37/31 167/211/148
f 124/597/308 166/38/32 8/37/31
f 123/598/309 391/599/310 124/600/308
f 122/601/311 392/602/312 123/603/309
f 121/604/313 394/605/314 122/606/311
f 120/607/315 397/608/316 121/609/313
f 119/610/317 401/611/318 120/612/315
f 118/613/24 406/614/319 119/615/317
f 124/600/308 391/599/310 166/616/32
f 391/617/310 165/248/176 166/38/32
f 123/618/309 392/619/312 391/620/310
f 392/619/312 393/621/320 391/620/310
f 391/620/310 393/621/320 165/622/176
f 393/621/320 164/623/177 165/622/176
f 122/601/311 394/624/314 392/602/312
f 394/624/314 395/625/321 392/602/312
f 392/619/312 395/626/321 393/621/320
f 395/626/321 396/627/322 393/621/320
f 393/621/320 396/627/322 164/623/177
f 396/627/322 163/628/178 164/623/177
f 121/629/313 397/630/316 394/631/314
f 397/630/316 398/632/323 394/631/314
f 394/624/314 398/633/323 395/625/321
f 398/633/323 399/634/324 395/625/321
f 395/625/321 399/634/324 396/635/322
f 399/634/324 400/636/325 396/635/322
f 396/627/322 400/637/325 163/628/178
f 400/636/325 162/638/179 163/250/178
f 120/607/315 401/639/318 397/608/316
f 401/639/318 402/640/326 397/608/316
f 397/630/316 402/641/326 398/632/323
f 402/642/326 403/643/327 398/633/323
f 398/633/323 403/643/327 399/634/324
f 403/643/327 404/644/328 399/634/324
f 399/634/324 404/644/328 400/636/325
f 404/644/328 405/645/329 400/636/325
f 400/636/325 405/645/329 162/638/179
f 405/645/329 161/646/180 162/638/179
f 119/615/317 406/614/319 401/647/318
f 406/614/319 407/648/330 401/647/318
f 401/649/318 407/650/330 402/651/326
f 407/652/330 408/653/331 402/654/326
f 402/642/326 408/655/331 403/643/327
f 408/656/331 409/657/332 403/658/327
f 403/643/327 409/659/332 404/644/328
f 409/659/332 410/660/333 404/644/328
f 404/644/328 410/660/333 405/645/329
f 410/660/333 411/661/334 405/645/329
f 405/645/329 411/661/334 161/646/180
f 411/661/334 160/258/181 161/646/180
f 118/613/24 103/662/13 406/614/319
f 103/662/13 102/663/335 406/614/319
f 406/664/319 102/665/335 407/666/330
f 102/667/335 101/668/336 407/652/330
f 407/652/330 101/668/336 408/653/331
f 101/669/336 100/670/337 408/656/331
f 408/656/331 100/670/337 409/657/332
f 100/670/337 99/671/338 409/657/332
f 409/657/332 99/671/338 410/672/333
f 99/673/338 98/674/339 410/675/333
f 410/660/333 98/676/339 411/661/334
f 98/676/339 97/677/340 411/661/334
f 411/661/334 97/677/340 160/258/181
f 97/677/340 7/34/28 160/258/181
f 110/678/341 159/35/29 7/34/28
f 109/679/342 412/680/343 110/678/341
f 108/681/344 413/682/345 109/679/342
f 107/683/346 415/684/347 108/685/344
f 106/686/348 418/687/349 107/688/346
f 105/689/350 422/690/351 106/691/348
f 104/692/23 427/693/352 105/694/350
f 110/695/341 412/696/343 159/697/29
f 412/696/343 158/698/203 159/697/29
f 109/679/342 413/682/345 412/680/343
f 413/699/345 414/700/353 412/701/343
f 412/680/343 414/702/353 158/298/203
f 414/702/353 157/300/204 158/298/203
f 108/681/344 415/703/347 413/682/345
f 415/703/347 416/704/354 413/682/345
f 413/699/345 416/705/354 414/700/353
f 416/705/354 417/706/355 414/700/353
f 414/702/353 417/707/355 157/300/204
f 417/707/355 156/304/205 157/300/204
f 107/683/346 418/708/349 415/684/347
f 418/708/349 419/709/356 415/684/347
f 415/703/347 419/710/356 416/704/354
f 419/710/356 420/711/357 416/704/354
f 416/705/354 420/712/357 417/706/355
f 420/711/357 421/713/358 417/707/355
f 417/707/355 421/713/358 156/304/205
f 421/713/358 155/305/206 156/304/205
f 106/691/348 422/690/351 418/714/349
f 422/715/351 423/716/359 418/717/349
f 418/708/349 423/718/359 419/709/356
f 423/718/359 424/719/360 419/709/356
f 419/710/356 424/720/360 420/711/357
f 424/720/360 425/721/361 420/711/357
f 420/722/357 425/723/361 421/724/358
f 425/721/361 426/725/362 421/713/358
f 421/726/358 426/727/362 155/306/206
f 426/727/362 154/307/207 155/306/206
f 105/728/350 427/729/352 422/730/351
f 427/729/352 428/731/363 422/730/351
f 422/732/351 428/733/363 423/734/359
f 428/733/363 429/735/364 423/734/359
f 423/736/359 429/737/364 424/738/360
f 429/735/364 430/739/365 424/740/360
f 424/720/360 430/741/365 425/721/361
f 430/741/365 431/742/366 425/721/361
f 425/721/361 431/742/366 426/725/362
f 431/743/366 432/744/367 426/745/362
f 426/725/362 432/746/367 154/747/207
f 432/746/367 153/314/208 154/747/207
f 104/748/23 89/749/10 427/729/352
f 89/749/10 88/750/368 427/729/352
f 427/729/352 88/750/368 428/731/363
f 88/750/368 87/751/369 428/731/363
f 428/733/363 87/752/369 429/735/364
f 87/752/369 86/753/370 429/735/364
f 429/735/364 86/753/370 430/739/365
f 86/753/370 85/754/371 430/739/365
f 430/741/365 85/755/371 431/742/366
f 85/755/371 84/756/372 431/742/366
f 431/743/366 84/757/372 432/744/367
f 84/757/372 83/758/373 432/744/367
f 432/746/367 83/759/373 153/314/208
f 83/759/373 11/46/40 153/314/208
f 139/417/241 152/418/242 10/105/37
f 140/760/240 433/761/374 139/762/241
f 141/413/239 434/763/375 140/414/240
f 142/764/238 436/765/376 141/766/239
f 143/407/237 439/767/377 142/411/238
f 144/406/236 443/768/378 143/407/237
f 145/24/22 448/769/379 144/406/236
f 139/770/241 433/771/374 152/422/242
f 433/771/374 151/420/243 152/422/242
f 140/760/240 434/772/375 433/761/374
f 434/773/375 435/774/380 433/775/374
f 433/775/374 435/774/380 151/776/243
f 435/774/380 150/777/245 151/776/243
f 141/778/239 436/779/376 434/780/375
f 436/779/376 437/781/381 434/780/375
f 434/782/375 437/783/381 435/784/380
f 437/785/381 438/786/382 435/787/380
f 435/787/380 438/786/382 150/428/245
f 438/786/382 149/426/247 150/428/245
f 142/788/238 439/789/377 436/790/376
f 439/789/377 440/791/383 436/790/376
f 436/792/376 440/793/383 437/794/381
f 440/795/383 441/796/384 437/797/381
f 437/797/381 441/796/384 438/798/382
f 441/799/384 442/800/385 438/801/382
f 438/801/382 442/800/385 149/431/247
f 442/800/385 148/429/249 149/431/247
f 143/407/237 443/768/378 439/767/377
f 443/802/378 444/803/386 439/804/377
f 439/805/377 444/806/386 440/807/383
f 444/808/386 445/809/387 440/810/383
f 440/810/383 445/809/387 441/811/384
f 445/812/387 446/813/388 441/814/384
f 441/815/384 446/816/388 442/817/385
f 446/818/388 447/819/389 442/820/385
f 442/820/385 447/819/389 148/434/249
f 447/819/389 147/432/251 148/434/249
f 144/821/236 448/822/379 443/823/378
f 448/824/379 449/825/390 443/826/378
f 443/826/378 449/825/390 444/827/386
f 449/825/390 450/828/391 444/827/386
f 444/829/386 450/830/391 445/831/387
f 450/830/391 451/832/392 445/831/387
f 445/831/387 451/832/392 446/833/388
f 451/832/392 452/834/393 446/833/388
f 446/818/388 452/835/393 447/819/389
f 452/836/393 453/837/394 447/838/389
f 447/838/389 453/837/394 147/839/251
f 453/837/394 146/840/26 147/839/251
f 145/24/22 82/23/21 448/769/379
f 82/841/21 81/842/395 448/824/379
f 448/824/379 81/842/395 449/825/390
f 81/842/395 80/843/396 449/825/390
f 449/825/390 80/843/396 450/828/391
f 80/843/396 79/844/397 450/828/391
f 450/828/391 79/844/397 451/845/392
f 79/844/397 78/846/398 451/845/392
f 451/832/392 78/847/398 452/834/393
f 78/847/398 77/848/399 452/834/393
f 452/834/393 77/848/399 453/849/394
f 77/848/399 76/850/400 453/849/394
f 453/851/394 76/852/400 146/853/26
f 76/854/400 5/28/17 146/30/26
f 125/500/274 138/503/275 9/505/34
f 126/499/273 454/855/401 125/500/274
f 127/856/272 455/857/402 126/858/273
f 128/494/271 457/859/403 127/496/272
f 129/490/270 460/860/404 128/491/271
f 130/488/269 464/861/405 129/489/270
f 131/862/19 469/863/406 130/864/269
f 125/500/274 454/855/401 138/503/275
f 454/865/401 137/506/276 138/508/275
f 126/858/273 455/857/402 454/866/401
f 455/857/402 456/867/407 454/866/401
f 454/868/401 456/869/407 137/870/276
f 456/871/407 136/872/278 137/873/276
f 127/856/272 457/874/403 455/857/402
f 457/875/403 458/876/408 455/877/402
f 455/877/402 458/876/408 456/878/407
f 458/876/408 459/879/409 456/878/407
f 456/878/407 459/879/409 136/509/278
f 459/879/409 135/512/280 136/509/278
f 128/491/271 460/860/404 457/880/403
f 460/881/404 461/882/410 457/883/403
f 457/884/403 461/885/410 458/886/408
f 461/882/410 462/887/411 458/888/408
f 458/889/408 462/890/411 459/891/409
f 462/890/411 463/892/412 459/891/409
f 459/891/409 463/892/412 135/893/280
f 463/892/412 134/894/282 135/893/280
f 129/490/270 464/895/405 460/860/404
f 464/895/405 465/896/413 460/860/404
f 460/881/404 465/897/413 461/882/410
f 465/897/413 466/898/414 461/882/410
f 461/882/410 466/898/414 462/887/411
f 466/898/414 467/899/415 462/887/411
f 462/890/411 467/900/415 463/892/412
f 467/900/415 468/901/416 463/892/412
f 463/892/412 468/901/416 134/894/282
f 468/901/416 133/902/284 134/894/282
f 130/864/269 469/863/406 464/903/405
f 469/904/406 470/905/417 464/895/405
f 464/895/405 470/905/417 465/896/413
f 470/905/417 471/906/418 465/896/413
f 465/907/413 471/908/418 466/909/414
f 471/908/418 472/910/419 466/909/414
f 466/909/414 472/910/419 467/911/415
f 472/912/419 473/913/420 467/900/415
f 467/900/415 473/913/420 468/901/416
f 473/913/420 474/914/421 468/901/416
f 468/901/416 474/914/421 133/902/284
f 474/915/421 132/27/25 133/561/284
f 131/916/19 75/917/18 469/918/406
f 75/919/18 74/920/422 469/904/406
f 469/904/406 74/920/422 470/905/417
f 74/921/422 73/922/423 470/923/417
f 470/923/417 73/922/423 471/924/418
f 73/922/423 72/925/424 471/924/418
f 471/924/418 72/925/424 472/926/419
f 72/925/424 71/927/425 472/926/419
f 472/912/419 71/928/425 473/913/420
f 71/928/425 70/929/426 473/913/420
f 473/930/420 70/931/426 474/915/421
f 70/931/426 69/932/427 474/915/421
f 474/915/421 69/932/427 132/27/25
f 69/932/427 4/16/14 132/27/25
f 111/596/307 124/597/308 8/37/31
f 112/593/306 475/933/428 111/594/307
f 113/934/305 476/935/429 112/936/306
f 114/937/304 478/938/430 113/934/305
f 115/581/303 481/939/431 114/940/304
f 116/580/302 485/941/432 115/581/303
f 117/18/16 490/942/433 116/580/302
f 111/943/307 475/944/428 124/600/308
f 475/944/428 123/598/309 124/600/308
f 112/945/306 476/946/429 475/947/428
f 476/946/429 477/948/434 475/947/428
f 475/949/428 477/950/434 123/951/309
f 477/952/434 122/953/311 123/954/309
f 113/934/305 478/938/430 476/935/429
f 478/955/430 479/956/435 476/957/429
f 476/957/429 479/956/435 477/958/434
f 479/956/435 480/959/436 477/958/434
f 477/952/434 480/960/436 122/953/311
f 480/961/436 121/604/313 122/606/311
f 114/940/304 481/939/431 478/962/430
f 481/939/431 482/963/437 478/962/430
f 478/964/430 482/965/437 479/966/435
f 482/967/437 483/968/438 479/969/435
f 479/969/435 483/968/438 480/970/436
f 483/968/438 484/971/439 480/970/436
f 480/970/436 484/971/439 121/609/313
f 484/971/439 120/607/315 121/609/313
f 115/581/303 485/941/432 481/939/431
f 485/972/432 486/973/440 481/974/431
f 481/974/431 486/973/440 482/975/437
f 486/976/440 487/977/441 482/967/437
f 482/967/437 487/977/441 483/968/438
f 487/977/441 488/978/442 483/968/438
f 483/979/438 488/980/442 484/981/439
f 488/982/442 489/983/443 484/984/439
f 484/984/439 489/983/443 120/985/315
f 489/983/443 119/615/317 120/985/315
f 116/580/302 490/942/433 485/941/432
f 490/942/433 491/986/444 485/941/432
f 485/941/432 491/986/444 486/987/440
f 491/986/444 492/988/445 486/987/440
f 486/987/440 492/988/445 487/989/441
f 492/988/445 493/990/446 487/989/441
f 487/989/441 493/990/446 488/991/442
f 493/990/446 494/992/447 488/991/442
f 488/993/442 494/994/447 489/995/443
f 494/994/447 495/996/448 489/995/443
f 489/983/443 495/997/448 119/615/317
f 495/997/448 118/613/24 119/615/317
f 117/18/16 61/17/15 490/942/433
f 61/998/15 60/999/449 490/1000/433
f 490/1000/433 60/999/449 491/1001/444
f 60/1002/449 59/1003/450 491/986/444
f 491/986/444 59/1003/450 492/988/445
f 59/1003/450 58/1004/451 492/988/445
f 492/988/445 58/1004/451 493/990/446
f 58/1004/451 57/1005/452 493/990/446
f 493/990/446 57/1005/452 494/992/447
f 57/1005/452 56/1006/453 494/992/447
f 494/994/447 56/1007/453 495/996/448
f 56/1007/453 55/1008/454 495/996/448
f 495/1009/448 55/1010/454 118/1011/24
f 55/1010/454 3/1012/11 118/1011/24
f 97/677/340 110/678/341 7/34/28
f 98/676/339 496/1013/455 97/677/340
f 99/673/338 497/1014/456 98/674/339
f 100/670/337 499/1015/457 99/671/338
f 101/668/336 502/1016/458 100/1017/337
f 102/667/335 506/1018/459 101/668/336
f 103/662/13 511/1019/460 102/663/335
f 97/677/340 496/1013/455 110/678/341
f 496/1013/455 109/679/342 110/678/341
f 98/674/339 497/1014/456 496/1020/455
f 497/1014/456 498/1021/461 496/1020/455
f 496/1020/455 498/1021/461 109/1022/342
f 498/1021/461 108/1023/344 109/1022/342
f 99/671/338 499/1015/457 497/1024/456
f 499/1025/457 500/1026/462 497/1014/456
f 497/1014/456 500/1026/462 498/1021/461
f 500/1027/462 501/1028/463 498/1029/461
f 498/1029/461 501/1028/463 108/685/344
f 501/1028/463 107/683/346 108/685/344
f 100/1017/337 502/1016/458 499/1030/457
f 502/1031/458 503/1032/464 499/1033/457
f 499/1034/457 503/1035/464 500/1036/462
f 503/1035/464 504/1037/465 500/1036/462
f 500/1036/462 504/1037/465 501/1038/463
f 504/1037/465 505/1039/466 501/1038/463
f 501/1038/463 505/1039/466 107/688/346
f 505/1039/466 106/686/348 107/688/346
f 101/668/336 506/1018/459 502/1016/458
f 506/1018/459 507/1040/467 502/1016/458
f 502/1016/458 507/1040/467 503/1041/464
f 507/1040/467 508/1042/468 503/1041/464
f 503/1041/464 508/1042/468 504/1043/465
f 508/1042/468 509/1044/469 504/1043/465
f 504/1043/465 509/1044/469 505/1045/466
f 509/1044/469 510/1046/470 505/1045/466
f 505/1045/466 510/1046/470 106/1047/348
f 510/1046/470 105/1048/350 106/1047/348
f 102/1049/335 511/1050/460 506/1051/459
f 511/1050/460 512/1052/471 506/1051/459
f 506/1051/459 512/1052/471 507/1053/467
f 512/1054/471 513/1055/472 507/1056/467
f 507/1057/467 513/1058/472 508/1059/468
f 513/1058/472 514/1060/473 508/1059/468
f 508/1059/468 514/1060/473 509/1061/469
f 514/1060/473 515/1062/474 509/1061/469
f 509/1061/469 515/1062/474 510/1063/470
f 515/1064/474 516/1065/475 510/1046/470
f 510/1046/470 516/1065/475 105/1048/350
f 516/1065/475 104/1066/23 105/1048/350
f 103/1067/13 33/1068/12 511/1050/460
f 33/1068/12 32/1069/476 511/1050/460
f 511/1050/460 32/1069/476 512/1052/471
f 32/1069/476 31/1070/477 512/1052/471
f 512/1052/471 31/1070/477 513/1071/472
f 31/1072/477 30/1073/478 513/1074/472
f 513/1058/472 30/1075/478 514/1060/473
f 30/1075/478 29/1076/479 514/1060/473
f 514/1060/473 29/1076/479 515/1062/474
f 29/1077/479 28/1078/480 515/1064/474
f 515/1064/474 28/1078/480 516/1065/475
f 28/1079/480 27/1080/481 516/1081/475
f 516/1081/475 27/1080/481 104/1082/23
f 27/1083/481 2/4/4 104/1066/23
f 83/759/373 96/320/209 11/46/40
f 84/757/372 517/1084/482 83/758/373
f 85/755/371 518/1085/483 84/756/372
f 86/753/370 520/1086/484 85/754/371
f 87/752/369 523/1087/485 86/753/370
f 88/1088/368 527/1089/486 87/1090/369
f 89/749/10 532/1091/487 88/750/368
f 83/759/373 517/1092/482 96/320/209
f 517/1092/482 95/318/210 96/320/209
f 84/756/372 518/1085/483 517/1092/482
f 518/1085/483 519/1093/488 517/1092/482
f 517/1092/482 519/1093/488 95/318/210
f 519/1094/488 94/1095/212 95/1096/210
f 85/755/371 520/1097/484 518/1085/483
f 520/1097/484 521/1098/489 518/1085/483
f 518/1099/483 521/1100/489 519/1101/488
f 521/1100/489 522/1102/490 519/1101/488
f 519/1103/488 522/1104/490 94/1105/212
f 522/1104/490 93/1106/214 94/1105/212
f 86/753/370 523/1087/485 520/1086/484
f 523/1087/485 524/1107/491 520/1086/484
f 520/1086/484 524/1107/491 521/1108/489
f 524/1109/491 525/1110/492 521/1111/489
f 521/1111/489 525/1110/492 522/1112/490
f 525/1110/492 526/1113/493 522/1112/490
f 522/1114/490 526/1115/493 93/1116/214
f 526/1117/493 92/327/216 93/329/214
f 87/752/369 527/1118/486 523/1087/485
f 527/1118/486 528/1119/494 523/1087/485
f 523/1087/485 528/1119/494 524/1107/491
f 528/1120/494 529/1121/495 524/1122/491
f 524/1122/491 529/1121/495 525/1123/492
f 529/1121/495 530/1124/496 525/1123/492
f 525/1123/492 530/1124/496 526/1125/493
f 530/1124/496 531/1126/497 526/1125/493
f 526/1125/493 531/1126/497 92/1127/216
f 531/1126/497 91/1128/218 92/1127/216
f 88/750/368 532/1091/487 527/1129/486
f 532/1091/487 533/1130/498 527/1129/486
f 527/1129/486 533/1130/498 528/1120/494
f 533/1130/498 534/1131/499 528/1120/494
f 528/1120/494 534/1131/499 529/1121/495
f 534/1132/499 535/1133/500 529/1134/495
f 529/1134/495 535/1133/500 530/1135/496
f 535/1133/500 536/1136/501 530/1135/496
f 530/1137/496 536/1138/501 531/1139/497
f 536/1138/501 537/1140/502 531/1139/497
f 531/1141/497 537/1142/502 91/1143/218
f 537/1142/502 90/1144/27 91/1143/218
f 89/749/10 40/1145/6 532/1091/487
f 40/1145/6 39/1146/503 532/1091/487
f 532/1147/487 39/1148/503 533/1149/498
f 39/1148/503 38/1150/504 533/1149/498
f 533/1149/498 38/1150/504 534/1132/499
f 38/1150/504 37/1151/505 534/1132/499
f 534/1132/499 37/1151/505 535/1133/500
f 37/1151/505 36/1152/506 535/1133/500
f 535/1133/500 36/1152/506 536/1136/501
f 36/1153/506 35/1154/507 536/1155/501
f 536/1155/501 35/1154/507 537/1156/502
f 35/1154/507 34/1157/508 537/1156/502
f 537/1142/502 34/1158/508 90/1144/27
f 34/1159/508 6/1160/20 90/1161/27
f 47/1162/509 82/1163/21 6/1160/20
f 46/1164/510 538/1165/511 47/1162/509
f 45/1166/512 539/1167/513 46/1164/510
f 44/1168/514 541/1169/515 45/1166/512
f 43/1170/516 544/1171/517 44/1168/514
f 42/1172/518 548/1173/519 43/1170/516
f 41/9/9 553/1174/520 42/1172/518
f 47/1162/509 538/1165/511 82/1163/21
f 538/1165/511 81/1175/395 82/1163/21
f 46/1164/510 539/1167/513 538/1165/511
f 539/1167/513 540/1176/521 538/1165/511
f 538/1165/511 540/1176/521 81/1175/395
f 540/1176/521 80/1177/396 81/1175/395
f 45/1166/512 541/1169/515 539/1167/513
f 541/1169/515 542/1178/522 539/1167/513
f 539/1167/513 542/1178/522 540/1176/521
f 542/1178/522 543/1179/523 540/1176/521
f 540/1176/521 543/1179/523 80/1177/396
f 543/1179/523 79/1180/397 80/1177/396
f 44/1168/514 544/1171/517 541/1169/515
f 544/1171/517 545/1181/524 541/1169/515
f 541/1169/515 545/1181/524 542/1178/522
f 545/1181/524 546/1182/525 542/1178/522
f 542/1178/522 546/1182/525 543/1179/523
f 546/1182/525 547/1183/526 543/1179/523
f 543/1179/523 547/1183/526 79/1180/397
f 547/1183/526 78/847/398 79/1180/397
f 43/1170/516 548/1173/519 544/1171/517
f 548/1173/519 549/1184/527 544/1171/517
f 544/1171/517 549/1184/527 545/1181/524
f 549/1184/527 550/1185/528 545/1181/524
f 545/1181/524 550/1185/528 546/1182/525
f 550/1185/528 551/1186/529 546/1182/525
f 546/1187/525 551/1188/529 547/1189/526
f 551/1186/529 552/1190/530 547/1183/526
f 547/1183/526 552/1190/530 78/847/398
f 552/1190/530 77/848/399 78/847/398
f 42/1172/518 553/1174/520 548/1173/519
f 553/1174/520 554/1191/531 548/1173/519
f 548/1173/519 554/1191/531 549/1184/527
f 554/1191/531 555/1192/532 549/1184/527
f 549/1184/527 555/1192/532 550/1185/528
f 555/1192/532 556/1193/533 550/1185/528
f 550/1185/528 556/1193/533 551/1186/529
f 556/1193/533 557/1194/534 551/1186/529
f 551/1186/529 557/1194/534 552/1190/530
f 557/1194/534 558/1195/535 552/1190/530
f 552/1190/530 558/1195/535 77/848/399
f 558/1195/535 76/850/400 77/848/399
f 41/9/9 68/8/8 553/1174/520
f 68/8/8 67/1196/536 553/1174/520
f 553/1174/520 67/1196/536 554/1191/531
f 67/1196/536 66/1197/537 554/1191/531
f 554/1191/531 66/1197/537 555/1192/532
f 66/1197/537 65/1198/538 555/1192/532
f 555/1199/532 65/1200/538 556/1201/533
f 65/1198/538 64/1202/539 556/1193/533
f 556/1193/533 64/1202/539 557/1194/534
f 64/1202/539 63/1203/540 557/1194/534
f 557/1194/534 63/1203/540 558/1195/535
f 63/1203/540 62/1204/541 558/1195/535
f 558/1195/535 62/1204/541 76/850/400
f 62/1204/541 5/19/17 76/850/400
f 62/1204/541 75/20/18 5/19/17
f 63/1203/540 559/1205/542 62/1204/541
f 64/1202/539 560/1206/543 63/1203/540
f 65/1198/538 562/1207/544 64/1202/539
f 66/1197/537 565/1208/545 65/1198/538
f 67/1196/536 569/1209/546 66/1197/537
f 68/8/8 574/1210/547 67/1196/536
f 62/1211/541 559/1212/542 75/919/18
f 559/1212/542 74/920/422 75/919/18
f 63/1203/540 560/1206/543 559/1205/542
f 560/1206/543 561/1213/548 559/1205/542
f 559/1205/542 561/1213/548 74/921/422
f 561/1213/548 73/922/423 74/921/422
f 64/1202/539 562/1207/544 560/1206/543
f 562/1207/544 563/1214/549 560/1206/543
f 560/1206/543 563/1214/549 561/1213/548
f 563/1214/549 564/1215/550 561/1213/548
f 561/1213/548 564/1215/550 73/922/423
f 564/1215/550 72/925/424 73/922/423
f 65/1198/538 565/1208/545 562/1207/544
f 565/1208/545 566/1216/551 562/1207/544
f 562/1207/544 566/1216/551 563/1214/549
f 566/1216/551 567/1217/552 563/1214/549
f 563/1214/549 567/1217/552 564/1215/550
f 567/1217/552 568/1218/553 564/1215/550
f 564/1215/550 568/1218/553 72/925/424
f 568/1218/553 71/927/425 72/925/424
f 66/1197/537 569/1209/546 565/1208/545
f 569/1209/546 570/1219/554 565/1208/545
f 565/1208/545 570/1219/554 566/1216/551
f 570/1219/554 571/1220/555 566/1216/551
f 566/1216/551 571/1220/555 567/1217/552
f 571/1220/555 572/1221/556 567/1217/552
f 567/1217/552 572/1221/556 568/1218/553
f 572/1221/556 573/1222/557 568/1218/553
f 568/1218/553 573/1222/557 71/927/425
f 573/1222/557 70/931/426 71/927/425
f 67/1196/536 574/1210/547 569/1209/546
f 574/1210/547 575/1223/558 569/1209/546
f 569/1209/546 575/1223/558 570/1219/554
f 575/1223/558 576/1224/559 570/1219/554
f 570/1219/554 576/1224/559 571/1220/555
f 576/1224/559 577/1225/560 571/1220/555
f 571/1220/555 577/1225/560 572/1221/556
f 577/1225/560 578/1226/561 572/1221/556
f 572/1221/556 578/1226/561 573/1222/557
f 578/1226/561 579/1227/562 573/1222/557
f 573/1222/557 579/1227/562 70/931/426
f 579/1227/562 69/932/427 70/931/426
f 68/8/8 54/7/7 574/1210/547
f 54/7/7 53/1228/563 574/1210/547
f 574/1210/547 53/1228/563 575/1223/558
f 53/1228/563 52/1229/564 575/1223/558
f 575/1223/558 52/1229/564 576/1224/559
f 52/1229/564 51/1230/565 576/1224/559
f 576/1224/559 51/1230/565 577/1225/560
f 51/1230/565 50/1231/566 577/1225/560
f 577/1225/560 50/1231/566 578/1226/561
f 50/1231/566 49/1232/567 578/1226/561
f 578/1226/561 49/1232/567 579/1227/562
f 49/1232/567 48/1233/568 579/1227/562
f 579/1227/562 48/1233/568 69/932/427
f 48/1233/568 4/16/14 69/932/427
f 48/1233/568 61/17/15 4/16/14
f 49/1232/567 580/1234/569 48/1233/568
f 50/1231/566 581/1235/570 49/1232/567
f 51/1230/565 583/1236/571 50/1231/566
f 52/1229/564 586/1237/572 51/1230/565
f 53/1228/563 590/1238/573 52/1229/564
f 54/7/7 595/1239/574 53/1228/563
f 48/1240/568 580/1241/569 61/998/15
f 580/1241/569 60/999/449 61/998/15
f 49/1242/567 581/1243/570 580/1241/569
f 581/1243/570 582/1244/575 580/1241/569
f 580/1241/569 582/1244/575 60/999/449
f 582/1244/575 59/1245/450 60/999/449
f 50/1231/566 583/1236/571 581/1235/570
f 583/1236/571 584/1246/576 581/1235/570
f 581/1235/570 584/1246/576 582/1247/575
f 584/1246/576 585/1248/577 582/1247/575
f 582/1244/575 585/1249/577 59/1245/450
f 585/1249/577 58/1250/451 59/1245/450
f 51/1230/565 586/1237/572 583/1236/571
f 586/1237/572 587/1251/578 583/1236/571
f 583/1236/571 587/1251/578 584/1246/576
f 587/1251/578 588/1252/579 584/1246/576
f 584/1253/576 588/1254/579 585/1255/577
f 588/1254/579 589/1256/580 585/1255/577
f 585/1249/577 589/1257/580 58/1250/451
f 589/1257/580 57/1258/452 58/1250/451
f 52/1229/564 590/1238/573 586/1237/572
f 590/1238/573 591/1259/581 586/1237/572
f 586/1237/572 591/1259/581 587/1251/578
f 591/1259/581 592/1260/582 587/1251/578
f 587/1251/578 592/1260/582 588/1252/579
f 592/1260/582 593/1261/583 588/1252/579
f 588/1252/579 593/1261/583 589/1262/580
f 593/1263/583 594/1264/584 589/1265/580
f 589/1262/580 594/1266/584 57/1005/452
f 594/1266/584 56/1006/453 57/1005/452
f 53/1228/563 595/1239/574 590/1238/573
f 595/1239/574 596/1267/585 590/1238/573
f 590/1238/573 596/1267/585 591/1259/581
f 596/1267/585 597/1268/586 591/1259/581
f 591/1259/581 597/1268/586 592/1260/582
f 597/1268/586 598/1269/587 592/1260/582
f 592/1260/582 598/1269/587 593/1261/583
f 598/1269/587 599/1270/588 593/1261/583
f 593/1263/583 599/1271/588 594/1264/584
f 599/1270/588 600/1272/589 594/1266/584
f 594/1266/584 600/1272/589 56/1006/453
f 600/1272/589 55/1273/454 56/1006/453
f 54/7/7 19/3/3 595/1239/574
f 19/3/3 18/1274/590 595/1239/574
f 595/1239/574 18/1274/590 596/1267/585
f 18/1274/590 17/1275/591 596/1267/585
f 596/1267/585 17/1275/591 597/1268/586
f 17/1275/591 16/1276/592 597/1268/586
f 597/1268/586 16/1276/592 598/1269/587
f 16/1276/592 15/1277/593 598/1269/587
f 598/1269/587 15/1277/593 599/1270/588
f 15/1277/593 14/1278/594 599/1270/588
f 599/1270/588 14/1278/594 600/1272/589
f 14/1278/594 13/1279/595 600/1272/589
f 600/1272/589 13/1279/595 55/1273/454
f 13/1279/595 3/1280/11 55/1273/454
f 34/1159/508 47/1162/509 6/1160/20
f 35/1281/507 601/1282/596 34/1283/508
f 36/1284/506 602/1285/597 35/1281/507
f 37/1286/505 604/1287/598 36/1288/506
f 38/1289/504 607/1290/599 37/1286/505
f 39/1148/503 611/1291/600 38/1150/504
f 40/1292/6 616/1293/601 39/1148/503
f 34/1159/508 601/1294/596 47/1162/509
f 601/1294/596 46/1164/510 47/1162/509
f 35/1281/507 602/1285/597 601/1282/596
f 602/1295/597 603/1296/602 601/1294/596
f 601/1294/596 603/1296/602 46/1164/510
f 603/1296/602 45/1166/512 46/1164/510
f 36/1284/506 604/1297/598 602/1285/597
f 604/1287/598 605/1298/603 602/1295/597
f 602/1295/597 605/1298/603 603/1296/602
f 605/1298/603 606/1299/604 603/1296/602
f 603/1296/602 606/1299/604 45/1166/512
f 606/1299/604 44/1168/514 45/1166/512
f 37/1286/505 607/1290/599 604/1287/598
f 607/1290/599 608/1300/605 604/1287/598
f 604/1287/598 608/1300/605 605/1298/603
f 608/1300/605 609/1301/606 605/1298/603
f 605/1298/603 609/1301/606 606/1299/604
f 609/1301/606 610/1302/607 606/1299/604
f 606/1299/604 610/1302/607 44/1168/514
f 610/1302/607 43/1170/516 44/1168/514
f 38/1150/504 611/1291/600 607/1303/599
f 611/1304/600 612/1305/608 607/1290/599
f 607/1290/599 612/1305/608 608/1300/605
f 612/1305/608 613/1306/609 608/1300/605
f 608/1300/605 613/1306/609 609/1301/606
f 613/1306/609 614/1307/610 609/1301/606
f 609/1301/606 614/1307/610 610/1302/607
f 614/1307/610 615/1308/611 610/1302/607
f 610/1302/607 615/1308/611 43/1170/516
f 615/1308/611 42/1172/518 43/1170/516
f 39/1148/503 616/1293/601 611/1291/600
f 616/1309/601 617/1310/612 611/1304/600
f 611/1304/600 617/1310/612 612/1305/608
f 617/1310/612 618/1311/613 612/1305/608
f 612/1305/608 618/1311/613 613/1306/609
f 618/1311/613 619/1312/614 613/1306/609
f 613/1306/609 619/1312/614 614/1307/610
f 619/1312/614 620/1313/615 614/1307/610
f 614/1307/610 620/1313/615 615/1308/611
f 620/1313/615 621/1314/616 615/1308/611
f 615/1308/611 621/1314/616 42/1172/518
f 621/1314/616 41/9/9 42/1172/518
f 40/1292/6 26/1315/5 616/1293/601
f 26/5/5 25/1316/617 616/1309/601
f 616/1309/601 25/1316/617 617/1310/612
f 25/1316/617 24/1317/618 617/1310/612
f 617/1310/612 24/1317/618 618/1311/613
f 24/1317/618 23/1318/619 618/1311/613
f 618/1311/613 23/1318/619 619/1312/614
f 23/1318/619 22/1319/620 619/1312/614
f 619/1312/614 22/1319/620 620/1313/615
f 22/1319/620 21/1320/621 620/1313/615
f 620/1313/615 21/1320/621 621/1314/616
f 21/1320/621 20/2/2 621/1314/616
f 621/1314/616 20/2/2 41/9/9
f 20/2/2 1/1/1 41/9/9
f 13/1279/595 33/1321/12 3/1280/11
f 14/1278/594 622/1322/622 13/1279/595
f 15/1277/593 623/1323/623 14/1278/594
f 16/1276/592 625/1324/624 15/1277/593
f 17/1275/591 628/1325/625 16/1276/592
f 18/1274/590 632/1326/626 17/1275/591
f 19/3/3 637/1327/627 18/1274/590
f 13/1328/595 622/1329/622 33/1068/12
f 622/1329/622 32/1069/476 33/1068/12
f 14/1278/594 623/1323/623 622/1322/622
f 623/1323/623 624/1330/628 622/1322/622
f 622/1322/622 624/1330/628 32/1331/476
f 624/1330/628 31/1332/477 32/1331/476
f 15/1277/593 625/1324/624 623/1323/623
f 625/1324/624 626/1333/629 623/1323/623
f 623/1323/623 626/1333/629 624/1330/628
f 626/1333/629 627/1334/630 624/1330/628
f 624/1330/628 627/1334/630 31/1332/477
f 627/1334/630 30/1335/478 31/1332/477
f 16/1276/592 628/1325/625 625/1324/624
f 628/1325/625 629/1336/631 625/1324/624
f 625/1324/624 629/1336/631 626/1333/629
f 629/1336/631 630/1337/632 626/1333/629
f 626/1333/629 630/1337/632 627/1334/630
f 630/1337/632 631/1338/633 627/1334/630
f 627/1334/630 631/1338/633 30/1335/478
f 631/1338/633 29/1077/479 30/1335/478
f 17/1275/591 632/1326/626 628/1325/625
f 632/1326/626 633/1339/634 628/1325/625
f 628/1325/625 633/1339/634 629/1336/631
f 633/1339/634 634/1340/635 629/1336/631
f 629/1336/631 634/1340/635 630/1337/632
f 634/1340/635 635/1341/636 630/1337/632
f 630/1337/632 635/1341/636 631/1338/633
f 635/1341/636 636/1342/637 631/1338/633
f 631/1338/633 636/1342/637 29/1077/479
f 636/1342/637 28/1078/480 29/1077/479
f 18/1274/590 637/1327/627 632/1326/626
f 637/1327/627 638/1343/638 632/1326/626
f 632/1326/626 638/1343/638 633/1339/634
f 638/1343/638 639/1344/639 633/1339/634
f 633/1339/634 639/1344/639 634/1340/635
f 639/1344/639 640/1345/640 634/1340/635
f 634/1340/635 640/1345/640 635/1341/636
f 640/1345/640 641/1346/641 635/1341/636
f 635/1341/636 641/1346/641 636/1342/637
f 641/1346/641 642/1347/642 636/1342/637
f 636/1342/637 642/1347/642 28/1078/480
f 642/1347/642 27/1083/481 28/1078/480
f 19/3/3 20/2/2 637/1327/627
f 20/2/2 21/1320/621 637/1327/627
f 637/1327/627 21/1320/621 638/1343/638
f 21/1320/621 22/1319/620 638/1343/638
f 638/1343/638 22/1319/620 639/1344/639
f 22/1319/620 23/1318/619 639/1344/639
f 639/1344/639 23/1318/619 640/1345/640
f 23/1318/619 24/1317/618 640/1345/640
f 640/1345/640 24/1317/618 641/1346/641
f 24/1317/618 25/1316/617 641/1346/641
f 641/1346/641 25/1316/617 642/1347/642
f 25/1316/617 26/5/5 642/1347/642
f 642/1347/642 26/5/5 27/1083/481
f 26/5/5 2/4/4 27/1083/481
s 0
f 644/1348/643 647/1349/643 643/1350/643
f 647/1349/644 648/1351/644 651/1352/644
f 645/1353/645 648/1354/645 644/1355/645
f 648/1354/646 649/1356/646 651/1357/646
f 646/1358/647 649/1359/647 645/1360/647
f 649/1359/648 650/1361/648 651/1362/648
f 643/1363/649 650/1364/649 646/1365/649
f 650/1364/650 647/1366/650 651/1367/650
f 645/1368/651 643/1369/651 646/1370/651
f 653/1371/652 656/1372/652 652/1373/652
f 656/1372/653 657/1374/653 660/1375/653
f 654/1376/654 657/1377/654 653/1378/654
f 657/1377/655 658/1379/655 660/1380/655
f 655/1381/656 658/1382/656 654/1383/656
f 658/1382/657 659/1384/657 660/1385/657
f 652/1386/658 659/1387/658 655/1388/658
f 659/1387/659 656/1389/659 660/1390/659
f 654/1391/660 652/1392/660 655/1393/660
f 662/1394/661 665/1395/661 661/1396/661
f 665/1395/662 666/1397/662 669/1398/662
f 662/1399/663 667/1400/663 666/1401/663
f 666/1401/664 667/1400/664 669/1402/664
f 664/1403/665 667/1404/665 663/1405/665
f 667/1404/666 668/1406/666 669/1407/666
f 661/1408/667 668/1409/667 664/1410/667
f 668/1409/668 665/1411/668 669/1412/668
f 663/1413/669 661/1414/669 664/1415/669
f 671/1416/670 674/1417/670 670/1418/670
f 674/1417/671 675/1419/671 678/1420/671
f 672/1421/672 675/1422/672 671/1423/672
f 675/1422/673 676/1424/673 678/1425/673
f 673/1426/674 676/1427/674 672/1428/674
f 676/1427/675 677/1429/675 678/1430/675
f 673/1431/676 674/1432/676 677/1433/676
f 677/1433/677 674/1432/677 678/1434/677
f 673/1435/678 671/1436/678 670/1437/678
f 679/1438/679 684/1439/679 683/1440/679
f 683/1440/680 684/1439/680 687/1441/680
f 681/1442/681 684/1443/681 680/1444/681
f 684/1443/682 685/1445/682 687/1446/682
f 682/1447/683 685/1448/683 681/1449/683
f 685/1448/684 686/1450/684 687/1451/684
f 679/1452/685 686/1453/685 682/1454/685
f 686/1453/686 683/1455/686 687/1456/686
f 681/1457/687 679/1458/687 682/1459/687
f 644/1348/643 648/1351/643 647/1349/643
f 645/1353/645 649/1356/645 648/1354/645
f 646/1358/647 650/1361/647 649/1359/647
f 643/1363/649 647/1366/649 650/1364/649
f 645/1368/651 644/1460/651 643/1369/651
f 653/1371/652 657/1374/652 656/1372/652
f 654/1376/654 658/1379/654 657/1377/654
f 655/1381/656 659/1384/656 658/1382/656
f 652/1386/658 656/1389/658 659/1387/658
f 654/1391/660 653/1461/660 652/1392/660
f 662/1394/661 666/1397/661 665/1395/661
f 662/1399/663 663/1462/663 667/1400/663
f 664/1403/665 668/1406/665 667/1404/665
f 661/1408/667 665/1411/667 668/1409/667
f 663/1413/669 662/1463/669 661/1414/669
f 671/1416/670 675/1419/670 674/1417/670
f 672/1421/672 676/1424/672 675/1422/672
f 673/1426/674 677/1429/674 676/1427/674
f 673/1431/676 670/1464/676 674/1432/676
f 673/1435/678 672/1465/678 671/1436/678
f 679/1438/679 680/1466/679 684/1439/679
f 681/1442/681 685/1445/681 684/1443/681
f 682/1447/683 686/1450/683 685/1448/683
f 679/1452/685 683/1455/685 686/1453/685
f 681/1457/687 680/1467/687 679/1458/687
