# Blender 4.3.2
# www.blender.org
o pink_crystal_1
v 0.000000 -0.060659 0.000000
v 0.187020 -0.021035 0.139296
v -0.079595 -0.026866 0.251138
v -0.260984 -0.027617 0.000000
v -0.104337 -0.044542 -0.329203
v 0.248794 -0.037892 -0.185307
v 0.088629 0.093320 0.279643
v -0.250103 0.098250 0.186282
v -0.233571 0.093738 -0.173968
v 0.082179 0.088712 -0.259291
v 0.277738 0.091316 0.000000
v 0.000000 0.168930 0.000000
v -0.078703 -0.034610 0.248323
v -0.080580 -0.045959 0.254245
v -0.079732 -0.050954 0.251571
v -0.072821 -0.051621 0.229766
v -0.069002 -0.052911 0.217716
v -0.060254 -0.053120 0.190113
v -0.060233 -0.055681 0.190046
v -0.054569 -0.056924 0.172175
v -0.047542 -0.057742 0.150004
v -0.040774 -0.058654 0.128651
v -0.033099 -0.058996 0.104434
v -0.027494 -0.060712 0.086750
v -0.019758 -0.060634 0.062342
v -0.012477 -0.060266 0.039367
v -0.005772 -0.059366 0.018212
v 0.015761 -0.060283 0.011739
v 0.033834 -0.061062 0.025200
v 0.051533 -0.060549 0.038383
v 0.069196 -0.059832 0.051538
v 0.088500 -0.059443 0.065917
v 0.108520 -0.058997 0.080828
v 0.130469 -0.058694 0.097176
v 0.149512 -0.057805 0.111360
v 0.159376 -0.055870 0.118707
v 0.178591 -0.055118 0.133018
v 0.181254 -0.052960 0.135001
v 0.188978 -0.051501 0.140755
v 0.191452 -0.049203 0.142597
v 0.196359 -0.040700 0.146252
v 0.186386 -0.028444 0.138824
v 0.183682 -0.024863 0.155528
v 0.178283 -0.028810 0.172918
v 0.174392 -0.034233 0.195635
v 0.178826 -0.044558 0.234944
v 0.163045 -0.048313 0.255033
v 0.145410 -0.050355 0.276911
v 0.128334 -0.051286 0.307117
v 0.096736 -0.050814 0.305211
v 0.062915 -0.047110 0.283636
v 0.038341 -0.046777 0.290502
v 0.014209 -0.047697 0.302177
v -0.010136 -0.045843 0.302963
v -0.031801 -0.040643 0.289640
v -0.047637 -0.032135 0.261305
v -0.061509 -0.026785 0.244796
v 0.261438 -0.041343 -0.170384
v 0.249509 -0.038087 -0.139379
v 0.235679 -0.034313 -0.109712
v 0.237861 -0.034909 -0.088582
v 0.246837 -0.037358 -0.068944
v 0.268649 -0.043311 -0.050024
v 0.284105 -0.047528 -0.026451
v 0.288363 -0.048690 0.000000
v 0.295951 -0.050114 0.027554
v 0.302317 -0.050375 0.056293
v 0.270241 -0.043745 0.075480
v 0.259516 -0.040818 0.096646
v 0.248289 -0.037755 0.115582
v 0.224878 -0.031366 0.125620
v 0.207312 -0.026573 0.135109
v 0.016080 -0.060735 -0.011977
v 0.033436 -0.060791 -0.024904
v 0.048707 -0.059312 -0.036278
v 0.070918 -0.060376 -0.052821
v 0.081301 -0.057699 -0.060554
v 0.098549 -0.057067 -0.073401
v 0.109755 -0.055409 -0.081748
v 0.132116 -0.055500 -0.098403
v 0.144016 -0.054147 -0.107266
v 0.168693 -0.054169 -0.125646
v 0.173397 -0.052312 -0.129149
v 0.182722 -0.051054 -0.136095
v 0.205173 -0.050732 -0.152817
v 0.212945 -0.046672 -0.158605
v 0.222349 -0.039721 -0.165610
v -0.253433 -0.034290 0.000000
v -0.253074 -0.043718 0.000000
v -0.253417 -0.050722 0.000000
v -0.244994 -0.052160 0.000000
v -0.242208 -0.054173 0.000000
v -0.224069 -0.055375 0.000000
v -0.187636 -0.055020 0.000000
v -0.182643 -0.057572 0.000000
v -0.156215 -0.058045 0.000000
v -0.134158 -0.059000 0.000000
v -0.115920 -0.060723 0.000000
v -0.092543 -0.061622 0.000000
v -0.067664 -0.061952 0.000000
v -0.041998 -0.061160 0.000000
v -0.019782 -0.060627 0.000000
v -0.093449 -0.028577 0.242526
v -0.112273 -0.032689 0.242249
v -0.121523 -0.031172 0.219503
v -0.135903 -0.032278 0.206282
v -0.149397 -0.032830 0.190765
v -0.157352 -0.031145 0.168772
v -0.179928 -0.034978 0.161417
v -0.188632 -0.033626 0.140498
v -0.192450 -0.030896 0.117660
v -0.223482 -0.036593 0.110287
v -0.236410 -0.036565 0.091867
v -0.268116 -0.041552 0.078999
v -0.282784 -0.041722 0.059390
v -0.270840 -0.035446 0.036129
v -0.268075 -0.031853 0.017073
v -0.097813 -0.050045 -0.308619
v -0.089063 -0.050593 -0.281012
v -0.081918 -0.051309 -0.258467
v -0.076190 -0.052251 -0.240394
v -0.075449 -0.054304 -0.238057
v -0.067191 -0.054861 -0.212002
v -0.060607 -0.055791 -0.191227
v -0.054487 -0.056896 -0.171917
v -0.049254 -0.058453 -0.155405
v -0.036924 -0.056704 -0.116501
v -0.032235 -0.058448 -0.101707
v -0.025229 -0.058840 -0.079602
v -0.018971 -0.059732 -0.059856
v -0.012840 -0.060914 -0.040513
v -0.006315 -0.061374 -0.019924
v -0.283626 -0.035442 -0.018063
v -0.289462 -0.039945 -0.038613
v -0.287104 -0.042818 -0.060298
v -0.280485 -0.044853 -0.082643
v -0.246002 -0.039266 -0.095595
v -0.234675 -0.039929 -0.115811
v -0.230599 -0.042967 -0.140984
v -0.224450 -0.045708 -0.167176
v -0.221980 -0.050025 -0.199143
v -0.200340 -0.047849 -0.214880
v -0.172772 -0.042660 -0.220613
v -0.157342 -0.042103 -0.238822
v -0.145538 -0.043261 -0.262880
v -0.132617 -0.044049 -0.286146
v -0.124519 -0.048052 -0.323161
v -0.079573 -0.043462 -0.316689
v -0.057204 -0.044613 -0.313784
v -0.034280 -0.046150 -0.312219
v -0.009658 -0.042269 -0.288688
v 0.012939 -0.040752 -0.275167
v 0.037004 -0.044098 -0.280367
v 0.065730 -0.050084 -0.296328
v 0.091289 -0.050092 -0.288025
v 0.111617 -0.047034 -0.267112
v 0.137893 -0.048107 -0.262595
v 0.163727 -0.048641 -0.256099
v 0.166352 -0.039357 -0.218556
v 0.180064 -0.036322 -0.201998
v 0.195926 -0.034630 -0.190030
v 0.224688 -0.037111 -0.190249
v 0.272764 0.083327 0.010397
v 0.280240 0.077536 0.021624
v 0.303403 0.073418 0.035552
v 0.300079 0.064785 0.047471
v 0.292495 0.055752 0.058573
v 0.284852 0.046934 0.069332
v 0.282345 0.038502 0.081219
v 0.292315 0.030000 0.097368
v 0.306146 0.020535 0.116256
v 0.313674 0.010341 0.134144
v 0.283107 0.003020 0.135009
v 0.286150 -0.006867 0.150939
v 0.250618 -0.010932 0.145237
v 0.236329 -0.016982 0.149605
v 0.214799 -0.020543 0.147807
v 0.263386 -0.031976 -0.181240
v 0.275915 -0.024851 -0.174664
v 0.307194 -0.020172 -0.178024
v 0.306204 -0.009451 -0.161517
v 0.301873 0.001231 -0.143958
v 0.327476 0.009476 -0.140046
v 0.339634 0.019499 -0.128973
v 0.343779 0.030000 -0.114510
v 0.355741 0.040712 -0.102332
v 0.332483 0.049766 -0.080925
v 0.311168 0.057396 -0.062313
v 0.298440 0.064595 -0.047212
v 0.279892 0.070054 -0.032797
v 0.290651 0.079302 -0.022428
v 0.285686 0.085853 -0.010889
v 0.076659 0.084768 0.276427
v 0.066779 0.077710 0.280936
v 0.058410 0.071730 0.294872
v 0.048872 0.064916 0.308400
v 0.040986 0.059282 0.344852
v 0.029164 0.050836 0.368069
v 0.013947 0.039964 0.352046
v -0.000000 0.030000 0.352389
v -0.013125 0.020623 0.331288
v -0.027335 0.010471 0.344986
v -0.039250 0.001959 0.330241
v -0.050514 -0.006089 0.318762
v -0.055950 -0.009973 0.282456
v -0.066871 -0.017775 0.281321
v -0.068194 -0.018721 0.245904
v 0.190305 -0.017266 0.153133
v 0.197704 -0.013851 0.171912
v 0.213127 -0.011114 0.200355
v 0.224055 -0.006157 0.227874
v 0.212590 0.003038 0.234146
v 0.212199 0.011156 0.253414
v 0.208462 0.020254 0.270352
v 0.213153 0.030000 0.300763
v 0.188265 0.039844 0.289679
v 0.164283 0.048262 0.276389
v 0.148870 0.056490 0.274729
v 0.134747 0.064271 0.273798
v 0.124049 0.072497 0.278786
v 0.104241 0.076459 0.260507
v 0.097203 0.085184 0.271877
v -0.258684 0.090869 0.178004
v -0.258988 0.081486 0.163949
v -0.259614 0.072401 0.150450
v -0.268637 0.064611 0.141701
v -0.278914 0.056581 0.133009
v -0.291901 0.048294 0.124832
v -0.306492 0.039476 0.116387
v -0.314376 0.030000 0.104716
v -0.327083 0.020151 0.094088
v -0.313471 0.011364 0.076297
v -0.293546 0.004155 0.058784
v -0.290966 -0.003728 0.046029
v -0.290874 -0.011625 0.034084
v -0.283602 -0.018106 0.021884
v -0.263431 -0.021502 0.010041
v -0.094469 -0.023632 0.264232
v -0.109959 -0.019007 0.274797
v -0.117447 -0.010236 0.263949
v -0.126310 -0.002125 0.256655
v -0.126779 0.007441 0.233963
v -0.135408 0.014948 0.227811
v -0.152099 0.022047 0.234031
v -0.166820 0.030000 0.235386
v -0.183270 0.038568 0.237680
v -0.181089 0.046081 0.216261
v -0.200372 0.055413 0.220688
v -0.218665 0.065288 0.222393
v -0.237021 0.075723 0.222817
v -0.245044 0.084351 0.213075
v -0.251884 0.092560 0.202684
v -0.230865 0.087340 -0.185771
v -0.229125 0.080820 -0.199233
v -0.224930 0.073391 -0.211450
v -0.192962 0.061140 -0.196251
v -0.190196 0.054122 -0.209480
v -0.175910 0.045621 -0.210077
v -0.177969 0.038320 -0.230806
v -0.164604 0.030000 -0.232260
v -0.167464 0.021244 -0.257672
v -0.149815 0.013347 -0.252048
v -0.153357 0.002712 -0.283010
v -0.144620 -0.006782 -0.293858
v -0.129629 -0.014409 -0.291326
v -0.124739 -0.025594 -0.311732
v -0.121071 -0.038734 -0.338636
v -0.284118 -0.025547 -0.010829
v -0.306254 -0.021948 -0.023632
v -0.302155 -0.013240 -0.035406
v -0.298238 -0.004571 -0.047180
v -0.304658 0.003177 -0.061009
v -0.313221 0.011379 -0.076236
v -0.316890 0.020458 -0.091156
v -0.294053 0.030000 -0.097947
v -0.303234 0.039375 -0.115150
v -0.317966 0.049928 -0.135979
v -0.313633 0.059890 -0.149566
v -0.283682 0.066549 -0.149637
v -0.269059 0.073944 -0.155924
v -0.278987 0.085462 -0.176609
v -0.252377 0.089385 -0.173665
v 0.093234 0.082931 -0.260777
v 0.099921 0.074533 -0.249710
v 0.116769 0.070004 -0.262426
v 0.138054 0.065112 -0.280517
v 0.143621 0.055556 -0.265043
v 0.145476 0.046171 -0.244748
v 0.170095 0.038894 -0.261721
v 0.184974 0.030000 -0.261003
v 0.199330 0.020681 -0.258508
v 0.233243 0.009287 -0.278544
v 0.252220 -0.001988 -0.277794
v 0.244420 -0.009444 -0.248587
v 0.257497 -0.019673 -0.242065
v 0.259141 -0.027477 -0.225333
v 0.260562 -0.034715 -0.209667
v -0.093496 -0.036797 -0.337140
v -0.078085 -0.025787 -0.328499
v -0.065975 -0.017135 -0.333064
v -0.056366 -0.010270 -0.355692
v -0.040401 0.001136 -0.339930
v -0.027111 0.010631 -0.342164
v -0.013908 0.020064 -0.351054
v 0.000000 0.030000 -0.342508
v 0.013357 0.039543 -0.337150
v 0.026927 0.049238 -0.339844
v 0.041131 0.059386 -0.346070
v 0.054122 0.068667 -0.341532
v 0.059455 0.072477 -0.300146
v 0.066415 0.077449 -0.279403
v 0.075242 0.083756 -0.271319
v 0.283686 0.095455 0.018067
v 0.288061 0.099607 0.038426
v 0.262585 0.096599 0.055148
v 0.242355 0.094677 0.071409
v 0.247320 0.099637 0.096107
v 0.236819 0.100568 0.116869
v 0.233852 0.103997 0.142973
v 0.215864 0.102812 0.160781
v 0.206064 0.104417 0.184865
v 0.193408 0.105156 0.207446
v 0.169815 0.101417 0.216838
v 0.142754 0.095418 0.216679
v 0.127078 0.093969 0.229538
v 0.115066 0.094249 0.248277
v 0.105037 0.095841 0.272600
v 0.069718 0.094364 0.277465
v 0.048721 0.093549 0.267255
v 0.027759 0.091665 0.252829
v 0.008762 0.095562 0.261893
v -0.012449 0.098072 0.264745
v -0.036728 0.103546 0.278278
v -0.061332 0.105170 0.276499
v -0.092492 0.111677 0.291821
v -0.116917 0.110692 0.279794
v -0.138375 0.108379 0.263513
v -0.154765 0.104336 0.242081
v -0.188629 0.108645 0.247823
v -0.218456 0.110463 0.245067
v -0.241414 0.109635 0.234150
v -0.250154 0.104717 0.211811
v -0.245197 0.096911 0.159799
v -0.237533 0.094819 0.132690
v -0.242116 0.096070 0.112708
v -0.251224 0.098556 0.093558
v -0.269461 0.103532 0.075263
v -0.299837 0.111821 0.055831
v -0.301885 0.112380 0.028106
v -0.301035 0.112148 -0.000000
v -0.302531 0.112556 -0.028166
v -0.284339 0.107592 -0.052945
v -0.300161 0.111910 -0.083837
v -0.305517 0.113371 -0.113778
v -0.284624 0.107670 -0.132496
v -0.272108 0.104255 -0.152004
v -0.250061 0.098238 -0.162969
v -0.223729 0.096824 -0.189436
v -0.201866 0.096589 -0.195792
v -0.191969 0.100707 -0.215353
v -0.181970 0.105869 -0.239074
v -0.159708 0.106710 -0.249813
v -0.137110 0.107663 -0.261103
v -0.110063 0.105961 -0.263392
v -0.085732 0.105707 -0.270493
v -0.064290 0.108796 -0.289836
v -0.043173 0.116451 -0.327107
v -0.015501 0.114762 -0.329652
v 0.010580 0.109164 -0.316230
v 0.033789 0.105061 -0.307751
v 0.054619 0.101241 -0.299604
v 0.068878 0.093589 -0.274125
v 0.100013 0.092691 -0.259562
v 0.113520 0.093385 -0.244940
v 0.133483 0.097193 -0.241106
v 0.156860 0.101882 -0.238091
v 0.168335 0.100794 -0.214947
v 0.180615 0.100185 -0.193724
v 0.198237 0.101590 -0.177844
v 0.211757 0.101427 -0.157722
v 0.233549 0.103901 -0.142787
v 0.249246 0.104271 -0.123001
v 0.267256 0.105251 -0.103854
v 0.260677 0.099566 -0.076807
v 0.258282 0.095508 -0.054244
v 0.264013 0.093796 -0.035218
v 0.271888 0.092733 -0.017316
v 0.005929 0.176323 0.018709
v 0.012450 0.178119 0.039282
v 0.018983 0.174977 0.059896
v 0.025343 0.169565 0.079963
v 0.031904 0.164924 0.100665
v 0.041101 0.168796 0.129680
v 0.046026 0.157419 0.145222
v 0.047301 0.139359 0.149245
v 0.060764 0.148912 0.191722
v 0.066904 0.141927 0.211094
v 0.070400 0.131418 0.222126
v 0.080997 0.130999 0.255560
v 0.084436 0.121452 0.266411
v 0.081110 0.106459 0.255919
v 0.086980 0.101405 0.274438
v 0.275728 0.099946 0.000000
v 0.266555 0.107645 0.000000
v 0.227894 0.106273 0.000000
v 0.221707 0.115428 0.000000
v 0.223006 0.129272 0.000000
v 0.204700 0.135821 0.000000
v 0.175988 0.136423 0.000000
v 0.164022 0.147180 0.000000
v 0.148912 0.157388 0.000000
v 0.121916 0.157221 0.000000
v 0.099279 0.159738 0.000000
v 0.077640 0.162121 0.000000
v 0.056915 0.164314 0.000000
v 0.038671 0.172167 0.000000
v 0.018945 0.174469 0.000000
v -0.015822 0.179134 0.011785
v -0.033355 0.181573 0.024844
v -0.051964 0.181580 0.038704
v -0.066892 0.170704 0.049822
v -0.087468 0.171288 0.065148
v -0.106465 0.167326 0.079297
v -0.117681 0.154437 0.087651
v -0.130560 0.145294 0.097244
v -0.145121 0.138474 0.108089
v -0.165864 0.135987 0.123539
v -0.181946 0.130115 0.135517
v -0.206393 0.128301 0.153726
v -0.214425 0.118707 0.159708
v -0.228689 0.112341 0.170332
v -0.245109 0.106858 0.182562
v -0.015680 0.177792 -0.011679
v -0.031703 0.174065 -0.023613
v -0.051005 0.178783 -0.037989
v -0.074715 0.187160 -0.055650
v -0.099056 0.190006 -0.073779
v -0.116090 0.179740 -0.086466
v -0.128408 0.165781 -0.095641
v -0.154234 0.166200 -0.114876
v -0.179074 0.163854 -0.133378
v -0.190334 0.151623 -0.141765
v -0.202415 0.141378 -0.150763
v -0.211166 0.130575 -0.157281
v -0.211791 0.117618 -0.157746
v -0.214407 0.107198 -0.159695
v -0.233904 0.103344 -0.174216
v 0.005813 0.173450 -0.018341
v 0.011867 0.171178 -0.037441
v 0.016203 0.153742 -0.051123
v 0.022200 0.152257 -0.070046
v 0.030332 0.158273 -0.095702
v 0.039726 0.164153 -0.125342
v 0.046166 0.157807 -0.145663
v 0.054977 0.157106 -0.173465
v 0.063443 0.154156 -0.200176
v 0.068721 0.144967 -0.216828
v 0.079123 0.143984 -0.249649
v 0.081005 0.131009 -0.255587
v 0.084638 0.121671 -0.267048
v 0.079915 0.105332 -0.252146
v 0.085055 0.099825 -0.268364
v 0.025219 0.171653 -0.018784
v 0.045114 0.168325 -0.019049
v 0.031452 0.167620 -0.037905
v 0.066839 0.167493 -0.019694
v 0.051177 0.163060 -0.038118
v 0.037776 0.163438 -0.057339
v 0.085441 0.159559 -0.019332
v 0.069694 0.155865 -0.037563
v 0.061752 0.167850 -0.061709
v 0.043056 0.155814 -0.075095
v 0.103301 0.151826 -0.018971
v 0.092489 0.155396 -0.039054
v 0.081764 0.160361 -0.060900
v 0.066943 0.159521 -0.080676
v 0.050927 0.155287 -0.097549
v 0.133241 0.156466 -0.020591
v 0.108721 0.145885 -0.037736
v 0.099180 0.150542 -0.058879
v 0.090900 0.158500 -0.083688
v 0.073035 0.153370 -0.100433
v 0.059388 0.154605 -0.121726
v 0.147562 0.145387 -0.019684
v 0.128099 0.140627 -0.037744
v 0.120542 0.146237 -0.059487
v 0.108165 0.148066 -0.080564
v 0.097752 0.152922 -0.104847
v 0.079241 0.147510 -0.120276
v 0.065895 0.149066 -0.142181
v 0.165841 0.138627 -0.019460
v 0.157126 0.142254 -0.040219
v 0.136540 0.137278 -0.057655
v 0.136255 0.148916 -0.085213
v 0.124092 0.151796 -0.109096
v 0.105299 0.148063 -0.126902
v 0.085940 0.142351 -0.140889
v 0.077439 0.151386 -0.173965
v 0.189927 0.135473 -0.019892
v 0.174911 0.134922 -0.039577
v 0.175037 0.144150 -0.064586
v 0.161216 0.145176 -0.086889
v 0.154470 0.152008 -0.115054
v 0.135346 0.149521 -0.135250
v 0.109658 0.139797 -0.144954
v 0.096644 0.141718 -0.168560
v 0.084849 0.146007 -0.196911
v 0.210622 0.130044 -0.019920
v 0.201903 0.132792 -0.040934
v 0.201868 0.140729 -0.066142
v 0.193679 0.145151 -0.091711
v 0.169805 0.140202 -0.109713
v 0.154953 0.140702 -0.132252
v 0.143891 0.144325 -0.159343
v 0.122941 0.140015 -0.175241
v 0.104102 0.136620 -0.191062
v 0.093108 0.141470 -0.221949
v 0.218490 0.119332 -0.018837
v 0.214311 0.123326 -0.039358
v 0.199775 0.123051 -0.058863
v 0.198320 0.129285 -0.083742
v 0.190018 0.132821 -0.108405
v 0.169736 0.129927 -0.126424
v 0.154418 0.129678 -0.147129
v 0.140881 0.130649 -0.169784
v 0.126535 0.131205 -0.192062
v 0.106958 0.127160 -0.204873
v 0.099312 0.134386 -0.242120
v 0.229815 0.111234 -0.018204
v 0.231301 0.116622 -0.038822
v 0.223069 0.118822 -0.059712
v 0.209573 0.119081 -0.079848
v 0.203441 0.122735 -0.103904
v 0.197413 0.127010 -0.130432
v 0.174176 0.122836 -0.145624
v 0.151046 0.117953 -0.157673
v 0.138432 0.118822 -0.179135
v 0.131815 0.124173 -0.211029
v 0.113294 0.121300 -0.225049
v 0.098446 0.120978 -0.244642
v 0.240954 0.103831 -0.017652
v 0.237427 0.106735 -0.036692
v 0.231651 0.109205 -0.056810
v 0.239030 0.116755 -0.082966
v 0.241026 0.123211 -0.111426
v 0.218329 0.120354 -0.129613
v 0.194935 0.116757 -0.145194
v 0.187514 0.120261 -0.172637
v 0.154540 0.110994 -0.174278
v 0.137855 0.109291 -0.189570
v 0.125203 0.109790 -0.209840
v 0.114120 0.111531 -0.233910
v 0.101208 0.112265 -0.255683
v 0.273622 0.102764 -0.018644
v 0.241061 0.097358 -0.034518
v 0.244172 0.101874 -0.055248
v 0.260365 0.110968 -0.082986
v 0.255328 0.114155 -0.107814
v 0.251357 0.118120 -0.135472
v 0.209066 0.108277 -0.140397
v 0.196706 0.109022 -0.161981
v 0.184817 0.110088 -0.184687
v 0.160127 0.105316 -0.192979
v 0.147600 0.105907 -0.213944
v 0.128416 0.102844 -0.223975
v 0.117084 0.104043 -0.246633
v 0.097521 0.099672 -0.249927
v -0.009766 0.173606 -0.030811
v -0.003532 0.160907 -0.047197
v -0.026986 0.175953 -0.044944
v 0.002185 0.156041 -0.065318
v -0.019409 0.162112 -0.061236
v -0.045541 0.176359 -0.059832
v 0.008437 0.159096 -0.088959
v -0.013810 0.160589 -0.082544
v -0.036437 0.161606 -0.075686
v -0.068679 0.183311 -0.079430
v 0.014549 0.153763 -0.108273
v -0.007694 0.156108 -0.102823
v -0.031452 0.161282 -0.099234
v -0.057579 0.167703 -0.095897
v -0.086409 0.174810 -0.092232
v 0.021772 0.154758 -0.134430
v -0.001501 0.153137 -0.125026
v -0.024353 0.152444 -0.116706
v -0.046449 0.150461 -0.107325
v -0.074139 0.159546 -0.107362
v -0.102051 0.164454 -0.103068
v 0.029402 0.154103 -0.161280
v 0.004944 0.149727 -0.147791
v -0.018267 0.148369 -0.138402
v -0.044210 0.156337 -0.139487
v -0.069277 0.156984 -0.131927
v -0.093833 0.156601 -0.123279
v -0.123178 0.161490 -0.119472
v 0.038657 0.156508 -0.195312
v 0.012846 0.158274 -0.189260
v -0.013215 0.155519 -0.176606
v -0.039216 0.156217 -0.168952
v -0.064933 0.155808 -0.159795
v -0.086299 0.149601 -0.143728
v -0.117520 0.156777 -0.143677
v -0.141472 0.154930 -0.133035
v 0.046308 0.151392 -0.220200
v 0.020489 0.154020 -0.216033
v -0.006473 0.156771 -0.211693
v -0.033421 0.155017 -0.199757
v -0.062502 0.159243 -0.197199
v -0.082951 0.148523 -0.172305
v -0.113591 0.153989 -0.171318
v -0.141975 0.155375 -0.164201
v -0.178255 0.162170 -0.163580
v 0.055936 0.150076 -0.253860
v 0.029547 0.154401 -0.253542
v 0.001046 0.143753 -0.223189
v -0.026129 0.149241 -0.224889
v -0.054673 0.152188 -0.221154
v -0.081257 0.150244 -0.208489
v -0.105116 0.146268 -0.192753
v -0.133544 0.147929 -0.186538
v -0.161637 0.148787 -0.178860
v -0.189408 0.149195 -0.170410
v 0.061083 0.139044 -0.267136
v 0.035697 0.142124 -0.265650
v 0.008851 0.145593 -0.264560
v -0.018531 0.142155 -0.247657
v -0.048465 0.149071 -0.253338
v -0.070758 0.139056 -0.223247
v -0.097775 0.139784 -0.215895
v -0.129614 0.144459 -0.215868
v -0.151920 0.140551 -0.199594
v -0.171519 0.136137 -0.183077
v -0.197656 0.136392 -0.174948
v 0.066742 0.130166 -0.283222
v 0.042191 0.133067 -0.282603
v 0.015557 0.132082 -0.271163
v -0.010891 0.134152 -0.267749
v -0.037552 0.133869 -0.258130
v -0.060478 0.127783 -0.234636
v -0.090270 0.133113 -0.238598
v -0.121423 0.137225 -0.238937
v -0.148961 0.137214 -0.229736
v -0.177874 0.138042 -0.222262
v -0.186971 0.128235 -0.193679
v -0.190703 0.118278 -0.166491
v 0.066042 0.113950 -0.273327
v 0.046735 0.121186 -0.288558
v 0.023014 0.126552 -0.296719
v -0.003556 0.129361 -0.296280
v -0.029196 0.124195 -0.272274
v -0.053253 0.121171 -0.255206
v -0.080012 0.123226 -0.252443
v -0.107618 0.125034 -0.248662
v -0.135342 0.126221 -0.242982
v -0.166948 0.129331 -0.241763
v -0.185542 0.124912 -0.222340
v -0.184655 0.112841 -0.186497
v -0.201587 0.110532 -0.173945
v 0.069647 0.105352 -0.282231
v 0.053604 0.115020 -0.310123
v 0.029349 0.117174 -0.309449
v 0.003812 0.118957 -0.307070
v -0.023739 0.124590 -0.317258
v -0.050025 0.121826 -0.299002
v -0.068390 0.111553 -0.257569
v -0.094889 0.113794 -0.256445
v -0.124457 0.117263 -0.258522
v -0.150159 0.117299 -0.250084
v -0.168220 0.113531 -0.231114
v -0.182281 0.108989 -0.210817
v -0.194111 0.104615 -0.191841
v -0.209746 0.102443 -0.179167
v -0.033293 0.181292 0.000000
v -0.050717 0.177943 -0.012592
v -0.052450 0.182999 0.013022
v -0.073167 0.183904 -0.027248
v -0.069358 0.175890 0.000000
v -0.069689 0.176588 0.025953
v -0.093562 0.181131 -0.041812
v -0.088137 0.172368 -0.013129
v -0.086718 0.170075 0.012918
v -0.084931 0.167189 0.037955
v -0.115565 0.179064 -0.057383
v -0.115158 0.178538 -0.028591
v -0.113847 0.176847 0.000000
v -0.104355 0.164604 0.025908
v -0.104228 0.164440 0.051754
v -0.132957 0.170591 -0.070735
v -0.141756 0.179895 -0.045250
v -0.141515 0.179640 -0.015058
v -0.136722 0.174572 0.014548
v -0.129441 0.166873 0.041319
v -0.128465 0.165841 0.068345
v -0.156992 0.168636 -0.087698
v -0.166378 0.176924 -0.061961
v -0.166085 0.176666 -0.030926
v -0.164144 0.174952 0.000000
v -0.162163 0.173202 0.030196
v -0.149797 0.162282 0.055786
v -0.146892 0.159717 0.082056
v -0.180572 0.164973 -0.104606
v -0.190467 0.172369 -0.078813
v -0.189138 0.171376 -0.046958
v -0.190518 0.172408 -0.015767
v -0.181513 0.165677 0.015022
v -0.182987 0.166778 0.045431
v -0.171712 0.158351 0.071053
v -0.155591 0.146301 0.090135
v -0.196244 0.155400 -0.116933
v -0.208408 0.163173 -0.093136
v -0.217739 0.169135 -0.064870
v -0.221670 0.171647 -0.033021
v -0.211930 0.165423 0.000000
v -0.205976 0.161619 0.030683
v -0.195682 0.155041 0.058299
v -0.185184 0.148333 0.082757
v -0.168196 0.137477 0.100221
v -0.212625 0.146996 -0.129573
v -0.233128 0.158277 -0.110497
v -0.231209 0.157222 -0.078277
v -0.238636 0.161308 -0.048475
v -0.237945 0.160928 -0.016111
v -0.230814 0.157004 0.015629
v -0.230402 0.156778 0.046802
v -0.213061 0.147236 0.072133
v -0.187435 0.133135 0.088840
v -0.187305 0.133064 0.114143
v -0.227603 0.138403 -0.141269
v -0.235545 0.142186 -0.116959
v -0.258836 0.153279 -0.096393
v -0.253314 0.150649 -0.062891
v -0.255846 0.151855 -0.031760
v -0.243061 0.145765 0.000000
v -0.234224 0.141557 0.029076
v -0.227015 0.138123 0.056362
v -0.215277 0.132532 0.080171
v -0.210629 0.130319 0.104587
v -0.204989 0.127633 0.127233
v -0.236167 0.127702 -0.148840
v -0.245045 0.131375 -0.126356
v -0.266997 0.140456 -0.107081
v -0.277624 0.144853 -0.079531
v -0.268818 0.141210 -0.046205
v -0.267096 0.140497 -0.015303
v -0.242455 0.130303 0.013891
v -0.234094 0.126844 0.040236
v -0.235920 0.127600 0.067584
v -0.236342 0.127774 0.094787
v -0.211179 0.117364 0.108893
v -0.207797 0.115965 0.130960
v -0.245504 0.118395 -0.156734
v -0.261448 0.124136 -0.139094
v -0.262856 0.124643 -0.111875
v -0.263784 0.124977 -0.084202
v -0.279729 0.130718 -0.059528
v -0.288927 0.134030 -0.030743
v -0.284614 0.132477 -0.000000
v -0.256252 0.122265 0.027266
v -0.249067 0.119678 0.053003
v -0.244769 0.118130 0.078132
v -0.238824 0.115990 0.101646
v -0.232001 0.113533 0.123428
v -0.226384 0.111511 0.144527
v -0.251836 0.108967 -0.162563
v -0.272128 0.115330 -0.148637
v -0.286775 0.119923 -0.128157
v -0.303123 0.125049 -0.105360
v -0.291730 0.121476 -0.072429
v -0.283810 0.118993 -0.042278
v -0.298897 0.123724 -0.014842
v -0.284997 0.119365 0.014151
v -0.269171 0.114403 0.040097
v -0.262792 0.112402 0.065244
v -0.248461 0.107909 0.086361
v -0.249201 0.108141 0.111366
v -0.239319 0.105042 0.130716
v -0.244907 0.106794 0.158090
v -0.010448 0.183643 0.032965
v -0.027373 0.178046 0.045589
v -0.003910 0.174926 0.052252
v -0.043813 0.170805 0.057562
v -0.020538 0.169800 0.064800
v 0.002355 0.165847 0.070400
v -0.062181 0.168806 0.071915
v -0.038140 0.167758 0.079224
v -0.013787 0.160373 0.082408
v 0.009040 0.168326 0.095319
v -0.082947 0.169008 0.088537
v -0.057741 0.168090 0.096166
v -0.033170 0.168453 0.104654
v -0.007663 0.155597 0.102407
v 0.015073 0.158220 0.112172
v -0.092980 0.152503 0.093907
v -0.072289 0.156314 0.104684
v -0.049493 0.158355 0.114358
v -0.025130 0.156352 0.120431
v -0.001532 0.155671 0.127598
v 0.023061 0.162144 0.142389
v -0.109203 0.146571 0.105916
v -0.080814 0.139036 0.106175
v -0.068377 0.155335 0.130214
v -0.041347 0.148156 0.130454
v -0.019610 0.157075 0.148582
v 0.005618 0.166040 0.167928
v 0.029750 0.155571 0.163188
v -0.122830 0.138468 0.115504
v -0.100634 0.138561 0.123033
v -0.083816 0.146160 0.139592
v -0.059610 0.145494 0.146695
v -0.039959 0.158608 0.172152
v -0.014002 0.163002 0.187135
v 0.012731 0.157121 0.187559
v 0.035278 0.145450 0.178240
v -0.146279 0.138461 0.134236
v -0.120606 0.136504 0.139487
v -0.100618 0.139828 0.151752
v -0.081367 0.146261 0.169016
v -0.059843 0.153745 0.188810
v -0.035508 0.162824 0.212232
v -0.006195 0.151314 0.202581
v 0.019695 0.149216 0.207665
v 0.044652 0.147052 0.212327
v -0.168104 0.135789 0.151243
v -0.145440 0.136884 0.160938
v -0.119913 0.135891 0.167497
v -0.098587 0.139045 0.180779
v -0.078149 0.145645 0.200515
v -0.056441 0.156140 0.228306
v -0.027816 0.156942 0.239412
v 0.001039 0.142950 0.221613
v 0.025158 0.135918 0.215872
v 0.049234 0.135688 0.223441
v -0.188832 0.131643 0.167138
v -0.161744 0.130089 0.172644
v -0.135876 0.128876 0.178515
v -0.116182 0.132597 0.193497
v -0.094045 0.135595 0.207657
v -0.077342 0.149204 0.244019
v -0.047894 0.147669 0.250355
v -0.018007 0.138986 0.240658
v 0.007993 0.134392 0.238924
v 0.031691 0.129542 0.235841
v 0.057259 0.132218 0.250413
v -0.203640 0.124266 0.177785
v -0.172745 0.120761 0.178943
v -0.143653 0.117257 0.179502
v -0.128816 0.122715 0.198667
v -0.108886 0.126154 0.214265
v -0.096723 0.140484 0.255655
v -0.069116 0.141749 0.268147
v -0.039648 0.139669 0.272543
v -0.010657 0.131916 0.262000
v 0.014359 0.124224 0.250291
v 0.037492 0.121588 0.251127
v 0.060039 0.120107 0.254779
v -0.218547 0.117307 0.188579
v -0.194430 0.117226 0.196369
v -0.174897 0.119467 0.209584
v -0.148968 0.118633 0.215726
v -0.128567 0.121404 0.230818
v -0.110294 0.127398 0.254846
v -0.085384 0.129485 0.269394
v -0.056436 0.126621 0.270461
v -0.028742 0.122733 0.268046
v -0.003045 0.115090 0.253724
v 0.019819 0.113145 0.255518
v 0.043183 0.114256 0.266628
v 0.060452 0.106845 0.250192
v -0.228185 0.108812 0.194917
v -0.213656 0.112128 0.211157
v -0.186264 0.110715 0.215423
v -0.164278 0.111573 0.225698
v -0.149692 0.117028 0.249307
v -0.132649 0.123007 0.275537
v -0.105724 0.123361 0.285726
v -0.074160 0.118433 0.279298
v -0.046111 0.114642 0.275608
v -0.020471 0.111569 0.273585
v 0.003207 0.104836 0.258329
v 0.024936 0.104068 0.262927
v 0.045196 0.101684 0.261479
v 0.067145 0.102644 0.272089
v 0.026003 0.176057 0.019368
v 0.032139 0.170624 0.038732
v 0.043943 0.164734 0.018555
v 0.040583 0.173352 0.061599
v 0.053982 0.170353 0.040207
v 0.068648 0.171214 0.020227
v 0.046480 0.165819 0.081066
v 0.062842 0.170283 0.062798
v 0.079649 0.173843 0.042928
v 0.092223 0.169843 0.020867
v 0.051295 0.156191 0.098253
v 0.066960 0.159554 0.080697
v 0.085669 0.166587 0.063808
v 0.101468 0.167571 0.042845
v 0.113805 0.164214 0.020900
v 0.061955 0.159991 0.126989
v 0.074686 0.156158 0.102703
v 0.092222 0.160368 0.084905
v 0.109926 0.163603 0.065258
v 0.120416 0.158351 0.041795
v 0.134173 0.157351 0.020735
v 0.064028 0.145692 0.138151
v 0.082706 0.152648 0.125536
v 0.097827 0.153016 0.104927
v 0.115764 0.156361 0.086224
v 0.127897 0.153329 0.063116
v 0.138787 0.149857 0.040893
v 0.160023 0.155131 0.021346
v 0.071493 0.142065 0.160607
v 0.091402 0.149492 0.149844
v 0.105211 0.147964 0.126796
v 0.127959 0.155592 0.112495
v 0.139023 0.151331 0.086943
v 0.150696 0.148400 0.063632
v 0.159250 0.143771 0.040763
v 0.175641 0.145046 0.020610
v 0.089265 0.152046 0.207160
v 0.109804 0.156931 0.191513
v 0.120660 0.150812 0.159497
v 0.128889 0.143819 0.128798
v 0.146765 0.145922 0.109314
v 0.153903 0.139952 0.082948
v 0.166173 0.138369 0.061316
v 0.185856 0.141487 0.042053
v 0.192840 0.137090 0.020197
v 0.090423 0.138255 0.215547
v 0.109793 0.142448 0.201507
v 0.123687 0.140682 0.176304
v 0.142620 0.143315 0.157936
v 0.155428 0.141041 0.132657
v 0.173794 0.142791 0.112290
v 0.188257 0.141927 0.089144
v 0.196007 0.137515 0.064222
v 0.218588 0.141287 0.044317
v 0.218509 0.133790 0.020666
v 0.096710 0.131651 0.235777
v 0.119886 0.138904 0.229638
v 0.137834 0.140243 0.209213
v 0.151730 0.138400 0.182859
v 0.163535 0.135564 0.155816
v 0.176179 0.133720 0.131223
v 0.189351 0.132460 0.108025
v 0.214680 0.137475 0.090650
v 0.230221 0.137232 0.067834
v 0.223841 0.127476 0.041108
v 0.229602 0.123875 0.019795
v 0.097052 0.119690 0.241178
v 0.119710 0.126470 0.237794
v 0.141568 0.131141 0.226642
v 0.162062 0.133984 0.209712
v 0.178889 0.134166 0.186737
v 0.189221 0.130856 0.158203
v 0.189627 0.123184 0.125288
v 0.199795 0.121073 0.102041
v 0.217947 0.122641 0.083038
v 0.225465 0.119776 0.060353
v 0.233020 0.117266 0.039110
v 0.232067 0.112030 0.018382
v 0.094818 0.107071 0.239540
v 0.117869 0.114209 0.241594
v 0.135022 0.116048 0.226296
v 0.161375 0.122819 0.221914
v 0.178024 0.123302 0.200762
v 0.207913 0.130080 0.191418
v 0.199289 0.118694 0.148436
v 0.206470 0.115447 0.122573
v 0.203420 0.108668 0.094041
v 0.220247 0.109937 0.076446
v 0.216449 0.104008 0.053082
v 0.242618 0.108412 0.037494
v 0.256328 0.108542 0.018778
v 0.100604 0.101875 0.257829
v 0.113406 0.101717 0.238885
v 0.126816 0.101936 0.221184
v 0.145602 0.104879 0.211047
v 0.166500 0.108313 0.200660
v 0.194471 0.114271 0.194334
v 0.198518 0.109750 0.163472
v 0.206693 0.107388 0.138803
v 0.211903 0.104288 0.114208
v 0.219844 0.102459 0.092830
v 0.216933 0.097462 0.069143
v 0.234101 0.098909 0.052969
v 0.264137 0.103806 0.037822
v 0.271802 0.102280 0.018520
v 0.268465 0.084885 -0.028014
v 0.270433 0.077996 -0.039497
v 0.260925 0.085899 -0.046165
v 0.268687 0.070253 -0.050738
v 0.269658 0.080181 -0.059764
v 0.265598 0.089762 -0.068208
v 0.307984 0.067397 -0.071681
v 0.289766 0.075547 -0.077525
v 0.281728 0.085102 -0.085903
v 0.272703 0.094611 -0.094124
v 0.322324 0.059744 -0.089547
v 0.309409 0.069444 -0.097379
v 0.282597 0.076719 -0.100152
v 0.277676 0.087229 -0.110281
v 0.254655 0.093710 -0.112908
v 0.331496 0.050669 -0.107441
v 0.332329 0.062219 -0.120711
v 0.305680 0.071014 -0.123897
v 0.279531 0.078733 -0.125993
v 0.250845 0.084636 -0.125392
v 0.231938 0.091464 -0.128317
v 0.346274 0.040943 -0.128699
v 0.317843 0.050834 -0.131302
v 0.313838 0.062047 -0.143655
v 0.292114 0.071366 -0.147794
v 0.267193 0.079271 -0.149143
v 0.239249 0.085249 -0.147132
v 0.225707 0.093580 -0.152790
v 0.334637 0.030000 -0.140729
v 0.317769 0.040564 -0.147576
v 0.308000 0.051280 -0.157610
v 0.271241 0.059255 -0.152676
v 0.265434 0.069792 -0.164139
v 0.240731 0.077110 -0.163408
v 0.209086 0.081378 -0.155732
v 0.201051 0.090441 -0.164313
v 0.327535 0.019359 -0.154200
v 0.309908 0.030000 -0.160291
v 0.312269 0.040951 -0.177164
v 0.277742 0.050287 -0.172648
v 0.265006 0.060287 -0.180352
v 0.237957 0.067896 -0.177236
v 0.211111 0.074009 -0.172088
v 0.213838 0.086144 -0.190842
v 0.193766 0.092448 -0.189469
v 0.328149 0.008373 -0.171448
v 0.321900 0.018981 -0.183996
v 0.317789 0.030000 -0.198517
v 0.296356 0.040997 -0.202182
v 0.253296 0.049622 -0.188661
v 0.242500 0.059472 -0.197191
v 0.234273 0.069788 -0.208051
v 0.203390 0.075360 -0.197400
v 0.192600 0.084286 -0.204503
v 0.172139 0.089785 -0.200250
v 0.309428 -0.001032 -0.178122
v 0.308277 0.008578 -0.193475
v 0.316582 0.018550 -0.216482
v 0.292140 0.030000 -0.217592
v 0.265345 0.040453 -0.215268
v 0.236943 0.049540 -0.209443
v 0.214177 0.057792 -0.206406
v 0.209568 0.068125 -0.220405
v 0.180361 0.073242 -0.207283
v 0.178346 0.084257 -0.224363
v 0.170248 0.094107 -0.234946
v 0.293993 -0.009888 -0.185328
v 0.298181 -0.001554 -0.204348
v 0.302428 0.007776 -0.225255
v 0.298294 0.018564 -0.241467
v 0.276041 0.030000 -0.242926
v 0.236690 0.039937 -0.226579
v 0.211371 0.048634 -0.220300
v 0.194119 0.057018 -0.220544
v 0.193637 0.067927 -0.240194
v 0.177274 0.075950 -0.240557
v 0.161737 0.083445 -0.240674
v 0.142573 0.088620 -0.233332
v 0.281320 -0.018422 -0.193197
v 0.293254 -0.012019 -0.218422
v 0.279893 -0.001350 -0.226099
v 0.283377 0.007906 -0.248336
v 0.262490 0.019295 -0.249685
v 0.253710 0.030000 -0.262169
v 0.227814 0.040237 -0.256023
v 0.194958 0.048460 -0.238630
v 0.177371 0.056619 -0.236887
v 0.163927 0.064772 -0.239411
v 0.158473 0.074704 -0.253774
v 0.132211 0.077809 -0.232890
v 0.120583 0.084598 -0.234544
v 0.274274 -0.027507 -0.204285
v 0.271230 -0.019343 -0.218665
v 0.273526 -0.011519 -0.238747
v 0.270637 -0.002194 -0.255885
v 0.259084 0.008487 -0.265550
v 0.232657 0.019864 -0.258777
v 0.214396 0.030000 -0.259128
v 0.188874 0.039129 -0.248475
v 0.170110 0.047396 -0.244084
v 0.152482 0.054828 -0.239219
v 0.156827 0.066277 -0.269797
v 0.141488 0.073778 -0.267850
v 0.122423 0.078880 -0.256094
v 0.105735 0.083267 -0.245630
v 0.062988 0.090683 -0.298972
v 0.050456 0.081608 -0.296637
v 0.043795 0.094763 -0.311269
v 0.040517 0.075358 -0.312855
v 0.031723 0.087090 -0.320122
v 0.020812 0.096172 -0.310067
v 0.029570 0.068569 -0.332535
v 0.019858 0.081333 -0.345405
v 0.007863 0.088834 -0.321629
v -0.003315 0.100207 -0.320515
v 0.016073 0.058925 -0.332515
v 0.005369 0.070171 -0.337875
v -0.005893 0.079288 -0.323331
v -0.017447 0.090500 -0.322232
v -0.029438 0.101984 -0.319951
v 0.002608 0.049516 -0.336524
v -0.009395 0.062578 -0.365345
v -0.021011 0.072074 -0.345013
v -0.034146 0.084547 -0.348633
v -0.044938 0.093258 -0.328029
v -0.054252 0.100394 -0.304402
v -0.011485 0.040142 -0.349769
v -0.024591 0.051715 -0.365295
v -0.037570 0.063177 -0.362741
v -0.051760 0.075707 -0.365167
v -0.065569 0.087902 -0.360303
v -0.072839 0.094321 -0.324500
v -0.081025 0.101551 -0.300783
v -0.026258 0.030000 -0.357632
v -0.037702 0.040288 -0.346139
v -0.054310 0.052643 -0.371356
v -0.066365 0.063578 -0.357680
v -0.076240 0.073184 -0.335903
v -0.085281 0.082037 -0.315033
v -0.096049 0.091790 -0.303044
v -0.106760 0.101452 -0.291759
v -0.039207 0.020028 -0.343896
v -0.052446 0.030000 -0.348423
v -0.067818 0.040944 -0.358977
v -0.086289 0.053547 -0.376245
v -0.093142 0.063023 -0.342488
v -0.096043 0.070043 -0.303026
v -0.107589 0.080152 -0.295159
v -0.113323 0.087336 -0.273142
v -0.127641 0.098777 -0.272547
v -0.051067 0.010843 -0.330330
v -0.062230 0.020373 -0.323897
v -0.076972 0.030000 -0.332358
v -0.094935 0.040876 -0.347566
v -0.110308 0.052372 -0.348038
v -0.112566 0.060718 -0.309941
v -0.124162 0.070957 -0.301306
v -0.126193 0.077590 -0.272052
v -0.134426 0.086047 -0.259118
v -0.151363 0.098255 -0.262255
v -0.067220 0.000041 -0.344402
v -0.079995 0.009654 -0.342252
v -0.092480 0.019720 -0.337188
v -0.107256 0.030000 -0.338410
v -0.111590 0.039909 -0.308320
v -0.128488 0.050735 -0.313825
v -0.132628 0.059417 -0.288544
v -0.138758 0.067865 -0.270575
v -0.146180 0.076287 -0.256797
v -0.151978 0.083883 -0.241542
v -0.176772 0.098534 -0.255069
v -0.080847 -0.009773 -0.342912
v -0.095147 -0.000814 -0.345565
v -0.104077 0.009977 -0.328380
v -0.113958 0.020115 -0.315900
v -0.122748 0.030000 -0.301653
v -0.127418 0.039238 -0.279629
v -0.141751 0.048994 -0.279471
v -0.145887 0.057255 -0.259679
v -0.153198 0.065648 -0.247213
v -0.159297 0.073470 -0.233835
v -0.176020 0.084285 -0.235711
v -0.189046 0.094278 -0.231485
v -0.090574 -0.017517 -0.327748
v -0.099538 -0.007340 -0.314061
v -0.110644 0.001859 -0.307674
v -0.120089 0.011422 -0.296852
v -0.127300 0.020946 -0.281696
v -0.137113 0.030000 -0.273183
v -0.145749 0.038928 -0.262717
v -0.147879 0.046942 -0.242121
v -0.159892 0.055803 -0.238587
v -0.157199 0.061882 -0.214377
v -0.162900 0.069056 -0.203501
v -0.185541 0.080632 -0.212730
v -0.203845 0.091719 -0.214832
v -0.103794 -0.026976 -0.327490
v -0.117310 -0.018625 -0.327186
v -0.120038 -0.006389 -0.298389
v -0.131303 0.002507 -0.292864
v -0.129462 0.013252 -0.260543
v -0.145258 0.021245 -0.264998
v -0.159331 0.030000 -0.264519
v -0.152646 0.038095 -0.231374
v -0.164442 0.046453 -0.228195
v -0.169759 0.054111 -0.216165
v -0.172872 0.061072 -0.202376
v -0.194316 0.071544 -0.209456
v -0.210232 0.081445 -0.208915
v -0.213934 0.088379 -0.196174
v -0.268532 0.093187 -0.160144
v -0.276314 0.084931 -0.149929
v -0.283481 0.096704 -0.143050
v -0.277268 0.075285 -0.135961
v -0.289000 0.087452 -0.130677
v -0.301473 0.100937 -0.124469
v -0.295771 0.068107 -0.130012
v -0.290435 0.077435 -0.116523
v -0.306790 0.090989 -0.110977
v -0.306911 0.102217 -0.098555
v -0.313246 0.059853 -0.122221
v -0.308073 0.069692 -0.108335
v -0.293960 0.078011 -0.091729
v -0.303857 0.090406 -0.082437
v -0.300663 0.100747 -0.068964
v -0.301910 0.048922 -0.103290
v -0.315881 0.060104 -0.095860
v -0.319801 0.071203 -0.084345
v -0.318481 0.082016 -0.070986
v -0.308458 0.091321 -0.055790
v -0.306083 0.102022 -0.042124
v -0.308618 0.039542 -0.091151
v -0.317587 0.049904 -0.081490
v -0.344701 0.062850 -0.074719
v -0.345726 0.074543 -0.060788
v -0.342043 0.085864 -0.045743
v -0.315697 0.092760 -0.028550
v -0.316944 0.104578 -0.014540
v -0.300427 0.030000 -0.075053
v -0.314456 0.039722 -0.066340
v -0.339775 0.051295 -0.058122
v -0.346903 0.063060 -0.045118
v -0.337765 0.073517 -0.029694
v -0.350519 0.087248 -0.015625
v -0.325540 0.094717 -0.000000
v -0.322155 0.105804 0.014779
v -0.286713 0.021366 -0.058911
v -0.298311 0.030000 -0.049683
v -0.327473 0.040125 -0.041452
v -0.360127 0.052570 -0.030802
v -0.355052 0.063837 -0.015393
v -0.369792 0.077644 0.000000
v -0.337235 0.085079 0.015033
v -0.327409 0.095088 0.029609
v -0.306112 0.102029 0.042128
v -0.303207 0.011974 -0.049199
v -0.284221 0.021442 -0.035040
v -0.301461 0.030000 -0.025104
v -0.324509 0.040033 -0.013692
v -0.337719 0.051166 0.000000
v -0.340860 0.062484 0.014777
v -0.333733 0.072998 0.029340
v -0.316246 0.081651 0.042293
v -0.310284 0.091684 0.056120
v -0.283851 0.096791 0.065107
v -0.320907 0.001747 -0.038558
v -0.286793 0.012950 -0.023268
v -0.298250 0.021019 -0.012256
v -0.315223 0.030000 0.000000
v -0.330593 0.040221 0.013949
v -0.322824 0.050232 0.027611
v -0.317390 0.060248 0.041279
v -0.312148 0.070217 0.054884
v -0.308758 0.080428 0.068819
v -0.290206 0.087692 0.078733
v -0.262483 0.091763 0.084289
v -0.312965 -0.006278 -0.024755
v -0.321466 0.001697 -0.012875
v -0.307276 0.011733 0.000000
v -0.310389 0.020654 0.012755
v -0.325527 0.030000 0.027108
v -0.325055 0.040050 0.041146
v -0.314192 0.049692 0.053746
v -0.306666 0.059226 0.066475
v -0.294975 0.068004 0.077797
v -0.288658 0.077145 0.090075
v -0.275109 0.084691 0.099517
v -0.249264 0.088653 0.102913
v -0.302938 -0.013352 -0.011832
v -0.307629 -0.005660 0.000000
v -0.332258 0.000747 0.013307
v -0.331815 0.010274 0.026921
v -0.332216 0.019996 0.040957
v -0.325808 0.030000 0.054262
v -0.326646 0.040099 0.068912
v -0.314156 0.049689 0.080610
v -0.310704 0.059611 0.094290
v -0.284158 0.066611 0.099926
v -0.274942 0.074905 0.110307
v -0.260758 0.081838 0.117907
v -0.254783 0.089951 0.128568
v -0.291828 -0.019501 0.000000
v -0.298326 -0.012692 0.011653
v -0.299865 -0.004760 0.023719
v -0.324840 0.001400 0.039031
v -0.332451 0.010236 0.053945
v -0.322900 0.020277 0.066347
v -0.315708 0.030000 0.078870
v -0.304514 0.039415 0.089940
v -0.304064 0.049057 0.104028
v -0.283822 0.057049 0.110741
v -0.271560 0.064988 0.119370
v -0.255290 0.071695 0.125184
v -0.258956 0.081480 0.140510
v -0.258633 0.090857 0.154240
v -0.230254 0.092833 0.211139
v -0.231420 0.086629 0.229970
v -0.226346 0.098531 0.238545
v -0.211934 0.075310 0.228448
v -0.217870 0.089453 0.249796
v -0.204261 0.099451 0.250115
v -0.196708 0.065356 0.230280
v -0.195072 0.076769 0.243692
v -0.187017 0.087676 0.250438
v -0.172376 0.096829 0.248727
v -0.188133 0.056721 0.239561
v -0.181340 0.066779 0.247300
v -0.178408 0.078685 0.261887
v -0.170357 0.090400 0.270752
v -0.145575 0.095645 0.252228
v -0.170097 0.047018 0.236042
v -0.168959 0.057266 0.252117
v -0.162510 0.067814 0.262238
v -0.151508 0.077974 0.266156
v -0.135109 0.086331 0.260433
v -0.131141 0.100662 0.280021
v -0.165554 0.038779 0.250940
v -0.160979 0.048442 0.263568
v -0.150793 0.058172 0.268411
v -0.142163 0.068794 0.277214
v -0.121937 0.075984 0.262875
v -0.112629 0.086985 0.271467
v -0.103370 0.099183 0.282494
v -0.154171 0.030000 0.255952
v -0.152199 0.039323 0.274343
v -0.146373 0.049614 0.288584
v -0.129408 0.058702 0.281539
v -0.118456 0.069075 0.287459
v -0.105042 0.078964 0.288170
v -0.089882 0.087823 0.283587
v -0.074258 0.095574 0.275660
v -0.138177 0.021672 0.252079
v -0.141891 0.030000 0.282702
v -0.139090 0.040084 0.305245
v -0.123162 0.049875 0.300815
v -0.098770 0.056953 0.271954
v -0.090833 0.067871 0.286589
v -0.078249 0.077746 0.289057
v -0.060165 0.083130 0.268039
v -0.049256 0.093912 0.276372
v -0.130826 0.013076 0.263288
v -0.133707 0.020490 0.295873
v -0.128928 0.030000 0.316839
v -0.109846 0.039754 0.303498
v -0.085696 0.047380 0.270383
v -0.076475 0.057114 0.281200
v -0.066119 0.067451 0.291310
v -0.047847 0.072252 0.262922
v -0.035426 0.079868 0.258592
v -0.024528 0.089977 0.266586
v -0.114586 0.006007 0.255577
v -0.118789 0.011623 0.293638
v -0.113021 0.020196 0.313300
v -0.097912 0.030000 0.308926
v -0.083465 0.039562 0.305571
v -0.066611 0.048177 0.290440
v -0.053818 0.057230 0.290058
v -0.040186 0.065486 0.283508
v -0.026415 0.072197 0.269696
v -0.013923 0.078281 0.257150
v -0.002658 0.086292 0.256987
v -0.112144 -0.003995 0.278765
v -0.100976 0.004318 0.280789
v -0.099061 0.010942 0.312552
v -0.082718 0.020805 0.301595
v -0.064797 0.030000 0.279788
v -0.058291 0.039407 0.308546
v -0.047059 0.049620 0.321774
v -0.031052 0.057421 0.299808
v -0.018555 0.067155 0.304670
v -0.005545 0.076373 0.304213
v 0.006502 0.078655 0.265982
v 0.016882 0.083678 0.251521
v -0.097050 -0.010227 0.270677
v -0.090522 -0.003957 0.285613
v -0.084270 0.002709 0.306060
v -0.070321 0.012115 0.300860
v -0.057927 0.021038 0.301502
v -0.045735 0.030000 0.303837
v -0.034088 0.039302 0.312961
v -0.021711 0.049172 0.322508
v -0.008307 0.058805 0.323034
v 0.005085 0.068053 0.320064
v 0.017292 0.074699 0.300767
v 0.027617 0.079701 0.278689
v 0.036774 0.084380 0.261365
v -0.085944 -0.017177 0.271168
v -0.077229 -0.010516 0.279459
v -0.068517 -0.003707 0.290615
v -0.059961 0.003276 0.307207
v -0.051955 0.010510 0.336074
v -0.035788 0.020898 0.313907
v -0.023680 0.030000 0.322516
v -0.011377 0.040046 0.346469
v 0.002757 0.050633 0.355781
v 0.016423 0.059557 0.339775
v 0.027598 0.065997 0.310358
v 0.037609 0.072103 0.290401
v 0.046821 0.077890 0.275268
v 0.058160 0.086032 0.276057
v 0.117252 0.089069 0.272385
v 0.133037 0.083118 0.278297
v 0.136717 0.091903 0.265925
v 0.143723 0.074469 0.272081
v 0.146990 0.083153 0.258921
v 0.145352 0.089763 0.237881
v 0.160942 0.067229 0.276875
v 0.163079 0.076003 0.261150
v 0.162798 0.083796 0.242253
v 0.158782 0.089789 0.219123
v 0.182804 0.059765 0.286789
v 0.189426 0.070181 0.276652
v 0.181089 0.076939 0.245734
v 0.174493 0.083085 0.219516
v 0.194194 0.097445 0.225908
v 0.197621 0.050210 0.283560
v 0.213288 0.062010 0.284856
v 0.205407 0.070232 0.254793
v 0.199957 0.077940 0.229803
v 0.214711 0.090518 0.227981
v 0.214569 0.099152 0.209811
v 0.211357 0.040216 0.278053
v 0.215193 0.050376 0.263398
v 0.240514 0.063475 0.273256
v 0.239588 0.073587 0.251978
v 0.238818 0.083260 0.231785
v 0.249237 0.095438 0.222434
v 0.232444 0.099878 0.189970
v 0.220098 0.030000 0.266019
v 0.237141 0.040656 0.266506
v 0.244588 0.051562 0.254921
v 0.263528 0.064195 0.253967
v 0.258131 0.073840 0.229239
v 0.272803 0.086870 0.222378
v 0.252991 0.092167 0.188434
v 0.234835 0.096151 0.158970
v 0.237983 0.019632 0.264701
v 0.251411 0.030000 0.259794
v 0.257665 0.040817 0.246659
v 0.272970 0.052511 0.241289
v 0.281259 0.064182 0.228710
v 0.293942 0.076811 0.218935
v 0.271794 0.083189 0.184494
v 0.260600 0.090179 0.160263
v 0.259439 0.098752 0.143532
v 0.221587 0.011601 0.227117
v 0.249688 0.019817 0.237508
v 0.262563 0.030000 0.231065
v 0.281955 0.041107 0.228744
v 0.300668 0.053292 0.223945
v 0.294340 0.063639 0.200317
v 0.296405 0.074435 0.183292
v 0.275191 0.080746 0.153608
v 0.272483 0.089349 0.136209
v 0.260956 0.095286 0.115702
v 0.223990 0.003355 0.211780
v 0.245111 0.010889 0.214802
v 0.256347 0.020172 0.207512
v 0.278495 0.030000 0.207430
v 0.287686 0.040675 0.196268
v 0.304542 0.052244 0.189307
v 0.282746 0.060496 0.159152
v 0.280715 0.069751 0.142027
v 0.276314 0.078172 0.124544
v 0.264254 0.084462 0.104950
v 0.265949 0.093011 0.091793
v 0.226267 -0.004346 0.197497
v 0.236908 0.003465 0.191375
v 0.268904 0.010240 0.200286
v 0.279751 0.019882 0.191298
v 0.275173 0.030000 0.171896
v 0.277868 0.039745 0.157647
v 0.282220 0.049499 0.144418
v 0.263474 0.056904 0.120602
v 0.280235 0.067600 0.113585
v 0.284836 0.077088 0.100946
v 0.287524 0.086235 0.087671
v 0.270386 0.090839 0.069437
v 0.217541 -0.009576 0.175381
v 0.224357 -0.002147 0.167106
v 0.260914 0.002389 0.178809
v 0.271357 0.011143 0.170305
v 0.276165 0.020547 0.157855
v 0.293561 0.030000 0.151837
v 0.294022 0.039775 0.136549
v 0.274390 0.047985 0.113352
v 0.266710 0.055857 0.096877
v 0.277951 0.065433 0.087479
v 0.284476 0.074715 0.076110
v 0.294618 0.084826 0.065296
v 0.288024 0.091704 0.050959
v 0.211273 -0.014298 0.157360
v 0.226297 -0.008951 0.155410
v 0.261336 -0.005458 0.164742
v 0.279568 0.001963 0.160933
v 0.299127 0.010286 0.156286
v 0.311283 0.019886 0.146550
v 0.301910 0.030000 0.126966
v 0.285354 0.039017 0.106057
v 0.273415 0.047047 0.088617
v 0.277182 0.055578 0.077007
v 0.284908 0.064595 0.066311
v 0.290414 0.073508 0.054841
v 0.296238 0.082575 0.043266
v 0.292682 0.089836 0.030541
v 0.088597 0.078634 -0.279540
v 0.096395 0.069955 -0.268851
v 0.082047 0.073044 -0.296893
v 0.117126 0.065506 -0.291150
v 0.096353 0.066145 -0.304011
v 0.076579 0.067673 -0.324808
v 0.130489 0.057323 -0.291049
v 0.108112 0.057497 -0.300632
v 0.085967 0.057841 -0.312224
v 0.064471 0.058734 -0.330314
v 0.137702 0.047814 -0.277127
v 0.116287 0.047990 -0.287454
v 0.093525 0.047993 -0.295087
v 0.073890 0.048793 -0.316131
v 0.051756 0.049415 -0.334785
v 0.147352 0.038881 -0.268817
v 0.125684 0.038939 -0.278120
v 0.106030 0.039197 -0.293923
v 0.083998 0.039337 -0.306261
v 0.063471 0.039819 -0.330358
v 0.038516 0.039796 -0.337838
v 0.164989 0.030000 -0.273911
v 0.142462 0.030000 -0.283840
v 0.122365 0.030000 -0.300712
v 0.096173 0.030000 -0.303439
v 0.069623 0.030000 -0.300623
v 0.048213 0.030000 -0.320296
v 0.025079 0.030000 -0.341578
v 0.182508 0.020322 -0.276637
v 0.161973 0.020078 -0.291960
v 0.142669 0.019656 -0.313099
v 0.110355 0.020200 -0.304906
v 0.085741 0.020177 -0.313906
v 0.058906 0.020494 -0.311802
v 0.033555 0.020843 -0.308060
v 0.010646 0.020599 -0.324204
v 0.203600 0.009629 -0.282534
v 0.176951 0.009728 -0.289720
v 0.163425 0.008101 -0.322203
v 0.132754 0.008576 -0.324244
v 0.103135 0.009083 -0.325403
v 0.077480 0.008857 -0.337832
v 0.049687 0.009284 -0.339746
v 0.022877 0.009798 -0.339836
v -0.002770 0.009274 -0.357382
v 0.223016 -0.001675 -0.283980
v 0.192707 -0.001099 -0.287554
v 0.174110 -0.002528 -0.309916
v 0.144803 -0.002117 -0.315031
v 0.114906 -0.001356 -0.316384
v 0.091242 -0.002350 -0.335502
v 0.063979 -0.002371 -0.344821
v 0.036488 -0.002221 -0.352290
v 0.009331 -0.002356 -0.362862
v -0.016440 0.000413 -0.340120
v 0.225264 -0.010489 -0.263709
v 0.199646 -0.010491 -0.272264
v 0.170469 -0.009666 -0.275081
v 0.150786 -0.011147 -0.294029
v 0.126792 -0.011825 -0.307689
v 0.098410 -0.011030 -0.310496
v 0.077399 -0.013841 -0.341010
v 0.049024 -0.013292 -0.345866
v 0.020928 -0.011907 -0.343638
v -0.005263 -0.009385 -0.331263
v -0.030191 -0.009380 -0.339527
v 0.225841 -0.018284 -0.243438
v 0.205270 -0.019214 -0.256431
v 0.173798 -0.017427 -0.255120
v 0.163852 -0.021883 -0.287841
v 0.140723 -0.023069 -0.303376
v 0.116508 -0.024309 -0.319626
v 0.090556 -0.025256 -0.334521
v 0.063297 -0.025895 -0.347816
v 0.032856 -0.022485 -0.335453
v 0.005994 -0.020129 -0.328851
v -0.018727 -0.018410 -0.325737
v -0.042672 -0.017770 -0.329493
v 0.234679 -0.027427 -0.233209
v 0.202391 -0.025230 -0.232049
v 0.173288 -0.023442 -0.232052
v 0.165559 -0.028699 -0.263127
v 0.153772 -0.034112 -0.296407
v 0.125916 -0.033708 -0.303493
v 0.101481 -0.035285 -0.320183
v 0.072790 -0.034278 -0.324284
v 0.046290 -0.035160 -0.337894
v 0.018003 -0.032427 -0.332497
v -0.007551 -0.026503 -0.308884
v -0.032354 -0.028226 -0.326490
v -0.055622 -0.026892 -0.327007
v 0.234105 -0.033884 -0.214671
v 0.200936 -0.030838 -0.211766
v 0.177661 -0.030407 -0.217544
v 0.170060 -0.035932 -0.245385
v 0.157476 -0.041012 -0.272848
v 0.134942 -0.042711 -0.288137
v 0.111854 -0.044861 -0.305679
v 0.082706 -0.043035 -0.307023
v 0.055882 -0.042509 -0.313549
v 0.027193 -0.036494 -0.295549
v 0.003123 -0.036126 -0.301884
v -0.021226 -0.037489 -0.316238
v -0.045137 -0.036747 -0.320801
v -0.069993 -0.037432 -0.332223
v -0.259447 0.084398 -0.193242
v -0.246145 0.074780 -0.198442
v -0.263707 0.075390 -0.181101
v -0.240179 0.066458 -0.209641
v -0.248341 0.065583 -0.184970
v -0.263533 0.065756 -0.166127
v -0.218208 0.055957 -0.206314
v -0.264630 0.059640 -0.213769
v -0.276958 0.059309 -0.189804
v -0.284816 0.058563 -0.163953
v -0.208266 0.047293 -0.213464
v -0.262955 0.050502 -0.230440
v -0.279266 0.050522 -0.208004
v -0.289520 0.050118 -0.181703
v -0.305882 0.050159 -0.159815
v -0.196844 0.038575 -0.218943
v -0.239088 0.039751 -0.227425
v -0.276626 0.040605 -0.223927
v -0.286926 0.040377 -0.196203
v -0.301614 0.040324 -0.172401
v -0.306620 0.039962 -0.144354
v -0.190054 0.030000 -0.229707
v -0.214433 0.030000 -0.221584
v -0.254355 0.030000 -0.223842
v -0.283831 0.030000 -0.211405
v -0.282074 0.030000 -0.176207
v -0.305155 0.030000 -0.157834
v -0.309957 0.030000 -0.130350
v -0.173545 0.021612 -0.228310
v -0.199007 0.021058 -0.223650
v -0.237812 0.020016 -0.227654
v -0.263671 0.019613 -0.213911
v -0.285542 0.019404 -0.194806
v -0.298827 0.019520 -0.169538
v -0.299803 0.020033 -0.139233
v -0.311513 0.020156 -0.115779
v -0.171611 0.012450 -0.246238
v -0.187904 0.012208 -0.229997
v -0.218419 0.010745 -0.227646
v -0.248344 0.009520 -0.219521
v -0.273460 0.008815 -0.203680
v -0.270191 0.010265 -0.167954
v -0.277837 0.010804 -0.142176
v -0.295506 0.010630 -0.122075
v -0.318677 0.010130 -0.103287
v -0.158130 0.004252 -0.248080
v -0.184469 0.002315 -0.246367
v -0.197299 0.002540 -0.224159
v -0.231349 -0.000020 -0.222956
v -0.253830 -0.000849 -0.206406
v -0.268176 -0.000649 -0.182510
v -0.248144 0.003236 -0.139676
v -0.273083 0.002115 -0.125001
v -0.314108 -0.000452 -0.114093
v -0.314774 0.000952 -0.087450
v -0.157922 -0.006530 -0.271681
v -0.170071 -0.006076 -0.248385
v -0.185745 -0.006381 -0.230404
v -0.216214 -0.009335 -0.227396
v -0.234790 -0.009876 -0.208512
v -0.248326 -0.009547 -0.184960
v -0.240960 -0.006123 -0.149006
v -0.255087 -0.006122 -0.129061
v -0.287683 -0.008600 -0.116604
v -0.311100 -0.009660 -0.097912
v -0.304156 -0.006932 -0.070790
v -0.142769 -0.014174 -0.270275
v -0.154519 -0.013588 -0.247443
v -0.169362 -0.013899 -0.229821
v -0.192505 -0.016154 -0.221241
v -0.233907 -0.022166 -0.227019
v -0.233856 -0.018751 -0.190631
v -0.233842 -0.015762 -0.158733
v -0.252890 -0.016634 -0.141160
v -0.280561 -0.018913 -0.126459
v -0.305416 -0.020491 -0.108240
v -0.308417 -0.018479 -0.082515
v -0.315216 -0.017224 -0.059524
v -0.133341 -0.023239 -0.278935
v -0.143691 -0.021961 -0.253112
v -0.152202 -0.020294 -0.226486
v -0.181316 -0.025161 -0.228100
v -0.205038 -0.027792 -0.217711
v -0.222736 -0.028481 -0.198784
v -0.233408 -0.027355 -0.173849
v -0.232695 -0.023736 -0.143102
v -0.253247 -0.025159 -0.126594
v -0.274028 -0.026477 -0.108833
v -0.300244 -0.028723 -0.091550
v -0.311902 -0.028043 -0.069127
v -0.301992 -0.023597 -0.044107
v -0.128302 -0.034636 -0.298055
v -0.140698 -0.033706 -0.273669
v -0.148622 -0.031108 -0.243234
v -0.156631 -0.028979 -0.216156
v -0.183262 -0.033649 -0.213192
v -0.214284 -0.039061 -0.209533
v -0.233941 -0.040329 -0.191195
v -0.223864 -0.033061 -0.151544
v -0.235449 -0.032395 -0.130261
v -0.248176 -0.032089 -0.110036
v -0.284980 -0.037520 -0.098362
v -0.301491 -0.037839 -0.077426
v -0.295523 -0.033311 -0.052287
v -0.303241 -0.031995 -0.031643
v -0.258582 0.084217 0.192597
v -0.250657 0.073144 0.172139
v -0.244662 0.074510 0.197246
v -0.258335 0.065050 0.162850
v -0.252396 0.066164 0.187990
v -0.243200 0.066916 0.212277
v -0.284745 0.058556 0.163913
v -0.269640 0.058534 0.184789
v -0.253328 0.058374 0.204639
v -0.229706 0.057325 0.217184
v -0.298810 0.049693 0.156120
v -0.298581 0.050748 0.187390
v -0.272143 0.049998 0.202698
v -0.236357 0.048428 0.207131
v -0.207779 0.047253 0.212965
v -0.303968 0.039876 0.143105
v -0.299731 0.040260 0.171325
v -0.289120 0.040457 0.197704
v -0.260643 0.039992 0.210989
v -0.225047 0.039178 0.214069
v -0.201164 0.038764 0.223748
v -0.314070 0.030000 0.132080
v -0.302058 0.030000 0.156232
v -0.288915 0.030000 0.180480
v -0.274370 0.030000 0.204357
v -0.243566 0.030000 0.214347
v -0.220145 0.030000 0.227485
v -0.183879 0.030000 0.222244
v -0.313233 0.020101 0.116418
v -0.290926 0.020328 0.135111
v -0.275946 0.020323 0.156557
v -0.255084 0.020535 0.174026
v -0.247308 0.020257 0.200636
v -0.222391 0.020663 0.212891
v -0.188392 0.021535 0.211720
v -0.171712 0.021701 0.225898
v -0.311209 0.010596 0.100866
v -0.290608 0.010951 0.120052
v -0.267007 0.011552 0.136634
v -0.251182 0.011653 0.156138
v -0.227411 0.012383 0.169382
v -0.208288 0.012823 0.184114
v -0.193646 0.012929 0.201827
v -0.171101 0.013799 0.209430
v -0.148990 0.014764 0.213780
v -0.300017 0.002314 0.083351
v -0.297370 0.001171 0.108013
v -0.280528 0.001355 0.128408
v -0.256191 0.002368 0.144205
v -0.225360 0.004244 0.153372
v -0.207542 0.004777 0.168766
v -0.190517 0.005278 0.183605
v -0.168571 0.006538 0.191519
v -0.159358 0.006084 0.212830
v -0.136609 0.007757 0.214317
v -0.287803 -0.004947 0.066984
v -0.273496 -0.004866 0.086077
v -0.264832 -0.005534 0.107342
v -0.250696 -0.005500 0.126839
v -0.239401 -0.005889 0.148041
v -0.217080 -0.004571 0.161687
v -0.204950 -0.004808 0.182012
v -0.180092 -0.002763 0.189406
v -0.171063 -0.003505 0.212193
v -0.150440 -0.001911 0.219715
v -0.132246 -0.000591 0.227509
v -0.290569 -0.013532 0.054870
v -0.286755 -0.015074 0.076720
v -0.267193 -0.014172 0.094693
v -0.253490 -0.014193 0.114257
v -0.216413 -0.009907 0.120799
v -0.215002 -0.012075 0.145945
v -0.215549 -0.014935 0.175707
v -0.187147 -0.011737 0.181636
v -0.165242 -0.009617 0.189907
v -0.161010 -0.011735 0.218488
v -0.146162 -0.011231 0.234059
v -0.134103 -0.011493 0.253869
v -0.287535 -0.021031 0.041995
v -0.285472 -0.023124 0.063269
v -0.266336 -0.022091 0.081210
v -0.266578 -0.024942 0.105874
v -0.214998 -0.016828 0.107474
v -0.208086 -0.018053 0.127969
v -0.204080 -0.020148 0.152005
v -0.191257 -0.020216 0.170690
v -0.171234 -0.018264 0.181818
v -0.161678 -0.019186 0.203395
v -0.150108 -0.019602 0.223371
v -0.148973 -0.023870 0.262416
v -0.136223 -0.024390 0.284964
v -0.278326 -0.026901 0.029043
v -0.290839 -0.032307 0.051458
v -0.278379 -0.032638 0.071490
v -0.269504 -0.033853 0.093020
v -0.230931 -0.027775 0.102390
v -0.209839 -0.025608 0.116092
v -0.208032 -0.028601 0.140826
v -0.201396 -0.030545 0.164596
v -0.178508 -0.027531 0.174551
v -0.161903 -0.026231 0.188344
v -0.144653 -0.024469 0.199625
v -0.132463 -0.024464 0.216788
v -0.127266 -0.027624 0.247544
v -0.111877 -0.026361 0.259899
v 0.089214 0.078973 0.281488
v 0.078916 0.071401 0.285564
v 0.094181 0.069038 0.262676
v 0.069448 0.064165 0.294561
v 0.089123 0.063432 0.281198
v 0.109717 0.063260 0.272733
v 0.061752 0.057522 0.316382
v 0.082749 0.056799 0.300536
v 0.106091 0.056983 0.295013
v 0.130572 0.057340 0.291234
v 0.051733 0.049407 0.334639
v 0.075572 0.049221 0.323327
v 0.103985 0.050005 0.328089
v 0.125652 0.049439 0.310602
v 0.142968 0.048495 0.287724
v 0.040042 0.040184 0.351224
v 0.063371 0.039804 0.329833
v 0.092723 0.040307 0.338076
v 0.113273 0.039826 0.314000
v 0.135825 0.039660 0.300561
v 0.165191 0.039956 0.301362
v 0.025935 0.030000 0.353227
v 0.053063 0.030000 0.352517
v 0.081220 0.030000 0.350698
v 0.106807 0.030000 0.336991
v 0.126515 0.030000 0.310910
v 0.159268 0.030000 0.317324
v 0.187065 0.030000 0.310562
v 0.011588 0.019767 0.352903
v 0.038720 0.019434 0.355480
v 0.066639 0.019246 0.352734
v 0.088760 0.019831 0.324957
v 0.118463 0.019480 0.327307
v 0.147539 0.019303 0.323786
v 0.170272 0.019570 0.306919
v 0.188230 0.020018 0.285311
v -0.002729 0.009578 0.352153
v 0.023202 0.009512 0.344654
v 0.050910 0.008774 0.348111
v 0.073342 0.009986 0.319790
v 0.096138 0.010502 0.303328
v 0.128303 0.009295 0.313372
v 0.164239 0.007992 0.323808
v 0.185445 0.008755 0.303627
v 0.192681 0.010722 0.267382
v -0.016363 0.000552 0.338528
v 0.008595 0.000197 0.334224
v 0.034151 -0.000157 0.329724
v 0.059924 -0.000319 0.322966
v 0.085567 -0.000337 0.314632
v 0.114483 -0.001241 0.315219
v 0.138719 -0.000768 0.301795
v 0.170628 -0.001877 0.303718
v 0.173292 0.002035 0.258582
v 0.192486 0.002661 0.245105
v -0.028732 -0.007476 0.323111
v -0.005495 -0.011114 0.345811
v 0.021358 -0.012768 0.350700
v 0.045160 -0.009879 0.318601
v 0.073602 -0.011690 0.324281
v 0.102410 -0.012698 0.323116
v 0.128927 -0.012529 0.312870
v 0.158030 -0.013124 0.308154
v 0.168289 -0.009159 0.271564
v 0.181243 -0.006759 0.247167
v 0.193294 -0.004742 0.226283
v -0.038763 -0.013394 0.299309
v -0.018093 -0.016769 0.314697
v 0.005852 -0.018943 0.321072
v 0.031556 -0.020409 0.322181
v 0.057960 -0.021182 0.318491
v 0.091749 -0.025984 0.338926
v 0.116795 -0.024443 0.320412
v 0.144120 -0.024350 0.310699
v 0.174372 -0.025214 0.306323
v 0.181541 -0.019540 0.266487
v 0.187402 -0.014930 0.234109
v 0.191796 -0.011005 0.206740
v -0.048195 -0.019295 0.283344
v -0.028722 -0.021689 0.289836
v -0.007022 -0.022547 0.287259
v 0.016934 -0.028722 0.312763
v 0.043317 -0.030976 0.316194
v 0.069562 -0.031427 0.309901
v 0.101376 -0.035217 0.319851
v 0.128124 -0.034825 0.308816
v 0.144949 -0.030434 0.279400
v 0.170823 -0.030565 0.271493
v 0.182085 -0.026156 0.243833
v 0.191588 -0.022282 0.219663
v 0.188599 -0.016151 0.187418
v -0.055810 -0.023768 0.264901
v -0.038923 -0.027558 0.276639
v -0.018910 -0.030125 0.281729
v 0.003182 -0.037385 0.307629
v 0.026973 -0.035955 0.293155
v 0.051316 -0.036584 0.287930
v 0.079626 -0.040315 0.295590
v 0.111455 -0.044595 0.304591
v 0.136028 -0.043296 0.290456
v 0.155300 -0.040030 0.269077
v 0.173528 -0.037276 0.250388
v 0.182397 -0.032017 0.223343
v 0.185643 -0.026208 0.195649
v 0.188045 -0.021315 0.172434
v 0.288653 0.078963 0.000000
v 0.310571 0.074444 0.012131
v 0.288533 0.071290 -0.011270
v 0.316319 0.066667 0.025020
v 0.318789 0.066954 0.000000
v 0.291147 0.063749 -0.023029
v 0.315941 0.057816 0.037961
v 0.325133 0.058626 0.013022
v 0.315911 0.057814 -0.012653
v 0.304617 0.056819 -0.036600
v 0.318975 0.048963 0.051758
v 0.339145 0.050162 0.027515
v 0.328414 0.049524 0.000000
v 0.317791 0.048893 -0.025783
v 0.329641 0.049597 -0.053489
v 0.315805 0.039510 0.064889
v 0.323934 0.039754 0.039935
v 0.333797 0.040051 0.013717
v 0.334575 0.040075 -0.013749
v 0.324497 0.039771 -0.040005
v 0.359319 0.040820 -0.073830
v 0.317673 0.030000 0.079361
v 0.319109 0.030000 0.053146
v 0.323630 0.030000 0.026950
v 0.338652 0.030000 0.000000
v 0.344816 0.030000 -0.028714
v 0.359075 0.030000 -0.059803
v 0.365083 0.030000 -0.091205
v 0.312408 0.020341 0.092271
v 0.317403 0.020187 0.066961
v 0.331683 0.019745 0.041984
v 0.335412 0.019630 0.014152
v 0.347844 0.019246 -0.014677
v 0.370291 0.018552 -0.046871
v 0.364770 0.018722 -0.076954
v 0.352858 0.019091 -0.104218
v 0.294749 0.011527 0.100840
v 0.317499 0.010101 0.081468
v 0.304143 0.010938 0.052027
v 0.333273 0.009113 0.028505
v 0.326974 0.009508 0.000000
v 0.353696 0.007833 -0.030252
v 0.366311 0.007042 -0.062661
v 0.369353 0.006852 -0.094773
v 0.335587 0.008968 -0.114812
v 0.303670 0.001060 0.118485
v 0.290623 0.002303 0.088196
v 0.311822 0.000283 0.067592
v 0.328026 -0.001261 0.042663
v 0.328114 -0.001270 0.014225
v 0.342002 -0.002593 -0.014827
v 0.355590 -0.003888 -0.046248
v 0.370082 -0.005269 -0.080221
v 0.349160 -0.003275 -0.105960
v 0.321163 -0.000607 -0.125310
v 0.282554 -0.006404 0.124202
v 0.274642 -0.005385 0.096579
v 0.295168 -0.008029 0.077848
v 0.321019 -0.011360 0.056444
v 0.327344 -0.012175 0.028778
v 0.344054 -0.014328 0.000000
v 0.347913 -0.014825 -0.030586
v 0.362123 -0.016656 -0.063671
v 0.351455 -0.015281 -0.092693
v 0.333350 -0.012948 -0.117224
v 0.302013 -0.008911 -0.132756
v 0.257712 -0.012091 0.126371
v 0.254854 -0.011624 0.102248
v 0.272168 -0.014452 0.084929
v 0.293728 -0.017973 0.065469
v 0.314670 -0.021393 0.042082
v 0.340321 -0.025583 0.015171
v 0.339990 -0.025529 -0.015156
v 0.349118 -0.027019 -0.046689
v 0.334063 -0.024561 -0.074459
v 0.320629 -0.022366 -0.100051
v 0.302116 -0.019343 -0.121210
v 0.289122 -0.017221 -0.141773
v 0.247371 -0.019177 0.134224
v 0.267201 -0.023119 0.120820
v 0.262700 -0.022224 0.095028
v 0.301075 -0.029853 0.081682
v 0.288264 -0.027306 0.052138
v 0.310490 -0.031725 0.028079
v 0.324641 -0.034538 0.000000
v 0.324852 -0.034580 -0.029378
v 0.314043 -0.032431 -0.056800
v 0.294629 -0.028572 -0.079933
v 0.290470 -0.027745 -0.105073
v 0.278877 -0.025440 -0.126099
v 0.297223 -0.029087 -0.161274
v 0.229466 -0.023994 0.136846
v 0.244218 -0.027465 0.123237
v 0.250103 -0.028850 0.103260
v 0.283403 -0.036686 0.091007
v 0.295981 -0.039645 0.067890
v 0.294653 -0.039333 0.040551
v 0.306202 -0.042050 0.014047
v 0.314982 -0.044116 -0.014450
v 0.318678 -0.044986 -0.043857
v 0.274220 -0.034525 -0.062898
v 0.252351 -0.029379 -0.081035
v 0.250548 -0.028955 -0.103443
v 0.260715 -0.031347 -0.131562
v 0.273553 -0.034368 -0.163138
v 0.196027 -0.037705 -0.167447
v 0.195557 -0.048123 -0.168742
v 0.181616 -0.039812 -0.179492
v 0.172022 -0.049630 -0.150181
v 0.165001 -0.044024 -0.166647
v 0.162932 -0.040604 -0.188438
v 0.167788 -0.051547 -0.148511
v 0.156353 -0.050322 -0.161963
v 0.149402 -0.046425 -0.179032
v 0.155998 -0.047462 -0.214323
v 0.147012 -0.051877 -0.132267
v 0.141979 -0.051179 -0.151547
v 0.136985 -0.050481 -0.171170
v 0.139371 -0.050438 -0.201828
v 0.141512 -0.050341 -0.235684
v 0.140360 -0.053611 -0.128805
v 0.134300 -0.052805 -0.148611
v 0.130730 -0.052270 -0.171755
v 0.118278 -0.050770 -0.182415
v 0.121798 -0.050989 -0.218665
v 0.116112 -0.050212 -0.241187
v 0.122242 -0.054192 -0.114952
v 0.123475 -0.054356 -0.142805
v 0.111482 -0.052767 -0.155722
v 0.100754 -0.051346 -0.167802
v 0.105846 -0.052020 -0.208285
v 0.097928 -0.050972 -0.226273
v 0.095333 -0.050628 -0.257643
v 0.106100 -0.054989 -0.102907
v 0.096206 -0.053568 -0.117619
v 0.097840 -0.054019 -0.147563
v 0.086108 -0.052286 -0.157897
v 0.078592 -0.051237 -0.173536
v 0.078139 -0.051388 -0.206534
v 0.078252 -0.051676 -0.246893
v 0.075460 -0.051497 -0.284194
v 0.090886 -0.055962 -0.091792
v 0.084530 -0.055107 -0.111056
v 0.076582 -0.053920 -0.127545
v 0.071565 -0.053338 -0.148654
v 0.062825 -0.051945 -0.161197
v 0.057806 -0.051364 -0.182384
v 0.058379 -0.052158 -0.226494
v 0.055863 -0.052346 -0.267714
v 0.047803 -0.051162 -0.285719
v 0.077448 -0.057469 -0.082667
v 0.074596 -0.057552 -0.108025
v 0.065201 -0.055927 -0.124165
v 0.053616 -0.053582 -0.131945
v 0.052213 -0.054195 -0.164737
v 0.045355 -0.053205 -0.183464
v 0.041231 -0.053195 -0.215528
v 0.036063 -0.052963 -0.247901
v 0.029287 -0.052174 -0.273128
v 0.019905 -0.049313 -0.266020
v 0.064751 -0.059681 -0.074888
v 0.058775 -0.059084 -0.097889
v 0.051847 -0.058169 -0.119799
v 0.040266 -0.055260 -0.127042
v 0.033189 -0.054023 -0.142987
v 0.029436 -0.054516 -0.175938
v 0.023959 -0.054401 -0.206219
v 0.017219 -0.053632 -0.230124
v 0.010540 -0.053120 -0.259136
v 0.003234 -0.051555 -0.269455
v -0.003399 -0.049334 -0.273853
v 0.047628 -0.060960 -0.062575
v 0.040920 -0.060170 -0.085000
v 0.032702 -0.058475 -0.103179
v 0.026283 -0.057822 -0.125959
v 0.018544 -0.056025 -0.140509
v 0.012832 -0.056283 -0.171495
v 0.006207 -0.056234 -0.202995
v -0.001136 -0.056518 -0.242227
v -0.008252 -0.054165 -0.246642
v -0.015815 -0.053566 -0.275665
v -0.020590 -0.050957 -0.265461
v -0.027844 -0.050406 -0.293585
v 0.028254 -0.060922 -0.047057
v 0.022654 -0.061130 -0.071475
v 0.014613 -0.058727 -0.087343
v 0.008287 -0.058375 -0.110756
v 0.001456 -0.055919 -0.121293
v -0.005094 -0.056500 -0.152242
v -0.012705 -0.057030 -0.187183
v -0.019487 -0.055693 -0.205471
v -0.026134 -0.054504 -0.224252
v -0.034112 -0.054072 -0.253859
v -0.037444 -0.051720 -0.250803
v -0.042475 -0.050431 -0.262257
v -0.049491 -0.048497 -0.286329
v 0.010825 -0.061877 -0.034153
v 0.004126 -0.060943 -0.055146
v -0.002388 -0.058663 -0.071387
v -0.008613 -0.057767 -0.090811
v -0.014504 -0.056507 -0.107940
v -0.022184 -0.057067 -0.136969
v -0.030937 -0.057587 -0.169701
v -0.035145 -0.055252 -0.177564
v -0.043293 -0.055023 -0.205865
v -0.051004 -0.054423 -0.231473
v -0.053677 -0.052373 -0.234748
v -0.059508 -0.051396 -0.252524
v -0.068728 -0.051105 -0.284443
v -0.075236 -0.050210 -0.304876
v -0.118319 -0.050680 -0.303227
v -0.106941 -0.051039 -0.270165
v -0.131249 -0.050450 -0.276471
v -0.098217 -0.051615 -0.244073
v -0.127525 -0.051666 -0.261385
v -0.141683 -0.050055 -0.247114
v -0.095680 -0.053085 -0.233265
v -0.121080 -0.052636 -0.240515
v -0.147398 -0.052090 -0.247037
v -0.155855 -0.050023 -0.225907
v -0.092662 -0.054640 -0.220886
v -0.117928 -0.054069 -0.225886
v -0.149989 -0.054073 -0.240122
v -0.168241 -0.052515 -0.231354
v -0.183507 -0.050947 -0.221154
v -0.082972 -0.055016 -0.192556
v -0.106999 -0.054438 -0.196378
v -0.141979 -0.055034 -0.215504
v -0.171068 -0.054464 -0.221365
v -0.185761 -0.052604 -0.209485
v -0.196291 -0.050759 -0.196152
v -0.075047 -0.055645 -0.168591
v -0.098621 -0.055100 -0.172007
v -0.126811 -0.055022 -0.180756
v -0.167435 -0.055943 -0.201786
v -0.183894 -0.054062 -0.191961
v -0.189452 -0.051679 -0.174420
v -0.210254 -0.050670 -0.173136
v -0.069345 -0.056795 -0.149624
v -0.090557 -0.055758 -0.148457
v -0.120093 -0.056037 -0.158747
v -0.156224 -0.056618 -0.173000
v -0.181316 -0.055556 -0.172755
v -0.192479 -0.053389 -0.160925
v -0.194402 -0.050978 -0.144796
v -0.205684 -0.047010 -0.138125
v -0.060214 -0.056951 -0.123420
v -0.078577 -0.055479 -0.119268
v -0.105514 -0.055746 -0.127160
v -0.136119 -0.056030 -0.136022
v -0.163518 -0.055523 -0.139561
v -0.183997 -0.054248 -0.137046
v -0.199058 -0.052673 -0.131518
v -0.209633 -0.051013 -0.124449
v -0.222372 -0.047958 -0.119849
v -0.053331 -0.057680 -0.102153
v -0.072928 -0.056478 -0.100286
v -0.096634 -0.056227 -0.103647
v -0.119388 -0.055577 -0.104960
v -0.149613 -0.055726 -0.111436
v -0.180799 -0.055601 -0.116816
v -0.196406 -0.053942 -0.112049
v -0.216309 -0.052790 -0.110475
v -0.211663 -0.050278 -0.097850
v -0.223230 -0.043575 -0.094259
v -0.048579 -0.059293 -0.084728
v -0.068218 -0.057798 -0.082213
v -0.091573 -0.057418 -0.084307
v -0.108107 -0.055700 -0.080521
v -0.136179 -0.055827 -0.085165
v -0.165032 -0.055685 -0.088946
v -0.199040 -0.055751 -0.094250
v -0.215291 -0.054167 -0.090907
v -0.222566 -0.052191 -0.084798
v -0.220164 -0.049907 -0.076417
v -0.244456 -0.046021 -0.077914
v -0.040517 -0.059468 -0.061499
v -0.060147 -0.058140 -0.060105
v -0.080841 -0.057333 -0.060212
v -0.105567 -0.057246 -0.062670
v -0.130198 -0.056832 -0.064252
v -0.154901 -0.056255 -0.065407
v -0.178203 -0.055432 -0.065754
v -0.217916 -0.055930 -0.071400
v -0.224923 -0.053715 -0.066272
v -0.223068 -0.051323 -0.059711
v -0.231205 -0.049053 -0.056700
v -0.262138 -0.047162 -0.059313
v -0.033459 -0.059960 -0.040323
v -0.056444 -0.060013 -0.042041
v -0.076418 -0.058701 -0.041186
v -0.097121 -0.057751 -0.041009
v -0.124176 -0.057854 -0.043100
v -0.146344 -0.056957 -0.043120
v -0.167644 -0.055965 -0.042911
v -0.205539 -0.056494 -0.046507
v -0.222943 -0.055026 -0.045200
v -0.229596 -0.052997 -0.042165
v -0.227241 -0.050765 -0.038140
v -0.253247 -0.050277 -0.039136
v -0.262269 -0.043284 -0.037554
v -0.026763 -0.060549 -0.019934
v -0.050916 -0.061417 -0.021499
v -0.074940 -0.061124 -0.022081
v -0.096376 -0.059921 -0.021807
v -0.121879 -0.059560 -0.022383
v -0.144989 -0.058642 -0.022406
v -0.169427 -0.057873 -0.022601
v -0.190938 -0.056760 -0.022405
v -0.217995 -0.056159 -0.022832
v -0.244115 -0.055393 -0.023087
v -0.235169 -0.052423 -0.020275
v -0.241842 -0.050823 -0.019156
v -0.255700 -0.048350 -0.018732
v -0.274156 -0.042906 -0.018680
v -0.253664 -0.037456 0.017284
v -0.249248 -0.046373 0.018259
v -0.264332 -0.043860 0.037850
v -0.249724 -0.051241 0.019780
v -0.255168 -0.050370 0.039433
v -0.271971 -0.050008 0.061538
v -0.237998 -0.052596 0.020519
v -0.240471 -0.051508 0.040361
v -0.250613 -0.050853 0.061460
v -0.252061 -0.048386 0.080338
v -0.217584 -0.053503 0.020578
v -0.226811 -0.052815 0.041653
v -0.249855 -0.052923 0.066881
v -0.246503 -0.051420 0.085559
v -0.225527 -0.044332 0.095229
v -0.187769 -0.053641 0.019666
v -0.201905 -0.053419 0.040935
v -0.215244 -0.053038 0.063421
v -0.228511 -0.052570 0.087063
v -0.214061 -0.050417 0.098959
v -0.204837 -0.041811 0.110399
v -0.175771 -0.055270 0.020625
v -0.181869 -0.054364 0.041151
v -0.192428 -0.053833 0.063049
v -0.207184 -0.053558 0.087484
v -0.207585 -0.052194 0.106020
v -0.193132 -0.049926 0.114654
v -0.176808 -0.036199 0.118734
v -0.169357 -0.057864 0.022591
v -0.170642 -0.056286 0.043679
v -0.173492 -0.054971 0.064016
v -0.187972 -0.054764 0.089009
v -0.200878 -0.054305 0.114600
v -0.189712 -0.051984 0.125344
v -0.177651 -0.049064 0.132319
v -0.178161 -0.041572 0.146709
v -0.147435 -0.058991 0.022785
v -0.160625 -0.058807 0.047328
v -0.162149 -0.057110 0.068468
v -0.169552 -0.056170 0.091382
v -0.186676 -0.056173 0.120613
v -0.187195 -0.054531 0.139428
v -0.176330 -0.052098 0.147425
v -0.177263 -0.050799 0.163199
v -0.171884 -0.044483 0.171762
v -0.123645 -0.059873 0.022707
v -0.134649 -0.059528 0.046736
v -0.142327 -0.058586 0.070238
v -0.147143 -0.057263 0.092022
v -0.163303 -0.057348 0.121633
v -0.167619 -0.055963 0.143062
v -0.166247 -0.054097 0.158399
v -0.172074 -0.053030 0.179623
v -0.167053 -0.051133 0.188388
v -0.149480 -0.040308 0.180147
v -0.103143 -0.061460 0.023338
v -0.111288 -0.060633 0.046992
v -0.122429 -0.060320 0.072681
v -0.125261 -0.058509 0.093298
v -0.129032 -0.056997 0.113439
v -0.147273 -0.057508 0.147169
v -0.149700 -0.055841 0.165776
v -0.151278 -0.054211 0.182314
v -0.144361 -0.051894 0.186806
v -0.139881 -0.050068 0.192356
v -0.142857 -0.043467 0.207068
v -0.079724 -0.062600 0.023491
v -0.084703 -0.060945 0.045652
v -0.094577 -0.060618 0.070443
v -0.105610 -0.060394 0.097231
v -0.101177 -0.057084 0.108521
v -0.117789 -0.057810 0.141955
v -0.125557 -0.056857 0.165970
v -0.126192 -0.054938 0.179875
v -0.131217 -0.053742 0.199169
v -0.131417 -0.052083 0.210391
v -0.125139 -0.049749 0.209732
v -0.123101 -0.039829 0.214704
v -0.050748 -0.061340 0.021428
v -0.061293 -0.061904 0.045653
v -0.067863 -0.060723 0.067815
v -0.078896 -0.060897 0.095082
v -0.085394 -0.059637 0.117429
v -0.083645 -0.056606 0.126962
v -0.095168 -0.056662 0.156019
v -0.094878 -0.054451 0.165479
v -0.097419 -0.052966 0.178797
v -0.101940 -0.051890 0.195261
v -0.107365 -0.050978 0.213271
v -0.109257 -0.048057 0.223943
v -0.110927 -0.040149 0.233662
v -0.028572 -0.062073 0.021281
v -0.036529 -0.061975 0.044024
v -0.045607 -0.062165 0.069225
v -0.053704 -0.061539 0.093667
v -0.058470 -0.059577 0.111998
v -0.065818 -0.058714 0.134907
v -0.070423 -0.057087 0.151951
v -0.078591 -0.056479 0.176552
v -0.078273 -0.054052 0.181651
v -0.080487 -0.052454 0.191862
v -0.087235 -0.051754 0.212675
v -0.093422 -0.050950 0.232157
v -0.094802 -0.047057 0.239499
v -0.097304 -0.039517 0.249370
v 0.239257 -0.045023 -0.154443
v 0.242857 -0.046152 -0.132649
v 0.229019 -0.050369 -0.146210
v 0.236189 -0.044061 -0.105551
v 0.232937 -0.050581 -0.123926
v 0.206496 -0.050814 -0.130141
v 0.238249 -0.044706 -0.082811
v 0.239842 -0.050953 -0.102079
v 0.211467 -0.051123 -0.109042
v 0.195797 -0.051988 -0.121528
v 0.244374 -0.046627 -0.060671
v 0.249880 -0.051496 -0.079764
v 0.228476 -0.052178 -0.091632
v 0.206095 -0.052724 -0.102336
v 0.192650 -0.053901 -0.117401
v 0.268492 -0.050628 -0.039996
v 0.252709 -0.051648 -0.053778
v 0.246727 -0.053311 -0.070680
v 0.218602 -0.053617 -0.081409
v 0.195724 -0.054154 -0.092769
v 0.163977 -0.053717 -0.097707
v 0.268258 -0.050617 -0.013320
v 0.257403 -0.051902 -0.027388
v 0.249101 -0.053458 -0.042816
v 0.228918 -0.054354 -0.056834
v 0.196922 -0.054253 -0.066669
v 0.174392 -0.054715 -0.077934
v 0.150793 -0.054907 -0.087355
v 0.272343 -0.050810 0.013523
v 0.266721 -0.052405 0.000000
v 0.266876 -0.054561 -0.015290
v 0.232713 -0.054626 -0.028888
v 0.192686 -0.053904 -0.039141
v 0.172673 -0.054551 -0.051444
v 0.149664 -0.054781 -0.061929
v 0.138277 -0.056316 -0.077243
v 0.278071 -0.051079 0.041423
v 0.276902 -0.052955 0.029463
v 0.266854 -0.054560 0.015289
v 0.239394 -0.055103 0.000000
v 0.224188 -0.056504 -0.015180
v 0.183900 -0.055627 -0.027394
v 0.148245 -0.054621 -0.036805
v 0.126091 -0.054702 -0.046957
v 0.110427 -0.055515 -0.058748
v 0.252254 -0.049098 0.062628
v 0.251929 -0.051606 0.053612
v 0.254668 -0.053803 0.043773
v 0.237177 -0.054944 0.029443
v 0.209257 -0.055271 0.014169
v 0.184182 -0.055654 0.000000
v 0.157464 -0.055655 -0.013031
v 0.126337 -0.054735 -0.023524
v 0.117359 -0.056614 -0.037462
v 0.100257 -0.057398 -0.049782
v 0.230285 -0.042209 0.080043
v 0.230758 -0.050463 0.073660
v 0.241187 -0.052967 0.069093
v 0.242574 -0.055330 0.060225
v 0.212376 -0.055529 0.043141
v 0.189304 -0.056145 0.028200
v 0.158749 -0.055799 0.013138
v 0.137840 -0.056258 0.000000
v 0.124253 -0.057708 -0.013221
v 0.105781 -0.058466 -0.026262
v 0.087644 -0.059236 -0.039167
v 0.234112 -0.043409 0.104623
v 0.219049 -0.048870 0.093230
v 0.225535 -0.051996 0.090453
v 0.231467 -0.054537 0.086201
v 0.210894 -0.055406 0.071399
v 0.194606 -0.056653 0.057979
v 0.161398 -0.056096 0.040071
v 0.142062 -0.056818 0.026453
v 0.134775 -0.059377 0.014341
v 0.110583 -0.059396 0.000000
v 0.087100 -0.059104 -0.012975
v 0.068444 -0.059595 -0.025489
v 0.217423 -0.038176 0.118757
v 0.211919 -0.046303 0.112744
v 0.212103 -0.051162 0.109370
v 0.222673 -0.053908 0.110568
v 0.217411 -0.055944 0.103048
v 0.197367 -0.056918 0.088202
v 0.163148 -0.056292 0.067509
v 0.141433 -0.056734 0.052671
v 0.129288 -0.058507 0.041270
v 0.110129 -0.059308 0.027342
v 0.090282 -0.059875 0.013449
v 0.071093 -0.060431 0.000000
v 0.049061 -0.059467 -0.012180
v 0.196320 -0.031559 0.126727
v 0.208353 -0.045018 0.133016
v 0.199333 -0.050370 0.125626
v 0.205017 -0.052647 0.127251
v 0.205635 -0.054972 0.125314
v 0.193107 -0.056509 0.115064
v 0.178513 -0.058015 0.103414
v 0.151986 -0.058132 0.084902
v 0.123812 -0.057638 0.065870
v 0.106163 -0.058540 0.052715
v 0.088523 -0.059449 0.039560
v 0.069532 -0.059938 0.025895
v 0.051891 -0.060705 0.012883
v 0.032863 -0.060401 0.000000
v -0.061917 -0.036988 0.250904
v -0.063772 -0.050160 0.263934
v -0.048818 -0.047429 0.282434
v -0.060578 -0.051637 0.257066
v -0.042092 -0.050319 0.259894
v -0.026868 -0.049805 0.283290
v -0.055443 -0.052847 0.242475
v -0.037247 -0.051648 0.249485
v -0.021189 -0.051334 0.273187
v -0.003705 -0.050972 0.298514
v -0.045011 -0.052494 0.204279
v -0.030391 -0.052319 0.226169
v -0.014567 -0.052339 0.253922
v 0.003175 -0.051304 0.264477
v 0.020847 -0.050460 0.278610
v -0.040210 -0.053811 0.191206
v -0.023485 -0.052831 0.201521
v -0.007640 -0.052967 0.228368
v 0.010484 -0.053038 0.257732
v 0.029352 -0.052205 0.273728
v 0.046519 -0.050808 0.278044
v -0.036840 -0.056084 0.186132
v -0.018190 -0.054516 0.191799
v -0.001013 -0.054524 0.216144
v 0.017421 -0.053816 0.232823
v 0.036107 -0.052981 0.248199
v 0.055757 -0.052319 0.267206
v 0.077149 -0.051800 0.290556
v -0.029721 -0.056817 0.163030
v -0.012141 -0.056185 0.178873
v 0.005655 -0.054612 0.184930
v 0.024478 -0.054756 0.210680
v 0.042610 -0.053703 0.222732
v 0.060843 -0.052756 0.236053
v 0.086830 -0.053175 0.273955
v 0.108569 -0.052381 0.293413
v -0.023645 -0.058323 0.145994
v -0.005178 -0.056807 0.154773
v 0.013305 -0.056956 0.177809
v 0.030975 -0.055380 0.185135
v 0.049546 -0.054609 0.200414
v 0.072237 -0.054700 0.227912
v 0.093964 -0.054100 0.248361
v 0.121361 -0.054075 0.280415
v 0.139336 -0.052654 0.289427
v -0.016005 -0.058422 0.119107
v 0.001627 -0.058028 0.135565
v 0.019978 -0.057419 0.151367
v 0.038262 -0.056472 0.164840
v 0.053760 -0.054675 0.169617
v 0.073166 -0.054241 0.187729
v 0.094485 -0.053913 0.208628
v 0.124917 -0.054546 0.245811
v 0.142284 -0.053173 0.255444
v 0.157774 -0.051759 0.262767
v -0.009232 -0.059190 0.097344
v 0.008430 -0.058726 0.112660
v 0.027477 -0.058722 0.131674
v 0.044502 -0.057076 0.140407
v 0.063617 -0.056489 0.156556
v 0.085077 -0.056234 0.176720
v 0.102630 -0.055027 0.188192
v 0.115283 -0.053270 0.192000
v 0.145180 -0.053674 0.223905
v 0.159482 -0.052233 0.230951
v 0.175661 -0.051084 0.241337
v -0.002456 -0.059246 0.073404
v 0.014849 -0.059062 0.088753
v 0.032566 -0.058389 0.102746
v 0.052660 -0.058485 0.121675
v 0.074947 -0.058607 0.142724
v 0.090943 -0.056905 0.151461
v 0.109993 -0.056009 0.165891
v 0.126133 -0.054708 0.176186
v 0.144134 -0.053733 0.189364
v 0.155381 -0.052157 0.194156
v 0.176331 -0.051530 0.211303
v 0.171318 -0.044238 0.198137
v 0.003985 -0.060154 0.053249
v 0.021700 -0.060156 0.068465
v 0.040656 -0.060027 0.084450
v 0.058472 -0.058975 0.097382
v 0.079714 -0.058893 0.115436
v 0.102059 -0.058655 0.134086
v 0.111594 -0.056058 0.136431
v 0.129519 -0.055156 0.149795
v 0.137039 -0.053106 0.151641
v 0.165915 -0.053400 0.177096
v 0.176537 -0.051913 0.182870
v 0.174600 -0.048329 0.176341
v 0.177287 -0.038148 0.175213
v 0.010168 -0.060427 0.032079
v 0.026992 -0.059898 0.044954
v 0.045179 -0.059779 0.059356
v 0.062247 -0.058843 0.071991
v 0.087382 -0.059966 0.093271
v 0.106477 -0.059043 0.107539
v 0.121979 -0.057531 0.118308
v 0.134452 -0.055810 0.126434
v 0.147846 -0.054443 0.135674
v 0.173018 -0.054332 0.155664
v 0.188740 -0.053239 0.167056
v 0.190431 -0.051223 0.166254
v 0.176539 -0.040525 0.152332
v 0.183607 -0.033415 0.156839
v 0.070775 -0.112833 0.146278
v 0.162068 -0.112833 0.011846
v 0.091293 -0.112833 -0.134431
v -0.070775 -0.112833 -0.146278
v -0.162068 -0.112833 -0.011846
v -0.091293 -0.112833 0.134431
v 0.064432 0.749255 0.133169
v 0.147544 0.749255 0.010785
v 0.083112 0.749255 -0.122384
v -0.064432 0.749255 -0.133169
v -0.147544 0.749255 -0.010785
v -0.083112 0.749255 0.122384
v 0.000000 1.143371 0.000000
v -0.006974 -0.032997 0.057612
v -0.093264 -0.066177 0.128243
v -0.069034 -0.121561 0.227647
v 0.041486 -0.143764 0.256420
v 0.127776 -0.110584 0.185790
v 0.103546 -0.055201 0.086386
v 0.033389 0.600082 0.413408
v -0.044719 0.570048 0.477341
v -0.022786 0.519916 0.567320
v 0.077254 0.499818 0.593365
v 0.155363 0.529851 0.529432
v 0.133430 0.579984 0.439453
v 0.067412 0.752686 0.613395
v 0.087299 -0.015155 0.009977
v 0.143841 -0.052294 0.110633
v 0.245479 -0.117939 0.102377
v 0.290576 -0.146445 -0.006533
v 0.234034 -0.109306 -0.107188
v 0.132395 -0.043661 -0.098933
v 0.350034 0.383879 0.012065
v 0.404684 0.347982 0.109353
v 0.502922 0.284534 0.101374
v 0.546510 0.256981 -0.003893
v 0.491859 0.292877 -0.101181
v 0.393621 0.356326 -0.093202
v 0.569240 0.507587 0.005188
v 0.047445 -0.056402 -0.158305
v -0.027154 -0.117274 -0.191530
v -0.119879 -0.111655 -0.149758
v -0.138004 -0.045163 -0.074760
v -0.063406 0.015709 -0.041535
v 0.029319 0.010089 -0.083307
v -0.116573 0.346407 -0.546766
v -0.182218 0.292841 -0.576004
v -0.263813 0.297786 -0.539245
v -0.279763 0.356297 -0.473249
v -0.214118 0.409863 -0.444012
v -0.132523 0.404918 -0.480770
v -0.249811 0.487185 -0.642916
v 0.022679 0.008097 -0.115234
v -0.083689 0.004228 -0.083758
v -0.114707 -0.063108 -0.001153
v -0.039357 -0.126575 0.049976
v 0.067011 -0.122706 0.018500
v 0.098028 -0.055370 -0.064105
v 0.097293 0.336080 0.189468
v -0.002422 0.332453 0.218975
v -0.031500 0.269329 0.296414
v 0.039137 0.209831 0.344345
v 0.138853 0.213458 0.314838
v 0.167931 0.276583 0.237399
v 0.092092 0.376564 0.360328
v -0.108805 -0.135017 -0.065054
v -0.112550 -0.115838 0.031616
v -0.033229 -0.079820 0.077854
v 0.049837 -0.062981 0.027421
v 0.053582 -0.082160 -0.069250
v -0.025739 -0.118178 -0.115487
v -0.235734 0.253552 -0.146141
v -0.239410 0.272380 -0.051241
v -0.161543 0.307739 -0.005851
v -0.079999 0.324269 -0.055360
v -0.076322 0.305441 -0.150260
v -0.154190 0.270083 -0.195650
v -0.225157 0.492230 -0.143695
v 0.140087 -0.144079 -0.214918
v 0.023823 -0.088951 -0.202728
v -0.008164 -0.029236 -0.092655
v 0.076115 -0.024650 0.005229
v 0.192379 -0.079778 -0.006960
v 0.224365 -0.139492 -0.117034
v 0.400360 0.465497 -0.464491
v 0.288299 0.518631 -0.452743
v 0.257470 0.576186 -0.346650
v 0.338700 0.580607 -0.252305
v 0.450761 0.527473 -0.264054
v 0.481590 0.469918 -0.370147
v 0.471335 0.759590 -0.457136
v 0.111751 -0.132970 -0.247254
v 0.003308 -0.132605 -0.271007
v -0.067942 -0.079665 -0.204333
v -0.030747 -0.027091 -0.113907
v 0.077697 -0.027456 -0.090155
v 0.148946 -0.080396 -0.156828
v 0.155554 0.220594 -0.464797
v 0.056723 0.220927 -0.486444
v -0.008211 0.269174 -0.425681
v 0.025687 0.317089 -0.343270
v 0.124518 0.316756 -0.321623
v 0.189452 0.268509 -0.382386
v 0.115950 0.445158 -0.516964
v -0.005088 -0.097444 0.137580
v 0.047472 -0.031092 0.097526
v 0.013913 0.017839 0.025075
v -0.072206 0.000418 -0.007322
v -0.124766 -0.065935 0.032732
v -0.091208 -0.114866 0.105183
v -0.167246 0.195570 0.406491
v -0.116461 0.259681 0.367791
v -0.148886 0.306958 0.297787
v -0.232096 0.290125 0.266485
v -0.282880 0.226014 0.305186
v -0.250455 0.178737 0.375189
v -0.273788 0.376957 0.461392
vn 0.0002 -0.9990 0.0438
vn -0.0197 -0.9998 0.0039
vn 0.0244 -0.9997 0.0039
vn 0.5368 -0.5959 0.5972
vn 0.7901 0.1713 0.5885
vn 0.0171 -0.8640 0.5031
vn 0.0221 -0.9998 0.0008
vn -0.0173 -0.9997 0.0154
vn 0.0142 -0.9995 0.0296
vn 0.0337 -0.8782 0.4771
vn 0.2262 -0.4883 0.8429
vn -0.4416 -0.1114 0.8903
vn -0.0399 -0.6668 0.7441
vn -0.6312 -0.7118 0.3081
vn -0.6895 -0.5845 -0.4277
vn -0.7637 -0.6280 -0.1496
vn 0.1229 -0.8793 -0.4601
vn -0.6498 -0.6842 -0.3313
vn -0.5025 -0.0314 -0.8640
vn 0.1175 -0.9806 -0.1568
vn -0.0481 -0.9899 -0.1334
vn 0.3004 -0.9250 -0.2327
vn 0.4115 -0.9023 0.1282
vn 0.1760 -0.8949 0.4100
vn -0.3683 -0.7584 0.5378
vn 0.1320 -0.1495 -0.9799
vn 0.5052 -0.8358 -0.2149
vn 0.1685 0.0271 0.9853
vn 0.3892 0.5645 0.7280
vn 0.1218 0.8045 0.5813
vn -0.8208 0.5690 -0.0496
vn -0.8569 0.3169 0.4066
vn -0.6192 0.7845 -0.0343
vn -0.5911 0.4304 -0.6822
vn -0.4292 0.3713 -0.8234
vn -0.3933 0.6303 -0.6694
vn 0.4289 0.0621 -0.9012
vn 0.8093 -0.0367 -0.5862
vn 0.6442 0.2462 -0.7242
vn 0.9792 0.2029 -0.0024
vn 0.8773 0.2514 -0.4089
vn 0.8370 0.5312 -0.1312
vn -0.0255 0.9946 -0.1008
vn 0.0749 0.9972 -0.0059
vn 0.1009 0.9931 -0.0591
vn 0.3002 0.9538 0.0083
vn 0.1311 0.9831 -0.1278
vn 0.1275 0.9918 -0.0017
vn 0.1625 0.9806 -0.1093
vn 0.1449 0.9740 -0.1741
vn 0.2261 0.9638 -0.1413
vn 0.1648 0.9369 -0.3082
vn 0.2874 0.9424 -0.1709
vn 0.0465 0.9854 -0.1636
vn 0.1844 0.9542 -0.2357
vn 0.3070 0.9297 -0.2034
vn 0.2044 0.8830 -0.4225
vn 0.5486 0.7811 -0.2982
vn 0.3705 0.8536 -0.3663
vn 0.3546 0.9200 -0.1669
vn 0.3163 0.9409 -0.1207
vn 0.1869 0.9776 -0.0967
vn 0.1371 0.9886 -0.0618
vn 0.7945 0.5519 -0.2533
vn 0.5336 0.8275 -0.1749
vn 0.9342 0.3111 -0.1746
vn 0.7312 0.6795 -0.0607
vn 0.5240 0.8474 -0.0855
vn 0.6057 0.7755 0.1782
vn 0.3082 0.9502 -0.0455
vn 0.2913 0.9492 -0.1191
vn 0.7389 0.5599 -0.3749
vn 0.0723 0.8783 -0.4725
vn 0.0692 0.9499 -0.3046
vn -0.0438 0.9142 -0.4029
vn 0.1799 0.9797 -0.0879
vn -0.2387 0.9372 -0.2543
vn -0.0606 0.9981 -0.0084
vn 0.2519 0.9654 -0.0668
vn 0.0794 0.9930 -0.0877
vn -0.1598 0.9666 -0.2003
vn -0.0166 0.9957 0.0915
vn 0.3228 0.9456 -0.0411
vn 0.3075 0.9497 0.0589
vn -0.0067 0.9664 -0.2570
vn 0.1039 0.9945 0.0098
vn 0.0187 0.9969 -0.0760
vn 0.2727 0.9498 -0.1530
vn 0.3920 0.9192 0.0372
vn 0.2675 0.9598 -0.0849
vn 0.0646 0.9735 -0.2194
vn 0.3532 0.9335 -0.0614
vn 0.1214 0.9881 -0.0940
vn 0.2143 0.9281 -0.3044
vn 0.2691 0.9538 0.1333
vn 0.2309 0.9703 0.0727
vn 0.0605 0.9878 -0.1437
vn 0.1385 0.9671 -0.2135
vn 0.3480 0.9375 0.0070
vn 0.1118 0.9934 0.0239
vn 0.1118 0.9936 -0.0129
vn 0.1614 0.9814 0.1036
vn 0.1073 0.9697 0.2195
vn -0.0071 1.0000 -0.0035
vn -0.0630 0.9550 -0.2897
vn 0.1793 0.9800 -0.0861
vn 0.3486 0.9364 0.0397
vn 0.2451 0.9475 -0.2052
vn 0.2205 0.9674 0.1242
vn 0.0430 0.9843 0.1709
vn 0.0937 0.9905 0.1002
vn 0.3672 0.9176 -0.1521
vn 0.0521 0.9706 -0.2351
vn -0.0485 0.9760 -0.2124
vn 0.2564 0.9665 -0.0061
vn 0.3742 0.9209 -0.1092
vn 0.2498 0.9562 -0.1527
vn 0.4717 0.8787 -0.0735
vn 0.7912 0.6076 0.0696
vn 0.5810 0.7674 -0.2712
vn 0.4199 0.8429 -0.3366
vn 0.6046 0.6971 -0.3853
vn 0.4802 0.7658 -0.4277
vn 0.1923 0.9396 -0.2832
vn 0.3568 0.9000 -0.2504
vn 0.4702 0.8799 -0.0691
vn 0.4275 0.8085 -0.4045
vn 0.4807 0.8687 -0.1193
vn 0.7946 0.5912 -0.1382
vn 0.8853 0.4465 -0.1298
vn 0.4945 0.8072 -0.3222
vn 0.3705 0.8452 -0.3852
vn 0.6693 0.5332 -0.5174
vn 0.7447 0.3635 -0.5598
vn 0.4518 0.8262 -0.3366
vn 0.4682 0.8377 -0.2812
vn 0.7023 0.5217 -0.4843
vn 0.5967 0.5577 -0.5771
vn 0.6668 0.7452 0.0080
vn 0.3942 0.9189 -0.0153
vn 0.3262 0.9439 0.0516
vn 0.3702 0.9289 0.0003
vn 0.2587 0.9155 -0.3082
vn 0.1559 0.9428 -0.2948
vn 0.4540 0.7158 -0.5305
vn 0.7705 0.4673 -0.4335
vn 0.6982 0.4311 -0.5715
vn 0.7128 0.5895 -0.3799
vn 0.7058 0.4437 -0.5522
vn 0.6920 0.0561 -0.7197
vn 0.8323 0.5532 0.0358
vn 0.6285 0.7688 0.1185
vn 0.2428 0.9466 0.2123
vn 0.2436 0.9689 0.0442
vn 0.1069 0.9009 -0.4207
vn 0.4440 0.7993 -0.4049
vn 0.4056 0.8144 -0.4150
vn 0.1111 0.9141 -0.3899
vn 0.6398 0.6978 -0.3219
vn 0.6866 0.4496 -0.5714
vn 0.6790 0.6376 -0.3639
vn 0.5288 0.1128 -0.8412
vn 0.5435 0.1759 -0.8207
vn 0.5984 0.7968 -0.0843
vn 0.4969 0.8216 0.2795
vn 0.6802 0.6710 0.2950
vn 0.6463 0.7514 -0.1330
vn 0.6811 0.4070 -0.6086
vn 0.3376 0.7144 -0.6129
vn 0.6713 0.6860 -0.2807
vn 0.3495 0.6843 -0.6400
vn 0.1263 0.9631 -0.2376
vn 0.1288 0.9806 -0.1475
vn 0.2922 0.9103 -0.2931
vn 0.5147 0.3380 -0.7879
vn 0.3958 0.2836 -0.8735
vn 0.6933 0.5858 -0.4197
vn 0.6503 0.7426 0.1603
vn 0.7742 0.5172 0.3649
vn 0.8668 0.3489 -0.3562
vn 0.7564 -0.3618 -0.5449
vn 0.5882 0.0467 -0.8074
vn 0.5270 0.5505 -0.6474
vn 0.8116 0.3599 -0.4602
vn 0.4665 0.4849 -0.7398
vn 0.6619 0.7357 -0.1438
vn 0.2089 0.5495 -0.8090
vn 0.2783 0.2160 -0.9359
vn 0.4347 -0.3004 -0.8490
vn 0.6151 0.1430 -0.7754
vn 0.1658 0.9809 -0.1018
vn 0.1264 0.9563 -0.2635
vn 0.2332 0.8541 -0.4649
vn 0.2265 0.9740 -0.0036
vn 0.0750 0.9969 -0.0217
vn -0.1197 0.9871 -0.1063
vn -0.2338 0.9640 -0.1268
vn -0.1038 0.9942 0.0283
vn 0.0427 0.9960 -0.0790
vn 0.1642 0.9820 -0.0931
vn 0.2017 0.9253 -0.3212
vn 0.2750 0.8224 -0.4980
vn 0.4756 0.3344 -0.8136
vn 0.7749 0.0756 -0.6276
vn 0.8501 0.1220 -0.5123
vn 0.0725 0.9938 -0.0839
vn 0.2789 0.9364 -0.2128
vn 0.2253 0.9740 0.0255
vn 0.3092 0.9081 -0.2825
vn 0.3757 0.8901 -0.2581
vn 0.1273 0.9901 0.0584
vn 0.1101 0.9929 -0.0460
vn 0.3048 0.9249 -0.2274
vn 0.2834 0.8808 -0.3794
vn -0.1541 0.9737 -0.1679
vn 0.0570 0.9755 -0.2123
vn 0.0538 0.9410 -0.3341
vn 0.2608 0.7824 -0.5656
vn 0.0439 0.7514 -0.6584
vn -0.3461 0.8390 -0.4198
vn -0.0750 0.9881 -0.1346
vn -0.0014 0.9804 -0.1970
vn 0.0465 0.9249 -0.3772
vn 0.1330 0.8891 -0.4379
vn 0.0205 0.8619 -0.5066
vn -0.1052 0.9503 -0.2932
vn -0.0952 0.9954 0.0143
vn 0.0775 0.9965 -0.0308
vn 0.1207 0.9915 0.0489
vn -0.0281 0.9968 -0.0745
vn 0.0744 0.9629 -0.2594
vn 0.0431 0.9689 -0.2437
vn 0.0646 0.9726 -0.2233
vn 0.0069 0.9996 0.0279
vn -0.0032 0.9946 0.1034
vn 0.0768 0.9956 0.0536
vn -0.1782 0.9840 -0.0064
vn -0.0468 0.9850 -0.1660
vn 0.0660 0.9907 -0.1194
vn 0.0561 0.9729 -0.2244
vn -0.2587 0.9552 -0.1437
vn -0.0591 0.9806 -0.1867
vn -0.0083 0.9358 -0.3525
vn 0.0243 0.9935 -0.1114
vn -0.1469 0.9840 -0.1013
vn -0.1618 0.9863 -0.0332
vn 0.0818 0.9761 -0.2014
vn 0.0407 0.9790 -0.2000
vn -0.2667 0.9008 -0.3426
vn -0.5793 0.7923 -0.1916
vn -0.0461 0.9481 -0.3146
vn -0.0953 0.9143 -0.3937
vn 0.0993 0.9598 -0.2627
vn -0.1890 0.9393 -0.2865
vn -0.2999 0.8811 -0.3656
vn -0.0188 0.9789 -0.2037
vn -0.0729 0.9589 -0.2742
vn -0.1792 0.7781 -0.6020
vn -0.5328 0.6519 -0.5395
vn -0.5134 0.7839 -0.3491
vn -0.0014 0.7699 -0.6382
vn -0.1777 0.7910 -0.5854
vn 0.0104 0.9473 -0.3201
vn -0.3558 0.6042 -0.7130
vn -0.3041 0.7331 -0.6083
vn -0.0443 0.9386 -0.3422
vn -0.0625 0.9758 -0.2094
vn -0.2080 0.9597 -0.1890
vn -0.3601 0.7996 -0.4807
vn -0.7536 0.2297 -0.6159
vn -0.5065 0.3449 -0.7903
vn 0.0561 0.7893 -0.6114
vn -0.0413 0.8141 -0.5793
vn -0.2476 0.8625 -0.4414
vn -0.3400 0.5453 -0.7662
vn -0.4043 0.5960 -0.6938
vn 0.0801 0.8782 -0.4716
vn -0.0411 0.8056 -0.5910
vn -0.0898 0.9111 -0.4023
vn -0.5034 0.8202 -0.2719
vn -0.9081 0.3805 -0.1750
vn -0.7378 0.2174 -0.6391
vn -0.3501 0.2772 -0.8947
vn 0.3381 0.7055 -0.6229
vn 0.1111 0.8810 -0.4599
vn 0.0140 0.9500 -0.3120
vn -0.2733 0.9143 -0.2988
vn -0.3981 0.8378 -0.3736
vn 0.0326 0.6854 -0.7274
vn 0.0215 0.6851 -0.7281
vn -0.1317 0.7015 -0.7004
vn -0.4520 0.3512 -0.8200
vn -0.9053 -0.0038 -0.4248
vn -0.8856 0.3654 -0.2866
vn -0.4509 0.7774 -0.4386
vn -0.2937 0.6510 -0.7000
vn 0.4810 0.3260 -0.8139
vn 0.1736 0.5459 -0.8196
vn 0.2057 0.7757 -0.5966
vn 0.0068 0.9342 -0.3568
vn -0.4660 0.8705 -0.1582
vn -0.2588 0.7773 -0.5735
vn -0.0254 0.6646 -0.7467
vn -0.0689 0.6213 -0.7806
vn -0.3494 0.4866 -0.8007
vn -0.7015 0.2825 -0.6543
vn -0.8972 0.3768 -0.2301
vn -0.5471 0.7717 -0.3243
vn -0.2810 0.8790 -0.3851
vn 0.6875 0.0197 -0.7259
vn 0.1596 0.0294 -0.9868
vn 0.3280 0.2594 -0.9084
vn 0.1777 0.2233 -0.9584
vn -0.5005 0.2370 -0.8326
vn -0.5094 0.8031 -0.3092
vn -0.1106 0.9541 -0.2783
vn -0.0567 0.8014 -0.5954
vn -0.2533 0.5759 -0.7773
vn -0.3826 0.6946 -0.6093
vn -0.6367 0.6812 -0.3613
vn -0.6392 0.7370 -0.2197
vn -0.5035 0.7880 -0.3543
vn -0.4456 0.5642 -0.6951
vn 0.2017 0.9655 -0.1649
vn 0.0577 0.9881 -0.1425
vn 0.0512 0.9971 -0.0561
vn -0.0672 0.9765 0.2046
vn -0.1585 0.9633 0.2166
vn -0.2503 0.9681 0.0121
vn -0.1762 0.9571 -0.2300
vn 0.0402 0.9797 -0.1966
vn -0.1623 0.9652 -0.2049
vn -0.2845 0.9117 -0.2964
vn -0.2686 0.8689 -0.4157
vn -0.3998 0.8057 -0.4370
vn -0.2911 0.7362 -0.6110
vn -0.1349 0.6512 -0.7469
vn -0.3287 0.3683 -0.8697
vn 0.0326 0.9989 0.0340
vn -0.1466 0.9879 -0.0514
vn -0.1561 0.9472 0.2800
vn -0.2482 0.9666 0.0640
vn -0.3761 0.9200 0.1099
vn -0.1655 0.9706 0.1746
vn -0.0988 0.9748 0.2001
vn -0.1670 0.9755 0.1429
vn -0.2499 0.9673 0.0429
vn -0.1094 0.9936 -0.0273
vn 0.0505 0.9959 0.0751
vn 0.1160 0.9745 0.1921
vn 0.0111 0.9805 0.1963
vn -0.0909 0.9940 -0.0614
vn -0.2274 0.8906 0.3939
vn -0.0305 0.9935 -0.1101
vn -0.0445 0.9957 0.0809
vn 0.0627 0.9758 0.2093
vn 0.0690 0.9851 0.1574
vn -0.0962 0.9743 0.2035
vn -0.1364 0.7925 0.5944
vn -0.0615 0.9885 -0.1380
vn -0.1617 0.9867 0.0179
vn -0.1791 0.9753 0.1292
vn -0.1102 0.9768 0.1835
vn -0.0706 0.9720 0.2241
vn -0.1661 0.8432 0.5113
vn -0.1370 0.8305 0.5399
vn -0.1268 0.9736 -0.1896
vn -0.1308 0.9913 -0.0114
vn -0.1399 0.9825 0.1226
vn -0.2466 0.9629 0.1092
vn -0.2313 0.9411 0.2467
vn -0.1715 0.8944 0.4132
vn -0.1858 0.7648 0.6169
vn -0.0961 0.9670 0.2360
vn -0.2009 0.9444 -0.2603
vn -0.3017 0.9375 -0.1734
vn -0.2767 0.9600 0.0415
vn -0.2037 0.9575 0.2044
vn -0.1782 0.9743 0.1375
vn -0.2328 0.9026 0.3622
vn -0.2929 0.7076 0.6431
vn -0.1988 0.9206 0.3360
vn -0.1704 0.9840 0.0514
vn -0.3194 0.8229 -0.4699
vn -0.3340 0.9371 -0.1013
vn -0.4832 0.8693 -0.1039
vn -0.5318 0.8168 0.2234
vn -0.6115 0.7682 0.1896
vn -0.6930 0.6479 0.3161
vn -0.4465 0.6601 0.6040
vn -0.3278 0.8023 0.4988
vn -0.1762 0.9792 0.1008
vn -0.2219 0.9747 0.0284
vn -0.4421 0.6537 -0.6143
vn -0.3849 0.8824 -0.2707
vn -0.3984 0.9172 0.0109
vn -0.5640 0.8205 0.0928
vn -0.7073 0.5707 0.4172
vn -0.9452 0.2274 0.2341
vn -0.8488 0.4038 0.3413
vn -0.3398 0.8556 0.3906
vn -0.3905 0.8433 0.3691
vn -0.6559 0.7464 0.1127
vn -0.5464 0.8371 -0.0276
vn -0.4326 0.8160 -0.3834
vn -0.7884 0.2937 -0.5404
vn -0.9056 0.4005 -0.1395
vn -0.5433 0.8396 0.0030
vn -0.3604 0.8970 0.2560
vn -0.5937 0.6831 0.4252
vn -0.7222 0.6659 0.1871
vn -0.5634 0.8197 0.1033
vn -0.5470 0.7442 0.3834
vn -0.5947 0.6579 0.4621
vn -0.6883 0.7252 0.0188
vn -0.5633 0.8253 -0.0392
vn -0.2791 0.9130 -0.2975
vn -0.5704 0.7579 -0.3166
vn -0.8443 0.4616 -0.2721
vn -0.8195 0.5690 -0.0682
vn -0.7412 0.6394 -0.2042
vn -0.4658 0.7968 0.3849
vn -0.2631 0.9110 0.3174
vn -0.4086 0.9056 0.1133
vn -0.6957 0.6809 0.2287
vn -0.5492 0.7670 0.3318
vn -0.3340 0.9177 0.2151
vn -0.3435 0.9385 -0.0351
vn -0.3739 0.9274 0.0095
vn -0.5522 0.5320 -0.6420
vn -0.4943 0.6881 -0.5312
vn -0.6738 0.7368 -0.0556
vn -0.7094 0.6680 0.2249
vn -0.9094 0.2788 -0.3086
vn -0.8312 0.5552 0.0305
vn -0.4073 0.8350 0.3701
vn -0.2072 0.9610 0.1833
vn -0.3059 0.8961 0.3216
vn -0.7022 0.6163 0.3565
vn -0.9006 0.3099 0.3049
vn -0.9103 0.3789 0.1665
vn -0.8127 0.5689 -0.1258
vn -0.6198 0.2852 -0.7311
vn -0.6851 0.3186 -0.6551
vn -0.9065 0.2460 -0.3432
vn -0.8903 0.3401 0.3027
vn -0.8503 0.5262 -0.0129
vn -0.6410 0.6998 -0.3153
vn -0.5455 0.8315 0.1049
vn -0.3885 0.9065 0.1651
vn -0.6639 0.5290 0.5286
vn -0.5016 0.5050 0.7024
vn -0.8408 0.3050 0.4474
vn -0.9401 0.2432 0.2388
vn -0.8613 0.5078 -0.0175
vn -0.8102 0.5671 -0.1481
vn 0.0915 0.9716 -0.2182
vn 0.0726 0.9948 0.0717
vn -0.0317 0.9372 0.3475
vn -0.0520 0.9480 0.3140
vn 0.0303 0.9971 0.0703
vn -0.1982 0.8655 0.4601
vn -0.2016 0.6486 0.7339
vn -0.0456 0.8870 0.4596
vn -0.0889 0.9636 0.2521
vn -0.0337 0.9990 0.0306
vn -0.1678 0.9829 0.0759
vn -0.1219 0.9436 0.3078
vn -0.2385 0.9311 0.2760
vn -0.3927 0.8995 0.1917
vn -0.3349 0.9373 0.0964
vn 0.1847 0.9795 0.0807
vn -0.0008 0.9241 0.3822
vn -0.0134 0.9804 0.1964
vn 0.0454 0.9250 0.3773
vn -0.1500 0.9472 0.2835
vn 0.0135 0.9811 0.1931
vn 0.0972 0.9915 0.0864
vn 0.0460 0.9751 0.2171
vn -0.1978 0.9371 0.2875
vn 0.1135 0.9851 0.1296
vn -0.1127 0.9425 0.3147
vn 0.1370 0.9433 0.3025
vn -0.0152 0.9690 0.2465
vn -0.2316 0.9548 0.1863
vn 0.1014 0.9840 0.1467
vn -0.4844 0.6935 0.5333
vn -0.0809 0.8789 0.4701
vn -0.0040 0.9621 0.2728
vn -0.0943 0.9924 -0.0793
vn -0.0199 0.9967 0.0792
vn 0.4578 0.6280 0.6293
vn -0.4040 0.8285 0.3877
vn -0.2395 0.9379 0.2509
vn -0.1132 0.9703 0.2137
vn -0.1785 0.9738 -0.1412
vn 0.0924 0.9940 0.0592
vn 0.5341 0.7961 0.2845
vn 0.3825 0.8195 0.4266
vn -0.0987 0.9915 0.0850
vn -0.2940 0.9558 0.0092
vn -0.1180 0.9906 0.0696
vn -0.2339 0.9605 -0.1510
vn 0.0700 0.9837 0.1653
vn 0.3117 0.8946 0.3203
vn 0.3085 0.9497 0.0534
vn -0.0381 0.9992 -0.0119
vn -0.0348 0.9988 0.0355
vn -0.2592 0.9658 0.0090
vn -0.2597 0.9655 -0.0184
vn -0.3316 0.9413 -0.0632
vn 0.0006 0.9963 0.0860
vn 0.2637 0.8953 0.3591
vn 0.1578 0.8749 0.4578
vn 0.0080 0.8902 0.4554
vn 0.0158 0.8184 0.5745
vn -0.0530 0.9707 0.2345
vn -0.1519 0.9794 0.1330
vn -0.2988 0.9485 0.1049
vn -0.4339 0.9006 0.0273
vn -0.2384 0.9591 0.1525
vn 0.2926 0.7653 0.5734
vn 0.3312 0.8532 0.4028
vn 0.0823 0.7887 0.6092
vn 0.0107 0.8968 0.4423
vn 0.0513 0.9254 0.3755
vn -0.0683 0.7752 0.6280
vn -0.3551 0.7807 0.5141
vn -0.3502 0.8916 0.2870
vn -0.4674 0.8803 0.0808
vn -0.2748 0.9517 0.1370
vn 0.0744 0.9114 0.4048
vn 0.4023 0.7603 0.5100
vn 0.2783 0.8813 0.3820
vn -0.0180 0.9286 0.3707
vn -0.1192 0.8065 0.5791
vn 0.1824 0.8601 0.4764
vn 0.0094 0.8835 0.4684
vn -0.2743 0.7932 0.5437
vn -0.3745 0.9064 0.1953
vn -0.4143 0.9037 0.1079
vn -0.5165 0.7768 0.3604
vn -0.1164 0.6523 0.7490
vn 0.1832 0.5227 0.8326
vn 0.4472 0.4604 0.7668
vn 0.1989 0.5995 0.7753
vn -0.1620 0.7900 0.5913
vn -0.0657 0.1694 0.9834
vn 0.3122 0.1417 0.9394
vn -0.0797 0.9567 0.2798
vn -0.1625 0.9401 0.2995
vn -0.1582 0.9847 0.0734
vn -0.2159 0.9764 -0.0024
vn -0.3765 0.9195 0.1126
vn -0.1236 0.7076 0.6957
vn 0.0396 0.2839 0.9580
vn 0.2920 0.2331 0.9276
vn 0.3592 0.2334 0.9036
vn -0.1388 0.5211 0.8422
vn 0.1285 0.3330 0.9341
vn 0.0783 0.3624 0.9287
vn 0.2867 0.5072 0.8127
vn -0.0972 0.9883 0.1174
vn -0.1390 0.9497 0.2807
vn -0.2078 0.9258 0.3159
vn -0.7023 0.6070 0.3719
vn -0.5807 0.5041 0.6393
vn -0.2009 0.6281 0.7518
vn 0.2590 0.5037 0.8241
vn 0.0884 0.3391 0.9366
vn 0.4308 0.2337 0.8716
vn 0.1427 0.4003 0.9052
vn -0.1128 -0.0722 0.9910
vn -0.0895 0.1199 0.9887
vn -0.1924 0.7709 0.6073
vn -0.7926 0.3328 0.5110
vn -0.2793 0.6316 0.7232
vn 0.0639 0.7252 0.6855
vn -0.4820 0.4752 0.7361
vn -0.8062 0.0011 0.5917
vn -0.3580 0.0034 0.9337
vn 0.0766 0.0023 0.9971
vn 0.1057 -0.0774 0.9914
vn 0.1728 -0.0974 0.9801
vn 0.3512 -0.2801 0.8934
vn 0.0879 -0.2187 0.9718
vn -0.1757 -0.1450 0.9737
vn -0.5000 0.3199 0.8048
vn -0.1767 0.2391 0.9548
vn 0.2720 0.9622 0.0140
vn 0.2334 0.9711 -0.0494
vn 0.0974 0.9904 0.0982
vn 0.2317 0.9109 0.3414
vn 0.2499 0.9650 0.0795
vn 0.3783 0.8873 0.2638
vn 0.1394 0.8283 0.5426
vn -0.1731 0.9848 -0.0118
vn 0.0331 0.8549 0.5177
vn -0.0267 0.8184 0.5740
vn 0.0835 0.8180 0.5691
vn 0.4927 0.1563 0.8561
vn 0.4902 0.3729 0.7878
vn 0.3668 0.9024 0.2262
vn 0.1835 0.9829 -0.0127
vn -0.0589 0.9935 -0.0977
vn -0.0621 0.9744 -0.2159
vn 0.1060 0.9581 0.2659
vn 0.0907 0.9933 0.0718
vn 0.1718 0.9605 -0.2188
vn 0.0879 0.9364 0.3396
vn 0.1083 0.9525 0.2847
vn 0.3064 0.9492 0.0720
vn 0.2843 0.9543 -0.0920
vn 0.0735 0.9923 0.1000
vn 0.0582 0.9590 0.2774
vn 0.3123 0.9386 0.1467
vn 0.4241 0.9003 0.0981
vn 0.1915 0.9758 0.1051
vn 0.1468 0.9690 0.1987
vn 0.0504 0.9760 0.2119
vn 0.1745 0.9772 0.1208
vn 0.3494 0.9366 0.0252
vn 0.2926 0.9422 0.1629
vn 0.3719 0.9129 0.1680
vn -0.1244 0.9919 0.0247
vn 0.0815 0.9884 0.1282
vn 0.2087 0.9368 0.2808
vn 0.4027 0.9151 0.0179
vn 0.4167 0.9065 0.0678
vn 0.2773 0.9329 0.2300
vn 0.4325 0.8995 -0.0621
vn 0.3807 0.8759 0.2966
vn 0.2754 0.9611 0.0192
vn 0.2036 0.9628 0.1776
vn 0.2947 0.9506 0.0974
vn 0.3460 0.9377 0.0302
vn 0.2235 0.9716 0.0774
vn 0.0839 0.9940 0.0701
vn 0.1871 0.9716 -0.1449
vn 0.3275 0.8556 0.4009
vn 0.4431 0.8707 0.2134
vn 0.2553 0.9629 0.0878
vn 0.2125 0.9674 0.1376
vn 0.3096 0.9361 0.1670
vn 0.1345 0.9885 0.0689
vn 0.0357 0.9987 0.0350
vn 0.4545 0.8816 -0.1274
vn 0.4705 0.8768 -0.0992
vn 0.1078 0.8403 0.5313
vn 0.1817 0.9687 0.1691
vn 0.1599 0.9858 0.0505
vn 0.2649 0.9637 0.0341
vn 0.4547 0.8792 0.1424
vn 0.6056 0.6670 0.4339
vn 0.5917 0.6050 0.5328
vn 0.8441 0.5030 0.1855
vn 0.8715 0.4882 -0.0464
vn 0.8698 0.4755 -0.1321
vn 0.2934 0.3272 0.8982
vn 0.3725 0.4661 0.8025
vn 0.4313 0.8115 0.3943
vn 0.2032 0.9576 0.2044
vn 0.4082 0.9014 -0.1447
vn 0.5951 0.7981 0.0944
vn 0.8454 0.2925 0.4469
vn 0.8105 -0.1777 0.5581
vn 0.9479 -0.2855 0.1411
vn 0.8172 0.4887 0.3057
vn 0.6465 0.7127 -0.2722
vn 0.3871 -0.0925 0.9174
vn 0.4649 -0.3936 0.7931
vn 0.5711 -0.0417 0.8198
vn 0.5208 0.2063 0.8284
vn 0.8124 0.3889 0.4345
vn 0.8381 0.5454 -0.0126
vn 0.7596 0.6489 0.0445
vn 0.8057 0.4697 0.3610
vn 0.9696 -0.0854 0.2291
vn 0.8584 0.2357 0.4556
vn 0.3306 0.8665 0.3740
vn 0.1964 0.9798 0.0375
vn 0.6054 0.3585 0.7106
vn 0.6473 0.0591 0.7599
vn 0.2960 -0.0242 0.9549
vn 0.4053 0.2917 0.8664
vn 0.6552 0.2307 0.7194
vn 0.9024 0.4285 0.0453
vn 0.6075 0.7849 0.1219
vn 0.5032 0.8608 -0.0760
vn 0.3330 0.9424 0.0320
vn 0.7686 0.6393 -0.0207
vn 0.1559 0.9019 0.4028
vn 0.1821 0.9497 0.2549
vn 0.4142 0.9102 0.0054
vn 0.3979 0.8819 0.2528
vn 0.4075 0.8414 0.3551
vn 0.2177 0.7035 0.6766
vn -0.0951 0.7233 0.6839
vn 0.1804 0.9010 0.3945
vn 0.4060 0.9093 0.0912
vn 0.2857 0.9543 0.0879
vn 0.1923 0.9723 0.1326
vn 0.1707 0.9841 -0.0490
vn 0.2129 0.9725 -0.0948
vn 0.1299 0.9915 0.0022
vn 0.1360 0.9330 0.3332
vn 0.6175 0.7734 0.1433
vn 0.8340 0.3594 -0.4187
vn 0.6651 0.7463 -0.0253
vn 0.8851 0.2468 -0.3946
vn 0.7033 0.5522 -0.4477
vn 0.6628 0.6241 -0.4138
vn 0.7348 0.5780 -0.3549
vn 0.4475 0.8787 0.1664
vn 0.7930 0.6056 0.0664
vn 0.5819 0.7796 0.2316
vn 0.5394 0.7992 0.2654
vn 0.4443 0.8932 0.0696
vn 0.6334 0.7524 0.1808
vn 0.7552 0.5493 -0.3578
vn 0.7358 0.6769 -0.0187
vn 0.8801 -0.1474 -0.4513
vn 0.8301 0.3046 -0.4670
vn 0.8837 -0.2888 -0.3684
vn 0.7739 0.1370 -0.6183
vn 0.6487 -0.7219 -0.2411
vn 0.8971 0.2866 -0.3363
vn 0.8312 -0.5484 -0.0921
vn 0.8810 -0.4260 -0.2057
vn 0.9425 -0.2920 0.1625
vn 0.6280 -0.7480 -0.2146
vn 0.8568 -0.3160 -0.4075
vn 0.7508 -0.4466 -0.4867
vn 0.3931 -0.8557 -0.3364
vn 0.5965 -0.7821 -0.1806
vn 0.7254 -0.6555 -0.2100
vn 0.8869 0.4538 -0.0864
vn 0.7521 0.5515 0.3609
vn 0.7327 0.6119 0.2978
vn 0.4553 0.8626 0.2203
vn 0.7407 0.6658 0.0898
vn 0.7221 0.6917 0.0003
vn 0.3884 0.9183 0.0764
vn 0.6772 0.7315 -0.0792
vn 0.6473 0.7071 -0.2845
vn 0.5880 0.2871 -0.7562
vn 0.8983 0.3497 -0.2659
vn 0.3200 0.9420 -0.1011
vn 0.3274 0.9308 -0.1625
vn 0.2860 0.8836 -0.3706
vn 0.8066 0.2400 -0.5402
vn 0.7841 0.2778 -0.5549
vn 0.6629 0.5028 -0.5548
vn 0.3819 0.6205 -0.6849
vn 0.2448 0.9140 -0.3236
vn 0.2880 0.8924 -0.3475
vn 0.5718 0.1251 -0.8108
vn 0.7259 0.4672 -0.5048
vn 0.5140 0.7421 -0.4303
vn 0.6134 0.3337 -0.7158
vn 0.5439 0.6160 -0.5699
vn 0.1260 0.8543 -0.5043
vn 0.5934 0.4376 -0.6756
vn 0.8637 0.2499 -0.4377
vn 0.9224 0.2746 -0.2716
vn 0.7782 0.6128 -0.1376
vn 0.3399 0.8826 -0.3249
vn 0.5697 0.5390 -0.6205
vn 0.2512 0.9049 -0.3435
vn 0.7084 0.6839 -0.1745
vn 0.8624 0.3396 -0.3755
vn 0.4533 0.7321 -0.5085
vn 0.9649 0.1195 -0.2337
vn 0.7889 0.5591 -0.2551
vn 0.3117 0.8589 -0.4065
vn 0.5014 0.5910 -0.6319
vn 0.6588 0.4805 -0.5788
vn 0.5956 0.4088 -0.6914
vn 0.4896 0.6126 -0.6205
vn 0.4727 0.4205 -0.7744
vn 0.7340 0.4574 -0.5019
vn 0.7255 -0.6267 -0.2843
vn 0.8945 0.0065 -0.4470
vn 0.3736 0.8218 -0.4301
vn 0.1879 0.9268 -0.3250
vn 0.2634 0.8116 -0.5215
vn 0.4496 0.0819 -0.8895
vn 0.5371 0.3088 -0.7850
vn 0.7263 0.3782 -0.5739
vn 0.8782 0.4069 -0.2513
vn 0.6459 0.4041 -0.6477
vn 0.8059 -0.5525 -0.2127
vn 0.5954 -0.7191 -0.3584
vn 0.6705 0.2162 -0.7098
vn 0.3465 0.7234 -0.5972
vn 0.2226 0.9312 -0.2887
vn 0.2857 0.8737 -0.3936
vn 0.6914 0.0752 -0.7185
vn 0.6173 0.1639 -0.7694
vn 0.4904 0.4688 -0.7347
vn 0.1009 0.6727 -0.7330
vn -0.0276 -0.1504 -0.9882
vn 0.8012 -0.3882 -0.4554
vn 0.7611 -0.3385 -0.5533
vn 0.6010 -0.2689 -0.7527
vn 0.4581 0.2207 -0.8611
vn 0.3789 0.2630 -0.8873
vn 0.1014 0.8019 -0.5888
vn 0.1669 0.8440 -0.5097
vn 0.2126 0.1372 -0.9675
vn 0.4222 -0.4302 -0.7979
vn 0.5205 0.6944 -0.4969
vn 0.1377 0.6532 -0.7445
vn 0.4754 0.1687 -0.8634
vn 0.5444 -0.7673 -0.3389
vn 0.6386 -0.5942 -0.4890
vn 0.5676 -0.5789 -0.5855
vn 0.4932 0.5572 -0.6681
vn 0.0782 0.4048 -0.9111
vn -0.0688 0.2346 -0.9697
vn 0.1011 0.7563 -0.6464
vn 0.0909 0.7409 -0.6655
vn 0.5198 -0.1676 -0.8377
vn 0.7593 -0.0067 -0.6507
vn 0.0814 0.8979 -0.4326
vn -0.0244 0.8889 -0.4575
vn 0.4774 0.1379 -0.8678
vn 0.3809 -0.8238 -0.4197
vn 0.3006 -0.6367 -0.7101
vn 0.1797 -0.8098 -0.5585
vn 0.4887 -0.3280 -0.8085
vn 0.1903 0.6470 -0.7384
vn 0.2092 0.4994 -0.8407
vn 0.3510 0.6755 -0.6484
vn 0.2519 0.8083 -0.5322
vn 0.6796 0.3968 -0.6171
vn 0.7670 -0.5291 -0.3631
vn 0.5425 0.4557 -0.7057
vn -0.1152 0.8890 -0.4433
vn 0.4345 0.5373 -0.7229
vn 0.6409 0.3188 -0.6983
vn 0.5441 0.6206 -0.5647
vn 0.5670 0.4410 -0.6957
vn 0.7593 -0.0610 -0.6478
vn 0.2710 0.9167 -0.2937
vn 0.6612 0.0098 -0.7502
vn 0.3340 0.5209 -0.7856
vn 0.5716 0.6807 -0.4581
vn -0.0075 0.0176 -0.9998
vn 0.1996 0.4430 -0.8740
vn -0.1423 -0.0593 -0.9880
vn 0.1208 0.1392 -0.9829
vn 0.0685 0.1887 -0.9796
vn 0.4600 -0.0794 -0.8844
vn 0.4731 -0.2891 -0.8322
vn 0.4717 -0.0820 -0.8779
vn 0.1289 -0.0247 -0.9913
vn -0.0513 -0.0093 -0.9986
vn -0.2891 -0.3342 -0.8971
vn -0.3402 -0.6258 -0.7019
vn 0.0288 0.4289 -0.9029
vn -0.2505 0.3075 -0.9180
vn 0.0353 -0.2030 -0.9785
vn -0.0027 0.5237 -0.8519
vn -0.0511 -0.7511 -0.6582
vn -0.2807 -0.6014 -0.7480
vn -0.0127 0.1104 -0.9938
vn -0.3746 0.0046 -0.9272
vn -0.1470 0.3812 -0.9127
vn 0.4696 0.1792 -0.8645
vn 0.5021 0.6007 -0.6221
vn 0.2215 0.3483 -0.9108
vn 0.1578 0.3058 -0.9389
vn 0.0273 0.6828 -0.7301
vn 0.2156 -0.0440 -0.9755
vn 0.1494 0.4904 -0.8586
vn 0.0661 0.6175 -0.7838
vn 0.2327 0.4732 -0.8497
vn -0.1054 -0.0495 -0.9932
vn 0.4523 0.2149 -0.8656
vn 0.3698 0.7380 -0.5645
vn 0.4240 0.6977 -0.5774
vn 0.0285 0.9301 -0.3662
vn -0.5105 0.5753 -0.6391
vn 0.1611 -0.4382 -0.8843
vn 0.1714 0.4691 -0.8663
vn -0.0307 0.1890 -0.9815
vn -0.4580 0.4566 -0.7627
vn -0.3903 0.8523 -0.3482
vn -0.2155 0.9039 -0.3695
vn -0.0381 -0.2401 -0.9700
vn 0.1197 -0.0798 -0.9896
vn -0.3112 0.7107 -0.6310
vn -0.7538 0.4502 -0.4787
vn -0.7823 0.2018 -0.5893
vn -0.6155 0.3844 -0.6880
vn -0.5959 0.5357 -0.5982
vn -0.1548 -0.6128 -0.7749
vn -0.0255 -0.8259 -0.5632
vn -0.3513 0.0719 -0.9335
vn -0.3884 0.8748 -0.2895
vn -0.5395 0.4941 -0.6818
vn -0.5445 0.5872 -0.5990
vn -0.7161 0.0862 -0.6926
vn -0.4384 0.1876 -0.8790
vn -0.0966 -0.1066 -0.9896
vn 0.0487 -0.6244 -0.7796
vn -0.3786 -0.7569 -0.5327
vn -0.8509 0.0710 -0.5206
vn -0.4155 0.7776 -0.4719
vn -0.5892 0.4532 -0.6690
vn -0.5490 0.6854 -0.4784
vn -0.5809 -0.0712 -0.8109
vn -0.4263 -0.0635 -0.9023
vn 0.0438 0.5115 -0.8582
vn -0.1691 -0.0127 -0.9855
vn -0.6683 -0.1138 -0.7351
vn -0.8813 -0.1717 -0.4402
vn -0.8673 -0.0310 -0.4969
vn -0.8438 0.3510 -0.4060
vn -0.7883 0.3872 -0.4782
vn -0.7405 0.3667 -0.5632
vn -0.5978 -0.3399 -0.7260
vn -0.5413 0.0179 -0.8406
vn -0.5593 -0.1419 -0.8167
vn -0.8027 0.0051 -0.5963
vn -0.8516 -0.2882 -0.4379
vn -0.9034 0.1416 -0.4048
vn -0.8239 -0.1914 -0.5335
vn -0.8912 -0.1669 -0.4219
vn -0.9200 -0.0280 -0.3909
vn -0.8922 0.1047 -0.4393
vn -0.7536 -0.4873 -0.4411
vn -0.4510 -0.7611 -0.4663
vn -0.8584 -0.1815 -0.4798
vn -0.7238 0.0824 -0.6851
vn -0.7500 -0.2804 -0.5991
vn -0.8603 0.1032 -0.4992
vn -0.8254 -0.4237 -0.3731
vn -0.6777 0.0753 -0.7315
vn -0.8017 0.3845 -0.4577
vn -0.8749 -0.2252 -0.4288
vn -0.8903 0.0444 -0.4533
vn -0.8878 0.3021 -0.3472
vn -0.5609 -0.2892 -0.7757
vn -0.2434 -0.6719 -0.6995
vn -0.7094 0.2379 -0.6635
vn -0.5562 0.1584 -0.8158
vn -0.6068 0.2134 -0.7657
vn -0.4282 0.5939 -0.6811
vn -0.6727 0.0922 -0.7342
vn -0.3385 -0.6474 -0.6829
vn -0.6223 0.3310 -0.7094
vn -0.6633 0.2788 -0.6945
vn -0.6456 0.1848 -0.7410
vn -0.6242 0.5412 -0.5635
vn -0.1980 0.3611 -0.9113
vn -0.0420 -0.5014 -0.8642
vn -0.3606 0.2882 -0.8871
vn -0.4546 0.6312 -0.6284
vn -0.9223 0.1632 -0.3503
vn -0.7767 -0.2907 -0.5588
vn -0.5326 -0.2576 -0.8062
vn -0.6915 0.5138 -0.5078
vn -0.5622 -0.0910 -0.8220
vn -0.7648 -0.1131 -0.6343
vn -0.4783 0.5090 -0.7157
vn -0.2478 0.5262 -0.8135
vn -0.3993 0.3892 -0.8301
vn -0.0411 0.6033 -0.7964
vn -0.0924 0.0772 -0.9927
vn -0.1219 0.1369 -0.9831
vn -0.2405 0.7963 -0.5551
vn -0.3813 0.7581 -0.5291
vn -0.1543 0.8972 -0.4139
vn -0.8852 0.1797 -0.4290
vn -0.5044 0.6807 -0.5312
vn -0.9088 -0.0665 -0.4119
vn -0.9030 -0.2294 -0.3632
vn -0.3645 0.8479 -0.3849
vn -0.8390 0.2199 -0.4978
vn -0.7388 0.5216 -0.4267
vn -0.4180 0.8688 -0.2655
vn -0.9707 -0.2403 -0.0071
vn -0.9277 0.3687 0.0589
vn -0.9336 -0.2440 0.2625
vn -0.9574 -0.2538 -0.1379
vn -0.9924 0.1071 -0.0612
vn -0.8001 -0.5123 -0.3122
vn -0.8402 0.5259 0.1319
vn -0.8877 -0.3959 0.2350
vn -0.8853 0.2114 0.4142
vn -0.9608 0.0810 0.2652
vn -0.9368 -0.3184 0.1452
vn -0.5990 0.7989 0.0543
vn -0.9767 -0.1858 -0.1074
vn -0.9591 0.0329 -0.2810
vn -0.9861 -0.0987 -0.1334
vn -0.6149 -0.7852 -0.0736
vn -0.9489 -0.2168 0.2293
vn -0.7851 -0.5674 0.2483
vn -0.4053 -0.8770 0.2581
vn -0.7743 0.1158 -0.6221
vn -0.7313 -0.4483 -0.5141
vn -0.7910 0.0524 -0.6095
vn -0.8704 0.1491 -0.4693
vn -0.9173 -0.3299 -0.2231
vn -0.9891 0.1234 0.0803
vn -0.6177 0.7528 -0.2277
vn -0.9128 0.2308 -0.3368
vn -0.9749 0.0722 -0.2104
vn -0.8142 0.5728 0.0945
vn -0.8427 -0.2226 -0.4903
vn -0.4713 0.6764 -0.5660
vn -0.4446 0.7692 -0.4589
vn -0.6388 0.7354 -0.2263
vn -0.6759 0.6663 -0.3150
vn -0.6474 -0.6295 -0.4297
vn -0.8123 -0.0804 -0.5777
vn -0.8366 0.4771 -0.2693
vn -0.7573 0.6374 -0.1422
vn -0.6033 0.7555 -0.2554
vn -0.7334 0.6452 -0.2140
vn -0.5425 -0.8166 -0.1973
vn -0.6536 -0.6926 -0.3051
vn -0.9275 0.3217 -0.1901
vn -0.9531 0.1652 -0.2534
vn -0.6235 0.7175 -0.3105
vn -0.6791 0.7303 -0.0748
vn -0.6695 0.7412 0.0494
vn -0.4800 -0.8771 -0.0194
vn -0.3930 -0.9129 -0.1099
vn -0.9547 -0.2799 -0.1013
vn -0.9831 -0.1652 -0.0786
vn -0.9825 0.1353 0.1282
vn -0.5850 0.7144 0.3839
vn -0.8026 0.4188 0.4248
vn -0.6697 0.6244 0.4019
vn -0.9886 -0.1492 0.0200
vn -0.4945 -0.8488 -0.1871
vn -0.4987 -0.8663 -0.0297
vn -0.7175 -0.6501 0.2500
vn -0.6634 -0.5775 0.4758
vn -0.7301 0.0682 0.6799
vn -0.8357 0.1258 0.5347
vn -0.6851 0.5461 0.4822
vn -0.5155 0.4502 0.7291
vn -0.8688 0.4205 -0.2612
vn -0.7383 -0.4531 -0.4997
vn -0.6136 -0.7482 -0.2525
vn -0.9250 -0.3678 0.0953
vn -0.9070 0.0083 0.4211
vn -0.8609 -0.1628 0.4821
vn -0.8869 -0.0568 0.4585
vn -0.8145 0.0956 0.5723
vn -0.4225 0.7459 0.5150
vn -0.5053 0.6323 0.5873
vn -0.9844 0.0843 -0.1542
vn -0.6695 0.6177 -0.4126
vn -0.8484 -0.0848 -0.5225
vn -0.9354 -0.2823 -0.2131
vn -0.9436 0.3138 0.1051
vn -0.8360 0.5175 0.1825
vn -0.8508 0.4643 0.2461
vn -0.8219 0.3308 0.4637
vn -0.7791 0.2677 0.5669
vn -0.4402 0.7880 0.4304
vn -0.6421 0.7110 0.2866
vn -0.5431 -0.8337 0.0996
vn -0.9162 -0.3007 -0.2651
vn -0.9606 0.1854 -0.2071
vn -0.9536 0.2939 -0.0653
vn -0.9840 0.0731 0.1622
vn -0.9363 0.1848 0.2985
vn -0.9135 0.2791 0.2961
vn -0.7809 0.5002 0.3743
vn -0.6685 0.4965 0.5537
vn -0.6814 0.4115 0.6053
vn -0.7402 0.5748 0.3489
vn -0.6256 0.7795 -0.0317
vn -0.6456 -0.7281 0.2304
vn -0.5109 -0.8336 0.2100
vn -0.4630 -0.8635 0.1999
vn -0.8488 -0.3699 0.3778
vn -0.9292 0.0594 0.3647
vn -0.8685 0.3727 0.3268
vn -0.9328 0.1902 0.3060
vn -0.8393 0.3383 0.4256
vn -0.5523 0.7198 0.4206
vn -0.6166 0.6829 0.3918
vn -0.8984 0.3452 0.2715
vn -0.9941 0.0719 -0.0812
vn -0.8054 0.5892 -0.0655
vn -0.5015 -0.8603 -0.0912
vn -0.8431 -0.5288 0.0979
vn -0.7949 -0.5556 0.2440
vn -0.5701 -0.8088 0.1443
vn -0.5260 -0.8482 0.0631
vn -0.9858 -0.0707 0.1525
vn -0.7960 0.5918 0.1274
vn -0.7423 0.6631 0.0960
vn -0.5594 0.8238 0.0917
vn -0.5698 0.8218 -0.0057
vn -0.5347 0.8450 0.0116
vn -0.9446 0.2943 0.1454
vn -0.9675 -0.2256 0.1147
vn -0.8780 0.4786 0.0046
vn -0.8666 0.1457 0.4773
vn -0.7947 0.1095 0.5970
vn -0.7813 0.0444 0.6225
vn -0.6062 -0.3405 0.7187
vn -0.8065 -0.0642 0.5877
vn -0.2402 -0.4072 0.8812
vn -0.3539 -0.5929 0.7234
vn -0.2975 -0.6501 0.6991
vn -0.5913 -0.4405 0.6756
vn -0.6112 0.0490 0.7900
vn -0.6155 -0.5140 0.5975
vn -0.6743 0.0320 0.7378
vn -0.7931 -0.0535 0.6067
vn -0.4192 -0.7382 0.5285
vn -0.8175 -0.3124 0.4839
vn -0.3036 -0.8944 0.3285
vn -0.5558 -0.7672 0.3200
vn -0.5606 -0.7793 0.2802
vn -0.6137 -0.7736 0.1576
vn -0.9400 -0.1969 0.2785
vn -0.6031 -0.7920 0.0944
vn -0.6919 0.5129 0.5082
vn -0.8619 -0.1623 0.4805
vn -0.5565 0.2366 0.7964
vn -0.6248 -0.1529 0.7657
vn 0.1254 -0.1369 0.9826
vn -0.1387 -0.4115 0.9008
vn -0.0346 -0.7784 0.6268
vn -0.7163 -0.1586 0.6795
vn -0.4786 -0.2119 0.8521
vn -0.1167 0.1748 0.9777
vn -0.4482 -0.5725 0.6866
vn -0.3908 0.1394 0.9098
vn -0.0406 0.6611 0.7492
vn -0.5775 -0.4315 0.6930
vn -0.5671 -0.3176 0.7600
vn -0.2592 0.3732 0.8908
vn -0.4706 0.4659 0.7493
vn -0.6757 -0.3816 0.6307
vn -0.4848 -0.2615 0.8346
vn -0.0712 0.2222 0.9724
vn -0.2443 -0.0402 0.9689
vn -0.5449 -0.0500 0.8370
vn -0.8423 0.0399 0.5376
vn -0.6659 0.2144 0.7146
vn -0.3759 0.3534 0.8566
vn -0.3865 0.4598 0.7995
vn -0.5420 -0.1889 0.8189
vn -0.1972 -0.3588 0.9123
vn -0.8201 -0.3816 0.4264
vn -0.6885 0.5018 0.5236
vn -0.2287 0.4418 0.8675
vn -0.2595 0.1189 0.9584
vn -0.2880 0.4131 0.8639
vn 0.0840 0.4405 0.8938
vn 0.2690 -0.2549 0.9288
vn -0.7789 -0.5791 0.2405
vn -0.6724 0.2062 0.7109
vn 0.0737 0.7160 0.6942
vn 0.2025 -0.1289 0.9707
vn -0.1153 -0.4646 0.8780
vn 0.1939 0.4304 0.8816
vn 0.4117 -0.0886 0.9070
vn 0.0575 -0.4326 0.8997
vn -0.6991 -0.6445 0.3095
vn -0.3869 -0.0176 0.9219
vn 0.1874 0.7238 0.6641
vn -0.1964 0.3969 0.8966
vn -0.4365 -0.3637 0.8229
vn 0.1059 0.1955 0.9750
vn 0.2491 0.6050 0.7563
vn 0.0733 -0.0022 0.9973
vn 0.2405 -0.5126 0.8243
vn -0.3821 -0.8848 0.2666
vn -0.0962 -0.4353 0.8951
vn 0.2826 0.1488 0.9476
vn 0.2085 0.3179 0.9249
vn -0.4182 0.7194 0.5546
vn -0.2028 0.6077 0.7678
vn -0.1301 0.8893 0.4384
vn -0.2056 0.9204 0.3325
vn -0.0098 0.4719 0.8816
vn 0.0652 -0.0176 0.9977
vn -0.5780 -0.5137 0.6340
vn -0.0319 -0.4034 0.9144
vn 0.3744 0.4369 0.8179
vn -0.1241 -0.0338 0.9917
vn -0.5553 -0.3684 0.7456
vn -0.3497 0.2392 0.9058
vn -0.3862 0.7776 0.4962
vn -0.5435 0.6901 0.4779
vn -0.2325 0.9051 0.3560
vn -0.0468 0.9600 0.2761
vn 0.0521 0.4032 0.9136
vn -0.3413 -0.7770 0.5289
vn -0.0360 -0.6404 0.7672
vn -0.1613 0.2719 0.9487
vn -0.3843 0.7544 0.5321
vn -0.5406 -0.1065 0.8345
vn -0.4597 -0.3503 0.8160
vn -0.5534 0.6076 0.5698
vn -0.4614 0.7499 0.4741
vn -0.1034 0.8663 0.4886
vn 0.1773 0.9315 0.3175
vn 0.0263 0.9603 0.2778
vn -0.3662 0.6726 0.6430
vn -0.2598 -0.6327 0.7295
vn -0.1903 -0.8899 0.4145
vn -0.6725 -0.4477 0.5894
vn -0.6148 0.0870 0.7839
vn -0.4537 0.6167 0.6433
vn -0.7150 -0.1364 0.6857
vn -0.7033 0.0205 0.7106
vn -0.4412 0.3336 0.8331
vn -0.1093 0.9410 0.3201
vn 0.1670 0.9316 0.3228
vn 0.1207 0.9186 0.3763
vn -0.1488 0.8297 0.5380
vn -0.3121 0.3541 0.8816
vn -0.2344 -0.6184 0.7501
vn -0.3283 -0.5897 0.7379
vn -0.5680 -0.5823 0.5816
vn -0.3202 -0.7285 0.6056
vn -0.3616 0.1552 0.9193
vn -0.6159 0.3521 0.7048
vn -0.4146 -0.1649 0.8949
vn -0.1431 -0.2894 0.9464
vn 0.1549 0.1329 0.9789
vn 0.4387 0.7854 0.4367
vn 0.1805 0.9257 0.3323
vn 0.1703 0.8284 0.5335
vn 0.0055 0.7029 0.7113
vn -0.0135 0.2180 0.9758
vn 0.4460 -0.2670 0.8543
vn -0.0228 -0.0331 0.9992
vn -0.0430 0.4214 0.9059
vn -0.1853 0.0084 0.9827
vn 0.2140 0.3521 0.9112
vn 0.1787 0.3921 0.9024
vn 0.3186 0.4367 0.8413
vn 0.1274 0.3869 0.9133
vn -0.1301 0.5616 0.8171
vn -0.0395 0.4368 0.8987
vn -0.1251 0.1282 0.9838
vn 0.1220 0.8027 0.5837
vn 0.2786 -0.0539 0.9589
vn 0.6759 -0.0443 0.7357
vn 0.6037 0.5610 0.5663
vn 0.3814 -0.7935 0.4741
vn 0.4820 -0.2170 0.8489
vn 0.2870 -0.8976 0.3347
vn 0.3757 -0.5466 0.7484
vn 0.4905 -0.6661 0.5619
vn 0.4957 -0.8047 0.3268
vn 0.7050 -0.3907 0.5918
vn 0.8195 -0.4426 0.3641
vn 0.2553 -0.9642 0.0716
vn 0.6444 -0.7566 0.1114
vn 0.3392 -0.9380 0.0717
vn 0.4688 -0.8816 0.0543
vn 0.1574 -0.9088 0.3863
vn 0.3999 0.8392 0.3686
vn 0.5156 0.7612 0.3934
vn 0.2744 0.9470 0.1671
vn 0.1820 0.8973 0.4021
vn 0.3005 0.9203 0.2505
vn 0.1297 0.6911 0.7110
vn 0.0796 0.8881 0.4527
vn 0.1968 0.9564 0.2159
vn 0.0864 0.5589 0.8247
vn -0.0186 0.4977 0.8672
vn 0.4392 0.1984 0.8762
vn 0.0913 0.9615 0.2591
vn -0.0763 0.7918 0.6059
vn -0.0231 0.5882 0.8084
vn 0.1387 0.9551 0.2620
vn 0.5040 -0.0655 0.8612
vn 0.4001 0.1316 0.9070
vn 0.1360 0.9104 0.3907
vn 0.1212 0.6989 0.7049
vn 0.2093 0.8629 0.4601
vn 0.2342 0.9721 0.0089
vn 0.3692 0.1955 0.9086
vn 0.5212 -0.2368 0.8199
vn 0.6197 0.2886 0.7299
vn 0.3453 0.6338 0.6922
vn 0.3951 0.7378 0.5474
vn 0.3604 0.9318 -0.0422
vn 0.2812 0.9403 0.1917
vn 0.7128 -0.1916 0.6747
vn 0.6952 -0.1341 0.7062
vn 0.6187 -0.1793 0.7649
vn 0.5364 0.4991 0.6806
vn 0.8103 0.3602 0.4622
vn 0.4019 0.9150 -0.0356
vn 0.4257 0.8885 0.1713
vn 0.4061 0.8965 0.1771
vn 0.5051 -0.8365 0.2127
vn 0.6001 -0.7180 0.3526
vn 0.5684 -0.6557 0.4969
vn 0.8867 -0.0038 0.4623
vn 0.9539 0.2956 0.0518
vn 0.9207 0.3510 -0.1705
vn 0.6770 0.7352 -0.0335
vn 0.7847 0.6199 -0.0011
vn 0.5668 0.8179 -0.0988
vn 0.3786 -0.8587 0.3454
vn 0.6135 -0.5125 0.6008
vn 0.6732 -0.6989 0.2416
vn 0.6639 -0.7478 -0.0064
vn 0.9844 -0.0673 -0.1626
vn 0.9162 0.0881 -0.3910
vn 0.9746 -0.0270 -0.2223
vn 0.8596 0.5085 -0.0498
vn 0.7541 0.6306 0.1837
vn 0.3914 0.9136 0.1100
vn 0.3125 -0.9319 0.1843
vn 0.5845 -0.5641 0.5832
vn 0.9395 -0.3019 0.1616
vn 0.9869 -0.1584 0.0313
vn 0.9755 -0.0610 0.2115
vn 0.8510 0.5079 -0.1333
vn 0.9956 -0.0052 -0.0932
vn 0.8738 -0.4676 0.1334
vn 0.9446 0.1826 0.2726
vn 0.8186 0.5153 0.2535
vn 0.2146 0.9690 0.1226
vn 0.4921 -0.8112 0.3159
vn 0.3349 -0.8758 0.3475
vn 0.8156 -0.3841 0.4326
vn 0.7518 0.0062 0.6593
vn 0.6127 0.3995 0.6819
vn 0.7319 0.6705 0.1215
vn 0.6102 0.7870 -0.0910
vn 0.9848 -0.0787 0.1546
vn 0.8290 -0.5286 0.1824
vn 0.8898 -0.3959 0.2272
vn 0.9162 0.2967 0.2693
vn 0.5464 0.7950 0.2634
vn 0.2749 -0.7072 0.6513
vn 0.1499 -0.8940 0.4222
vn 0.5520 -0.5431 0.6327
vn 0.5517 -0.3493 0.7574
vn 0.8347 0.2816 0.4733
vn 0.7541 0.6515 -0.0828
vn 0.6405 0.7545 -0.1431
vn 0.8135 0.5410 0.2135
vn 0.8739 -0.0449 0.4841
vn 0.8759 -0.0646 0.4781
vn 0.9060 -0.0626 0.4187
vn 0.9229 0.3825 0.0436
vn 0.9331 0.1069 -0.3433
vn 0.3194 -0.6381 0.7006
vn 0.2629 -0.9053 0.3335
vn 0.8373 -0.4638 0.2894
vn 0.7894 -0.5800 0.2009
vn 0.9158 -0.3997 0.0390
vn 0.9408 0.2196 -0.2582
vn 0.5703 0.8176 0.0788
vn 0.5767 0.7450 0.3353
vn 0.5926 0.4858 0.6425
vn 0.6105 0.3795 0.6951
vn 0.6894 0.3984 0.6049
vn 0.6321 0.7340 0.2485
vn 0.7237 0.5820 -0.3709
vn 0.9730 0.2283 -0.0348
vn 0.5453 0.7230 -0.4242
vn 0.5041 0.8263 -0.2512
vn 0.2520 0.8352 -0.4887
vn 0.5564 -0.0769 -0.8273
vn 0.7231 -0.2107 -0.6578
vn 0.4039 0.7730 -0.4893
vn 0.2915 0.7748 -0.5610
vn 0.3583 0.7589 -0.5438
vn 0.1800 0.6403 -0.7467
vn 0.1585 -0.3759 -0.9130
vn 0.1950 -0.9102 -0.3654
vn 0.1185 -0.8522 -0.5095
vn -0.0000 -0.8762 -0.4819
vn -0.0263 -0.9657 -0.2582
vn 0.2128 0.9504 -0.2268
vn 0.4619 0.6914 -0.5555
vn 0.5616 0.4826 -0.6720
vn 0.4341 -0.2115 -0.8757
vn 0.6051 -0.3858 -0.6964
vn 0.5616 -0.3681 -0.7410
vn 0.4200 -0.4424 -0.7924
vn 0.4896 -0.1787 -0.8534
vn 0.6913 -0.1633 -0.7039
vn 0.4194 -0.2189 -0.8810
vn 0.4805 0.2944 -0.8261
vn 0.3347 0.5110 -0.7918
vn 0.4928 -0.1794 -0.8514
vn 0.5517 -0.3301 -0.7659
vn 0.2922 -0.2775 -0.9152
vn 0.2726 0.8539 -0.4433
vn 0.1285 0.7653 -0.6307
vn 0.2118 0.4525 -0.8663
vn 0.3012 -0.0678 -0.9512
vn 0.2666 -0.7865 -0.5570
vn 0.1972 -0.4001 -0.8950
vn 0.3969 0.8173 -0.4178
vn 0.1300 0.8295 -0.5432
vn 0.0638 0.6331 -0.7714
vn 0.0812 0.8145 -0.5745
vn 0.2176 0.6182 -0.7553
vn 0.2826 0.0378 -0.9585
vn 0.5345 -0.0066 -0.8452
vn 0.4980 0.6391 -0.5861
vn 0.4579 0.1621 -0.8741
vn -0.0085 0.0967 -0.9953
vn 0.3573 0.4933 -0.7931
vn 0.2067 0.6255 -0.7523
vn 0.0724 0.7995 -0.5963
vn 0.1858 0.8559 -0.4826
vn -0.1485 0.3238 -0.9344
vn 0.2960 -0.4126 -0.8615
vn 0.6695 -0.4399 -0.5985
vn 0.0990 -0.7538 -0.6496
vn 0.1545 -0.6303 -0.7608
vn 0.5692 -0.1813 -0.8019
vn 0.1991 0.1750 -0.9642
vn 0.1391 0.0938 -0.9858
vn -0.0052 -0.2114 -0.9774
vn -0.1948 -0.5500 -0.8122
vn 0.0483 -0.8732 -0.4849
vn 0.5455 -0.7296 -0.4124
vn 0.4849 -0.4656 -0.7403
vn 0.3061 -0.1748 -0.9358
vn 0.5050 -0.0616 -0.8609
vn 0.4503 0.0334 -0.8922
vn -0.0315 -0.2948 -0.9550
vn -0.1191 -0.7876 -0.6045
vn -0.1629 -0.6701 -0.7241
vn 0.2147 -0.4804 -0.8504
vn 0.0857 -0.9249 -0.3706
vn 0.4663 -0.8362 -0.2885
vn 0.8239 -0.1022 -0.5575
vn 0.4544 -0.0239 -0.8905
vn 0.4653 0.0242 -0.8848
vn 0.5176 -0.2026 -0.8313
vn 0.1296 -0.3737 -0.9184
vn -0.2283 -0.3570 -0.9058
vn -0.3981 -0.5577 -0.7284
vn 0.1859 -0.6928 -0.6968
vn 0.1131 -0.6409 -0.7593
vn -0.0122 -0.9534 -0.3013
vn 0.6337 -0.6686 -0.3892
vn 0.8858 -0.3931 -0.2466
vn 0.5531 -0.4950 -0.6701
vn 0.4268 -0.5986 -0.6778
vn 0.2454 -0.7282 -0.6399
vn 0.1485 -0.8781 -0.4549
vn -0.1577 -0.7509 -0.6413
vn -0.3154 -0.6253 -0.7138
vn 0.1055 -0.6222 -0.7757
vn 0.2001 -0.4249 -0.8828
vn 0.1722 -0.2743 -0.9461
vn -0.0052 -0.9699 -0.2435
vn 0.3925 -0.8591 -0.3286
vn 0.9495 -0.2678 -0.1636
vn 0.6067 -0.7085 -0.3605
vn 0.1984 -0.9217 -0.3333
vn 0.2784 -0.8387 -0.4681
vn 0.0511 -0.8967 -0.4397
vn -0.0949 -0.9439 -0.3162
vn -0.1534 -0.9674 -0.2016
vn 0.0327 -0.9447 -0.3264
vn 0.4344 -0.5802 -0.6889
vn 0.1187 -0.6152 -0.7794
vn 0.1757 -0.4140 -0.8932
vn 0.0780 -0.9856 -0.1501
vn 0.2249 -0.9563 -0.1866
vn 0.6097 -0.7926 -0.0079
vn 0.6111 -0.7470 -0.2618
vn 0.0516 -0.9810 -0.1869
vn 0.1047 -0.9890 -0.1042
vn 0.1021 -0.9817 -0.1608
vn -0.0536 -0.9530 -0.2983
vn -0.4383 -0.6842 -0.5829
vn 0.0790 -0.8539 -0.5143
vn 0.3532 -0.8493 -0.3924
vn 0.1414 -0.8581 -0.4935
vn 0.0964 -0.9165 -0.3882
vn 0.0831 -0.9031 -0.4214
vn -0.4991 0.3950 -0.7713
vn -0.6201 0.0413 -0.7834
vn -0.1915 0.4069 -0.8932
vn 0.2055 0.5822 -0.7866
vn 0.1098 0.6313 -0.7678
vn -0.0692 0.6779 -0.7319
vn -0.2873 0.0576 -0.9561
vn -0.4974 0.2815 -0.8206
vn -0.5844 0.1710 -0.7933
vn -0.5526 0.3389 -0.7614
vn -0.8690 -0.3835 -0.3126
vn -0.6150 -0.7321 -0.2930
vn -0.9069 0.0013 -0.4213
vn -0.9590 0.0774 -0.2725
vn -0.6135 -0.6431 -0.4583
vn -0.7823 0.3206 -0.5341
vn -0.7913 0.4358 -0.4289
vn -0.2878 0.8774 -0.3839
vn -0.4646 0.8666 -0.1820
vn -0.3681 0.8592 -0.3554
vn -0.1959 0.3641 -0.9105
vn -0.7569 0.5489 -0.3547
vn -0.7000 0.6225 -0.3498
vn -0.8139 0.1961 -0.5469
vn 0.1495 -0.0041 -0.9888
vn -0.6351 -0.0350 -0.7716
vn -0.9630 -0.0425 -0.2662
vn -0.8277 -0.1713 -0.5344
vn -0.9562 -0.2329 -0.1772
vn 0.0604 0.1399 -0.9883
vn -0.2210 -0.3088 -0.9251
vn -0.8112 -0.3199 -0.4895
vn -0.8869 -0.0608 -0.4580
vn -0.9325 -0.2299 -0.2786
vn -0.9993 -0.0034 -0.0371
vn -0.1529 0.1094 -0.9822
vn -0.1421 -0.0152 -0.9897
vn -0.4623 -0.3962 -0.7933
vn -0.9049 -0.3618 -0.2242
vn -0.7954 -0.3946 -0.4601
vn -0.6191 -0.7606 -0.1953
vn -0.9475 0.1101 -0.3002
vn -0.4292 0.4799 -0.7652
vn -0.0240 -0.1098 -0.9937
vn -0.4224 -0.4085 -0.8091
vn -0.6717 -0.5594 -0.4857
vn -0.5413 -0.8352 0.0974
vn -0.3133 -0.9287 -0.1985
vn -0.4629 -0.5751 -0.6745
vn -0.9755 -0.0068 -0.2198
vn -0.6232 -0.0431 -0.7809
vn -0.3017 -0.0338 -0.9528
vn -0.3595 -0.3905 -0.8475
vn -0.4399 -0.7706 -0.4611
vn -0.7035 -0.7086 0.0540
vn -0.6763 -0.6663 -0.3142
vn -0.3241 -0.6076 -0.7251
vn -0.7127 -0.2890 -0.6392
vn -0.9248 -0.3187 0.2078
vn -0.5176 -0.4728 -0.7131
vn -0.4022 -0.6180 -0.6755
vn -0.1232 0.0343 -0.9918
vn -0.7970 -0.4518 -0.4008
vn -0.4871 -0.8717 -0.0545
vn -0.8874 -0.3787 -0.2628
vn -0.5752 0.0837 -0.8137
vn -0.4348 -0.0546 -0.8989
vn -0.9097 -0.3882 -0.1476
vn -0.9812 0.1053 0.1618
vn -0.5031 -0.8295 -0.2426
vn -0.2434 -0.6371 -0.7313
vn -0.1820 -0.2866 -0.9406
vn -0.6487 -0.3009 -0.6990
vn -0.7399 -0.6586 -0.1367
vn -0.8805 -0.4675 -0.0785
vn -0.6234 -0.2430 -0.7431
vn -0.4573 -0.3054 -0.8352
vn -0.7029 -0.3930 -0.5928
vn -0.9853 -0.0998 -0.1389
vn -0.9769 0.1264 0.1721
vn -0.9164 -0.2379 -0.3220
vn -0.6480 -0.5257 -0.5511
vn -0.1671 -0.4167 -0.8936
vn -0.1028 -0.5894 -0.8013
vn -0.8055 -0.3860 -0.4497
vn -0.9753 -0.2166 0.0443
vn -0.6547 -0.6642 -0.3609
vn -0.2918 -0.8690 -0.3997
vn -0.2292 -0.7983 -0.5570
vn -0.6518 -0.6464 -0.3966
vn -0.8635 -0.5036 -0.0264
vn -0.9102 -0.3991 0.1105
vn -0.8988 0.1614 -0.4076
vn -0.8926 0.3153 -0.3222
vn -0.5094 -0.0841 -0.8564
vn -0.1551 -0.2713 -0.9499
vn -0.5503 -0.1211 -0.8261
vn -0.9385 -0.2066 -0.2766
vn -0.9628 -0.2415 -0.1216
vn -0.7379 -0.5560 -0.3827
vn -0.3397 -0.8599 -0.3810
vn -0.3526 -0.6853 -0.6372
vn -0.6033 -0.7846 -0.1431
vn -0.6856 -0.7199 0.1087
vn -0.7807 -0.6119 0.1266
vn -0.8308 -0.4185 -0.3670
vn -0.8751 -0.3524 -0.3317
vn -0.8637 -0.1228 -0.4888
vn -0.3201 0.3782 -0.8686
vn -0.3045 -0.4890 -0.8174
vn -0.4894 -0.7799 -0.3902
vn -0.6673 -0.7285 0.1550
vn -0.7692 -0.5858 -0.2553
vn -0.5599 -0.8195 -0.1227
vn -0.1400 -0.9345 -0.3272
vn -0.1748 -0.9619 -0.2103
vn -0.3790 -0.9183 0.1140
vn -0.3959 -0.9151 0.0764
vn -0.4963 -0.6531 0.5720
vn -0.9317 -0.2188 0.2900
vn -0.9709 -0.0621 0.2314
vn -0.6122 0.7565 0.2302
vn -0.3789 0.9251 0.0260
vn -0.7641 0.6443 -0.0315
vn -0.8358 0.5384 0.1074
vn -0.9441 -0.0904 0.3170
vn -0.7601 -0.5220 0.3869
vn -0.5635 -0.7890 0.2448
vn -0.4620 -0.8866 -0.0243
vn -0.9199 -0.3585 0.1587
vn -0.9802 -0.1755 0.0922
vn -0.9368 -0.2867 -0.2005
vn -0.6470 -0.6441 -0.4082
vn -0.9245 -0.1446 0.3526
vn -0.6664 0.7118 0.2221
vn -0.7542 0.0664 0.6533
vn -0.3174 0.9157 0.2467
vn -0.5088 0.3951 0.7649
vn -0.3067 -0.4014 0.8630
vn -0.8083 0.4157 0.4170
vn -0.3434 0.5934 0.7280
vn -0.2323 0.0193 0.9725
vn -0.2114 0.0302 0.9769
vn -0.9548 -0.1828 0.2344
vn -0.6847 -0.1663 0.7096
vn -0.2333 0.2129 0.9488
vn -0.2154 0.5951 0.7742
vn -0.1210 0.4958 0.8599
vn -0.7881 -0.5442 0.2875
vn -0.5424 -0.7870 0.2940
vn -0.4449 -0.6069 0.6586
vn -0.2619 -0.3156 0.9120
vn -0.2398 -0.0952 0.9661
vn -0.3239 -0.6827 0.6550
vn -0.3669 -0.8587 0.3578
vn -0.3058 -0.9167 0.2572
vn -0.2617 -0.9385 0.2254
vn -0.2369 -0.9145 0.3279
vn -0.1375 -0.8855 0.4439
vn -0.1409 -0.7658 0.6275
vn -0.3447 -0.7403 0.5772
vn -0.5683 -0.5437 0.6176
vn -0.5493 -0.5188 0.6550
vn -0.2874 -0.8316 0.4753
vn -0.2303 -0.9204 0.3161
vn -0.2498 -0.9215 0.2975
vn -0.1401 -0.8822 0.4495
vn -0.2766 -0.8300 0.4844
vn -0.2120 -0.6072 0.7657
vn -0.5154 -0.7867 0.3398
vn -0.5218 -0.5636 0.6403
vn -0.4807 -0.6419 0.5974
vn -0.4619 -0.3911 0.7960
vn -0.6899 -0.2799 0.6677
vn -0.4182 -0.3847 0.8229
vn -0.7044 -0.2008 0.6808
vn -0.4067 0.2514 0.8783
vn -0.5743 -0.0055 0.8186
vn -0.6898 -0.5349 0.4878
vn -0.5051 -0.8040 0.3138
vn -0.2424 -0.9113 0.3328
vn -0.3656 -0.7059 0.6066
vn -0.8491 -0.0625 0.5245
vn -0.4945 0.1397 0.8579
vn -0.4733 -0.1703 0.8643
vn -0.8454 -0.0231 0.5336
vn -0.3416 0.5964 0.7264
vn -0.6702 0.5960 0.4422
vn -0.8068 -0.2477 0.5364
vn -0.8977 -0.1964 0.3943
vn -0.3478 -0.6338 0.6909
vn -0.4086 -0.8825 0.2329
vn -0.5052 -0.8615 0.0514
vn -0.7340 -0.4195 0.5341
vn -0.2060 -0.6203 0.7568
vn -0.7545 -0.4472 0.4804
vn -0.7418 -0.2484 0.6229
vn -0.7075 0.5871 0.3934
vn -0.5540 0.7433 0.3750
vn -0.8831 -0.2821 0.3750
vn -0.8704 -0.1865 0.4557
vn -0.6742 -0.2868 0.6806
vn -0.5226 -0.3863 0.7600
vn -0.9264 -0.3603 0.1095
vn -0.8704 -0.4513 0.1969
vn -0.3683 -0.5444 0.7536
vn -0.5639 -0.3703 0.7382
vn -0.7260 -0.6200 0.2975
vn -0.5704 -0.7815 0.2530
vn -0.9038 -0.2458 0.3503
vn -0.3692 -0.1817 0.9114
vn -0.9459 -0.3167 -0.0708
vn -0.8055 -0.1347 0.5771
vn -0.7268 -0.4598 0.5102
vn -0.3637 -0.3527 0.8622
vn -0.6931 -0.3196 0.6461
vn -0.8419 -0.5315 0.0933
vn -0.7020 -0.4664 0.5382
vn -0.2917 -0.6549 0.6972
vn -0.4930 -0.7787 0.3881
vn -0.5084 -0.7024 0.4982
vn -0.4590 -0.8515 0.2537
vn -0.1997 -0.9774 0.0688
vn 0.0729 -0.9538 0.2916
vn -0.5602 -0.7151 -0.4181
vn -0.7502 -0.6523 0.1082
vn -0.4845 -0.7232 0.4921
vn -0.3720 -0.5610 0.7395
vn -0.5093 -0.3753 0.7745
vn -0.2853 -0.8161 0.5026
vn -0.3785 -0.9248 -0.0381
vn -0.4753 -0.7703 0.4251
vn -0.5434 -0.3659 0.7555
vn -0.7771 -0.4250 0.4643
vn -0.6811 -0.0697 0.7289
vn -0.7013 -0.5769 0.4187
vn -0.3477 -0.8296 0.4369
vn -0.0874 -0.3938 0.9151
vn 0.4944 0.1322 0.8592
vn 0.4180 0.4203 0.8054
vn 0.3767 0.7123 0.5922
vn 0.3499 0.8510 0.3916
vn 0.6752 0.3581 0.6449
vn 0.4710 0.0550 0.8804
vn -0.0198 0.1259 0.9918
vn -0.1174 -0.2077 0.9711
vn -0.1894 -0.1734 0.9665
vn -0.3324 -0.5078 0.7948
vn -0.3489 -0.7984 0.4908
vn -0.3434 -0.8775 0.3348
vn -0.3914 -0.7195 0.5737
vn -0.4734 -0.8394 0.2671
vn 0.4317 0.2648 0.8623
vn 0.3617 0.8339 0.4170
vn -0.1639 0.7011 0.6940
vn 0.1670 0.9259 0.3388
vn 0.0816 0.9560 0.2819
vn 0.2984 0.8526 0.4290
vn 0.0654 0.8218 0.5660
vn 0.4437 0.5663 0.6946
vn 0.5379 0.4114 0.7358
vn 0.3956 0.7318 0.5549
vn 0.2485 0.5932 0.7657
vn 0.2085 0.6778 0.7051
vn 0.6665 0.1276 0.7345
vn 0.3517 0.5705 0.7422
vn 0.1115 0.8848 0.4524
vn 0.1826 0.4653 0.8661
vn 0.3557 0.1181 0.9271
vn 0.5276 -0.0146 0.8494
vn 0.2938 0.6560 0.6953
vn 0.2322 0.4274 0.8738
vn 0.4398 0.0342 0.8974
vn -0.0222 -0.2335 0.9721
vn 0.3273 -0.4611 0.8248
vn 0.2446 -0.8598 0.4482
vn 0.2916 -0.3850 0.8756
vn 0.0179 0.1487 0.9887
vn 0.5830 0.0017 0.8125
vn 0.7195 -0.5393 0.4375
vn 0.0256 -0.7477 0.6635
vn 0.1622 -0.7699 0.6172
vn 0.4863 -0.5419 0.6855
vn 0.1109 -0.1966 0.9742
vn 0.0142 -0.6312 0.7755
vn 0.3290 -0.2276 0.9165
vn 0.8640 -0.1672 0.4749
vn 0.4217 -0.8482 0.3205
vn 0.1309 -0.0672 0.9891
vn 0.4050 -0.4337 0.8049
vn 0.2410 -0.4520 0.8589
vn 0.2500 0.4613 0.8513
vn 0.1346 0.3810 0.9147
vn 0.1227 -0.1699 0.9778
vn 0.5095 -0.7688 0.3865
vn 0.7600 -0.5214 0.3880
vn 0.3814 -0.8345 0.3977
vn -0.2569 -0.3014 0.9182
vn 0.2363 -0.1928 0.9524
vn 0.2492 -0.2754 0.9284
vn -0.1096 0.3658 0.9242
vn 0.2325 0.5241 0.8193
vn 0.3228 0.3226 0.8898
vn 0.3375 0.2670 0.9027
vn 0.9470 0.2036 0.2483
vn 0.8624 -0.0592 0.5027
vn 0.5053 -0.7810 0.3670
vn -0.2726 -0.9213 0.2772
vn -0.1943 -0.9311 0.3088
vn 0.1604 -0.6969 0.6990
vn -0.1041 -0.3675 0.9242
vn 0.0246 -0.1947 0.9805
vn 0.4151 -0.1597 0.8957
vn 0.2966 -0.5171 0.8029
vn 0.7165 -0.2692 0.6435
vn 0.9566 0.0126 0.2910
vn 0.9437 -0.1176 0.3092
vn 0.6616 -0.7373 0.1369
vn -0.2009 -0.8620 0.4655
vn -0.4940 -0.4475 0.7455
vn -0.1719 -0.7702 0.6141
vn 0.0302 -0.7737 0.6329
vn -0.1784 -0.8829 0.4344
vn 0.0804 -0.8411 0.5348
vn 0.4136 -0.6897 0.5944
vn 0.5398 -0.6251 0.5639
vn 0.5255 -0.8108 0.2580
vn 0.8713 -0.4522 0.1908
vn 0.9483 -0.3022 0.0966
vn 0.7118 -0.7004 0.0529
vn -0.6060 -0.4384 0.6637
vn -0.2935 0.0852 0.9522
vn -0.2289 0.0180 0.9733
vn 0.2905 -0.5137 0.8073
vn 0.0585 -0.6684 0.7415
vn -0.3981 -0.5794 0.7112
vn 0.0736 -0.2763 0.9583
vn 0.8132 -0.0091 0.5819
vn 0.6078 -0.4441 0.6584
vn 0.7837 -0.4950 0.3751
vn 0.8341 -0.5516 0.0047
vn 0.7671 -0.6330 -0.1037
vn 0.6654 -0.7464 0.0128
vn -0.7867 0.0077 0.6173
vn -0.4311 0.1304 0.8928
vn -0.4512 -0.2283 0.8628
vn 0.3287 -0.5906 0.7370
vn 0.2053 -0.6043 0.7699
vn -0.2826 -0.2354 0.9299
vn -0.2223 -0.4519 0.8639
vn 0.4264 -0.2597 0.8665
vn 0.7574 0.2977 0.5812
vn 0.7687 -0.0607 0.6368
vn 0.9433 -0.3048 0.1316
vn 0.8441 -0.5352 -0.0320
vn 0.8814 -0.4580 0.1152
vn 0.9213 -0.3745 0.1047
vn 0.5416 0.8404 0.0180
vn 0.4466 0.8940 -0.0372
vn 0.7230 0.6300 0.2835
vn 0.5198 0.7376 0.4310
vn 0.6590 0.5287 0.5350
vn 0.6910 0.5747 0.4384
vn 0.8264 0.3945 0.4018
vn 0.8113 0.0913 0.5774
vn 0.8766 -0.4803 -0.0301
vn 0.7143 -0.6888 -0.1238
vn 0.4205 -0.9045 0.0705
vn 0.6774 -0.6452 0.3534
vn 0.4507 -0.7392 0.5004
vn 0.1745 -0.8772 0.4472
vn 0.8242 0.4496 -0.3444
vn 0.6980 0.6386 -0.3241
vn 0.4751 0.8558 -0.2049
vn 0.7245 0.6863 -0.0636
vn 0.6212 0.6733 -0.4009
vn 0.5026 0.8625 0.0598
vn 0.9537 0.1989 0.2258
vn 0.7794 0.5900 -0.2107
vn 0.6565 0.7398 -0.1477
vn 0.5222 0.7935 0.3127
vn 0.8792 -0.3122 0.3600
vn 0.9861 -0.1231 0.1113
vn 0.7257 0.6843 -0.0717
vn 0.7522 0.6126 0.2426
vn 0.7068 0.6830 0.1845
vn 0.9368 0.2210 0.2712
vn 0.9455 0.1568 0.2853
vn 0.9066 0.3290 0.2643
vn 0.5972 0.7841 0.1688
vn 0.7035 0.6733 0.2274
vn 0.9591 0.0721 -0.2738
vn 0.9427 -0.3309 0.0439
vn 0.9017 0.0063 0.4323
vn 0.9770 -0.0466 0.2083
vn 0.8732 -0.0082 0.4873
vn 0.9551 0.1313 0.2654
vn 0.9722 0.2313 -0.0373
vn 0.7440 -0.0046 -0.6682
vn 0.8783 -0.3932 0.2720
vn 0.9461 -0.1052 0.3063
vn 0.9518 -0.2480 0.1806
vn 0.9345 -0.1899 0.3011
vn 0.7993 -0.3666 0.4762
vn 0.9677 -0.1926 0.1625
vn 0.8773 0.0547 -0.4768
vn 0.6786 -0.3762 -0.6308
vn 0.5891 -0.7107 0.3845
vn 0.9023 -0.1109 0.4165
vn 0.9089 0.1424 0.3920
vn 0.9745 0.1717 0.1445
vn 0.8824 0.2223 0.4147
vn 0.9006 -0.2056 0.3830
vn 0.9240 -0.3682 -0.1028
vn 0.6213 -0.2793 -0.7321
vn 0.5491 -0.4790 -0.6849
vn 0.3864 -0.8986 0.2078
vn 0.5010 -0.5855 0.6373
vn 0.7396 -0.4306 0.5172
vn 0.9227 -0.0393 0.3834
vn 0.9640 0.1332 0.2299
vn 0.9332 -0.1764 0.3130
vn 0.7963 -0.5966 0.1001
vn 0.5068 -0.7721 -0.3835
vn 0.4876 -0.5415 -0.6848
vn 0.6319 -0.6226 -0.4615
vn 0.9396 -0.3001 0.1646
vn 0.5676 -0.1593 0.8077
vn 0.8070 -0.4454 0.3879
vn 0.4999 -0.7498 0.4335
vn 0.8135 -0.4270 0.3948
vn 0.7156 -0.6926 0.0913
vn 0.5941 -0.8009 0.0747
vn 0.2360 -0.9491 -0.2086
vn 0.2144 -0.9482 -0.2343
vn 0.3167 -0.8492 -0.4225
vn 0.7695 -0.6174 0.1634
vn 0.9129 -0.2820 0.2951
vn 0.7089 0.1802 0.6819
vn 0.9050 0.0295 0.4245
vn 0.9393 -0.2684 0.2137
vn 0.4876 -0.7616 0.4269
vn 0.5021 -0.8543 0.1345
vn 0.6054 -0.7959 -0.0053
vn 0.2536 -0.8745 -0.4134
vn 0.0926 -0.9820 -0.1644
vn 0.1404 -0.9790 -0.1479
vn 0.2848 -0.9585 0.0096
vn 0.6428 -0.7599 0.0962
vn 0.3527 -0.7427 0.5692
vn 0.7848 -0.3627 0.5025
vn 0.4282 -0.4672 0.7736
vn 0.8978 -0.3636 0.2485
vn 0.9654 0.0222 0.2599
vn 0.5331 -0.8233 0.1949
vn 0.4364 -0.8971 0.0687
vn 0.6004 -0.7181 -0.3520
vn 0.0973 -0.8939 -0.4376
vn 0.2366 -0.9436 -0.2317
vn 0.2197 -0.9753 0.0226
vn 0.2949 -0.9305 0.2173
vn 0.3886 -0.9126 -0.1273
vn 0.1041 -0.7890 0.6055
vn 0.6409 -0.5143 0.5698
vn 0.2923 -0.7963 0.5296
vn 0.1052 -0.9438 0.3133
vn 0.8493 -0.4857 0.2066
vn 0.5447 -0.8360 0.0664
vn 0.1771 -0.9837 -0.0325
vn 0.1334 -0.9868 -0.0922
vn 0.2371 -0.8320 -0.5015
vn 0.5436 -0.7032 -0.4583
vn 0.8099 -0.5542 -0.1920
vn 0.8333 -0.5345 0.1412
vn 0.5251 -0.8291 0.1920
vn 0.3653 -0.9101 -0.1958
vn 0.0060 -0.9274 -0.3740
vn 0.1581 -0.8055 -0.5711
vn 0.3725 -0.6421 -0.6700
vn 0.0737 -0.9824 -0.1717
vn 0.3026 -0.6654 -0.6824
vn 0.0385 -0.9958 -0.0826
vn 0.1264 -0.9551 -0.2679
vn 0.0701 -0.9760 -0.2064
vn 0.1406 -0.9735 -0.1806
vn 0.0344 -0.9763 -0.2139
vn 0.0653 -0.9764 -0.2057
vn 0.0266 -0.9988 -0.0401
vn 0.0635 -0.9949 -0.0779
vn 0.0211 -0.9980 -0.0603
vn 0.0020 -0.9992 -0.0409
vn 0.0287 -0.9991 -0.0296
vn 0.0095 -0.9981 -0.0602
vn 0.0813 -0.9959 -0.0392
vn 0.0724 -0.9959 -0.0540
vn 0.1065 -0.9924 -0.0619
vn 0.0976 -0.9945 -0.0369
vn 0.0800 -0.9964 -0.0287
vn 0.0956 -0.9942 -0.0489
vn 0.0296 -0.9994 0.0197
vn 0.0257 -0.9997 -0.0010
vn 0.0590 -0.9982 0.0069
vn 0.0328 -0.9995 0.0033
vn 0.0074 -1.0000 -0.0026
vn 0.1473 -0.9381 -0.3135
vn 0.1750 -0.9294 -0.3249
vn 0.3031 -0.9515 -0.0531
vn 0.1968 -0.9495 -0.2444
vn 0.2996 -0.9487 -0.1011
vn 0.4054 -0.9120 0.0625
vn 0.0990 -0.9933 -0.0603
vn 0.1875 -0.9753 -0.1164
vn 0.1287 -0.9914 0.0252
vn 0.0600 -0.9980 -0.0198
vn 0.1186 -0.9901 -0.0753
vn 0.1634 -0.9601 -0.2269
vn 0.0245 -0.9992 -0.0303
vn 0.0265 -0.9995 -0.0188
vn 0.0238 -0.9977 -0.0642
vn 0.0357 -0.9967 -0.0723
vn -0.0037 -0.9945 -0.1051
vn -0.0067 -0.9985 -0.0537
vn 0.0204 -0.9997 -0.0165
vn 0.0171 -0.9995 -0.0259
vn 0.0944 -0.9946 -0.0443
vn 0.0203 -0.9981 -0.0583
vn -0.0079 -0.9970 -0.0764
vn -0.0048 -0.9940 -0.1097
vn 0.0008 -0.9997 -0.0253
vn 0.0046 -1.0000 0.0030
vn 0.0393 -0.9992 -0.0033
vn 0.0399 -0.9961 -0.0791
vn 0.1171 -0.9859 -0.1197
vn 0.0445 -0.9956 -0.0829
vn 0.0123 -0.9980 -0.0616
vn 0.1552 -0.9733 -0.1691
vn 0.0812 -0.9964 -0.0225
vn 0.0403 -0.9992 0.0046
vn 0.0157 -0.9995 -0.0291
vn -0.3369 -0.7250 -0.6007
vn 0.1335 -0.9857 -0.1033
vn 0.0856 -0.9611 -0.2627
vn 0.0230 -0.9893 -0.1439
vn 0.1213 -0.9900 -0.0717
vn 0.1076 -0.9933 -0.0420
vn 0.0601 -0.9981 -0.0095
vn 0.0235 -0.9996 -0.0172
vn -0.3918 -0.6340 -0.6667
vn -0.1455 0.0805 -0.9861
vn 0.0476 -0.9979 -0.0450
vn 0.0326 -0.9760 -0.2155
vn 0.0975 -0.9409 -0.3243
vn 0.0773 -0.9960 -0.0455
vn 0.0739 -0.9971 -0.0167
vn 0.0847 -0.9961 -0.0255
vn 0.1100 -0.9918 -0.0650
vn 0.0226 -0.9974 -0.0683
vn 0.1558 -0.8373 -0.5240
vn 0.1731 -0.8815 -0.4392
vn 0.0015 -0.9977 -0.0671
vn -0.0132 -0.9989 -0.0455
vn 0.0298 -0.9906 -0.1338
vn 0.0483 -0.9977 -0.0470
vn 0.0661 -0.9978 -0.0042
vn 0.0492 -0.9987 -0.0160
vn 0.3207 -0.7090 -0.6281
vn -0.0157 -0.9944 -0.1047
vn -0.1797 -0.1190 -0.9765
vn -0.5298 -0.2715 -0.8035
vn 0.1522 -0.9624 -0.2250
vn -0.0344 -0.9975 -0.0615
vn -0.0458 -0.9972 -0.0588
vn -0.0579 -0.9952 -0.0791
vn -0.0368 -0.9968 -0.0707
vn 0.0284 -0.9996 0.0086
vn -0.0210 -0.9992 -0.0341
vn -0.0429 -0.9987 -0.0289
vn -0.0426 -0.9985 -0.0345
vn -0.4634 -0.7840 -0.4130
vn -0.4824 -0.7017 -0.5243
vn -0.0052 -0.9977 -0.0681
vn 0.0203 -0.9935 -0.1121
vn -0.0331 -0.9977 -0.0592
vn -0.0342 -0.9961 -0.0809
vn -0.0051 -0.9991 -0.0430
vn 0.0051 -0.9982 -0.0602
vn 0.0328 -0.9993 0.0159
vn -0.0149 -0.9954 -0.0951
vn -0.0409 -0.9888 -0.1437
vn -0.0025 -0.9997 -0.0251
vn -0.0554 -0.9873 -0.1491
vn -0.0422 -0.9311 -0.3622
vn 0.0099 -0.9989 -0.0455
vn 0.0440 -0.9976 -0.0526
vn 0.0639 -0.9639 -0.2587
vn -0.0412 -0.9987 -0.0286
vn -0.0155 -0.9984 -0.0537
vn 0.0236 -0.9991 -0.0362
vn 0.0226 -0.9960 -0.0859
vn 0.0099 -0.9995 -0.0294
vn -0.0279 -0.9994 -0.0199
vn -0.0264 -0.9968 -0.0758
vn -0.0069 -0.9993 -0.0355
vn -0.0054 -0.9997 -0.0259
vn 0.0005 -0.9111 -0.4122
vn -0.0169 -0.9463 -0.3229
vn -0.0056 -0.9995 -0.0303
vn -0.0053 -0.9997 -0.0251
vn 0.0682 -0.9801 -0.1864
vn -0.1807 -0.9819 -0.0573
vn 0.0043 -0.9996 -0.0270
vn 0.0076 -0.9966 -0.0816
vn -0.0217 -0.9907 -0.1344
vn -0.0218 -0.9987 -0.0467
vn -0.0228 -0.9996 -0.0173
vn -0.0437 -0.9986 -0.0300
vn -0.0667 -0.9977 -0.0095
vn -0.0425 -0.9991 0.0062
vn -0.0413 -0.9975 -0.0576
vn -0.0372 -0.9988 -0.0322
vn -0.0223 -0.9994 -0.0247
vn -0.0094 -0.9994 -0.0342
vn -0.0042 -0.9999 -0.0117
vn -0.3867 -0.9014 -0.1948
vn -0.0572 -0.9963 -0.0638
vn -0.8211 0.0300 -0.5699
vn 0.0269 -0.9955 -0.0909
vn -0.5596 -0.0893 -0.8240
vn -0.6414 0.2382 -0.7293
vn 0.0163 -0.9979 -0.0621
vn -0.0898 -0.9723 -0.2157
vn -0.5585 0.0148 -0.8294
vn -0.3796 -0.4401 -0.8138
vn -0.0023 -0.9999 -0.0153
vn 0.0157 -0.9994 -0.0321
vn -0.1828 -0.9699 -0.1608
vn -0.2976 -0.9454 -0.1331
vn -0.1083 -0.9928 -0.0516
vn -0.0029 -0.9996 -0.0289
vn 0.0258 -0.9991 -0.0351
vn -0.0542 -0.9976 -0.0427
vn -0.3068 -0.9506 -0.0466
vn -0.5892 -0.7951 -0.1434
vn -0.1653 -0.9844 0.0596
vn -0.0135 -0.9999 -0.0067
vn 0.0162 -0.9997 -0.0201
vn -0.0027 -1.0000 -0.0088
vn -0.1361 -0.9906 -0.0127
vn -0.8555 -0.5021 -0.1265
vn -0.9272 -0.3312 -0.1747
vn -0.3319 -0.9311 -0.1511
vn -0.0350 -0.9993 -0.0127
vn 0.0036 -1.0000 -0.0001
vn -0.0021 -0.9999 0.0109
vn -0.0333 -0.9994 0.0076
vn -0.0933 -0.9955 -0.0152
vn -0.2144 -0.9684 -0.1277
vn -0.3619 -0.8926 -0.2690
vn -0.3774 -0.9258 -0.0215
vn -0.0381 -0.9981 -0.0481
vn -0.0206 -0.9994 -0.0277
vn -0.0063 -1.0000 0.0009
vn -0.0035 -1.0000 0.0008
vn -0.0556 -0.9979 -0.0336
vn -0.1062 -0.9910 -0.0821
vn -0.9438 -0.1446 -0.2972
vn -0.9899 0.0734 -0.1214
vn -0.3567 -0.9262 -0.1224
vn -0.0468 -0.9986 -0.0261
vn -0.0469 -0.9983 -0.0335
vn -0.0503 -0.9978 -0.0438
vn -0.0000 -0.9997 -0.0226
vn -0.0066 -1.0000 -0.0041
vn -0.0587 -0.9967 -0.0568
vn -0.2074 -0.9744 -0.0862
vn -0.9536 0.0022 -0.3012
vn -0.9359 -0.1854 -0.2994
vn -0.0748 -0.9743 -0.2125
vn -0.0603 -0.9975 -0.0379
vn -0.0251 -0.9994 -0.0235
vn -0.0179 -0.9990 -0.0401
vn -0.0151 -0.9989 -0.0454
vn -0.0264 -0.9995 -0.0191
vn -0.0049 -0.9999 -0.0111
vn -0.1985 -0.9779 -0.0657
vn -0.9618 -0.2532 -0.1037
vn -0.9639 -0.1334 -0.2304
vn -0.1549 -0.9847 -0.0792
vn -0.1391 -0.9903 0.0033
vn -0.0343 -0.9966 -0.0755
vn -0.0555 -0.9940 -0.0938
vn -0.0175 -0.9973 -0.0706
vn -0.0182 -0.9982 -0.0577
vn -0.0380 -0.9979 -0.0531
vn -0.0271 -0.9984 -0.0490
vn -0.0251 -0.9996 -0.0148
vn -0.1809 -0.9821 -0.0532
vn -0.8981 0.0312 -0.4386
vn -0.9105 -0.2587 -0.3225
vn -0.2946 -0.9556 -0.0043
vn -0.3699 -0.9284 0.0352
vn 0.0144 -0.9992 -0.0362
vn -0.0367 -0.9965 -0.0750
vn -0.0359 -0.9954 -0.0884
vn -0.0296 -0.9980 -0.0563
vn -0.0367 -0.9987 -0.0360
vn -0.0399 -0.9981 -0.0475
vn -0.0395 -0.9992 0.0087
vn -0.0265 -0.9996 0.0081
vn -0.9680 -0.1392 -0.2089
vn -0.9220 0.0043 -0.3873
vn -0.1792 -0.9813 -0.0707
vn -0.3204 -0.9464 0.0398
vn -0.3972 -0.8510 0.3436
vn 0.0199 -0.9997 -0.0143
vn 0.0100 -0.9998 -0.0184
vn -0.0345 -0.9986 -0.0397
vn -0.0622 -0.9978 -0.0220
vn -0.0596 -0.9982 -0.0096
vn -0.0341 -0.9994 -0.0052
vn -0.2543 -0.9612 0.1072
vn -0.2141 -0.9696 0.1188
vn -0.0306 -0.9971 0.0695
vn -0.3961 -0.9182 0.0089
vn -0.3356 -0.9410 -0.0427
vn -0.7724 -0.6304 0.0775
vn -0.9399 -0.1466 0.3083
vn -0.8283 -0.4728 0.3006
vn -0.7125 -0.6627 -0.2304
vn -0.9705 -0.2181 -0.1024
vn -0.7129 -0.7004 -0.0357
vn -0.0942 -0.9944 0.0481
vn -0.0243 -0.9983 0.0537
vn -0.0683 -0.9970 0.0367
vn -0.2955 -0.9490 0.1098
vn -0.2050 -0.9779 0.0398
vn -0.0416 -0.9990 -0.0163
vn -0.0605 -0.9982 -0.0011
vn -0.0515 -0.9986 0.0131
vn -0.0133 -0.9998 0.0137
vn 0.0071 -0.9999 -0.0101
vn 0.0423 -0.9990 -0.0126
vn -0.5849 -0.6897 -0.4268
vn -0.3051 -0.9396 -0.1550
vn -0.4285 -0.9000 0.0795
vn -0.0992 -0.9950 -0.0126
vn -0.3260 -0.9438 -0.0545
vn -0.4291 -0.7179 0.5482
vn -0.0442 -0.9990 -0.0010
vn -0.7267 -0.6815 0.0867
vn -0.5407 -0.4985 0.6776
vn -0.4765 -0.4325 0.7654
vn -0.0296 -0.9996 0.0017
vn -0.0238 -0.9997 -0.0016
vn -0.0665 -0.9873 0.1445
vn -0.5976 -0.0266 0.8014
vn -0.3331 -0.4333 0.8375
vn -0.1061 -0.9944 0.0005
vn -0.0492 -0.9987 -0.0114
vn -0.0646 -0.9979 0.0109
vn -0.7398 -0.2371 0.6297
vn -0.4577 0.5740 0.6790
vn -0.7918 -0.3421 0.5059
vn -0.2249 -0.9736 0.0387
vn -0.1301 -0.9915 0.0014
vn -0.0693 -0.9972 -0.0294
vn -0.6885 -0.5260 0.4993
vn -0.3914 0.8808 0.2663
vn -0.8106 0.5499 0.2015
vn -0.9121 -0.4046 0.0655
vn -0.1400 -0.9895 0.0346
vn -0.1300 -0.9910 0.0328
vn -0.0672 -0.9975 -0.0203
vn -0.1032 -0.9943 0.0261
vn -0.8057 -0.1647 0.5689
vn -0.9251 0.0383 0.3778
vn -0.9302 -0.3122 0.1932
vn -0.7161 0.4439 0.5387
vn -0.0433 -0.9991 0.0029
vn -0.0723 -0.9965 0.0429
vn -0.0449 -0.9987 0.0237
vn -0.0349 -0.9994 0.0068
vn -0.0920 -0.9919 0.0875
vn -0.1671 -0.9820 0.0880
vn -0.7986 -0.4512 0.3984
vn -0.5024 -0.1661 0.8486
vn -0.7699 0.2177 0.5999
vn -0.0323 -0.9995 0.0069
vn -0.0606 -0.9977 0.0295
vn -0.0701 -0.9940 0.0844
vn -0.0072 -0.9999 0.0141
vn -0.0427 -0.9983 0.0397
vn -0.0837 -0.9921 0.0935
vn -0.1124 -0.9362 0.3330
vn -0.4981 -0.4154 0.7611
vn -0.8384 -0.0554 0.5422
vn -0.7022 -0.2808 0.6543
vn -0.0259 -0.9990 0.0375
vn -0.0095 -0.9999 0.0041
vn -0.1008 -0.9820 0.1596
vn -0.1683 -0.9627 0.2118
vn 0.0099 -0.9999 0.0098
vn 0.0119 -0.9945 0.1038
vn 0.0257 -0.9947 0.0998
vn -0.0770 -0.9883 0.1317
vn -0.5554 -0.1600 0.8161
vn -0.3875 0.0650 0.9196
vn -0.6170 -0.2526 0.7453
vn -0.0172 -0.9997 0.0155
vn -0.0358 -0.9993 0.0120
vn -0.0112 -0.9995 0.0291
vn -0.1651 -0.9646 0.2058
vn -0.1291 -0.9793 0.1561
vn -0.0060 -0.9966 0.0826
vn -0.0824 -0.9775 0.1940
vn 0.0088 -0.9951 0.0988
vn 0.0202 -0.9977 0.0645
vn -0.0718 -0.9880 0.1368
vn -0.4383 -0.8107 0.3881
vn -0.6559 -0.6138 0.4394
vn 0.0293 -0.9996 0.0020
vn 0.0037 -0.9999 0.0166
vn 0.0093 -0.9979 0.0637
vn 0.0172 -0.9977 0.0651
vn -0.0505 -0.9962 0.0712
vn -0.0338 -0.9989 0.0334
vn -0.1977 -0.9505 0.2397
vn -0.1788 -0.9411 0.2871
vn -0.0381 -0.9969 0.0687
vn -0.0453 -0.9985 0.0313
vn -0.2121 -0.9583 0.1916
vn -0.4644 -0.7756 0.4275
vn -0.4031 -0.1454 0.9035
vn 0.0434 -0.9991 -0.0022
vn 0.0560 -0.9983 0.0175
vn 0.0527 -0.9970 0.0562
vn 0.0327 -0.9970 0.0698
vn 0.0112 -0.9995 0.0290
vn -0.0053 -0.9987 0.0511
vn -0.0030 -0.9990 0.0448
vn -0.1790 -0.6527 0.7362
vn -0.1619 -0.7527 0.6381
vn -0.0426 -0.9986 0.0301
vn -0.0730 -0.9962 0.0480
vn -0.3716 -0.8327 0.4106
vn -0.4234 -0.0117 0.9059
vn -0.0774 0.2007 0.9766
vn 0.2213 -0.9557 -0.1939
vn 0.7010 -0.7014 0.1285
vn 0.9880 0.1414 -0.0626
vn 0.9029 0.3346 -0.2700
vn 0.8488 0.0928 -0.5205
vn 0.3354 -0.8973 -0.2870
vn 0.1940 -0.9793 -0.0572
vn 0.5331 -0.8244 -0.1900
vn 0.0683 -0.9955 0.0658
vn 0.1081 -0.9414 0.3196
vn 0.4523 -0.8196 0.3518
vn 0.1751 -0.9626 0.2067
vn 0.3633 -0.6658 0.6517
vn 0.5979 -0.1672 0.7839
vn 0.1774 -0.9657 -0.1898
vn 0.2989 -0.9540 0.0243
vn 0.0284 -0.9993 -0.0262
vn 0.8418 -0.4985 -0.2072
vn 0.0746 -0.9938 -0.0826
vn 0.1227 -0.9806 -0.1531
vn 0.9306 -0.1803 -0.3185
vn 0.0546 -0.9946 -0.0881
vn 0.1091 -0.9896 -0.0941
vn 0.1349 -0.9779 -0.1600
vn 0.6890 -0.5713 -0.4459
vn 0.2057 -0.9766 -0.0629
vn 0.0368 -0.9978 -0.0548
vn 0.0342 -0.9990 -0.0283
vn 0.0172 -0.9995 -0.0270
vn 0.8022 -0.4291 -0.4152
vn 0.1737 -0.9834 -0.0530
vn 0.0202 -0.9996 -0.0175
vn 0.0133 -0.9999 -0.0003
vn 0.0115 -0.9998 -0.0163
vn 0.0531 -0.9979 -0.0377
vn 0.8600 -0.5055 -0.0700
vn 0.9287 -0.2154 -0.3020
vn 0.0320 -0.9983 -0.0484
vn 0.0265 -0.9980 -0.0566
vn 0.0123 -0.9999 -0.0099
vn 0.0263 -0.9994 0.0218
vn 0.0420 -0.9991 0.0027
vn 0.8845 -0.4589 -0.0841
vn 0.1813 -0.9827 -0.0387
vn 0.0285 -0.9996 0.0055
vn 0.0482 -0.9982 -0.0351
vn 0.0088 -0.9987 -0.0498
vn -0.0071 -0.9998 -0.0161
vn 0.0604 -0.9982 -0.0019
vn 0.0841 -0.9962 -0.0216
vn 0.3602 -0.8802 0.3089
vn 0.1566 -0.9787 0.1325
vn 0.0258 -0.9997 0.0016
vn 0.0168 -0.9998 0.0087
vn -0.0013 -1.0000 -0.0023
vn -0.0031 -0.9997 -0.0244
vn 0.2164 -0.9713 -0.0990
vn 0.1513 -0.9866 -0.0607
vn 0.0900 -0.9940 -0.0616
vn 0.6796 0.2885 0.6744
vn 0.8436 0.1339 0.5200
vn 0.2683 -0.9527 0.1427
vn 0.0292 -0.9995 -0.0094
vn 0.0141 -0.9998 -0.0169
vn 0.0184 -0.9997 -0.0141
vn 0.1413 -0.9860 -0.0891
vn 0.1923 -0.9729 -0.1282
vn 0.0640 -0.9969 -0.0458
vn 0.0651 -0.9973 -0.0338
vn 0.9049 -0.1169 0.4092
vn 0.4734 0.8540 0.2157
vn 0.8110 -0.3582 0.4626
vn 0.0539 -0.9985 -0.0046
vn 0.0280 -0.9996 -0.0092
vn 0.0130 -0.9999 -0.0083
vn 0.1337 -0.9910 0.0096
vn 0.2341 -0.9712 -0.0436
vn 0.0273 -0.9991 -0.0332
vn 0.0304 -0.9993 -0.0227
vn 0.0055 -1.0000 -0.0012
vn 0.6284 -0.6451 0.4347
vn 0.7464 0.5214 0.4135
vn 0.8495 -0.0217 0.5272
vn 0.1265 -0.9903 0.0582
vn 0.0446 -0.9989 -0.0146
vn 0.0252 -0.9990 -0.0363
vn 0.0592 -0.9982 -0.0040
vn 0.0778 -0.9964 0.0351
vn 0.0164 -0.9996 0.0212
vn 0.0203 -0.9998 -0.0001
vn 0.0186 -0.9996 -0.0199
vn 0.0215 -0.9996 -0.0194
vn 0.7910 -0.2472 0.5596
vn 0.8447 0.0310 0.5343
vn 0.5501 0.2733 0.7891
vn 0.3369 -0.8030 0.4917
vn 0.0364 -0.9967 0.0730
vn 0.0265 -0.9988 0.0413
vn 0.0302 -0.9990 -0.0341
vn 0.0407 -0.9991 -0.0120
vn 0.0364 -0.9993 0.0119
vn 0.0246 -0.9996 0.0127
vn 0.0259 -0.9996 0.0122
vn 0.0149 -0.9998 -0.0143
vn 0.0128 -0.9999 -0.0095
vn 0.6751 0.0597 0.7353
vn 0.6586 -0.6182 0.4290
vn 0.3748 -0.9208 0.1076
vn 0.2801 -0.9158 0.2877
vn 0.1328 -0.9751 0.1774
vn 0.0194 -0.9908 0.1338
vn 0.0300 -0.9939 0.1058
vn 0.0221 -0.9997 0.0117
vn 0.0408 -0.9990 -0.0186
vn 0.0160 -0.9999 -0.0047
vn 0.0143 -0.9996 0.0242
vn 0.0143 -0.9996 0.0236
vn -0.0070 -0.9999 0.0105
vn -0.3853 0.5728 0.7235
vn -0.5244 -0.4466 0.7250
vn -0.0192 -0.9902 0.1382
vn -0.0206 -0.9987 0.0466
vn -0.0006 -0.9993 0.0383
vn -0.0005 -0.9593 0.2825
vn 0.0038 -0.9776 0.2105
vn 0.0114 -0.9984 0.0548
vn 0.0136 -0.9983 0.0562
vn 0.0065 -0.9997 0.0226
vn 0.0205 -0.9992 0.0336
vn 0.0213 -0.9993 0.0314
vn 0.0065 -0.9998 0.0164
vn -0.0163 -0.9999 -0.0008
vn -0.6042 -0.2985 0.7388
vn -0.0305 -0.9923 0.1203
vn -0.2146 -0.9118 0.3500
vn -0.0079 -0.9980 0.0624
vn -0.0544 -0.9966 0.0611
vn -0.0636 -0.9129 0.4032
vn -0.0073 -0.9999 0.0138
vn -0.0228 -0.9988 0.0422
vn -0.0274 -0.9939 0.1065
vn 0.0123 -0.9867 0.1622
vn -0.0598 -0.9948 0.0822
vn -0.0494 -0.9980 0.0405
vn -0.0364 -0.9957 0.0857
vn -0.0147 -0.9830 0.1830
vn 0.0080 -0.9627 0.2705
vn -0.0175 -0.9924 0.1215
vn -0.0517 -0.9974 0.0504
vn -0.0041 -0.9992 0.0406
vn 0.0156 -0.9994 0.0304
vn -0.0198 -0.9985 0.0518
vn -0.2931 -0.8472 0.4431
vn 0.0112 -0.9958 0.0908
vn -0.0119 -0.9887 0.1494
vn 0.0058 -0.9995 0.0318
vn 0.0034 -0.9989 0.0470
vn -0.0323 -0.9966 0.0761
vn -0.0348 -0.9984 0.0451
vn -0.0222 -0.9949 0.0986
vn 0.0049 -0.9988 0.0497
vn -0.0071 -0.9898 0.1422
vn 0.0250 -0.9982 0.0547
vn 0.0111 -0.9998 0.0157
vn -0.0237 -0.9984 0.0522
vn -0.0245 -0.9995 0.0179
vn 0.0120 -0.9977 0.0661
vn 0.7185 -0.5260 0.4550
vn -0.0020 -0.9992 0.0405
vn 0.0075 -0.9991 0.0425
vn 0.0479 -0.9968 0.0635
vn 0.0193 -0.9955 0.0932
vn -0.0172 -0.9987 0.0475
vn 0.0152 -0.9999 0.0062
vn 0.0244 -0.9997 0.0045
vn 0.0749 -0.9970 0.0212
vn 0.6437 -0.5769 0.5028
vn 0.0018 -0.9998 0.0182
vn 0.0144 -0.9990 0.0432
vn 0.0078 -0.9978 0.0651
vn -0.0232 -0.9957 0.0899
vn -0.0186 -0.9964 0.0831
vn 0.0440 -0.9954 0.0847
vn 0.0436 -0.9969 0.0658
vn 0.0630 -0.9980 -0.0037
vn 0.0726 -0.9973 0.0108
vn 0.7238 -0.5767 0.3789
vn -0.0067 -0.9994 0.0333
vn -0.0026 -0.9995 0.0322
vn -0.0110 -0.9996 0.0270
vn -0.0073 -0.9962 0.0865
vn 0.0353 -0.9965 0.0755
vn 0.0433 -0.9986 0.0312
vn 0.0579 -0.9975 0.0407
vn 0.0435 -0.9988 0.0209
vn 0.0817 -0.9957 0.0443
vn 0.8961 -0.4435 0.0150
vn 0.9948 0.1009 -0.0112
vn -0.0093 -0.9998 0.0167
vn 0.0112 -0.9993 0.0366
vn -0.0074 -0.9998 0.0210
vn -0.0081 -0.9997 0.0233
vn 0.1062 -0.9872 0.1189
vn 0.1153 -0.9873 0.1093
vn 0.1192 -0.9912 0.0582
vn 0.1170 -0.9894 0.0863
vn 0.0339 -0.9970 0.0696
vn 0.8449 -0.4839 0.2280
vn 0.8656 0.4350 0.2480
vn 0.9679 -0.2047 0.1462
vn -0.0003 -0.9997 0.0241
vn 0.0145 -0.9997 0.0176
vn 0.0094 -0.9999 0.0136
vn 0.0025 -0.9999 0.0103
vn 0.0327 -0.9991 0.0272
vn 0.0586 -0.9941 0.0916
vn 0.0444 -0.9933 0.1064
vn 0.0187 -0.9971 0.0735
vn 0.0318 -0.9992 0.0237
vn 0.5281 -0.8085 0.2595
vn 0.9350 0.1699 0.3112
vn 0.8343 -0.0451 0.5495
vn 0.8859 -0.2463 0.3931
vn 0.8272 0.0146 0.5617
vn 0.7867 0.3092 0.5343
vn 0.9001 0.0146 -0.4355
vn 0.8561 0.3092 -0.4142
vn 0.0729 0.0146 -0.9972
vn 0.0693 0.3092 -0.9485
vn -0.8272 0.0146 -0.5617
vn -0.7867 0.3092 -0.5343
vn -0.9001 0.0146 0.4355
vn -0.8561 0.3092 0.4142
vn -0.0729 0.0146 0.9972
vn -0.0693 0.3092 0.9485
vn -0.0000 -1.0000 -0.0000
vn -0.6680 0.3965 -0.6298
vn -0.6027 0.6805 -0.4167
vn -0.9759 -0.0429 0.2140
vn -0.8892 0.2717 0.3681
vn -0.3073 -0.4279 0.8500
vn -0.2672 -0.0864 0.9598
vn 0.6693 -0.3735 0.6423
vn 0.6412 -0.0358 0.7665
vn 0.9773 0.0660 -0.2014
vn 0.9276 0.3730 -0.0183
vn 0.3086 0.4510 -0.8375
vn 0.3057 0.7311 -0.6099
vn -0.0523 -0.8777 -0.4763
vn -0.6945 0.4544 0.5578
vn -0.4107 0.7560 0.5097
vn 0.0585 -0.0349 0.9977
vn 0.2746 0.3107 0.9100
vn 0.7570 -0.4831 0.4399
vn 0.9103 -0.0971 0.4024
vn 0.7025 -0.4420 -0.5577
vn 0.8607 -0.0598 -0.5055
vn -0.0505 0.0473 -0.9976
vn 0.1754 0.3855 -0.9059
vn -0.7490 0.4955 -0.4398
vn -0.4603 0.7934 -0.3983
vn -0.5428 -0.8398 -0.0049
vn 0.6235 -0.3962 -0.6740
vn 0.4884 -0.1274 -0.8633
vn -0.3248 -0.7093 -0.6256
vn -0.3940 -0.4187 -0.8182
vn -0.9531 -0.3006 0.0362
vn -0.9785 -0.0384 -0.2024
vn -0.6330 0.4212 0.6495
vn -0.6807 0.6332 0.3683
vn 0.3153 0.7344 0.6011
vn 0.2017 0.9246 0.3232
vn 0.9435 0.3257 -0.0607
vn 0.7862 0.5443 -0.2926
vn 0.2622 -0.6897 0.6749
vn -0.2283 0.6900 -0.6868
vn -0.1039 0.9671 -0.2323
vn -0.9429 0.3197 -0.0935
vn -0.7067 0.6546 0.2683
vn -0.7123 -0.3607 0.6021
vn -0.5122 0.0807 0.8551
vn 0.2328 -0.6706 0.7043
vn 0.2851 -0.1808 0.9413
vn 0.9474 -0.3003 0.1110
vn 0.8879 0.1316 0.4407
vn 0.7168 0.3800 -0.5846
vn 0.6934 0.7056 -0.1461
vn -0.1687 -0.7320 -0.6601
vn -0.9518 -0.3059 0.0238
vn -0.9979 0.0447 -0.0475
vn -0.5093 0.0172 0.8604
vn -0.5848 0.3464 0.7335
vn 0.4413 0.3266 0.8358
vn 0.3026 0.6352 0.7106
vn 0.9494 0.3129 -0.0253
vn 0.7771 0.6225 -0.0934
vn 0.5070 -0.0102 -0.8619
vn 0.3640 0.3208 -0.8744
vn -0.4436 -0.3196 -0.8373
vn -0.5234 0.0319 -0.8515
vn 0.3081 -0.9308 0.1966
vn -0.2315 -0.2823 -0.9310
vn -0.0831 0.0449 -0.9955
vn -0.8937 0.2307 -0.3848
vn -0.6998 0.5227 -0.4869
vn -0.6601 0.5179 0.5441
vn -0.4823 0.7902 0.3782
vn 0.2357 0.2921 0.9269
vn 0.3520 0.5799 0.7347
vn 0.8979 -0.2209 0.3807
vn 0.9687 0.1022 0.2261
vn 0.6643 -0.5081 -0.5482
vn 0.7512 -0.1653 -0.6390
vn -0.3691 -0.8577 0.3580
vn 0.1795 -0.5316 -0.8278
vn 0.2096 -0.1860 -0.9599
vn -0.7548 -0.2544 -0.6046
vn -0.6534 0.0700 -0.7538
vn -0.9319 0.2942 0.2122
vn -0.8169 0.5767 0.0007
vn -0.1746 0.5657 0.8059
vn -0.1175 0.8275 0.5491
vn 0.7597 0.2885 0.5827
vn 0.7455 0.5715 0.3429
vn 0.9368 -0.2601 -0.2341
vn 0.9091 0.0647 -0.4116
vn -0.1201 -0.8360 0.5354
vn 0.7354 -0.1899 0.6504
vn 0.5478 0.0694 0.8337
vn 0.8526 0.5208 -0.0432
vn 0.6567 0.7301 0.1889
vn 0.1148 0.7151 -0.6896
vn -0.0293 0.9107 -0.4120
vn -0.7402 0.1986 -0.6424
vn -0.8241 0.4306 -0.3681
vn -0.8574 -0.5121 0.0512
vn -0.9330 -0.2302 0.2767
vn -0.1195 -0.7064 0.6976
vn -0.2471 -0.4108 0.8776
vn 0.3749 -0.6784 -0.6318
vt 0.467551 0.043301
vt 0.468378 0.041405
vt 0.469573 0.043393
vt 0.771795 0.975971
vt 0.772574 0.976131
vt 0.771795 0.978172
vt 0.468037 0.045296
vt 0.465646 0.044457
vt 0.465916 0.041982
vt 0.477164 0.019985
vt 0.476263 0.018173
vt 0.477361 0.016956
vt 0.704024 0.751889
vt 0.703258 0.750206
vt 0.704332 0.750511
vt 0.528171 0.593673
vt 0.527930 0.595546
vt 0.527241 0.594552
vt 0.435913 0.061751
vt 0.437055 0.063718
vt 0.435314 0.063541
vt 0.442112 0.022334
vt 0.442188 0.024872
vt 0.439281 0.021686
vt 0.478495 0.019216
vt 0.705000 0.753035
vt 0.096961 0.771948
vt 0.097350 0.770945
vt 0.098917 0.773691
vt 0.434780 0.060676
vt 0.442141 0.020620
vt 0.494274 0.571631
vt 0.494318 0.569957
vt 0.495113 0.571785
vt 0.684238 0.327805
vt 0.686950 0.328415
vt 0.683798 0.328526
vt 0.731182 0.529801
vt 0.732543 0.530833
vt 0.730888 0.530781
vt 0.991390 0.467867
vt 0.993280 0.468593
vt 0.991390 0.468989
vt 0.684669 0.344035
vt 0.682851 0.343876
vt 0.684623 0.343093
vt 0.458310 0.404689
vt 0.457879 0.402320
vt 0.459748 0.403211
vt 0.456874 0.406188
vt 0.456429 0.403764
vt 0.455590 0.407545
vt 0.454968 0.405251
vt 0.454080 0.409121
vt 0.453324 0.406862
vt 0.452504 0.410765
vt 0.452042 0.408273
vt 0.450855 0.412485
vt 0.450813 0.409628
vt 0.448865 0.414553
vt 0.448447 0.411824
vt 0.447830 0.415658
vt 0.447547 0.412932
vt 0.721556 0.846295
vt 0.720400 0.847990
vt 0.720339 0.845717
vt 0.444920 0.418716
vt 0.444486 0.416110
vt 0.447031 0.416520
vt 0.443622 0.420084
vt 0.443001 0.417665
vt 0.568147 0.580206
vt 0.568508 0.578195
vt 0.569576 0.580107
vt 0.567074 0.580234
vt 0.567456 0.578256
vt 0.597795 0.190994
vt 0.596984 0.187761
vt 0.599215 0.187127
vt 0.682634 0.342862
vt 0.684622 0.342118
vt 0.455985 0.401358
vt 0.454534 0.402805
vt 0.878423 0.527496
vt 0.880740 0.527173
vt 0.879949 0.528950
vt 0.453099 0.404276
vt 0.452610 0.401829
vt 0.454751 0.400589
vt 0.452869 0.399639
vt 0.451833 0.405699
vt 0.450474 0.403363
vt 0.450918 0.400880
vt 0.450256 0.398392
vt 0.450042 0.407331
vt 0.449119 0.404917
vt 0.448701 0.402314
vt 0.448620 0.399817
vt 0.447245 0.396946
vt 0.449021 0.408624
vt 0.448066 0.406351
vt 0.446712 0.403920
vt 0.446784 0.401286
vt 0.446147 0.398671
vt 0.445261 0.395902
vt 0.976016 0.350677
vt 0.978105 0.349466
vt 0.978105 0.350887
vt 0.843777 0.731101
vt 0.846120 0.731101
vt 0.844966 0.732625
vt 0.847970 0.732161
vt 0.447633 0.410080
vt 0.446479 0.407920
vt 0.445760 0.405420
vt 0.444628 0.402849
vt 0.444850 0.400262
vt 0.444142 0.397626
vt 0.442485 0.394514
vt 0.446269 0.414314
vt 0.445292 0.412127
vt 0.445510 0.409235
vt 0.443327 0.407231
vt 0.442370 0.404545
vt 0.442418 0.401769
vt 0.442815 0.399223
vt 0.440836 0.396168
vt 0.439835 0.393169
vt 0.444087 0.413500
vt 0.442088 0.411703
vt 0.441388 0.408999
vt 0.439673 0.406431
vt 0.439552 0.403459
vt 0.440776 0.400725
vt 0.439909 0.397990
vt 0.438571 0.395009
vt 0.438240 0.392294
vt 0.442010 0.415455
vt 0.440018 0.413625
vt 0.438627 0.411127
vt 0.439043 0.407941
vt 0.701004 0.458808
vt 0.703131 0.459754
vt 0.701048 0.460398
vt 0.438405 0.405137
vt 0.437115 0.402302
vt 0.437473 0.399500
vt 0.437673 0.396869
vt 0.436077 0.393764
vt 0.434964 0.390655
vt 0.569769 0.578051
vt 0.568887 0.576010
vt 0.570097 0.575846
vt 0.569012 0.574017
vt 0.570787 0.573114
vt 0.569551 0.571338
vt 0.571255 0.570410
vt 0.569933 0.568738
vt 0.437711 0.409548
vt 0.437846 0.406647
vt 0.703002 0.458263
vt 0.704956 0.459086
vt 0.705676 0.461093
vt 0.707096 0.460064
vt 0.962753 0.347698
vt 0.962005 0.349073
vt 0.960293 0.347698
vt 0.436641 0.401230
vt 0.435986 0.398485
vt 0.436477 0.396017
vt 0.395991 0.703733
vt 0.396864 0.705319
vt 0.394927 0.706856
vt 0.395532 0.709117
vt 0.434128 0.392710
vt 0.619711 0.830051
vt 0.618496 0.828295
vt 0.619735 0.827611
vt 0.443824 0.419915
vt 0.441863 0.419167
vt 0.442586 0.418293
vt 0.440131 0.417780
vt 0.441290 0.416474
vt 0.439118 0.415614
vt 0.440867 0.413915
vt 0.438566 0.413091
vt 0.568298 0.571760
vt 0.568656 0.569212
vt 0.437145 0.410859
vt 0.435522 0.408454
vt 0.436101 0.405529
vt 0.437389 0.403939
vt 0.654828 0.944364
vt 0.654828 0.947015
vt 0.653664 0.946272
vt 0.706328 0.458263
vt 0.708358 0.459180
vt 0.709200 0.461000
vt 0.711396 0.460768
vt 0.434196 0.397449
vt 0.434508 0.394978
vt 0.397343 0.707568
vt 0.396890 0.709521
vt 0.618344 0.830516
vt 0.396314 0.711769
vt 0.395412 0.710426
vt 0.597299 0.186686
vt 0.595194 0.186730
vt 0.354097 0.755782
vt 0.353152 0.753906
vt 0.354250 0.753513
vt 0.353148 0.751767
vt 0.354250 0.751306
vt 0.353313 0.748857
vt 0.436175 0.415104
vt 0.433795 0.413181
vt 0.434095 0.410082
vt 0.434651 0.407120
vt 0.433066 0.404537
vt 0.436919 0.402841
vt 0.435442 0.401844
vt 0.436196 0.400291
vt 0.991390 0.295870
vt 0.993052 0.294830
vt 0.993335 0.295870
vt 0.709688 0.458532
vt 0.711606 0.459378
vt 0.991390 0.685588
vt 0.991390 0.683916
vt 0.993179 0.684386
vt 0.398932 0.706182
vt 0.398273 0.708617
vt 0.397716 0.710805
vt 0.703069 0.295004
vt 0.701093 0.296236
vt 0.701004 0.294535
vt 0.595696 0.190975
vt 0.595325 0.187100
vt 0.659779 0.865211
vt 0.658785 0.863575
vt 0.659779 0.863170
vt 0.658795 0.861305
vt 0.439919 0.418358
vt 0.438036 0.417475
vt 0.438782 0.416438
vt 0.434646 0.416706
vt 0.433088 0.414498
vt 0.431229 0.412166
vt 0.775322 0.233061
vt 0.770883 0.234477
vt 0.771877 0.233061
vt 0.769262 0.233717
vt 0.332800 0.790665
vt 0.333517 0.793215
vt 0.332174 0.792051
vt 0.226370 0.861305
vt 0.226365 0.863284
vt 0.224682 0.863689
vt 0.225066 0.865261
vt 0.432419 0.403387
vt 0.433639 0.400858
vt 0.435511 0.399426
vt 0.432950 0.398350
vt 0.434885 0.396959
vt 0.433618 0.396123
vt 0.399544 0.707778
vt 0.398955 0.710068
vt 0.509739 0.944364
vt 0.510632 0.945395
vt 0.509739 0.947060
vt 0.705008 0.295384
vt 0.703075 0.296357
vt 0.770893 0.218938
vt 0.773149 0.218209
vt 0.772479 0.219866
vt 0.680983 0.343721
vt 0.594434 0.189337
vt 0.592732 0.188077
vt 0.593115 0.186681
vt 0.590366 0.187516
vt 0.678908 0.342624
vt 0.676542 0.343286
vt 0.675812 0.342118
vt 0.673595 0.342959
vt 0.432581 0.415660
vt 0.500710 0.843925
vt 0.499402 0.845615
vt 0.499133 0.844255
vt 0.931222 0.165104
vt 0.929829 0.166279
vt 0.928259 0.165104
vt 0.638592 0.960484
vt 0.637049 0.962665
vt 0.637158 0.960340
vt 0.773482 0.234755
vt 0.334775 0.789015
vt 0.334260 0.791795
vt 0.334775 0.794327
vt 0.226370 0.865157
vt 0.051159 0.843925
vt 0.051099 0.845986
vt 0.050088 0.845297
vt 0.050259 0.848057
vt 0.432112 0.402346
vt 0.431385 0.399837
vt 0.430447 0.397250
vt 0.431974 0.395214
vt 0.432706 0.393583
vt 0.706929 0.295635
vt 0.704936 0.296564
vt 0.769262 0.218353
vt 0.771359 0.218018
vt 0.703416 0.297084
vt 0.701687 0.297947
vt 0.701603 0.296790
vt 0.459940 0.401190
vt 0.458069 0.400205
vt 0.882028 0.528950
vt 0.454677 0.398476
vt 0.452380 0.397219
vt 0.450489 0.396230
vt 0.447943 0.394851
vt 0.445327 0.393443
vt 0.442017 0.391644
vt 0.439584 0.390361
vt 0.436303 0.388598
vt 0.618344 0.825912
vt 0.394927 0.713240
vt 0.612939 0.975971
vt 0.611566 0.978147
vt 0.611120 0.975971
vt 0.775320 0.218018
vt 0.460234 0.399061
vt 0.456451 0.399405
vt 0.458236 0.397852
vt 0.460517 0.396542
vt 0.456535 0.397156
vt 0.458458 0.395331
vt 0.460845 0.393461
vt 0.454500 0.395999
vt 0.456685 0.394780
vt 0.458606 0.392143
vt 0.461227 0.390270
vt 0.452528 0.394943
vt 0.454514 0.393416
vt 0.456646 0.391695
vt 0.458997 0.389795
vt 0.461588 0.387975
vt 0.450392 0.393758
vt 0.452719 0.392621
vt 0.455082 0.391614
vt 0.830443 0.519603
vt 0.829112 0.521171
vt 0.827620 0.519603
vt 0.826024 0.520962
vt 0.457050 0.389537
vt 0.931221 0.051740
vt 0.928259 0.051740
vt 0.929795 0.050281
vt 0.459398 0.387743
vt 0.887741 0.978085
vt 0.886037 0.975971
vt 0.888113 0.975971
vt 0.448197 0.392548
vt 0.450638 0.391460
vt 0.452405 0.389433
vt 0.454827 0.388077
vt 0.457303 0.386836
vt 0.459719 0.384896
vt 0.461899 0.386282
vt 0.462324 0.382882
vt 0.444369 0.390125
vt 0.447281 0.389053
vt 0.449778 0.387633
vt 0.452379 0.386340
vt 0.455233 0.385863
vt 0.457482 0.383513
vt 0.460078 0.382458
vt 0.462753 0.379599
vt 0.441785 0.388706
vt 0.444084 0.386977
vt 0.446998 0.385789
vt 0.449305 0.383773
vt 0.452803 0.383998
vt 0.455094 0.381753
vt 0.457721 0.380114
vt 0.460390 0.377416
vt 0.463034 0.378054
vt 0.438238 0.386623
vt 0.442748 0.386636
vt 0.110517 0.812666
vt 0.109161 0.810665
vt 0.110517 0.809838
vt 0.109413 0.807716
vt 0.444578 0.384457
vt 0.446945 0.382563
vt 0.449890 0.381456
vt 0.452886 0.380775
vt 0.455444 0.379067
vt 0.458096 0.377490
vt 0.878484 0.803316
vt 0.880313 0.805500
vt 0.878423 0.805500
vt 0.460788 0.375992
vt 0.463313 0.376412
vt 0.434990 0.387954
vt 0.436951 0.386136
vt 0.748435 0.412633
vt 0.750881 0.412739
vt 0.750799 0.414195
vt 0.753317 0.414237
vt 0.438986 0.384179
vt 0.442327 0.383317
vt 0.444043 0.380639
vt 0.448071 0.381111
vt 0.479907 0.944364
vt 0.481217 0.946163
vt 0.479907 0.947040
vt 0.450620 0.379591
vt 0.452932 0.377179
vt 0.455854 0.376657
vt 0.458598 0.376357
vt 0.880229 0.803224
vt 0.881959 0.805269
vt 0.461146 0.374960
vt 0.463541 0.375205
vt 0.434470 0.390294
vt 0.433408 0.387151
vt 0.435242 0.385332
vt 0.438090 0.384135
vt 0.753330 0.412633
vt 0.755760 0.413976
vt 0.440284 0.382374
vt 0.442989 0.381044
vt 0.631347 0.898633
vt 0.629982 0.896749
vt 0.631347 0.895314
vt 0.861361 0.253948
vt 0.864021 0.254304
vt 0.861748 0.255886
vt 0.865149 0.255886
vt 0.446527 0.380998
vt 0.448377 0.378450
vt 0.450615 0.376061
vt 0.453350 0.374634
vt 0.456047 0.372979
vt 0.458985 0.374350
vt 0.705124 0.508567
vt 0.702275 0.509721
vt 0.702974 0.507583
vt 0.701004 0.507917
vt 0.725951 0.530793
vt 0.727978 0.531462
vt 0.727464 0.532747
vt 0.509947 0.755614
vt 0.508617 0.753849
vt 0.510236 0.753386
vt 0.508746 0.751519
vt 0.509895 0.750793
vt 0.508617 0.748857
vt 0.435623 0.382786
vt 0.437593 0.380798
vt 0.441363 0.380587
vt 0.976151 0.248675
vt 0.978122 0.249983
vt 0.976016 0.249983
vt 0.444468 0.379994
vt 0.446635 0.378161
vt 0.448946 0.376336
vt 0.775401 0.143062
vt 0.773501 0.144070
vt 0.772074 0.142800
vt 0.770622 0.144070
vt 0.769262 0.142909
vt 0.451415 0.374641
vt 0.453813 0.372327
vt 0.710415 0.508623
vt 0.708197 0.508671
vt 0.708177 0.507583
vt 0.704493 0.510270
vt 0.534688 0.680865
vt 0.535269 0.683049
vt 0.533825 0.682891
vt 0.534995 0.685022
vt 0.978084 0.696771
vt 0.976651 0.697527
vt 0.976016 0.696771
vt 0.555889 0.775187
vt 0.554583 0.772328
vt 0.555889 0.772724
vt 0.554386 0.769175
vt 0.434343 0.387749
vt 0.432430 0.384077
vt 0.434542 0.385179
vt 0.434252 0.382281
vt 0.436302 0.380511
vt 0.437508 0.377676
vt 0.440866 0.377001
vt 0.445476 0.378612
vt 0.701004 0.151572
vt 0.702792 0.150848
vt 0.703722 0.152307
vt 0.705499 0.151593
vt 0.706521 0.153034
vt 0.708542 0.152518
vt 0.826024 0.388840
vt 0.827638 0.387451
vt 0.829019 0.388840
vt 0.830492 0.387783
vt 0.457339 0.898669
vt 0.456195 0.897128
vt 0.457339 0.895314
vt 0.711552 0.510293
vt 0.709383 0.510288
vt 0.707120 0.510500
vt 0.536135 0.678713
vt 0.535876 0.681107
vt 0.536341 0.683214
vt 0.535402 0.685109
vt 0.538011 0.685222
vt 0.993298 0.382466
vt 0.991390 0.382466
vt 0.991814 0.381326
vt 0.553915 0.773679
vt 0.553619 0.770859
vt 0.701837 0.008649
vt 0.704115 0.009153
vt 0.701988 0.010081
vt 0.704535 0.010463
vt 0.706647 0.009701
vt 0.707199 0.010820
vt 0.435177 0.380302
vt 0.436026 0.377339
vt 0.438247 0.375418
vt 0.442720 0.376523
vt 0.445808 0.376298
vt 0.447497 0.376678
vt 0.448143 0.374963
vt 0.707312 0.151046
vt 0.710072 0.151747
vt 0.711119 0.153034
vt 0.712310 0.152107
vt 0.536041 0.673256
vt 0.536876 0.673988
vt 0.536296 0.676059
vt 0.538012 0.676364
vt 0.537289 0.679038
vt 0.536829 0.681351
vt 0.538219 0.683328
vt 0.993340 0.309065
vt 0.991852 0.309938
vt 0.991390 0.309065
vt 0.461739 0.402924
vt 0.462106 0.400724
vt 0.462450 0.398441
vt 0.462934 0.395667
vt 0.463342 0.393013
vt 0.463785 0.390165
vt 0.464108 0.387802
vt 0.464593 0.384696
vt 0.465062 0.381621
vt 0.465345 0.379460
vt 0.465647 0.377227
vt 0.465920 0.375171
vt 0.729964 0.533329
vt 0.728623 0.530501
vt 0.731316 0.532710
vt 0.538689 0.687340
vt 0.464014 0.402561
vt 0.464503 0.400231
vt 0.466448 0.402163
vt 0.464805 0.397936
vt 0.466815 0.399836
vt 0.468484 0.401789
vt 0.465209 0.395509
vt 0.467120 0.397535
vt 0.468931 0.399511
vt 0.471172 0.401351
vt 0.465967 0.392326
vt 0.468076 0.394535
vt 0.469458 0.397119
vt 0.471432 0.399042
vt 0.473687 0.400925
vt 0.466639 0.389063
vt 0.468938 0.391316
vt 0.470895 0.393850
vt 0.472471 0.396351
vt 0.474480 0.398422
vt 0.475253 0.400620
vt 0.467194 0.385925
vt 0.469555 0.388245
vt 0.471797 0.390675
vt 0.473980 0.393054
vt 0.475116 0.395841
vt 0.476936 0.397996
vt 0.477008 0.400299
vt 0.467712 0.382810
vt 0.470065 0.385266
vt 0.472550 0.387476
vt 0.474300 0.390411
vt 0.476732 0.392556
vt 0.477931 0.395274
vt 0.478300 0.397861
vt 0.121955 0.960340
vt 0.123542 0.960490
vt 0.121955 0.962717
vt 0.478966 0.399953
vt 0.468006 0.380330
vt 0.470816 0.381739
vt 0.473529 0.383809
vt 0.475391 0.386969
vt 0.477335 0.389678
vt 0.478745 0.392478
vt 0.479899 0.395059
vt 0.480070 0.397599
vt 0.481698 0.399497
vt 0.468534 0.377127
vt 0.470872 0.379655
vt 0.473673 0.381314
vt 0.476107 0.383762
vt 0.478046 0.386638
vt 0.480408 0.388977
vt 0.481147 0.392133
vt 0.724891 0.794025
vt 0.723336 0.791208
vt 0.724891 0.790946
vt 0.723745 0.789015
vt 0.480648 0.395261
vt 0.482580 0.397145
vt 0.483847 0.399123
vt 0.468340 0.376383
vt 0.843777 0.253126
vt 0.846104 0.253089
vt 0.845473 0.254746
vt 0.848076 0.254746
vt 0.471548 0.376178
vt 0.473731 0.379069
vt 0.476296 0.381187
vt 0.477837 0.384487
vt 0.769262 0.341578
vt 0.772307 0.340897
vt 0.770800 0.342340
vt 0.774113 0.342340
vt 0.775170 0.340346
vt 0.977333 0.911274
vt 0.977990 0.913130
vt 0.976016 0.913130
vt 0.898463 0.944364
vt 0.898463 0.947000
vt 0.897463 0.945643
vt 0.723402 0.794257
vt 0.482040 0.392485
vt 0.483587 0.394638
vt 0.484929 0.396733
vt 0.487059 0.398591
vt 0.466053 0.373901
vt 0.468403 0.374905
vt 0.471429 0.374698
vt 0.474291 0.375947
vt 0.476226 0.379070
vt 0.478474 0.381487
vt 0.179615 0.915027
vt 0.179615 0.911964
vt 0.181026 0.912613
vt 0.770789 0.340004
vt 0.773544 0.339412
vt 0.480407 0.388058
vt 0.482633 0.389948
vt 0.481036 0.389851
vt 0.484749 0.391931
vt 0.914705 0.607602
vt 0.911947 0.608787
vt 0.911855 0.607446
vt 0.769262 0.374139
vt 0.769839 0.372876
vt 0.771660 0.373840
vt 0.772176 0.372777
vt 0.774473 0.374139
vt 0.775236 0.373473
vt 0.466207 0.372555
vt 0.468691 0.372670
vt 0.470878 0.374580
vt 0.993211 0.584098
vt 0.991390 0.584349
vt 0.991390 0.582598
vt 0.755671 0.538394
vt 0.752803 0.539084
vt 0.754741 0.536839
vt 0.751640 0.536839
vt 0.749885 0.538717
vt 0.748435 0.538363
vt 0.476089 0.377196
vt 0.478949 0.378640
vt 0.481001 0.381239
vt 0.478976 0.385484
vt 0.481081 0.385378
vt 0.482545 0.387821
vt 0.484167 0.390004
vt 0.978128 0.176287
vt 0.976016 0.177617
vt 0.976300 0.176287
vt 0.914964 0.608787
vt 0.485549 0.392189
vt 0.486736 0.394313
vt 0.484057 0.394849
vt 0.485511 0.396736
vt 0.487956 0.396295
vt 0.488183 0.398371
vt 0.490098 0.398034
vt 0.732347 0.531976
vt 0.733989 0.533329
vt 0.468813 0.371101
vt 0.471428 0.371520
vt 0.474341 0.371982
vt 0.473066 0.376560
vt 0.476055 0.375275
vt 0.477803 0.378102
vt 0.722881 0.812510
vt 0.721467 0.810866
vt 0.722881 0.809325
vt 0.721816 0.807716
vt 0.480982 0.379003
vt 0.482215 0.382192
vt 0.483077 0.385300
vt 0.484551 0.387641
vt 0.485149 0.390279
vt 0.977629 0.177493
vt 0.487120 0.392075
vt 0.487899 0.394249
vt 0.490397 0.395858
vt 0.492288 0.397655
vt 0.734410 0.532210
vt 0.609772 0.451668
vt 0.607497 0.451437
vt 0.609187 0.450650
vt 0.606756 0.450262
vt 0.945787 0.449989
vt 0.944826 0.451878
vt 0.944450 0.449989
vt 0.473962 0.371117
vt 0.605133 0.450709
vt 0.602145 0.451751
vt 0.604049 0.449827
vt 0.600885 0.451333
vt 0.599273 0.453414
vt 0.597935 0.452560
vt 0.477112 0.377214
vt 0.480314 0.377681
vt 0.910580 0.911964
vt 0.910580 0.914951
vt 0.909522 0.913297
vt 0.482367 0.379880
vt 0.484584 0.381897
vt 0.486563 0.384105
vt 0.485879 0.387828
vt 0.485977 0.390554
vt 0.673595 0.328923
vt 0.674387 0.328048
vt 0.676260 0.328923
vt 0.676352 0.327466
vt 0.678240 0.328253
vt 0.678442 0.327153
vt 0.681195 0.328559
vt 0.681384 0.327561
vt 0.460689 0.405088
vt 0.462933 0.404926
vt 0.465191 0.404537
vt 0.467377 0.404129
vt 0.469846 0.403776
vt 0.472650 0.403418
vt 0.400488 0.825912
vt 0.399720 0.828494
vt 0.398890 0.826490
vt 0.476090 0.402582
vt 0.477892 0.402209
vt 0.481056 0.401801
vt 0.483989 0.401376
vt 0.486768 0.400945
vt 0.488732 0.400563
vt 0.490712 0.400186
vt 0.491974 0.399875
vt 0.461773 0.407119
vt 0.463997 0.406811
vt 0.462896 0.409130
vt 0.466225 0.406442
vt 0.464998 0.408589
vt 0.464009 0.411076
vt 0.468643 0.406152
vt 0.467150 0.408215
vt 0.466397 0.410959
vt 0.465148 0.413088
vt 0.471385 0.405908
vt 0.470222 0.408420
vt 0.468269 0.410141
vt 0.467323 0.412618
vt 0.466666 0.415961
vt 0.397771 0.828844
vt 0.398474 0.830499
vt 0.473201 0.405366
vt 0.472247 0.407838
vt 0.470933 0.410143
vt 0.469749 0.412477
vt 0.469021 0.415487
vt 0.467583 0.417431
vt 0.473928 0.402965
vt 0.474076 0.404737
vt 0.400488 0.830299
vt 0.925915 0.946972
vt 0.926726 0.944364
vt 0.927417 0.946972
vt 0.474878 0.407551
vt 0.472960 0.409602
vt 0.472680 0.412654
vt 0.472235 0.416063
vt 0.470174 0.417507
vt 0.716583 0.896593
vt 0.718199 0.898581
vt 0.716228 0.898581
vt 0.476833 0.404466
vt 0.476805 0.407018
vt 0.475572 0.409394
vt 0.475975 0.412849
vt 0.475178 0.415968
vt 0.473286 0.418016
vt 0.470999 0.418994
vt 0.718069 0.895314
vt 0.470129 0.421961
vt 0.467937 0.417736
vt 0.479582 0.404145
vt 0.479025 0.406600
vt 0.478881 0.409385
vt 0.478755 0.412536
vt 0.478688 0.416179
vt 0.475877 0.417651
vt 0.474375 0.419999
vt 0.472910 0.422244
vt 0.471216 0.423830
vt 0.483055 0.403834
vt 0.481684 0.406269
vt 0.481107 0.408902
vt 0.481064 0.411961
vt 0.481515 0.415734
vt 0.480251 0.418751
vt 0.476868 0.419572
vt 0.807593 0.129248
vt 0.810144 0.128636
vt 0.809370 0.129934
vt 0.812076 0.129934
vt 0.812772 0.128859
vt 0.473513 0.423361
vt 0.471885 0.424862
vt 0.485206 0.403419
vt 0.483759 0.405828
vt 0.483429 0.408464
vt 0.482860 0.411222
vt 0.484313 0.415262
vt 0.482641 0.417978
vt 0.895340 0.380000
vt 0.898570 0.380000
vt 0.896966 0.381476
vt 0.928259 0.826602
vt 0.929625 0.825054
vt 0.931122 0.826602
vt 0.479762 0.419505
vt 0.477749 0.421343
vt 0.474705 0.420958
vt 0.475804 0.422905
vt 0.475017 0.425955
vt 0.473672 0.428147
vt 0.486572 0.402996
vt 0.788651 0.097737
vt 0.790532 0.096739
vt 0.791588 0.097720
vt 0.793637 0.096481
vt 0.794398 0.097737
vt 0.484498 0.405247
vt 0.484832 0.407830
vt 0.484533 0.410528
vt 0.486701 0.414597
vt 0.485615 0.417642
vt 0.483797 0.420213
vt 0.480912 0.421612
vt 0.478230 0.422622
vt 0.476610 0.424441
vt 0.605104 0.825912
vt 0.605149 0.828347
vt 0.603908 0.827952
vt 0.603908 0.830528
vt 0.020976 0.931157
vt 0.020976 0.928272
vt 0.021918 0.929031
vt 0.489533 0.402609
vt 0.489090 0.405094
vt 0.487657 0.407530
vt 0.487290 0.410224
vt 0.487740 0.413432
vt 0.499854 0.592571
vt 0.499904 0.589752
vt 0.501099 0.590999
vt 0.501020 0.587928
vt 0.499297 0.586714
vt 0.500512 0.584788
vt 0.498572 0.583858
vt 0.499310 0.581929
vt 0.497391 0.581390
vt 0.498149 0.579502
vt 0.496952 0.578976
vt 0.497627 0.577078
vt 0.848040 0.426859
vt 0.845387 0.427620
vt 0.846192 0.426062
vt 0.843777 0.426062
vt 0.496892 0.576370
vt 0.495813 0.574813
vt 0.497252 0.574670
vt 0.497210 0.571947
vt 0.495588 0.572570
vt 0.492123 0.402207
vt 0.490443 0.404613
vt 0.489604 0.407061
vt 0.490298 0.409954
vt 0.491008 0.413231
vt 0.489802 0.416048
vt 0.487004 0.416427
vt 0.487022 0.417964
vt 0.484975 0.418708
vt 0.498679 0.588563
vt 0.497952 0.585684
vt 0.497338 0.583032
vt 0.523753 0.960340
vt 0.525162 0.960590
vt 0.523911 0.962434
vt 0.525162 0.962687
vt 0.496269 0.580779
vt 0.495985 0.578440
vt 0.495505 0.576343
vt 0.614683 0.607247
vt 0.612246 0.608153
vt 0.613138 0.605883
vt 0.610898 0.606288
vt 0.610135 0.608210
vt 0.494920 0.399424
vt 0.495951 0.401772
vt 0.495090 0.404342
vt 0.493118 0.406821
vt 0.490215 0.408966
vt 0.794132 0.438989
vt 0.792480 0.440090
vt 0.791740 0.438989
vt 0.790336 0.440283
vt 0.789090 0.439024
vt 0.498200 0.595623
vt 0.498322 0.593146
vt 0.499767 0.594733
vt 0.499583 0.591769
vt 0.498244 0.590419
vt 0.489385 0.417454
vt 0.497119 0.587374
vt 0.496694 0.584773
vt 0.495764 0.582423
vt 0.495251 0.580243
vt 0.494574 0.578383
vt 0.494644 0.575984
vt 0.495442 0.573893
vt 0.494573 0.573642
vt 0.459263 0.406672
vt 0.460338 0.408548
vt 0.461448 0.410902
vt 0.462565 0.412757
vt 0.463602 0.414350
vt 0.464991 0.417314
vt 0.993235 0.553610
vt 0.993235 0.555360
vt 0.991390 0.554062
vt 0.467005 0.420443
vt 0.469188 0.425302
vt 0.469853 0.425942
vt 0.470992 0.427888
vt 0.025471 0.895314
vt 0.024433 0.897908
vt 0.023975 0.895765
vt 0.930306 0.251119
vt 0.928259 0.250156
vt 0.931215 0.250156
vt 0.608856 0.606312
vt 0.457966 0.407928
vt 0.458843 0.410328
vt 0.456224 0.409976
vt 0.459923 0.412679
vt 0.457134 0.412512
vt 0.454546 0.411821
vt 0.461075 0.414266
vt 0.458347 0.414483
vt 0.455568 0.414145
vt 0.453002 0.413447
vt 0.462220 0.416470
vt 0.459530 0.416516
vt 0.456694 0.416432
vt 0.454162 0.415472
vt 0.451541 0.414960
vt 0.993175 0.668948
vt 0.993175 0.670722
vt 0.991390 0.669944
vt 0.991390 0.237086
vt 0.993328 0.237270
vt 0.991390 0.238563
vt 0.463407 0.418758
vt 0.460710 0.418391
vt 0.457928 0.418396
vt 0.455285 0.417598
vt 0.452805 0.416768
vt 0.449700 0.416973
vt 0.465805 0.418227
vt 0.464655 0.421208
vt 0.461882 0.420550
vt 0.459050 0.421271
vt 0.456308 0.420204
vt 0.453683 0.419357
vt 0.451334 0.418295
vt 0.448571 0.418064
vt 0.721556 0.843925
vt 0.466437 0.425740
vt 0.463229 0.424169
vt 0.460322 0.422490
vt 0.457495 0.422427
vt 0.454993 0.420990
vt 0.944450 0.149807
vt 0.945237 0.148474
vt 0.947053 0.149807
vt 0.452442 0.420320
vt 0.449490 0.420416
vt 0.447333 0.419310
vt 0.830534 0.137573
vt 0.828089 0.138368
vt 0.828066 0.136949
vt 0.826162 0.138368
vt 0.826024 0.136908
vt 0.826024 0.666853
vt 0.828826 0.666853
vt 0.826854 0.668524
vt 0.830412 0.668234
vt 0.464373 0.425595
vt 0.461549 0.425697
vt 0.458684 0.424794
vt 0.455756 0.424700
vt 0.452921 0.424089
vt 0.450473 0.422815
vt 0.447253 0.423088
vt 0.445503 0.421293
vt 0.468757 0.429244
vt 0.467316 0.426406
vt 0.465858 0.429113
vt 0.462827 0.428215
vt 0.459905 0.427102
vt 0.457102 0.426240
vt 0.826024 0.225897
vt 0.828601 0.225879
vt 0.827880 0.227157
vt 0.830458 0.227157
vt 0.454362 0.425524
vt 0.451124 0.426201
vt 0.448231 0.425700
vt 0.570665 0.587225
vt 0.569606 0.584484
vt 0.571168 0.584761
vt 0.570249 0.582297
vt 0.569002 0.582212
vt 0.023047 0.897777
vt 0.055387 0.755235
vt 0.055366 0.752774
vt 0.056594 0.754978
vt 0.056594 0.752486
vt 0.055122 0.750557
vt 0.466990 0.430643
vt 0.464159 0.430973
vt 0.461156 0.430560
vt 0.458232 0.429222
vt 0.455737 0.426777
vt 0.826905 0.224657
vt 0.829473 0.224601
vt 0.946974 0.792086
vt 0.946134 0.793493
vt 0.944450 0.792086
vt 0.569717 0.591132
vt 0.569444 0.589004
vt 0.571102 0.589732
vt 0.568877 0.586572
vt 0.568356 0.584291
vt 0.567706 0.582127
vt 0.025471 0.898683
vt 0.054162 0.755862
vt 0.054189 0.753282
vt 0.991390 0.913951
vt 0.993132 0.913951
vt 0.991737 0.915232
vt 0.053783 0.751680
vt 0.053643 0.748857
vt 0.465232 0.431768
vt 0.861361 0.647002
vt 0.863731 0.647002
vt 0.862548 0.648294
vt 0.865115 0.648280
vt 0.462379 0.431478
vt 0.459408 0.433109
vt 0.571022 0.600528
vt 0.569740 0.596082
vt 0.571255 0.597092
vt 0.570256 0.593643
vt 0.619823 0.812519
vt 0.619823 0.809673
vt 0.621416 0.810378
vt 0.621028 0.807716
vt 0.569122 0.593316
vt 0.568304 0.590345
vt 0.568031 0.588376
vt 0.567346 0.585953
vt 0.681889 0.962659
vt 0.680360 0.962659
vt 0.681365 0.960340
vt 0.947075 0.036250
vt 0.944450 0.036250
vt 0.945322 0.035172
vt 0.567243 0.584126
vt 0.602417 0.189994
vt 0.600043 0.190673
vt 0.600873 0.188265
vt 0.609608 0.604413
vt 0.607694 0.604175
vt 0.053040 0.754145
vt 0.880312 0.093457
vt 0.882078 0.094354
vt 0.879430 0.094354
vt 0.352710 0.978213
vt 0.352381 0.975971
vt 0.353693 0.975971
vt 0.089963 0.672461
vt 0.089393 0.674267
vt 0.088283 0.673082
vt 0.212901 0.794382
vt 0.211807 0.792921
vt 0.213761 0.791572
vt 0.211807 0.790410
vt 0.212505 0.789015
vt 0.456832 0.830558
vt 0.456805 0.827606
vt 0.458141 0.829042
vt 0.458141 0.825912
vt 0.898528 0.542911
vt 0.895340 0.542038
vt 0.898528 0.541106
vt 0.568901 0.597744
vt 0.568365 0.595094
vt 0.567805 0.592472
vt 0.611236 0.189724
vt 0.608816 0.189714
vt 0.609506 0.188168
vt 0.607124 0.189209
vt 0.567347 0.590170
vt 0.566741 0.587701
vt 0.606578 0.188513
vt 0.604325 0.189641
vt 0.604956 0.187923
vt 0.601687 0.192117
vt 0.599483 0.192159
vt 0.686597 0.342674
vt 0.608291 0.607853
vt 0.607489 0.605177
vt 0.878423 0.092514
vt 0.879924 0.092229
vt 0.881790 0.093159
vt 0.606410 0.603071
vt 0.604868 0.601547
vt 0.606452 0.602164
vt 0.090382 0.674212
vt 0.089235 0.676916
vt 0.623345 0.186681
vt 0.623056 0.189284
vt 0.621524 0.188410
vt 0.621235 0.191320
vt 0.619839 0.191014
vt 0.576123 0.825912
vt 0.576123 0.828413
vt 0.575019 0.827199
vt 0.575161 0.830547
vt 0.618517 0.191745
vt 0.615758 0.191823
vt 0.616626 0.190245
vt 0.613871 0.190134
vt 0.613312 0.192971
vt 0.610610 0.192279
vt 0.608153 0.192555
vt 0.605889 0.191111
vt 0.603513 0.192545
vt 0.600894 0.194494
vt 0.599038 0.193275
vt 0.597498 0.191850
vt 0.686530 0.343608
vt 0.239273 0.991484
vt 0.239050 0.993039
vt 0.237876 0.991484
vt 0.558382 0.895838
vt 0.557189 0.897906
vt 0.557189 0.895314
vt 0.695997 0.961685
vt 0.695084 0.962689
vt 0.695084 0.960340
vt 0.592234 0.494786
vt 0.594097 0.497308
vt 0.591845 0.497207
vt 0.751407 0.584525
vt 0.750402 0.583432
vt 0.753071 0.583515
vt 0.680471 0.362067
vt 0.679639 0.360983
vt 0.682657 0.360090
vt 0.677972 0.364205
vt 0.677668 0.361672
vt 0.414675 0.827631
vt 0.413683 0.828888
vt 0.413683 0.825912
vt 0.810209 0.159331
vt 0.808872 0.158258
vt 0.811609 0.158167
vt 0.705610 0.396541
vt 0.706925 0.397323
vt 0.703960 0.397509
vt 0.707046 0.394035
vt 0.708710 0.397809
vt 0.544486 0.810806
vt 0.543583 0.812566
vt 0.543367 0.808872
vt 0.976016 0.365576
vt 0.976016 0.364082
vt 0.978101 0.365393
vt 0.442474 0.019022
vt 0.440384 0.018793
vt 0.441331 0.015841
vt 0.439461 0.019997
vt 0.976016 0.853532
vt 0.978046 0.853532
vt 0.977487 0.854370
vt 0.681783 0.344697
vt 0.558151 0.898654
vt 0.680597 0.345519
vt 0.679888 0.344554
vt 0.678980 0.343543
vt 0.681311 0.346487
vt 0.679463 0.346362
vt 0.678433 0.345388
vt 0.677494 0.344356
vt 0.594006 0.492602
vt 0.595477 0.493914
vt 0.676467 0.346339
vt 0.912352 0.895103
vt 0.911855 0.894017
vt 0.914949 0.894017
vt 0.675557 0.345237
vt 0.928879 0.869333
vt 0.928259 0.868245
vt 0.931143 0.868245
vt 0.674670 0.344121
vt 0.748435 0.584524
vt 0.594941 0.490411
vt 0.596317 0.491114
vt 0.597952 0.493389
vt 0.812717 0.189507
vt 0.810339 0.189496
vt 0.811754 0.188451
vt 0.809166 0.188416
vt 0.810812 0.187380
vt 0.599123 0.493224
vt 0.600549 0.495162
vt 0.597860 0.494461
vt 0.501981 0.844157
vt 0.500665 0.845840
vt 0.848073 0.371333
vt 0.845254 0.371333
vt 0.847160 0.370138
vt 0.843777 0.370191
vt 0.597313 0.487839
vt 0.598974 0.490064
vt 0.600510 0.492309
vt 0.807593 0.189507
vt 0.601933 0.494945
vt 0.501046 0.846934
vt 0.499133 0.847945
vt 0.638661 0.962665
vt 0.675280 0.362910
vt 0.675289 0.359962
vt 0.928259 0.639323
vt 0.931170 0.639323
vt 0.929318 0.640331
vt 0.454195 0.977690
vt 0.453026 0.978198
vt 0.453026 0.975971
vt 0.600410 0.488358
vt 0.601902 0.490073
vt 0.603305 0.492241
vt 0.604557 0.494881
vt 0.603171 0.496484
vt 0.605767 0.495767
vt 0.947039 0.394438
vt 0.944450 0.394438
vt 0.945324 0.393371
vt 0.845150 0.806380
vt 0.846565 0.807395
vt 0.844063 0.807386
vt 0.414653 0.830584
vt 0.689347 0.863130
vt 0.687233 0.863614
vt 0.689508 0.861305
vt 0.673595 0.359682
vt 0.516990 0.705763
vt 0.515352 0.705978
vt 0.516936 0.703733
vt 0.515197 0.704219
vt 0.125079 0.673968
vt 0.122165 0.676511
vt 0.124453 0.672461
vt 0.620946 0.789015
vt 0.620946 0.793646
vt 0.619803 0.791293
vt 0.619824 0.794318
vt 0.604816 0.491706
vt 0.606015 0.493968
vt 0.606938 0.497261
vt 0.843777 0.805322
vt 0.847102 0.805322
vt 0.847922 0.806369
vt 0.914511 0.406750
vt 0.912935 0.405717
vt 0.915008 0.405717
vt 0.807593 0.159373
vt 0.689508 0.864618
vt 0.687334 0.865143
vt 0.517169 0.707369
vt 0.515287 0.708375
vt 0.126865 0.675062
vt 0.124151 0.677449
vt 0.962691 0.795380
vt 0.962699 0.796863
vt 0.960293 0.795216
vt 0.960720 0.796863
vt 0.606371 0.490985
vt 0.607469 0.493586
vt 0.608373 0.496287
vt 0.880308 0.746022
vt 0.882001 0.747679
vt 0.878423 0.746413
vt 0.879022 0.747679
vt 0.037895 0.770546
vt 0.036194 0.771744
vt 0.035102 0.769175
vt 0.911856 0.406741
vt 0.052094 0.844662
vt 0.369335 0.830585
vt 0.369141 0.827243
vt 0.370343 0.829048
vt 0.370343 0.825912
vt 0.607911 0.930891
vt 0.609807 0.928272
vt 0.609807 0.931036
vt 0.517036 0.710294
vt 0.515197 0.710987
vt 0.128877 0.676186
vt 0.127749 0.678096
vt 0.123712 0.680533
vt 0.254764 0.861305
vt 0.254764 0.864084
vt 0.253661 0.862693
vt 0.253691 0.865277
vt 0.609111 0.492200
vt 0.896551 0.237826
vt 0.895340 0.236689
vt 0.898610 0.236689
vt 0.610523 0.492305
vt 0.611126 0.495671
vt 0.594716 0.928272
vt 0.594716 0.931078
vt 0.593613 0.930037
vt 0.821523 0.862602
vt 0.820478 0.863726
vt 0.820478 0.861305
vt 0.037034 0.773105
vt 0.035102 0.774093
vt 0.052094 0.847100
vt 0.844628 0.310402
vt 0.845812 0.311985
vt 0.843777 0.311149
vt 0.710168 0.396050
vt 0.711650 0.396755
vt 0.552942 0.960340
vt 0.552942 0.962701
vt 0.551843 0.961116
vt 0.381463 0.705570
vt 0.379056 0.706772
vt 0.380812 0.703733
vt 0.515254 0.713218
vt 0.130144 0.677611
vt 0.128603 0.679578
vt 0.928259 0.279184
vt 0.931198 0.279184
vt 0.930543 0.280406
vt 0.126616 0.681497
vt 0.124226 0.683304
vt 0.210046 0.991485
vt 0.208613 0.993057
vt 0.208552 0.991485
vt 0.049305 0.930816
vt 0.049305 0.928272
vt 0.050603 0.931104
vt 0.051234 0.929797
vt 0.495281 0.750600
vt 0.494260 0.751713
vt 0.493655 0.748857
vt 0.612963 0.493965
vt 0.613249 0.497308
vt 0.821518 0.865170
vt 0.945574 0.435704
vt 0.947034 0.436794
vt 0.944450 0.436794
vt 0.037179 0.775706
vt 0.847318 0.310402
vt 0.848064 0.311821
vt 0.429761 0.398469
vt 0.826024 0.431850
vt 0.828860 0.431659
vt 0.827446 0.433035
vt 0.830481 0.433035
vt 0.293210 0.947088
vt 0.293210 0.944364
vt 0.294152 0.945398
vt 0.381732 0.707286
vt 0.379805 0.708591
vt 0.378842 0.710036
vt 0.130859 0.680832
vt 0.129500 0.682649
vt 0.125506 0.684584
vt 0.123293 0.686115
vt 0.122447 0.684862
vt 0.122165 0.687464
vt 0.495422 0.753183
vt 0.493655 0.754328
vt 0.615633 0.494411
vt 0.616498 0.495837
vt 0.293700 0.882075
vt 0.293700 0.878533
vt 0.294714 0.880152
vt 0.640777 0.460101
vt 0.642089 0.460988
vt 0.639638 0.461391
vt 0.712052 0.295711
vt 0.710199 0.296334
vt 0.710855 0.294975
vt 0.708166 0.296234
vt 0.709244 0.294535
vt 0.931179 0.597871
vt 0.928259 0.597871
vt 0.929649 0.596870
vt 0.437441 0.018074
vt 0.440839 0.017115
vt 0.830411 0.814245
vt 0.826972 0.815003
vt 0.828251 0.813776
vt 0.826024 0.813776
vt 0.381732 0.710280
vt 0.379778 0.711747
vt 0.684403 0.574551
vt 0.682017 0.573679
vt 0.685873 0.573158
vt 0.683342 0.572302
vt 0.680793 0.572761
vt 0.129472 0.685789
vt 0.127240 0.687367
vt 0.123606 0.688718
vt 0.122294 0.689955
vt 0.495159 0.755637
vt 0.518065 0.792243
vt 0.518668 0.790663
vt 0.519517 0.793703
vt 0.520069 0.791843
vt 0.961572 0.852415
vt 0.962726 0.853474
vt 0.960293 0.853474
vt 0.643231 0.460106
vt 0.644214 0.463508
vt 0.707386 0.297611
vt 0.705996 0.297218
vt 0.840382 0.945912
vt 0.841246 0.944364
vt 0.841246 0.947012
vt 0.437999 0.020475
vt 0.435817 0.020566
vt 0.765773 0.962665
vt 0.765773 0.960340
vt 0.766900 0.961174
vt 0.913696 0.753570
vt 0.911855 0.752583
vt 0.914967 0.752583
vt 0.380483 0.713361
vt 0.866313 0.929710
vt 0.865211 0.931045
vt 0.865211 0.928272
vt 0.639638 0.633221
vt 0.642793 0.632957
vt 0.641545 0.634157
vt 0.644763 0.634938
vt 0.678781 0.574130
vt 0.676701 0.573343
vt 0.677980 0.572041
vt 0.673994 0.572706
vt 0.123897 0.689948
vt 0.516357 0.793641
vt 0.516923 0.791575
vt 0.517506 0.794211
vt 0.517424 0.789649
vt 0.386249 0.807998
vt 0.384848 0.811031
vt 0.384848 0.807716
vt 0.898544 0.800354
vt 0.895340 0.800354
vt 0.896943 0.799351
vt 0.644409 0.458867
vt 0.645578 0.459922
vt 0.646483 0.462075
vt 0.645285 0.464027
vt 0.647265 0.463976
vt 0.704391 0.297812
vt 0.437651 0.022054
vt 0.435913 0.022458
vt 0.810968 0.536772
vt 0.809459 0.535775
vt 0.812663 0.535817
vt 0.435500 0.023702
vt 0.434059 0.021070
vt 0.432240 0.023476
vt 0.094670 0.993128
vt 0.093143 0.991485
vt 0.094729 0.991485
vt 0.710974 0.444186
vt 0.708795 0.443295
vt 0.711658 0.442901
vt 0.645858 0.633163
vt 0.647788 0.636765
vt 0.675275 0.574551
vt 0.673595 0.573804
vt 0.092797 0.928272
vt 0.094090 0.931125
vt 0.092683 0.931125
vt 0.193850 0.928865
vt 0.192843 0.930416
vt 0.192843 0.928272
vt 0.648073 0.638134
vt 0.650514 0.637940
vt 0.649494 0.639501
vt 0.651789 0.640783
vt 0.516357 0.789015
vt 0.259405 0.794070
vt 0.259739 0.791706
vt 0.260313 0.794348
vt 0.386549 0.810880
vt 0.386539 0.812567
vt 0.646707 0.459086
vt 0.647418 0.461929
vt 0.944450 0.536697
vt 0.947034 0.536697
vt 0.946231 0.537563
vt 0.648075 0.464035
vt 0.706117 0.297916
vt 0.703979 0.298892
vt 0.702961 0.298273
vt 0.553028 0.774454
vt 0.553955 0.775356
vt 0.552208 0.773986
vt 0.552518 0.771472
vt 0.991432 0.483381
vt 0.991390 0.482184
vt 0.993272 0.482184
vt 0.657731 0.458867
vt 0.657112 0.462151
vt 0.654703 0.462123
vt 0.659196 0.459328
vt 0.659314 0.461150
vt 0.399424 0.647297
vt 0.398296 0.648301
vt 0.398461 0.645806
vt 0.400357 0.648760
vt 0.399224 0.649830
vt 0.401306 0.650294
vt 0.400180 0.651533
vt 0.402305 0.651926
vt 0.401193 0.653250
vt 0.771659 0.711999
vt 0.772929 0.713038
vt 0.770332 0.712916
vt 0.773073 0.711047
vt 0.774059 0.712161
vt 0.962740 0.362268
vt 0.962740 0.363856
vt 0.960293 0.362301
vt 0.732447 0.162885
vt 0.733843 0.163895
vt 0.731353 0.165330
vt 0.678232 0.277387
vt 0.676895 0.276529
vt 0.679441 0.276461
vt 0.676529 0.278633
vt 0.675522 0.277563
vt 0.960293 0.937801
vt 0.962701 0.937801
vt 0.961908 0.939123
vt 0.702355 0.006597
vt 0.703156 0.007982
vt 0.701004 0.007476
vt 0.978185 0.007474
vt 0.976016 0.007474
vt 0.977160 0.006597
vt 0.328995 0.809426
vt 0.327511 0.809941
vt 0.328768 0.807716
vt 0.704582 0.007207
vt 0.636007 0.827462
vt 0.634516 0.827255
vt 0.636544 0.825912
vt 0.705566 0.008279
vt 0.329207 0.811498
vt 0.327511 0.812580
vt 0.636544 0.830403
vt 0.634078 0.829092
vt 0.707114 0.007534
vt 0.708219 0.008818
vt 0.709532 0.010407
vt 0.397357 0.646815
vt 0.397050 0.649429
vt 0.395986 0.647917
vt 0.395952 0.650394
vt 0.632930 0.830142
vt 0.708645 0.006597
vt 0.709790 0.007866
vt 0.710967 0.009171
vt 0.712421 0.010768
vt 0.790058 0.563034
vt 0.792962 0.564404
vt 0.788651 0.563954
vt 0.869683 0.881975
vt 0.869683 0.878534
vt 0.870890 0.881141
vt 0.792389 0.746081
vt 0.791486 0.748342
vt 0.789104 0.746705
vt 0.788651 0.748543
vt 0.448212 0.753798
vt 0.449492 0.752329
vt 0.449119 0.755627
vt 0.137181 0.944364
vt 0.137181 0.947097
vt 0.135835 0.944736
vt 0.436177 0.374354
vt 0.438485 0.375098
vt 0.436925 0.377618
vt 0.712752 0.008308
vt 0.440928 0.376170
vt 0.437895 0.376926
vt 0.036893 0.844662
vt 0.036209 0.846487
vt 0.034994 0.843925
vt 0.034994 0.848063
vt 0.398924 0.653032
vt 0.794192 0.563034
vt 0.736076 0.810937
vt 0.737279 0.809558
vt 0.737269 0.812516
vt 0.794105 0.748543
vt 0.447141 0.751866
vt 0.448431 0.750299
vt 0.449721 0.748857
vt 0.437571 0.371101
vt 0.440803 0.373228
vt 0.443170 0.374394
vt 0.399981 0.654263
vt 0.261829 0.703733
vt 0.262769 0.706313
vt 0.260432 0.705132
vt 0.260432 0.708264
vt 0.736076 0.807716
vt 0.674253 0.416075
vt 0.676106 0.416224
vt 0.673595 0.418046
vt 0.447141 0.748871
vt 0.678427 0.417134
vt 0.674360 0.416845
vt 0.258838 0.735249
vt 0.258966 0.731910
vt 0.260439 0.734457
vt 0.259871 0.729516
vt 0.442541 0.372915
vt 0.961863 0.079136
vt 0.960293 0.078085
vt 0.962801 0.078085
vt 0.444179 0.373028
vt 0.945473 0.078854
vt 0.944450 0.077785
vt 0.947074 0.077785
vt 0.445759 0.373092
vt 0.222899 0.944364
vt 0.222899 0.947101
vt 0.221934 0.945169
vt 0.402118 0.654519
vt 0.400988 0.655913
vt 0.399765 0.657597
vt 0.262072 0.709641
vt 0.260603 0.711599
vt 0.676234 0.413274
vt 0.679250 0.415303
vt 0.682430 0.418046
vt 0.258838 0.728249
vt 0.260118 0.727185
vt 0.079948 0.991593
vt 0.078464 0.993134
vt 0.078464 0.991484
vt 0.702703 0.864562
vt 0.702703 0.862024
vt 0.703800 0.865157
vt 0.704585 0.863506
vt 0.704168 0.861305
vt 0.448792 0.372903
vt 0.450298 0.373070
vt 0.639566 0.930647
vt 0.638098 0.931054
vt 0.639402 0.929010
vt 0.638098 0.928272
vt 0.265715 0.708788
vt 0.265100 0.710244
vt 0.262898 0.708106
vt 0.263844 0.712147
vt 0.751734 0.441671
vt 0.751308 0.443282
vt 0.748435 0.441771
vt 0.680175 0.413527
vt 0.683193 0.416224
vt 0.946544 0.622315
vt 0.946981 0.623855
vt 0.944450 0.622315
vt 0.944898 0.623842
vt 0.788879 0.577599
vt 0.791741 0.578812
vt 0.788651 0.579536
vt 0.790987 0.580063
vt 0.709631 0.148358
vt 0.710174 0.149434
vt 0.708120 0.149132
vt 0.709391 0.150607
vt 0.711749 0.151031
vt 0.960402 0.363745
vt 0.588414 0.773507
vt 0.589387 0.772127
vt 0.589712 0.775319
vt 0.590705 0.774158
vt 0.590424 0.770809
vt 0.591616 0.772451
vt 0.591441 0.769175
vt 0.265118 0.713455
vt 0.416713 0.728653
vt 0.415809 0.731731
vt 0.415809 0.727185
vt 0.755744 0.443282
vt 0.752692 0.211590
vt 0.752261 0.213135
vt 0.748435 0.211590
vt 0.684149 0.414669
vt 0.686322 0.416273
vt 0.685326 0.554592
vt 0.682886 0.555042
vt 0.683879 0.553658
vt 0.680692 0.554806
vt 0.792519 0.577608
vt 0.794135 0.577599
vt 0.711555 0.148641
vt 0.797694 0.945499
vt 0.796939 0.947022
vt 0.796939 0.944364
vt 0.978048 0.552570
vt 0.976016 0.552488
vt 0.978048 0.550766
vt 0.252214 0.879469
vt 0.250276 0.881273
vt 0.250171 0.878534
vt 0.537062 0.672461
vt 0.538689 0.674742
vt 0.587312 0.774584
vt 0.587312 0.772132
vt 0.588184 0.770541
vt 0.929567 0.221687
vt 0.931209 0.222827
vt 0.928259 0.222827
vt 0.589376 0.769731
vt 0.027176 0.711030
vt 0.027631 0.709157
vt 0.028238 0.711614
vt 0.029570 0.710873
vt 0.027942 0.707160
vt 0.416696 0.732901
vt 0.416166 0.735205
vt 0.755905 0.212929
vt 0.682851 0.557458
vt 0.682202 0.556151
vt 0.685768 0.554948
vt 0.679874 0.556062
vt 0.678201 0.555575
vt 0.678887 0.554368
vt 0.676482 0.555213
vt 0.676998 0.554111
vt 0.978148 0.107254
vt 0.976016 0.107254
vt 0.978148 0.105982
vt 0.252214 0.882032
vt 0.270708 0.828034
vt 0.269258 0.828520
vt 0.269288 0.825912
vt 0.268332 0.827611
vt 0.268468 0.830223
vt 0.734993 0.162244
vt 0.024384 0.712656
vt 0.024755 0.710692
vt 0.025660 0.713877
vt 0.026941 0.713344
vt 0.025488 0.709394
vt 0.025973 0.707711
vt 0.026164 0.705685
vt 0.026738 0.704230
vt 0.027673 0.704579
vt 0.845095 0.138000
vt 0.845213 0.139274
vt 0.843777 0.138276
vt 0.680848 0.557678
vt 0.678490 0.557699
vt 0.677586 0.556678
vt 0.675036 0.557160
vt 0.673595 0.556768
vt 0.675949 0.553658
vt 0.878423 0.732827
vt 0.879944 0.731111
vt 0.881999 0.732827
vt 0.270708 0.830558
vt 0.268992 0.830400
vt 0.538159 0.677549
vt 0.538291 0.679934
vt 0.674071 0.276701
vt 0.788651 0.246283
vt 0.790947 0.244592
vt 0.790209 0.246898
vt 0.792944 0.246898
vt 0.807593 0.701572
vt 0.809501 0.702173
vt 0.808456 0.702798
vt 0.810398 0.703369
vt 0.809085 0.704031
vt 0.770002 0.113556
vt 0.773250 0.114680
vt 0.769262 0.114680
vt 0.024384 0.704087
vt 0.770794 0.203117
vt 0.771777 0.204280
vt 0.769262 0.204823
vt 0.025714 0.703733
vt 0.846226 0.137673
vt 0.846957 0.139274
vt 0.843911 0.325953
vt 0.847199 0.327428
vt 0.843777 0.327480
vt 0.677667 0.558846
vt 0.676821 0.557863
vt 0.675256 0.557483
vt 0.748435 0.710676
vt 0.750524 0.712254
vt 0.749381 0.713088
vt 0.751464 0.713397
vt 0.755684 0.508180
vt 0.754205 0.508547
vt 0.755034 0.507493
vt 0.751665 0.508010
vt 0.752321 0.506884
vt 0.749788 0.507350
vt 0.750142 0.506176
vt 0.976721 0.653152
vt 0.978082 0.653985
vt 0.976016 0.653985
vt 0.537903 0.682179
vt 0.929571 0.021031
vt 0.930500 0.021997
vt 0.928259 0.021858
vt 0.673595 0.278906
vt 0.928259 0.681517
vt 0.931112 0.681517
vt 0.929235 0.683561
vt 0.685906 0.294010
vt 0.683965 0.293519
vt 0.685573 0.292763
vt 0.681594 0.292619
vt 0.794277 0.246843
vt 0.810589 0.701572
vt 0.811999 0.702706
vt 0.812556 0.703916
vt 0.771592 0.111543
vt 0.774655 0.112806
vt 0.773067 0.203451
vt 0.774151 0.204823
vt 0.848104 0.138950
vt 0.844832 0.325180
vt 0.847391 0.326096
vt 0.674887 0.123710
vt 0.676272 0.124633
vt 0.673595 0.124550
vt 0.674793 0.125480
vt 0.929757 0.424617
vt 0.928663 0.426542
vt 0.928259 0.424290
vt 0.674851 0.558368
vt 0.675801 0.125495
vt 0.677292 0.126435
vt 0.675204 0.126359
vt 0.752767 0.711822
vt 0.753645 0.712931
vt 0.807593 0.280612
vt 0.809306 0.279257
vt 0.809706 0.280612
vt 0.812710 0.279691
vt 0.748435 0.508547
vt 0.549628 0.704791
vt 0.548912 0.705925
vt 0.548356 0.703733
vt 0.547566 0.704869
vt 0.547928 0.706958
vt 0.931247 0.021031
vt 0.993312 0.309931
vt 0.548462 0.709508
vt 0.547404 0.710005
vt 0.547145 0.707953
vt 0.550585 0.711453
vt 0.548498 0.711717
vt 0.610866 0.454674
vt 0.609906 0.453514
vt 0.612616 0.452724
vt 0.599827 0.273187
vt 0.600803 0.274491
vt 0.598516 0.274358
vt 0.601230 0.270264
vt 0.602257 0.272933
vt 0.522015 0.577579
vt 0.520857 0.578747
vt 0.521516 0.575918
vt 0.523027 0.580012
vt 0.521840 0.580993
vt 0.523829 0.582038
vt 0.522240 0.582489
vt 0.792927 0.319756
vt 0.794243 0.321884
vt 0.791719 0.322079
vt 0.675135 0.044940
vt 0.676478 0.048102
vt 0.673595 0.044378
vt 0.525200 0.586549
vt 0.524092 0.587543
vt 0.524486 0.584758
vt 0.862330 0.150581
vt 0.864307 0.151916
vt 0.861361 0.151791
vt 0.526264 0.589623
vt 0.524958 0.590541
vt 0.525833 0.588182
vt 0.526693 0.591065
vt 0.525667 0.592064
vt 0.099857 0.772754
vt 0.100682 0.775599
vt 0.734533 0.530965
vt 0.548263 0.713123
vt 0.608839 0.452300
vt 0.610902 0.452674
vt 0.608652 0.454789
vt 0.607675 0.453360
vt 0.606563 0.451801
vt 0.946993 0.450151
vt 0.946229 0.451758
vt 0.603261 0.274129
vt 0.606402 0.454661
vt 0.605300 0.452964
vt 0.603775 0.452151
vt 0.603847 0.271550
vt 0.604894 0.272753
vt 0.605806 0.274927
vt 0.603773 0.455110
vt 0.602403 0.453813
vt 0.600836 0.453212
vt 0.477139 0.374744
vt 0.475875 0.373737
vt 0.520094 0.581467
vt 0.606505 0.272503
vt 0.523827 0.945816
vt 0.524813 0.944364
vt 0.524813 0.947052
vt 0.607729 0.272733
vt 0.608894 0.273548
vt 0.962713 0.924606
vt 0.960293 0.924606
vt 0.961493 0.923479
vt 0.609850 0.275272
vt 0.607080 0.274490
vt 0.599560 0.454241
vt 0.597953 0.453586
vt 0.479587 0.376323
vt 0.520685 0.583217
vt 0.518344 0.583572
vt 0.539270 0.944483
vt 0.538008 0.947027
vt 0.538008 0.944364
vt 0.609833 0.270719
vt 0.611155 0.271342
vt 0.612373 0.272465
vt 0.612795 0.275831
vt 0.596605 0.454554
vt 0.594886 0.453688
vt 0.482483 0.377547
vt 0.523052 0.584404
vt 0.521415 0.585048
vt 0.519234 0.585590
vt 0.517520 0.586628
vt 0.516817 0.584710
vt 0.516415 0.587956
vt 0.515456 0.585975
vt 0.514294 0.589052
vt 0.615651 0.273036
vt 0.615980 0.276203
vt 0.593465 0.454770
vt 0.591750 0.454133
vt 0.485106 0.379326
vt 0.106091 0.882103
vt 0.106091 0.878534
vt 0.107039 0.880086
vt 0.523957 0.586302
vt 0.522496 0.587029
vt 0.572114 0.769215
vt 0.571107 0.771954
vt 0.569827 0.769270
vt 0.569084 0.771665
vt 0.570116 0.775093
vt 0.517758 0.588375
vt 0.437547 0.946500
vt 0.435882 0.947014
vt 0.437815 0.944364
vt 0.435882 0.944549
vt 0.153508 0.962264
vt 0.151476 0.962694
vt 0.153508 0.960340
vt 0.151586 0.960608
vt 0.618085 0.271828
vt 0.618014 0.275697
vt 0.618915 0.277379
vt 0.590366 0.455407
vt 0.486713 0.379968
vt 0.486050 0.382560
vt 0.827820 0.637462
vt 0.828658 0.638822
vt 0.826024 0.637523
vt 0.677810 0.046457
vt 0.678948 0.048770
vt 0.523443 0.588770
vt 0.574117 0.769175
vt 0.573988 0.771076
vt 0.573636 0.773522
vt 0.574117 0.775287
vt 0.673595 0.611502
vt 0.676810 0.611156
vt 0.674987 0.612727
vt 0.678151 0.612648
vt 0.676369 0.614863
vt 0.124135 0.847256
vt 0.122848 0.848082
vt 0.122848 0.843925
vt 0.619302 0.276600
vt 0.912462 0.049522
vt 0.914387 0.050661
vt 0.911855 0.050661
vt 0.701004 0.166425
vt 0.703922 0.166769
vt 0.701978 0.167711
vt 0.704793 0.168145
vt 0.487510 0.383225
vt 0.486213 0.385940
vt 0.830432 0.637462
vt 0.771335 0.006597
vt 0.772779 0.007698
vt 0.769262 0.007739
vt 0.676622 0.046028
vt 0.679263 0.044694
vt 0.680259 0.048629
vt 0.674996 0.605245
vt 0.676020 0.606623
vt 0.673595 0.605802
vt 0.674508 0.607402
vt 0.677168 0.608297
vt 0.675559 0.609367
vt 0.678467 0.610071
vt 0.679695 0.611051
vt 0.680928 0.612109
vt 0.679465 0.613716
vt 0.682156 0.613168
vt 0.915034 0.049580
vt 0.705702 0.166229
vt 0.706553 0.167709
vt 0.488459 0.384226
vt 0.487796 0.386417
vt 0.486148 0.388971
vt 0.773843 0.006706
vt 0.774952 0.007739
vt 0.865191 0.150581
vt 0.523599 0.591560
vt 0.524247 0.588902
vt 0.681975 0.045072
vt 0.683057 0.046866
vt 0.677500 0.606210
vt 0.678675 0.607426
vt 0.680032 0.609112
vt 0.681313 0.610345
vt 0.792989 0.472529
vt 0.791278 0.471921
vt 0.794199 0.471644
vt 0.682430 0.611167
vt 0.683570 0.612092
vt 0.036262 0.991484
vt 0.036262 0.993183
vt 0.034969 0.991561
vt 0.708119 0.166593
vt 0.708889 0.167803
vt 0.488633 0.387322
vt 0.991390 0.842809
vt 0.993157 0.842809
vt 0.991645 0.843854
vt 0.488301 0.389097
vt 0.486626 0.391347
vt 0.775456 0.006840
vt 0.675372 0.326961
vt 0.524463 0.593088
vt 0.579805 0.711316
vt 0.582547 0.710800
vt 0.580521 0.713036
vt 0.684915 0.044378
vt 0.686308 0.044738
vt 0.684421 0.046833
vt 0.687758 0.045018
vt 0.681688 0.608577
vt 0.682881 0.609596
vt 0.684228 0.610888
vt 0.790342 0.473866
vt 0.788651 0.473061
vt 0.789697 0.471644
vt 0.139140 0.790697
vt 0.137554 0.791212
vt 0.139585 0.789015
vt 0.170142 0.689358
vt 0.168800 0.686682
vt 0.171018 0.687810
vt 0.171347 0.685207
vt 0.710369 0.167197
vt 0.711025 0.168145
vt 0.489191 0.389859
vt 0.488676 0.391543
vt 0.488990 0.392831
vt 0.486793 0.392657
vt 0.487998 0.394481
vt 0.526349 0.593451
vt 0.525176 0.594478
vt 0.524047 0.595521
vt 0.579887 0.708656
vt 0.582741 0.707953
vt 0.679153 0.606174
vt 0.681825 0.606443
vt 0.680399 0.607348
vt 0.683236 0.607838
vt 0.684328 0.608740
vt 0.685443 0.609691
vt 0.977711 0.581704
vt 0.976016 0.581704
vt 0.978052 0.580121
vt 0.976231 0.580195
vt 0.139585 0.792289
vt 0.137904 0.792811
vt 0.508961 0.912832
vt 0.507954 0.915001
vt 0.507954 0.911964
vt 0.170928 0.684111
vt 0.171945 0.682817
vt 0.712391 0.167592
vt 0.993327 0.267486
vt 0.991390 0.267564
vt 0.993327 0.266398
vt 0.991557 0.266354
vt 0.701831 0.330871
vt 0.703397 0.332077
vt 0.701004 0.332032
vt 0.702036 0.332724
vt 0.704775 0.333102
vt 0.491236 0.394442
vt 0.490626 0.395912
vt 0.099627 0.770268
vt 0.100682 0.771694
vt 0.100553 0.769175
vt 0.524765 0.596774
vt 0.523691 0.597805
vt 0.579805 0.706096
vt 0.580340 0.704844
vt 0.583825 0.706654
vt 0.582758 0.703733
vt 0.192707 0.978247
vt 0.192707 0.975971
vt 0.193714 0.976965
vt 0.520712 0.600538
vt 0.518957 0.602146
vt 0.519769 0.599274
vt 0.168155 0.689955
vt 0.166796 0.687291
vt 0.168545 0.688437
vt 0.167807 0.685778
vt 0.169385 0.686930
vt 0.168293 0.684323
vt 0.137732 0.794426
vt 0.169559 0.682967
vt 0.169043 0.685482
vt 0.170666 0.681694
vt 0.171482 0.680460
vt 0.173449 0.681673
vt 0.172166 0.679263
vt 0.704531 0.331241
vt 0.705886 0.332225
vt 0.707299 0.333252
vt 0.493062 0.396198
vt 0.493008 0.397505
vt 0.686000 0.327253
vt 0.880745 0.630766
vt 0.879875 0.629350
vt 0.882030 0.630560
vt 0.678484 0.518836
vt 0.677536 0.517826
vt 0.679206 0.517779
vt 0.676876 0.520404
vt 0.675849 0.519521
vt 0.675276 0.521919
vt 0.674522 0.520945
vt 0.544229 0.829953
vt 0.545977 0.828125
vt 0.545977 0.830522
vt 0.728239 0.027652
vt 0.726954 0.026902
vt 0.728860 0.025419
vt 0.283903 0.827210
vt 0.284990 0.825912
vt 0.285026 0.828236
vt 0.730966 0.075171
vt 0.729033 0.073858
vt 0.731586 0.073978
vt 0.730654 0.076839
vt 0.728568 0.075302
vt 0.727919 0.123180
vt 0.730432 0.125183
vt 0.726917 0.123852
vt 0.792228 0.217386
vt 0.791700 0.216170
vt 0.794342 0.216170
vt 0.752578 0.961349
vt 0.751712 0.962683
vt 0.751712 0.960340
vt 0.073274 0.727498
vt 0.074761 0.727185
vt 0.073224 0.728874
vt 0.606030 0.514675
vt 0.604755 0.514594
vt 0.606710 0.512929
vt 0.962290 0.306415
vt 0.960293 0.305105
vt 0.962758 0.305105
vt 0.960293 0.578036
vt 0.962714 0.578886
vt 0.960293 0.579817
vt 0.878423 0.630766
vt 0.733078 0.897426
vt 0.731833 0.896916
vt 0.734571 0.895934
vt 0.731394 0.895314
vt 0.497936 0.605295
vt 0.499158 0.604268
vt 0.499244 0.606826
vt 0.897696 0.193155
vt 0.895986 0.191627
vt 0.898564 0.191627
vt 0.731394 0.898520
vt 0.496959 0.604360
vt 0.497873 0.602821
vt 0.498663 0.601106
vt 0.673889 0.519747
vt 0.895340 0.193690
vt 0.495330 0.602152
vt 0.496443 0.601115
vt 0.497244 0.599499
vt 0.497805 0.597643
vt 0.339978 0.991561
vt 0.338663 0.992976
vt 0.338663 0.991485
vt 0.493105 0.601668
vt 0.494149 0.600761
vt 0.494050 0.602595
vt 0.993120 0.973069
vt 0.991390 0.973069
vt 0.991988 0.971703
vt 0.495475 0.600163
vt 0.496688 0.599093
vt 0.812572 0.594708
vt 0.811457 0.597288
vt 0.810944 0.594977
vt 0.808328 0.596139
vt 0.808881 0.594830
vt 0.791488 0.441305
vt 0.544398 0.827550
vt 0.545022 0.825912
vt 0.493041 0.599493
vt 0.494155 0.598589
vt 0.495139 0.597281
vt 0.495810 0.595534
vt 0.807593 0.597288
vt 0.790715 0.442617
vt 0.788651 0.441359
vt 0.035113 0.929525
vt 0.036110 0.928272
vt 0.036110 0.931153
vt 0.725951 0.028221
vt 0.727794 0.128055
vt 0.728587 0.129367
vt 0.725951 0.128255
vt 0.727021 0.129891
vt 0.492097 0.598606
vt 0.493050 0.597377
vt 0.494140 0.596258
vt 0.792812 0.672838
vt 0.791395 0.670543
vt 0.794125 0.672101
vt 0.494589 0.594219
vt 0.495711 0.593027
vt 0.497415 0.594744
vt 0.496976 0.591800
vt 0.726705 0.126580
vt 0.728767 0.127127
vt 0.730108 0.128760
vt 0.731036 0.130163
vt 0.387832 0.755602
vt 0.385393 0.753702
vt 0.387492 0.754377
vt 0.386401 0.751935
vt 0.492963 0.594962
vt 0.493983 0.593634
vt 0.790062 0.672838
vt 0.788651 0.672287
vt 0.944450 0.593420
vt 0.947020 0.593420
vt 0.945188 0.594310
vt 0.034841 0.945618
vt 0.036082 0.944364
vt 0.036082 0.947112
vt 0.495636 0.590477
vt 0.496236 0.588843
vt 0.725951 0.073340
vt 0.731419 0.127972
vt 0.733128 0.129840
vt 0.383702 0.752783
vt 0.384422 0.751083
vt 0.387832 0.748857
vt 0.492385 0.591859
vt 0.135520 0.929309
vt 0.137116 0.928272
vt 0.137116 0.931113
vt 0.559005 0.727185
vt 0.557930 0.729905
vt 0.557457 0.728050
vt 0.556400 0.730702
vt 0.555995 0.729093
vt 0.423326 0.881325
vt 0.424396 0.878533
vt 0.424396 0.882056
vt 0.494716 0.587569
vt 0.495796 0.586213
vt 0.728905 0.125677
vt 0.733183 0.127460
vt 0.734782 0.129139
vt 0.914051 0.623295
vt 0.911856 0.621982
vt 0.914965 0.621982
vt 0.152352 0.911964
vt 0.152352 0.915048
vt 0.151320 0.913582
vt 0.271759 0.754359
vt 0.275546 0.752090
vt 0.271935 0.755707
vt 0.878423 0.774910
vt 0.882019 0.774910
vt 0.881466 0.776046
vt 0.559876 0.731201
vt 0.558409 0.731735
vt 0.559500 0.729522
vt 0.556842 0.732347
vt 0.156852 0.656974
vt 0.160150 0.655469
vt 0.156932 0.658196
vt 0.911856 0.206733
vt 0.915028 0.206733
vt 0.913975 0.207793
vt 0.945889 0.637050
vt 0.947008 0.638024
vt 0.944450 0.638024
vt 0.882066 0.326809
vt 0.879379 0.326809
vt 0.881107 0.325462
vt 0.878423 0.325502
vt 0.495049 0.583757
vt 0.734760 0.326013
vt 0.732148 0.325963
vt 0.732170 0.324239
vt 0.728752 0.323720
vt 0.729196 0.322439
vt 0.726529 0.323400
vt 0.726890 0.321981
vt 0.665903 0.729158
vt 0.664211 0.729897
vt 0.665918 0.727185
vt 0.664111 0.728236
vt 0.662566 0.730597
vt 0.271813 0.751549
vt 0.273619 0.749852
vt 0.558737 0.733148
vt 0.557310 0.733982
vt 0.555995 0.734891
vt 0.158079 0.654391
vt 0.159776 0.653109
vt 0.160829 0.654169
vt 0.161317 0.651946
vt 0.494042 0.585101
vt 0.493634 0.582865
vt 0.494360 0.581598
vt 0.789439 0.217232
vt 0.788651 0.216227
vt 0.729131 0.325849
vt 0.726000 0.324509
vt 0.991390 0.252247
vt 0.993327 0.251758
vt 0.993327 0.253159
vt 0.665918 0.730938
vt 0.664231 0.731751
vt 0.443000 0.896385
vt 0.441934 0.898677
vt 0.441934 0.895314
vt 0.164863 0.830546
vt 0.164863 0.825912
vt 0.165759 0.829022
vt 0.167744 0.827297
vt 0.271759 0.748857
vt 0.897379 0.671443
vt 0.898562 0.672306
vt 0.895340 0.672306
vt 0.156871 0.657204
vt 0.153884 0.654634
vt 0.157145 0.655789
vt 0.156479 0.653239
vt 0.864046 0.808556
vt 0.862554 0.807659
vt 0.865101 0.807690
vt 0.156197 0.651764
vt 0.156483 0.650326
vt 0.160711 0.649655
vt 0.493512 0.580603
vt 0.162416 0.648754
vt 0.161539 0.650697
vt 0.493837 0.579626
vt 0.607799 0.513615
vt 0.605620 0.514120
vt 0.606371 0.512641
vt 0.604077 0.513203
vt 0.579995 0.962709
vt 0.579995 0.960340
vt 0.580865 0.961487
vt 0.582539 0.945116
vt 0.581522 0.947028
vt 0.581522 0.944364
vt 0.725951 0.326013
vt 0.665866 0.732704
vt 0.664287 0.733360
vt 0.662768 0.733935
vt 0.790491 0.898519
vt 0.792201 0.896513
vt 0.793561 0.898519
vt 0.792914 0.895314
vt 0.168093 0.826162
vt 0.792796 0.489285
vt 0.791435 0.488268
vt 0.794050 0.488206
vt 0.792683 0.487061
vt 0.789989 0.487191
vt 0.154206 0.651963
vt 0.154396 0.650464
vt 0.861361 0.808556
vt 0.154953 0.649025
vt 0.157202 0.647996
vt 0.159710 0.647223
vt 0.161697 0.646500
vt 0.493763 0.577405
vt 0.007586 0.769175
vt 0.007434 0.771683
vt 0.006692 0.770498
vt 0.006666 0.772696
vt 0.603383 0.514404
vt 0.601848 0.513956
vt 0.602240 0.511776
vt 0.600017 0.513008
vt 0.664386 0.734831
vt 0.879283 0.208082
vt 0.882115 0.209162
vt 0.878423 0.209162
vt 0.711370 0.588221
vt 0.707834 0.590544
vt 0.710127 0.587580
vt 0.707428 0.587580
vt 0.794139 0.490212
vt 0.791654 0.490212
vt 0.790250 0.489223
vt 0.844965 0.182696
vt 0.847235 0.183772
vt 0.843777 0.183772
vt 0.788651 0.488020
vt 0.151814 0.650570
vt 0.151092 0.648845
vt 0.153026 0.647590
vt 0.156325 0.646833
vt 0.158608 0.646050
vt 0.160369 0.645276
vt 0.160493 0.644002
vt 0.493806 0.574961
vt 0.604638 0.517835
vt 0.602513 0.514709
vt 0.007430 0.773817
vt 0.006597 0.774986
vt 0.601325 0.515302
vt 0.598727 0.512358
vt 0.928259 0.108045
vt 0.931242 0.108045
vt 0.929759 0.108926
vt 0.728891 0.728334
vt 0.727927 0.729634
vt 0.728002 0.727185
vt 0.898518 0.872198
vt 0.895340 0.872849
vt 0.895340 0.871574
vt 0.726886 0.731037
vt 0.726991 0.728329
vt 0.705087 0.590090
vt 0.704420 0.588015
vt 0.789058 0.490191
vt 0.846074 0.181593
vt 0.848059 0.182517
vt 0.008991 0.705327
vt 0.007909 0.706777
vt 0.007991 0.704031
vt 0.006766 0.705602
vt 0.006597 0.708534
vt 0.150217 0.645871
vt 0.152879 0.644930
vt 0.156865 0.644639
vt 0.158465 0.643796
vt 0.160087 0.643090
vt 0.493060 0.576248
vt 0.492864 0.574077
vt 0.493475 0.573017
vt 0.493269 0.570898
vt 0.978037 0.782793
vt 0.976016 0.782282
vt 0.978037 0.781474
vt 0.676693 0.379566
vt 0.677308 0.380897
vt 0.674396 0.379237
vt 0.677980 0.378966
vt 0.678596 0.380240
vt 0.679656 0.378567
vt 0.680606 0.380022
vt 0.681482 0.378165
vt 0.683141 0.379961
vt 0.684291 0.378100
vt 0.684903 0.379357
vt 0.725951 0.043847
vt 0.726200 0.041416
vt 0.728576 0.042800
vt 0.489979 0.013546
vt 0.489188 0.012252
vt 0.492959 0.012077
vt 0.488184 0.013810
vt 0.488672 0.010724
vt 0.486225 0.014447
vt 0.485227 0.013515
vt 0.080824 0.862512
vt 0.079113 0.863532
vt 0.080154 0.861305
vt 0.482792 0.015578
vt 0.482134 0.014165
vt 0.485346 0.013665
vt 0.480239 0.017916
vt 0.480087 0.015726
vt 0.478401 0.016924
vt 0.493468 0.568738
vt 0.607060 0.607729
vt 0.675472 0.381011
vt 0.605383 0.608218
vt 0.605041 0.606843
vt 0.847769 0.615231
vt 0.846117 0.615012
vt 0.847995 0.613936
vt 0.846416 0.613682
vt 0.843777 0.615231
vt 0.604429 0.603788
vt 0.602584 0.607838
vt 0.602439 0.606122
vt 0.604390 0.607478
vt 0.604102 0.606024
vt 0.602591 0.604097
vt 0.603197 0.601664
vt 0.090639 0.676019
vt 0.600236 0.608696
vt 0.599547 0.607524
vt 0.600681 0.604306
vt 0.601589 0.601570
vt 0.091034 0.677796
vt 0.089095 0.679624
vt 0.623092 0.192020
vt 0.686184 0.381011
vt 0.597011 0.608183
vt 0.598076 0.605047
vt 0.598837 0.602426
vt 0.090984 0.680651
vt 0.089405 0.681922
vt 0.622585 0.194090
vt 0.620728 0.193472
vt 0.686547 0.378653
vt 0.136628 0.977422
vt 0.137827 0.975971
vt 0.137827 0.978248
vt 0.495184 0.735031
vt 0.493936 0.732499
vt 0.496069 0.733330
vt 0.496069 0.730211
vt 0.594234 0.606679
vt 0.594459 0.604401
vt 0.594659 0.602237
vt 0.089664 0.684618
vt 0.088283 0.685374
vt 0.620743 0.197368
vt 0.618086 0.194530
vt 0.861361 0.720262
vt 0.865105 0.720262
vt 0.863739 0.721447
vt 0.827166 0.490974
vt 0.828929 0.492175
vt 0.826321 0.492124
vt 0.664924 0.914970
vt 0.664924 0.911964
vt 0.666165 0.913869
vt 0.593183 0.912640
vt 0.594240 0.911964
vt 0.594240 0.914989
vt 0.494328 0.729312
vt 0.495136 0.727185
vt 0.591988 0.604403
vt 0.592724 0.601804
vt 0.090303 0.686797
vt 0.088726 0.688003
vt 0.619919 0.199651
vt 0.617220 0.196464
vt 0.614916 0.193598
vt 0.826024 0.489929
vt 0.829096 0.489929
vt 0.830419 0.491042
vt 0.398267 0.862835
vt 0.396520 0.863149
vt 0.397844 0.861305
vt 0.396215 0.861515
vt 0.790010 0.260093
vt 0.791509 0.261364
vt 0.788651 0.261239
vt 0.790576 0.262664
vt 0.437905 0.929817
vt 0.436674 0.931090
vt 0.436674 0.928272
vt 0.590366 0.601547
vt 0.090873 0.689398
vt 0.089405 0.690377
vt 0.618852 0.201555
vt 0.616184 0.198126
vt 0.614134 0.196170
vt 0.612459 0.195504
vt 0.485566 0.010225
vt 0.487774 0.009250
vt 0.484524 0.008849
vt 0.396215 0.865204
vt 0.483744 0.006689
vt 0.486198 0.008695
vt 0.792393 0.260093
vt 0.794256 0.261438
vt 0.792189 0.262540
vt 0.499453 0.897383
vt 0.501038 0.895314
vt 0.501038 0.898640
vt 0.590366 0.010135
vt 0.593426 0.010737
vt 0.591142 0.011513
vt 0.594876 0.012310
vt 0.615208 0.200470
vt 0.612982 0.197308
vt 0.597488 0.014170
vt 0.598986 0.015607
vt 0.596375 0.015147
vt 0.597823 0.016537
vt 0.611297 0.196463
vt 0.609637 0.194603
vt 0.079113 0.861658
vt 0.483626 0.013854
vt 0.483377 0.011469
vt 0.482293 0.010301
vt 0.481684 0.007837
vt 0.627727 0.880813
vt 0.626717 0.882029
vt 0.626717 0.878534
vt 0.725951 0.242891
vt 0.729373 0.243684
vt 0.726327 0.245156
vt 0.729991 0.245755
vt 0.591382 0.008880
vt 0.594991 0.009760
vt 0.597589 0.011839
vt 0.599048 0.013323
vt 0.600541 0.014770
vt 0.602226 0.016183
vt 0.600780 0.017003
vt 0.603342 0.017418
vt 0.607074 0.194203
vt 0.079115 0.865279
vt 0.481194 0.013062
vt 0.481293 0.009450
vt 0.543973 0.895314
vt 0.543994 0.897687
vt 0.542970 0.896353
vt 0.542970 0.898664
vt 0.480040 0.008355
vt 0.811132 0.038353
vt 0.809067 0.037240
vt 0.812829 0.037240
vt 0.861361 0.341677
vt 0.865165 0.341677
vt 0.862436 0.342993
vt 0.597081 0.008487
vt 0.598285 0.009861
vt 0.594426 0.008639
vt 0.733546 0.242891
vt 0.734913 0.243663
vt 0.599403 0.011180
vt 0.601413 0.012936
vt 0.771616 0.632740
vt 0.772297 0.634764
vt 0.769262 0.634764
vt 0.602008 0.013972
vt 0.603076 0.015242
vt 0.610046 0.196330
vt 0.607379 0.196302
vt 0.608495 0.194453
vt 0.605907 0.196152
vt 0.604686 0.193805
vt 0.479020 0.015072
vt 0.479309 0.010982
vt 0.478121 0.009937
vt 0.476659 0.009545
vt 0.807593 0.038275
vt 0.121235 0.930106
vt 0.122326 0.928272
vt 0.122326 0.931139
vt 0.599333 0.008811
vt 0.600618 0.010253
vt 0.788713 0.456776
vt 0.791897 0.457134
vt 0.788651 0.458200
vt 0.791842 0.458449
vt 0.602531 0.012085
vt 0.603900 0.013496
vt 0.774134 0.633136
vt 0.775089 0.634568
vt 0.604709 0.014576
vt 0.605675 0.015757
vt 0.604197 0.016526
vt 0.606601 0.016950
vt 0.603416 0.196024
vt 0.602189 0.194891
vt 0.477800 0.015332
vt 0.872842 0.975971
vt 0.872842 0.978155
vt 0.872145 0.976875
vt 0.477886 0.011479
vt 0.477001 0.009560
vt 0.976016 0.710722
vt 0.978071 0.710722
vt 0.976845 0.711623
vt 0.725029 0.929121
vt 0.724038 0.931072
vt 0.724038 0.928272
vt 0.898638 0.065224
vt 0.895340 0.065224
vt 0.897500 0.064292
vt 0.414091 0.897980
vt 0.412745 0.898658
vt 0.414091 0.895314
vt 0.412486 0.896530
vt 0.824128 0.960340
vt 0.823870 0.962621
vt 0.822256 0.960340
vt 0.601965 0.009433
vt 0.603655 0.011230
vt 0.791953 0.455812
vt 0.794180 0.455812
vt 0.605072 0.012752
vt 0.606053 0.013907
vt 0.606971 0.015023
vt 0.607947 0.016186
vt 0.608932 0.017362
vt 0.607793 0.018179
vt 0.609982 0.018535
vt 0.608845 0.019356
vt 0.610994 0.019618
vt 0.476998 0.014654
vt 0.325100 0.861305
vt 0.325144 0.863903
vt 0.324368 0.862798
vt 0.324368 0.865285
vt 0.476160 0.013181
vt 0.475855 0.009356
vt 0.960293 0.205819
vt 0.962789 0.205819
vt 0.962091 0.206769
vt 0.672974 0.864130
vt 0.674039 0.862424
vt 0.674039 0.865208
vt 0.474222 0.009832
vt 0.475992 0.007508
vt 0.473340 0.006597
vt 0.599509 0.006597
vt 0.601929 0.007048
vt 0.600361 0.007675
vt 0.603378 0.008734
vt 0.604879 0.010474
vt 0.606172 0.011974
vt 0.607171 0.013147
vt 0.608100 0.014246
vt 0.609058 0.015378
vt 0.610063 0.016559
vt 0.788956 0.656297
vt 0.791779 0.656689
vt 0.788968 0.657348
vt 0.611108 0.017752
vt 0.801382 0.977924
vt 0.800320 0.978142
vt 0.801494 0.975971
vt 0.800320 0.976326
vt 0.977281 0.624178
vt 0.978072 0.625230
vt 0.976016 0.625230
vt 0.649284 0.463421
vt 0.651491 0.463595
vt 0.650119 0.464186
vt 0.765785 0.807716
vt 0.764589 0.810654
vt 0.764589 0.808656
vt 0.649584 0.462613
vt 0.649178 0.459434
vt 0.259344 0.789015
vt 0.260313 0.789830
vt 0.258695 0.790731
vt 0.652979 0.638523
vt 0.193818 0.931132
vt 0.650317 0.636019
vt 0.649174 0.637256
vt 0.648782 0.634403
vt 0.707839 0.444640
vt 0.434410 0.026041
vt 0.807593 0.536772
vt 0.437436 0.024720
vt 0.439408 0.024462
vt 0.650865 0.462098
vt 0.652794 0.463472
vt 0.765825 0.809769
vt 0.764719 0.812509
vt 0.652535 0.461023
vt 0.651770 0.459577
vt 0.654757 0.458961
vt 0.398231 0.634746
vt 0.399050 0.635717
vt 0.398094 0.637083
vt 0.398923 0.638196
vt 0.397940 0.639428
vt 0.398787 0.640674
vt 0.397728 0.641755
vt 0.398622 0.643155
vt 0.397541 0.644322
vt 0.634703 0.727185
vt 0.634691 0.729663
vt 0.633598 0.728305
vt 0.633701 0.730837
vt 0.634999 0.732144
vt 0.633598 0.733439
vt 0.633872 0.734945
vt 0.399686 0.642052
vt 0.399547 0.644609
vt 0.257880 0.791856
vt 0.734543 0.547428
vt 0.732139 0.547485
vt 0.733412 0.546524
vt 0.731024 0.546572
vt 0.729875 0.547548
vt 0.728523 0.546628
vt 0.727397 0.547610
vt 0.726200 0.546658
vt 0.962764 0.463228
vt 0.960293 0.463228
vt 0.961583 0.462239
vt 0.400627 0.643376
vt 0.400496 0.646104
vt 0.651704 0.637157
vt 0.654305 0.637469
vt 0.655466 0.638846
vt 0.657061 0.637013
vt 0.658123 0.638462
vt 0.731541 0.548544
vt 0.728733 0.548581
vt 0.725951 0.548592
vt 0.364484 0.703733
vt 0.365476 0.705260
vt 0.362491 0.706402
vt 0.363965 0.707918
vt 0.362331 0.709109
vt 0.362331 0.710790
vt 0.401465 0.647629
vt 0.653031 0.635730
vt 0.655951 0.634843
vt 0.733566 0.549685
vt 0.730234 0.549619
vt 0.727522 0.549685
vt 0.257803 0.676929
vt 0.258582 0.678353
vt 0.256841 0.679597
vt 0.257688 0.681066
vt 0.960293 0.135841
vt 0.961590 0.134823
vt 0.962790 0.135841
vt 0.364637 0.706847
vt 0.365647 0.709302
vt 0.364540 0.712027
vt 0.362853 0.713344
vt 0.402305 0.649009
vt 0.705638 0.443739
vt 0.702764 0.444183
vt 0.703318 0.442901
vt 0.701004 0.443337
vt 0.651609 0.635189
vt 0.654628 0.632957
vt 0.007922 0.673715
vt 0.007798 0.676988
vt 0.006597 0.675783
vt 0.259934 0.672461
vt 0.260791 0.673859
vt 0.258272 0.675583
vt 0.260166 0.676942
vt 0.260804 0.679908
vt 0.260302 0.682822
vt 0.256663 0.683585
vt 0.259637 0.685587
vt 0.257755 0.686363
vt 0.260804 0.688686
vt 0.259912 0.689586
vt 0.769262 0.711699
vt 0.704613 0.445068
vt 0.911855 0.794999
vt 0.914960 0.794999
vt 0.913062 0.796046
vt 0.356579 0.898685
vt 0.355297 0.896593
vt 0.356579 0.895314
vt 0.430833 0.032181
vt 0.431020 0.035257
vt 0.429761 0.033319
vt 0.008931 0.675627
vt 0.008775 0.678810
vt 0.007670 0.680139
vt 0.008899 0.681542
vt 0.007678 0.683002
vt 0.008868 0.684539
vt 0.007567 0.685969
vt 0.008810 0.687539
vt 0.007441 0.688810
vt 0.911856 0.563881
vt 0.914956 0.563881
vt 0.912627 0.565580
vt 0.928259 0.382569
vt 0.930016 0.381250
vt 0.931182 0.382569
vt 0.898567 0.470517
vt 0.895736 0.470517
vt 0.897355 0.469325
vt 0.895340 0.469181
vt 0.770539 0.710878
vt 0.432314 0.026572
vt 0.434153 0.028842
vt 0.432685 0.029706
vt 0.434572 0.031837
vt 0.433101 0.034336
vt 0.432279 0.037118
vt 0.009885 0.677472
vt 0.009737 0.680511
vt 0.182019 0.807716
vt 0.183740 0.808822
vt 0.182019 0.810928
vt 0.182654 0.812626
vt 0.010109 0.683098
vt 0.009995 0.686160
vt 0.009763 0.689109
vt 0.023288 0.789015
vt 0.023288 0.791083
vt 0.021019 0.791039
vt 0.023282 0.794051
vt 0.022025 0.794456
vt 0.769284 0.709829
vt 0.772022 0.709890
vt 0.774986 0.709829
vt 0.436541 0.025655
vt 0.435705 0.028080
vt 0.436603 0.031181
vt 0.231202 0.730790
vt 0.229863 0.727635
vt 0.231376 0.728511
vt 0.009634 0.672461
vt 0.010972 0.673337
vt 0.009819 0.674770
vt 0.011102 0.675971
vt 0.011238 0.678728
vt 0.895340 0.570228
vt 0.898531 0.570228
vt 0.896434 0.571945
vt 0.911855 0.580194
vt 0.914312 0.578775
vt 0.914969 0.580194
vt 0.011333 0.681653
vt 0.011384 0.684698
vt 0.010887 0.687773
vt 0.452190 0.928272
vt 0.452190 0.931093
vt 0.451099 0.929006
vt 0.499586 0.865242
vt 0.498672 0.863898
vt 0.499709 0.862589
vt 0.498672 0.861305
vt 0.725951 0.162880
vt 0.727550 0.162244
vt 0.728564 0.163686
vt 0.730032 0.162574
vt 0.438336 0.027897
vt 0.439040 0.030792
vt 0.231376 0.733327
vt 0.229970 0.730364
vt 0.228553 0.727185
vt 0.012284 0.674531
vt 0.012196 0.677565
vt 0.649738 0.825912
vt 0.650739 0.827403
vt 0.649738 0.828990
vt 0.650717 0.830533
vt 0.928259 0.469455
vt 0.929917 0.468377
vt 0.931185 0.469455
vt 0.431740 0.040538
vt 0.432014 0.043513
vt 0.430466 0.041766
vt 0.429761 0.044867
vt 0.431260 0.046551
vt 0.012284 0.686405
vt 0.011894 0.689335
vt 0.010537 0.690538
vt 0.181148 0.898690
vt 0.182492 0.895960
vt 0.182771 0.898191
vt 0.843777 0.674341
vt 0.845463 0.672310
vt 0.846318 0.674162
vt 0.847963 0.674341
vt 0.684536 0.276461
vt 0.683109 0.277539
vt 0.681953 0.276462
vt 0.680633 0.277449
vt 0.440506 0.027664
vt 0.440476 0.030148
vt 0.231081 0.735027
vt 0.229752 0.732401
vt 0.228576 0.729800
vt 0.435303 0.033829
vt 0.434282 0.036528
vt 0.432913 0.034635
vt 0.432861 0.037615
vt 0.861361 0.107599
vt 0.864026 0.107523
vt 0.862416 0.108585
vt 0.865208 0.108585
vt 0.433043 0.039351
vt 0.433609 0.042283
vt 0.433589 0.045142
vt 0.436124 0.047441
vt 0.432498 0.049205
vt 0.436057 0.050021
vt 0.181148 0.895314
vt 0.687170 0.278188
vt 0.684429 0.278453
vt 0.685933 0.277219
vt 0.681841 0.278447
vt 0.679078 0.278627
vt 0.442902 0.027711
vt 0.442062 0.029653
vt 0.440700 0.031525
vt 0.437810 0.031747
vt 0.230370 0.735232
vt 0.228252 0.731748
vt 0.436928 0.032955
vt 0.436886 0.035713
vt 0.437058 0.038453
vt 0.435407 0.041104
vt 0.435175 0.043892
vt 0.437500 0.046247
vt 0.438610 0.048466
vt 0.437773 0.051123
vt 0.435175 0.052872
vt 0.435962 0.054292
vt 0.683114 0.279385
vt 0.680663 0.279277
vt 0.435285 0.055383
vt 0.436354 0.056608
vt 0.434716 0.058195
vt 0.436595 0.058912
vt 0.550548 0.708734
vt 0.550071 0.707386
vt 0.605216 0.734947
vt 0.605352 0.729762
vt 0.606194 0.731298
vt 0.755516 0.710676
vt 0.679266 0.125731
vt 0.931134 0.426542
vt 0.677555 0.123779
vt 0.848026 0.325180
vt 0.775338 0.204121
vt 0.775319 0.111979
vt 0.812737 0.266062
vt 0.810239 0.266062
vt 0.811333 0.265054
vt 0.725951 0.641155
vt 0.728575 0.641108
vt 0.726454 0.642460
vt 0.680383 0.293620
vt 0.687030 0.294458
vt 0.682624 0.294569
vt 0.915029 0.349349
vt 0.913334 0.350214
vt 0.911855 0.349349
vt 0.615583 0.454227
vt 0.613519 0.454070
vt 0.614646 0.453002
vt 0.550585 0.706189
vt 0.617007 0.454955
vt 0.614353 0.455407
vt 0.612177 0.455401
vt 0.991390 0.280759
vt 0.993344 0.280759
vt 0.991936 0.281636
vt 0.604421 0.732207
vt 0.604421 0.727185
vt 0.592073 0.274626
vt 0.592824 0.272039
vt 0.594825 0.274962
vt 0.595694 0.271946
vt 0.597329 0.274364
vt 0.598545 0.272367
vt 0.680221 0.126707
vt 0.590366 0.277379
vt 0.591194 0.271372
vt 0.591457 0.276813
vt 0.594095 0.270830
vt 0.597096 0.271043
vt 0.599947 0.270471
vt 0.931156 0.768155
vt 0.929043 0.769185
vt 0.928259 0.768155
vt 0.522983 0.575112
vt 0.678134 0.124753
vt 0.682708 0.124938
vt 0.685253 0.126124
vt 0.686644 0.125128
vt 0.592498 0.270284
vt 0.526477 0.568738
vt 0.525472 0.571608
vt 0.525021 0.570127
vt 0.524071 0.572855
vt 0.524402 0.574066
vt 0.523578 0.576975
vt 0.680044 0.123868
vt 0.684302 0.123949
vt 0.687282 0.124068
vt 0.526970 0.570305
vt 0.526160 0.573947
vt 0.524939 0.575839
vt 0.524101 0.578680
vt 0.675804 0.122854
vt 0.678449 0.122872
vt 0.682610 0.122831
vt 0.685193 0.122906
vt 0.528723 0.570322
vt 0.527545 0.572295
vt 0.408415 0.911964
vt 0.408415 0.915003
vt 0.407094 0.913487
vt 0.978010 0.955137
vt 0.976016 0.955410
vt 0.976016 0.954122
vt 0.526468 0.574901
vt 0.525637 0.578023
vt 0.524657 0.580441
vt 0.788651 0.319756
vt 0.790244 0.319810
vt 0.915031 0.307779
vt 0.913823 0.308630
vt 0.911855 0.307779
vt 0.991390 0.353159
vt 0.993285 0.351608
vt 0.993285 0.353226
vt 0.677362 0.121877
vt 0.680571 0.121800
vt 0.683651 0.121772
vt 0.686131 0.121821
vt 0.529206 0.571656
vt 0.528290 0.575315
vt 0.223447 0.755704
vt 0.223729 0.752540
vt 0.226006 0.754090
vt 0.225804 0.750576
vt 0.227733 0.751358
vt 0.228480 0.749673
vt 0.526280 0.580042
vt 0.525095 0.581990
vt 0.523840 0.582979
vt 0.585429 0.878534
vt 0.585600 0.879785
vt 0.584008 0.880270
vt 0.583929 0.882005
vt 0.991542 0.351709
vt 0.897645 0.006597
vt 0.895340 0.007553
vt 0.895575 0.006597
vt 0.678307 0.120894
vt 0.681906 0.120703
vt 0.828929 0.372467
vt 0.827687 0.374076
vt 0.827340 0.372409
vt 0.826024 0.373932
vt 0.222562 0.769551
vt 0.221302 0.772218
vt 0.220789 0.769996
vt 0.529789 0.574093
vt 0.529015 0.578430
vt 0.223447 0.748865
vt 0.226496 0.748857
vt 0.753036 0.678465
vt 0.748817 0.678749
vt 0.750675 0.677578
vt 0.748435 0.677578
vt 0.526554 0.581148
vt 0.525736 0.583867
vt 0.807593 0.265433
vt 0.653976 0.928272
vt 0.653976 0.931066
vt 0.652761 0.930451
vt 0.585600 0.881462
vt 0.898609 0.007546
vt 0.896644 0.008238
vt 0.677171 0.119891
vt 0.680370 0.119657
vt 0.830471 0.372409
vt 0.829249 0.374256
vt 0.224295 0.769175
vt 0.223119 0.771798
vt 0.224295 0.775544
vt 0.530404 0.577710
vt 0.529442 0.579768
vt 0.755509 0.678377
vt 0.754913 0.679335
vt 0.751605 0.679589
vt 0.911856 0.063856
vt 0.915020 0.063856
vt 0.914002 0.065252
vt 0.527159 0.583061
vt 0.526452 0.585799
vt 0.729188 0.642363
vt 0.731278 0.640831
vt 0.731956 0.642098
vt 0.733693 0.641141
vt 0.734450 0.642460
vt 0.675441 0.119055
vt 0.677798 0.118904
vt 0.682264 0.118332
vt 0.392833 0.928272
vt 0.394211 0.929716
vt 0.392833 0.931093
vt 0.687661 0.081045
vt 0.683791 0.080802
vt 0.685682 0.079820
vt 0.683067 0.079417
vt 0.680399 0.080588
vt 0.679303 0.079407
vt 0.991390 0.698783
vt 0.993207 0.698783
vt 0.992030 0.699859
vt 0.530846 0.578789
vt 0.529775 0.895314
vt 0.529775 0.898664
vt 0.528719 0.896030
vt 0.752268 0.680723
vt 0.749845 0.680843
vt 0.749339 0.679650
vt 0.528667 0.582275
vt 0.527735 0.584883
vt 0.812624 0.610714
vt 0.810433 0.612015
vt 0.811297 0.610483
vt 0.808701 0.610483
vt 0.807593 0.611280
vt 0.679217 0.292579
vt 0.677526 0.293648
vt 0.676665 0.292579
vt 0.674602 0.293709
vt 0.733127 0.639574
vt 0.673595 0.118350
vt 0.676708 0.117890
vt 0.679106 0.117708
vt 0.896666 0.441584
vt 0.895340 0.439185
vt 0.898515 0.439185
vt 0.684753 0.082126
vt 0.682014 0.081738
vt 0.678750 0.081479
vt 0.124680 0.703733
vt 0.126004 0.704748
vt 0.125072 0.706445
vt 0.126206 0.707534
vt 0.124680 0.709744
vt 0.126505 0.710414
vt 0.124773 0.713003
vt 0.126426 0.713745
vt 0.529236 0.584217
vt 0.528228 0.586514
vt 0.526818 0.587226
vt 0.527502 0.588991
vt 0.679896 0.294543
vt 0.676567 0.294598
vt 0.673595 0.294635
vt 0.788651 0.067954
vt 0.789437 0.066932
vt 0.791754 0.068467
vt 0.792333 0.066932
vt 0.794388 0.067642
vt 0.540168 0.752752
vt 0.539533 0.749522
vt 0.540716 0.750375
vt 0.993183 0.713054
vt 0.993183 0.714336
vt 0.991390 0.714334
vt 0.195357 0.991485
vt 0.194368 0.993075
vt 0.193947 0.991485
vt 0.683858 0.082990
vt 0.679723 0.082688
vt 0.677365 0.082307
vt 0.676826 0.081009
vt 0.126843 0.705938
vt 0.127859 0.708250
vt 0.695321 0.789015
vt 0.695611 0.792805
vt 0.694549 0.791702
vt 0.694549 0.794286
vt 0.530776 0.583745
vt 0.529741 0.585913
vt 0.528874 0.588399
vt 0.527978 0.590497
vt 0.769595 0.188815
vt 0.771768 0.189845
vt 0.769262 0.189922
vt 0.685507 0.295572
vt 0.681464 0.295601
vt 0.678849 0.295553
vt 0.676160 0.295516
vt 0.944450 0.521809
vt 0.946993 0.521809
vt 0.946148 0.523502
vt 0.540716 0.755527
vt 0.539198 0.753806
vt 0.538605 0.750965
vt 0.538396 0.748857
vt 0.685969 0.083443
vt 0.684804 0.084339
vt 0.681384 0.083910
vt 0.678548 0.083507
vt 0.675837 0.083138
vt 0.675110 0.081923
vt 0.673595 0.082763
vt 0.462081 0.070446
vt 0.463565 0.070031
vt 0.464226 0.073993
vt 0.465786 0.073315
vt 0.466802 0.075139
vt 0.468252 0.073372
vt 0.530286 0.587819
vt 0.529390 0.589987
vt 0.962172 0.696192
vt 0.960293 0.694857
vt 0.962725 0.694857
vt 0.771840 0.188739
vt 0.774344 0.189922
vt 0.494441 0.398555
vt 0.708902 0.332666
vt 0.706779 0.331157
vt 0.703716 0.330694
vt 0.705902 0.330532
vt 0.169053 0.678764
vt 0.167819 0.680036
vt 0.167649 0.681535
vt 0.166913 0.683000
vt 0.518871 0.604462
vt 0.518149 0.602995
vt 0.520256 0.603100
vt 0.522515 0.598920
vt 0.521874 0.601506
vt 0.523398 0.600006
vt 0.524449 0.598974
vt 0.525944 0.595682
vt 0.525604 0.597837
vt 0.526807 0.596652
vt 0.709868 0.333354
vt 0.711002 0.332363
vt 0.709401 0.331255
vt 0.712064 0.331287
vt 0.171809 0.677972
vt 0.171568 0.675228
vt 0.172343 0.676766
vt 0.172111 0.674023
vt 0.708529 0.330606
vt 0.711051 0.330532
vt 0.679479 0.519630
vt 0.169870 0.676142
vt 0.170841 0.673583
vt 0.171681 0.672461
vt 0.680837 0.520277
vt 0.678282 0.520955
vt 0.166796 0.676865
vt 0.168935 0.674423
vt 0.683010 0.520648
vt 0.679322 0.521744
vt 0.676346 0.522600
vt 0.673595 0.523417
vt 0.749378 0.074018
vt 0.752320 0.074430
vt 0.750539 0.075063
vt 0.753795 0.075730
vt 0.755062 0.074578
vt 0.685896 0.519938
vt 0.685063 0.521203
vt 0.681986 0.521947
vt 0.678314 0.522966
vt 0.733306 0.027057
vt 0.730569 0.027023
vt 0.731602 0.026192
vt 0.748435 0.073168
vt 0.750945 0.073209
vt 0.753463 0.073215
vt 0.755941 0.073168
vt 0.683738 0.522643
vt 0.680450 0.523417
vt 0.735176 0.027898
vt 0.732337 0.028221
vt 0.861361 0.515959
vt 0.865150 0.515959
vt 0.863316 0.516883
vt 0.285011 0.830611
vt 0.283903 0.829469
vt 0.517483 0.605826
vt 0.657288 0.618376
vt 0.654258 0.617947
vt 0.656260 0.617051
vt 0.653822 0.615553
vt 0.651716 0.616857
vt 0.651280 0.614109
vt 0.648883 0.616457
vt 0.648636 0.612777
vt 0.646680 0.614497
vt 0.645367 0.613602
vt 0.794887 0.931052
vt 0.794887 0.928272
vt 0.796002 0.930456
vt 0.643788 0.614795
vt 0.642563 0.613731
vt 0.640862 0.616812
vt 0.639690 0.616230
vt 0.603140 0.848024
vt 0.603161 0.846096
vt 0.604088 0.847384
vt 0.604081 0.845428
vt 0.603140 0.843925
vt 0.658198 0.619762
vt 0.655286 0.619195
vt 0.652256 0.619033
vt 0.649750 0.618167
vt 0.646894 0.618315
vt 0.644366 0.618067
vt 0.642065 0.617295
vt 0.962771 0.392716
vt 0.960293 0.392716
vt 0.962053 0.391766
vt 0.735041 0.073340
vt 0.734354 0.074814
vt 0.732821 0.073948
vt 0.732683 0.076489
vt 0.521466 0.604088
vt 0.181917 0.962741
vt 0.180852 0.961266
vt 0.181917 0.960340
vt 0.976016 0.277795
vt 0.978128 0.277795
vt 0.976992 0.278846
vt 0.865220 0.035057
vt 0.864123 0.036094
vt 0.862529 0.035057
vt 0.861361 0.036061
vt 0.354545 0.991484
vt 0.354613 0.992968
vt 0.353172 0.992968
vt 0.456477 0.789015
vt 0.455766 0.792319
vt 0.455320 0.789522
vt 0.647800 0.619762
vt 0.645346 0.619383
vt 0.642994 0.619008
vt 0.640593 0.619540
vt 0.639638 0.617884
vt 0.978091 0.494535
vt 0.976206 0.495721
vt 0.976016 0.494535
vt 0.865037 0.370821
vt 0.863795 0.371687
vt 0.862641 0.370821
vt 0.861361 0.371636
vt 0.732017 0.077387
vt 0.725951 0.122614
vt 0.712483 0.102240
vt 0.710164 0.101249
vt 0.712532 0.100182
vt 0.710976 0.098046
vt 0.708247 0.099750
vt 0.708358 0.097071
vt 0.705922 0.098712
vt 0.705304 0.096926
vt 0.703768 0.097362
vt 0.457078 0.790940
vt 0.456503 0.793401
vt 0.455320 0.794336
vt 0.976016 0.422565
vt 0.978131 0.422565
vt 0.976537 0.423323
vt 0.167657 0.962747
vt 0.166703 0.961663
vt 0.167657 0.960340
vt 0.792935 0.111785
vt 0.790208 0.111902
vt 0.791256 0.110932
vt 0.788839 0.111085
vt 0.898521 0.887163
vt 0.895910 0.887246
vt 0.897815 0.886043
vt 0.895340 0.886043
vt 0.865093 0.372639
vt 0.862815 0.372541
vt 0.072549 0.734686
vt 0.073839 0.733009
vt 0.074197 0.734442
vt 0.727634 0.122331
vt 0.730538 0.123355
vt 0.524187 0.601275
vt 0.196131 0.962743
vt 0.195112 0.962622
vt 0.196109 0.961010
vt 0.195112 0.960340
vt 0.843777 0.600344
vt 0.844900 0.599418
vt 0.845999 0.600487
vt 0.846929 0.599418
vt 0.848020 0.600477
vt 0.707038 0.099610
vt 0.703281 0.101029
vt 0.701832 0.098771
vt 0.701004 0.097310
vt 0.752396 0.613929
vt 0.755577 0.614135
vt 0.753925 0.615000
vt 0.962815 0.092331
vt 0.961476 0.093044
vt 0.960293 0.092331
vt 0.794270 0.112730
vt 0.791171 0.112788
vt 0.788742 0.112847
vt 0.049723 0.960340
vt 0.051101 0.960340
vt 0.050737 0.962732
vt 0.864168 0.091792
vt 0.861426 0.093090
vt 0.861637 0.091792
vt 0.864000 0.373529
vt 0.071548 0.735376
vt 0.072115 0.733153
vt 0.072196 0.730683
vt 0.072855 0.729994
vt 0.993278 0.540415
vt 0.991390 0.540415
vt 0.992319 0.539499
vt 0.525353 0.600092
vt 0.865202 0.211675
vt 0.862426 0.211675
vt 0.864169 0.210678
vt 0.861361 0.210704
vt 0.976016 0.034791
vt 0.978143 0.036366
vt 0.976498 0.036366
vt 0.946995 0.907050
vt 0.946017 0.907770
vt 0.944450 0.907050
vt 0.108681 0.704011
vt 0.107355 0.709402
vt 0.107355 0.705377
vt 0.704024 0.102240
vt 0.748435 0.612839
vt 0.750595 0.612814
vt 0.749718 0.613791
vt 0.753149 0.612855
vt 0.914890 0.653442
vt 0.912891 0.652123
vt 0.914890 0.650700
vt 0.911855 0.651292
vt 0.791856 0.113687
vt 0.789593 0.113717
vt 0.865141 0.092186
vt 0.863160 0.093280
vt 0.861361 0.094328
vt 0.993143 0.957592
vt 0.992013 0.958508
vt 0.991390 0.957592
vt 0.109653 0.843925
vt 0.109653 0.848106
vt 0.108812 0.844925
vt 0.070264 0.730696
vt 0.070264 0.727936
vt 0.526369 0.599106
vt 0.526321 0.601192
vt 0.411525 0.978210
vt 0.410489 0.977471
vt 0.411525 0.975971
vt 0.962774 0.406803
vt 0.960293 0.406803
vt 0.961316 0.405911
vt 0.977717 0.034873
vt 0.385474 0.847955
vt 0.386891 0.843925
vt 0.386891 0.847577
vt 0.108698 0.707771
vt 0.108164 0.710120
vt 0.749483 0.611927
vt 0.752132 0.611962
vt 0.754649 0.611927
vt 0.793424 0.113599
vt 0.793142 0.114658
vt 0.790577 0.114627
vt 0.788651 0.114658
vt 0.864886 0.093445
vt 0.616298 0.517835
vt 0.614105 0.517778
vt 0.615288 0.516573
vt 0.613154 0.515389
vt 0.612065 0.516889
vt 0.610950 0.511857
vt 0.609945 0.514344
vt 0.608569 0.510503
vt 0.607867 0.514081
vt 0.527721 0.597609
vt 0.527366 0.600173
vt 0.527352 0.602203
vt 0.526204 0.603453
vt 0.383983 0.847845
vt 0.385695 0.844589
vt 0.021565 0.993003
vt 0.020404 0.991484
vt 0.021774 0.991742
vt 0.109498 0.708724
vt 0.108558 0.712025
vt 0.316093 0.713396
vt 0.314598 0.712615
vt 0.316969 0.710906
vt 0.315199 0.710233
vt 0.317318 0.708314
vt 0.315222 0.707838
vt 0.315440 0.706416
vt 0.313253 0.706202
vt 0.314359 0.704397
vt 0.313398 0.703733
vt 0.665556 0.769175
vt 0.665466 0.770693
vt 0.664340 0.770726
vt 0.664509 0.771988
vt 0.369072 0.992738
vt 0.367808 0.992757
vt 0.367808 0.991484
vt 0.663482 0.773321
vt 0.663482 0.771940
vt 0.895340 0.207875
vt 0.895716 0.206885
vt 0.898617 0.207875
vt 0.611085 0.517155
vt 0.609022 0.515579
vt 0.607260 0.516635
vt 0.605518 0.516634
vt 0.492761 0.571691
vt 0.159770 0.641794
vt 0.158648 0.642706
vt 0.156203 0.643221
vt 0.788651 0.291188
vt 0.792390 0.291285
vt 0.791050 0.292298
vt 0.962698 0.636874
vt 0.960293 0.638139
vt 0.960293 0.636142
vt 0.008937 0.708087
vt 0.010181 0.703733
vt 0.010054 0.706589
vt 0.702439 0.589480
vt 0.727975 0.732154
vt 0.728971 0.730695
vt 0.598932 0.514670
vt 0.007586 0.775820
vt 0.602582 0.516726
vt 0.497027 0.978210
vt 0.496211 0.977077
vt 0.497027 0.975971
vt 0.452557 0.960340
vt 0.452557 0.962726
vt 0.451819 0.961279
vt 0.492097 0.572806
vt 0.865113 0.749743
vt 0.862235 0.749833
vt 0.864054 0.748945
vt 0.861361 0.748945
vt 0.882058 0.644713
vt 0.878423 0.644713
vt 0.881173 0.643961
vt 0.911855 0.136706
vt 0.913099 0.136012
vt 0.913930 0.136793
vt 0.915049 0.136012
vt 0.944450 0.508614
vt 0.945166 0.507720
vt 0.947033 0.508614
vt 0.160365 0.640860
vt 0.161583 0.638834
vt 0.162416 0.640578
vt 0.673595 0.378222
vt 0.675436 0.378162
vt 0.158204 0.641276
vt 0.159156 0.638910
vt 0.159944 0.636396
vt 0.161871 0.636178
vt 0.161971 0.634746
vt 0.794258 0.292298
vt 0.154093 0.644049
vt 0.155662 0.641728
vt 0.155613 0.638659
vt 0.157798 0.636669
vt 0.882075 0.282119
vt 0.880030 0.283686
vt 0.879873 0.282462
vt 0.878423 0.283717
vt 0.733317 0.042857
vt 0.731133 0.041516
vt 0.732706 0.041416
vt 0.790701 0.290215
vt 0.793167 0.290185
vt 0.093706 0.960340
vt 0.094710 0.961576
vt 0.093706 0.962747
vt 0.154751 0.642986
vt 0.154350 0.639765
vt 0.895340 0.409379
vt 0.897246 0.411326
vt 0.895340 0.410786
vt 0.895340 0.843085
vt 0.896765 0.842773
vt 0.897027 0.844363
vt 0.898503 0.844199
vt 0.881661 0.283717
vt 0.734069 0.044291
vt 0.730947 0.044189
vt 0.007844 0.709535
vt 0.008893 0.710956
vt 0.152128 0.645090
vt 0.152164 0.643788
vt 0.152802 0.640859
vt 0.944450 0.564982
vt 0.947016 0.564982
vt 0.945481 0.566023
vt 0.896539 0.408760
vt 0.898512 0.410915
vt 0.898503 0.842915
vt 0.735074 0.045476
vt 0.731558 0.045951
vt 0.728654 0.045055
vt 0.010019 0.709495
vt 0.010010 0.712427
vt 0.008856 0.713923
vt 0.243142 0.681403
vt 0.241011 0.678309
vt 0.243468 0.679645
vt 0.242872 0.676671
vt 0.911856 0.035140
vt 0.915032 0.035140
vt 0.913886 0.036327
vt 0.898244 0.408885
vt 0.946995 0.380177
vt 0.944450 0.378389
vt 0.946995 0.378169
vt 0.326868 0.769175
vt 0.327862 0.771573
vt 0.326753 0.772718
vt 0.327924 0.773802
vt 0.326753 0.775593
vt 0.494709 0.016494
vt 0.492027 0.015216
vt 0.494615 0.014462
vt 0.701004 0.588741
vt 0.011169 0.705089
vt 0.011189 0.707759
vt 0.011189 0.710737
vt 0.242106 0.683054
vt 0.239933 0.679898
vt 0.238973 0.677101
vt 0.242174 0.675450
vt 0.240989 0.674264
vt 0.242721 0.672461
vt 0.514081 0.861305
vt 0.514081 0.865232
vt 0.512904 0.863434
vt 0.710026 0.914976
vt 0.709006 0.913649
vt 0.710026 0.911964
vt 0.769262 0.052225
vt 0.771564 0.052185
vt 0.770973 0.053535
vt 0.773403 0.053535
vt 0.775436 0.052702
vt 0.490113 0.015438
vt 0.726886 0.733726
vt 0.238973 0.689601
vt 0.239311 0.686999
vt 0.240850 0.688479
vt 0.240895 0.685671
vt 0.239648 0.684332
vt 0.239763 0.681566
vt 0.105330 0.678158
vt 0.105340 0.680788
vt 0.104229 0.679515
vt 0.104255 0.681754
vt 0.236033 0.915030
vt 0.236033 0.911964
vt 0.237286 0.913837
vt 0.105366 0.683863
vt 0.104229 0.685276
vt 0.105368 0.686287
vt 0.496467 0.020807
vt 0.495070 0.020285
vt 0.496674 0.016949
vt 0.494492 0.017043
vt 0.494058 0.015300
vt 0.489728 0.017820
vt 0.487856 0.016208
vt 0.729141 0.733413
vt 0.728009 0.734755
vt 0.724284 0.830456
vt 0.723273 0.827752
vt 0.725246 0.828665
vt 0.725246 0.825912
vt 0.878423 0.861778
vt 0.881995 0.861778
vt 0.880711 0.862954
vt 0.105317 0.675497
vt 0.106415 0.676575
vt 0.106497 0.679657
vt 0.106548 0.682703
vt 0.106552 0.685404
vt 0.106587 0.688442
vt 0.105398 0.689695
vt 0.630733 0.847996
vt 0.630733 0.843925
vt 0.632113 0.847092
vt 0.606032 0.672990
vt 0.606635 0.676414
vt 0.605498 0.677800
vt 0.606519 0.679093
vt 0.991390 0.512331
vt 0.992137 0.511322
vt 0.993279 0.512331
vt 0.488400 0.017512
vt 0.485929 0.016776
vt 0.895340 0.177455
vt 0.898624 0.177455
vt 0.897427 0.178432
vt 0.596588 0.513136
vt 0.596312 0.514362
vt 0.593337 0.512302
vt 0.593885 0.515066
vt 0.590726 0.513306
vt 0.591583 0.516352
vt 0.590366 0.517554
vt 0.107536 0.675203
vt 0.107588 0.677966
vt 0.107857 0.681783
vt 0.962687 0.681439
vt 0.960293 0.681662
vt 0.960293 0.679542
vt 0.107785 0.684235
vt 0.107791 0.687028
vt 0.107849 0.690192
vt 0.607008 0.672461
vt 0.608560 0.672801
vt 0.607940 0.677073
vt 0.607438 0.680546
vt 0.606441 0.681392
vt 0.607000 0.683477
vt 0.483977 0.017567
vt 0.991390 0.440077
vt 0.992012 0.439051
vt 0.993293 0.440077
vt 0.600782 0.515527
vt 0.598748 0.515973
vt 0.596994 0.517381
vt 0.523946 0.878534
vt 0.525312 0.881104
vt 0.523946 0.882027
vt 0.107448 0.672461
vt 0.108529 0.673577
vt 0.108681 0.676418
vt 0.108720 0.679135
vt 0.681070 0.228714
vt 0.680142 0.229659
vt 0.677611 0.226642
vt 0.676899 0.228699
vt 0.675036 0.228697
vt 0.108970 0.682627
vt 0.108956 0.685344
vt 0.734874 0.197560
vt 0.731231 0.197560
vt 0.734073 0.195809
vt 0.732084 0.193360
vt 0.729140 0.195678
vt 0.727978 0.194762
vt 0.725951 0.196080
vt 0.608560 0.679504
vt 0.608230 0.682131
vt 0.607411 0.685524
vt 0.482083 0.018498
vt 0.600510 0.516537
vt 0.598510 0.517136
vt 0.303052 0.672461
vt 0.303846 0.673561
vt 0.302798 0.674723
vt 0.303988 0.676250
vt 0.302798 0.677585
vt 0.687184 0.229682
vt 0.684728 0.231303
vt 0.685530 0.229186
vt 0.682835 0.228904
vt 0.682234 0.231938
vt 0.679360 0.231210
vt 0.676130 0.230351
vt 0.674149 0.229962
vt 0.673595 0.231938
vt 0.659438 0.442798
vt 0.657459 0.443861
vt 0.656194 0.442687
vt 0.655059 0.443899
vt 0.609893 0.944364
vt 0.610965 0.945388
vt 0.609893 0.947023
vt 0.049670 0.978064
vt 0.051522 0.975971
vt 0.051522 0.978224
vt 0.655196 0.443179
vt 0.652952 0.443968
vt 0.652173 0.442964
vt 0.650006 0.443620
vt 0.488145 0.017967
vt 0.486048 0.018590
vt 0.485385 0.017527
vt 0.483066 0.018825
vt 0.608447 0.684655
vt 0.607888 0.687128
vt 0.480574 0.019053
vt 0.065880 0.789015
vt 0.066880 0.789324
vt 0.065878 0.791161
vt 0.067067 0.791254
vt 0.066237 0.792583
vt 0.067067 0.794480
vt 0.181807 0.865277
vt 0.180957 0.863978
vt 0.182471 0.863206
vt 0.180957 0.861305
vt 0.305145 0.674962
vt 0.304933 0.677536
vt 0.303571 0.678578
vt 0.304538 0.679936
vt 0.303273 0.681088
vt 0.304220 0.682449
vt 0.303111 0.684192
vt 0.303831 0.686262
vt 0.302934 0.687686
vt 0.303326 0.689597
vt 0.566030 0.914988
vt 0.564919 0.913627
vt 0.566030 0.911964
vt 0.659300 0.444534
vt 0.655980 0.444793
vt 0.653539 0.444932
vt 0.651296 0.444854
vt 0.647111 0.443754
vt 0.483387 0.020149
vt 0.480906 0.020202
vt 0.478949 0.020003
vt 0.737784 0.962690
vt 0.737784 0.960340
vt 0.738518 0.961532
vt 0.792550 0.654333
vt 0.793122 0.656229
vt 0.789954 0.653881
vt 0.611476 0.015996
vt 0.610405 0.014717
vt 0.123318 0.898741
vt 0.123318 0.895314
vt 0.124156 0.898035
vt 0.812615 0.325982
vt 0.808658 0.326222
vt 0.811686 0.325032
vt 0.812615 0.327981
vt 0.809328 0.327639
vt 0.495144 0.960340
vt 0.496416 0.962653
vt 0.494303 0.962653
vt 0.605084 0.008464
vt 0.472016 0.008220
vt 0.673038 0.861305
vt 0.474037 0.012968
vt 0.475146 0.013980
vt 0.475885 0.015834
vt 0.793495 0.653589
vt 0.991390 0.020696
vt 0.993379 0.022040
vt 0.991906 0.021983
vt 0.793369 0.653471
vt 0.992827 0.020696
vt 0.960293 0.518962
vt 0.962769 0.518962
vt 0.961241 0.519792
vt 0.788651 0.654608
vt 0.614049 0.016742
vt 0.612504 0.017260
vt 0.790147 0.652384
vt 0.793996 0.652384
vt 0.525985 0.978207
vt 0.525131 0.976956
vt 0.525985 0.975971
vt 0.590366 0.496729
vt 0.613030 0.015410
vt 0.615571 0.016244
vt 0.895340 0.586099
vt 0.895924 0.585140
vt 0.898565 0.586099
vt 0.276387 0.928272
vt 0.278245 0.930399
vt 0.276387 0.931084
vt 0.755691 0.583432
vt 0.754184 0.584425
vt 0.775245 0.309574
vt 0.773063 0.311395
vt 0.771995 0.310328
vt 0.769708 0.311635
vt 0.769262 0.309574
vt 0.611950 0.013902
vt 0.614658 0.014832
vt 0.617189 0.015710
vt 0.617919 0.017040
vt 0.686482 0.361127
vt 0.683412 0.362074
vt 0.685457 0.359682
vt 0.807593 0.325194
vt 0.608182 0.012055
vt 0.610813 0.012708
vt 0.609286 0.013358
vt 0.866094 0.914944
vt 0.866094 0.911964
vt 0.867354 0.913068
vt 0.613590 0.013378
vt 0.616401 0.014197
vt 0.211929 0.735246
vt 0.212428 0.733775
vt 0.214572 0.733881
vt 0.215057 0.732332
vt 0.788651 0.686896
vt 0.790327 0.686033
vt 0.791667 0.687162
vt 0.794182 0.686033
vt 0.680954 0.364905
vt 0.607000 0.010628
vt 0.609691 0.011397
vt 0.612415 0.012118
vt 0.615333 0.012701
vt 0.618333 0.013473
vt 0.212684 0.731930
vt 0.213668 0.728423
vt 0.214555 0.727185
vt 0.621665 0.014192
vt 0.624937 0.015048
vt 0.622788 0.015706
vt 0.625660 0.016610
vt 0.976016 0.881736
vt 0.978007 0.883295
vt 0.976163 0.883295
vt 0.605901 0.009342
vt 0.608544 0.010014
vt 0.611266 0.010504
vt 0.614151 0.011275
vt 0.617243 0.011915
vt 0.620799 0.012472
vt 0.211929 0.728791
vt 0.623803 0.013482
vt 0.626443 0.014525
vt 0.977904 0.881742
vt 0.812775 0.159373
vt 0.597925 0.975971
vt 0.597925 0.978131
vt 0.595774 0.977498
vt 0.993354 0.137174
vt 0.991390 0.138216
vt 0.991390 0.136967
vt 0.607355 0.008555
vt 0.775102 0.541127
vt 0.772706 0.543573
vt 0.773581 0.541491
vt 0.770560 0.541127
vt 0.769262 0.541752
vt 0.612965 0.009811
vt 0.615793 0.010808
vt 0.812584 0.745521
vt 0.811623 0.747137
vt 0.809253 0.745521
vt 0.807593 0.745854
vt 0.619227 0.011142
vt 0.882112 0.151601
vt 0.878423 0.151601
vt 0.879758 0.150364
vt 0.622698 0.011846
vt 0.626015 0.012750
vt 0.748435 0.088925
vt 0.751718 0.090864
vt 0.749469 0.090923
vt 0.701004 0.397809
vt 0.702803 0.396327
vt 0.603683 0.006736
vt 0.606594 0.007976
vt 0.540163 0.882009
vt 0.538722 0.881602
vt 0.540163 0.878897
vt 0.538507 0.878534
vt 0.293917 0.915032
vt 0.292839 0.913709
vt 0.293917 0.911964
vt 0.668023 0.946933
vt 0.669852 0.944364
vt 0.669852 0.946979
vt 0.610187 0.009733
vt 0.611760 0.008416
vt 0.614664 0.009272
vt 0.617822 0.009802
vt 0.621218 0.010410
vt 0.624886 0.011074
vt 0.449834 0.006678
vt 0.447670 0.009392
vt 0.448275 0.006834
vt 0.750963 0.089015
vt 0.753673 0.090713
vt 0.704478 0.395128
vt 0.473170 0.010382
vt 0.470497 0.011853
vt 0.469191 0.010271
vt 0.753268 0.825912
vt 0.753285 0.827932
vt 0.752207 0.827323
vt 0.752163 0.829382
vt 0.753285 0.830496
vt 0.608991 0.008068
vt 0.610566 0.007086
vt 0.613484 0.007742
vt 0.616669 0.008136
vt 0.619848 0.008950
vt 0.623436 0.009545
vt 0.451810 0.007332
vt 0.449057 0.009108
vt 0.446947 0.011498
vt 0.753062 0.088925
vt 0.755967 0.090915
vt 0.706020 0.393382
vt 0.544486 0.807716
vt 0.471606 0.013853
vt 0.469402 0.012610
vt 0.468067 0.010316
vt 0.466877 0.011008
vt 0.465234 0.008326
vt 0.463959 0.009565
vt 0.462217 0.008404
vt 0.612250 0.006603
vt 0.615403 0.006597
vt 0.618493 0.007523
vt 0.621856 0.008184
vt 0.453948 0.008459
vt 0.451426 0.010621
vt 0.449092 0.012570
vt 0.447337 0.014901
vt 0.446084 0.014957
vt 0.445514 0.016681
vt 0.443004 0.015272
vt 0.976016 0.839408
vt 0.978045 0.839408
vt 0.976809 0.840337
vt 0.830500 0.312690
vt 0.829914 0.314044
vt 0.827948 0.312690
vt 0.827192 0.313976
vt 0.826024 0.313373
vt 0.591070 0.811085
vt 0.588848 0.807716
vt 0.591463 0.809993
vt 0.022854 0.915024
vt 0.021105 0.912650
vt 0.022854 0.911964
vt 0.748435 0.568302
vt 0.751057 0.569967
vt 0.749446 0.570237
vt 0.465683 0.012114
vt 0.462670 0.010582
vt 0.460565 0.007753
vt 0.459430 0.009929
vt 0.457431 0.008550
vt 0.456381 0.010649
vt 0.453793 0.012381
vt 0.451851 0.014832
vt 0.449343 0.015867
vt 0.447436 0.017512
vt 0.788651 0.381265
vt 0.792571 0.381170
vt 0.790264 0.382212
vt 0.794283 0.382212
vt 0.443362 0.016634
vt 0.474132 0.014770
vt 0.473293 0.012410
vt 0.471926 0.014712
vt 0.470726 0.013493
vt 0.590900 0.812471
vt 0.588848 0.809600
vt 0.469884 0.011845
vt 0.467197 0.011229
vt 0.468444 0.010137
vt 0.750114 0.568001
vt 0.752759 0.569197
vt 0.753875 0.570237
vt 0.464395 0.012045
vt 0.461381 0.011612
vt 0.458225 0.011493
vt 0.455092 0.011882
vt 0.931142 0.810669
vt 0.929810 0.811859
vt 0.928259 0.810669
vt 0.454151 0.016602
vt 0.452779 0.019145
vt 0.450500 0.019882
vt 0.447350 0.019622
vt 0.443781 0.019193
vt 0.474876 0.016753
vt 0.960293 0.163097
vt 0.962789 0.163097
vt 0.962100 0.164089
vt 0.895340 0.484630
vt 0.896426 0.483712
vt 0.897498 0.484913
vt 0.898573 0.483712
vt 0.589333 0.812053
vt 0.471078 0.014211
vt 0.468639 0.013731
vt 0.748812 0.895314
vt 0.748812 0.898624
vt 0.747766 0.897771
vt 0.751764 0.567358
vt 0.754483 0.568678
vt 0.755610 0.569884
vt 0.463078 0.012495
vt 0.460402 0.013922
vt 0.457759 0.014991
vt 0.455672 0.017046
vt 0.454213 0.019584
vt 0.452385 0.020928
vt 0.450246 0.021667
vt 0.446854 0.021108
vt 0.443368 0.020763
vt 0.444813 0.024548
vt 0.445809 0.025484
vt 0.445257 0.027203
vt 0.446623 0.026218
vt 0.445194 0.027528
vt 0.448909 0.028069
vt 0.447704 0.029471
vt 0.449865 0.028865
vt 0.447992 0.029901
vt 0.450354 0.029294
vt 0.450187 0.031595
vt 0.452864 0.031321
vt 0.450719 0.032220
vt 0.454082 0.032330
vt 0.452603 0.033713
vt 0.456356 0.034164
vt 0.454251 0.035056
vt 0.457506 0.035123
vt 0.455782 0.036334
vt 0.459264 0.036554
vt 0.457066 0.037495
vt 0.460336 0.037470
vt 0.458197 0.038632
vt 0.462589 0.039269
vt 0.459900 0.040080
vt 0.464151 0.040558
vt 0.461984 0.041642
vt 0.463754 0.043098
vt 0.670438 0.882021
vt 0.669407 0.880343
vt 0.670438 0.879912
vt 0.669463 0.878533
vt 0.444375 0.029011
vt 0.446138 0.030462
vt 0.443912 0.031140
vt 0.446872 0.031365
vt 0.445252 0.032405
vt 0.441439 0.032654
vt 0.448309 0.032573
vt 0.446395 0.033555
vt 0.443159 0.034087
vt 0.439599 0.034722
vt 0.448811 0.033312
vt 0.446498 0.034243
vt 0.445691 0.035733
vt 0.441850 0.036297
vt 0.439651 0.037421
vt 0.449687 0.034294
vt 0.448635 0.035793
vt 0.447638 0.037147
vt 0.443323 0.037669
vt 0.441647 0.038897
vt 0.438459 0.039942
vt 0.452962 0.036392
vt 0.449822 0.036993
vt 0.449030 0.038397
vt 0.447588 0.039525
vt 0.444181 0.040406
vt 0.439998 0.041419
vt 0.436201 0.042637
vt 0.453938 0.037441
vt 0.452418 0.038631
vt 0.450350 0.039656
vt 0.449257 0.040821
vt 0.447182 0.041848
vt 0.442603 0.042922
vt 0.438395 0.044219
vt 0.436720 0.045459
vt 0.827803 0.327238
vt 0.828868 0.328045
vt 0.826024 0.327256
vt 0.454510 0.038425
vt 0.453059 0.039741
vt 0.452524 0.041051
vt 0.449164 0.042034
vt 0.447387 0.043175
vt 0.444166 0.044400
vt 0.440937 0.045732
vt 0.438485 0.047033
vt 0.829622 0.327238
vt 0.830526 0.327601
vt 0.439436 0.047734
vt 0.455957 0.039801
vt 0.453852 0.041031
vt 0.453369 0.042314
vt 0.451884 0.043401
vt 0.448565 0.044623
vt 0.445561 0.045936
vt 0.443246 0.047201
vt 0.440401 0.048594
vt 0.439502 0.049555
vt 0.907976 0.928272
vt 0.907976 0.931061
vt 0.907367 0.929337
vt 0.439197 0.050283
vt 0.944450 0.708477
vt 0.947010 0.708477
vt 0.945284 0.709360
vt 0.457737 0.041304
vt 0.456046 0.042551
vt 0.453839 0.043758
vt 0.452512 0.044864
vt 0.449443 0.046228
vt 0.446342 0.047689
vt 0.442459 0.049426
vt 0.249834 0.930369
vt 0.249567 0.931164
vt 0.249567 0.928272
vt 0.442163 0.050200
vt 0.439338 0.051681
vt 0.079544 0.827493
vt 0.078763 0.828383
vt 0.078092 0.825912
vt 0.440498 0.051844
vt 0.437759 0.053273
vt 0.459592 0.042828
vt 0.458132 0.043983
vt 0.455860 0.045204
vt 0.454922 0.046101
vt 0.451879 0.047556
vt 0.448449 0.049218
vt 0.446713 0.050332
vt 0.444924 0.051448
vt 0.442050 0.052989
vt 0.064671 0.828226
vt 0.064897 0.827794
vt 0.064897 0.830730
vt 0.078092 0.830668
vt 0.442434 0.053193
vt 0.441364 0.053960
vt 0.439031 0.055229
vt 0.461738 0.044282
vt 0.460202 0.045295
vt 0.458338 0.046392
vt 0.456700 0.047389
vt 0.453885 0.048909
vt 0.450711 0.050630
vt 0.449986 0.051197
vt 0.447253 0.052728
vt 0.444786 0.054138
vt 0.444500 0.054442
vt 0.064782 0.825912
vt 0.442796 0.055455
vt 0.439714 0.057184
vt 0.437752 0.058335
vt 0.463671 0.045624
vt 0.461810 0.046703
vt 0.459913 0.047811
vt 0.457793 0.049066
vt 0.456365 0.049871
vt 0.452647 0.052138
vt 0.451056 0.053045
vt 0.449199 0.054124
vt 0.447203 0.055290
vt 0.444703 0.056768
vt 0.444468 0.056853
vt 0.442730 0.057865
vt 0.440566 0.059137
vt 0.437917 0.060703
vt 0.438983 0.062651
vt 0.442131 0.060678
vt 0.444624 0.059153
vt 0.445690 0.058659
vt 0.446907 0.058079
vt 0.449606 0.056396
vt 0.451898 0.055007
vt 0.453730 0.053980
vt 0.456222 0.052402
vt 0.458260 0.051188
vt 0.459958 0.050307
vt 0.462168 0.048912
vt 0.464191 0.047677
vt 0.466143 0.046501
vt 0.441066 0.063508
vt 0.442071 0.063276
vt 0.683538 0.296392
vt 0.680566 0.296464
vt 0.443550 0.062548
vt 0.445367 0.063579
vt 0.677351 0.296643
vt 0.445560 0.061395
vt 0.445527 0.064202
vt 0.748435 0.456477
vt 0.751044 0.456481
vt 0.750529 0.456837
vt 0.753071 0.457790
vt 0.674947 0.296594
vt 0.674063 0.295433
vt 0.447006 0.060741
vt 0.446318 0.064336
vt 0.447666 0.065920
vt 0.753819 0.456539
vt 0.755756 0.456477
vt 0.538430 0.755560
vt 0.538287 0.752686
vt 0.449797 0.058903
vt 0.448678 0.062929
vt 0.448782 0.065999
vt 0.450363 0.067138
vt 0.449089 0.067166
vt 0.451992 0.067821
vt 0.450134 0.068633
vt 0.452309 0.070471
vt 0.452120 0.057459
vt 0.451905 0.060522
vt 0.450729 0.065173
vt 0.452141 0.066542
vt 0.454081 0.066605
vt 0.454719 0.068648
vt 0.455657 0.069813
vt 0.454366 0.056067
vt 0.454027 0.059313
vt 0.453440 0.063332
vt 0.454076 0.065833
vt 0.455563 0.066610
vt 0.812719 0.432862
vt 0.809339 0.432862
vt 0.810785 0.432637
vt 0.807593 0.432733
vt 0.457268 0.066341
vt 0.458213 0.067217
vt 0.458506 0.069709
vt 0.457094 0.054115
vt 0.456939 0.057039
vt 0.456775 0.060357
vt 0.457078 0.063199
vt 0.457834 0.065172
vt 0.458768 0.066515
vt 0.911855 0.321825
vt 0.915064 0.321825
vt 0.913569 0.322016
vt 0.459750 0.067365
vt 0.908800 0.962668
vt 0.908800 0.960340
vt 0.909386 0.961741
vt 0.460522 0.068463
vt 0.676370 0.084339
vt 0.458928 0.053090
vt 0.459160 0.055561
vt 0.459579 0.057875
vt 0.459651 0.061092
vt 0.459859 0.064371
vt 0.460727 0.065787
vt 0.461372 0.067728
vt 0.675237 0.262009
vt 0.676358 0.262909
vt 0.673595 0.262246
vt 0.462552 0.066882
vt 0.463169 0.067801
vt 0.673641 0.083937
vt 0.461197 0.069414
vt 0.460692 0.052190
vt 0.461047 0.054591
vt 0.461835 0.056123
vt 0.462044 0.059076
vt 0.462360 0.062079
vt 0.462646 0.065646
vt 0.463382 0.067164
vt 0.464183 0.067698
vt 0.678043 0.262214
vt 0.678806 0.262747
vt 0.608163 0.962702
vt 0.608163 0.960340
vt 0.609150 0.962115
vt 0.464979 0.067191
vt 0.465398 0.069588
vt 0.462787 0.050826
vt 0.463279 0.052898
vt 0.463631 0.055453
vt 0.464070 0.057969
vt 0.464553 0.060477
vt 0.465085 0.062818
vt 0.465478 0.066979
vt 0.466169 0.067505
vt 0.680008 0.262564
vt 0.680603 0.262984
vt 0.466789 0.067096
vt 0.467288 0.067787
vt 0.467766 0.070930
vt 0.464578 0.050041
vt 0.465150 0.052004
vt 0.465671 0.054066
vt 0.466119 0.056852
vt 0.466656 0.059068
vt 0.467195 0.061189
vt 0.467756 0.065115
vt 0.468311 0.066804
vt 0.468777 0.067351
vt 0.682603 0.262879
vt 0.682925 0.263266
vt 0.469123 0.066960
vt 0.469656 0.069597
vt 0.845978 0.821558
vt 0.845636 0.820590
vt 0.847973 0.820697
vt 0.470001 0.070304
vt 0.470540 0.072996
vt 0.466579 0.048998
vt 0.467107 0.051430
vt 0.467654 0.053558
vt 0.468219 0.056137
vt 0.468779 0.058448
vt 0.469354 0.060901
vt 0.469897 0.063041
vt 0.470513 0.065767
vt 0.471124 0.068392
vt 0.947040 0.651535
vt 0.944450 0.651535
vt 0.946580 0.651219
vt 0.685019 0.262009
vt 0.685002 0.263030
vt 0.471179 0.067348
vt 0.471449 0.067956
vt 0.471819 0.069285
vt 0.843777 0.821558
vt 0.472246 0.071018
vt 0.976016 0.467411
vt 0.976016 0.466339
vt 0.978106 0.466840
vt 0.468586 0.047550
vt 0.469220 0.050159
vt 0.469829 0.052661
vt 0.470398 0.054999
vt 0.470836 0.056799
vt 0.471373 0.059002
vt 0.472019 0.061658
vt 0.472127 0.062102
vt 0.473023 0.065786
vt 0.473462 0.067588
vt 0.687296 0.262962
vt 0.845989 0.267954
vt 0.846010 0.268248
vt 0.843777 0.267941
vt 0.473519 0.067822
vt 0.473717 0.068638
vt 0.530693 0.594273
vt 0.530016 0.594092
vt 0.530846 0.592273
vt 0.473669 0.068439
vt 0.775334 0.188285
vt 0.775206 0.189281
vt 0.772906 0.188025
vt 0.529078 0.593848
vt 0.528954 0.595718
vt 0.529953 0.596051
vt 0.475679 0.067779
vt 0.848137 0.267941
vt 0.474986 0.064569
vt 0.474160 0.061587
vt 0.473974 0.060390
vt 0.474035 0.059754
vt 0.473523 0.057564
vt 0.472936 0.055186
vt 0.472507 0.053139
vt 0.471954 0.050799
vt 0.471022 0.047897
vt 0.470466 0.045680
vt 0.182031 0.843925
vt 0.183107 0.845425
vt 0.182031 0.846260
vt 0.183012 0.848078
vt 0.528721 0.598007
vt 0.530378 0.596334
vt 0.529626 0.598343
vt 0.528486 0.600614
vt 0.475475 0.066609
vt 0.477586 0.066333
vt 0.477844 0.067812
vt 0.480017 0.066809
vt 0.480545 0.068942
vt 0.481994 0.066421
vt 0.482211 0.067914
vt 0.111258 0.705509
vt 0.109768 0.707168
vt 0.110686 0.703733
vt 0.477392 0.064952
vt 0.480572 0.066644
vt 0.664023 0.812571
vt 0.664061 0.809674
vt 0.664320 0.810240
vt 0.664023 0.807716
vt 0.664533 0.808216
vt 0.111485 0.706179
vt 0.110466 0.708428
vt 0.020404 0.993210
vt 0.476709 0.062472
vt 0.479364 0.063241
vt 0.482137 0.063973
vt 0.482416 0.065799
vt 0.483002 0.062164
vt 0.110978 0.709736
vt 0.109886 0.710746
vt 0.179263 0.947103
vt 0.179263 0.944364
vt 0.180322 0.945832
vt 0.476245 0.060467
vt 0.478770 0.060967
vt 0.481662 0.061834
vt 0.483585 0.061375
vt 0.337316 0.962773
vt 0.337316 0.960340
vt 0.337509 0.961093
vt 0.081630 0.774692
vt 0.082432 0.773073
vt 0.081480 0.775693
vt 0.110606 0.712104
vt 0.108973 0.713740
vt 0.313253 0.711952
vt 0.476242 0.059315
vt 0.478412 0.059059
vt 0.481356 0.059885
vt 0.484321 0.060531
vt 0.977338 0.537571
vt 0.976016 0.537348
vt 0.978130 0.537348
vt 0.082097 0.771926
vt 0.082789 0.770592
vt 0.083766 0.771716
vt 0.713652 0.728883
vt 0.712600 0.730224
vt 0.712677 0.727185
vt 0.711589 0.729415
vt 0.711589 0.731619
vt 0.476389 0.058272
vt 0.478607 0.057852
vt 0.481157 0.057999
vt 0.484606 0.058990
vt 0.486559 0.058530
vt 0.081709 0.773542
vt 0.081480 0.770529
vt 0.082002 0.769175
vt 0.713691 0.730524
vt 0.713212 0.732144
vt 0.712591 0.732896
vt 0.836193 0.897830
vt 0.837287 0.896100
vt 0.837287 0.898615
vt 0.475694 0.055682
vt 0.478312 0.055842
vt 0.480679 0.055748
vt 0.484145 0.056634
vt 0.486463 0.056496
vt 0.488008 0.055927
vt 0.266529 0.962776
vt 0.266529 0.960340
vt 0.266750 0.961517
vt 0.490344 0.055955
vt 0.487107 0.057174
vt 0.713274 0.733902
vt 0.263029 0.929341
vt 0.263192 0.928272
vt 0.263192 0.931169
vt 0.713075 0.734771
vt 0.527276 0.864170
vt 0.528796 0.862637
vt 0.528796 0.865213
vt 0.836238 0.895314
vt 0.845428 0.584949
vt 0.845858 0.586223
vt 0.843777 0.585188
vt 0.475153 0.053345
vt 0.478086 0.053814
vt 0.480281 0.053537
vt 0.482452 0.053374
vt 0.486398 0.054376
vt 0.488375 0.054113
vt 0.490118 0.053816
vt 0.490401 0.052951
vt 0.491118 0.055183
vt 0.490855 0.052316
vt 0.527876 0.861305
vt 0.847211 0.584664
vt 0.848002 0.586223
vt 0.665894 0.771958
vt 0.474363 0.050703
vt 0.477172 0.051067
vt 0.480217 0.051499
vt 0.481259 0.050689
vt 0.485135 0.051540
vt 0.487809 0.051695
vt 0.489254 0.051364
vt 0.491369 0.051356
vt 0.179292 0.978290
vt 0.179292 0.975971
vt 0.179512 0.977489
vt 0.492528 0.051054
vt 0.915052 0.235091
vt 0.912243 0.235664
vt 0.914285 0.235094
vt 0.911856 0.235091
vt 0.035411 0.962748
vt 0.035411 0.960340
vt 0.036528 0.961637
vt 0.665495 0.773938
vt 0.664417 0.773617
vt 0.473794 0.048364
vt 0.476244 0.048440
vt 0.479341 0.048870
vt 0.481809 0.048932
vt 0.482736 0.048444
vt 0.486030 0.048875
vt 0.486991 0.048556
vt 0.488424 0.048441
vt 0.490235 0.048457
vt 0.492229 0.048529
vt 0.947035 0.778891
vt 0.944450 0.778891
vt 0.946366 0.778683
vt 0.493364 0.048382
vt 0.492292 0.050383
vt 0.664323 0.775383
vt 0.879595 0.556510
vt 0.880397 0.557582
vt 0.878423 0.557552
vt 0.878697 0.558468
vt 0.881093 0.558571
vt 0.473017 0.045907
vt 0.475852 0.046192
vt 0.478580 0.046378
vt 0.480585 0.046351
vt 0.483134 0.046494
vt 0.485004 0.046491
vt 0.487749 0.046681
vt 0.488256 0.046463
vt 0.489359 0.046391
vt 0.491677 0.046531
vt 0.493843 0.046645
vt 0.494615 0.046508
vt 0.881184 0.556510
vt 0.882011 0.557577
vt 0.703518 0.754159
vt 0.704410 0.753423
vt 0.704792 0.755431
vt 0.471934 0.043558
vt 0.474496 0.043722
vt 0.477215 0.043889
vt 0.479175 0.043968
vt 0.481870 0.044124
vt 0.484244 0.044247
vt 0.486709 0.044377
vt 0.488692 0.044469
vt 0.589673 0.846070
vt 0.589945 0.846051
vt 0.589945 0.848061
vt 0.488685 0.044409
vt 0.491758 0.044591
vt 0.493093 0.044642
vt 0.495518 0.044774
vt 0.599326 0.880296
vt 0.598795 0.880132
vt 0.599326 0.878534
vt 0.930426 0.978147
vt 0.930426 0.975971
vt 0.931209 0.977440
vt 0.702202 0.752730
vt 0.703219 0.752158
vt 0.445585 0.022685
vt 0.023258 0.730394
vt 0.021774 0.727985
vt 0.022467 0.727185
vt 0.023258 0.732632
vt 0.022245 0.730891
vt 0.022932 0.734685
vt 0.022250 0.733301
vt 0.455184 0.019842
vt 0.456757 0.016981
vt 0.459526 0.016332
vt 0.462208 0.015247
vt 0.465901 0.011134
vt 0.464960 0.013972
vt 0.467779 0.015996
vt 0.470084 0.017611
vt 0.473298 0.014794
vt 0.472543 0.016634
vt 0.474387 0.017838
vt 0.475694 0.019611
vt 0.447761 0.021799
vt 0.446720 0.023636
vt 0.450720 0.021739
vt 0.448934 0.022684
vt 0.448941 0.025514
vt 0.021472 0.731280
vt 0.021531 0.728993
vt 0.451030 0.021445
vt 0.451006 0.024488
vt 0.450102 0.026404
vt 0.022044 0.735633
vt 0.502115 0.789954
vt 0.503162 0.791769
vt 0.502115 0.792403
vt 0.502753 0.794345
vt 0.453099 0.019882
vt 0.452398 0.022358
vt 0.451842 0.024899
vt 0.450618 0.026663
vt 0.809583 0.931088
vt 0.809197 0.929290
vt 0.809583 0.928272
vt 0.502734 0.789015
vt 0.455722 0.018945
vt 0.454128 0.020014
vt 0.453708 0.023130
vt 0.453096 0.025737
vt 0.453362 0.029055
vt 0.458343 0.017812
vt 0.456957 0.019075
vt 0.456005 0.021487
vt 0.455772 0.024961
vt 0.455160 0.027529
vt 0.454765 0.030152
vt 0.460954 0.016193
vt 0.377827 0.911964
vt 0.378344 0.913506
vt 0.377827 0.915049
vt 0.551769 0.929839
vt 0.551512 0.931123
vt 0.551512 0.928272
vt 0.459379 0.016614
vt 0.458809 0.020405
vt 0.458726 0.024686
vt 0.457946 0.027031
vt 0.457426 0.029622
vt 0.456128 0.031194
vt 0.848111 0.412635
vt 0.846857 0.412867
vt 0.845175 0.412635
vt 0.843777 0.412765
vt 0.463760 0.014436
vt 0.462548 0.015845
vt 0.896966 0.658019
vt 0.898595 0.658248
vt 0.895340 0.658248
vt 0.461641 0.019014
vt 0.460450 0.020964
vt 0.460168 0.025317
vt 0.460063 0.029128
vt 0.459556 0.031622
vt 0.458723 0.033519
vt 0.466868 0.016315
vt 0.465794 0.016338
vt 0.464745 0.018492
vt 0.463850 0.021702
vt 0.463000 0.024598
vt 0.462306 0.027623
vt 0.461978 0.031007
vt 0.460765 0.032308
vt 0.459913 0.034363
vt 0.978137 0.020669
vt 0.978175 0.021596
vt 0.976016 0.021596
vt 0.469458 0.017919
vt 0.703997 0.181340
vt 0.703016 0.182008
vt 0.701004 0.182115
vt 0.468743 0.017040
vt 0.467804 0.017180
vt 0.466776 0.020662
vt 0.465799 0.023382
vt 0.464986 0.026836
vt 0.464141 0.029288
vt 0.463114 0.031027
vt 0.462220 0.033238
vt 0.461333 0.035411
vt 0.471764 0.018569
vt 0.843352 0.977345
vt 0.844099 0.975971
vt 0.844099 0.978159
vt 0.706414 0.181396
vt 0.705819 0.181805
vt 0.538357 0.960340
vt 0.538648 0.960880
vt 0.538357 0.962742
vt 0.470763 0.017627
vt 0.469740 0.020096
vt 0.468757 0.022108
vt 0.467714 0.025897
vt 0.466782 0.028208
vt 0.465720 0.029309
vt 0.464829 0.032113
vt 0.464059 0.034802
vt 0.463224 0.037012
vt 0.473946 0.018736
vt 0.395068 0.879933
vt 0.395514 0.880370
vt 0.395100 0.882089
vt 0.708278 0.181663
vt 0.707813 0.182667
vt 0.705119 0.182084
vt 0.473500 0.017885
vt 0.472862 0.018653
vt 0.471822 0.021073
vt 0.470514 0.025033
vt 0.469513 0.027609
vt 0.468640 0.029164
vt 0.467672 0.031467
vt 0.466723 0.033833
vt 0.465804 0.036122
vt 0.465078 0.038629
vt 0.794540 0.914981
vt 0.794540 0.911964
vt 0.795314 0.914118
vt 0.724589 0.962676
vt 0.723522 0.961844
vt 0.724589 0.960340
vt 0.476127 0.018555
vt 0.475613 0.019777
vt 0.395514 0.878533
vt 0.710460 0.181431
vt 0.710303 0.182020
vt 0.617283 0.846347
vt 0.617538 0.846424
vt 0.617349 0.848058
vt 0.475453 0.019257
vt 0.474707 0.020816
vt 0.473867 0.022618
vt 0.472601 0.025764
vt 0.471318 0.029075
vt 0.470394 0.031209
vt 0.469469 0.033342
vt 0.468523 0.035615
vt 0.467612 0.037741
vt 0.466743 0.039978
vt 0.477173 0.020235
vt 0.640977 0.443455
vt 0.641740 0.444910
vt 0.639638 0.443981
vt 0.640271 0.445602
vt 0.477768 0.019330
vt 0.477558 0.020117
vt 0.477442 0.020467
vt 0.712416 0.181340
vt 0.477043 0.021426
vt 0.475655 0.019216
vt 0.617538 0.843925
vt 0.476916 0.021795
vt 0.475909 0.024113
vt 0.475401 0.025339
vt 0.474404 0.027639
vt 0.473251 0.030273
vt 0.472201 0.032680
vt 0.471187 0.034999
vt 0.470262 0.037130
vt 0.469334 0.039261
vt 0.702292 0.750585
vt 0.598816 0.882060
vt 0.495621 0.042719
vt 0.493990 0.042597
vt 0.489775 0.042499
vt 0.589705 0.843925
vt 0.487715 0.042217
vt 0.485150 0.042098
vt 0.483245 0.041950
vt 0.480272 0.041860
vt 0.477855 0.041743
vt 0.475209 0.041664
vt 0.472968 0.041544
vt 0.470624 0.041460
vt 0.702202 0.748857
vt 0.266718 0.775587
vt 0.267107 0.773588
vt 0.268372 0.774299
vt 0.266718 0.771073
vt 0.268594 0.772402
vt 0.267402 0.769175
vt 0.496403 0.042833
vt 0.495453 0.040751
vt 0.497937 0.040794
vt 0.497500 0.038613
vt 0.843777 0.527215
vt 0.846129 0.527215
vt 0.845563 0.528185
vt 0.848044 0.527995
vt 0.494263 0.040556
vt 0.496322 0.038331
vt 0.498515 0.035919
vt 0.499105 0.036335
vt 0.305616 0.675684
vt 0.491683 0.040468
vt 0.494170 0.038172
vt 0.494822 0.036091
vt 0.495847 0.033932
vt 0.498436 0.033942
vt 0.496629 0.031780
vt 0.488310 0.042376
vt 0.488962 0.040405
vt 0.491356 0.038132
vt 0.493953 0.035564
vt 0.495142 0.033238
vt 0.495160 0.031364
vt 0.495316 0.029481
vt 0.487835 0.040155
vt 0.489935 0.037808
vt 0.491207 0.035511
vt 0.492336 0.033218
vt 0.493819 0.030740
vt 0.495710 0.027981
vt 0.304939 0.680745
vt 0.304405 0.684089
vt 0.486356 0.039910
vt 0.486538 0.037925
vt 0.488745 0.035379
vt 0.489542 0.033221
vt 0.490469 0.031023
vt 0.493760 0.027455
vt 0.495238 0.024752
vt 0.496742 0.025612
vt 0.496166 0.022386
vt 0.483692 0.039830
vt 0.485626 0.037387
vt 0.485942 0.035382
vt 0.487064 0.033105
vt 0.489357 0.030124
vt 0.490939 0.027402
vt 0.493587 0.023829
vt 0.494071 0.021754
vt 0.657355 0.444905
vt 0.481542 0.039656
vt 0.482725 0.037392
vt 0.483667 0.035185
vt 0.483771 0.033458
vt 0.485168 0.031033
vt 0.486808 0.028347
vt 0.489917 0.024354
vt 0.490480 0.022326
vt 0.490851 0.020545
vt 0.137351 0.898769
vt 0.137351 0.895314
vt 0.137565 0.897290
vt 0.654404 0.445187
vt 0.479006 0.039564
vt 0.480508 0.037162
vt 0.480985 0.035185
vt 0.482186 0.032835
vt 0.483746 0.030156
vt 0.484497 0.028067
vt 0.484571 0.026653
vt 0.487145 0.022841
vt 0.487515 0.021186
vt 0.488187 0.019265
vt 0.652013 0.445473
vt 0.476373 0.039527
vt 0.477384 0.037370
vt 0.478852 0.034868
vt 0.480487 0.032091
vt 0.480989 0.030216
vt 0.482011 0.027909
vt 0.482674 0.025990
vt 0.483592 0.023819
vt 0.483803 0.022526
vt 0.485062 0.019965
vt 0.648814 0.445581
vt 0.647423 0.444746
vt 0.738968 0.825912
vt 0.738968 0.830527
vt 0.738441 0.826562
vt 0.474109 0.039373
vt 0.475299 0.037054
vt 0.476195 0.034905
vt 0.477544 0.032305
vt 0.478926 0.029574
vt 0.478920 0.028492
vt 0.479859 0.026325
vt 0.479854 0.025471
vt 0.481784 0.021923
vt 0.482113 0.020670
vt 0.645788 0.445672
vt 0.645095 0.445271
vt 0.644931 0.444252
vt 0.644656 0.443292
vt 0.471542 0.039426
vt 0.472587 0.037224
vt 0.473471 0.035162
vt 0.475065 0.032115
vt 0.476069 0.029807
vt 0.476796 0.027935
vt 0.477321 0.026431
vt 0.477942 0.024815
vt 0.479394 0.021768
vt 0.480182 0.019869
vt 0.993175 0.655563
vt 0.993256 0.655753
vt 0.991390 0.655753
vt 0.830468 0.446477
vt 0.828549 0.447763
vt 0.829786 0.446230
vt 0.827196 0.446230
vt 0.642507 0.444526
vt 0.962737 0.824220
vt 0.962207 0.825098
vt 0.960293 0.824220
vt 0.642924 0.443898
vt 0.642761 0.443003
vt 0.480046 0.019671
vt 0.826024 0.447619
vt 0.993178 0.741862
vt 0.993116 0.742944
vt 0.991390 0.741862
vt 0.991606 0.742961
vt 0.641003 0.442687
vt 0.021726 0.141542
vt 0.033915 0.049116
vt 0.036604 0.139843
vt 0.020370 0.050663
vt 0.019533 0.006597
vt 0.006597 0.140344
vt 0.006597 0.049573
vt 0.184265 0.023914
vt 0.092363 0.007463
vt 0.184265 0.006597
vt 0.092363 0.023228
vt 0.049799 0.014928
vt 0.082499 0.277137
vt 0.096270 0.192395
vt 0.097530 0.279762
vt 0.082586 0.190005
vt 0.082668 0.154737
vt 0.067518 0.279762
vt 0.068947 0.192395
vt 0.182304 0.054429
vt 0.090719 0.037644
vt 0.182304 0.037109
vt 0.090719 0.053412
vt 0.049799 0.045027
vt 0.599292 0.087111
vt 0.598684 0.057738
vt 0.624853 0.072425
vt 0.326219 0.470888
vt 0.333321 0.397125
vt 0.334065 0.466646
vt 0.658261 0.301659
vt 0.659230 0.312595
vt 0.639638 0.312595
vt 0.141988 0.140816
vt 0.069273 0.128501
vt 0.141530 0.128501
vt 0.069687 0.139648
vt 0.049799 0.132751
vt 0.294874 0.205665
vt 0.224009 0.187686
vt 0.295106 0.193425
vt 0.223800 0.198766
vt 0.197460 0.192533
vt 0.299576 0.101004
vt 0.221796 0.094896
vt 0.297351 0.092978
vt 0.219694 0.205665
vt 0.299188 0.113209
vt 0.223809 0.102161
vt 0.223458 0.113209
vt 0.197460 0.106185
vt 0.344404 0.397752
vt 0.346309 0.467338
vt 0.648986 0.296073
vt 0.523405 0.641155
vt 0.544475 0.639002
vt 0.533940 0.656077
vt 0.305308 0.470008
vt 0.312336 0.420515
vt 0.313024 0.471130
vt 0.350373 0.656051
vt 0.343551 0.646414
vt 0.362305 0.634746
vt 0.292463 0.470240
vt 0.304878 0.419430
vt 0.292463 0.419654
vt 0.299800 0.397125
vt 0.575877 0.086078
vt 0.538470 0.065650
vt 0.575381 0.073646
vt 0.538949 0.077666
vt 0.514104 0.070196
vt 0.271347 0.472575
vt 0.278574 0.420880
vt 0.279268 0.471623
vt 0.531684 0.086078
vt 0.258534 0.472486
vt 0.270918 0.421800
vt 0.258534 0.421713
vt 0.266066 0.397125
vt 0.123196 0.599866
vt 0.127423 0.568972
vt 0.135817 0.600109
vt 0.362305 0.657216
vt 0.140466 0.609042
vt 0.119873 0.617490
vt 0.006597 0.555474
vt 0.022287 0.508272
vt 0.017163 0.554680
vt 0.012989 0.508971
vt 0.017920 0.487608
vt 0.526447 0.246289
vt 0.571377 0.253942
vt 0.529971 0.256165
vt 0.006597 0.503740
vt 0.236141 0.379697
vt 0.245952 0.317676
vt 0.246965 0.379697
vt 0.236427 0.317676
vt 0.241712 0.296022
vt 0.245489 0.612677
vt 0.255854 0.570815
vt 0.255854 0.615038
vt 0.189102 0.538442
vt 0.194776 0.532742
vt 0.200306 0.553616
vt 0.199854 0.487835
vt 0.189102 0.487608
vt 0.204238 0.532942
vt 0.308223 0.376059
vt 0.318160 0.315149
vt 0.319082 0.376059
vt 0.308605 0.315149
vt 0.313124 0.296022
vt 0.514104 0.254089
vt 0.525562 0.265004
vt 0.077733 0.569817
vt 0.061485 0.602068
vt 0.065962 0.568738
vt 0.072519 0.603079
vt 0.065194 0.619817
vt 0.221687 0.612104
vt 0.232294 0.570968
vt 0.232294 0.614483
vt 0.077733 0.610590
vt 0.211838 0.614812
vt 0.222350 0.568738
vt 0.526972 0.307073
vt 0.532324 0.315547
vt 0.514104 0.319893
vt 0.570152 0.317967
vt 0.571113 0.307073
vt 0.531424 0.325760
vt 0.396479 0.551376
vt 0.407576 0.504282
vt 0.407576 0.550150
vt 0.397173 0.505432
vt 0.399214 0.487608
vt 0.387369 0.548795
vt 0.388633 0.503012
vt 0.649471 0.266230
vt 0.659305 0.280773
vt 0.639638 0.276660
vt 0.076063 0.555543
vt 0.086349 0.511115
vt 0.086533 0.555543
vt 0.076071 0.511115
vt 0.081994 0.487608
vt 0.334235 0.551094
vt 0.344020 0.508810
vt 0.344020 0.552017
vt 0.334415 0.507904
vt 0.336018 0.487608
vt 0.326004 0.552580
vt 0.326334 0.509362
vt 0.312809 0.552989
vt 0.302500 0.509215
vt 0.312809 0.509145
vt 0.308187 0.487608
vt 0.497442 0.339880
vt 0.454628 0.349469
vt 0.453890 0.339880
vt 0.429761 0.347907
vt 0.496855 0.357906
vt 0.498194 0.349648
vt 0.453314 0.357576
vt 0.644611 0.024657
vt 0.645023 0.006597
vt 0.660353 0.015627
vt 0.296977 0.139971
vt 0.228686 0.134559
vt 0.296525 0.126404
vt 0.229121 0.147636
vt 0.197460 0.142585
vt 0.575109 0.113044
vt 0.514374 0.099771
vt 0.575389 0.099273
vt 0.445099 0.120770
vt 0.455193 0.126328
vt 0.429761 0.136020
vt 0.498793 0.120770
vt 0.456709 0.139525
vt 0.286046 0.275597
vt 0.217968 0.262022
vt 0.284989 0.262022
vt 0.218987 0.275106
vt 0.197460 0.266509
vt 0.295401 0.174491
vt 0.228260 0.161325
vt 0.294482 0.160831
vt 0.229146 0.174491
vt 0.197460 0.169511
vt 0.041443 0.536684
vt 0.061394 0.487608
vt 0.055137 0.536684
vt 0.223371 0.126404
vt 0.062868 0.545711
vt 0.043213 0.554739
vt 0.573703 0.142721
vt 0.538096 0.126239
vt 0.574525 0.130980
vt 0.537347 0.136939
vt 0.514104 0.129341
vt 0.389928 0.610411
vt 0.400442 0.570514
vt 0.400483 0.612360
vt 0.531478 0.142721
vt 0.380013 0.612360
vt 0.390823 0.568738
vt 0.618225 0.644985
vt 0.614094 0.653632
vt 0.603570 0.634746
vt 0.625236 0.044543
vt 0.591165 0.033853
vt 0.626112 0.032813
vt 0.603570 0.655838
vt 0.497669 0.456316
vt 0.452616 0.448119
vt 0.496048 0.446304
vt 0.454093 0.457244
vt 0.429761 0.458111
vt 0.496626 0.466788
vt 0.453142 0.466788
vt 0.227804 0.639154
vt 0.219526 0.657815
vt 0.211247 0.641873
vt 0.374174 0.552136
vt 0.366354 0.506116
vt 0.373601 0.507461
vt 0.535815 0.287575
vt 0.530631 0.293878
vt 0.514104 0.281650
vt 0.357215 0.551491
vt 0.366673 0.550744
vt 0.357215 0.506837
vt 0.364345 0.487608
vt 0.553546 0.605685
vt 0.544041 0.568738
vt 0.553225 0.570617
vt 0.581160 0.634746
vt 0.590375 0.637380
vt 0.581160 0.656155
vt 0.109425 0.555106
vt 0.115778 0.508765
vt 0.116339 0.554315
vt 0.109097 0.509529
vt 0.106302 0.487608
vt 0.099728 0.554905
vt 0.099728 0.509335
vt 0.571370 0.284174
vt 0.535647 0.278199
vt 0.289603 0.674490
vt 0.281801 0.688971
vt 0.273999 0.678687
vt 0.616535 0.087111
vt 0.590366 0.072425
vt 0.615927 0.057738
vt 0.326219 0.400965
vt 0.523405 0.651820
vt 0.533940 0.634746
vt 0.544475 0.649668
vt 0.115224 0.568738
vt 0.132494 0.617733
vt 0.115224 0.608557
vt 0.568276 0.245251
vt 0.246733 0.568738
vt 0.517628 0.263966
vt 0.518514 0.245251
vt 0.213117 0.571277
vt 0.639638 0.268336
vt 0.659305 0.272449
vt 0.649471 0.282879
vt 0.302308 0.553060
vt 0.654968 0.024657
vt 0.639638 0.015627
vt 0.655381 0.006597
vt 0.514104 0.113044
vt 0.500366 0.134462
vt 0.048196 0.487608
vt 0.056906 0.554739
vt 0.035482 0.545711
vt 0.381786 0.570514
vt 0.590366 0.044543
vt 0.219526 0.634746
vt 0.227804 0.650688
vt 0.211247 0.653408
vt 0.544041 0.603739
vt 0.571543 0.293878
vt 0.281801 0.672461
vt 0.289603 0.682745
vt 0.273999 0.686942
s 1
f 1/1/1 28/2/2 27/3/3
f 2/4/4 42/5/5 72/6/6
f 1/1/1 27/3/3 102/7/7
f 1/1/1 102/7/7 132/8/8
f 1/1/1 132/8/8 73/9/9
f 2/10/4 72/11/6 177/12/10
f 3/13/11 57/14/12 207/15/13
f 4/16/14 117/17/15 237/18/16
f 5/19/17 147/20/18 267/21/19
f 6/22/20 162/23/21 297/24/22
f 2/10/4 177/12/10 208/25/23
f 3/13/11 207/15/13 238/26/24
f 4/27/14 237/28/16 268/29/25
f 5/19/17 267/21/19 298/30/26
f 6/22/20 297/24/22 178/31/27
f 7/32/28 327/33/29 402/34/30
f 8/35/31 342/36/32 432/37/33
f 9/38/34 357/39/35 447/40/36
f 10/41/37 372/42/38 462/43/39
f 11/44/40 387/45/41 403/46/42
f 417/47/43 448/48/44 12/49/45
f 416/50/46 463/51/47 417/47/43
f 415/52/48 464/53/49 416/50/46
f 414/54/50 466/55/51 415/52/48
f 413/56/52 469/57/53 414/54/50
f 412/58/54 473/59/55 413/56/52
f 411/60/56 478/61/57 412/58/54
f 410/62/58 484/63/59 411/60/56
f 409/64/60 491/65/61 410/66/58
f 408/67/62 499/68/63 409/69/60
f 407/70/64 508/71/65 408/67/62
f 406/72/66 518/73/67 407/74/64
f 405/75/68 529/76/69 406/72/66
f 404/77/70 541/78/71 405/79/68
f 403/46/42 554/80/72 404/81/70
f 417/47/43 463/51/47 448/48/44
f 463/51/47 449/82/73 448/48/44
f 416/50/46 464/53/49 463/51/47
f 464/53/49 465/83/74 463/51/47
f 463/51/47 465/83/74 449/82/73
f 465/84/74 450/85/75 449/86/73
f 415/52/48 466/55/51 464/53/49
f 466/55/51 467/87/76 464/53/49
f 464/53/49 467/87/76 465/83/74
f 467/87/76 468/88/77 465/83/74
f 465/83/74 468/88/77 450/89/75
f 468/88/77 451/90/78 450/89/75
f 414/54/50 469/57/53 466/55/51
f 469/57/53 470/91/79 466/55/51
f 466/55/51 470/91/79 467/87/76
f 470/91/79 471/92/80 467/87/76
f 467/87/76 471/92/80 468/88/77
f 471/92/80 472/93/81 468/88/77
f 468/88/77 472/93/81 451/90/78
f 472/93/81 452/94/82 451/90/78
f 413/56/52 473/59/55 469/57/53
f 473/59/55 474/95/83 469/57/53
f 469/57/53 474/95/83 470/91/79
f 474/95/83 475/96/84 470/91/79
f 470/91/79 475/96/84 471/92/80
f 475/96/84 476/97/85 471/92/80
f 471/92/80 476/97/85 472/93/81
f 476/97/85 477/98/86 472/93/81
f 472/93/81 477/98/86 452/94/82
f 477/98/86 453/99/87 452/94/82
f 412/58/54 478/61/57 473/59/55
f 478/61/57 479/100/88 473/59/55
f 473/59/55 479/100/88 474/95/83
f 479/100/88 480/101/89 474/95/83
f 474/95/83 480/101/89 475/96/84
f 480/101/89 481/102/90 475/96/84
f 475/96/84 481/102/90 476/97/85
f 481/102/90 482/103/91 476/97/85
f 476/97/85 482/103/91 477/98/86
f 482/103/91 483/104/92 477/98/86
f 477/98/86 483/104/92 453/99/87
f 483/104/92 454/105/93 453/99/87
f 411/106/56 484/107/59 478/108/57
f 484/109/59 485/110/94 478/111/57
f 478/111/57 485/110/94 479/112/88
f 485/113/94 486/114/95 479/100/88
f 479/100/88 486/114/95 480/101/89
f 486/114/95 487/115/96 480/101/89
f 480/101/89 487/115/96 481/102/90
f 487/115/96 488/116/97 481/102/90
f 481/102/90 488/116/97 482/103/91
f 488/116/97 489/117/98 482/103/91
f 482/103/91 489/117/98 483/104/92
f 489/117/98 490/118/99 483/104/92
f 483/104/92 490/118/99 454/105/93
f 490/118/99 455/119/100 454/105/93
f 410/62/58 491/120/61 484/63/59
f 491/120/61 492/121/101 484/63/59
f 484/63/59 492/121/101 485/113/94
f 492/121/101 493/122/102 485/113/94
f 485/113/94 493/122/102 486/114/95
f 493/122/102 494/123/103 486/114/95
f 486/114/95 494/123/103 487/115/96
f 494/123/103 495/124/104 487/115/96
f 487/115/96 495/124/104 488/116/97
f 495/124/104 496/125/105 488/116/97
f 488/116/97 496/125/105 489/117/98
f 496/125/105 497/126/106 489/117/98
f 489/117/98 497/126/106 490/118/99
f 497/126/106 498/127/107 490/118/99
f 490/118/99 498/127/107 455/119/100
f 498/127/107 456/128/108 455/119/100
f 409/69/60 499/68/63 491/120/61
f 499/68/63 500/129/109 491/120/61
f 491/120/61 500/129/109 492/121/101
f 500/129/109 501/130/110 492/121/101
f 492/121/101 501/130/110 493/122/102
f 501/130/110 502/131/111 493/122/102
f 493/122/102 502/131/111 494/123/103
f 502/131/111 503/132/112 494/123/103
f 494/123/103 503/132/112 495/124/104
f 503/132/112 504/133/113 495/124/104
f 495/124/104 504/133/113 496/125/105
f 504/133/113 505/134/114 496/125/105
f 496/125/105 505/134/114 497/126/106
f 505/134/114 506/135/115 497/126/106
f 497/126/106 506/135/115 498/127/107
f 506/135/115 507/136/116 498/127/107
f 498/127/107 507/136/116 456/128/108
f 507/136/116 457/137/117 456/128/108
f 408/67/62 508/71/65 499/68/63
f 508/71/65 509/138/118 499/68/63
f 499/68/63 509/138/118 500/129/109
f 509/138/118 510/139/119 500/129/109
f 500/129/109 510/139/119 501/130/110
f 510/139/119 511/140/120 501/130/110
f 501/130/110 511/140/120 502/131/111
f 511/140/120 512/141/121 502/131/111
f 502/131/111 512/141/121 503/132/112
f 512/142/121 513/143/122 503/144/112
f 503/132/112 513/145/122 504/133/113
f 513/145/122 514/146/123 504/133/113
f 504/133/113 514/146/123 505/134/114
f 514/146/123 515/147/124 505/134/114
f 505/134/114 515/147/124 506/135/115
f 515/147/124 516/148/125 506/135/115
f 506/135/115 516/148/125 507/136/116
f 516/148/125 517/149/126 507/136/116
f 507/136/116 517/149/126 457/137/117
f 517/149/126 458/150/127 457/137/117
f 407/74/64 518/73/67 508/151/65
f 518/73/67 519/152/128 508/151/65
f 508/151/65 519/152/128 509/153/118
f 519/152/128 520/154/129 509/153/118
f 509/153/118 520/154/129 510/155/119
f 520/154/129 521/156/130 510/155/119
f 510/155/119 521/156/130 511/157/120
f 521/156/130 522/158/131 511/157/120
f 511/140/120 522/159/131 512/141/121
f 522/159/131 523/160/132 512/141/121
f 512/142/121 523/161/132 513/143/122
f 523/161/132 524/162/133 513/143/122
f 513/143/122 524/162/133 514/163/123
f 524/162/133 525/164/134 514/163/123
f 514/165/123 525/166/134 515/167/124
f 525/168/134 526/169/135 515/147/124
f 515/147/124 526/169/135 516/148/125
f 526/169/135 527/170/136 516/148/125
f 516/171/125 527/172/136 517/173/126
f 527/172/136 528/174/137 517/173/126
f 517/149/126 528/175/137 458/150/127
f 528/176/137 459/177/138 458/178/127
f 406/179/66 529/180/69 518/181/67
f 529/180/69 530/182/139 518/181/67
f 518/181/67 530/182/139 519/183/128
f 530/182/139 531/184/140 519/183/128
f 519/183/128 531/184/140 520/185/129
f 531/184/140 532/186/141 520/185/129
f 520/154/129 532/187/141 521/156/130
f 532/187/141 533/188/142 521/156/130
f 521/156/130 533/188/142 522/158/131
f 533/189/142 534/190/143 522/159/131
f 522/159/131 534/190/143 523/160/132
f 534/190/143 535/191/144 523/160/132
f 523/160/132 535/191/144 524/192/133
f 535/193/144 536/194/145 524/195/133
f 524/162/133 536/196/145 525/164/134
f 536/196/145 537/197/146 525/164/134
f 525/164/134 537/197/146 526/198/135
f 537/197/146 538/199/147 526/198/135
f 526/169/135 538/200/147 527/170/136
f 538/200/147 539/201/148 527/170/136
f 527/172/136 539/202/148 528/174/137
f 539/202/148 540/203/149 528/174/137
f 528/176/137 540/204/149 459/177/138
f 540/203/149 460/205/150 459/206/138
f 405/79/68 541/78/71 529/207/69
f 541/78/71 542/208/151 529/207/69
f 529/209/69 542/210/151 530/211/139
f 542/210/151 543/212/152 530/211/139
f 530/211/139 543/212/152 531/213/140
f 543/212/152 544/214/153 531/213/140
f 531/184/140 544/215/153 532/186/141
f 544/215/153 545/216/154 532/186/141
f 532/186/141 545/216/154 533/189/142
f 545/216/154 546/217/155 533/189/142
f 533/189/142 546/217/155 534/190/143
f 546/217/155 547/218/156 534/190/143
f 534/190/143 547/218/156 535/191/144
f 547/218/156 548/219/157 535/191/144
f 535/191/144 548/219/157 536/220/145
f 548/219/157 549/221/158 536/220/145
f 536/220/145 549/221/158 537/222/146
f 549/223/158 550/224/159 537/225/146
f 537/197/146 550/226/159 538/199/147
f 550/226/159 551/227/160 538/199/147
f 538/228/147 551/229/160 539/230/148
f 551/231/160 552/232/161 539/202/148
f 539/202/148 552/232/161 540/203/149
f 552/232/161 553/233/162 540/203/149
f 540/203/149 553/233/162 460/205/150
f 553/234/162 461/235/163 460/236/150
f 404/77/70 554/237/72 541/78/71
f 554/237/72 555/238/164 541/78/71
f 541/239/71 555/240/164 542/241/151
f 555/240/164 556/242/165 542/241/151
f 542/243/151 556/244/165 543/245/152
f 556/244/165 557/246/166 543/245/152
f 543/245/152 557/246/166 544/215/153
f 557/246/166 558/247/167 544/215/153
f 544/215/153 558/247/167 545/216/154
f 558/247/167 559/248/168 545/216/154
f 545/216/154 559/248/168 546/217/155
f 559/249/168 560/250/169 546/251/155
f 546/251/155 560/250/169 547/252/156
f 560/253/169 561/254/170 547/255/156
f 547/256/156 561/257/170 548/258/157
f 561/257/170 562/259/171 548/258/157
f 548/219/157 562/260/171 549/221/158
f 562/260/171 563/261/172 549/221/158
f 549/221/158 563/261/172 550/262/159
f 563/261/172 564/263/173 550/262/159
f 550/262/159 564/263/173 551/264/160
f 564/263/173 565/265/174 551/264/160
f 551/231/160 565/266/174 552/232/161
f 565/266/174 566/267/175 552/232/161
f 552/268/161 566/269/175 553/270/162
f 566/271/175 567/272/176 553/234/162
f 553/234/162 567/272/176 461/235/163
f 567/273/176 462/274/39 461/275/163
f 403/46/42 387/45/41 554/80/72
f 387/45/41 386/276/177 554/80/72
f 554/237/72 386/277/177 555/238/164
f 386/277/177 385/278/178 555/238/164
f 555/238/164 385/278/178 556/279/165
f 385/278/178 384/280/179 556/279/165
f 556/281/165 384/282/179 557/283/166
f 384/282/179 383/284/180 557/283/166
f 557/246/166 383/285/180 558/247/167
f 383/286/180 382/287/181 558/288/167
f 558/289/167 382/290/181 559/291/168
f 382/292/181 381/293/182 559/294/168
f 559/249/168 381/295/182 560/250/169
f 381/296/182 380/297/183 560/253/169
f 560/253/169 380/297/183 561/254/170
f 380/297/183 379/298/184 561/254/170
f 561/257/170 379/299/184 562/259/171
f 379/300/184 378/301/185 562/302/171
f 562/302/171 378/301/185 563/303/172
f 378/304/185 377/305/186 563/261/172
f 563/261/172 377/305/186 564/263/173
f 377/305/186 376/306/187 564/263/173
f 564/263/173 376/306/187 565/265/174
f 376/306/187 375/307/188 565/265/174
f 565/265/174 375/307/188 566/308/175
f 375/309/188 374/310/189 566/271/175
f 566/271/175 374/310/189 567/272/176
f 374/311/189 373/312/190 567/273/176
f 567/273/176 373/312/190 462/274/39
f 373/313/190 10/314/37 462/315/39
f 448/48/44 433/316/191 12/49/45
f 449/82/73 568/317/192 448/48/44
f 450/85/75 569/318/193 449/86/73
f 451/90/78 571/319/194 450/89/75
f 452/94/82 574/320/195 451/90/78
f 453/99/87 578/321/196 452/94/82
f 454/105/93 583/322/197 453/99/87
f 455/119/100 589/323/198 454/105/93
f 456/128/108 596/324/199 455/119/100
f 457/137/117 604/325/200 456/128/108
f 458/150/127 613/326/201 457/137/117
f 459/177/138 623/327/202 458/178/127
f 460/205/150 634/328/203 459/206/138
f 461/329/163 646/330/204 460/331/150
f 462/274/39 659/332/205 461/275/163
f 448/48/44 568/317/192 433/316/191
f 568/317/192 434/333/206 433/316/191
f 449/82/73 569/334/193 568/317/192
f 569/334/193 570/335/207 568/317/192
f 568/317/192 570/335/207 434/333/206
f 570/335/207 435/336/208 434/333/206
f 450/89/75 571/319/194 569/334/193
f 571/319/194 572/337/209 569/334/193
f 569/334/193 572/337/209 570/335/207
f 572/337/209 573/338/210 570/335/207
f 570/335/207 573/338/210 435/336/208
f 573/338/210 436/339/211 435/336/208
f 451/90/78 574/320/195 571/319/194
f 574/320/195 575/340/212 571/319/194
f 571/319/194 575/340/212 572/337/209
f 575/340/212 576/341/213 572/337/209
f 572/337/209 576/341/213 573/338/210
f 576/341/213 577/342/214 573/338/210
f 573/338/210 577/342/214 436/339/211
f 577/342/214 437/343/215 436/339/211
f 452/94/82 578/321/196 574/320/195
f 578/321/196 579/344/216 574/320/195
f 574/320/195 579/344/216 575/340/212
f 579/344/216 580/345/217 575/340/212
f 575/340/212 580/345/217 576/341/213
f 580/345/217 581/346/218 576/341/213
f 576/341/213 581/346/218 577/342/214
f 581/346/218 582/347/219 577/342/214
f 577/342/214 582/347/219 437/343/215
f 582/347/219 438/348/220 437/343/215
f 453/99/87 583/322/197 578/321/196
f 583/322/197 584/349/221 578/321/196
f 578/321/196 584/349/221 579/344/216
f 584/349/221 585/350/222 579/344/216
f 579/344/216 585/350/222 580/345/217
f 585/350/222 586/351/223 580/345/217
f 580/352/217 586/353/223 581/354/218
f 586/353/223 587/355/224 581/354/218
f 581/346/218 587/356/224 582/347/219
f 587/357/224 588/358/225 582/359/219
f 582/347/219 588/360/225 438/348/220
f 588/361/225 439/362/226 438/363/220
f 454/105/93 589/323/198 583/322/197
f 589/323/198 590/364/227 583/322/197
f 583/322/197 590/364/227 584/349/221
f 590/364/227 591/365/228 584/349/221
f 584/349/221 591/365/228 585/350/222
f 591/365/228 592/366/229 585/350/222
f 585/350/222 592/366/229 586/351/223
f 592/366/229 593/367/230 586/351/223
f 586/351/223 593/367/230 587/356/224
f 593/367/230 594/368/231 587/356/224
f 587/356/224 594/368/231 588/360/225
f 594/368/231 595/369/232 588/360/225
f 588/360/225 595/369/232 439/370/226
f 595/369/232 440/371/233 439/370/226
f 455/119/100 596/324/199 589/323/198
f 596/324/199 597/372/234 589/323/198
f 589/323/198 597/372/234 590/364/227
f 597/372/234 598/373/235 590/364/227
f 590/364/227 598/373/235 591/365/228
f 598/373/235 599/374/236 591/365/228
f 591/365/228 599/374/236 592/366/229
f 599/374/236 600/375/237 592/366/229
f 592/366/229 600/375/237 593/367/230
f 600/375/237 601/376/238 593/367/230
f 593/367/230 601/376/238 594/368/231
f 601/376/238 602/377/239 594/368/231
f 594/368/231 602/377/239 595/369/232
f 602/377/239 603/378/240 595/369/232
f 595/369/232 603/378/240 440/371/233
f 603/378/240 441/379/241 440/371/233
f 456/128/108 604/325/200 596/324/199
f 604/325/200 605/380/242 596/324/199
f 596/324/199 605/380/242 597/372/234
f 605/380/242 606/381/243 597/372/234
f 597/372/234 606/381/243 598/373/235
f 606/381/243 607/382/244 598/373/235
f 598/373/235 607/382/244 599/374/236
f 607/382/244 608/383/245 599/374/236
f 599/374/236 608/383/245 600/375/237
f 608/383/245 609/384/246 600/375/237
f 600/375/237 609/384/246 601/376/238
f 609/384/246 610/385/247 601/376/238
f 601/376/238 610/385/247 602/377/239
f 610/385/247 611/386/248 602/377/239
f 602/377/239 611/386/248 603/378/240
f 611/386/248 612/387/249 603/378/240
f 603/378/240 612/387/249 441/379/241
f 612/387/249 442/388/250 441/379/241
f 457/137/117 613/326/201 604/325/200
f 613/326/201 614/389/251 604/325/200
f 604/325/200 614/389/251 605/380/242
f 614/389/251 615/390/252 605/380/242
f 605/391/242 615/392/252 606/393/243
f 615/392/252 616/394/253 606/393/243
f 606/381/243 616/395/253 607/382/244
f 616/395/253 617/396/254 607/382/244
f 607/382/244 617/396/254 608/383/245
f 617/396/254 618/397/255 608/383/245
f 608/383/245 618/397/255 609/384/246
f 618/397/255 619/398/256 609/384/246
f 609/384/246 619/398/256 610/385/247
f 619/398/256 620/399/257 610/385/247
f 610/385/247 620/399/257 611/386/248
f 620/399/257 621/400/258 611/386/248
f 611/386/248 621/400/258 612/387/249
f 621/401/258 622/402/259 612/403/249
f 612/387/249 622/404/259 442/388/250
f 622/404/259 443/405/260 442/388/250
f 458/150/127 623/406/202 613/326/201
f 623/406/202 624/407/261 613/326/201
f 613/408/201 624/409/261 614/410/251
f 624/409/261 625/411/262 614/410/251
f 614/389/251 625/412/262 615/390/252
f 625/412/262 626/413/263 615/390/252
f 615/390/252 626/413/263 616/395/253
f 626/413/263 627/414/264 616/395/253
f 616/395/253 627/414/264 617/396/254
f 627/414/264 628/415/265 617/396/254
f 617/416/254 628/417/265 618/418/255
f 628/415/265 629/419/266 618/397/255
f 618/397/255 629/419/266 619/398/256
f 629/419/266 630/420/267 619/398/256
f 619/398/256 630/420/267 620/399/257
f 630/420/267 631/421/268 620/399/257
f 620/399/257 631/421/268 621/400/258
f 631/421/268 632/422/269 621/400/258
f 621/401/258 632/423/269 622/402/259
f 632/423/269 633/424/270 622/402/259
f 622/404/259 633/425/270 443/405/260
f 633/425/270 444/426/271 443/405/260
f 459/427/138 634/428/203 623/406/202
f 634/428/203 635/429/272 623/406/202
f 623/406/202 635/429/272 624/407/261
f 635/429/272 636/430/273 624/407/261
f 624/409/261 636/431/273 625/411/262
f 636/431/273 637/432/274 625/411/262
f 625/412/262 637/433/274 626/413/263
f 637/433/274 638/434/275 626/413/263
f 626/435/263 638/436/275 627/437/264
f 638/438/275 639/439/276 627/440/264
f 627/440/264 639/439/276 628/441/265
f 639/442/276 640/443/277 628/415/265
f 628/415/265 640/443/277 629/419/266
f 640/443/277 641/444/278 629/419/266
f 629/419/266 641/444/278 630/420/267
f 641/444/278 642/445/279 630/420/267
f 630/420/267 642/445/279 631/421/268
f 642/445/279 643/446/280 631/421/268
f 631/421/268 643/446/280 632/422/269
f 643/446/280 644/447/281 632/422/269
f 632/422/269 644/447/281 633/425/270
f 644/448/281 645/449/282 633/450/270
f 633/450/270 645/449/282 444/451/271
f 645/452/282 445/453/283 444/454/271
f 460/455/150 646/456/204 634/457/203
f 646/456/204 647/458/284 634/457/203
f 634/457/203 647/458/284 635/459/272
f 647/458/284 648/460/285 635/459/272
f 635/429/272 648/461/285 636/430/273
f 648/461/285 649/462/286 636/430/273
f 636/430/273 649/462/286 637/433/274
f 649/462/286 650/463/287 637/433/274
f 637/433/274 650/463/287 638/434/275
f 650/464/287 651/465/288 638/466/275
f 638/434/275 651/467/288 639/442/276
f 651/467/288 652/468/289 639/442/276
f 639/442/276 652/468/289 640/443/277
f 652/468/289 653/469/290 640/443/277
f 640/470/277 653/471/290 641/472/278
f 653/471/290 654/473/291 641/472/278
f 641/472/278 654/473/291 642/474/279
f 654/475/291 655/476/292 642/445/279
f 642/445/279 655/476/292 643/446/280
f 655/477/292 656/478/293 643/479/280
f 643/479/280 656/478/293 644/448/281
f 656/478/293 657/480/294 644/448/281
f 644/448/281 657/480/294 645/449/282
f 657/481/294 658/482/295 645/483/282
f 645/483/282 658/482/295 445/484/283
f 658/485/295 446/486/296 445/487/283
f 461/488/163 659/489/205 646/490/204
f 659/489/205 660/491/297 646/490/204
f 646/492/204 660/493/297 647/494/284
f 660/493/297 661/495/298 647/494/284
f 647/494/284 661/495/298 648/461/285
f 661/495/298 662/496/299 648/461/285
f 648/461/285 662/496/299 649/462/286
f 662/496/299 663/497/300 649/462/286
f 649/462/286 663/497/300 650/463/287
f 663/497/300 664/498/301 650/463/287
f 650/463/287 664/498/301 651/467/288
f 664/498/301 665/499/302 651/467/288
f 651/500/288 665/501/302 652/502/289
f 665/501/302 666/503/303 652/502/289
f 652/502/289 666/503/303 653/504/290
f 666/503/303 667/505/304 653/504/290
f 653/506/290 667/507/304 654/508/291
f 667/507/304 668/509/305 654/508/291
f 654/510/291 668/511/305 655/512/292
f 668/513/305 669/514/306 655/477/292
f 655/477/292 669/514/306 656/478/293
f 669/514/306 670/515/307 656/478/293
f 656/478/293 670/515/307 657/480/294
f 670/516/307 671/517/308 657/481/294
f 657/481/294 671/517/308 658/482/295
f 671/517/308 672/518/309 658/482/295
f 658/482/295 672/518/309 446/519/296
f 672/518/309 447/520/36 446/519/296
f 462/521/39 372/522/38 659/523/205
f 372/524/38 371/525/310 659/489/205
f 659/489/205 371/525/310 660/491/297
f 371/526/310 370/527/311 660/528/297
f 660/528/297 370/527/311 661/529/298
f 370/527/311 369/530/312 661/529/298
f 661/529/298 369/530/312 662/531/299
f 369/532/312 368/533/313 662/496/299
f 662/496/299 368/533/313 663/497/300
f 368/533/313 367/534/314 663/497/300
f 663/497/300 367/534/314 664/498/301
f 367/534/314 366/535/315 664/498/301
f 664/498/301 366/535/315 665/499/302
f 366/535/315 365/536/316 665/499/302
f 665/499/302 365/536/316 666/537/303
f 365/536/316 364/538/317 666/537/303
f 666/503/303 364/539/317 667/505/304
f 364/539/317 363/540/318 667/505/304
f 667/505/304 363/540/318 668/541/305
f 363/540/318 362/542/319 668/541/305
f 668/543/305 362/544/319 669/545/306
f 362/544/319 361/546/320 669/545/306
f 669/545/306 361/546/320 670/516/307
f 361/546/320 360/547/321 670/516/307
f 670/516/307 360/547/321 671/517/308
f 360/547/321 359/548/322 671/517/308
f 671/517/308 359/548/322 672/518/309
f 359/548/322 358/549/323 672/518/309
f 672/518/309 358/549/323 447/520/36
f 358/550/323 9/551/34 447/552/36
f 433/316/191 418/553/324 12/49/45
f 434/333/206 673/554/325 433/316/191
f 435/336/208 674/555/326 434/333/206
f 436/339/211 676/556/327 435/336/208
f 437/343/215 679/557/328 436/339/211
f 438/348/220 683/558/329 437/343/215
f 439/370/226 688/559/330 438/348/220
f 440/371/233 694/560/331 439/370/226
f 441/379/241 701/561/332 440/371/233
f 442/388/250 709/562/333 441/379/241
f 443/405/260 718/563/334 442/388/250
f 444/426/271 728/564/335 443/405/260
f 445/453/283 739/565/336 444/454/271
f 446/566/296 751/567/337 445/453/283
f 447/520/36 764/568/338 446/519/296
f 433/316/191 673/554/325 418/553/324
f 673/554/325 419/569/339 418/553/324
f 434/333/206 674/555/326 673/554/325
f 674/555/326 675/570/340 673/554/325
f 673/554/325 675/570/340 419/569/339
f 675/570/340 420/571/341 419/569/339
f 435/336/208 676/556/327 674/555/326
f 676/556/327 677/572/342 674/555/326
f 674/555/326 677/572/342 675/570/340
f 677/572/342 678/573/343 675/570/340
f 675/570/340 678/573/343 420/571/341
f 678/573/343 421/574/344 420/571/341
f 436/339/211 679/557/328 676/556/327
f 679/557/328 680/575/345 676/556/327
f 676/556/327 680/575/345 677/572/342
f 680/575/345 681/576/346 677/572/342
f 677/572/342 681/576/346 678/573/343
f 681/576/346 682/577/347 678/573/343
f 678/573/343 682/577/347 421/574/344
f 682/577/347 422/578/348 421/574/344
f 437/343/215 683/558/329 679/557/328
f 683/558/329 684/579/349 679/557/328
f 679/557/328 684/579/349 680/575/345
f 684/579/349 685/580/350 680/575/345
f 680/575/345 685/580/350 681/576/346
f 685/580/350 686/581/351 681/576/346
f 681/576/346 686/581/351 682/577/347
f 686/581/351 687/582/352 682/577/347
f 682/577/347 687/582/352 422/578/348
f 687/582/352 423/583/353 422/578/348
f 438/348/220 688/559/330 683/558/329
f 688/559/330 689/584/354 683/558/329
f 683/558/329 689/584/354 684/579/349
f 689/584/354 690/585/355 684/579/349
f 684/579/349 690/585/355 685/580/350
f 690/585/355 691/586/356 685/580/350
f 685/580/350 691/586/356 686/581/351
f 691/586/356 692/587/357 686/581/351
f 686/581/351 692/587/357 687/582/352
f 692/587/357 693/588/358 687/582/352
f 687/582/352 693/588/358 423/583/353
f 693/588/358 424/589/359 423/583/353
f 439/370/226 694/560/331 688/559/330
f 694/560/331 695/590/360 688/559/330
f 688/559/330 695/590/360 689/584/354
f 695/590/360 696/591/361 689/584/354
f 689/584/354 696/591/361 690/585/355
f 696/591/361 697/592/362 690/585/355
f 690/585/355 697/592/362 691/586/356
f 697/592/362 698/593/363 691/586/356
f 691/586/356 698/593/363 692/587/357
f 698/593/363 699/594/364 692/587/357
f 692/587/357 699/594/364 693/588/358
f 699/594/364 700/595/365 693/588/358
f 693/588/358 700/595/365 424/589/359
f 700/595/365 425/596/366 424/589/359
f 440/371/233 701/561/332 694/560/331
f 701/561/332 702/597/367 694/560/331
f 694/560/331 702/597/367 695/590/360
f 702/597/367 703/598/368 695/590/360
f 695/590/360 703/598/368 696/591/361
f 703/598/368 704/599/369 696/591/361
f 696/591/361 704/599/369 697/592/362
f 704/599/369 705/600/370 697/592/362
f 697/592/362 705/600/370 698/593/363
f 705/600/370 706/601/371 698/593/363
f 698/593/363 706/601/371 699/594/364
f 706/601/371 707/602/372 699/594/364
f 699/594/364 707/602/372 700/595/365
f 707/602/372 708/603/373 700/595/365
f 700/604/365 708/605/373 425/606/366
f 708/603/373 426/607/374 425/596/366
f 441/379/241 709/562/333 701/561/332
f 709/562/333 710/608/375 701/561/332
f 701/561/332 710/608/375 702/597/367
f 710/608/375 711/609/376 702/597/367
f 702/597/367 711/609/376 703/598/368
f 711/609/376 712/610/377 703/598/368
f 703/598/368 712/610/377 704/599/369
f 712/610/377 713/611/378 704/599/369
f 704/599/369 713/611/378 705/600/370
f 713/611/378 714/612/379 705/600/370
f 705/600/370 714/612/379 706/601/371
f 714/612/379 715/613/380 706/601/371
f 706/601/371 715/613/380 707/602/372
f 715/613/380 716/614/381 707/602/372
f 707/602/372 716/614/381 708/603/373
f 716/614/381 717/615/382 708/603/373
f 708/603/373 717/615/382 426/607/374
f 717/615/382 427/616/383 426/607/374
f 442/388/250 718/563/334 709/562/333
f 718/563/334 719/617/384 709/562/333
f 709/562/333 719/617/384 710/608/375
f 719/617/384 720/618/385 710/608/375
f 710/608/375 720/618/385 711/609/376
f 720/618/385 721/619/386 711/609/376
f 711/609/376 721/619/386 712/610/377
f 721/619/386 722/620/387 712/610/377
f 712/610/377 722/620/387 713/611/378
f 722/620/387 723/621/388 713/611/378
f 713/611/378 723/621/388 714/612/379
f 723/621/388 724/622/389 714/612/379
f 714/612/379 724/622/389 715/613/380
f 724/622/389 725/623/390 715/613/380
f 715/613/380 725/623/390 716/614/381
f 725/624/390 726/625/391 716/626/381
f 716/626/381 726/625/391 717/627/382
f 726/628/391 727/629/392 717/615/382
f 717/615/382 727/629/392 427/616/383
f 727/629/392 428/630/393 427/616/383
f 443/405/260 728/564/335 718/563/334
f 728/564/335 729/631/394 718/563/334
f 718/632/334 729/633/394 719/634/384
f 729/633/394 730/635/395 719/634/384
f 719/617/384 730/636/395 720/618/385
f 730/636/395 731/637/396 720/618/385
f 720/618/385 731/637/396 721/619/386
f 731/637/396 732/638/397 721/619/386
f 721/619/386 732/638/397 722/620/387
f 732/638/397 733/639/398 722/620/387
f 722/620/387 733/639/398 723/621/388
f 733/640/398 734/641/399 723/642/388
f 723/642/388 734/641/399 724/643/389
f 734/641/399 735/644/400 724/643/389
f 724/645/389 735/646/400 725/647/390
f 735/648/400 736/649/401 725/650/390
f 725/624/390 736/651/401 726/625/391
f 736/652/401 737/653/402 726/628/391
f 726/628/391 737/653/402 727/629/392
f 737/653/402 738/654/403 727/629/392
f 727/629/392 738/654/403 428/630/393
f 738/654/403 429/655/404 428/630/393
f 444/426/271 739/656/336 728/564/335
f 739/656/336 740/657/405 728/564/335
f 728/564/335 740/657/405 729/631/394
f 740/657/405 741/658/406 729/631/394
f 729/631/394 741/658/406 730/636/395
f 741/658/406 742/659/407 730/636/395
f 730/636/395 742/659/407 731/637/396
f 742/659/407 743/660/408 731/637/396
f 731/637/396 743/660/408 732/638/397
f 743/660/408 744/661/409 732/638/397
f 732/638/397 744/661/409 733/639/398
f 744/662/409 745/663/410 733/664/398
f 733/640/398 745/665/410 734/641/399
f 745/665/410 746/666/411 734/641/399
f 734/641/399 746/666/411 735/644/400
f 746/667/411 747/668/412 735/669/400
f 735/669/400 747/668/412 736/652/401
f 747/668/412 748/670/413 736/652/401
f 736/652/401 748/670/413 737/653/402
f 748/671/413 749/672/414 737/673/402
f 737/674/402 749/675/414 738/676/403
f 749/675/414 750/677/415 738/676/403
f 738/676/403 750/677/415 429/678/404
f 750/677/415 430/679/416 429/678/404
f 445/453/283 751/567/337 739/565/336
f 751/680/337 752/681/417 739/656/336
f 739/656/336 752/681/417 740/657/405
f 752/681/417 753/682/418 740/657/405
f 740/683/405 753/684/418 741/685/406
f 753/686/418 754/687/419 741/688/406
f 741/688/406 754/687/419 742/689/407
f 754/687/419 755/690/420 742/689/407
f 742/689/407 755/690/420 743/691/408
f 755/692/420 756/693/421 743/660/408
f 743/660/408 756/693/421 744/661/409
f 756/693/421 757/694/422 744/661/409
f 744/661/409 757/694/422 745/695/410
f 757/694/422 758/696/423 745/695/410
f 745/695/410 758/696/423 746/667/411
f 758/696/423 759/697/424 746/667/411
f 746/667/411 759/697/424 747/668/412
f 759/697/424 760/698/425 747/668/412
f 747/668/412 760/698/425 748/670/413
f 760/699/425 761/700/426 748/701/413
f 748/671/413 761/702/426 749/672/414
f 761/703/426 762/704/427 749/705/414
f 749/705/414 762/704/427 750/706/415
f 762/704/427 763/707/428 750/706/415
f 750/706/415 763/707/428 430/708/416
f 763/707/428 431/709/429 430/708/416
f 446/566/296 764/710/338 751/567/337
f 764/710/338 765/711/430 751/567/337
f 751/680/337 765/712/430 752/681/417
f 765/712/430 766/713/431 752/681/417
f 752/681/417 766/713/431 753/682/418
f 766/713/431 767/714/432 753/682/418
f 753/682/418 767/714/432 754/715/419
f 767/714/432 768/716/433 754/715/419
f 754/715/419 768/716/433 755/692/420
f 768/716/433 769/717/434 755/692/420
f 755/718/420 769/719/434 756/720/421
f 769/719/434 770/721/435 756/720/421
f 756/693/421 770/722/435 757/694/422
f 770/722/435 771/723/436 757/694/422
f 757/694/422 771/723/436 758/696/423
f 771/723/436 772/724/437 758/696/423
f 758/696/423 772/724/437 759/697/424
f 772/724/437 773/725/438 759/697/424
f 759/697/424 773/725/438 760/698/425
f 773/725/438 774/726/439 760/698/425
f 760/699/425 774/727/439 761/700/426
f 774/726/439 775/728/440 761/703/426
f 761/703/426 775/728/440 762/704/427
f 775/728/440 776/729/441 762/704/427
f 762/704/427 776/729/441 763/707/428
f 776/729/441 777/730/442 763/707/428
f 763/707/428 777/730/442 431/709/429
f 777/730/442 432/731/33 431/709/429
f 447/40/36 357/39/35 764/710/338
f 357/39/35 356/732/443 764/710/338
f 764/710/338 356/732/443 765/711/430
f 356/733/443 355/734/444 765/735/430
f 765/735/430 355/734/444 766/736/431
f 355/737/444 354/738/445 766/739/431
f 766/713/431 354/740/445 767/714/432
f 354/741/445 353/742/446 767/743/432
f 767/743/432 353/742/446 768/744/433
f 353/742/446 352/745/447 768/744/433
f 768/744/433 352/745/447 769/746/434
f 352/747/447 351/748/448 769/717/434
f 769/717/434 351/748/448 770/722/435
f 351/749/448 350/750/449 770/751/435
f 770/722/435 350/752/449 771/723/436
f 350/752/449 349/753/450 771/723/436
f 771/723/436 349/753/450 772/724/437
f 349/753/450 348/754/451 772/724/437
f 772/724/437 348/754/451 773/725/438
f 348/754/451 347/755/452 773/725/438
f 773/725/438 347/755/452 774/726/439
f 347/755/452 346/756/453 774/726/439
f 774/757/439 346/758/453 775/759/440
f 346/758/453 345/760/454 775/759/440
f 775/759/440 345/760/454 776/761/441
f 345/760/454 344/762/455 776/761/441
f 776/761/441 344/762/455 777/763/442
f 344/762/455 343/764/456 777/763/442
f 777/763/442 343/764/456 432/37/33
f 343/764/456 8/35/31 432/37/33
f 418/553/324 388/765/457 12/49/45
f 419/569/339 778/766/458 418/553/324
f 420/571/341 779/767/459 419/569/339
f 421/574/344 781/768/460 420/571/341
f 422/578/348 784/769/461 421/574/344
f 423/583/353 788/770/462 422/578/348
f 424/771/359 793/772/463 423/773/353
f 425/596/366 799/774/464 424/589/359
f 426/607/374 806/775/465 425/596/366
f 427/616/383 814/776/466 426/607/374
f 428/630/393 823/777/467 427/616/383
f 429/655/404 833/778/468 428/630/393
f 430/708/416 844/779/469 429/655/404
f 431/709/429 856/780/470 430/708/416
f 432/731/33 869/781/471 431/709/429
f 418/553/324 778/766/458 388/765/457
f 778/766/458 389/782/472 388/765/457
f 419/569/339 779/767/459 778/766/458
f 779/767/459 780/783/473 778/766/458
f 778/766/458 780/783/473 389/782/472
f 780/783/473 390/784/474 389/782/472
f 420/571/341 781/768/460 779/767/459
f 781/768/460 782/785/475 779/767/459
f 779/767/459 782/785/475 780/783/473
f 782/785/475 783/786/476 780/783/473
f 780/783/473 783/786/476 390/784/474
f 783/786/476 391/787/477 390/784/474
f 421/574/344 784/769/461 781/768/460
f 784/769/461 785/788/478 781/768/460
f 781/768/460 785/788/478 782/785/475
f 785/788/478 786/789/479 782/785/475
f 782/785/475 786/789/479 783/786/476
f 786/789/479 787/790/480 783/786/476
f 783/786/476 787/790/480 391/787/477
f 787/790/480 392/791/481 391/787/477
f 422/578/348 788/770/462 784/769/461
f 788/770/462 789/792/482 784/769/461
f 784/769/461 789/792/482 785/788/478
f 789/792/482 790/793/483 785/788/478
f 785/788/478 790/793/483 786/789/479
f 790/793/483 791/794/484 786/789/479
f 786/789/479 791/794/484 787/790/480
f 791/794/484 792/795/485 787/790/480
f 787/790/480 792/795/485 392/791/481
f 792/795/485 393/796/486 392/791/481
f 423/773/353 793/772/463 788/797/462
f 793/772/463 794/798/487 788/797/462
f 788/770/462 794/799/487 789/792/482
f 794/799/487 795/800/488 789/792/482
f 789/792/482 795/800/488 790/793/483
f 795/800/488 796/801/489 790/793/483
f 790/793/483 796/801/489 791/794/484
f 796/801/489 797/802/490 791/794/484
f 791/794/484 797/802/490 792/795/485
f 797/802/490 798/803/491 792/795/485
f 792/795/485 798/803/491 393/796/486
f 798/803/491 394/804/492 393/796/486
f 424/589/359 799/774/464 793/805/463
f 799/774/464 800/806/493 793/805/463
f 793/772/463 800/807/493 794/798/487
f 800/808/493 801/809/494 794/810/487
f 794/799/487 801/811/494 795/800/488
f 801/811/494 802/812/495 795/800/488
f 795/800/488 802/812/495 796/801/489
f 802/812/495 803/813/496 796/801/489
f 796/801/489 803/813/496 797/802/490
f 803/813/496 804/814/497 797/802/490
f 797/802/490 804/814/497 798/803/491
f 804/814/497 805/815/498 798/803/491
f 798/803/491 805/815/498 394/804/492
f 805/816/498 395/817/499 394/818/492
f 425/596/366 806/775/465 799/774/464
f 806/775/465 807/819/500 799/774/464
f 799/774/464 807/819/500 800/806/493
f 807/819/500 808/820/501 800/806/493
f 800/806/493 808/820/501 801/811/494
f 808/820/501 809/821/502 801/811/494
f 801/811/494 809/821/502 802/812/495
f 809/821/502 810/822/503 802/812/495
f 802/812/495 810/822/503 803/813/496
f 810/822/503 811/823/504 803/813/496
f 803/813/496 811/823/504 804/814/497
f 811/823/504 812/824/505 804/814/497
f 804/814/497 812/824/505 805/815/498
f 812/824/505 813/825/506 805/815/498
f 805/816/498 813/826/506 395/817/499
f 813/825/506 396/827/507 395/828/499
f 426/607/374 814/776/466 806/775/465
f 814/776/466 815/829/508 806/775/465
f 806/775/465 815/829/508 807/819/500
f 815/829/508 816/830/509 807/819/500
f 807/819/500 816/830/509 808/820/501
f 816/830/509 817/831/510 808/820/501
f 808/820/501 817/831/510 809/821/502
f 817/831/510 818/832/511 809/821/502
f 809/821/502 818/832/511 810/822/503
f 818/832/511 819/833/512 810/822/503
f 810/822/503 819/833/512 811/823/504
f 819/833/512 820/834/513 811/823/504
f 811/823/504 820/834/513 812/824/505
f 820/834/513 821/835/514 812/824/505
f 812/824/505 821/835/514 813/825/506
f 821/835/514 822/836/515 813/825/506
f 813/825/506 822/836/515 396/827/507
f 822/836/515 397/837/516 396/827/507
f 427/616/383 823/777/467 814/776/466
f 823/777/467 824/838/517 814/776/466
f 814/776/466 824/838/517 815/829/508
f 824/838/517 825/839/518 815/829/508
f 815/829/508 825/839/518 816/830/509
f 825/839/518 826/840/519 816/830/509
f 816/830/509 826/840/519 817/831/510
f 826/840/519 827/841/520 817/831/510
f 817/831/510 827/841/520 818/832/511
f 827/841/520 828/842/521 818/832/511
f 818/832/511 828/842/521 819/833/512
f 828/842/521 829/843/522 819/833/512
f 819/833/512 829/843/522 820/834/513
f 829/843/522 830/844/523 820/834/513
f 820/834/513 830/844/523 821/835/514
f 830/845/523 831/846/524 821/847/514
f 821/847/514 831/846/524 822/848/515
f 831/846/524 832/849/525 822/848/515
f 822/836/515 832/850/525 397/837/516
f 832/850/525 398/851/526 397/837/516
f 428/630/393 833/778/468 823/777/467
f 833/778/468 834/852/527 823/777/467
f 823/777/467 834/852/527 824/838/517
f 834/852/527 835/853/528 824/838/517
f 824/838/517 835/853/528 825/839/518
f 835/853/528 836/854/529 825/839/518
f 825/839/518 836/854/529 826/840/519
f 836/854/529 837/855/530 826/840/519
f 826/840/519 837/855/530 827/841/520
f 837/855/530 838/856/531 827/841/520
f 827/841/520 838/856/531 828/842/521
f 838/856/531 839/857/532 828/842/521
f 828/842/521 839/857/532 829/843/522
f 839/858/532 840/859/533 829/860/522
f 829/861/522 840/862/533 830/863/523
f 840/864/533 841/865/534 830/844/523
f 830/844/523 841/865/534 831/866/524
f 841/865/534 842/867/535 831/866/524
f 831/866/524 842/867/535 832/850/525
f 842/867/535 843/868/536 832/850/525
f 832/850/525 843/868/536 398/851/526
f 843/868/536 399/869/537 398/851/526
f 429/655/404 844/779/469 833/778/468
f 844/779/469 845/870/538 833/778/468
f 833/871/468 845/872/538 834/873/527
f 845/872/538 846/874/539 834/873/527
f 834/873/527 846/874/539 835/875/528
f 846/876/539 847/877/540 835/853/528
f 835/853/528 847/877/540 836/854/529
f 847/877/540 848/878/541 836/854/529
f 836/854/529 848/878/541 837/855/530
f 848/878/541 849/879/542 837/855/530
f 837/855/530 849/879/542 838/856/531
f 849/879/542 850/880/543 838/856/531
f 838/856/531 850/880/543 839/857/532
f 850/880/543 851/881/544 839/857/532
f 839/857/532 851/881/544 840/864/533
f 851/881/544 852/882/545 840/864/533
f 840/864/533 852/882/545 841/865/534
f 852/882/545 853/883/546 841/865/534
f 841/865/534 853/883/546 842/867/535
f 853/883/546 854/884/547 842/867/535
f 842/867/535 854/884/547 843/868/536
f 854/885/547 855/886/548 843/887/536
f 843/887/536 855/886/548 399/888/537
f 855/889/548 400/890/549 399/891/537
f 430/708/416 856/780/470 844/779/469
f 856/780/470 857/892/550 844/779/469
f 844/779/469 857/892/550 845/870/538
f 857/892/550 858/893/551 845/870/538
f 845/870/538 858/893/551 846/876/539
f 858/893/551 859/894/552 846/876/539
f 846/876/539 859/894/552 847/877/540
f 859/894/552 860/895/553 847/877/540
f 847/877/540 860/895/553 848/878/541
f 860/895/553 861/896/554 848/878/541
f 848/878/541 861/896/554 849/879/542
f 861/897/554 862/898/555 849/899/542
f 849/899/542 862/898/555 850/900/543
f 862/898/555 863/901/556 850/900/543
f 850/900/543 863/901/556 851/902/544
f 863/901/556 864/903/557 851/902/544
f 851/902/544 864/903/557 852/904/545
f 864/903/557 865/905/558 852/904/545
f 852/904/545 865/905/558 853/906/546
f 865/905/558 866/907/559 853/906/546
f 853/906/546 866/907/559 854/908/547
f 866/909/559 867/910/560 854/911/547
f 854/911/547 867/910/560 855/912/548
f 867/913/560 868/914/561 855/915/548
f 855/915/548 868/914/561 400/916/549
f 868/914/561 401/917/562 400/916/549
f 431/709/429 869/781/471 856/780/470
f 869/781/471 870/918/563 856/780/470
f 856/780/470 870/918/563 857/892/550
f 870/918/563 871/919/564 857/892/550
f 857/892/550 871/919/564 858/893/551
f 871/919/564 872/920/565 858/893/551
f 858/893/551 872/920/565 859/894/552
f 872/920/565 873/921/566 859/894/552
f 859/894/552 873/921/566 860/895/553
f 873/921/566 874/922/567 860/895/553
f 860/895/553 874/922/567 861/896/554
f 874/922/567 875/923/568 861/896/554
f 861/896/554 875/923/568 862/924/555
f 875/923/568 876/925/569 862/924/555
f 862/924/555 876/925/569 863/926/556
f 876/927/569 877/928/570 863/901/556
f 863/901/556 877/928/570 864/903/557
f 877/928/570 878/929/571 864/903/557
f 864/930/557 878/931/571 865/932/558
f 878/931/571 879/933/572 865/932/558
f 865/905/558 879/934/572 866/907/559
f 879/934/572 880/935/573 866/907/559
f 866/907/559 880/935/573 867/913/560
f 880/935/573 881/936/574 867/913/560
f 867/913/560 881/936/574 868/914/561
f 881/937/574 882/938/575 868/939/561
f 868/939/561 882/938/575 401/940/562
f 882/938/575 402/941/30 401/940/562
f 432/731/33 342/942/32 869/781/471
f 342/942/32 341/943/576 869/781/471
f 869/781/471 341/943/576 870/918/563
f 341/943/576 340/944/577 870/918/563
f 870/918/563 340/944/577 871/919/564
f 340/944/577 339/945/578 871/919/564
f 871/919/564 339/945/578 872/920/565
f 339/945/578 338/946/579 872/920/565
f 872/947/565 338/948/579 873/949/566
f 338/948/579 337/950/580 873/949/566
f 873/949/566 337/950/580 874/951/567
f 337/952/580 336/953/581 874/954/567
f 874/954/567 336/953/581 875/955/568
f 336/953/581 335/956/582 875/955/568
f 875/923/568 335/957/582 876/925/569
f 335/956/582 334/958/583 876/927/569
f 876/927/569 334/958/583 877/928/570
f 334/958/583 333/959/584 877/928/570
f 877/928/570 333/959/584 878/929/571
f 333/959/584 332/960/585 878/929/571
f 878/929/571 332/960/585 879/934/572
f 332/960/585 331/961/586 879/934/572
f 879/934/572 331/961/586 880/935/573
f 331/961/586 330/962/587 880/935/573
f 880/935/573 330/962/587 881/936/574
f 330/962/587 329/963/588 881/936/574
f 881/936/574 329/963/588 882/964/575
f 329/963/588 328/965/589 882/964/575
f 882/964/575 328/965/589 402/34/30
f 328/965/589 7/32/28 402/34/30
f 388/765/457 417/47/43 12/49/45
f 389/782/472 883/966/590 388/765/457
f 390/784/474 884/967/591 389/782/472
f 391/787/477 886/968/592 390/784/474
f 392/791/481 889/969/593 391/787/477
f 393/796/486 893/970/594 392/791/481
f 394/804/492 898/971/595 393/796/486
f 395/972/499 904/973/596 394/974/492
f 396/827/507 911/975/597 395/828/499
f 397/837/516 919/976/598 396/827/507
f 398/851/526 928/977/599 397/837/516
f 399/869/537 938/978/600 398/851/526
f 400/979/549 949/980/601 399/981/537
f 401/982/562 961/983/602 400/984/549
f 402/941/30 974/985/603 401/940/562
f 388/765/457 883/966/590 417/47/43
f 883/966/590 416/50/46 417/47/43
f 389/782/472 884/967/591 883/966/590
f 884/967/591 885/986/604 883/966/590
f 883/966/590 885/986/604 416/50/46
f 885/986/604 415/52/48 416/50/46
f 390/784/474 886/968/592 884/967/591
f 886/968/592 887/987/605 884/967/591
f 884/967/591 887/987/605 885/986/604
f 887/987/605 888/988/606 885/986/604
f 885/986/604 888/988/606 415/52/48
f 888/988/606 414/54/50 415/52/48
f 391/787/477 889/969/593 886/968/592
f 889/969/593 890/989/607 886/968/592
f 886/968/592 890/989/607 887/987/605
f 890/989/607 891/990/608 887/987/605
f 887/987/605 891/990/608 888/988/606
f 891/990/608 892/991/609 888/988/606
f 888/988/606 892/991/609 414/54/50
f 892/991/609 413/56/52 414/54/50
f 392/791/481 893/970/594 889/969/593
f 893/970/594 894/992/610 889/969/593
f 889/969/593 894/992/610 890/989/607
f 894/992/610 895/993/611 890/989/607
f 890/989/607 895/993/611 891/990/608
f 895/993/611 896/994/612 891/990/608
f 891/990/608 896/994/612 892/991/609
f 896/994/612 897/995/613 892/991/609
f 892/991/609 897/995/613 413/56/52
f 897/995/613 412/58/54 413/56/52
f 393/796/486 898/971/595 893/970/594
f 898/971/595 899/996/614 893/970/594
f 893/970/594 899/996/614 894/992/610
f 899/996/614 900/997/615 894/992/610
f 894/992/610 900/997/615 895/993/611
f 900/997/615 901/998/616 895/993/611
f 895/993/611 901/998/616 896/994/612
f 901/998/616 902/999/617 896/994/612
f 896/994/612 902/999/617 897/995/613
f 902/999/617 903/1000/618 897/995/613
f 897/995/613 903/1000/618 412/58/54
f 903/1000/618 411/60/56 412/58/54
f 394/1001/492 904/1002/596 898/1003/595
f 904/1004/596 905/1005/619 898/1006/595
f 898/971/595 905/1007/619 899/996/614
f 905/1007/619 906/1008/620 899/996/614
f 899/996/614 906/1008/620 900/997/615
f 906/1008/620 907/1009/621 900/997/615
f 900/997/615 907/1009/621 901/998/616
f 907/1009/621 908/1010/622 901/998/616
f 901/998/616 908/1010/622 902/999/617
f 908/1010/622 909/1011/623 902/999/617
f 902/999/617 909/1011/623 903/1000/618
f 909/1011/623 910/1012/624 903/1000/618
f 903/1000/618 910/1012/624 411/60/56
f 910/1012/624 410/62/58 411/60/56
f 395/828/499 911/975/597 904/1013/596
f 911/975/597 912/1014/625 904/1013/596
f 904/1013/596 912/1014/625 905/1007/619
f 912/1014/625 913/1015/626 905/1007/619
f 905/1007/619 913/1015/626 906/1008/620
f 913/1015/626 914/1016/627 906/1008/620
f 906/1008/620 914/1016/627 907/1009/621
f 914/1016/627 915/1017/628 907/1009/621
f 907/1009/621 915/1017/628 908/1010/622
f 915/1017/628 916/1018/629 908/1010/622
f 908/1010/622 916/1018/629 909/1011/623
f 916/1018/629 917/1019/630 909/1011/623
f 909/1011/623 917/1019/630 910/1012/624
f 917/1019/630 918/1020/631 910/1012/624
f 910/1012/624 918/1020/631 410/62/58
f 918/1021/631 409/64/60 410/66/58
f 396/827/507 919/976/598 911/975/597
f 919/976/598 920/1022/632 911/975/597
f 911/975/597 920/1022/632 912/1014/625
f 920/1022/632 921/1023/633 912/1014/625
f 912/1014/625 921/1023/633 913/1015/626
f 921/1023/633 922/1024/634 913/1015/626
f 913/1015/626 922/1024/634 914/1016/627
f 922/1024/634 923/1025/635 914/1016/627
f 914/1016/627 923/1025/635 915/1017/628
f 923/1025/635 924/1026/636 915/1017/628
f 915/1027/628 924/1028/636 916/1029/629
f 924/1026/636 925/1030/637 916/1018/629
f 916/1018/629 925/1030/637 917/1019/630
f 925/1030/637 926/1031/638 917/1019/630
f 917/1019/630 926/1031/638 918/1020/631
f 926/1031/638 927/1032/639 918/1020/631
f 918/1020/631 927/1032/639 409/69/60
f 927/1032/639 408/67/62 409/69/60
f 397/1033/516 928/1034/599 919/1035/598
f 928/1034/599 929/1036/640 919/1035/598
f 919/1035/598 929/1036/640 920/1037/632
f 929/1038/640 930/1039/641 920/1040/632
f 920/1040/632 930/1039/641 921/1041/633
f 930/1042/641 931/1043/642 921/1023/633
f 921/1023/633 931/1043/642 922/1024/634
f 931/1043/642 932/1044/643 922/1024/634
f 922/1024/634 932/1044/643 923/1025/635
f 932/1044/643 933/1045/644 923/1025/635
f 923/1025/635 933/1045/644 924/1026/636
f 933/1045/644 934/1046/645 924/1026/636
f 924/1026/636 934/1046/645 925/1030/637
f 934/1046/645 935/1047/646 925/1030/637
f 925/1030/637 935/1047/646 926/1031/638
f 935/1047/646 936/1048/647 926/1031/638
f 926/1031/638 936/1048/647 927/1032/639
f 936/1048/647 937/1049/648 927/1032/639
f 927/1032/639 937/1049/648 408/67/62
f 937/1049/648 407/70/64 408/67/62
f 398/851/526 938/978/600 928/977/599
f 938/978/600 939/1050/649 928/977/599
f 928/977/599 939/1050/649 929/1051/640
f 939/1050/649 940/1052/650 929/1051/640
f 929/1051/640 940/1052/650 930/1042/641
f 940/1052/650 941/1053/651 930/1042/641
f 930/1042/641 941/1053/651 931/1043/642
f 941/1053/651 942/1054/652 931/1043/642
f 931/1043/642 942/1054/652 932/1044/643
f 942/1054/652 943/1055/653 932/1044/643
f 932/1044/643 943/1055/653 933/1045/644
f 943/1056/653 944/1057/654 933/1058/644
f 933/1058/644 944/1057/654 934/1059/645
f 944/1060/654 945/1061/655 934/1046/645
f 934/1046/645 945/1061/655 935/1047/646
f 945/1061/655 946/1062/656 935/1047/646
f 935/1047/646 946/1062/656 936/1048/647
f 946/1063/656 947/1064/657 936/1065/647
f 936/1065/647 947/1064/657 937/1066/648
f 947/1064/657 948/1067/658 937/1066/648
f 937/1066/648 948/1067/658 407/74/64
f 948/1067/658 406/72/66 407/74/64
f 399/981/537 949/980/601 938/1068/600
f 949/1069/601 950/1070/659 938/1071/600
f 938/1071/600 950/1070/659 939/1072/649
f 950/1070/659 951/1073/660 939/1072/649
f 939/1050/649 951/1074/660 940/1052/650
f 951/1074/660 952/1075/661 940/1052/650
f 940/1052/650 952/1075/661 941/1053/651
f 952/1075/661 953/1076/662 941/1053/651
f 941/1053/651 953/1076/662 942/1054/652
f 953/1076/662 954/1077/663 942/1054/652
f 942/1054/652 954/1077/663 943/1055/653
f 954/1077/663 955/1078/664 943/1055/653
f 943/1056/653 955/1079/664 944/1057/654
f 955/1079/664 956/1080/665 944/1057/654
f 944/1081/654 956/1082/665 945/1083/655
f 956/1084/665 957/1085/666 945/1086/655
f 945/1086/655 957/1085/666 946/1063/656
f 957/1085/666 958/1087/667 946/1063/656
f 946/1063/656 958/1087/667 947/1064/657
f 958/1087/667 959/1088/668 947/1064/657
f 947/1064/657 959/1088/668 948/1067/658
f 959/1088/668 960/1089/669 948/1067/658
f 948/1067/658 960/1089/669 406/72/66
f 960/1089/669 405/75/68 406/72/66
f 400/979/549 961/1090/602 949/980/601
f 961/1091/602 962/1092/670 949/1069/601
f 949/1069/601 962/1092/670 950/1070/659
f 962/1093/670 963/1094/671 950/1095/659
f 950/1070/659 963/1096/671 951/1073/660
f 963/1096/671 964/1097/672 951/1073/660
f 951/1074/660 964/1098/672 952/1075/661
f 964/1099/672 965/1100/673 952/1101/661
f 952/1101/661 965/1100/673 953/1102/662
f 965/1103/673 966/1104/674 953/1076/662
f 953/1076/662 966/1104/674 954/1077/663
f 966/1105/674 967/1106/675 954/1107/663
f 954/1107/663 967/1106/675 955/1108/664
f 967/1109/675 968/1110/676 955/1111/664
f 955/1111/664 968/1110/676 956/1112/665
f 968/1113/676 969/1114/677 956/1084/665
f 956/1084/665 969/1114/677 957/1085/666
f 969/1114/677 970/1115/678 957/1085/666
f 957/1085/666 970/1115/678 958/1087/667
f 970/1115/678 971/1116/679 958/1087/667
f 958/1117/667 971/1118/679 959/1119/668
f 971/1120/679 972/1121/680 959/1122/668
f 959/1088/668 972/1123/680 960/1089/669
f 972/1124/680 973/1125/681 960/1126/669
f 960/1126/669 973/1125/681 405/79/68
f 973/1125/681 404/77/70 405/79/68
f 401/940/562 974/985/603 961/1127/602
f 974/985/603 975/1128/682 961/1127/602
f 961/1091/602 975/1129/682 962/1092/670
f 975/1130/682 976/1131/683 962/1132/670
f 962/1133/670 976/1134/683 963/1135/671
f 976/1136/683 977/1137/684 963/1138/671
f 963/1139/671 977/1140/684 964/1141/672
f 977/1140/684 978/1142/685 964/1141/672
f 964/1141/672 978/1142/685 965/1143/673
f 978/1144/685 979/1145/686 965/1146/673
f 965/1146/673 979/1145/686 966/1147/674
f 979/1148/686 980/1149/687 966/1150/674
f 966/1105/674 980/1151/687 967/1106/675
f 980/1151/687 981/1152/688 967/1106/675
f 967/1106/675 981/1152/688 968/1113/676
f 981/1152/688 982/1153/689 968/1113/676
f 968/1113/676 982/1153/689 969/1114/677
f 982/1154/689 983/1155/690 969/1156/677
f 969/1156/677 983/1155/690 970/1157/678
f 983/1158/690 984/1159/691 970/1115/678
f 970/1115/678 984/1159/691 971/1116/679
f 984/1160/691 985/1161/692 971/1162/679
f 971/1162/679 985/1161/692 972/1124/680
f 985/1161/692 986/1163/693 972/1124/680
f 972/1124/680 986/1163/693 973/1125/681
f 986/1163/693 987/1164/694 973/1125/681
f 973/1125/681 987/1164/694 404/77/70
f 987/1165/694 403/46/42 404/81/70
f 402/941/30 327/1166/29 974/985/603
f 327/1166/29 326/1167/695 974/985/603
f 974/1168/603 326/1169/695 975/1130/682
f 326/1169/695 325/1170/696 975/1130/682
f 975/1130/682 325/1170/696 976/1131/683
f 325/1171/696 324/1172/697 976/1173/683
f 976/1136/683 324/1174/697 977/1137/684
f 324/1174/697 323/1175/698 977/1137/684
f 977/1176/684 323/1177/698 978/1178/685
f 323/1177/698 322/1179/699 978/1178/685
f 978/1178/685 322/1179/699 979/1180/686
f 322/1181/699 321/1182/700 979/1183/686
f 979/1183/686 321/1182/700 980/1184/687
f 321/1185/700 320/1186/701 980/1187/687
f 980/1187/687 320/1186/701 981/1188/688
f 320/1186/701 319/1189/702 981/1188/688
f 981/1188/688 319/1189/702 982/1154/689
f 319/1189/702 318/1190/703 982/1154/689
f 982/1154/689 318/1190/703 983/1155/690
f 318/1190/703 317/1191/704 983/1155/690
f 983/1155/690 317/1191/704 984/1160/691
f 317/1191/704 316/1192/705 984/1160/691
f 984/1160/691 316/1192/705 985/1161/692
f 316/1192/705 315/1193/706 985/1161/692
f 985/1161/692 315/1193/706 986/1163/693
f 315/1193/706 314/1194/707 986/1163/693
f 986/1163/693 314/1194/707 987/1164/694
f 314/1194/707 313/1195/708 987/1164/694
f 987/1164/694 313/1195/708 403/1196/42
f 313/1197/708 11/44/40 403/46/42
f 192/1198/709 387/1199/41 11/1200/40
f 191/1201/710 988/1202/711 192/1203/709
f 190/1204/712 989/1205/713 191/1206/710
f 189/1207/714 991/1208/715 190/1209/712
f 188/1210/716 994/1211/717 189/1212/714
f 187/1213/718 998/1214/719 188/1215/716
f 186/1216/720 1003/1217/721 187/1213/718
f 185/1218/722 1009/1219/723 186/1220/720
f 184/1221/724 1016/1222/725 185/1223/722
f 183/1224/726 1024/1225/727 184/1226/724
f 182/1227/728 1033/1228/729 183/1224/726
f 181/1229/730 1043/1230/731 182/1231/728
f 180/1232/732 1054/1233/733 181/1234/730
f 179/1235/734 1066/1236/735 180/1237/732
f 178/31/27 1079/1238/736 179/1235/734
f 192/1239/709 988/1240/711 387/1241/41
f 988/1242/711 386/276/177 387/45/41
f 191/1201/710 989/1243/713 988/1202/711
f 989/1244/713 990/1245/737 988/1242/711
f 988/1242/711 990/1245/737 386/276/177
f 990/1245/737 385/1246/178 386/276/177
f 190/1247/712 991/1248/715 989/1244/713
f 991/1248/715 992/1249/738 989/1244/713
f 989/1244/713 992/1249/738 990/1245/737
f 992/1249/738 993/1250/739 990/1245/737
f 990/1245/737 993/1250/739 385/1246/178
f 993/1250/739 384/282/179 385/1246/178
f 189/1207/714 994/1251/717 991/1208/715
f 994/1251/717 995/1252/740 991/1208/715
f 991/1248/715 995/1253/740 992/1249/738
f 995/1254/740 996/1255/741 992/1256/738
f 992/1249/738 996/1257/741 993/1250/739
f 996/1258/741 997/1259/742 993/1260/739
f 993/1250/739 997/1261/742 384/282/179
f 997/1261/742 383/284/180 384/282/179
f 188/1210/716 998/1262/719 994/1211/717
f 998/1263/719 999/1264/743 994/1251/717
f 994/1251/717 999/1264/743 995/1252/740
f 999/1264/743 1000/1265/744 995/1252/740
f 995/1266/740 1000/1267/744 996/1268/741
f 1000/1267/744 1001/1269/745 996/1268/741
f 996/1268/741 1001/1269/745 997/1270/742
f 1001/1271/745 1002/1272/746 997/1273/742
f 997/1274/742 1002/1275/746 383/286/180
f 1002/1275/746 382/287/181 383/286/180
f 187/1276/718 1003/1277/721 998/1278/719
f 1003/1277/721 1004/1279/747 998/1278/719
f 998/1263/719 1004/1280/747 999/1264/743
f 1004/1280/747 1005/1281/748 999/1264/743
f 999/1264/743 1005/1281/748 1000/1265/744
f 1005/1281/748 1006/1282/749 1000/1265/744
f 1000/1267/744 1006/1283/749 1001/1269/745
f 1006/1282/749 1007/1284/750 1001/1271/745
f 1001/1271/745 1007/1284/750 1002/1272/746
f 1007/1285/750 1008/1286/751 1002/1275/746
f 1002/1275/746 1008/1286/751 382/287/181
f 1008/1287/751 381/293/182 382/292/181
f 186/1216/720 1009/1288/723 1003/1217/721
f 1009/1288/723 1010/1289/752 1003/1217/721
f 1003/1290/721 1010/1291/752 1004/1292/747
f 1010/1293/752 1011/1294/753 1004/1295/747
f 1004/1280/747 1011/1296/753 1005/1281/748
f 1011/1296/753 1012/1297/754 1005/1281/748
f 1005/1281/748 1012/1297/754 1006/1282/749
f 1012/1297/754 1013/1298/755 1006/1282/749
f 1006/1282/749 1013/1298/755 1007/1284/750
f 1013/1298/755 1014/1299/756 1007/1284/750
f 1007/1284/750 1014/1299/756 1008/1300/751
f 1014/1299/756 1015/1301/757 1008/1300/751
f 1008/1302/751 1015/1303/757 381/1304/182
f 1015/1305/757 380/1306/183 381/1307/182
f 185/1218/722 1016/1308/725 1009/1219/723
f 1016/1309/725 1017/1310/758 1009/1311/723
f 1009/1288/723 1017/1312/758 1010/1289/752
f 1017/1313/758 1018/1314/759 1010/1315/752
f 1010/1315/752 1018/1314/759 1011/1316/753
f 1018/1317/759 1019/1318/760 1011/1319/753
f 1011/1320/753 1019/1321/760 1012/1322/754
f 1019/1321/760 1020/1323/761 1012/1322/754
f 1012/1297/754 1020/1324/761 1013/1298/755
f 1020/1324/761 1021/1325/762 1013/1298/755
f 1013/1298/755 1021/1325/762 1014/1299/756
f 1021/1325/762 1022/1326/763 1014/1299/756
f 1014/1327/756 1022/1328/763 1015/1305/757
f 1022/1328/763 1023/1329/764 1015/1305/757
f 1015/1305/757 1023/1329/764 380/1306/183
f 1023/1330/764 379/1331/184 380/1332/183
f 184/1221/724 1024/1333/727 1016/1222/725
f 1024/1334/727 1025/1335/765 1016/1309/725
f 1016/1309/725 1025/1335/765 1017/1310/758
f 1025/1336/765 1026/1337/766 1017/1313/758
f 1017/1313/758 1026/1337/766 1018/1314/759
f 1026/1338/766 1027/1339/767 1018/1317/759
f 1018/1317/759 1027/1339/767 1019/1318/760
f 1027/1340/767 1028/1341/768 1019/1342/760
f 1019/1342/760 1028/1341/768 1020/1343/761
f 1028/1344/768 1029/1345/769 1020/1324/761
f 1020/1324/761 1029/1345/769 1021/1325/762
f 1029/1345/769 1030/1346/770 1021/1325/762
f 1021/1325/762 1030/1346/770 1022/1326/763
f 1030/1347/770 1031/1348/771 1022/1349/763
f 1022/1349/763 1031/1348/771 1023/1350/764
f 1031/1351/771 1032/1352/772 1023/1353/764
f 1023/1330/764 1032/1354/772 379/1331/184
f 1032/1355/772 378/301/185 379/300/184
f 183/1356/726 1033/1357/729 1024/1358/727
f 1033/1357/729 1034/1359/773 1024/1358/727
f 1024/1360/727 1034/1361/773 1025/1362/765
f 1034/1363/773 1035/1364/774 1025/1336/765
f 1025/1336/765 1035/1364/774 1026/1337/766
f 1035/1365/774 1036/1366/775 1026/1338/766
f 1026/1338/766 1036/1366/775 1027/1339/767
f 1036/1366/775 1037/1367/776 1027/1339/767
f 1027/1368/767 1037/1369/776 1028/1370/768
f 1037/1369/776 1038/1371/777 1028/1370/768
f 1028/1344/768 1038/1372/777 1029/1345/769
f 1038/1373/777 1039/1374/778 1029/1375/769
f 1029/1345/769 1039/1376/778 1030/1346/770
f 1039/1376/778 1040/1377/779 1030/1346/770
f 1030/1378/770 1040/1379/779 1031/1380/771
f 1040/1381/779 1041/1382/780 1031/1383/771
f 1031/1351/771 1041/1384/780 1032/1352/772
f 1041/1384/780 1042/1385/781 1032/1352/772
f 1032/1355/772 1042/1386/781 378/301/185
f 1042/1387/781 377/1388/186 378/1389/185
f 182/1227/728 1043/1390/731 1033/1228/729
f 1043/1390/731 1044/1391/782 1033/1228/729
f 1033/1392/729 1044/1393/782 1034/1394/773
f 1044/1395/782 1045/1396/783 1034/1397/773
f 1034/1363/773 1045/1398/783 1035/1364/774
f 1045/1399/783 1046/1400/784 1035/1365/774
f 1035/1401/774 1046/1402/784 1036/1403/775
f 1046/1400/784 1047/1404/785 1036/1366/775
f 1036/1366/775 1047/1404/785 1037/1367/776
f 1047/1404/785 1048/1405/786 1037/1367/776
f 1037/1406/776 1048/1407/786 1038/1408/777
f 1048/1409/786 1049/1410/787 1038/1411/777
f 1038/1411/777 1049/1410/787 1039/1412/778
f 1049/1413/787 1050/1414/788 1039/1415/778
f 1039/1376/778 1050/1416/788 1040/1377/779
f 1050/1416/788 1051/1417/789 1040/1377/779
f 1040/1381/779 1051/1418/789 1041/1382/780
f 1051/1419/789 1052/1420/790 1041/1421/780
f 1041/1384/780 1052/1422/790 1042/1385/781
f 1052/1423/790 1053/1424/791 1042/1387/781
f 1042/1387/781 1053/1424/791 377/1388/186
f 1053/1425/791 376/306/187 377/305/186
f 181/1426/730 1054/1427/733 1043/1428/731
f 1054/1427/733 1055/1429/792 1043/1428/731
f 1043/1430/731 1055/1431/792 1044/1432/782
f 1055/1433/792 1056/1434/793 1044/1395/782
f 1044/1395/782 1056/1434/793 1045/1396/783
f 1056/1434/793 1057/1435/794 1045/1396/783
f 1045/1399/783 1057/1436/794 1046/1400/784
f 1057/1436/794 1058/1437/795 1046/1400/784
f 1046/1400/784 1058/1437/795 1047/1404/785
f 1058/1437/795 1059/1438/796 1047/1404/785
f 1047/1404/785 1059/1438/796 1048/1405/786
f 1059/1438/796 1060/1439/797 1048/1405/786
f 1048/1405/786 1060/1439/797 1049/1440/787
f 1060/1439/797 1061/1441/798 1049/1440/787
f 1049/1413/787 1061/1442/798 1050/1414/788
f 1061/1442/798 1062/1443/799 1050/1414/788
f 1050/1416/788 1062/1444/799 1051/1417/789
f 1062/1444/799 1063/1445/800 1051/1417/789
f 1051/1446/789 1063/1447/800 1052/1448/790
f 1063/1449/800 1064/1450/801 1052/1451/790
f 1052/1452/790 1064/1453/801 1053/1454/791
f 1064/1453/801 1065/1455/802 1053/1454/791
f 1053/1454/791 1065/1455/802 376/1456/187
f 1065/1455/802 375/309/188 376/1456/187
f 180/1457/732 1066/1458/735 1054/1459/733
f 1066/1236/735 1067/1460/803 1054/1461/733
f 1054/1462/733 1067/1463/803 1055/1464/792
f 1067/1463/803 1068/1465/804 1055/1464/792
f 1055/1433/792 1068/1466/804 1056/1434/793
f 1068/1466/804 1069/1467/805 1056/1434/793
f 1056/1434/793 1069/1467/805 1057/1435/794
f 1069/1468/805 1070/1469/806 1057/1470/794
f 1057/1470/794 1070/1469/806 1058/1471/795
f 1070/1469/806 1071/1472/807 1058/1471/795
f 1058/1437/795 1071/1473/807 1059/1438/796
f 1071/1473/807 1072/1474/808 1059/1438/796
f 1059/1438/796 1072/1474/808 1060/1439/797
f 1072/1474/808 1073/1475/809 1060/1439/797
f 1060/1439/797 1073/1475/809 1061/1441/798
f 1073/1475/809 1074/1476/810 1061/1441/798
f 1061/1442/798 1074/1477/810 1062/1443/799
f 1074/1478/810 1075/1479/811 1062/1480/799
f 1062/1480/799 1075/1479/811 1063/1481/800
f 1075/1482/811 1076/1483/812 1063/1484/800
f 1063/1449/800 1076/1485/812 1064/1450/801
f 1076/1485/812 1077/1486/813 1064/1450/801
f 1064/1453/801 1077/1487/813 1065/1455/802
f 1077/1487/813 1078/1488/814 1065/1455/802
f 1065/1455/802 1078/1488/814 375/309/188
f 1078/1488/814 374/310/189 375/309/188
f 179/1235/734 1079/1238/736 1066/1236/735
f 1079/1489/736 1080/1490/815 1066/1491/735
f 1066/1236/735 1080/1492/815 1067/1460/803
f 1080/1492/815 1081/1493/816 1067/1460/803
f 1067/1494/803 1081/1495/816 1068/1496/804
f 1081/1497/816 1082/1498/817 1068/1499/804
f 1068/1466/804 1082/1500/817 1069/1467/805
f 1082/1501/817 1083/1502/818 1069/1503/805
f 1069/1504/805 1083/1505/818 1070/1506/806
f 1083/1505/818 1084/1507/819 1070/1506/806
f 1070/1469/806 1084/1508/819 1071/1472/807
f 1084/1508/819 1085/1509/820 1071/1472/807
f 1071/1472/807 1085/1509/820 1072/1510/808
f 1085/1509/820 1086/1511/821 1072/1510/808
f 1072/1474/808 1086/1512/821 1073/1475/809
f 1086/1513/821 1087/1514/822 1073/1515/809
f 1073/1515/809 1087/1514/822 1074/1478/810
f 1087/1514/822 1088/1516/823 1074/1478/810
f 1074/1478/810 1088/1516/823 1075/1479/811
f 1088/1517/823 1089/1518/824 1075/1519/811
f 1075/1520/811 1089/1521/824 1076/1522/812
f 1089/1523/824 1090/1524/825 1076/1485/812
f 1076/1485/812 1090/1524/825 1077/1486/813
f 1090/1524/825 1091/1525/826 1077/1486/813
f 1077/1486/813 1091/1525/826 1078/1526/814
f 1091/1525/826 1092/1527/827 1078/1526/814
f 1078/1488/814 1092/1528/827 374/310/189
f 1092/1528/827 373/313/190 374/310/189
f 178/31/27 297/24/22 1079/1238/736
f 297/24/22 296/1529/828 1079/1238/736
f 1079/1238/736 296/1529/828 1080/1492/815
f 296/1529/828 295/1530/829 1080/1492/815
f 1080/1492/815 295/1530/829 1081/1493/816
f 295/1531/829 294/1532/830 1081/1533/816
f 1081/1493/816 294/1534/830 1082/1535/817
f 294/1534/830 293/1536/831 1082/1535/817
f 1082/1537/817 293/1538/831 1083/1539/818
f 293/1540/831 292/1541/832 1083/1542/818
f 1083/1505/818 292/1543/832 1084/1507/819
f 292/1543/832 291/1544/833 1084/1507/819
f 1084/1508/819 291/1545/833 1085/1509/820
f 291/1545/833 290/1546/834 1085/1509/820
f 1085/1547/820 290/1548/834 1086/1549/821
f 290/1550/834 289/1551/835 1086/1552/821
f 1086/1553/821 289/1554/835 1087/1555/822
f 289/1554/835 288/1556/836 1087/1555/822
f 1087/1514/822 288/1557/836 1088/1516/823
f 288/1558/836 287/1559/837 1088/1560/823
f 1088/1517/823 287/1561/837 1089/1518/824
f 287/1561/837 286/1562/838 1089/1518/824
f 1089/1523/824 286/1563/838 1090/1524/825
f 286/1563/838 285/1564/839 1090/1524/825
f 1090/1565/825 285/1566/839 1091/1567/826
f 285/1564/839 284/1568/840 1091/1525/826
f 1091/1569/826 284/1570/840 1092/1528/827
f 284/1570/840 283/1571/841 1092/1528/827
f 1092/1528/827 283/1571/841 373/313/190
f 283/1571/841 10/314/37 373/313/190
f 312/1572/842 372/524/38 10/1573/37
f 311/1574/843 1093/1575/844 312/1572/842
f 310/1576/845 1094/1577/846 311/1578/843
f 309/1579/847 1096/1580/848 310/1581/845
f 308/1582/849 1099/1583/850 309/1579/847
f 307/1584/851 1103/1585/852 308/1586/849
f 306/1587/853 1108/1588/854 307/1584/851
f 305/1589/855 1114/1590/856 306/1587/853
f 304/1591/857 1121/1592/858 305/1589/855
f 303/1593/859 1129/1594/860 304/1595/857
f 302/1596/861 1138/1597/862 303/1593/859
f 301/1598/863 1148/1599/864 302/1600/861
f 300/1601/865 1159/1602/866 301/1603/863
f 299/1604/867 1171/1605/868 300/1606/865
f 298/1607/26 1184/1608/869 299/1604/867
f 312/1572/842 1093/1575/844 372/524/38
f 1093/1575/844 371/525/310 372/524/38
f 311/1609/843 1094/1610/846 1093/1611/844
f 1094/1612/846 1095/1613/870 1093/1614/844
f 1093/1614/844 1095/1613/870 371/526/310
f 1095/1613/870 370/527/311 371/526/310
f 310/1615/845 1096/1616/848 1094/1617/846
f 1096/1618/848 1097/1619/871 1094/1620/846
f 1094/1612/846 1097/1621/871 1095/1613/870
f 1097/1622/871 1098/1623/872 1095/1624/870
f 1095/1613/870 1098/1625/872 370/527/311
f 1098/1625/872 369/530/312 370/527/311
f 309/1579/847 1099/1583/850 1096/1580/848
f 1099/1626/850 1100/1627/873 1096/1618/848
f 1096/1618/848 1100/1627/873 1097/1619/871
f 1100/1628/873 1101/1629/874 1097/1622/871
f 1097/1622/871 1101/1629/874 1098/1623/872
f 1101/1630/874 1102/1631/875 1098/1625/872
f 1098/1625/872 1102/1631/875 369/530/312
f 1102/1631/875 368/1632/313 369/530/312
f 308/1586/849 1103/1585/852 1099/1633/850
f 1103/1585/852 1104/1634/876 1099/1633/850
f 1099/1633/850 1104/1634/876 1100/1635/873
f 1104/1634/876 1105/1636/877 1100/1635/873
f 1100/1628/873 1105/1637/877 1101/1629/874
f 1105/1638/877 1106/1639/878 1101/1630/874
f 1101/1630/874 1106/1639/878 1102/1631/875
f 1106/1639/878 1107/1640/879 1102/1631/875
f 1102/1631/875 1107/1640/879 368/1632/313
f 1107/1640/879 367/1641/314 368/1632/313
f 307/1584/851 1108/1588/854 1103/1585/852
f 1108/1642/854 1109/1643/880 1103/1644/852
f 1103/1645/852 1109/1646/880 1104/1647/876
f 1109/1648/880 1110/1649/881 1104/1650/876
f 1104/1650/876 1110/1649/881 1105/1651/877
f 1110/1652/881 1111/1653/882 1105/1654/877
f 1105/1655/877 1111/1656/882 1106/1657/878
f 1111/1658/882 1112/1659/883 1106/1660/878
f 1106/1639/878 1112/1661/883 1107/1640/879
f 1112/1659/883 1113/1662/884 1107/1663/879
f 1107/1664/879 1113/1665/884 367/1666/314
f 1113/1665/884 366/1667/315 367/1666/314
f 306/1587/853 1114/1590/856 1108/1588/854
f 1114/1590/856 1115/1668/885 1108/1588/854
f 1108/1642/854 1115/1669/885 1109/1643/880
f 1115/1670/885 1116/1671/886 1109/1672/880
f 1109/1648/880 1116/1673/886 1110/1649/881
f 1116/1674/886 1117/1675/887 1110/1652/881
f 1110/1652/881 1117/1675/887 1111/1653/882
f 1117/1675/887 1118/1676/888 1111/1653/882
f 1111/1658/882 1118/1677/888 1112/1659/883
f 1118/1677/888 1119/1678/889 1112/1659/883
f 1112/1659/883 1119/1678/889 1113/1662/884
f 1119/1678/889 1120/1679/890 1113/1662/884
f 1113/1662/884 1120/1679/890 366/535/315
f 1120/1679/890 365/536/316 366/535/315
f 305/1589/855 1121/1592/858 1114/1590/856
f 1121/1592/858 1122/1680/891 1114/1590/856
f 1114/1681/856 1122/1682/891 1115/1683/885
f 1122/1682/891 1123/1684/892 1115/1683/885
f 1115/1670/885 1123/1685/892 1116/1671/886
f 1123/1686/892 1124/1687/893 1116/1688/886
f 1116/1674/886 1124/1689/893 1117/1675/887
f 1124/1687/893 1125/1690/894 1117/1691/887
f 1117/1692/887 1125/1693/894 1118/1694/888
f 1125/1693/894 1126/1695/895 1118/1694/888
f 1118/1677/888 1126/1696/895 1119/1678/889
f 1126/1697/895 1127/1698/896 1119/1699/889
f 1119/1678/889 1127/1700/896 1120/1679/890
f 1127/1701/896 1128/1702/897 1120/1703/890
f 1120/1679/890 1128/1704/897 365/536/316
f 1128/1704/897 364/538/317 365/536/316
f 304/1705/857 1129/1706/860 1121/1707/858
f 1129/1708/860 1130/1709/898 1121/1592/858
f 1121/1592/858 1130/1709/898 1122/1680/891
f 1130/1709/898 1131/1710/899 1122/1680/891
f 1122/1682/891 1131/1711/899 1123/1684/892
f 1131/1711/899 1132/1712/900 1123/1684/892
f 1123/1686/892 1132/1713/900 1124/1687/893
f 1132/1713/900 1133/1714/901 1124/1687/893
f 1124/1687/893 1133/1714/901 1125/1690/894
f 1133/1714/901 1134/1715/902 1125/1690/894
f 1125/1693/894 1134/1716/902 1126/1695/895
f 1134/1716/902 1135/1717/903 1126/1695/895
f 1126/1718/895 1135/1719/903 1127/1720/896
f 1135/1721/903 1136/1722/904 1127/1723/896
f 1127/1723/896 1136/1722/904 1128/1724/897
f 1136/1722/904 1137/1725/905 1128/1724/897
f 1128/1704/897 1137/1726/905 364/538/317
f 1137/1726/905 363/1727/318 364/538/317
f 303/1593/859 1138/1597/862 1129/1594/860
f 1138/1728/862 1139/1729/906 1129/1730/860
f 1129/1730/860 1139/1729/906 1130/1731/898
f 1139/1732/906 1140/1733/907 1130/1734/898
f 1130/1734/898 1140/1733/907 1131/1711/899
f 1140/1733/907 1141/1735/908 1131/1711/899
f 1131/1711/899 1141/1735/908 1132/1712/900
f 1141/1736/908 1142/1737/909 1132/1738/900
f 1132/1713/900 1142/1739/909 1133/1714/901
f 1142/1739/909 1143/1740/910 1133/1714/901
f 1133/1714/901 1143/1740/910 1134/1715/902
f 1143/1741/910 1144/1742/911 1134/1743/902
f 1134/1743/902 1144/1742/911 1135/1744/903
f 1144/1745/911 1145/1746/912 1135/1747/903
f 1135/1747/903 1145/1746/912 1136/1748/904
f 1145/1749/912 1146/1750/913 1136/1751/904
f 1136/1751/904 1146/1750/913 1137/1752/905
f 1146/1750/913 1147/1753/914 1137/1752/905
f 1137/1752/905 1147/1753/914 363/540/318
f 1147/1753/914 362/542/319 363/540/318
f 302/1600/861 1148/1599/864 1138/1754/862
f 1148/1755/864 1149/1756/915 1138/1757/862
f 1138/1757/862 1149/1756/915 1139/1758/906
f 1149/1756/915 1150/1759/916 1139/1758/906
f 1139/1758/906 1150/1759/916 1140/1760/907
f 1150/1759/916 1151/1761/917 1140/1760/907
f 1140/1733/907 1151/1762/917 1141/1735/908
f 1151/1763/917 1152/1764/918 1141/1765/908
f 1141/1736/908 1152/1766/918 1142/1737/909
f 1152/1767/918 1153/1768/919 1142/1769/909
f 1142/1739/909 1153/1770/919 1143/1740/910
f 1153/1770/919 1154/1771/920 1143/1740/910
f 1143/1772/910 1154/1773/920 1144/1774/911
f 1154/1773/920 1155/1775/921 1144/1774/911
f 1144/1745/911 1155/1776/921 1145/1746/912
f 1155/1776/921 1156/1777/922 1145/1746/912
f 1145/1749/912 1156/1778/922 1146/1750/913
f 1156/1779/922 1157/1780/923 1146/1781/913
f 1146/1782/913 1157/1783/923 1147/1784/914
f 1157/1785/923 1158/1786/924 1147/1787/914
f 1147/1788/914 1158/1789/924 362/544/319
f 1158/1789/924 361/546/320 362/544/319
f 301/1790/863 1159/1791/866 1148/1755/864
f 1159/1791/866 1160/1792/925 1148/1755/864
f 1148/1755/864 1160/1792/925 1149/1756/915
f 1160/1793/925 1161/1794/926 1149/1795/915
f 1149/1756/915 1161/1796/926 1150/1759/916
f 1161/1797/926 1162/1798/927 1150/1799/916
f 1150/1799/916 1162/1798/927 1151/1800/917
f 1162/1798/927 1163/1801/928 1151/1800/917
f 1151/1763/917 1163/1802/928 1152/1764/918
f 1163/1802/928 1164/1803/929 1152/1764/918
f 1152/1767/918 1164/1804/929 1153/1768/919
f 1164/1805/929 1165/1806/930 1153/1807/919
f 1153/1807/919 1165/1806/930 1154/1773/920
f 1165/1806/930 1166/1808/931 1154/1773/920
f 1154/1773/920 1166/1808/931 1155/1775/921
f 1166/1808/931 1167/1809/932 1155/1775/921
f 1155/1775/921 1167/1809/932 1156/1810/922
f 1167/1809/932 1168/1811/933 1156/1810/922
f 1156/1810/922 1168/1811/933 1157/1812/923
f 1168/1813/933 1169/1814/934 1157/1815/923
f 1157/1785/923 1169/1816/934 1158/1786/924
f 1169/1817/934 1170/1818/935 1158/1819/924
f 1158/1819/924 1170/1818/935 361/1820/320
f 1170/1818/935 360/1821/321 361/1820/320
f 300/1601/865 1171/1822/868 1159/1602/866
f 1171/1823/868 1172/1824/936 1159/1825/866
f 1159/1825/866 1172/1824/936 1160/1826/925
f 1172/1824/936 1173/1827/937 1160/1826/925
f 1160/1826/925 1173/1827/937 1161/1797/926
f 1173/1827/937 1174/1828/938 1161/1797/926
f 1161/1797/926 1174/1828/938 1162/1798/927
f 1174/1828/938 1175/1829/939 1162/1798/927
f 1162/1798/927 1175/1829/939 1163/1801/928
f 1175/1829/939 1176/1830/940 1163/1801/928
f 1163/1801/928 1176/1830/940 1164/1831/929
f 1176/1832/940 1177/1833/941 1164/1834/929
f 1164/1805/929 1177/1835/941 1165/1806/930
f 1177/1835/941 1178/1836/942 1165/1806/930
f 1165/1806/930 1178/1836/942 1166/1808/931
f 1178/1836/942 1179/1837/943 1166/1808/931
f 1166/1808/931 1179/1837/943 1167/1809/932
f 1179/1837/943 1180/1838/944 1167/1809/932
f 1167/1809/932 1180/1838/944 1168/1811/933
f 1180/1838/944 1181/1839/945 1168/1811/933
f 1168/1811/933 1181/1839/945 1169/1840/934
f 1181/1841/945 1182/1842/946 1169/1843/934
f 1169/1817/934 1182/1844/946 1170/1818/935
f 1182/1844/946 1183/1845/947 1170/1818/935
f 1170/1846/935 1183/1847/947 360/547/321
f 1183/1847/947 359/548/322 360/547/321
f 299/1604/867 1184/1608/869 1171/1605/868
f 1184/1608/869 1185/1848/948 1171/1605/868
f 1171/1849/868 1185/1850/948 1172/1851/936
f 1185/1850/948 1186/1852/949 1172/1851/936
f 1172/1853/936 1186/1854/949 1173/1855/937
f 1186/1854/949 1187/1856/950 1173/1855/937
f 1173/1855/937 1187/1856/950 1174/1857/938
f 1187/1858/950 1188/1859/951 1174/1860/938
f 1174/1828/938 1188/1861/951 1175/1829/939
f 1188/1862/951 1189/1863/952 1175/1864/939
f 1175/1829/939 1189/1865/952 1176/1830/940
f 1189/1866/952 1190/1867/953 1176/1832/940
f 1176/1832/940 1190/1867/953 1177/1833/941
f 1190/1868/953 1191/1869/954 1177/1870/941
f 1177/1835/941 1191/1871/954 1178/1836/942
f 1191/1871/954 1192/1872/955 1178/1836/942
f 1178/1836/942 1192/1872/955 1179/1837/943
f 1192/1872/955 1193/1873/956 1179/1837/943
f 1179/1874/943 1193/1875/956 1180/1876/944
f 1193/1875/956 1194/1877/957 1180/1876/944
f 1180/1878/944 1194/1879/957 1181/1880/945
f 1194/1879/957 1195/1881/958 1181/1880/945
f 1181/1880/945 1195/1881/958 1182/1882/946
f 1195/1881/958 1196/1883/959 1182/1882/946
f 1182/1882/946 1196/1883/959 1183/1884/947
f 1196/1885/959 1197/1886/960 1183/1887/947
f 1183/1847/947 1197/1888/960 359/548/322
f 1197/1889/960 358/1890/323 359/1891/322
f 298/1607/26 267/1892/19 1184/1608/869
f 267/1893/19 266/1894/961 1184/1895/869
f 1184/1896/869 266/1897/961 1185/1898/948
f 266/1897/961 265/1899/962 1185/1898/948
f 1185/1850/948 265/1900/962 1186/1852/949
f 265/1901/962 264/1902/963 1186/1854/949
f 1186/1854/949 264/1902/963 1187/1856/950
f 264/1902/963 263/1903/964 1187/1856/950
f 1187/1858/950 263/1904/964 1188/1859/951
f 263/1904/964 262/1905/965 1188/1859/951
f 1188/1862/951 262/1906/965 1189/1863/952
f 262/1906/965 261/1907/966 1189/1863/952
f 1189/1866/952 261/1908/966 1190/1867/953
f 261/1909/966 260/1910/967 1190/1868/953
f 1190/1868/953 260/1910/967 1191/1869/954
f 260/1911/967 259/1912/968 1191/1913/954
f 1191/1913/954 259/1912/968 1192/1914/955
f 259/1915/968 258/1916/969 1192/1917/955
f 1192/1872/955 258/1918/969 1193/1873/956
f 258/1919/969 257/1920/970 1193/1921/956
f 1193/1875/956 257/1922/970 1194/1877/957
f 257/1922/970 256/1923/971 1194/1877/957
f 1194/1924/957 256/1925/971 1195/1926/958
f 256/1925/971 255/1927/972 1195/1926/958
f 1195/1881/958 255/1928/972 1196/1883/959
f 255/1929/972 254/1930/973 1196/1931/959
f 1196/1931/959 254/1930/973 1197/1932/960
f 254/1930/973 253/1933/974 1197/1932/960
f 1197/1889/960 253/1934/974 358/1890/323
f 253/1935/974 9/551/34 358/550/323
f 282/1936/975 357/1937/35 9/1938/34
f 281/1939/976 1198/1940/977 282/1936/975
f 280/1941/978 1199/1942/979 281/1943/976
f 279/1944/980 1201/1945/981 280/1946/978
f 278/1947/982 1204/1948/983 279/1944/980
f 277/1949/984 1208/1950/985 278/1951/982
f 276/1952/986 1213/1953/987 277/1949/984
f 275/1954/988 1219/1955/989 276/1952/986
f 274/1956/990 1226/1957/991 275/1958/988
f 273/1959/992 1234/1960/993 274/1961/990
f 272/1962/994 1243/1963/995 273/1964/992
f 271/1965/996 1253/1966/997 272/1967/994
f 270/1968/998 1264/1969/999 271/1970/996
f 269/1971/1000 1276/1972/1001 270/1968/998
f 268/29/25 1289/1973/1002 269/1974/1000
f 282/1936/975 1198/1940/977 357/1937/35
f 1198/1975/977 356/732/443 357/39/35
f 281/1939/976 1199/1976/979 1198/1940/977
f 1199/1942/979 1200/1977/1003 1198/1978/977
f 1198/1978/977 1200/1977/1003 356/733/443
f 1200/1977/1003 355/734/444 356/733/443
f 280/1941/978 1201/1979/981 1199/1942/979
f 1201/1979/981 1202/1980/1004 1199/1942/979
f 1199/1942/979 1202/1980/1004 1200/1977/1003
f 1202/1980/1004 1203/1981/1005 1200/1977/1003
f 1200/1982/1003 1203/1983/1005 355/737/444
f 1203/1983/1005 354/738/445 355/737/444
f 279/1944/980 1204/1948/983 1201/1945/981
f 1204/1948/983 1205/1984/1006 1201/1945/981
f 1201/1979/981 1205/1985/1006 1202/1980/1004
f 1205/1985/1006 1206/1986/1007 1202/1980/1004
f 1202/1980/1004 1206/1986/1007 1203/1981/1005
f 1206/1986/1007 1207/1987/1008 1203/1981/1005
f 1203/1981/1005 1207/1987/1008 354/741/445
f 1207/1987/1008 353/742/446 354/741/445
f 278/1947/982 1208/1988/985 1204/1948/983
f 1208/1988/985 1209/1989/1009 1204/1948/983
f 1204/1948/983 1209/1989/1009 1205/1984/1006
f 1209/1989/1009 1210/1990/1010 1205/1984/1006
f 1205/1985/1006 1210/1991/1010 1206/1986/1007
f 1210/1991/1010 1211/1992/1011 1206/1986/1007
f 1206/1986/1007 1211/1992/1011 1207/1987/1008
f 1211/1992/1011 1212/1993/1012 1207/1987/1008
f 1207/1987/1008 1212/1993/1012 353/742/446
f 1212/1994/1012 352/747/447 353/1995/446
f 277/1949/984 1213/1953/987 1208/1950/985
f 1213/1953/987 1214/1996/1013 1208/1950/985
f 1208/1988/985 1214/1997/1013 1209/1989/1009
f 1214/1998/1013 1215/1999/1014 1209/2000/1009
f 1209/1989/1009 1215/2001/1014 1210/1990/1010
f 1215/2001/1014 1216/2002/1015 1210/1990/1010
f 1210/2003/1010 1216/2004/1015 1211/2005/1011
f 1216/2002/1015 1217/2006/1016 1211/2007/1011
f 1211/1992/1011 1217/2008/1016 1212/1993/1012
f 1217/2008/1016 1218/2009/1017 1212/1993/1012
f 1212/1994/1012 1218/2010/1017 352/747/447
f 1218/2010/1017 351/748/448 352/747/447
f 276/1952/986 1219/1955/989 1213/1953/987
f 1219/1955/989 1220/2011/1018 1213/1953/987
f 1213/1953/987 1220/2011/1018 1214/1996/1013
f 1220/2011/1018 1221/2012/1019 1214/1996/1013
f 1214/2013/1013 1221/2014/1019 1215/2015/1014
f 1221/2016/1019 1222/2017/1020 1215/2001/1014
f 1215/2001/1014 1222/2017/1020 1216/2002/1015
f 1222/2017/1020 1223/2018/1021 1216/2002/1015
f 1216/2002/1015 1223/2018/1021 1217/2006/1016
f 1223/2018/1021 1224/2019/1022 1217/2006/1016
f 1217/2008/1016 1224/2020/1022 1218/2009/1017
f 1224/2020/1022 1225/2021/1023 1218/2009/1017
f 1218/2010/1017 1225/2022/1023 351/748/448
f 1225/2022/1023 350/752/449 351/748/448
f 275/1954/988 1226/2023/991 1219/1955/989
f 1226/2023/991 1227/2024/1024 1219/1955/989
f 1219/1955/989 1227/2024/1024 1220/2011/1018
f 1227/2024/1024 1228/2025/1025 1220/2011/1018
f 1220/2011/1018 1228/2025/1025 1221/2012/1019
f 1228/2025/1025 1229/2026/1026 1221/2012/1019
f 1221/2012/1019 1229/2026/1026 1222/2027/1020
f 1229/2026/1026 1230/2028/1027 1222/2027/1020
f 1222/2027/1020 1230/2028/1027 1223/2029/1021
f 1230/2028/1027 1231/2030/1028 1223/2029/1021
f 1223/2018/1021 1231/2031/1028 1224/2019/1022
f 1231/2031/1028 1232/2032/1029 1224/2019/1022
f 1224/2020/1022 1232/2033/1029 1225/2021/1023
f 1232/2033/1029 1233/2034/1030 1225/2021/1023
f 1225/2022/1023 1233/2035/1030 350/752/449
f 1233/2035/1030 349/753/450 350/752/449
f 274/2036/990 1234/2037/993 1226/2038/991
f 1234/2039/993 1235/2040/1031 1226/2023/991
f 1226/2023/991 1235/2040/1031 1227/2024/1024
f 1235/2041/1031 1236/2042/1032 1227/2043/1024
f 1227/2043/1024 1236/2042/1032 1228/2044/1025
f 1236/2042/1032 1237/2045/1033 1228/2044/1025
f 1228/2025/1025 1237/2046/1033 1229/2026/1026
f 1237/2047/1033 1238/2048/1034 1229/2049/1026
f 1229/2049/1026 1238/2048/1034 1230/2050/1027
f 1238/2051/1034 1239/2052/1035 1230/2053/1027
f 1230/2053/1027 1239/2052/1035 1231/2054/1028
f 1239/2055/1035 1240/2056/1036 1231/2031/1028
f 1231/2031/1028 1240/2056/1036 1232/2032/1029
f 1240/2056/1036 1241/2057/1037 1232/2032/1029
f 1232/2033/1029 1241/2058/1037 1233/2034/1030
f 1241/2059/1037 1242/2060/1038 1233/2035/1030
f 1233/2035/1030 1242/2060/1038 349/753/450
f 1242/2061/1038 348/2062/451 349/2063/450
f 273/1959/992 1243/2064/995 1234/1960/993
f 1243/2064/995 1244/2065/1039 1234/1960/993
f 1234/2039/993 1244/2066/1039 1235/2040/1031
f 1244/2067/1039 1245/2068/1040 1235/2041/1031
f 1235/2041/1031 1245/2068/1040 1236/2042/1032
f 1245/2068/1040 1246/2069/1041 1236/2042/1032
f 1236/2042/1032 1246/2069/1041 1237/2045/1033
f 1246/2069/1041 1247/2070/1042 1237/2045/1033
f 1237/2071/1033 1247/2072/1042 1238/2073/1034
f 1247/2072/1042 1248/2074/1043 1238/2073/1034
f 1238/2073/1034 1248/2074/1043 1239/2075/1035
f 1248/2076/1043 1249/2077/1044 1239/2078/1035
f 1239/2055/1035 1249/2079/1044 1240/2056/1036
f 1249/2080/1044 1250/2081/1045 1240/2082/1036
f 1240/2083/1036 1250/2084/1045 1241/2085/1037
f 1250/2084/1045 1251/2086/1046 1241/2085/1037
f 1241/2059/1037 1251/2087/1046 1242/2060/1038
f 1251/2087/1046 1252/2088/1047 1242/2060/1038
f 1242/2061/1038 1252/2089/1047 348/2062/451
f 1252/2090/1047 347/2091/452 348/2092/451
f 272/2093/994 1253/2094/997 1243/2064/995
f 1253/2094/997 1254/2095/1048 1243/2064/995
f 1243/2064/995 1254/2095/1048 1244/2065/1039
f 1254/2096/1048 1255/2097/1049 1244/2098/1039
f 1244/2098/1039 1255/2097/1049 1245/2099/1040
f 1255/2097/1049 1256/2100/1050 1245/2099/1040
f 1245/2099/1040 1256/2100/1050 1246/2101/1041
f 1256/2100/1050 1257/2102/1051 1246/2101/1041
f 1246/2101/1041 1257/2102/1051 1247/2072/1042
f 1257/2102/1051 1258/2103/1052 1247/2072/1042
f 1247/2072/1042 1258/2103/1052 1248/2074/1043
f 1258/2103/1052 1259/2104/1053 1248/2074/1043
f 1248/2074/1043 1259/2104/1053 1249/2105/1044
f 1259/2104/1053 1260/2106/1054 1249/2105/1044
f 1249/2080/1044 1260/2107/1054 1250/2081/1045
f 1260/2108/1054 1261/2109/1055 1250/2084/1045
f 1250/2084/1045 1261/2109/1055 1251/2086/1046
f 1261/2110/1055 1262/2111/1056 1251/2087/1046
f 1251/2087/1046 1262/2111/1056 1252/2088/1047
f 1262/2111/1056 1263/2112/1057 1252/2088/1047
f 1252/2090/1047 1263/2113/1057 347/2091/452
f 1263/2113/1057 346/2114/453 347/2091/452
f 271/1965/996 1264/2115/999 1253/1966/997
f 1264/1969/999 1265/2116/1058 1253/2117/997
f 1253/2094/997 1265/2118/1058 1254/2095/1048
f 1265/2118/1058 1266/2119/1059 1254/2095/1048
f 1254/2096/1048 1266/2120/1059 1255/2097/1049
f 1266/2120/1059 1267/2121/1060 1255/2097/1049
f 1255/2097/1049 1267/2121/1060 1256/2100/1050
f 1267/2121/1060 1268/2122/1061 1256/2100/1050
f 1256/2100/1050 1268/2122/1061 1257/2102/1051
f 1268/2122/1061 1269/2123/1062 1257/2102/1051
f 1257/2102/1051 1269/2123/1062 1258/2103/1052
f 1269/2124/1062 1270/2125/1063 1258/2126/1052
f 1258/2103/1052 1270/2127/1063 1259/2104/1053
f 1270/2127/1063 1271/2128/1064 1259/2104/1053
f 1259/2104/1053 1271/2128/1064 1260/2106/1054
f 1271/2129/1064 1272/2130/1065 1260/2131/1054
f 1260/2108/1054 1272/2132/1065 1261/2109/1055
f 1272/2132/1065 1273/2133/1066 1261/2109/1055
f 1261/2110/1055 1273/2134/1066 1262/2111/1056
f 1273/2135/1066 1274/2136/1067 1262/2137/1056
f 1262/2111/1056 1274/2138/1067 1263/2112/1057
f 1274/2138/1067 1275/2139/1068 1263/2112/1057
f 1263/2113/1057 1275/2140/1068 346/2114/453
f 1275/2141/1068 345/760/454 346/758/453
f 270/1968/998 1276/1972/1001 1264/1969/999
f 1276/1972/1001 1277/2142/1069 1264/1969/999
f 1264/1969/999 1277/2142/1069 1265/2116/1058
f 1277/2143/1069 1278/2144/1070 1265/2145/1058
f 1265/2118/1058 1278/2146/1070 1266/2119/1059
f 1278/2146/1070 1279/2147/1071 1266/2119/1059
f 1266/2119/1059 1279/2147/1071 1267/2148/1060
f 1279/2147/1071 1280/2149/1072 1267/2148/1060
f 1267/2121/1060 1280/2150/1072 1268/2122/1061
f 1280/2150/1072 1281/2151/1073 1268/2122/1061
f 1268/2122/1061 1281/2151/1073 1269/2123/1062
f 1281/2151/1073 1282/2152/1074 1269/2123/1062
f 1269/2124/1062 1282/2153/1074 1270/2125/1063
f 1282/2153/1074 1283/2154/1075 1270/2125/1063
f 1270/2125/1063 1283/2154/1075 1271/2155/1064
f 1283/2156/1075 1284/2157/1076 1271/2158/1064
f 1271/2159/1064 1284/2160/1076 1272/2161/1065
f 1284/2160/1076 1285/2162/1077 1272/2161/1065
f 1272/2132/1065 1285/2163/1077 1273/2133/1066
f 1285/2163/1077 1286/2164/1078 1273/2133/1066
f 1273/2134/1066 1286/2165/1078 1274/2138/1067
f 1286/2165/1078 1287/2166/1079 1274/2138/1067
f 1274/2138/1067 1287/2166/1079 1275/2139/1068
f 1287/2166/1079 1288/2167/1080 1275/2139/1068
f 1275/2139/1068 1288/2167/1080 345/2168/454
f 1288/2167/1080 344/2169/455 345/2168/454
f 269/1971/1000 1289/2170/1002 1276/1972/1001
f 1289/2170/1002 1290/2171/1081 1276/1972/1001
f 1276/1972/1001 1290/2171/1081 1277/2142/1069
f 1290/2171/1081 1291/2172/1082 1277/2142/1069
f 1277/2143/1069 1291/2173/1082 1278/2144/1070
f 1291/2173/1082 1292/2174/1083 1278/2144/1070
f 1278/2175/1070 1292/2176/1083 1279/2177/1071
f 1292/2176/1083 1293/2178/1084 1279/2177/1071
f 1279/2177/1071 1293/2178/1084 1280/2150/1072
f 1293/2178/1084 1294/2179/1085 1280/2150/1072
f 1280/2150/1072 1294/2179/1085 1281/2151/1073
f 1294/2179/1085 1295/2180/1086 1281/2151/1073
f 1281/2151/1073 1295/2180/1086 1282/2152/1074
f 1295/2181/1086 1296/2182/1087 1282/2183/1074
f 1282/2183/1074 1296/2182/1087 1283/2184/1075
f 1296/2185/1087 1297/2186/1088 1283/2156/1075
f 1283/2156/1075 1297/2186/1088 1284/2157/1076
f 1297/2187/1088 1298/2188/1089 1284/2189/1076
f 1284/2160/1076 1298/2190/1089 1285/2162/1077
f 1298/2190/1089 1299/2191/1090 1285/2162/1077
f 1285/2163/1077 1299/2192/1090 1286/2164/1078
f 1299/2193/1090 1300/2194/1091 1286/2195/1078
f 1286/2195/1078 1300/2194/1091 1287/2196/1079
f 1300/2197/1091 1301/2198/1092 1287/2199/1079
f 1287/2199/1079 1301/2198/1092 1288/2200/1080
f 1301/2198/1092 1302/2201/1093 1288/2200/1080
f 1288/2167/1080 1302/2202/1093 344/2169/455
f 1302/2202/1093 343/2203/456 344/2169/455
f 268/29/25 237/28/16 1289/1973/1002
f 237/28/16 236/2204/1094 1289/1973/1002
f 1289/1973/1002 236/2204/1094 1290/2205/1081
f 236/2204/1094 235/2206/1095 1290/2205/1081
f 1290/2171/1081 235/2207/1095 1291/2172/1082
f 235/2207/1095 234/2208/1096 1291/2172/1082
f 1291/2173/1082 234/2209/1096 1292/2174/1083
f 234/2209/1096 233/2210/1097 1292/2174/1083
f 1292/2174/1083 233/2210/1097 1293/2211/1084
f 233/2210/1097 232/2212/1098 1293/2211/1084
f 1293/2213/1084 232/2214/1098 1294/2215/1085
f 232/2216/1098 231/2217/1099 1294/2218/1085
f 1294/2219/1085 231/2220/1099 1295/2221/1086
f 231/2220/1099 230/2222/1100 1295/2221/1086
f 1295/2221/1086 230/2222/1100 1296/2223/1087
f 230/2222/1100 229/2224/1101 1296/2223/1087
f 1296/2185/1087 229/2225/1101 1297/2186/1088
f 229/2224/1101 228/2226/1102 1297/2227/1088
f 1297/2227/1088 228/2226/1102 1298/2190/1089
f 228/2226/1102 227/2228/1103 1298/2190/1089
f 1298/2190/1089 227/2228/1103 1299/2191/1090
f 227/2228/1103 226/2229/1104 1299/2191/1090
f 1299/2191/1090 226/2229/1104 1300/2230/1091
f 226/2229/1104 225/2231/1105 1300/2230/1091
f 1300/2197/1091 225/2232/1105 1301/2198/1092
f 225/2232/1105 224/2233/1106 1301/2198/1092
f 1301/2198/1092 224/2233/1106 1302/2201/1093
f 224/2233/1106 223/2234/1107 1302/2201/1093
f 1302/2202/1093 223/2235/1107 343/2203/456
f 223/2235/1107 8/2236/31 343/2203/456
f 252/2237/1108 342/36/32 8/35/31
f 251/2238/1109 1303/2239/1110 252/2240/1108
f 250/2241/1111 1304/2242/1112 251/2243/1109
f 249/2244/1113 1306/2245/1114 250/2241/1111
f 248/2246/1115 1309/2247/1116 249/2244/1113
f 247/2248/1117 1313/2249/1118 248/2250/1115
f 246/2251/1119 1318/2252/1120 247/2253/1117
f 245/2254/1121 1324/2255/1122 246/2256/1119
f 244/2257/1123 1331/2258/1124 245/2259/1121
f 243/2260/1125 1339/2261/1126 244/2257/1123
f 242/2262/1127 1348/2263/1128 243/2264/1125
f 241/2265/1129 1358/2266/1130 242/2267/1127
f 240/2268/1131 1369/2269/1132 241/2270/1129
f 239/2271/1133 1381/2272/1134 240/2273/1131
f 238/2274/24 1394/2275/1135 239/2276/1133
f 252/2277/1108 1303/2278/1110 342/2279/32
f 1303/2280/1110 341/2281/576 342/2282/32
f 251/2238/1109 1304/2283/1112 1303/2239/1110
f 1304/2284/1112 1305/2285/1136 1303/2286/1110
f 1303/2286/1110 1305/2285/1136 341/2287/576
f 1305/2288/1136 340/2289/577 341/2290/576
f 250/2241/1111 1306/2245/1114 1304/2242/1112
f 1306/2291/1114 1307/2292/1137 1304/2293/1112
f 1304/2284/1112 1307/2294/1137 1305/2285/1136
f 1307/2295/1137 1308/2296/1138 1305/2288/1136
f 1305/2288/1136 1308/2296/1138 340/2289/577
f 1308/2296/1138 339/2297/578 340/2289/577
f 249/2244/1113 1309/2247/1116 1306/2245/1114
f 1309/2247/1116 1310/2298/1139 1306/2245/1114
f 1306/2291/1114 1310/2299/1139 1307/2292/1137
f 1310/2300/1139 1311/2301/1140 1307/2295/1137
f 1307/2295/1137 1311/2301/1140 1308/2296/1138
f 1311/2301/1140 1312/2302/1141 1308/2296/1138
f 1308/2296/1138 1312/2302/1141 339/2297/578
f 1312/2302/1141 338/2303/579 339/2297/578
f 248/2304/1115 1313/2305/1118 1309/2306/1116
f 1313/2307/1118 1314/2308/1142 1309/2309/1116
f 1309/2310/1116 1314/2311/1142 1310/2312/1139
f 1314/2308/1142 1315/2313/1143 1310/2300/1139
f 1310/2300/1139 1315/2313/1143 1311/2301/1140
f 1315/2313/1143 1316/2314/1144 1311/2301/1140
f 1311/2315/1140 1316/2316/1144 1312/2317/1141
f 1316/2316/1144 1317/2318/1145 1312/2317/1141
f 1312/2317/1141 1317/2318/1145 338/2319/579
f 1317/2320/1145 337/950/580 338/948/579
f 247/2248/1117 1318/2321/1120 1313/2249/1118
f 1318/2321/1120 1319/2322/1146 1313/2249/1118
f 1313/2307/1118 1319/2323/1146 1314/2308/1142
f 1319/2323/1146 1320/2324/1147 1314/2308/1142
f 1314/2308/1142 1320/2324/1147 1315/2313/1143
f 1320/2324/1147 1321/2325/1148 1315/2313/1143
f 1315/2313/1143 1321/2325/1148 1316/2314/1144
f 1321/2325/1148 1322/2326/1149 1316/2314/1144
f 1316/2316/1144 1322/2327/1149 1317/2318/1145
f 1322/2328/1149 1323/2329/1150 1317/2320/1145
f 1317/2320/1145 1323/2329/1150 337/950/580
f 1323/2330/1150 336/2331/581 337/2332/580
f 246/2251/1119 1324/2333/1122 1318/2252/1120
f 1324/2334/1122 1325/2335/1151 1318/2336/1120
f 1318/2336/1120 1325/2335/1151 1319/2337/1146
f 1325/2338/1151 1326/2339/1152 1319/2323/1146
f 1319/2323/1146 1326/2339/1152 1320/2324/1147
f 1326/2339/1152 1327/2340/1153 1320/2324/1147
f 1320/2324/1147 1327/2340/1153 1321/2325/1148
f 1327/2341/1153 1328/2342/1154 1321/2343/1148
f 1321/2325/1148 1328/2344/1154 1322/2326/1149
f 1328/2344/1154 1329/2345/1155 1322/2326/1149
f 1322/2326/1149 1329/2345/1155 1323/2346/1150
f 1329/2345/1155 1330/2347/1156 1323/2346/1150
f 1323/2346/1150 1330/2347/1156 336/953/581
f 1330/2347/1156 335/956/582 336/953/581
f 245/2348/1121 1331/2349/1124 1324/2334/1122
f 1331/2349/1124 1332/2350/1157 1324/2334/1122
f 1324/2334/1122 1332/2350/1157 1325/2335/1151
f 1332/2350/1157 1333/2351/1158 1325/2335/1151
f 1325/2352/1151 1333/2353/1158 1326/2354/1152
f 1333/2353/1158 1334/2355/1159 1326/2354/1152
f 1326/2339/1152 1334/2356/1159 1327/2340/1153
f 1334/2356/1159 1335/2357/1160 1327/2340/1153
f 1327/2341/1153 1335/2358/1160 1328/2342/1154
f 1335/2358/1160 1336/2359/1161 1328/2342/1154
f 1328/2360/1154 1336/2361/1161 1329/2362/1155
f 1336/2363/1161 1337/2364/1162 1329/2365/1155
f 1329/2345/1155 1337/2366/1162 1330/2347/1156
f 1337/2366/1162 1338/2367/1163 1330/2347/1156
f 1330/2347/1156 1338/2367/1163 335/956/582
f 1338/2367/1163 334/958/583 335/956/582
f 244/2257/1123 1339/2261/1126 1331/2258/1124
f 1339/2261/1126 1340/2368/1164 1331/2258/1124
f 1331/2349/1124 1340/2369/1164 1332/2350/1157
f 1340/2369/1164 1341/2370/1165 1332/2350/1157
f 1332/2350/1157 1341/2370/1165 1333/2351/1158
f 1341/2371/1165 1342/2372/1166 1333/2353/1158
f 1333/2353/1158 1342/2372/1166 1334/2355/1159
f 1342/2372/1166 1343/2373/1167 1334/2355/1159
f 1334/2356/1159 1343/2374/1167 1335/2357/1160
f 1343/2375/1167 1344/2376/1168 1335/2377/1160
f 1335/2378/1160 1344/2379/1168 1336/2380/1161
f 1344/2379/1168 1345/2381/1169 1336/2380/1161
f 1336/2380/1161 1345/2381/1169 1337/2382/1162
f 1345/2383/1169 1346/2384/1170 1337/2385/1162
f 1337/2366/1162 1346/2386/1170 1338/2367/1163
f 1346/2386/1170 1347/2387/1171 1338/2367/1163
f 1338/2367/1163 1347/2387/1171 334/958/583
f 1347/2387/1171 333/959/584 334/958/583
f 243/2264/1125 1348/2263/1128 1339/2388/1126
f 1348/2263/1128 1349/2389/1172 1339/2388/1126
f 1339/2388/1126 1349/2389/1172 1340/2369/1164
f 1349/2389/1172 1350/2390/1173 1340/2369/1164
f 1340/2369/1164 1350/2390/1173 1341/2370/1165
f 1350/2391/1173 1351/2392/1174 1341/2393/1165
f 1341/2394/1165 1351/2395/1174 1342/2396/1166
f 1351/2397/1174 1352/2398/1175 1342/2399/1166
f 1342/2400/1166 1352/2401/1175 1343/2402/1167
f 1352/2403/1175 1353/2404/1176 1343/2405/1167
f 1343/2405/1167 1353/2404/1176 1344/2379/1168
f 1353/2404/1176 1354/2406/1177 1344/2379/1168
f 1344/2379/1168 1354/2406/1177 1345/2381/1169
f 1354/2407/1177 1355/2408/1178 1345/2409/1169
f 1345/2410/1169 1355/2411/1178 1346/2412/1170
f 1355/2413/1178 1356/2414/1179 1346/2415/1170
f 1346/2416/1170 1356/2417/1179 1347/2418/1171
f 1356/2417/1179 1357/2419/1180 1347/2418/1171
f 1347/2387/1171 1357/2420/1180 333/959/584
f 1357/2420/1180 332/960/585 333/959/584
f 242/2421/1127 1358/2422/1130 1348/2423/1128
f 1358/2422/1130 1359/2424/1181 1348/2423/1128
f 1348/2423/1128 1359/2424/1181 1349/2425/1172
f 1359/2424/1181 1360/2426/1182 1349/2425/1172
f 1349/2425/1172 1360/2426/1182 1350/2427/1173
f 1360/2428/1182 1361/2429/1183 1350/2430/1173
f 1350/2430/1173 1361/2429/1183 1351/2431/1174
f 1361/2429/1183 1362/2432/1184 1351/2431/1174
f 1351/2397/1174 1362/2433/1184 1352/2398/1175
f 1362/2433/1184 1363/2434/1185 1352/2398/1175
f 1352/2403/1175 1363/2435/1185 1353/2404/1176
f 1363/2435/1185 1364/2436/1186 1353/2404/1176
f 1353/2404/1176 1364/2436/1186 1354/2406/1177
f 1364/2436/1186 1365/2437/1187 1354/2406/1177
f 1354/2407/1177 1365/2438/1187 1355/2408/1178
f 1365/2438/1187 1366/2439/1188 1355/2408/1178
f 1355/2408/1178 1366/2439/1188 1356/2440/1179
f 1366/2439/1188 1367/2441/1189 1356/2440/1179
f 1356/2442/1179 1367/2443/1189 1357/2420/1180
f 1367/2443/1189 1368/2444/1190 1357/2420/1180
f 1357/2420/1180 1368/2444/1190 332/960/585
f 1368/2444/1190 331/961/586 332/960/585
f 241/2265/1129 1369/2445/1132 1358/2266/1130
f 1369/2445/1132 1370/2446/1191 1358/2266/1130
f 1358/2422/1130 1370/2447/1191 1359/2424/1181
f 1370/2447/1191 1371/2448/1192 1359/2424/1181
f 1359/2449/1181 1371/2450/1192 1360/2451/1182
f 1371/2452/1192 1372/2453/1193 1360/2428/1182
f 1360/2428/1182 1372/2453/1193 1361/2429/1183
f 1372/2454/1193 1373/2455/1194 1361/2456/1183
f 1361/2457/1183 1373/2458/1194 1362/2459/1184
f 1373/2458/1194 1374/2460/1195 1362/2459/1184
f 1362/2433/1184 1374/2461/1195 1363/2434/1185
f 1374/2462/1195 1375/2463/1196 1363/2464/1185
f 1363/2465/1185 1375/2466/1196 1364/2467/1186
f 1375/2466/1196 1376/2468/1197 1364/2467/1186
f 1364/2467/1186 1376/2468/1197 1365/2438/1187
f 1376/2469/1197 1377/2470/1198 1365/2471/1187
f 1365/2438/1187 1377/2472/1198 1366/2439/1188
f 1377/2472/1198 1378/2473/1199 1366/2439/1188
f 1366/2439/1188 1378/2473/1199 1367/2441/1189
f 1378/2473/1199 1379/2474/1200 1367/2441/1189
f 1367/2443/1189 1379/2475/1200 1368/2444/1190
f 1379/2474/1200 1380/2476/1201 1368/2477/1190
f 1368/2444/1190 1380/2478/1201 331/961/586
f 1380/2478/1201 330/962/587 331/961/586
f 240/2479/1131 1381/2480/1134 1369/2481/1132
f 1381/2480/1134 1382/2482/1202 1369/2481/1132
f 1369/2483/1132 1382/2484/1202 1370/2485/1191
f 1382/2486/1202 1383/2487/1203 1370/2488/1191
f 1370/2447/1191 1383/2489/1203 1371/2448/1192
f 1383/2490/1203 1384/2491/1204 1371/2452/1192
f 1371/2452/1192 1384/2491/1204 1372/2453/1193
f 1384/2491/1204 1385/2492/1205 1372/2453/1193
f 1372/2493/1193 1385/2494/1205 1373/2495/1194
f 1385/2494/1205 1386/2496/1206 1373/2495/1194
f 1373/2458/1194 1386/2497/1206 1374/2460/1195
f 1386/2498/1206 1387/2499/1207 1374/2500/1195
f 1374/2500/1195 1387/2499/1207 1375/2501/1196
f 1387/2499/1207 1388/2502/1208 1375/2501/1196
f 1375/2466/1196 1388/2503/1208 1376/2468/1197
f 1388/2503/1208 1389/2504/1209 1376/2468/1197
f 1376/2469/1197 1389/2505/1209 1377/2470/1198
f 1389/2504/1209 1390/2506/1210 1377/2472/1198
f 1377/2472/1198 1390/2506/1210 1378/2473/1199
f 1390/2506/1210 1391/2507/1211 1378/2473/1199
f 1378/2473/1199 1391/2507/1211 1379/2474/1200
f 1391/2507/1211 1392/2508/1212 1379/2474/1200
f 1379/2474/1200 1392/2508/1212 1380/2476/1201
f 1392/2508/1212 1393/2509/1213 1380/2476/1201
f 1380/2478/1201 1393/2510/1213 330/962/587
f 1393/2510/1213 329/963/588 330/962/587
f 239/2511/1133 1394/2512/1135 1381/2513/1134
f 1394/2512/1135 1395/2514/1214 1381/2513/1134
f 1381/2480/1134 1395/2515/1214 1382/2482/1202
f 1395/2515/1214 1396/2516/1215 1382/2482/1202
f 1382/2482/1202 1396/2516/1215 1383/2517/1203
f 1396/2516/1215 1397/2518/1216 1383/2517/1203
f 1383/2490/1203 1397/2519/1216 1384/2491/1204
f 1397/2520/1216 1398/2521/1217 1384/2522/1204
f 1384/2523/1204 1398/2524/1217 1385/2525/1205
f 1398/2524/1217 1399/2526/1218 1385/2525/1205
f 1385/2527/1205 1399/2528/1218 1386/2498/1206
f 1399/2528/1218 1400/2529/1219 1386/2498/1206
f 1386/2498/1206 1400/2529/1219 1387/2499/1207
f 1400/2530/1219 1401/2531/1220 1387/2532/1207
f 1387/2499/1207 1401/2533/1220 1388/2502/1208
f 1401/2534/1220 1402/2535/1221 1388/2503/1208
f 1388/2503/1208 1402/2535/1221 1389/2504/1209
f 1402/2535/1221 1403/2536/1222 1389/2504/1209
f 1389/2504/1209 1403/2536/1222 1390/2506/1210
f 1403/2536/1222 1404/2537/1223 1390/2506/1210
f 1390/2506/1210 1404/2537/1223 1391/2507/1211
f 1404/2537/1223 1405/2538/1224 1391/2507/1211
f 1391/2507/1211 1405/2538/1224 1392/2508/1212
f 1405/2538/1224 1406/2539/1225 1392/2508/1212
f 1392/2508/1212 1406/2539/1225 1393/2509/1213
f 1406/2539/1225 1407/2540/1226 1393/2509/1213
f 1393/2510/1213 1407/2541/1226 329/963/588
f 1407/2541/1226 328/965/589 329/963/588
f 238/2274/24 207/2542/13 1394/2275/1135
f 207/2542/13 206/2543/1227 1394/2275/1135
f 1394/2512/1135 206/2544/1227 1395/2514/1214
f 206/2544/1227 205/2545/1228 1395/2514/1214
f 1395/2515/1214 205/2546/1228 1396/2516/1215
f 205/2546/1228 204/2547/1229 1396/2516/1215
f 1396/2548/1215 204/2549/1229 1397/2550/1216
f 204/2551/1229 203/2552/1230 1397/2553/1216
f 1397/2554/1216 203/2555/1230 1398/2556/1217
f 203/2552/1230 202/2557/1231 1398/2558/1217
f 1398/2524/1217 202/2559/1231 1399/2526/1218
f 202/2559/1231 201/2560/1232 1399/2526/1218
f 1399/2528/1218 201/2561/1232 1400/2529/1219
f 201/2562/1232 200/2563/1233 1400/2530/1219
f 1400/2530/1219 200/2563/1233 1401/2531/1220
f 200/2564/1233 199/2565/1234 1401/2566/1220
f 1401/2566/1220 199/2565/1234 1402/2567/1221
f 199/2565/1234 198/2568/1235 1402/2567/1221
f 1402/2535/1221 198/2569/1235 1403/2536/1222
f 198/2569/1235 197/2570/1236 1403/2536/1222
f 1403/2536/1222 197/2570/1236 1404/2537/1223
f 197/2570/1236 196/2571/1237 1404/2537/1223
f 1404/2537/1223 196/2571/1237 1405/2538/1224
f 196/2571/1237 195/2572/1238 1405/2538/1224
f 1405/2538/1224 195/2572/1238 1406/2539/1225
f 195/2572/1238 194/2573/1239 1406/2539/1225
f 1406/2574/1225 194/2575/1239 1407/2541/1226
f 194/2575/1239 193/2576/1240 1407/2541/1226
f 1407/2541/1226 193/2576/1240 328/965/589
f 193/2576/1240 7/32/28 328/965/589
f 222/2577/1241 327/33/29 7/32/28
f 221/2578/1242 1408/2579/1243 222/2580/1241
f 220/2581/1244 1409/2582/1245 221/2583/1242
f 219/2584/1246 1411/2585/1247 220/2581/1244
f 218/2586/1248 1414/2587/1249 219/2584/1246
f 217/2588/1250 1418/2589/1251 218/2586/1248
f 216/2590/1252 1423/2591/1253 217/2588/1250
f 215/2592/1254 1429/2593/1255 216/2594/1252
f 214/2595/1256 1436/2596/1257 215/2597/1254
f 213/2598/1258 1444/2599/1259 214/2595/1256
f 212/2600/1260 1453/2601/1261 213/2598/1258
f 211/2602/1262 1463/2603/1263 212/2604/1260
f 210/2605/1264 1474/2606/1265 211/2607/1262
f 209/2608/1266 1486/2609/1267 210/2605/1264
f 208/25/23 1499/2610/1268 209/2608/1266
f 222/2577/1241 1408/2611/1243 327/33/29
f 1408/2612/1243 326/1167/695 327/1166/29
f 221/2583/1242 1409/2582/1245 1408/2613/1243
f 1409/2614/1245 1410/2615/1269 1408/2612/1243
f 1408/2612/1243 1410/2615/1269 326/1167/695
f 1410/2615/1269 325/1171/696 326/1167/695
f 220/2581/1244 1411/2585/1247 1409/2582/1245
f 1411/2616/1247 1412/2617/1270 1409/2618/1245
f 1409/2618/1245 1412/2617/1270 1410/2619/1269
f 1412/2617/1270 1413/2620/1271 1410/2619/1269
f 1410/2615/1269 1413/2621/1271 325/1171/696
f 1413/2621/1271 324/1172/697 325/1171/696
f 219/2584/1246 1414/2587/1249 1411/2585/1247
f 1414/2622/1249 1415/2623/1272 1411/2624/1247
f 1411/2624/1247 1415/2623/1272 1412/2625/1270
f 1415/2623/1272 1416/2626/1273 1412/2625/1270
f 1412/2625/1270 1416/2626/1273 1413/2621/1271
f 1416/2626/1273 1417/2627/1274 1413/2621/1271
f 1413/2621/1271 1417/2627/1274 324/1172/697
f 1417/2628/1274 323/1175/698 324/1174/697
f 218/2586/1248 1418/2589/1251 1414/2587/1249
f 1418/2629/1251 1419/2630/1275 1414/2622/1249
f 1414/2622/1249 1419/2630/1275 1415/2623/1272
f 1419/2630/1275 1420/2631/1276 1415/2623/1272
f 1415/2623/1272 1420/2631/1276 1416/2626/1273
f 1420/2631/1276 1421/2632/1277 1416/2626/1273
f 1416/2626/1273 1421/2632/1277 1417/2627/1274
f 1421/2633/1277 1422/2634/1278 1417/2628/1274
f 1417/2628/1274 1422/2634/1278 323/1175/698
f 1422/2635/1278 322/1179/699 323/1177/698
f 217/2588/1250 1423/2591/1253 1418/2589/1251
f 1423/2591/1253 1424/2636/1279 1418/2589/1251
f 1418/2629/1251 1424/2637/1279 1419/2630/1275
f 1424/2637/1279 1425/2638/1280 1419/2630/1275
f 1419/2630/1275 1425/2638/1280 1420/2631/1276
f 1425/2638/1280 1426/2639/1281 1420/2631/1276
f 1420/2631/1276 1426/2639/1281 1421/2632/1277
f 1426/2640/1281 1427/2641/1282 1421/2633/1277
f 1421/2633/1277 1427/2641/1282 1422/2634/1278
f 1427/2642/1282 1428/2643/1283 1422/2635/1278
f 1422/2635/1278 1428/2643/1283 322/1179/699
f 1428/2643/1283 321/1185/700 322/1179/699
f 216/2590/1252 1429/2644/1255 1423/2591/1253
f 1429/2645/1255 1430/2646/1284 1423/2647/1253
f 1423/2648/1253 1430/2649/1284 1424/2650/1279
f 1430/2649/1284 1431/2651/1285 1424/2650/1279
f 1424/2637/1279 1431/2652/1285 1425/2638/1280
f 1431/2652/1285 1432/2653/1286 1425/2638/1280
f 1425/2638/1280 1432/2653/1286 1426/2639/1281
f 1432/2653/1286 1433/2654/1287 1426/2639/1281
f 1426/2640/1281 1433/2655/1287 1427/2641/1282
f 1433/2655/1287 1434/2656/1288 1427/2641/1282
f 1427/2642/1282 1434/2657/1288 1428/2643/1283
f 1434/2657/1288 1435/2658/1289 1428/2643/1283
f 1428/2643/1283 1435/2658/1289 321/1185/700
f 1435/2658/1289 320/1186/701 321/1185/700
f 215/2659/1254 1436/2660/1257 1429/2661/1255
f 1436/2662/1257 1437/2663/1290 1429/2664/1255
f 1429/2665/1255 1437/2666/1290 1430/2667/1284
f 1437/2668/1290 1438/2669/1291 1430/2670/1284
f 1430/2649/1284 1438/2671/1291 1431/2651/1285
f 1438/2671/1291 1439/2672/1292 1431/2651/1285
f 1431/2652/1285 1439/2673/1292 1432/2653/1286
f 1439/2673/1292 1440/2674/1293 1432/2653/1286
f 1432/2653/1286 1440/2674/1293 1433/2654/1287
f 1440/2675/1293 1441/2676/1294 1433/2655/1287
f 1433/2655/1287 1441/2676/1294 1434/2656/1288
f 1441/2677/1294 1442/2678/1295 1434/2657/1288
f 1434/2657/1288 1442/2678/1295 1435/2658/1289
f 1442/2678/1295 1443/2679/1296 1435/2658/1289
f 1435/2658/1289 1443/2679/1296 320/1186/701
f 1443/2679/1296 319/1189/702 320/1186/701
f 214/2680/1256 1444/2681/1259 1436/2662/1257
f 1444/2681/1259 1445/2682/1297 1436/2662/1257
f 1436/2662/1257 1445/2682/1297 1437/2663/1290
f 1445/2683/1297 1446/2684/1298 1437/2685/1290
f 1437/2685/1290 1446/2684/1298 1438/2686/1291
f 1446/2687/1298 1447/2688/1299 1438/2689/1291
f 1438/2689/1291 1447/2688/1299 1439/2690/1292
f 1447/2691/1299 1448/2692/1300 1439/2693/1292
f 1439/2673/1292 1448/2694/1300 1440/2674/1293
f 1448/2695/1300 1449/2696/1301 1440/2675/1293
f 1440/2675/1293 1449/2696/1301 1441/2676/1294
f 1449/2697/1301 1450/2698/1302 1441/2677/1294
f 1441/2677/1294 1450/2698/1302 1442/2678/1295
f 1450/2698/1302 1451/2699/1303 1442/2678/1295
f 1442/2678/1295 1451/2699/1303 1443/2679/1296
f 1451/2699/1303 1452/2700/1304 1443/2679/1296
f 1443/2679/1296 1452/2700/1304 319/1189/702
f 1452/2700/1304 318/1190/703 319/1189/702
f 213/2598/1258 1453/2601/1261 1444/2599/1259
f 1453/2601/1261 1454/2701/1305 1444/2599/1259
f 1444/2599/1259 1454/2701/1305 1445/2702/1297
f 1454/2701/1305 1455/2703/1306 1445/2702/1297
f 1445/2683/1297 1455/2704/1306 1446/2684/1298
f 1455/2703/1306 1456/2705/1307 1446/2706/1298
f 1446/2687/1298 1456/2707/1307 1447/2688/1299
f 1456/2707/1307 1457/2708/1308 1447/2688/1299
f 1447/2688/1299 1457/2708/1308 1448/2709/1300
f 1457/2710/1308 1458/2711/1309 1448/2712/1300
f 1448/2713/1300 1458/2714/1309 1449/2715/1301
f 1458/2714/1309 1459/2716/1310 1449/2715/1301
f 1449/2697/1301 1459/2717/1310 1450/2698/1302
f 1459/2717/1310 1460/2718/1311 1450/2698/1302
f 1450/2698/1302 1460/2718/1311 1451/2699/1303
f 1460/2719/1311 1461/2720/1312 1451/2721/1303
f 1451/2721/1303 1461/2720/1312 1452/2722/1304
f 1461/2723/1312 1462/2724/1313 1452/2700/1304
f 1452/2700/1304 1462/2724/1313 318/1190/703
f 1462/2724/1313 317/1191/704 318/1190/703
f 212/2604/1260 1463/2603/1263 1453/2725/1261
f 1463/2726/1263 1464/2727/1314 1453/2601/1261
f 1453/2601/1261 1464/2727/1314 1454/2701/1305
f 1464/2727/1314 1465/2728/1315 1454/2701/1305
f 1454/2701/1305 1465/2728/1315 1455/2703/1306
f 1465/2728/1315 1466/2729/1316 1455/2703/1306
f 1455/2703/1306 1466/2729/1316 1456/2705/1307
f 1466/2730/1316 1467/2731/1317 1456/2732/1307
f 1456/2733/1307 1467/2734/1317 1457/2735/1308
f 1467/2734/1317 1468/2736/1318 1457/2735/1308
f 1457/2737/1308 1468/2738/1318 1458/2714/1309
f 1468/2738/1318 1469/2739/1319 1458/2714/1309
f 1458/2714/1309 1469/2739/1319 1459/2716/1310
f 1469/2739/1319 1470/2740/1320 1459/2716/1310
f 1459/2716/1310 1470/2740/1320 1460/2719/1311
f 1470/2740/1320 1471/2741/1321 1460/2719/1311
f 1460/2719/1311 1471/2741/1321 1461/2720/1312
f 1471/2741/1321 1472/2742/1322 1461/2720/1312
f 1461/2720/1312 1472/2742/1322 1462/2743/1313
f 1472/2742/1322 1473/2744/1323 1462/2743/1313
f 1462/2724/1313 1473/2745/1323 317/1191/704
f 1473/2745/1323 316/1192/705 317/1191/704
f 211/2602/1262 1474/2746/1265 1463/2603/1263
f 1474/2606/1265 1475/2747/1324 1463/2726/1263
f 1463/2726/1263 1475/2747/1324 1464/2727/1314
f 1475/2747/1324 1476/2748/1325 1464/2727/1314
f 1464/2749/1314 1476/2750/1325 1465/2751/1315
f 1476/2750/1325 1477/2752/1326 1465/2751/1315
f 1465/2728/1315 1477/2753/1326 1466/2729/1316
f 1477/2754/1326 1478/2755/1327 1466/2756/1316
f 1466/2757/1316 1478/2758/1327 1467/2759/1317
f 1478/2760/1327 1479/2761/1328 1467/2762/1317
f 1467/2734/1317 1479/2763/1328 1468/2736/1318
f 1479/2763/1328 1480/2764/1329 1468/2736/1318
f 1468/2738/1318 1480/2765/1329 1469/2739/1319
f 1480/2765/1329 1481/2766/1330 1469/2739/1319
f 1469/2739/1319 1481/2766/1330 1470/2740/1320
f 1481/2767/1330 1482/2768/1331 1470/2769/1320
f 1470/2740/1320 1482/2770/1331 1471/2741/1321
f 1482/2770/1331 1483/2771/1332 1471/2741/1321
f 1471/2772/1321 1483/2773/1332 1472/2774/1322
f 1483/2773/1332 1484/2775/1333 1472/2774/1322
f 1472/2774/1322 1484/2775/1333 1473/2745/1323
f 1484/2775/1333 1485/2776/1334 1473/2745/1323
f 1473/2745/1323 1485/2776/1334 316/1192/705
f 1485/2776/1334 315/1193/706 316/1192/705
f 210/2605/1264 1486/2609/1267 1474/2606/1265
f 1486/2609/1267 1487/2777/1335 1474/2606/1265
f 1474/2606/1265 1487/2777/1335 1475/2747/1324
f 1487/2777/1335 1488/2778/1336 1475/2747/1324
f 1475/2747/1324 1488/2778/1336 1476/2748/1325
f 1488/2778/1336 1489/2779/1337 1476/2748/1325
f 1476/2748/1325 1489/2779/1337 1477/2753/1326
f 1489/2779/1337 1490/2780/1338 1477/2753/1326
f 1477/2754/1326 1490/2781/1338 1478/2755/1327
f 1490/2782/1338 1491/2783/1339 1478/2784/1327
f 1478/2760/1327 1491/2785/1339 1479/2761/1328
f 1491/2785/1339 1492/2786/1340 1479/2761/1328
f 1479/2761/1328 1492/2786/1340 1480/2765/1329
f 1492/2787/1340 1493/2788/1341 1480/2789/1329
f 1480/2789/1329 1493/2788/1341 1481/2790/1330
f 1493/2791/1341 1494/2792/1342 1481/2766/1330
f 1481/2767/1330 1494/2793/1342 1482/2768/1331
f 1494/2793/1342 1495/2794/1343 1482/2768/1331
f 1482/2770/1331 1495/2795/1343 1483/2771/1332
f 1495/2795/1343 1496/2796/1344 1483/2771/1332
f 1483/2771/1332 1496/2796/1344 1484/2797/1333
f 1496/2796/1344 1497/2798/1345 1484/2797/1333
f 1484/2775/1333 1497/2799/1345 1485/2776/1334
f 1497/2799/1345 1498/2800/1346 1485/2776/1334
f 1485/2776/1334 1498/2800/1346 315/1193/706
f 1498/2800/1346 314/1194/707 315/1193/706
f 209/2608/1266 1499/2610/1268 1486/2609/1267
f 1499/2610/1268 1500/2801/1347 1486/2609/1267
f 1486/2802/1267 1500/2803/1347 1487/2804/1335
f 1500/2801/1347 1501/2805/1348 1487/2777/1335
f 1487/2777/1335 1501/2805/1348 1488/2778/1336
f 1501/2805/1348 1502/2806/1349 1488/2778/1336
f 1488/2807/1336 1502/2808/1349 1489/2809/1337
f 1502/2810/1349 1503/2811/1350 1489/2812/1337
f 1489/2813/1337 1503/2814/1350 1490/2815/1338
f 1503/2816/1350 1504/2817/1351 1490/2818/1338
f 1490/2818/1338 1504/2817/1351 1491/2819/1339
f 1504/2820/1351 1505/2821/1352 1491/2822/1339
f 1491/2785/1339 1505/2823/1352 1492/2786/1340
f 1505/2823/1352 1506/2824/1353 1492/2786/1340
f 1492/2787/1340 1506/2825/1353 1493/2788/1341
f 1506/2825/1353 1507/2826/1354 1493/2788/1341
f 1493/2791/1341 1507/2827/1354 1494/2792/1342
f 1507/2827/1354 1508/2828/1355 1494/2792/1342
f 1494/2792/1342 1508/2828/1355 1495/2795/1343
f 1508/2828/1355 1509/2829/1356 1495/2795/1343
f 1495/2795/1343 1509/2829/1356 1496/2796/1344
f 1509/2829/1356 1510/2830/1357 1496/2796/1344
f 1496/2796/1344 1510/2830/1357 1497/2798/1345
f 1510/2830/1357 1511/2831/1358 1497/2798/1345
f 1497/2798/1345 1511/2831/1358 1498/2832/1346
f 1511/2831/1358 1512/2833/1359 1498/2832/1346
f 1498/2832/1346 1512/2833/1359 314/2834/707
f 1512/2833/1359 313/2835/708 314/2834/707
f 208/25/23 177/12/10 1499/2610/1268
f 177/12/10 176/2836/1360 1499/2610/1268
f 1499/2837/1268 176/2838/1360 1500/2839/1347
f 176/2838/1360 175/2840/1361 1500/2839/1347
f 1500/2801/1347 175/2841/1361 1501/2805/1348
f 175/2841/1361 174/2842/1362 1501/2805/1348
f 1501/2843/1348 174/2844/1362 1502/2845/1349
f 174/2846/1362 173/2847/1363 1502/2848/1349
f 1502/2806/1349 173/2849/1363 1503/2850/1350
f 173/2849/1363 172/2851/1364 1503/2850/1350
f 1503/2852/1350 172/2853/1364 1504/2854/1351
f 172/2853/1364 171/2855/1365 1504/2854/1351
f 1504/2854/1351 171/2855/1365 1505/2823/1352
f 171/2855/1365 170/2856/1366 1505/2823/1352
f 1505/2823/1352 170/2856/1366 1506/2824/1353
f 170/2856/1366 169/2857/1367 1506/2824/1353
f 1506/2824/1353 169/2857/1367 1507/2827/1354
f 169/2857/1367 168/2858/1368 1507/2827/1354
f 1507/2827/1354 168/2858/1368 1508/2828/1355
f 168/2858/1368 167/2859/1369 1508/2828/1355
f 1508/2828/1355 167/2859/1369 1509/2829/1356
f 167/2859/1369 166/2860/1370 1509/2829/1356
f 1509/2829/1356 166/2860/1370 1510/2830/1357
f 166/2860/1370 165/2861/1371 1510/2830/1357
f 1510/2830/1357 165/2861/1371 1511/2831/1358
f 165/2862/1371 164/2863/1372 1511/2864/1358
f 1511/2831/1358 164/2865/1372 1512/2833/1359
f 164/2866/1372 163/2867/1373 1512/2868/1359
f 1512/2868/1359 163/2867/1373 313/2869/708
f 163/2870/1373 11/2871/40 313/2872/708
f 283/2873/841 312/2874/842 10/2875/37
f 284/2876/840 1513/2877/1374 283/2878/841
f 285/1564/839 1514/2879/1375 284/1568/840
f 286/1563/838 1516/2880/1376 285/1564/839
f 287/1559/837 1519/2881/1377 286/2882/838
f 288/1558/836 1523/2883/1378 287/1559/837
f 289/1554/835 1528/2884/1379 288/1556/836
f 290/1550/834 1534/2885/1380 289/1551/835
f 291/1544/833 1541/2886/1381 290/2887/834
f 292/1543/832 1549/2888/1382 291/1544/833
f 293/1540/831 1558/2889/1383 292/1541/832
f 294/1534/830 1568/2890/1384 293/1536/831
f 295/1531/829 1579/2891/1385 294/1532/830
f 296/1529/828 1591/2892/1386 295/1530/829
f 297/24/22 1604/2893/1387 296/1529/828
f 283/2873/841 1513/2894/1374 312/2874/842
f 1513/2894/1374 311/2895/843 312/2874/842
f 284/2876/840 1514/2896/1375 1513/2877/1374
f 1514/2896/1375 1515/2897/1388 1513/2877/1374
f 1513/2894/1374 1515/2898/1388 311/2895/843
f 1515/2898/1388 310/1581/845 311/2895/843
f 285/1564/839 1516/2880/1376 1514/2879/1375
f 1516/2880/1376 1517/2899/1389 1514/2879/1375
f 1514/2879/1375 1517/2899/1389 1515/2898/1388
f 1517/2899/1389 1518/2900/1390 1515/2898/1388
f 1515/2898/1388 1518/2900/1390 310/1581/845
f 1518/2900/1390 309/1579/847 310/1581/845
f 286/2901/838 1519/2902/1377 1516/2903/1376
f 1519/2902/1377 1520/2904/1391 1516/2903/1376
f 1516/2903/1376 1520/2904/1391 1517/2905/1389
f 1520/2904/1391 1521/2906/1392 1517/2905/1389
f 1517/2905/1389 1521/2906/1392 1518/2907/1390
f 1521/2906/1392 1522/2908/1393 1518/2907/1390
f 1518/2907/1390 1522/2908/1393 309/2909/847
f 1522/2908/1393 308/1586/849 309/2909/847
f 287/1559/837 1523/2883/1378 1519/2881/1377
f 1523/2910/1378 1524/2911/1394 1519/2912/1377
f 1519/2912/1377 1524/2911/1394 1520/2913/1391
f 1524/2911/1394 1525/2914/1395 1520/2913/1391
f 1520/2913/1391 1525/2914/1395 1521/2915/1392
f 1525/2914/1395 1526/2916/1396 1521/2915/1392
f 1521/2906/1392 1526/2917/1396 1522/2908/1393
f 1526/2917/1396 1527/2918/1397 1522/2908/1393
f 1522/2908/1393 1527/2918/1397 308/1586/849
f 1527/2918/1397 307/1584/851 308/1586/849
f 288/1558/836 1528/2919/1379 1523/2883/1378
f 1528/2920/1379 1529/2921/1398 1523/2922/1378
f 1523/2922/1378 1529/2921/1398 1524/2923/1394
f 1529/2921/1398 1530/2924/1399 1524/2923/1394
f 1524/2923/1394 1530/2924/1399 1525/2925/1395
f 1530/2924/1399 1531/2926/1400 1525/2925/1395
f 1525/2925/1395 1531/2926/1400 1526/2927/1396
f 1531/2928/1400 1532/2929/1401 1526/2930/1396
f 1526/2917/1396 1532/2931/1401 1527/2918/1397
f 1532/2931/1401 1533/2932/1402 1527/2918/1397
f 1527/2918/1397 1533/2932/1402 307/1584/851
f 1533/2932/1402 306/1587/853 307/1584/851
f 289/1554/835 1534/2933/1380 1528/2884/1379
f 1534/2933/1380 1535/2934/1403 1528/2884/1379
f 1528/2884/1379 1535/2934/1403 1529/2935/1398
f 1535/2934/1403 1536/2936/1404 1529/2935/1398
f 1529/2935/1398 1536/2936/1404 1530/2937/1399
f 1536/2938/1404 1537/2939/1405 1530/2924/1399
f 1530/2924/1399 1537/2939/1405 1531/2926/1400
f 1537/2939/1405 1538/2940/1406 1531/2926/1400
f 1531/2941/1400 1538/2942/1406 1532/2943/1401
f 1538/2942/1406 1539/2944/1407 1532/2943/1401
f 1532/2943/1401 1539/2944/1407 1533/2945/1402
f 1539/2944/1407 1540/2946/1408 1533/2945/1402
f 1533/2932/1402 1540/2947/1408 306/1587/853
f 1540/2947/1408 305/1589/855 306/1587/853
f 290/2887/834 1541/2886/1381 1534/2933/1380
f 1541/2886/1381 1542/2948/1409 1534/2933/1380
f 1534/2933/1380 1542/2948/1409 1535/2934/1403
f 1542/2948/1409 1543/2949/1410 1535/2934/1403
f 1535/2934/1403 1543/2949/1410 1536/2936/1404
f 1543/2950/1410 1544/2951/1411 1536/2938/1404
f 1536/2938/1404 1544/2951/1411 1537/2939/1405
f 1544/2951/1411 1545/2952/1412 1537/2939/1405
f 1537/2953/1405 1545/2954/1412 1538/2955/1406
f 1545/2954/1412 1546/2956/1413 1538/2955/1406
f 1538/2957/1406 1546/2958/1413 1539/2959/1407
f 1546/2960/1413 1547/2961/1414 1539/2944/1407
f 1539/2944/1407 1547/2961/1414 1540/2946/1408
f 1547/2961/1414 1548/2962/1415 1540/2946/1408
f 1540/2946/1408 1548/2962/1415 305/2963/855
f 1548/2964/1415 304/1591/857 305/1589/855
f 291/1544/833 1549/2888/1382 1541/2886/1381
f 1549/2965/1382 1550/2966/1416 1541/2967/1381
f 1541/2967/1381 1550/2966/1416 1542/2968/1409
f 1550/2969/1416 1551/2970/1417 1542/2948/1409
f 1542/2948/1409 1551/2970/1417 1543/2949/1410
f 1551/2971/1417 1552/2972/1418 1543/2973/1410
f 1543/2974/1410 1552/2975/1418 1544/2976/1411
f 1552/2975/1418 1553/2977/1419 1544/2976/1411
f 1544/2976/1411 1553/2977/1419 1545/2954/1412
f 1553/2977/1419 1554/2978/1420 1545/2954/1412
f 1545/2954/1412 1554/2978/1420 1546/2956/1413
f 1554/2978/1420 1555/2979/1421 1546/2956/1413
f 1546/2956/1413 1555/2979/1421 1547/2980/1414
f 1555/2979/1421 1556/2981/1422 1547/2980/1414
f 1547/2980/1414 1556/2981/1422 1548/2982/1415
f 1556/2981/1422 1557/2983/1423 1548/2982/1415
f 1548/2982/1415 1557/2983/1423 304/2984/857
f 1557/2985/1423 303/1593/859 304/1595/857
f 292/1541/832 1558/2889/1383 1549/2965/1382
f 1558/2889/1383 1559/2986/1424 1549/2965/1382
f 1549/2965/1382 1559/2986/1424 1550/2966/1416
f 1559/2987/1424 1560/2988/1425 1550/2989/1416
f 1550/2990/1416 1560/2991/1425 1551/2992/1417
f 1560/2993/1425 1561/2994/1426 1551/2995/1417
f 1551/2971/1417 1561/2996/1426 1552/2972/1418
f 1561/2996/1426 1562/2997/1427 1552/2972/1418
f 1552/2972/1418 1562/2997/1427 1553/2998/1419
f 1562/2997/1427 1563/2999/1428 1553/2998/1419
f 1553/2998/1419 1563/2999/1428 1554/3000/1420
f 1563/2999/1428 1564/3001/1429 1554/3000/1420
f 1554/3000/1420 1564/3001/1429 1555/3002/1421
f 1564/3001/1429 1565/3003/1430 1555/3002/1421
f 1555/3002/1421 1565/3003/1430 1556/3004/1422
f 1565/3005/1430 1566/3006/1431 1556/3007/1422
f 1556/3008/1422 1566/3009/1431 1557/3010/1423
f 1566/3011/1431 1567/3012/1432 1557/3013/1423
f 1557/3013/1423 1567/3012/1432 303/3014/859
f 1567/3015/1432 302/1596/861 303/1593/859
f 293/1536/831 1568/2890/1384 1558/3016/1383
f 1568/2890/1384 1569/3017/1433 1558/3016/1383
f 1558/3016/1383 1569/3017/1433 1559/3018/1424
f 1569/3017/1433 1570/3019/1434 1559/3018/1424
f 1559/3018/1424 1570/3019/1434 1560/2993/1425
f 1570/3019/1434 1571/3020/1435 1560/2993/1425
f 1560/2993/1425 1571/3020/1435 1561/2994/1426
f 1571/3020/1435 1572/3021/1436 1561/2994/1426
f 1561/2996/1426 1572/3022/1436 1562/2997/1427
f 1572/3022/1436 1573/3023/1437 1562/2997/1427
f 1562/3024/1427 1573/3025/1437 1563/3026/1428
f 1573/3025/1437 1574/3027/1438 1563/3026/1428
f 1563/2999/1428 1574/3028/1438 1564/3001/1429
f 1574/3028/1438 1575/3029/1439 1564/3001/1429
f 1564/3001/1429 1575/3029/1439 1565/3003/1430
f 1575/3029/1439 1576/3030/1440 1565/3003/1430
f 1565/3031/1430 1576/3032/1440 1566/3033/1431
f 1576/3032/1440 1577/3034/1441 1566/3033/1431
f 1566/3033/1431 1577/3034/1441 1567/3035/1432
f 1577/3036/1441 1578/3037/1442 1567/3015/1432
f 1567/3015/1432 1578/3037/1442 302/1596/861
f 1578/3037/1442 301/3038/863 302/1596/861
f 294/1534/830 1579/3039/1385 1568/2890/1384
f 1579/3039/1385 1580/3040/1443 1568/2890/1384
f 1568/2890/1384 1580/3040/1443 1569/3017/1433
f 1580/3040/1443 1581/3041/1444 1569/3017/1433
f 1569/3017/1433 1581/3041/1444 1570/3019/1434
f 1581/3042/1444 1582/3043/1445 1570/3044/1434
f 1570/3045/1434 1582/3046/1445 1571/3047/1435
f 1582/3046/1445 1583/3048/1446 1571/3047/1435
f 1571/3047/1435 1583/3048/1446 1572/3022/1436
f 1583/3048/1446 1584/3049/1447 1572/3022/1436
f 1572/3022/1436 1584/3049/1447 1573/3023/1437
f 1584/3050/1447 1585/3051/1448 1573/3052/1437
f 1573/3053/1437 1585/3054/1448 1574/3055/1438
f 1585/3056/1448 1586/3057/1449 1574/3028/1438
f 1574/3028/1438 1586/3057/1449 1575/3029/1439
f 1586/3057/1449 1587/3058/1450 1575/3029/1439
f 1575/3029/1439 1587/3058/1450 1576/3030/1440
f 1587/3059/1450 1588/3060/1451 1576/3061/1440
f 1576/3062/1440 1588/3063/1451 1577/3064/1441
f 1588/3063/1451 1589/3065/1452 1577/3064/1441
f 1577/3066/1441 1589/3067/1452 1578/3068/1442
f 1589/3067/1452 1590/3069/1453 1578/3068/1442
f 1578/3068/1442 1590/3069/1453 301/1603/863
f 1590/3069/1453 300/1601/865 301/1603/863
f 295/1530/829 1591/2892/1386 1579/3039/1385
f 1591/2892/1386 1592/3070/1454 1579/3039/1385
f 1579/3039/1385 1592/3070/1454 1580/3040/1443
f 1592/3070/1454 1593/3071/1455 1580/3040/1443
f 1580/3040/1443 1593/3071/1455 1581/3041/1444
f 1593/3072/1455 1594/3073/1456 1581/3042/1444
f 1581/3042/1444 1594/3073/1456 1582/3043/1445
f 1594/3073/1456 1595/3074/1457 1582/3043/1445
f 1582/3046/1445 1595/3075/1457 1583/3048/1446
f 1595/3075/1457 1596/3076/1458 1583/3048/1446
f 1583/3077/1446 1596/3078/1458 1584/3079/1447
f 1596/3078/1458 1597/3080/1459 1584/3079/1447
f 1584/3081/1447 1597/3082/1459 1585/3083/1448
f 1597/3084/1459 1598/3085/1460 1585/3086/1448
f 1585/3086/1448 1598/3085/1460 1586/3087/1449
f 1598/3085/1460 1599/3088/1461 1586/3087/1449
f 1586/3057/1449 1599/3089/1461 1587/3058/1450
f 1599/3089/1461 1600/3090/1462 1587/3058/1450
f 1587/3058/1450 1600/3090/1462 1588/3091/1451
f 1600/3092/1462 1601/3093/1463 1588/3094/1451
f 1588/3095/1451 1601/3096/1463 1589/3097/1452
f 1601/3096/1463 1602/3098/1464 1589/3097/1452
f 1589/3099/1452 1602/3100/1464 1590/3101/1453
f 1602/3100/1464 1603/3102/1465 1590/3101/1453
f 1590/3101/1453 1603/3102/1465 300/1606/865
f 1603/3102/1465 299/1604/867 300/1606/865
f 296/1529/828 1604/2893/1387 1591/2892/1386
f 1604/2893/1387 1605/3103/1466 1591/2892/1386
f 1591/2892/1386 1605/3103/1466 1592/3070/1454
f 1605/3103/1466 1606/3104/1467 1592/3070/1454
f 1592/3070/1454 1606/3104/1467 1593/3071/1455
f 1606/3105/1467 1607/3106/1468 1593/3072/1455
f 1593/3072/1455 1607/3106/1468 1594/3073/1456
f 1607/3106/1468 1608/3107/1469 1594/3073/1456
f 1594/3073/1456 1608/3107/1469 1595/3074/1457
f 1608/3108/1469 1609/3109/1470 1595/3110/1457
f 1595/3110/1457 1609/3109/1470 1596/3111/1458
f 1609/3112/1470 1610/3113/1471 1596/3114/1458
f 1596/3114/1458 1610/3113/1471 1597/3115/1459
f 1610/3116/1471 1611/3117/1472 1597/3084/1459
f 1597/3084/1459 1611/3117/1472 1598/3085/1460
f 1611/3117/1472 1612/3118/1473 1598/3085/1460
f 1598/3085/1460 1612/3118/1473 1599/3088/1461
f 1612/3118/1473 1613/3119/1474 1599/3088/1461
f 1599/3088/1461 1613/3119/1474 1600/3120/1462
f 1613/3119/1474 1614/3121/1475 1600/3120/1462
f 1600/3092/1462 1614/3122/1475 1601/3093/1463
f 1614/3123/1475 1615/3124/1476 1601/3125/1463
f 1601/3125/1463 1615/3124/1476 1602/3100/1464
f 1615/3124/1476 1616/3126/1477 1602/3100/1464
f 1602/3100/1464 1616/3126/1477 1603/3102/1465
f 1616/3126/1477 1617/3127/1478 1603/3102/1465
f 1603/3102/1465 1617/3127/1478 299/1604/867
f 1617/3127/1478 298/1607/26 299/1604/867
f 297/24/22 162/23/21 1604/2893/1387
f 162/23/21 161/3128/1479 1604/2893/1387
f 1604/2893/1387 161/3128/1479 1605/3103/1466
f 161/3128/1479 160/3129/1480 1605/3103/1466
f 1605/3103/1466 160/3129/1480 1606/3104/1467
f 160/3129/1480 159/3130/1481 1606/3104/1467
f 1606/3104/1467 159/3130/1481 1607/3131/1468
f 159/3132/1481 158/3133/1482 1607/3106/1468
f 1607/3106/1468 158/3133/1482 1608/3107/1469
f 158/3134/1482 157/3135/1483 1608/3108/1469
f 1608/3108/1469 157/3135/1483 1609/3109/1470
f 157/3135/1483 156/3136/1484 1609/3109/1470
f 1609/3109/1470 156/3136/1484 1610/3116/1471
f 156/3136/1484 155/3137/1485 1610/3116/1471
f 1610/3116/1471 155/3137/1485 1611/3117/1472
f 155/3137/1485 154/3138/1486 1611/3117/1472
f 1611/3117/1472 154/3138/1486 1612/3118/1473
f 154/3138/1486 153/3139/1487 1612/3118/1473
f 1612/3118/1473 153/3139/1487 1613/3119/1474
f 153/3139/1487 152/3140/1488 1613/3119/1474
f 1613/3119/1474 152/3140/1488 1614/3121/1475
f 152/3140/1488 151/3141/1489 1614/3121/1475
f 1614/3121/1475 151/3141/1489 1615/3142/1476
f 151/3141/1489 150/3143/1490 1615/3142/1476
f 1615/3124/1476 150/3144/1490 1616/3126/1477
f 150/3144/1490 149/3145/1491 1616/3126/1477
f 1616/3146/1477 149/3147/1491 1617/3148/1478
f 149/3147/1491 148/3149/1492 1617/3148/1478
f 1617/3148/1478 148/3149/1492 298/30/26
f 148/3149/1492 5/19/17 298/30/26
f 253/1933/974 282/1936/975 9/1938/34
f 254/1930/973 1618/3150/1493 253/1933/974
f 255/1929/972 1619/3151/1494 254/1930/973
f 256/3152/971 1621/3153/1495 255/3154/972
f 257/1922/970 1624/3155/1496 256/1923/971
f 258/1919/969 1628/3156/1497 257/1920/970
f 259/1915/968 1633/3157/1498 258/1916/969
f 260/1911/967 1639/3158/1499 259/1912/968
f 261/1909/966 1646/3159/1500 260/1910/967
f 262/1906/965 1654/3160/1501 261/1907/966
f 263/1904/964 1663/3161/1502 262/1905/965
f 264/3162/963 1673/3163/1503 263/3164/964
f 265/3165/962 1684/3166/1504 264/3167/963
f 266/1897/961 1696/3168/1505 265/1899/962
f 267/3169/19 1709/3170/1506 266/1897/961
f 253/1933/974 1618/3150/1493 282/1936/975
f 1618/3150/1493 281/1939/976 282/1936/975
f 254/3171/973 1619/3172/1494 1618/3173/1493
f 1619/3174/1494 1620/3175/1507 1618/3176/1493
f 1618/3176/1493 1620/3175/1507 281/1943/976
f 1620/3175/1507 280/1941/978 281/1943/976
f 255/1929/972 1621/3177/1495 1619/3151/1494
f 1621/3178/1495 1622/3179/1508 1619/3174/1494
f 1619/3174/1494 1622/3179/1508 1620/3175/1507
f 1622/3179/1508 1623/3180/1509 1620/3175/1507
f 1620/3175/1507 1623/3180/1509 280/1941/978
f 1623/3181/1509 279/3182/980 280/3183/978
f 256/3152/971 1624/3184/1496 1621/3153/1495
f 1624/3184/1496 1625/3185/1510 1621/3153/1495
f 1621/3186/1495 1625/3187/1510 1622/3188/1508
f 1625/3187/1510 1626/3189/1511 1622/3188/1508
f 1622/3188/1508 1626/3189/1511 1623/3190/1509
f 1626/3189/1511 1627/3191/1512 1623/3190/1509
f 1623/3190/1509 1627/3191/1512 279/1944/980
f 1627/3191/1512 278/1947/982 279/1944/980
f 257/1920/970 1628/3156/1497 1624/3192/1496
f 1628/3193/1497 1629/3194/1513 1624/3195/1496
f 1624/3195/1496 1629/3194/1513 1625/3187/1510
f 1629/3194/1513 1630/3196/1514 1625/3187/1510
f 1625/3187/1510 1630/3196/1514 1626/3189/1511
f 1630/3196/1514 1631/3197/1515 1626/3189/1511
f 1626/3189/1511 1631/3197/1515 1627/3191/1512
f 1631/3197/1515 1632/3198/1516 1627/3191/1512
f 1627/3199/1512 1632/3200/1516 278/3201/982
f 1632/3202/1516 277/1949/984 278/1951/982
f 258/1919/969 1633/3203/1498 1628/3156/1497
f 1633/3203/1498 1634/3204/1517 1628/3156/1497
f 1628/3156/1497 1634/3204/1517 1629/3205/1513
f 1634/3204/1517 1635/3206/1518 1629/3205/1513
f 1629/3194/1513 1635/3207/1518 1630/3196/1514
f 1635/3208/1518 1636/3209/1519 1630/3210/1514
f 1630/3210/1514 1636/3209/1519 1631/3211/1515
f 1636/3209/1519 1637/3212/1520 1631/3211/1515
f 1631/3211/1515 1637/3212/1520 1632/3202/1516
f 1637/3212/1520 1638/3213/1521 1632/3202/1516
f 1632/3202/1516 1638/3213/1521 277/1949/984
f 1638/3213/1521 276/1952/986 277/1949/984
f 259/1912/968 1639/3158/1499 1633/3203/1498
f 1639/3158/1499 1640/3214/1522 1633/3203/1498
f 1633/3203/1498 1640/3214/1522 1634/3204/1517
f 1640/3214/1522 1641/3215/1523 1634/3204/1517
f 1634/3204/1517 1641/3215/1523 1635/3206/1518
f 1641/3215/1523 1642/3216/1524 1635/3206/1518
f 1635/3208/1518 1642/3217/1524 1636/3209/1519
f 1642/3217/1524 1643/3218/1525 1636/3209/1519
f 1636/3209/1519 1643/3218/1525 1637/3212/1520
f 1643/3218/1525 1644/3219/1526 1637/3212/1520
f 1637/3212/1520 1644/3219/1526 1638/3213/1521
f 1644/3219/1526 1645/3220/1527 1638/3213/1521
f 1638/3213/1521 1645/3220/1527 276/1952/986
f 1645/3220/1527 275/1954/988 276/1952/986
f 260/1911/967 1646/3221/1500 1639/3158/1499
f 1646/3221/1500 1647/3222/1528 1639/3158/1499
f 1639/3158/1499 1647/3222/1528 1640/3214/1522
f 1647/3222/1528 1648/3223/1529 1640/3214/1522
f 1640/3214/1522 1648/3223/1529 1641/3215/1523
f 1648/3223/1529 1649/3224/1530 1641/3215/1523
f 1641/3215/1523 1649/3224/1530 1642/3216/1524
f 1649/3225/1530 1650/3226/1531 1642/3217/1524
f 1642/3217/1524 1650/3226/1531 1643/3218/1525
f 1650/3227/1531 1651/3228/1532 1643/3229/1525
f 1643/3230/1525 1651/3231/1532 1644/3232/1526
f 1651/3233/1532 1652/3234/1533 1644/3219/1526
f 1644/3219/1526 1652/3234/1533 1645/3220/1527
f 1652/3234/1533 1653/3235/1534 1645/3220/1527
f 1645/3236/1527 1653/3237/1534 275/1958/988
f 1653/3237/1534 274/1956/990 275/1958/988
f 261/3238/966 1654/3239/1501 1646/3240/1500
f 1654/3241/1501 1655/3242/1535 1646/3243/1500
f 1646/3221/1500 1655/3244/1535 1647/3222/1528
f 1655/3244/1535 1656/3245/1536 1647/3222/1528
f 1647/3222/1528 1656/3245/1536 1648/3223/1529
f 1656/3245/1536 1657/3246/1537 1648/3223/1529
f 1648/3223/1529 1657/3246/1537 1649/3224/1530
f 1657/3246/1537 1658/3247/1538 1649/3224/1530
f 1649/3225/1530 1658/3248/1538 1650/3226/1531
f 1658/3248/1538 1659/3249/1539 1650/3226/1531
f 1650/3250/1531 1659/3251/1539 1651/3252/1532
f 1659/3251/1539 1660/3253/1540 1651/3252/1532
f 1651/3252/1532 1660/3253/1540 1652/3254/1533
f 1660/3253/1540 1661/3255/1541 1652/3254/1533
f 1652/3234/1533 1661/3256/1541 1653/3235/1534
f 1661/3256/1541 1662/3257/1542 1653/3235/1534
f 1653/3235/1534 1662/3257/1542 274/3258/990
f 1662/3257/1542 273/1964/992 274/3258/990
f 262/3259/965 1663/3260/1502 1654/3261/1501
f 1663/3260/1502 1664/3262/1543 1654/3261/1501
f 1654/3241/1501 1664/3263/1543 1655/3242/1535
f 1664/3264/1543 1665/3265/1544 1655/3266/1535
f 1655/3244/1535 1665/3267/1544 1656/3245/1536
f 1665/3267/1544 1666/3268/1545 1656/3245/1536
f 1656/3245/1536 1666/3268/1545 1657/3246/1537
f 1666/3269/1545 1667/3270/1546 1657/3271/1537
f 1657/3271/1537 1667/3270/1546 1658/3272/1538
f 1667/3273/1546 1668/3274/1547 1658/3275/1538
f 1658/3248/1538 1668/3276/1547 1659/3249/1539
f 1668/3276/1547 1669/3277/1548 1659/3249/1539
f 1659/3251/1539 1669/3278/1548 1660/3253/1540
f 1669/3278/1548 1670/3279/1549 1660/3253/1540
f 1660/3253/1540 1670/3279/1549 1661/3255/1541
f 1670/3280/1549 1671/3281/1550 1661/3282/1541
f 1661/3282/1541 1671/3281/1550 1662/3283/1542
f 1671/3284/1550 1672/3285/1551 1662/3257/1542
f 1662/3257/1542 1672/3285/1551 273/1964/992
f 1672/3285/1551 272/1962/994 273/1964/992
f 263/3164/964 1673/3163/1503 1663/3286/1502
f 1673/3287/1503 1674/3288/1552 1663/3289/1502
f 1663/3260/1502 1674/3290/1552 1664/3262/1543
f 1674/3291/1552 1675/3292/1553 1664/3264/1543
f 1664/3264/1543 1675/3292/1553 1665/3265/1544
f 1675/3293/1553 1676/3294/1554 1665/3267/1544
f 1665/3267/1544 1676/3294/1554 1666/3268/1545
f 1676/3295/1554 1677/3296/1555 1666/3269/1545
f 1666/3269/1545 1677/3296/1555 1667/3270/1546
f 1677/3297/1555 1678/3298/1556 1667/3273/1546
f 1667/3273/1546 1678/3298/1556 1668/3274/1547
f 1678/3298/1556 1679/3299/1557 1668/3274/1547
f 1668/3276/1547 1679/3300/1557 1669/3277/1548
f 1679/3300/1557 1680/3301/1558 1669/3277/1548
f 1669/3302/1548 1680/3303/1558 1670/3280/1549
f 1680/3303/1558 1681/3304/1559 1670/3280/1549
f 1670/3280/1549 1681/3304/1559 1671/3281/1550
f 1681/3305/1559 1682/3306/1560 1671/3307/1550
f 1671/3284/1550 1682/3308/1560 1672/3285/1551
f 1682/3308/1560 1683/3309/1561 1672/3285/1551
f 1672/3285/1551 1683/3309/1561 272/1962/994
f 1683/3309/1561 271/1970/996 272/1962/994
f 264/3167/963 1684/3166/1504 1673/3310/1503
f 1684/3166/1504 1685/3311/1562 1673/3310/1503
f 1673/3310/1503 1685/3311/1562 1674/3312/1552
f 1685/3311/1562 1686/3313/1563 1674/3312/1552
f 1674/3312/1552 1686/3313/1563 1675/3314/1553
f 1686/3315/1563 1687/3316/1564 1675/3293/1553
f 1675/3293/1553 1687/3316/1564 1676/3294/1554
f 1687/3316/1564 1688/3317/1565 1676/3294/1554
f 1676/3318/1554 1688/3319/1565 1677/3320/1555
f 1688/3321/1565 1689/3322/1566 1677/3323/1555
f 1677/3323/1555 1689/3322/1566 1678/3324/1556
f 1689/3322/1566 1690/3325/1567 1678/3324/1556
f 1678/3324/1556 1690/3325/1567 1679/3326/1557
f 1690/3327/1567 1691/3328/1568 1679/3329/1557
f 1679/3300/1557 1691/3330/1568 1680/3301/1558
f 1691/3331/1568 1692/3332/1569 1680/3333/1558
f 1680/3303/1558 1692/3334/1569 1681/3304/1559
f 1692/3334/1569 1693/3335/1570 1681/3304/1559
f 1681/3304/1559 1693/3335/1570 1682/3336/1560
f 1693/3337/1570 1694/3338/1571 1682/3308/1560
f 1682/3308/1560 1694/3338/1571 1683/3309/1561
f 1694/3339/1571 1695/3340/1572 1683/3341/1561
f 1683/3341/1561 1695/3340/1572 271/3342/996
f 1695/3340/1572 270/3343/998 271/3342/996
f 265/1899/962 1696/3168/1505 1684/3344/1504
f 1696/3168/1505 1697/3345/1573 1684/3344/1504
f 1684/3344/1504 1697/3345/1573 1685/3346/1562
f 1697/3345/1573 1698/3347/1574 1685/3346/1562
f 1685/3311/1562 1698/3348/1574 1686/3313/1563
f 1698/3349/1574 1699/3350/1575 1686/3315/1563
f 1686/3315/1563 1699/3350/1575 1687/3316/1564
f 1699/3350/1575 1700/3351/1576 1687/3316/1564
f 1687/3316/1564 1700/3351/1576 1688/3317/1565
f 1700/3352/1576 1701/3353/1577 1688/3354/1565
f 1688/3321/1565 1701/3355/1577 1689/3322/1566
f 1701/3355/1577 1702/3356/1578 1689/3322/1566
f 1689/3322/1566 1702/3356/1578 1690/3325/1567
f 1702/3356/1578 1703/3357/1579 1690/3325/1567
f 1690/3358/1567 1703/3359/1579 1691/3360/1568
f 1703/3359/1579 1704/3361/1580 1691/3360/1568
f 1691/3360/1568 1704/3361/1580 1692/3362/1569
f 1704/3361/1580 1705/3363/1581 1692/3362/1569
f 1692/3362/1569 1705/3363/1581 1693/3364/1570
f 1705/3363/1581 1706/3365/1582 1693/3364/1570
f 1693/3337/1570 1706/3366/1582 1694/3338/1571
f 1706/3366/1582 1707/3367/1583 1694/3338/1571
f 1694/3338/1571 1707/3367/1583 1695/3368/1572
f 1707/3367/1583 1708/3369/1584 1695/3368/1572
f 1695/3368/1572 1708/3369/1584 270/1968/998
f 1708/3369/1584 269/1971/1000 270/1968/998
f 266/1897/961 1709/3170/1506 1696/3168/1505
f 1709/3170/1506 1710/3370/1585 1696/3168/1505
f 1696/3168/1505 1710/3370/1585 1697/3345/1573
f 1710/3370/1585 1711/3371/1586 1697/3345/1573
f 1697/3345/1573 1711/3371/1586 1698/3347/1574
f 1711/3371/1586 1712/3372/1587 1698/3347/1574
f 1698/3373/1574 1712/3374/1587 1699/3375/1575
f 1712/3374/1587 1713/3376/1588 1699/3375/1575
f 1699/3375/1575 1713/3376/1588 1700/3377/1576
f 1713/3378/1588 1714/3379/1589 1700/3380/1576
f 1700/3381/1576 1714/3382/1589 1701/3383/1577
f 1714/3384/1589 1715/3385/1590 1701/3386/1577
f 1701/3355/1577 1715/3387/1590 1702/3356/1578
f 1715/3387/1590 1716/3388/1591 1702/3356/1578
f 1702/3356/1578 1716/3388/1591 1703/3357/1579
f 1716/3388/1591 1717/3389/1592 1703/3357/1579
f 1703/3357/1579 1717/3389/1592 1704/3390/1580
f 1717/3391/1592 1718/3392/1593 1704/3361/1580
f 1704/3361/1580 1718/3392/1593 1705/3363/1581
f 1718/3393/1593 1719/3394/1594 1705/3395/1581
f 1705/3395/1581 1719/3394/1594 1706/3396/1582
f 1719/3397/1594 1720/3398/1595 1706/3366/1582
f 1706/3366/1582 1720/3398/1595 1707/3367/1583
f 1720/3398/1595 1721/3399/1596 1707/3367/1583
f 1707/3367/1583 1721/3399/1596 1708/3369/1584
f 1721/3399/1596 1722/3400/1597 1708/3369/1584
f 1708/3369/1584 1722/3400/1597 269/1971/1000
f 1722/3401/1597 268/3402/25 269/3403/1000
f 267/3169/19 147/3404/18 1709/3170/1506
f 147/3404/18 146/3405/1598 1709/3170/1506
f 1709/3170/1506 146/3405/1598 1710/3370/1585
f 146/3405/1598 145/3406/1599 1710/3370/1585
f 1710/3370/1585 145/3406/1599 1711/3371/1586
f 145/3406/1599 144/3407/1600 1711/3371/1586
f 1711/3371/1586 144/3407/1600 1712/3372/1587
f 144/3408/1600 143/3409/1601 1712/3410/1587
f 1712/3411/1587 143/3412/1601 1713/3378/1588
f 143/3412/1601 142/3413/1602 1713/3378/1588
f 1713/3378/1588 142/3413/1602 1714/3379/1589
f 142/3413/1602 141/3414/1603 1714/3379/1589
f 1714/3415/1589 141/3416/1603 1715/3387/1590
f 141/3416/1603 140/3417/1604 1715/3387/1590
f 1715/3387/1590 140/3417/1604 1716/3388/1591
f 140/3417/1604 139/3418/1605 1716/3388/1591
f 1716/3388/1591 139/3418/1605 1717/3389/1592
f 139/3418/1605 138/3419/1606 1717/3389/1592
f 1717/3389/1592 138/3419/1606 1718/3420/1593
f 138/3419/1606 137/3421/1607 1718/3420/1593
f 1718/3422/1593 137/3423/1607 1719/3424/1594
f 137/3423/1607 136/3425/1608 1719/3424/1594
f 1719/3424/1594 136/3425/1608 1720/3426/1595
f 136/3425/1608 135/3427/1609 1720/3426/1595
f 1720/3398/1595 135/3428/1609 1721/3399/1596
f 135/3428/1609 134/3429/1610 1721/3399/1596
f 1721/3399/1596 134/3429/1610 1722/3400/1597
f 134/3430/1610 133/3431/1611 1722/3432/1597
f 1722/3401/1597 133/3433/1611 268/3402/25
f 133/3433/1611 4/3434/14 268/3402/25
f 223/2235/1107 252/3435/1108 8/2236/31
f 224/2233/1106 1723/3436/1612 223/2234/1107
f 225/2232/1105 1724/3437/1613 224/2233/1106
f 226/3438/1104 1726/3439/1614 225/2232/1105
f 227/2228/1103 1729/3440/1615 226/2229/1104
f 228/2226/1102 1733/3441/1616 227/2228/1103
f 229/2224/1101 1738/3442/1617 228/2226/1102
f 230/2222/1100 1744/3443/1618 229/2224/1101
f 231/2217/1099 1751/3444/1619 230/3445/1100
f 232/2216/1098 1759/3446/1620 231/2217/1099
f 233/3447/1097 1768/3448/1621 232/2216/1098
f 234/2208/1096 1778/3449/1622 233/3447/1097
f 235/2207/1095 1789/3450/1623 234/2208/1096
f 236/3451/1094 1801/3452/1624 235/2207/1095
f 237/18/16 1814/3453/1625 236/3451/1094
f 223/2234/1107 1723/3436/1612 252/3454/1108
f 1723/3436/1612 251/3455/1109 252/3454/1108
f 224/2233/1106 1724/3437/1613 1723/3436/1612
f 1724/3437/1613 1725/3456/1626 1723/3436/1612
f 1723/3436/1612 1725/3456/1626 251/3455/1109
f 1725/3456/1626 250/3457/1111 251/3455/1109
f 225/2232/1105 1726/3439/1614 1724/3437/1613
f 1726/3458/1614 1727/3459/1627 1724/3460/1613
f 1724/3460/1613 1727/3459/1627 1725/3461/1626
f 1727/3462/1627 1728/3463/1628 1725/3456/1626
f 1725/3456/1626 1728/3463/1628 250/3457/1111
f 1728/3464/1628 249/2244/1113 250/2241/1111
f 226/2229/1104 1729/3440/1615 1726/3458/1614
f 1729/3440/1615 1730/3465/1629 1726/3458/1614
f 1726/3458/1614 1730/3465/1629 1727/3459/1627
f 1730/3465/1629 1731/3466/1630 1727/3459/1627
f 1727/3459/1627 1731/3466/1630 1728/3467/1628
f 1731/3468/1630 1732/3469/1631 1728/3464/1628
f 1728/3464/1628 1732/3469/1631 249/2244/1113
f 1732/3469/1631 248/2246/1115 249/2244/1113
f 227/2228/1103 1733/3441/1616 1729/3440/1615
f 1733/3441/1616 1734/3470/1632 1729/3440/1615
f 1729/3440/1615 1734/3470/1632 1730/3465/1629
f 1734/3470/1632 1735/3471/1633 1730/3465/1629
f 1730/3465/1629 1735/3471/1633 1731/3466/1630
f 1735/3472/1633 1736/3473/1634 1731/3468/1630
f 1731/3468/1630 1736/3473/1634 1732/3469/1631
f 1736/3473/1634 1737/3474/1635 1732/3469/1631
f 1732/3469/1631 1737/3474/1635 248/2246/1115
f 1737/3474/1635 247/3475/1117 248/2246/1115
f 228/2226/1102 1738/3442/1617 1733/3441/1616
f 1738/3476/1617 1739/3477/1636 1733/3478/1616
f 1733/3478/1616 1739/3477/1636 1734/3479/1632
f 1739/3477/1636 1740/3480/1637 1734/3479/1632
f 1734/3481/1632 1740/3482/1637 1735/3472/1633
f 1740/3482/1637 1741/3483/1638 1735/3472/1633
f 1735/3472/1633 1741/3483/1638 1736/3473/1634
f 1741/3483/1638 1742/3484/1639 1736/3473/1634
f 1736/3473/1634 1742/3484/1639 1737/3474/1635
f 1742/3485/1639 1743/3486/1640 1737/3487/1635
f 1737/3487/1635 1743/3486/1640 247/2253/1117
f 1743/3486/1640 246/2251/1119 247/2253/1117
f 229/2224/1101 1744/3443/1618 1738/3442/1617
f 1744/3488/1618 1745/3489/1641 1738/3476/1617
f 1738/3476/1617 1745/3489/1641 1739/3477/1636
f 1745/3489/1641 1746/3490/1642 1739/3477/1636
f 1739/3477/1636 1746/3490/1642 1740/3480/1637
f 1746/3490/1642 1747/3491/1643 1740/3480/1637
f 1740/3482/1637 1747/3492/1643 1741/3483/1638
f 1747/3492/1643 1748/3493/1644 1741/3483/1638
f 1741/3483/1638 1748/3493/1644 1742/3484/1639
f 1748/3494/1644 1749/3495/1645 1742/3485/1639
f 1742/3485/1639 1749/3495/1645 1743/3486/1640
f 1749/3496/1645 1750/3497/1646 1743/3498/1640
f 1743/3499/1640 1750/3500/1646 246/2256/1119
f 1750/3500/1646 245/2254/1121 246/2256/1119
f 230/3445/1100 1751/3444/1619 1744/3501/1618
f 1751/3502/1619 1752/3503/1647 1744/3504/1618
f 1744/3504/1618 1752/3503/1647 1745/3505/1641
f 1752/3503/1647 1753/3506/1648 1745/3505/1641
f 1745/3505/1641 1753/3506/1648 1746/3507/1642
f 1753/3506/1648 1754/3508/1649 1746/3507/1642
f 1746/3507/1642 1754/3508/1649 1747/3509/1643
f 1754/3508/1649 1755/3510/1650 1747/3509/1643
f 1747/3509/1643 1755/3510/1650 1748/3511/1644
f 1755/3512/1650 1756/3513/1651 1748/3514/1644
f 1748/3511/1644 1756/3515/1651 1749/3516/1645
f 1756/3515/1651 1757/3517/1652 1749/3516/1645
f 1749/3516/1645 1757/3517/1652 1750/3518/1646
f 1757/3519/1652 1758/3520/1653 1750/3521/1646
f 1750/3521/1646 1758/3520/1653 245/3522/1121
f 1758/3520/1653 244/3523/1123 245/3522/1121
f 231/2217/1099 1759/3446/1620 1751/3444/1619
f 1759/3524/1620 1760/3525/1654 1751/3502/1619
f 1751/3502/1619 1760/3525/1654 1752/3503/1647
f 1760/3525/1654 1761/3526/1655 1752/3503/1647
f 1752/3503/1647 1761/3526/1655 1753/3506/1648
f 1761/3526/1655 1762/3527/1656 1753/3506/1648
f 1753/3506/1648 1762/3527/1656 1754/3508/1649
f 1762/3527/1656 1763/3528/1657 1754/3508/1649
f 1754/3508/1649 1763/3528/1657 1755/3510/1650
f 1763/3528/1657 1764/3529/1658 1755/3510/1650
f 1755/3510/1650 1764/3529/1658 1756/3515/1651
f 1764/3529/1658 1765/3530/1659 1756/3515/1651
f 1756/3515/1651 1765/3530/1659 1757/3517/1652
f 1765/3531/1659 1766/3532/1660 1757/3533/1652
f 1757/3534/1652 1766/3535/1660 1758/3536/1653
f 1766/3535/1660 1767/3537/1661 1758/3536/1653
f 1758/3536/1653 1767/3537/1661 244/2257/1123
f 1767/3537/1661 243/2260/1125 244/2257/1123
f 232/2216/1098 1768/3448/1621 1759/3446/1620
f 1768/3448/1621 1769/3538/1662 1759/3446/1620
f 1759/3539/1620 1769/3540/1662 1760/3541/1654
f 1769/3542/1662 1770/3543/1663 1760/3544/1654
f 1760/3545/1654 1770/3546/1663 1761/3547/1655
f 1770/3546/1663 1771/3548/1664 1761/3547/1655
f 1761/3549/1655 1771/3550/1664 1762/3551/1656
f 1771/3552/1664 1772/3553/1665 1762/3554/1656
f 1762/3527/1656 1772/3555/1665 1763/3528/1657
f 1772/3555/1665 1773/3556/1666 1763/3528/1657
f 1763/3528/1657 1773/3556/1666 1764/3529/1658
f 1773/3556/1666 1774/3557/1667 1764/3529/1658
f 1764/3529/1658 1774/3557/1667 1765/3530/1659
f 1774/3557/1667 1775/3558/1668 1765/3530/1659
f 1765/3530/1659 1775/3558/1668 1766/3559/1660
f 1775/3560/1668 1776/3561/1669 1766/3562/1660
f 1766/3563/1660 1776/3564/1669 1767/3565/1661
f 1776/3564/1669 1777/3566/1670 1767/3565/1661
f 1767/3537/1661 1777/3567/1670 243/2260/1125
f 1777/3568/1670 242/2262/1127 243/2264/1125
f 233/3447/1097 1778/3449/1622 1768/3448/1621
f 1778/3569/1622 1779/3570/1671 1768/3571/1621
f 1768/3571/1621 1779/3570/1671 1769/3572/1662
f 1779/3570/1671 1780/3573/1672 1769/3572/1662
f 1769/3572/1662 1780/3573/1672 1770/3574/1663
f 1780/3573/1672 1781/3575/1673 1770/3574/1663
f 1770/3574/1663 1781/3575/1673 1771/3576/1664
f 1781/3575/1673 1782/3577/1674 1771/3576/1664
f 1771/3552/1664 1782/3578/1674 1772/3553/1665
f 1782/3578/1674 1783/3579/1675 1772/3553/1665
f 1772/3553/1665 1783/3579/1675 1773/3580/1666
f 1783/3581/1675 1784/3582/1676 1773/3583/1666
f 1773/3584/1666 1784/3585/1676 1774/3586/1667
f 1784/3587/1676 1785/3588/1677 1774/3589/1667
f 1774/3589/1667 1785/3588/1677 1775/3590/1668
f 1785/3591/1677 1786/3592/1678 1775/3593/1668
f 1775/3593/1668 1786/3592/1678 1776/3594/1669
f 1786/3595/1678 1787/3596/1679 1776/3564/1669
f 1776/3564/1669 1787/3596/1679 1777/3566/1670
f 1787/3597/1679 1788/3598/1680 1777/3599/1670
f 1777/3568/1670 1788/3600/1680 242/2262/1127
f 1788/3600/1680 241/3601/1129 242/2262/1127
f 234/2208/1096 1789/3450/1623 1778/3449/1622
f 1789/3450/1623 1790/3602/1681 1778/3449/1622
f 1778/3603/1622 1790/3604/1681 1779/3605/1671
f 1790/3604/1681 1791/3606/1682 1779/3605/1671
f 1779/3607/1671 1791/3608/1682 1780/3609/1672
f 1791/3608/1682 1792/3610/1683 1780/3609/1672
f 1780/3609/1672 1792/3610/1683 1781/3611/1673
f 1792/3612/1683 1793/3613/1684 1781/3575/1673
f 1781/3575/1673 1793/3613/1684 1782/3577/1674
f 1793/3613/1684 1794/3614/1685 1782/3577/1674
f 1782/3577/1674 1794/3614/1685 1783/3615/1675
f 1794/3616/1685 1795/3617/1686 1783/3618/1675
f 1783/3619/1675 1795/3620/1686 1784/3621/1676
f 1795/3622/1686 1796/3623/1687 1784/3587/1676
f 1784/3587/1676 1796/3623/1687 1785/3588/1677
f 1796/3623/1687 1797/3624/1688 1785/3588/1677
f 1785/3625/1677 1797/3626/1688 1786/3627/1678
f 1797/3628/1688 1798/3629/1689 1786/3630/1678
f 1786/3595/1678 1798/3631/1689 1787/3596/1679
f 1798/3632/1689 1799/3633/1690 1787/3597/1679
f 1787/3597/1679 1799/3633/1690 1788/3598/1680
f 1799/3633/1690 1800/3634/1691 1788/3598/1680
f 1788/3598/1680 1800/3634/1691 241/3635/1129
f 1800/3636/1691 240/3637/1131 241/3638/1129
f 235/2207/1095 1801/3452/1624 1789/3450/1623
f 1801/3452/1624 1802/3639/1692 1789/3450/1623
f 1789/3450/1623 1802/3639/1692 1790/3602/1681
f 1802/3640/1692 1803/3641/1693 1790/3642/1681
f 1790/3642/1681 1803/3641/1693 1791/3643/1682
f 1803/3644/1693 1804/3645/1694 1791/3646/1682
f 1791/3647/1682 1804/3648/1694 1792/3649/1683
f 1804/3650/1694 1805/3651/1695 1792/3652/1683
f 1792/3612/1683 1805/3653/1695 1793/3613/1684
f 1805/3654/1695 1806/3655/1696 1793/3656/1684
f 1793/3656/1684 1806/3655/1696 1794/3616/1685
f 1806/3655/1696 1807/3657/1697 1794/3616/1685
f 1794/3616/1685 1807/3657/1697 1795/3617/1686
f 1807/3658/1697 1808/3659/1698 1795/3660/1686
f 1795/3660/1686 1808/3659/1698 1796/3661/1687
f 1808/3662/1698 1809/3663/1699 1796/3623/1687
f 1796/3623/1687 1809/3663/1699 1797/3624/1688
f 1809/3664/1699 1810/3665/1700 1797/3628/1688
f 1797/3628/1688 1810/3665/1700 1798/3629/1689
f 1810/3665/1700 1811/3666/1701 1798/3629/1689
f 1798/3667/1689 1811/3668/1701 1799/3669/1690
f 1811/3670/1701 1812/3671/1702 1799/3672/1690
f 1799/3633/1690 1812/3673/1702 1800/3634/1691
f 1812/3673/1702 1813/3674/1703 1800/3634/1691
f 1800/3634/1691 1813/3674/1703 240/2273/1131
f 1813/3674/1703 239/2271/1133 240/2273/1131
f 236/3451/1094 1814/3453/1625 1801/3452/1624
f 1814/3453/1625 1815/3675/1704 1801/3452/1624
f 1801/3452/1624 1815/3675/1704 1802/3639/1692
f 1815/3675/1704 1816/3676/1705 1802/3639/1692
f 1802/3677/1692 1816/3678/1705 1803/3679/1693
f 1816/3680/1705 1817/3681/1706 1803/3682/1693
f 1803/3644/1693 1817/3683/1706 1804/3645/1694
f 1817/3684/1706 1818/3685/1707 1804/3686/1694
f 1804/3650/1694 1818/3687/1707 1805/3651/1695
f 1818/3687/1707 1819/3688/1708 1805/3651/1695
f 1805/3654/1695 1819/3689/1708 1806/3655/1696
f 1819/3689/1708 1820/3690/1709 1806/3655/1696
f 1806/3655/1696 1820/3690/1709 1807/3657/1697
f 1820/3690/1709 1821/3691/1710 1807/3657/1697
f 1807/3692/1697 1821/3693/1710 1808/3662/1698
f 1821/3693/1710 1822/3694/1711 1808/3662/1698
f 1808/3662/1698 1822/3694/1711 1809/3663/1699
f 1822/3694/1711 1823/3695/1712 1809/3663/1699
f 1809/3664/1699 1823/3696/1712 1810/3665/1700
f 1823/3697/1712 1824/3698/1713 1810/3699/1700
f 1810/3699/1700 1824/3698/1713 1811/3700/1701
f 1824/3698/1713 1825/3701/1714 1811/3700/1701
f 1811/3700/1701 1825/3701/1714 1812/3702/1702
f 1825/3701/1714 1826/3703/1715 1812/3702/1702
f 1812/3702/1702 1826/3703/1715 1813/3704/1703
f 1826/3703/1715 1827/3705/1716 1813/3704/1703
f 1813/3704/1703 1827/3705/1716 239/2276/1133
f 1827/3705/1716 238/2274/24 239/2276/1133
f 237/18/16 117/17/15 1814/3453/1625
f 117/17/15 116/3706/1717 1814/3453/1625
f 1814/3453/1625 116/3706/1717 1815/3675/1704
f 116/3706/1717 115/3707/1718 1815/3675/1704
f 1815/3675/1704 115/3707/1718 1816/3676/1705
f 115/3707/1718 114/3708/1719 1816/3676/1705
f 1816/3676/1705 114/3708/1719 1817/3709/1706
f 114/3710/1719 113/3711/1720 1817/3684/1706
f 1817/3684/1706 113/3711/1720 1818/3685/1707
f 113/3712/1720 112/3713/1721 1818/3714/1707
f 1818/3687/1707 112/3715/1721 1819/3688/1708
f 112/3715/1721 111/3716/1722 1819/3688/1708
f 1819/3717/1708 111/3718/1722 1820/3719/1709
f 111/3718/1722 110/3720/1723 1820/3719/1709
f 1820/3719/1709 110/3720/1723 1821/3721/1710
f 110/3720/1723 109/3722/1724 1821/3721/1710
f 1821/3721/1710 109/3722/1724 1822/3723/1711
f 109/3722/1724 108/3724/1725 1822/3723/1711
f 1822/3723/1711 108/3724/1725 1823/3725/1712
f 108/3724/1725 107/3726/1726 1823/3725/1712
f 1823/3727/1712 107/3728/1726 1824/3729/1713
f 107/3728/1726 106/3730/1727 1824/3729/1713
f 1824/3731/1713 106/3732/1727 1825/3733/1714
f 106/3730/1727 105/3734/1728 1825/3735/1714
f 1825/3736/1714 105/3737/1728 1826/3738/1715
f 105/3739/1728 104/3740/1729 1826/3703/1715
f 1826/3703/1715 104/3740/1729 1827/3705/1716
f 104/3740/1729 103/3741/1730 1827/3705/1716
f 1827/3705/1716 103/3741/1730 238/2274/24
f 103/3741/1730 3/3742/11 238/2274/24
f 193/2576/1240 222/2577/1241 7/32/28
f 194/2575/1239 1828/3743/1731 193/2576/1240
f 195/2572/1238 1829/3744/1732 194/2573/1239
f 196/2571/1237 1831/3745/1733 195/2572/1238
f 197/2570/1236 1834/3746/1734 196/2571/1237
f 198/3747/1235 1838/3748/1735 197/3749/1236
f 199/3750/1234 1843/3751/1736 198/3752/1235
f 200/2564/1233 1849/3753/1737 199/2565/1234
f 201/3754/1232 1856/3755/1738 200/2564/1233
f 202/2559/1231 1864/3756/1739 201/2560/1232
f 203/2552/1230 1873/3757/1740 202/2557/1231
f 204/2551/1229 1883/3758/1741 203/2552/1230
f 205/2546/1228 1894/3759/1742 204/2547/1229
f 206/2544/1227 1906/3760/1743 205/2545/1228
f 207/2542/13 1919/3761/1744 206/2543/1227
f 193/3762/1240 1828/3763/1731 222/3764/1241
f 1828/3765/1731 221/3766/1242 222/3767/1241
f 194/2575/1239 1829/3768/1732 1828/3743/1731
f 1829/3769/1732 1830/3770/1745 1828/3771/1731
f 1828/3771/1731 1830/3770/1745 221/3772/1242
f 1830/3773/1745 220/3774/1244 221/3775/1242
f 195/3776/1238 1831/3777/1733 1829/3778/1732
f 1831/3777/1733 1832/3779/1746 1829/3778/1732
f 1829/3780/1732 1832/3781/1746 1830/3782/1745
f 1832/3783/1746 1833/3784/1747 1830/3785/1745
f 1830/3786/1745 1833/3787/1747 220/2581/1244
f 1833/3787/1747 219/2584/1246 220/2581/1244
f 196/2571/1237 1834/3746/1734 1831/3745/1733
f 1834/3746/1734 1835/3788/1748 1831/3745/1733
f 1831/3745/1733 1835/3788/1748 1832/3783/1746
f 1835/3788/1748 1836/3789/1749 1832/3783/1746
f 1832/3783/1746 1836/3789/1749 1833/3784/1747
f 1836/3789/1749 1837/3790/1750 1833/3784/1747
f 1833/3784/1747 1837/3790/1750 219/3791/1246
f 1837/3790/1750 218/3792/1248 219/3791/1246
f 197/3749/1236 1838/3748/1735 1834/3793/1734
f 1838/3794/1735 1839/3795/1751 1834/3746/1734
f 1834/3746/1734 1839/3795/1751 1835/3788/1748
f 1839/3795/1751 1840/3796/1752 1835/3788/1748
f 1835/3788/1748 1840/3796/1752 1836/3789/1749
f 1840/3796/1752 1841/3797/1753 1836/3789/1749
f 1836/3789/1749 1841/3797/1753 1837/3790/1750
f 1841/3798/1753 1842/3799/1754 1837/3800/1750
f 1837/3800/1750 1842/3799/1754 218/3801/1248
f 1842/3802/1754 217/3803/1250 218/3804/1248
f 198/3747/1235 1843/3805/1736 1838/3748/1735
f 1843/3805/1736 1844/3806/1755 1838/3748/1735
f 1838/3807/1735 1844/3808/1755 1839/3809/1751
f 1844/3810/1755 1845/3811/1756 1839/3795/1751
f 1839/3795/1751 1845/3811/1756 1840/3796/1752
f 1845/3812/1756 1846/3813/1757 1840/3814/1752
f 1840/3815/1752 1846/3816/1757 1841/3817/1753
f 1846/3816/1757 1847/3818/1758 1841/3817/1753
f 1841/3798/1753 1847/3819/1758 1842/3799/1754
f 1847/3820/1758 1848/3821/1759 1842/3802/1754
f 1842/3802/1754 1848/3821/1759 217/3803/1250
f 1848/3821/1759 216/2594/1252 217/3803/1250
f 199/2565/1234 1849/3753/1737 1843/3822/1736
f 1849/3753/1737 1850/3823/1760 1843/3822/1736
f 1843/3824/1736 1850/3825/1760 1844/3810/1755
f 1850/3825/1760 1851/3826/1761 1844/3810/1755
f 1844/3810/1755 1851/3826/1761 1845/3811/1756
f 1851/3827/1761 1852/3828/1762 1845/3829/1756
f 1845/3812/1756 1852/3830/1762 1846/3813/1757
f 1852/3830/1762 1853/3831/1763 1846/3813/1757
f 1846/3816/1757 1853/3832/1763 1847/3818/1758
f 1853/3833/1763 1854/3834/1764 1847/3820/1758
f 1847/3820/1758 1854/3834/1764 1848/3821/1759
f 1854/3834/1764 1855/3835/1765 1848/3821/1759
f 1848/3821/1759 1855/3835/1765 216/2594/1252
f 1855/3835/1765 215/2592/1254 216/2594/1252
f 200/2564/1233 1856/3755/1738 1849/3753/1737
f 1856/3755/1738 1857/3836/1766 1849/3753/1737
f 1849/3753/1737 1857/3836/1766 1850/3823/1760
f 1857/3836/1766 1858/3837/1767 1850/3823/1760
f 1850/3823/1760 1858/3837/1767 1851/3838/1761
f 1858/3839/1767 1859/3840/1768 1851/3841/1761
f 1851/3841/1761 1859/3840/1768 1852/3842/1762
f 1859/3843/1768 1860/3844/1769 1852/3845/1762
f 1852/3830/1762 1860/3846/1769 1853/3831/1763
f 1860/3847/1769 1861/3848/1770 1853/3849/1763
f 1853/3850/1763 1861/3851/1770 1854/3852/1764
f 1861/3851/1770 1862/3853/1771 1854/3852/1764
f 1854/3852/1764 1862/3853/1771 1855/3854/1765
f 1862/3855/1771 1863/3856/1772 1855/3857/1765
f 1855/3857/1765 1863/3856/1772 215/2597/1254
f 1863/3856/1772 214/2595/1256 215/2597/1254
f 201/2560/1232 1864/3756/1739 1856/3858/1738
f 1864/3859/1739 1865/3860/1773 1856/3755/1738
f 1856/3755/1738 1865/3860/1773 1857/3836/1766
f 1865/3860/1773 1866/3861/1774 1857/3836/1766
f 1857/3836/1766 1866/3861/1774 1858/3837/1767
f 1866/3862/1774 1867/3863/1775 1858/3839/1767
f 1858/3839/1767 1867/3863/1775 1859/3840/1768
f 1867/3863/1775 1868/3864/1776 1859/3840/1768
f 1859/3840/1768 1868/3864/1776 1860/3865/1769
f 1868/3864/1776 1869/3866/1777 1860/3865/1769
f 1860/3865/1769 1869/3866/1777 1861/3867/1770
f 1869/3868/1777 1870/3869/1778 1861/3870/1770
f 1861/3871/1770 1870/3872/1778 1862/3873/1771
f 1870/3874/1778 1871/3875/1779 1862/3876/1771
f 1862/3876/1771 1871/3875/1779 1863/3877/1772
f 1871/3875/1779 1872/3878/1780 1863/3877/1772
f 1863/3856/1772 1872/3879/1780 214/2595/1256
f 1872/3879/1780 213/2598/1258 214/2595/1256
f 202/2557/1231 1873/3757/1740 1864/3880/1739
f 1873/3881/1740 1874/3882/1781 1864/3883/1739
f 1864/3883/1739 1874/3882/1781 1865/3884/1773
f 1874/3882/1781 1875/3885/1782 1865/3884/1773
f 1865/3884/1773 1875/3885/1782 1866/3862/1774
f 1875/3885/1782 1876/3886/1783 1866/3862/1774
f 1866/3862/1774 1876/3886/1783 1867/3863/1775
f 1876/3887/1783 1877/3888/1784 1867/3889/1775
f 1867/3889/1775 1877/3888/1784 1868/3890/1776
f 1877/3891/1784 1878/3892/1785 1868/3893/1776
f 1868/3890/1776 1878/3894/1785 1869/3895/1777
f 1878/3894/1785 1879/3896/1786 1869/3895/1777
f 1869/3897/1777 1879/3898/1786 1870/3899/1778
f 1879/3898/1786 1880/3900/1787 1870/3899/1778
f 1870/3899/1778 1880/3900/1787 1871/3901/1779
f 1880/3900/1787 1881/3902/1788 1871/3901/1779
f 1871/3901/1779 1881/3902/1788 1872/3879/1780
f 1881/3902/1788 1882/3903/1789 1872/3879/1780
f 1872/3879/1780 1882/3903/1789 213/2598/1258
f 1882/3903/1789 212/2600/1260 213/2598/1258
f 203/2552/1230 1883/3758/1741 1873/3757/1740
f 1883/3758/1741 1884/3904/1790 1873/3757/1740
f 1873/3757/1740 1884/3904/1790 1874/3905/1781
f 1884/3906/1790 1885/3907/1791 1874/3908/1781
f 1874/3908/1781 1885/3907/1791 1875/3909/1782
f 1885/3910/1791 1886/3911/1792 1875/3912/1782
f 1875/3913/1782 1886/3914/1792 1876/3887/1783
f 1886/3914/1792 1887/3915/1793 1876/3887/1783
f 1876/3887/1783 1887/3915/1793 1877/3888/1784
f 1887/3915/1793 1888/3916/1794 1877/3888/1784
f 1877/3888/1784 1888/3916/1794 1878/3894/1785
f 1888/3916/1794 1889/3917/1795 1878/3894/1785
f 1878/3894/1785 1889/3917/1795 1879/3896/1786
f 1889/3917/1795 1890/3918/1796 1879/3896/1786
f 1879/3896/1786 1890/3918/1796 1880/3919/1787
f 1890/3920/1796 1891/3921/1797 1880/3922/1787
f 1880/3923/1787 1891/3924/1797 1881/3925/1788
f 1891/3924/1797 1892/3926/1798 1881/3925/1788
f 1881/3927/1788 1892/3928/1798 1882/3929/1789
f 1892/3930/1798 1893/3931/1799 1882/3903/1789
f 1882/3903/1789 1893/3931/1799 212/2600/1260
f 1893/3932/1799 211/3933/1262 212/3934/1260
f 204/2547/1229 1894/3759/1742 1883/3935/1741
f 1894/3759/1742 1895/3936/1800 1883/3935/1741
f 1883/3935/1741 1895/3936/1800 1884/3937/1790
f 1895/3936/1800 1896/3938/1801 1884/3937/1790
f 1884/3937/1790 1896/3938/1801 1885/3939/1791
f 1896/3938/1801 1897/3940/1802 1885/3939/1791
f 1885/3939/1791 1897/3940/1802 1886/3941/1792
f 1897/3942/1802 1898/3943/1803 1886/3914/1792
f 1886/3914/1792 1898/3943/1803 1887/3915/1793
f 1898/3943/1803 1899/3944/1804 1887/3915/1793
f 1887/3945/1793 1899/3946/1804 1888/3947/1794
f 1899/3944/1804 1900/3948/1805 1888/3916/1794
f 1888/3916/1794 1900/3948/1805 1889/3917/1795
f 1900/3948/1805 1901/3949/1806 1889/3917/1795
f 1889/3917/1795 1901/3949/1806 1890/3918/1796
f 1901/3949/1806 1902/3950/1807 1890/3918/1796
f 1890/3951/1796 1902/3952/1807 1891/3924/1797
f 1902/3952/1807 1903/3953/1808 1891/3924/1797
f 1891/3924/1797 1903/3953/1808 1892/3926/1798
f 1903/3953/1808 1904/3954/1809 1892/3926/1798
f 1892/3926/1798 1904/3954/1809 1893/3955/1799
f 1904/3954/1809 1905/3956/1810 1893/3955/1799
f 1893/3931/1799 1905/3957/1810 211/2607/1262
f 1905/3957/1810 210/2605/1264 211/2607/1262
f 205/3958/1228 1906/3959/1743 1894/3960/1742
f 1906/3961/1743 1907/3962/1811 1894/3759/1742
f 1894/3759/1742 1907/3962/1811 1895/3936/1800
f 1907/3962/1811 1908/3963/1812 1895/3936/1800
f 1895/3936/1800 1908/3963/1812 1896/3938/1801
f 1908/3964/1812 1909/3965/1813 1896/3966/1801
f 1896/3967/1801 1909/3968/1813 1897/3942/1802
f 1909/3968/1813 1910/3969/1814 1897/3942/1802
f 1897/3942/1802 1910/3969/1814 1898/3943/1803
f 1910/3969/1814 1911/3970/1815 1898/3943/1803
f 1898/3971/1803 1911/3972/1815 1899/3973/1804
f 1911/3972/1815 1912/3974/1816 1899/3973/1804
f 1899/3973/1804 1912/3974/1816 1900/3975/1805
f 1912/3976/1816 1913/3977/1817 1900/3948/1805
f 1900/3948/1805 1913/3977/1817 1901/3949/1806
f 1913/3978/1817 1914/3979/1818 1901/3980/1806
f 1901/3980/1806 1914/3979/1818 1902/3981/1807
f 1914/3979/1818 1915/3982/1819 1902/3981/1807
f 1902/3981/1807 1915/3982/1819 1903/3983/1808
f 1915/3982/1819 1916/3984/1820 1903/3983/1808
f 1903/3953/1808 1916/3985/1820 1904/3954/1809
f 1916/3985/1820 1917/3986/1821 1904/3954/1809
f 1904/3954/1809 1917/3986/1821 1905/3956/1810
f 1917/3986/1821 1918/3987/1822 1905/3956/1810
f 1905/3957/1810 1918/3988/1822 210/2605/1264
f 1918/3988/1822 209/2608/1266 210/2605/1264
f 206/2543/1227 1919/3761/1744 1906/3961/1743
f 1919/3761/1744 1920/3989/1823 1906/3961/1743
f 1906/3961/1743 1920/3989/1823 1907/3962/1811
f 1920/3989/1823 1921/3990/1824 1907/3962/1811
f 1907/3991/1811 1921/3992/1824 1908/3993/1812
f 1921/3992/1824 1922/3994/1825 1908/3993/1812
f 1908/3993/1812 1922/3994/1825 1909/3995/1813
f 1922/3996/1825 1923/3997/1826 1909/3998/1813
f 1909/3998/1813 1923/3997/1826 1910/3999/1814
f 1923/3997/1826 1924/4000/1827 1910/3999/1814
f 1910/3999/1814 1924/4000/1827 1911/3972/1815
f 1924/4000/1827 1925/4001/1828 1911/3972/1815
f 1911/3972/1815 1925/4001/1828 1912/3974/1816
f 1925/4001/1828 1926/4002/1829 1912/3974/1816
f 1912/3974/1816 1926/4002/1829 1913/4003/1817
f 1926/4002/1829 1927/4004/1830 1913/4003/1817
f 1913/4005/1817 1927/4006/1830 1914/4007/1818
f 1927/4006/1830 1928/4008/1831 1914/4007/1818
f 1914/4009/1818 1928/4010/1831 1915/4011/1819
f 1928/4012/1831 1929/4013/1832 1915/4014/1819
f 1915/4015/1819 1929/4016/1832 1916/4017/1820
f 1929/4016/1832 1930/4018/1833 1916/4017/1820
f 1916/4019/1820 1930/4020/1833 1917/4021/1821
f 1930/4020/1833 1931/4022/1834 1917/4021/1821
f 1917/3986/1821 1931/4023/1834 1918/3987/1822
f 1931/4023/1834 1932/4024/1835 1918/3987/1822
f 1918/3988/1822 1932/4025/1835 209/2608/1266
f 1932/4025/1835 208/25/23 209/2608/1266
f 207/4026/13 57/4027/12 1919/4028/1744
f 57/4027/12 56/4029/1836 1919/4028/1744
f 1919/4028/1744 56/4029/1836 1920/4030/1823
f 56/4029/1836 55/4031/1837 1920/4030/1823
f 1920/4032/1823 55/4033/1837 1921/4034/1824
f 55/4033/1837 54/4035/1838 1921/4034/1824
f 1921/3992/1824 54/4036/1838 1922/3994/1825
f 54/4036/1838 53/4037/1839 1922/3994/1825
f 1922/3994/1825 53/4037/1839 1923/4038/1826
f 53/4037/1839 52/4039/1840 1923/4038/1826
f 1923/4038/1826 52/4039/1840 1924/4040/1827
f 52/4039/1840 51/4041/1841 1924/4040/1827
f 1924/4040/1827 51/4041/1841 1925/4042/1828
f 51/4041/1841 50/4043/1842 1925/4042/1828
f 1925/4042/1828 50/4043/1842 1926/4044/1829
f 50/4043/1842 49/4045/1843 1926/4044/1829
f 1926/4046/1829 49/4047/1843 1927/4048/1830
f 49/4049/1843 48/4050/1844 1927/4006/1830
f 1927/4006/1830 48/4050/1844 1928/4008/1831
f 48/4050/1844 47/4051/1845 1928/4008/1831
f 1928/4008/1831 47/4051/1845 1929/4016/1832
f 47/4051/1845 46/4052/1846 1929/4016/1832
f 1929/4016/1832 46/4052/1846 1930/4018/1833
f 46/4052/1846 45/4053/1847 1930/4018/1833
f 1930/4020/1833 45/4054/1847 1931/4022/1834
f 45/4054/1847 44/4055/1848 1931/4022/1834
f 1931/4022/1834 44/4055/1848 1932/4025/1835
f 44/4055/1848 43/4056/1849 1932/4025/1835
f 1932/4025/1835 43/4056/1849 208/25/23
f 43/4056/1849 2/10/4 208/25/23
f 163/4057/1373 192/4058/709 11/4059/40
f 164/2863/1372 1933/4060/1850 163/4061/1373
f 165/2862/1371 1934/4062/1851 164/2863/1372
f 166/2860/1370 1936/4063/1852 165/2861/1371
f 167/2859/1369 1939/4064/1853 166/2860/1370
f 168/4065/1368 1943/4066/1854 167/4067/1369
f 169/4068/1367 1948/4069/1855 168/4070/1368
f 170/4071/1366 1954/4072/1856 169/4068/1367
f 171/4073/1365 1961/4074/1857 170/4075/1366
f 172/2853/1364 1969/4076/1858 171/2855/1365
f 173/2849/1363 1978/4077/1859 172/2851/1364
f 174/2846/1362 1988/4078/1860 173/2847/1363
f 175/2841/1361 1999/4079/1861 174/2842/1362
f 176/2836/1360 2011/4080/1862 175/2841/1361
f 177/12/10 2024/4081/1863 176/2836/1360
f 163/4061/1373 1933/4060/1850 192/4082/709
f 1933/4083/1850 191/4084/710 192/4085/709
f 164/2863/1372 1934/4062/1851 1933/4060/1850
f 1934/4062/1851 1935/4086/1864 1933/4060/1850
f 1933/4083/1850 1935/4087/1864 191/4084/710
f 1935/4088/1864 190/4089/712 191/4090/710
f 165/2862/1371 1936/4091/1852 1934/4062/1851
f 1936/4063/1852 1937/4092/1865 1934/4093/1851
f 1934/4062/1851 1937/4094/1865 1935/4086/1864
f 1937/4094/1865 1938/4095/1866 1935/4086/1864
f 1935/4096/1864 1938/4097/1866 190/4098/712
f 1938/4099/1866 189/1207/714 190/1209/712
f 166/2860/1370 1939/4064/1853 1936/4063/1852
f 1939/4064/1853 1940/4100/1867 1936/4063/1852
f 1936/4063/1852 1940/4100/1867 1937/4092/1865
f 1940/4100/1867 1941/4101/1868 1937/4092/1865
f 1937/4102/1865 1941/4103/1868 1938/4104/1866
f 1941/4105/1868 1942/4106/1869 1938/4107/1866
f 1938/4108/1866 1942/4109/1869 189/1212/714
f 1942/4109/1869 188/1210/716 189/1212/714
f 167/4110/1369 1943/4111/1854 1939/4112/1853
f 1943/4111/1854 1944/4113/1870 1939/4112/1853
f 1939/4112/1853 1944/4113/1870 1940/4114/1867
f 1944/4115/1870 1945/4116/1871 1940/4100/1867
f 1940/4100/1867 1945/4116/1871 1941/4101/1868
f 1945/4116/1871 1946/4117/1872 1941/4101/1868
f 1941/4101/1868 1946/4117/1872 1942/4118/1869
f 1946/4119/1872 1947/4120/1873 1942/4121/1869
f 1942/4121/1869 1947/4120/1873 188/1215/716
f 1947/4120/1873 187/1213/718 188/1215/716
f 168/4070/1368 1948/4069/1855 1943/4122/1854
f 1948/4123/1855 1949/4124/1874 1943/4125/1854
f 1943/4125/1854 1949/4124/1874 1944/4115/1870
f 1949/4126/1874 1950/4127/1875 1944/4128/1870
f 1944/4115/1870 1950/4129/1875 1945/4116/1871
f 1950/4129/1875 1951/4130/1876 1945/4116/1871
f 1945/4131/1871 1951/4132/1876 1946/4133/1872
f 1951/4132/1876 1952/4134/1877 1946/4133/1872
f 1946/4135/1872 1952/4136/1877 1947/4137/1873
f 1952/4136/1877 1953/4138/1878 1947/4137/1873
f 1947/4120/1873 1953/4139/1878 187/1213/718
f 1953/4139/1878 186/1216/720 187/1213/718
f 169/4068/1367 1954/4072/1856 1948/4069/1855
f 1954/4140/1856 1955/4141/1879 1948/4123/1855
f 1948/4123/1855 1955/4141/1879 1949/4124/1874
f 1955/4141/1879 1956/4142/1880 1949/4124/1874
f 1949/4124/1874 1956/4142/1880 1950/4129/1875
f 1956/4142/1880 1957/4143/1881 1950/4129/1875
f 1950/4129/1875 1957/4143/1881 1951/4130/1876
f 1957/4143/1881 1958/4144/1882 1951/4130/1876
f 1951/4132/1876 1958/4145/1882 1952/4134/1877
f 1958/4145/1882 1959/4146/1883 1952/4134/1877
f 1952/4134/1877 1959/4146/1883 1953/4147/1878
f 1959/4148/1883 1960/4149/1884 1953/4150/1878
f 1953/4150/1878 1960/4149/1884 186/4151/720
f 1960/4152/1884 185/4153/722 186/4154/720
f 170/2856/1366 1961/4155/1857 1954/4140/1856
f 1961/4155/1857 1962/4156/1885 1954/4140/1856
f 1954/4140/1856 1962/4156/1885 1955/4141/1879
f 1962/4156/1885 1963/4157/1886 1955/4141/1879
f 1955/4141/1879 1963/4157/1886 1956/4142/1880
f 1963/4157/1886 1964/4158/1887 1956/4142/1880
f 1956/4142/1880 1964/4158/1887 1957/4143/1881
f 1964/4158/1887 1965/4159/1888 1957/4143/1881
f 1957/4143/1881 1965/4159/1888 1958/4144/1882
f 1965/4159/1888 1966/4160/1889 1958/4144/1882
f 1958/4145/1882 1966/4161/1889 1959/4146/1883
f 1966/4160/1889 1967/4162/1890 1959/4148/1883
f 1959/4148/1883 1967/4162/1890 1960/4149/1884
f 1967/4162/1890 1968/4163/1891 1960/4149/1884
f 1960/4152/1884 1968/4164/1891 185/4153/722
f 1968/4165/1891 184/1221/724 185/1223/722
f 171/4166/1365 1969/4167/1858 1961/4168/1857
f 1969/4169/1858 1970/4170/1892 1961/4171/1857
f 1961/4155/1857 1970/4172/1892 1962/4156/1885
f 1970/4173/1892 1971/4174/1893 1962/4175/1885
f 1962/4175/1885 1971/4174/1893 1963/4176/1886
f 1971/4174/1893 1972/4177/1894 1963/4176/1886
f 1963/4157/1886 1972/4178/1894 1964/4158/1887
f 1972/4178/1894 1973/4179/1895 1964/4158/1887
f 1964/4180/1887 1973/4181/1895 1965/4182/1888
f 1973/4181/1895 1974/4183/1896 1965/4182/1888
f 1965/4159/1888 1974/4184/1896 1966/4160/1889
f 1974/4185/1896 1975/4186/1897 1966/4187/1889
f 1966/4160/1889 1975/4188/1897 1967/4162/1890
f 1975/4188/1897 1976/4189/1898 1967/4162/1890
f 1967/4162/1890 1976/4189/1898 1968/4163/1891
f 1976/4190/1898 1977/4191/1899 1968/4192/1891
f 1968/4193/1891 1977/4194/1899 184/1226/724
f 1977/4194/1899 183/1224/726 184/1226/724
f 172/2853/1364 1978/4195/1859 1969/4076/1858
f 1978/4195/1859 1979/4196/1900 1969/4076/1858
f 1969/4197/1858 1979/4198/1900 1970/4199/1892
f 1979/4198/1900 1980/4200/1901 1970/4199/1892
f 1970/4201/1892 1980/4202/1901 1971/4203/1893
f 1980/4204/1901 1981/4205/1902 1971/4206/1893
f 1971/4207/1893 1981/4208/1902 1972/4178/1894
f 1981/4208/1902 1982/4209/1903 1972/4178/1894
f 1972/4178/1894 1982/4209/1903 1973/4179/1895
f 1982/4209/1903 1983/4210/1904 1973/4179/1895
f 1973/4179/1895 1983/4210/1904 1974/4184/1896
f 1983/4210/1904 1984/4211/1905 1974/4184/1896
f 1974/4184/1896 1984/4211/1905 1975/4188/1897
f 1984/4211/1905 1985/4212/1906 1975/4188/1897
f 1975/4188/1897 1985/4212/1906 1976/4189/1898
f 1985/4213/1906 1986/4214/1907 1976/4215/1898
f 1976/4190/1898 1986/4216/1907 1977/4191/1899
f 1986/4216/1907 1987/4217/1908 1977/4191/1899
f 1977/4194/1899 1987/4218/1908 183/1224/726
f 1987/4218/1908 182/1227/728 183/1224/726
f 173/2849/1363 1988/4219/1860 1978/4077/1859
f 1988/4219/1860 1989/4220/1909 1978/4077/1859
f 1978/4077/1859 1989/4220/1909 1979/4221/1900
f 1989/4222/1909 1990/4223/1910 1979/4224/1900
f 1979/4224/1900 1990/4223/1910 1980/4225/1901
f 1990/4223/1910 1991/4226/1911 1980/4225/1901
f 1980/4227/1901 1991/4228/1911 1981/4208/1902
f 1991/4228/1911 1992/4229/1912 1981/4208/1902
f 1981/4208/1902 1992/4229/1912 1982/4209/1903
f 1992/4229/1912 1993/4230/1913 1982/4209/1903
f 1982/4209/1903 1993/4230/1913 1983/4210/1904
f 1993/4230/1913 1994/4231/1914 1983/4210/1904
f 1983/4210/1904 1994/4231/1914 1984/4211/1905
f 1994/4231/1914 1995/4232/1915 1984/4211/1905
f 1984/4211/1905 1995/4232/1915 1985/4212/1906
f 1995/4233/1915 1996/4234/1916 1985/4213/1906
f 1985/4213/1906 1996/4234/1916 1986/4214/1907
f 1996/4234/1916 1997/4235/1917 1986/4214/1907
f 1986/4216/1907 1997/4236/1917 1987/4217/1908
f 1997/4236/1917 1998/4237/1918 1987/4217/1908
f 1987/4218/1908 1998/4238/1918 182/1227/728
f 1998/4239/1918 181/1229/730 182/1231/728
f 174/2842/1362 1999/4079/1861 1988/4219/1860
f 1999/4079/1861 2000/4240/1919 1988/4219/1860
f 1988/4219/1860 2000/4240/1919 1989/4220/1909
f 2000/4240/1919 2001/4241/1920 1989/4220/1909
f 1989/4220/1909 2001/4241/1920 1990/4242/1910
f 2001/4241/1920 2002/4243/1921 1990/4242/1910
f 1990/4242/1910 2002/4243/1921 1991/4244/1911
f 2002/4243/1921 2003/4245/1922 1991/4244/1911
f 1991/4244/1911 2003/4245/1922 1992/4246/1912
f 2003/4247/1922 2004/4248/1923 1992/4229/1912
f 1992/4229/1912 2004/4248/1923 1993/4230/1913
f 2004/4248/1923 2005/4249/1924 1993/4230/1913
f 1993/4230/1913 2005/4249/1924 1994/4231/1914
f 2005/4249/1924 2006/4250/1925 1994/4231/1914
f 1994/4231/1914 2006/4250/1925 1995/4232/1915
f 2006/4251/1925 2007/4252/1926 1995/4233/1915
f 1995/4233/1915 2007/4252/1926 1996/4234/1916
f 2007/4252/1926 2008/4253/1927 1996/4234/1916
f 1996/4234/1916 2008/4253/1927 1997/4235/1917
f 2008/4253/1927 2009/4254/1928 1997/4235/1917
f 1997/4235/1917 2009/4254/1928 1998/4255/1918
f 2009/4254/1928 2010/4256/1929 1998/4255/1918
f 1998/4255/1918 2010/4256/1929 181/4257/730
f 2010/4256/1929 180/1237/732 181/4257/730
f 175/2841/1361 2011/4080/1862 1999/4079/1861
f 2011/4258/1862 2012/4259/1930 1999/4260/1861
f 1999/4261/1861 2012/4262/1930 2000/4263/1919
f 2012/4262/1930 2013/4264/1931 2000/4263/1919
f 2000/4263/1919 2013/4264/1931 2001/4265/1920
f 2013/4266/1931 2014/4267/1932 2001/4268/1920
f 2001/4269/1920 2014/4270/1932 2002/4271/1921
f 2014/4272/1932 2015/4273/1933 2002/4274/1921
f 2002/4243/1921 2015/4275/1933 2003/4245/1922
f 2015/4275/1933 2016/4276/1934 2003/4245/1922
f 2003/4245/1922 2016/4276/1934 2004/4277/1923
f 2016/4276/1934 2017/4278/1935 2004/4277/1923
f 2004/4277/1923 2017/4278/1935 2005/4279/1924
f 2017/4278/1935 2018/4280/1936 2005/4279/1924
f 2005/4279/1924 2018/4280/1936 2006/4251/1925
f 2018/4280/1936 2019/4281/1937 2006/4251/1925
f 2006/4251/1925 2019/4281/1937 2007/4252/1926
f 2019/4281/1937 2020/4282/1938 2007/4252/1926
f 2007/4252/1926 2020/4282/1938 2008/4253/1927
f 2020/4282/1938 2021/4283/1939 2008/4253/1927
f 2008/4253/1927 2021/4283/1939 2009/4254/1928
f 2021/4283/1939 2022/4284/1940 2009/4254/1928
f 2009/4254/1928 2022/4284/1940 2010/4256/1929
f 2022/4285/1940 2023/4286/1941 2010/4287/1929
f 2010/4287/1929 2023/4286/1941 180/4288/732
f 2023/4289/1941 179/1235/734 180/1237/732
f 176/2836/1360 2024/4081/1863 2011/4080/1862
f 2024/4081/1863 2025/4290/1942 2011/4080/1862
f 2011/4080/1862 2025/4290/1942 2012/4291/1930
f 2025/4290/1942 2026/4292/1943 2012/4291/1930
f 2012/4291/1930 2026/4292/1943 2013/4293/1931
f 2026/4294/1943 2027/4295/1944 2013/4266/1931
f 2013/4266/1931 2027/4295/1944 2014/4267/1932
f 2027/4296/1944 2028/4297/1945 2014/4298/1932
f 2014/4272/1932 2028/4299/1945 2015/4273/1933
f 2028/4299/1945 2029/4300/1946 2015/4273/1933
f 2015/4273/1933 2029/4300/1946 2016/4301/1934
f 2029/4302/1946 2030/4303/1947 2016/4276/1934
f 2016/4276/1934 2030/4303/1947 2017/4278/1935
f 2030/4303/1947 2031/4304/1948 2017/4278/1935
f 2017/4278/1935 2031/4304/1948 2018/4280/1936
f 2031/4304/1948 2032/4305/1949 2018/4280/1936
f 2018/4306/1936 2032/4307/1949 2019/4308/1937
f 2032/4305/1949 2033/4309/1950 2019/4281/1937
f 2019/4281/1937 2033/4309/1950 2020/4282/1938
f 2033/4309/1950 2034/4310/1951 2020/4282/1938
f 2020/4282/1938 2034/4310/1951 2021/4283/1939
f 2034/4310/1951 2035/4311/1952 2021/4283/1939
f 2021/4283/1939 2035/4311/1952 2022/4284/1940
f 2035/4311/1952 2036/4312/1953 2022/4284/1940
f 2022/4284/1940 2036/4312/1953 2023/4289/1941
f 2036/4312/1953 2037/4313/1954 2023/4289/1941
f 2023/4289/1941 2037/4313/1954 179/1235/734
f 2037/4313/1954 178/31/27 179/1235/734
f 177/12/10 72/11/6 2024/4081/1863
f 72/11/6 71/4314/1955 2024/4081/1863
f 2024/4081/1863 71/4314/1955 2025/4290/1942
f 71/4315/1955 70/4316/1956 2025/4317/1942
f 2025/4318/1942 70/4319/1956 2026/4320/1943
f 70/4319/1956 69/4321/1957 2026/4320/1943
f 2026/4294/1943 69/4322/1957 2027/4295/1944
f 69/4323/1957 68/4324/1958 2027/4296/1944
f 2027/4296/1944 68/4324/1958 2028/4297/1945
f 68/4325/1958 67/4326/1959 2028/4327/1945
f 2028/4299/1945 67/4328/1959 2029/4300/1946
f 67/4328/1959 66/4329/1960 2029/4300/1946
f 2029/4300/1946 66/4329/1960 2030/4330/1947
f 66/4331/1960 65/4332/1961 2030/4303/1947
f 2030/4303/1947 65/4332/1961 2031/4304/1948
f 65/4332/1961 64/4333/1962 2031/4304/1948
f 2031/4304/1948 64/4333/1962 2032/4305/1949
f 64/4333/1962 63/4334/1963 2032/4305/1949
f 2032/4305/1949 63/4334/1963 2033/4309/1950
f 63/4334/1963 62/4335/1964 2033/4309/1950
f 2033/4309/1950 62/4335/1964 2034/4310/1951
f 62/4335/1964 61/4336/1965 2034/4310/1951
f 2034/4310/1951 61/4336/1965 2035/4311/1952
f 61/4336/1965 60/4337/1966 2035/4311/1952
f 2035/4311/1952 60/4337/1966 2036/4312/1953
f 60/4337/1966 59/4338/1967 2036/4312/1953
f 2036/4312/1953 59/4338/1967 2037/4313/1954
f 59/4338/1967 58/4339/1968 2037/4313/1954
f 2037/4313/1954 58/4339/1968 178/31/27
f 58/4339/1968 6/22/20 178/31/27
f 87/4340/1969 162/23/21 6/22/20
f 86/4341/1970 2038/4342/1971 87/4340/1969
f 85/4343/1972 2039/4344/1973 86/4341/1970
f 84/4345/1974 2041/4346/1975 85/4343/1972
f 83/4347/1976 2044/4348/1977 84/4345/1974
f 82/4349/1978 2048/4350/1979 83/4347/1976
f 81/4351/1980 2053/4352/1981 82/4349/1978
f 80/4353/1982 2059/4354/1983 81/4351/1980
f 79/4355/1984 2066/4356/1985 80/4353/1982
f 78/4357/1986 2074/4358/1987 79/4355/1984
f 77/4359/1988 2083/4360/1989 78/4357/1986
f 76/4361/1990 2093/4362/1991 77/4359/1988
f 75/4363/1992 2104/4364/1993 76/4361/1990
f 74/4365/1994 2116/4366/1995 75/4363/1992
f 73/9/9 2129/4367/1996 74/4365/1994
f 87/4340/1969 2038/4342/1971 162/23/21
f 2038/4342/1971 161/3128/1479 162/23/21
f 86/4368/1970 2039/4369/1973 2038/4370/1971
f 2039/4369/1973 2040/4371/1997 2038/4370/1971
f 2038/4342/1971 2040/4372/1997 161/3128/1479
f 2040/4372/1997 160/3129/1480 161/3128/1479
f 85/4343/1972 2041/4346/1975 2039/4344/1973
f 2041/4346/1975 2042/4373/1998 2039/4344/1973
f 2039/4344/1973 2042/4373/1998 2040/4372/1997
f 2042/4373/1998 2043/4374/1999 2040/4372/1997
f 2040/4372/1997 2043/4374/1999 160/3129/1480
f 2043/4374/1999 159/3130/1481 160/3129/1480
f 84/4345/1974 2044/4348/1977 2041/4346/1975
f 2044/4348/1977 2045/4375/2000 2041/4346/1975
f 2041/4346/1975 2045/4375/2000 2042/4373/1998
f 2045/4375/2000 2046/4376/2001 2042/4373/1998
f 2042/4373/1998 2046/4376/2001 2043/4374/1999
f 2046/4376/2001 2047/4377/2002 2043/4374/1999
f 2043/4374/1999 2047/4377/2002 159/3130/1481
f 2047/4377/2002 158/3134/1482 159/3130/1481
f 83/4347/1976 2048/4350/1979 2044/4348/1977
f 2048/4350/1979 2049/4378/2003 2044/4348/1977
f 2044/4348/1977 2049/4378/2003 2045/4375/2000
f 2049/4378/2003 2050/4379/2004 2045/4375/2000
f 2045/4375/2000 2050/4379/2004 2046/4376/2001
f 2050/4379/2004 2051/4380/2005 2046/4376/2001
f 2046/4376/2001 2051/4380/2005 2047/4377/2002
f 2051/4380/2005 2052/4381/2006 2047/4377/2002
f 2047/4377/2002 2052/4381/2006 158/3134/1482
f 2052/4381/2006 157/3135/1483 158/3134/1482
f 82/4349/1978 2053/4352/1981 2048/4350/1979
f 2053/4352/1981 2054/4382/2007 2048/4350/1979
f 2048/4350/1979 2054/4382/2007 2049/4378/2003
f 2054/4382/2007 2055/4383/2008 2049/4378/2003
f 2049/4378/2003 2055/4383/2008 2050/4379/2004
f 2055/4383/2008 2056/4384/2009 2050/4379/2004
f 2050/4379/2004 2056/4384/2009 2051/4380/2005
f 2056/4384/2009 2057/4385/2010 2051/4380/2005
f 2051/4380/2005 2057/4385/2010 2052/4381/2006
f 2057/4385/2010 2058/4386/2011 2052/4381/2006
f 2052/4381/2006 2058/4386/2011 157/3135/1483
f 2058/4386/2011 156/3136/1484 157/3135/1483
f 81/4351/1980 2059/4354/1983 2053/4352/1981
f 2059/4354/1983 2060/4387/2012 2053/4352/1981
f 2053/4352/1981 2060/4387/2012 2054/4382/2007
f 2060/4387/2012 2061/4388/2013 2054/4382/2007
f 2054/4382/2007 2061/4388/2013 2055/4383/2008
f 2061/4388/2013 2062/4389/2014 2055/4383/2008
f 2055/4383/2008 2062/4389/2014 2056/4384/2009
f 2062/4389/2014 2063/4390/2015 2056/4384/2009
f 2056/4384/2009 2063/4390/2015 2057/4385/2010
f 2063/4390/2015 2064/4391/2016 2057/4385/2010
f 2057/4385/2010 2064/4391/2016 2058/4386/2011
f 2064/4391/2016 2065/4392/2017 2058/4386/2011
f 2058/4386/2011 2065/4392/2017 156/3136/1484
f 2065/4392/2017 155/3137/1485 156/3136/1484
f 80/4353/1982 2066/4356/1985 2059/4354/1983
f 2066/4356/1985 2067/4393/2018 2059/4354/1983
f 2059/4354/1983 2067/4393/2018 2060/4387/2012
f 2067/4393/2018 2068/4394/2019 2060/4387/2012
f 2060/4387/2012 2068/4394/2019 2061/4388/2013
f 2068/4394/2019 2069/4395/2020 2061/4388/2013
f 2061/4388/2013 2069/4395/2020 2062/4389/2014
f 2069/4395/2020 2070/4396/2021 2062/4389/2014
f 2062/4389/2014 2070/4396/2021 2063/4390/2015
f 2070/4396/2021 2071/4397/2022 2063/4390/2015
f 2063/4390/2015 2071/4397/2022 2064/4391/2016
f 2071/4397/2022 2072/4398/2023 2064/4391/2016
f 2064/4391/2016 2072/4398/2023 2065/4392/2017
f 2072/4398/2023 2073/4399/2024 2065/4392/2017
f 2065/4392/2017 2073/4399/2024 155/3137/1485
f 2073/4399/2024 154/3138/1486 155/3137/1485
f 79/4355/1984 2074/4358/1987 2066/4356/1985
f 2074/4358/1987 2075/4400/2025 2066/4356/1985
f 2066/4356/1985 2075/4400/2025 2067/4393/2018
f 2075/4400/2025 2076/4401/2026 2067/4393/2018
f 2067/4393/2018 2076/4401/2026 2068/4394/2019
f 2076/4401/2026 2077/4402/2027 2068/4394/2019
f 2068/4394/2019 2077/4402/2027 2069/4395/2020
f 2077/4402/2027 2078/4403/2028 2069/4395/2020
f 2069/4395/2020 2078/4403/2028 2070/4396/2021
f 2078/4403/2028 2079/4404/2029 2070/4396/2021
f 2070/4396/2021 2079/4404/2029 2071/4397/2022
f 2079/4404/2029 2080/4405/2030 2071/4397/2022
f 2071/4397/2022 2080/4405/2030 2072/4398/2023
f 2080/4405/2030 2081/4406/2031 2072/4398/2023
f 2072/4398/2023 2081/4406/2031 2073/4399/2024
f 2081/4406/2031 2082/4407/2032 2073/4399/2024
f 2073/4399/2024 2082/4407/2032 154/3138/1486
f 2082/4408/2032 153/4409/1487 154/4410/1486
f 78/4357/1986 2083/4360/1989 2074/4358/1987
f 2083/4360/1989 2084/4411/2033 2074/4358/1987
f 2074/4358/1987 2084/4411/2033 2075/4400/2025
f 2084/4411/2033 2085/4412/2034 2075/4400/2025
f 2075/4400/2025 2085/4412/2034 2076/4401/2026
f 2085/4412/2034 2086/4413/2035 2076/4401/2026
f 2076/4401/2026 2086/4413/2035 2077/4402/2027
f 2086/4413/2035 2087/4414/2036 2077/4402/2027
f 2077/4402/2027 2087/4414/2036 2078/4403/2028
f 2087/4414/2036 2088/4415/2037 2078/4403/2028
f 2078/4403/2028 2088/4415/2037 2079/4404/2029
f 2088/4415/2037 2089/4416/2038 2079/4404/2029
f 2079/4404/2029 2089/4416/2038 2080/4405/2030
f 2089/4416/2038 2090/4417/2039 2080/4405/2030
f 2080/4405/2030 2090/4417/2039 2081/4406/2031
f 2090/4417/2039 2091/4418/2040 2081/4406/2031
f 2081/4406/2031 2091/4418/2040 2082/4407/2032
f 2091/4419/2040 2092/4420/2041 2082/4408/2032
f 2082/4408/2032 2092/4420/2041 153/4409/1487
f 2092/4421/2041 152/3140/1488 153/3139/1487
f 77/4359/1988 2093/4362/1991 2083/4360/1989
f 2093/4362/1991 2094/4422/2042 2083/4360/1989
f 2083/4360/1989 2094/4422/2042 2084/4411/2033
f 2094/4422/2042 2095/4423/2043 2084/4411/2033
f 2084/4411/2033 2095/4423/2043 2085/4412/2034
f 2095/4423/2043 2096/4424/2044 2085/4412/2034
f 2085/4412/2034 2096/4424/2044 2086/4413/2035
f 2096/4424/2044 2097/4425/2045 2086/4413/2035
f 2086/4413/2035 2097/4425/2045 2087/4414/2036
f 2097/4425/2045 2098/4426/2046 2087/4414/2036
f 2087/4414/2036 2098/4426/2046 2088/4415/2037
f 2098/4426/2046 2099/4427/2047 2088/4415/2037
f 2088/4415/2037 2099/4427/2047 2089/4416/2038
f 2099/4427/2047 2100/4428/2048 2089/4416/2038
f 2089/4416/2038 2100/4428/2048 2090/4417/2039
f 2100/4428/2048 2101/4429/2049 2090/4417/2039
f 2090/4417/2039 2101/4429/2049 2091/4418/2040
f 2101/4429/2049 2102/4430/2050 2091/4418/2040
f 2091/4431/2040 2102/4432/2050 2092/4433/2041
f 2102/4430/2050 2103/4434/2051 2092/4421/2041
f 2092/4435/2041 2103/4436/2051 152/4437/1488
f 2103/4434/2051 151/3141/1489 152/3140/1488
f 76/4361/1990 2104/4364/1993 2093/4362/1991
f 2104/4364/1993 2105/4438/2052 2093/4362/1991
f 2093/4362/1991 2105/4438/2052 2094/4422/2042
f 2105/4438/2052 2106/4439/2053 2094/4422/2042
f 2094/4422/2042 2106/4439/2053 2095/4423/2043
f 2106/4439/2053 2107/4440/2054 2095/4423/2043
f 2095/4423/2043 2107/4440/2054 2096/4424/2044
f 2107/4440/2054 2108/4441/2055 2096/4424/2044
f 2096/4424/2044 2108/4441/2055 2097/4425/2045
f 2108/4441/2055 2109/4442/2056 2097/4425/2045
f 2097/4425/2045 2109/4442/2056 2098/4426/2046
f 2109/4442/2056 2110/4443/2057 2098/4426/2046
f 2098/4426/2046 2110/4443/2057 2099/4427/2047
f 2110/4443/2057 2111/4444/2058 2099/4427/2047
f 2099/4427/2047 2111/4444/2058 2100/4428/2048
f 2111/4445/2058 2112/4446/2059 2100/4447/2048
f 2100/4428/2048 2112/4448/2059 2101/4429/2049
f 2112/4448/2059 2113/4449/2060 2101/4429/2049
f 2101/4429/2049 2113/4449/2060 2102/4430/2050
f 2113/4450/2060 2114/4451/2061 2102/4452/2050
f 2102/4430/2050 2114/4453/2061 2103/4434/2051
f 2114/4453/2061 2115/4454/2062 2103/4434/2051
f 2103/4434/2051 2115/4454/2062 151/3141/1489
f 2115/4454/2062 150/3143/1490 151/3141/1489
f 75/4363/1992 2116/4366/1995 2104/4364/1993
f 2116/4366/1995 2117/4455/2063 2104/4364/1993
f 2104/4364/1993 2117/4455/2063 2105/4438/2052
f 2117/4455/2063 2118/4456/2064 2105/4438/2052
f 2105/4438/2052 2118/4456/2064 2106/4439/2053
f 2118/4456/2064 2119/4457/2065 2106/4439/2053
f 2106/4439/2053 2119/4457/2065 2107/4440/2054
f 2119/4457/2065 2120/4458/2066 2107/4440/2054
f 2107/4440/2054 2120/4458/2066 2108/4441/2055
f 2120/4458/2066 2121/4459/2067 2108/4441/2055
f 2108/4441/2055 2121/4459/2067 2109/4442/2056
f 2121/4459/2067 2122/4460/2068 2109/4442/2056
f 2109/4442/2056 2122/4460/2068 2110/4443/2057
f 2122/4460/2068 2123/4461/2069 2110/4443/2057
f 2110/4443/2057 2123/4461/2069 2111/4444/2058
f 2123/4461/2069 2124/4462/2070 2111/4444/2058
f 2111/4444/2058 2124/4462/2070 2112/4448/2059
f 2124/4462/2070 2125/4463/2071 2112/4448/2059
f 2112/4448/2059 2125/4463/2071 2113/4449/2060
f 2125/4464/2071 2126/4465/2072 2113/4466/2060
f 2113/4450/2060 2126/4467/2072 2114/4451/2061
f 2126/4468/2072 2127/4469/2073 2114/4453/2061
f 2114/4453/2061 2127/4469/2073 2115/4454/2062
f 2127/4469/2073 2128/4470/2074 2115/4454/2062
f 2115/4454/2062 2128/4470/2074 150/3143/1490
f 2128/4470/2074 149/3147/1491 150/3143/1490
f 74/4365/1994 2129/4367/1996 2116/4366/1995
f 2129/4367/1996 2130/4471/2075 2116/4366/1995
f 2116/4366/1995 2130/4471/2075 2117/4455/2063
f 2130/4471/2075 2131/4472/2076 2117/4455/2063
f 2117/4455/2063 2131/4472/2076 2118/4456/2064
f 2131/4472/2076 2132/4473/2077 2118/4456/2064
f 2118/4456/2064 2132/4473/2077 2119/4457/2065
f 2132/4473/2077 2133/4474/2078 2119/4457/2065
f 2119/4457/2065 2133/4474/2078 2120/4458/2066
f 2133/4474/2078 2134/4475/2079 2120/4458/2066
f 2120/4458/2066 2134/4475/2079 2121/4459/2067
f 2134/4475/2079 2135/4476/2080 2121/4459/2067
f 2121/4459/2067 2135/4476/2080 2122/4460/2068
f 2135/4476/2080 2136/4477/2081 2122/4460/2068
f 2122/4460/2068 2136/4477/2081 2123/4461/2069
f 2136/4477/2081 2137/4478/2082 2123/4461/2069
f 2123/4461/2069 2137/4478/2082 2124/4462/2070
f 2137/4478/2082 2138/4479/2083 2124/4462/2070
f 2124/4462/2070 2138/4479/2083 2125/4463/2071
f 2138/4479/2083 2139/4480/2084 2125/4463/2071
f 2125/4464/2071 2139/4481/2084 2126/4465/2072
f 2139/4480/2084 2140/4482/2085 2126/4468/2072
f 2126/4468/2072 2140/4482/2085 2127/4469/2073
f 2140/4482/2085 2141/4483/2086 2127/4469/2073
f 2127/4469/2073 2141/4483/2086 2128/4470/2074
f 2141/4483/2086 2142/4484/2087 2128/4470/2074
f 2128/4470/2074 2142/4484/2087 149/3147/1491
f 2142/4484/2087 148/3149/1492 149/3147/1491
f 73/9/9 132/8/8 2129/4367/1996
f 132/8/8 131/4485/2088 2129/4367/1996
f 2129/4367/1996 131/4485/2088 2130/4471/2075
f 131/4485/2088 130/4486/2089 2130/4471/2075
f 2130/4471/2075 130/4486/2089 2131/4472/2076
f 130/4486/2089 129/4487/2090 2131/4472/2076
f 2131/4472/2076 129/4487/2090 2132/4473/2077
f 129/4487/2090 128/4488/2091 2132/4473/2077
f 2132/4473/2077 128/4488/2091 2133/4474/2078
f 128/4488/2091 127/4489/2092 2133/4474/2078
f 2133/4474/2078 127/4489/2092 2134/4475/2079
f 127/4489/2092 126/4490/2093 2134/4475/2079
f 2134/4475/2079 126/4490/2093 2135/4476/2080
f 126/4490/2093 125/4491/2094 2135/4476/2080
f 2135/4476/2080 125/4491/2094 2136/4477/2081
f 125/4491/2094 124/4492/2095 2136/4477/2081
f 2136/4477/2081 124/4492/2095 2137/4478/2082
f 124/4492/2095 123/4493/2096 2137/4478/2082
f 2137/4478/2082 123/4493/2096 2138/4479/2083
f 123/4493/2096 122/4494/2097 2138/4479/2083
f 2138/4479/2083 122/4494/2097 2139/4480/2084
f 122/4494/2097 121/4495/2098 2139/4480/2084
f 2139/4480/2084 121/4495/2098 2140/4482/2085
f 121/4495/2098 120/4496/2099 2140/4482/2085
f 2140/4482/2085 120/4496/2099 2141/4483/2086
f 120/4496/2099 119/4497/2100 2141/4483/2086
f 2141/4483/2086 119/4497/2100 2142/4484/2087
f 119/4497/2100 118/4498/2101 2142/4484/2087
f 2142/4484/2087 118/4498/2101 148/3149/1492
f 118/4498/2101 5/19/17 148/3149/1492
f 118/4498/2101 147/20/18 5/19/17
f 119/4497/2100 2143/4499/2102 118/4498/2101
f 120/4496/2099 2144/4500/2103 119/4497/2100
f 121/4495/2098 2146/4501/2104 120/4496/2099
f 122/4494/2097 2149/4502/2105 121/4495/2098
f 123/4493/2096 2153/4503/2106 122/4494/2097
f 124/4492/2095 2158/4504/2107 123/4493/2096
f 125/4491/2094 2164/4505/2108 124/4492/2095
f 126/4490/2093 2171/4506/2109 125/4491/2094
f 127/4489/2092 2179/4507/2110 126/4490/2093
f 128/4488/2091 2188/4508/2111 127/4489/2092
f 129/4487/2090 2198/4509/2112 128/4488/2091
f 130/4486/2089 2209/4510/2113 129/4487/2090
f 131/4485/2088 2221/4511/2114 130/4486/2089
f 132/8/8 2234/4512/2115 131/4485/2088
f 118/4498/2101 2143/4499/2102 147/20/18
f 2143/4499/2102 146/4513/1598 147/20/18
f 119/4497/2100 2144/4500/2103 2143/4499/2102
f 2144/4500/2103 2145/4514/2116 2143/4499/2102
f 2143/4515/2102 2145/4516/2116 146/3405/1598
f 2145/4516/2116 145/3406/1599 146/3405/1598
f 120/4496/2099 2146/4501/2104 2144/4500/2103
f 2146/4501/2104 2147/4517/2117 2144/4500/2103
f 2144/4500/2103 2147/4517/2117 2145/4514/2116
f 2147/4517/2117 2148/4518/2118 2145/4514/2116
f 2145/4516/2116 2148/4519/2118 145/3406/1599
f 2148/4519/2118 144/3407/1600 145/3406/1599
f 121/4495/2098 2149/4502/2105 2146/4501/2104
f 2149/4502/2105 2150/4520/2119 2146/4501/2104
f 2146/4501/2104 2150/4520/2119 2147/4517/2117
f 2150/4520/2119 2151/4521/2120 2147/4517/2117
f 2147/4522/2117 2151/4523/2120 2148/4524/2118
f 2151/4523/2120 2152/4525/2121 2148/4524/2118
f 2148/4519/2118 2152/4526/2121 144/3407/1600
f 2152/4526/2121 143/4527/1601 144/3407/1600
f 122/4494/2097 2153/4503/2106 2149/4502/2105
f 2153/4503/2106 2154/4528/2122 2149/4502/2105
f 2149/4502/2105 2154/4528/2122 2150/4520/2119
f 2154/4528/2122 2155/4529/2123 2150/4520/2119
f 2150/4520/2119 2155/4529/2123 2151/4521/2120
f 2155/4529/2123 2156/4530/2124 2151/4521/2120
f 2151/4523/2120 2156/4531/2124 2152/4525/2121
f 2156/4531/2124 2157/4532/2125 2152/4525/2121
f 2152/4533/2121 2157/4534/2125 143/3412/1601
f 2157/4534/2125 142/3413/1602 143/3412/1601
f 123/4493/2096 2158/4504/2107 2153/4503/2106
f 2158/4504/2107 2159/4535/2126 2153/4503/2106
f 2153/4503/2106 2159/4535/2126 2154/4528/2122
f 2159/4535/2126 2160/4536/2127 2154/4528/2122
f 2154/4528/2122 2160/4536/2127 2155/4529/2123
f 2160/4536/2127 2161/4537/2128 2155/4529/2123
f 2155/4529/2123 2161/4537/2128 2156/4530/2124
f 2161/4537/2128 2162/4538/2129 2156/4530/2124
f 2156/4530/2124 2162/4538/2129 2157/4539/2125
f 2162/4538/2129 2163/4540/2130 2157/4539/2125
f 2157/4539/2125 2163/4540/2130 142/4541/1602
f 2163/4540/2130 141/4542/1603 142/4541/1602
f 124/4492/2095 2164/4505/2108 2158/4504/2107
f 2164/4505/2108 2165/4543/2131 2158/4504/2107
f 2158/4504/2107 2165/4543/2131 2159/4535/2126
f 2165/4543/2131 2166/4544/2132 2159/4535/2126
f 2159/4535/2126 2166/4544/2132 2160/4536/2127
f 2166/4544/2132 2167/4545/2133 2160/4536/2127
f 2160/4536/2127 2167/4545/2133 2161/4537/2128
f 2167/4545/2133 2168/4546/2134 2161/4537/2128
f 2161/4537/2128 2168/4546/2134 2162/4538/2129
f 2168/4546/2134 2169/4547/2135 2162/4538/2129
f 2162/4538/2129 2169/4547/2135 2163/4540/2130
f 2169/4547/2135 2170/4548/2136 2163/4540/2130
f 2163/4540/2130 2170/4548/2136 141/4542/1603
f 2170/4548/2136 140/4549/1604 141/4542/1603
f 125/4491/2094 2171/4506/2109 2164/4505/2108
f 2171/4506/2109 2172/4550/2137 2164/4505/2108
f 2164/4505/2108 2172/4550/2137 2165/4543/2131
f 2172/4550/2137 2173/4551/2138 2165/4543/2131
f 2165/4543/2131 2173/4551/2138 2166/4544/2132
f 2173/4551/2138 2174/4552/2139 2166/4544/2132
f 2166/4544/2132 2174/4552/2139 2167/4545/2133
f 2174/4552/2139 2175/4553/2140 2167/4545/2133
f 2167/4545/2133 2175/4553/2140 2168/4546/2134
f 2175/4553/2140 2176/4554/2141 2168/4546/2134
f 2168/4555/2134 2176/4556/2141 2169/4557/2135
f 2176/4556/2141 2177/4558/2142 2169/4557/2135
f 2169/4547/2135 2177/4559/2142 2170/4548/2136
f 2177/4559/2142 2178/4560/2143 2170/4548/2136
f 2170/4548/2136 2178/4560/2143 140/4549/1604
f 2178/4560/2143 139/4561/1605 140/4549/1604
f 126/4490/2093 2179/4507/2110 2171/4506/2109
f 2179/4507/2110 2180/4562/2144 2171/4506/2109
f 2171/4506/2109 2180/4562/2144 2172/4550/2137
f 2180/4562/2144 2181/4563/2145 2172/4550/2137
f 2172/4550/2137 2181/4563/2145 2173/4551/2138
f 2181/4563/2145 2182/4564/2146 2173/4551/2138
f 2173/4551/2138 2182/4564/2146 2174/4552/2139
f 2182/4564/2146 2183/4565/2147 2174/4552/2139
f 2174/4552/2139 2183/4565/2147 2175/4553/2140
f 2183/4565/2147 2184/4566/2148 2175/4553/2140
f 2175/4553/2140 2184/4566/2148 2176/4554/2141
f 2184/4566/2148 2185/4567/2149 2176/4554/2141
f 2176/4568/2141 2185/4569/2149 2177/4570/2142
f 2185/4567/2149 2186/4571/2150 2177/4559/2142
f 2177/4572/2142 2186/4573/2150 2178/4574/2143
f 2186/4571/2150 2187/4575/2151 2178/4560/2143
f 2178/4560/2143 2187/4575/2151 139/4561/1605
f 2187/4576/2151 138/3419/1606 139/3418/1605
f 127/4489/2092 2188/4508/2111 2179/4507/2110
f 2188/4508/2111 2189/4577/2152 2179/4507/2110
f 2179/4507/2110 2189/4577/2152 2180/4562/2144
f 2189/4577/2152 2190/4578/2153 2180/4562/2144
f 2180/4562/2144 2190/4578/2153 2181/4563/2145
f 2190/4578/2153 2191/4579/2154 2181/4563/2145
f 2181/4563/2145 2191/4579/2154 2182/4564/2146
f 2191/4579/2154 2192/4580/2155 2182/4564/2146
f 2182/4564/2146 2192/4580/2155 2183/4565/2147
f 2192/4580/2155 2193/4581/2156 2183/4565/2147
f 2183/4565/2147 2193/4581/2156 2184/4566/2148
f 2193/4581/2156 2194/4582/2157 2184/4566/2148
f 2184/4566/2148 2194/4582/2157 2185/4567/2149
f 2194/4582/2157 2195/4583/2158 2185/4567/2149
f 2185/4567/2149 2195/4583/2158 2186/4571/2150
f 2195/4584/2158 2196/4585/2159 2186/4586/2150
f 2186/4571/2150 2196/4587/2159 2187/4575/2151
f 2196/4587/2159 2197/4588/2160 2187/4575/2151
f 2187/4576/2151 2197/4589/2160 138/3419/1606
f 2197/4588/2160 137/3423/1607 138/4590/1606
f 128/4488/2091 2198/4509/2112 2188/4508/2111
f 2198/4509/2112 2199/4591/2161 2188/4508/2111
f 2188/4508/2111 2199/4591/2161 2189/4577/2152
f 2199/4591/2161 2200/4592/2162 2189/4577/2152
f 2189/4577/2152 2200/4592/2162 2190/4578/2153
f 2200/4592/2162 2201/4593/2163 2190/4578/2153
f 2190/4578/2153 2201/4593/2163 2191/4579/2154
f 2201/4593/2163 2202/4594/2164 2191/4579/2154
f 2191/4579/2154 2202/4594/2164 2192/4580/2155
f 2202/4594/2164 2203/4595/2165 2192/4580/2155
f 2192/4580/2155 2203/4595/2165 2193/4581/2156
f 2203/4595/2165 2204/4596/2166 2193/4581/2156
f 2193/4581/2156 2204/4596/2166 2194/4582/2157
f 2204/4596/2166 2205/4597/2167 2194/4582/2157
f 2194/4582/2157 2205/4597/2167 2195/4583/2158
f 2205/4597/2167 2206/4598/2168 2195/4583/2158
f 2195/4584/2158 2206/4599/2168 2196/4585/2159
f 2206/4599/2168 2207/4600/2169 2196/4585/2159
f 2196/4601/2159 2207/4602/2169 2197/4603/2160
f 2207/4604/2169 2208/4605/2170 2197/4588/2160
f 2197/4588/2160 2208/4605/2170 137/3423/1607
f 2208/4605/2170 136/3425/1608 137/3423/1607
f 129/4487/2090 2209/4510/2113 2198/4509/2112
f 2209/4510/2113 2210/4606/2171 2198/4509/2112
f 2198/4509/2112 2210/4606/2171 2199/4591/2161
f 2210/4606/2171 2211/4607/2172 2199/4591/2161
f 2199/4591/2161 2211/4607/2172 2200/4592/2162
f 2211/4607/2172 2212/4608/2173 2200/4592/2162
f 2200/4592/2162 2212/4608/2173 2201/4593/2163
f 2212/4608/2173 2213/4609/2174 2201/4593/2163
f 2201/4593/2163 2213/4609/2174 2202/4594/2164
f 2213/4609/2174 2214/4610/2175 2202/4594/2164
f 2202/4594/2164 2214/4610/2175 2203/4595/2165
f 2214/4610/2175 2215/4611/2176 2203/4595/2165
f 2203/4595/2165 2215/4611/2176 2204/4596/2166
f 2215/4611/2176 2216/4612/2177 2204/4596/2166
f 2204/4596/2166 2216/4612/2177 2205/4597/2167
f 2216/4612/2177 2217/4613/2178 2205/4597/2167
f 2205/4597/2167 2217/4613/2178 2206/4598/2168
f 2217/4614/2178 2218/4615/2179 2206/4599/2168
f 2206/4599/2168 2218/4615/2179 2207/4600/2169
f 2218/4616/2179 2219/4617/2180 2207/4604/2169
f 2207/4604/2169 2219/4617/2180 2208/4605/2170
f 2219/4617/2180 2220/4618/2181 2208/4605/2170
f 2208/4605/2170 2220/4618/2181 136/3425/1608
f 2220/4618/2181 135/3427/1609 136/3425/1608
f 130/4486/2089 2221/4511/2114 2209/4510/2113
f 2221/4511/2114 2222/4619/2182 2209/4510/2113
f 2209/4510/2113 2222/4619/2182 2210/4606/2171
f 2222/4619/2182 2223/4620/2183 2210/4606/2171
f 2210/4606/2171 2223/4620/2183 2211/4607/2172
f 2223/4620/2183 2224/4621/2184 2211/4607/2172
f 2211/4607/2172 2224/4621/2184 2212/4608/2173
f 2224/4621/2184 2225/4622/2185 2212/4608/2173
f 2212/4608/2173 2225/4622/2185 2213/4609/2174
f 2225/4622/2185 2226/4623/2186 2213/4609/2174
f 2213/4609/2174 2226/4623/2186 2214/4610/2175
f 2226/4623/2186 2227/4624/2187 2214/4610/2175
f 2214/4610/2175 2227/4624/2187 2215/4611/2176
f 2227/4624/2187 2228/4625/2188 2215/4611/2176
f 2215/4611/2176 2228/4625/2188 2216/4612/2177
f 2228/4625/2188 2229/4626/2189 2216/4612/2177
f 2216/4612/2177 2229/4626/2189 2217/4613/2178
f 2229/4626/2189 2230/4627/2190 2217/4613/2178
f 2217/4614/2178 2230/4628/2190 2218/4615/2179
f 2230/4628/2190 2231/4629/2191 2218/4615/2179
f 2218/4616/2179 2231/4630/2191 2219/4617/2180
f 2231/4630/2191 2232/4631/2192 2219/4617/2180
f 2219/4617/2180 2232/4631/2192 2220/4618/2181
f 2232/4632/2192 2233/4633/2193 2220/4634/2181
f 2220/4618/2181 2233/4635/2193 135/3427/1609
f 2233/4635/2193 134/4636/1610 135/3427/1609
f 131/4485/2088 2234/4512/2115 2221/4511/2114
f 2234/4512/2115 2235/4637/2194 2221/4511/2114
f 2221/4511/2114 2235/4637/2194 2222/4619/2182
f 2235/4637/2194 2236/4638/2195 2222/4619/2182
f 2222/4619/2182 2236/4638/2195 2223/4620/2183
f 2236/4638/2195 2237/4639/2196 2223/4620/2183
f 2223/4620/2183 2237/4639/2196 2224/4621/2184
f 2237/4639/2196 2238/4640/2197 2224/4621/2184
f 2224/4621/2184 2238/4640/2197 2225/4622/2185
f 2238/4640/2197 2239/4641/2198 2225/4622/2185
f 2225/4622/2185 2239/4641/2198 2226/4623/2186
f 2239/4641/2198 2240/4642/2199 2226/4623/2186
f 2226/4623/2186 2240/4642/2199 2227/4624/2187
f 2240/4642/2199 2241/4643/2200 2227/4624/2187
f 2227/4624/2187 2241/4643/2200 2228/4625/2188
f 2241/4643/2200 2242/4644/2201 2228/4625/2188
f 2228/4625/2188 2242/4644/2201 2229/4626/2189
f 2242/4644/2201 2243/4645/2202 2229/4626/2189
f 2229/4646/2189 2243/4647/2202 2230/4648/2190
f 2243/4649/2202 2244/4650/2203 2230/4628/2190
f 2230/4628/2190 2244/4650/2203 2231/4629/2191
f 2244/4651/2203 2245/4652/2204 2231/4630/2191
f 2231/4630/2191 2245/4652/2204 2232/4631/2192
f 2245/4652/2204 2246/4653/2205 2232/4631/2192
f 2232/4632/2192 2246/4654/2205 2233/4633/2193
f 2246/4653/2205 2247/4655/2206 2233/4635/2193
f 2233/4635/2193 2247/4655/2206 134/4636/1610
f 2247/4656/2206 133/4657/1611 134/4658/1610
f 132/8/8 102/7/7 2234/4512/2115
f 102/7/7 101/4659/2207 2234/4512/2115
f 2234/4512/2115 101/4659/2207 2235/4637/2194
f 101/4659/2207 100/4660/2208 2235/4637/2194
f 2235/4637/2194 100/4660/2208 2236/4638/2195
f 100/4660/2208 99/4661/2209 2236/4638/2195
f 2236/4638/2195 99/4661/2209 2237/4639/2196
f 99/4661/2209 98/4662/2210 2237/4639/2196
f 2237/4639/2196 98/4662/2210 2238/4640/2197
f 98/4662/2210 97/4663/2211 2238/4640/2197
f 2238/4640/2197 97/4663/2211 2239/4641/2198
f 97/4663/2211 96/4664/2212 2239/4641/2198
f 2239/4641/2198 96/4664/2212 2240/4642/2199
f 96/4664/2212 95/4665/2213 2240/4642/2199
f 2240/4642/2199 95/4665/2213 2241/4643/2200
f 95/4665/2213 94/4666/2214 2241/4643/2200
f 2241/4643/2200 94/4666/2214 2242/4644/2201
f 94/4666/2214 93/4667/2215 2242/4644/2201
f 2242/4644/2201 93/4667/2215 2243/4645/2202
f 93/4667/2215 92/4668/2216 2243/4645/2202
f 2243/4649/2202 92/4669/2216 2244/4650/2203
f 92/4670/2216 91/4671/2217 2244/4672/2203
f 2244/4651/2203 91/4673/2217 2245/4652/2204
f 91/4673/2217 90/4674/2218 2245/4652/2204
f 2245/4652/2204 90/4674/2218 2246/4653/2205
f 90/4675/2218 89/4676/2219 2246/4677/2205
f 2246/4653/2205 89/4678/2219 2247/4655/2206
f 89/4679/2219 88/4680/2220 2247/4681/2206
f 2247/4681/2206 88/4680/2220 133/3433/1611
f 88/4680/2220 4/3434/14 133/3433/1611
f 88/4682/2220 117/17/15 4/16/14
f 89/4676/2219 2248/4683/2221 88/4682/2220
f 90/4675/2218 2249/4684/2222 89/4676/2219
f 91/4673/2217 2251/4685/2223 90/4674/2218
f 92/4670/2216 2254/4686/2224 91/4671/2217
f 93/4667/2215 2258/4687/2225 92/4668/2216
f 94/4666/2214 2263/4688/2226 93/4667/2215
f 95/4665/2213 2269/4689/2227 94/4666/2214
f 96/4664/2212 2276/4690/2228 95/4665/2213
f 97/4663/2211 2284/4691/2229 96/4664/2212
f 98/4662/2210 2293/4692/2230 97/4663/2211
f 99/4661/2209 2303/4693/2231 98/4662/2210
f 100/4660/2208 2314/4694/2232 99/4661/2209
f 101/4659/2207 2326/4695/2233 100/4660/2208
f 102/7/7 2339/4696/2234 101/4659/2207
f 88/4697/2220 2248/4698/2221 117/4699/15
f 2248/4698/2221 116/4700/1717 117/4699/15
f 89/4676/2219 2249/4684/2222 2248/4683/2221
f 2249/4684/2222 2250/4701/2235 2248/4683/2221
f 2248/4683/2221 2250/4701/2235 116/3706/1717
f 2250/4701/2235 115/3707/1718 116/3706/1717
f 90/4675/2218 2251/4702/2223 2249/4684/2222
f 2251/4702/2223 2252/4703/2236 2249/4684/2222
f 2249/4684/2222 2252/4703/2236 2250/4701/2235
f 2252/4703/2236 2253/4704/2237 2250/4701/2235
f 2250/4701/2235 2253/4704/2237 115/3707/1718
f 2253/4704/2237 114/3708/1719 115/3707/1718
f 91/4673/2217 2254/4705/2224 2251/4685/2223
f 2254/4705/2224 2255/4706/2238 2251/4685/2223
f 2251/4685/2223 2255/4706/2238 2252/4707/2236
f 2255/4706/2238 2256/4708/2239 2252/4707/2236
f 2252/4707/2236 2256/4708/2239 2253/4709/2237
f 2256/4708/2239 2257/4710/2240 2253/4709/2237
f 2253/4709/2237 2257/4710/2240 114/4711/1719
f 2257/4712/2240 113/4713/1720 114/4714/1719
f 92/4668/2216 2258/4687/2225 2254/4705/2224
f 2258/4687/2225 2259/4715/2241 2254/4705/2224
f 2254/4705/2224 2259/4715/2241 2255/4706/2238
f 2259/4715/2241 2260/4716/2242 2255/4706/2238
f 2255/4717/2238 2260/4718/2242 2256/4719/2239
f 2260/4718/2242 2261/4720/2243 2256/4719/2239
f 2256/4719/2239 2261/4720/2243 2257/4721/2240
f 2261/4722/2243 2262/4723/2244 2257/4712/2240
f 2257/4712/2240 2262/4723/2244 113/4713/1720
f 2262/4724/2244 112/3713/1721 113/3712/1720
f 93/4667/2215 2263/4688/2226 2258/4687/2225
f 2263/4688/2226 2264/4725/2245 2258/4687/2225
f 2258/4687/2225 2264/4725/2245 2259/4715/2241
f 2264/4725/2245 2265/4726/2246 2259/4715/2241
f 2259/4715/2241 2265/4726/2246 2260/4716/2242
f 2265/4726/2246 2266/4727/2247 2260/4716/2242
f 2260/4716/2242 2266/4727/2247 2261/4728/2243
f 2266/4727/2247 2267/4729/2248 2261/4728/2243
f 2261/4722/2243 2267/4730/2248 2262/4723/2244
f 2267/4730/2248 2268/4731/2249 2262/4723/2244
f 2262/4732/2244 2268/4733/2249 112/4734/1721
f 2268/4731/2249 111/3716/1722 112/3715/1721
f 94/4666/2214 2269/4689/2227 2263/4688/2226
f 2269/4689/2227 2270/4735/2250 2263/4688/2226
f 2263/4688/2226 2270/4735/2250 2264/4725/2245
f 2270/4735/2250 2271/4736/2251 2264/4725/2245
f 2264/4725/2245 2271/4736/2251 2265/4726/2246
f 2271/4736/2251 2272/4737/2252 2265/4726/2246
f 2265/4726/2246 2272/4737/2252 2266/4727/2247
f 2272/4737/2252 2273/4738/2253 2266/4727/2247
f 2266/4739/2247 2273/4740/2253 2267/4741/2248
f 2273/4742/2253 2274/4743/2254 2267/4744/2248
f 2267/4730/2248 2274/4745/2254 2268/4731/2249
f 2274/4745/2254 2275/4746/2255 2268/4731/2249
f 2268/4731/2249 2275/4746/2255 111/3716/1722
f 2275/4747/2255 110/3720/1723 111/3718/1722
f 95/4665/2213 2276/4690/2228 2269/4689/2227
f 2276/4690/2228 2277/4748/2256 2269/4689/2227
f 2269/4689/2227 2277/4748/2256 2270/4735/2250
f 2277/4748/2256 2278/4749/2257 2270/4735/2250
f 2270/4735/2250 2278/4749/2257 2271/4736/2251
f 2278/4749/2257 2279/4750/2258 2271/4736/2251
f 2271/4736/2251 2279/4750/2258 2272/4737/2252
f 2279/4750/2258 2280/4751/2259 2272/4737/2252
f 2272/4737/2252 2280/4751/2259 2273/4738/2253
f 2280/4752/2259 2281/4753/2260 2273/4754/2253
f 2273/4742/2253 2281/4755/2260 2274/4743/2254
f 2281/4755/2260 2282/4756/2261 2274/4743/2254
f 2274/4743/2254 2282/4756/2261 2275/4757/2255
f 2282/4758/2261 2283/4759/2262 2275/4760/2255
f 2275/4760/2255 2283/4759/2262 110/4761/1723
f 2283/4759/2262 109/4762/1724 110/4761/1723
f 96/4664/2212 2284/4691/2229 2276/4690/2228
f 2284/4691/2229 2285/4763/2263 2276/4690/2228
f 2276/4690/2228 2285/4763/2263 2277/4748/2256
f 2285/4763/2263 2286/4764/2264 2277/4748/2256
f 2277/4748/2256 2286/4764/2264 2278/4749/2257
f 2286/4764/2264 2287/4765/2265 2278/4749/2257
f 2278/4749/2257 2287/4765/2265 2279/4750/2258
f 2287/4765/2265 2288/4766/2266 2279/4750/2258
f 2279/4750/2258 2288/4766/2266 2280/4751/2259
f 2288/4766/2266 2289/4767/2267 2280/4751/2259
f 2280/4768/2259 2289/4769/2267 2281/4755/2260
f 2289/4769/2267 2290/4770/2268 2281/4755/2260
f 2281/4755/2260 2290/4770/2268 2282/4756/2261
f 2290/4771/2268 2291/4772/2269 2282/4758/2261
f 2282/4758/2261 2291/4772/2269 2283/4759/2262
f 2291/4772/2269 2292/4773/2270 2283/4759/2262
f 2283/4759/2262 2292/4773/2270 109/4762/1724
f 2292/4774/2270 108/4775/1725 109/4776/1724
f 97/4663/2211 2293/4692/2230 2284/4691/2229
f 2293/4692/2230 2294/4777/2271 2284/4691/2229
f 2284/4691/2229 2294/4777/2271 2285/4763/2263
f 2294/4777/2271 2295/4778/2272 2285/4763/2263
f 2285/4763/2263 2295/4778/2272 2286/4764/2264
f 2295/4778/2272 2296/4779/2273 2286/4764/2264
f 2286/4764/2264 2296/4779/2273 2287/4765/2265
f 2296/4779/2273 2297/4780/2274 2287/4765/2265
f 2287/4765/2265 2297/4780/2274 2288/4766/2266
f 2297/4780/2274 2298/4781/2275 2288/4766/2266
f 2288/4766/2266 2298/4781/2275 2289/4767/2267
f 2298/4781/2275 2299/4782/2276 2289/4767/2267
f 2289/4783/2267 2299/4784/2276 2290/4785/2268
f 2299/4782/2276 2300/4786/2277 2290/4787/2268
f 2290/4771/2268 2300/4788/2277 2291/4772/2269
f 2300/4789/2277 2301/4790/2278 2291/4791/2269
f 2291/4772/2269 2301/4792/2278 2292/4773/2270
f 2301/4793/2278 2302/4794/2279 2292/4795/2270
f 2292/4774/2270 2302/4796/2279 108/4775/1725
f 2302/4797/2279 107/4798/1726 108/4799/1725
f 98/4662/2210 2303/4693/2231 2293/4692/2230
f 2303/4693/2231 2304/4800/2280 2293/4692/2230
f 2293/4692/2230 2304/4800/2280 2294/4777/2271
f 2304/4800/2280 2305/4801/2281 2294/4777/2271
f 2294/4777/2271 2305/4801/2281 2295/4778/2272
f 2305/4801/2281 2306/4802/2282 2295/4778/2272
f 2295/4778/2272 2306/4802/2282 2296/4779/2273
f 2306/4802/2282 2307/4803/2283 2296/4779/2273
f 2296/4779/2273 2307/4803/2283 2297/4780/2274
f 2307/4803/2283 2308/4804/2284 2297/4780/2274
f 2297/4780/2274 2308/4804/2284 2298/4781/2275
f 2308/4804/2284 2309/4805/2285 2298/4781/2275
f 2298/4781/2275 2309/4805/2285 2299/4782/2276
f 2309/4805/2285 2310/4806/2286 2299/4782/2276
f 2299/4782/2276 2310/4806/2286 2300/4786/2277
f 2310/4806/2286 2311/4807/2287 2300/4786/2277
f 2300/4786/2277 2311/4807/2287 2301/4808/2278
f 2311/4807/2287 2312/4809/2288 2301/4808/2278
f 2301/4793/2278 2312/4810/2288 2302/4794/2279
f 2312/4811/2288 2313/4812/2289 2302/4797/2279
f 2302/4797/2279 2313/4812/2289 107/4798/1726
f 2313/4813/2289 106/3730/1727 107/3728/1726
f 99/4661/2209 2314/4694/2232 2303/4693/2231
f 2314/4694/2232 2315/4814/2290 2303/4693/2231
f 2303/4693/2231 2315/4814/2290 2304/4800/2280
f 2315/4814/2290 2316/4815/2291 2304/4800/2280
f 2304/4800/2280 2316/4815/2291 2305/4801/2281
f 2316/4815/2291 2317/4816/2292 2305/4801/2281
f 2305/4801/2281 2317/4816/2292 2306/4802/2282
f 2317/4816/2292 2318/4817/2293 2306/4802/2282
f 2306/4802/2282 2318/4817/2293 2307/4803/2283
f 2318/4817/2293 2319/4818/2294 2307/4803/2283
f 2307/4803/2283 2319/4818/2294 2308/4804/2284
f 2319/4818/2294 2320/4819/2295 2308/4804/2284
f 2308/4804/2284 2320/4819/2295 2309/4805/2285
f 2320/4819/2295 2321/4820/2296 2309/4805/2285
f 2309/4805/2285 2321/4820/2296 2310/4806/2286
f 2321/4820/2296 2322/4821/2297 2310/4806/2286
f 2310/4822/2286 2322/4823/2297 2311/4824/2287
f 2322/4821/2297 2323/4825/2298 2311/4807/2287
f 2311/4826/2287 2323/4827/2298 2312/4828/2288
f 2323/4827/2298 2324/4829/2299 2312/4828/2288
f 2312/4830/2288 2324/4831/2299 2313/4832/2289
f 2324/4833/2299 2325/4834/2300 2313/4813/2289
f 2313/4813/2289 2325/4834/2300 106/3730/1727
f 2325/4834/2300 105/3734/1728 106/3730/1727
f 100/4660/2208 2326/4695/2233 2314/4694/2232
f 2326/4695/2233 2327/4835/2301 2314/4694/2232
f 2314/4694/2232 2327/4835/2301 2315/4814/2290
f 2327/4835/2301 2328/4836/2302 2315/4814/2290
f 2315/4814/2290 2328/4836/2302 2316/4815/2291
f 2328/4836/2302 2329/4837/2303 2316/4815/2291
f 2316/4815/2291 2329/4837/2303 2317/4816/2292
f 2329/4837/2303 2330/4838/2304 2317/4816/2292
f 2317/4816/2292 2330/4838/2304 2318/4817/2293
f 2330/4838/2304 2331/4839/2305 2318/4817/2293
f 2318/4817/2293 2331/4839/2305 2319/4818/2294
f 2331/4839/2305 2332/4840/2306 2319/4818/2294
f 2319/4818/2294 2332/4840/2306 2320/4819/2295
f 2332/4840/2306 2333/4841/2307 2320/4819/2295
f 2320/4819/2295 2333/4841/2307 2321/4820/2296
f 2333/4841/2307 2334/4842/2308 2321/4820/2296
f 2321/4820/2296 2334/4842/2308 2322/4821/2297
f 2334/4842/2308 2335/4843/2309 2322/4821/2297
f 2322/4821/2297 2335/4843/2309 2323/4825/2298
f 2335/4843/2309 2336/4844/2310 2323/4825/2298
f 2323/4845/2298 2336/4846/2310 2324/4847/2299
f 2336/4844/2310 2337/4848/2311 2324/4849/2299
f 2324/4833/2299 2337/4850/2311 2325/4834/2300
f 2337/4851/2311 2338/4852/2312 2325/4853/2300
f 2325/4853/2300 2338/4852/2312 105/4854/1728
f 2338/4852/2312 104/4855/1729 105/4854/1728
f 101/4659/2207 2339/4696/2234 2326/4695/2233
f 2339/4696/2234 2340/4856/2313 2326/4695/2233
f 2326/4695/2233 2340/4856/2313 2327/4835/2301
f 2340/4856/2313 2341/4857/2314 2327/4835/2301
f 2327/4835/2301 2341/4857/2314 2328/4836/2302
f 2341/4857/2314 2342/4858/2315 2328/4836/2302
f 2328/4836/2302 2342/4858/2315 2329/4837/2303
f 2342/4858/2315 2343/4859/2316 2329/4837/2303
f 2329/4837/2303 2343/4859/2316 2330/4838/2304
f 2343/4859/2316 2344/4860/2317 2330/4838/2304
f 2330/4838/2304 2344/4860/2317 2331/4839/2305
f 2344/4860/2317 2345/4861/2318 2331/4839/2305
f 2331/4839/2305 2345/4861/2318 2332/4840/2306
f 2345/4861/2318 2346/4862/2319 2332/4840/2306
f 2332/4840/2306 2346/4862/2319 2333/4841/2307
f 2346/4862/2319 2347/4863/2320 2333/4841/2307
f 2333/4841/2307 2347/4863/2320 2334/4842/2308
f 2347/4863/2320 2348/4864/2321 2334/4842/2308
f 2334/4842/2308 2348/4864/2321 2335/4843/2309
f 2348/4864/2321 2349/4865/2322 2335/4843/2309
f 2335/4843/2309 2349/4865/2322 2336/4844/2310
f 2349/4865/2322 2350/4866/2323 2336/4844/2310
f 2336/4844/2310 2350/4866/2323 2337/4848/2311
f 2350/4866/2323 2351/4867/2324 2337/4848/2311
f 2337/4851/2311 2351/4868/2324 2338/4852/2312
f 2351/4868/2324 2352/4869/2325 2338/4852/2312
f 2338/4852/2312 2352/4869/2325 104/4855/1729
f 2352/4870/2325 103/4871/1730 104/4872/1729
f 102/7/7 27/3/3 2339/4696/2234
f 27/3/3 26/4873/2326 2339/4696/2234
f 2339/4696/2234 26/4873/2326 2340/4856/2313
f 26/4873/2326 25/4874/2327 2340/4856/2313
f 2340/4856/2313 25/4874/2327 2341/4857/2314
f 25/4874/2327 24/4875/2328 2341/4857/2314
f 2341/4857/2314 24/4875/2328 2342/4858/2315
f 24/4875/2328 23/4876/2329 2342/4858/2315
f 2342/4858/2315 23/4876/2329 2343/4859/2316
f 23/4876/2329 22/4877/2330 2343/4859/2316
f 2343/4859/2316 22/4877/2330 2344/4860/2317
f 22/4877/2330 21/4878/2331 2344/4860/2317
f 2344/4860/2317 21/4878/2331 2345/4861/2318
f 21/4878/2331 20/4879/2332 2345/4861/2318
f 2345/4861/2318 20/4879/2332 2346/4862/2319
f 20/4879/2332 19/4880/2333 2346/4862/2319
f 2346/4862/2319 19/4880/2333 2347/4863/2320
f 19/4881/2333 18/4882/2334 2347/4883/2320
f 2347/4863/2320 18/4884/2334 2348/4864/2321
f 18/4884/2334 17/4885/2335 2348/4864/2321
f 2348/4864/2321 17/4885/2335 2349/4865/2322
f 17/4885/2335 16/4886/2336 2349/4865/2322
f 2349/4865/2322 16/4886/2336 2350/4866/2323
f 16/4886/2336 15/4887/2337 2350/4866/2323
f 2350/4866/2323 15/4887/2337 2351/4867/2324
f 15/4888/2337 14/4889/2338 2351/4890/2324
f 2351/4891/2324 14/4892/2338 2352/4893/2325
f 14/4894/2338 13/4895/2339 2352/4870/2325
f 2352/4870/2325 13/4895/2339 103/4871/1730
f 13/4895/2339 3/13/11 103/4871/1730
f 58/4339/1968 87/4340/1969 6/22/20
f 59/4338/1967 2353/4896/2340 58/4339/1968
f 60/4897/1966 2354/4898/2341 59/4899/1967
f 61/4900/1965 2356/4901/2342 60/4897/1966
f 62/4902/1964 2359/4903/2343 61/4900/1965
f 63/4334/1963 2363/4904/2344 62/4335/1964
f 64/4333/1962 2368/4905/2345 63/4334/1963
f 65/4332/1961 2374/4906/2346 64/4333/1962
f 66/4331/1960 2381/4907/2347 65/4332/1961
f 67/4908/1959 2389/4909/2348 66/4331/1960
f 68/4324/1958 2398/4910/2349 67/4908/1959
f 69/4323/1957 2408/4911/2350 68/4324/1958
f 70/4912/1956 2419/4913/2351 69/4323/1957
f 71/4314/1955 2431/4914/2352 70/4912/1956
f 72/11/6 2444/4915/2353 71/4314/1955
f 58/4339/1968 2353/4896/2340 87/4340/1969
f 2353/4896/2340 86/4341/1970 87/4340/1969
f 59/4338/1967 2354/4916/2341 2353/4896/2340
f 2354/4916/2341 2355/4917/2354 2353/4896/2340
f 2353/4896/2340 2355/4917/2354 86/4341/1970
f 2355/4917/2354 85/4343/1972 86/4341/1970
f 60/4897/1966 2356/4901/2342 2354/4898/2341
f 2356/4918/2342 2357/4919/2355 2354/4916/2341
f 2354/4916/2341 2357/4919/2355 2355/4917/2354
f 2357/4919/2355 2358/4920/2356 2355/4917/2354
f 2355/4917/2354 2358/4920/2356 85/4343/1972
f 2358/4920/2356 84/4345/1974 85/4343/1972
f 61/4900/1965 2359/4903/2343 2356/4901/2342
f 2359/4903/2343 2360/4921/2357 2356/4901/2342
f 2356/4901/2342 2360/4921/2357 2357/4922/2355
f 2360/4923/2357 2361/4924/2358 2357/4919/2355
f 2357/4919/2355 2361/4924/2358 2358/4920/2356
f 2361/4924/2358 2362/4925/2359 2358/4920/2356
f 2358/4920/2356 2362/4925/2359 84/4345/1974
f 2362/4925/2359 83/4347/1976 84/4345/1974
f 62/4902/1964 2363/4926/2344 2359/4903/2343
f 2363/4927/2344 2364/4928/2360 2359/4929/2343
f 2359/4929/2343 2364/4928/2360 2360/4930/2357
f 2364/4931/2360 2365/4932/2361 2360/4923/2357
f 2360/4923/2357 2365/4932/2361 2361/4924/2358
f 2365/4932/2361 2366/4933/2362 2361/4924/2358
f 2361/4924/2358 2366/4933/2362 2362/4925/2359
f 2366/4933/2362 2367/4934/2363 2362/4925/2359
f 2362/4925/2359 2367/4934/2363 83/4347/1976
f 2367/4934/2363 82/4349/1978 83/4347/1976
f 63/4334/1963 2368/4905/2345 2363/4904/2344
f 2368/4935/2345 2369/4936/2364 2363/4937/2344
f 2363/4927/2344 2369/4938/2364 2364/4928/2360
f 2369/4939/2364 2370/4940/2365 2364/4931/2360
f 2364/4931/2360 2370/4940/2365 2365/4932/2361
f 2370/4940/2365 2371/4941/2366 2365/4932/2361
f 2365/4932/2361 2371/4941/2366 2366/4933/2362
f 2371/4941/2366 2372/4942/2367 2366/4933/2362
f 2366/4933/2362 2372/4942/2367 2367/4934/2363
f 2372/4942/2367 2373/4943/2368 2367/4934/2363
f 2367/4934/2363 2373/4943/2368 82/4349/1978
f 2373/4943/2368 81/4351/1980 82/4349/1978
f 64/4333/1962 2374/4906/2346 2368/4905/2345
f 2374/4906/2346 2375/4944/2369 2368/4905/2345
f 2368/4905/2345 2375/4944/2369 2369/4939/2364
f 2375/4944/2369 2376/4945/2370 2369/4939/2364
f 2369/4939/2364 2376/4945/2370 2370/4940/2365
f 2376/4945/2370 2377/4946/2371 2370/4940/2365
f 2370/4940/2365 2377/4946/2371 2371/4941/2366
f 2377/4946/2371 2378/4947/2372 2371/4941/2366
f 2371/4941/2366 2378/4947/2372 2372/4942/2367
f 2378/4947/2372 2379/4948/2373 2372/4942/2367
f 2372/4942/2367 2379/4948/2373 2373/4943/2368
f 2379/4948/2373 2380/4949/2374 2373/4943/2368
f 2373/4943/2368 2380/4949/2374 81/4351/1980
f 2380/4949/2374 80/4353/1982 81/4351/1980
f 65/4332/1961 2381/4907/2347 2374/4906/2346
f 2381/4907/2347 2382/4950/2375 2374/4906/2346
f 2374/4906/2346 2382/4950/2375 2375/4944/2369
f 2382/4951/2375 2383/4952/2376 2375/4953/2369
f 2375/4954/2369 2383/4955/2376 2376/4956/2370
f 2383/4957/2376 2384/4958/2377 2376/4945/2370
f 2376/4945/2370 2384/4958/2377 2377/4946/2371
f 2384/4958/2377 2385/4959/2378 2377/4946/2371
f 2377/4946/2371 2385/4959/2378 2378/4947/2372
f 2385/4959/2378 2386/4960/2379 2378/4947/2372
f 2378/4947/2372 2386/4960/2379 2379/4948/2373
f 2386/4960/2379 2387/4961/2380 2379/4948/2373
f 2379/4948/2373 2387/4961/2380 2380/4949/2374
f 2387/4961/2380 2388/4962/2381 2380/4949/2374
f 2380/4949/2374 2388/4962/2381 80/4353/1982
f 2388/4962/2381 79/4355/1984 80/4353/1982
f 66/4331/1960 2389/4909/2348 2381/4907/2347
f 2389/4963/2348 2390/4964/2382 2381/4965/2347
f 2381/4965/2347 2390/4964/2382 2382/4966/2375
f 2390/4967/2382 2391/4968/2383 2382/4950/2375
f 2382/4969/2375 2391/4970/2383 2383/4971/2376
f 2391/4968/2383 2392/4972/2384 2383/4957/2376
f 2383/4957/2376 2392/4972/2384 2384/4958/2377
f 2392/4972/2384 2393/4973/2385 2384/4958/2377
f 2384/4958/2377 2393/4973/2385 2385/4959/2378
f 2393/4973/2385 2394/4974/2386 2385/4959/2378
f 2385/4959/2378 2394/4974/2386 2386/4960/2379
f 2394/4974/2386 2395/4975/2387 2386/4960/2379
f 2386/4960/2379 2395/4975/2387 2387/4961/2380
f 2395/4975/2387 2396/4976/2388 2387/4961/2380
f 2387/4961/2380 2396/4976/2388 2388/4962/2381
f 2396/4976/2388 2397/4977/2389 2388/4962/2381
f 2388/4962/2381 2397/4977/2389 79/4355/1984
f 2397/4977/2389 78/4357/1986 79/4355/1984
f 67/4908/1959 2398/4910/2349 2389/4909/2348
f 2398/4910/2349 2399/4978/2390 2389/4909/2348
f 2389/4909/2348 2399/4978/2390 2390/4967/2382
f 2399/4978/2390 2400/4979/2391 2390/4967/2382
f 2390/4967/2382 2400/4979/2391 2391/4968/2383
f 2400/4979/2391 2401/4980/2392 2391/4968/2383
f 2391/4968/2383 2401/4980/2392 2392/4972/2384
f 2401/4980/2392 2402/4981/2393 2392/4972/2384
f 2392/4972/2384 2402/4981/2393 2393/4973/2385
f 2402/4981/2393 2403/4982/2394 2393/4973/2385
f 2393/4973/2385 2403/4982/2394 2394/4974/2386
f 2403/4982/2394 2404/4983/2395 2394/4974/2386
f 2394/4974/2386 2404/4983/2395 2395/4975/2387
f 2404/4983/2395 2405/4984/2396 2395/4975/2387
f 2395/4975/2387 2405/4984/2396 2396/4976/2388
f 2405/4984/2396 2406/4985/2397 2396/4976/2388
f 2396/4976/2388 2406/4985/2397 2397/4977/2389
f 2406/4985/2397 2407/4986/2398 2397/4977/2389
f 2397/4977/2389 2407/4986/2398 78/4357/1986
f 2407/4986/2398 77/4359/1988 78/4357/1986
f 68/4324/1958 2408/4911/2350 2398/4910/2349
f 2408/4987/2350 2409/4988/2399 2398/4989/2349
f 2398/4910/2349 2409/4990/2399 2399/4978/2390
f 2409/4991/2399 2410/4992/2400 2399/4993/2390
f 2399/4978/2390 2410/4994/2400 2400/4979/2391
f 2410/4994/2400 2411/4995/2401 2400/4979/2391
f 2400/4979/2391 2411/4995/2401 2401/4980/2392
f 2411/4995/2401 2412/4996/2402 2401/4980/2392
f 2401/4980/2392 2412/4996/2402 2402/4981/2393
f 2412/4996/2402 2413/4997/2403 2402/4981/2393
f 2402/4981/2393 2413/4997/2403 2403/4982/2394
f 2413/4997/2403 2414/4998/2404 2403/4982/2394
f 2403/4982/2394 2414/4998/2404 2404/4983/2395
f 2414/4998/2404 2415/4999/2405 2404/4983/2395
f 2404/4983/2395 2415/4999/2405 2405/4984/2396
f 2415/4999/2405 2416/5000/2406 2405/4984/2396
f 2405/4984/2396 2416/5000/2406 2406/4985/2397
f 2416/5000/2406 2417/5001/2407 2406/4985/2397
f 2406/4985/2397 2417/5001/2407 2407/4986/2398
f 2417/5001/2407 2418/5002/2408 2407/4986/2398
f 2407/4986/2398 2418/5002/2408 77/4359/1988
f 2418/5002/2408 76/4361/1990 77/4359/1988
f 69/4323/1957 2419/4913/2351 2408/4911/2350
f 2419/4913/2351 2420/5003/2409 2408/4911/2350
f 2408/5004/2350 2420/5005/2409 2409/5006/2399
f 2420/5007/2409 2421/5008/2410 2409/4991/2399
f 2409/4991/2399 2421/5008/2410 2410/4992/2400
f 2421/5009/2410 2422/5010/2411 2410/5011/2400
f 2410/4994/2400 2422/5012/2411 2411/4995/2401
f 2422/5012/2411 2423/5013/2412 2411/4995/2401
f 2411/4995/2401 2423/5013/2412 2412/4996/2402
f 2423/5013/2412 2424/5014/2413 2412/4996/2402
f 2412/4996/2402 2424/5014/2413 2413/4997/2403
f 2424/5014/2413 2425/5015/2414 2413/4997/2403
f 2413/4997/2403 2425/5015/2414 2414/4998/2404
f 2425/5015/2414 2426/5016/2415 2414/4998/2404
f 2414/4998/2404 2426/5016/2415 2415/4999/2405
f 2426/5016/2415 2427/5017/2416 2415/4999/2405
f 2415/4999/2405 2427/5017/2416 2416/5000/2406
f 2427/5017/2416 2428/5018/2417 2416/5000/2406
f 2416/5000/2406 2428/5018/2417 2417/5001/2407
f 2428/5018/2417 2429/5019/2418 2417/5001/2407
f 2417/5001/2407 2429/5019/2418 2418/5002/2408
f 2429/5019/2418 2430/5020/2419 2418/5002/2408
f 2418/5002/2408 2430/5020/2419 76/4361/1990
f 2430/5020/2419 75/4363/1992 76/4361/1990
f 70/4912/1956 2431/4914/2352 2419/4913/2351
f 2431/4914/2352 2432/5021/2420 2419/4913/2351
f 2419/4913/2351 2432/5021/2420 2420/5003/2409
f 2432/5022/2420 2433/5023/2421 2420/5024/2409
f 2420/5007/2409 2433/5025/2421 2421/5008/2410
f 2433/5025/2421 2434/5026/2422 2421/5008/2410
f 2421/5008/2410 2434/5026/2422 2422/5027/2411
f 2434/5028/2422 2435/5029/2423 2422/5012/2411
f 2422/5012/2411 2435/5029/2423 2423/5013/2412
f 2435/5029/2423 2436/5030/2424 2423/5013/2412
f 2423/5013/2412 2436/5030/2424 2424/5014/2413
f 2436/5030/2424 2437/5031/2425 2424/5014/2413
f 2424/5014/2413 2437/5031/2425 2425/5015/2414
f 2437/5031/2425 2438/5032/2426 2425/5015/2414
f 2425/5015/2414 2438/5032/2426 2426/5016/2415
f 2438/5032/2426 2439/5033/2427 2426/5016/2415
f 2426/5016/2415 2439/5033/2427 2427/5017/2416
f 2439/5033/2427 2440/5034/2428 2427/5017/2416
f 2427/5017/2416 2440/5034/2428 2428/5018/2417
f 2440/5034/2428 2441/5035/2429 2428/5018/2417
f 2428/5018/2417 2441/5035/2429 2429/5019/2418
f 2441/5035/2429 2442/5036/2430 2429/5019/2418
f 2429/5019/2418 2442/5036/2430 2430/5020/2419
f 2442/5036/2430 2443/5037/2431 2430/5020/2419
f 2430/5020/2419 2443/5037/2431 75/4363/1992
f 2443/5037/2431 74/4365/1994 75/4363/1992
f 71/5038/1955 2444/5039/2353 2431/5040/2352
f 2444/5041/2353 2445/5042/2432 2431/5043/2352
f 2431/4914/2352 2445/5044/2432 2432/5021/2420
f 2445/5044/2432 2446/5045/2433 2432/5021/2420
f 2432/5022/2420 2446/5046/2433 2433/5023/2421
f 2446/5047/2433 2447/5048/2434 2433/5025/2421
f 2433/5025/2421 2447/5048/2434 2434/5026/2422
f 2447/5049/2434 2448/5050/2435 2434/5051/2422
f 2434/5028/2422 2448/5052/2435 2435/5029/2423
f 2448/5052/2435 2449/5053/2436 2435/5029/2423
f 2435/5029/2423 2449/5053/2436 2436/5030/2424
f 2449/5053/2436 2450/5054/2437 2436/5030/2424
f 2436/5030/2424 2450/5054/2437 2437/5031/2425
f 2450/5054/2437 2451/5055/2438 2437/5031/2425
f 2437/5031/2425 2451/5055/2438 2438/5032/2426
f 2451/5055/2438 2452/5056/2439 2438/5032/2426
f 2438/5032/2426 2452/5056/2439 2439/5033/2427
f 2452/5056/2439 2453/5057/2440 2439/5033/2427
f 2439/5033/2427 2453/5057/2440 2440/5034/2428
f 2453/5057/2440 2454/5058/2441 2440/5034/2428
f 2440/5034/2428 2454/5058/2441 2441/5035/2429
f 2454/5058/2441 2455/5059/2442 2441/5035/2429
f 2441/5035/2429 2455/5059/2442 2442/5036/2430
f 2455/5059/2442 2456/5060/2443 2442/5036/2430
f 2442/5036/2430 2456/5060/2443 2443/5037/2431
f 2456/5060/2443 2457/5061/2444 2443/5037/2431
f 2443/5037/2431 2457/5061/2444 74/4365/1994
f 2457/5061/2444 73/9/9 74/4365/1994
f 72/11/6 42/5062/5 2444/4915/2353
f 42/5063/5 41/5064/2445 2444/5065/2353
f 2444/5065/2353 41/5064/2445 2445/5066/2432
f 41/5067/2445 40/5068/2446 2445/5044/2432
f 2445/5044/2432 40/5068/2446 2446/5045/2433
f 40/5068/2446 39/5069/2447 2446/5045/2433
f 2446/5047/2433 39/5070/2447 2447/5048/2434
f 39/5069/2447 38/5071/2448 2447/5072/2434
f 2447/5049/2434 38/5073/2448 2448/5050/2435
f 38/5071/2448 37/5074/2449 2448/5052/2435
f 2448/5052/2435 37/5074/2449 2449/5053/2436
f 37/5074/2449 36/5075/2450 2449/5053/2436
f 2449/5053/2436 36/5075/2450 2450/5054/2437
f 36/5075/2450 35/5076/2451 2450/5054/2437
f 2450/5054/2437 35/5076/2451 2451/5055/2438
f 35/5076/2451 34/5077/2452 2451/5055/2438
f 2451/5055/2438 34/5077/2452 2452/5056/2439
f 34/5077/2452 33/5078/2453 2452/5056/2439
f 2452/5056/2439 33/5078/2453 2453/5057/2440
f 33/5078/2453 32/5079/2454 2453/5057/2440
f 2453/5057/2440 32/5079/2454 2454/5058/2441
f 32/5079/2454 31/5080/2455 2454/5058/2441
f 2454/5058/2441 31/5080/2455 2455/5059/2442
f 31/5080/2455 30/5081/2456 2455/5059/2442
f 2455/5059/2442 30/5081/2456 2456/5060/2443
f 30/5081/2456 29/5082/2457 2456/5060/2443
f 2456/5060/2443 29/5082/2457 2457/5061/2444
f 29/5082/2457 28/2/2 2457/5061/2444
f 2457/5061/2444 28/2/2 73/9/9
f 28/2/2 1/1/1 73/9/9
f 13/4895/2339 57/14/12 3/13/11
f 14/4894/2338 2458/5083/2458 13/4895/2339
f 15/4888/2337 2459/5084/2459 14/4889/2338
f 16/4886/2336 2461/5085/2460 15/4887/2337
f 17/4885/2335 2464/5086/2461 16/4886/2336
f 18/4884/2334 2468/5087/2462 17/4885/2335
f 19/4881/2333 2473/5088/2463 18/4882/2334
f 20/4879/2332 2479/5089/2464 19/4880/2333
f 21/4878/2331 2486/5090/2465 20/4879/2332
f 22/4877/2330 2494/5091/2466 21/4878/2331
f 23/4876/2329 2503/5092/2467 22/4877/2330
f 24/4875/2328 2513/5093/2468 23/4876/2329
f 25/4874/2327 2524/5094/2469 24/4875/2328
f 26/4873/2326 2536/5095/2470 25/4874/2327
f 27/3/3 2549/5096/2471 26/4873/2326
f 13/4895/2339 2458/5083/2458 57/14/12
f 2458/5083/2458 56/5097/1836 57/14/12
f 14/5098/2338 2459/5099/2459 2458/5100/2458
f 2459/5099/2459 2460/5101/2472 2458/5100/2458
f 2458/5100/2458 2460/5101/2472 56/5102/1836
f 2460/5101/2472 55/5103/1837 56/5102/1836
f 15/4887/2337 2461/5085/2460 2459/5104/2459
f 2461/5085/2460 2462/5105/2473 2459/5104/2459
f 2459/5104/2459 2462/5105/2473 2460/5106/2472
f 2462/5105/2473 2463/5107/2474 2460/5106/2472
f 2460/5108/2472 2463/5109/2474 55/5110/1837
f 2463/5109/2474 54/5111/1838 55/5110/1837
f 16/4886/2336 2464/5086/2461 2461/5085/2460
f 2464/5086/2461 2465/5112/2475 2461/5085/2460
f 2461/5085/2460 2465/5112/2475 2462/5105/2473
f 2465/5112/2475 2466/5113/2476 2462/5105/2473
f 2462/5105/2473 2466/5113/2476 2463/5107/2474
f 2466/5113/2476 2467/5114/2477 2463/5107/2474
f 2463/5107/2474 2467/5114/2477 54/5115/1838
f 2467/5116/2477 53/4037/1839 54/4036/1838
f 17/4885/2335 2468/5087/2462 2464/5086/2461
f 2468/5087/2462 2469/5117/2478 2464/5086/2461
f 2464/5086/2461 2469/5117/2478 2465/5112/2475
f 2469/5117/2478 2470/5118/2479 2465/5112/2475
f 2465/5112/2475 2470/5118/2479 2466/5113/2476
f 2470/5118/2479 2471/5119/2480 2466/5113/2476
f 2466/5113/2476 2471/5119/2480 2467/5114/2477
f 2471/5119/2480 2472/5120/2481 2467/5114/2477
f 2467/5114/2477 2472/5120/2481 53/5121/1839
f 2472/5120/2481 52/5122/1840 53/5121/1839
f 18/4884/2334 2473/5123/2463 2468/5087/2462
f 2473/5123/2463 2474/5124/2482 2468/5087/2462
f 2468/5087/2462 2474/5124/2482 2469/5117/2478
f 2474/5124/2482 2475/5125/2483 2469/5117/2478
f 2469/5117/2478 2475/5125/2483 2470/5118/2479
f 2475/5125/2483 2476/5126/2484 2470/5118/2479
f 2470/5118/2479 2476/5126/2484 2471/5119/2480
f 2476/5126/2484 2477/5127/2485 2471/5119/2480
f 2471/5119/2480 2477/5127/2485 2472/5120/2481
f 2477/5127/2485 2478/5128/2486 2472/5120/2481
f 2472/5120/2481 2478/5128/2486 52/5122/1840
f 2478/5128/2486 51/5129/1841 52/5122/1840
f 19/4880/2333 2479/5089/2464 2473/5123/2463
f 2479/5089/2464 2480/5130/2487 2473/5123/2463
f 2473/5123/2463 2480/5130/2487 2474/5124/2482
f 2480/5130/2487 2481/5131/2488 2474/5124/2482
f 2474/5124/2482 2481/5131/2488 2475/5125/2483
f 2481/5131/2488 2482/5132/2489 2475/5125/2483
f 2475/5125/2483 2482/5132/2489 2476/5126/2484
f 2482/5132/2489 2483/5133/2490 2476/5126/2484
f 2476/5126/2484 2483/5133/2490 2477/5127/2485
f 2483/5133/2490 2484/5134/2491 2477/5127/2485
f 2477/5127/2485 2484/5134/2491 2478/5128/2486
f 2484/5134/2491 2485/5135/2492 2478/5128/2486
f 2478/5136/2486 2485/5137/2492 51/4041/1841
f 2485/5137/2492 50/4043/1842 51/4041/1841
f 20/4879/2332 2486/5090/2465 2479/5089/2464
f 2486/5090/2465 2487/5138/2493 2479/5089/2464
f 2479/5089/2464 2487/5138/2493 2480/5130/2487
f 2487/5138/2493 2488/5139/2494 2480/5130/2487
f 2480/5130/2487 2488/5139/2494 2481/5131/2488
f 2488/5139/2494 2489/5140/2495 2481/5131/2488
f 2481/5131/2488 2489/5140/2495 2482/5132/2489
f 2489/5140/2495 2490/5141/2496 2482/5132/2489
f 2482/5132/2489 2490/5141/2496 2483/5133/2490
f 2490/5141/2496 2491/5142/2497 2483/5133/2490
f 2483/5133/2490 2491/5142/2497 2484/5134/2491
f 2491/5142/2497 2492/5143/2498 2484/5134/2491
f 2484/5134/2491 2492/5143/2498 2485/5135/2492
f 2492/5143/2498 2493/5144/2499 2485/5135/2492
f 2485/5135/2492 2493/5144/2499 50/5145/1842
f 2493/5144/2499 49/5146/1843 50/5145/1842
f 21/4878/2331 2494/5091/2466 2486/5090/2465
f 2494/5091/2466 2495/5147/2500 2486/5090/2465
f 2486/5090/2465 2495/5147/2500 2487/5138/2493
f 2495/5147/2500 2496/5148/2501 2487/5138/2493
f 2487/5138/2493 2496/5148/2501 2488/5139/2494
f 2496/5148/2501 2497/5149/2502 2488/5139/2494
f 2488/5139/2494 2497/5149/2502 2489/5140/2495
f 2497/5149/2502 2498/5150/2503 2489/5140/2495
f 2489/5140/2495 2498/5150/2503 2490/5141/2496
f 2498/5150/2503 2499/5151/2504 2490/5141/2496
f 2490/5141/2496 2499/5151/2504 2491/5142/2497
f 2499/5151/2504 2500/5152/2505 2491/5142/2497
f 2491/5142/2497 2500/5152/2505 2492/5143/2498
f 2500/5152/2505 2501/5153/2506 2492/5143/2498
f 2492/5143/2498 2501/5153/2506 2493/5144/2499
f 2501/5153/2506 2502/5154/2507 2493/5144/2499
f 2493/5144/2499 2502/5154/2507 49/5146/1843
f 2502/5155/2507 48/4050/1844 49/4049/1843
f 22/4877/2330 2503/5092/2467 2494/5091/2466
f 2503/5092/2467 2504/5156/2508 2494/5091/2466
f 2494/5091/2466 2504/5156/2508 2495/5147/2500
f 2504/5156/2508 2505/5157/2509 2495/5147/2500
f 2495/5147/2500 2505/5157/2509 2496/5148/2501
f 2505/5157/2509 2506/5158/2510 2496/5148/2501
f 2496/5148/2501 2506/5158/2510 2497/5149/2502
f 2506/5158/2510 2507/5159/2511 2497/5149/2502
f 2497/5149/2502 2507/5159/2511 2498/5150/2503
f 2507/5159/2511 2508/5160/2512 2498/5150/2503
f 2498/5150/2503 2508/5160/2512 2499/5151/2504
f 2508/5160/2512 2509/5161/2513 2499/5151/2504
f 2499/5151/2504 2509/5161/2513 2500/5152/2505
f 2509/5161/2513 2510/5162/2514 2500/5152/2505
f 2500/5152/2505 2510/5162/2514 2501/5153/2506
f 2510/5162/2514 2511/5163/2515 2501/5153/2506
f 2501/5153/2506 2511/5163/2515 2502/5154/2507
f 2511/5163/2515 2512/5164/2516 2502/5154/2507
f 2502/5165/2507 2512/5166/2516 48/5167/1844
f 2512/5168/2516 47/4051/1845 48/4050/1844
f 23/4876/2329 2513/5093/2468 2503/5092/2467
f 2513/5093/2468 2514/5169/2517 2503/5092/2467
f 2503/5092/2467 2514/5169/2517 2504/5156/2508
f 2514/5169/2517 2515/5170/2518 2504/5156/2508
f 2504/5156/2508 2515/5170/2518 2505/5157/2509
f 2515/5170/2518 2516/5171/2519 2505/5157/2509
f 2505/5157/2509 2516/5171/2519 2506/5158/2510
f 2516/5171/2519 2517/5172/2520 2506/5158/2510
f 2506/5158/2510 2517/5172/2520 2507/5159/2511
f 2517/5172/2520 2518/5173/2521 2507/5159/2511
f 2507/5159/2511 2518/5173/2521 2508/5160/2512
f 2518/5173/2521 2519/5174/2522 2508/5160/2512
f 2508/5160/2512 2519/5174/2522 2509/5161/2513
f 2519/5174/2522 2520/5175/2523 2509/5161/2513
f 2509/5161/2513 2520/5175/2523 2510/5162/2514
f 2520/5175/2523 2521/5176/2524 2510/5162/2514
f 2510/5162/2514 2521/5176/2524 2511/5163/2515
f 2521/5176/2524 2522/5177/2525 2511/5163/2515
f 2511/5163/2515 2522/5177/2525 2512/5164/2516
f 2522/5177/2525 2523/5178/2526 2512/5164/2516
f 2512/5168/2516 2523/5179/2526 47/4051/1845
f 2523/5179/2526 46/4052/1846 47/4051/1845
f 24/4875/2328 2524/5094/2469 2513/5093/2468
f 2524/5094/2469 2525/5180/2527 2513/5093/2468
f 2513/5093/2468 2525/5180/2527 2514/5169/2517
f 2525/5180/2527 2526/5181/2528 2514/5169/2517
f 2514/5169/2517 2526/5181/2528 2515/5170/2518
f 2526/5181/2528 2527/5182/2529 2515/5170/2518
f 2515/5170/2518 2527/5182/2529 2516/5171/2519
f 2527/5182/2529 2528/5183/2530 2516/5171/2519
f 2516/5171/2519 2528/5183/2530 2517/5172/2520
f 2528/5183/2530 2529/5184/2531 2517/5172/2520
f 2517/5172/2520 2529/5184/2531 2518/5173/2521
f 2529/5184/2531 2530/5185/2532 2518/5173/2521
f 2518/5173/2521 2530/5185/2532 2519/5174/2522
f 2530/5185/2532 2531/5186/2533 2519/5174/2522
f 2519/5174/2522 2531/5186/2533 2520/5175/2523
f 2531/5186/2533 2532/5187/2534 2520/5175/2523
f 2520/5175/2523 2532/5187/2534 2521/5176/2524
f 2532/5187/2534 2533/5188/2535 2521/5176/2524
f 2521/5176/2524 2533/5188/2535 2522/5177/2525
f 2533/5188/2535 2534/5189/2536 2522/5177/2525
f 2522/5177/2525 2534/5189/2536 2523/5178/2526
f 2534/5190/2536 2535/5191/2537 2523/5179/2526
f 2523/5192/2526 2535/5193/2537 46/5194/1846
f 2535/5191/2537 45/4053/1847 46/4052/1846
f 25/4874/2327 2536/5095/2470 2524/5094/2469
f 2536/5095/2470 2537/5195/2538 2524/5094/2469
f 2524/5094/2469 2537/5195/2538 2525/5180/2527
f 2537/5195/2538 2538/5196/2539 2525/5180/2527
f 2525/5180/2527 2538/5196/2539 2526/5181/2528
f 2538/5196/2539 2539/5197/2540 2526/5181/2528
f 2526/5181/2528 2539/5197/2540 2527/5182/2529
f 2539/5197/2540 2540/5198/2541 2527/5182/2529
f 2527/5182/2529 2540/5198/2541 2528/5183/2530
f 2540/5198/2541 2541/5199/2542 2528/5183/2530
f 2528/5183/2530 2541/5199/2542 2529/5184/2531
f 2541/5199/2542 2542/5200/2543 2529/5184/2531
f 2529/5184/2531 2542/5200/2543 2530/5185/2532
f 2542/5200/2543 2543/5201/2544 2530/5185/2532
f 2530/5185/2532 2543/5201/2544 2531/5186/2533
f 2543/5201/2544 2544/5202/2545 2531/5186/2533
f 2531/5186/2533 2544/5202/2545 2532/5187/2534
f 2544/5202/2545 2545/5203/2546 2532/5187/2534
f 2532/5187/2534 2545/5203/2546 2533/5188/2535
f 2545/5203/2546 2546/5204/2547 2533/5188/2535
f 2533/5188/2535 2546/5204/2547 2534/5189/2536
f 2546/5205/2547 2547/5206/2548 2534/5190/2536
f 2534/5190/2536 2547/5206/2548 2535/5191/2537
f 2547/5206/2548 2548/5207/2549 2535/5191/2537
f 2535/5191/2537 2548/5207/2549 45/4053/1847
f 2548/5207/2549 44/5208/1848 45/4053/1847
f 26/4873/2326 2549/5096/2471 2536/5095/2470
f 2549/5096/2471 2550/5209/2550 2536/5095/2470
f 2536/5095/2470 2550/5209/2550 2537/5195/2538
f 2550/5209/2550 2551/5210/2551 2537/5195/2538
f 2537/5195/2538 2551/5210/2551 2538/5196/2539
f 2551/5210/2551 2552/5211/2552 2538/5196/2539
f 2538/5196/2539 2552/5211/2552 2539/5197/2540
f 2552/5211/2552 2553/5212/2553 2539/5197/2540
f 2539/5197/2540 2553/5212/2553 2540/5198/2541
f 2553/5212/2553 2554/5213/2554 2540/5198/2541
f 2540/5198/2541 2554/5213/2554 2541/5199/2542
f 2554/5213/2554 2555/5214/2555 2541/5199/2542
f 2541/5199/2542 2555/5214/2555 2542/5200/2543
f 2555/5214/2555 2556/5215/2556 2542/5200/2543
f 2542/5200/2543 2556/5215/2556 2543/5201/2544
f 2556/5215/2556 2557/5216/2557 2543/5201/2544
f 2543/5201/2544 2557/5216/2557 2544/5202/2545
f 2557/5216/2557 2558/5217/2558 2544/5202/2545
f 2544/5202/2545 2558/5217/2558 2545/5203/2546
f 2558/5217/2558 2559/5218/2559 2545/5203/2546
f 2545/5203/2546 2559/5218/2559 2546/5204/2547
f 2559/5219/2559 2560/5220/2560 2546/5221/2547
f 2546/5222/2547 2560/5223/2560 2547/5224/2548
f 2560/5223/2560 2561/5225/2561 2547/5224/2548
f 2547/5206/2548 2561/5226/2561 2548/5207/2549
f 2561/5227/2561 2562/5228/2562 2548/5229/2549
f 2548/5207/2549 2562/5230/2562 44/5208/1848
f 2562/5230/2562 43/5231/1849 44/5208/1848
f 27/3/3 28/2/2 2549/5096/2471
f 28/2/2 29/5082/2457 2549/5096/2471
f 2549/5096/2471 29/5082/2457 2550/5209/2550
f 29/5082/2457 30/5081/2456 2550/5209/2550
f 2550/5209/2550 30/5081/2456 2551/5210/2551
f 30/5081/2456 31/5080/2455 2551/5210/2551
f 2551/5210/2551 31/5080/2455 2552/5211/2552
f 31/5080/2455 32/5079/2454 2552/5211/2552
f 2552/5211/2552 32/5079/2454 2553/5212/2553
f 32/5079/2454 33/5078/2453 2553/5212/2553
f 2553/5212/2553 33/5078/2453 2554/5213/2554
f 33/5078/2453 34/5077/2452 2554/5213/2554
f 2554/5213/2554 34/5077/2452 2555/5214/2555
f 34/5077/2452 35/5076/2451 2555/5214/2555
f 2555/5214/2555 35/5076/2451 2556/5215/2556
f 35/5076/2451 36/5075/2450 2556/5215/2556
f 2556/5215/2556 36/5075/2450 2557/5216/2557
f 36/5075/2450 37/5074/2449 2557/5216/2557
f 2557/5216/2557 37/5074/2449 2558/5217/2558
f 37/5074/2449 38/5071/2448 2558/5217/2558
f 2558/5217/2558 38/5071/2448 2559/5218/2559
f 38/5071/2448 39/5069/2447 2559/5218/2559
f 2559/5218/2559 39/5069/2447 2560/5232/2560
f 39/5069/2447 40/5068/2446 2560/5232/2560
f 2560/5223/2560 40/5233/2446 2561/5225/2561
f 40/5234/2446 41/5235/2445 2561/5236/2561
f 2561/5236/2561 41/5235/2445 2562/5237/2562
f 41/5064/2445 42/5063/5 2562/5230/2562
f 2562/5230/2562 42/5063/5 43/5231/1849
f 42/5063/5 2/5238/4 43/5231/1849
s 0
f 2564/5239/2563 2569/5240/2563 2563/5241/2563
f 2569/5240/2564 2570/5242/2564 2575/5243/2564
f 2565/5244/2565 2570/5242/2565 2564/5239/2565
f 2570/5242/2566 2571/5245/2566 2575/5243/2566
f 2566/5246/2567 2571/5247/2567 2565/5248/2567
f 2571/5247/2568 2572/5249/2568 2575/5250/2568
f 2567/5251/2569 2572/5252/2569 2566/5253/2569
f 2572/5252/2570 2573/5254/2570 2575/5255/2570
f 2568/5256/2571 2573/5254/2571 2567/5251/2571
f 2573/5254/2572 2574/5257/2572 2575/5255/2572
f 2563/5258/2573 2574/5259/2573 2568/5260/2573
f 2574/5259/2574 2569/5261/2574 2575/5262/2574
f 2567/5263/2575 2565/5264/2575 2563/5265/2575
f 2577/5266/2576 2582/5267/2576 2576/5268/2576
f 2582/5269/2577 2583/5270/2577 2588/5271/2577
f 2578/5272/2578 2583/5273/2578 2577/5274/2578
f 2583/5273/2579 2584/5275/2579 2588/5276/2579
f 2579/5277/2580 2584/5278/2580 2578/5279/2580
f 2584/5278/2581 2585/5280/2581 2588/5281/2581
f 2580/5282/2582 2585/5283/2582 2579/5284/2582
f 2585/5280/2583 2586/5285/2583 2588/5281/2583
f 2581/5286/2584 2586/5287/2584 2580/5282/2584
f 2586/5287/2585 2587/5288/2585 2588/5289/2585
f 2576/5268/2586 2587/5290/2586 2581/5291/2586
f 2587/5292/2587 2582/5269/2587 2588/5271/2587
f 2580/5293/2588 2578/5294/2588 2576/5295/2588
f 2590/5296/2589 2595/5297/2589 2589/5298/2589
f 2595/5299/2590 2596/5300/2590 2601/5301/2590
f 2591/5302/2591 2596/5303/2591 2590/5296/2591
f 2596/5303/2592 2597/5304/2592 2601/5305/2592
f 2592/5306/2593 2597/5307/2593 2591/5308/2593
f 2597/5307/2594 2598/5309/2594 2601/5310/2594
f 2593/5311/2595 2598/5312/2595 2592/5313/2595
f 2598/5309/2596 2599/5314/2596 2601/5310/2596
f 2594/5315/2597 2599/5316/2597 2593/5311/2597
f 2599/5316/2598 2600/5317/2598 2601/5318/2598
f 2589/5319/2599 2600/5320/2599 2594/5321/2599
f 2600/5322/2600 2595/5299/2600 2601/5301/2600
f 2593/5323/2601 2591/5324/2601 2589/5319/2601
f 2603/5325/2602 2608/5326/2602 2602/5327/2602
f 2608/5326/2603 2609/5328/2603 2614/5329/2603
f 2604/5330/2604 2609/5331/2604 2603/5332/2604
f 2609/5328/2605 2610/5333/2605 2614/5329/2605
f 2605/5334/2606 2610/5335/2606 2604/5336/2606
f 2610/5335/2607 2611/5337/2607 2614/5338/2607
f 2606/5339/2608 2611/5340/2608 2605/5341/2608
f 2611/5342/2609 2612/5343/2609 2614/5344/2609
f 2607/5345/2610 2612/5343/2610 2606/5346/2610
f 2612/5343/2611 2613/5347/2611 2614/5344/2611
f 2602/5348/2612 2613/5349/2612 2607/5350/2612
f 2613/5349/2613 2608/5351/2613 2614/5352/2613
f 2606/5353/2614 2604/5330/2614 2602/5354/2614
f 2616/5355/2615 2621/5356/2615 2615/5357/2615
f 2621/5356/2616 2622/5358/2616 2627/5359/2616
f 2617/5360/2617 2622/5361/2617 2616/5362/2617
f 2622/5358/2618 2623/5363/2618 2627/5359/2618
f 2618/5364/2619 2623/5365/2619 2617/5360/2619
f 2623/5366/2620 2624/5367/2620 2627/5368/2620
f 2619/5369/2621 2624/5367/2621 2618/5370/2621
f 2624/5367/2622 2625/5371/2622 2627/5368/2622
f 2620/5372/2623 2625/5373/2623 2619/5374/2623
f 2625/5373/2624 2626/5375/2624 2627/5376/2624
f 2615/5377/2625 2626/5375/2625 2620/5372/2625
f 2626/5375/2626 2621/5378/2626 2627/5376/2626
f 2619/5379/2627 2617/5380/2627 2615/5381/2627
f 2629/5382/2628 2634/5383/2628 2628/5384/2628
f 2634/5383/2629 2635/5385/2629 2640/5386/2629
f 2630/5387/2630 2635/5388/2630 2629/5389/2630
f 2635/5388/2631 2636/5390/2631 2640/5391/2631
f 2631/5392/2632 2636/5390/2632 2630/5387/2632
f 2636/5390/2633 2637/5393/2633 2640/5391/2633
f 2631/5394/2634 2638/5395/2634 2637/5396/2634
f 2637/5396/2635 2638/5395/2635 2640/5397/2635
f 2632/5398/2636 2639/5399/2636 2638/5400/2636
f 2638/5400/2637 2639/5399/2637 2640/5401/2637
f 2628/5402/2638 2639/5399/2638 2633/5403/2638
f 2639/5399/2639 2634/5404/2639 2640/5401/2639
f 2632/5405/2640 2630/5406/2640 2628/5407/2640
f 2642/5408/2641 2647/5409/2641 2641/5410/2641
f 2647/5409/2642 2648/5411/2642 2653/5412/2642
f 2643/5413/2643 2648/5414/2643 2642/5415/2643
f 2648/5416/2644 2649/5417/2644 2653/5418/2644
f 2643/5419/2645 2650/5420/2645 2649/5417/2645
f 2649/5417/2646 2650/5420/2646 2653/5418/2646
f 2645/5421/2647 2650/5422/2647 2644/5423/2647
f 2650/5422/2648 2651/5424/2648 2653/5425/2648
f 2646/5426/2649 2651/5427/2649 2645/5428/2649
f 2651/5427/2650 2652/5429/2650 2653/5430/2650
f 2641/5431/2651 2652/5432/2651 2646/5433/2651
f 2652/5434/2652 2647/5409/2652 2653/5412/2652
f 2645/5435/2653 2643/5436/2653 2641/5431/2653
f 2655/5437/2654 2660/5438/2654 2654/5439/2654
f 2660/5438/2655 2661/5440/2655 2666/5441/2655
f 2656/5442/2656 2661/5443/2656 2655/5444/2656
f 2661/5440/2657 2662/5445/2657 2666/5441/2657
f 2657/5446/2658 2662/5447/2658 2656/5442/2658
f 2662/5448/2659 2663/5449/2659 2666/5450/2659
f 2658/5451/2660 2663/5452/2660 2657/5453/2660
f 2663/5449/2661 2664/5454/2661 2666/5450/2661
f 2659/5455/2662 2664/5456/2662 2658/5457/2662
f 2664/5456/2663 2665/5458/2663 2666/5459/2663
f 2654/5460/2664 2665/5458/2664 2659/5455/2664
f 2665/5458/2665 2660/5461/2665 2666/5459/2665
f 2658/5462/2666 2656/5463/2666 2654/5464/2666
f 2667/5465/2667 2674/5466/2667 2673/5467/2667
f 2673/5468/2668 2674/5469/2668 2679/5470/2668
f 2669/5471/2669 2674/5466/2669 2668/5472/2669
f 2674/5466/2670 2675/5473/2670 2679/5474/2670
f 2669/5475/2671 2676/5476/2671 2675/5477/2671
f 2675/5478/2672 2676/5479/2672 2679/5480/2672
f 2671/5481/2673 2676/5482/2673 2670/5483/2673
f 2676/5482/2674 2677/5484/2674 2679/5485/2674
f 2672/5486/2675 2677/5484/2675 2671/5481/2675
f 2677/5484/2676 2678/5487/2676 2679/5485/2676
f 2672/5488/2677 2673/5468/2677 2678/5489/2677
f 2678/5489/2678 2673/5468/2678 2679/5470/2678
f 2671/5490/2679 2669/5491/2679 2667/5492/2679
f 2564/5239/2563 2570/5242/2563 2569/5240/2563
f 2565/5244/2565 2571/5245/2565 2570/5242/2565
f 2566/5246/2567 2572/5249/2567 2571/5247/2567
f 2567/5251/2569 2573/5254/2569 2572/5252/2569
f 2568/5256/2571 2574/5257/2571 2573/5254/2571
f 2563/5258/2573 2569/5261/2573 2574/5259/2573
f 2563/5265/2575 2568/5493/2575 2567/5263/2575
f 2567/5263/2575 2566/5494/2575 2565/5264/2575
f 2565/5264/2575 2564/5495/2575 2563/5265/2575
f 2577/5266/2576 2583/5496/2576 2582/5267/2576
f 2578/5272/2578 2584/5275/2578 2583/5273/2578
f 2579/5277/2580 2585/5280/2580 2584/5278/2580
f 2580/5282/2582 2586/5287/2582 2585/5283/2582
f 2581/5286/2584 2587/5288/2584 2586/5287/2584
f 2576/5268/2586 2582/5267/2586 2587/5290/2586
f 2576/5295/2588 2581/5497/2588 2580/5293/2588
f 2580/5293/2588 2579/5498/2588 2578/5294/2588
f 2578/5294/2588 2577/5499/2588 2576/5295/2588
f 2590/5296/2589 2596/5303/2589 2595/5297/2589
f 2591/5302/2591 2597/5304/2591 2596/5303/2591
f 2592/5306/2593 2598/5309/2593 2597/5307/2593
f 2593/5311/2595 2599/5316/2595 2598/5312/2595
f 2594/5315/2597 2600/5317/2597 2599/5316/2597
f 2589/5319/2599 2595/5500/2599 2600/5320/2599
f 2589/5319/2601 2594/5321/2601 2593/5323/2601
f 2593/5323/2601 2592/5501/2601 2591/5324/2601
f 2591/5324/2601 2590/5502/2601 2589/5319/2601
f 2603/5325/2602 2609/5328/2602 2608/5326/2602
f 2604/5330/2604 2610/5503/2604 2609/5331/2604
f 2605/5334/2606 2611/5337/2606 2610/5335/2606
f 2606/5339/2608 2612/5504/2608 2611/5340/2608
f 2607/5345/2610 2613/5347/2610 2612/5343/2610
f 2602/5348/2612 2608/5351/2612 2613/5349/2612
f 2602/5354/2614 2607/5505/2614 2606/5353/2614
f 2606/5353/2614 2605/5506/2614 2604/5330/2614
f 2604/5330/2614 2603/5332/2614 2602/5354/2614
f 2616/5355/2615 2622/5358/2615 2621/5356/2615
f 2617/5360/2617 2623/5365/2617 2622/5361/2617
f 2618/5364/2619 2624/5507/2619 2623/5365/2619
f 2619/5369/2621 2625/5371/2621 2624/5367/2621
f 2620/5372/2623 2626/5375/2623 2625/5373/2623
f 2615/5377/2625 2621/5378/2625 2626/5375/2625
f 2615/5381/2627 2620/5508/2627 2619/5379/2627
f 2619/5379/2627 2618/5509/2627 2617/5380/2627
f 2617/5380/2627 2616/5510/2627 2615/5381/2627
f 2629/5382/2628 2635/5385/2628 2634/5383/2628
f 2630/5387/2630 2636/5390/2630 2635/5388/2630
f 2631/5392/2632 2637/5393/2632 2636/5390/2632
f 2631/5394/2634 2632/5511/2634 2638/5395/2634
f 2632/5398/2636 2633/5403/2636 2639/5399/2636
f 2628/5402/2638 2634/5404/2638 2639/5399/2638
f 2628/5407/2640 2633/5512/2640 2632/5405/2640
f 2632/5405/2640 2631/5513/2640 2630/5406/2640
f 2630/5406/2640 2629/5514/2640 2628/5407/2640
f 2642/5408/2641 2648/5411/2641 2647/5409/2641
f 2643/5413/2643 2649/5515/2643 2648/5414/2643
f 2643/5419/2645 2644/5516/2645 2650/5420/2645
f 2645/5421/2647 2651/5424/2647 2650/5422/2647
f 2646/5426/2649 2652/5429/2649 2651/5427/2649
f 2641/5431/2651 2647/5517/2651 2652/5432/2651
f 2641/5431/2653 2646/5433/2653 2645/5435/2653
f 2645/5435/2653 2644/5518/2653 2643/5436/2653
f 2643/5436/2653 2642/5519/2653 2641/5431/2653
f 2655/5437/2654 2661/5440/2654 2660/5438/2654
f 2656/5442/2656 2662/5447/2656 2661/5443/2656
f 2657/5446/2658 2663/5520/2658 2662/5447/2658
f 2658/5451/2660 2664/5521/2660 2663/5452/2660
f 2659/5455/2662 2665/5458/2662 2664/5456/2662
f 2654/5460/2664 2660/5461/2664 2665/5458/2664
f 2654/5464/2666 2659/5522/2666 2658/5462/2666
f 2658/5462/2666 2657/5523/2666 2656/5463/2666
f 2656/5463/2666 2655/5524/2666 2654/5464/2666
f 2667/5465/2667 2668/5472/2667 2674/5466/2667
f 2669/5471/2669 2675/5473/2669 2674/5466/2669
f 2669/5475/2671 2670/5525/2671 2676/5476/2671
f 2671/5481/2673 2677/5484/2673 2676/5482/2673
f 2672/5486/2675 2678/5487/2675 2677/5484/2675
f 2672/5488/2677 2667/5526/2677 2673/5468/2677
f 2667/5492/2679 2672/5527/2679 2671/5490/2679
f 2671/5490/2679 2670/5528/2679 2669/5491/2679
f 2669/5491/2679 2668/5529/2679 2667/5492/2679
