# Blender 4.3.2
# www.blender.org
o silver_spheres_2
v 0.376098 -0.079691 -0.107299
v 0.359156 -0.080767 -0.100283
v 0.352139 -0.081394 -0.083319
v 0.359156 -0.081204 -0.066345
v 0.376098 -0.080309 -0.059303
v 0.393040 -0.079233 -0.066320
v 0.400058 -0.078606 -0.083283
v 0.393040 -0.078796 -0.100258
v 0.372845 -0.024075 -0.106581
v 0.355999 -0.026224 -0.099579
v 0.349043 -0.027476 -0.082625
v 0.356050 -0.027097 -0.065649
v 0.372917 -0.025308 -0.058597
v 0.389762 -0.023159 -0.065598
v 0.396719 -0.021907 -0.082553
v 0.389711 -0.022286 -0.099528
v 0.363104 0.030890 -0.104431
v 0.346645 0.026610 -0.097487
v 0.339933 0.024123 -0.080571
v 0.346899 0.024885 -0.063591
v 0.363462 0.028451 -0.056495
v 0.379921 0.032731 -0.063439
v 0.386633 0.035218 -0.080355
v 0.379667 0.034456 -0.097335
v 0.347076 0.083960 -0.100889
v 0.331259 0.077589 -0.094059
v 0.324938 0.073893 -0.077212
v 0.331816 0.075038 -0.060218
v 0.347863 0.080352 -0.053032
v 0.363680 0.086724 -0.059862
v 0.370001 0.090419 -0.076708
v 0.363123 0.089274 -0.093703
v 0.325031 0.134229 -0.096015
v 0.310115 0.125829 -0.089355
v 0.304334 0.120966 -0.072611
v 0.311076 0.122489 -0.055592
v 0.326390 0.129506 -0.048267
v 0.341307 0.137905 -0.054928
v 0.347087 0.142768 -0.071671
v 0.340346 0.141245 -0.088690
v 0.297343 0.180838 -0.089891
v 0.283589 0.170501 -0.083458
v 0.278499 0.164529 -0.066849
v 0.285054 0.166420 -0.049795
v 0.299415 0.175068 -0.042284
v 0.313168 0.185405 -0.048717
v 0.318259 0.191378 -0.065325
v 0.311703 0.189486 -0.082380
v 0.264480 0.222991 -0.082621
v 0.252152 0.210840 -0.076472
v 0.247902 0.203836 -0.060032
v 0.254219 0.206081 -0.042930
v 0.267403 0.216260 -0.035185
v 0.279731 0.228411 -0.041334
v 0.283981 0.235415 -0.057774
v 0.277664 0.233170 -0.074876
v 0.227001 0.259962 -0.074329
v 0.216358 0.246164 -0.068520
v 0.213094 0.238227 -0.052279
v 0.219120 0.240802 -0.035120
v 0.230908 0.252380 -0.027093
v 0.241550 0.266178 -0.032901
v 0.244815 0.274115 -0.049142
v 0.238788 0.271540 -0.066302
v 0.185544 0.291116 -0.065156
v 0.176831 0.275879 -0.059741
v 0.174690 0.267135 -0.043729
v 0.180375 0.270007 -0.026500
v 0.190555 0.282813 -0.018146
v 0.199267 0.298051 -0.023560
v 0.201408 0.306794 -0.039572
v 0.195724 0.303922 -0.056802
v 0.140817 0.315914 -0.055259
v 0.134256 0.299494 -0.050285
v 0.133360 0.290095 -0.034529
v 0.138653 0.293222 -0.017220
v 0.147036 0.307045 -0.008497
v 0.153597 0.323465 -0.013471
v 0.154494 0.332864 -0.029227
v 0.149200 0.329736 -0.046537
v 0.093590 0.333926 -0.044808
v 0.089362 0.316624 -0.040315
v 0.089808 0.306745 -0.024835
v 0.094667 0.310077 -0.007437
v 0.101093 0.324666 0.001688
v 0.105321 0.341968 -0.002805
v 0.104875 0.351846 -0.018285
v 0.100015 0.348515 -0.035683
v 0.044674 0.344839 -0.033984
v 0.042909 0.326995 -0.029999
v 0.044766 0.316833 -0.014811
v 0.049156 0.320305 0.002685
v 0.053508 0.335379 0.012238
v 0.055272 0.353223 0.008253
v 0.053415 0.363386 -0.006936
v 0.049025 0.359913 -0.024431
v -0.005088 0.348466 -0.022972
v -0.004321 0.330443 -0.019511
v -0.001023 0.320205 -0.004620
v 0.002874 0.323751 0.012977
v 0.005088 0.339002 0.022972
v 0.004321 0.357026 0.019511
v 0.001023 0.367263 0.004620
v -0.002874 0.363718 -0.012977
v -0.054836 0.344746 -0.011963
v -0.051541 0.326916 -0.009025
v -0.046810 0.316814 0.005569
v -0.043415 0.320358 0.023270
v -0.043345 0.335472 0.033709
v -0.046640 0.353303 0.030771
v -0.051371 0.363404 0.016177
v -0.054766 0.359860 -0.001524
v -0.103714 0.333746 -0.001147
v -0.097961 0.316471 0.001283
v -0.091845 0.306709 0.015591
v -0.088949 0.310178 0.033395
v -0.090969 0.324846 0.044267
v -0.096722 0.342120 0.041837
v -0.102838 0.351883 0.027529
v -0.105734 0.348414 0.009725
v -0.150881 0.315661 0.009291
v -0.142804 0.299279 0.011241
v -0.135384 0.290044 0.025280
v -0.132969 0.293365 0.043184
v -0.136973 0.307298 0.054465
v -0.145050 0.323680 0.052515
v -0.152469 0.332915 0.038476
v -0.154884 0.329594 0.020573
v -0.195528 0.290808 0.019172
v -0.185312 0.275617 0.020681
v -0.176700 0.267073 0.034474
v -0.174736 0.270182 0.052471
v -0.180570 0.283122 0.064130
v -0.190786 0.298313 0.062620
v -0.199399 0.306856 0.048827
v -0.201363 0.303748 0.030830
v -0.236893 0.259619 0.028326
v -0.224761 0.245872 0.029442
v -0.215086 0.238158 0.043017
v -0.213534 0.240995 0.061099
v -0.221015 0.252723 0.073095
v -0.233147 0.266470 0.071979
v -0.242823 0.274184 0.058404
v -0.244375 0.271347 0.040322
v -0.274273 0.222635 0.036598
v -0.260472 0.210538 0.037374
v -0.249875 0.203764 0.050761
v -0.248689 0.206282 0.068918
v -0.257610 0.216615 0.081208
v -0.271411 0.228712 0.080432
v -0.282008 0.235486 0.067045
v -0.283194 0.232969 0.048888
v -0.307034 0.180493 0.043847
v -0.291823 0.170207 0.044338
v -0.280452 0.164459 0.057570
v -0.279583 0.166616 0.075791
v -0.289724 0.175413 0.088328
v -0.304935 0.185699 0.087836
v -0.316306 0.191447 0.074605
v -0.317175 0.189291 0.056383
v -0.334621 0.133914 0.049951
v -0.318263 0.125562 0.050215
v -0.306268 0.120903 0.063323
v -0.305662 0.122667 0.081597
v -0.316801 0.129820 0.094332
v -0.333159 0.138172 0.094068
v -0.345154 0.142831 0.080959
v -0.345759 0.141068 0.062685
v -0.356568 0.083697 0.054805
v -0.339325 0.077365 0.054899
v -0.326853 0.073840 0.067915
v -0.326458 0.075186 0.086231
v -0.338371 0.080615 0.099115
v -0.355614 0.086947 0.099022
v -0.368086 0.090472 0.086005
v -0.368481 0.089126 0.067690
v -0.372506 0.030698 0.058330
v -0.354636 0.026447 0.058308
v -0.341831 0.024084 0.071265
v -0.341593 0.024994 0.089609
v -0.354060 0.028643 0.102596
v -0.371930 0.032894 0.102618
v -0.384735 0.035257 0.089661
v -0.384973 0.034347 0.071317
v -0.382166 -0.024179 0.060464
v -0.363922 -0.026313 0.060383
v -0.350926 -0.027497 0.073310
v -0.350790 -0.027038 0.091672
v -0.363595 -0.025204 0.104714
v -0.381840 -0.023070 0.104795
v -0.394836 -0.021886 0.091868
v -0.394971 -0.022345 0.073505
v -0.385399 -0.079744 0.061178
v -0.367062 -0.080812 0.061082
v -0.354018 -0.081404 0.074002
v -0.353908 -0.081174 0.092369
v -0.366798 -0.080256 0.105424
v -0.385135 -0.079188 0.105520
v -0.398179 -0.078596 0.092601
v -0.398288 -0.078826 0.074234
v 0.342964 0.116477 -0.160200
v 0.342964 0.071334 -0.160200
v 0.349939 0.178143 -0.097429
v 0.356439 0.169431 -0.117433
v 0.362020 0.155571 -0.134610
v 0.366303 0.137510 -0.147791
v 0.368995 0.116477 -0.156077
v 0.369913 0.093905 -0.158903
v 0.368995 0.071334 -0.156077
v 0.366303 0.050301 -0.147791
v 0.362020 0.032240 -0.134610
v 0.356439 0.018380 -0.117433
v 0.349939 0.009668 -0.097429
v 0.356231 0.178143 -0.094223
v 0.368594 0.169431 -0.111239
v 0.379211 0.155571 -0.125851
v 0.387357 0.137510 -0.137064
v 0.392478 0.116477 -0.144112
v 0.394224 0.093905 -0.146516
v 0.392478 0.071334 -0.144112
v 0.387357 0.050301 -0.137064
v 0.379211 0.032240 -0.125851
v 0.368594 0.018380 -0.111239
v 0.356231 0.009668 -0.094223
v 0.361225 0.178143 -0.089230
v 0.378241 0.169431 -0.101593
v 0.392853 0.155571 -0.112209
v 0.404065 0.137510 -0.120355
v 0.411114 0.116477 -0.125476
v 0.413518 0.093905 -0.127223
v 0.411114 0.071334 -0.125476
v 0.404065 0.050301 -0.120355
v 0.392853 0.032240 -0.112209
v 0.378241 0.018380 -0.101593
v 0.361225 0.009668 -0.089230
v 0.364431 0.178143 -0.082937
v 0.384434 0.169431 -0.089437
v 0.401612 0.155571 -0.095018
v 0.414793 0.137510 -0.099301
v 0.423079 0.116477 -0.101993
v 0.425905 0.093905 -0.102912
v 0.423079 0.071334 -0.101993
v 0.414793 0.050301 -0.099301
v 0.401612 0.032240 -0.095018
v 0.384434 0.018380 -0.089437
v 0.364431 0.009668 -0.082937
v 0.365535 0.178143 -0.075963
v 0.386569 0.169431 -0.075963
v 0.404630 0.155571 -0.075963
v 0.418489 0.137510 -0.075963
v 0.427201 0.116477 -0.075963
v 0.430173 0.093905 -0.075963
v 0.427201 0.071334 -0.075963
v 0.418489 0.050301 -0.075963
v 0.404630 0.032240 -0.075963
v 0.386569 0.018380 -0.075963
v 0.365535 0.009668 -0.075963
v 0.364431 0.178143 -0.068988
v 0.384434 0.169431 -0.062488
v 0.401612 0.155571 -0.056907
v 0.414793 0.137510 -0.052624
v 0.423079 0.116477 -0.049932
v 0.425905 0.093905 -0.049014
v 0.423079 0.071334 -0.049932
v 0.414793 0.050301 -0.052624
v 0.401612 0.032240 -0.056907
v 0.384434 0.018380 -0.062488
v 0.364431 0.009668 -0.068988
v 0.361225 0.178143 -0.062695
v 0.378241 0.169431 -0.050333
v 0.392853 0.155571 -0.039716
v 0.404065 0.137510 -0.031570
v 0.411114 0.116477 -0.026449
v 0.413518 0.093905 -0.024702
v 0.411114 0.071334 -0.026449
v 0.404065 0.050301 -0.031570
v 0.392853 0.032240 -0.039716
v 0.378241 0.018380 -0.050333
v 0.361225 0.009668 -0.062695
v 0.356231 0.178143 -0.057702
v 0.368594 0.169431 -0.040686
v 0.379211 0.155571 -0.026074
v 0.387357 0.137510 -0.014861
v 0.392478 0.116477 -0.007813
v 0.394224 0.093905 -0.005409
v 0.392478 0.071334 -0.007813
v 0.387357 0.050301 -0.014861
v 0.379211 0.032240 -0.026074
v 0.368594 0.018380 -0.040686
v 0.356231 0.009668 -0.057702
v 0.349939 0.178143 -0.054496
v 0.356439 0.169431 -0.034492
v 0.362020 0.155571 -0.017315
v 0.366303 0.137510 -0.004134
v 0.368995 0.116477 0.004152
v 0.369913 0.093905 0.006978
v 0.368995 0.071334 0.004152
v 0.366303 0.050301 -0.004134
v 0.362020 0.032240 -0.017315
v 0.356439 0.018380 -0.034492
v 0.349939 0.009668 -0.054496
v 0.342964 0.178143 -0.053391
v 0.342964 0.169431 -0.032358
v 0.342964 0.155571 -0.014297
v 0.342964 0.137510 -0.000437
v 0.342964 0.116477 0.008275
v 0.342964 0.093905 0.011246
v 0.342964 0.071334 0.008275
v 0.342964 0.050301 -0.000437
v 0.342964 0.032240 -0.014297
v 0.342964 0.018380 -0.032358
v 0.342964 0.009668 -0.053391
v 0.335989 0.178143 -0.054496
v 0.329490 0.169431 -0.034492
v 0.323908 0.155571 -0.017315
v 0.319626 0.137510 -0.004134
v 0.316933 0.116477 0.004152
v 0.316015 0.093905 0.006978
v 0.316933 0.071334 0.004152
v 0.319626 0.050301 -0.004134
v 0.323908 0.032240 -0.017315
v 0.329490 0.018380 -0.034492
v 0.335989 0.009668 -0.054496
v 0.342964 0.006697 -0.075963
v 0.342964 0.181114 -0.075963
v 0.329697 0.178143 -0.057702
v 0.317334 0.169431 -0.040686
v 0.306718 0.155571 -0.026074
v 0.298572 0.137510 -0.014861
v 0.293451 0.116477 -0.007813
v 0.291704 0.093905 -0.005409
v 0.293451 0.071334 -0.007813
v 0.298572 0.050301 -0.014861
v 0.306718 0.032240 -0.026074
v 0.317334 0.018380 -0.040686
v 0.329697 0.009668 -0.057702
v 0.324704 0.178143 -0.062695
v 0.307687 0.169431 -0.050333
v 0.293075 0.155571 -0.039716
v 0.281863 0.137510 -0.031570
v 0.274815 0.116477 -0.026449
v 0.272411 0.093905 -0.024702
v 0.274815 0.071334 -0.026449
v 0.281863 0.050301 -0.031570
v 0.293075 0.032240 -0.039716
v 0.307687 0.018380 -0.050333
v 0.324704 0.009668 -0.062695
v 0.321498 0.178143 -0.068988
v 0.301494 0.169431 -0.062488
v 0.284316 0.155571 -0.056907
v 0.271136 0.137510 -0.052624
v 0.262850 0.116477 -0.049932
v 0.260024 0.093905 -0.049014
v 0.262850 0.071334 -0.049932
v 0.271136 0.050301 -0.052624
v 0.284316 0.032240 -0.056907
v 0.301494 0.018380 -0.062488
v 0.321498 0.009668 -0.068988
v 0.320393 0.178143 -0.075963
v 0.299360 0.169431 -0.075963
v 0.281298 0.155571 -0.075963
v 0.267439 0.137510 -0.075963
v 0.258727 0.116477 -0.075963
v 0.255755 0.093905 -0.075963
v 0.258727 0.071334 -0.075963
v 0.267439 0.050301 -0.075963
v 0.281298 0.032240 -0.075963
v 0.299360 0.018380 -0.075963
v 0.320393 0.009668 -0.075963
v 0.321498 0.178143 -0.082937
v 0.301494 0.169431 -0.089437
v 0.284316 0.155571 -0.095018
v 0.271136 0.137510 -0.099301
v 0.262850 0.116477 -0.101993
v 0.260024 0.093905 -0.102912
v 0.262850 0.071334 -0.101993
v 0.271136 0.050301 -0.099301
v 0.284316 0.032240 -0.095018
v 0.301494 0.018380 -0.089437
v 0.321498 0.009668 -0.082937
v 0.324704 0.178143 -0.089230
v 0.307687 0.169431 -0.101593
v 0.293075 0.155571 -0.112209
v 0.281863 0.137510 -0.120355
v 0.274815 0.116477 -0.125476
v 0.272411 0.093905 -0.127223
v 0.274815 0.071334 -0.125476
v 0.281863 0.050301 -0.120355
v 0.293075 0.032240 -0.112209
v 0.307687 0.018380 -0.101593
v 0.324704 0.009668 -0.089230
v 0.329697 0.178143 -0.094223
v 0.317334 0.169431 -0.111239
v 0.306718 0.155571 -0.125851
v 0.298572 0.137510 -0.137064
v 0.293451 0.116477 -0.144112
v 0.291704 0.093905 -0.146516
v 0.293451 0.071334 -0.144112
v 0.298572 0.050301 -0.137064
v 0.306718 0.032240 -0.125851
v 0.317334 0.018380 -0.111239
v 0.329697 0.009668 -0.094223
v 0.335989 0.178143 -0.097429
v 0.329490 0.169431 -0.117433
v 0.323908 0.155571 -0.134610
v 0.319626 0.137510 -0.147791
v 0.316933 0.116477 -0.156077
v 0.316015 0.093905 -0.158903
v 0.316933 0.071334 -0.156077
v 0.319626 0.050301 -0.147791
v 0.323908 0.032240 -0.134610
v 0.329490 0.018380 -0.117433
v 0.335989 0.009668 -0.097429
v 0.342964 0.178143 -0.098534
v 0.342964 0.169431 -0.119567
v 0.342964 0.155571 -0.137629
v 0.342964 0.137510 -0.151488
v 0.342964 0.093905 -0.163171
v 0.342964 0.050301 -0.151488
v 0.342964 0.032240 -0.137629
v 0.342964 0.018380 -0.119567
v 0.342964 0.009668 -0.098534
v 0.270267 0.238598 -0.149157
v 0.270267 0.190745 -0.149157
v 0.277661 0.303968 -0.082617
v 0.284551 0.294732 -0.103822
v 0.290467 0.280041 -0.122031
v 0.295007 0.260895 -0.136003
v 0.297861 0.238598 -0.144787
v 0.298834 0.214672 -0.147782
v 0.297861 0.190745 -0.144787
v 0.295007 0.168449 -0.136003
v 0.290467 0.149302 -0.122031
v 0.284551 0.134611 -0.103822
v 0.277661 0.125375 -0.082617
v 0.284331 0.303968 -0.079218
v 0.297436 0.294732 -0.097256
v 0.308690 0.280041 -0.112746
v 0.317326 0.260895 -0.124631
v 0.322754 0.238598 -0.132103
v 0.324606 0.214672 -0.134651
v 0.322754 0.190745 -0.132103
v 0.317326 0.168449 -0.124631
v 0.308690 0.149302 -0.112746
v 0.297436 0.134611 -0.097256
v 0.284331 0.125375 -0.079218
v 0.289624 0.303968 -0.073925
v 0.307662 0.294732 -0.087030
v 0.323152 0.280041 -0.098284
v 0.335037 0.260895 -0.106919
v 0.342509 0.238598 -0.112348
v 0.345058 0.214672 -0.114199
v 0.342509 0.190745 -0.112348
v 0.335037 0.168449 -0.106919
v 0.323152 0.149302 -0.098284
v 0.307662 0.134611 -0.087030
v 0.289624 0.125375 -0.073925
v 0.270267 0.122225 -0.059861
v 0.293023 0.303968 -0.067255
v 0.314228 0.294732 -0.074145
v 0.332437 0.280041 -0.080061
v 0.346409 0.260895 -0.084601
v 0.355193 0.238598 -0.087455
v 0.358189 0.214672 -0.088428
v 0.355193 0.190745 -0.087455
v 0.346409 0.168449 -0.084601
v 0.332437 0.149302 -0.080061
v 0.314228 0.134611 -0.074145
v 0.293023 0.125375 -0.067255
v 0.294194 0.303968 -0.059861
v 0.316490 0.294732 -0.059861
v 0.335636 0.280041 -0.059861
v 0.350328 0.260895 -0.059861
v 0.359563 0.238598 -0.059861
v 0.362713 0.214672 -0.059861
v 0.359563 0.190745 -0.059861
v 0.350328 0.168449 -0.059861
v 0.335636 0.149302 -0.059861
v 0.316490 0.134611 -0.059861
v 0.294194 0.125375 -0.059861
v 0.293023 0.303968 -0.052467
v 0.314228 0.294732 -0.045577
v 0.332437 0.280041 -0.039661
v 0.346409 0.260895 -0.035121
v 0.355193 0.238598 -0.032267
v 0.358189 0.214672 -0.031294
v 0.355193 0.190745 -0.032267
v 0.346409 0.168449 -0.035121
v 0.332437 0.149302 -0.039661
v 0.314228 0.134611 -0.045577
v 0.293023 0.125375 -0.052467
v 0.289624 0.303968 -0.045797
v 0.307662 0.294732 -0.032692
v 0.323152 0.280041 -0.021438
v 0.335037 0.260895 -0.012803
v 0.342509 0.238598 -0.007374
v 0.345058 0.214672 -0.005523
v 0.342509 0.190745 -0.007374
v 0.335037 0.168449 -0.012803
v 0.323152 0.149302 -0.021438
v 0.307662 0.134611 -0.032692
v 0.289624 0.125375 -0.045797
v 0.284331 0.303968 -0.040504
v 0.297436 0.294732 -0.022466
v 0.308690 0.280041 -0.006976
v 0.317326 0.260895 0.004909
v 0.322754 0.238598 0.012381
v 0.324606 0.214672 0.014929
v 0.322754 0.190745 0.012381
v 0.317326 0.168449 0.004909
v 0.308690 0.149302 -0.006976
v 0.297436 0.134611 -0.022466
v 0.284331 0.125375 -0.040504
v 0.277661 0.303968 -0.037105
v 0.284551 0.294732 -0.015900
v 0.290467 0.280041 0.002309
v 0.295007 0.260895 0.016281
v 0.297861 0.238598 0.025065
v 0.298834 0.214672 0.028060
v 0.297861 0.190745 0.025065
v 0.295007 0.168449 0.016281
v 0.290467 0.149302 0.002309
v 0.284551 0.134611 -0.015900
v 0.277661 0.125375 -0.037105
v 0.270267 0.303968 -0.035934
v 0.270267 0.294732 -0.013638
v 0.270267 0.280041 0.005508
v 0.270267 0.260895 0.020200
v 0.270267 0.238598 0.029435
v 0.270267 0.214672 0.032585
v 0.270267 0.190745 0.029435
v 0.270267 0.168449 0.020200
v 0.270267 0.149302 0.005508
v 0.270267 0.134611 -0.013638
v 0.270267 0.125375 -0.035934
v 0.262873 0.303968 -0.037105
v 0.255983 0.294732 -0.015900
v 0.250067 0.280041 0.002309
v 0.245527 0.260895 0.016281
v 0.242673 0.238598 0.025065
v 0.241700 0.214672 0.028060
v 0.242673 0.190745 0.025065
v 0.245527 0.168449 0.016281
v 0.250067 0.149302 0.002309
v 0.255983 0.134611 -0.015900
v 0.262873 0.125375 -0.037105
v 0.256203 0.303968 -0.040504
v 0.243098 0.294732 -0.022466
v 0.231844 0.280041 -0.006976
v 0.223209 0.260895 0.004909
v 0.217780 0.238598 0.012381
v 0.215929 0.214672 0.014929
v 0.217780 0.190745 0.012381
v 0.223209 0.168449 0.004909
v 0.231844 0.149302 -0.006976
v 0.243098 0.134611 -0.022466
v 0.256203 0.125375 -0.040504
v 0.250910 0.303968 -0.045797
v 0.232872 0.294732 -0.032692
v 0.217382 0.280041 -0.021438
v 0.205497 0.260895 -0.012802
v 0.198025 0.238598 -0.007374
v 0.195477 0.214672 -0.005523
v 0.198025 0.190745 -0.007374
v 0.205497 0.168449 -0.012802
v 0.217382 0.149302 -0.021438
v 0.232872 0.134611 -0.032692
v 0.250910 0.125375 -0.045797
v 0.270267 0.307118 -0.059861
v 0.247511 0.303968 -0.052467
v 0.226306 0.294732 -0.045577
v 0.208097 0.280041 -0.039661
v 0.194125 0.260895 -0.035121
v 0.185341 0.238598 -0.032267
v 0.182346 0.214672 -0.031294
v 0.185341 0.190745 -0.032267
v 0.194125 0.168449 -0.035121
v 0.208097 0.149302 -0.039661
v 0.226306 0.134611 -0.045577
v 0.247511 0.125375 -0.052467
v 0.246340 0.303968 -0.059861
v 0.224044 0.294732 -0.059861
v 0.204898 0.280041 -0.059861
v 0.190206 0.260895 -0.059861
v 0.180971 0.238598 -0.059861
v 0.177821 0.214672 -0.059861
v 0.180971 0.190745 -0.059861
v 0.190206 0.168449 -0.059861
v 0.204898 0.149302 -0.059861
v 0.224044 0.134611 -0.059861
v 0.246340 0.125375 -0.059861
v 0.247511 0.303968 -0.067255
v 0.226306 0.294732 -0.074145
v 0.208097 0.280041 -0.080061
v 0.194125 0.260895 -0.084601
v 0.185341 0.238598 -0.087455
v 0.182346 0.214672 -0.088428
v 0.185341 0.190745 -0.087455
v 0.194125 0.168449 -0.084601
v 0.208097 0.149302 -0.080061
v 0.226306 0.134611 -0.074145
v 0.247511 0.125375 -0.067255
v 0.250910 0.303968 -0.073925
v 0.232872 0.294732 -0.087030
v 0.217382 0.280041 -0.098284
v 0.205497 0.260895 -0.106919
v 0.198025 0.238598 -0.112348
v 0.195477 0.214672 -0.114199
v 0.198025 0.190745 -0.112348
v 0.205497 0.168449 -0.106919
v 0.217382 0.149302 -0.098284
v 0.232872 0.134611 -0.087030
v 0.250910 0.125375 -0.073925
v 0.256203 0.303968 -0.079218
v 0.243098 0.294732 -0.097256
v 0.231844 0.280041 -0.112746
v 0.223209 0.260895 -0.124631
v 0.217780 0.238598 -0.132103
v 0.215929 0.214672 -0.134651
v 0.217780 0.190745 -0.132103
v 0.223209 0.168449 -0.124631
v 0.231844 0.149302 -0.112746
v 0.243098 0.134611 -0.097256
v 0.256203 0.125375 -0.079218
v 0.262873 0.303968 -0.082617
v 0.255983 0.294732 -0.103822
v 0.250067 0.280041 -0.122031
v 0.245527 0.260895 -0.136003
v 0.242673 0.238598 -0.144787
v 0.241700 0.214672 -0.147782
v 0.242673 0.190745 -0.144787
v 0.245527 0.168449 -0.136003
v 0.250067 0.149302 -0.122031
v 0.255983 0.134611 -0.103822
v 0.262873 0.125375 -0.082617
v 0.270267 0.303968 -0.083788
v 0.270267 0.294732 -0.106084
v 0.270267 0.280041 -0.125230
v 0.270267 0.260895 -0.139922
v 0.270267 0.214672 -0.152307
v 0.270267 0.168449 -0.139922
v 0.270267 0.149302 -0.125230
v 0.270267 0.134611 -0.106084
v 0.270267 0.125375 -0.083788
v 0.123375 0.389394 -0.045843
v 0.123375 0.382247 -0.063099
v 0.123375 0.356059 -0.089286
v 0.123375 0.338804 -0.096433
v 0.123375 0.320287 -0.098871
v 0.123375 0.301769 -0.096433
v 0.123375 0.284514 -0.089286
v 0.123375 0.258327 -0.063099
v 0.129097 0.389394 -0.044937
v 0.134429 0.382247 -0.061348
v 0.139008 0.370877 -0.075440
v 0.142522 0.356059 -0.086254
v 0.144730 0.338804 -0.093051
v 0.145484 0.320287 -0.095370
v 0.144730 0.301769 -0.093051
v 0.142522 0.284514 -0.086254
v 0.139008 0.269696 -0.075440
v 0.134429 0.258327 -0.061348
v 0.129097 0.251179 -0.044937
v 0.134259 0.389394 -0.042307
v 0.144402 0.382247 -0.056267
v 0.153111 0.370877 -0.068254
v 0.159794 0.356059 -0.077453
v 0.163995 0.338804 -0.083235
v 0.165428 0.320287 -0.085207
v 0.163995 0.301769 -0.083235
v 0.159794 0.284514 -0.077453
v 0.153111 0.269696 -0.068254
v 0.144402 0.258327 -0.056267
v 0.134259 0.251179 -0.042307
v 0.123375 0.391832 -0.027326
v 0.138356 0.389394 -0.038210
v 0.152316 0.382247 -0.048353
v 0.164303 0.370877 -0.057062
v 0.173502 0.356059 -0.063745
v 0.179284 0.338804 -0.067946
v 0.181256 0.320287 -0.069379
v 0.179284 0.301769 -0.067946
v 0.173502 0.284514 -0.063745
v 0.164303 0.269696 -0.057062
v 0.152316 0.258327 -0.048353
v 0.138356 0.251179 -0.038210
v 0.140986 0.389394 -0.033048
v 0.157397 0.382247 -0.038380
v 0.171489 0.370877 -0.042959
v 0.182302 0.356059 -0.046473
v 0.189100 0.338804 -0.048681
v 0.191419 0.320287 -0.049435
v 0.189100 0.301769 -0.048681
v 0.182302 0.284514 -0.046473
v 0.171489 0.269696 -0.042959
v 0.157397 0.258327 -0.038380
v 0.140986 0.251179 -0.033048
v 0.141892 0.389394 -0.027326
v 0.159148 0.382247 -0.027326
v 0.173965 0.370877 -0.027326
v 0.185335 0.356059 -0.027326
v 0.192482 0.338804 -0.027326
v 0.194920 0.320287 -0.027326
v 0.192482 0.301769 -0.027326
v 0.185335 0.284514 -0.027326
v 0.173965 0.269696 -0.027326
v 0.159148 0.258327 -0.027326
v 0.141892 0.251179 -0.027326
v 0.140986 0.389394 -0.021604
v 0.157397 0.382247 -0.016272
v 0.171489 0.370877 -0.011693
v 0.182302 0.356059 -0.008179
v 0.189100 0.338804 -0.005971
v 0.191419 0.320287 -0.005217
v 0.189100 0.301769 -0.005971
v 0.182302 0.284514 -0.008179
v 0.171489 0.269696 -0.011693
v 0.157397 0.258327 -0.016272
v 0.140986 0.251179 -0.021604
v 0.138356 0.389394 -0.016442
v 0.152316 0.382247 -0.006299
v 0.164303 0.370877 0.002410
v 0.173502 0.356059 0.009093
v 0.179284 0.338804 0.013294
v 0.181256 0.320287 0.014727
v 0.179284 0.301769 0.013294
v 0.173502 0.284514 0.009093
v 0.164303 0.269696 0.002410
v 0.152316 0.258327 -0.006299
v 0.138356 0.251179 -0.016442
v 0.134259 0.389394 -0.012345
v 0.144402 0.382247 0.001615
v 0.153111 0.370877 0.013602
v 0.159794 0.356059 0.022801
v 0.163995 0.338804 0.028583
v 0.165428 0.320287 0.030555
v 0.163995 0.301769 0.028583
v 0.159794 0.284514 0.022801
v 0.153111 0.269696 0.013602
v 0.144402 0.258327 0.001615
v 0.134259 0.251179 -0.012345
v 0.129097 0.389394 -0.009715
v 0.134429 0.382247 0.006696
v 0.139008 0.370877 0.020788
v 0.142522 0.356059 0.031601
v 0.144730 0.338804 0.038399
v 0.145484 0.320287 0.040717
v 0.144730 0.301769 0.038399
v 0.142522 0.284514 0.031601
v 0.139008 0.269696 0.020788
v 0.134429 0.258327 0.006696
v 0.129097 0.251179 -0.009715
v 0.123375 0.389394 -0.008809
v 0.123375 0.382247 0.008447
v 0.123375 0.370877 0.023264
v 0.123375 0.356059 0.034634
v 0.123375 0.338804 0.041781
v 0.123375 0.320287 0.044219
v 0.123375 0.301769 0.041781
v 0.123375 0.284514 0.034634
v 0.123375 0.269696 0.023264
v 0.123375 0.258327 0.008447
v 0.123375 0.251179 -0.008809
v 0.117653 0.389394 -0.009715
v 0.112321 0.382247 0.006696
v 0.107742 0.370877 0.020788
v 0.104228 0.356059 0.031601
v 0.102020 0.338804 0.038399
v 0.101266 0.320287 0.040717
v 0.102020 0.301769 0.038399
v 0.104228 0.284514 0.031601
v 0.107742 0.269696 0.020788
v 0.112321 0.258327 0.006696
v 0.117653 0.251179 -0.009715
v 0.112491 0.389394 -0.012345
v 0.102348 0.382247 0.001615
v 0.093639 0.370877 0.013602
v 0.086956 0.356059 0.022801
v 0.082755 0.338804 0.028583
v 0.081322 0.320287 0.030555
v 0.082755 0.301769 0.028583
v 0.086956 0.284514 0.022801
v 0.093639 0.269696 0.013602
v 0.102348 0.258327 0.001615
v 0.112491 0.251179 -0.012345
v 0.123375 0.248741 -0.027326
v 0.108394 0.389394 -0.016442
v 0.094434 0.382247 -0.006299
v 0.082447 0.370877 0.002410
v 0.073248 0.356059 0.009093
v 0.067466 0.338804 0.013294
v 0.065494 0.320287 0.014727
v 0.067466 0.301769 0.013294
v 0.073248 0.284514 0.009093
v 0.082447 0.269696 0.002410
v 0.094434 0.258327 -0.006299
v 0.108394 0.251179 -0.016442
v 0.105764 0.389394 -0.021604
v 0.089353 0.382247 -0.016272
v 0.075261 0.370877 -0.011693
v 0.064448 0.356059 -0.008179
v 0.057650 0.338804 -0.005971
v 0.055331 0.320287 -0.005217
v 0.057650 0.301769 -0.005971
v 0.064448 0.284514 -0.008179
v 0.075261 0.269696 -0.011693
v 0.089353 0.258327 -0.016272
v 0.105764 0.251179 -0.021604
v 0.104858 0.389394 -0.027326
v 0.087602 0.382247 -0.027326
v 0.072785 0.370877 -0.027326
v 0.061415 0.356059 -0.027326
v 0.054268 0.338804 -0.027326
v 0.051830 0.320287 -0.027326
v 0.054268 0.301769 -0.027326
v 0.061415 0.284514 -0.027326
v 0.072785 0.269696 -0.027326
v 0.087602 0.258327 -0.027326
v 0.104858 0.251179 -0.027326
v 0.105764 0.389394 -0.033048
v 0.089353 0.382247 -0.038380
v 0.075261 0.370877 -0.042959
v 0.064448 0.356059 -0.046473
v 0.057650 0.338804 -0.048681
v 0.055331 0.320287 -0.049435
v 0.057650 0.301769 -0.048681
v 0.064448 0.284514 -0.046473
v 0.075261 0.269696 -0.042959
v 0.089353 0.258327 -0.038380
v 0.105764 0.251179 -0.033048
v 0.108394 0.389394 -0.038210
v 0.094434 0.382247 -0.048353
v 0.082447 0.370877 -0.057062
v 0.073248 0.356059 -0.063745
v 0.067466 0.338804 -0.067946
v 0.065494 0.320287 -0.069379
v 0.067466 0.301769 -0.067946
v 0.073248 0.284514 -0.063745
v 0.082447 0.269696 -0.057062
v 0.094434 0.258327 -0.048353
v 0.108394 0.251179 -0.038210
v 0.112491 0.389394 -0.042307
v 0.102348 0.382247 -0.056267
v 0.093639 0.370877 -0.068254
v 0.086956 0.356059 -0.077453
v 0.082755 0.338804 -0.083235
v 0.081322 0.320287 -0.085207
v 0.082755 0.301769 -0.083235
v 0.086956 0.284514 -0.077453
v 0.093639 0.269696 -0.068254
v 0.102348 0.258327 -0.056267
v 0.112491 0.251179 -0.042307
v 0.117653 0.389394 -0.044937
v 0.112321 0.382247 -0.061348
v 0.107742 0.370877 -0.075440
v 0.104228 0.356059 -0.086254
v 0.102020 0.338804 -0.093051
v 0.101266 0.320287 -0.095370
v 0.102020 0.301769 -0.093051
v 0.104228 0.284514 -0.086254
v 0.107742 0.269696 -0.075440
v 0.112321 0.258327 -0.061348
v 0.117653 0.251179 -0.044937
v 0.123375 0.370877 -0.077916
v 0.123375 0.269696 -0.077916
v 0.123375 0.251179 -0.045843
v -0.085056 0.397931 -0.046336
v -0.085056 0.378841 -0.060983
v -0.085056 0.356612 -0.070191
v -0.085056 0.308901 -0.070191
v -0.085056 0.267582 -0.046336
v -0.077684 0.421786 -0.003849
v -0.070815 0.412578 -0.024991
v -0.064916 0.397931 -0.043146
v -0.060390 0.378841 -0.057076
v -0.057544 0.356612 -0.065834
v -0.056574 0.332756 -0.068821
v -0.057544 0.308901 -0.065834
v -0.060390 0.286671 -0.057076
v -0.064916 0.267582 -0.043146
v -0.070815 0.252934 -0.024991
v -0.077684 0.243726 -0.003849
v -0.071034 0.421786 -0.000461
v -0.057968 0.412578 -0.018445
v -0.046748 0.397931 -0.033888
v -0.038138 0.378841 -0.045739
v -0.032726 0.356612 -0.053188
v -0.030880 0.332756 -0.055729
v -0.032726 0.308901 -0.053188
v -0.038138 0.286671 -0.045739
v -0.046748 0.267582 -0.033888
v -0.057968 0.252934 -0.018445
v -0.071034 0.243726 -0.000461
v -0.065757 0.421786 0.004817
v -0.047772 0.412578 -0.008249
v -0.032329 0.397931 -0.019470
v -0.020479 0.378841 -0.028079
v -0.013029 0.356612 -0.033492
v -0.010489 0.332756 -0.035338
v -0.013029 0.308901 -0.033492
v -0.020479 0.286671 -0.028079
v -0.032329 0.267582 -0.019470
v -0.047772 0.252934 -0.008249
v -0.065757 0.243726 0.004817
v -0.085056 0.424927 0.018839
v -0.062368 0.421786 0.011467
v -0.041226 0.412578 0.004598
v -0.023072 0.397931 -0.001301
v -0.009141 0.378841 -0.005827
v -0.000384 0.356612 -0.008673
v 0.002603 0.332756 -0.009643
v -0.000384 0.308901 -0.008673
v -0.009141 0.286671 -0.005827
v -0.023072 0.267582 -0.001301
v -0.041226 0.252934 0.004598
v -0.062368 0.243726 0.011467
v -0.061201 0.421786 0.018839
v -0.038971 0.412578 0.018839
v -0.019882 0.397931 0.018839
v -0.005234 0.378841 0.018839
v 0.003974 0.356612 0.018839
v 0.007114 0.332756 0.018839
v 0.003974 0.308901 0.018839
v -0.005234 0.286671 0.018839
v -0.019882 0.267582 0.018839
v -0.038971 0.252934 0.018839
v -0.061201 0.243726 0.018839
v -0.062368 0.421786 0.026211
v -0.041226 0.412578 0.033080
v -0.023072 0.397931 0.038979
v -0.009141 0.378841 0.043505
v -0.000384 0.356612 0.046351
v 0.002603 0.332756 0.047321
v -0.000384 0.308901 0.046351
v -0.009141 0.286671 0.043505
v -0.023072 0.267582 0.038979
v -0.041226 0.252934 0.033080
v -0.062368 0.243726 0.026211
v -0.065757 0.421786 0.032861
v -0.047772 0.412578 0.045927
v -0.032329 0.397931 0.057148
v -0.020479 0.378841 0.065757
v -0.013029 0.356612 0.071169
v -0.010489 0.332756 0.073015
v -0.013029 0.308901 0.071169
v -0.020479 0.286671 0.065757
v -0.032329 0.267582 0.057148
v -0.047772 0.252934 0.045927
v -0.065757 0.243726 0.032861
v -0.071034 0.421786 0.038138
v -0.057968 0.412578 0.056123
v -0.046748 0.397931 0.071566
v -0.038138 0.378841 0.083416
v -0.032726 0.356612 0.090866
v -0.030880 0.332756 0.093407
v -0.032726 0.308901 0.090866
v -0.038138 0.286671 0.083416
v -0.046748 0.267582 0.071566
v -0.057968 0.252934 0.056123
v -0.071034 0.243726 0.038138
v -0.077684 0.421786 0.041527
v -0.070815 0.412578 0.062669
v -0.064916 0.397931 0.080824
v -0.060390 0.378841 0.094754
v -0.057544 0.356612 0.103512
v -0.056574 0.332756 0.106498
v -0.057544 0.308901 0.103512
v -0.060390 0.286671 0.094754
v -0.064916 0.267582 0.080824
v -0.070815 0.252934 0.062669
v -0.077684 0.243726 0.041527
v -0.085056 0.421786 0.042694
v -0.085056 0.412578 0.064924
v -0.085056 0.397931 0.084013
v -0.085056 0.378841 0.098661
v -0.085056 0.356612 0.107869
v -0.085056 0.332756 0.111010
v -0.085056 0.308901 0.107869
v -0.085056 0.286671 0.098661
v -0.085056 0.267582 0.084013
v -0.085056 0.252934 0.064924
v -0.085056 0.243726 0.042694
v -0.092428 0.421786 0.041527
v -0.099297 0.412578 0.062669
v -0.105196 0.397931 0.080824
v -0.109723 0.378841 0.094754
v -0.112568 0.356612 0.103512
v -0.113538 0.332756 0.106498
v -0.112568 0.308901 0.103512
v -0.109723 0.286671 0.094754
v -0.105196 0.267582 0.080824
v -0.099297 0.252934 0.062669
v -0.092428 0.243726 0.041527
v -0.099078 0.421786 0.038138
v -0.112144 0.412578 0.056123
v -0.123365 0.397931 0.071566
v -0.131974 0.378841 0.083416
v -0.137387 0.356612 0.090866
v -0.139233 0.332756 0.093407
v -0.137387 0.308901 0.090866
v -0.131974 0.286671 0.083416
v -0.123365 0.267582 0.071566
v -0.112144 0.252934 0.056123
v -0.099078 0.243726 0.038138
v -0.104356 0.421786 0.032861
v -0.122340 0.412578 0.045927
v -0.137783 0.397931 0.057148
v -0.149634 0.378841 0.065757
v -0.157083 0.356612 0.071169
v -0.159624 0.332756 0.073016
v -0.157083 0.308901 0.071169
v -0.149634 0.286671 0.065757
v -0.137783 0.267582 0.057148
v -0.122340 0.252934 0.045927
v -0.104356 0.243726 0.032861
v -0.085056 0.240585 0.018839
v -0.107744 0.421786 0.026211
v -0.128886 0.412578 0.033080
v -0.147041 0.397931 0.038979
v -0.160972 0.378841 0.043505
v -0.169729 0.356612 0.046351
v -0.172716 0.332756 0.047321
v -0.169729 0.308901 0.046351
v -0.160972 0.286671 0.043505
v -0.147041 0.267582 0.038979
v -0.128886 0.252934 0.033080
v -0.107744 0.243726 0.026211
v -0.108912 0.421786 0.018839
v -0.131141 0.412578 0.018839
v -0.150231 0.397931 0.018839
v -0.164878 0.378841 0.018839
v -0.174086 0.356612 0.018839
v -0.177227 0.332756 0.018839
v -0.174086 0.308901 0.018839
v -0.164878 0.286671 0.018839
v -0.150231 0.267582 0.018839
v -0.131141 0.252934 0.018839
v -0.108912 0.243726 0.018839
v -0.107744 0.421786 0.011467
v -0.128886 0.412578 0.004598
v -0.147041 0.397931 -0.001301
v -0.160972 0.378841 -0.005827
v -0.169729 0.356612 -0.008673
v -0.172716 0.332756 -0.009643
v -0.169729 0.308901 -0.008673
v -0.160972 0.286671 -0.005827
v -0.147041 0.267582 -0.001301
v -0.128886 0.252934 0.004598
v -0.107744 0.243726 0.011467
v -0.104356 0.421786 0.004817
v -0.122340 0.412578 -0.008249
v -0.137783 0.397931 -0.019470
v -0.149634 0.378841 -0.028079
v -0.157083 0.356612 -0.033492
v -0.159624 0.332756 -0.035338
v -0.157083 0.308901 -0.033492
v -0.149634 0.286671 -0.028079
v -0.137783 0.267582 -0.019470
v -0.122340 0.252934 -0.008249
v -0.104356 0.243726 0.004817
v -0.099078 0.421786 -0.000461
v -0.112144 0.412578 -0.018445
v -0.123365 0.397931 -0.033888
v -0.131974 0.378841 -0.045739
v -0.137387 0.356612 -0.053188
v -0.139233 0.332756 -0.055729
v -0.137387 0.308901 -0.053188
v -0.131974 0.286671 -0.045739
v -0.123365 0.267582 -0.033888
v -0.112144 0.252934 -0.018445
v -0.099078 0.243726 -0.000461
v -0.092428 0.421786 -0.003849
v -0.099297 0.412578 -0.024991
v -0.105196 0.397931 -0.043146
v -0.109723 0.378841 -0.057076
v -0.112568 0.356612 -0.065834
v -0.113538 0.332756 -0.068821
v -0.112568 0.308901 -0.065834
v -0.109723 0.286671 -0.057076
v -0.105196 0.267582 -0.043146
v -0.099297 0.252934 -0.024991
v -0.092428 0.243726 -0.003849
v -0.085056 0.421786 -0.005017
v -0.085056 0.412578 -0.027246
v -0.085056 0.332756 -0.073332
v -0.085056 0.286671 -0.060983
v -0.085056 0.252934 -0.027246
v -0.085056 0.243726 -0.005017
v -0.268178 0.277890 0.024292
v -0.268178 0.235256 -0.008422
v -0.268178 0.217084 -0.010815
v -0.268178 0.198911 -0.008422
v -0.268178 0.156277 0.024292
v -0.268178 0.149263 0.041226
v -0.262563 0.284905 0.042115
v -0.257330 0.277890 0.026010
v -0.252836 0.266732 0.012180
v -0.249388 0.252191 0.001568
v -0.247221 0.235256 -0.005103
v -0.246481 0.217084 -0.007378
v -0.247221 0.198911 -0.005103
v -0.249388 0.181977 0.001568
v -0.252836 0.167436 0.012180
v -0.257330 0.156277 0.026010
v -0.262563 0.149263 0.042115
v -0.257497 0.284905 0.044696
v -0.247543 0.277890 0.030997
v -0.238996 0.266732 0.019232
v -0.232437 0.252191 0.010205
v -0.228314 0.235256 0.004530
v -0.226908 0.217084 0.002595
v -0.228314 0.198911 0.004530
v -0.232437 0.181977 0.010205
v -0.238996 0.167436 0.019232
v -0.247543 0.156277 0.030997
v -0.257497 0.149263 0.044696
v -0.253477 0.284905 0.048717
v -0.239777 0.277890 0.038763
v -0.228012 0.266732 0.030216
v -0.218985 0.252191 0.023657
v -0.213310 0.235256 0.019534
v -0.211375 0.217084 0.018128
v -0.213310 0.198911 0.019534
v -0.218985 0.181977 0.023657
v -0.228012 0.167436 0.030216
v -0.239777 0.156277 0.038763
v -0.253477 0.149263 0.048717
v -0.250895 0.284905 0.053783
v -0.234790 0.277890 0.048550
v -0.220960 0.266732 0.044056
v -0.210348 0.252191 0.040608
v -0.203677 0.235256 0.038441
v -0.201402 0.217084 0.037701
v -0.203677 0.198911 0.038441
v -0.210348 0.181977 0.040608
v -0.220960 0.167436 0.044056
v -0.234790 0.156277 0.048550
v -0.250895 0.149263 0.053783
v -0.250006 0.284905 0.059398
v -0.233072 0.277890 0.059398
v -0.218530 0.266732 0.059398
v -0.207372 0.252191 0.059398
v -0.200358 0.235256 0.059398
v -0.197965 0.217084 0.059398
v -0.200358 0.198911 0.059398
v -0.207372 0.181977 0.059398
v -0.218530 0.167436 0.059398
v -0.233072 0.156277 0.059398
v -0.250006 0.149263 0.059398
v -0.250895 0.284905 0.065014
v -0.234790 0.277890 0.070247
v -0.220960 0.266732 0.074741
v -0.210348 0.252191 0.078189
v -0.203677 0.235256 0.080356
v -0.201402 0.217084 0.081095
v -0.203677 0.198911 0.080356
v -0.210348 0.181977 0.078189
v -0.220960 0.167436 0.074741
v -0.234790 0.156277 0.070247
v -0.250895 0.149263 0.065014
v -0.253477 0.284905 0.070080
v -0.239777 0.277890 0.080034
v -0.228012 0.266732 0.088581
v -0.218985 0.252191 0.095140
v -0.213310 0.235256 0.099262
v -0.211375 0.217084 0.100669
v -0.213310 0.198911 0.099262
v -0.218985 0.181977 0.095140
v -0.228012 0.167436 0.088581
v -0.239777 0.156277 0.080034
v -0.253477 0.149263 0.070080
v -0.257497 0.284905 0.074100
v -0.247543 0.277890 0.087800
v -0.238996 0.266732 0.099565
v -0.232437 0.252191 0.108592
v -0.228314 0.235256 0.114267
v -0.226908 0.217084 0.116202
v -0.228314 0.198911 0.114267
v -0.232437 0.181977 0.108592
v -0.238996 0.167436 0.099565
v -0.247543 0.156277 0.087800
v -0.257497 0.149263 0.074100
v -0.262563 0.284905 0.076681
v -0.257330 0.277890 0.092787
v -0.252836 0.266732 0.106617
v -0.249388 0.252191 0.117229
v -0.247221 0.235256 0.123900
v -0.246481 0.217084 0.126175
v -0.247221 0.198911 0.123900
v -0.249388 0.181977 0.117229
v -0.252836 0.167436 0.106617
v -0.257330 0.156277 0.092787
v -0.262563 0.149263 0.076681
v -0.268178 0.284905 0.077571
v -0.268178 0.277890 0.094505
v -0.268178 0.266732 0.109047
v -0.268178 0.252191 0.120205
v -0.268178 0.235256 0.127219
v -0.268178 0.217084 0.129612
v -0.268178 0.198911 0.127219
v -0.268178 0.181977 0.120205
v -0.268178 0.167436 0.109047
v -0.268178 0.156277 0.094505
v -0.268178 0.149263 0.077571
v -0.268178 0.146871 0.059398
v -0.273794 0.284905 0.076681
v -0.279027 0.277890 0.092787
v -0.283521 0.266732 0.106617
v -0.286969 0.252191 0.117229
v -0.289136 0.235256 0.123900
v -0.289876 0.217084 0.126175
v -0.289136 0.198911 0.123900
v -0.286969 0.181977 0.117229
v -0.283521 0.167436 0.106617
v -0.279027 0.156277 0.092787
v -0.273794 0.149263 0.076681
v -0.278860 0.284905 0.074100
v -0.288814 0.277890 0.087800
v -0.297361 0.266732 0.099565
v -0.303920 0.252191 0.108592
v -0.308043 0.235256 0.114267
v -0.309449 0.217084 0.116202
v -0.308043 0.198911 0.114267
v -0.303920 0.181977 0.108592
v -0.297361 0.167436 0.099565
v -0.288814 0.156277 0.087800
v -0.278860 0.149263 0.074100
v -0.282880 0.284905 0.070080
v -0.296580 0.277890 0.080034
v -0.308345 0.266732 0.088581
v -0.317372 0.252191 0.095140
v -0.323047 0.235256 0.099262
v -0.324982 0.217084 0.100669
v -0.323047 0.198911 0.099262
v -0.317372 0.181977 0.095140
v -0.308345 0.167436 0.088581
v -0.296580 0.156277 0.080034
v -0.282880 0.149263 0.070080
v -0.268178 0.287297 0.059398
v -0.285462 0.284905 0.065014
v -0.301567 0.277890 0.070247
v -0.315397 0.266732 0.074741
v -0.326009 0.252191 0.078189
v -0.332680 0.235256 0.080356
v -0.334955 0.217084 0.081095
v -0.332680 0.198911 0.080356
v -0.326009 0.181977 0.078189
v -0.315397 0.167436 0.074741
v -0.301567 0.156277 0.070247
v -0.285462 0.149263 0.065014
v -0.286351 0.284905 0.059398
v -0.303285 0.277890 0.059398
v -0.317827 0.266732 0.059398
v -0.328985 0.252191 0.059398
v -0.335999 0.235256 0.059398
v -0.338392 0.217084 0.059398
v -0.335999 0.198911 0.059398
v -0.328985 0.181977 0.059398
v -0.317827 0.167436 0.059398
v -0.303285 0.156277 0.059398
v -0.286351 0.149263 0.059398
v -0.285462 0.284905 0.053783
v -0.301567 0.277890 0.048550
v -0.315397 0.266732 0.044056
v -0.326009 0.252191 0.040608
v -0.332680 0.235256 0.038441
v -0.334955 0.217084 0.037701
v -0.332680 0.198911 0.038441
v -0.326009 0.181977 0.040608
v -0.315397 0.167436 0.044056
v -0.301567 0.156277 0.048550
v -0.285462 0.149263 0.053783
v -0.282880 0.284905 0.048717
v -0.296580 0.277890 0.038763
v -0.308345 0.266732 0.030216
v -0.317372 0.252191 0.023657
v -0.323047 0.235256 0.019534
v -0.324982 0.217084 0.018128
v -0.323047 0.198911 0.019534
v -0.317372 0.181977 0.023657
v -0.308345 0.167436 0.030216
v -0.296580 0.156277 0.038763
v -0.282880 0.149263 0.048717
v -0.278860 0.284905 0.044696
v -0.288814 0.277890 0.030996
v -0.297361 0.266732 0.019232
v -0.303920 0.252191 0.010205
v -0.308043 0.235256 0.004530
v -0.309449 0.217084 0.002595
v -0.308043 0.198911 0.004530
v -0.303920 0.181977 0.010205
v -0.297361 0.167436 0.019232
v -0.288814 0.156277 0.030996
v -0.278860 0.149263 0.044696
v -0.273794 0.284905 0.042115
v -0.279027 0.277890 0.026010
v -0.283521 0.266732 0.012180
v -0.286969 0.252191 0.001568
v -0.289136 0.235256 -0.005103
v -0.289876 0.217084 -0.007378
v -0.289136 0.198911 -0.005103
v -0.286969 0.181977 0.001568
v -0.283521 0.167436 0.012180
v -0.279027 0.156277 0.026010
v -0.273794 0.149263 0.042115
v -0.268178 0.284905 0.041226
v -0.268178 0.266732 0.009750
v -0.268178 0.252191 -0.001408
v -0.268178 0.181977 -0.001408
v -0.268178 0.167436 0.009750
v -0.352252 0.145376 0.033625
v -0.352252 0.131266 0.015236
v -0.352252 0.068483 -0.010769
v -0.352252 0.005699 0.015236
v -0.352252 -0.008411 0.033625
v -0.345150 0.154246 0.056164
v -0.338533 0.145376 0.035798
v -0.332851 0.131266 0.018309
v -0.328490 0.112877 0.004890
v -0.325749 0.091463 -0.003546
v -0.324814 0.068483 -0.006424
v -0.325749 0.045502 -0.003546
v -0.328490 0.024088 0.004890
v -0.332851 0.005699 0.018309
v -0.338533 -0.008411 0.035798
v -0.345150 -0.017281 0.056164
v -0.338744 0.154246 0.059428
v -0.326157 0.145376 0.042104
v -0.315349 0.131266 0.027227
v -0.307055 0.112877 0.015812
v -0.301841 0.091463 0.008636
v -0.300063 0.068483 0.006188
v -0.301841 0.045502 0.008636
v -0.307055 0.024088 0.015812
v -0.315349 0.005699 0.027227
v -0.326157 -0.008411 0.042104
v -0.338744 -0.017281 0.059428
v -0.333660 0.154246 0.064512
v -0.316336 0.145376 0.051925
v -0.301459 0.131266 0.041117
v -0.290044 0.112877 0.032823
v -0.282868 0.091463 0.027609
v -0.280420 0.068483 0.025831
v -0.282868 0.045502 0.027609
v -0.290044 0.024088 0.032823
v -0.301459 0.005699 0.041117
v -0.316336 -0.008411 0.051925
v -0.333660 -0.017281 0.064512
v -0.352252 -0.020306 0.078020
v -0.330396 0.154246 0.070918
v -0.310030 0.145376 0.064301
v -0.292541 0.131266 0.058619
v -0.279122 0.112877 0.054258
v -0.270686 0.091463 0.051517
v -0.267809 0.068483 0.050582
v -0.270686 0.045502 0.051517
v -0.279122 0.024088 0.054258
v -0.292541 0.005699 0.058619
v -0.310030 -0.008411 0.064301
v -0.330396 -0.017281 0.070918
v -0.329271 0.154246 0.078020
v -0.307857 0.145376 0.078020
v -0.289469 0.131266 0.078020
v -0.275358 0.112877 0.078020
v -0.266488 0.091463 0.078020
v -0.263463 0.068483 0.078020
v -0.266488 0.045502 0.078020
v -0.275358 0.024088 0.078020
v -0.289469 0.005699 0.078020
v -0.307857 -0.008411 0.078020
v -0.329271 -0.017281 0.078020
v -0.330396 0.154246 0.085121
v -0.310030 0.145376 0.091738
v -0.292541 0.131266 0.097421
v -0.279122 0.112877 0.101781
v -0.270686 0.091463 0.104522
v -0.267809 0.068483 0.105457
v -0.270686 0.045502 0.104522
v -0.279122 0.024088 0.101781
v -0.292541 0.005699 0.097421
v -0.310030 -0.008411 0.091738
v -0.330396 -0.017281 0.085121
v -0.333660 0.154246 0.091527
v -0.316336 0.145376 0.104114
v -0.301459 0.131266 0.114923
v -0.290044 0.112877 0.123216
v -0.282868 0.091463 0.128430
v -0.280420 0.068483 0.130208
v -0.282868 0.045502 0.128430
v -0.290044 0.024088 0.123216
v -0.301459 0.005699 0.114923
v -0.316336 -0.008411 0.104114
v -0.333660 -0.017281 0.091527
v -0.338744 0.154246 0.096611
v -0.326157 0.145376 0.113935
v -0.315349 0.131266 0.128812
v -0.307055 0.112877 0.140228
v -0.301841 0.091463 0.147404
v -0.300063 0.068483 0.149851
v -0.301841 0.045502 0.147404
v -0.307055 0.024088 0.140228
v -0.315349 0.005699 0.128812
v -0.326157 -0.008411 0.113935
v -0.338744 -0.017281 0.096611
v -0.345150 0.154246 0.099875
v -0.338533 0.145376 0.120241
v -0.332851 0.131266 0.137730
v -0.328490 0.112877 0.151150
v -0.325749 0.091463 0.159585
v -0.324814 0.068483 0.162463
v -0.325749 0.045502 0.159585
v -0.328490 0.024088 0.151150
v -0.332851 0.005699 0.137730
v -0.338533 -0.008411 0.120241
v -0.345150 -0.017281 0.099875
v -0.352252 0.154246 0.101000
v -0.352252 0.145376 0.122414
v -0.352252 0.131266 0.140803
v -0.352252 0.112877 0.154913
v -0.352252 0.091463 0.163783
v -0.352252 0.068483 0.166808
v -0.352252 0.045502 0.163783
v -0.352252 0.024088 0.154913
v -0.352252 0.005699 0.140803
v -0.352252 -0.008411 0.122414
v -0.352252 -0.017281 0.101000
v -0.359353 0.154246 0.099875
v -0.365970 0.145376 0.120241
v -0.371653 0.131266 0.137730
v -0.376013 0.112877 0.151150
v -0.378754 0.091463 0.159585
v -0.379689 0.068483 0.162463
v -0.378754 0.045502 0.159585
v -0.376013 0.024088 0.151150
v -0.371653 0.005699 0.137730
v -0.365970 -0.008411 0.120241
v -0.359353 -0.017281 0.099875
v -0.365759 0.154246 0.096611
v -0.378346 0.145376 0.113935
v -0.389155 0.131266 0.128812
v -0.397448 0.112877 0.140228
v -0.402662 0.091463 0.147404
v -0.404440 0.068483 0.149851
v -0.402662 0.045502 0.147404
v -0.397448 0.024088 0.140228
v -0.389155 0.005699 0.128812
v -0.378346 -0.008411 0.113935
v -0.365759 -0.017281 0.096611
v -0.370843 0.154246 0.091527
v -0.388168 0.145376 0.104114
v -0.403044 0.131266 0.114923
v -0.414460 0.112877 0.123216
v -0.421636 0.091463 0.128430
v -0.424083 0.068483 0.130208
v -0.421636 0.045502 0.128430
v -0.414460 0.024088 0.123216
v -0.403044 0.005699 0.114923
v -0.388168 -0.008411 0.104114
v -0.370843 -0.017281 0.091527
v -0.374107 0.154246 0.085121
v -0.394473 0.145376 0.091738
v -0.411962 0.131266 0.097421
v -0.425382 0.112877 0.101781
v -0.433818 0.091463 0.104522
v -0.436695 0.068483 0.105457
v -0.433818 0.045502 0.104522
v -0.425382 0.024088 0.101781
v -0.411962 0.005699 0.097421
v -0.394473 -0.008411 0.091738
v -0.374107 -0.017281 0.085121
v -0.352252 0.157271 0.078020
v -0.375232 0.154246 0.078020
v -0.396646 0.145376 0.078020
v -0.415035 0.131266 0.078020
v -0.429145 0.112877 0.078020
v -0.438015 0.091463 0.078020
v -0.441040 0.068483 0.078020
v -0.438015 0.045502 0.078020
v -0.429145 0.024088 0.078020
v -0.415035 0.005699 0.078020
v -0.396646 -0.008411 0.078020
v -0.375232 -0.017281 0.078020
v -0.374107 0.154246 0.070918
v -0.394473 0.145376 0.064301
v -0.411962 0.131266 0.058619
v -0.425382 0.112877 0.054258
v -0.433818 0.091463 0.051517
v -0.436695 0.068483 0.050582
v -0.433818 0.045502 0.051517
v -0.425382 0.024088 0.054258
v -0.411962 0.005699 0.058619
v -0.394473 -0.008411 0.064301
v -0.374107 -0.017281 0.070918
v -0.370843 0.154246 0.064512
v -0.388168 0.145376 0.051925
v -0.403044 0.131266 0.041117
v -0.414460 0.112877 0.032823
v -0.421636 0.091463 0.027609
v -0.424083 0.068483 0.025831
v -0.421636 0.045502 0.027609
v -0.414460 0.024088 0.032823
v -0.403044 0.005699 0.041117
v -0.388168 -0.008411 0.051925
v -0.370843 -0.017281 0.064512
v -0.365759 0.154246 0.059428
v -0.378346 0.145376 0.042104
v -0.389155 0.131266 0.027227
v -0.397448 0.112877 0.015812
v -0.402662 0.091463 0.008636
v -0.404440 0.068483 0.006188
v -0.402662 0.045502 0.008636
v -0.397448 0.024088 0.015812
v -0.389155 0.005699 0.027227
v -0.378346 -0.008411 0.042104
v -0.365759 -0.017281 0.059428
v -0.359353 0.154246 0.056164
v -0.365970 0.145376 0.035798
v -0.371653 0.131266 0.018309
v -0.376013 0.112877 0.004890
v -0.378754 0.091463 -0.003546
v -0.379689 0.068483 -0.006424
v -0.378754 0.045502 -0.003546
v -0.376013 0.024088 0.004890
v -0.371653 0.005699 0.018309
v -0.365970 -0.008411 0.035798
v -0.359353 -0.017281 0.056164
v -0.352252 0.154246 0.055039
v -0.352252 0.112877 0.001126
v -0.352252 0.091463 -0.007744
v -0.352252 0.045502 -0.007744
v -0.352252 0.024088 0.001126
v -0.352252 -0.017281 0.055039
vn 0.0366 -0.6191 -0.7845
vn -0.5116 -0.6538 -0.5574
vn -0.7387 -0.6740 -0.0087
vn -0.5116 -0.6679 0.5405
vn 0.0365 -0.6391 0.7682
vn 0.5848 -0.6043 0.5412
vn 0.8118 -0.5839 -0.0076
vn 0.5848 -0.5900 -0.5566
vn 0.0125 0.0273 -0.9995
vn -0.6946 -0.0627 -0.7167
vn -0.9933 -0.1158 -0.0048
vn -0.6956 -0.0996 0.7115
vn 0.0157 -0.0241 0.9996
vn 0.7118 0.0652 0.6994
vn 0.9932 0.1164 -0.0016
vn 0.7066 0.1009 -0.7004
vn 0.0064 0.0542 -0.9985
vn -0.6846 -0.1251 -0.7181
vn -0.9729 -0.2311 -0.0077
vn -0.6770 -0.1985 0.7087
vn 0.0215 -0.0475 0.9986
vn 0.7015 0.1300 0.7007
vn 0.9728 0.2315 0.0014
vn 0.6880 0.2005 -0.6975
vn -0.0029 0.0802 -0.9968
vn -0.6671 -0.1867 -0.7212
vn -0.9388 -0.3443 -0.0137
vn -0.6466 -0.2952 0.7034
vn 0.0301 -0.0702 0.9971
vn 0.6834 0.1941 0.7038
vn 0.9387 0.3448 0.0074
vn 0.6575 0.2983 -0.6919
vn -0.0152 0.1051 -0.9943
vn -0.6418 -0.2467 -0.7261
vn -0.8906 -0.4541 -0.0229
vn -0.6042 -0.3889 0.6955
vn 0.0416 -0.0917 0.9949
vn 0.6574 0.2566 0.7085
vn 0.8904 0.4548 0.0165
vn 0.6149 0.3930 -0.6837
vn -0.0307 0.1287 -0.9912
vn -0.6088 -0.3043 -0.7327
vn -0.8283 -0.5592 -0.0351
vn -0.5497 -0.4781 0.6850
vn 0.0558 -0.1118 0.9922
vn 0.6232 0.3168 0.7150
vn 0.8280 0.5600 0.0286
vn 0.5601 0.4833 -0.6728
vn -0.0493 0.1504 -0.9874
vn -0.5678 -0.3586 -0.7410
vn -0.7516 -0.6577 -0.0504
vn -0.4831 -0.5614 0.6719
vn 0.0727 -0.1300 0.9888
vn 0.5808 0.3736 0.7233
vn 0.7512 0.6586 0.0439
vn 0.4930 0.5677 -0.6593
vn -0.0710 0.1699 -0.9829
vn -0.5190 -0.4082 -0.7510
vn -0.6608 -0.7474 -0.0688
vn -0.4047 -0.6368 0.6563
vn 0.0920 -0.1461 0.9850
vn 0.5301 0.4257 0.7333
vn 0.6603 0.7484 0.0622
vn 0.4140 0.6442 -0.6431
vn -0.0954 0.1864 -0.9778
vn -0.4627 -0.4520 -0.7626
vn -0.5567 -0.8258 -0.0901
vn -0.3152 -0.7024 0.6382
vn 0.1136 -0.1595 0.9806
vn 0.4716 0.4717 0.7450
vn 0.5560 0.8270 0.0834
vn 0.3237 0.7108 -0.6245
vn -0.1223 0.1995 -0.9722
vn -0.3996 -0.4885 -0.7757
vn -0.4405 -0.8905 -0.1140
vn -0.2156 -0.7560 0.6180
vn 0.1370 -0.1699 0.9759
vn 0.4058 0.5101 0.7584
vn 0.4396 0.8918 0.1072
vn 0.2231 0.7654 -0.6037
vn -0.1511 0.2087 -0.9662
vn -0.3307 -0.5163 -0.7900
vn -0.3142 -0.9390 -0.1400
vn -0.1080 -0.7957 0.5960
vn 0.1617 -0.1769 0.9709
vn 0.3339 0.5394 0.7730
vn 0.3131 0.9403 0.1332
vn 0.1143 0.8057 -0.5811
vn -0.1810 0.2136 -0.9600
vn -0.2575 -0.5342 -0.8052
vn -0.1807 -0.9692 -0.1675
vn 0.0054 -0.8197 0.5727
vn 0.1871 -0.1804 0.9656
vn 0.2574 0.5582 0.7887
vn 0.1794 0.9705 0.1608
vn -0.0004 0.8303 -0.5573
vn -0.2112 0.2139 -0.9537
vn -0.1818 -0.5414 -0.8209
vn -0.0434 -0.9797 -0.1959
vn 0.1215 -0.8271 0.5487
vn 0.2127 -0.1802 0.9604
vn 0.1783 0.5657 0.8051
vn 0.0419 0.9810 0.1893
vn -0.1180 0.8379 -0.5330
vn -0.2410 0.2097 -0.9476
vn -0.1056 -0.5376 -0.8366
vn 0.0941 -0.9700 -0.2243
vn 0.2374 -0.8175 0.5248
vn 0.2377 -0.1765 0.9552
vn 0.0988 0.5615 0.8216
vn -0.0957 0.9713 0.2178
vn -0.2354 0.8282 -0.5087
vn -0.2693 0.2013 -0.9418
vn -0.0310 -0.5227 -0.8519
vn 0.2279 -0.9405 -0.2519
vn 0.3498 -0.7913 0.5015
vn 0.2615 -0.1694 0.9502
vn 0.0210 0.5456 0.8378
vn -0.2297 0.9418 0.2456
vn -0.3493 0.8016 -0.4852
vn -0.2956 0.1891 -0.9364
vn 0.0401 -0.4976 -0.8665
vn 0.3547 -0.8927 -0.2780
vn 0.4559 -0.7499 0.4794
vn 0.2837 -0.1592 0.9456
vn -0.0530 0.5189 0.8532
vn -0.3565 0.8938 0.2719
vn -0.4567 0.7596 -0.4631
vn -0.3192 0.1736 -0.9316
vn 0.1061 -0.4631 -0.8799
vn 0.4716 -0.8285 -0.3020
vn 0.5534 -0.6949 0.4592
vn 0.3037 -0.1465 0.9414
vn -0.1214 0.4824 0.8675
vn -0.4735 0.8295 0.2961
vn -0.5555 0.7038 -0.4429
vn -0.3399 0.1557 -0.9275
vn 0.1657 -0.4206 -0.8920
vn 0.5765 -0.7503 -0.3234
vn 0.6406 -0.6285 0.4411
vn 0.3214 -0.1317 0.9377
vn -0.1830 0.4376 0.8803
vn -0.5785 0.7512 0.3177
vn -0.6438 0.6364 -0.4249
vn -0.3574 0.1357 -0.9240
vn 0.2182 -0.3714 -0.9025
vn 0.6681 -0.6608 -0.3420
vn 0.7165 -0.5528 0.4255
vn 0.3366 -0.1151 0.9346
vn -0.2370 0.3860 0.8915
vn -0.6702 0.6615 0.3365
vn -0.7206 0.5595 -0.4095
vn -0.3719 0.1144 -0.9212
vn 0.2629 -0.3168 -0.9113
vn 0.7457 -0.5622 -0.3575
vn 0.7805 -0.4698 0.4124
vn 0.3491 -0.0973 0.9320
vn -0.2829 0.3289 0.9010
vn -0.7477 0.5629 0.3522
vn -0.7853 0.4754 -0.3966
vn -0.3832 0.0921 -0.9191
vn 0.2997 -0.2580 -0.9185
vn 0.8089 -0.4569 -0.3700
vn 0.8325 -0.3813 0.4020
vn 0.3591 -0.0785 0.9300
vn -0.3205 0.2676 0.9087
vn -0.8110 0.4574 0.3649
vn -0.8378 0.3858 -0.3863
vn -0.3916 0.0693 -0.9175
vn 0.3284 -0.1961 -0.9239
vn 0.8579 -0.3466 -0.3794
vn 0.8725 -0.2889 0.3941
vn 0.3664 -0.0592 0.9286
vn -0.3499 0.2033 0.9145
vn -0.8599 0.3469 0.3744
vn -0.8782 0.2923 -0.3787
vn -0.3971 0.0462 -0.9166
vn 0.3492 -0.1320 -0.9277
vn 0.8927 -0.2328 -0.3858
vn 0.9006 -0.1939 0.3889
vn 0.3713 -0.0395 0.9277
vn -0.3710 0.1367 0.9185
vn -0.8948 0.2330 0.3809
vn -0.9066 0.1961 -0.3735
vn -0.3998 0.0230 -0.9163
vn 0.3621 -0.0664 -0.9298
vn 0.9138 -0.1167 -0.3891
vn 0.9172 -0.0972 0.3863
vn 0.3737 -0.0198 0.9273
vn -0.3840 0.0688 0.9207
vn -0.9157 0.1173 0.3843
vn -0.9234 0.0986 -0.3710
vn -0.3375 -0.6209 -0.7076
vn 0.2559 -0.6553 -0.7107
vn 0.6779 -0.6743 -0.2928
vn 0.6814 -0.6669 0.3014
vn 0.2644 -0.6374 0.7238
vn -0.3291 -0.6028 0.7269
vn -0.7510 -0.5835 0.3090
vn -0.7546 -0.5910 -0.2851
vn -0.0000 0.2556 -0.9668
vn -0.0000 -0.2556 -0.9668
vn 0.0837 0.9626 -0.2576
vn 0.1575 0.8604 -0.4847
vn 0.2205 0.7007 -0.6786
vn 0.2686 0.4945 -0.8267
vn 0.2988 0.2556 -0.9195
vn 0.3090 -0.0000 -0.9511
vn 0.2988 -0.2556 -0.9195
vn 0.2686 -0.4944 -0.8267
vn 0.2205 -0.7007 -0.6786
vn 0.1575 -0.8604 -0.4847
vn 0.0837 -0.9626 -0.2576
vn 0.1592 0.9626 -0.2192
vn 0.2996 0.8604 -0.4123
vn 0.4194 0.7007 -0.5772
vn 0.5109 0.4944 -0.7032
vn 0.5683 0.2556 -0.7821
vn 0.5878 -0.0000 -0.8090
vn 0.5683 -0.2556 -0.7821
vn 0.5109 -0.4944 -0.7032
vn 0.4194 -0.7007 -0.5772
vn 0.2996 -0.8604 -0.4123
vn 0.1592 -0.9626 -0.2192
vn 0.2192 0.9626 -0.1592
vn 0.4123 0.8604 -0.2996
vn 0.5772 0.7007 -0.4194
vn 0.7032 0.4944 -0.5109
vn 0.7821 0.2556 -0.5683
vn 0.8090 -0.0000 -0.5878
vn 0.7821 -0.2556 -0.5683
vn 0.7032 -0.4945 -0.5109
vn 0.5772 -0.7007 -0.4194
vn 0.4123 -0.8604 -0.2996
vn 0.2192 -0.9626 -0.1592
vn 0.2577 0.9626 -0.0837
vn 0.4847 0.8604 -0.1575
vn 0.6786 0.7007 -0.2205
vn 0.8267 0.4945 -0.2686
vn 0.9195 0.2556 -0.2987
vn 0.9511 -0.0000 -0.3090
vn 0.9195 -0.2556 -0.2987
vn 0.8267 -0.4944 -0.2686
vn 0.6786 -0.7007 -0.2205
vn 0.4847 -0.8604 -0.1575
vn 0.2577 -0.9626 -0.0837
vn 0.2709 0.9626 -0.0000
vn 0.5097 0.8604 -0.0000
vn 0.7135 0.7007 -0.0000
vn 0.8692 0.4944 -0.0000
vn 0.9668 0.2556 -0.0000
vn 1.0000 -0.0000 -0.0000
vn 0.9668 -0.2556 -0.0000
vn 0.8692 -0.4944 -0.0000
vn 0.7135 -0.7007 -0.0000
vn 0.5097 -0.8604 -0.0000
vn 0.2709 -0.9626 -0.0000
vn 0.2577 0.9626 0.0837
vn 0.4847 0.8604 0.1575
vn 0.6786 0.7007 0.2205
vn 0.8267 0.4944 0.2686
vn 0.9195 0.2556 0.2988
vn 0.9511 -0.0000 0.3090
vn 0.9195 -0.2556 0.2988
vn 0.8267 -0.4944 0.2686
vn 0.6786 -0.7007 0.2205
vn 0.4847 -0.8604 0.1575
vn 0.2577 -0.9626 0.0837
vn 0.2192 0.9626 0.1592
vn 0.4123 0.8604 0.2996
vn 0.5772 0.7007 0.4194
vn 0.7032 0.4944 0.5109
vn 0.7821 0.2556 0.5683
vn 0.8090 -0.0000 0.5878
vn 0.7821 -0.2556 0.5683
vn 0.7032 -0.4945 0.5109
vn 0.5772 -0.7007 0.4194
vn 0.4123 -0.8604 0.2996
vn 0.2192 -0.9626 0.1592
vn 0.1592 0.9626 0.2192
vn 0.2996 0.8604 0.4123
vn 0.4194 0.7007 0.5772
vn 0.5109 0.4944 0.7032
vn 0.5683 0.2556 0.7821
vn 0.5878 -0.0000 0.8090
vn 0.5683 -0.2556 0.7821
vn 0.5109 -0.4944 0.7032
vn 0.4194 -0.7007 0.5772
vn 0.2996 -0.8604 0.4123
vn 0.1592 -0.9626 0.2192
vn 0.0837 0.9626 0.2576
vn 0.1575 0.8604 0.4847
vn 0.2205 0.7007 0.6786
vn 0.2686 0.4944 0.8267
vn 0.2987 0.2556 0.9195
vn 0.3090 -0.0000 0.9511
vn 0.2988 -0.2556 0.9195
vn 0.2686 -0.4945 0.8267
vn 0.2205 -0.7007 0.6786
vn 0.1575 -0.8604 0.4847
vn 0.0837 -0.9626 0.2577
vn -0.0000 0.9626 0.2709
vn -0.0000 0.8604 0.5097
vn -0.0000 0.7007 0.7135
vn -0.0000 0.4944 0.8692
vn -0.0000 0.2556 0.9668
vn -0.0000 -0.0000 1.0000
vn -0.0000 -0.2556 0.9668
vn -0.0000 -0.4944 0.8692
vn -0.0000 -0.7007 0.7135
vn -0.0000 -0.8604 0.5097
vn -0.0000 -0.9626 0.2709
vn -0.0837 0.9626 0.2576
vn -0.1575 0.8604 0.4847
vn -0.2205 0.7007 0.6786
vn -0.2686 0.4944 0.8267
vn -0.2987 0.2556 0.9195
vn -0.3090 -0.0000 0.9511
vn -0.2987 -0.2556 0.9195
vn -0.2686 -0.4945 0.8267
vn -0.2205 -0.7007 0.6786
vn -0.1575 -0.8604 0.4847
vn -0.0837 -0.9626 0.2576
vn -0.0000 -1.0000 -0.0000
vn -0.0000 1.0000 -0.0000
vn -0.1592 0.9626 0.2192
vn -0.2996 0.8604 0.4123
vn -0.4194 0.7007 0.5772
vn -0.5109 0.4944 0.7032
vn -0.5683 0.2556 0.7821
vn -0.5878 -0.0000 0.8090
vn -0.5683 -0.2556 0.7821
vn -0.5109 -0.4944 0.7032
vn -0.4194 -0.7007 0.5772
vn -0.2996 -0.8604 0.4123
vn -0.1592 -0.9626 0.2192
vn -0.2192 0.9626 0.1592
vn -0.4123 0.8604 0.2996
vn -0.5772 0.7007 0.4194
vn -0.7032 0.4944 0.5109
vn -0.7821 0.2556 0.5683
vn -0.8090 -0.0000 0.5878
vn -0.7821 -0.2556 0.5683
vn -0.7032 -0.4944 0.5109
vn -0.5772 -0.7007 0.4194
vn -0.4123 -0.8604 0.2996
vn -0.2192 -0.9626 0.1592
vn -0.2576 0.9626 0.0837
vn -0.4847 0.8604 0.1575
vn -0.6786 0.7007 0.2205
vn -0.8267 0.4944 0.2686
vn -0.9195 0.2556 0.2987
vn -0.9511 -0.0000 0.3090
vn -0.9195 -0.2556 0.2987
vn -0.8267 -0.4945 0.2686
vn -0.6786 -0.7007 0.2205
vn -0.4847 -0.8604 0.1575
vn -0.2576 -0.9626 0.0837
vn -0.2709 0.9626 -0.0000
vn -0.5097 0.8604 -0.0000
vn -0.7135 0.7007 -0.0000
vn -0.8692 0.4945 -0.0000
vn -0.9668 0.2556 -0.0000
vn -1.0000 -0.0000 -0.0000
vn -0.9668 -0.2556 -0.0000
vn -0.8692 -0.4944 -0.0000
vn -0.7135 -0.7007 -0.0000
vn -0.5097 -0.8604 -0.0000
vn -0.2709 -0.9626 -0.0000
vn -0.2577 0.9626 -0.0837
vn -0.4847 0.8604 -0.1575
vn -0.6786 0.7007 -0.2205
vn -0.8267 0.4944 -0.2686
vn -0.9195 0.2556 -0.2988
vn -0.9511 -0.0000 -0.3090
vn -0.9195 -0.2556 -0.2987
vn -0.8267 -0.4945 -0.2686
vn -0.6786 -0.7007 -0.2205
vn -0.4847 -0.8604 -0.1575
vn -0.2577 -0.9626 -0.0837
vn -0.2192 0.9626 -0.1592
vn -0.4123 0.8604 -0.2996
vn -0.5772 0.7007 -0.4194
vn -0.7032 0.4944 -0.5109
vn -0.7821 0.2556 -0.5683
vn -0.8090 -0.0000 -0.5878
vn -0.7821 -0.2556 -0.5683
vn -0.7032 -0.4944 -0.5109
vn -0.5772 -0.7007 -0.4194
vn -0.4123 -0.8604 -0.2996
vn -0.2192 -0.9626 -0.1592
vn -0.1592 0.9626 -0.2192
vn -0.2996 0.8604 -0.4123
vn -0.4194 0.7007 -0.5772
vn -0.5109 0.4945 -0.7032
vn -0.5683 0.2556 -0.7821
vn -0.5878 -0.0000 -0.8090
vn -0.5683 -0.2556 -0.7821
vn -0.5109 -0.4944 -0.7032
vn -0.4194 -0.7007 -0.5772
vn -0.2996 -0.8604 -0.4123
vn -0.1592 -0.9626 -0.2192
vn -0.0837 0.9626 -0.2576
vn -0.1575 0.8604 -0.4847
vn -0.2205 0.7007 -0.6786
vn -0.2686 0.4944 -0.8267
vn -0.2987 0.2556 -0.9195
vn -0.3090 -0.0000 -0.9511
vn -0.2988 -0.2556 -0.9195
vn -0.2686 -0.4944 -0.8267
vn -0.2205 -0.7007 -0.6786
vn -0.1575 -0.8604 -0.4847
vn -0.0837 -0.9626 -0.2577
vn -0.0000 0.9626 -0.2709
vn -0.0000 0.8604 -0.5097
vn -0.0000 0.7007 -0.7135
vn -0.0000 0.4944 -0.8692
vn -0.0000 -0.0000 -1.0000
vn -0.0000 -0.4944 -0.8692
vn -0.0000 -0.7007 -0.7135
vn -0.0000 -0.8604 -0.5097
vn -0.0000 -0.9626 -0.2709
vn 0.2686 0.4944 -0.8267
vn 0.7032 0.4945 -0.5109
vn 0.2576 0.9626 -0.0837
vn 0.8267 0.4944 -0.2686
vn 0.2576 0.9626 0.0837
vn 0.9195 0.2556 0.2987
vn 0.7032 0.4945 0.5109
vn 0.7032 -0.4944 0.5109
vn 0.2686 -0.4944 0.8267
vn 0.0837 -0.9626 0.2576
vn -0.0837 0.9626 0.2577
vn -0.2686 0.4945 0.8267
vn -0.2988 0.2556 0.9195
vn -0.2988 -0.2556 0.9195
vn -0.2686 -0.4944 0.8267
vn -0.9195 -0.2556 0.2988
vn -0.8267 -0.4944 0.2686
vn -0.2577 -0.9626 0.0837
vn -0.8692 0.4944 -0.0000
vn -0.2576 0.9626 -0.0837
vn -0.8267 -0.4944 -0.2686
vn -0.5109 0.4944 -0.7032
vn -0.0837 0.9626 -0.2577
vn -0.0837 -0.9626 -0.2576
vn 0.0837 0.9626 -0.2577
vn 0.2987 0.2556 -0.9195
vn 0.2987 -0.2556 -0.9195
vn 0.2686 -0.4945 -0.8267
vn 0.0837 -0.9626 -0.2577
vn 0.7032 -0.4944 -0.5109
vn 0.9195 -0.2556 -0.2988
vn 0.2576 -0.9626 -0.0837
vn 0.8692 -0.4945 -0.0000
vn 0.0837 0.9626 0.2577
vn 0.2686 0.4945 0.8267
vn 0.2987 -0.2556 0.9195
vn -0.0837 -0.9626 0.2577
vn -0.5109 0.4945 0.7032
vn -0.2577 0.9626 0.0837
vn -0.8267 0.4945 0.2686
vn -0.9195 0.2556 0.2988
vn -0.9195 0.2556 -0.2987
vn -0.2576 -0.9626 -0.0837
vn -0.2988 0.2556 -0.9195
vn 0.5109 0.4945 -0.7032
vn 0.2576 -0.9626 0.0837
vn 0.5109 0.4945 0.7032
vn -0.9195 -0.2556 -0.2988
vn -0.2987 -0.2556 -0.9195
vn 0.9195 -0.2556 0.2987
vn 0.8267 -0.4945 0.2686
vn -0.5109 -0.4945 0.7032
vn -0.7032 0.4945 0.5109
vn -0.7032 -0.4945 0.5109
vn -0.7032 0.4945 -0.5109
vn -0.7032 -0.4945 -0.5109
vn 0.9195 0.2556 -0.2988
vn 0.8267 0.4945 0.2686
vn 0.2988 0.2556 0.9195
vn -0.5109 -0.4945 -0.7032
vn -0.2686 0.4945 -0.8267
vn -0.2686 -0.4945 -0.8267
vt 0.181834 0.403658
vt 0.191361 0.427210
vt 0.183322 0.428171
vt 0.153664 0.398874
vt 0.130947 0.405300
vt 0.130024 0.398370
vt 0.153789 0.413658
vt 0.154318 0.405797
vt 0.517564 0.515599
vt 0.508840 0.539092
vt 0.510179 0.515244
vt 0.525110 0.516085
vt 0.516192 0.539841
vt 0.060027 0.267059
vt 0.065391 0.242011
vt 0.067514 0.266622
vt 0.050471 0.243111
vt 0.057880 0.242174
vt 0.176069 0.404005
vt 0.177590 0.428911
vt 0.187698 0.452397
vt 0.107491 0.398073
vt 0.130336 0.413159
vt 0.108940 0.405017
vt 0.504821 0.562002
vt 0.523697 0.540800
vt 0.512040 0.563535
vt 0.063925 0.217446
vt 0.056378 0.217066
vt 0.182098 0.453920
vt 0.195567 0.450496
vt 0.194872 0.475788
vt 0.086123 0.397973
vt 0.108164 0.412870
vt 0.088077 0.404926
vt 0.498171 0.584107
vt 0.519374 0.565434
vt 0.505163 0.586411
vt 0.063182 0.193676
vt 0.048984 0.218171
vt 0.055614 0.192766
vt 0.189500 0.478082
vt 0.202459 0.472965
vt 0.204723 0.497944
vt 0.066287 0.398073
vt 0.087139 0.412776
vt 0.068719 0.405030
vt 0.489012 0.605021
vt 0.512215 0.589231
vt 0.495681 0.608075
vt 0.063174 0.171106
vt 0.048230 0.194039
vt 0.055601 0.169681
vt 0.199674 0.500989
vt 0.211913 0.494227
vt 0.217085 0.518488
vt 0.217031 0.492016
vt 0.223760 0.513917
vt 0.067624 0.412878
vt 0.051200 0.405327
vt 0.477511 0.624383
vt 0.502336 0.611789
vt 0.483757 0.628156
vt 0.063903 0.150118
vt 0.048223 0.171120
vt 0.056343 0.148204
vt 0.212458 0.522251
vt 0.231748 0.537067
vt 0.228573 0.511217
vt 0.237792 0.531697
vt 0.049955 0.413174
vt 0.035819 0.405811
vt 0.463873 0.641863
vt 0.489899 0.632725
vt 0.469599 0.646311
vt 0.065357 0.131073
vt 0.048964 0.149806
vt 0.057829 0.128702
vt 0.227641 0.541506
vt 0.248463 0.553364
vt 0.242233 0.528542
vt 0.253761 0.547267
vt 0.394368 0.181799
vt 0.377535 0.173933
vt 0.393283 0.173831
vt 0.448342 0.657166
vt 0.475111 0.651679
vt 0.453451 0.662230
vt 0.067514 0.114298
vt 0.169237 0.228107
vt 0.186076 0.236641
vt 0.168171 0.236100
vt 0.244975 0.558419
vt 0.266945 0.567096
vt 0.362609 0.167357
vt 0.380482 0.167275
vt 0.378489 0.181898
vt 0.360168 0.174021
vt 0.431190 0.670038
vt 0.458217 0.668325
vt 0.435589 0.675643
vt 0.208263 0.243633
vt 0.188990 0.243189
vt 0.187009 0.228646
vt 0.205859 0.237088
vt 0.264168 0.572693
vt 0.271388 0.560365
vt 0.286878 0.578027
vt 0.343366 0.167423
vt 0.360969 0.181984
vt 0.341485 0.174095
vt 0.412716 0.680269
vt 0.439501 0.682372
vt 0.416319 0.686323
vt 0.229027 0.243974
vt 0.206636 0.229091
vt 0.227187 0.237429
vt 0.284898 0.584072
vt 0.290368 0.570774
vt 0.307920 0.585967
vt 0.323081 0.167474
vt 0.342110 0.182056
vt 0.321805 0.174154
vt 0.393234 0.687697
vt 0.419279 0.693573
vt 0.395970 0.694089
vt 0.250926 0.244208
vt 0.227786 0.229432
vt 0.249693 0.237661
vt 0.306807 0.592350
vt 0.310376 0.578326
vt 0.329709 0.590779
vt 0.302098 0.167508
vt 0.322234 0.182112
vt 0.301457 0.174196
vt 0.373072 0.692204
vt 0.397897 0.701727
vt 0.374889 0.698810
vt 0.273582 0.244330
vt 0.250096 0.229664
vt 0.272986 0.237777
vt 0.329515 0.597375
vt 0.331074 0.582898
vt 0.351869 0.592379
vt 0.280770 0.167526
vt 0.301675 0.182152
vt 0.280778 0.174222
vt 0.352563 0.693722
vt 0.375725 0.706688
vt 0.353433 0.700406
vt 0.296602 0.244337
vt 0.273177 0.229781
vt 0.296654 0.237775
vt 0.352622 0.599054
vt 0.352113 0.584419
vt 0.374018 0.590740
vt 0.259453 0.167525
vt 0.280774 0.182175
vt 0.260106 0.174232
vt 0.332046 0.692226
vt 0.353148 0.708363
vt 0.331967 0.698849
vt 0.319582 0.244230
vt 0.296623 0.229781
vt 0.320278 0.237655
vt 0.375720 0.597356
vt 0.373142 0.582866
vt 0.395774 0.585894
vt 0.238504 0.167508
vt 0.259876 0.182181
vt 0.239779 0.174224
vt 0.311859 0.687738
vt 0.330561 0.706721
vt 0.310854 0.694165
vt 0.342120 0.244009
vt 0.320021 0.229665
vt 0.343438 0.237420
vt 0.398402 0.592313
vt 0.393810 0.578264
vt 0.416764 0.577924
vt 0.218272 0.167473
vt 0.239325 0.182170
vt 0.220134 0.174199
vt 0.292338 0.680327
vt 0.308359 0.701792
vt 0.290454 0.686430
vt 0.363824 0.243680
vt 0.342957 0.229435
vt 0.365725 0.237073
vt 0.420269 0.584019
vt 0.413771 0.570687
vt 0.436626 0.566972
vt 0.199100 0.167422
vt 0.219463 0.182142
vt 0.201498 0.174158
vt 0.273812 0.670108
vt 0.286929 0.693664
vt 0.271115 0.675773
vt 0.384318 0.243248
vt 0.365029 0.229094
vt 0.386752 0.236622
vt 0.440942 0.572629
vt 0.432688 0.560259
vt 0.455023 0.553227
vt 0.181314 0.167356
vt 0.200624 0.182097
vt 0.184190 0.174101
vt 0.256597 0.657243
vt 0.266642 0.682483
vt 0.253170 0.662374
vt 0.403250 0.242720
vt 0.385853 0.228648
vt 0.406157 0.236073
vt 0.460066 0.558350
vt 0.450237 0.547151
vt 0.471641 0.536928
vt 0.165221 0.167275
vt 0.358244 0.011067
vt 0.374386 0.016893
vt 0.358838 0.019110
vt 0.240992 0.641943
vt 0.247847 0.668447
vt 0.236927 0.646460
vt 0.243746 0.671905
vt 0.230863 0.651805
vt 0.231933 0.315488
vt 0.250224 0.324070
vt 0.230975 0.323495
vt 0.477320 0.541437
vt 0.466118 0.531579
vt 0.486198 0.518355
vt 0.389083 0.020853
vt 0.370971 0.022505
vt 0.373937 0.008828
vt 0.392039 0.015274
vt 0.227273 0.624459
vt 0.222666 0.628299
vt 0.273663 0.330944
vt 0.252868 0.330559
vt 0.251020 0.316060
vt 0.271513 0.324457
vt 0.492416 0.522187
vt 0.480053 0.513804
vt 0.498448 0.497826
vt 0.409028 0.019848
vt 0.391752 0.007194
vt 0.411498 0.014284
vt 0.215684 0.605088
vt 0.215976 0.632846
vt 0.210634 0.608203
vt 0.296112 0.331139
vt 0.272133 0.316445
vt 0.294475 0.324650
vt 0.505105 0.500934
vt 0.491798 0.494127
vt 0.508185 0.475694
vt 0.430465 0.019506
vt 0.411387 0.006194
vt 0.432431 0.013942
vt 0.206434 0.584161
vt 0.203436 0.611899
vt 0.201040 0.586516
vt 0.319832 0.331141
vt 0.294908 0.316638
vt 0.318719 0.324645
vt 0.515182 0.478042
vt 0.501146 0.472885
vt 0.515243 0.452335
vt 0.453024 0.019835
vt 0.432506 0.005849
vt 0.454476 0.014256
vt 0.199692 0.562038
vt 0.193448 0.589320
vt 0.194051 0.563609
vt 0.344419 0.330949
vt 0.318957 0.316635
vt 0.343833 0.324443
vt 0.522482 0.453899
vt 0.507931 0.450444
vt 0.519504 0.428149
vt 0.476317 0.020830
vt 0.454744 0.006165
vt 0.477249 0.015221
vt 0.195579 0.539105
vt 0.186180 0.565496
vt 0.189788 0.539875
vt 0.369457 0.330567
vt 0.343871 0.316435
vt 0.369397 0.324047
vt 0.526889 0.428912
vt 0.512031 0.427190
vt 0.520904 0.403659
vt 0.500294 0.022505
vt 0.501534 0.008802
vt 0.500966 0.016878
vt 0.188330 0.515611
vt 0.194159 0.515244
vt 0.180250 0.516096
vt 0.394369 0.323488
vt 0.394167 0.330015
vt 0.369233 0.316044
vt 0.528325 0.404019
vt 0.853752 0.563431
vt 0.859466 0.577250
vt 0.845671 0.582980
vt 0.166950 0.719190
vt 0.180747 0.713465
vt 0.186468 0.727286
vt 0.748663 0.649212
vt 0.757968 0.637822
vt 0.757898 0.647784
vt 0.821562 0.232189
vt 0.821460 0.242129
vt 0.818391 0.241611
vt 0.819471 0.728986
vt 0.825519 0.737388
vt 0.819590 0.738391
vt 0.795116 0.651537
vt 0.787162 0.640314
vt 0.795167 0.644244
vt 0.767907 0.636990
vt 0.767835 0.647304
vt 0.828093 0.745152
vt 0.819708 0.746570
vt 0.821368 0.251377
vt 0.812905 0.257884
vt 0.815439 0.250375
vt 0.777795 0.647802
vt 0.777864 0.637840
vt 0.740758 0.651488
vt 0.748725 0.640280
vt 0.819361 0.718997
vt 0.822540 0.728467
vt 0.787100 0.649246
vt 0.810109 0.247590
vt 0.777960 0.630211
vt 0.830088 0.751229
vt 0.835630 0.741214
vt 0.839318 0.746407
vt 0.815632 0.240169
vt 0.825299 0.727026
vt 0.787248 0.633475
vt 0.748811 0.633440
vt 0.758064 0.630194
vt 0.830848 0.734604
vt 0.810964 0.263627
vt 0.805368 0.253945
vt 0.768006 0.629092
vt 0.835056 0.730310
vt 0.801733 0.258803
vt 0.799417 0.247871
vt 0.070667 0.885864
vt 0.079901 0.875841
vt 0.079125 0.885779
vt 0.841580 0.735142
vt 0.805901 0.243294
vt 0.079900 0.895738
vt 0.071731 0.895820
vt 0.846606 0.738970
vt 0.813454 0.237945
vt 0.827477 0.724803
vt 0.074849 0.905112
vt 0.082173 0.905039
vt 0.074851 0.866675
vt 0.071732 0.875923
vt 0.812070 0.235158
vt 0.828861 0.722017
vt 0.091427 0.904992
vt 0.082175 0.866602
vt 0.090223 0.875789
vt 0.837730 0.724928
vt 0.093346 0.913010
vt 0.085790 0.913049
vt 0.089810 0.885725
vt 0.845363 0.727530
vt 0.803227 0.237909
vt 0.090221 0.895685
vt 0.085793 0.858691
vt 0.091430 0.866555
vt 0.846606 0.719123
vt 0.795635 0.240254
vt 0.802347 0.231960
vt 0.101678 0.885706
vt 0.101685 0.895667
vt 0.101741 0.858639
vt 0.101707 0.866539
vt 0.811615 0.232079
vt 0.829317 0.718940
vt 0.101705 0.904976
vt 0.101686 0.875771
vt 0.838610 0.718983
vt 0.101738 0.912997
vt 0.812133 0.229010
vt 0.828798 0.715873
vt 0.837608 0.713058
vt 0.110144 0.913010
vt 0.113567 0.885725
vt 0.845189 0.710744
vt 0.794392 0.231842
vt 0.803349 0.226031
vt 0.113168 0.895685
vt 0.110147 0.858652
vt 0.112003 0.866555
vt 0.112001 0.904992
vt 0.113169 0.875789
vt 0.117745 0.858691
vt 0.121309 0.866602
vt 0.806134 0.220702
vt 0.813575 0.226251
vt 0.827357 0.713116
vt 0.123547 0.895738
vt 0.121307 0.905039
vt 0.123548 0.875841
vt 0.834823 0.707733
vt 0.117742 0.913049
vt 0.124312 0.885779
vt 0.841251 0.703213
vt 0.799747 0.215920
vt 0.835176 0.697267
vt 0.805822 0.209970
vt 0.810430 0.216494
vt 0.637286 0.891486
vt 0.644973 0.881615
vt 0.645712 0.891555
vt 0.846203 0.699865
vt 0.838763 0.692583
vt 0.815799 0.224073
vt 0.825133 0.710940
vt 0.647885 0.900799
vt 0.640331 0.900738
vt 0.637290 0.871590
vt 0.647894 0.862362
vt 0.645717 0.871658
vt 0.830527 0.703529
vt 0.794848 0.212232
vt 0.636249 0.881544
vt 0.656202 0.871702
vt 0.818586 0.222688
vt 0.825142 0.700857
vt 0.659019 0.908751
vt 0.651344 0.908719
vt 0.655827 0.881661
vt 0.827560 0.693489
vt 0.815816 0.213820
vt 0.656197 0.891599
vt 0.651356 0.854360
vt 0.657294 0.862401
vt 0.822345 0.709557
vt 0.657286 0.900839
vt 0.667462 0.854403
vt 0.667620 0.862415
vt 0.821666 0.222233
vt 0.819266 0.709103
vt 0.667612 0.900852
vt 0.667719 0.871717
vt 0.819193 0.699980
vt 0.667450 0.908762
vt 0.667751 0.881676
vt 0.819148 0.692248
vt 0.813438 0.206187
vt 0.821764 0.212940
vt 0.667714 0.891614
vt 0.679141 0.871702
vt 0.679576 0.881661
vt 0.813264 0.700982
vt 0.810763 0.693666
vt 0.821851 0.204944
vt 0.827693 0.213942
vt 0.679136 0.891599
vt 0.677861 0.862401
vt 0.824735 0.222752
vt 0.816197 0.709622
vt 0.677853 0.900839
vt 0.675812 0.908751
vt 0.689350 0.871658
vt 0.827493 0.224193
vt 0.807935 0.703766
vt 0.683285 0.908719
vt 0.690145 0.881615
vt 0.803226 0.697604
vt 0.830236 0.206361
vt 0.833023 0.216727
vt 0.689345 0.891555
vt 0.675824 0.854392
vt 0.687014 0.862362
vt 0.813438 0.711063
vt 0.687006 0.900799
vt 0.850115 0.776839
vt 0.860435 0.787477
vt 0.851043 0.786580
vt 0.858079 0.748849
vt 0.862178 0.758112
vt 0.853757 0.757308
vt 0.829671 0.226417
vt 0.811260 0.713286
vt 0.853762 0.795414
vt 0.862182 0.796218
vt 0.860433 0.767752
vt 0.851041 0.766855
vt 0.803727 0.708060
vt 0.841420 0.205348
vt 0.843724 0.216374
vt 0.837773 0.210299
vt 0.859838 0.777767
vt 0.797275 0.703676
vt 0.837230 0.221023
vt 0.871273 0.778255
vt 0.793493 0.711288
vt 0.839905 0.226408
vt 0.871480 0.787948
vt 0.873040 0.749850
vt 0.872081 0.758534
vt 0.831056 0.229205
vt 0.809876 0.716072
vt 0.872085 0.796640
vt 0.871478 0.768223
vt 0.801053 0.713443
vt 0.873047 0.803740
vt 0.864961 0.803395
vt 0.882500 0.796640
vt 0.883094 0.768223
vt 0.831511 0.232284
vt 0.809421 0.719149
vt 0.800173 0.719387
vt 0.881550 0.803740
vt 0.883299 0.778255
vt 0.792249 0.719695
vt 0.848750 0.232403
vt 0.840784 0.232357
vt 0.883096 0.787948
vt 0.882496 0.758534
vt 0.894147 0.787477
vt 0.881544 0.749850
vt 0.892404 0.758112
vt 0.830992 0.235353
vt 0.809939 0.722216
vt 0.892408 0.796218
vt 0.894145 0.767752
vt 0.801175 0.725312
vt 0.889640 0.803395
vt 0.894740 0.777767
vt 0.793666 0.728074
vt 0.839782 0.238286
vt 0.795167 0.682534
vt 0.787100 0.679355
vt 0.795116 0.676120
vt 0.904476 0.776839
vt 0.797605 0.735605
vt 0.847333 0.240788
vt 0.836997 0.243615
vt 0.903551 0.786580
vt 0.889634 0.749505
vt 0.900835 0.757308
vt 0.829551 0.238112
vt 0.811381 0.724973
vt 0.777864 0.690145
vt 0.787162 0.687209
vt 0.903549 0.766855
vt 0.803960 0.730637
vt 0.813604 0.727149
vt 0.777795 0.681384
vt 0.787067 0.669771
vt 0.748663 0.679320
vt 0.757862 0.670677
vt 0.757898 0.681366
vt 0.827327 0.240290
vt 0.808256 0.734842
vt 0.795089 0.668295
vt 0.767797 0.671004
vt 0.767835 0.682070
vt 0.803679 0.741550
vt 0.843394 0.248324
vt 0.832702 0.247823
vt 0.777758 0.670695
vt 0.740731 0.668247
vt 0.748630 0.669737
vt 0.837319 0.254275
vt 0.827316 0.250497
vt 0.777758 0.659123
vt 0.748630 0.659362
vt 0.824540 0.241674
vt 0.816392 0.728532
vt 0.787067 0.659396
vt 0.757862 0.659105
vt 0.813641 0.737513
vt 0.795089 0.659824
vt 0.767797 0.659024
vt 0.811296 0.745329
vt 0.829703 0.258057
vt 0.740731 0.659776
vt 0.418801 0.544346
vt 0.430697 0.535915
vt 0.426531 0.544400
vt 0.422778 0.504893
vt 0.434221 0.515503
vt 0.423288 0.515426
vt 0.236059 0.740835
vt 0.245073 0.748002
vt 0.236185 0.749505
vt 0.034201 0.055600
vt 0.025231 0.062498
vt 0.027916 0.054538
vt 0.422759 0.525985
vt 0.433320 0.526058
vt 0.418852 0.486724
vt 0.430734 0.495169
vt 0.421265 0.495103
vt 0.034300 0.045797
vt 0.031046 0.045248
vt 0.235934 0.730865
vt 0.235817 0.720276
vt 0.239187 0.730315
vt 0.421229 0.535849
vt 0.433339 0.504967
vt 0.034407 0.035260
vt 0.242344 0.739772
vt 0.247188 0.754444
vt 0.253062 0.743828
vt 0.256973 0.749332
vt 0.028122 0.043719
vt 0.242111 0.728787
vt 0.437947 0.536006
vt 0.437984 0.495261
vt 0.441426 0.505069
vt 0.247994 0.736820
vt 0.023173 0.068586
vt 0.017241 0.058323
vt 0.442593 0.515608
vt 0.022267 0.051586
vt 0.441407 0.526160
vt 0.365366 0.841365
vt 0.375154 0.830741
vt 0.374331 0.841275
vt 0.259371 0.737391
vt 0.010933 0.051884
vt 0.017806 0.047032
vt 0.375152 0.851832
vt 0.366493 0.851919
vt 0.264698 0.741449
vt 0.025813 0.041362
vt 0.244420 0.726431
vt 0.377563 0.861692
vt 0.369798 0.861770
vt 0.369801 0.821024
vt 0.366494 0.830827
vt 0.252454 0.732269
vt 0.005662 0.055585
vt 0.387375 0.820897
vt 0.386095 0.830685
vt 0.024345 0.038407
vt 0.255289 0.726563
vt 0.389406 0.870142
vt 0.381397 0.870183
vt 0.385658 0.841217
vt 0.263380 0.729322
vt 0.006924 0.043810
vt 0.014971 0.041323
vt 0.386094 0.851776
vt 0.377565 0.820947
vt 0.389410 0.812519
vt 0.245888 0.723478
vt 0.387372 0.861642
vt 0.398246 0.851757
vt 0.398305 0.812505
vt 0.398270 0.820879
vt 0.023863 0.035143
vt 0.246371 0.720216
vt 0.398267 0.861625
vt 0.398247 0.830666
vt 0.256221 0.720261
vt 0.398302 0.870128
vt 0.398239 0.841198
vt 0.264698 0.720410
vt 0.014039 0.035018
vt 0.410841 0.841217
vt 0.263197 0.711528
vt 0.007107 0.026004
vt 0.015101 0.028733
vt 0.410419 0.851776
vt 0.409184 0.820897
vt 0.024412 0.031890
vt 0.245821 0.716965
vt 0.409181 0.861642
vt 0.410420 0.830685
vt 0.255159 0.713981
vt 0.407213 0.870142
vt 0.419046 0.861692
vt 0.421422 0.830741
vt 0.025941 0.028965
vt 0.244293 0.714043
vt 0.252207 0.708336
vt 0.415268 0.870183
vt 0.422231 0.841275
vt 0.259021 0.703544
vt 0.018053 0.023083
vt 0.421421 0.851832
vt 0.415271 0.812560
vt 0.419048 0.820947
vt 0.809863 0.103855
vt 0.818011 0.093391
vt 0.818795 0.103928
vt 0.256384 0.692276
vt 0.264271 0.699995
vt 0.028298 0.026657
vt 0.241936 0.711736
vt 0.821099 0.113728
vt 0.813090 0.113663
vt 0.809868 0.082764
vt 0.821108 0.072982
vt 0.818800 0.082836
vt 0.247654 0.703879
vt 0.011282 0.018015
vt 0.013977 0.006379
vt 0.017722 0.011707
vt 0.808764 0.093316
vt 0.252582 0.697242
vt 0.022607 0.018623
vt 0.832901 0.122157
vt 0.824765 0.122123
vt 0.829518 0.093440
vt 0.244508 0.693237
vt 0.025796 0.007697
vt 0.028316 0.015788
vt 0.829910 0.103974
vt 0.832914 0.064533
vt 0.831073 0.073023
vt 0.031253 0.025189
vt 0.238980 0.710270
vt 0.831064 0.113769
vt 0.829914 0.082883
vt 0.241945 0.701047
vt 0.235716 0.709788
vt 0.842010 0.113784
vt 0.842123 0.082899
vt 0.034517 0.024706
vt 0.235639 0.700117
vt 0.841839 0.122169
vt 0.842157 0.093456
vt 0.235591 0.691921
vt 0.034622 0.014856
vt 0.842119 0.103990
vt 0.841851 0.064545
vt 0.842019 0.073038
vt 0.043602 0.007881
vt 0.040907 0.015918
vt 0.854227 0.103974
vt 0.852875 0.073023
vt 0.037771 0.025256
vt 0.232463 0.710338
vt 0.852866 0.113769
vt 0.854231 0.082883
vt 0.229354 0.701180
vt 0.850702 0.122157
vt 0.854692 0.093440
vt 0.226702 0.693424
vt 0.223705 0.704131
vt 0.858625 0.122123
vt 0.865896 0.093391
vt 0.218713 0.697598
vt 0.051592 0.012056
vt 0.046556 0.018870
vt 0.865049 0.103928
vt 0.850715 0.064533
vt 0.862577 0.072982
vt 0.040695 0.026784
vt 0.229539 0.711866
vt 0.862568 0.113728
vt 0.865053 0.082836
vt 0.051017 0.023423
vt 0.043004 0.029142
vt 0.227230 0.714222
vt 0.579921 0.843419
vt 0.591729 0.853635
vt 0.582803 0.852783
vt 0.579918 0.822509
vt 0.591724 0.813241
vt 0.589874 0.823460
vt 0.219244 0.708682
vt 0.063184 0.014694
vt 0.057900 0.018496
vt 0.589244 0.834077
vt 0.578937 0.833093
vt 0.212405 0.704035
vt 0.589877 0.844369
vt 0.587380 0.803421
vt 0.582798 0.812389
vt 0.216409 0.714388
vt 0.208395 0.712104
vt 0.061909 0.026569
vt 0.053852 0.029132
vt 0.601585 0.844869
vt 0.594668 0.804117
vt 0.602222 0.813689
vt 0.044471 0.032097
vt 0.225762 0.717176
vt 0.602226 0.854083
vt 0.601583 0.823959
vt 0.594675 0.861244
vt 0.603246 0.861609
vt 0.601365 0.834594
vt 0.044954 0.035361
vt 0.225280 0.720438
vt 0.215477 0.720690
vt 0.613267 0.854083
vt 0.612260 0.861609
vt 0.613897 0.823959
vt 0.614114 0.834594
vt 0.207077 0.721016
vt 0.054784 0.035438
vt 0.613899 0.844869
vt 0.603239 0.804483
vt 0.613262 0.813689
vt 0.612254 0.804483
vt 0.623765 0.813241
vt 0.053722 0.041723
vt 0.044404 0.038614
vt 0.225829 0.723689
vt 0.623770 0.853635
vt 0.625611 0.823460
vt 0.216539 0.726971
vt 0.620836 0.861244
vt 0.626242 0.834077
vt 0.208579 0.729898
vt 0.061726 0.044375
vt 0.625614 0.844369
vt 0.219491 0.732616
vt 0.212754 0.737881
vt 0.057550 0.052365
vt 0.050770 0.047372
vt 0.635582 0.843419
vt 0.620830 0.804117
vt 0.632703 0.812389
vt 0.042876 0.041538
vt 0.227358 0.726611
vt 0.377874 0.526058
vt 0.389312 0.535849
vt 0.380986 0.535915
vt 0.635580 0.822509
vt 0.385942 0.544400
vt 0.392741 0.544346
vt 0.636562 0.833093
vt 0.387180 0.504893
vt 0.399508 0.495069
vt 0.398511 0.504855
vt 0.040519 0.043847
vt 0.224045 0.737072
vt 0.399471 0.535814
vt 0.401036 0.544318
vt 0.398165 0.515386
vt 0.386434 0.515426
vt 0.219194 0.744184
vt 0.046216 0.051833
vt 0.398492 0.525946
vt 0.387161 0.525985
vt 0.392792 0.486724
vt 0.389349 0.495103
vt 0.229715 0.728918
vt 0.401087 0.486695
vt 0.410506 0.495069
vt 0.040507 0.054668
vt 0.037564 0.045315
vt 0.232670 0.730384
vt 0.410469 0.535814
vt 0.410778 0.504855
vt 0.229754 0.739904
vt 0.410015 0.544318
vt 0.410864 0.515386
vt 0.227267 0.748189
vt 0.051111 0.058673
vt 0.410759 0.525946
vt 0.034119 0.064000
vt 0.410067 0.486695
vt 0.903744 0.113779
vt 0.910720 0.119326
vt 0.903841 0.120489
vt 0.367618 0.924432
vt 0.360675 0.929771
vt 0.362754 0.923610
vt 0.899199 0.573553
vt 0.907427 0.565789
vt 0.907370 0.573962
vt 0.876985 0.576986
vt 0.883522 0.567790
vt 0.883471 0.575118
vt 0.365176 0.916420
vt 0.367694 0.916846
vt 0.903647 0.106064
vt 0.903557 0.097869
vt 0.906165 0.105638
vt 0.915004 0.575146
vt 0.915055 0.567819
vt 0.891104 0.565774
vt 0.891047 0.573947
vt 0.367777 0.908691
vt 0.908608 0.112957
vt 0.921580 0.577026
vt 0.921622 0.571043
vt 0.899258 0.565091
vt 0.915126 0.562208
vt 0.891183 0.559516
vt 0.362913 0.915237
vt 0.912981 0.110673
vt 0.351510 0.930525
vt 0.354492 0.926539
vt 0.899339 0.558612
vt 0.916903 0.116096
vt 0.358382 0.921325
vt 0.907506 0.559530
vt 0.912357 0.124312
vt 0.919929 0.120356
vt 0.908428 0.104456
vt 0.758460 0.969643
vt 0.764526 0.961406
vt 0.765162 0.969576
vt 0.925909 0.114254
vt 0.361126 0.913413
vt 0.910215 0.102632
vt 0.767027 0.977207
vt 0.761018 0.977267
vt 0.761020 0.945734
vt 0.765163 0.953253
vt 0.758461 0.953320
vt 0.916433 0.107150
vt 0.345531 0.924421
vt 0.349610 0.921556
vt 0.757587 0.961476
vt 0.921785 0.111114
vt 0.354930 0.917801
vt 0.776193 0.983746
vt 0.769994 0.983778
vt 0.773292 0.961361
vt 0.924888 0.104869
vt 0.346507 0.915307
vt 0.352735 0.913383
vt 0.773629 0.969533
vt 0.767029 0.945673
vt 0.776196 0.939152
vt 0.774621 0.945635
vt 0.359990 0.911126
vt 0.911351 0.100347
vt 0.774619 0.977168
vt 0.773630 0.953210
vt 0.918627 0.102734
vt 0.911724 0.097822
vt 0.783034 0.969518
vt 0.783051 0.977155
vt 0.783035 0.953195
vt 0.359617 0.908600
vt 0.919348 0.097857
vt 0.783078 0.983736
vt 0.783029 0.961346
vt 0.925909 0.097972
vt 0.345487 0.908406
vt 0.352014 0.908503
vt 0.783052 0.945622
vt 0.352836 0.903639
vt 0.792455 0.969533
vt 0.789977 0.939152
vt 0.791499 0.945635
vt 0.360042 0.906082
vt 0.911299 0.095306
vt 0.791497 0.977168
vt 0.792456 0.953210
vt 0.918526 0.092997
vt 0.789974 0.983746
vt 0.792782 0.961361
vt 0.924746 0.091098
vt 0.916242 0.088628
vt 0.796207 0.983778
vt 0.800970 0.953253
vt 0.801597 0.961406
vt 0.921515 0.084920
vt 0.349881 0.895344
vt 0.355121 0.899267
vt 0.800969 0.969576
vt 0.796210 0.939183
vt 0.799133 0.945673
vt 0.361225 0.903819
vt 0.910116 0.093045
vt 0.799131 0.977207
vt 0.363049 0.902032
vt 0.908292 0.091259
vt 0.256698 0.971748
vt 0.265394 0.979389
vt 0.259196 0.979338
vt 0.259203 0.947804
vt 0.263615 0.955481
vt 0.256702 0.955425
vt 0.912718 0.085179
vt 0.345862 0.892318
vt 0.354864 0.890462
vt 0.263004 0.963650
vt 0.255848 0.963592
vt 0.916532 0.080042
vt 0.358645 0.895815
vt 0.263611 0.971804
vt 0.925578 0.082173
vt 0.919474 0.076199
vt 0.910283 0.076943
vt 0.363063 0.893621
vt 0.272213 0.971841
vt 0.265401 0.947855
vt 0.274538 0.941317
vt 0.273113 0.947887
vt 0.365336 0.900896
vt 0.906005 0.090125
vt 0.273106 0.979421
vt 0.272216 0.955517
vt 0.908299 0.082987
vt 0.274528 0.985912
vt 0.268231 0.985886
vt 0.271909 0.963687
vt 0.367862 0.900523
vt 0.903419 0.082267
vt 0.281445 0.985921
vt 0.281665 0.955530
vt 0.281691 0.963700
vt 0.903382 0.075925
vt 0.361113 0.887359
vt 0.367943 0.892899
vt 0.281661 0.971853
vt 0.281584 0.947898
vt 0.903479 0.089752
vt 0.281577 0.979432
vt 0.288314 0.941317
vt 0.289985 0.947887
vt 0.370380 0.900949
vt 0.900961 0.090178
vt 0.289979 0.979421
vt 0.291035 0.955517
vt 0.898555 0.083090
vt 0.288304 0.985912
vt 0.291392 0.963687
vt 0.896503 0.077088
vt 0.374893 0.887502
vt 0.372807 0.893721
vt 0.291032 0.971841
vt 0.890320 0.080318
vt 0.381077 0.890733
vt 0.377180 0.896006
vt 0.300063 0.963650
vt 0.299407 0.971804
vt 0.297495 0.947855
vt 0.372643 0.902131
vt 0.898698 0.091360
vt 0.297488 0.979389
vt 0.299411 0.955481
vt 0.894183 0.085374
vt 0.294435 0.985886
vt 0.389110 0.953518
vt 0.398247 0.946345
vt 0.396816 0.954253
vt 0.374430 0.903955
vt 0.890731 0.088896
vt 0.384069 0.886670
vt 0.385959 0.895716
vt 0.388351 0.961708
vt 0.396328 0.962470
vt 0.885438 0.085299
vt 0.380632 0.899530
vt 0.396818 0.970436
vt 0.389112 0.969700
vt 0.391339 0.945685
vt 0.400526 0.939284
vt 0.896911 0.093183
vt 0.398251 0.977607
vt 0.391343 0.976947
vt 0.406371 0.946692
vt 0.382826 0.903948
vt 0.375566 0.906242
vt 0.895775 0.095469
vt 0.406375 0.977953
vt 0.405877 0.954640
vt 0.888537 0.093312
vt 0.407164 0.983778
vt 0.400531 0.983495
vt 0.405709 0.962870
vt 0.882335 0.091544
vt 0.405879 0.970822
vt 0.415407 0.954640
vt 0.415575 0.962870
vt 0.887816 0.098189
vt 0.881315 0.098441
vt 0.390082 0.908866
vt 0.383547 0.908828
vt 0.415409 0.970822
vt 0.407159 0.939567
vt 0.414916 0.946692
vt 0.375940 0.908769
vt 0.895402 0.097994
vt 0.414919 0.977953
vt 0.414140 0.983778
vt 0.423044 0.946345
vt 0.424473 0.954253
vt 0.375514 0.911286
vt 0.895827 0.100510
vt 0.888637 0.103050
vt 0.420777 0.983495
vt 0.424961 0.962470
vt 0.882477 0.105316
vt 0.388919 0.915745
vt 0.382725 0.913693
vt 0.424475 0.970436
vt 0.420772 0.939284
vt 0.423048 0.977607
vt 0.432190 0.969700
vt 0.426420 0.938745
vt 0.429961 0.945685
vt 0.374331 0.913550
vt 0.897010 0.102771
vt 0.907427 0.608699
vt 0.915004 0.599847
vt 0.915055 0.606291
vt 0.432188 0.953518
vt 0.890922 0.107419
vt 0.921580 0.597194
vt 0.921622 0.602455
vt 0.432948 0.961708
vt 0.885708 0.111494
vt 0.385688 0.921928
vt 0.380440 0.918065
vt 0.899199 0.602075
vt 0.891017 0.592728
vt 0.899168 0.592996
vt 0.894446 0.110868
vt 0.890692 0.116372
vt 0.380704 0.926810
vt 0.376916 0.921517
vt 0.907340 0.592743
vt 0.907370 0.601512
vt 0.883471 0.599819
vt 0.876963 0.590734
vt 0.883444 0.591956
vt 0.372507 0.915336
vt 0.898834 0.104557
vt 0.914977 0.591985
vt 0.891047 0.601497
vt 0.921558 0.590774
vt 0.914977 0.583473
vt 0.891017 0.583235
vt 0.370220 0.916472
vt 0.898864 0.113059
vt 0.921558 0.583825
vt 0.899168 0.583168
vt 0.896940 0.119471
vt 0.374456 0.929913
vt 0.372498 0.923711
vt 0.907340 0.583249
vt 0.876963 0.583785
vt 0.883444 0.583445
vt 0.901121 0.105691
vt 0.661922 0.014221
vt 0.649867 0.023982
vt 0.652482 0.014155
vt 0.661886 0.054844
vt 0.649848 0.045010
vt 0.660377 0.045084
vt 0.409572 0.635485
vt 0.409464 0.645991
vt 0.406221 0.645443
vt 0.725765 0.102946
vt 0.732157 0.111827
vt 0.725890 0.112886
vt 0.664343 0.005748
vt 0.656635 0.005695
vt 0.648969 0.034506
vt 0.659869 0.034582
vt 0.734877 0.120032
vt 0.726015 0.121530
vt 0.409366 0.655765
vt 0.400423 0.662642
vt 0.403100 0.654706
vt 0.660396 0.024055
vt 0.664292 0.063199
vt 0.652446 0.054778
vt 0.725648 0.092389
vt 0.729009 0.102398
vt 0.737789 0.108884
vt 0.742843 0.115871
vt 0.397467 0.651762
vt 0.641805 0.023880
vt 0.746741 0.121358
vt 0.736986 0.126455
vt 0.403305 0.643919
vt 0.731924 0.100875
vt 0.645253 0.014064
vt 0.641786 0.044909
vt 0.398371 0.668712
vt 0.392457 0.658480
vt 0.640622 0.034401
vt 0.141613 0.839518
vt 0.152651 0.829666
vt 0.150247 0.839431
vt 0.401003 0.641569
vt 0.734226 0.098526
vt 0.742236 0.104346
vt 0.388615 0.663613
vt 0.386168 0.652059
vt 0.149426 0.849935
vt 0.140488 0.850024
vt 0.749132 0.109453
vt 0.393020 0.647222
vt 0.141611 0.860546
vt 0.150246 0.860460
vt 0.754444 0.113498
vt 0.152648 0.870290
vt 0.144907 0.870368
vt 0.164460 0.821264
vt 0.162431 0.829617
vt 0.399540 0.638623
vt 0.735690 0.095581
vt 0.162429 0.870241
vt 0.161155 0.839376
vt 0.745063 0.098657
vt 0.164457 0.878715
vt 0.156471 0.878756
vt 0.160720 0.849877
vt 0.753130 0.101408
vt 0.382170 0.644010
vt 0.390194 0.641530
vt 0.161154 0.860404
vt 0.173263 0.849857
vt 0.745992 0.092374
vt 0.754444 0.092522
vt 0.380856 0.635119
vt 0.389264 0.635244
vt 0.173270 0.860385
vt 0.173329 0.821250
vt 0.173294 0.829599
vt 0.399059 0.635369
vt 0.736171 0.092329
vt 0.173292 0.870223
vt 0.173271 0.839357
vt 0.173326 0.878701
vt 0.184175 0.829617
vt 0.185408 0.839376
vt 0.399607 0.632125
vt 0.735623 0.089087
vt 0.744934 0.086112
vt 0.182211 0.878715
vt 0.185828 0.849877
vt 0.752947 0.083666
vt 0.390323 0.628977
vt 0.185407 0.860404
vt 0.184173 0.870241
vt 0.197184 0.849935
vt 0.196376 0.860460
vt 0.190244 0.821305
vt 0.194010 0.829666
vt 0.401130 0.629209
vt 0.734099 0.086174
vt 0.194008 0.870290
vt 0.196377 0.839431
vt 0.741990 0.080484
vt 0.190241 0.878756
vt 0.748784 0.075707
vt 0.386516 0.618291
vt 0.393266 0.623345
vt 0.814321 0.622994
vt 0.822440 0.633590
vt 0.813221 0.633516
vt 0.742364 0.069423
vt 0.397806 0.618898
vt 0.814317 0.644023
vt 0.823222 0.644096
vt 0.754018 0.072168
vt 0.746154 0.064472
vt 0.403480 0.626907
vt 0.731749 0.083874
vt 0.825519 0.653866
vt 0.817534 0.653801
vt 0.817543 0.613177
vt 0.823227 0.623067
vt 0.737450 0.076041
vt 0.381339 0.614393
vt 0.392936 0.612002
vt 0.835454 0.653908
vt 0.835463 0.613283
vt 0.834308 0.623113
vt 0.406427 0.625444
vt 0.728803 0.082412
vt 0.731758 0.073217
vt 0.837286 0.662270
vt 0.829174 0.662236
vt 0.833913 0.633639
vt 0.734314 0.065430
vt 0.403499 0.616071
vt 0.834304 0.644142
vt 0.825528 0.613241
vt 0.837299 0.604818
vt 0.846515 0.633655
vt 0.846476 0.644158
vt 0.846209 0.604830
vt 0.846377 0.613298
vt 0.409681 0.624963
vt 0.725548 0.081932
vt 0.846368 0.653922
vt 0.846481 0.623129
vt 0.725471 0.072290
vt 0.846197 0.662282
vt 0.725423 0.064118
vt 0.400986 0.608004
vt 0.409786 0.615142
vt 0.855034 0.662270
vt 0.859012 0.633639
vt 0.719205 0.073349
vt 0.716561 0.065617
vt 0.409877 0.606690
vt 0.416052 0.616201
vt 0.858548 0.644142
vt 0.857200 0.613283
vt 0.412925 0.625511
vt 0.722305 0.082481
vt 0.857191 0.653908
vt 0.858553 0.623113
vt 0.719389 0.084004
vt 0.866865 0.653866
vt 0.866874 0.613242
vt 0.869342 0.623067
vt 0.415841 0.627035
vt 0.713573 0.076292
vt 0.862933 0.662236
vt 0.870183 0.633590
vt 0.708596 0.069778
vt 0.418739 0.608188
vt 0.421685 0.619144
vt 0.869338 0.644096
vt 0.855047 0.604818
vt 0.426705 0.612350
vt 0.426132 0.623684
vt 0.700115 0.843473
vt 0.709410 0.834159
vt 0.710041 0.844421
vt 0.702983 0.812535
vt 0.714818 0.804288
vt 0.711883 0.813385
vt 0.418143 0.629385
vt 0.717087 0.086353
vt 0.711888 0.853659
vt 0.702988 0.852809
vt 0.700112 0.822625
vt 0.710039 0.823573
vt 0.709125 0.080830
vt 0.430560 0.607117
vt 0.432994 0.618771
vt 0.699134 0.833178
vt 0.702306 0.076196
vt 0.715624 0.089298
vt 0.706299 0.086519
vt 0.723370 0.861609
vt 0.714825 0.861245
vt 0.721495 0.834675
vt 0.698309 0.084241
vt 0.428959 0.629376
vt 0.721714 0.844919
vt 0.722349 0.813832
vt 0.419606 0.632331
vt 0.722354 0.854106
vt 0.721712 0.824071
vt 0.429888 0.635663
vt 0.420087 0.635586
vt 0.715143 0.092550
vt 0.733361 0.854106
vt 0.733357 0.813832
vt 0.733989 0.824071
vt 0.705369 0.092802
vt 0.732358 0.861609
vt 0.734206 0.834675
vt 0.696994 0.093127
vt 0.436992 0.626820
vt 0.733992 0.844919
vt 0.732351 0.804653
vt 0.698492 0.101982
vt 0.438306 0.635711
vt 0.428829 0.641929
vt 0.746298 0.834159
vt 0.745672 0.844421
vt 0.740902 0.804288
vt 0.743829 0.813385
vt 0.419539 0.638829
vt 0.715691 0.095791
vt 0.743833 0.853659
vt 0.745669 0.823573
vt 0.706428 0.099064
vt 0.740908 0.861245
vt 0.418015 0.641745
vt 0.709372 0.104692
vt 0.702045 0.014155
vt 0.690326 0.005749
vt 0.697104 0.005695
vt 0.756587 0.833178
vt 0.702654 0.109942
vt 0.436809 0.644573
vt 0.425886 0.647562
vt 0.755611 0.843473
vt 0.748177 0.803595
vt 0.752740 0.812535
vt 0.717214 0.098705
vt 0.705148 0.023982
vt 0.693744 0.014221
vt 0.755608 0.822625
vt 0.693707 0.054844
vt 0.682004 0.063228
vt 0.683578 0.054879
vt 0.415665 0.644047
vt 0.719564 0.101005
vt 0.695889 0.024055
vt 0.683615 0.014255
vt 0.695870 0.045084
vt 0.684572 0.045122
vt 0.713911 0.109135
vt 0.682055 0.005777
vt 0.684918 0.034622
vt 0.696614 0.034582
vt 0.709075 0.116226
vt 0.432646 0.652539
vt 0.421346 0.652009
vt 0.684591 0.024094
vt 0.719603 0.111959
vt 0.717124 0.120219
vt 0.426226 0.658828
vt 0.415653 0.654835
vt 0.672257 0.034622
vt 0.672361 0.024094
vt 0.673051 0.063228
vt 0.672613 0.054879
vt 0.412719 0.645510
vt 0.722511 0.102466
vt 0.672650 0.014255
vt 0.672343 0.045122
vt 0.673102 0.005777
vt 0.409285 0.664140
vt 0.912826 0.506356
vt 0.917504 0.498964
vt 0.919576 0.505214
vt 0.925234 0.367309
vt 0.920522 0.360123
vt 0.925296 0.360929
vt 0.575977 0.891416
vt 0.584052 0.883797
vt 0.583996 0.891818
vt 0.554177 0.894785
vt 0.560592 0.885761
vt 0.560542 0.892953
vt 0.922900 0.353067
vt 0.925371 0.353484
vt 0.912635 0.492199
vt 0.912546 0.484156
vt 0.915106 0.491781
vt 0.591538 0.885789
vt 0.591488 0.892980
vt 0.568033 0.883783
vt 0.567977 0.891804
vt 0.925453 0.345481
vt 0.912730 0.499771
vt 0.597942 0.894825
vt 0.597983 0.888953
vt 0.576035 0.883113
vt 0.917327 0.490621
vt 0.591607 0.880282
vt 0.568110 0.877641
vt 0.920679 0.351906
vt 0.921794 0.496722
vt 0.916920 0.370792
vt 0.912415 0.362998
vt 0.918483 0.366169
vt 0.576115 0.876754
vt 0.925644 0.502044
vt 0.916232 0.357880
vt 0.584129 0.877655
vt 0.928614 0.506224
vt 0.921182 0.510107
vt 0.912844 0.354422
vt 0.449771 0.972607
vt 0.457204 0.980557
vt 0.450627 0.980623
vt 0.934482 0.500237
vt 0.918925 0.350116
vt 0.919081 0.488831
vt 0.459034 0.988046
vt 0.453137 0.988105
vt 0.450627 0.964604
vt 0.459036 0.957099
vt 0.457205 0.964538
vt 0.925182 0.493265
vt 0.903620 0.360918
vt 0.907624 0.358107
vt 0.456580 0.972539
vt 0.930435 0.497155
vt 0.927336 0.488931
vt 0.468030 0.994464
vt 0.461946 0.994494
vt 0.465183 0.972495
vt 0.933481 0.491027
vt 0.910691 0.350086
vt 0.465514 0.980515
vt 0.468032 0.950699
vt 0.466487 0.957061
vt 0.917810 0.347871
vt 0.920195 0.486588
vt 0.466485 0.988008
vt 0.465515 0.964496
vt 0.909983 0.345297
vt 0.917444 0.345392
vt 0.920562 0.484110
vt 0.474760 0.987995
vt 0.474761 0.957048
vt 0.474744 0.964481
vt 0.928044 0.484145
vt 0.474786 0.994453
vt 0.474738 0.972480
vt 0.934482 0.484258
vt 0.904578 0.351975
vt 0.474743 0.980500
vt 0.474789 0.950688
vt 0.933341 0.477512
vt 0.904718 0.338451
vt 0.910789 0.340523
vt 0.484309 0.972495
vt 0.483989 0.980515
vt 0.483051 0.957061
vt 0.917861 0.342921
vt 0.920144 0.481641
vt 0.483049 0.988008
vt 0.483990 0.964496
vt 0.927237 0.479375
vt 0.481554 0.994464
vt 0.919022 0.340700
vt 0.918984 0.479422
vt 0.924995 0.475088
vt 0.487671 0.994494
vt 0.492346 0.964538
vt 0.492961 0.972539
vt 0.930170 0.471448
vt 0.913032 0.336233
vt 0.492345 0.980557
vt 0.481557 0.950699
vt 0.490543 0.957099
vt 0.490541 0.988046
vt 0.928167 0.462890
vt 0.934157 0.468753
vt 0.916490 0.332845
vt 0.920812 0.338947
vt 0.917193 0.477670
vt 0.544709 0.974156
vt 0.553242 0.981654
vt 0.547160 0.981604
vt 0.547167 0.950657
vt 0.551496 0.958191
vt 0.544712 0.958136
vt 0.921536 0.471703
vt 0.903945 0.329413
vt 0.912780 0.327592
vt 0.907889 0.332383
vt 0.550897 0.966208
vt 0.543874 0.966151
vt 0.925279 0.466662
vt 0.551493 0.974211
vt 0.919147 0.463620
vt 0.920826 0.330692
vt 0.559934 0.974246
vt 0.556036 0.944264
vt 0.560818 0.950739
vt 0.553249 0.950707
vt 0.923057 0.337832
vt 0.914949 0.476556
vt 0.560811 0.981685
vt 0.559938 0.958227
vt 0.917201 0.469552
vt 0.562206 0.988056
vt 0.556027 0.988030
vt 0.559637 0.966245
vt 0.569131 0.950750
vt 0.569211 0.958239
vt 0.925536 0.337466
vt 0.912470 0.476191
vt 0.912411 0.468845
vt 0.568994 0.988064
vt 0.569236 0.966257
vt 0.912374 0.462621
vt 0.918912 0.324547
vt 0.925615 0.329984
vt 0.569207 0.974258
vt 0.569004 0.944299
vt 0.569125 0.981696
vt 0.577376 0.950739
vt 0.928007 0.337883
vt 0.909999 0.476608
vt 0.578403 0.974246
vt 0.577370 0.981685
vt 0.578407 0.958227
vt 0.907638 0.469652
vt 0.575726 0.988056
vt 0.578757 0.966245
vt 0.905624 0.463762
vt 0.925685 0.323546
vt 0.930389 0.330790
vt 0.586626 0.958191
vt 0.587266 0.966208
vt 0.903347 0.471894
vt 0.899556 0.466932
vt 0.938504 0.327857
vt 0.934680 0.333033
vt 0.586622 0.974211
vt 0.581753 0.944264
vt 0.584745 0.950707
vt 0.930228 0.339044
vt 0.907778 0.477769
vt 0.584739 0.981654
vt 0.581743 0.988030
vt 0.317098 0.952824
vt 0.322473 0.961233
vt 0.314911 0.960511
vt 0.931982 0.340834
vt 0.906024 0.479558
vt 0.899959 0.475351
vt 0.947309 0.329861
vt 0.943295 0.332748
vt 0.321994 0.969297
vt 0.314165 0.968549
vt 0.894765 0.471821
vt 0.938067 0.336491
vt 0.322474 0.977114
vt 0.314913 0.976392
vt 0.326114 0.946542
vt 0.323878 0.953472
vt 0.323881 0.984151
vt 0.317102 0.983504
vt 0.331367 0.977493
vt 0.332623 0.946820
vt 0.331850 0.953812
vt 0.940221 0.340827
vt 0.933096 0.343078
vt 0.904910 0.481801
vt 0.331854 0.984492
vt 0.331365 0.961612
vt 0.897806 0.479685
vt 0.332628 0.990208
vt 0.326119 0.989930
vt 0.331200 0.969690
vt 0.891719 0.477950
vt 0.946341 0.338880
vt 0.340718 0.961612
vt 0.340883 0.969690
vt 0.890718 0.484718
vt 0.940929 0.345616
vt 0.340719 0.977493
vt 0.340236 0.953812
vt 0.933463 0.345557
vt 0.904543 0.484279
vt 0.340239 0.984492
vt 0.897098 0.484471
vt 0.339475 0.990208
vt 0.348217 0.984151
vt 0.348213 0.953472
vt 0.349615 0.961233
vt 0.933045 0.348028
vt 0.904961 0.486748
vt 0.897905 0.489241
vt 0.345988 0.989930
vt 0.350094 0.969297
vt 0.891859 0.491464
vt 0.946201 0.352404
vt 0.940122 0.350390
vt 0.349617 0.977114
vt 0.345983 0.946542
vt 0.357188 0.976392
vt 0.355001 0.952824
vt 0.931885 0.350249
vt 0.906121 0.488968
vt 0.584052 0.925909
vt 0.591488 0.917221
vt 0.591538 0.923545
vt 0.357186 0.960511
vt 0.900147 0.493528
vt 0.597983 0.919781
vt 0.597942 0.914617
vt 0.357932 0.968549
vt 0.895030 0.497528
vt 0.937880 0.354680
vt 0.597920 0.908317
vt 0.567977 0.918841
vt 0.575947 0.910498
vt 0.575977 0.919408
vt 0.903605 0.496913
vt 0.899921 0.502315
vt 0.943030 0.358472
vt 0.934421 0.358068
vt 0.583967 0.910249
vt 0.583996 0.918855
vt 0.560542 0.917194
vt 0.554156 0.908278
vt 0.560515 0.909478
vt 0.930094 0.352003
vt 0.907911 0.490720
vt 0.591461 0.909505
vt 0.567948 0.910235
vt 0.910156 0.491833
vt 0.591461 0.901152
vt 0.560515 0.901125
vt 0.567948 0.900918
vt 0.927850 0.353118
vt 0.907941 0.499064
vt 0.597920 0.901497
vt 0.575947 0.900853
vt 0.906053 0.505356
vt 0.932007 0.366308
vt 0.930085 0.360221
vt 0.583967 0.900933
vt 0.554156 0.901458
vt 0.484570 0.334498
vt 0.484467 0.344619
vt 0.481342 0.344091
vt 0.786950 0.489534
vt 0.789955 0.479431
vt 0.792987 0.488514
vt 0.748374 0.328081
vt 0.756587 0.322988
vt 0.756535 0.330413
vt 0.718644 0.326593
vt 0.728833 0.315603
vt 0.728760 0.326103
vt 0.795608 0.496418
vt 0.787071 0.497862
vt 0.484294 0.362101
vt 0.478336 0.353013
vt 0.484372 0.354033
vt 0.738971 0.316468
vt 0.738900 0.326611
vt 0.701193 0.330363
vt 0.709304 0.318952
vt 0.709241 0.328046
vt 0.786830 0.479959
vt 0.786718 0.469789
vt 0.748438 0.318987
vt 0.718714 0.316450
vt 0.739069 0.308701
vt 0.797639 0.502605
vt 0.803281 0.492409
vt 0.807036 0.497696
vt 0.478533 0.342623
vt 0.792763 0.477964
vt 0.748525 0.312024
vt 0.718812 0.308683
vt 0.798413 0.485679
vt 0.473780 0.366506
vt 0.468083 0.356649
vt 0.475757 0.360659
vt 0.728934 0.307562
vt 0.472910 0.350178
vt 0.464382 0.361594
vt 0.462025 0.350464
vt 0.845573 0.285245
vt 0.854973 0.275041
vt 0.854183 0.285159
vt 0.809340 0.486227
vt 0.468626 0.345805
vt 0.854972 0.295298
vt 0.846655 0.295381
vt 0.814457 0.490124
vt 0.476316 0.340359
vt 0.794981 0.475701
vt 0.849830 0.304843
vt 0.857287 0.304768
vt 0.849832 0.265709
vt 0.846656 0.275125
vt 0.802697 0.481308
vt 0.796390 0.472864
vt 0.866709 0.304720
vt 0.857289 0.265635
vt 0.865482 0.274988
vt 0.474906 0.337521
vt 0.805420 0.475828
vt 0.868662 0.312884
vt 0.860970 0.312923
vt 0.865063 0.285104
vt 0.813190 0.478477
vt 0.465903 0.340322
vt 0.865481 0.295245
vt 0.860973 0.257580
vt 0.866711 0.265587
vt 0.456908 0.334145
vt 0.465008 0.334265
vt 0.877152 0.295226
vt 0.868665 0.257541
vt 0.877175 0.265570
vt 0.474443 0.334386
vt 0.796854 0.469731
vt 0.877173 0.304703
vt 0.877153 0.274969
vt 0.806315 0.469775
vt 0.877206 0.312870
vt 0.877145 0.285085
vt 0.814457 0.469918
vt 0.796326 0.466609
vt 0.805295 0.463743
vt 0.887655 0.304720
vt 0.885765 0.312884
vt 0.888844 0.274988
vt 0.889249 0.285104
vt 0.813014 0.461387
vt 0.466028 0.328229
vt 0.888843 0.295245
vt 0.877209 0.257527
vt 0.887657 0.265587
vt 0.474971 0.331261
vt 0.468863 0.322803
vt 0.476439 0.328453
vt 0.794858 0.463802
vt 0.897129 0.304768
vt 0.897131 0.265635
vt 0.899411 0.275041
vt 0.802460 0.458321
vt 0.893501 0.312923
vt 0.900189 0.285159
vt 0.809004 0.453719
vt 0.462360 0.317935
vt 0.899410 0.295298
vt 0.893504 0.257580
vt 0.802819 0.447666
vt 0.468545 0.311876
vt 0.473237 0.318519
vt 0.836744 0.868192
vt 0.846378 0.878383
vt 0.837799 0.878314
vt 0.814046 0.450310
vt 0.806471 0.442897
vt 0.478702 0.326235
vt 0.792594 0.461587
vt 0.848591 0.887795
vt 0.840899 0.887733
vt 0.840908 0.848599
vt 0.846383 0.858126
vt 0.837804 0.858056
vt 0.798086 0.454041
vt 0.464948 0.306760
vt 0.845625 0.868264
vt 0.481541 0.324825
vt 0.789756 0.460179
vt 0.792603 0.451321
vt 0.859926 0.895891
vt 0.852112 0.895858
vt 0.857057 0.858171
vt 0.856677 0.868310
vt 0.795065 0.443820
vt 0.478720 0.315796
vt 0.857053 0.878428
vt 0.852124 0.840515
vt 0.858170 0.848701
vt 0.848599 0.848661
vt 0.858161 0.887835
vt 0.859938 0.840547
vt 0.868683 0.848715
vt 0.484676 0.324362
vt 0.786621 0.459716
vt 0.868675 0.887849
vt 0.868783 0.858186
vt 0.786547 0.450428
vt 0.868510 0.895902
vt 0.868816 0.868326
vt 0.786501 0.442556
vt 0.476300 0.308026
vt 0.484776 0.314901
vt 0.868779 0.878443
vt 0.780511 0.451448
vt 0.777964 0.443999
vt 0.484864 0.306760
vt 0.490813 0.315921
vt 0.880408 0.878428
vt 0.868522 0.840559
vt 0.879109 0.848701
vt 0.487800 0.324890
vt 0.783496 0.460244
vt 0.879101 0.887835
vt 0.880412 0.858171
vt 0.877023 0.895891
vt 0.880855 0.868310
vt 0.890806 0.858126
vt 0.490609 0.326358
vt 0.780688 0.461712
vt 0.775085 0.454283
vt 0.888420 0.887795
vt 0.884632 0.895858
vt 0.891616 0.868264
vt 0.770290 0.448008
vt 0.501075 0.312212
vt 0.496238 0.318756
vt 0.890802 0.878383
vt 0.877035 0.840547
vt 0.888428 0.848661
vt 0.014919 0.818583
vt 0.019092 0.828014
vt 0.010519 0.827196
vt 0.492827 0.328622
vt 0.778470 0.463975
vt 0.010523 0.865992
vt 0.017317 0.857911
vt 0.019096 0.866811
vt 0.017315 0.837829
vt 0.007753 0.836916
vt 0.770801 0.458654
vt 0.512209 0.314745
vt 0.507133 0.318397
vt 0.006810 0.847081
vt 0.016710 0.848026
vt 0.764232 0.454190
vt 0.500523 0.323130
vt 0.007755 0.856998
vt 0.028560 0.838309
vt 0.028351 0.848523
vt 0.760381 0.461940
vt 0.503246 0.328613
vt 0.028562 0.858391
vt 0.030151 0.819603
vt 0.029174 0.828445
vt 0.494236 0.331460
vt 0.777061 0.466811
vt 0.029178 0.867241
vt 0.768078 0.464134
vt 0.021926 0.874118
vt 0.030157 0.874469
vt 0.040387 0.838309
vt 0.494700 0.334595
vt 0.776597 0.469944
vt 0.767183 0.470187
vt 0.038815 0.874469
vt 0.040596 0.848523
vt 0.759115 0.470500
vt 0.512250 0.334716
vt 0.504141 0.334669
vt 0.040389 0.858391
vt 0.038809 0.819603
vt 0.039778 0.828445
vt 0.039782 0.867241
vt 0.051641 0.857911
vt 0.049865 0.828014
vt 0.503121 0.340706
vt 0.494172 0.337720
vt 0.777125 0.473067
vt 0.049870 0.866811
vt 0.051638 0.837829
vt 0.768202 0.476219
vt 0.047052 0.874118
vt 0.052244 0.848026
vt 0.760557 0.479031
vt 0.510808 0.343253
vt 0.061213 0.836916
vt 0.062156 0.847081
vt 0.764567 0.486698
vt 0.500285 0.346131
vt 0.061215 0.856998
vt 0.054054 0.818583
vt 0.058449 0.827196
vt 0.492704 0.340528
vt 0.778593 0.475873
vt 0.748438 0.366732
vt 0.738900 0.360801
vt 0.748374 0.358735
vt 0.771038 0.481641
vt 0.756535 0.355442
vt 0.756587 0.361971
vt 0.738863 0.349918
vt 0.748341 0.348977
vt 0.709241 0.358700
vt 0.718606 0.349900
vt 0.718644 0.360783
vt 0.490440 0.342746
vt 0.780857 0.478089
vt 0.775411 0.485921
vt 0.756508 0.347475
vt 0.728760 0.361499
vt 0.728721 0.350233
vt 0.770752 0.492751
vt 0.500613 0.356984
vt 0.495912 0.350415
vt 0.701165 0.347425
vt 0.709208 0.348942
vt 0.738863 0.338137
vt 0.709208 0.338380
vt 0.487602 0.344155
vt 0.783695 0.479497
vt 0.748341 0.338415
vt 0.718606 0.338119
vt 0.780894 0.488641
vt 0.756508 0.338851
vt 0.728721 0.338036
vt 0.778506 0.496598
vt 0.490429 0.353138
vt 0.189915 0.403170
vt 0.052610 0.267913
vt 0.034433 0.413658
vt 0.050444 0.130460
vt 0.257765 0.543701
vt 0.060035 0.111513
vt 0.183130 0.182037
vt 0.405075 0.228107
vt 0.168510 0.174030
vt 0.226353 0.654848
vt 0.477716 0.007139
vt 0.181749 0.540830
vt 0.513391 0.403170
vt 0.394102 0.315488
vt 0.839957 0.577256
vt 0.839957 0.569160
vt 0.845671 0.563433
vt 0.859466 0.569154
vt 0.853752 0.582977
vt 0.180754 0.733011
vt 0.172671 0.733011
vt 0.166953 0.727286
vt 0.172664 0.713465
vt 0.186465 0.719190
vt 0.821290 0.259301
vt 0.740809 0.644195
vt 0.794445 0.251363
vt 0.093349 0.858652
vt 0.795808 0.223457
vt 0.640339 0.862300
vt 0.802289 0.204944
vt 0.659031 0.854392
vt 0.683297 0.854360
vt 0.864955 0.749505
vt 0.848709 0.212788
vt 0.847506 0.223990
vt 0.896518 0.748849
vt 0.740758 0.676072
vt 0.426583 0.486778
vt 0.013388 0.063472
vt 0.381400 0.812560
vt 0.005605 0.034892
vt 0.407217 0.812519
vt 0.813099 0.072917
vt 0.006090 0.014105
vt 0.824777 0.064499
vt 0.034714 0.006379
vt 0.858637 0.064499
vt 0.055458 0.006807
vt 0.063228 0.035487
vt 0.628127 0.803421
vt 0.043037 0.062682
vt 0.367554 0.930933
vt 0.877027 0.571003
vt 0.883592 0.562179
vt 0.359083 0.934482
vt 0.769997 0.939183
vt 0.783080 0.939141
vt 0.346649 0.901527
vt 0.351966 0.886339
vt 0.268241 0.941290
vt 0.368014 0.886339
vt 0.281454 0.941326
vt 0.294445 0.941290
vt 0.390048 0.892774
vt 0.394885 0.938745
vt 0.389062 0.901965
vt 0.414135 0.939567
vt 0.876985 0.597154
vt 0.656584 0.063145
vt 0.645217 0.054688
vt 0.144909 0.829744
vt 0.380912 0.655750
vt 0.156474 0.821305
vt 0.382353 0.626257
vt 0.182214 0.821264
vt 0.389202 0.606690
vt 0.829186 0.604784
vt 0.862945 0.604784
vt 0.707552 0.803595
vt 0.438263 0.614980
vt 0.723364 0.804653
vt 0.690274 0.063199
vt 0.418176 0.662826
vt 0.554218 0.888914
vt 0.560661 0.880255
vt 0.909488 0.366908
vt 0.453139 0.957158
vt 0.461949 0.950730
vt 0.903577 0.345202
vt 0.487674 0.950730
vt 0.909935 0.323546
vt 0.562216 0.944290
vt 0.575736 0.944290
vt 0.932436 0.324686
vt 0.941441 0.323871
vt 0.320578 0.946014
vt 0.947342 0.345653
vt 0.339470 0.946820
vt 0.351526 0.946014
vt 0.938139 0.363263
vt 0.554177 0.914578
vt 0.701245 0.322938
vt 0.709392 0.311988
vt 0.456962 0.354019
vt 0.458174 0.342710
vt 0.458350 0.325608
vt 0.885768 0.257541
vt 0.457373 0.314180
vt 0.493401 0.308202
vt 0.884644 0.840515
vt 0.021919 0.819252
vt 0.504788 0.307171
vt 0.510984 0.326151
vt 0.047046 0.819252
vt 0.506798 0.350926
vt 0.738971 0.369720
vt 0.701193 0.355392
vt 0.701165 0.338801
vt 0.492858 0.360835
s 1
f 1/1/1 10/2/10 9/3/9
f 2/4/2 11/5/11 10/6/10
f 4/7/4 11/5/11 3/8/3
f 5/9/5 12/10/12 4/11/4
f 6/12/6 13/13/13 5/9/5
f 7/14/7 14/15/14 6/16/6
f 7/14/7 16/17/16 15/18/15
f 8/19/8 9/3/9 16/20/16
f 10/2/10 17/21/17 9/3/9
f 11/5/11 18/22/18 10/6/10
f 12/23/12 19/24/19 11/5/11
f 13/13/13 20/25/20 12/10/12
f 14/26/14 21/27/21 13/13/13
f 15/18/15 22/28/22 14/15/14
f 16/17/16 23/29/23 15/18/15
f 9/3/9 24/30/24 16/20/16
f 18/31/18 25/32/25 17/21/17
f 19/24/19 26/33/26 18/22/18
f 20/34/20 27/35/27 19/24/19
f 21/27/21 28/36/28 20/25/20
f 22/37/22 29/38/29 21/27/21
f 23/29/23 30/39/30 22/28/22
f 24/40/24 31/41/31 23/29/23
f 17/21/17 32/42/32 24/30/24
f 26/43/26 33/44/33 25/32/25
f 27/35/27 34/45/34 26/33/26
f 28/46/28 35/47/35 27/35/27
f 29/38/29 36/48/36 28/36/28
f 30/49/30 37/50/37 29/38/29
f 31/41/31 38/51/38 30/39/30
f 32/52/32 39/53/39 31/41/31
f 25/32/25 40/54/40 32/42/32
f 34/55/34 41/56/41 33/44/33
f 35/57/35 42/58/42 34/55/34
f 36/59/36 43/60/43 35/47/35
f 37/50/37 44/61/44 36/48/36
f 38/62/38 45/63/45 37/50/37
f 39/53/39 46/64/46 38/51/38
f 40/65/40 47/66/47 39/53/39
f 33/44/33 48/67/48 40/54/40
f 42/58/42 49/68/49 41/56/41
f 43/69/43 50/70/50 42/58/42
f 44/71/44 51/72/51 43/60/43
f 45/63/45 52/73/52 44/61/44
f 46/74/46 53/75/53 45/63/45
f 47/66/47 54/76/54 46/64/46
f 48/77/48 55/78/55 47/66/47
f 41/56/41 56/79/56 48/67/48
f 50/70/50 57/80/57 49/68/49
f 51/81/51 58/82/58 50/70/50
f 52/83/52 59/84/59 51/85/51
f 53/75/53 60/86/60 52/73/52
f 54/87/54 61/88/61 53/75/53
f 55/78/55 62/89/62 54/76/54
f 56/90/56 63/91/63 55/92/55
f 49/68/49 64/93/64 56/79/56
f 58/82/58 65/94/65 57/80/57
f 59/84/59 66/95/66 58/96/58
f 60/97/60 67/98/67 59/84/59
f 61/88/61 68/99/68 60/86/60
f 62/100/62 69/101/69 61/88/61
f 63/91/63 70/102/70 62/103/62
f 64/104/64 71/105/71 63/91/63
f 57/80/57 72/106/72 64/93/64
f 66/107/66 73/108/73 65/94/65
f 67/98/67 74/109/74 66/95/66
f 68/110/68 75/111/75 67/98/67
f 69/101/69 76/112/76 68/99/68
f 70/113/70 77/114/77 69/101/69
f 71/105/71 78/115/78 70/102/70
f 72/116/72 79/117/79 71/105/71
f 65/94/65 80/118/80 72/106/72
f 74/119/74 81/120/81 73/108/73
f 75/111/75 82/121/82 74/109/74
f 76/122/76 83/123/83 75/111/75
f 77/114/77 84/124/84 76/112/76
f 78/125/78 85/126/85 77/114/77
f 79/117/79 86/127/86 78/115/78
f 80/128/80 87/129/87 79/117/79
f 73/108/73 88/130/88 80/118/80
f 82/131/82 89/132/89 81/120/81
f 83/123/83 90/133/90 82/121/82
f 84/134/84 91/135/91 83/123/83
f 85/126/85 92/136/92 84/124/84
f 86/137/86 93/138/93 85/126/85
f 87/129/87 94/139/94 86/127/86
f 88/140/88 95/141/95 87/129/87
f 81/120/81 96/142/96 88/130/88
f 90/143/90 97/144/97 89/132/89
f 91/135/91 98/145/98 90/133/90
f 92/146/92 99/147/99 91/135/91
f 93/138/93 100/148/100 92/136/92
f 94/149/94 101/150/101 93/138/93
f 95/141/95 102/151/102 94/139/94
f 96/152/96 103/153/103 95/141/95
f 89/132/89 104/154/104 96/142/96
f 98/155/98 105/156/105 97/144/97
f 99/147/99 106/157/106 98/145/98
f 100/158/100 107/159/107 99/147/99
f 101/150/101 108/160/108 100/148/100
f 102/161/102 109/162/109 101/150/101
f 103/153/103 110/163/110 102/151/102
f 104/164/104 111/165/111 103/153/103
f 97/144/97 112/166/112 104/154/104
f 106/167/106 113/168/113 105/156/105
f 107/159/107 114/169/114 106/157/106
f 108/170/108 115/171/115 107/159/107
f 109/162/109 116/172/116 108/160/108
f 110/173/110 117/174/117 109/162/109
f 111/165/111 118/175/118 110/163/110
f 112/176/112 119/177/119 111/165/111
f 105/156/105 120/178/120 112/166/112
f 114/179/114 121/180/121 113/168/113
f 115/171/115 122/181/122 114/169/114
f 116/182/116 123/183/123 115/171/115
f 117/174/117 124/184/124 116/172/116
f 118/185/118 125/186/125 117/174/117
f 119/177/119 126/187/126 118/175/118
f 120/188/120 127/189/127 119/177/119
f 113/168/113 128/190/128 120/178/120
f 122/191/122 129/192/129 121/180/121
f 123/183/123 130/193/130 122/181/122
f 124/194/124 131/195/131 123/183/123
f 125/186/125 132/196/132 124/184/124
f 126/197/126 133/198/133 125/186/125
f 127/189/127 134/199/134 126/187/126
f 128/200/128 135/201/135 127/189/127
f 121/180/121 136/202/136 128/190/128
f 130/203/130 137/204/137 129/192/129
f 131/195/131 138/205/138 130/193/130
f 132/206/132 139/207/139 131/195/131
f 133/198/133 140/208/140 132/196/132
f 134/209/134 141/210/141 133/198/133
f 135/201/135 142/211/142 134/199/134
f 136/212/136 143/213/143 135/201/135
f 129/192/129 144/214/144 136/202/136
f 138/215/138 145/216/145 137/204/137
f 139/207/139 146/217/146 138/205/138
f 140/218/140 147/219/147 139/220/139
f 141/210/141 148/221/148 140/208/140
f 142/222/142 149/223/149 141/210/141
f 143/224/143 150/225/150 142/222/142
f 144/226/144 151/227/151 143/228/143
f 137/204/137 152/229/152 144/214/144
f 146/230/146 153/231/153 145/216/145
f 147/219/147 154/232/154 146/233/146
f 148/234/148 155/235/155 147/219/147
f 149/223/149 156/236/156 148/221/148
f 150/225/150 157/237/157 149/223/149
f 151/227/151 158/238/158 150/239/150
f 152/240/152 159/241/159 151/227/151
f 145/216/145 160/242/160 152/229/152
f 154/243/154 161/244/161 153/231/153
f 155/235/155 162/245/162 154/232/154
f 156/246/156 163/247/163 155/235/155
f 157/237/157 164/248/164 156/236/156
f 158/249/158 165/250/165 157/237/157
f 159/241/159 166/251/166 158/238/158
f 160/252/160 167/253/167 159/241/159
f 153/231/153 168/254/168 160/242/160
f 162/255/162 169/256/169 161/244/161
f 163/247/163 170/257/170 162/245/162
f 164/258/164 171/259/171 163/247/163
f 165/250/165 172/260/172 164/248/164
f 166/261/166 173/262/173 165/250/165
f 167/253/167 174/263/174 166/251/166
f 168/264/168 175/265/175 167/253/167
f 161/244/161 176/266/176 168/254/168
f 170/267/170 177/268/177 169/256/169
f 171/259/171 178/269/178 170/257/170
f 172/270/172 179/271/179 171/259/171
f 173/262/173 180/272/180 172/260/172
f 174/273/174 181/274/181 173/262/173
f 175/265/175 182/275/182 174/263/174
f 176/276/176 183/277/183 175/265/175
f 169/256/169 184/278/184 176/266/176
f 178/279/178 185/280/185 177/268/177
f 179/271/179 186/281/186 178/269/178
f 180/282/180 187/283/187 179/271/179
f 181/274/181 188/284/188 180/272/180
f 182/285/182 189/286/189 181/274/181
f 183/277/183 190/287/190 182/275/182
f 184/288/184 191/289/191 183/277/183
f 177/268/177 192/290/192 184/278/184
f 186/291/186 193/292/193 185/280/185
f 187/283/187 194/293/194 186/281/186
f 187/283/187 196/294/196 195/295/195
f 188/284/188 197/296/197 196/297/196
f 189/286/189 198/298/198 197/296/197
f 190/287/190 199/299/199 198/300/198
f 192/301/192 199/299/199 191/289/191
f 185/280/185 200/302/200 192/290/192
f 5/303/5 3/304/3 1/305/1
f 196/306/196 198/307/198 200/308/200
f 417/309/417 207/310/207 201/311/201
f 324/312/324 422/313/422 213/314/213
f 414/315/414 204/316/204 415/317/415
f 420/318/420 210/319/210 211/320/211
f 201/311/201 208/321/208 418/322/418
f 415/317/415 205/323/205 416/324/416
f 421/325/421 211/326/211 212/327/212
f 202/328/202 208/321/208 209/329/209
f 416/330/416 206/331/206 417/309/417
f 422/313/422 212/327/212 213/314/213
f 414/315/414 325/332/325 203/333/203
f 202/328/202 210/319/210 419/334/419
f 211/326/211 223/335/223 212/327/212
f 208/321/208 220/336/220 209/329/209
f 206/337/206 216/338/216 217/339/217
f 213/314/213 223/335/223 224/340/224
f 203/333/203 325/332/325 214/341/214
f 209/329/209 221/342/221 210/319/210
f 207/310/207 217/343/217 218/344/218
f 324/312/324 213/314/213 224/340/224
f 204/316/204 214/341/214 215/345/215
f 210/346/210 222/347/222 211/326/211
f 207/310/207 219/348/219 208/321/208
f 204/316/204 216/338/216 205/323/205
f 214/341/214 226/349/226 215/345/215
f 221/350/221 233/351/233 222/347/222
f 219/352/219 229/353/229 230/354/230
f 216/338/216 226/349/226 227/355/227
f 222/347/222 234/356/234 223/335/223
f 219/352/219 231/357/231 220/358/220
f 216/338/216 228/359/228 217/339/217
f 223/335/223 235/360/235 224/340/224
f 214/341/214 325/332/325 225/361/225
f 221/362/221 231/357/231 232/363/232
f 217/364/217 229/353/229 218/365/218
f 324/312/324 224/340/224 235/360/235
f 234/356/234 246/366/246 235/360/235
f 225/361/225 325/332/325 236/367/236
f 231/357/231 243/368/243 232/363/232
f 228/369/228 240/370/240 229/353/229
f 324/312/324 235/360/235 246/366/246
f 226/349/226 236/367/236 237/371/237
f 232/363/232 244/372/244 233/373/233
f 230/354/230 240/370/240 241/374/241
f 226/349/226 238/375/238 227/355/227
f 233/351/233 245/376/245 234/356/234
f 231/357/231 241/374/241 242/377/242
f 227/378/227 239/379/239 228/369/228
f 237/371/237 249/380/249 238/375/238
f 244/381/244 256/382/256 245/376/245
f 242/377/242 252/383/252 253/384/253
f 239/379/239 249/385/249 250/386/250
f 245/376/245 257/387/257 246/366/246
f 236/367/236 325/332/325 247/388/247
f 242/377/242 254/389/254 243/368/243
f 240/370/240 250/386/250 251/390/251
f 324/312/324 246/366/246 257/387/257
f 236/367/236 248/391/248 237/371/237
f 243/368/243 255/392/255 244/372/244
f 240/370/240 252/383/252 241/374/241
f 324/312/324 257/387/257 268/393/268
f 248/391/248 258/394/258 259/395/259
f 254/389/254 266/396/266 255/392/255
f 251/390/251 263/397/263 252/383/252
f 249/380/249 259/395/259 260/398/260
f 255/399/255 267/400/267 256/382/256
f 253/384/253 263/397/263 264/401/264
f 250/386/250 260/402/260 261/403/261
f 256/382/256 268/393/268 257/387/257
f 247/388/247 325/332/325 258/394/258
f 253/384/253 265/404/265 254/389/254
f 251/390/251 261/403/261 262/405/262
f 261/403/261 271/406/271 272/407/272
f 268/393/268 278/408/278 279/409/279
f 258/394/258 325/332/325 269/410/269
f 265/404/265 275/411/275 276/412/276
f 262/405/262 272/407/272 273/413/273
f 324/312/324 268/393/268 279/409/279
f 258/394/258 270/414/270 259/395/259
f 266/396/266 276/412/276 277/415/277
f 262/405/262 274/416/274 263/397/263
f 259/395/259 271/417/271 260/398/260
f 267/400/267 277/418/277 278/408/278
f 264/401/264 274/416/274 275/411/275
f 270/414/270 282/419/282 271/417/271
f 278/408/278 288/420/288 289/421/289
f 275/422/275 285/423/285 286/424/286
f 272/425/272 282/419/282 283/426/283
f 278/408/278 290/427/290 279/409/279
f 269/410/269 325/332/325 280/428/280
f 275/422/275 287/429/287 276/430/276
f 273/431/273 283/432/283 284/433/284
f 324/312/324 279/409/279 290/427/290
f 270/414/270 280/428/280 281/434/281
f 276/435/276 288/420/288 277/418/277
f 273/431/273 285/423/285 274/436/274
f 283/432/283 295/437/295 284/433/284
f 324/312/324 290/427/290 301/438/301
f 280/428/280 292/439/292 281/434/281
f 287/429/287 299/440/299 288/441/288
f 284/433/284 296/442/296 285/423/285
f 282/419/282 292/439/292 293/443/293
f 288/420/288 300/444/300 289/421/289
f 285/423/285 297/445/297 286/424/286
f 282/446/282 294/447/294 283/432/283
f 289/421/289 301/438/301 290/427/290
f 280/428/280 325/332/325 291/448/291
f 287/429/287 297/445/297 298/449/298
f 294/447/294 304/450/304 305/451/305
f 300/444/300 312/452/312 301/438/301
f 291/448/291 325/332/325 302/453/302
f 297/445/297 309/454/309 298/449/298
f 294/447/294 306/455/306 295/437/295
f 324/312/324 301/438/301 312/452/312
f 291/448/291 303/456/303 292/439/292
f 298/449/298 310/457/310 299/440/299
f 295/437/295 307/458/307 296/442/296
f 292/439/292 304/459/304 293/443/293
f 299/460/299 311/461/311 300/444/300
f 297/445/297 307/458/307 308/462/308
f 307/458/307 317/463/317 318/464/318
f 304/459/304 314/465/314 315/466/315
f 310/467/310 322/468/322 311/461/311
f 307/458/307 319/469/319 308/462/308
f 304/450/304 316/470/316 305/451/305
f 312/452/312 322/468/322 323/471/323
f 302/453/302 325/332/325 313/472/313
f 309/454/309 319/469/319 320/473/320
f 305/451/305 317/463/317 306/455/306
f 324/312/324 312/452/312 323/471/323
f 302/453/302 314/465/314 303/456/303
f 309/454/309 321/474/321 310/457/310
f 316/470/316 330/475/330 317/463/317
f 324/312/324 323/471/323 336/476/336
f 313/472/313 327/477/327 314/465/314
f 320/473/320 334/478/334 321/474/321
f 317/463/317 331/479/331 318/464/318
f 315/466/315 327/477/327 328/480/328
f 321/481/321 335/482/335 322/468/322
f 318/464/318 332/483/332 319/469/319
f 315/484/315 329/485/329 316/470/316
f 322/468/322 336/476/336 323/471/323
f 313/472/313 325/332/325 326/486/326
f 319/469/319 333/487/333 320/473/320
f 331/488/331 343/489/343 332/490/332
f 328/491/328 340/492/340 329/493/329
f 335/482/335 347/494/347 336/476/336
f 326/486/326 325/332/325 337/495/337
f 333/496/333 343/489/343 344/497/344
f 329/493/329 341/498/341 330/499/330
f 324/312/324 336/476/336 347/494/347
f 327/477/327 337/495/337 338/500/338
f 333/501/333 345/502/345 334/503/334
f 330/499/330 342/504/342 331/488/331
f 327/477/327 339/505/339 328/480/328
f 334/503/334 346/506/346 335/482/335
f 341/498/341 353/507/353 342/504/342
f 338/500/338 350/508/350 339/505/339
f 345/502/345 357/509/357 346/506/346
f 343/489/343 353/507/353 354/510/354
f 340/492/340 350/511/350 351/512/351
f 346/506/346 358/513/358 347/494/347
f 337/495/337 325/332/325 348/514/348
f 344/497/344 354/510/354 355/515/355
f 340/492/340 352/516/352 341/498/341
f 324/312/324 347/494/347 358/513/358
f 338/500/338 348/514/348 349/517/349
f 344/497/344 356/518/356 345/519/345
f 354/510/354 366/520/366 355/515/355
f 351/512/351 363/521/363 352/516/352
f 324/312/324 358/513/358 369/522/369
f 349/517/349 359/523/359 360/524/360
f 355/515/355 367/525/367 356/518/356
f 352/516/352 364/526/364 353/507/353
f 350/508/350 360/524/360 361/527/361
f 357/509/357 367/528/367 368/529/368
f 353/507/353 365/530/365 354/510/354
f 350/511/350 362/531/362 351/512/351
f 357/509/357 369/522/369 358/513/358
f 348/514/348 325/332/325 359/523/359
f 364/526/364 376/532/376 365/530/365
f 361/533/361 373/534/373 362/531/362
f 368/529/368 380/535/380 369/522/369
f 359/523/359 325/332/325 370/536/370
f 366/520/366 376/532/376 377/537/377
f 363/521/363 373/534/373 374/538/374
f 324/312/324 369/522/369 380/535/380
f 359/523/359 371/539/371 360/524/360
f 367/525/367 377/537/377 378/540/378
f 363/521/363 375/541/375 364/526/364
f 361/527/361 371/539/371 372/542/372
f 367/528/367 379/543/379 368/529/368
f 378/544/378 388/545/388 389/546/389
f 374/538/374 386/547/386 375/541/375
f 371/539/371 383/548/383 372/542/372
f 378/549/378 390/550/390 379/543/379
f 375/541/375 387/551/387 376/532/376
f 372/552/372 384/553/384 373/534/373
f 380/535/380 390/550/390 391/554/391
f 370/536/370 325/332/325 381/555/381
f 376/556/376 388/545/388 377/557/377
f 373/534/373 385/558/385 374/538/374
f 324/312/324 380/535/380 391/554/391
f 371/539/371 381/555/381 382/559/382
f 381/555/381 325/332/325 392/560/392
f 387/561/387 399/562/399 388/545/388
f 384/563/384 396/564/396 385/565/385
f 324/312/324 391/554/391 402/566/402
f 382/559/382 392/560/392 393/567/393
f 389/546/389 399/562/399 400/568/400
f 385/565/385 397/569/397 386/570/386
f 382/559/382 394/571/394 383/548/383
f 389/572/389 401/573/401 390/550/390
f 386/570/386 398/574/398 387/561/387
f 384/563/384 394/575/394 395/576/395
f 390/550/390 402/566/402 391/554/391
f 400/577/400 412/578/412 401/573/401
f 397/569/397 409/579/409 398/574/398
f 394/575/394 406/580/406 395/576/395
f 401/573/401 413/581/413 402/566/402
f 392/560/392 325/332/325 403/582/403
f 398/574/398 410/583/410 399/562/399
f 396/564/396 406/580/406 407/584/407
f 324/312/324 402/566/402 413/581/413
f 392/560/392 404/585/404 393/567/393
f 399/562/399 411/586/411 400/568/400
f 396/564/396 408/587/408 397/569/397
f 393/567/393 405/588/405 394/571/394
f 404/585/404 414/315/414 415/317/415
f 411/586/411 419/334/419 420/318/420
f 408/587/408 201/311/201 418/322/418
f 405/588/405 415/317/415 416/324/416
f 411/589/411 421/325/421 412/578/412
f 408/587/408 202/328/202 409/579/409
f 405/590/405 417/309/417 406/580/406
f 412/578/412 422/313/422 413/581/413
f 403/582/403 325/332/325 414/315/414
f 409/579/409 419/334/419 410/583/410
f 407/584/407 417/309/417 201/311/201
f 324/312/324 413/581/413 422/313/422
f 642/591/420 432/592/210 433/593/211
f 423/594/201 430/595/208 640/596/418
f 637/597/415 427/598/205 638/599/416
f 643/600/421 433/601/211 434/602/212
f 424/603/202 430/595/208 431/604/209
f 638/605/416 428/606/423 639/607/417
f 644/608/422 434/602/212 435/609/213
f 636/610/414 569/611/325 425/612/203
f 424/603/202 432/592/210 641/613/419
f 423/594/201 428/606/423 429/614/207
f 458/615/324 644/608/422 435/609/213
f 636/610/414 426/616/204 637/597/415
f 428/617/423 438/618/216 439/619/217
f 434/602/212 446/620/224 435/609/213
f 425/612/203 569/611/325 436/621/214
f 431/604/209 443/622/221 432/592/210
f 429/614/207 439/623/217 440/624/218
f 458/615/324 435/609/213 446/620/224
f 426/616/204 436/621/214 437/625/215
f 432/626/210 444/627/222 433/601/211
f 429/614/207 441/628/219 430/595/208
f 426/616/204 438/618/216 427/598/205
f 434/602/212 444/627/222 445/629/223
f 430/595/208 442/630/220 431/604/209
f 441/631/219 451/632/229 452/633/230
f 437/625/215 449/634/227 438/618/216
f 445/629/223 455/635/233 456/636/234
f 441/631/219 453/637/231 442/638/220
f 438/618/216 450/639/424 439/619/217
f 445/629/223 457/640/235 446/620/224
f 436/621/214 569/611/325 447/641/225
f 442/638/220 454/642/232 443/643/221
f 439/644/217 451/632/229 440/645/218
f 458/615/324 446/620/224 457/640/235
f 436/621/214 448/646/226 437/625/215
f 444/627/222 454/647/232 455/635/233
f 451/632/229 462/648/426 463/649/240
f 458/615/324 457/640/235 469/650/246
f 447/641/225 460/651/237 448/646/226
f 454/642/232 467/652/244 455/653/233
f 451/632/229 464/654/241 452/633/230
f 448/646/226 461/655/238 449/634/227
f 456/636/234 467/656/244 468/657/245
f 453/637/231 464/654/241 465/658/242
f 450/659/424 461/660/238 462/648/426
f 457/640/235 468/657/245 469/650/246
f 447/641/225 569/611/325 459/661/425
f 453/637/231 466/662/243 454/642/232
f 464/654/241 476/663/253 465/658/242
f 462/648/426 472/664/249 473/665/250
f 468/657/245 480/666/257 469/650/246
f 459/661/425 569/611/325 470/667/247
f 465/658/242 477/668/254 466/662/243
f 463/649/240 473/665/250 474/669/251
f 458/615/324 469/650/246 480/666/257
f 459/661/425 471/670/248 460/651/237
f 466/662/243 478/671/255 467/652/244
f 463/649/240 475/672/252 464/654/241
f 461/655/238 471/670/248 472/673/249
f 467/656/244 479/674/256 468/657/245
f 474/669/251 486/675/263 475/672/252
f 471/670/248 483/676/260 472/673/249
f 479/674/256 489/677/266 490/678/267
f 476/663/253 486/675/263 487/679/264
f 472/664/249 484/680/261 473/665/250
f 479/674/256 491/681/268 480/666/257
f 470/667/247 569/611/325 481/682/427
f 476/663/253 488/683/265 477/668/254
f 474/669/251 484/680/261 485/684/428
f 458/615/324 480/666/257 491/681/268
f 470/667/247 482/685/259 471/670/248
f 478/671/255 488/683/265 489/686/266
f 487/679/264 499/687/430 488/683/265
f 484/680/261 496/688/273 485/684/428
f 458/615/324 491/681/268 502/689/279
f 482/685/259 492/690/269 493/691/270
f 488/683/265 500/692/277 489/686/266
f 486/675/263 496/688/273 497/693/274
f 483/676/260 493/691/270 494/694/271
f 489/677/266 501/695/278 490/678/267
f 486/675/263 498/696/275 487/679/264
f 484/680/261 494/697/271 495/698/429
f 490/678/267 502/689/279 491/681/268
f 481/682/427 569/611/325 492/690/269
f 498/699/275 508/700/285 509/701/286
f 494/694/271 506/702/283 495/703/429
f 501/695/278 513/704/290 502/689/279
f 492/690/269 569/611/325 503/705/280
f 498/699/275 510/706/287 499/707/430
f 496/708/273 506/709/283 507/710/284
f 458/615/324 502/689/279 513/704/290
f 493/691/270 503/705/280 504/711/281
f 500/712/277 510/713/287 511/714/288
f 496/708/273 508/700/285 497/715/274
f 493/691/270 505/716/282 494/694/271
f 501/695/278 511/714/288 512/717/289
f 510/706/287 522/718/299 511/719/288
f 507/710/284 519/720/296 508/700/285
f 504/711/281 516/721/293 505/716/282
f 512/717/289 522/722/299 523/723/300
f 508/700/285 520/724/297 509/701/286
f 506/709/283 516/725/293 517/726/294
f 513/704/290 523/723/300 524/727/432
f 503/705/280 569/611/325 514/728/291
f 509/701/286 521/729/431 510/706/287
f 507/710/284 517/726/294 518/730/295
f 458/615/324 513/704/290 524/727/432
f 503/705/280 515/731/292 504/711/281
f 514/728/291 569/611/325 525/732/302
f 520/724/297 532/733/309 521/729/431
f 517/726/294 529/734/306 518/730/295
f 458/615/324 524/727/432 535/735/312
f 514/728/291 526/736/303 515/731/292
f 521/729/431 533/737/310 522/718/299
f 519/720/296 529/734/306 530/738/307
f 515/731/292 527/739/304 516/721/293
f 522/722/299 534/740/311 523/723/300
f 519/720/296 531/741/308 520/724/297
f 517/726/294 527/742/304 528/743/305
f 524/727/432 534/740/311 535/735/312
f 534/740/311 544/744/321 545/745/322
f 530/738/307 542/746/436 531/741/308
f 527/742/304 539/747/434 528/743/305
f 534/740/311 546/748/323 535/735/312
f 525/732/302 569/611/325 536/749/433
f 531/741/308 543/750/437 532/733/309
f 528/743/305 540/751/435 529/734/306
f 458/615/324 535/735/312 546/748/323
f 526/736/303 536/749/433 537/752/314
f 532/733/309 544/753/321 533/737/310
f 530/738/307 540/751/435 541/754/318
f 526/736/303 538/755/315 527/739/304
f 536/749/433 548/756/327 537/752/314
f 543/750/437 555/757/334 544/753/321
f 540/751/435 552/758/331 541/754/318
f 537/752/314 549/759/328 538/755/315
f 545/745/322 555/760/334 556/761/335
f 542/746/436 552/758/331 553/762/332
f 538/763/315 550/764/329 539/747/434
f 545/745/322 557/765/336 546/748/323
f 536/749/433 569/611/325 547/766/326
f 542/746/436 554/767/333 543/750/437
f 540/751/435 550/764/329 551/768/330
f 458/615/324 546/748/323 557/765/336
f 557/765/336 567/769/346 568/770/347
f 547/766/326 569/611/325 558/771/337
f 553/772/332 565/773/344 554/774/333
f 551/775/330 561/776/340 562/777/341
f 458/615/324 557/765/336 568/770/347
f 547/766/326 559/778/338 548/756/327
f 555/760/334 565/779/344 566/780/345
f 551/775/330 563/781/342 552/782/331
f 548/756/327 560/783/339 549/759/328
f 556/761/335 566/780/345 567/769/346
f 553/772/332 563/781/342 564/784/343
f 549/785/328 561/776/340 550/786/329
f 560/783/339 571/787/349 572/788/350
f 567/769/346 578/789/356 579/790/357
f 563/781/342 576/791/438 564/784/343
f 560/792/339 573/793/351 561/776/340
f 568/770/347 579/790/357 580/794/440
f 558/771/337 569/611/325 570/795/348
f 564/784/343 577/796/439 565/773/344
f 562/777/341 573/793/351 574/797/352
f 458/615/324 568/770/347 580/794/440
f 558/771/337 571/787/349 559/778/338
f 566/798/345 577/796/439 578/799/356
f 562/777/341 575/800/353 563/781/342
f 458/615/324 580/794/440 591/801/369
f 571/787/349 581/802/359 582/803/360
f 578/799/356 588/804/366 589/805/367
f 575/800/353 585/806/363 586/807/364
f 571/787/349 583/808/361 572/788/350
f 578/789/356 590/809/368 579/790/357
f 575/800/353 587/810/365 576/791/438
f 572/811/350 584/812/441 573/793/351
f 579/790/357 591/801/369 580/794/440
f 570/795/348 569/611/325 581/802/359
f 576/791/438 588/804/366 577/796/439
f 574/797/352 584/812/441 585/806/363
f 583/813/361 595/814/373 584/812/441
f 591/801/369 601/815/379 602/816/380
f 581/802/359 569/611/325 592/817/442
f 587/810/365 599/818/443 588/804/366
f 585/806/363 595/814/373 596/819/374
f 458/615/324 591/801/369 602/816/380
f 582/803/360 592/817/442 593/820/371
f 589/805/367 599/818/443 600/821/378
f 585/806/363 597/822/375 586/807/364
f 582/803/360 594/823/372 583/808/361
f 590/809/368 600/824/378 601/815/379
f 586/807/364 598/825/376 587/810/365
f 594/823/372 604/826/382 605/827/383
f 601/815/379 611/828/389 612/829/390
f 597/822/375 609/830/387 598/825/376
f 594/831/372 606/832/384 595/814/373
f 601/815/379 613/833/391 602/816/380
f 592/817/442 569/611/325 603/834/381
f 598/835/376 610/836/388 599/837/443
f 596/819/374 606/832/384 607/838/385
f 458/615/324 602/816/380 613/833/391
f 592/817/442 604/826/382 593/820/371
f 600/839/378 610/836/388 611/840/389
f 597/822/375 607/838/385 608/841/386
f 607/842/385 617/843/444 618/844/396
f 458/615/324 613/833/391 624/845/402
f 603/834/381 615/846/393 604/826/382
f 611/840/389 621/847/399 622/848/400
f 607/842/385 619/849/397 608/850/386
f 604/826/382 616/851/394 605/827/383
f 611/828/389 623/852/401 612/829/390
f 608/850/386 620/853/398 609/854/387
f 605/855/383 617/843/444 606/856/384
f 613/833/391 623/852/401 624/845/402
f 603/834/381 569/611/325 614/857/392
f 609/854/387 621/847/399 610/836/388
f 616/858/394 628/859/406 617/843/444
f 624/845/402 634/860/412 635/861/446
f 614/857/392 569/611/325 625/862/445
f 620/853/398 632/863/410 621/847/399
f 618/844/396 628/859/406 629/864/407
f 458/615/324 624/845/402 635/861/446
f 615/846/393 625/862/445 626/865/404
f 622/848/400 632/863/410 633/866/411
f 618/844/396 630/867/408 619/849/397
f 616/851/394 626/865/404 627/868/405
f 622/869/400 634/860/412 623/852/401
f 619/849/397 631/870/409 620/853/398
f 630/867/408 423/594/201 640/596/418
f 626/865/404 638/599/416 627/868/405
f 634/860/412 642/871/420 643/600/421
f 630/867/408 424/603/202 631/870/409
f 627/872/405 639/607/417 628/859/406
f 634/860/412 644/608/422 635/861/446
f 625/862/445 569/611/325 636/610/414
f 631/870/409 641/613/419 632/863/410
f 629/864/407 639/607/417 423/594/201
f 458/615/324 635/861/446 644/608/422
f 626/865/404 636/610/414 637/597/415
f 633/866/411 641/613/419 642/591/420
f 646/873/415 655/874/205 864/875/416
f 652/876/421 661/877/211 662/878/212
f 649/879/418 659/880/449 650/881/202
f 864/882/416 656/883/423 647/884/417
f 652/876/421 663/885/451 866/886/422
f 645/887/414 675/888/325 653/889/447
f 651/890/419 659/880/449 660/891/450
f 647/884/417 657/892/448 648/893/201
f 786/894/324 866/886/422 663/885/451
f 646/873/415 653/889/447 654/895/204
f 865/896/420 660/891/450 661/897/211
f 649/879/418 657/892/448 658/898/208
f 659/880/449 671/899/221 660/891/450
f 656/883/423 668/900/218 657/892/448
f 786/894/324 663/885/451 674/901/224
f 653/889/447 665/902/215 654/895/204
f 661/877/211 671/903/221 672/904/222
f 657/892/448 669/905/219 658/898/208
f 654/895/204 666/906/216 655/874/205
f 662/878/212 672/904/222 673/907/223
f 658/898/208 670/908/220 659/880/449
f 656/909/423 666/906/216 667/910/217
f 663/885/451 673/907/223 674/901/224
f 653/889/447 675/888/325 664/911/214
f 670/912/220 681/913/230 682/914/231
f 666/906/216 679/915/228 667/910/217
f 673/907/223 686/916/235 674/901/224
f 664/911/214 675/888/325 676/917/225
f 670/912/220 683/918/452 671/919/221
f 667/920/217 680/921/229 668/922/218
f 786/894/324 674/901/224 686/916/235
f 665/902/215 676/917/225 677/923/226
f 672/904/222 683/924/452 684/925/233
f 668/922/218 681/913/230 669/926/219
f 665/902/215 678/927/227 666/906/216
f 673/907/223 684/925/233 685/928/234
f 683/918/452 695/929/244 684/930/233
f 680/921/229 692/931/241 681/913/230
f 677/923/226 689/932/238 678/927/227
f 685/928/234 695/933/244 696/934/245
f 682/914/231 692/931/241 693/935/453
f 679/936/228 689/937/238 690/938/426
f 685/928/234 697/939/454 686/916/235
f 676/917/225 675/888/325 687/940/236
f 683/918/452 693/935/453 694/941/243
f 679/936/228 691/942/240 680/921/229
f 786/894/324 686/916/235 697/939/454
f 677/923/226 687/940/236 688/943/237
f 687/940/236 675/888/325 698/944/247
f 694/941/243 704/945/253 705/946/455
f 690/938/426 702/947/251 691/942/240
f 786/894/324 697/939/454 708/948/257
f 687/940/236 699/949/248 688/943/237
f 695/929/244 705/946/455 706/950/255
f 691/942/240 703/951/252 692/931/241
f 688/943/237 700/952/249 689/932/238
f 696/934/245 706/953/255 707/954/256
f 692/931/241 704/945/253 693/935/453
f 689/937/238 701/955/250 690/938/426
f 697/939/454 707/954/256 708/948/257
f 706/953/255 718/956/267 707/954/256
f 703/951/252 715/957/264 704/945/253
f 701/955/250 711/958/260 712/959/261
f 707/954/256 719/960/268 708/948/257
f 698/944/247 675/888/325 709/961/258
f 704/945/253 716/962/265 705/946/455
f 701/955/250 713/963/428 702/947/251
f 786/894/324 708/948/257 719/960/268
f 698/944/247 710/964/259 699/949/248
f 705/946/455 717/965/266 706/950/255
f 702/947/251 714/966/263 703/951/252
f 700/952/249 710/964/259 711/967/260
f 709/961/258 721/968/270 710/964/259
f 716/962/265 728/969/277 717/965/266
f 714/966/263 724/970/273 725/971/274
f 710/964/259 722/972/271 711/967/260
f 718/956/267 728/973/277 729/974/278
f 715/957/264 725/971/274 726/975/275
f 712/959/261 722/976/271 723/977/272
f 719/960/268 729/974/278 730/978/279
f 709/961/258 675/888/325 720/979/269
f 716/962/265 726/975/275 727/980/276
f 712/959/261 724/970/273 713/963/428
f 786/894/324 719/960/268 730/978/279
f 729/974/278 741/981/290 730/978/279
f 720/979/269 675/888/325 731/982/280
f 726/983/275 738/984/287 727/985/276
f 723/986/272 735/987/284 724/988/273
f 786/894/324 730/978/279 741/981/290
f 721/968/270 731/982/280 732/989/281
f 727/990/276 739/991/288 728/973/277
f 724/988/273 736/992/285 725/993/274
f 721/968/270 733/994/282 722/972/271
f 729/974/278 739/991/288 740/995/289
f 725/993/274 737/996/286 726/983/275
f 723/997/272 733/994/282 734/998/283
f 732/989/281 744/999/293 733/994/282
f 739/991/288 751/1000/300 740/995/289
f 736/992/285 748/1001/458 737/996/286
f 734/1002/283 744/1003/293 745/1004/457
f 740/995/289 752/1005/301 741/981/290
f 731/982/280 675/888/325 742/1006/456
f 737/996/286 749/1007/431 738/984/287
f 734/1002/283 746/1008/295 735/987/284
f 786/894/324 741/981/290 752/1005/301
f 731/982/280 743/1009/292 732/989/281
f 738/984/287 750/1010/299 739/1011/288
f 735/987/284 747/1012/296 736/992/285
f 786/894/324 752/1005/301 763/1013/312
f 742/1006/456 754/1014/303 743/1009/292
f 749/1007/431 761/1015/310 750/1010/299
f 747/1012/296 757/1016/306 758/1017/307
f 744/999/293 754/1014/303 755/1018/304
f 750/1019/299 762/1020/311 751/1000/300
f 748/1001/458 758/1017/307 759/1021/308
f 744/1003/293 756/1022/305 745/1004/457
f 751/1000/300 763/1013/312 752/1005/301
f 742/1006/456 675/888/325 753/1023/302
f 748/1001/458 760/1024/309 749/1007/431
f 746/1008/295 756/1022/305 757/1016/306
f 756/1022/305 766/1025/315 767/1026/316
f 762/1020/311 774/1027/459 763/1013/312
f 753/1023/302 675/888/325 764/1028/433
f 759/1021/308 771/1029/437 760/1024/309
f 757/1016/306 767/1026/316 768/1030/435
f 786/894/324 763/1013/312 774/1027/459
f 754/1014/303 764/1028/433 765/1031/314
f 760/1024/309 772/1032/321 761/1015/310
f 757/1016/306 769/1033/318 758/1017/307
f 754/1014/303 766/1034/315 755/1018/304
f 762/1020/311 772/1035/321 773/1036/322
f 758/1017/307 770/1037/436 759/1021/308
f 765/1031/314 777/1038/328 766/1034/315
f 773/1036/322 783/1039/334 784/1040/335
f 770/1037/436 780/1041/331 781/1042/332
f 766/1025/315 778/1043/460 767/1026/316
f 773/1036/322 785/1044/336 774/1027/459
f 764/1028/433 675/888/325 775/1045/326
f 770/1037/436 782/1046/333 771/1029/437
f 767/1026/316 779/1047/330 768/1030/435
f 786/894/324 774/1027/459 785/1044/336
f 765/1031/314 775/1045/326 776/1048/327
f 771/1029/437 783/1049/334 772/1032/321
f 769/1033/318 779/1047/330 780/1041/331
f 779/1050/330 790/1051/340 791/1052/341
f 786/894/324 785/1044/336 797/1053/347
f 775/1045/326 788/1054/338 776/1048/327
f 782/1055/333 795/1056/345 783/1039/334
f 780/1057/331 791/1052/341 792/1058/342
f 777/1038/328 788/1054/338 789/1059/339
f 783/1039/334 796/1060/346 784/1040/335
f 780/1057/331 793/1061/343 781/1062/332
f 778/1063/460 789/1064/339 790/1051/340
f 785/1044/336 796/1060/346 797/1053/347
f 775/1045/326 675/888/325 787/1065/337
f 781/1062/332 794/1066/344 782/1067/333
f 789/1064/339 801/1068/462 790/1051/340
f 797/1053/347 807/1069/357 808/1070/358
f 787/1065/337 675/888/325 798/1071/461
f 793/1061/343 805/1072/439 794/1066/344
f 790/1051/340 802/1073/463 791/1052/341
f 786/894/324 797/1053/347 808/1070/358
f 787/1065/337 799/1074/349 788/1054/338
f 794/1066/344 806/1075/356 795/1076/345
f 792/1058/342 802/1073/463 803/1077/353
f 788/1054/338 800/1078/350 789/1059/339
f 795/1056/345 807/1069/357 796/1060/346
f 792/1058/342 804/1079/438 793/1061/343
f 803/1077/353 813/1080/363 814/1081/364
f 800/1078/350 810/1082/360 811/1083/361
f 807/1069/357 817/1084/367 818/1085/368
f 803/1077/353 815/1086/365 804/1079/438
f 800/1087/350 812/1088/441 801/1068/462
f 807/1069/357 819/1089/369 808/1070/358
f 798/1071/461 675/888/325 809/1090/359
f 804/1079/438 816/1091/366 805/1072/439
f 802/1073/463 812/1088/441 813/1080/363
f 786/894/324 808/1070/358 819/1089/369
f 798/1071/461 810/1082/360 799/1074/349
f 805/1072/439 817/1092/367 806/1075/356
f 813/1080/363 823/1093/373 824/1094/464
f 786/894/324 819/1089/369 830/1095/465
f 810/1082/360 820/1096/370 821/1097/371
f 816/1091/366 828/1098/378 817/1092/367
f 814/1081/364 824/1094/464 825/1099/375
f 810/1082/360 822/1100/372 811/1083/361
f 818/1085/368 828/1101/378 829/1102/379
f 814/1081/364 826/1103/376 815/1086/365
f 812/1088/441 822/1104/372 823/1093/373
f 819/1089/369 829/1102/379 830/1095/465
f 809/1090/359 675/888/325 820/1096/370
f 815/1086/365 827/1105/443 816/1091/366
f 825/1099/375 837/1106/387 826/1103/376
f 823/1093/373 833/1107/383 834/1108/384
f 829/1102/379 841/1109/391 830/1095/465
f 820/1096/370 675/888/325 831/1110/381
f 826/1111/376 838/1112/388 827/1113/443
f 823/1093/373 835/1114/385 824/1094/464
f 786/894/324 830/1095/465 841/1109/391
f 820/1096/370 832/1115/382 821/1097/371
f 827/1113/443 839/1116/389 828/1117/378
f 825/1099/375 835/1114/385 836/1118/386
f 821/1097/371 833/1119/383 822/1100/372
f 829/1102/379 839/1120/389 840/1121/390
f 836/1122/386 846/1123/396 847/1124/397
f 833/1119/383 843/1125/393 844/1126/394
f 840/1121/390 850/1127/400 851/1128/401
f 836/1122/386 848/1129/398 837/1130/387
f 834/1131/384 844/1132/394 845/1133/444
f 840/1121/390 852/1134/402 841/1109/391
f 831/1110/381 675/888/325 842/1135/392
f 837/1130/387 849/1136/399 838/1112/388
f 834/1131/384 846/1123/396 835/1137/385
f 786/894/324 841/1109/391 852/1134/402
f 831/1110/381 843/1125/393 832/1115/382
f 838/1112/388 850/1138/400 839/1116/389
f 848/1129/398 860/1139/410 849/1136/399
f 845/1133/444 857/1140/466 846/1123/396
f 786/894/324 852/1134/402 863/1141/413
f 842/1135/392 854/1142/404 843/1125/393
f 849/1136/399 861/1143/411 850/1138/400
f 846/1123/396 858/1144/408 847/1124/397
f 844/1126/394 854/1142/404 855/1145/405
f 851/1128/401 861/1146/411 862/1147/412
f 847/1124/397 859/1148/409 848/1129/398
f 845/1133/444 855/1149/405 856/1150/406
f 851/1128/401 863/1141/413 852/1134/402
f 842/1135/392 675/888/325 853/1151/445
f 858/1144/408 650/881/202 859/1148/409
f 855/1149/405 647/884/417 856/1150/406
f 863/1141/413 652/876/421 866/886/422
f 853/1151/445 675/888/325 645/887/414
f 860/1139/410 650/881/202 651/890/419
f 856/1150/406 648/893/201 857/1140/466
f 786/894/324 863/1141/413 866/886/422
f 853/1151/445 646/873/415 854/1142/404
f 860/1139/410 865/896/420 861/1143/411
f 858/1144/408 648/893/201 649/879/418
f 854/1142/404 864/875/416 855/1145/405
f 861/1146/411 652/876/421 862/1147/412
f 1086/1152/419 878/1153/449 879/1154/450
f 868/1155/417 876/1156/207 869/1157/201
f 1016/1158/324 1088/1159/422 882/1160/213
f 1083/1161/414 873/1162/204 1084/1163/415
f 871/1164/420 879/1154/450 880/1165/211
f 869/1157/201 877/1166/208 1085/1167/418
f 1084/1163/415 874/1168/205 867/1169/416
f 1087/1170/421 880/1171/211 881/1172/212
f 870/1173/202 877/1166/208 878/1153/449
f 867/1174/416 875/1175/423 868/1155/417
f 1088/1159/422 881/1172/212 882/1160/213
f 1083/1161/414 905/1176/325 872/1177/203
f 874/1168/205 884/1178/215 885/1179/216
f 880/1171/211 892/1180/223 881/1172/212
f 877/1166/208 889/1181/220 878/1153/449
f 874/1168/205 886/1182/467 875/1183/423
f 882/1160/213 892/1180/223 893/1184/224
f 872/1177/203 905/1176/325 883/1185/214
f 878/1153/449 890/1186/221 879/1154/450
f 875/1175/423 887/1187/218 876/1156/207
f 1016/1158/324 882/1160/213 893/1184/224
f 872/1177/203 884/1178/215 873/1162/204
f 879/1188/450 891/1189/222 880/1171/211
f 876/1156/207 888/1190/219 877/1166/208
f 887/1191/218 897/1192/228 898/1193/229
f 1016/1158/324 893/1184/224 904/1194/235
f 884/1178/215 894/1195/225 895/1196/226
f 890/1197/221 902/1198/233 891/1189/222
f 887/1191/218 899/1199/230 888/1200/219
f 885/1179/216 895/1196/226 896/1201/227
f 891/1189/222 903/1202/234 892/1180/223
f 889/1203/220 899/1199/230 900/1204/231
f 885/1179/216 897/1205/228 886/1182/467
f 892/1180/223 904/1194/235 893/1184/224
f 883/1185/214 905/1176/325 894/1195/225
f 889/1203/220 901/1206/452 890/1207/221
f 897/1192/228 908/1208/238 909/1209/426
f 903/1202/234 916/1210/246 904/1194/235
f 894/1195/225 905/1176/325 906/1211/425
f 900/1204/231 913/1212/243 901/1206/452
f 898/1193/229 909/1209/426 910/1213/240
f 1016/1158/324 904/1194/235 916/1210/246
f 894/1195/225 907/1214/237 895/1196/226
f 901/1206/452 914/1215/244 902/1216/233
f 898/1193/229 911/1217/241 899/1199/230
f 895/1196/226 908/1218/238 896/1201/227
f 903/1202/234 914/1219/244 915/1220/245
f 900/1204/231 911/1217/241 912/1221/242
f 910/1213/240 922/1222/252 911/1217/241
f 908/1218/238 918/1223/248 919/1224/249
f 915/1220/245 925/1225/255 926/1226/256
f 912/1221/242 922/1222/252 923/1227/253
f 909/1209/426 919/1228/249 920/1229/250
f 915/1220/245 927/1230/257 916/1210/246
f 906/1211/425 905/1176/325 917/1231/247
f 912/1221/242 924/1232/254 913/1212/243
f 910/1213/240 920/1229/250 921/1233/251
f 1016/1158/324 916/1210/246 927/1230/257
f 906/1211/425 918/1223/248 907/1214/237
f 914/1215/244 924/1232/254 925/1234/255
f 921/1233/251 931/1235/261 932/1236/262
f 1016/1158/324 927/1230/257 938/1237/468
f 918/1223/248 928/1238/427 929/1239/259
f 924/1232/254 936/1240/266 925/1234/255
f 921/1233/251 933/1241/263 922/1222/252
f 918/1223/248 930/1242/260 919/1224/249
f 925/1225/255 937/1243/267 926/1226/256
f 923/1227/253 933/1241/263 934/1244/264
f 919/1228/249 931/1235/261 920/1229/250
f 927/1230/257 937/1243/267 938/1237/468
f 917/1231/247 905/1176/325 928/1238/427
f 923/1227/253 935/1245/265 924/1232/254
f 934/1244/264 944/1246/274 945/1247/275
f 931/1235/261 941/1248/271 942/1249/272
f 937/1243/267 949/1250/279 938/1237/468
f 928/1238/427 905/1176/325 939/1251/269
f 934/1244/264 946/1252/430 935/1245/265
f 932/1236/262 942/1249/272 943/1253/273
f 1016/1158/324 938/1237/468 949/1250/279
f 928/1238/427 940/1254/270 929/1239/259
f 935/1245/265 947/1255/277 936/1240/266
f 932/1236/262 944/1246/274 933/1241/263
f 929/1239/259 941/1256/271 930/1242/260
f 937/1243/267 947/1257/277 948/1258/278
f 943/1259/273 955/1260/285 944/1261/274
f 940/1254/270 952/1262/282 941/1256/271
f 947/1257/277 959/1263/289 948/1258/278
f 945/1264/275 955/1260/285 956/1265/286
f 942/1266/272 952/1262/282 953/1267/469
f 948/1258/278 960/1268/290 949/1250/279
f 939/1251/269 905/1176/325 950/1269/280
f 945/1264/275 957/1270/287 946/1271/430
f 942/1272/272 954/1273/284 943/1259/273
f 1016/1158/324 949/1250/279 960/1268/290
f 940/1254/270 950/1269/280 951/1274/281
f 946/1275/430 958/1276/288 947/1257/277
f 956/1265/286 968/1277/431 957/1270/287
f 954/1273/284 964/1278/294 965/1279/295
f 1016/1158/324 960/1268/290 971/1280/432
f 951/1274/281 961/1281/291 962/1282/292
f 957/1270/287 969/1283/299 958/1284/288
f 954/1273/284 966/1285/296 955/1260/285
f 952/1262/282 962/1282/292 963/1286/293
f 958/1276/288 970/1287/300 959/1263/289
f 956/1265/286 966/1285/296 967/1288/458
f 953/1289/469 963/1290/293 964/1278/294
f 959/1263/289 971/1280/432 960/1268/290
f 950/1269/280 905/1176/325 961/1281/291
f 967/1288/458 977/1291/307 978/1292/308
f 964/1278/294 974/1293/304 975/1294/305
f 970/1287/300 982/1295/312 971/1280/432
f 961/1281/291 905/1176/325 972/1296/302
f 967/1288/458 979/1297/309 968/1277/431
f 965/1279/295 975/1294/305 976/1298/306
f 1016/1158/324 971/1280/432 982/1295/312
f 962/1282/292 972/1296/302 973/1299/303
f 968/1277/431 980/1300/310 969/1283/299
f 965/1279/295 977/1291/307 966/1285/296
f 962/1282/292 974/1301/304 963/1286/293
f 969/1302/299 981/1303/311 970/1287/300
f 979/1297/309 991/1304/321 980/1300/310
f 976/1298/306 988/1305/318 977/1291/307
f 974/1301/304 984/1306/314 985/1307/315
f 980/1308/310 992/1309/322 981/1303/311
f 978/1292/308 988/1305/318 989/1310/436
f 974/1293/304 986/1311/316 975/1294/305
f 982/1295/312 992/1309/322 993/1312/323
f 972/1296/302 905/1176/325 983/1313/313
f 978/1292/308 990/1314/437 979/1297/309
f 976/1298/306 986/1311/316 987/1315/435
f 1016/1158/324 982/1295/312 993/1312/323
f 972/1296/302 984/1306/314 973/1299/303
f 983/1313/313 905/1176/325 994/1316/326
f 989/1310/436 1001/1317/333 990/1314/437
f 987/1315/435 997/1318/329 998/1319/330
f 1016/1158/324 993/1312/323 1004/1320/336
f 983/1313/313 995/1321/327 984/1306/314
f 990/1314/437 1002/1322/334 991/1304/321
f 987/1315/435 999/1323/331 988/1305/318
f 985/1307/315 995/1321/327 996/1324/328
f 991/1325/321 1003/1326/335 992/1309/322
f 989/1310/436 999/1323/331 1000/1327/332
f 985/1328/315 997/1318/329 986/1311/316
f 993/1312/323 1003/1326/335 1004/1320/336
f 1002/1329/334 1014/1330/346 1003/1326/335
f 1000/1331/332 1010/1332/342 1011/1333/343
f 997/1334/329 1007/1335/339 1008/1336/340
f 1004/1320/336 1014/1330/346 1015/1337/347
f 994/1316/326 905/1176/325 1005/1338/337
f 1000/1331/332 1012/1339/344 1001/1340/333
f 998/1341/330 1008/1336/340 1009/1342/341
f 1016/1158/324 1004/1320/336 1015/1337/347
f 994/1316/326 1006/1343/338 995/1321/327
f 1001/1344/333 1013/1345/345 1002/1329/334
f 998/1341/330 1010/1332/342 999/1346/331
f 996/1324/328 1006/1343/338 1007/1347/339
f 1006/1343/338 1017/1348/348 1018/1349/349
f 1012/1339/344 1025/1350/356 1013/1351/345
f 1009/1342/341 1022/1352/353 1010/1332/342
f 1007/1347/339 1018/1349/349 1019/1353/350
f 1013/1345/345 1026/1354/357 1014/1330/346
f 1011/1333/343 1022/1352/353 1023/1355/354
f 1007/1335/339 1020/1356/351 1008/1336/340
f 1015/1337/347 1026/1354/357 1027/1357/358
f 1005/1338/337 905/1176/325 1017/1348/348
f 1011/1333/343 1024/1358/439 1012/1339/344
f 1009/1342/341 1020/1356/351 1021/1359/352
f 1016/1158/324 1015/1337/347 1027/1357/358
f 1027/1357/358 1037/1360/368 1038/1361/369
f 1017/1348/348 905/1176/325 1028/1362/359
f 1023/1355/354 1035/1363/366 1024/1358/439
f 1021/1359/352 1031/1364/441 1032/1365/363
f 1016/1158/324 1027/1357/358 1038/1361/369
f 1017/1348/348 1029/1366/360 1018/1349/349
f 1024/1358/439 1036/1367/367 1025/1350/356
f 1021/1359/352 1033/1368/364 1022/1352/353
f 1019/1353/350 1029/1366/360 1030/1369/361
f 1025/1370/356 1037/1360/368 1026/1354/357
f 1023/1355/354 1033/1368/364 1034/1371/365
f 1020/1356/351 1030/1372/361 1031/1364/441
f 1029/1366/360 1041/1373/372 1030/1369/361
f 1036/1374/367 1048/1375/379 1037/1360/368
f 1034/1371/365 1044/1376/375 1045/1377/470
f 1031/1364/441 1041/1378/372 1042/1379/373
f 1037/1360/368 1049/1380/380 1038/1361/369
f 1028/1362/359 905/1176/325 1039/1381/442
f 1034/1371/365 1046/1382/443 1035/1363/366
f 1032/1365/363 1042/1379/373 1043/1383/374
f 1016/1158/324 1038/1361/369 1049/1380/380
f 1028/1362/359 1040/1384/371 1029/1366/360
f 1035/1363/366 1047/1385/378 1036/1367/367
f 1032/1365/363 1044/1376/375 1033/1368/364
f 1016/1158/324 1049/1380/380 1060/1386/391
f 1039/1381/442 1051/1387/382 1040/1384/371
f 1046/1388/443 1058/1389/389 1047/1390/378
f 1043/1383/374 1055/1391/386 1044/1376/375
f 1041/1373/372 1051/1387/382 1052/1392/383
f 1047/1393/378 1059/1394/390 1048/1375/379
f 1045/1377/470 1055/1391/386 1056/1395/387
f 1042/1379/373 1052/1396/383 1053/1397/384
f 1048/1375/379 1060/1386/391 1049/1380/380
f 1039/1381/442 905/1176/325 1050/1398/381
f 1045/1399/470 1057/1400/388 1046/1388/443
f 1043/1383/374 1053/1397/384 1054/1401/385
f 1053/1402/384 1063/1403/394 1064/1404/444
f 1059/1394/390 1071/1405/402 1060/1386/391
f 1050/1398/381 905/1176/325 1061/1406/392
f 1056/1407/387 1068/1408/399 1057/1400/388
f 1054/1409/385 1064/1404/444 1065/1410/396
f 1016/1158/324 1060/1386/391 1071/1405/402
f 1050/1398/381 1062/1411/393 1051/1387/382
f 1057/1400/388 1069/1412/400 1058/1389/389
f 1054/1409/385 1066/1413/397 1055/1414/386
f 1052/1392/383 1062/1411/393 1063/1415/394
f 1058/1416/389 1070/1417/401 1059/1394/390
f 1056/1407/387 1066/1413/397 1067/1418/398
f 1063/1415/394 1073/1419/404 1074/1420/405
f 1069/1421/400 1081/1422/412 1070/1417/401
f 1067/1418/398 1077/1423/408 1078/1424/471
f 1064/1404/444 1074/1425/405 1075/1426/406
f 1071/1405/402 1081/1422/412 1082/1427/413
f 1061/1406/392 905/1176/325 1072/1428/445
f 1067/1418/398 1079/1429/410 1068/1408/399
f 1065/1410/396 1075/1426/406 1076/1430/407
f 1016/1158/324 1071/1405/402 1082/1427/413
f 1061/1406/392 1073/1419/404 1062/1411/393
f 1069/1412/400 1079/1429/410 1080/1431/411
f 1065/1410/396 1077/1423/408 1066/1413/397
f 1075/1426/406 869/1157/201 1076/1430/407
f 1016/1158/324 1082/1427/413 1088/1159/422
f 1072/1428/445 1084/1163/415 1073/1419/404
f 1080/1431/411 1086/1152/419 871/1164/420
f 1076/1430/407 1085/1167/418 1077/1423/408
f 1073/1419/404 867/1169/416 1074/1420/405
f 1081/1422/412 871/1432/420 1087/1170/421
f 1078/1424/471 1085/1167/418 870/1173/202
f 1074/1425/405 868/1155/417 1075/1426/406
f 1081/1422/412 1088/1159/422 1082/1427/413
f 1072/1428/445 905/1176/325 1083/1161/414
f 1079/1429/410 870/1173/202 1086/1152/419
f 1307/1433/416 1096/1434/204 1097/1435/205
f 1310/1436/420 1104/1437/212 1093/1438/421
f 1091/1439/418 1101/1440/449 1092/1441/202
f 1307/1442/416 1098/1443/423 1308/1444/417
f 1093/1438/421 1105/1445/451 1094/1446/422
f 1306/1447/414 1239/1448/325 1095/1449/447
f 1092/1441/202 1102/1450/210 1309/1451/419
f 1308/1444/417 1099/1452/448 1090/1453/201
f 1205/1454/324 1094/1446/422 1105/1445/451
f 1306/1447/414 1096/1434/204 1089/1455/415
f 1310/1456/420 1102/1450/210 1103/1457/211
f 1091/1439/418 1099/1452/448 1100/1458/208
f 1095/1449/447 1239/1448/325 1106/1459/214
f 1101/1440/449 1113/1460/221 1102/1450/210
f 1098/1443/423 1110/1461/218 1099/1452/448
f 1205/1454/324 1105/1445/451 1116/1462/224
f 1096/1434/204 1106/1459/214 1107/1463/215
f 1102/1464/210 1114/1465/222 1103/1466/211
f 1099/1452/448 1111/1467/219 1100/1458/208
f 1096/1434/204 1108/1468/216 1097/1435/205
f 1104/1437/212 1114/1465/222 1115/1469/223
f 1100/1458/208 1112/1470/220 1101/1440/449
f 1097/1435/205 1109/1471/467 1098/1472/423
f 1104/1437/212 1116/1462/224 1105/1445/451
f 1114/1465/222 1126/1473/234 1115/1469/223
f 1111/1474/219 1123/1475/231 1112/1476/220
f 1108/1468/216 1120/1477/228 1109/1471/467
f 1115/1469/223 1127/1478/235 1116/1462/224
f 1106/1459/214 1239/1448/325 1117/1479/225
f 1112/1476/220 1124/1480/452 1113/1481/221
f 1110/1482/218 1120/1483/228 1121/1484/229
f 1205/1454/324 1116/1462/224 1127/1478/235
f 1107/1463/215 1117/1479/225 1118/1485/226
f 1114/1465/222 1124/1486/452 1125/1487/233
f 1110/1482/218 1122/1488/230 1111/1474/219
f 1108/1468/216 1118/1485/226 1119/1489/227
f 1117/1479/225 1129/1490/237 1118/1485/226
f 1124/1480/452 1136/1491/244 1125/1492/233
f 1121/1484/229 1133/1493/241 1122/1488/230
f 1118/1485/226 1130/1494/238 1119/1489/227
f 1125/1487/233 1137/1495/245 1126/1473/234
f 1122/1488/230 1134/1496/453 1123/1475/231
f 1120/1483/228 1130/1497/238 1131/1498/426
f 1127/1478/235 1137/1495/245 1138/1499/246
f 1117/1479/225 1239/1448/325 1128/1500/236
f 1123/1475/231 1135/1501/243 1124/1480/452
f 1121/1484/229 1131/1498/426 1132/1502/240
f 1205/1454/324 1127/1478/235 1138/1499/246
f 1138/1499/246 1148/1503/256 1149/1504/257
f 1128/1500/236 1239/1448/325 1139/1505/247
f 1134/1496/453 1146/1506/254 1135/1501/243
f 1132/1502/240 1142/1507/250 1143/1508/251
f 1205/1454/324 1138/1499/246 1149/1504/257
f 1128/1500/236 1140/1509/248 1129/1490/237
f 1135/1501/243 1147/1510/255 1136/1491/244
f 1133/1493/241 1143/1508/251 1144/1511/252
f 1129/1490/237 1141/1512/249 1130/1494/238
f 1136/1513/244 1148/1503/256 1137/1495/245
f 1133/1493/241 1145/1514/253 1134/1496/453
f 1131/1498/426 1141/1515/249 1142/1507/250
f 1140/1509/248 1152/1516/260 1141/1512/249
f 1148/1503/256 1158/1517/266 1159/1518/267
f 1145/1514/253 1155/1519/263 1156/1520/472
f 1141/1515/249 1153/1521/261 1142/1507/250
f 1148/1503/256 1160/1522/268 1149/1504/257
f 1139/1505/247 1239/1448/325 1150/1523/258
f 1146/1506/254 1156/1520/472 1157/1524/473
f 1143/1508/251 1153/1521/261 1154/1525/262
f 1205/1454/324 1149/1504/257 1160/1522/268
f 1140/1509/248 1150/1523/258 1151/1526/259
f 1147/1510/255 1157/1524/473 1158/1527/266
f 1143/1508/251 1155/1519/263 1144/1511/252
f 1205/1454/324 1160/1522/268 1171/1528/279
f 1151/1526/259 1161/1529/269 1162/1530/270
f 1157/1524/473 1169/1531/277 1158/1527/266
f 1155/1519/263 1165/1532/273 1166/1533/274
f 1151/1526/259 1163/1534/271 1152/1516/260
f 1158/1517/266 1170/1535/278 1159/1518/267
f 1155/1519/263 1167/1536/275 1156/1520/472
f 1152/1537/260 1164/1538/272 1153/1521/261
f 1159/1518/267 1171/1528/279 1160/1522/268
f 1150/1523/258 1239/1448/325 1161/1529/269
f 1156/1520/472 1168/1539/430 1157/1524/473
f 1154/1525/262 1164/1538/272 1165/1532/273
f 1163/1534/271 1175/1540/283 1164/1541/272
f 1171/1528/279 1181/1542/289 1182/1543/290
f 1161/1529/269 1239/1448/325 1172/1544/280
f 1167/1545/275 1179/1546/287 1168/1547/430
f 1164/1548/272 1176/1549/284 1165/1550/273
f 1205/1454/324 1171/1528/279 1182/1543/290
f 1161/1529/269 1173/1551/281 1162/1530/270
f 1168/1552/430 1180/1553/288 1169/1554/277
f 1165/1550/273 1177/1555/285 1166/1556/274
f 1162/1530/270 1174/1557/282 1163/1534/271
f 1170/1535/278 1180/1553/288 1181/1542/289
f 1166/1556/274 1178/1558/286 1167/1545/275
f 1173/1551/281 1185/1559/293 1174/1557/282
f 1180/1553/288 1192/1560/300 1181/1542/289
f 1177/1555/285 1189/1561/297 1178/1558/286
f 1174/1562/282 1186/1563/457 1175/1564/283
f 1182/1543/290 1192/1560/300 1193/1565/301
f 1172/1544/280 1239/1448/325 1183/1566/456
f 1178/1558/286 1190/1567/431 1179/1546/287
f 1175/1564/283 1187/1568/295 1176/1549/284
f 1205/1454/324 1182/1543/290 1193/1565/301
f 1172/1544/280 1184/1569/292 1173/1551/281
f 1179/1546/287 1191/1570/299 1180/1571/288
f 1176/1549/284 1188/1572/296 1177/1555/285
f 1187/1568/295 1197/1573/305 1198/1574/306
f 1205/1454/324 1193/1565/301 1204/1575/312
f 1184/1569/292 1194/1576/302 1195/1577/303
f 1190/1567/431 1202/1578/310 1191/1570/299
f 1187/1568/295 1199/1579/307 1188/1572/296
f 1184/1569/292 1196/1580/304 1185/1559/293
f 1191/1581/299 1203/1582/311 1192/1560/300
f 1188/1572/296 1200/1583/308 1189/1561/297
f 1186/1563/457 1196/1584/304 1197/1573/305
f 1192/1560/300 1204/1575/312 1193/1565/301
f 1183/1566/456 1239/1448/325 1194/1576/302
f 1189/1561/297 1201/1585/309 1190/1567/431
f 1196/1584/304 1209/1586/434 1197/1573/305
f 1203/1582/311 1216/1587/459 1204/1575/312
f 1194/1576/302 1239/1448/325 1206/1588/433
f 1201/1585/309 1212/1589/319 1213/1590/437
f 1197/1573/305 1210/1591/317 1198/1574/306
f 1205/1454/324 1204/1575/312 1216/1587/459
f 1195/1577/303 1206/1588/433 1207/1592/314
f 1202/1578/310 1213/1590/437 1214/1593/321
f 1198/1574/306 1211/1594/318 1199/1579/307
f 1196/1580/304 1207/1592/314 1208/1595/315
f 1202/1596/310 1215/1597/322 1203/1582/311
f 1199/1579/307 1212/1589/319 1200/1583/308
f 1211/1594/318 1221/1598/330 1222/1599/331
f 1208/1595/315 1218/1600/327 1219/1601/328
f 1215/1597/322 1225/1602/334 1226/1603/335
f 1211/1594/318 1223/1604/332 1212/1589/319
f 1209/1586/434 1219/1605/328 1220/1606/329
f 1215/1597/322 1227/1607/336 1216/1587/459
f 1206/1588/433 1239/1448/325 1217/1608/326
f 1213/1590/437 1223/1604/332 1224/1609/474
f 1209/1586/434 1221/1598/330 1210/1591/317
f 1205/1454/324 1216/1587/459 1227/1607/336
f 1207/1592/314 1217/1608/326 1218/1600/327
f 1214/1593/321 1224/1609/474 1225/1610/334
f 1220/1611/329 1232/1612/341 1221/1613/330
f 1205/1454/324 1227/1607/336 1238/1614/347
f 1218/1600/327 1228/1615/337 1229/1616/338
f 1225/1602/334 1235/1617/476 1236/1618/345
f 1221/1613/330 1233/1619/342 1222/1620/331
f 1218/1600/327 1230/1621/339 1219/1601/328
f 1226/1603/335 1236/1618/345 1237/1622/346
f 1222/1620/331 1234/1623/343 1223/1624/332
f 1220/1611/329 1230/1625/339 1231/1626/475
f 1226/1603/335 1238/1614/347 1227/1607/336
f 1217/1608/326 1239/1448/325 1228/1615/337
f 1223/1624/332 1235/1627/476 1224/1628/474
f 1233/1619/342 1246/1629/438 1234/1623/343
f 1231/1626/475 1242/1630/350 1243/1631/351
f 1238/1614/347 1249/1632/357 1250/1633/358
f 1228/1615/337 1239/1448/325 1240/1634/461
f 1234/1623/343 1247/1635/439 1235/1627/476
f 1232/1612/341 1243/1631/351 1244/1636/463
f 1205/1454/324 1238/1614/347 1250/1633/358
f 1228/1615/337 1241/1637/349 1229/1616/338
f 1235/1627/476 1248/1638/356 1236/1639/345
f 1232/1612/341 1245/1640/353 1233/1619/342
f 1229/1616/338 1242/1641/350 1230/1621/339
f 1237/1622/346 1248/1642/356 1249/1632/357
f 1245/1640/353 1255/1643/363 1256/1644/364
f 1241/1637/349 1253/1645/361 1242/1641/350
f 1248/1642/356 1260/1646/368 1249/1632/357
f 1245/1640/353 1257/1647/365 1246/1629/438
f 1242/1630/350 1254/1648/362 1243/1631/351
f 1249/1632/357 1261/1649/369 1250/1633/358
f 1240/1634/461 1239/1448/325 1251/1650/359
f 1246/1629/438 1258/1651/366 1247/1635/439
f 1243/1631/351 1255/1643/363 1244/1636/463
f 1205/1454/324 1250/1633/358 1261/1649/369
f 1240/1634/461 1252/1652/360 1241/1637/349
f 1247/1635/439 1259/1653/367 1248/1638/356
f 1257/1647/365 1269/1654/443 1258/1651/366
f 1255/1643/363 1265/1655/373 1266/1656/374
f 1205/1454/324 1261/1649/369 1272/1657/380
f 1252/1652/360 1262/1658/370 1263/1659/371
f 1258/1651/366 1270/1660/378 1259/1653/367
f 1255/1643/363 1267/1661/375 1256/1644/364
f 1253/1645/361 1263/1659/371 1264/1662/372
f 1260/1646/368 1270/1663/378 1271/1664/379
f 1257/1647/365 1267/1661/375 1268/1665/470
f 1254/1648/362 1264/1666/372 1265/1655/373
f 1260/1646/368 1272/1657/380 1261/1649/369
f 1251/1650/359 1239/1448/325 1262/1658/370
f 1267/1661/375 1279/1667/387 1268/1665/470
f 1264/1666/372 1276/1668/477 1265/1655/373
f 1271/1664/379 1283/1669/391 1272/1657/380
f 1262/1658/370 1239/1448/325 1273/1670/381
f 1268/1671/470 1280/1672/478 1269/1673/443
f 1266/1656/374 1276/1668/477 1277/1674/385
f 1205/1454/324 1272/1657/380 1283/1669/391
f 1263/1659/371 1273/1670/381 1274/1675/382
f 1270/1676/378 1280/1672/478 1281/1677/389
f 1266/1656/374 1278/1678/386 1267/1661/375
f 1263/1659/371 1275/1679/383 1264/1662/372
f 1270/1663/378 1282/1680/390 1271/1664/379
f 1280/1672/478 1292/1681/400 1281/1677/389
f 1277/1682/385 1289/1683/397 1278/1684/386
f 1275/1679/383 1285/1685/393 1286/1686/394
f 1281/1687/389 1293/1688/401 1282/1680/390
f 1278/1684/386 1290/1689/398 1279/1690/387
f 1276/1691/477 1286/1692/394 1287/1693/444
f 1283/1669/391 1293/1688/401 1294/1694/402
f 1273/1670/381 1239/1448/325 1284/1695/392
f 1279/1690/387 1291/1696/399 1280/1672/478
f 1277/1682/385 1287/1693/444 1288/1697/396
f 1205/1454/324 1283/1669/391 1294/1694/402
f 1273/1670/381 1285/1685/393 1274/1675/382
f 1284/1695/392 1239/1448/325 1295/1698/445
f 1290/1689/398 1302/1699/410 1291/1696/399
f 1288/1697/396 1298/1700/406 1299/1701/407
f 1205/1454/324 1294/1694/402 1305/1702/413
f 1285/1685/393 1295/1698/445 1296/1703/404
f 1292/1681/400 1302/1699/410 1303/1704/411
f 1288/1697/396 1300/1705/408 1289/1683/397
f 1285/1685/393 1297/1706/405 1286/1686/394
f 1293/1688/401 1303/1707/411 1304/1708/412
f 1290/1689/398 1300/1705/408 1301/1709/471
f 1286/1692/394 1298/1700/406 1287/1693/444
f 1294/1694/402 1304/1708/412 1305/1702/413
f 1304/1708/412 1310/1436/420 1093/1438/421
f 1300/1705/408 1092/1441/202 1301/1709/471
f 1297/1710/405 1308/1444/417 1298/1700/406
f 1305/1702/413 1093/1438/421 1094/1446/422
f 1295/1698/445 1239/1448/325 1306/1447/414
f 1301/1709/471 1309/1451/419 1302/1699/410
f 1298/1700/406 1090/1453/201 1299/1701/407
f 1205/1454/324 1305/1702/413 1094/1446/422
f 1295/1698/445 1089/1455/415 1296/1703/404
f 1303/1704/411 1309/1451/419 1310/1456/420
f 1300/1705/408 1090/1453/201 1091/1439/418
f 1296/1703/404 1307/1433/416 1297/1706/405
f 1349/1711/324 1532/1712/422 1326/1713/213
f 1311/1714/415 1316/1715/203 1317/1716/204
f 1531/1717/419 1324/1718/211 1314/1719/420
f 1529/1720/201 1321/1721/208 1313/1722/418
f 1311/1714/415 1318/1723/205 1312/1724/416
f 1314/1725/420 1325/1726/212 1315/1727/421
f 1313/1722/418 1322/1728/449 1530/1729/202
f 1312/1730/416 1319/1731/206 1528/1732/417
f 1315/1727/421 1326/1713/213 1532/1712/422
f 1527/1733/414 1471/1734/325 1316/1715/203
f 1531/1717/419 1322/1728/449 1323/1735/210
f 1528/1732/417 1320/1736/448 1529/1720/201
f 1321/1721/208 1333/1737/220 1322/1728/449
f 1319/1738/206 1329/1739/216 1330/1740/217
f 1325/1726/212 1337/1741/224 1326/1713/213
f 1316/1715/203 1471/1734/325 1327/1742/214
f 1323/1735/210 1333/1737/220 1334/1743/221
f 1319/1731/206 1331/1744/218 1320/1736/448
f 1349/1711/324 1326/1713/213 1337/1741/224
f 1317/1716/204 1327/1742/214 1328/1745/215
f 1323/1746/210 1335/1747/222 1324/1748/211
f 1321/1721/208 1331/1744/218 1332/1749/219
f 1317/1716/204 1329/1739/216 1318/1723/205
f 1325/1726/212 1335/1747/222 1336/1750/223
f 1334/1751/221 1346/1752/233 1335/1747/222
f 1332/1753/219 1342/1754/229 1343/1755/230
f 1328/1745/215 1340/1756/227 1329/1739/216
f 1336/1750/223 1346/1752/233 1347/1757/234
f 1332/1753/219 1344/1758/231 1333/1759/220
f 1330/1740/217 1340/1756/227 1341/1760/228
f 1336/1750/223 1348/1761/235 1337/1741/224
f 1327/1742/214 1471/1734/325 1338/1762/225
f 1334/1763/221 1344/1758/231 1345/1764/232
f 1330/1765/217 1342/1754/229 1331/1766/218
f 1349/1711/324 1337/1741/224 1348/1761/235
f 1328/1745/215 1338/1762/225 1339/1767/226
f 1338/1762/225 1471/1734/325 1350/1768/425
f 1344/1758/231 1357/1769/243 1345/1764/232
f 1341/1770/228 1354/1771/479 1342/1754/229
f 1349/1711/324 1348/1761/235 1360/1772/246
f 1339/1767/226 1350/1768/425 1351/1773/237
f 1345/1764/232 1358/1774/244 1346/1775/233
f 1343/1755/230 1354/1771/479 1355/1776/241
f 1339/1767/226 1352/1777/238 1340/1756/227
f 1346/1752/233 1359/1778/245 1347/1757/234
f 1343/1755/230 1356/1779/453 1344/1758/231
f 1340/1780/227 1353/1781/426 1341/1770/228
f 1347/1757/234 1360/1772/246 1348/1761/235
f 1359/1778/245 1369/1782/255 1370/1783/256
f 1355/1776/241 1367/1784/253 1356/1779/453
f 1352/1785/238 1364/1786/250 1353/1781/426
f 1360/1772/246 1370/1783/256 1371/1787/257
f 1350/1768/425 1471/1734/325 1361/1788/247
f 1357/1769/243 1367/1784/253 1368/1789/254
f 1353/1781/426 1365/1790/251 1354/1771/479
f 1349/1711/324 1360/1772/246 1371/1787/257
f 1351/1773/237 1361/1788/247 1362/1791/248
f 1357/1769/243 1369/1792/255 1358/1774/244
f 1355/1776/241 1365/1790/251 1366/1793/252
f 1352/1777/238 1362/1791/248 1363/1794/249
f 1362/1791/248 1372/1795/427 1373/1796/259
f 1369/1792/255 1379/1797/473 1380/1798/266
f 1366/1793/252 1376/1799/262 1377/1800/263
f 1363/1794/249 1373/1796/259 1374/1801/260
f 1369/1782/255 1381/1802/267 1370/1783/256
f 1366/1793/252 1378/1803/472 1367/1784/253
f 1363/1804/249 1375/1805/480 1364/1786/250
f 1370/1783/256 1382/1806/268 1371/1787/257
f 1361/1788/247 1471/1734/325 1372/1795/427
f 1368/1789/254 1378/1803/472 1379/1797/473
f 1364/1786/250 1376/1799/262 1365/1790/251
f 1349/1711/324 1371/1787/257 1382/1806/268
f 1382/1806/268 1392/1807/278 1393/1808/279
f 1372/1795/427 1471/1734/325 1383/1809/269
f 1378/1803/472 1390/1810/430 1379/1797/473
f 1376/1799/262 1386/1811/272 1387/1812/273
f 1349/1711/324 1382/1806/268 1393/1808/279
f 1372/1795/427 1384/1813/270 1373/1796/259
f 1379/1797/473 1391/1814/277 1380/1798/266
f 1376/1799/262 1388/1815/274 1377/1800/263
f 1374/1801/260 1384/1813/270 1385/1816/271
f 1381/1802/267 1391/1817/277 1392/1807/278
f 1377/1800/263 1389/1818/275 1378/1803/472
f 1375/1805/480 1385/1819/271 1386/1811/272
f 1384/1813/270 1396/1820/282 1385/1816/271
f 1392/1807/278 1402/1821/288 1403/1822/289
f 1388/1823/274 1400/1824/286 1389/1825/275
f 1386/1826/272 1396/1820/282 1397/1827/283
f 1393/1808/279 1403/1822/289 1404/1828/290
f 1383/1809/269 1471/1734/325 1394/1829/280
f 1389/1825/275 1401/1830/287 1390/1831/430
f 1386/1832/272 1398/1833/284 1387/1834/273
f 1349/1711/324 1393/1808/279 1404/1828/290
f 1383/1809/269 1395/1835/281 1384/1813/270
f 1391/1817/277 1401/1836/287 1402/1821/288
f 1388/1823/274 1398/1833/284 1399/1837/285
f 1349/1711/324 1404/1828/290 1415/1838/301
f 1395/1835/281 1405/1839/456 1406/1840/292
f 1401/1830/287 1413/1841/299 1402/1842/288
f 1399/1837/285 1409/1843/481 1410/1844/296
f 1395/1835/281 1407/1845/293 1396/1820/282
f 1402/1821/288 1414/1846/300 1403/1822/289
f 1399/1837/285 1411/1847/297 1400/1824/286
f 1396/1848/282 1408/1849/294 1397/1850/283
f 1403/1822/289 1415/1838/301 1404/1828/290
f 1394/1829/280 1471/1734/325 1405/1839/456
f 1401/1830/287 1411/1847/297 1412/1851/298
f 1397/1850/283 1409/1843/481 1398/1833/284
f 1407/1852/293 1419/1853/305 1408/1849/294
f 1414/1846/300 1426/1854/312 1415/1838/301
f 1405/1839/456 1471/1734/325 1416/1855/302
f 1411/1847/297 1423/1856/309 1412/1851/298
f 1408/1849/294 1420/1857/306 1409/1843/481
f 1349/1711/324 1415/1838/301 1426/1854/312
f 1406/1840/292 1416/1855/302 1417/1858/303
f 1413/1841/299 1423/1856/309 1424/1859/310
f 1410/1844/296 1420/1857/306 1421/1860/307
f 1406/1840/292 1418/1861/304 1407/1845/293
f 1413/1862/299 1425/1863/311 1414/1846/300
f 1410/1844/296 1422/1864/308 1411/1847/297
f 1418/1861/304 1428/1865/314 1429/1866/315
f 1424/1867/310 1436/1868/322 1425/1863/311
f 1421/1860/307 1433/1869/319 1422/1864/308
f 1418/1870/304 1430/1871/316 1419/1853/305
f 1425/1863/311 1437/1872/323 1426/1854/312
f 1416/1855/302 1471/1734/325 1427/1873/313
f 1423/1856/309 1433/1869/319 1434/1874/320
f 1419/1853/305 1431/1875/317 1420/1857/306
f 1349/1711/324 1426/1854/312 1437/1872/323
f 1416/1855/302 1428/1865/314 1417/1858/303
f 1424/1859/310 1434/1874/320 1435/1876/321
f 1420/1857/306 1432/1877/318 1421/1860/307
f 1430/1871/316 1442/1878/330 1431/1875/317
f 1349/1711/324 1437/1872/323 1448/1879/336
f 1428/1865/314 1438/1880/326 1439/1881/327
f 1435/1876/321 1445/1882/333 1446/1883/334
f 1432/1877/318 1442/1878/330 1443/1884/331
f 1428/1865/314 1440/1885/328 1429/1866/315
f 1436/1868/322 1446/1886/334 1447/1887/335
f 1432/1877/318 1444/1888/332 1433/1869/319
f 1429/1889/315 1441/1890/329 1430/1871/316
f 1436/1868/322 1448/1879/336 1437/1872/323
f 1427/1873/313 1471/1734/325 1438/1880/326
f 1433/1869/319 1445/1882/333 1434/1874/320
f 1440/1891/328 1452/1892/475 1441/1893/329
f 1447/1887/335 1459/1894/347 1448/1879/336
f 1438/1880/326 1471/1734/325 1449/1895/337
f 1445/1896/333 1455/1897/343 1456/1898/344
f 1441/1893/329 1453/1899/341 1442/1900/330
f 1349/1711/324 1448/1879/336 1459/1894/347
f 1439/1881/327 1449/1895/337 1450/1901/338
f 1446/1886/334 1456/1902/344 1457/1903/345
f 1443/1904/331 1453/1899/341 1454/1905/342
f 1440/1885/328 1450/1901/338 1451/1906/339
f 1446/1886/334 1458/1907/346 1447/1887/335
f 1443/1904/331 1455/1897/343 1444/1908/332
f 1454/1905/342 1464/1909/463 1465/1910/353
f 1450/1901/338 1462/1911/350 1451/1906/339
f 1457/1903/345 1469/1912/357 1458/1907/346
f 1454/1905/342 1466/1913/438 1455/1897/343
f 1452/1892/475 1462/1914/350 1463/1915/351
f 1458/1907/346 1470/1916/440 1459/1894/347
f 1449/1895/337 1471/1734/325 1460/1917/348
f 1456/1898/344 1466/1913/438 1467/1918/355
f 1452/1892/475 1464/1909/463 1453/1899/341
f 1349/1711/324 1459/1894/347 1470/1916/440
f 1449/1895/337 1461/1919/349 1450/1901/338
f 1457/1920/345 1467/1918/355 1468/1921/356
f 1463/1915/351 1476/1922/363 1464/1909/463
f 1349/1711/324 1470/1916/440 1482/1923/369
f 1461/1919/349 1472/1924/359 1473/1925/360
f 1467/1918/355 1480/1926/367 1468/1921/356
f 1465/1910/353 1476/1922/363 1477/1927/364
f 1461/1919/349 1474/1928/361 1462/1911/350
f 1469/1912/357 1480/1929/367 1481/1930/368
f 1465/1910/353 1478/1931/365 1466/1913/438
f 1463/1915/351 1474/1932/361 1475/1933/441
f 1469/1912/357 1482/1923/369 1470/1916/440
f 1460/1917/348 1471/1734/325 1472/1924/359
f 1467/1918/355 1478/1931/365 1479/1934/366
f 1477/1927/364 1489/1935/376 1478/1931/365
f 1474/1932/361 1486/1936/373 1475/1933/441
f 1482/1923/369 1492/1937/379 1493/1938/465
f 1472/1924/359 1471/1734/325 1483/1939/442
f 1479/1934/366 1489/1935/376 1490/1940/443
f 1475/1933/441 1487/1941/464 1476/1922/363
f 1349/1711/324 1482/1923/369 1493/1938/465
f 1472/1924/359 1484/1942/371 1473/1925/360
f 1479/1934/366 1491/1943/378 1480/1926/367
f 1477/1927/364 1487/1941/464 1488/1944/375
f 1473/1925/360 1485/1945/372 1474/1928/361
f 1481/1930/368 1491/1946/378 1492/1937/379
f 1488/1944/375 1498/1947/385 1499/1948/386
f 1484/1942/371 1496/1949/383 1485/1945/372
f 1491/1946/378 1503/1950/390 1492/1937/379
f 1488/1944/375 1500/1951/387 1489/1935/376
f 1486/1936/373 1496/1952/383 1497/1953/384
f 1492/1937/379 1504/1954/391 1493/1938/465
f 1483/1939/442 1471/1734/325 1494/1955/381
f 1490/1956/443 1500/1957/387 1501/1958/388
f 1486/1936/373 1498/1947/385 1487/1941/464
f 1349/1711/324 1493/1938/465 1504/1954/391
f 1484/1942/371 1494/1955/381 1495/1959/382
f 1490/1956/443 1502/1960/389 1491/1961/378
f 1501/1958/388 1511/1962/398 1512/1963/482
f 1497/1964/384 1509/1965/396 1498/1966/385
f 1349/1711/324 1504/1954/391 1515/1967/402
f 1495/1959/382 1505/1968/392 1506/1969/393
f 1501/1958/388 1513/1970/400 1502/1960/389
f 1499/1971/386 1509/1965/396 1510/1972/397
f 1495/1959/382 1507/1973/394 1496/1949/383
f 1503/1950/390 1513/1974/400 1514/1975/401
f 1499/1971/386 1511/1962/398 1500/1957/387
f 1497/1964/384 1507/1976/394 1508/1977/395
f 1503/1950/390 1515/1967/402 1504/1954/391
f 1494/1955/381 1471/1734/325 1505/1968/392
f 1510/1972/397 1522/1978/409 1511/1962/398
f 1507/1976/394 1519/1979/483 1508/1977/395
f 1514/1975/401 1526/1980/413 1515/1967/402
f 1505/1968/392 1471/1734/325 1516/1981/445
f 1511/1962/398 1523/1982/484 1512/1963/482
f 1509/1965/396 1519/1979/483 1520/1983/466
f 1349/1711/324 1515/1967/402 1526/1980/413
f 1506/1969/393 1516/1981/445 1517/1984/404
f 1513/1970/400 1523/1982/484 1524/1985/411
f 1510/1972/397 1520/1983/466 1521/1986/408
f 1507/1973/394 1517/1984/404 1518/1987/405
f 1513/1974/400 1525/1988/412 1514/1975/401
f 1523/1982/484 1314/1719/420 1524/1985/411
f 1521/1986/408 1529/1720/201 1313/1722/418
f 1517/1984/404 1312/1724/416 1518/1987/405
f 1525/1988/412 1314/1725/420 1315/1727/421
f 1521/1986/408 1530/1729/202 1522/1978/409
f 1519/1979/483 1312/1730/416 1528/1732/417
f 1526/1980/413 1315/1727/421 1532/1712/422
f 1516/1981/445 1471/1734/325 1527/1733/414
f 1522/1978/409 1531/1717/419 1523/1982/484
f 1520/1983/466 1528/1732/417 1529/1720/201
f 1349/1711/324 1526/1980/413 1532/1712/422
f 1516/1981/445 1311/1714/415 1517/1984/404
f 1/1/1 2/1989/2 10/2/10
f 2/4/2 3/8/3 11/5/11
f 4/7/4 12/23/12 11/5/11
f 5/9/5 13/13/13 12/10/12
f 6/12/6 14/26/14 13/13/13
f 7/14/7 15/18/15 14/15/14
f 7/14/7 8/1990/8 16/17/16
f 8/19/8 1/1/1 9/3/9
f 10/2/10 18/31/18 17/21/17
f 11/5/11 19/24/19 18/22/18
f 12/23/12 20/34/20 19/24/19
f 13/13/13 21/27/21 20/25/20
f 14/26/14 22/37/22 21/27/21
f 15/18/15 23/29/23 22/28/22
f 16/17/16 24/40/24 23/29/23
f 9/3/9 17/21/17 24/30/24
f 18/31/18 26/43/26 25/32/25
f 19/24/19 27/35/27 26/33/26
f 20/34/20 28/46/28 27/35/27
f 21/27/21 29/38/29 28/36/28
f 22/37/22 30/49/30 29/38/29
f 23/29/23 31/41/31 30/39/30
f 24/40/24 32/52/32 31/41/31
f 17/21/17 25/32/25 32/42/32
f 26/43/26 34/55/34 33/44/33
f 27/35/27 35/47/35 34/45/34
f 28/46/28 36/59/36 35/47/35
f 29/38/29 37/50/37 36/48/36
f 30/49/30 38/62/38 37/50/37
f 31/41/31 39/53/39 38/51/38
f 32/52/32 40/65/40 39/53/39
f 25/32/25 33/44/33 40/54/40
f 34/55/34 42/58/42 41/56/41
f 35/57/35 43/69/43 42/58/42
f 36/59/36 44/71/44 43/60/43
f 37/50/37 45/63/45 44/61/44
f 38/62/38 46/74/46 45/63/45
f 39/53/39 47/66/47 46/64/46
f 40/65/40 48/77/48 47/66/47
f 33/44/33 41/56/41 48/67/48
f 42/58/42 50/70/50 49/68/49
f 43/69/43 51/81/51 50/70/50
f 44/71/44 52/1991/52 51/72/51
f 45/63/45 53/75/53 52/73/52
f 46/74/46 54/87/54 53/75/53
f 47/66/47 55/78/55 54/76/54
f 48/77/48 56/1992/56 55/78/55
f 41/56/41 49/68/49 56/79/56
f 50/70/50 58/82/58 57/80/57
f 51/81/51 59/1993/59 58/82/58
f 52/83/52 60/97/60 59/84/59
f 53/75/53 61/88/61 60/86/60
f 54/87/54 62/100/62 61/88/61
f 55/78/55 63/1994/63 62/89/62
f 56/90/56 64/104/64 63/91/63
f 49/68/49 57/80/57 64/93/64
f 58/82/58 66/107/66 65/94/65
f 59/84/59 67/98/67 66/95/66
f 60/97/60 68/110/68 67/98/67
f 61/88/61 69/101/69 68/99/68
f 62/100/62 70/113/70 69/101/69
f 63/91/63 71/105/71 70/102/70
f 64/104/64 72/116/72 71/105/71
f 57/80/57 65/94/65 72/106/72
f 66/107/66 74/119/74 73/108/73
f 67/98/67 75/111/75 74/109/74
f 68/110/68 76/122/76 75/111/75
f 69/101/69 77/114/77 76/112/76
f 70/113/70 78/125/78 77/114/77
f 71/105/71 79/117/79 78/115/78
f 72/116/72 80/128/80 79/117/79
f 65/94/65 73/108/73 80/118/80
f 74/119/74 82/131/82 81/120/81
f 75/111/75 83/123/83 82/121/82
f 76/122/76 84/134/84 83/123/83
f 77/114/77 85/126/85 84/124/84
f 78/125/78 86/137/86 85/126/85
f 79/117/79 87/129/87 86/127/86
f 80/128/80 88/140/88 87/129/87
f 73/108/73 81/120/81 88/130/88
f 82/131/82 90/143/90 89/132/89
f 83/123/83 91/135/91 90/133/90
f 84/134/84 92/146/92 91/135/91
f 85/126/85 93/138/93 92/136/92
f 86/137/86 94/149/94 93/138/93
f 87/129/87 95/141/95 94/139/94
f 88/140/88 96/152/96 95/141/95
f 81/120/81 89/132/89 96/142/96
f 90/143/90 98/155/98 97/144/97
f 91/135/91 99/147/99 98/145/98
f 92/146/92 100/158/100 99/147/99
f 93/138/93 101/150/101 100/148/100
f 94/149/94 102/161/102 101/150/101
f 95/141/95 103/153/103 102/151/102
f 96/152/96 104/164/104 103/153/103
f 89/132/89 97/144/97 104/154/104
f 98/155/98 106/167/106 105/156/105
f 99/147/99 107/159/107 106/157/106
f 100/158/100 108/170/108 107/159/107
f 101/150/101 109/162/109 108/160/108
f 102/161/102 110/173/110 109/162/109
f 103/153/103 111/165/111 110/163/110
f 104/164/104 112/176/112 111/165/111
f 97/144/97 105/156/105 112/166/112
f 106/167/106 114/179/114 113/168/113
f 107/159/107 115/171/115 114/169/114
f 108/170/108 116/182/116 115/171/115
f 109/162/109 117/174/117 116/172/116
f 110/173/110 118/185/118 117/174/117
f 111/165/111 119/177/119 118/175/118
f 112/176/112 120/188/120 119/177/119
f 105/156/105 113/168/113 120/178/120
f 114/179/114 122/191/122 121/180/121
f 115/171/115 123/183/123 122/181/122
f 116/182/116 124/194/124 123/183/123
f 117/174/117 125/186/125 124/184/124
f 118/185/118 126/197/126 125/186/125
f 119/177/119 127/189/127 126/187/126
f 120/188/120 128/200/128 127/189/127
f 113/168/113 121/180/121 128/190/128
f 122/191/122 130/203/130 129/192/129
f 123/183/123 131/195/131 130/193/130
f 124/194/124 132/206/132 131/195/131
f 125/186/125 133/198/133 132/196/132
f 126/197/126 134/209/134 133/198/133
f 127/189/127 135/201/135 134/199/134
f 128/200/128 136/212/136 135/201/135
f 121/180/121 129/192/129 136/202/136
f 130/203/130 138/215/138 137/204/137
f 131/195/131 139/207/139 138/205/138
f 132/206/132 140/1995/140 139/207/139
f 133/198/133 141/210/141 140/208/140
f 134/209/134 142/222/142 141/210/141
f 135/201/135 143/213/143 142/211/142
f 136/212/136 144/1996/144 143/213/143
f 129/192/129 137/204/137 144/214/144
f 138/215/138 146/230/146 145/216/145
f 139/207/139 147/1997/147 146/217/146
f 140/218/140 148/234/148 147/219/147
f 141/210/141 149/223/149 148/221/148
f 142/222/142 150/225/150 149/223/149
f 143/224/143 151/1998/151 150/225/150
f 144/226/144 152/240/152 151/227/151
f 137/204/137 145/216/145 152/229/152
f 146/230/146 154/243/154 153/231/153
f 147/219/147 155/235/155 154/232/154
f 148/234/148 156/246/156 155/235/155
f 149/223/149 157/237/157 156/236/156
f 150/225/150 158/249/158 157/237/157
f 151/227/151 159/241/159 158/238/158
f 152/240/152 160/252/160 159/241/159
f 145/216/145 153/231/153 160/242/160
f 154/243/154 162/255/162 161/244/161
f 155/235/155 163/247/163 162/245/162
f 156/246/156 164/258/164 163/247/163
f 157/237/157 165/250/165 164/248/164
f 158/249/158 166/261/166 165/250/165
f 159/241/159 167/253/167 166/251/166
f 160/252/160 168/264/168 167/253/167
f 153/231/153 161/244/161 168/254/168
f 162/255/162 170/267/170 169/256/169
f 163/247/163 171/259/171 170/257/170
f 164/258/164 172/270/172 171/259/171
f 165/250/165 173/262/173 172/260/172
f 166/261/166 174/273/174 173/262/173
f 167/253/167 175/265/175 174/263/174
f 168/264/168 176/276/176 175/265/175
f 161/244/161 169/256/169 176/266/176
f 170/267/170 178/279/178 177/268/177
f 171/259/171 179/271/179 178/269/178
f 172/270/172 180/282/180 179/271/179
f 173/262/173 181/274/181 180/272/180
f 174/273/174 182/285/182 181/274/181
f 175/265/175 183/277/183 182/275/182
f 176/276/176 184/288/184 183/277/183
f 169/256/169 177/268/177 184/278/184
f 178/279/178 186/291/186 185/280/185
f 179/271/179 187/283/187 186/281/186
f 180/282/180 188/1999/188 187/283/187
f 181/274/181 189/286/189 188/284/188
f 182/285/182 190/2000/190 189/286/189
f 183/277/183 191/289/191 190/287/190
f 184/288/184 192/301/192 191/289/191
f 177/268/177 185/280/185 192/290/192
f 186/291/186 194/2001/194 193/292/193
f 187/283/187 195/295/195 194/293/194
f 187/283/187 188/1999/188 196/294/196
f 188/284/188 189/286/189 197/296/197
f 189/286/189 190/2000/190 198/298/198
f 190/287/190 191/289/191 199/299/199
f 192/301/192 200/2002/200 199/299/199
f 185/280/185 193/292/193 200/302/200
f 1/305/1 8/2003/8 7/2004/7
f 7/2004/7 6/2005/6 5/303/5
f 5/303/5 4/2006/4 3/304/3
f 3/304/3 2/2007/2 1/305/1
f 1/305/1 7/2004/7 5/303/5
f 200/308/200 193/2008/193 194/2009/194
f 194/2009/194 195/2010/195 196/306/196
f 196/306/196 197/2011/197 198/307/198
f 198/307/198 199/2012/199 200/308/200
f 200/308/200 194/2009/194 196/306/196
f 417/309/417 206/331/206 207/310/207
f 414/315/414 203/333/203 204/316/204
f 420/318/420 419/334/419 210/319/210
f 201/311/201 207/310/207 208/321/208
f 415/317/415 204/316/204 205/323/205
f 421/325/421 420/2013/420 211/326/211
f 202/328/202 418/322/418 208/321/208
f 416/330/416 205/2014/205 206/331/206
f 422/313/422 421/325/421 212/327/212
f 202/328/202 209/329/209 210/319/210
f 211/326/211 222/347/222 223/335/223
f 208/321/208 219/348/219 220/336/220
f 206/337/206 205/323/205 216/338/216
f 213/314/213 212/327/212 223/335/223
f 209/329/209 220/336/220 221/342/221
f 207/310/207 206/331/206 217/343/217
f 204/316/204 203/333/203 214/341/214
f 210/346/210 221/350/221 222/347/222
f 207/310/207 218/344/218 219/348/219
f 204/316/204 215/345/215 216/338/216
f 214/341/214 225/361/225 226/349/226
f 221/350/221 232/2015/232 233/351/233
f 219/352/219 218/365/218 229/353/229
f 216/338/216 215/345/215 226/349/226
f 222/347/222 233/351/233 234/356/234
f 219/352/219 230/354/230 231/357/231
f 216/338/216 227/355/227 228/359/228
f 223/335/223 234/356/234 235/360/235
f 221/362/221 220/358/220 231/357/231
f 217/364/217 228/369/228 229/353/229
f 234/356/234 245/376/245 246/366/246
f 231/357/231 242/377/242 243/368/243
f 228/369/228 239/379/239 240/370/240
f 226/349/226 225/361/225 236/367/236
f 232/363/232 243/368/243 244/372/244
f 230/354/230 229/353/229 240/370/240
f 226/349/226 237/371/237 238/375/238
f 233/351/233 244/381/244 245/376/245
f 231/357/231 230/354/230 241/374/241
f 227/378/227 238/2016/238 239/379/239
f 237/371/237 248/391/248 249/380/249
f 244/381/244 255/399/255 256/382/256
f 242/377/242 241/374/241 252/383/252
f 239/379/239 238/2016/238 249/385/249
f 245/376/245 256/382/256 257/387/257
f 242/377/242 253/384/253 254/389/254
f 240/370/240 239/379/239 250/386/250
f 236/367/236 247/388/247 248/391/248
f 243/368/243 254/389/254 255/392/255
f 240/370/240 251/390/251 252/383/252
f 248/391/248 247/388/247 258/394/258
f 254/389/254 265/404/265 266/396/266
f 251/390/251 262/405/262 263/397/263
f 249/380/249 248/391/248 259/395/259
f 255/399/255 266/2017/266 267/400/267
f 253/384/253 252/383/252 263/397/263
f 250/386/250 249/385/249 260/402/260
f 256/382/256 267/400/267 268/393/268
f 253/384/253 264/401/264 265/404/265
f 251/390/251 250/386/250 261/403/261
f 261/403/261 260/402/260 271/406/271
f 268/393/268 267/400/267 278/408/278
f 265/404/265 264/401/264 275/411/275
f 262/405/262 261/403/261 272/407/272
f 258/394/258 269/410/269 270/414/270
f 266/396/266 265/404/265 276/412/276
f 262/405/262 273/413/273 274/416/274
f 259/395/259 270/414/270 271/417/271
f 267/400/267 266/2017/266 277/418/277
f 264/401/264 263/397/263 274/416/274
f 270/414/270 281/434/281 282/419/282
f 278/408/278 277/418/277 288/420/288
f 275/422/275 274/436/274 285/423/285
f 272/425/272 271/417/271 282/419/282
f 278/408/278 289/421/289 290/427/290
f 275/422/275 286/424/286 287/429/287
f 273/431/273 272/2018/272 283/432/283
f 270/414/270 269/410/269 280/428/280
f 276/435/276 287/2019/287 288/420/288
f 273/431/273 284/433/284 285/423/285
f 283/432/283 294/447/294 295/437/295
f 280/428/280 291/448/291 292/439/292
f 287/429/287 298/449/298 299/440/299
f 284/433/284 295/437/295 296/442/296
f 282/419/282 281/434/281 292/439/292
f 288/420/288 299/460/299 300/444/300
f 285/423/285 296/442/296 297/445/297
f 282/446/282 293/2020/293 294/447/294
f 289/421/289 300/444/300 301/438/301
f 287/429/287 286/424/286 297/445/297
f 294/447/294 293/2020/293 304/450/304
f 300/444/300 311/461/311 312/452/312
f 297/445/297 308/462/308 309/454/309
f 294/447/294 305/451/305 306/455/306
f 291/448/291 302/453/302 303/456/303
f 298/449/298 309/454/309 310/457/310
f 295/437/295 306/455/306 307/458/307
f 292/439/292 303/456/303 304/459/304
f 299/460/299 310/467/310 311/461/311
f 297/445/297 296/442/296 307/458/307
f 307/458/307 306/455/306 317/463/317
f 304/459/304 303/456/303 314/465/314
f 310/467/310 321/481/321 322/468/322
f 307/458/307 318/464/318 319/469/319
f 304/450/304 315/484/315 316/470/316
f 312/452/312 311/461/311 322/468/322
f 309/454/309 308/462/308 319/469/319
f 305/451/305 316/470/316 317/463/317
f 302/453/302 313/472/313 314/465/314
f 309/454/309 320/473/320 321/474/321
f 316/470/316 329/485/329 330/475/330
f 313/472/313 326/486/326 327/477/327
f 320/473/320 333/487/333 334/478/334
f 317/463/317 330/475/330 331/479/331
f 315/466/315 314/465/314 327/477/327
f 321/481/321 334/503/334 335/482/335
f 318/464/318 331/479/331 332/483/332
f 315/484/315 328/2021/328 329/485/329
f 322/468/322 335/482/335 336/476/336
f 319/469/319 332/483/332 333/487/333
f 331/488/331 342/504/342 343/489/343
f 328/491/328 339/2022/339 340/492/340
f 335/482/335 346/506/346 347/494/347
f 333/496/333 332/490/332 343/489/343
f 329/493/329 340/492/340 341/498/341
f 327/477/327 326/486/326 337/495/337
f 333/501/333 344/2023/344 345/502/345
f 330/499/330 341/498/341 342/504/342
f 327/477/327 338/500/338 339/505/339
f 334/503/334 345/502/345 346/506/346
f 341/498/341 352/516/352 353/507/353
f 338/500/338 349/517/349 350/508/350
f 345/502/345 356/2024/356 357/509/357
f 343/489/343 342/504/342 353/507/353
f 340/492/340 339/2022/339 350/511/350
f 346/506/346 357/509/357 358/513/358
f 344/497/344 343/489/343 354/510/354
f 340/492/340 351/512/351 352/516/352
f 338/500/338 337/495/337 348/514/348
f 344/497/344 355/515/355 356/518/356
f 354/510/354 365/530/365 366/520/366
f 351/512/351 362/531/362 363/521/363
f 349/517/349 348/514/348 359/523/359
f 355/515/355 366/520/366 367/525/367
f 352/516/352 363/521/363 364/526/364
f 350/508/350 349/517/349 360/524/360
f 357/509/357 356/2024/356 367/528/367
f 353/507/353 364/526/364 365/530/365
f 350/511/350 361/533/361 362/531/362
f 357/509/357 368/529/368 369/522/369
f 364/526/364 375/541/375 376/532/376
f 361/533/361 372/552/372 373/534/373
f 368/529/368 379/543/379 380/535/380
f 366/520/366 365/530/365 376/532/376
f 363/521/363 362/531/362 373/534/373
f 359/523/359 370/536/370 371/539/371
f 367/525/367 366/520/366 377/537/377
f 363/521/363 374/538/374 375/541/375
f 361/527/361 360/524/360 371/539/371
f 367/528/367 378/549/378 379/543/379
f 378/544/378 377/557/377 388/545/388
f 374/538/374 385/558/385 386/547/386
f 371/539/371 382/559/382 383/548/383
f 378/549/378 389/572/389 390/550/390
f 375/541/375 386/547/386 387/551/387
f 372/552/372 383/2025/383 384/553/384
f 380/535/380 379/543/379 390/550/390
f 376/556/376 387/561/387 388/545/388
f 373/534/373 384/553/384 385/558/385
f 371/539/371 370/536/370 381/555/381
f 387/561/387 398/574/398 399/562/399
f 384/563/384 395/576/395 396/564/396
f 382/559/382 381/555/381 392/560/392
f 389/546/389 388/545/388 399/562/399
f 385/565/385 396/564/396 397/569/397
f 382/559/382 393/567/393 394/571/394
f 389/572/389 400/577/400 401/573/401
f 386/570/386 397/569/397 398/574/398
f 384/563/384 383/2026/383 394/575/394
f 390/550/390 401/573/401 402/566/402
f 400/577/400 411/589/411 412/578/412
f 397/569/397 408/587/408 409/579/409
f 394/575/394 405/590/405 406/580/406
f 401/573/401 412/578/412 413/581/413
f 398/574/398 409/579/409 410/583/410
f 396/564/396 395/576/395 406/580/406
f 392/560/392 403/582/403 404/585/404
f 399/562/399 410/583/410 411/586/411
f 396/564/396 407/584/407 408/587/408
f 393/567/393 404/585/404 405/588/405
f 404/585/404 403/582/403 414/315/414
f 411/586/411 410/583/410 419/334/419
f 408/587/408 407/584/407 201/311/201
f 405/588/405 404/585/404 415/317/415
f 411/589/411 420/2013/420 421/325/421
f 408/587/408 418/322/418 202/328/202
f 405/590/405 416/330/416 417/309/417
f 412/578/412 421/325/421 422/313/422
f 409/579/409 202/328/202 419/334/419
f 407/584/407 406/580/406 417/309/417
f 642/591/420 641/613/419 432/592/210
f 423/594/201 429/614/207 430/595/208
f 637/597/415 426/616/204 427/598/205
f 643/600/421 642/871/420 433/601/211
f 424/603/202 640/596/418 430/595/208
f 638/605/416 427/2027/205 428/606/423
f 644/608/422 643/600/421 434/602/212
f 424/603/202 431/604/209 432/592/210
f 423/594/201 639/607/417 428/606/423
f 636/610/414 425/612/203 426/616/204
f 428/617/423 427/598/205 438/618/216
f 434/602/212 445/629/223 446/620/224
f 431/604/209 442/630/220 443/622/221
f 429/614/207 428/606/423 439/623/217
f 426/616/204 425/612/203 436/621/214
f 432/626/210 443/2028/221 444/627/222
f 429/614/207 440/624/218 441/628/219
f 426/616/204 437/625/215 438/618/216
f 434/602/212 433/601/211 444/627/222
f 430/595/208 441/628/219 442/630/220
f 441/631/219 440/645/218 451/632/229
f 437/625/215 448/646/226 449/634/227
f 445/629/223 444/627/222 455/635/233
f 441/631/219 452/633/230 453/637/231
f 438/618/216 449/634/227 450/639/424
f 445/629/223 456/636/234 457/640/235
f 442/638/220 453/637/231 454/642/232
f 439/644/217 450/659/424 451/632/229
f 436/621/214 447/641/225 448/646/226
f 444/627/222 443/2028/221 454/647/232
f 451/632/229 450/659/424 462/648/426
f 447/641/225 459/661/425 460/651/237
f 454/642/232 466/662/243 467/652/244
f 451/632/229 463/649/240 464/654/241
f 448/646/226 460/651/237 461/655/238
f 456/636/234 455/635/233 467/656/244
f 453/637/231 452/633/230 464/654/241
f 450/659/424 449/2029/227 461/660/238
f 457/640/235 456/636/234 468/657/245
f 453/637/231 465/658/242 466/662/243
f 464/654/241 475/672/252 476/663/253
f 462/648/426 461/660/238 472/664/249
f 468/657/245 479/674/256 480/666/257
f 465/658/242 476/663/253 477/668/254
f 463/649/240 462/648/426 473/665/250
f 459/661/425 470/667/247 471/670/248
f 466/662/243 477/668/254 478/671/255
f 463/649/240 474/669/251 475/672/252
f 461/655/238 460/651/237 471/670/248
f 467/656/244 478/2030/255 479/674/256
f 474/669/251 485/684/428 486/675/263
f 471/670/248 482/685/259 483/676/260
f 479/674/256 478/2030/255 489/677/266
f 476/663/253 475/672/252 486/675/263
f 472/664/249 483/2031/260 484/680/261
f 479/674/256 490/678/267 491/681/268
f 476/663/253 487/679/264 488/683/265
f 474/669/251 473/665/250 484/680/261
f 470/667/247 481/682/427 482/685/259
f 478/671/255 477/668/254 488/683/265
f 487/679/264 498/696/275 499/687/430
f 484/680/261 495/698/429 496/688/273
f 482/685/259 481/682/427 492/690/269
f 488/683/265 499/687/430 500/692/277
f 486/675/263 485/684/428 496/688/273
f 483/676/260 482/685/259 493/691/270
f 489/677/266 500/712/277 501/695/278
f 486/675/263 497/693/274 498/696/275
f 484/680/261 483/2031/260 494/697/271
f 490/678/267 501/695/278 502/689/279
f 498/699/275 497/715/274 508/700/285
f 494/694/271 505/716/282 506/702/283
f 501/695/278 512/717/289 513/704/290
f 498/699/275 509/701/286 510/706/287
f 496/708/273 495/2032/429 506/709/283
f 493/691/270 492/690/269 503/705/280
f 500/712/277 499/2033/430 510/713/287
f 496/708/273 507/710/284 508/700/285
f 493/691/270 504/711/281 505/716/282
f 501/695/278 500/712/277 511/714/288
f 510/706/287 521/729/431 522/718/299
f 507/710/284 518/730/295 519/720/296
f 504/711/281 515/731/292 516/721/293
f 512/717/289 511/714/288 522/722/299
f 508/700/285 519/720/296 520/724/297
f 506/709/283 505/2034/282 516/725/293
f 513/704/290 512/717/289 523/723/300
f 509/701/286 520/724/297 521/729/431
f 507/710/284 506/709/283 517/726/294
f 503/705/280 514/728/291 515/731/292
f 520/724/297 531/741/308 532/733/309
f 517/726/294 528/743/305 529/734/306
f 514/728/291 525/732/302 526/736/303
f 521/729/431 532/733/309 533/737/310
f 519/720/296 518/730/295 529/734/306
f 515/731/292 526/736/303 527/739/304
f 522/722/299 533/2035/310 534/740/311
f 519/720/296 530/738/307 531/741/308
f 517/726/294 516/725/293 527/742/304
f 524/727/432 523/723/300 534/740/311
f 534/740/311 533/2035/310 544/744/321
f 530/738/307 541/754/318 542/746/436
f 527/742/304 538/763/315 539/747/434
f 534/740/311 545/745/322 546/748/323
f 531/741/308 542/746/436 543/750/437
f 528/743/305 539/747/434 540/751/435
f 526/736/303 525/732/302 536/749/433
f 532/733/309 543/750/437 544/753/321
f 530/738/307 529/734/306 540/751/435
f 526/736/303 537/752/314 538/755/315
f 536/749/433 547/766/326 548/756/327
f 543/750/437 554/767/333 555/757/334
f 540/751/435 551/768/330 552/758/331
f 537/752/314 548/756/327 549/759/328
f 545/745/322 544/744/321 555/760/334
f 542/746/436 541/754/318 552/758/331
f 538/763/315 549/2036/328 550/764/329
f 545/745/322 556/761/335 557/765/336
f 542/746/436 553/762/332 554/767/333
f 540/751/435 539/747/434 550/764/329
f 557/765/336 556/761/335 567/769/346
f 553/772/332 564/784/343 565/773/344
f 551/775/330 550/786/329 561/776/340
f 547/766/326 558/771/337 559/778/338
f 555/760/334 554/2037/333 565/779/344
f 551/775/330 562/777/341 563/781/342
f 548/756/327 559/778/338 560/783/339
f 556/761/335 555/760/334 566/780/345
f 553/772/332 552/782/331 563/781/342
f 549/785/328 560/792/339 561/776/340
f 560/783/339 559/778/338 571/787/349
f 567/769/346 566/780/345 578/789/356
f 563/781/342 575/800/353 576/791/438
f 560/792/339 572/811/350 573/793/351
f 568/770/347 567/769/346 579/790/357
f 564/784/343 576/791/438 577/796/439
f 562/777/341 561/776/340 573/793/351
f 558/771/337 570/795/348 571/787/349
f 566/798/345 565/773/344 577/796/439
f 562/777/341 574/797/352 575/800/353
f 571/787/349 570/795/348 581/802/359
f 578/799/356 577/796/439 588/804/366
f 575/800/353 574/797/352 585/806/363
f 571/787/349 582/803/360 583/808/361
f 578/789/356 589/2038/367 590/809/368
f 575/800/353 586/807/364 587/810/365
f 572/811/350 583/813/361 584/812/441
f 579/790/357 590/809/368 591/801/369
f 576/791/438 587/810/365 588/804/366
f 574/797/352 573/793/351 584/812/441
f 583/813/361 594/831/372 595/814/373
f 591/801/369 590/809/368 601/815/379
f 587/810/365 598/825/376 599/818/443
f 585/806/363 584/812/441 595/814/373
f 582/803/360 581/802/359 592/817/442
f 589/805/367 588/804/366 599/818/443
f 585/806/363 596/819/374 597/822/375
f 582/803/360 593/820/371 594/823/372
f 590/809/368 589/2038/367 600/824/378
f 586/807/364 597/822/375 598/825/376
f 594/823/372 593/820/371 604/826/382
f 601/815/379 600/824/378 611/828/389
f 597/822/375 608/841/386 609/830/387
f 594/831/372 605/2039/383 606/832/384
f 601/815/379 612/829/390 613/833/391
f 598/835/376 609/854/387 610/836/388
f 596/819/374 595/814/373 606/832/384
f 592/817/442 603/834/381 604/826/382
f 600/839/378 599/837/443 610/836/388
f 597/822/375 596/819/374 607/838/385
f 607/842/385 606/856/384 617/843/444
f 603/834/381 614/857/392 615/846/393
f 611/840/389 610/836/388 621/847/399
f 607/842/385 618/844/396 619/849/397
f 604/826/382 615/846/393 616/851/394
f 611/828/389 622/869/400 623/852/401
f 608/850/386 619/849/397 620/853/398
f 605/855/383 616/858/394 617/843/444
f 613/833/391 612/829/390 623/852/401
f 609/854/387 620/853/398 621/847/399
f 616/858/394 627/872/405 628/859/406
f 624/845/402 623/852/401 634/860/412
f 620/853/398 631/870/409 632/863/410
f 618/844/396 617/843/444 628/859/406
f 615/846/393 614/857/392 625/862/445
f 622/848/400 621/847/399 632/863/410
f 618/844/396 629/864/407 630/867/408
f 616/851/394 615/846/393 626/865/404
f 622/869/400 633/2040/411 634/860/412
f 619/849/397 630/867/408 631/870/409
f 630/867/408 629/864/407 423/594/201
f 626/865/404 637/597/415 638/599/416
f 634/860/412 633/2040/411 642/871/420
f 630/867/408 640/596/418 424/603/202
f 627/872/405 638/605/416 639/607/417
f 634/860/412 643/600/421 644/608/422
f 631/870/409 424/603/202 641/613/419
f 629/864/407 628/859/406 639/607/417
f 626/865/404 625/862/445 636/610/414
f 633/866/411 632/863/410 641/613/419
f 646/873/415 654/895/204 655/874/205
f 652/876/421 865/2041/420 661/877/211
f 649/879/418 658/898/208 659/880/449
f 864/882/416 655/2042/205 656/883/423
f 652/876/421 662/878/212 663/885/451
f 651/890/419 650/881/202 659/880/449
f 647/884/417 656/883/423 657/892/448
f 646/873/415 645/887/414 653/889/447
f 865/896/420 651/890/419 660/891/450
f 649/879/418 648/893/201 657/892/448
f 659/880/449 670/908/220 671/899/221
f 656/883/423 667/2043/217 668/900/218
f 653/889/447 664/911/214 665/902/215
f 661/877/211 660/2044/450 671/903/221
f 657/892/448 668/900/218 669/905/219
f 654/895/204 665/902/215 666/906/216
f 662/878/212 661/877/211 672/904/222
f 658/898/208 669/905/219 670/908/220
f 656/909/423 655/874/205 666/906/216
f 663/885/451 662/878/212 673/907/223
f 670/912/220 669/926/219 681/913/230
f 666/906/216 678/927/227 679/915/228
f 673/907/223 685/928/234 686/916/235
f 670/912/220 682/914/231 683/918/452
f 667/920/217 679/936/228 680/921/229
f 665/902/215 664/911/214 676/917/225
f 672/904/222 671/903/221 683/924/452
f 668/922/218 680/921/229 681/913/230
f 665/902/215 677/923/226 678/927/227
f 673/907/223 672/904/222 684/925/233
f 683/918/452 694/941/243 695/929/244
f 680/921/229 691/942/240 692/931/241
f 677/923/226 688/943/237 689/932/238
f 685/928/234 684/925/233 695/933/244
f 682/914/231 681/913/230 692/931/241
f 679/936/228 678/2045/227 689/937/238
f 685/928/234 696/934/245 697/939/454
f 683/918/452 682/914/231 693/935/453
f 679/936/228 690/938/426 691/942/240
f 677/923/226 676/917/225 687/940/236
f 694/941/243 693/935/453 704/945/253
f 690/938/426 701/955/250 702/947/251
f 687/940/236 698/944/247 699/949/248
f 695/929/244 694/941/243 705/946/455
f 691/942/240 702/947/251 703/951/252
f 688/943/237 699/949/248 700/952/249
f 696/934/245 695/933/244 706/953/255
f 692/931/241 703/951/252 704/945/253
f 689/937/238 700/2046/249 701/955/250
f 697/939/454 696/934/245 707/954/256
f 706/953/255 717/2047/266 718/956/267
f 703/951/252 714/966/263 715/957/264
f 701/955/250 700/2046/249 711/958/260
f 707/954/256 718/956/267 719/960/268
f 704/945/253 715/957/264 716/962/265
f 701/955/250 712/959/261 713/963/428
f 698/944/247 709/961/258 710/964/259
f 705/946/455 716/962/265 717/965/266
f 702/947/251 713/963/428 714/966/263
f 700/952/249 699/949/248 710/964/259
f 709/961/258 720/979/269 721/968/270
f 716/962/265 727/980/276 728/969/277
f 714/966/263 713/963/428 724/970/273
f 710/964/259 721/968/270 722/972/271
f 718/956/267 717/2047/266 728/973/277
f 715/957/264 714/966/263 725/971/274
f 712/959/261 711/958/260 722/976/271
f 719/960/268 718/956/267 729/974/278
f 716/962/265 715/957/264 726/975/275
f 712/959/261 723/977/272 724/970/273
f 729/974/278 740/995/289 741/981/290
f 726/983/275 737/996/286 738/984/287
f 723/986/272 734/1002/283 735/987/284
f 721/968/270 720/979/269 731/982/280
f 727/990/276 738/2048/287 739/991/288
f 724/988/273 735/987/284 736/992/285
f 721/968/270 732/989/281 733/994/282
f 729/974/278 728/973/277 739/991/288
f 725/993/274 736/992/285 737/996/286
f 723/997/272 722/972/271 733/994/282
f 732/989/281 743/1009/292 744/999/293
f 739/991/288 750/1019/299 751/1000/300
f 736/992/285 747/1012/296 748/1001/458
f 734/1002/283 733/2049/282 744/1003/293
f 740/995/289 751/1000/300 752/1005/301
f 737/996/286 748/1001/458 749/1007/431
f 734/1002/283 745/1004/457 746/1008/295
f 731/982/280 742/1006/456 743/1009/292
f 738/984/287 749/1007/431 750/1010/299
f 735/987/284 746/1008/295 747/1012/296
f 742/1006/456 753/1023/302 754/1014/303
f 749/1007/431 760/1024/309 761/1015/310
f 747/1012/296 746/1008/295 757/1016/306
f 744/999/293 743/1009/292 754/1014/303
f 750/1019/299 761/2050/310 762/1020/311
f 748/1001/458 747/1012/296 758/1017/307
f 744/1003/293 755/2051/304 756/1022/305
f 751/1000/300 762/1020/311 763/1013/312
f 748/1001/458 759/1021/308 760/1024/309
f 746/1008/295 745/1004/457 756/1022/305
f 756/1022/305 755/2051/304 766/1025/315
f 762/1020/311 773/1036/322 774/1027/459
f 759/1021/308 770/1037/436 771/1029/437
f 757/1016/306 756/1022/305 767/1026/316
f 754/1014/303 753/1023/302 764/1028/433
f 760/1024/309 771/1029/437 772/1032/321
f 757/1016/306 768/1030/435 769/1033/318
f 754/1014/303 765/1031/314 766/1034/315
f 762/1020/311 761/2050/310 772/1035/321
f 758/1017/307 769/1033/318 770/1037/436
f 765/1031/314 776/1048/327 777/1038/328
f 773/1036/322 772/1035/321 783/1039/334
f 770/1037/436 769/1033/318 780/1041/331
f 766/1025/315 777/2052/328 778/1043/460
f 773/1036/322 784/1040/335 785/1044/336
f 770/1037/436 781/1042/332 782/1046/333
f 767/1026/316 778/1043/460 779/1047/330
f 765/1031/314 764/1028/433 775/1045/326
f 771/1029/437 782/1046/333 783/1049/334
f 769/1033/318 768/1030/435 779/1047/330
f 779/1050/330 778/1063/460 790/1051/340
f 775/1045/326 787/1065/337 788/1054/338
f 782/1055/333 794/2053/344 795/1056/345
f 780/1057/331 779/1050/330 791/1052/341
f 777/1038/328 776/1048/327 788/1054/338
f 783/1039/334 795/1056/345 796/1060/346
f 780/1057/331 792/1058/342 793/1061/343
f 778/1063/460 777/2054/328 789/1064/339
f 785/1044/336 784/1040/335 796/1060/346
f 781/1062/332 793/1061/343 794/1066/344
f 789/1064/339 800/1087/350 801/1068/462
f 797/1053/347 796/1060/346 807/1069/357
f 793/1061/343 804/1079/438 805/1072/439
f 790/1051/340 801/1068/462 802/1073/463
f 787/1065/337 798/1071/461 799/1074/349
f 794/1066/344 805/1072/439 806/1075/356
f 792/1058/342 791/1052/341 802/1073/463
f 788/1054/338 799/1074/349 800/1078/350
f 795/1056/345 806/2055/356 807/1069/357
f 792/1058/342 803/1077/353 804/1079/438
f 803/1077/353 802/1073/463 813/1080/363
f 800/1078/350 799/1074/349 810/1082/360
f 807/1069/357 806/2055/356 817/1084/367
f 803/1077/353 814/1081/364 815/1086/365
f 800/1087/350 811/2056/361 812/1088/441
f 807/1069/357 818/1085/368 819/1089/369
f 804/1079/438 815/1086/365 816/1091/366
f 802/1073/463 801/1068/462 812/1088/441
f 798/1071/461 809/1090/359 810/1082/360
f 805/1072/439 816/1091/366 817/1092/367
f 813/1080/363 812/1088/441 823/1093/373
f 810/1082/360 809/1090/359 820/1096/370
f 816/1091/366 827/1105/443 828/1098/378
f 814/1081/364 813/1080/363 824/1094/464
f 810/1082/360 821/1097/371 822/1100/372
f 818/1085/368 817/1084/367 828/1101/378
f 814/1081/364 825/1099/375 826/1103/376
f 812/1088/441 811/2056/361 822/1104/372
f 819/1089/369 818/1085/368 829/1102/379
f 815/1086/365 826/1103/376 827/1105/443
f 825/1099/375 836/1118/386 837/1106/387
f 823/1093/373 822/1104/372 833/1107/383
f 829/1102/379 840/1121/390 841/1109/391
f 826/1111/376 837/1130/387 838/1112/388
f 823/1093/373 834/1108/384 835/1114/385
f 820/1096/370 831/1110/381 832/1115/382
f 827/1113/443 838/1112/388 839/1116/389
f 825/1099/375 824/1094/464 835/1114/385
f 821/1097/371 832/1115/382 833/1119/383
f 829/1102/379 828/1101/378 839/1120/389
f 836/1122/386 835/1137/385 846/1123/396
f 833/1119/383 832/1115/382 843/1125/393
f 840/1121/390 839/1120/389 850/1127/400
f 836/1122/386 847/1124/397 848/1129/398
f 834/1131/384 833/2057/383 844/1132/394
f 840/1121/390 851/1128/401 852/1134/402
f 837/1130/387 848/1129/398 849/1136/399
f 834/1131/384 845/1133/444 846/1123/396
f 831/1110/381 842/1135/392 843/1125/393
f 838/1112/388 849/1136/399 850/1138/400
f 848/1129/398 859/1148/409 860/1139/410
f 845/1133/444 856/1150/406 857/1140/466
f 842/1135/392 853/1151/445 854/1142/404
f 849/1136/399 860/1139/410 861/1143/411
f 846/1123/396 857/1140/466 858/1144/408
f 844/1126/394 843/1125/393 854/1142/404
f 851/1128/401 850/1127/400 861/1146/411
f 847/1124/397 858/1144/408 859/1148/409
f 845/1133/444 844/1132/394 855/1149/405
f 851/1128/401 862/1147/412 863/1141/413
f 858/1144/408 649/879/418 650/881/202
f 855/1149/405 864/882/416 647/884/417
f 863/1141/413 862/1147/412 652/876/421
f 860/1139/410 859/1148/409 650/881/202
f 856/1150/406 647/884/417 648/893/201
f 853/1151/445 645/887/414 646/873/415
f 860/1139/410 651/890/419 865/896/420
f 858/1144/408 857/1140/466 648/893/201
f 854/1142/404 646/873/415 864/875/416
f 861/1146/411 865/2041/420 652/876/421
f 1086/1152/419 870/1173/202 878/1153/449
f 868/1155/417 875/1175/423 876/1156/207
f 1083/1161/414 872/1177/203 873/1162/204
f 871/1164/420 1086/1152/419 879/1154/450
f 869/1157/201 876/1156/207 877/1166/208
f 1084/1163/415 873/1162/204 874/1168/205
f 1087/1170/421 871/1432/420 880/1171/211
f 870/1173/202 1085/1167/418 877/1166/208
f 867/1174/416 874/2058/205 875/1175/423
f 1088/1159/422 1087/1170/421 881/1172/212
f 874/1168/205 873/1162/204 884/1178/215
f 880/1171/211 891/1189/222 892/1180/223
f 877/1166/208 888/1190/219 889/1181/220
f 874/1168/205 885/1179/216 886/1182/467
f 882/1160/213 881/1172/212 892/1180/223
f 878/1153/449 889/1181/220 890/1186/221
f 875/1175/423 886/2059/467 887/1187/218
f 872/1177/203 883/1185/214 884/1178/215
f 879/1188/450 890/1197/221 891/1189/222
f 876/1156/207 887/1187/218 888/1190/219
f 887/1191/218 886/2060/467 897/1192/228
f 884/1178/215 883/1185/214 894/1195/225
f 890/1197/221 901/2061/452 902/1198/233
f 887/1191/218 898/1193/229 899/1199/230
f 885/1179/216 884/1178/215 895/1196/226
f 891/1189/222 902/1198/233 903/1202/234
f 889/1203/220 888/1200/219 899/1199/230
f 885/1179/216 896/1201/227 897/1205/228
f 892/1180/223 903/1202/234 904/1194/235
f 889/1203/220 900/1204/231 901/1206/452
f 897/1192/228 896/2062/227 908/1208/238
f 903/1202/234 915/1220/245 916/1210/246
f 900/1204/231 912/1221/242 913/1212/243
f 898/1193/229 897/1192/228 909/1209/426
f 894/1195/225 906/1211/425 907/1214/237
f 901/1206/452 913/1212/243 914/1215/244
f 898/1193/229 910/1213/240 911/1217/241
f 895/1196/226 907/1214/237 908/1218/238
f 903/1202/234 902/1198/233 914/1219/244
f 900/1204/231 899/1199/230 911/1217/241
f 910/1213/240 921/1233/251 922/1222/252
f 908/1218/238 907/1214/237 918/1223/248
f 915/1220/245 914/1219/244 925/1225/255
f 912/1221/242 911/1217/241 922/1222/252
f 909/1209/426 908/1208/238 919/1228/249
f 915/1220/245 926/1226/256 927/1230/257
f 912/1221/242 923/1227/253 924/1232/254
f 910/1213/240 909/1209/426 920/1229/250
f 906/1211/425 917/1231/247 918/1223/248
f 914/1215/244 913/1212/243 924/1232/254
f 921/1233/251 920/1229/250 931/1235/261
f 918/1223/248 917/1231/247 928/1238/427
f 924/1232/254 935/1245/265 936/1240/266
f 921/1233/251 932/1236/262 933/1241/263
f 918/1223/248 929/1239/259 930/1242/260
f 925/1225/255 936/2063/266 937/1243/267
f 923/1227/253 922/1222/252 933/1241/263
f 919/1228/249 930/2064/260 931/1235/261
f 927/1230/257 926/1226/256 937/1243/267
f 923/1227/253 934/1244/264 935/1245/265
f 934/1244/264 933/1241/263 944/1246/274
f 931/1235/261 930/2064/260 941/1248/271
f 937/1243/267 948/1258/278 949/1250/279
f 934/1244/264 945/1247/275 946/1252/430
f 932/1236/262 931/1235/261 942/1249/272
f 928/1238/427 939/1251/269 940/1254/270
f 935/1245/265 946/1252/430 947/1255/277
f 932/1236/262 943/1253/273 944/1246/274
f 929/1239/259 940/1254/270 941/1256/271
f 937/1243/267 936/2063/266 947/1257/277
f 943/1259/273 954/1273/284 955/1260/285
f 940/1254/270 951/1274/281 952/1262/282
f 947/1257/277 958/1276/288 959/1263/289
f 945/1264/275 944/1261/274 955/1260/285
f 942/1266/272 941/1256/271 952/1262/282
f 948/1258/278 959/1263/289 960/1268/290
f 945/1264/275 956/1265/286 957/1270/287
f 942/1272/272 953/1289/469 954/1273/284
f 940/1254/270 939/1251/269 950/1269/280
f 946/1275/430 957/2065/287 958/1276/288
f 956/1265/286 967/1288/458 968/1277/431
f 954/1273/284 953/1289/469 964/1278/294
f 951/1274/281 950/1269/280 961/1281/291
f 957/1270/287 968/1277/431 969/1283/299
f 954/1273/284 965/1279/295 966/1285/296
f 952/1262/282 951/1274/281 962/1282/292
f 958/1276/288 969/1302/299 970/1287/300
f 956/1265/286 955/1260/285 966/1285/296
f 953/1289/469 952/2066/282 963/1290/293
f 959/1263/289 970/1287/300 971/1280/432
f 967/1288/458 966/1285/296 977/1291/307
f 964/1278/294 963/1290/293 974/1293/304
f 970/1287/300 981/1303/311 982/1295/312
f 967/1288/458 978/1292/308 979/1297/309
f 965/1279/295 964/1278/294 975/1294/305
f 962/1282/292 961/1281/291 972/1296/302
f 968/1277/431 979/1297/309 980/1300/310
f 965/1279/295 976/1298/306 977/1291/307
f 962/1282/292 973/1299/303 974/1301/304
f 969/1302/299 980/1308/310 981/1303/311
f 979/1297/309 990/1314/437 991/1304/321
f 976/1298/306 987/1315/435 988/1305/318
f 974/1301/304 973/1299/303 984/1306/314
f 980/1308/310 991/1325/321 992/1309/322
f 978/1292/308 977/1291/307 988/1305/318
f 974/1293/304 985/1328/315 986/1311/316
f 982/1295/312 981/1303/311 992/1309/322
f 978/1292/308 989/1310/436 990/1314/437
f 976/1298/306 975/1294/305 986/1311/316
f 972/1296/302 983/1313/313 984/1306/314
f 989/1310/436 1000/1327/332 1001/1317/333
f 987/1315/435 986/1311/316 997/1318/329
f 983/1313/313 994/1316/326 995/1321/327
f 990/1314/437 1001/1317/333 1002/1322/334
f 987/1315/435 998/1319/330 999/1323/331
f 985/1307/315 984/1306/314 995/1321/327
f 991/1325/321 1002/1329/334 1003/1326/335
f 989/1310/436 988/1305/318 999/1323/331
f 985/1328/315 996/2067/328 997/1318/329
f 993/1312/323 992/1309/322 1003/1326/335
f 1002/1329/334 1013/1345/345 1014/1330/346
f 1000/1331/332 999/1346/331 1010/1332/342
f 997/1334/329 996/2068/328 1007/1335/339
f 1004/1320/336 1003/1326/335 1014/1330/346
f 1000/1331/332 1011/1333/343 1012/1339/344
f 998/1341/330 997/1334/329 1008/1336/340
f 994/1316/326 1005/1338/337 1006/1343/338
f 1001/1344/333 1012/2069/344 1013/1345/345
f 998/1341/330 1009/1342/341 1010/1332/342
f 996/1324/328 995/1321/327 1006/1343/338
f 1006/1343/338 1005/1338/337 1017/1348/348
f 1012/1339/344 1024/1358/439 1025/1350/356
f 1009/1342/341 1021/1359/352 1022/1352/353
f 1007/1347/339 1006/1343/338 1018/1349/349
f 1013/1345/345 1025/1370/356 1026/1354/357
f 1011/1333/343 1010/1332/342 1022/1352/353
f 1007/1335/339 1019/2070/350 1020/1356/351
f 1015/1337/347 1014/1330/346 1026/1354/357
f 1011/1333/343 1023/1355/354 1024/1358/439
f 1009/1342/341 1008/1336/340 1020/1356/351
f 1027/1357/358 1026/1354/357 1037/1360/368
f 1023/1355/354 1034/1371/365 1035/1363/366
f 1021/1359/352 1020/1356/351 1031/1364/441
f 1017/1348/348 1028/1362/359 1029/1366/360
f 1024/1358/439 1035/1363/366 1036/1367/367
f 1021/1359/352 1032/1365/363 1033/1368/364
f 1019/1353/350 1018/1349/349 1029/1366/360
f 1025/1370/356 1036/1374/367 1037/1360/368
f 1023/1355/354 1022/1352/353 1033/1368/364
f 1020/1356/351 1019/2070/350 1030/1372/361
f 1029/1366/360 1040/1384/371 1041/1373/372
f 1036/1374/367 1047/1393/378 1048/1375/379
f 1034/1371/365 1033/1368/364 1044/1376/375
f 1031/1364/441 1030/1372/361 1041/1378/372
f 1037/1360/368 1048/1375/379 1049/1380/380
f 1034/1371/365 1045/1377/470 1046/1382/443
f 1032/1365/363 1031/1364/441 1042/1379/373
f 1028/1362/359 1039/1381/442 1040/1384/371
f 1035/1363/366 1046/1382/443 1047/1385/378
f 1032/1365/363 1043/1383/374 1044/1376/375
f 1039/1381/442 1050/1398/381 1051/1387/382
f 1046/1388/443 1057/1400/388 1058/1389/389
f 1043/1383/374 1054/1401/385 1055/1391/386
f 1041/1373/372 1040/1384/371 1051/1387/382
f 1047/1393/378 1058/1416/389 1059/1394/390
f 1045/1377/470 1044/1376/375 1055/1391/386
f 1042/1379/373 1041/1378/372 1052/1396/383
f 1048/1375/379 1059/1394/390 1060/1386/391
f 1045/1399/470 1056/1407/387 1057/1400/388
f 1043/1383/374 1042/1379/373 1053/1397/384
f 1053/1402/384 1052/2071/383 1063/1403/394
f 1059/1394/390 1070/1417/401 1071/1405/402
f 1056/1407/387 1067/1418/398 1068/1408/399
f 1054/1409/385 1053/1402/384 1064/1404/444
f 1050/1398/381 1061/1406/392 1062/1411/393
f 1057/1400/388 1068/1408/399 1069/1412/400
f 1054/1409/385 1065/1410/396 1066/1413/397
f 1052/1392/383 1051/1387/382 1062/1411/393
f 1058/1416/389 1069/1421/400 1070/1417/401
f 1056/1407/387 1055/1414/386 1066/1413/397
f 1063/1415/394 1062/1411/393 1073/1419/404
f 1069/1421/400 1080/2072/411 1081/1422/412
f 1067/1418/398 1066/1413/397 1077/1423/408
f 1064/1404/444 1063/1403/394 1074/1425/405
f 1071/1405/402 1070/1417/401 1081/1422/412
f 1067/1418/398 1078/1424/471 1079/1429/410
f 1065/1410/396 1064/1404/444 1075/1426/406
f 1061/1406/392 1072/1428/445 1073/1419/404
f 1069/1412/400 1068/1408/399 1079/1429/410
f 1065/1410/396 1076/1430/407 1077/1423/408
f 1075/1426/406 868/1155/417 869/1157/201
f 1072/1428/445 1083/1161/414 1084/1163/415
f 1080/1431/411 1079/1429/410 1086/1152/419
f 1076/1430/407 869/1157/201 1085/1167/418
f 1073/1419/404 1084/1163/415 867/1169/416
f 1081/1422/412 1080/2072/411 871/1432/420
f 1078/1424/471 1077/1423/408 1085/1167/418
f 1074/1425/405 867/1174/416 868/1155/417
f 1081/1422/412 1087/1170/421 1088/1159/422
f 1079/1429/410 1078/1424/471 870/1173/202
f 1307/1433/416 1089/1455/415 1096/1434/204
f 1310/1436/420 1103/1466/211 1104/1437/212
f 1091/1439/418 1100/1458/208 1101/1440/449
f 1307/1442/416 1097/2073/205 1098/1443/423
f 1093/1438/421 1104/1437/212 1105/1445/451
f 1092/1441/202 1101/1440/449 1102/1450/210
f 1308/1444/417 1098/1443/423 1099/1452/448
f 1306/1447/414 1095/1449/447 1096/1434/204
f 1310/1456/420 1309/1451/419 1102/1450/210
f 1091/1439/418 1090/1453/201 1099/1452/448
f 1101/1440/449 1112/1470/220 1113/1460/221
f 1098/1443/423 1109/2074/467 1110/1461/218
f 1096/1434/204 1095/1449/447 1106/1459/214
f 1102/1464/210 1113/2075/221 1114/1465/222
f 1099/1452/448 1110/1461/218 1111/1467/219
f 1096/1434/204 1107/1463/215 1108/1468/216
f 1104/1437/212 1103/1466/211 1114/1465/222
f 1100/1458/208 1111/1467/219 1112/1470/220
f 1097/1435/205 1108/1468/216 1109/1471/467
f 1104/1437/212 1115/1469/223 1116/1462/224
f 1114/1465/222 1125/1487/233 1126/1473/234
f 1111/1474/219 1122/1488/230 1123/1475/231
f 1108/1468/216 1119/1489/227 1120/1477/228
f 1115/1469/223 1126/1473/234 1127/1478/235
f 1112/1476/220 1123/1475/231 1124/1480/452
f 1110/1482/218 1109/2076/467 1120/1483/228
f 1107/1463/215 1106/1459/214 1117/1479/225
f 1114/1465/222 1113/2075/221 1124/1486/452
f 1110/1482/218 1121/1484/229 1122/1488/230
f 1108/1468/216 1107/1463/215 1118/1485/226
f 1117/1479/225 1128/1500/236 1129/1490/237
f 1124/1480/452 1135/1501/243 1136/1491/244
f 1121/1484/229 1132/1502/240 1133/1493/241
f 1118/1485/226 1129/1490/237 1130/1494/238
f 1125/1487/233 1136/1513/244 1137/1495/245
f 1122/1488/230 1133/1493/241 1134/1496/453
f 1120/1483/228 1119/2077/227 1130/1497/238
f 1127/1478/235 1126/1473/234 1137/1495/245
f 1123/1475/231 1134/1496/453 1135/1501/243
f 1121/1484/229 1120/1483/228 1131/1498/426
f 1138/1499/246 1137/1495/245 1148/1503/256
f 1134/1496/453 1145/1514/253 1146/1506/254
f 1132/1502/240 1131/1498/426 1142/1507/250
f 1128/1500/236 1139/1505/247 1140/1509/248
f 1135/1501/243 1146/1506/254 1147/1510/255
f 1133/1493/241 1132/1502/240 1143/1508/251
f 1129/1490/237 1140/1509/248 1141/1512/249
f 1136/1513/244 1147/2078/255 1148/1503/256
f 1133/1493/241 1144/1511/252 1145/1514/253
f 1131/1498/426 1130/1497/238 1141/1515/249
f 1140/1509/248 1151/1526/259 1152/1516/260
f 1148/1503/256 1147/2078/255 1158/1517/266
f 1145/1514/253 1144/1511/252 1155/1519/263
f 1141/1515/249 1152/1537/260 1153/1521/261
f 1148/1503/256 1159/1518/267 1160/1522/268
f 1146/1506/254 1145/1514/253 1156/1520/472
f 1143/1508/251 1142/1507/250 1153/1521/261
f 1140/1509/248 1139/1505/247 1150/1523/258
f 1147/1510/255 1146/1506/254 1157/1524/473
f 1143/1508/251 1154/1525/262 1155/1519/263
f 1151/1526/259 1150/1523/258 1161/1529/269
f 1157/1524/473 1168/1539/430 1169/1531/277
f 1155/1519/263 1154/1525/262 1165/1532/273
f 1151/1526/259 1162/1530/270 1163/1534/271
f 1158/1517/266 1169/1554/277 1170/1535/278
f 1155/1519/263 1166/1533/274 1167/1536/275
f 1152/1537/260 1163/2079/271 1164/1538/272
f 1159/1518/267 1170/1535/278 1171/1528/279
f 1156/1520/472 1167/1536/275 1168/1539/430
f 1154/1525/262 1153/1521/261 1164/1538/272
f 1163/1534/271 1174/1557/282 1175/1540/283
f 1171/1528/279 1170/1535/278 1181/1542/289
f 1167/1545/275 1178/1558/286 1179/1546/287
f 1164/1548/272 1175/1564/283 1176/1549/284
f 1161/1529/269 1172/1544/280 1173/1551/281
f 1168/1552/430 1179/2080/287 1180/1553/288
f 1165/1550/273 1176/1549/284 1177/1555/285
f 1162/1530/270 1173/1551/281 1174/1557/282
f 1170/1535/278 1169/1554/277 1180/1553/288
f 1166/1556/274 1177/1555/285 1178/1558/286
f 1173/1551/281 1184/1569/292 1185/1559/293
f 1180/1553/288 1191/1581/299 1192/1560/300
f 1177/1555/285 1188/1572/296 1189/1561/297
f 1174/1562/282 1185/2081/293 1186/1563/457
f 1182/1543/290 1181/1542/289 1192/1560/300
f 1178/1558/286 1189/1561/297 1190/1567/431
f 1175/1564/283 1186/1563/457 1187/1568/295
f 1172/1544/280 1183/1566/456 1184/1569/292
f 1179/1546/287 1190/1567/431 1191/1570/299
f 1176/1549/284 1187/1568/295 1188/1572/296
f 1187/1568/295 1186/1563/457 1197/1573/305
f 1184/1569/292 1183/1566/456 1194/1576/302
f 1190/1567/431 1201/1585/309 1202/1578/310
f 1187/1568/295 1198/1574/306 1199/1579/307
f 1184/1569/292 1195/1577/303 1196/1580/304
f 1191/1581/299 1202/1596/310 1203/1582/311
f 1188/1572/296 1199/1579/307 1200/1583/308
f 1186/1563/457 1185/2081/293 1196/1584/304
f 1192/1560/300 1203/1582/311 1204/1575/312
f 1189/1561/297 1200/1583/308 1201/1585/309
f 1196/1584/304 1208/2082/315 1209/1586/434
f 1203/1582/311 1215/1597/322 1216/1587/459
f 1201/1585/309 1200/1583/308 1212/1589/319
f 1197/1573/305 1209/1586/434 1210/1591/317
f 1195/1577/303 1194/1576/302 1206/1588/433
f 1202/1578/310 1201/1585/309 1213/1590/437
f 1198/1574/306 1210/1591/317 1211/1594/318
f 1196/1580/304 1195/1577/303 1207/1592/314
f 1202/1596/310 1214/2083/321 1215/1597/322
f 1199/1579/307 1211/1594/318 1212/1589/319
f 1211/1594/318 1210/1591/317 1221/1598/330
f 1208/1595/315 1207/1592/314 1218/1600/327
f 1215/1597/322 1214/2083/321 1225/1602/334
f 1211/1594/318 1222/1599/331 1223/1604/332
f 1209/1586/434 1208/2082/315 1219/1605/328
f 1215/1597/322 1226/1603/335 1227/1607/336
f 1213/1590/437 1212/1589/319 1223/1604/332
f 1209/1586/434 1220/1606/329 1221/1598/330
f 1207/1592/314 1206/1588/433 1217/1608/326
f 1214/1593/321 1213/1590/437 1224/1609/474
f 1220/1611/329 1231/1626/475 1232/1612/341
f 1218/1600/327 1217/1608/326 1228/1615/337
f 1225/1602/334 1224/2084/474 1235/1617/476
f 1221/1613/330 1232/1612/341 1233/1619/342
f 1218/1600/327 1229/1616/338 1230/1621/339
f 1226/1603/335 1225/1602/334 1236/1618/345
f 1222/1620/331 1233/1619/342 1234/1623/343
f 1220/1611/329 1219/2085/328 1230/1625/339
f 1226/1603/335 1237/1622/346 1238/1614/347
f 1223/1624/332 1234/1623/343 1235/1627/476
f 1233/1619/342 1245/1640/353 1246/1629/438
f 1231/1626/475 1230/1625/339 1242/1630/350
f 1238/1614/347 1237/1622/346 1249/1632/357
f 1234/1623/343 1246/1629/438 1247/1635/439
f 1232/1612/341 1231/1626/475 1243/1631/351
f 1228/1615/337 1240/1634/461 1241/1637/349
f 1235/1627/476 1247/1635/439 1248/1638/356
f 1232/1612/341 1244/1636/463 1245/1640/353
f 1229/1616/338 1241/1637/349 1242/1641/350
f 1237/1622/346 1236/1618/345 1248/1642/356
f 1245/1640/353 1244/1636/463 1255/1643/363
f 1241/1637/349 1252/1652/360 1253/1645/361
f 1248/1642/356 1259/2086/367 1260/1646/368
f 1245/1640/353 1256/1644/364 1257/1647/365
f 1242/1630/350 1253/2087/361 1254/1648/362
f 1249/1632/357 1260/1646/368 1261/1649/369
f 1246/1629/438 1257/1647/365 1258/1651/366
f 1243/1631/351 1254/1648/362 1255/1643/363
f 1240/1634/461 1251/1650/359 1252/1652/360
f 1247/1635/439 1258/1651/366 1259/1653/367
f 1257/1647/365 1268/1665/470 1269/1654/443
f 1255/1643/363 1254/1648/362 1265/1655/373
f 1252/1652/360 1251/1650/359 1262/1658/370
f 1258/1651/366 1269/1654/443 1270/1660/378
f 1255/1643/363 1266/1656/374 1267/1661/375
f 1253/1645/361 1252/1652/360 1263/1659/371
f 1260/1646/368 1259/2086/367 1270/1663/378
f 1257/1647/365 1256/1644/364 1267/1661/375
f 1254/1648/362 1253/2087/361 1264/1666/372
f 1260/1646/368 1271/1664/379 1272/1657/380
f 1267/1661/375 1278/1678/386 1279/1667/387
f 1264/1666/372 1275/2088/383 1276/1668/477
f 1271/1664/379 1282/1680/390 1283/1669/391
f 1268/1671/470 1279/1690/387 1280/1672/478
f 1266/1656/374 1265/1655/373 1276/1668/477
f 1263/1659/371 1262/1658/370 1273/1670/381
f 1270/1676/378 1269/1673/443 1280/1672/478
f 1266/1656/374 1277/1674/385 1278/1678/386
f 1263/1659/371 1274/1675/382 1275/1679/383
f 1270/1663/378 1281/1687/389 1282/1680/390
f 1280/1672/478 1291/1696/399 1292/1681/400
f 1277/1682/385 1288/1697/396 1289/1683/397
f 1275/1679/383 1274/1675/382 1285/1685/393
f 1281/1687/389 1292/2089/400 1293/1688/401
f 1278/1684/386 1289/1683/397 1290/1689/398
f 1276/1691/477 1275/2090/383 1286/1692/394
f 1283/1669/391 1282/1680/390 1293/1688/401
f 1279/1690/387 1290/1689/398 1291/1696/399
f 1277/1682/385 1276/1691/477 1287/1693/444
f 1273/1670/381 1284/1695/392 1285/1685/393
f 1290/1689/398 1301/1709/471 1302/1699/410
f 1288/1697/396 1287/1693/444 1298/1700/406
f 1285/1685/393 1284/1695/392 1295/1698/445
f 1292/1681/400 1291/1696/399 1302/1699/410
f 1288/1697/396 1299/1701/407 1300/1705/408
f 1285/1685/393 1296/1703/404 1297/1706/405
f 1293/1688/401 1292/2089/400 1303/1707/411
f 1290/1689/398 1289/1683/397 1300/1705/408
f 1286/1692/394 1297/1710/405 1298/1700/406
f 1294/1694/402 1293/1688/401 1304/1708/412
f 1304/1708/412 1303/1707/411 1310/1436/420
f 1300/1705/408 1091/1439/418 1092/1441/202
f 1297/1710/405 1307/1442/416 1308/1444/417
f 1305/1702/413 1304/1708/412 1093/1438/421
f 1301/1709/471 1092/1441/202 1309/1451/419
f 1298/1700/406 1308/1444/417 1090/1453/201
f 1295/1698/445 1306/1447/414 1089/1455/415
f 1303/1704/411 1302/1699/410 1309/1451/419
f 1300/1705/408 1299/1701/407 1090/1453/201
f 1296/1703/404 1089/1455/415 1307/1433/416
f 1311/1714/415 1527/1733/414 1316/1715/203
f 1531/1717/419 1323/1735/210 1324/1718/211
f 1529/1720/201 1320/1736/448 1321/1721/208
f 1311/1714/415 1317/1716/204 1318/1723/205
f 1314/1725/420 1324/1748/211 1325/1726/212
f 1313/1722/418 1321/1721/208 1322/1728/449
f 1312/1730/416 1318/2091/205 1319/1731/206
f 1315/1727/421 1325/1726/212 1326/1713/213
f 1531/1717/419 1530/1729/202 1322/1728/449
f 1528/1732/417 1319/1731/206 1320/1736/448
f 1321/1721/208 1332/1749/219 1333/1737/220
f 1319/1738/206 1318/1723/205 1329/1739/216
f 1325/1726/212 1336/1750/223 1337/1741/224
f 1323/1735/210 1322/1728/449 1333/1737/220
f 1319/1731/206 1330/2092/217 1331/1744/218
f 1317/1716/204 1316/1715/203 1327/1742/214
f 1323/1746/210 1334/1751/221 1335/1747/222
f 1321/1721/208 1320/1736/448 1331/1744/218
f 1317/1716/204 1328/1745/215 1329/1739/216
f 1325/1726/212 1324/1748/211 1335/1747/222
f 1334/1751/221 1345/2093/232 1346/1752/233
f 1332/1753/219 1331/1766/218 1342/1754/229
f 1328/1745/215 1339/1767/226 1340/1756/227
f 1336/1750/223 1335/1747/222 1346/1752/233
f 1332/1753/219 1343/1755/230 1344/1758/231
f 1330/1740/217 1329/1739/216 1340/1756/227
f 1336/1750/223 1347/1757/234 1348/1761/235
f 1334/1763/221 1333/1759/220 1344/1758/231
f 1330/1765/217 1341/1770/228 1342/1754/229
f 1328/1745/215 1327/1742/214 1338/1762/225
f 1344/1758/231 1356/1779/453 1357/1769/243
f 1341/1770/228 1353/1781/426 1354/1771/479
f 1339/1767/226 1338/1762/225 1350/1768/425
f 1345/1764/232 1357/1769/243 1358/1774/244
f 1343/1755/230 1342/1754/229 1354/1771/479
f 1339/1767/226 1351/1773/237 1352/1777/238
f 1346/1752/233 1358/2094/244 1359/1778/245
f 1343/1755/230 1355/1776/241 1356/1779/453
f 1340/1780/227 1352/1785/238 1353/1781/426
f 1347/1757/234 1359/1778/245 1360/1772/246
f 1359/1778/245 1358/2094/244 1369/1782/255
f 1355/1776/241 1366/1793/252 1367/1784/253
f 1352/1785/238 1363/1804/249 1364/1786/250
f 1360/1772/246 1359/1778/245 1370/1783/256
f 1357/1769/243 1356/1779/453 1367/1784/253
f 1353/1781/426 1364/1786/250 1365/1790/251
f 1351/1773/237 1350/1768/425 1361/1788/247
f 1357/1769/243 1368/1789/254 1369/1792/255
f 1355/1776/241 1354/1771/479 1365/1790/251
f 1352/1777/238 1351/1773/237 1362/1791/248
f 1362/1791/248 1361/1788/247 1372/1795/427
f 1369/1792/255 1368/1789/254 1379/1797/473
f 1366/1793/252 1365/1790/251 1376/1799/262
f 1363/1794/249 1362/1791/248 1373/1796/259
f 1369/1782/255 1380/2095/266 1381/1802/267
f 1366/1793/252 1377/1800/263 1378/1803/472
f 1363/1804/249 1374/2096/260 1375/1805/480
f 1370/1783/256 1381/1802/267 1382/1806/268
f 1368/1789/254 1367/1784/253 1378/1803/472
f 1364/1786/250 1375/1805/480 1376/1799/262
f 1382/1806/268 1381/1802/267 1392/1807/278
f 1378/1803/472 1389/1818/275 1390/1810/430
f 1376/1799/262 1375/1805/480 1386/1811/272
f 1372/1795/427 1383/1809/269 1384/1813/270
f 1379/1797/473 1390/1810/430 1391/1814/277
f 1376/1799/262 1387/1812/273 1388/1815/274
f 1374/1801/260 1373/1796/259 1384/1813/270
f 1381/1802/267 1380/2095/266 1391/1817/277
f 1377/1800/263 1388/1815/274 1389/1818/275
f 1375/1805/480 1374/2096/260 1385/1819/271
f 1384/1813/270 1395/1835/281 1396/1820/282
f 1392/1807/278 1391/1817/277 1402/1821/288
f 1388/1823/274 1399/1837/285 1400/1824/286
f 1386/1826/272 1385/1816/271 1396/1820/282
f 1393/1808/279 1392/1807/278 1403/1822/289
f 1389/1825/275 1400/1824/286 1401/1830/287
f 1386/1832/272 1397/1850/283 1398/1833/284
f 1383/1809/269 1394/1829/280 1395/1835/281
f 1391/1817/277 1390/2097/430 1401/1836/287
f 1388/1823/274 1387/1834/273 1398/1833/284
f 1395/1835/281 1394/1829/280 1405/1839/456
f 1401/1830/287 1412/1851/298 1413/1841/299
f 1399/1837/285 1398/1833/284 1409/1843/481
f 1395/1835/281 1406/1840/292 1407/1845/293
f 1402/1821/288 1413/1862/299 1414/1846/300
f 1399/1837/285 1410/1844/296 1411/1847/297
f 1396/1848/282 1407/1852/293 1408/1849/294
f 1403/1822/289 1414/1846/300 1415/1838/301
f 1401/1830/287 1400/1824/286 1411/1847/297
f 1397/1850/283 1408/1849/294 1409/1843/481
f 1407/1852/293 1418/1870/304 1419/1853/305
f 1414/1846/300 1425/1863/311 1426/1854/312
f 1411/1847/297 1422/1864/308 1423/1856/309
f 1408/1849/294 1419/1853/305 1420/1857/306
f 1406/1840/292 1405/1839/456 1416/1855/302
f 1413/1841/299 1412/1851/298 1423/1856/309
f 1410/1844/296 1409/1843/481 1420/1857/306
f 1406/1840/292 1417/1858/303 1418/1861/304
f 1413/1862/299 1424/1867/310 1425/1863/311
f 1410/1844/296 1421/1860/307 1422/1864/308
f 1418/1861/304 1417/1858/303 1428/1865/314
f 1424/1867/310 1435/2098/321 1436/1868/322
f 1421/1860/307 1432/1877/318 1433/1869/319
f 1418/1870/304 1429/1889/315 1430/1871/316
f 1425/1863/311 1436/1868/322 1437/1872/323
f 1423/1856/309 1422/1864/308 1433/1869/319
f 1419/1853/305 1430/1871/316 1431/1875/317
f 1416/1855/302 1427/1873/313 1428/1865/314
f 1424/1859/310 1423/1856/309 1434/1874/320
f 1420/1857/306 1431/1875/317 1432/1877/318
f 1430/1871/316 1441/1890/329 1442/1878/330
f 1428/1865/314 1427/1873/313 1438/1880/326
f 1435/1876/321 1434/1874/320 1445/1882/333
f 1432/1877/318 1431/1875/317 1442/1878/330
f 1428/1865/314 1439/1881/327 1440/1885/328
f 1436/1868/322 1435/2098/321 1446/1886/334
f 1432/1877/318 1443/1884/331 1444/1888/332
f 1429/1889/315 1440/2099/328 1441/1890/329
f 1436/1868/322 1447/1887/335 1448/1879/336
f 1433/1869/319 1444/1888/332 1445/1882/333
f 1440/1891/328 1451/2100/339 1452/1892/475
f 1447/1887/335 1458/1907/346 1459/1894/347
f 1445/1896/333 1444/1908/332 1455/1897/343
f 1441/1893/329 1452/1892/475 1453/1899/341
f 1439/1881/327 1438/1880/326 1449/1895/337
f 1446/1886/334 1445/2101/333 1456/1902/344
f 1443/1904/331 1442/1900/330 1453/1899/341
f 1440/1885/328 1439/1881/327 1450/1901/338
f 1446/1886/334 1457/1903/345 1458/1907/346
f 1443/1904/331 1454/1905/342 1455/1897/343
f 1454/1905/342 1453/1899/341 1464/1909/463
f 1450/1901/338 1461/1919/349 1462/1911/350
f 1457/1903/345 1468/2102/356 1469/1912/357
f 1454/1905/342 1465/1910/353 1466/1913/438
f 1452/1892/475 1451/2100/339 1462/1914/350
f 1458/1907/346 1469/1912/357 1470/1916/440
f 1456/1898/344 1455/1897/343 1466/1913/438
f 1452/1892/475 1463/1915/351 1464/1909/463
f 1449/1895/337 1460/1917/348 1461/1919/349
f 1457/1920/345 1456/1898/344 1467/1918/355
f 1463/1915/351 1475/1933/441 1476/1922/363
f 1461/1919/349 1460/1917/348 1472/1924/359
f 1467/1918/355 1479/1934/366 1480/1926/367
f 1465/1910/353 1464/1909/463 1476/1922/363
f 1461/1919/349 1473/1925/360 1474/1928/361
f 1469/1912/357 1468/2102/356 1480/1929/367
f 1465/1910/353 1477/1927/364 1478/1931/365
f 1463/1915/351 1462/1914/350 1474/1932/361
f 1469/1912/357 1481/1930/368 1482/1923/369
f 1467/1918/355 1466/1913/438 1478/1931/365
f 1477/1927/364 1488/1944/375 1489/1935/376
f 1474/1932/361 1485/2103/372 1486/1936/373
f 1482/1923/369 1481/1930/368 1492/1937/379
f 1479/1934/366 1478/1931/365 1489/1935/376
f 1475/1933/441 1486/1936/373 1487/1941/464
f 1472/1924/359 1483/1939/442 1484/1942/371
f 1479/1934/366 1490/1940/443 1491/1943/378
f 1477/1927/364 1476/1922/363 1487/1941/464
f 1473/1925/360 1484/1942/371 1485/1945/372
f 1481/1930/368 1480/1929/367 1491/1946/378
f 1488/1944/375 1487/1941/464 1498/1947/385
f 1484/1942/371 1495/1959/382 1496/1949/383
f 1491/1946/378 1502/2104/389 1503/1950/390
f 1488/1944/375 1499/1948/386 1500/1951/387
f 1486/1936/373 1485/2103/372 1496/1952/383
f 1492/1937/379 1503/1950/390 1504/1954/391
f 1490/1956/443 1489/2105/376 1500/1957/387
f 1486/1936/373 1497/1953/384 1498/1947/385
f 1484/1942/371 1483/1939/442 1494/1955/381
f 1490/1956/443 1501/1958/388 1502/1960/389
f 1501/1958/388 1500/1957/387 1511/1962/398
f 1497/1964/384 1508/1977/395 1509/1965/396
f 1495/1959/382 1494/1955/381 1505/1968/392
f 1501/1958/388 1512/1963/482 1513/1970/400
f 1499/1971/386 1498/1966/385 1509/1965/396
f 1495/1959/382 1506/1969/393 1507/1973/394
f 1503/1950/390 1502/2104/389 1513/1974/400
f 1499/1971/386 1510/1972/397 1511/1962/398
f 1497/1964/384 1496/2106/383 1507/1976/394
f 1503/1950/390 1514/1975/401 1515/1967/402
f 1510/1972/397 1521/1986/408 1522/1978/409
f 1507/1976/394 1518/2107/405 1519/1979/483
f 1514/1975/401 1525/1988/412 1526/1980/413
f 1511/1962/398 1522/1978/409 1523/1982/484
f 1509/1965/396 1508/1977/395 1519/1979/483
f 1506/1969/393 1505/1968/392 1516/1981/445
f 1513/1970/400 1512/1963/482 1523/1982/484
f 1510/1972/397 1509/1965/396 1520/1983/466
f 1507/1973/394 1506/1969/393 1517/1984/404
f 1513/1974/400 1524/2108/411 1525/1988/412
f 1523/1982/484 1531/1717/419 1314/1719/420
f 1521/1986/408 1520/1983/466 1529/1720/201
f 1517/1984/404 1311/1714/415 1312/1724/416
f 1525/1988/412 1524/2108/411 1314/1725/420
f 1521/1986/408 1313/1722/418 1530/1729/202
f 1519/1979/483 1518/2107/405 1312/1730/416
f 1526/1980/413 1525/1988/412 1315/1727/421
f 1522/1978/409 1530/1729/202 1531/1717/419
f 1520/1983/466 1519/1979/483 1528/1732/417
f 1516/1981/445 1527/1733/414 1311/1714/415
