# Blender 4.3.2
# www.blender.org
o silver_spheres_3
v 0.203184 -0.081251 0.344718
v 0.186221 -0.081371 0.351763
v 0.179194 -0.080688 0.368721
v 0.186221 -0.079602 0.385658
v 0.203184 -0.078749 0.392652
v 0.220148 -0.078629 0.385607
v 0.227175 -0.079312 0.368649
v 0.220148 -0.080398 0.351712
v 0.201518 -0.022056 0.341661
v 0.184555 -0.022298 0.348703
v 0.177486 -0.020935 0.365603
v 0.184453 -0.018765 0.382460
v 0.201374 -0.017060 0.389401
v 0.218338 -0.016819 0.382358
v 0.225407 -0.018182 0.365459
v 0.218440 -0.020351 0.348602
v 0.196622 0.034883 0.332645
v 0.179659 0.034389 0.339674
v 0.172421 0.037093 0.356339
v 0.179148 0.041412 0.372877
v 0.195900 0.044816 0.379600
v 0.212863 0.045310 0.372571
v 0.220101 0.042606 0.355906
v 0.213374 0.038287 0.339368
v 0.188515 0.089825 0.317798
v 0.171568 0.089068 0.324843
v 0.164081 0.093079 0.341130
v 0.170441 0.099507 0.357119
v 0.186921 0.104588 0.363443
v 0.203868 0.105345 0.356398
v 0.211355 0.101334 0.340111
v 0.204995 0.094906 0.324122
v 0.177345 0.141814 0.297389
v 0.160431 0.140789 0.304480
v 0.152615 0.146056 0.320246
v 0.158476 0.154531 0.335453
v 0.174581 0.161249 0.341192
v 0.191495 0.162274 0.334101
v 0.199310 0.157007 0.318335
v 0.193450 0.148532 0.303128
v 0.163316 0.189955 0.271786
v 0.146454 0.188657 0.278955
v 0.138228 0.195114 0.294057
v 0.143457 0.205543 0.308245
v 0.159078 0.213835 0.313209
v 0.175940 0.215132 0.306040
v 0.184166 0.208676 0.290939
v 0.178937 0.198247 0.276750
v 0.146681 0.233425 0.241446
v 0.129890 0.231856 0.248728
v 0.121173 0.239412 0.263023
v 0.125637 0.251668 0.275956
v 0.140665 0.261444 0.279953
v 0.157456 0.263014 0.272671
v 0.166173 0.255458 0.258377
v 0.161710 0.243202 0.245443
v 0.127736 0.271492 0.206907
v 0.111038 0.269656 0.214340
v 0.101753 0.278198 0.227690
v 0.105318 0.292115 0.239137
v 0.119646 0.303253 0.241975
v 0.136343 0.305089 0.234543
v 0.145629 0.296547 0.221193
v 0.142064 0.282630 0.209746
v 0.106814 0.303522 0.168773
v 0.090233 0.301433 0.176396
v 0.080306 0.310820 0.188674
v 0.082848 0.326185 0.198415
v 0.096370 0.338526 0.199912
v 0.112952 0.340616 0.192289
v 0.122879 0.331228 0.180011
v 0.120336 0.315864 0.170270
v 0.084279 0.328993 0.127703
v 0.067837 0.326672 0.135556
v 0.057205 0.336735 0.146651
v 0.058611 0.353289 0.154488
v 0.071232 0.366635 0.154477
v 0.087674 0.368957 0.146623
v 0.098306 0.358893 0.135528
v 0.096900 0.342340 0.127691
v 0.060515 0.347497 0.084395
v 0.044234 0.344974 0.092518
v 0.032847 0.355520 0.102343
v 0.033024 0.372958 0.108114
v 0.044661 0.387072 0.106451
v 0.060942 0.389595 0.098327
v 0.072329 0.379049 0.088503
v 0.072152 0.361611 0.082732
v 0.035921 0.358740 0.039576
v 0.019822 0.356056 0.048004
v 0.007647 0.366871 0.056502
v 0.006529 0.384851 0.060092
v 0.017121 0.399463 0.056670
v 0.033220 0.402147 0.048242
v 0.045395 0.391332 0.039744
v 0.046513 0.373352 0.036154
v 0.010906 0.362546 -0.006010
v -0.004994 0.359750 0.002752
v -0.017969 0.370611 0.009903
v -0.020417 0.388766 0.011252
v -0.010906 0.403580 0.006010
v 0.004994 0.406376 -0.002752
v 0.017969 0.395515 -0.009903
v 0.020417 0.377360 -0.011252
v -0.014117 0.358853 -0.051611
v -0.029807 0.356004 -0.042493
v -0.043571 0.366684 -0.036673
v -0.047348 0.384639 -0.037561
v -0.038925 0.399349 -0.044635
v -0.023235 0.402199 -0.053753
v -0.009470 0.391519 -0.059573
v -0.005694 0.373564 -0.058685
v -0.038734 0.347715 -0.096472
v -0.054207 0.344874 -0.086989
v -0.068731 0.355160 -0.082446
v -0.073799 0.372549 -0.085505
v -0.066442 0.386854 -0.094373
v -0.050970 0.389695 -0.103857
v -0.036445 0.379409 -0.108400
v -0.031377 0.362020 -0.105341
v -0.062534 0.329301 -0.139847
v -0.077790 0.326531 -0.129998
v -0.093026 0.336229 -0.126647
v -0.099316 0.352714 -0.131756
v -0.092977 0.366328 -0.142333
v -0.077721 0.369098 -0.152181
v -0.062485 0.359400 -0.155532
v -0.056194 0.342915 -0.150423
v -0.085115 0.303897 -0.181003
v -0.100161 0.301262 -0.170801
v -0.116045 0.310203 -0.168531
v -0.123463 0.325484 -0.175523
v -0.118069 0.338152 -0.187682
v -0.103023 0.340787 -0.197885
v -0.087139 0.331845 -0.200154
v -0.079721 0.316565 -0.193162
v -0.106090 0.271908 -0.219237
v -0.120937 0.269466 -0.208701
v -0.137397 0.277512 -0.207385
v -0.145828 0.291335 -0.216060
v -0.141291 0.302837 -0.229645
v -0.126445 0.305280 -0.240182
v -0.109985 0.297233 -0.241498
v -0.101554 0.283410 -0.232822
v -0.125093 0.233857 -0.253885
v -0.139757 0.231658 -0.243043
v -0.156715 0.238702 -0.242544
v -0.166033 0.250861 -0.252680
v -0.162253 0.261013 -0.267514
v -0.147589 0.263211 -0.278357
v -0.130632 0.256168 -0.278856
v -0.121314 0.244009 -0.268720
v -0.141788 0.190375 -0.284337
v -0.156287 0.188466 -0.273222
v -0.173662 0.194423 -0.273398
v -0.183735 0.204758 -0.284762
v -0.180606 0.213415 -0.300658
v -0.166107 0.215324 -0.311773
v -0.148732 0.209366 -0.311597
v -0.138659 0.199032 -0.300233
v -0.155876 0.142196 -0.310051
v -0.170231 0.140614 -0.298700
v -0.187944 0.145428 -0.299411
v -0.198638 0.153817 -0.311767
v -0.196049 0.160867 -0.328530
v -0.181694 0.162448 -0.339881
v -0.163982 0.157635 -0.339170
v -0.153288 0.149246 -0.326814
v -0.167102 0.090144 -0.330566
v -0.181336 0.088922 -0.319019
v -0.199308 0.092554 -0.320126
v -0.210491 0.098911 -0.333239
v -0.208334 0.104269 -0.350676
v -0.194100 0.105491 -0.362222
v -0.176128 0.101859 -0.361115
v -0.164945 0.095502 -0.348003
v -0.175261 0.035117 -0.345511
v -0.189396 0.034282 -0.333809
v -0.207552 0.036709 -0.335178
v -0.219094 0.040975 -0.348816
v -0.217261 0.044582 -0.366734
v -0.203126 0.045417 -0.378435
v -0.184970 0.042990 -0.377066
v -0.173428 0.038724 -0.363429
v -0.180204 -0.021929 -0.354617
v -0.194263 -0.022355 -0.342803
v -0.212530 -0.021143 -0.344303
v -0.224305 -0.019002 -0.358238
v -0.222689 -0.017187 -0.376445
v -0.208630 -0.016761 -0.388259
v -0.190362 -0.017973 -0.386759
v -0.178588 -0.020114 -0.372824
v -0.181882 -0.081186 -0.357695
v -0.195922 -0.081400 -0.345853
v -0.214217 -0.080794 -0.347386
v -0.226049 -0.079723 -0.361395
v -0.224487 -0.078814 -0.379675
v -0.210447 -0.078600 -0.391517
v -0.192152 -0.079206 -0.389984
v -0.180320 -0.080277 -0.375975
v 0.183002 0.193656 0.312650
v 0.183002 0.174242 0.279025
v 0.183002 0.140617 0.259611
v 0.183002 0.101790 0.259611
v 0.183002 0.068165 0.279025
v 0.183002 0.048752 0.312650
v 0.189001 0.193656 0.313600
v 0.194591 0.186162 0.296395
v 0.199392 0.174242 0.281621
v 0.203075 0.158708 0.270284
v 0.205391 0.140617 0.263157
v 0.206181 0.121204 0.260727
v 0.205391 0.101790 0.263157
v 0.203075 0.083700 0.270284
v 0.199392 0.068165 0.281621
v 0.194591 0.056245 0.296395
v 0.189001 0.048752 0.313600
v 0.194413 0.193656 0.316357
v 0.205046 0.186162 0.301722
v 0.214177 0.174242 0.289154
v 0.221184 0.158708 0.279511
v 0.225588 0.140617 0.273448
v 0.227090 0.121204 0.271381
v 0.225588 0.101790 0.273448
v 0.221184 0.083700 0.279511
v 0.214177 0.068165 0.289154
v 0.205046 0.056245 0.301722
v 0.194413 0.048752 0.316357
v 0.183002 0.196211 0.332063
v 0.198708 0.193656 0.320652
v 0.213343 0.186162 0.310019
v 0.225911 0.174242 0.300888
v 0.235554 0.158708 0.293882
v 0.241617 0.140617 0.289477
v 0.243684 0.121204 0.287975
v 0.241617 0.101790 0.289477
v 0.235554 0.083700 0.293882
v 0.225911 0.068165 0.300888
v 0.213343 0.056245 0.310019
v 0.198708 0.048752 0.320652
v 0.201465 0.193656 0.326064
v 0.218670 0.186162 0.320474
v 0.233444 0.174242 0.315673
v 0.244781 0.158708 0.311990
v 0.251908 0.140617 0.309674
v 0.254338 0.121204 0.308885
v 0.251908 0.101790 0.309674
v 0.244781 0.083700 0.311990
v 0.233444 0.068165 0.315673
v 0.218670 0.056245 0.320474
v 0.201465 0.048752 0.326064
v 0.202415 0.193656 0.332063
v 0.220506 0.186162 0.332063
v 0.236040 0.174242 0.332063
v 0.247960 0.158708 0.332063
v 0.255454 0.140617 0.332063
v 0.258010 0.121204 0.332063
v 0.255454 0.101790 0.332063
v 0.247960 0.083700 0.332063
v 0.236040 0.068165 0.332063
v 0.220506 0.056245 0.332063
v 0.202415 0.048752 0.332063
v 0.201465 0.193656 0.338062
v 0.218670 0.186162 0.343652
v 0.233444 0.174242 0.348453
v 0.244781 0.158708 0.352136
v 0.251908 0.140617 0.354452
v 0.254338 0.121204 0.355242
v 0.251908 0.101790 0.354452
v 0.244781 0.083700 0.352136
v 0.233444 0.068165 0.348453
v 0.218670 0.056245 0.343652
v 0.201465 0.048752 0.338062
v 0.198708 0.193656 0.343474
v 0.213343 0.186162 0.354107
v 0.225911 0.174242 0.363238
v 0.235554 0.158708 0.370245
v 0.241617 0.140617 0.374649
v 0.243684 0.121204 0.376152
v 0.241617 0.101790 0.374649
v 0.235554 0.083700 0.370245
v 0.225911 0.068165 0.363238
v 0.213343 0.056245 0.354107
v 0.198708 0.048752 0.343474
v 0.194413 0.193656 0.347769
v 0.205046 0.186162 0.362404
v 0.214177 0.174242 0.374972
v 0.221184 0.158708 0.384616
v 0.225588 0.140617 0.390678
v 0.227090 0.121204 0.392746
v 0.225588 0.101790 0.390678
v 0.221184 0.083700 0.384616
v 0.214177 0.068165 0.374972
v 0.205046 0.056245 0.362404
v 0.194413 0.048752 0.347769
v 0.189001 0.193656 0.350526
v 0.194591 0.186162 0.367731
v 0.199392 0.174242 0.382506
v 0.203075 0.158708 0.393842
v 0.205391 0.140617 0.400969
v 0.206181 0.121204 0.403400
v 0.205391 0.101790 0.400969
v 0.203075 0.083700 0.393842
v 0.199392 0.068165 0.382506
v 0.194591 0.056245 0.367731
v 0.189001 0.048752 0.350526
v 0.183002 0.193656 0.351477
v 0.183002 0.186162 0.369567
v 0.183002 0.174242 0.385102
v 0.183002 0.158708 0.397022
v 0.183002 0.140617 0.404515
v 0.183002 0.121204 0.407071
v 0.183002 0.101790 0.404515
v 0.183002 0.083700 0.397022
v 0.183002 0.068165 0.385102
v 0.183002 0.056245 0.369567
v 0.183002 0.048752 0.351477
v 0.177003 0.193656 0.350526
v 0.171413 0.186162 0.367731
v 0.166612 0.174242 0.382506
v 0.162929 0.158708 0.393842
v 0.160613 0.140617 0.400969
v 0.159823 0.121204 0.403400
v 0.160613 0.101790 0.400969
v 0.162929 0.083700 0.393842
v 0.166612 0.068165 0.382506
v 0.171413 0.056245 0.367731
v 0.177003 0.048752 0.350526
v 0.183002 0.046196 0.332063
v 0.171591 0.193656 0.347769
v 0.160958 0.186162 0.362404
v 0.151827 0.174242 0.374972
v 0.144820 0.158708 0.384616
v 0.140416 0.140617 0.390678
v 0.138914 0.121204 0.392746
v 0.140416 0.101790 0.390678
v 0.144820 0.083700 0.384616
v 0.151827 0.068165 0.374972
v 0.160958 0.056245 0.362404
v 0.171591 0.048752 0.347769
v 0.167296 0.193656 0.343474
v 0.152661 0.186162 0.354107
v 0.140093 0.174242 0.363238
v 0.130449 0.158708 0.370245
v 0.124387 0.140617 0.374649
v 0.122319 0.121204 0.376152
v 0.124387 0.101790 0.374649
v 0.130449 0.083700 0.370245
v 0.140093 0.068165 0.363238
v 0.152661 0.056245 0.354107
v 0.167296 0.048752 0.343474
v 0.164539 0.193656 0.338062
v 0.147334 0.186162 0.343652
v 0.132559 0.174242 0.348453
v 0.121223 0.158708 0.352136
v 0.114096 0.140617 0.354452
v 0.111665 0.121204 0.355242
v 0.114096 0.101790 0.354452
v 0.121223 0.083700 0.352136
v 0.132559 0.068165 0.348453
v 0.147334 0.056245 0.343652
v 0.164539 0.048752 0.338062
v 0.163589 0.193656 0.332063
v 0.145498 0.186162 0.332063
v 0.129964 0.174242 0.332063
v 0.118043 0.158708 0.332063
v 0.110550 0.140617 0.332063
v 0.107994 0.121204 0.332063
v 0.110550 0.101790 0.332063
v 0.118043 0.083700 0.332063
v 0.129964 0.068165 0.332063
v 0.145498 0.056245 0.332063
v 0.163589 0.048752 0.332063
v 0.164539 0.193656 0.326064
v 0.147334 0.186162 0.320474
v 0.132559 0.174242 0.315673
v 0.121223 0.158708 0.311990
v 0.114096 0.140617 0.309674
v 0.111665 0.121204 0.308885
v 0.114096 0.101790 0.309674
v 0.121223 0.083700 0.311990
v 0.132559 0.068165 0.315673
v 0.147334 0.056245 0.320474
v 0.164539 0.048752 0.326064
v 0.167296 0.193656 0.320652
v 0.152661 0.186162 0.310019
v 0.140093 0.174242 0.300888
v 0.130449 0.158708 0.293882
v 0.124387 0.140617 0.289477
v 0.122319 0.121204 0.287975
v 0.124387 0.101790 0.289477
v 0.130449 0.083700 0.293882
v 0.140093 0.068165 0.300888
v 0.152661 0.056245 0.310019
v 0.167296 0.048752 0.320652
v 0.171591 0.193656 0.316357
v 0.160958 0.186162 0.301722
v 0.151827 0.174242 0.289154
v 0.144820 0.158708 0.279511
v 0.140416 0.140617 0.273448
v 0.138914 0.121204 0.271381
v 0.140416 0.101790 0.273448
v 0.144820 0.083700 0.279511
v 0.151827 0.068165 0.289154
v 0.160958 0.056245 0.301722
v 0.171591 0.048752 0.316357
v 0.177003 0.193656 0.313600
v 0.171413 0.186162 0.296395
v 0.166612 0.174242 0.281621
v 0.162929 0.158708 0.270284
v 0.160613 0.140617 0.263157
v 0.159823 0.121204 0.260727
v 0.160613 0.101790 0.263157
v 0.162929 0.083700 0.270284
v 0.166612 0.068165 0.281621
v 0.171413 0.056245 0.296395
v 0.177003 0.048752 0.313600
v 0.183002 0.186162 0.294559
v 0.183002 0.158708 0.267105
v 0.183002 0.121204 0.257056
v 0.183002 0.083700 0.267105
v 0.183002 0.056245 0.294559
v 0.138030 0.350158 0.198297
v 0.138030 0.259810 0.146134
v 0.138030 0.186040 0.176691
v 0.138030 0.169461 0.198297
v 0.138030 0.159039 0.223458
v 0.146374 0.360580 0.224780
v 0.154149 0.350158 0.200850
v 0.160826 0.333579 0.180301
v 0.165949 0.311972 0.164533
v 0.169170 0.286811 0.154621
v 0.170268 0.259810 0.151240
v 0.169170 0.232808 0.154621
v 0.165949 0.207647 0.164533
v 0.160826 0.186040 0.180301
v 0.154149 0.169461 0.200850
v 0.146374 0.159039 0.224780
v 0.153901 0.360580 0.228615
v 0.168690 0.350158 0.208259
v 0.181390 0.333579 0.190779
v 0.191135 0.311972 0.177366
v 0.197261 0.286811 0.168935
v 0.199351 0.259810 0.166059
v 0.197261 0.232808 0.168935
v 0.191135 0.207647 0.177366
v 0.181390 0.186040 0.190779
v 0.168690 0.169461 0.208259
v 0.153901 0.159039 0.228615
v 0.138030 0.364135 0.250460
v 0.159875 0.360580 0.234589
v 0.180230 0.350158 0.219799
v 0.197711 0.333579 0.207099
v 0.211123 0.311972 0.197354
v 0.219555 0.286811 0.191228
v 0.222431 0.259810 0.189139
v 0.219555 0.232808 0.191228
v 0.211123 0.207647 0.197354
v 0.197711 0.186040 0.207099
v 0.180230 0.169461 0.219799
v 0.159875 0.159039 0.234589
v 0.163710 0.360580 0.242116
v 0.187640 0.350158 0.234341
v 0.208189 0.333579 0.227664
v 0.223957 0.311972 0.222541
v 0.233869 0.286811 0.219320
v 0.237249 0.259810 0.218222
v 0.233869 0.232808 0.219320
v 0.223957 0.207647 0.222541
v 0.208189 0.186040 0.227664
v 0.187640 0.169461 0.234341
v 0.163710 0.159039 0.242116
v 0.165031 0.360580 0.250460
v 0.190193 0.350158 0.250460
v 0.211799 0.333579 0.250460
v 0.228378 0.311972 0.250460
v 0.238801 0.286811 0.250460
v 0.242355 0.259810 0.250460
v 0.238801 0.232808 0.250460
v 0.228378 0.207647 0.250460
v 0.211799 0.186040 0.250460
v 0.190193 0.169461 0.250460
v 0.165031 0.159039 0.250460
v 0.163710 0.360580 0.258804
v 0.187640 0.350158 0.266579
v 0.208189 0.333579 0.273256
v 0.223957 0.311972 0.278379
v 0.233869 0.286811 0.281600
v 0.237249 0.259810 0.282698
v 0.233869 0.232808 0.281600
v 0.223957 0.207647 0.278379
v 0.208189 0.186040 0.273256
v 0.187640 0.169461 0.266579
v 0.163710 0.159039 0.258804
v 0.159875 0.360580 0.266331
v 0.180230 0.350158 0.281120
v 0.197711 0.333579 0.293820
v 0.211123 0.311972 0.303566
v 0.219555 0.286811 0.309691
v 0.222431 0.259810 0.311781
v 0.219555 0.232808 0.309691
v 0.211123 0.207647 0.303566
v 0.197711 0.186040 0.293820
v 0.180230 0.169461 0.281120
v 0.159875 0.159039 0.266331
v 0.153901 0.360580 0.272305
v 0.168690 0.350158 0.292660
v 0.181390 0.333579 0.310141
v 0.191135 0.311972 0.323553
v 0.197261 0.286811 0.331985
v 0.199351 0.259810 0.334861
v 0.197261 0.232808 0.331985
v 0.191135 0.207647 0.323553
v 0.181390 0.186040 0.310141
v 0.168690 0.169461 0.292660
v 0.153901 0.159039 0.272305
v 0.146374 0.360580 0.276140
v 0.154149 0.350158 0.300070
v 0.160826 0.333579 0.320619
v 0.165949 0.311972 0.336387
v 0.169170 0.286811 0.346299
v 0.170268 0.259810 0.349679
v 0.169170 0.232808 0.346299
v 0.165949 0.207647 0.336387
v 0.160826 0.186040 0.320619
v 0.154149 0.169461 0.300070
v 0.146374 0.159039 0.276140
v 0.138030 0.360580 0.277461
v 0.138030 0.350158 0.302623
v 0.138030 0.333579 0.324229
v 0.138030 0.311972 0.340809
v 0.138030 0.286811 0.351231
v 0.138030 0.259810 0.354786
v 0.138030 0.232808 0.351231
v 0.138030 0.207647 0.340809
v 0.138030 0.186040 0.324229
v 0.138030 0.169461 0.302623
v 0.138030 0.159039 0.277461
v 0.129686 0.360580 0.276140
v 0.121911 0.350158 0.300070
v 0.115234 0.333579 0.320619
v 0.110111 0.311972 0.336387
v 0.106890 0.286811 0.346299
v 0.105792 0.259810 0.349679
v 0.106890 0.232808 0.346299
v 0.110111 0.207647 0.336387
v 0.115234 0.186040 0.320619
v 0.121911 0.169461 0.300070
v 0.129686 0.159039 0.276140
v 0.138030 0.155484 0.250460
v 0.122159 0.360580 0.272305
v 0.107369 0.350158 0.292661
v 0.094669 0.333579 0.310141
v 0.084924 0.311972 0.323553
v 0.078798 0.286811 0.331985
v 0.076709 0.259810 0.334861
v 0.078798 0.232808 0.331985
v 0.084924 0.207647 0.323553
v 0.094669 0.186040 0.310141
v 0.107369 0.169461 0.292661
v 0.122159 0.159039 0.272305
v 0.116185 0.360580 0.266331
v 0.095829 0.350158 0.281120
v 0.078349 0.333579 0.293820
v 0.064936 0.311972 0.303566
v 0.056505 0.286811 0.309691
v 0.053629 0.259810 0.311781
v 0.056505 0.232808 0.309691
v 0.064936 0.207647 0.303566
v 0.078349 0.186040 0.293820
v 0.095829 0.169461 0.281120
v 0.116185 0.159039 0.266331
v 0.112350 0.360580 0.258804
v 0.088420 0.350158 0.266579
v 0.067871 0.333579 0.273256
v 0.052103 0.311972 0.278379
v 0.042191 0.286811 0.281600
v 0.038810 0.259810 0.282698
v 0.042191 0.232808 0.281600
v 0.052103 0.207647 0.278379
v 0.067871 0.186040 0.273256
v 0.088420 0.169461 0.266579
v 0.112350 0.159039 0.258804
v 0.111028 0.360580 0.250460
v 0.085867 0.350158 0.250460
v 0.064261 0.333579 0.250460
v 0.047681 0.311972 0.250460
v 0.037259 0.286811 0.250460
v 0.033704 0.259810 0.250460
v 0.037259 0.232808 0.250460
v 0.047681 0.207647 0.250460
v 0.064261 0.186040 0.250460
v 0.085867 0.169461 0.250460
v 0.111028 0.159039 0.250460
v 0.112350 0.360580 0.242116
v 0.088420 0.350158 0.234341
v 0.067871 0.333579 0.227664
v 0.052103 0.311972 0.222541
v 0.042191 0.286811 0.219320
v 0.038810 0.259810 0.218222
v 0.042191 0.232808 0.219320
v 0.052103 0.207647 0.222541
v 0.067871 0.186040 0.227664
v 0.088420 0.169461 0.234341
v 0.112350 0.159039 0.242116
v 0.116185 0.360580 0.234589
v 0.095829 0.350158 0.219799
v 0.078349 0.333579 0.207099
v 0.064936 0.311972 0.197354
v 0.056505 0.286811 0.191228
v 0.053629 0.259810 0.189139
v 0.056505 0.232808 0.191228
v 0.064936 0.207647 0.197354
v 0.078349 0.186040 0.207099
v 0.095829 0.169461 0.219799
v 0.116185 0.159039 0.234589
v 0.122159 0.360580 0.228615
v 0.107369 0.350158 0.208259
v 0.094669 0.333579 0.190779
v 0.084924 0.311972 0.177366
v 0.078798 0.286811 0.168935
v 0.076709 0.259810 0.166059
v 0.078798 0.232808 0.168935
v 0.084924 0.207647 0.177366
v 0.094669 0.186040 0.190779
v 0.107369 0.169461 0.208259
v 0.122159 0.159039 0.228615
v 0.129686 0.360580 0.224780
v 0.121911 0.350158 0.200850
v 0.115234 0.333579 0.180301
v 0.110111 0.311972 0.164533
v 0.106890 0.286811 0.154621
v 0.105792 0.259810 0.151240
v 0.106890 0.232808 0.154621
v 0.110111 0.207647 0.164533
v 0.115234 0.186040 0.180301
v 0.121911 0.169461 0.200850
v 0.129686 0.159039 0.224780
v 0.138030 0.360580 0.223458
v 0.138030 0.333579 0.176691
v 0.138030 0.311972 0.160111
v 0.138030 0.286811 0.149689
v 0.138030 0.232808 0.149689
v 0.138030 0.207647 0.160111
v 0.079446 0.437904 0.119585
v 0.079446 0.428420 0.096687
v 0.087039 0.437904 0.120787
v 0.094115 0.428420 0.099010
v 0.100191 0.413332 0.080309
v 0.104854 0.393669 0.065960
v 0.107785 0.370771 0.056939
v 0.108784 0.346198 0.053863
v 0.107785 0.321626 0.056939
v 0.104854 0.298728 0.065960
v 0.100191 0.279065 0.080309
v 0.094115 0.263977 0.099010
v 0.087039 0.254492 0.120787
v 0.093889 0.437904 0.124278
v 0.107348 0.428420 0.105753
v 0.118906 0.413332 0.089845
v 0.127774 0.393669 0.077639
v 0.133349 0.370771 0.069965
v 0.135251 0.346198 0.067348
v 0.133349 0.321626 0.069965
v 0.127774 0.298728 0.077639
v 0.118906 0.279065 0.089845
v 0.107348 0.263977 0.105753
v 0.093889 0.254492 0.124278
v 0.099326 0.437904 0.129714
v 0.117850 0.428420 0.116255
v 0.133758 0.413332 0.104697
v 0.145964 0.393669 0.095829
v 0.153638 0.370771 0.090254
v 0.156255 0.346198 0.088352
v 0.153638 0.321626 0.090254
v 0.145964 0.298728 0.095829
v 0.133758 0.279065 0.104697
v 0.117850 0.263977 0.116255
v 0.099326 0.254492 0.129714
v 0.102816 0.437904 0.136564
v 0.124593 0.428420 0.129488
v 0.143294 0.413332 0.123412
v 0.157643 0.393669 0.118749
v 0.166664 0.370771 0.115818
v 0.169740 0.346198 0.114819
v 0.166664 0.321626 0.115818
v 0.157643 0.298728 0.118749
v 0.143294 0.279065 0.123412
v 0.124593 0.263977 0.129488
v 0.102816 0.254492 0.136564
v 0.079446 0.251257 0.144157
v 0.104018 0.437904 0.144157
v 0.126916 0.428420 0.144157
v 0.146579 0.413332 0.144157
v 0.161667 0.393669 0.144157
v 0.171152 0.370771 0.144157
v 0.174387 0.346198 0.144157
v 0.171152 0.321626 0.144157
v 0.161667 0.298728 0.144157
v 0.146579 0.279065 0.144157
v 0.126916 0.263977 0.144157
v 0.104018 0.254492 0.144157
v 0.102816 0.437904 0.151751
v 0.124593 0.428420 0.158826
v 0.143294 0.413332 0.164903
v 0.157643 0.393669 0.169565
v 0.166664 0.370771 0.172496
v 0.169740 0.346198 0.173496
v 0.166664 0.321626 0.172496
v 0.157643 0.298728 0.169565
v 0.143294 0.279065 0.164903
v 0.124593 0.263977 0.158826
v 0.102816 0.254492 0.151751
v 0.099326 0.437904 0.158601
v 0.117850 0.428420 0.172060
v 0.133758 0.413332 0.183617
v 0.145964 0.393669 0.192486
v 0.153638 0.370771 0.198061
v 0.156255 0.346198 0.199962
v 0.153638 0.321626 0.198061
v 0.145964 0.298728 0.192486
v 0.133758 0.279065 0.183617
v 0.117850 0.263977 0.172060
v 0.099326 0.254492 0.158601
v 0.093889 0.437904 0.164037
v 0.107348 0.428420 0.182562
v 0.118906 0.413332 0.198469
v 0.127774 0.393669 0.210676
v 0.133349 0.370771 0.218349
v 0.135251 0.346198 0.220966
v 0.133349 0.321626 0.218349
v 0.127774 0.298728 0.210676
v 0.118906 0.279065 0.198469
v 0.107348 0.263977 0.182562
v 0.093889 0.254492 0.164037
v 0.087039 0.437904 0.167527
v 0.094115 0.428420 0.189304
v 0.100191 0.413332 0.208005
v 0.104854 0.393669 0.222355
v 0.107785 0.370771 0.231375
v 0.108784 0.346198 0.234452
v 0.107785 0.321626 0.231375
v 0.104854 0.298728 0.222355
v 0.100191 0.279065 0.208005
v 0.094115 0.263977 0.189304
v 0.087039 0.254492 0.167527
v 0.079446 0.437904 0.168730
v 0.079446 0.428420 0.191628
v 0.079446 0.413332 0.211291
v 0.079446 0.393669 0.226379
v 0.079446 0.370771 0.235863
v 0.079446 0.346198 0.239098
v 0.079446 0.321626 0.235863
v 0.079446 0.298728 0.226379
v 0.079446 0.279065 0.211291
v 0.079446 0.263977 0.191628
v 0.079446 0.254492 0.168730
v 0.071853 0.437904 0.167527
v 0.064777 0.428420 0.189304
v 0.058700 0.413332 0.208005
v 0.054038 0.393669 0.222355
v 0.051107 0.370771 0.231375
v 0.050107 0.346198 0.234452
v 0.051107 0.321626 0.231375
v 0.054038 0.298728 0.222355
v 0.058700 0.279065 0.208005
v 0.064777 0.263977 0.189304
v 0.071853 0.254492 0.167527
v 0.065002 0.437904 0.164037
v 0.051543 0.428420 0.182562
v 0.039986 0.413332 0.198469
v 0.031117 0.393669 0.210676
v 0.025542 0.370771 0.218349
v 0.023641 0.346198 0.220966
v 0.025542 0.321626 0.218349
v 0.031117 0.298728 0.210676
v 0.039986 0.279065 0.198469
v 0.051543 0.263977 0.182562
v 0.065002 0.254492 0.164037
v 0.079446 0.441139 0.144157
v 0.059566 0.437904 0.158601
v 0.041041 0.428420 0.172060
v 0.025134 0.413332 0.183617
v 0.012927 0.393669 0.192486
v 0.005254 0.370771 0.198061
v 0.002637 0.346198 0.199962
v 0.005254 0.321626 0.198061
v 0.012927 0.298728 0.192486
v 0.025134 0.279065 0.183617
v 0.041041 0.263977 0.172060
v 0.059566 0.254492 0.158601
v 0.056076 0.437904 0.151751
v 0.034299 0.428420 0.158826
v 0.015598 0.413332 0.164903
v 0.001249 0.393669 0.169565
v -0.007772 0.370771 0.172496
v -0.010849 0.346198 0.173496
v -0.007772 0.321626 0.172496
v 0.001249 0.298728 0.169565
v 0.015598 0.279065 0.164903
v 0.034299 0.263977 0.158826
v 0.056076 0.254492 0.151751
v 0.054873 0.437904 0.144157
v 0.031975 0.428420 0.144157
v 0.012312 0.413332 0.144157
v -0.002776 0.393669 0.144157
v -0.012260 0.370771 0.144157
v -0.015495 0.346198 0.144157
v -0.012260 0.321626 0.144157
v -0.002776 0.298728 0.144157
v 0.012312 0.279065 0.144157
v 0.031975 0.263977 0.144157
v 0.054873 0.254492 0.144157
v 0.056076 0.437904 0.136564
v 0.034299 0.428420 0.129488
v 0.015598 0.413332 0.123412
v 0.001249 0.393669 0.118749
v -0.007772 0.370771 0.115818
v -0.010849 0.346198 0.114819
v -0.007772 0.321626 0.115818
v 0.001249 0.298728 0.118749
v 0.015598 0.279065 0.123412
v 0.034299 0.263977 0.129488
v 0.056076 0.254492 0.136564
v 0.059566 0.437904 0.129714
v 0.041041 0.428420 0.116255
v 0.025134 0.413332 0.104697
v 0.012927 0.393669 0.095829
v 0.005254 0.370771 0.090254
v 0.002637 0.346198 0.088352
v 0.005254 0.321626 0.090254
v 0.012927 0.298728 0.095829
v 0.025134 0.279065 0.104697
v 0.041041 0.263977 0.116255
v 0.059566 0.254492 0.129714
v 0.065002 0.437904 0.124278
v 0.051543 0.428420 0.105753
v 0.039986 0.413332 0.089845
v 0.031117 0.393669 0.077639
v 0.025542 0.370771 0.069965
v 0.023641 0.346198 0.067348
v 0.025542 0.321626 0.069965
v 0.031117 0.298728 0.077639
v 0.039986 0.279065 0.089845
v 0.051543 0.263977 0.105753
v 0.065002 0.254492 0.124278
v 0.071853 0.437904 0.120787
v 0.064777 0.428420 0.099010
v 0.058700 0.413332 0.080309
v 0.054038 0.393669 0.065960
v 0.051107 0.370771 0.056939
v 0.050107 0.346198 0.053863
v 0.051107 0.321626 0.056939
v 0.054038 0.298728 0.065960
v 0.058700 0.279065 0.080309
v 0.064777 0.263977 0.099010
v 0.071853 0.254492 0.120787
v 0.079446 0.413332 0.077024
v 0.079446 0.393669 0.061936
v 0.079446 0.370771 0.052451
v 0.079446 0.346198 0.049216
v 0.079446 0.321626 0.052451
v 0.079446 0.298728 0.061936
v 0.079446 0.279065 0.077024
v 0.079446 0.263977 0.096687
v 0.079446 0.254492 0.119585
v 0.010140 0.468326 -0.004602
v 0.010140 0.405487 -0.067441
v 0.010140 0.359485 -0.067441
v 0.010140 0.296646 -0.004602
v 0.017247 0.468326 -0.003476
v 0.023870 0.459448 -0.023861
v 0.029558 0.445325 -0.041365
v 0.033922 0.426920 -0.054797
v 0.036666 0.405487 -0.063240
v 0.037601 0.382486 -0.066120
v 0.036666 0.359485 -0.063240
v 0.033922 0.338052 -0.054797
v 0.029558 0.319647 -0.041365
v 0.023870 0.305524 -0.023861
v 0.017247 0.296646 -0.003476
v 0.023659 0.468326 -0.000209
v 0.036257 0.459448 -0.017549
v 0.047076 0.445325 -0.032439
v 0.055377 0.426920 -0.043865
v 0.060595 0.405487 -0.051047
v 0.062375 0.382486 -0.053497
v 0.060595 0.359485 -0.051047
v 0.055377 0.338052 -0.043865
v 0.047076 0.319647 -0.032439
v 0.036257 0.305524 -0.017549
v 0.023659 0.296646 -0.000209
v 0.028748 0.468326 0.004879
v 0.046087 0.459448 -0.007719
v 0.060978 0.445325 -0.018537
v 0.072403 0.426920 -0.026839
v 0.079586 0.405487 -0.032057
v 0.082035 0.382486 -0.033837
v 0.079586 0.359485 -0.032057
v 0.072403 0.338052 -0.026839
v 0.060978 0.319647 -0.018537
v 0.046087 0.305524 -0.007719
v 0.028748 0.296646 0.004879
v 0.032015 0.468326 0.011291
v 0.052399 0.459448 0.004668
v 0.069903 0.445325 -0.001020
v 0.083335 0.426920 -0.005384
v 0.091778 0.405487 -0.008127
v 0.094658 0.382486 -0.009063
v 0.091778 0.359485 -0.008127
v 0.083335 0.338052 -0.005384
v 0.069903 0.319647 -0.001020
v 0.052399 0.305524 0.004668
v 0.032015 0.296646 0.011291
v 0.033140 0.468326 0.018399
v 0.054574 0.459448 0.018399
v 0.072979 0.445325 0.018399
v 0.087102 0.426920 0.018399
v 0.095980 0.405487 0.018399
v 0.099008 0.382486 0.018399
v 0.095980 0.359485 0.018399
v 0.087102 0.338052 0.018399
v 0.072979 0.319647 0.018399
v 0.054574 0.305524 0.018399
v 0.033140 0.296646 0.018399
v 0.032015 0.468326 0.025506
v 0.052399 0.459448 0.032129
v 0.069903 0.445325 0.037817
v 0.083335 0.426920 0.042181
v 0.091778 0.405487 0.044925
v 0.094658 0.382486 0.045860
v 0.091778 0.359485 0.044925
v 0.083335 0.338052 0.042181
v 0.069903 0.319647 0.037817
v 0.052399 0.305524 0.032129
v 0.032015 0.296646 0.025506
v 0.028748 0.468326 0.031918
v 0.046087 0.459448 0.044516
v 0.060978 0.445325 0.055335
v 0.072403 0.426920 0.063636
v 0.079586 0.405487 0.068854
v 0.082035 0.382486 0.070634
v 0.079586 0.359485 0.068854
v 0.072403 0.338052 0.063636
v 0.060978 0.319647 0.055335
v 0.046087 0.305524 0.044516
v 0.028748 0.296646 0.031918
v 0.023659 0.468326 0.037007
v 0.036257 0.459448 0.054346
v 0.047076 0.445325 0.069237
v 0.055377 0.426920 0.080662
v 0.060595 0.405487 0.087845
v 0.062375 0.382486 0.090294
v 0.060595 0.359485 0.087845
v 0.055377 0.338052 0.080662
v 0.047076 0.319647 0.069237
v 0.036257 0.305524 0.054346
v 0.023659 0.296646 0.037007
v 0.017247 0.468326 0.040274
v 0.023870 0.459448 0.060658
v 0.029558 0.445325 0.078162
v 0.033922 0.426920 0.091594
v 0.036666 0.405487 0.100037
v 0.037601 0.382486 0.102917
v 0.036666 0.359485 0.100037
v 0.033922 0.338052 0.091594
v 0.029558 0.319647 0.078162
v 0.023870 0.305524 0.060658
v 0.017247 0.296646 0.040274
v 0.010140 0.468326 0.041399
v 0.010140 0.459448 0.062833
v 0.010140 0.445325 0.081238
v 0.010140 0.426920 0.095361
v 0.010140 0.405487 0.104239
v 0.010140 0.382486 0.107267
v 0.010140 0.359485 0.104239
v 0.010140 0.338052 0.095361
v 0.010140 0.319647 0.081238
v 0.010140 0.305524 0.062833
v 0.010140 0.296646 0.041399
v 0.003032 0.468326 0.040274
v -0.003591 0.459448 0.060658
v -0.009279 0.445325 0.078162
v -0.013643 0.426920 0.091594
v -0.016386 0.405487 0.100037
v -0.017322 0.382486 0.102917
v -0.016386 0.359485 0.100037
v -0.013643 0.338052 0.091594
v -0.009279 0.319647 0.078162
v -0.003591 0.305524 0.060658
v 0.003032 0.296646 0.040274
v -0.003380 0.468326 0.037007
v -0.015978 0.459448 0.054346
v -0.026796 0.445325 0.069237
v -0.035098 0.426920 0.080662
v -0.040316 0.405487 0.087845
v -0.042096 0.382486 0.090294
v -0.040316 0.359485 0.087845
v -0.035098 0.338052 0.080662
v -0.026796 0.319647 0.069237
v -0.015978 0.305524 0.054346
v -0.003380 0.296646 0.037007
v 0.010140 0.471354 0.018399
v -0.008468 0.468326 0.031918
v -0.025808 0.459448 0.044516
v -0.040698 0.445325 0.055335
v -0.052124 0.426920 0.063636
v -0.059306 0.405487 0.068854
v -0.061756 0.382486 0.070634
v -0.059306 0.359485 0.068854
v -0.052124 0.338052 0.063636
v -0.040698 0.319647 0.055335
v -0.025808 0.305524 0.044516
v -0.008468 0.296646 0.031918
v -0.011735 0.468326 0.025506
v -0.032120 0.459448 0.032129
v -0.049624 0.445325 0.037817
v -0.063056 0.426920 0.042181
v -0.071499 0.405487 0.044925
v -0.074379 0.382486 0.045860
v -0.071499 0.359485 0.044925
v -0.063056 0.338052 0.042181
v -0.049624 0.319647 0.037817
v -0.032120 0.305524 0.032129
v -0.011735 0.296646 0.025506
v 0.010140 0.293618 0.018399
v -0.012861 0.468326 0.018399
v -0.034295 0.459448 0.018399
v -0.052700 0.445325 0.018399
v -0.066822 0.426920 0.018399
v -0.075700 0.405487 0.018399
v -0.078729 0.382486 0.018399
v -0.075700 0.359485 0.018399
v -0.066822 0.338052 0.018399
v -0.052700 0.319647 0.018399
v -0.034295 0.305524 0.018399
v -0.012861 0.296646 0.018399
v -0.011735 0.468326 0.011291
v -0.032120 0.459448 0.004668
v -0.049624 0.445325 -0.001020
v -0.063056 0.426920 -0.005384
v -0.071499 0.405487 -0.008127
v -0.074379 0.382486 -0.009063
v -0.071499 0.359485 -0.008127
v -0.063056 0.338052 -0.005384
v -0.049624 0.319647 -0.001020
v -0.032120 0.305524 0.004668
v -0.011735 0.296646 0.011291
v -0.008468 0.468326 0.004879
v -0.025808 0.459448 -0.007719
v -0.040698 0.445325 -0.018537
v -0.052124 0.426920 -0.026839
v -0.059306 0.405487 -0.032057
v -0.061756 0.382486 -0.033837
v -0.059306 0.359485 -0.032057
v -0.052124 0.338052 -0.026839
v -0.040698 0.319647 -0.018537
v -0.025808 0.305524 -0.007719
v -0.008468 0.296646 0.004879
v -0.003380 0.468326 -0.000209
v -0.015978 0.459448 -0.017549
v -0.026796 0.445325 -0.032439
v -0.035098 0.426920 -0.043865
v -0.040316 0.405487 -0.051047
v -0.042096 0.382486 -0.053497
v -0.040316 0.359485 -0.051047
v -0.035098 0.338052 -0.043865
v -0.026796 0.319647 -0.032439
v -0.015978 0.305524 -0.017549
v -0.003380 0.296646 -0.000209
v 0.003032 0.468326 -0.003476
v -0.003591 0.459448 -0.023861
v -0.009279 0.445325 -0.041365
v -0.013643 0.426920 -0.054797
v -0.016386 0.405487 -0.063240
v -0.017322 0.382486 -0.066120
v -0.016386 0.359485 -0.063240
v -0.013643 0.338052 -0.054797
v -0.009279 0.319647 -0.041365
v -0.003591 0.305524 -0.023861
v 0.003032 0.296646 -0.003476
v 0.010140 0.459448 -0.026036
v 0.010140 0.445325 -0.044441
v 0.010140 0.426920 -0.058563
v 0.010140 0.382486 -0.070470
v 0.010140 0.338052 -0.058563
v 0.010140 0.319647 -0.044441
v 0.010140 0.305524 -0.026036
v -0.068277 0.439347 -0.171932
v -0.068277 0.424078 -0.191832
v -0.068277 0.404178 -0.207102
v -0.068277 0.381004 -0.216700
v -0.068277 0.356136 -0.219974
v -0.068277 0.331268 -0.216700
v -0.068277 0.308094 -0.207102
v -0.068277 0.288194 -0.191832
v -0.068277 0.272925 -0.171932
v -0.060592 0.448946 -0.147542
v -0.053431 0.439347 -0.169581
v -0.047281 0.424078 -0.188507
v -0.042563 0.404178 -0.203029
v -0.039597 0.381004 -0.212158
v -0.038585 0.356136 -0.215272
v -0.039597 0.331268 -0.212158
v -0.042563 0.308094 -0.203029
v -0.047281 0.288194 -0.188507
v -0.053431 0.272925 -0.169581
v -0.060592 0.263326 -0.147542
v -0.053659 0.448946 -0.144009
v -0.040038 0.439347 -0.162757
v -0.028341 0.424078 -0.178856
v -0.019366 0.404178 -0.191210
v -0.013724 0.381004 -0.198975
v -0.011800 0.356136 -0.201624
v -0.013724 0.331268 -0.198975
v -0.019366 0.308094 -0.191210
v -0.028341 0.288194 -0.178856
v -0.040038 0.272925 -0.162757
v -0.053659 0.263326 -0.144009
v -0.048158 0.448946 -0.138508
v -0.029410 0.439347 -0.152129
v -0.013311 0.424078 -0.163825
v -0.000957 0.404178 -0.172801
v 0.006808 0.381004 -0.178443
v 0.009457 0.356136 -0.180367
v 0.006808 0.331268 -0.178443
v -0.000957 0.308094 -0.172801
v -0.013311 0.288194 -0.163825
v -0.029410 0.272925 -0.152129
v -0.048158 0.263326 -0.138508
v -0.068277 0.452220 -0.123890
v -0.044625 0.448946 -0.131575
v -0.022586 0.439347 -0.138736
v -0.003660 0.424078 -0.144885
v 0.010862 0.404178 -0.149604
v 0.019991 0.381004 -0.152570
v 0.023105 0.356136 -0.153582
v 0.019991 0.331268 -0.152570
v 0.010862 0.308094 -0.149604
v -0.003660 0.288194 -0.144885
v -0.022586 0.272925 -0.138736
v -0.044625 0.263326 -0.131575
v -0.043408 0.448946 -0.123890
v -0.020235 0.439347 -0.123890
v -0.000335 0.424078 -0.123890
v 0.014935 0.404178 -0.123890
v 0.024534 0.381004 -0.123890
v 0.027808 0.356136 -0.123890
v 0.024534 0.331268 -0.123890
v 0.014935 0.308094 -0.123890
v -0.000335 0.288194 -0.123890
v -0.020235 0.272925 -0.123890
v -0.043408 0.263326 -0.123890
v -0.044625 0.448946 -0.116205
v -0.022586 0.439347 -0.109044
v -0.003660 0.424078 -0.102895
v 0.010862 0.404178 -0.098177
v 0.019991 0.381004 -0.095210
v 0.023105 0.356136 -0.094199
v 0.019991 0.331268 -0.095210
v 0.010862 0.308094 -0.098177
v -0.003660 0.288194 -0.102895
v -0.022586 0.272925 -0.109044
v -0.044625 0.263326 -0.116205
v -0.048158 0.448946 -0.109273
v -0.029410 0.439347 -0.095652
v -0.013311 0.424078 -0.083955
v -0.000957 0.404178 -0.074980
v 0.006808 0.381004 -0.069338
v 0.009457 0.356136 -0.067413
v 0.006808 0.331268 -0.069338
v -0.000957 0.308094 -0.074980
v -0.013311 0.288194 -0.083955
v -0.029410 0.272925 -0.095652
v -0.048158 0.263326 -0.109273
v -0.053659 0.448946 -0.103771
v -0.040038 0.439347 -0.085023
v -0.028341 0.424078 -0.068924
v -0.019366 0.404178 -0.056571
v -0.013724 0.381004 -0.048805
v -0.011800 0.356136 -0.046156
v -0.013724 0.331268 -0.048805
v -0.019366 0.308094 -0.056571
v -0.028341 0.288194 -0.068924
v -0.040038 0.272925 -0.085023
v -0.053659 0.263326 -0.103771
v -0.060592 0.448946 -0.100239
v -0.053431 0.439347 -0.078199
v -0.047281 0.424078 -0.059274
v -0.042563 0.404178 -0.044752
v -0.039597 0.381004 -0.035622
v -0.038585 0.356136 -0.032509
v -0.039597 0.331268 -0.035622
v -0.042563 0.308094 -0.044752
v -0.047281 0.288194 -0.059274
v -0.053431 0.272925 -0.078199
v -0.060592 0.263326 -0.100239
v -0.068277 0.448946 -0.099022
v -0.068277 0.439347 -0.075848
v -0.068277 0.424078 -0.055948
v -0.068277 0.404178 -0.040679
v -0.068277 0.381004 -0.031080
v -0.068277 0.356136 -0.027806
v -0.068277 0.331268 -0.031080
v -0.068277 0.308094 -0.040679
v -0.068277 0.288194 -0.055948
v -0.068277 0.272925 -0.075848
v -0.068277 0.263326 -0.099022
v -0.068277 0.260052 -0.123890
v -0.075961 0.448946 -0.100239
v -0.083122 0.439347 -0.078199
v -0.089272 0.424078 -0.059274
v -0.093990 0.404178 -0.044752
v -0.096957 0.381004 -0.035622
v -0.097968 0.356136 -0.032509
v -0.096957 0.331268 -0.035622
v -0.093990 0.308094 -0.044752
v -0.089272 0.288194 -0.059274
v -0.083122 0.272925 -0.078199
v -0.075961 0.263326 -0.100239
v -0.082894 0.448946 -0.103771
v -0.096515 0.439347 -0.085023
v -0.108212 0.424078 -0.068924
v -0.117187 0.404178 -0.056571
v -0.122829 0.381004 -0.048805
v -0.124754 0.356136 -0.046156
v -0.122829 0.331268 -0.048805
v -0.117187 0.308094 -0.056571
v -0.108212 0.288194 -0.068924
v -0.096515 0.272925 -0.085023
v -0.082894 0.263326 -0.103771
v -0.088396 0.448946 -0.109273
v -0.107144 0.439347 -0.095652
v -0.123243 0.424078 -0.083955
v -0.135596 0.404178 -0.074980
v -0.143362 0.381004 -0.069338
v -0.146010 0.356136 -0.067413
v -0.143362 0.331268 -0.069338
v -0.135596 0.308094 -0.074980
v -0.123243 0.288194 -0.083955
v -0.107144 0.272925 -0.095652
v -0.088396 0.263326 -0.109273
v -0.091928 0.448946 -0.116205
v -0.113967 0.439347 -0.109044
v -0.132893 0.424078 -0.102895
v -0.147415 0.404178 -0.098177
v -0.156544 0.381004 -0.095210
v -0.159658 0.356136 -0.094199
v -0.156544 0.331268 -0.095210
v -0.147415 0.308094 -0.098177
v -0.132893 0.288194 -0.102895
v -0.113967 0.272925 -0.109044
v -0.091928 0.263326 -0.116205
v -0.093145 0.448946 -0.123890
v -0.116319 0.439347 -0.123890
v -0.136218 0.424078 -0.123890
v -0.151488 0.404178 -0.123890
v -0.161087 0.381004 -0.123890
v -0.164361 0.356136 -0.123890
v -0.161087 0.331268 -0.123890
v -0.151488 0.308094 -0.123890
v -0.136218 0.288194 -0.123890
v -0.116319 0.272925 -0.123890
v -0.093145 0.263326 -0.123890
v -0.091928 0.448946 -0.131575
v -0.113967 0.439347 -0.138736
v -0.132893 0.424078 -0.144885
v -0.147415 0.404178 -0.149604
v -0.156544 0.381004 -0.152570
v -0.159658 0.356136 -0.153582
v -0.156544 0.331268 -0.152570
v -0.147415 0.308094 -0.149604
v -0.132893 0.288194 -0.144885
v -0.113967 0.272925 -0.138736
v -0.091928 0.263326 -0.131575
v -0.088396 0.448946 -0.138508
v -0.107144 0.439347 -0.152129
v -0.123243 0.424078 -0.163825
v -0.135596 0.404178 -0.172801
v -0.143362 0.381004 -0.178443
v -0.146010 0.356136 -0.180367
v -0.143362 0.331268 -0.178443
v -0.135596 0.308094 -0.172801
v -0.123243 0.288194 -0.163825
v -0.107144 0.272925 -0.152129
v -0.088396 0.263326 -0.138508
v -0.082894 0.448946 -0.144009
v -0.096515 0.439347 -0.162757
v -0.108212 0.424078 -0.178856
v -0.117187 0.404178 -0.191210
v -0.122829 0.381004 -0.198975
v -0.124754 0.356136 -0.201624
v -0.122829 0.331268 -0.198975
v -0.117187 0.308094 -0.191210
v -0.108212 0.288194 -0.178856
v -0.096515 0.272925 -0.162757
v -0.082894 0.263326 -0.144009
v -0.075961 0.448946 -0.147542
v -0.083122 0.439347 -0.169581
v -0.089272 0.424078 -0.188507
v -0.093990 0.404178 -0.203029
v -0.096957 0.381004 -0.212158
v -0.097968 0.356136 -0.215272
v -0.096957 0.331268 -0.212158
v -0.093990 0.308094 -0.203029
v -0.089272 0.288194 -0.188507
v -0.083122 0.272925 -0.169581
v -0.075961 0.263326 -0.147542
v -0.068277 0.448946 -0.148759
v -0.068277 0.263326 -0.148759
v -0.147258 0.291658 -0.319808
v -0.147258 0.276251 -0.331630
v -0.147258 0.201859 -0.331630
v -0.147258 0.186452 -0.319808
v -0.141308 0.310912 -0.285517
v -0.135764 0.303480 -0.302581
v -0.131003 0.291658 -0.317234
v -0.127350 0.276251 -0.328477
v -0.125053 0.258309 -0.335545
v -0.124270 0.239055 -0.337956
v -0.125053 0.219801 -0.335545
v -0.127350 0.201859 -0.328477
v -0.131003 0.186452 -0.317234
v -0.135764 0.174630 -0.302581
v -0.141308 0.167198 -0.285517
v -0.135941 0.310912 -0.282782
v -0.125395 0.303480 -0.297297
v -0.116339 0.291658 -0.309762
v -0.109390 0.276251 -0.319326
v -0.105022 0.258309 -0.325339
v -0.103532 0.239055 -0.327389
v -0.105022 0.219801 -0.325339
v -0.109390 0.201859 -0.319326
v -0.116339 0.186452 -0.309762
v -0.125395 0.174630 -0.297297
v -0.135941 0.167198 -0.282782
v -0.131681 0.310912 -0.278522
v -0.117166 0.303480 -0.289068
v -0.104701 0.291658 -0.298124
v -0.095137 0.276251 -0.305073
v -0.089125 0.258309 -0.309442
v -0.087074 0.239055 -0.310932
v -0.089125 0.219801 -0.309442
v -0.095137 0.201859 -0.305073
v -0.104701 0.186452 -0.298124
v -0.117166 0.174630 -0.289068
v -0.131681 0.167198 -0.278522
v -0.128947 0.310912 -0.273155
v -0.111883 0.303480 -0.278699
v -0.097230 0.291658 -0.283460
v -0.085986 0.276251 -0.287114
v -0.078918 0.258309 -0.289410
v -0.076507 0.239055 -0.290193
v -0.078918 0.219801 -0.289410
v -0.085986 0.201859 -0.287114
v -0.097230 0.186452 -0.283460
v -0.111883 0.174630 -0.278699
v -0.128947 0.167198 -0.273155
v -0.128004 0.310912 -0.267205
v -0.110062 0.303480 -0.267205
v -0.094655 0.291658 -0.267205
v -0.082833 0.276251 -0.267205
v -0.075401 0.258309 -0.267205
v -0.072866 0.239055 -0.267205
v -0.075401 0.219801 -0.267205
v -0.082833 0.201859 -0.267205
v -0.094655 0.186452 -0.267205
v -0.110062 0.174630 -0.267205
v -0.128004 0.167198 -0.267205
v -0.128947 0.310912 -0.261255
v -0.111883 0.303480 -0.255711
v -0.097230 0.291658 -0.250950
v -0.085986 0.276251 -0.247297
v -0.078918 0.258309 -0.245000
v -0.076507 0.239055 -0.244217
v -0.078918 0.219801 -0.245000
v -0.085986 0.201859 -0.247297
v -0.097230 0.186452 -0.250950
v -0.111883 0.174630 -0.255711
v -0.128947 0.167198 -0.261255
v -0.131681 0.310912 -0.255888
v -0.117166 0.303480 -0.245342
v -0.104701 0.291658 -0.236286
v -0.095137 0.276251 -0.229337
v -0.089125 0.258309 -0.224969
v -0.087074 0.239055 -0.223479
v -0.089125 0.219801 -0.224969
v -0.095137 0.201859 -0.229337
v -0.104701 0.186452 -0.236286
v -0.117166 0.174630 -0.245342
v -0.131681 0.167198 -0.255888
v -0.135941 0.310912 -0.251628
v -0.125395 0.303480 -0.237113
v -0.116339 0.291658 -0.224648
v -0.109390 0.276251 -0.215084
v -0.105022 0.258309 -0.209071
v -0.103532 0.239055 -0.207021
v -0.105022 0.219801 -0.209071
v -0.109390 0.201859 -0.215084
v -0.116339 0.186452 -0.224648
v -0.125395 0.174630 -0.237113
v -0.135941 0.167198 -0.251628
v -0.141308 0.310912 -0.248893
v -0.135764 0.303480 -0.231830
v -0.131003 0.291658 -0.217177
v -0.127350 0.276251 -0.205933
v -0.125053 0.258309 -0.198865
v -0.124270 0.239055 -0.196454
v -0.125053 0.219801 -0.198865
v -0.127350 0.201859 -0.205933
v -0.131003 0.186452 -0.217177
v -0.135764 0.174630 -0.231830
v -0.141308 0.167198 -0.248893
v -0.147258 0.310912 -0.247951
v -0.147258 0.303480 -0.230009
v -0.147258 0.291658 -0.214602
v -0.147258 0.276251 -0.202780
v -0.147258 0.258309 -0.195348
v -0.147258 0.239055 -0.192813
v -0.147258 0.219801 -0.195348
v -0.147258 0.201859 -0.202780
v -0.147258 0.186452 -0.214602
v -0.147258 0.174630 -0.230009
v -0.147258 0.167198 -0.247951
v -0.153208 0.310912 -0.248893
v -0.158752 0.303480 -0.231830
v -0.163514 0.291658 -0.217177
v -0.167167 0.276251 -0.205933
v -0.169463 0.258309 -0.198865
v -0.170247 0.239055 -0.196454
v -0.169463 0.219801 -0.198865
v -0.167167 0.201859 -0.205933
v -0.163514 0.186452 -0.217177
v -0.158752 0.174630 -0.231830
v -0.153208 0.167198 -0.248893
v -0.158576 0.310912 -0.251628
v -0.169122 0.303480 -0.237113
v -0.178178 0.291658 -0.224648
v -0.185127 0.276251 -0.215084
v -0.189495 0.258309 -0.209071
v -0.190985 0.239055 -0.207021
v -0.189495 0.219801 -0.209071
v -0.185127 0.201859 -0.215084
v -0.178178 0.186452 -0.224648
v -0.169122 0.174630 -0.237113
v -0.158576 0.167198 -0.251628
v -0.147258 0.164663 -0.267205
v -0.162835 0.310912 -0.255888
v -0.177350 0.303480 -0.245342
v -0.189815 0.291658 -0.236286
v -0.199379 0.276251 -0.229337
v -0.205392 0.258309 -0.224969
v -0.207443 0.239055 -0.223479
v -0.205392 0.219801 -0.224969
v -0.199379 0.201859 -0.229337
v -0.189815 0.186452 -0.236286
v -0.177350 0.174630 -0.245342
v -0.162835 0.167198 -0.255888
v -0.165570 0.310912 -0.261255
v -0.182634 0.303480 -0.255711
v -0.197287 0.291658 -0.250950
v -0.208530 0.276251 -0.247297
v -0.215598 0.258309 -0.245000
v -0.218009 0.239055 -0.244217
v -0.215598 0.219801 -0.245000
v -0.208530 0.201859 -0.247297
v -0.197287 0.186452 -0.250950
v -0.182634 0.174630 -0.255711
v -0.165570 0.167198 -0.261255
v -0.147258 0.313447 -0.267205
v -0.166512 0.310912 -0.267205
v -0.184454 0.303480 -0.267205
v -0.199861 0.291658 -0.267205
v -0.211684 0.276251 -0.267205
v -0.219115 0.258309 -0.267205
v -0.221650 0.239055 -0.267205
v -0.219115 0.219801 -0.267205
v -0.211684 0.201859 -0.267205
v -0.199861 0.186452 -0.267205
v -0.184454 0.174630 -0.267205
v -0.166512 0.167198 -0.267205
v -0.165570 0.310912 -0.273155
v -0.182634 0.303480 -0.278699
v -0.197287 0.291658 -0.283460
v -0.208530 0.276251 -0.287114
v -0.215599 0.258309 -0.289410
v -0.218009 0.239055 -0.290193
v -0.215599 0.219801 -0.289410
v -0.208530 0.201859 -0.287114
v -0.197287 0.186452 -0.283460
v -0.182634 0.174630 -0.278699
v -0.165570 0.167198 -0.273155
v -0.162835 0.310912 -0.278522
v -0.177350 0.303480 -0.289068
v -0.189815 0.291658 -0.298124
v -0.199379 0.276251 -0.305073
v -0.205392 0.258309 -0.309442
v -0.207443 0.239055 -0.310932
v -0.205392 0.219801 -0.309442
v -0.199379 0.201859 -0.305073
v -0.189815 0.186452 -0.298124
v -0.177350 0.174630 -0.289068
v -0.162835 0.167198 -0.278522
v -0.158576 0.310912 -0.282782
v -0.169122 0.303480 -0.297297
v -0.178178 0.291658 -0.309762
v -0.185127 0.276251 -0.319326
v -0.189495 0.258309 -0.325339
v -0.190985 0.239055 -0.327389
v -0.189495 0.219801 -0.325339
v -0.185127 0.201859 -0.319326
v -0.178178 0.186452 -0.309762
v -0.169122 0.174630 -0.297297
v -0.158576 0.167198 -0.282782
v -0.153208 0.310912 -0.285517
v -0.158752 0.303480 -0.302581
v -0.163514 0.291658 -0.317234
v -0.167167 0.276251 -0.328477
v -0.169463 0.258309 -0.335545
v -0.170247 0.239055 -0.337956
v -0.169463 0.219801 -0.335545
v -0.167167 0.201859 -0.328477
v -0.163514 0.186452 -0.317234
v -0.158752 0.174630 -0.302581
v -0.153208 0.167198 -0.285517
v -0.147258 0.310912 -0.286459
v -0.147258 0.303480 -0.304401
v -0.147258 0.258309 -0.339062
v -0.147258 0.239055 -0.341597
v -0.147258 0.219801 -0.339062
v -0.147258 0.174630 -0.304401
v -0.147258 0.167198 -0.286459
v -0.187609 0.195356 -0.366562
v -0.187609 0.148300 -0.427886
v -0.187609 0.047307 -0.427886
v -0.179532 0.195356 -0.365283
v -0.172005 0.185266 -0.388448
v -0.165541 0.169217 -0.408341
v -0.160582 0.148300 -0.423605
v -0.157464 0.123943 -0.433201
v -0.156401 0.097804 -0.436473
v -0.157464 0.071665 -0.433201
v -0.160582 0.047307 -0.423605
v -0.165541 0.026391 -0.408341
v -0.172005 0.010341 -0.388448
v -0.179532 0.000252 -0.365283
v -0.187609 0.198797 -0.340423
v -0.172245 0.195356 -0.361570
v -0.157928 0.185266 -0.381276
v -0.145634 0.169217 -0.398198
v -0.136200 0.148300 -0.411182
v -0.130270 0.123943 -0.419344
v -0.128247 0.097804 -0.422128
v -0.130270 0.071665 -0.419344
v -0.136200 0.047307 -0.411182
v -0.145634 0.026391 -0.398198
v -0.157928 0.010341 -0.381276
v -0.172245 0.000252 -0.361570
v -0.166462 0.195356 -0.355787
v -0.146757 0.185266 -0.370104
v -0.129835 0.169217 -0.382399
v -0.116850 0.148300 -0.391833
v -0.108688 0.123943 -0.397763
v -0.105904 0.097804 -0.399786
v -0.108688 0.071665 -0.397763
v -0.116850 0.047307 -0.391833
v -0.129835 0.026391 -0.382399
v -0.146757 0.010341 -0.370104
v -0.166462 0.000252 -0.355787
v -0.162750 0.195356 -0.348501
v -0.139584 0.185266 -0.356028
v -0.119691 0.169217 -0.362491
v -0.104427 0.148300 -0.367451
v -0.094832 0.123943 -0.370568
v -0.091559 0.097804 -0.371632
v -0.094832 0.071665 -0.370568
v -0.104427 0.047307 -0.367451
v -0.119691 0.026391 -0.362491
v -0.139584 0.010341 -0.356028
v -0.162750 0.000252 -0.348501
v -0.161470 0.195356 -0.340423
v -0.137113 0.185266 -0.340423
v -0.116196 0.169217 -0.340423
v -0.100147 0.148300 -0.340423
v -0.090057 0.123943 -0.340423
v -0.086616 0.097804 -0.340423
v -0.090057 0.071665 -0.340423
v -0.100147 0.047307 -0.340423
v -0.116196 0.026391 -0.340423
v -0.137113 0.010341 -0.340423
v -0.161470 0.000252 -0.340423
v -0.162750 0.195356 -0.332346
v -0.139584 0.185266 -0.324819
v -0.119691 0.169217 -0.318355
v -0.104427 0.148300 -0.313396
v -0.094832 0.123943 -0.310278
v -0.091559 0.097804 -0.309215
v -0.094832 0.071665 -0.310278
v -0.104427 0.047307 -0.313396
v -0.119691 0.026391 -0.318355
v -0.139584 0.010341 -0.324819
v -0.162750 0.000252 -0.332346
v -0.166462 0.195356 -0.325059
v -0.146757 0.185266 -0.310742
v -0.129835 0.169217 -0.298448
v -0.116850 0.148300 -0.289014
v -0.108688 0.123943 -0.283084
v -0.105904 0.097804 -0.281061
v -0.108688 0.071665 -0.283084
v -0.116850 0.047307 -0.289014
v -0.129835 0.026391 -0.298448
v -0.146757 0.010341 -0.310742
v -0.166462 0.000252 -0.325059
v -0.172245 0.195356 -0.319276
v -0.157928 0.185266 -0.299571
v -0.145634 0.169217 -0.282649
v -0.136200 0.148300 -0.269665
v -0.130270 0.123943 -0.261502
v -0.128247 0.097804 -0.258718
v -0.130270 0.071665 -0.261502
v -0.136200 0.047307 -0.269665
v -0.145634 0.026391 -0.282649
v -0.157928 0.010341 -0.299571
v -0.172245 0.000252 -0.319276
v -0.179532 0.195356 -0.315564
v -0.172005 0.185266 -0.292398
v -0.165541 0.169217 -0.272506
v -0.160582 0.148300 -0.257241
v -0.157464 0.123943 -0.247646
v -0.156401 0.097804 -0.244373
v -0.157464 0.071665 -0.247646
v -0.160582 0.047307 -0.257241
v -0.165541 0.026391 -0.272506
v -0.172005 0.010341 -0.292398
v -0.179532 0.000252 -0.315564
v -0.187609 0.195356 -0.314284
v -0.187609 0.185266 -0.289927
v -0.187609 0.169217 -0.269010
v -0.187609 0.148300 -0.252961
v -0.187609 0.123943 -0.242871
v -0.187609 0.097804 -0.239430
v -0.187609 0.071665 -0.242871
v -0.187609 0.047307 -0.252961
v -0.187609 0.026391 -0.269010
v -0.187609 0.010341 -0.289927
v -0.187609 0.000252 -0.314284
v -0.195687 0.195356 -0.315564
v -0.203214 0.185266 -0.292398
v -0.209677 0.169217 -0.272506
v -0.214637 0.148300 -0.257241
v -0.217754 0.123943 -0.247646
v -0.218818 0.097804 -0.244373
v -0.217754 0.071665 -0.247646
v -0.214637 0.047307 -0.257241
v -0.209677 0.026391 -0.272506
v -0.203214 0.010341 -0.292398
v -0.195687 0.000252 -0.315564
v -0.202973 0.195356 -0.319276
v -0.217290 0.185266 -0.299571
v -0.229585 0.169217 -0.282649
v -0.239018 0.148300 -0.269665
v -0.244949 0.123943 -0.261502
v -0.246972 0.097804 -0.258718
v -0.244949 0.071665 -0.261502
v -0.239018 0.047307 -0.269665
v -0.229585 0.026391 -0.282649
v -0.217290 0.010341 -0.299571
v -0.202973 0.000252 -0.319276
v -0.208756 0.195356 -0.325059
v -0.228462 0.185266 -0.310742
v -0.245384 0.169217 -0.298448
v -0.258368 0.148300 -0.289014
v -0.266530 0.123943 -0.283084
v -0.269314 0.097804 -0.281061
v -0.266530 0.071665 -0.283084
v -0.258368 0.047307 -0.289014
v -0.245384 0.026391 -0.298448
v -0.228462 0.010341 -0.310742
v -0.208756 0.000252 -0.325059
v -0.212469 0.195356 -0.332346
v -0.235634 0.185266 -0.324819
v -0.255527 0.169217 -0.318355
v -0.270791 0.148300 -0.313396
v -0.280387 0.123943 -0.310278
v -0.283659 0.097804 -0.309215
v -0.280387 0.071665 -0.310278
v -0.270791 0.047307 -0.313396
v -0.255527 0.026391 -0.318355
v -0.235634 0.010341 -0.324819
v -0.212469 0.000252 -0.332346
v -0.213748 0.195356 -0.340423
v -0.238106 0.185266 -0.340423
v -0.259022 0.169217 -0.340423
v -0.275072 0.148300 -0.340423
v -0.285161 0.123943 -0.340423
v -0.288602 0.097804 -0.340423
v -0.285161 0.071665 -0.340423
v -0.275072 0.047307 -0.340423
v -0.259022 0.026391 -0.340423
v -0.238106 0.010341 -0.340423
v -0.213748 0.000252 -0.340423
v -0.212469 0.195356 -0.348501
v -0.235634 0.185266 -0.356028
v -0.255527 0.169217 -0.362491
v -0.270791 0.148300 -0.367451
v -0.280387 0.123943 -0.370568
v -0.283659 0.097804 -0.371632
v -0.280387 0.071665 -0.370568
v -0.270791 0.047307 -0.367451
v -0.255527 0.026391 -0.362491
v -0.235634 0.010341 -0.356028
v -0.212469 0.000252 -0.348501
v -0.208756 0.195356 -0.355787
v -0.228462 0.185266 -0.370104
v -0.245384 0.169217 -0.382399
v -0.258368 0.148300 -0.391833
v -0.266530 0.123943 -0.397763
v -0.269314 0.097804 -0.399786
v -0.266530 0.071665 -0.397763
v -0.258368 0.047307 -0.391833
v -0.245384 0.026391 -0.382399
v -0.228462 0.010341 -0.370104
v -0.208756 0.000252 -0.355787
v -0.202973 0.195356 -0.361570
v -0.217290 0.185266 -0.381276
v -0.229585 0.169217 -0.398198
v -0.239018 0.148300 -0.411182
v -0.244949 0.123943 -0.419344
v -0.246972 0.097804 -0.422128
v -0.244949 0.071665 -0.419344
v -0.239018 0.047307 -0.411182
v -0.229585 0.026391 -0.398198
v -0.217290 0.010341 -0.381276
v -0.202973 0.000252 -0.361570
v -0.195687 0.195356 -0.365283
v -0.203214 0.185266 -0.388448
v -0.209677 0.169217 -0.408341
v -0.214637 0.148300 -0.423605
v -0.217754 0.123943 -0.433201
v -0.218818 0.097804 -0.436474
v -0.217754 0.071665 -0.433201
v -0.214637 0.047307 -0.423605
v -0.209677 0.026391 -0.408341
v -0.203214 0.010341 -0.388448
v -0.195687 0.000252 -0.365283
v -0.187609 0.185266 -0.390920
v -0.187609 0.169217 -0.411836
v -0.187609 0.123943 -0.437975
v -0.187609 0.097804 -0.441416
v -0.187609 0.071665 -0.437975
v -0.187609 0.026391 -0.411836
v -0.187609 0.010341 -0.390920
v -0.187609 0.000252 -0.366562
v -0.187609 -0.003189 -0.340423
vn 0.0180 -0.6694 -0.7426
vn -0.5308 -0.6733 -0.5147
vn -0.7581 -0.6513 0.0339
vn -0.5307 -0.6162 0.5819
vn 0.0182 -0.5885 0.8083
vn 0.5669 -0.5846 0.5804
vn 0.7942 -0.6069 0.0317
vn 0.5668 -0.6420 -0.5163
vn 0.0102 -0.1037 -0.9946
vn -0.7068 -0.1140 -0.6982
vn -0.9983 -0.0562 0.0159
vn -0.6983 0.0345 0.7150
vn 0.0038 0.1046 0.9945
vn 0.7010 0.1145 0.7039
vn 0.9982 0.0587 0.0095
vn 0.7179 -0.0316 -0.6954
vn 0.0223 -0.2062 -0.9782
vn -0.6947 -0.2274 -0.6824
vn -0.9934 -0.1123 0.0217
vn -0.7033 0.0683 0.7076
vn -0.0081 0.2079 0.9781
vn 0.6889 0.2280 0.6881
vn 0.9931 0.1176 0.0034
vn 0.7228 -0.0619 -0.6883
vn 0.0405 -0.3065 -0.9510
vn -0.6759 -0.3389 -0.6545
vn -0.9852 -0.1681 0.0338
vn -0.7103 0.1008 0.6967
vn -0.0262 0.3090 0.9507
vn 0.6700 0.3397 0.6600
vn 0.9843 0.1760 -0.0091
vn 0.7295 -0.0911 -0.6779
vn 0.0650 -0.4034 -0.9127
vn -0.6501 -0.4474 -0.6142
vn -0.9735 -0.2229 0.0521
vn -0.7192 0.1315 0.6823
vn -0.0506 0.4068 0.9121
vn 0.6442 0.4484 0.6197
vn 0.9719 0.2335 -0.0280
vn 0.7381 -0.1185 -0.6643
vn 0.0959 -0.4955 -0.8633
vn -0.6173 -0.5512 -0.5613
vn -0.9581 -0.2759 0.0768
vn -0.7300 0.1602 0.6644
vn -0.0812 0.4999 0.8623
vn 0.6112 0.5525 0.5667
vn 0.9557 0.2893 -0.0535
vn 0.7483 -0.1438 -0.6475
vn 0.1330 -0.5813 -0.8028
vn -0.5773 -0.6487 -0.4959
vn -0.9391 -0.3263 0.1081
vn -0.7427 0.1863 0.6431
vn -0.1182 0.5866 0.8012
vn 0.5711 0.6501 0.5012
vn 0.9356 0.3423 -0.0860
vn 0.7603 -0.1664 -0.6279
vn 0.1763 -0.6587 -0.7314
vn -0.5303 -0.7376 -0.4180
vn -0.9163 -0.3729 0.1459
vn -0.7572 0.2092 0.6187
vn -0.1614 0.6649 0.7292
vn 0.5239 0.7392 0.4231
vn 0.9116 0.3916 -0.1253
vn 0.7738 -0.1860 -0.6055
vn 0.2253 -0.7258 -0.6500
vn -0.4765 -0.8156 -0.3283
vn -0.8899 -0.4146 0.1901
vn -0.7734 0.2281 0.5915
vn -0.2104 0.7329 0.6470
vn 0.4699 0.8174 0.3333
vn 0.8837 0.4356 -0.1714
vn 0.7886 -0.2018 -0.5808
vn 0.2795 -0.7802 -0.5596
vn -0.4166 -0.8801 -0.2279
vn -0.8601 -0.4500 0.2401
vn -0.7909 0.2425 0.5619
vn -0.2647 0.7882 0.5556
vn 0.4098 0.8820 0.2326
vn 0.8522 0.4730 -0.2238
vn 0.8045 -0.2135 -0.5543
vn 0.3378 -0.8201 -0.4619
vn -0.3515 -0.9286 -0.1185
vn -0.8274 -0.4778 0.2953
vn -0.8093 0.2518 0.5307
vn -0.3233 0.8288 0.4568
vn 0.3446 0.9307 0.1230
vn 0.8176 0.5023 -0.2817
vn 0.8210 -0.2207 -0.5266
vn 0.3989 -0.8437 -0.3592
vn -0.2827 -0.9592 -0.0027
vn -0.7922 -0.4967 0.3545
vn -0.8282 0.2557 0.4987
vn -0.3848 0.8529 0.3529
vn 0.2756 0.9612 0.0069
vn 0.7805 0.5221 -0.3439
vn 0.8377 -0.2232 -0.4985
vn 0.4613 -0.8500 -0.2542
vn -0.2117 -0.9703 0.1167
vn -0.7555 -0.5058 0.4164
vn -0.8471 0.2540 0.4668
vn -0.4477 0.8595 0.2467
vn 0.2046 0.9723 -0.1128
vn 0.7419 0.5314 -0.4089
vn 0.8542 -0.2209 -0.4707
vn 0.5234 -0.8388 -0.1499
vn -0.1406 -0.9615 0.2363
vn -0.7182 -0.5046 0.4791
vn -0.8654 0.2469 0.4361
vn -0.5104 0.8483 0.1411
vn 0.1335 0.9633 -0.2327
vn 0.7028 0.5297 -0.4748
vn 0.8700 -0.2142 -0.4441
vn 0.5834 -0.8107 -0.0489
vn -0.0711 -0.9330 0.3529
vn -0.6812 -0.4930 0.5412
vn -0.8825 0.2350 0.4074
vn -0.5712 0.8199 0.0391
vn 0.0641 0.9347 -0.3496
vn 0.6643 0.5170 -0.5399
vn 0.8848 -0.2035 -0.4192
vn 0.6399 -0.7670 0.0460
vn -0.0051 -0.8861 0.4634
vn -0.6455 -0.4715 0.6008
vn -0.8982 0.2187 0.3813
vn -0.6285 0.7758 -0.0569
vn -0.0018 0.8877 -0.4604
vn 0.6273 0.4937 -0.6023
vn 0.8983 -0.1894 -0.3966
vn 0.6919 -0.7097 0.1329
vn 0.0561 -0.8229 0.5653
vn -0.6120 -0.4408 0.6566
vn -0.9121 0.1991 0.3584
vn -0.6811 0.7177 -0.1446
vn -0.0627 0.8243 -0.5627
vn 0.5927 0.4609 -0.6605
vn 0.9102 -0.1724 -0.3767
vn 0.7383 -0.6409 0.2102
vn 0.1113 -0.7458 0.6568
vn -0.5813 -0.4020 0.7074
vn -0.9241 0.1769 0.3389
vn -0.7283 0.6481 -0.2227
vn -0.1178 0.7469 -0.6544
vn 0.5612 0.4197 -0.7134
vn 0.9204 -0.1532 -0.3597
vn 0.7788 -0.5628 0.2771
vn 0.1598 -0.6572 0.7366
vn -0.5539 -0.3564 0.7525
vn -0.9340 0.1529 0.3228
vn -0.7694 0.5690 -0.2901
vn -0.1661 0.6581 -0.7344
vn 0.5332 0.3715 -0.7601
vn 0.9290 -0.1325 -0.3456
vn 0.8130 -0.4776 0.3330
vn 0.2014 -0.5595 0.8040
vn -0.5300 -0.3051 0.7912
vn -0.9421 0.1278 0.3102
vn -0.8043 0.4828 -0.3464
vn -0.2074 0.5602 -0.8019
vn 0.5090 0.3176 -0.8000
vn 0.9359 -0.1108 -0.3345
vn 0.8411 -0.3871 0.3779
vn 0.2357 -0.4548 0.8588
vn -0.5100 -0.2494 0.8232
vn -0.9482 0.1020 0.3008
vn -0.8328 0.3913 -0.3916
vn -0.2416 0.4554 -0.8569
vn 0.4887 0.2593 -0.8330
vn 0.9411 -0.0885 -0.3263
vn 0.8630 -0.2929 0.4118
vn 0.2630 -0.3452 0.9009
vn -0.4937 -0.1903 0.8486
vn -0.9526 0.0761 0.2945
vn -0.8551 0.2960 -0.4257
vn -0.2687 0.3456 -0.8991
vn 0.4724 0.1976 -0.8590
vn 0.9449 -0.0660 -0.3207
vn 0.8788 -0.1963 0.4349
vn 0.2832 -0.2320 0.9306
vn -0.4812 -0.1285 0.8671
vn -0.9554 0.0503 0.2911
vn -0.8712 0.1984 -0.4490
vn -0.2887 0.2323 -0.9288
vn 0.4599 0.1333 -0.8779
vn 0.9471 -0.0436 -0.3178
vn 0.8889 -0.0984 0.4474
vn 0.2965 -0.1165 0.9479
vn -0.4727 -0.0650 0.8788
vn -0.9566 0.0247 0.2904
vn -0.8814 0.0995 -0.4617
vn -0.3019 0.1168 -0.9462
vn 0.4513 0.0672 -0.8898
vn 0.9480 -0.0217 -0.3174
vn 0.6712 -0.6673 0.3229
vn 0.2170 -0.6742 0.7060
vn -0.3749 -0.6548 0.6563
vn -0.7577 -0.6202 0.2030
vn -0.7072 -0.5907 -0.3885
vn -0.2531 -0.5837 -0.7716
vn 0.3387 -0.6033 -0.7220
vn 0.7216 -0.6380 -0.2686
vn -0.0000 0.9626 -0.2709
vn -0.0000 0.7007 -0.7135
vn -0.0000 0.2556 -0.9668
vn -0.0000 -0.2556 -0.9668
vn -0.0000 -0.7007 -0.7135
vn -0.0000 -0.9626 -0.2709
vn 0.0837 0.9626 -0.2576
vn 0.1575 0.8604 -0.4847
vn 0.2205 0.7007 -0.6786
vn 0.2686 0.4944 -0.8267
vn 0.2988 0.2556 -0.9195
vn 0.3090 -0.0000 -0.9511
vn 0.2987 -0.2556 -0.9195
vn 0.2686 -0.4944 -0.8267
vn 0.2205 -0.7007 -0.6786
vn 0.1575 -0.8604 -0.4847
vn 0.0837 -0.9626 -0.2576
vn 0.1592 0.9626 -0.2192
vn 0.2996 0.8604 -0.4123
vn 0.4194 0.7007 -0.5772
vn 0.5109 0.4944 -0.7032
vn 0.5683 0.2556 -0.7821
vn 0.5878 -0.0000 -0.8090
vn 0.5683 -0.2556 -0.7821
vn 0.5109 -0.4945 -0.7032
vn 0.4194 -0.7007 -0.5772
vn 0.2996 -0.8604 -0.4123
vn 0.1592 -0.9626 -0.2192
vn -0.0000 1.0000 -0.0000
vn 0.2192 0.9626 -0.1592
vn 0.4123 0.8604 -0.2996
vn 0.5772 0.7007 -0.4194
vn 0.7032 0.4944 -0.5109
vn 0.7821 0.2556 -0.5683
vn 0.8090 -0.0000 -0.5878
vn 0.7821 -0.2556 -0.5683
vn 0.7032 -0.4944 -0.5109
vn 0.5772 -0.7007 -0.4194
vn 0.4123 -0.8604 -0.2996
vn 0.2192 -0.9626 -0.1592
vn 0.2577 0.9626 -0.0837
vn 0.4847 0.8604 -0.1575
vn 0.6786 0.7007 -0.2205
vn 0.8267 0.4944 -0.2686
vn 0.9195 0.2556 -0.2988
vn 0.9511 -0.0000 -0.3090
vn 0.9195 -0.2556 -0.2987
vn 0.8267 -0.4945 -0.2686
vn 0.6786 -0.7007 -0.2205
vn 0.4847 -0.8604 -0.1575
vn 0.2577 -0.9626 -0.0837
vn 0.2709 0.9626 -0.0000
vn 0.5097 0.8604 -0.0000
vn 0.7135 0.7007 -0.0000
vn 0.8692 0.4945 -0.0000
vn 0.9668 0.2556 -0.0000
vn 1.0000 -0.0000 -0.0000
vn 0.9668 -0.2556 -0.0000
vn 0.8692 -0.4944 -0.0000
vn 0.7135 -0.7007 -0.0000
vn 0.5097 -0.8604 -0.0000
vn 0.2709 -0.9626 -0.0000
vn 0.2577 0.9626 0.0837
vn 0.4847 0.8604 0.1575
vn 0.6786 0.7007 0.2205
vn 0.8267 0.4944 0.2686
vn 0.9195 0.2556 0.2988
vn 0.9511 -0.0000 0.3090
vn 0.9195 -0.2556 0.2987
vn 0.8267 -0.4944 0.2686
vn 0.6786 -0.7007 0.2205
vn 0.4847 -0.8604 0.1575
vn 0.2577 -0.9626 0.0837
vn 0.2192 0.9626 0.1592
vn 0.4123 0.8604 0.2996
vn 0.5772 0.7007 0.4194
vn 0.7032 0.4944 0.5109
vn 0.7821 0.2556 0.5683
vn 0.8090 -0.0000 0.5878
vn 0.7821 -0.2556 0.5683
vn 0.7032 -0.4944 0.5109
vn 0.5772 -0.7007 0.4194
vn 0.4123 -0.8604 0.2996
vn 0.2192 -0.9626 0.1592
vn 0.1592 0.9626 0.2192
vn 0.2996 0.8604 0.4123
vn 0.4194 0.7007 0.5772
vn 0.5109 0.4945 0.7032
vn 0.5683 0.2556 0.7821
vn 0.5878 -0.0000 0.8090
vn 0.5683 -0.2556 0.7821
vn 0.5109 -0.4945 0.7032
vn 0.4194 -0.7007 0.5772
vn 0.2996 -0.8604 0.4123
vn 0.1592 -0.9626 0.2192
vn 0.0837 0.9626 0.2577
vn 0.1575 0.8604 0.4847
vn 0.2205 0.7007 0.6786
vn 0.2686 0.4944 0.8267
vn 0.2988 0.2556 0.9195
vn 0.3090 -0.0000 0.9511
vn 0.2988 -0.2556 0.9195
vn 0.2686 -0.4944 0.8267
vn 0.2205 -0.7006 0.6786
vn 0.1575 -0.8604 0.4847
vn 0.0837 -0.9626 0.2577
vn -0.0000 0.9626 0.2709
vn -0.0000 0.8604 0.5097
vn -0.0000 0.7007 0.7135
vn -0.0000 0.4945 0.8692
vn -0.0000 0.2556 0.9668
vn -0.0000 -0.0000 1.0000
vn -0.0000 -0.2556 0.9668
vn -0.0000 -0.4945 0.8692
vn -0.0000 -0.7007 0.7135
vn -0.0000 -0.8604 0.5097
vn -0.0000 -0.9626 0.2709
vn -0.0837 0.9626 0.2577
vn -0.1575 0.8604 0.4847
vn -0.2205 0.7007 0.6786
vn -0.2686 0.4944 0.8267
vn -0.2988 0.2556 0.9195
vn -0.3090 -0.0000 0.9511
vn -0.2987 -0.2556 0.9195
vn -0.2686 -0.4944 0.8267
vn -0.2205 -0.7007 0.6786
vn -0.1575 -0.8604 0.4847
vn -0.0837 -0.9626 0.2577
vn -0.0000 -1.0000 -0.0000
vn -0.1592 0.9626 0.2192
vn -0.2996 0.8604 0.4123
vn -0.4194 0.7007 0.5772
vn -0.5109 0.4944 0.7032
vn -0.5683 0.2556 0.7821
vn -0.5878 -0.0000 0.8090
vn -0.5683 -0.2556 0.7821
vn -0.5109 -0.4945 0.7032
vn -0.4194 -0.7007 0.5772
vn -0.2996 -0.8604 0.4123
vn -0.1592 -0.9626 0.2192
vn -0.2192 0.9626 0.1592
vn -0.4123 0.8604 0.2996
vn -0.5772 0.7007 0.4194
vn -0.7032 0.4944 0.5109
vn -0.7821 0.2556 0.5683
vn -0.8090 -0.0000 0.5878
vn -0.7821 -0.2556 0.5683
vn -0.7032 -0.4944 0.5109
vn -0.5772 -0.7007 0.4194
vn -0.4123 -0.8604 0.2996
vn -0.2192 -0.9626 0.1592
vn -0.2577 0.9626 0.0837
vn -0.4847 0.8604 0.1575
vn -0.6786 0.7007 0.2205
vn -0.8267 0.4945 0.2686
vn -0.9195 0.2556 0.2988
vn -0.9511 -0.0000 0.3090
vn -0.9195 -0.2556 0.2988
vn -0.8267 -0.4945 0.2686
vn -0.6786 -0.7007 0.2205
vn -0.4847 -0.8604 0.1575
vn -0.2577 -0.9626 0.0837
vn -0.2709 0.9626 -0.0000
vn -0.5097 0.8604 -0.0000
vn -0.7135 0.7007 -0.0000
vn -0.8692 0.4944 -0.0000
vn -0.9668 0.2556 -0.0000
vn -1.0000 -0.0000 -0.0000
vn -0.9668 -0.2556 -0.0000
vn -0.8692 -0.4945 -0.0000
vn -0.7135 -0.7007 -0.0000
vn -0.5097 -0.8604 -0.0000
vn -0.2709 -0.9626 -0.0000
vn -0.2577 0.9626 -0.0837
vn -0.4847 0.8604 -0.1575
vn -0.6786 0.7007 -0.2205
vn -0.8267 0.4945 -0.2686
vn -0.9195 0.2556 -0.2988
vn -0.9511 -0.0000 -0.3090
vn -0.9195 -0.2556 -0.2988
vn -0.8267 -0.4944 -0.2686
vn -0.6786 -0.7007 -0.2205
vn -0.4847 -0.8604 -0.1575
vn -0.2577 -0.9626 -0.0837
vn -0.2192 0.9626 -0.1592
vn -0.4123 0.8604 -0.2996
vn -0.5772 0.7007 -0.4194
vn -0.7032 0.4944 -0.5109
vn -0.7821 0.2556 -0.5683
vn -0.8090 -0.0000 -0.5878
vn -0.7821 -0.2556 -0.5683
vn -0.7032 -0.4944 -0.5109
vn -0.5772 -0.7007 -0.4194
vn -0.4123 -0.8604 -0.2996
vn -0.2192 -0.9626 -0.1592
vn -0.1592 0.9626 -0.2192
vn -0.2996 0.8604 -0.4123
vn -0.4194 0.7007 -0.5772
vn -0.5109 0.4944 -0.7032
vn -0.5683 0.2556 -0.7821
vn -0.5878 -0.0000 -0.8090
vn -0.5683 -0.2556 -0.7821
vn -0.5109 -0.4944 -0.7032
vn -0.4194 -0.7007 -0.5772
vn -0.2996 -0.8604 -0.4123
vn -0.1592 -0.9626 -0.2192
vn -0.0837 0.9626 -0.2576
vn -0.1575 0.8604 -0.4847
vn -0.2205 0.7007 -0.6786
vn -0.2686 0.4944 -0.8267
vn -0.2987 0.2556 -0.9195
vn -0.3090 -0.0000 -0.9511
vn -0.2987 -0.2556 -0.9195
vn -0.2686 -0.4944 -0.8267
vn -0.2205 -0.7007 -0.6786
vn -0.1575 -0.8604 -0.4847
vn -0.0837 -0.9626 -0.2577
vn -0.0000 0.8604 -0.5097
vn -0.0000 0.4945 -0.8692
vn -0.0000 -0.0000 -1.0000
vn -0.0000 -0.4945 -0.8692
vn -0.0000 -0.8604 -0.5097
vn 0.0837 0.9626 -0.2577
vn 0.2686 -0.4945 -0.8267
vn 0.0837 -0.9626 -0.2577
vn 0.2576 0.9626 -0.0837
vn 0.9195 -0.2556 -0.2988
vn 0.8267 -0.4944 -0.2686
vn 0.8692 -0.4945 -0.0000
vn 0.9195 -0.2556 0.2988
vn 0.2987 0.2556 0.9195
vn 0.2205 -0.7007 0.6786
vn -0.0000 0.4944 0.8692
vn -0.0000 -0.4944 0.8692
vn -0.2987 0.2556 0.9195
vn -0.2686 -0.4945 0.8267
vn -0.5109 0.4945 0.7032
vn -0.5109 -0.4944 0.7032
vn -0.8267 0.4944 0.2686
vn -0.9195 0.2556 0.2987
vn -0.8267 -0.4944 0.2686
vn -0.8692 0.4945 -0.0000
vn -0.8692 -0.4944 -0.0000
vn -0.8267 0.4944 -0.2686
vn -0.9195 0.2556 -0.2987
vn -0.9195 -0.2556 -0.2987
vn -0.0837 0.9626 -0.2577
vn -0.2988 0.2556 -0.9195
vn -0.0000 0.4944 -0.8692
vn -0.0000 -0.4944 -0.8692
vn 0.2686 0.4945 -0.8267
vn 0.2987 0.2556 -0.9195
vn 0.5109 -0.4944 -0.7032
vn 0.7032 -0.4945 -0.5109
vn 0.9195 0.2556 -0.2987
vn 0.8692 0.4944 -0.0000
vn 0.8267 0.4945 0.2686
vn 0.5109 0.4944 0.7032
vn 0.5109 -0.4944 0.7032
vn -0.5109 -0.4945 -0.7032
vn -0.2988 -0.2556 -0.9195
vn 0.2988 -0.2556 -0.9195
vn 0.8267 0.4945 -0.2686
vn 0.7032 -0.4945 0.5109
vn 0.0837 0.9626 0.2576
vn 0.2987 -0.2556 0.9195
vn 0.0837 -0.9626 0.2576
vn -0.0837 0.9626 0.2576
vn -0.2988 -0.2556 0.9195
vn -0.0837 -0.9626 0.2576
vn -0.2576 0.9626 0.0837
vn -0.9195 -0.2556 0.2987
vn -0.8267 -0.4945 -0.2686
vn -0.7032 0.4945 -0.5109
vn -0.2686 0.4945 -0.8267
vn -0.0837 -0.9626 -0.2576
vn 0.5109 0.4945 -0.7032
vn 0.2576 -0.9626 -0.0837
vn 0.2686 0.4945 0.8267
vn 0.2686 -0.4945 0.8267
vn -0.7032 -0.4945 0.5109
vn -0.2576 -0.9626 0.0837
vn -0.7032 -0.4945 -0.5109
vn -0.5109 0.4945 -0.7032
vn 0.7032 0.4945 -0.5109
vn 0.2576 0.9626 0.0837
vn -0.2686 0.4945 0.8267
vn -0.2686 -0.4945 -0.8267
vt 0.163963 0.459585
vt 0.137805 0.467388
vt 0.137831 0.459301
vt 0.163736 0.473671
vt 0.163884 0.467672
vt 0.219198 0.387461
vt 0.193355 0.377788
vt 0.219689 0.379381
vt 0.218901 0.393297
vt 0.192386 0.385824
vt 0.086221 0.254823
vt 0.093648 0.227403
vt 0.094306 0.254632
vt 0.079569 0.228072
vt 0.085563 0.227541
vt 0.345353 0.006347
vt 0.319382 0.016022
vt 0.318412 0.007986
vt 0.345846 0.014426
vt 0.320056 0.021828
vt 0.112644 0.467275
vt 0.112559 0.459190
vt 0.111600 0.473291
vt 0.165864 0.380984
vt 0.167780 0.373120
vt 0.164442 0.386671
vt 0.085121 0.199968
vt 0.093206 0.199941
vt 0.079120 0.201095
vt 0.293540 0.020683
vt 0.291622 0.012820
vt 0.294963 0.026370
vt 0.088236 0.467351
vt 0.088035 0.459267
vt 0.086607 0.473386
vt 0.140259 0.373049
vt 0.143106 0.365474
vt 0.138098 0.378527
vt 0.084897 0.173170
vt 0.092982 0.173258
vt 0.078885 0.174882
vt 0.268588 0.028357
vt 0.265740 0.020782
vt 0.270750 0.033834
vt 0.065007 0.467611
vt 0.064686 0.459531
vt 0.062812 0.473671
vt 0.116007 0.362155
vt 0.119756 0.354984
vt 0.113125 0.367328
vt 0.084896 0.147598
vt 0.092981 0.147806
vt 0.078868 0.149876
vt 0.244955 0.038910
vt 0.241204 0.031740
vt 0.247838 0.044083
vt 0.043357 0.468051
vt 0.042914 0.459974
vt 0.122175 0.350017
vt 0.098134 0.341837
vt 0.101077 0.337211
vt 0.093524 0.348484
vt 0.089947 0.353258
vt 0.085121 0.123685
vt 0.093203 0.124016
vt 0.238784 0.026773
vt 0.218433 0.045514
vt 0.215489 0.040889
vt 0.223045 0.052160
vt 0.226623 0.056933
vt 0.023657 0.468660
vt 0.023092 0.460589
vt 0.078609 0.326265
vt 0.082037 0.322053
vt 0.073193 0.332268
vt 0.068961 0.336546
vt 0.085569 0.101841
vt 0.093647 0.102294
vt 0.197816 0.061875
vt 0.194387 0.057664
vt 0.203234 0.067877
vt 0.207466 0.072155
vt 0.006241 0.469427
vt 0.005555 0.461363
vt 0.061513 0.308541
vt 0.065376 0.304811
vt 0.055364 0.313784
vt 0.050532 0.317470
vt 0.086233 0.082444
vt 0.094306 0.083018
vt 0.179708 0.080550
vt 0.175844 0.076821
vt 0.185858 0.085792
vt 0.190691 0.089477
vt 0.416873 0.257826
vt 0.397098 0.265773
vt 0.397677 0.257747
vt 0.047133 0.288975
vt 0.051369 0.285792
vt 0.040346 0.293347
vt 0.034983 0.296348
vt 0.124312 0.317571
vt 0.115690 0.296834
vt 0.123737 0.296223
vt 0.164424 0.101226
vt 0.160187 0.098044
vt 0.171212 0.105597
vt 0.176576 0.108596
vt 0.376550 0.265700
vt 0.377010 0.257677
vt 0.378567 0.272146
vt 0.028397 0.271307
vt 0.035709 0.267905
vt 0.022590 0.273539
vt 0.115217 0.273701
vt 0.123263 0.273209
vt 0.108897 0.271754
vt 0.159545 0.126953
vt 0.152232 0.123552
vt 0.165352 0.129183
vt 0.354900 0.265636
vt 0.355222 0.257619
vt 0.356266 0.272104
vt 0.019725 0.248044
vt 0.027428 0.245695
vt 0.013579 0.249434
vt 0.114855 0.249278
vt 0.122899 0.248926
vt 0.108524 0.247985
vt 0.151053 0.149498
vt 0.143350 0.147149
vt 0.157199 0.150886
vt 0.332515 0.265584
vt 0.332680 0.257572
vt 0.333201 0.272073
vt 0.014480 0.223959
vt 0.022422 0.222720
vt 0.008114 0.224454
vt 0.114610 0.223991
vt 0.122653 0.223796
vt 0.108264 0.223379
vt 0.145880 0.172848
vt 0.137938 0.171611
vt 0.152246 0.173342
vt 0.309764 0.265543
vt 0.309758 0.257537
vt 0.309760 0.272055
vt 0.012750 0.199469
vt 0.020771 0.199369
vt 0.006295 0.199037
vt 0.114489 0.198283
vt 0.122528 0.198260
vt 0.108124 0.198362
vt 0.144115 0.196610
vt 0.136095 0.196512
vt 0.150570 0.196177
vt 0.287022 0.265515
vt 0.286834 0.257514
vt 0.286336 0.272049
vt 0.014565 0.174996
vt 0.022498 0.176035
vt 0.008155 0.173632
vt 0.114492 0.172610
vt 0.122527 0.172769
vt 0.108106 0.173370
vt 0.145789 0.220381
vt 0.137857 0.221421
vt 0.152199 0.219015
vt 0.264663 0.265499
vt 0.264288 0.257504
vt 0.263323 0.272056
vt 0.019890 0.150963
vt 0.027574 0.153107
vt 0.013658 0.148686
vt 0.114621 0.147426
vt 0.122651 0.147773
vt 0.108210 0.148839
vt 0.150878 0.243756
vt 0.143195 0.245902
vt 0.157110 0.241478
vt 0.243057 0.265496
vt 0.242495 0.257507
vt 0.241106 0.272075
vt 0.028628 0.127783
vt 0.035914 0.130971
vt 0.022700 0.124637
vt 0.114873 0.123175
vt 0.122896 0.123708
vt 0.108434 0.125196
vt 0.159299 0.266339
vt 0.152014 0.269528
vt 0.165227 0.263192
vt 0.222566 0.265505
vt 0.221822 0.257522
vt 0.220060 0.272106
vt 0.040625 0.105853
vt 0.047381 0.110000
vt 0.035113 0.101901
vt 0.115243 0.100279
vt 0.123259 0.100993
vt 0.108775 0.102852
vt 0.170913 0.287743
vt 0.164158 0.291891
vt 0.176424 0.283790
vt 0.203540 0.265526
vt 0.202625 0.257549
vt 0.200544 0.272148
vt 0.055672 0.085546
vt 0.061786 0.090551
vt 0.050674 0.080867
vt 0.115726 0.079130
vt 0.123734 0.080014
vt 0.109227 0.082190
vt 0.185526 0.307599
vt 0.179413 0.312606
vt 0.190523 0.302919
vt 0.186308 0.265558
vt 0.185236 0.257587
vt 0.182891 0.272200
vt 0.073507 0.067206
vt 0.078888 0.072957
vt 0.069103 0.061889
vt 0.116312 0.060087
vt 0.124312 0.061127
vt 0.198188 0.292938
vt 0.218931 0.286702
vt 0.215896 0.293641
vt 0.202892 0.325566
vt 0.197511 0.331318
vt 0.207295 0.320248
vt 0.237180 0.501534
vt 0.256759 0.493192
vt 0.255670 0.501043
vt 0.238390 0.493671
vt 0.254141 0.486246
vt 0.093822 0.051144
vt 0.098400 0.057524
vt 0.090077 0.045284
vt 0.217159 0.301495
vt 0.236267 0.294118
vt 0.237408 0.301962
vt 0.238838 0.287155
vt 0.222715 0.341331
vt 0.218138 0.347712
vt 0.226459 0.335471
vt 0.277279 0.492903
vt 0.276329 0.500745
vt 0.275153 0.485934
vt 0.116270 0.037630
vt 0.119992 0.044519
vt 0.113233 0.031325
vt 0.258945 0.294365
vt 0.259947 0.302200
vt 0.261024 0.287382
vt 0.244657 0.354622
vt 0.240937 0.361512
vt 0.247694 0.348316
vt 0.299600 0.492810
vt 0.298805 0.500644
vt 0.297986 0.485824
vt 0.140467 0.026893
vt 0.143293 0.034173
vt 0.138174 0.020240
vt 0.283543 0.294378
vt 0.284390 0.302206
vt 0.285109 0.287381
vt 0.268343 0.365207
vt 0.265519 0.372487
vt 0.270635 0.358554
vt 0.323338 0.492917
vt 0.322710 0.500745
vt 0.322248 0.485919
vt 0.165999 0.019111
vt 0.167904 0.026666
vt 0.164478 0.012208
vt 0.309641 0.294159
vt 0.310322 0.301982
vt 0.310683 0.287154
vt 0.293367 0.372901
vt 0.291463 0.380456
vt 0.294887 0.365998
vt 0.348079 0.493224
vt 0.347628 0.501046
vt 0.347521 0.486218
vt 0.192431 0.014417
vt 0.193400 0.022132
vt 0.191699 0.007360
vt 0.336802 0.293713
vt 0.337305 0.301532
vt 0.337312 0.286703
vt 0.319298 0.377571
vt 0.318331 0.385286
vt 0.320028 0.370513
vt 0.373649 0.501534
vt 0.373716 0.486707
vt 0.374007 0.493712
vt 0.219191 0.012866
vt 0.219689 0.020620
vt 0.218859 0.005770
vt 0.363952 0.293039
vt 0.364362 0.300858
vt 0.345317 0.386867
vt 0.345813 0.379113
vt 0.606556 0.780870
vt 0.592760 0.786592
vt 0.587046 0.772770
vt 0.899250 0.540113
vt 0.893535 0.526295
vt 0.907333 0.520564
vt 0.941213 0.804199
vt 0.945008 0.797753
vt 0.948607 0.804430
vt 0.939552 0.635112
vt 0.946706 0.629966
vt 0.941921 0.636360
vt 0.938213 0.746369
vt 0.940821 0.754486
vt 0.935829 0.747585
vt 0.942597 0.829132
vt 0.948566 0.837459
vt 0.941172 0.837227
vt 0.942619 0.812035
vt 0.950865 0.812293
vt 0.936793 0.643216
vt 0.931247 0.741192
vt 0.935854 0.738842
vt 0.944949 0.844463
vt 0.938912 0.844274
vt 0.951628 0.820807
vt 0.943091 0.820539
vt 0.927389 0.735742
vt 0.933903 0.732419
vt 0.942131 0.627555
vt 0.950824 0.624470
vt 0.950844 0.829390
vt 0.820388 0.953311
vt 0.829979 0.960167
vt 0.824312 0.960100
vt 0.817071 0.936831
vt 0.825644 0.928353
vt 0.825085 0.936925
vt 0.922219 0.740915
vt 0.955925 0.629712
vt 0.950313 0.633673
vt 0.825659 0.945465
vt 0.817919 0.945374
vt 0.820360 0.920254
vt 0.829938 0.913417
vt 0.827300 0.920335
vt 0.943788 0.638279
vt 0.933937 0.749479
vt 0.827328 0.953392
vt 0.817904 0.928263
vt 0.927592 0.744850
vt 0.932722 0.751864
vt 0.835679 0.953435
vt 0.834958 0.928401
vt 0.944970 0.640681
vt 0.925245 0.749459
vt 0.836797 0.960201
vt 0.834727 0.936974
vt 0.918899 0.747433
vt 0.959156 0.636274
vt 0.952598 0.638313
vt 0.834973 0.945512
vt 0.835651 0.920378
vt 0.953337 0.643432
vt 0.845055 0.936974
vt 0.844949 0.945512
vt 0.844059 0.913452
vt 0.844594 0.920378
vt 0.945353 0.643330
vt 0.932303 0.754508
vt 0.844623 0.953435
vt 0.844934 0.928401
vt 0.924436 0.754566
vt 0.844100 0.960201
vt 0.917755 0.754656
vt 0.925244 0.759674
vt 0.853284 0.953392
vt 0.851172 0.960167
vt 0.854595 0.928353
vt 0.855056 0.936925
vt 0.918899 0.761879
vt 0.960202 0.643513
vt 0.952458 0.648528
vt 0.854609 0.945465
vt 0.853256 0.920335
vt 0.944898 0.645968
vt 0.932721 0.757152
vt 0.950047 0.653104
vt 0.943650 0.648337
vt 0.933936 0.759536
vt 0.860816 0.953311
vt 0.860787 0.920254
vt 0.862995 0.928263
vt 0.927591 0.764280
vt 0.857321 0.960100
vt 0.863753 0.936831
vt 0.922217 0.768394
vt 0.958959 0.650721
vt 0.863010 0.945374
vt 0.857281 0.913351
vt 0.931246 0.767935
vt 0.927386 0.773562
vt 0.955549 0.657192
vt 0.946341 0.656711
vt 0.699134 0.928286
vt 0.707877 0.937058
vt 0.699964 0.936799
vt 0.706144 0.904630
vt 0.709428 0.911865
vt 0.702333 0.911634
vt 0.941731 0.650204
vt 0.935828 0.761428
vt 0.702375 0.944663
vt 0.709469 0.944894
vt 0.699942 0.919702
vt 0.707855 0.919961
vt 0.959781 0.660322
vt 0.950307 0.662292
vt 0.707326 0.928554
vt 0.939329 0.651387
vt 0.935852 0.770281
vt 0.711995 0.951529
vt 0.717907 0.945016
vt 0.718884 0.951628
vt 0.717266 0.920097
vt 0.717069 0.928694
vt 0.933900 0.776880
vt 0.941701 0.658995
vt 0.717288 0.937194
vt 0.711937 0.904819
vt 0.717865 0.911987
vt 0.938212 0.762642
vt 0.718826 0.904918
vt 0.726820 0.911987
vt 0.936680 0.651769
vt 0.940855 0.763060
vt 0.726861 0.945016
vt 0.727253 0.920097
vt 0.940957 0.771087
vt 0.726196 0.951628
vt 0.727409 0.928694
vt 0.941120 0.778020
vt 0.936507 0.666568
vt 0.936582 0.659734
vt 0.727275 0.937194
vt 0.946063 0.770276
vt 0.948341 0.776873
vt 0.931485 0.658855
vt 0.736861 0.937058
vt 0.726137 0.904918
vt 0.735414 0.911865
vt 0.934042 0.651314
vt 0.943498 0.762640
vt 0.735456 0.944894
vt 0.736840 0.919961
vt 0.733213 0.951529
vt 0.737333 0.928554
vt 0.745086 0.919702
vt 0.931673 0.650066
vt 0.950669 0.767926
vt 0.739250 0.951340
vt 0.745871 0.928286
vt 0.954855 0.773550
vt 0.929299 0.665326
vt 0.926910 0.656445
vt 0.745108 0.936799
vt 0.739192 0.904630
vt 0.742808 0.911634
vt 0.945882 0.761424
vt 0.742850 0.944663
vt 0.964486 0.771576
vt 0.958154 0.777912
vt 0.923303 0.652738
vt 0.929806 0.648148
vt 0.947775 0.759530
vt 0.916809 0.295303
vt 0.922093 0.287204
vt 0.923749 0.295222
vt 0.914367 0.270182
vt 0.923777 0.262165
vt 0.922108 0.270092
vt 0.954325 0.764268
vt 0.926387 0.302140
vt 0.920721 0.302206
vt 0.921534 0.278632
vt 0.913520 0.278726
vt 0.960025 0.768377
vt 0.922828 0.661916
vt 0.914353 0.287294
vt 0.931422 0.270045
vt 0.931176 0.278583
vt 0.963344 0.761859
vt 0.914496 0.650112
vt 0.921018 0.648098
vt 0.931407 0.287156
vt 0.933246 0.255356
vt 0.932128 0.262122
vt 0.928623 0.645746
vt 0.948990 0.757144
vt 0.932099 0.295179
vt 0.956672 0.759659
vt 0.933205 0.302105
vt 0.941397 0.270045
vt 0.928241 0.643096
vt 0.957481 0.754552
vt 0.940508 0.302105
vt 0.941504 0.278583
vt 0.964488 0.754635
vt 0.920279 0.642979
vt 0.941383 0.287156
vt 0.941072 0.262122
vt 0.949408 0.754500
vt 0.941043 0.295179
vt 0.951043 0.287204
vt 0.947621 0.255390
vt 0.949733 0.262165
vt 0.928696 0.640458
vt 0.948990 0.751857
vt 0.949705 0.295222
vt 0.951058 0.270092
vt 0.956672 0.749444
vt 0.947580 0.302140
vt 0.951505 0.278632
vt 0.963345 0.747413
vt 0.913451 0.642873
vt 0.921158 0.637883
vt 0.960202 0.278726
vt 0.960026 0.740898
vt 0.918103 0.629195
vt 0.923569 0.633307
vt 0.959444 0.287294
vt 0.953770 0.255456
vt 0.957265 0.262246
vt 0.929944 0.638089
vt 0.947775 0.749472
vt 0.957236 0.295303
vt 0.959458 0.270182
vt 0.954326 0.744838
vt 0.953729 0.302206
vt 0.905700 0.829390
vt 0.915186 0.837227
vt 0.908091 0.837459
vt 0.905721 0.812293
vt 0.915227 0.804199
vt 0.913634 0.812035
vt 0.931862 0.636222
vt 0.945883 0.747580
vt 0.950671 0.741183
vt 0.911902 0.844463
vt 0.917694 0.844274
vt 0.913084 0.820539
vt 0.904892 0.820807
vt 0.954857 0.735729
vt 0.923345 0.624094
vt 0.927276 0.629700
vt 0.913613 0.829132
vt 0.958157 0.731592
vt 0.964488 0.737922
vt 0.922827 0.820399
vt 0.923024 0.828996
vt 0.917753 0.797564
vt 0.923664 0.804077
vt 0.931915 0.627416
vt 0.934264 0.635040
vt 0.943499 0.746366
vt 0.923623 0.837106
vt 0.923045 0.811899
vt 0.946065 0.738837
vt 0.924583 0.844174
vt 0.948344 0.732412
vt 0.929907 0.620863
vt 0.932577 0.837106
vt 0.931895 0.844174
vt 0.933166 0.820399
vt 0.941123 0.731272
vt 0.937146 0.619818
vt 0.937034 0.626677
vt 0.933011 0.828996
vt 0.931953 0.797464
vt 0.932619 0.804077
vt 0.936914 0.634657
vt 0.940856 0.745949
vt 0.933032 0.811899
vt 0.940959 0.738031
vt 0.669172 0.131395
vt 0.682624 0.120494
vt 0.679455 0.131717
vt 0.669229 0.085456
vt 0.682654 0.096715
vt 0.671184 0.096355
vt 0.679020 0.265439
vt 0.682857 0.254168
vt 0.686151 0.255904
vt 0.690035 0.684701
vt 0.680345 0.677502
vt 0.686751 0.674233
vt 0.666028 0.141195
vt 0.674425 0.141458
vt 0.683715 0.108556
vt 0.671840 0.108184
vt 0.674977 0.669923
vt 0.684037 0.665300
vt 0.689535 0.234624
vt 0.692808 0.247011
vt 0.686444 0.243658
vt 0.671154 0.120135
vt 0.666110 0.076228
vt 0.679513 0.085778
vt 0.693663 0.695991
vt 0.686719 0.686393
vt 0.667788 0.677119
vt 0.705630 0.246657
vt 0.697824 0.252166
vt 0.005801 0.676929
vt 0.017746 0.688938
vt 0.006980 0.688812
vt 0.015817 0.644271
vt 0.020028 0.653986
vt 0.010375 0.653873
vt 0.688748 0.258572
vt 0.684087 0.689028
vt 0.010415 0.699851
vt 0.020068 0.699964
vt 0.017726 0.665138
vt 0.006959 0.665012
vt 0.675262 0.682591
vt 0.023754 0.709386
vt 0.015873 0.709294
vt 0.016947 0.677060
vt 0.030680 0.665204
vt 0.690393 0.261913
vt 0.682398 0.692346
vt 0.671998 0.689001
vt 0.033237 0.709435
vt 0.030359 0.677128
vt 0.663172 0.686185
vt 0.701002 0.258620
vt 0.030701 0.689004
vt 0.033181 0.644412
vt 0.031643 0.654045
vt 0.031682 0.700023
vt 0.043338 0.644412
vt 0.044082 0.654045
vt 0.702030 0.265739
vt 0.690925 0.265598
vt 0.681816 0.696023
vt 0.044122 0.700023
vt 0.044555 0.665204
vt 0.670874 0.696106
vt 0.043394 0.709435
vt 0.044723 0.677128
vt 0.661582 0.696232
vt 0.710124 0.255784
vt 0.044575 0.689004
vt 0.058634 0.677060
vt 0.671999 0.703209
vt 0.663173 0.706278
vt 0.711578 0.265852
vt 0.700808 0.272828
vt 0.058012 0.688938
vt 0.056129 0.653986
vt 0.690293 0.269268
vt 0.682398 0.699700
vt 0.056169 0.699964
vt 0.057991 0.665138
vt 0.053231 0.709386
vt 0.066605 0.653873
vt 0.069675 0.665012
vt 0.688557 0.272562
vt 0.675263 0.709616
vt 0.061784 0.709294
vt 0.070729 0.676929
vt 0.667790 0.715338
vt 0.709849 0.275877
vt 0.697455 0.279192
vt 0.069695 0.688812
vt 0.061727 0.644271
vt 0.684088 0.703017
vt 0.066644 0.699851
vt 0.507341 0.658803
vt 0.517581 0.647334
vt 0.518347 0.659163
vt 0.515937 0.614059
vt 0.520504 0.624123
vt 0.510637 0.623801
vt 0.692299 0.284209
vt 0.685888 0.275159
vt 0.686720 0.705648
vt 0.510694 0.669740
vt 0.520562 0.670062
vt 0.507311 0.635024
vt 0.518317 0.635383
vt 0.680348 0.714699
vt 0.705107 0.284878
vt 0.702063 0.297920
vt 0.697816 0.291972
vt 0.506187 0.646962
vt 0.674981 0.722526
vt 0.531132 0.647530
vt 0.686754 0.717960
vt 0.684041 0.727139
vt 0.685846 0.287386
vt 0.531436 0.659352
vt 0.523994 0.614323
vt 0.532239 0.624293
vt 0.682548 0.276804
vt 0.690036 0.707336
vt 0.532297 0.670232
vt 0.531406 0.635572
vt 0.533657 0.679428
vt 0.524075 0.679290
vt 0.544751 0.670232
vt 0.544694 0.624293
vt 0.545297 0.635572
vt 0.678862 0.277336
vt 0.693856 0.719081
vt 0.543826 0.679428
vt 0.545513 0.647530
vt 0.694084 0.728724
vt 0.688690 0.296466
vt 0.678727 0.288414
vt 0.545327 0.659352
vt 0.533575 0.614461
vt 0.693712 0.707916
vt 0.558660 0.659163
vt 0.543744 0.614461
vt 0.556648 0.624123
vt 0.675193 0.276703
vt 0.697388 0.707332
vt 0.556706 0.670062
vt 0.558630 0.635383
vt 0.700957 0.717952
vt 0.553586 0.679290
vt 0.559317 0.647334
vt 0.704126 0.727127
vt 0.668596 0.296191
vt 0.671638 0.287192
vt 0.561983 0.679027
vt 0.571191 0.646962
vt 0.707363 0.714683
vt 0.713186 0.722504
vt 0.665274 0.283839
vt 0.570130 0.658803
vt 0.561902 0.614059
vt 0.566932 0.623801
vt 0.671899 0.274967
vt 0.700704 0.705640
vt 0.566989 0.669740
vt 0.570100 0.635024
vt 0.703336 0.703005
vt 0.649952 0.198948
vt 0.663020 0.209974
vt 0.653368 0.210087
vt 0.653407 0.164109
vt 0.660738 0.175023
vt 0.649972 0.175148
vt 0.669302 0.272299
vt 0.712447 0.709594
vt 0.666690 0.219597
vt 0.658809 0.219689
vt 0.648793 0.187031
vt 0.659939 0.186901
vt 0.720375 0.715308
vt 0.659596 0.291449
vt 0.660257 0.278683
vt 0.660718 0.198822
vt 0.726581 0.719757
vt 0.717776 0.728571
vt 0.652502 0.284158
vt 0.657079 0.272230
vt 0.673351 0.186833
vt 0.673672 0.198756
vt 0.663060 0.163996
vt 0.676229 0.154526
vt 0.674675 0.163937
vt 0.667657 0.268958
vt 0.705025 0.699687
vt 0.674635 0.209915
vt 0.673693 0.174956
vt 0.715711 0.703184
vt 0.676173 0.219549
vt 0.724991 0.706242
vt 0.705607 0.696010
vt 0.716835 0.696079
vt 0.687074 0.209915
vt 0.686330 0.219549
vt 0.687715 0.186833
vt 0.726581 0.696195
vt 0.646554 0.264963
vt 0.656051 0.265110
vt 0.687547 0.198756
vt 0.687114 0.163937
vt 0.667125 0.265273
vt 0.687567 0.174956
vt 0.667758 0.261603
vt 0.705025 0.692333
vt 0.699121 0.209974
vt 0.701004 0.175023
vt 0.715710 0.688976
vt 0.696167 0.219597
vt 0.701626 0.186901
vt 0.724990 0.686149
vt 0.657274 0.258022
vt 0.700983 0.198822
vt 0.686386 0.154526
vt 0.699161 0.163996
vt 0.720373 0.677089
vt 0.648283 0.254938
vt 0.660627 0.251657
vt 0.712667 0.198948
vt 0.696223 0.154574
vt 0.709636 0.164109
vt 0.669493 0.258309
vt 0.703335 0.689016
vt 0.709597 0.210087
vt 0.712688 0.175148
vt 0.712445 0.682570
vt 0.704719 0.219689
vt 0.713721 0.187031
vt 0.672162 0.255712
vt 0.700703 0.686385
vt 0.707361 0.677487
vt 0.623160 0.131717
vt 0.636517 0.141195
vt 0.628460 0.141458
vt 0.618711 0.108556
vt 0.630870 0.096355
vt 0.630105 0.108184
vt 0.713183 0.669901
vt 0.653024 0.245938
vt 0.665782 0.246641
vt 0.630841 0.120135
vt 0.619835 0.120494
vt 0.717772 0.664145
vt 0.726578 0.672949
vt 0.633028 0.131395
vt 0.623218 0.085778
vt 0.619865 0.096715
vt 0.636599 0.076228
vt 0.644821 0.085286
vt 0.633085 0.085456
vt 0.672236 0.243463
vt 0.675502 0.254067
vt 0.697387 0.684697
vt 0.644763 0.131225
vt 0.643959 0.096166
vt 0.700954 0.674225
vt 0.646099 0.141057
vt 0.643656 0.107988
vt 0.704122 0.665288
vt 0.660316 0.238843
vt 0.643930 0.119946
vt 0.694080 0.663703
vt 0.669442 0.234349
vt 0.679355 0.242435
vt 0.657821 0.119946
vt 0.646180 0.076090
vt 0.657275 0.085286
vt 0.679188 0.253535
vt 0.693711 0.684117
vt 0.657217 0.131225
vt 0.657850 0.096166
vt 0.693853 0.673104
vt 0.656268 0.141057
vt 0.658036 0.107988
vt 0.656349 0.076090
vt 0.819045 0.782574
vt 0.822023 0.793847
vt 0.816232 0.790795
vt 0.818653 0.306218
vt 0.828467 0.317421
vt 0.818029 0.317094
vt 0.813438 0.277136
vt 0.825636 0.285827
vt 0.816277 0.285534
vt 0.812968 0.800360
vt 0.815965 0.801940
vt 0.316100 0.812973
vt 0.319402 0.823247
vt 0.313082 0.814513
vt 0.816225 0.327341
vt 0.825584 0.327634
vt 0.828494 0.295780
vt 0.818056 0.295453
vt 0.809475 0.810618
vt 0.313112 0.803447
vt 0.307282 0.806422
vt 0.813364 0.336260
vt 0.821006 0.336499
vt 0.829460 0.306556
vt 0.302397 0.799524
vt 0.310642 0.795317
vt 0.073780 0.795463
vt 0.085673 0.785429
vt 0.083578 0.795578
vt 0.818329 0.804369
vt 0.302656 0.811053
vt 0.076925 0.827168
vt 0.089064 0.835846
vt 0.081891 0.835762
vt 0.072726 0.806308
vt 0.082869 0.806427
vt 0.295854 0.806073
vt 0.833692 0.793525
vt 0.826588 0.798539
vt 0.083596 0.817237
vt 0.073799 0.817122
vt 0.081840 0.776588
vt 0.076889 0.785326
vt 0.310688 0.816910
vt 0.085709 0.827271
vt 0.095386 0.817297
vt 0.089013 0.776672
vt 0.096243 0.785483
vt 0.829480 0.804411
vt 0.819826 0.807409
vt 0.309150 0.819930
vt 0.096279 0.827325
vt 0.095367 0.795638
vt 0.299686 0.816886
vt 0.097694 0.835890
vt 0.095074 0.806489
vt 0.291654 0.814323
vt 0.108146 0.806489
vt 0.298663 0.823352
vt 0.290207 0.823467
vt 0.837782 0.801831
vt 0.830416 0.810891
vt 0.108012 0.817297
vt 0.097643 0.776716
vt 0.107564 0.785483
vt 0.820310 0.810762
vt 0.308621 0.823277
vt 0.107600 0.827325
vt 0.107993 0.795638
vt 0.106937 0.835890
vt 0.120240 0.817237
vt 0.118563 0.827271
vt 0.120221 0.795578
vt 0.819734 0.814102
vt 0.309151 0.826623
vt 0.299687 0.829816
vt 0.115889 0.835846
vt 0.120806 0.806427
vt 0.291655 0.832609
vt 0.837532 0.820117
vt 0.829304 0.817342
vt 0.115838 0.776672
vt 0.118527 0.785429
vt 0.130873 0.817122
vt 0.123621 0.776588
vt 0.128060 0.785326
vt 0.818155 0.817100
vt 0.310688 0.829641
vt 0.128096 0.827168
vt 0.130854 0.795463
vt 0.302658 0.835646
vt 0.123673 0.835762
vt 0.131813 0.806308
vt 0.295857 0.840854
vt 0.826252 0.823133
vt 0.838572 0.832269
vt 0.826581 0.834764
vt 0.833216 0.828307
vt 0.430540 0.778333
vt 0.439886 0.789536
vt 0.429517 0.789198
vt 0.302400 0.847396
vt 0.821560 0.827698
vt 0.440583 0.800301
vt 0.430567 0.799973
vt 0.433566 0.768120
vt 0.445722 0.759494
vt 0.442546 0.768413
vt 0.815726 0.819463
vt 0.313084 0.832035
vt 0.442599 0.810220
vt 0.433619 0.809926
vt 0.440556 0.778660
vt 0.307285 0.840272
vt 0.316101 0.833572
vt 0.453278 0.810374
vt 0.452468 0.778832
vt 0.812686 0.820960
vt 0.313115 0.843240
vt 0.454516 0.818743
vt 0.445796 0.818617
vt 0.452218 0.789714
vt 0.310645 0.851593
vt 0.818276 0.838853
vt 0.815687 0.830590
vt 0.452495 0.800473
vt 0.454442 0.759620
vt 0.453226 0.768567
vt 0.809113 0.840176
vt 0.809208 0.831526
vt 0.465136 0.800473
vt 0.464560 0.768567
vt 0.809332 0.821444
vt 0.319447 0.834100
vt 0.464612 0.810374
vt 0.465109 0.778832
vt 0.319577 0.844260
vt 0.463770 0.818743
vt 0.465306 0.789714
vt 0.319785 0.853036
vt 0.326040 0.843233
vt 0.472653 0.818617
vt 0.477867 0.789536
vt 0.328924 0.851583
vt 0.802757 0.830413
vt 0.477270 0.800301
vt 0.472578 0.759494
vt 0.475439 0.768413
vt 0.805993 0.820868
vt 0.322792 0.833568
vt 0.475491 0.810220
vt 0.477243 0.778660
vt 0.802995 0.819289
vt 0.325810 0.832028
vt 0.484850 0.809926
vt 0.484798 0.768120
vt 0.487681 0.778333
vt 0.331870 0.840258
vt 0.480294 0.818378
vt 0.488674 0.789198
vt 0.337169 0.847376
vt 0.799990 0.838603
vt 0.796966 0.827362
vt 0.487708 0.799973
vt 0.343712 0.840826
vt 0.791799 0.834288
vt 0.792400 0.822670
vt 0.216328 0.810456
vt 0.227179 0.821187
vt 0.217382 0.821301
vt 0.341346 0.852896
vt 0.349359 0.844875
vt 0.800632 0.816860
vt 0.328205 0.829631
vt 0.229275 0.831336
vt 0.220490 0.831438
vt 0.220526 0.789596
vt 0.227198 0.799528
vt 0.217400 0.799642
vt 0.336496 0.835627
vt 0.232614 0.840093
vt 0.225442 0.840176
vt 0.226471 0.810338
vt 0.799135 0.813820
vt 0.339466 0.829793
vt 0.241245 0.840049
vt 0.238676 0.810275
vt 0.347912 0.832576
vt 0.781253 0.819347
vt 0.789509 0.816797
vt 0.238968 0.821127
vt 0.232665 0.780919
vt 0.239881 0.789440
vt 0.229311 0.789493
vt 0.329742 0.826611
vt 0.239844 0.831282
vt 0.238987 0.799468
vt 0.241296 0.780875
vt 0.251201 0.789440
vt 0.798650 0.810466
vt 0.330272 0.823264
vt 0.251165 0.831282
vt 0.251614 0.799468
vt 0.340490 0.823328
vt 0.250488 0.840049
vt 0.251748 0.810275
vt 0.349359 0.823433
vt 0.779930 0.810184
vt 0.788573 0.810318
vt 0.251595 0.821127
vt 0.347911 0.814291
vt 0.781503 0.801061
vt 0.789685 0.803867
vt 0.263823 0.821187
vt 0.259491 0.780919
vt 0.262165 0.789493
vt 0.799226 0.807127
vt 0.329742 0.819918
vt 0.262129 0.831336
vt 0.263842 0.799528
vt 0.339466 0.816863
vt 0.259439 0.840093
vt 0.264407 0.810338
vt 0.274474 0.799642
vt 0.800806 0.804129
vt 0.336495 0.811033
vt 0.267223 0.840176
vt 0.275415 0.810456
vt 0.343709 0.806046
vt 0.792737 0.798075
vt 0.274456 0.821301
vt 0.271698 0.789596
vt 0.328204 0.816900
vt 0.271661 0.831438
vt 0.349356 0.802278
vt 0.337166 0.799504
vt 0.341342 0.794266
vt 0.803234 0.801766
vt 0.325809 0.814506
vt 0.774352 0.327634
vt 0.781342 0.317094
vt 0.783332 0.327341
vt 0.774405 0.285827
vt 0.781369 0.295453
vt 0.771353 0.295780
vt 0.331868 0.806407
vt 0.786508 0.336260
vt 0.779176 0.336499
vt 0.770303 0.306556
vt 0.780672 0.306218
vt 0.792454 0.786414
vt 0.797429 0.793510
vt 0.771326 0.317421
vt 0.793281 0.295282
vt 0.793004 0.306040
vt 0.328921 0.795306
vt 0.800759 0.782324
vt 0.803301 0.790618
vt 0.793253 0.316922
vt 0.786582 0.277136
vt 0.794064 0.285380
vt 0.783385 0.285534
vt 0.806274 0.800269
vt 0.322791 0.812969
vt 0.794012 0.327187
vt 0.326037 0.803439
vt 0.795228 0.336134
vt 0.805922 0.295282
vt 0.809628 0.799784
vt 0.319575 0.802419
vt 0.805346 0.327187
vt 0.804482 0.336134
vt 0.806091 0.306040
vt 0.319781 0.793863
vt 0.809922 0.781001
vt 0.809780 0.789683
vt 0.805895 0.316922
vt 0.795302 0.277011
vt 0.805398 0.285380
vt 0.319445 0.812441
vt 0.804556 0.277011
vt 0.868056 0.530523
vt 0.878756 0.520659
vt 0.877827 0.530829
vt 0.863759 0.493121
vt 0.875177 0.501256
vt 0.866416 0.500982
vt 0.858577 0.155629
vt 0.867054 0.149532
vt 0.861383 0.157107
vt 0.333232 0.532619
vt 0.336321 0.542236
vt 0.330407 0.534060
vt 0.875128 0.540388
vt 0.866367 0.540114
vt 0.877852 0.510572
vt 0.868081 0.510266
vt 0.855308 0.165230
vt 0.324979 0.526486
vt 0.330436 0.523701
vt 0.863690 0.548463
vt 0.870843 0.548687
vt 0.868640 0.520342
vt 0.320407 0.520029
vt 0.328125 0.516091
vt 0.861632 0.146675
vt 0.871933 0.143020
vt 0.863595 0.159380
vt 0.320648 0.530820
vt 0.840601 0.396392
vt 0.844174 0.388444
vt 0.847314 0.396471
vt 0.833008 0.358671
vt 0.841516 0.368934
vt 0.832021 0.368823
vt 0.314282 0.526158
vt 0.871327 0.153923
vt 0.833025 0.378945
vt 0.842196 0.379052
vt 0.835918 0.349183
vt 0.847266 0.341082
vt 0.844140 0.349279
vt 0.328165 0.536304
vt 0.835952 0.388348
vt 0.842179 0.358779
vt 0.854034 0.349329
vt 0.874034 0.159421
vt 0.864997 0.162226
vt 0.326726 0.539130
vt 0.854068 0.388495
vt 0.853214 0.358835
vt 0.317867 0.536280
vt 0.855392 0.396512
vt 0.852940 0.368992
vt 0.310349 0.533880
vt 0.881804 0.157005
vt 0.853231 0.379108
vt 0.308994 0.542438
vt 0.874909 0.165485
vt 0.865050 0.379108
vt 0.863996 0.341123
vt 0.864631 0.349329
vt 0.865450 0.165365
vt 0.326230 0.542263
vt 0.864664 0.388495
vt 0.865033 0.358835
vt 0.316909 0.542332
vt 0.864044 0.396512
vt 0.865176 0.368992
vt 0.874892 0.349279
vt 0.876479 0.358779
vt 0.864911 0.168491
vt 0.317866 0.548383
vt 0.872423 0.396471
vt 0.877026 0.368934
vt 0.310348 0.550996
vt 0.883042 0.165582
vt 0.873868 0.171524
vt 0.876496 0.379052
vt 0.872375 0.341082
vt 0.326725 0.545395
vt 0.874926 0.388444
vt 0.883816 0.349183
vt 0.863432 0.171297
vt 0.328164 0.548220
vt 0.883849 0.388348
vt 0.886431 0.358671
vt 0.320647 0.553840
vt 0.879709 0.396392
vt 0.887329 0.368823
vt 0.314280 0.558714
vt 0.881570 0.174121
vt 0.871012 0.176945
vt 0.886449 0.378945
vt 0.492128 0.840930
vt 0.500876 0.851417
vt 0.491171 0.851100
vt 0.320404 0.564838
vt 0.877531 0.181788
vt 0.866620 0.181218
vt 0.492154 0.861187
vt 0.501529 0.861493
vt 0.499476 0.823072
vt 0.503366 0.831645
vt 0.494961 0.831371
vt 0.861159 0.173509
vt 0.330406 0.550461
vt 0.495010 0.870503
vt 0.503415 0.870778
vt 0.501503 0.841237
vt 0.324977 0.558170
vt 0.882544 0.185496
vt 0.871320 0.187831
vt 0.512653 0.841398
vt 0.858314 0.174910
vt 0.330434 0.560950
vt 0.514570 0.878756
vt 0.506408 0.878638
vt 0.512419 0.851584
vt 0.328121 0.568768
vt 0.861123 0.183925
vt 0.512678 0.861654
vt 0.506339 0.823297
vt 0.513363 0.831790
vt 0.333231 0.551900
vt 0.513412 0.870922
vt 0.524670 0.851584
vt 0.524511 0.861654
vt 0.523163 0.823414
vt 0.523972 0.831790
vt 0.855058 0.184801
vt 0.855174 0.175364
vt 0.336362 0.552395
vt 0.524021 0.870922
vt 0.524486 0.841398
vt 0.336483 0.561905
vt 0.523232 0.878756
vt 0.336676 0.570120
vt 0.863546 0.191659
vt 0.536428 0.851417
vt 0.342532 0.560944
vt 0.345231 0.568760
vt 0.854969 0.192898
vt 0.849020 0.183759
vt 0.535869 0.861493
vt 0.531477 0.823297
vt 0.534155 0.831645
vt 0.852049 0.174825
vt 0.339493 0.551897
vt 0.534204 0.870778
vt 0.535843 0.841237
vt 0.531547 0.878638
vt 0.542964 0.870503
vt 0.545614 0.840930
vt 0.849242 0.173346
vt 0.347990 0.558160
vt 0.538699 0.878414
vt 0.546543 0.851100
vt 0.352949 0.564823
vt 0.838763 0.187386
vt 0.843599 0.180903
vt 0.545639 0.861187
vt 0.538630 0.823072
vt 0.542915 0.831371
vt 0.342318 0.550456
vt 0.828721 0.451716
vt 0.837229 0.441454
vt 0.837892 0.451609
vt 0.356858 0.569991
vt 0.359074 0.558694
vt 0.364360 0.562484
vt 0.839326 0.176511
vt 0.847030 0.171073
vt 0.344560 0.548212
vt 0.839854 0.461109
vt 0.831631 0.461205
vt 0.831665 0.422039
vt 0.837910 0.431336
vt 0.828739 0.431443
vt 0.352321 0.553826
vt 0.842980 0.469306
vt 0.836266 0.469384
vt 0.827735 0.441565
vt 0.832720 0.181175
vt 0.851058 0.469265
vt 0.848654 0.441396
vt 0.355102 0.548366
vt 0.363007 0.550972
vt 0.836619 0.171014
vt 0.848927 0.451553
vt 0.839887 0.421943
vt 0.851106 0.413876
vt 0.849781 0.421893
vt 0.845629 0.168227
vt 0.346000 0.545386
vt 0.849747 0.461059
vt 0.848945 0.431279
vt 0.346496 0.542253
vt 0.860746 0.451553
vt 0.860344 0.461059
vt 0.860764 0.431279
vt 0.845176 0.165088
vt 0.356060 0.542314
vt 0.859710 0.469265
vt 0.860889 0.441396
vt 0.364362 0.542413
vt 0.828891 0.173401
vt 0.835743 0.164950
vt 0.859758 0.413876
vt 0.860378 0.421893
vt 0.827653 0.164824
vt 0.836784 0.158911
vt 0.872739 0.441454
vt 0.872192 0.451609
vt 0.870640 0.421943
vt 0.845715 0.161962
vt 0.346000 0.539121
vt 0.870606 0.461109
vt 0.872210 0.431336
vt 0.355102 0.536263
vt 0.868089 0.469306
vt 0.363008 0.533856
vt 0.352322 0.530805
vt 0.875374 0.469384
vt 0.883042 0.441565
vt 0.359076 0.526138
vt 0.829125 0.156284
vt 0.839641 0.153490
vt 0.882144 0.451716
vt 0.875422 0.413996
vt 0.879563 0.422039
vt 0.847193 0.159156
vt 0.344561 0.536296
vt 0.879529 0.461205
vt 0.882162 0.431443
vt 0.844032 0.149217
vt 0.849467 0.156944
vt 0.342319 0.534055
vt 0.824341 0.530829
vt 0.835579 0.540114
vt 0.827173 0.540388
vt 0.827222 0.501256
vt 0.833741 0.510266
vt 0.824366 0.510572
vt 0.347992 0.526475
vt 0.838551 0.548463
vt 0.831688 0.548687
vt 0.833089 0.520342
vt 0.823383 0.520659
vt 0.352952 0.520014
vt 0.833165 0.148618
vt 0.833716 0.530523
vt 0.356862 0.515111
vt 0.364362 0.522611
vt 0.345235 0.516084
vt 0.839375 0.142574
vt 0.849529 0.146510
vt 0.844632 0.520176
vt 0.844866 0.530362
vt 0.838621 0.493121
vt 0.845624 0.500838
vt 0.835628 0.500982
vt 0.852312 0.155543
vt 0.339495 0.532616
vt 0.845576 0.539970
vt 0.844891 0.510105
vt 0.342535 0.523696
vt 0.846713 0.548345
vt 0.855451 0.155090
vt 0.336486 0.522740
vt 0.855376 0.548345
vt 0.856882 0.520176
vt 0.336680 0.514732
vt 0.847150 0.138746
vt 0.855594 0.145634
vt 0.856698 0.530362
vt 0.846783 0.493003
vt 0.856233 0.500838
vt 0.336363 0.532121
vt 0.856184 0.539970
vt 0.856724 0.510105
vt 0.864266 0.138980
vt 0.780184 0.036528
vt 0.783718 0.026147
vt 0.786752 0.027746
vt 0.782942 0.388116
vt 0.774019 0.381484
vt 0.779919 0.378474
vt 0.792489 0.182557
vt 0.797328 0.191826
vt 0.789594 0.191584
vt 0.794947 0.161180
vt 0.804906 0.150617
vt 0.805883 0.161523
vt 0.769076 0.374503
vt 0.777420 0.370246
vt 0.787022 0.016467
vt 0.798158 0.012515
vt 0.792883 0.019555
vt 0.804879 0.172518
vt 0.794315 0.172187
vt 0.789669 0.131749
vt 0.802013 0.140544
vt 0.792542 0.140248
vt 0.786282 0.398513
vt 0.779888 0.389674
vt 0.801960 0.182854
vt 0.794342 0.150286
vt 0.512464 0.775946
vt 0.523465 0.787006
vt 0.513550 0.786890
vt 0.516677 0.754711
vt 0.528947 0.745953
vt 0.525567 0.754815
vt 0.789144 0.030204
vt 0.777464 0.392099
vt 0.516714 0.797057
vt 0.525604 0.797161
vt 0.523447 0.765086
vt 0.513531 0.764970
vt 0.769336 0.386170
vt 0.528999 0.805839
vt 0.521740 0.805754
vt 0.522730 0.776066
vt 0.762453 0.381130
vt 0.797503 0.024304
vt 0.537733 0.805883
vt 0.535082 0.776129
vt 0.758201 0.389479
vt 0.808831 0.027635
vt 0.800430 0.030247
vt 0.535397 0.787067
vt 0.536264 0.754870
vt 0.790659 0.033280
vt 0.775907 0.395155
vt 0.536301 0.797216
vt 0.535378 0.765147
vt 0.766330 0.392074
vt 0.775371 0.398542
vt 0.547758 0.797216
vt 0.547721 0.754870
vt 0.548156 0.765147
vt 0.791149 0.036674
vt 0.765293 0.398617
vt 0.547087 0.805883
vt 0.548311 0.776129
vt 0.756736 0.398732
vt 0.801377 0.036804
vt 0.548175 0.787067
vt 0.537681 0.745997
vt 0.810170 0.036908
vt 0.800251 0.043333
vt 0.561123 0.776066
vt 0.560550 0.787006
vt 0.556095 0.745953
vt 0.558817 0.754815
vt 0.790566 0.040054
vt 0.775907 0.401929
vt 0.558853 0.797161
vt 0.560531 0.765086
vt 0.766329 0.405159
vt 0.556147 0.805839
vt 0.758200 0.407984
vt 0.769335 0.411060
vt 0.564024 0.805754
vt 0.572263 0.775946
vt 0.762451 0.416330
vt 0.808578 0.046142
vt 0.797163 0.049194
vt 0.571311 0.786890
vt 0.563972 0.745868
vt 0.568464 0.754711
vt 0.788968 0.043088
vt 0.777463 0.404983
vt 0.568501 0.797057
vt 0.571292 0.764970
vt 0.792415 0.053815
vt 0.786510 0.045480
vt 0.779887 0.407407
vt 0.145880 0.786888
vt 0.158056 0.797257
vt 0.148968 0.796960
vt 0.145852 0.764987
vt 0.158003 0.754947
vt 0.155989 0.765318
vt 0.774017 0.415742
vt 0.809631 0.058440
vt 0.797496 0.060965
vt 0.804211 0.054431
vt 0.155311 0.776325
vt 0.144817 0.775982
vt 0.769073 0.422951
vt 0.156016 0.787219
vt 0.153796 0.745678
vt 0.148915 0.754651
vt 0.779917 0.418747
vt 0.777416 0.427200
vt 0.786471 0.056741
vt 0.167791 0.776505
vt 0.168071 0.787393
vt 0.170042 0.746048
vt 0.168811 0.755104
vt 0.783433 0.046995
vt 0.782941 0.408962
vt 0.168864 0.797413
vt 0.168044 0.765492
vt 0.170117 0.805883
vt 0.161292 0.805756
vt 0.780039 0.047485
vt 0.786457 0.419780
vt 0.179482 0.805883
vt 0.181036 0.776505
vt 0.786666 0.428661
vt 0.789090 0.065104
vt 0.779914 0.057688
vt 0.180865 0.787393
vt 0.179407 0.746048
vt 0.180282 0.755104
vt 0.786326 0.409497
vt 0.180335 0.797413
vt 0.180837 0.765492
vt 0.188397 0.745921
vt 0.191291 0.754947
vt 0.776659 0.046902
vt 0.789712 0.408959
vt 0.191344 0.797257
vt 0.193117 0.765318
vt 0.792998 0.418741
vt 0.188472 0.805756
vt 0.193749 0.776325
vt 0.795915 0.427192
vt 0.779817 0.066443
vt 0.773385 0.056562
vt 0.193144 0.787219
vt 0.798898 0.415731
vt 0.804260 0.422935
vt 0.770584 0.064850
vt 0.767524 0.053474
vt 0.204686 0.775982
vt 0.203709 0.786888
vt 0.200763 0.754651
vt 0.773625 0.045303
vt 0.792766 0.407401
vt 0.200816 0.796960
vt 0.203681 0.764987
vt 0.196205 0.805514
vt 0.756764 0.550008
vt 0.763516 0.560060
vt 0.753600 0.560175
vt 0.771234 0.042845
vt 0.803581 0.411045
vt 0.756727 0.592354
vt 0.768997 0.601113
vt 0.761739 0.601198
vt 0.762780 0.571000
vt 0.752515 0.571120
vt 0.810882 0.416308
vt 0.762295 0.060483
vt 0.762904 0.048726
vt 0.753581 0.582095
vt 0.763497 0.581980
vt 0.816597 0.420406
vt 0.808486 0.428523
vt 0.795190 0.404975
vt 0.765617 0.592251
vt 0.765654 0.549905
vt 0.777783 0.541182
vt 0.776351 0.549850
vt 0.769719 0.039769
vt 0.796746 0.401919
vt 0.776315 0.592196
vt 0.775447 0.559999
vt 0.806587 0.405141
vt 0.777732 0.601068
vt 0.775132 0.570937
vt 0.815134 0.407959
vt 0.755761 0.053768
vt 0.759977 0.042782
vt 0.775428 0.581919
vt 0.788361 0.570937
vt 0.816600 0.398705
vt 0.751622 0.045362
vt 0.759030 0.036225
vt 0.788207 0.581919
vt 0.787808 0.549850
vt 0.769229 0.036375
vt 0.797283 0.398532
vt 0.787772 0.592196
vt 0.788225 0.559999
vt 0.807624 0.398598
vt 0.787086 0.601068
vt 0.798904 0.549905
vt 0.800601 0.560060
vt 0.769811 0.032995
vt 0.806588 0.392056
vt 0.796145 0.601113
vt 0.801173 0.571000
vt 0.815136 0.389453
vt 0.750283 0.036089
vt 0.760156 0.029696
vt 0.800582 0.581980
vt 0.787138 0.541182
vt 0.796747 0.395146
vt 0.798867 0.592251
vt 0.812313 0.571120
vt 0.811342 0.582095
vt 0.796197 0.541227
vt 0.808551 0.550008
vt 0.763244 0.023835
vt 0.771410 0.029961
vt 0.795191 0.392091
vt 0.808515 0.592354
vt 0.811361 0.560175
vt 0.803582 0.386155
vt 0.804023 0.601198
vt 0.810885 0.381108
vt 0.751875 0.026856
vt 0.747077 0.150617
vt 0.756508 0.161180
vt 0.746014 0.161523
vt 0.804263 0.374487
vt 0.756242 0.018567
vt 0.767992 0.019215
vt 0.747050 0.172518
vt 0.757186 0.172187
vt 0.808490 0.369186
vt 0.816600 0.377296
vt 0.773868 0.027569
vt 0.792767 0.389668
vt 0.759201 0.182557
vt 0.750112 0.182854
vt 0.759254 0.140248
vt 0.757214 0.150286
vt 0.798900 0.381473
vt 0.762414 0.191584
vt 0.754994 0.191826
vt 0.769241 0.172013
vt 0.770009 0.182402
vt 0.769269 0.150112
vt 0.776944 0.026054
vt 0.793000 0.378468
vt 0.771239 0.191457
vt 0.768989 0.161000
vt 0.795919 0.370238
vt 0.762957 0.012033
vt 0.773936 0.016288
vt 0.771314 0.131621
vt 0.770062 0.140092
vt 0.789713 0.388113
vt 0.782234 0.161000
vt 0.782035 0.172013
vt 0.781532 0.140092
vt 0.780493 0.015341
vt 0.780339 0.025564
vt 0.786328 0.387578
vt 0.781479 0.182402
vt 0.782062 0.150112
vt 0.786460 0.377435
vt 0.780605 0.191457
vt 0.786670 0.368776
vt 0.771363 0.007894
vt 0.789869 0.008147
vt 0.780680 0.131621
vt 0.955575 0.054340
vt 0.948667 0.049206
vt 0.953235 0.046875
vt 0.643338 0.965885
vt 0.647084 0.973061
vt 0.641097 0.972874
vt 0.645241 0.949334
vt 0.652952 0.941156
vt 0.653709 0.949599
vt 0.951300 0.040505
vt 0.944840 0.043801
vt 0.959487 0.518555
vt 0.961820 0.527388
vt 0.957282 0.524997
vt 0.652931 0.958112
vt 0.644752 0.957856
vt 0.643379 0.933127
vt 0.647143 0.926735
vt 0.650712 0.933357
vt 0.957074 0.533729
vt 0.954725 0.532492
vt 0.958161 0.062391
vt 0.953211 0.055547
vt 0.650671 0.966115
vt 0.644773 0.940900
vt 0.951988 0.540529
vt 0.065994 0.960499
vt 0.073101 0.952119
vt 0.073671 0.960589
vt 0.072295 0.928738
vt 0.075298 0.935666
vt 0.068415 0.935585
vt 0.958925 0.535632
vt 0.951334 0.057425
vt 0.068444 0.968371
vt 0.075327 0.968451
vt 0.073656 0.943618
vt 0.065979 0.943528
vt 0.945041 0.052834
vt 0.072335 0.975105
vt 0.077955 0.975170
vt 0.065154 0.952026
vt 0.939712 0.048932
vt 0.965904 0.521937
vt 0.965397 0.531064
vt 0.082894 0.943665
vt 0.082665 0.952168
vt 0.942713 0.057405
vt 0.936420 0.055396
vt 0.970963 0.527136
vt 0.967663 0.535666
vt 0.082909 0.960636
vt 0.084677 0.928839
vt 0.083580 0.935708
vt 0.960098 0.538014
vt 0.950129 0.059791
vt 0.083609 0.968494
vt 0.084717 0.975205
vt 0.092802 0.960636
vt 0.092479 0.968494
vt 0.092788 0.943665
vt 0.960478 0.540642
vt 0.941911 0.062471
vt 0.091960 0.975205
vt 0.092907 0.952168
vt 0.935285 0.062560
vt 0.975205 0.540823
vt 0.968396 0.540743
vt 0.091920 0.928839
vt 0.092451 0.935708
vt 0.949714 0.062413
vt 0.102384 0.960589
vt 0.098934 0.928804
vt 0.101041 0.935666
vt 0.967525 0.545798
vt 0.960027 0.543259
vt 0.950129 0.065035
vt 0.101070 0.968451
vt 0.102369 0.943618
vt 0.942713 0.067536
vt 0.098974 0.975170
vt 0.102827 0.952119
vt 0.936419 0.069723
vt 0.105073 0.975105
vt 0.110700 0.943528
vt 0.111452 0.952026
vt 0.939710 0.076185
vt 0.970591 0.554390
vt 0.965134 0.550336
vt 0.110715 0.960499
vt 0.108511 0.935585
vt 0.958789 0.545608
vt 0.951333 0.067400
vt 0.108539 0.968371
vt 0.945040 0.072105
vt 0.953210 0.069276
vt 0.925636 0.173129
vt 0.931093 0.165587
vt 0.932672 0.173359
vt 0.925595 0.140371
vt 0.931071 0.148630
vt 0.923223 0.148374
vt 0.956886 0.547459
vt 0.948665 0.075730
vt 0.974787 0.557494
vt 0.965392 0.559448
vt 0.930547 0.157152
vt 0.922422 0.156887
vt 0.944837 0.081311
vt 0.961457 0.553913
vt 0.923245 0.165331
vt 0.935119 0.133613
vt 0.932631 0.140601
vt 0.958884 0.562653
vt 0.956856 0.556179
vt 0.940426 0.165722
vt 0.940999 0.140722
vt 0.954504 0.548632
vt 0.955574 0.070480
vt 0.941040 0.173480
vt 0.940405 0.148765
vt 0.953233 0.078056
vt 0.942010 0.180038
vt 0.935177 0.179939
vt 0.940209 0.157292
vt 0.951297 0.084601
vt 0.958196 0.070895
vt 0.958297 0.078856
vt 0.949261 0.180038
vt 0.950310 0.148765
vt 0.950464 0.157292
vt 0.958459 0.085732
vt 0.951779 0.556912
vt 0.950331 0.165722
vt 0.941952 0.133711
vt 0.949880 0.140722
vt 0.951876 0.549012
vt 0.949921 0.173480
vt 0.946724 0.556040
vt 0.949259 0.548561
vt 0.960817 0.070478
vt 0.958445 0.173359
vt 0.958404 0.140601
vt 0.959818 0.148630
vt 0.963361 0.078051
vt 0.956221 0.179939
vt 0.960307 0.157152
vt 0.965620 0.084594
vt 0.944555 0.562457
vt 0.959839 0.165587
vt 0.949203 0.133711
vt 0.967929 0.075721
vt 0.972081 0.081299
vt 0.942186 0.553649
vt 0.968775 0.156887
vt 0.968018 0.165331
vt 0.962151 0.133425
vt 0.965737 0.140371
vt 0.946910 0.547323
vt 0.963181 0.069272
vt 0.965778 0.173129
vt 0.967997 0.148374
vt 0.962209 0.179751
vt 0.945059 0.545420
vt 0.965058 0.067394
vt 0.971555 0.072093
vt 0.199157 0.970501
vt 0.208657 0.977282
vt 0.203037 0.977348
vt 0.196736 0.945587
vt 0.203843 0.953968
vt 0.195895 0.954060
vt 0.977208 0.076168
vt 0.933079 0.553877
vt 0.938609 0.549973
vt 0.204398 0.962468
vt 0.196721 0.962558
vt 0.981632 0.079341
vt 0.975353 0.085625
vt 0.206040 0.970421
vt 0.199185 0.937715
vt 0.204413 0.945497
vt 0.208697 0.930916
vt 0.214350 0.937593
vt 0.206068 0.937635
vt 0.943886 0.543038
vt 0.966263 0.065028
vt 0.213636 0.962421
vt 0.214322 0.970378
vt 0.213650 0.945450
vt 0.973882 0.067522
vt 0.215419 0.977248
vt 0.213406 0.953919
vt 0.980500 0.069704
vt 0.936343 0.545371
vt 0.981635 0.062539
vt 0.928838 0.540189
vt 0.935610 0.540294
vt 0.223649 0.953919
vt 0.223529 0.962421
vt 0.215459 0.930882
vt 0.223221 0.937593
vt 0.943506 0.540410
vt 0.966679 0.062405
vt 0.223192 0.970378
vt 0.223544 0.945450
vt 0.974685 0.062456
vt 0.222662 0.977248
vt 0.231811 0.937635
vt 0.233125 0.945497
vt 0.943957 0.537793
vt 0.966264 0.059783
vt 0.973883 0.057391
vt 0.229676 0.977282
vt 0.233569 0.953968
vt 0.980501 0.055376
vt 0.936482 0.535239
vt 0.233111 0.962469
vt 0.229716 0.930916
vt 0.231783 0.970421
vt 0.239281 0.937715
vt 0.945195 0.535444
vt 0.965059 0.057418
vt 0.239252 0.970501
vt 0.241457 0.945587
vt 0.971556 0.052822
vt 0.235775 0.977348
vt 0.242194 0.954060
vt 0.977210 0.048915
vt 0.930070 0.533040
vt 0.938873 0.530701
vt 0.241442 0.962558
vt 0.608179 0.941156
vt 0.615481 0.949334
vt 0.607356 0.949599
vt 0.967931 0.049197
vt 0.972083 0.043788
vt 0.933452 0.526623
vt 0.942549 0.527124
vt 0.608157 0.958112
vt 0.616005 0.957856
vt 0.975356 0.039684
vt 0.981635 0.045963
vt 0.947098 0.533593
vt 0.963182 0.055542
vt 0.610529 0.966115
vt 0.617565 0.965885
vt 0.610570 0.933357
vt 0.616027 0.940900
vt 0.620053 0.972874
vt 0.614308 0.973061
vt 0.617606 0.933127
vt 0.625360 0.940765
vt 0.949480 0.532420
vt 0.960818 0.054338
vt 0.963363 0.046871
vt 0.626886 0.972775
vt 0.625143 0.949195
vt 0.965623 0.040498
vt 0.945158 0.518359
vt 0.947151 0.524858
vt 0.625339 0.957722
vt 0.626944 0.926449
vt 0.625974 0.933007
vt 0.625933 0.965765
vt 0.635398 0.949195
vt 0.635244 0.957722
vt 0.634195 0.926449
vt 0.634855 0.933007
vt 0.952108 0.532040
vt 0.958197 0.053924
vt 0.634814 0.965765
vt 0.635265 0.940765
vt 0.958299 0.046071
vt 0.634137 0.972775
vt 0.958461 0.039367
vt 0.952227 0.524125
vt 0.111012 0.716571
vt 0.114727 0.705660
vt 0.117916 0.707340
vt 0.716923 0.503926
vt 0.707544 0.496956
vt 0.713746 0.493792
vt 0.618369 0.741330
vt 0.631367 0.732154
vt 0.626498 0.741584
vt 0.623995 0.709373
vt 0.634463 0.698270
vt 0.635491 0.709733
vt 0.711119 0.485144
vt 0.702348 0.489618
vt 0.118199 0.695485
vt 0.129904 0.691331
vt 0.124360 0.698731
vt 0.634434 0.721290
vt 0.623331 0.720942
vt 0.618448 0.678437
vt 0.631423 0.687682
vt 0.621467 0.687371
vt 0.720434 0.514855
vt 0.713713 0.505564
vt 0.621412 0.731842
vt 0.623360 0.697922
vt 0.448325 0.714404
vt 0.459888 0.726029
vt 0.449466 0.725907
vt 0.458020 0.682789
vt 0.462097 0.692194
vt 0.452753 0.692084
vt 0.120429 0.709924
vt 0.711165 0.508113
vt 0.462136 0.736703
vt 0.452791 0.736594
vt 0.449446 0.702868
vt 0.459868 0.702989
vt 0.702622 0.501881
vt 0.465704 0.745824
vt 0.458075 0.745735
vt 0.459115 0.714530
vt 0.695388 0.496584
vt 0.129216 0.703722
vt 0.474885 0.745871
vt 0.472098 0.714596
vt 0.699462 0.508086
vt 0.690918 0.505359
vt 0.136772 0.698389
vt 0.132292 0.709970
vt 0.472429 0.726093
vt 0.474830 0.682925
vt 0.473341 0.692251
vt 0.122022 0.713158
vt 0.709529 0.511325
vt 0.473379 0.736760
vt 0.472409 0.703053
vt 0.708965 0.514885
vt 0.485422 0.736760
vt 0.485383 0.692251
vt 0.485840 0.703053
vt 0.122537 0.716725
vt 0.698373 0.514964
vt 0.484717 0.745871
vt 0.486003 0.714596
vt 0.689378 0.515085
vt 0.142530 0.716971
vt 0.133287 0.716862
vt 0.485860 0.726093
vt 0.132104 0.723724
vt 0.498868 0.726029
vt 0.484663 0.682925
vt 0.497045 0.692194
vt 0.121925 0.720277
vt 0.709529 0.518445
vt 0.497084 0.736703
vt 0.498848 0.702989
vt 0.699461 0.521840
vt 0.494239 0.745824
vt 0.499469 0.714530
vt 0.690917 0.524810
vt 0.702621 0.528043
vt 0.507224 0.736594
vt 0.502519 0.745735
vt 0.511179 0.714404
vt 0.695385 0.533581
vt 0.140857 0.726676
vt 0.128858 0.729885
vt 0.510178 0.725907
vt 0.494185 0.682878
vt 0.507186 0.692084
vt 0.120244 0.723467
vt 0.711164 0.521655
vt 0.510158 0.702868
vt 0.123867 0.734741
vt 0.117661 0.725980
vt 0.713712 0.524203
vt 0.677630 0.612309
vt 0.690429 0.623209
vt 0.680876 0.622897
vt 0.677601 0.589289
vt 0.690373 0.578737
vt 0.688256 0.589637
vt 0.707542 0.532964
vt 0.136266 0.735389
vt 0.133319 0.748014
vt 0.129208 0.742256
vt 0.687543 0.601207
vt 0.676513 0.600847
vt 0.702345 0.540541
vt 0.688284 0.612657
vt 0.685951 0.568995
vt 0.680821 0.578425
vt 0.711115 0.545007
vt 0.117620 0.737817
vt 0.700661 0.601396
vt 0.700955 0.612841
vt 0.703027 0.569384
vt 0.701733 0.578901
vt 0.114427 0.727573
vt 0.716922 0.525838
vt 0.701789 0.623373
vt 0.700927 0.589820
vt 0.713743 0.536122
vt 0.703105 0.632276
vt 0.693830 0.632142
vt 0.110859 0.728088
vt 0.720618 0.537208
vt 0.713846 0.623373
vt 0.712950 0.632276
vt 0.714583 0.601396
vt 0.720837 0.546543
vt 0.110626 0.748014
vt 0.110728 0.738812
vt 0.714403 0.612841
vt 0.713790 0.578901
vt 0.720480 0.526400
vt 0.714374 0.589820
vt 0.712871 0.569384
vt 0.725362 0.578737
vt 0.107307 0.727475
vt 0.724039 0.525834
vt 0.725418 0.623209
vt 0.727281 0.589637
vt 0.727492 0.536116
vt 0.722398 0.632142
vt 0.727945 0.601207
vt 0.730559 0.544999
vt 0.103866 0.737629
vt 0.727310 0.612657
vt 0.733694 0.532952
vt 0.739330 0.540524
vt 0.092209 0.741750
vt 0.097705 0.734383
vt 0.739441 0.600847
vt 0.738414 0.612309
vt 0.730448 0.568995
vt 0.735317 0.578425
vt 0.104118 0.725795
vt 0.727249 0.524197
vt 0.735373 0.622897
vt 0.738385 0.589289
vt 0.730527 0.631887
vt 0.686301 0.427338
vt 0.698971 0.416542
vt 0.696724 0.427216
vt 0.101604 0.723212
vt 0.729797 0.521647
vt 0.738616 0.528026
vt 0.689588 0.461161
vt 0.702485 0.470367
vt 0.694856 0.470456
vt 0.695950 0.438715
vt 0.685160 0.438841
vt 0.746291 0.533558
vt 0.092849 0.729392
vt 0.696704 0.450256
vt 0.686281 0.450378
vt 0.743773 0.546397
vt 0.752298 0.537866
vt 0.698933 0.461052
vt 0.702540 0.407421
vt 0.710215 0.416485
vt 0.089772 0.723145
vt 0.100012 0.719978
vt 0.731433 0.518435
vt 0.710176 0.460994
vt 0.709264 0.427152
vt 0.741777 0.521821
vt 0.711666 0.470320
vt 0.708933 0.438649
vt 0.750760 0.524783
vt 0.080990 0.725857
vt 0.709244 0.450192
vt 0.722839 0.438649
vt 0.752301 0.515057
vt 0.088777 0.716253
vt 0.722676 0.450192
vt 0.721552 0.407374
vt 0.722257 0.416485
vt 0.099497 0.716410
vt 0.731997 0.514875
vt 0.722219 0.460994
vt 0.722696 0.427152
vt 0.742866 0.514944
vt 0.721498 0.470320
vt 0.735703 0.427216
vt 0.100109 0.712858
vt 0.741777 0.508067
vt 0.731020 0.470367
vt 0.736305 0.438715
vt 0.750762 0.505332
vt 0.079583 0.716110
vt 0.089960 0.709390
vt 0.735683 0.450256
vt 0.733919 0.416542
vt 0.731433 0.511316
vt 0.733881 0.461052
vt 0.746994 0.450378
vt 0.731075 0.407421
vt 0.744060 0.416651
vt 0.093206 0.703230
vt 0.101790 0.709669
vt 0.729798 0.508105
vt 0.744021 0.461161
vt 0.747014 0.427338
vt 0.738618 0.501865
vt 0.739300 0.470456
vt 0.748014 0.438841
vt 0.746293 0.496561
vt 0.085847 0.697693
vt 0.572563 0.709733
vt 0.584334 0.697922
vt 0.583593 0.709373
vt 0.733697 0.496944
vt 0.739333 0.489601
vt 0.098197 0.698373
vt 0.584305 0.720942
vt 0.573651 0.721290
vt 0.752301 0.492553
vt 0.743777 0.484030
vt 0.104373 0.707155
vt 0.727250 0.505558
vt 0.586423 0.731842
vt 0.576870 0.732154
vt 0.573680 0.698270
vt 0.586478 0.687371
vt 0.582001 0.741584
vt 0.589801 0.741330
vt 0.597783 0.731678
vt 0.597005 0.697739
vt 0.107607 0.705563
vt 0.727495 0.493786
vt 0.599076 0.741196
vt 0.596711 0.709183
vt 0.730563 0.485135
vt 0.092905 0.690825
vt 0.104444 0.695297
vt 0.596976 0.720759
vt 0.589879 0.678437
vt 0.597839 0.687207
vt 0.724040 0.503923
vt 0.610423 0.720759
vt 0.599155 0.678304
vt 0.609895 0.687207
vt 0.111174 0.705048
vt 0.720482 0.503361
vt 0.609839 0.731678
vt 0.610452 0.697739
vt 0.720621 0.492700
vt 0.608920 0.741196
vt 0.610632 0.709183
vt 0.720841 0.483599
vt 0.111487 0.685067
vt 0.111337 0.694302
vt 0.608999 0.678304
vt 0.137357 0.473388
vt 0.191713 0.391630
vt 0.080225 0.255053
vt 0.346144 0.020262
vt 0.416196 0.265856
vt 0.116265 0.318281
vt 0.399723 0.272200
vt 0.109378 0.294278
vt 0.201648 0.286032
vt 0.235309 0.486753
vt 0.364195 0.286032
vt 0.346144 0.372017
vt 0.592760 0.767046
vt 0.600842 0.767047
vt 0.606556 0.772773
vt 0.600842 0.786594
vt 0.587046 0.780866
vt 0.913049 0.526286
vt 0.913049 0.534382
vt 0.907333 0.540110
vt 0.893535 0.534391
vt 0.899250 0.520567
vt 0.938971 0.797564
vt 0.944354 0.621061
vt 0.824272 0.913351
vt 0.836757 0.913452
vt 0.851131 0.913417
vt 0.953360 0.666568
vt 0.943746 0.665523
vt 0.733155 0.904819
vt 0.916837 0.262246
vt 0.917727 0.656674
vt 0.926428 0.255390
vt 0.940548 0.255356
vt 0.914694 0.635666
vt 0.908132 0.804430
vt 0.924642 0.797464
vt 0.698536 0.239366
vt 0.674507 0.076491
vt 0.023698 0.644364
vt 0.053174 0.644364
vt 0.710993 0.289231
vt 0.678621 0.297920
vt 0.553505 0.614323
vt 0.648008 0.275031
vt 0.666746 0.154574
vt 0.704776 0.154666
vt 0.679510 0.232896
vt 0.827236 0.786890
vt 0.821080 0.277376
vt 0.839105 0.810994
vt 0.106886 0.776716
vt 0.830446 0.840176
vt 0.438390 0.759254
vt 0.463696 0.759620
vt 0.480220 0.759254
vt 0.785343 0.827652
vt 0.250539 0.780875
vt 0.785818 0.792870
vt 0.267274 0.781003
vt 0.870912 0.493345
vt 0.877976 0.149231
vt 0.840553 0.341004
vt 0.855344 0.341123
vt 0.879661 0.341004
vt 0.874937 0.192898
vt 0.514501 0.823414
vt 0.846429 0.191425
vt 0.843027 0.413917
vt 0.868137 0.413917
vt 0.855726 0.137508
vt 0.855445 0.493003
vt 0.797403 0.131991
vt 0.521688 0.745868
vt 0.804692 0.019230
vt 0.547036 0.745997
vt 0.801407 0.066443
vt 0.161217 0.745921
vt 0.196130 0.745678
vt 0.769049 0.541227
vt 0.804074 0.541312
vt 0.750165 0.140544
vt 0.762489 0.131749
vt 0.780636 0.006555
vt 0.641155 0.926547
vt 0.077915 0.928804
vt 0.974168 0.533644
vt 0.973972 0.547972
vt 0.105033 0.928738
vt 0.968420 0.563690
vt 0.929374 0.133425
vt 0.951704 0.563690
vt 0.956163 0.133613
vt 0.938138 0.559076
vt 0.929874 0.547369
vt 0.222702 0.930882
vt 0.235815 0.930982
vt 0.938651 0.521564
vt 0.620111 0.926547
vt 0.952338 0.517323
vt 0.121192 0.686741
vt 0.626576 0.678692
vt 0.465650 0.682878
vt 0.141122 0.707224
vt 0.502464 0.682789
vt 0.141963 0.739603
vt 0.693751 0.569250
vt 0.120373 0.746607
vt 0.722319 0.569250
vt 0.100921 0.746341
vt 0.689627 0.416651
vt 0.085341 0.734692
vt 0.711720 0.407374
vt 0.081256 0.706405
vt 0.739354 0.407510
vt 0.576926 0.687682
vt 0.101740 0.686474
s 1
f 1/1/1 10/2/10 9/3/9
f 3/4/3 10/2/10 2/5/2
f 4/6/4 11/7/11 3/8/3
f 5/9/5 12/10/12 4/6/4
f 6/11/6 13/12/13 5/13/5
f 6/11/6 15/14/15 14/15/14
f 7/16/7 16/17/16 15/18/15
f 8/19/8 9/20/9 16/17/16
f 9/3/9 18/21/18 17/22/17
f 10/2/10 19/23/19 18/21/18
f 11/7/11 20/24/20 19/25/19
f 12/10/12 21/26/21 20/24/20
f 13/12/13 22/27/22 21/28/21
f 14/15/14 23/29/23 22/27/22
f 15/18/15 24/30/24 23/31/23
f 16/17/16 17/32/17 24/30/24
f 17/22/17 26/33/26 25/34/25
f 18/21/18 27/35/27 26/33/26
f 19/25/19 28/36/28 27/37/27
f 20/24/20 29/38/29 28/36/28
f 21/28/21 30/39/30 29/40/29
f 22/27/22 31/41/31 30/39/30
f 23/31/23 32/42/32 31/43/31
f 24/30/24 25/44/25 32/42/32
f 25/34/25 34/45/34 33/46/33
f 26/33/26 35/47/35 34/45/34
f 27/37/27 36/48/36 35/49/35
f 28/36/28 37/50/37 36/48/36
f 29/40/29 38/51/38 37/52/37
f 30/39/30 39/53/39 38/51/38
f 31/43/31 40/54/40 39/55/39
f 32/42/32 33/56/33 40/54/40
f 33/46/33 42/57/42 41/58/41
f 34/59/34 43/60/43 42/61/42
f 35/49/35 44/62/44 43/60/43
f 36/48/36 45/63/45 44/62/44
f 37/52/37 46/64/46 45/65/45
f 38/66/38 47/67/47 46/68/46
f 39/55/39 48/69/48 47/67/47
f 40/54/40 41/70/41 48/69/48
f 41/58/41 50/71/50 49/72/49
f 42/61/42 51/73/51 50/74/50
f 43/60/43 52/75/52 51/73/51
f 44/62/44 53/76/53 52/75/52
f 45/65/45 54/77/54 53/78/53
f 46/68/46 55/79/55 54/80/54
f 47/67/47 56/81/56 55/79/55
f 48/69/48 49/82/49 56/81/56
f 49/72/49 58/83/58 57/84/57
f 50/74/50 59/85/59 58/86/58
f 51/73/51 60/87/60 59/85/59
f 52/75/52 61/88/61 60/87/60
f 53/78/53 62/89/62 61/90/61
f 54/80/54 63/91/63 62/92/62
f 55/79/55 64/93/64 63/91/63
f 56/81/56 57/94/57 64/93/64
f 57/95/57 66/96/66 65/97/65
f 58/86/58 67/98/67 66/99/66
f 59/85/59 68/100/68 67/98/67
f 60/87/60 69/101/69 68/100/68
f 61/102/61 70/103/70 69/104/69
f 62/92/62 71/105/71 70/106/70
f 63/91/63 72/107/72 71/105/71
f 64/93/64 65/108/65 72/107/72
f 65/97/65 74/109/74 73/110/73
f 66/96/66 75/111/75 74/109/74
f 67/98/67 76/112/76 75/113/75
f 68/100/68 77/114/77 76/112/76
f 69/104/69 78/115/78 77/116/77
f 70/103/70 79/117/79 78/115/78
f 71/105/71 80/118/80 79/119/79
f 72/107/72 73/120/73 80/118/80
f 73/110/73 82/121/82 81/122/81
f 74/109/74 83/123/83 82/121/82
f 75/113/75 84/124/84 83/125/83
f 76/112/76 85/126/85 84/124/84
f 77/116/77 86/127/86 85/128/85
f 78/115/78 87/129/87 86/127/86
f 79/119/79 88/130/88 87/131/87
f 80/118/80 81/132/81 88/130/88
f 81/122/81 90/133/90 89/134/89
f 82/121/82 91/135/91 90/133/90
f 83/125/83 92/136/92 91/137/91
f 84/124/84 93/138/93 92/136/92
f 85/128/85 94/139/94 93/140/93
f 86/127/86 95/141/95 94/139/94
f 87/131/87 96/142/96 95/143/95
f 88/130/88 89/144/89 96/142/96
f 89/134/89 98/145/98 97/146/97
f 90/133/90 99/147/99 98/145/98
f 91/137/91 100/148/100 99/149/99
f 92/136/92 101/150/101 100/148/100
f 93/140/93 102/151/102 101/152/101
f 94/139/94 103/153/103 102/151/102
f 95/143/95 104/154/104 103/155/103
f 96/142/96 97/156/97 104/154/104
f 97/146/97 106/157/106 105/158/105
f 98/145/98 107/159/107 106/157/106
f 99/149/99 108/160/108 107/161/107
f 100/148/100 109/162/109 108/160/108
f 101/152/101 110/163/110 109/164/109
f 102/151/102 111/165/111 110/163/110
f 103/155/103 112/166/112 111/167/111
f 104/154/104 105/168/105 112/166/112
f 105/158/105 114/169/114 113/170/113
f 106/157/106 115/171/115 114/169/114
f 107/161/107 116/172/116 115/173/115
f 108/160/108 117/174/117 116/172/116
f 109/164/109 118/175/118 117/176/117
f 110/163/110 119/177/119 118/175/118
f 111/167/111 120/178/120 119/179/119
f 112/166/112 113/180/113 120/178/120
f 113/170/113 122/181/122 121/182/121
f 114/169/114 123/183/123 122/181/122
f 115/173/115 124/184/124 123/185/123
f 116/172/116 125/186/125 124/184/124
f 117/176/117 126/187/126 125/188/125
f 118/175/118 127/189/127 126/187/126
f 119/179/119 128/190/128 127/191/127
f 120/178/120 121/192/121 128/190/128
f 121/182/121 130/193/130 129/194/129
f 122/181/122 131/195/131 130/193/130
f 123/185/123 132/196/132 131/197/131
f 124/184/124 133/198/133 132/196/132
f 125/188/125 134/199/134 133/200/133
f 126/187/126 135/201/135 134/199/134
f 127/191/127 136/202/136 135/203/135
f 128/190/128 129/204/129 136/202/136
f 129/194/129 138/205/138 137/206/137
f 130/193/130 139/207/139 138/205/138
f 131/197/131 140/208/140 139/209/139
f 132/196/132 141/210/141 140/208/140
f 133/200/133 142/211/142 141/212/141
f 134/199/134 143/213/143 142/211/142
f 135/203/135 144/214/144 143/215/143
f 136/202/136 137/216/137 144/214/144
f 137/206/137 146/217/146 145/218/145
f 138/205/138 147/219/147 146/217/146
f 139/209/139 148/220/148 147/221/147
f 140/208/140 149/222/149 148/220/148
f 141/212/141 150/223/150 149/224/149
f 142/225/142 151/226/151 150/227/150
f 143/215/143 152/228/152 151/229/151
f 144/214/144 145/230/145 152/228/152
f 145/231/145 154/232/154 153/233/153
f 146/234/146 155/235/155 154/232/154
f 147/221/147 156/236/156 155/237/155
f 148/220/148 157/238/157 156/236/156
f 149/239/149 158/240/158 157/241/157
f 150/227/150 159/242/159 158/240/158
f 151/229/151 160/243/160 159/244/159
f 152/228/152 153/245/153 160/243/160
f 153/233/153 162/246/162 161/247/161
f 154/232/154 163/248/163 162/246/162
f 155/237/155 164/249/164 163/250/163
f 156/236/156 165/251/165 164/249/164
f 157/241/157 166/252/166 165/253/165
f 158/240/158 167/254/167 166/252/166
f 159/244/159 168/255/168 167/256/167
f 160/243/160 161/257/161 168/255/168
f 161/247/161 170/258/170 169/259/169
f 162/246/162 171/260/171 170/258/170
f 163/250/163 172/261/172 171/262/171
f 164/249/164 173/263/173 172/261/172
f 165/253/165 174/264/174 173/265/173
f 166/252/166 175/266/175 174/264/174
f 167/256/167 176/267/176 175/268/175
f 168/255/168 169/269/169 176/267/176
f 169/259/169 178/270/178 177/271/177
f 170/258/170 179/272/179 178/270/178
f 171/262/171 180/273/180 179/274/179
f 172/261/172 181/275/181 180/273/180
f 173/265/173 182/276/182 181/277/181
f 174/264/174 183/278/183 182/276/182
f 175/268/175 184/279/184 183/280/183
f 176/267/176 177/281/177 184/279/184
f 177/271/177 186/282/186 185/283/185
f 178/270/178 187/284/187 186/282/186
f 179/274/179 188/285/188 187/286/187
f 180/273/180 189/287/189 188/285/188
f 181/277/181 190/288/190 189/289/189
f 182/276/182 191/290/191 190/288/190
f 183/280/183 192/291/192 191/292/191
f 184/279/184 185/293/185 192/291/192
f 186/282/186 193/294/193 185/283/185
f 186/282/186 195/295/195 194/296/194
f 187/286/187 196/297/196 195/298/195
f 188/285/188 197/299/197 196/297/196
f 189/289/189 198/300/198 197/301/197
f 191/290/191 198/300/198 190/288/190
f 192/291/192 199/302/199 191/292/191
f 185/293/185 200/303/200 192/291/192
f 5/304/5 3/305/3 1/306/1
f 196/307/196 198/308/198 200/309/200
f 419/310/419 209/311/209 210/312/210
f 206/313/206 216/314/216 217/315/217
f 201/316/201 229/317/229 207/318/207
f 204/319/204 214/320/214 421/321/421
f 203/322/203 210/312/210 211/323/211
f 329/324/329 206/313/206 217/315/217
f 201/316/201 208/325/208 418/326/418
f 421/321/421 215/327/215 205/328/205
f 203/322/203 212/329/212 420/330/420
f 418/326/418 209/331/209 202/332/202
f 422/333/422 215/334/215 216/314/216
f 420/330/420 213/335/213 204/319/204
f 214/336/214 226/337/226 215/338/215
f 212/339/212 222/340/222 223/341/223
f 208/325/208 220/342/220 209/331/209
f 216/314/216 226/343/226 227/344/227
f 212/339/212 224/345/224 213/346/213
f 210/347/210 220/348/220 221/349/221
f 216/314/216 228/350/228 217/315/217
f 207/318/207 229/317/229 218/351/218
f 214/336/214 224/345/224 225/352/225
f 210/347/210 222/340/222 211/353/211
f 329/324/329 217/315/217 228/350/228
f 208/325/208 218/351/218 219/354/219
f 218/351/218 229/317/229 230/355/230
f 224/345/224 237/356/237 225/352/225
f 221/349/221 234/357/234 222/340/222
f 329/324/329 228/350/228 240/358/240
f 218/351/218 231/359/231 219/354/219
f 225/352/225 238/360/238 226/337/226
f 223/341/223 234/357/234 235/361/235
f 219/354/219 232/362/232 220/342/220
f 227/344/227 238/363/238 239/364/239
f 223/341/223 236/365/236 224/345/224
f 220/348/220 233/366/233 221/349/221
f 227/344/227 240/358/240 228/350/228
f 238/363/238 250/367/250 239/364/239
f 236/365/236 246/368/246 247/369/247
f 233/366/233 243/370/243 244/371/244
f 240/358/240 250/367/250 251/372/251
f 230/355/230 229/317/229 241/373/241
f 237/356/237 247/369/247 248/374/248
f 233/366/233 245/375/245 234/357/234
f 329/324/329 240/358/240 251/372/251
f 230/355/230 242/376/242 231/359/231
f 237/356/237 249/377/249 238/360/238
f 234/357/234 246/368/246 235/361/235
f 231/359/231 243/378/243 232/362/232
f 241/373/241 253/379/253 242/376/242
f 249/377/249 259/380/259 260/381/260
f 246/368/246 256/382/256 257/383/257
f 243/378/243 253/379/253 254/384/254
f 249/385/249 261/386/261 250/367/250
f 246/368/246 258/387/258 247/369/247
f 243/370/243 255/388/255 244/371/244
f 250/367/250 262/389/262 251/372/251
f 241/373/241 229/317/229 252/390/252
f 247/369/247 259/380/259 248/374/248
f 244/371/244 256/382/256 245/375/245
f 329/324/329 251/372/251 262/389/262
f 262/389/262 272/391/272 273/392/273
f 252/390/252 229/317/229 263/393/263
f 258/387/258 270/394/270 259/380/259
f 256/382/256 266/395/266 267/396/267
f 329/324/329 262/389/262 273/392/273
f 252/390/252 264/397/264 253/379/253
f 260/381/260 270/394/270 271/398/271
f 256/382/256 268/399/268 257/383/257
f 253/379/253 265/400/265 254/384/254
f 260/401/260 272/391/272 261/386/261
f 257/383/257 269/402/269 258/387/258
f 255/388/255 265/403/265 266/395/266
f 265/400/265 275/404/275 276/405/276
f 271/406/271 283/407/283 272/391/272
f 268/408/268 280/409/280 269/410/269
f 265/411/265 277/412/277 266/413/266
f 272/391/272 284/414/284 273/392/273
f 263/393/263 229/317/229 274/415/274
f 270/416/270 280/409/280 281/417/281
f 267/418/267 277/412/277 278/419/278
f 329/324/329 273/392/273 284/414/284
f 264/397/264 274/415/274 275/404/275
f 270/420/270 282/421/282 271/406/271
f 268/408/268 278/419/278 279/422/279
f 329/324/329 284/414/284 295/423/295
f 274/415/274 286/424/286 275/404/275
f 282/425/282 292/426/292 293/427/293
f 279/422/279 289/428/289 290/429/290
f 276/405/276 286/424/286 287/430/287
f 282/421/282 294/431/294 283/407/283
f 279/422/279 291/432/291 280/409/280
f 276/433/276 288/434/288 277/412/277
f 284/414/284 294/431/294 295/423/295
f 274/415/274 229/317/229 285/435/285
f 280/409/280 292/426/292 281/417/281
f 277/412/277 289/428/289 278/419/278
f 287/436/287 299/437/299 288/434/288
f 294/431/294 306/438/306 295/423/295
f 285/435/285 229/317/229 296/439/296
f 291/432/291 303/440/303 292/426/292
f 289/428/289 299/437/299 300/441/300
f 329/324/329 295/423/295 306/438/306
f 286/424/286 296/439/296 297/442/297
f 292/426/292 304/443/304 293/427/293
f 290/429/290 300/441/300 301/444/301
f 287/430/287 297/442/297 298/445/298
f 294/431/294 304/446/304 305/447/305
f 290/429/290 302/448/302 291/432/291
f 298/445/298 308/449/308 309/450/309
f 304/446/304 316/451/316 305/447/305
f 301/444/301 313/452/313 302/448/302
f 298/453/298 310/454/310 299/437/299
f 306/438/306 316/451/316 317/455/317
f 296/439/296 229/317/229 307/456/307
f 302/448/302 314/457/314 303/440/303
f 299/437/299 311/458/311 300/441/300
f 329/324/329 306/438/306 317/455/317
f 296/439/296 308/449/308 297/442/297
f 304/443/304 314/457/314 315/459/315
f 301/444/301 311/458/311 312/460/312
f 310/454/310 322/461/322 311/458/311
f 329/324/329 317/455/317 328/462/328
f 307/456/307 319/463/319 308/449/308
f 314/457/314 326/464/326 315/459/315
f 311/458/311 323/465/323 312/460/312
f 308/449/308 320/466/320 309/450/309
f 315/467/315 327/468/327 316/451/316
f 312/460/312 324/469/324 313/452/313
f 310/454/310 320/470/320 321/471/321
f 316/451/316 328/462/328 317/455/317
f 307/456/307 229/317/229 318/472/318
f 313/452/313 325/473/325 314/457/314
f 320/466/320 333/474/333 321/475/321
f 328/462/328 339/476/339 340/477/340
f 318/472/318 229/317/229 330/478/330
f 325/479/325 336/480/336 337/481/337
f 322/482/322 333/483/333 334/484/334
f 329/324/329 328/462/328 340/477/340
f 318/472/318 331/485/331 319/463/319
f 325/479/325 338/486/338 326/487/326
f 322/482/322 335/488/335 323/489/323
f 319/463/319 332/490/332 320/466/320
f 326/491/326 339/476/339 327/468/327
f 323/489/323 336/480/336 324/492/324
f 335/488/335 345/493/345 346/494/346
f 331/485/331 343/495/343 332/490/332
f 339/476/339 349/496/349 350/497/350
f 335/488/335 347/498/347 336/480/336
f 333/483/333 343/499/343 344/500/344
f 339/476/339 351/501/351 340/477/340
f 330/478/330 229/317/229 341/502/341
f 336/480/336 348/503/348 337/481/337
f 333/483/333 345/493/345 334/484/334
f 329/324/329 340/477/340 351/501/351
f 331/485/331 341/502/341 342/504/342
f 337/481/337 349/505/349 338/486/338
f 344/500/344 356/506/356 345/493/345
f 329/324/329 351/501/351 362/507/362
f 341/502/341 353/508/353 342/504/342
f 348/503/348 360/509/360 349/505/349
f 346/494/346 356/506/356 357/510/357
f 343/495/343 353/508/353 354/511/354
f 349/496/349 361/512/361 350/497/350
f 346/494/346 358/513/358 347/498/347
f 343/499/343 355/514/355 344/500/344
f 351/501/351 361/512/361 362/507/362
f 341/502/341 229/317/229 352/515/352
f 348/503/348 358/513/358 359/516/359
f 357/510/357 369/517/369 358/513/358
f 355/514/355 365/518/365 366/519/366
f 361/512/361 373/520/373 362/507/362
f 352/515/352 229/317/229 363/521/363
f 359/516/359 369/517/369 370/522/370
f 356/506/356 366/519/366 367/523/367
f 329/324/329 362/507/362 373/520/373
f 353/508/353 363/521/363 364/524/364
f 359/516/359 371/525/371 360/509/360
f 357/510/357 367/523/367 368/526/368
f 353/508/353 365/527/365 354/511/354
f 360/528/360 372/529/372 361/512/361
f 367/523/367 379/530/379 368/526/368
f 364/524/364 376/531/376 365/527/365
f 372/529/372 382/532/382 383/533/383
f 369/517/369 379/530/379 380/534/380
f 366/519/366 376/535/376 377/536/377
f 373/520/373 383/533/383 384/537/384
f 363/521/363 229/317/229 374/538/374
f 369/517/369 381/539/381 370/522/370
f 366/519/366 378/540/378 367/523/367
f 329/324/329 373/520/373 384/537/384
f 364/524/364 374/538/374 375/541/375
f 371/525/371 381/539/381 382/542/382
f 380/543/380 392/544/392 381/545/381
f 378/546/378 388/547/388 389/548/389
f 329/324/329 384/537/384 395/549/395
f 375/541/375 385/550/385 386/551/386
f 382/552/382 392/544/392 393/553/393
f 378/546/378 390/554/390 379/555/379
f 375/541/375 387/556/387 376/531/376
f 383/533/383 393/557/393 394/558/394
f 380/543/380 390/554/390 391/559/391
f 376/531/376 388/560/388 377/561/377
f 383/533/383 395/549/395 384/537/384
f 374/538/374 229/317/229 385/550/385
f 391/559/391 401/562/401 402/563/402
f 387/564/387 399/565/399 388/547/388
f 395/549/395 405/566/405 406/567/406
f 385/550/385 229/317/229 396/568/396
f 391/559/391 403/569/403 392/544/392
f 389/548/389 399/565/399 400/570/400
f 329/324/329 395/549/395 406/567/406
f 385/550/385 397/571/397 386/551/386
f 393/553/393 403/569/403 404/572/404
f 389/548/389 401/562/401 390/554/390
f 387/556/387 397/571/397 398/573/398
f 394/558/394 404/574/404 405/566/405
f 404/572/404 414/575/414 415/576/415
f 400/570/400 412/577/412 401/562/401
f 397/571/397 409/578/409 398/573/398
f 405/566/405 415/579/415 416/580/416
f 402/563/402 412/577/412 413/581/413
f 399/565/399 409/582/409 410/583/410
f 405/566/405 417/584/417 406/567/406
f 396/568/396 229/317/229 407/585/407
f 402/563/402 414/575/414 403/569/403
f 400/570/400 410/583/410 411/586/411
f 329/324/329 406/567/406 417/584/417
f 396/568/396 408/587/408 397/571/397
f 407/585/407 229/317/229 201/316/201
f 413/581/413 421/321/421 414/575/414
f 411/586/411 419/310/419 203/322/203
f 329/324/329 417/584/417 206/313/206
f 407/585/407 418/326/418 408/587/408
f 415/576/415 421/321/421 205/328/205
f 411/586/411 420/330/420 412/577/412
f 408/587/408 202/332/202 409/578/409
f 415/579/415 422/333/422 416/580/416
f 412/577/412 204/319/204 413/581/413
f 409/582/409 419/310/419 410/583/410
f 416/580/416 206/313/206 417/584/417
f 644/588/450 434/589/213 435/590/424
f 641/591/449 432/592/211 642/593/203
f 550/594/329 427/595/206 438/596/425
f 639/597/201 429/598/208 423/599/418
f 425/600/205 435/590/424 436/601/215
f 642/593/203 433/602/212 424/603/420
f 423/599/418 430/604/209 640/605/202
f 425/606/205 437/607/216 426/608/422
f 424/603/420 434/589/213 643/609/204
f 640/610/202 431/611/210 641/591/449
f 427/595/206 437/607/216 438/596/425
f 639/597/201 450/612/229 428/613/423
f 429/598/208 441/614/220 430/604/209
f 437/607/216 447/615/226 448/616/227
f 433/617/212 445/618/224 434/619/213
f 430/620/209 442/621/221 431/622/210
f 438/596/425 448/616/227 449/623/228
f 428/613/423 450/612/229 439/624/218
f 435/625/424 445/618/224 446/626/225
f 431/622/210 443/627/222 432/628/211
f 550/594/329 438/596/425 449/623/228
f 428/613/423 440/629/219 429/598/208
f 435/625/424 447/630/226 436/631/215
f 432/628/211 444/632/223 433/617/212
f 442/621/221 455/633/234 443/627/222
f 550/594/329 449/623/228 461/634/240
f 440/629/219 451/635/230 452/636/231
f 446/626/225 459/637/238 447/630/226
f 443/627/222 456/638/235 444/632/223
f 441/614/220 452/636/231 453/639/232
f 447/615/226 460/640/239 448/616/227
f 444/632/223 457/641/236 445/618/224
f 442/621/221 453/642/232 454/643/233
f 448/616/227 461/634/240 449/623/228
f 439/624/218 450/612/229 451/635/230
f 445/618/224 458/644/237 446/626/225
f 454/643/233 464/645/243 465/646/244
f 461/634/240 471/647/250 472/648/251
f 451/635/230 450/612/229 462/649/426
f 457/641/236 469/650/428 458/644/237
f 454/643/233 466/651/245 455/633/234
f 550/594/329 461/634/240 472/648/251
f 452/636/231 462/649/426 463/652/242
f 458/644/237 470/653/249 459/637/238
f 456/638/235 466/651/245 467/654/246
f 453/639/232 463/652/242 464/655/243
f 459/656/238 471/647/250 460/640/239
f 456/638/235 468/657/427 457/641/236
f 466/651/245 478/658/257 467/654/246
f 464/655/243 474/659/253 475/660/254
f 470/661/249 482/662/261 471/647/250
f 467/654/246 479/663/258 468/657/427
f 464/645/243 476/664/255 465/646/244
f 471/647/250 483/665/262 472/648/251
f 462/649/426 450/612/229 473/666/252
f 469/650/428 479/663/258 480/667/429
f 465/646/244 477/668/256 466/651/245
f 550/594/329 472/648/251 483/665/262
f 462/649/426 474/659/253 463/652/242
f 469/650/428 481/669/260 470/653/249
f 477/668/256 487/670/266 488/671/267
f 550/594/329 483/665/262 494/672/273
f 473/666/252 485/673/264 474/659/253
f 480/667/429 492/674/271 481/669/260
f 477/668/256 489/675/268 478/658/257
f 475/660/254 485/673/264 486/676/265
f 481/677/260 493/678/272 482/662/261
f 479/663/258 489/675/268 490/679/430
f 476/664/255 486/680/265 487/670/266
f 483/665/262 493/678/272 494/672/273
f 473/666/252 450/612/229 484/681/263
f 479/663/258 491/682/270 480/667/429
f 490/683/430 500/684/279 501/685/280
f 486/686/265 498/687/277 487/688/266
f 494/672/273 504/689/283 505/690/284
f 484/681/263 450/612/229 495/691/274
f 491/692/270 501/685/280 502/693/281
f 488/694/267 498/687/277 499/695/278
f 550/594/329 494/672/273 505/690/284
f 485/673/264 495/691/274 496/696/275
f 492/697/271 502/698/281 503/699/282
f 488/694/267 500/684/279 489/700/268
f 486/676/265 496/696/275 497/701/276
f 492/697/271 504/689/283 493/678/272
f 499/695/278 511/702/290 500/684/279
f 497/701/276 507/703/286 508/704/287
f 503/699/282 515/705/294 504/689/283
f 501/685/280 511/702/290 512/706/291
f 497/707/276 509/708/288 498/687/277
f 505/690/284 515/705/294 516/709/295
f 495/691/274 450/612/229 506/710/285
f 502/693/281 512/706/291 513/711/292
f 498/687/277 510/712/289 499/695/278
f 550/594/329 505/690/284 516/709/295
f 495/691/274 507/703/286 496/696/275
f 502/693/281 514/713/293 503/714/282
f 512/706/291 524/715/303 513/711/292
f 510/712/289 520/716/299 521/717/431
f 550/594/329 516/709/295 527/718/306
f 506/710/285 518/719/297 507/703/286
f 514/713/293 524/715/303 525/720/432
f 510/712/289 522/721/301 511/702/290
f 507/703/286 519/722/298 508/704/287
f 514/723/293 526/724/305 515/705/294
f 511/702/290 523/725/302 512/706/291
f 508/726/287 520/716/299 509/708/288
f 515/705/294 527/718/306 516/709/295
f 506/710/285 450/612/229 517/727/296
f 522/721/301 534/728/313 523/725/302
f 519/729/298 531/730/433 520/716/299
f 526/724/305 538/731/317 527/718/306
f 517/727/296 450/612/229 528/732/307
f 523/725/302 535/733/434 524/715/303
f 520/716/299 532/734/311 521/717/431
f 550/594/329 527/718/306 538/731/317
f 517/727/296 529/735/308 518/719/297
f 525/720/432 535/733/434 536/736/315
f 521/717/431 533/737/312 522/721/301
f 519/722/298 529/735/308 530/738/309
f 526/724/305 536/739/315 537/740/316
f 535/733/434 547/741/326 536/736/315
f 532/734/311 544/742/323 533/737/312
f 530/738/309 540/743/319 541/744/320
f 536/739/315 548/745/327 537/740/316
f 533/737/312 545/746/324 534/728/313
f 531/730/433 541/747/320 542/748/321
f 538/731/317 548/745/327 549/749/328
f 528/732/307 450/612/229 539/750/318
f 535/733/434 545/746/324 546/751/436
f 531/730/433 543/752/435 532/734/311
f 550/594/329 538/731/317 549/749/328
f 528/732/307 540/743/319 529/735/308
f 539/750/318 450/612/229 551/753/330
f 545/754/324 558/755/438 546/756/436
f 542/757/321 555/758/334 543/759/435
f 550/594/329 549/749/328 561/760/340
f 539/750/318 552/761/331 540/743/319
f 546/756/436 559/762/338 547/763/326
f 544/764/323 555/758/334 556/765/335
f 541/744/320 552/761/331 553/766/332
f 547/767/326 560/768/339 548/745/327
f 544/764/323 557/769/336 545/754/324
f 541/744/320 554/770/437 542/771/321
f 549/749/328 560/768/339 561/760/340
f 559/772/338 571/773/350 560/768/339
f 557/769/336 567/774/346 568/775/347
f 554/776/437 564/777/343 565/778/344
f 561/760/340 571/773/350 572/779/351
f 551/753/330 450/612/229 562/780/341
f 557/769/336 569/781/348 558/755/438
f 555/758/334 565/778/344 566/782/345
f 550/594/329 561/760/340 572/779/351
f 551/753/330 563/783/342 552/761/331
f 558/755/438 570/784/349 559/762/338
f 555/758/334 567/774/346 556/765/335
f 552/761/331 564/785/343 553/766/332
f 563/783/342 573/786/352 574/787/353
f 570/784/349 580/788/441 581/789/360
f 566/782/345 578/790/357 567/774/346
f 563/783/342 575/791/354 564/785/343
f 571/773/350 581/792/360 582/793/361
f 567/774/346 579/794/358 568/775/347
f 564/777/343 576/795/439 565/778/344
f 571/773/350 583/796/362 572/779/351
f 562/780/341 450/612/229 573/786/352
f 568/775/347 580/788/441 569/781/348
f 566/782/345 576/795/439 577/797/440
f 550/594/329 572/779/351 583/796/362
f 582/793/361 594/798/373 583/796/362
f 573/786/352 450/612/229 584/799/363
f 579/794/358 591/800/443 580/788/441
f 576/795/439 588/801/367 577/797/440
f 550/594/329 583/796/362 594/798/373
f 574/787/353 584/799/363 585/802/364
f 580/788/441 592/803/371 581/789/360
f 578/790/357 588/801/367 589/804/368
f 575/791/354 585/802/364 586/805/365
f 581/792/360 593/806/372 582/793/361
f 578/790/357 590/807/369 579/794/358
f 575/808/354 587/809/442 576/795/439
f 585/802/364 597/810/376 586/805/365
f 592/811/371 604/812/383 593/806/372
f 589/804/368 601/813/446 590/807/369
f 586/814/365 598/815/444 587/809/442
f 593/806/372 605/816/384 594/798/373
f 584/799/363 450/612/229 595/817/374
f 590/807/369 602/818/381 591/800/443
f 588/801/367 598/815/444 599/819/445
f 550/594/329 594/798/373 605/816/384
f 584/799/363 596/820/375 585/802/364
f 592/803/371 602/818/381 603/821/382
f 588/801/367 600/822/379 589/804/368
f 550/594/329 605/816/384 616/823/395
f 596/820/375 606/824/385 607/825/386
f 602/826/381 614/827/393 603/828/382
f 600/829/379 610/830/389 611/831/390
f 596/820/375 608/832/387 597/810/376
f 603/833/382 615/834/394 604/812/383
f 600/829/379 612/835/391 601/836/446
f 597/810/376 609/837/388 598/838/444
f 604/812/383 616/823/395 605/816/384
f 595/817/374 450/612/229 606/824/385
f 601/836/446 613/839/392 602/826/381
f 598/840/444 610/830/389 599/841/445
f 608/842/387 620/843/399 609/844/388
f 616/823/395 626/845/405 627/846/406
f 606/824/385 450/612/229 617/847/396
f 612/835/391 624/848/403 613/839/392
f 609/844/388 621/849/400 610/830/389
f 550/594/329 616/823/395 627/846/406
f 607/825/386 617/847/396 618/850/397
f 613/839/392 625/851/404 614/827/393
f 610/830/389 622/852/401 611/831/390
f 608/832/387 618/850/397 619/853/398
f 614/854/393 626/845/405 615/834/394
f 611/831/390 623/855/402 612/835/391
f 618/850/397 630/856/409 619/853/398
f 625/857/404 637/858/416 626/845/405
f 622/852/401 634/859/413 623/855/402
f 619/860/398 631/861/410 620/843/399
f 626/845/405 638/862/417 627/846/406
f 617/847/396 450/612/229 628/863/447
f 623/855/402 635/864/414 624/848/403
f 620/843/399 632/865/448 621/849/400
f 550/594/329 627/846/406 638/862/417
f 617/847/396 629/866/408 618/850/397
f 625/851/404 635/864/414 636/867/415
f 622/852/401 632/865/448 633/868/412
f 631/861/410 642/593/203 632/865/448
f 550/594/329 638/862/417 427/595/206
f 628/863/447 423/599/418 629/866/408
f 636/867/415 644/588/450 425/600/205
f 632/865/448 424/603/420 633/868/412
f 629/866/408 640/605/202 630/856/409
f 637/858/416 425/606/205 426/608/422
f 634/859/413 424/603/420 643/609/204
f 630/869/409 641/591/449 631/861/410
f 638/862/417 426/608/422 427/595/206
f 628/863/447 450/612/229 639/597/201
f 634/859/413 644/588/450 635/864/414
f 864/870/205 656/871/216 865/872/422
f 861/873/420 653/874/213 862/875/204
f 858/876/202 650/877/451 859/878/449
f 866/879/206 656/871/216 657/880/425
f 645/881/201 780/882/229 647/883/423
f 863/884/450 653/874/213 654/885/424
f 859/878/449 651/886/452 860/887/203
f 691/888/329 866/879/206 657/880/425
f 646/889/418 647/883/423 648/890/208
f 864/891/205 654/885/424 655/892/215
f 861/873/420 651/886/452 652/893/212
f 646/889/418 649/894/209 858/895/202
f 651/896/452 661/897/221 662/898/222
f 691/888/329 657/880/425 668/899/228
f 647/883/423 659/900/219 648/890/208
f 654/901/424 666/902/226 655/903/215
f 652/904/212 662/898/222 663/905/223
f 648/890/208 660/906/220 649/894/209
f 656/871/216 666/907/226 667/908/227
f 652/904/212 664/909/224 653/910/213
f 649/911/209 661/897/221 650/912/451
f 656/871/216 668/899/228 657/880/425
f 647/883/423 780/882/229 658/913/218
f 653/910/213 665/914/453 654/901/424
f 663/905/223 675/915/236 664/909/224
f 660/916/220 672/917/233 661/897/221
f 668/899/228 678/918/239 679/919/240
f 658/913/218 780/882/229 669/920/230
f 665/914/453 675/915/236 676/921/454
f 661/897/221 673/922/234 662/898/222
f 691/888/329 668/899/228 679/919/240
f 658/913/218 670/923/231 659/900/219
f 665/914/453 677/924/238 666/902/226
f 663/905/223 673/922/234 674/925/235
f 660/906/220 670/923/231 671/926/232
f 666/907/226 678/918/239 667/908/227
f 673/922/234 685/927/246 674/925/235
f 671/926/232 681/928/242 682/929/243
f 677/930/238 689/931/250 678/918/239
f 674/925/235 686/932/427 675/915/236
f 671/933/232 683/934/244 672/917/233
f 678/918/239 690/935/251 679/919/240
f 669/920/230 780/882/229 680/936/241
f 675/915/236 687/937/428 676/921/454
f 672/917/233 684/938/455 673/922/234
f 691/888/329 679/919/240 690/935/251
f 669/920/230 681/928/242 670/923/231
f 676/921/454 688/939/249 677/924/238
f 687/937/428 698/940/258 699/941/429
f 683/934/244 696/942/256 684/938/455
f 691/888/329 690/935/251 702/943/262
f 681/928/242 692/944/252 693/945/253
f 687/937/428 700/946/260 688/939/249
f 684/938/455 697/947/257 685/927/246
f 682/929/243 693/945/253 694/948/254
f 689/931/250 700/949/260 701/950/261
f 685/927/246 698/940/258 686/932/427
f 683/934/244 694/951/254 695/952/456
f 689/931/250 702/943/262 690/935/251
f 680/936/241 780/882/229 692/944/252
f 697/947/257 709/953/269 698/940/258
f 695/952/456 705/954/265 706/955/457
f 701/950/261 713/956/273 702/943/262
f 692/944/252 780/882/229 703/957/263
f 698/940/258 710/958/270 699/941/429
f 695/952/456 707/959/267 696/942/256
f 691/888/329 702/943/262 713/956/273
f 693/945/253 703/957/263 704/960/264
f 700/946/260 710/958/270 711/961/271
f 696/942/256 708/962/268 697/947/257
f 694/948/254 704/960/264 705/963/265
f 700/949/260 712/964/272 701/950/261
f 710/965/270 722/966/282 711/967/271
f 707/968/267 719/969/279 708/970/268
f 704/960/264 716/971/276 705/963/265
f 711/967/271 723/972/283 712/964/272
f 708/970/268 720/973/280 709/974/269
f 706/975/457 716/976/276 717/977/277
f 712/964/272 724/978/284 713/956/273
f 703/957/263 780/882/229 714/979/274
f 709/974/269 721/980/281 710/981/270
f 707/968/267 717/977/277 718/982/278
f 691/888/329 713/956/273 724/978/284
f 703/957/263 715/983/275 704/960/264
f 714/979/274 780/882/229 725/984/285
f 720/973/280 732/985/459 721/980/281
f 717/977/277 729/986/289 718/982/278
f 691/888/329 724/978/284 735/987/295
f 715/983/275 725/984/285 726/988/286
f 721/980/281 733/989/293 722/990/282
f 719/969/279 729/986/289 730/991/290
f 715/983/275 727/992/287 716/971/276
f 723/972/283 733/993/293 734/994/294
f 719/969/279 731/995/291 720/973/280
f 717/977/277 727/996/287 728/997/458
f 724/978/284 734/994/294 735/987/295
f 734/994/294 744/998/432 745/999/305
f 730/991/290 742/1000/302 731/995/291
f 727/996/287 739/1001/299 728/997/458
f 735/987/295 745/999/305 746/1002/306
f 725/984/285 780/882/229 736/1003/296
f 731/995/291 743/1004/303 732/985/459
f 728/997/458 740/1005/300 729/986/289
f 691/888/329 735/987/295 746/1002/306
f 725/984/285 737/1006/297 726/988/286
f 733/989/293 743/1004/303 744/1007/432
f 730/991/290 740/1005/300 741/1008/301
f 726/988/286 738/1009/298 727/992/287
f 736/1003/296 748/1010/308 737/1006/297
f 743/1004/303 755/1011/315 744/1007/432
f 740/1005/300 752/1012/312 741/1008/301
f 738/1009/298 748/1010/308 749/1013/309
f 744/998/432 756/1014/316 745/999/305
f 741/1008/301 753/1015/313 742/1000/302
f 739/1001/299 749/1016/309 750/1017/310
f 745/999/305 757/1018/317 746/1002/306
f 736/1003/296 780/882/229 747/1019/307
f 742/1000/302 754/1020/434 743/1004/303
f 739/1001/299 751/1021/311 740/1005/300
f 691/888/329 746/1002/306 757/1018/317
f 756/1014/316 768/1022/328 757/1018/317
f 747/1019/307 780/882/229 758/1023/318
f 753/1015/313 765/1024/325 754/1020/434
f 751/1021/311 761/1025/321 762/1026/435
f 691/888/329 757/1018/317 768/1022/328
f 748/1010/308 758/1023/318 759/1027/319
f 754/1020/434 766/1028/326 755/1011/315
f 752/1012/312 762/1026/435 763/1029/323
f 748/1010/308 760/1030/320 749/1013/309
f 755/1031/315 767/1032/327 756/1014/316
f 752/1012/312 764/1033/324 753/1015/313
f 749/1016/309 761/1025/321 750/1017/310
f 759/1027/319 771/1034/332 760/1030/320
f 766/1035/326 778/1036/339 767/1032/327
f 763/1037/323 775/1038/336 764/1039/324
f 761/1040/321 771/1034/332 772/1041/437
f 768/1022/328 778/1036/339 779/1042/340
f 758/1023/318 780/882/229 769/1043/330
f 764/1039/324 776/1044/438 765/1045/325
f 761/1046/321 773/1047/334 762/1048/435
f 691/888/329 768/1022/328 779/1042/340
f 759/1027/319 769/1043/330 770/1049/331
f 765/1045/325 777/1050/338 766/1051/326
f 763/1037/323 773/1047/334 774/1052/335
f 691/888/329 779/1042/340 791/1053/351
f 769/1043/330 782/1054/342 770/1049/331
f 776/1044/438 789/1055/349 777/1050/338
f 773/1047/334 786/1056/346 774/1052/335
f 770/1049/331 783/1057/343 771/1034/332
f 778/1036/339 789/1058/349 790/1059/350
f 774/1052/335 787/1060/347 775/1038/336
f 771/1061/332 784/1062/344 772/1063/437
f 779/1042/340 790/1059/350 791/1053/351
f 769/1043/330 780/882/229 781/1064/341
f 775/1038/336 788/1065/348 776/1044/438
f 773/1047/334 784/1062/344 785/1066/345
f 783/1067/343 795/1068/439 784/1062/344
f 790/1059/350 802/1069/362 791/1053/351
f 781/1064/341 780/882/229 792/1070/352
f 787/1060/347 799/1071/441 788/1065/348
f 785/1066/345 795/1068/439 796/1072/356
f 691/888/329 791/1053/351 802/1069/362
f 782/1054/342 792/1070/352 793/1073/353
f 788/1065/348 800/1074/360 789/1055/349
f 786/1056/346 796/1072/356 797/1075/357
f 782/1054/342 794/1076/354 783/1057/343
f 790/1059/350 800/1077/360 801/1078/361
f 786/1056/346 798/1079/358 787/1060/347
f 793/1073/353 805/1080/365 794/1076/354
f 801/1078/361 811/1081/371 812/1082/372
f 797/1075/357 809/1083/369 798/1079/358
f 795/1068/439 805/1084/365 806/1085/366
f 802/1069/362 812/1082/372 813/1086/373
f 792/1070/352 780/882/229 803/1087/363
f 799/1071/441 809/1083/369 810/1088/443
f 795/1068/439 807/1089/367 796/1072/356
f 691/888/329 802/1069/362 813/1086/373
f 793/1073/353 803/1087/363 804/1090/364
f 799/1071/441 811/1091/371 800/1074/360
f 796/1072/356 808/1092/368 797/1075/357
f 806/1085/366 818/1093/445 807/1089/367
f 691/888/329 813/1086/373 824/1094/384
f 803/1087/363 815/1095/375 804/1090/364
f 810/1088/443 822/1096/382 811/1091/371
f 808/1092/368 818/1093/445 819/1097/379
f 805/1080/365 815/1095/375 816/1098/376
f 811/1081/371 823/1099/383 812/1082/372
f 808/1092/368 820/1100/446 809/1083/369
f 805/1084/365 817/1101/377 806/1085/366
f 812/1082/372 824/1094/384 813/1086/373
f 803/1087/363 780/882/229 814/1102/374
f 810/1088/443 820/1100/446 821/1103/381
f 817/1104/377 827/1105/387 828/1106/388
f 823/1099/383 835/1107/395 824/1094/384
f 814/1102/374 780/882/229 825/1108/385
f 821/1109/381 831/1110/391 832/1111/392
f 817/1112/377 829/1113/389 818/1114/445
f 691/888/329 824/1094/384 835/1107/395
f 814/1102/374 826/1115/386 815/1095/375
f 821/1109/381 833/1116/393 822/1117/382
f 819/1118/379 829/1113/389 830/1119/390
f 815/1095/375 827/1105/387 816/1098/376
f 823/1099/383 833/1120/393 834/1121/394
f 819/1118/379 831/1110/391 820/1122/446
f 830/1119/390 840/1123/400 841/1124/401
f 826/1115/386 838/1125/398 827/1105/387
f 834/1121/394 844/1126/404 845/1127/405
f 830/1119/390 842/1128/402 831/1110/391
f 827/1129/387 839/1130/399 828/1131/388
f 835/1107/395 845/1127/405 846/1132/406
f 825/1108/385 780/882/229 836/1133/396
f 832/1111/392 842/1128/402 843/1134/460
f 828/1131/388 840/1123/400 829/1113/389
f 691/888/329 835/1107/395 846/1132/406
f 825/1108/385 837/1135/397 826/1115/386
f 832/1111/392 844/1136/404 833/1116/393
f 839/1130/399 851/1137/448 840/1123/400
f 691/888/329 846/1132/406 857/1138/417
f 836/1133/396 848/1139/408 837/1135/397
f 844/1136/404 854/1140/414 855/1141/415
f 841/1124/401 851/1137/448 852/1142/412
f 837/1135/397 849/1143/409 838/1125/398
f 845/1127/405 855/1144/415 856/1145/416
f 841/1124/401 853/1146/461 842/1128/402
f 838/1147/398 850/1148/410 839/1130/399
f 845/1127/405 857/1138/417 846/1132/406
f 836/1133/396 780/882/229 847/1149/447
f 842/1128/402 854/1140/414 843/1134/460
f 852/1142/412 862/875/204 853/1146/461
f 849/1150/409 859/878/449 850/1148/410
f 857/1138/417 865/872/422 866/879/206
f 847/1149/447 780/882/229 645/881/201
f 853/1146/461 863/884/450 854/1140/414
f 850/1148/410 860/887/203 851/1137/448
f 691/888/329 857/1138/417 866/879/206
f 848/1139/408 645/881/201 646/889/418
f 855/1141/415 863/884/450 864/891/205
f 851/1137/448 861/873/420 852/1142/412
f 848/1139/408 858/895/202 849/1143/409
f 855/1144/415 865/872/422 856/1145/416
f 869/1151/204 876/1152/212 877/1153/462
f 1083/1154/202 874/1155/451 1084/1156/449
f 870/1157/206 880/1158/216 881/1159/425
f 867/1160/201 1003/1161/229 871/1162/423
f 869/1151/204 878/1163/214 1086/1164/450
f 1084/1156/449 875/1165/211 868/1166/203
f 1026/1167/329 870/1157/206 881/1159/425
f 867/1160/201 872/1168/208 1082/1169/418
f 1087/1170/205 878/1163/214 879/1171/215
f 1085/1172/420 875/1165/211 876/1152/212
f 1082/1169/418 873/1173/209 1083/1174/202
f 1088/1175/422 879/1176/215 880/1158/216
f 1026/1167/329 881/1159/425 892/1177/228
f 871/1162/423 883/1178/219 872/1168/208
f 879/1179/215 889/1180/453 890/1181/226
f 875/1182/211 887/1183/223 876/1184/212
f 872/1168/208 884/1185/220 873/1173/209
f 879/1176/215 891/1186/227 880/1158/216
f 877/1187/462 887/1183/223 888/1188/224
f 874/1189/451 884/1190/220 885/1191/221
f 880/1158/216 892/1177/228 881/1159/425
f 871/1162/423 1003/1161/229 882/1192/218
f 877/1187/462 889/1180/453 878/1193/214
f 875/1182/211 885/1191/221 886/1194/222
f 884/1190/220 896/1195/233 885/1191/221
f 892/1177/228 902/1196/239 903/1197/240
f 882/1192/218 1003/1161/229 893/1198/230
f 888/1188/224 900/1199/237 889/1180/453
f 886/1194/222 896/1195/233 897/1200/234
f 1026/1167/329 892/1177/228 903/1197/240
f 882/1192/218 894/1201/231 883/1178/219
f 889/1180/453 901/1202/238 890/1181/226
f 886/1194/222 898/1203/235 887/1183/223
f 884/1185/220 894/1201/231 895/1204/232
f 891/1186/227 901/1205/238 902/1196/239
f 887/1183/223 899/1206/236 888/1188/224
f 894/1201/231 906/1207/243 895/1204/232
f 901/1205/238 913/1208/250 902/1196/239
f 898/1203/235 910/1209/427 899/1206/236
f 896/1195/233 906/1210/243 907/1211/463
f 902/1196/239 914/1212/251 903/1197/240
f 893/1198/230 1003/1161/229 904/1213/426
f 899/1206/236 911/1214/428 900/1199/237
f 896/1195/233 908/1215/455 897/1200/234
f 1026/1167/329 903/1197/240 914/1212/251
f 893/1198/230 905/1216/242 894/1201/231
f 901/1202/238 911/1214/428 912/1217/249
f 897/1200/234 909/1218/246 898/1203/235
f 908/1215/455 918/1219/456 919/1220/256
f 1026/1167/329 914/1212/251 925/1221/262
f 904/1213/426 916/1222/253 905/1216/242
f 911/1214/428 923/1223/260 912/1217/249
f 908/1215/455 920/1224/257 909/1218/246
f 906/1207/243 916/1222/253 917/1225/254
f 912/1226/249 924/1227/261 913/1208/250
f 909/1218/246 921/1228/258 910/1209/427
f 907/1211/463 917/1229/254 918/1219/456
f 913/1208/250 925/1221/262 914/1212/251
f 904/1213/426 1003/1161/229 915/1230/252
f 910/1209/427 922/1231/259 911/1214/428
f 917/1229/254 929/1232/266 918/1219/456
f 924/1227/261 936/1233/273 925/1221/262
f 915/1230/252 1003/1161/229 926/1234/263
f 921/1228/258 933/1235/270 922/1231/259
f 918/1219/456 930/1236/267 919/1220/256
f 1026/1167/329 925/1221/262 936/1233/273
f 915/1230/252 927/1237/264 916/1222/253
f 923/1223/260 933/1235/270 934/1238/271
f 919/1220/256 931/1239/268 920/1224/257
f 916/1222/253 928/1240/265 917/1225/254
f 923/1241/260 935/1242/272 924/1227/261
f 921/1228/258 931/1239/268 932/1243/430
f 930/1244/267 942/1245/279 931/1246/268
f 927/1237/264 939/1247/276 928/1240/265
f 934/1248/271 946/1249/283 935/1242/272
f 932/1250/430 942/1245/279 943/1251/280
f 928/1252/265 940/1253/277 929/1254/266
f 936/1233/273 946/1249/283 947/1255/284
f 926/1234/263 1003/1161/229 937/1256/274
f 933/1257/270 943/1251/280 944/1258/464
f 929/1254/266 941/1259/278 930/1244/267
f 1026/1167/329 936/1233/273 947/1255/284
f 927/1237/264 937/1256/274 938/1260/275
f 933/1261/270 945/1262/282 934/1248/271
f 940/1253/277 952/1263/289 941/1259/278
f 1026/1167/329 947/1255/284 958/1264/295
f 937/1256/274 949/1265/286 938/1260/275
f 944/1258/464 956/1266/293 945/1267/282
f 941/1259/278 953/1268/290 942/1245/279
f 938/1260/275 950/1269/287 939/1247/276
f 945/1262/282 957/1270/294 946/1249/283
f 943/1251/280 953/1268/290 954/1271/291
f 939/1272/276 951/1273/458 940/1253/277
f 947/1255/284 957/1270/294 958/1264/295
f 937/1256/274 1003/1161/229 948/1274/285
f 943/1251/280 955/1275/459 944/1258/464
f 954/1271/291 964/1276/301 965/1277/466
f 951/1273/458 961/1278/298 962/1279/299
f 958/1264/295 968/1280/305 969/1281/467
f 948/1274/285 1003/1161/229 959/1282/465
f 954/1271/291 966/1283/303 955/1275/459
f 951/1273/458 963/1284/431 952/1263/289
f 1026/1167/329 958/1264/295 969/1281/467
f 948/1274/285 960/1285/297 949/1265/286
f 955/1275/459 967/1286/432 956/1266/293
f 952/1263/289 964/1276/301 953/1268/290
f 949/1265/286 961/1287/298 950/1269/287
f 956/1288/293 968/1280/305 957/1270/294
f 963/1284/431 975/1289/312 964/1276/301
f 961/1287/298 971/1290/308 972/1291/309
f 967/1292/432 979/1293/316 968/1280/305
f 965/1277/466 975/1289/312 976/1294/313
f 962/1279/299 972/1295/309 973/1296/433
f 968/1280/305 980/1297/317 969/1281/467
f 959/1282/465 1003/1161/229 970/1298/307
f 965/1277/466 977/1299/434 966/1283/303
f 962/1279/299 974/1300/311 963/1284/431
f 1026/1167/329 969/1281/467 980/1297/317
f 959/1282/465 971/1290/308 960/1285/297
f 966/1283/303 978/1301/315 967/1286/432
f 976/1294/313 988/1302/325 977/1299/434
f 973/1296/433 985/1303/322 974/1300/311
f 1026/1167/329 980/1297/317 991/1304/470
f 970/1298/307 982/1305/319 971/1290/308
f 977/1299/434 989/1306/326 978/1301/315
f 974/1300/311 986/1307/323 975/1289/312
f 972/1291/309 982/1305/319 983/1308/320
f 979/1293/316 989/1309/326 990/1310/327
f 976/1294/313 986/1307/323 987/1311/469
f 973/1296/433 983/1312/320 984/1313/321
f 980/1297/317 990/1310/327 991/1304/470
f 970/1298/307 1003/1161/229 981/1314/468
f 987/1315/469 997/1316/335 998/1317/336
f 984/1318/321 994/1319/332 995/1320/333
f 991/1304/470 1001/1321/339 1002/1322/340
f 981/1314/468 1003/1161/229 992/1323/330
f 987/1315/469 999/1324/438 988/1325/325
f 984/1326/321 996/1327/334 985/1328/322
f 1026/1167/329 991/1304/470 1002/1322/340
f 981/1314/468 993/1329/331 982/1305/319
f 988/1325/325 1000/1330/338 989/1331/326
f 985/1328/322 997/1316/335 986/1332/323
f 982/1305/319 994/1319/332 983/1308/320
f 990/1310/327 1000/1333/338 1001/1321/339
f 999/1324/438 1012/1334/349 1000/1330/338
f 996/1327/334 1009/1335/346 997/1316/335
f 994/1319/332 1005/1336/342 1006/1337/343
f 1000/1333/338 1013/1338/350 1001/1321/339
f 998/1317/336 1009/1335/346 1010/1339/347
f 995/1340/333 1006/1341/343 1007/1342/344
f 1002/1322/340 1013/1338/350 1014/1343/351
f 992/1323/330 1003/1161/229 1004/1344/341
f 998/1317/336 1011/1345/348 999/1324/438
f 995/1340/333 1008/1346/345 996/1327/334
f 1026/1167/329 1002/1322/340 1014/1343/351
f 992/1323/330 1005/1336/342 993/1329/331
f 1004/1344/341 1003/1161/229 1015/1347/471
f 1011/1345/348 1021/1348/472 1022/1349/359
f 1007/1342/344 1019/1350/440 1008/1346/345
f 1026/1167/329 1014/1343/351 1025/1351/362
f 1004/1344/341 1016/1352/353 1005/1336/342
f 1011/1345/348 1023/1353/360 1012/1334/349
f 1008/1346/345 1020/1354/357 1009/1335/346
f 1006/1337/343 1016/1352/353 1017/1355/354
f 1012/1356/349 1024/1357/361 1013/1338/350
f 1010/1339/347 1020/1354/357 1021/1348/472
f 1007/1342/344 1017/1358/354 1018/1359/439
f 1013/1338/350 1025/1351/362 1014/1343/351
f 1023/1360/360 1036/1361/372 1024/1357/361
f 1021/1348/472 1032/1362/368 1033/1363/369
f 1017/1358/354 1030/1364/442 1018/1359/439
f 1024/1357/361 1037/1365/373 1025/1351/362
f 1015/1347/471 1003/1161/229 1027/1366/363
f 1021/1348/472 1034/1367/443 1022/1349/359
f 1018/1359/439 1031/1368/367 1019/1350/440
f 1026/1167/329 1025/1351/362 1037/1365/373
f 1015/1347/471 1028/1369/364 1016/1352/353
f 1022/1349/359 1035/1370/371 1023/1353/360
f 1019/1350/440 1032/1362/368 1020/1354/357
f 1016/1352/353 1029/1371/365 1017/1355/354
f 1027/1366/363 1039/1372/375 1028/1369/364
f 1034/1367/443 1046/1373/382 1035/1370/371
f 1031/1368/367 1043/1374/379 1032/1362/368
f 1029/1371/365 1039/1372/375 1040/1375/376
f 1035/1376/371 1047/1377/383 1036/1361/372
f 1033/1363/369 1043/1374/379 1044/1378/380
f 1030/1364/442 1040/1379/376 1041/1380/444
f 1036/1361/372 1048/1381/384 1037/1365/373
f 1027/1366/363 1003/1161/229 1038/1382/374
f 1034/1367/443 1044/1378/380 1045/1383/473
f 1031/1368/367 1041/1380/444 1042/1384/378
f 1026/1167/329 1037/1365/373 1048/1381/384
f 1048/1381/384 1058/1385/394 1059/1386/395
f 1038/1382/374 1003/1161/229 1049/1387/385
f 1044/1388/380 1056/1389/392 1045/1390/473
f 1041/1391/444 1053/1392/389 1042/1393/378
f 1026/1167/329 1048/1381/384 1059/1386/395
f 1038/1382/374 1050/1394/386 1039/1372/375
f 1045/1390/473 1057/1395/393 1046/1396/382
f 1042/1393/378 1054/1397/390 1043/1398/379
f 1040/1375/376 1050/1394/386 1051/1399/387
f 1046/1400/382 1058/1385/394 1047/1377/383
f 1044/1388/380 1054/1397/390 1055/1401/391
f 1040/1375/376 1052/1402/474 1041/1403/444
f 1050/1394/386 1062/1404/398 1051/1399/387
f 1057/1405/393 1069/1406/405 1058/1385/394
f 1055/1401/391 1065/1407/401 1066/1408/402
f 1051/1409/387 1063/1410/399 1052/1411/474
f 1058/1385/394 1070/1412/406 1059/1386/395
f 1049/1387/385 1003/1161/229 1060/1413/396
f 1055/1401/391 1067/1414/403 1056/1389/392
f 1053/1392/389 1063/1410/399 1064/1415/400
f 1026/1167/329 1059/1386/395 1070/1412/406
f 1049/1387/385 1061/1416/397 1050/1394/386
f 1056/1389/392 1068/1417/404 1057/1395/393
f 1053/1392/389 1065/1407/401 1054/1397/390
f 1026/1167/329 1070/1412/406 1081/1418/476
f 1060/1413/396 1072/1419/408 1061/1416/397
f 1067/1414/403 1079/1420/415 1068/1417/404
f 1064/1415/400 1076/1421/412 1065/1407/401
f 1061/1416/397 1073/1422/409 1062/1404/398
f 1068/1423/404 1080/1424/416 1069/1406/405
f 1066/1408/402 1076/1421/412 1077/1425/413
f 1062/1426/398 1074/1427/475 1063/1410/399
f 1070/1412/406 1080/1424/416 1081/1418/476
f 1060/1413/396 1003/1161/229 1071/1428/407
f 1066/1408/402 1078/1429/414 1067/1414/403
f 1064/1415/400 1074/1427/475 1075/1430/411
f 1074/1427/475 1083/1154/202 1084/1156/449
f 1080/1424/416 870/1157/206 1081/1418/476
f 1071/1428/407 1003/1161/229 867/1160/201
f 1077/1425/413 1086/1164/450 1078/1429/414
f 1075/1430/411 1084/1156/449 868/1166/203
f 1026/1167/329 1081/1418/476 870/1157/206
f 1072/1419/408 867/1160/201 1082/1169/418
f 1078/1429/414 1087/1170/205 1079/1420/415
f 1075/1430/411 1085/1172/420 1076/1421/412
f 1072/1419/408 1083/1174/202 1073/1422/409
f 1080/1424/416 1087/1431/205 1088/1175/422
f 1077/1425/413 1085/1172/420 869/1151/204
f 1209/1432/329 1310/1433/206 1108/1434/425
f 1309/1435/201 1099/1436/208 1089/1437/418
f 1095/1438/421 1106/1439/215 1096/1440/205
f 1093/1441/420 1102/1442/211 1103/1443/212
f 1089/1437/418 1100/1444/209 1090/1445/202
f 1097/1446/422 1106/1447/215 1107/1448/216
f 1093/1441/420 1104/1449/213 1094/1450/204
f 1090/1451/202 1101/1452/210 1091/1453/419
f 1310/1433/206 1107/1448/216 1108/1434/425
f 1309/1435/201 1131/1454/229 1098/1455/423
f 1094/1450/204 1105/1456/214 1095/1438/421
f 1092/1457/203 1101/1452/210 1102/1442/211
f 1103/1458/212 1115/1459/224 1104/1460/213
f 1101/1461/210 1111/1462/220 1112/1463/477
f 1107/1448/216 1119/1464/228 1108/1434/425
f 1098/1455/423 1131/1454/229 1109/1465/218
f 1105/1466/214 1115/1459/224 1116/1467/225
f 1101/1461/210 1113/1468/222 1102/1469/211
f 1209/1432/329 1108/1434/425 1119/1464/228
f 1099/1436/208 1109/1465/218 1110/1470/219
f 1105/1466/214 1117/1471/226 1106/1472/215
f 1102/1469/211 1114/1473/223 1103/1458/212
f 1100/1444/209 1110/1470/219 1111/1474/220
f 1106/1447/215 1118/1475/227 1107/1448/216
f 1116/1467/225 1128/1476/238 1117/1471/226
f 1113/1468/222 1125/1477/235 1114/1473/223
f 1110/1470/219 1122/1478/232 1111/1474/220
f 1118/1475/227 1128/1479/238 1129/1480/239
f 1115/1459/224 1125/1477/235 1126/1481/236
f 1111/1462/220 1123/1482/233 1112/1463/477
f 1118/1475/227 1130/1483/240 1119/1464/228
f 1109/1465/218 1131/1454/229 1120/1484/230
f 1115/1459/224 1127/1485/237 1116/1467/225
f 1113/1468/222 1123/1482/233 1124/1486/234
f 1209/1432/329 1119/1464/228 1130/1483/240
f 1109/1465/218 1121/1487/231 1110/1470/219
f 1120/1484/230 1131/1454/229 1132/1488/241
f 1126/1481/236 1139/1489/428 1127/1485/237
f 1124/1486/234 1135/1490/244 1136/1491/455
f 1209/1432/329 1130/1483/240 1142/1492/251
f 1120/1484/230 1133/1493/242 1121/1487/231
f 1127/1485/237 1140/1494/249 1128/1476/238
f 1124/1486/234 1137/1495/246 1125/1477/235
f 1121/1487/231 1134/1496/243 1122/1478/232
f 1128/1479/238 1141/1497/250 1129/1480/239
f 1126/1481/236 1137/1495/246 1138/1498/247
f 1122/1499/232 1135/1490/244 1123/1482/233
f 1130/1483/240 1141/1497/250 1142/1492/251
f 1140/1500/249 1152/1501/261 1141/1497/250
f 1138/1498/247 1148/1502/257 1149/1503/258
f 1135/1490/244 1145/1504/254 1146/1505/255
f 1141/1497/250 1153/1506/262 1142/1492/251
f 1132/1488/241 1131/1454/229 1143/1507/252
f 1138/1498/247 1150/1508/259 1139/1489/428
f 1135/1490/244 1147/1509/256 1136/1491/455
f 1209/1432/329 1142/1492/251 1153/1506/262
f 1132/1488/241 1144/1510/253 1133/1493/242
f 1139/1489/428 1151/1511/260 1140/1494/249
f 1136/1491/455 1148/1502/257 1137/1495/246
f 1134/1496/243 1144/1510/253 1145/1512/254
f 1143/1507/252 1155/1513/264 1144/1510/253
f 1150/1508/259 1162/1514/271 1151/1511/260
f 1147/1509/256 1159/1515/268 1148/1502/257
f 1145/1512/254 1155/1513/264 1156/1516/265
f 1151/1517/260 1163/1518/272 1152/1501/261
f 1149/1503/258 1159/1515/268 1160/1519/430
f 1146/1505/255 1156/1520/265 1157/1521/266
f 1152/1501/261 1164/1522/273 1153/1506/262
f 1143/1507/252 1131/1454/229 1154/1523/263
f 1149/1503/258 1161/1524/270 1150/1508/259
f 1147/1509/256 1157/1521/266 1158/1525/267
f 1209/1432/329 1153/1506/262 1164/1522/273
f 1164/1522/273 1174/1526/283 1175/1527/284
f 1154/1523/263 1131/1454/229 1165/1528/274
f 1160/1529/430 1172/1530/281 1161/1531/270
f 1158/1532/267 1168/1533/277 1169/1534/278
f 1209/1432/329 1164/1522/273 1175/1527/284
f 1154/1523/263 1166/1535/275 1155/1513/264
f 1161/1536/270 1173/1537/282 1162/1538/271
f 1158/1532/267 1170/1539/279 1159/1540/268
f 1156/1516/265 1166/1535/275 1167/1541/276
f 1162/1538/271 1174/1526/283 1163/1518/272
f 1160/1529/430 1170/1539/279 1171/1542/280
f 1156/1543/265 1168/1533/277 1157/1544/266
f 1167/1541/276 1177/1545/286 1178/1546/287
f 1173/1537/282 1185/1547/294 1174/1526/283
f 1171/1542/280 1181/1548/290 1182/1549/291
f 1168/1533/277 1178/1550/287 1179/1551/458
f 1174/1526/283 1186/1552/295 1175/1527/284
f 1165/1528/274 1131/1454/229 1176/1553/285
f 1171/1542/280 1183/1554/459 1172/1530/281
f 1168/1533/277 1180/1555/289 1169/1534/278
f 1209/1432/329 1175/1527/284 1186/1552/295
f 1166/1535/275 1176/1553/285 1177/1545/286
f 1172/1530/281 1184/1556/293 1173/1557/282
f 1169/1534/278 1181/1548/290 1170/1539/279
f 1209/1432/329 1186/1552/295 1197/1558/306
f 1176/1553/285 1188/1559/297 1177/1545/286
f 1183/1554/459 1195/1560/432 1184/1556/293
f 1180/1555/289 1192/1561/301 1181/1548/290
f 1178/1546/287 1188/1559/297 1189/1562/298
f 1184/1563/293 1196/1564/305 1185/1547/294
f 1182/1549/291 1192/1561/301 1193/1565/466
f 1179/1551/458 1189/1566/298 1190/1567/299
f 1186/1552/295 1196/1564/305 1197/1558/306
f 1176/1553/285 1131/1454/229 1187/1568/296
f 1182/1549/291 1194/1569/303 1183/1554/459
f 1179/1551/458 1191/1570/431 1180/1555/289
f 1190/1567/299 1200/1571/309 1201/1572/310
f 1196/1564/305 1208/1573/317 1197/1558/306
f 1187/1568/296 1131/1454/229 1198/1574/307
f 1193/1565/466 1205/1575/434 1194/1569/303
f 1190/1567/299 1202/1576/311 1191/1570/431
f 1209/1432/329 1197/1558/306 1208/1573/317
f 1187/1568/296 1199/1577/308 1188/1559/297
f 1194/1569/303 1206/1578/315 1195/1560/432
f 1191/1570/431 1203/1579/312 1192/1561/301
f 1188/1559/297 1200/1580/309 1189/1562/298
f 1195/1581/432 1207/1582/316 1196/1564/305
f 1193/1565/466 1203/1579/312 1204/1583/313
f 1200/1580/309 1211/1584/319 1212/1585/320
f 1206/1586/315 1219/1587/327 1207/1582/316
f 1204/1583/313 1215/1588/323 1216/1589/469
f 1200/1571/309 1213/1590/321 1201/1572/310
f 1208/1573/317 1219/1587/327 1220/1591/328
f 1198/1574/307 1131/1454/229 1210/1592/318
f 1204/1583/313 1217/1593/325 1205/1575/434
f 1202/1576/311 1213/1590/321 1214/1594/322
f 1209/1432/329 1208/1573/317 1220/1591/328
f 1198/1574/307 1211/1584/319 1199/1577/308
f 1205/1575/434 1218/1595/326 1206/1578/315
f 1202/1576/311 1215/1588/323 1203/1579/312
f 1213/1596/321 1225/1597/334 1214/1598/322
f 1209/1432/329 1220/1591/328 1231/1599/340
f 1210/1592/318 1222/1600/331 1211/1584/319
f 1217/1601/325 1229/1602/338 1218/1603/326
f 1214/1598/322 1226/1604/335 1215/1605/323
f 1211/1584/319 1223/1606/332 1212/1585/320
f 1218/1607/326 1230/1608/339 1219/1587/327
f 1216/1609/469 1226/1604/335 1227/1610/336
f 1212/1585/320 1224/1611/437 1213/1612/321
f 1219/1587/327 1231/1599/340 1220/1591/328
f 1210/1592/318 1131/1454/229 1221/1613/330
f 1216/1609/469 1228/1614/438 1217/1601/325
f 1224/1615/437 1234/1616/343 1235/1617/344
f 1230/1608/339 1242/1618/351 1231/1599/340
f 1221/1613/330 1131/1454/229 1232/1619/341
f 1227/1610/336 1239/1620/348 1228/1614/438
f 1225/1597/334 1235/1617/344 1236/1621/345
f 1209/1432/329 1231/1599/340 1242/1618/351
f 1221/1613/330 1233/1622/342 1222/1600/331
f 1228/1614/438 1240/1623/349 1229/1602/338
f 1225/1597/334 1237/1624/346 1226/1604/335
f 1223/1606/332 1233/1622/342 1234/1625/343
f 1229/1626/338 1241/1627/350 1230/1608/339
f 1227/1610/336 1237/1624/346 1238/1628/347
f 1236/1621/345 1248/1629/357 1237/1624/346
f 1233/1622/342 1245/1630/354 1234/1625/343
f 1240/1631/349 1252/1632/361 1241/1627/350
f 1237/1624/346 1249/1633/472 1238/1628/347
f 1234/1616/343 1246/1634/355 1235/1617/344
f 1242/1618/351 1252/1632/361 1253/1635/362
f 1232/1619/341 1131/1454/229 1243/1636/471
f 1239/1620/348 1249/1633/472 1250/1637/359
f 1235/1617/344 1247/1638/440 1236/1621/345
f 1209/1432/329 1242/1618/351 1253/1635/362
f 1232/1619/341 1244/1639/353 1233/1622/342
f 1239/1620/348 1251/1640/360 1240/1623/349
f 1247/1638/440 1257/1641/366 1258/1642/367
f 1209/1432/329 1253/1635/362 1264/1643/373
f 1243/1636/471 1255/1644/364 1244/1639/353
f 1250/1637/359 1262/1645/371 1251/1640/360
f 1247/1638/440 1259/1646/368 1248/1629/357
f 1244/1639/353 1256/1647/365 1245/1630/354
f 1251/1648/360 1263/1649/372 1252/1632/361
f 1249/1633/472 1259/1646/368 1260/1650/369
f 1245/1651/354 1257/1641/366 1246/1634/355
f 1252/1632/361 1264/1643/373 1253/1635/362
f 1243/1636/471 1131/1454/229 1254/1652/363
f 1249/1633/472 1261/1653/443 1250/1637/359
f 1260/1650/369 1270/1654/379 1271/1655/380
f 1256/1656/365 1268/1657/377 1257/1641/366
f 1264/1643/373 1274/1658/383 1275/1659/384
f 1254/1652/363 1131/1454/229 1265/1660/374
f 1260/1650/369 1272/1661/381 1261/1653/443
f 1257/1641/366 1269/1662/378 1258/1642/367
f 1209/1432/329 1264/1643/373 1275/1659/384
f 1254/1652/363 1266/1663/375 1255/1644/364
f 1261/1653/443 1273/1664/382 1262/1645/371
f 1258/1642/367 1270/1654/379 1259/1646/368
f 1256/1647/365 1266/1663/375 1267/1665/376
f 1262/1666/371 1274/1658/383 1263/1649/372
f 1269/1667/378 1281/1668/390 1270/1669/379
f 1266/1663/375 1278/1670/387 1267/1665/376
f 1273/1671/382 1285/1672/394 1274/1658/383
f 1271/1673/380 1281/1668/390 1282/1674/391
f 1267/1665/376 1279/1675/388 1268/1676/377
f 1275/1659/384 1285/1672/394 1286/1677/395
f 1265/1660/374 1131/1454/229 1276/1678/385
f 1271/1673/380 1283/1679/392 1272/1680/381
f 1269/1667/378 1279/1681/388 1280/1682/389
f 1209/1432/329 1275/1659/384 1286/1677/395
f 1265/1660/374 1277/1683/386 1266/1663/375
f 1272/1680/381 1284/1684/393 1273/1685/382
f 1283/1679/392 1293/1686/402 1294/1687/403
f 1279/1681/388 1291/1688/400 1280/1682/389
f 1209/1432/329 1286/1677/395 1297/1689/406
f 1276/1678/385 1288/1690/397 1277/1683/386
f 1283/1679/392 1295/1691/404 1284/1684/393
f 1280/1682/389 1292/1692/401 1281/1668/390
f 1278/1670/387 1288/1690/397 1289/1693/398
f 1284/1694/393 1296/1695/405 1285/1672/394
f 1282/1674/391 1292/1692/401 1293/1686/402
f 1279/1681/388 1289/1696/398 1290/1697/399
f 1286/1677/395 1296/1695/405 1297/1689/406
f 1276/1678/385 1131/1454/229 1287/1698/396
f 1293/1686/402 1303/1699/412 1304/1700/413
f 1289/1696/398 1301/1701/410 1290/1697/399
f 1297/1689/406 1307/1702/416 1308/1703/476
f 1287/1698/396 1131/1454/229 1298/1704/447
f 1294/1687/403 1304/1700/413 1305/1705/414
f 1290/1697/399 1302/1706/411 1291/1688/400
f 1209/1432/329 1297/1689/406 1308/1703/476
f 1287/1698/396 1299/1707/408 1288/1690/397
f 1294/1687/403 1306/1708/415 1295/1691/404
f 1291/1688/400 1303/1699/412 1292/1692/401
f 1288/1690/397 1300/1709/409 1289/1693/398
f 1295/1710/404 1307/1702/416 1296/1695/405
f 1306/1708/415 1095/1438/421 1096/1440/205
f 1302/1706/411 1093/1441/420 1303/1699/412
f 1299/1707/408 1090/1445/202 1300/1709/409
f 1307/1702/416 1096/1711/205 1097/1446/422
f 1304/1700/413 1093/1441/420 1094/1450/204
f 1300/1712/409 1091/1453/419 1301/1701/410
f 1307/1702/416 1310/1433/206 1308/1703/476
f 1298/1704/447 1131/1454/229 1309/1435/201
f 1305/1705/414 1094/1450/204 1095/1438/421
f 1301/1701/410 1092/1457/203 1302/1706/411
f 1209/1432/329 1308/1703/476 1310/1433/206
f 1298/1704/447 1089/1437/418 1299/1707/408
f 1526/1713/201 1316/1714/208 1527/1715/418
f 1313/1716/421 1323/1717/215 1314/1718/205
f 1529/1719/420 1319/1720/452 1320/1721/212
f 1311/1722/202 1316/1714/208 1317/1723/209
f 1314/1724/205 1324/1725/216 1531/1726/422
f 1529/1719/420 1321/1727/213 1530/1728/204
f 1312/1729/419 1317/1730/209 1318/1731/210
f 1531/1726/422 1325/1732/217 1532/1733/206
f 1526/1713/201 1470/1734/229 1315/1735/423
f 1313/1716/421 1321/1727/213 1322/1736/214
f 1312/1729/419 1319/1720/452 1528/1737/203
f 1447/1738/329 1532/1733/206 1325/1732/217
f 1321/1739/213 1331/1740/223 1332/1741/224
f 1317/1742/209 1329/1743/477 1318/1744/210
f 1324/1725/216 1336/1745/228 1325/1732/217
f 1315/1735/423 1470/1734/229 1326/1746/218
f 1322/1747/214 1332/1741/224 1333/1748/225
f 1318/1744/210 1330/1749/222 1319/1750/452
f 1447/1738/329 1325/1732/217 1336/1745/228
f 1316/1714/208 1326/1746/218 1327/1751/219
f 1323/1752/215 1333/1748/225 1334/1753/226
f 1319/1750/452 1331/1740/223 1320/1754/212
f 1316/1714/208 1328/1755/220 1317/1723/209
f 1323/1756/215 1335/1757/227 1324/1725/216
f 1331/1740/223 1341/1758/234 1342/1759/235
f 1328/1755/220 1338/1760/231 1339/1761/232
f 1334/1762/226 1346/1763/239 1335/1757/227
f 1331/1740/223 1343/1764/236 1332/1741/224
f 1329/1743/477 1339/1765/232 1340/1766/233
f 1335/1757/227 1347/1767/240 1336/1745/228
f 1326/1746/218 1470/1734/229 1337/1768/230
f 1332/1741/224 1344/1769/237 1333/1748/225
f 1329/1743/477 1341/1758/234 1330/1749/222
f 1447/1738/329 1336/1745/228 1347/1767/240
f 1327/1751/219 1337/1768/230 1338/1760/231
f 1333/1748/225 1345/1770/238 1334/1753/226
f 1344/1769/237 1354/1771/427 1355/1772/248
f 1340/1766/233 1352/1773/245 1341/1758/234
f 1447/1738/329 1347/1767/240 1358/1774/478
f 1337/1768/230 1349/1775/242 1338/1760/231
f 1344/1769/237 1356/1776/249 1345/1770/238
f 1341/1758/234 1353/1777/246 1342/1759/235
f 1339/1761/232 1349/1775/242 1350/1778/243
f 1346/1763/239 1356/1779/249 1357/1780/250
f 1342/1759/235 1354/1771/427 1343/1764/236
f 1340/1766/233 1350/1781/243 1351/1782/463
f 1347/1767/240 1357/1780/250 1358/1774/478
f 1337/1768/230 1470/1734/229 1348/1783/426
f 1353/1777/246 1365/1784/258 1354/1771/427
f 1351/1782/463 1361/1785/254 1362/1786/255
f 1358/1774/478 1368/1787/261 1369/1788/262
f 1348/1783/426 1470/1734/229 1359/1789/252
f 1354/1771/427 1366/1790/259 1355/1772/248
f 1351/1782/463 1363/1791/256 1352/1773/245
f 1447/1738/329 1358/1774/478 1369/1788/262
f 1349/1775/242 1359/1789/252 1360/1792/253
f 1355/1772/248 1367/1793/260 1356/1776/249
f 1353/1777/246 1363/1791/256 1364/1794/257
f 1349/1775/242 1361/1795/254 1350/1778/243
f 1356/1779/249 1368/1787/261 1357/1780/250
f 1366/1790/259 1378/1796/271 1367/1793/260
f 1364/1794/257 1374/1797/267 1375/1798/268
f 1360/1792/253 1372/1799/265 1361/1795/254
f 1368/1787/261 1378/1800/271 1379/1801/272
f 1364/1794/257 1376/1802/430 1365/1784/258
f 1361/1785/254 1373/1803/266 1362/1786/255
f 1368/1787/261 1380/1804/273 1369/1788/262
f 1359/1789/252 1470/1734/229 1370/1805/263
f 1365/1784/258 1377/1806/270 1366/1790/259
f 1363/1791/256 1373/1803/266 1374/1797/267
f 1447/1738/329 1369/1788/262 1380/1804/273
f 1360/1792/253 1370/1805/263 1371/1807/264
f 1370/1805/263 1470/1734/229 1381/1808/274
f 1377/1809/270 1387/1810/280 1388/1811/464
f 1373/1812/266 1385/1813/278 1374/1814/267
f 1447/1738/329 1380/1804/273 1391/1815/284
f 1370/1805/263 1382/1816/275 1371/1807/264
f 1377/1817/270 1389/1818/282 1378/1800/271
f 1374/1814/267 1386/1819/279 1375/1820/268
f 1372/1799/265 1382/1816/275 1383/1821/276
f 1378/1800/271 1390/1822/283 1379/1801/272
f 1376/1823/430 1386/1819/279 1387/1810/280
f 1373/1812/266 1383/1824/276 1384/1825/277
f 1379/1801/272 1391/1815/284 1380/1804/273
f 1390/1822/283 1400/1826/293 1401/1827/294
f 1386/1819/279 1398/1828/291 1387/1810/280
f 1383/1824/276 1395/1829/458 1384/1825/277
f 1390/1822/283 1402/1830/295 1391/1815/284
f 1381/1808/274 1470/1734/229 1392/1831/285
f 1387/1810/280 1399/1832/459 1388/1811/464
f 1384/1825/277 1396/1833/289 1385/1813/278
f 1447/1738/329 1391/1815/284 1402/1830/295
f 1381/1808/274 1393/1834/286 1382/1816/275
f 1388/1811/464 1400/1835/293 1389/1836/282
f 1386/1819/279 1396/1833/289 1397/1837/290
f 1382/1816/275 1394/1838/287 1383/1821/276
f 1393/1834/286 1403/1839/465 1404/1840/297
f 1399/1832/459 1411/1841/432 1400/1835/293
f 1397/1837/290 1407/1842/300 1408/1843/301
f 1394/1838/287 1404/1840/297 1405/1844/298
f 1400/1826/293 1412/1845/305 1401/1827/294
f 1397/1837/290 1409/1846/302 1398/1828/291
f 1394/1847/287 1406/1848/479 1395/1829/458
f 1401/1827/294 1413/1849/467 1402/1830/295
f 1392/1831/285 1470/1734/229 1403/1839/465
f 1399/1832/459 1409/1846/302 1410/1850/480
f 1395/1829/458 1407/1842/300 1396/1833/289
f 1447/1738/329 1402/1830/295 1413/1849/467
f 1413/1849/467 1423/1851/316 1424/1852/317
f 1403/1839/465 1470/1734/229 1414/1853/307
f 1409/1846/302 1421/1854/314 1410/1850/480
f 1407/1842/300 1417/1855/310 1418/1856/311
f 1447/1738/329 1413/1849/467 1424/1852/317
f 1403/1839/465 1415/1857/308 1404/1840/297
f 1411/1841/432 1421/1854/314 1422/1858/315
f 1407/1842/300 1419/1859/312 1408/1843/301
f 1404/1840/297 1416/1860/309 1405/1844/298
f 1412/1845/305 1422/1861/315 1423/1851/316
f 1408/1843/301 1420/1862/313 1409/1846/302
f 1405/1863/298 1417/1855/310 1406/1848/479
f 1416/1860/309 1426/1864/319 1427/1865/320
f 1422/1861/315 1434/1866/327 1423/1851/316
f 1420/1862/313 1430/1867/323 1431/1868/324
f 1417/1855/310 1427/1869/320 1428/1870/321
f 1423/1851/316 1435/1871/328 1424/1852/317
f 1414/1853/307 1470/1734/229 1425/1872/318
f 1420/1862/313 1432/1873/325 1421/1854/314
f 1418/1856/311 1428/1870/321 1429/1874/322
f 1447/1738/329 1424/1852/317 1435/1871/328
f 1415/1857/308 1425/1872/318 1426/1864/319
f 1421/1854/314 1433/1875/326 1422/1858/315
f 1418/1856/311 1430/1867/323 1419/1859/312
f 1447/1738/329 1435/1871/328 1446/1876/340
f 1426/1864/319 1436/1877/330 1437/1878/331
f 1432/1879/325 1444/1880/338 1433/1881/326
f 1429/1882/322 1441/1883/335 1430/1884/323
f 1427/1865/320 1437/1878/331 1438/1885/332
f 1434/1866/327 1444/1886/338 1445/1887/339
f 1430/1884/323 1442/1888/336 1431/1889/324
f 1427/1865/320 1439/1890/333 1428/1891/321
f 1434/1866/327 1446/1876/340 1435/1871/328
f 1425/1872/318 1470/1734/229 1436/1877/330
f 1432/1879/325 1442/1888/336 1443/1892/438
f 1428/1893/321 1440/1894/334 1429/1882/322
f 1438/1895/332 1451/1896/344 1439/1897/333
f 1445/1887/339 1458/1898/351 1446/1876/340
f 1436/1877/330 1470/1734/229 1448/1899/341
f 1443/1892/438 1454/1900/347 1455/1901/481
f 1439/1897/333 1452/1902/345 1440/1894/334
f 1447/1738/329 1446/1876/340 1458/1898/351
f 1437/1878/331 1448/1899/341 1449/1903/342
f 1444/1880/338 1455/1901/481 1456/1904/349
f 1441/1883/335 1452/1902/345 1453/1905/346
f 1437/1878/331 1450/1906/343 1438/1885/332
f 1444/1886/338 1457/1907/350 1445/1887/339
f 1441/1883/335 1454/1900/347 1442/1888/336
f 1449/1903/342 1461/1908/354 1450/1906/343
f 1457/1907/350 1467/1909/360 1468/1910/361
f 1454/1900/347 1464/1911/357 1465/1912/472
f 1450/1913/343 1462/1914/355 1451/1896/344
f 1457/1907/350 1469/1915/482 1458/1898/351
f 1448/1899/341 1470/1734/229 1459/1916/352
f 1455/1901/481 1465/1912/472 1466/1917/359
f 1451/1896/344 1463/1918/440 1452/1902/345
f 1447/1738/329 1458/1898/351 1469/1915/482
f 1449/1903/342 1459/1916/352 1460/1919/353
f 1455/1901/481 1467/1920/360 1456/1904/349
f 1452/1902/345 1464/1911/357 1453/1905/346
f 1463/1918/440 1474/1921/366 1475/1922/367
f 1447/1738/329 1469/1915/482 1481/1923/373
f 1460/1919/353 1471/1924/363 1472/1925/364
f 1466/1917/359 1479/1926/371 1467/1920/360
f 1463/1918/440 1476/1927/368 1464/1911/357
f 1460/1919/353 1473/1928/365 1461/1908/354
f 1467/1909/360 1480/1929/372 1468/1910/361
f 1464/1911/357 1477/1930/369 1465/1912/472
f 1462/1914/355 1473/1931/365 1474/1921/366
f 1468/1910/361 1481/1923/373 1469/1915/482
f 1459/1916/352 1470/1734/229 1471/1924/363
f 1465/1912/472 1478/1932/443 1466/1917/359
f 1473/1931/365 1485/1933/444 1474/1921/366
f 1480/1929/372 1492/1934/384 1481/1923/373
f 1471/1924/363 1470/1734/229 1482/1935/374
f 1477/1930/369 1489/1936/381 1478/1932/443
f 1474/1921/366 1486/1937/378 1475/1922/367
f 1447/1738/329 1481/1923/373 1492/1934/384
f 1472/1925/364 1482/1935/374 1483/1938/375
f 1478/1932/443 1490/1939/382 1479/1926/371
f 1475/1922/367 1487/1940/379 1476/1927/368
f 1473/1928/365 1483/1938/375 1484/1941/376
f 1479/1942/371 1491/1943/383 1480/1929/372
f 1476/1927/368 1488/1944/380 1477/1930/369
f 1486/1945/378 1498/1946/390 1487/1947/379
f 1484/1941/376 1494/1948/386 1495/1949/387
f 1490/1950/382 1502/1951/394 1491/1943/383
f 1488/1952/380 1498/1946/390 1499/1953/391
f 1484/1941/376 1496/1954/474 1485/1955/444
f 1491/1943/383 1503/1956/395 1492/1934/384
f 1482/1935/374 1470/1734/229 1493/1957/385
f 1489/1958/381 1499/1953/391 1500/1959/483
f 1485/1960/444 1497/1961/389 1486/1945/378
f 1447/1738/329 1492/1934/384 1503/1956/395
f 1482/1935/374 1494/1948/386 1483/1938/375
f 1489/1958/381 1501/1962/393 1490/1963/382
f 1496/1964/474 1508/1965/400 1497/1961/389
f 1447/1738/329 1503/1956/395 1514/1966/406
f 1494/1948/386 1504/1967/396 1505/1968/397
f 1500/1959/483 1512/1969/404 1501/1962/393
f 1497/1961/389 1509/1970/401 1498/1946/390
f 1494/1948/386 1506/1971/398 1495/1949/387
f 1502/1951/394 1512/1972/404 1513/1973/405
f 1499/1953/391 1509/1970/401 1510/1974/402
f 1496/1964/474 1506/1975/398 1507/1976/484
f 1502/1951/394 1514/1966/406 1503/1956/395
f 1493/1957/385 1470/1734/229 1504/1967/396
f 1499/1953/391 1511/1977/403 1500/1959/483
f 1510/1974/402 1520/1978/412 1521/1979/461
f 1507/1976/484 1517/1980/409 1518/1981/410
f 1513/1973/405 1525/1982/417 1514/1966/406
f 1504/1967/396 1470/1734/229 1515/1983/447
f 1511/1977/403 1521/1979/461 1522/1984/414
f 1507/1976/484 1519/1985/411 1508/1965/400
f 1447/1738/329 1514/1966/406 1525/1982/417
f 1505/1968/397 1515/1983/447 1516/1986/408
f 1511/1977/403 1523/1987/415 1512/1969/404
f 1508/1965/400 1520/1978/412 1509/1970/401
f 1506/1971/398 1516/1986/408 1517/1988/409
f 1512/1972/404 1524/1989/416 1513/1973/405
f 1519/1985/411 1529/1719/420 1520/1978/412
f 1516/1986/408 1311/1722/202 1517/1988/409
f 1524/1989/416 1314/1724/205 1531/1726/422
f 1520/1978/412 1530/1728/204 1521/1979/461
f 1517/1980/409 1312/1729/419 1518/1981/410
f 1524/1989/416 1532/1733/206 1525/1982/417
f 1515/1983/447 1470/1734/229 1526/1713/201
f 1522/1984/414 1530/1728/204 1313/1716/421
f 1518/1981/410 1528/1737/203 1519/1985/411
f 1447/1738/329 1525/1982/417 1532/1733/206
f 1515/1983/447 1527/1715/418 1516/1986/408
f 1523/1987/415 1313/1716/421 1314/1718/205
f 1754/1990/329 1753/1991/206 1546/1992/425
f 1533/1993/201 1537/1994/208 1746/1995/418
f 1751/1996/205 1543/1997/424 1544/1998/215
f 1749/1999/420 1540/2000/211 1541/2001/212
f 1747/2002/202 1537/1994/208 1538/2003/209
f 1752/2004/422 1544/2005/215 1545/2006/216
f 1749/1999/420 1542/2007/213 1750/2008/204
f 1747/2009/202 1539/2010/210 1534/2011/449
f 1753/1991/206 1545/2006/216 1546/1992/425
f 1533/1993/201 1547/2012/229 1536/2013/423
f 1535/2014/450 1542/2007/213 1543/1997/424
f 1534/2011/449 1540/2000/211 1748/2015/203
f 1541/2016/212 1554/2017/224 1542/2018/213
f 1538/2019/209 1551/2020/221 1539/2021/210
f 1545/2006/216 1558/2022/228 1546/1992/425
f 1536/2013/423 1547/2012/229 1548/2023/218
f 1542/2018/213 1555/2024/453 1543/2025/424
f 1540/2026/211 1551/2020/221 1552/2027/222
f 1754/1990/329 1546/1992/425 1558/2022/228
f 1537/1994/208 1548/2023/218 1549/2028/219
f 1543/2025/424 1556/2029/226 1544/2030/215
f 1540/2026/211 1553/2031/223 1541/2016/212
f 1537/1994/208 1550/2032/220 1538/2003/209
f 1544/2005/215 1557/2033/227 1545/2006/216
f 1555/2024/453 1567/2034/238 1556/2029/226
f 1552/2027/222 1564/2035/235 1553/2031/223
f 1550/2032/220 1560/2036/231 1561/2037/232
f 1556/2038/226 1568/2039/239 1557/2033/227
f 1554/2017/224 1564/2035/235 1565/2040/236
f 1551/2020/221 1561/2041/232 1562/2042/485
f 1558/2022/228 1568/2039/239 1569/2043/240
f 1548/2023/218 1547/2012/229 1559/2044/230
f 1555/2024/453 1565/2040/236 1566/2045/454
f 1551/2020/221 1563/2046/234 1552/2027/222
f 1754/1990/329 1558/2022/228 1569/2043/240
f 1549/2028/219 1559/2044/230 1560/2036/231
f 1559/2044/230 1547/2012/229 1570/2047/426
f 1565/2040/236 1577/2048/428 1566/2045/454
f 1563/2046/234 1573/2049/244 1574/2050/455
f 1754/1990/329 1569/2043/240 1580/2051/478
f 1560/2036/231 1570/2047/426 1571/2052/242
f 1566/2045/454 1578/2053/249 1567/2034/238
f 1563/2046/234 1575/2054/246 1564/2035/235
f 1560/2036/231 1572/2055/243 1561/2037/232
f 1568/2039/239 1578/2056/249 1579/2057/250
f 1565/2040/236 1575/2054/246 1576/2058/427
f 1561/2041/232 1573/2049/244 1562/2042/485
f 1568/2039/239 1580/2051/478 1569/2043/240
f 1578/2056/249 1590/2059/261 1579/2057/250
f 1575/2054/246 1587/2060/258 1576/2058/427
f 1572/2061/243 1584/2062/255 1573/2049/244
f 1579/2057/250 1591/2063/262 1580/2051/478
f 1570/2047/426 1547/2012/229 1581/2064/252
f 1577/2048/428 1587/2060/258 1588/2065/429
f 1573/2049/244 1585/2066/256 1574/2050/455
f 1754/1990/329 1580/2051/478 1591/2063/262
f 1571/2052/242 1581/2064/252 1582/2067/253
f 1577/2048/428 1589/2068/260 1578/2053/249
f 1574/2050/455 1586/2069/257 1575/2054/246
f 1571/2052/242 1583/2070/254 1572/2055/243
f 1581/2064/252 1593/2071/264 1582/2067/253
f 1589/2068/260 1599/2072/270 1600/2073/271
f 1585/2066/256 1597/2074/268 1586/2069/257
f 1583/2070/254 1593/2071/264 1594/2075/265
f 1589/2076/260 1601/2077/272 1590/2059/261
f 1587/2060/258 1597/2074/268 1598/2078/430
f 1583/2079/254 1595/2080/266 1584/2062/255
f 1590/2059/261 1602/2081/273 1591/2063/262
f 1581/2064/252 1547/2012/229 1592/2082/486
f 1587/2060/258 1599/2072/270 1588/2065/429
f 1585/2066/256 1595/2080/266 1596/2083/267
f 1754/1990/329 1591/2063/262 1602/2081/273
f 1602/2081/273 1612/2084/283 1613/2085/284
f 1592/2082/486 1547/2012/229 1603/2086/274
f 1598/2087/430 1610/2088/281 1599/2089/270
f 1596/2090/267 1606/2091/277 1607/2092/278
f 1754/1990/329 1602/2081/273 1613/2085/284
f 1593/2071/264 1603/2086/274 1604/2093/275
f 1600/2094/271 1610/2095/281 1611/2096/282
f 1596/2090/267 1608/2097/279 1597/2098/268
f 1593/2071/264 1605/2099/276 1594/2075/265
f 1600/2094/271 1612/2084/283 1601/2077/272
f 1598/2087/430 1608/2097/279 1609/2100/280
f 1594/2101/265 1606/2091/277 1595/2102/266
f 1604/2093/275 1616/2103/287 1605/2099/276
f 1611/2096/282 1623/2104/294 1612/2084/283
f 1609/2100/280 1619/2105/290 1620/2106/291
f 1606/2091/277 1616/2107/287 1617/2108/288
f 1612/2084/283 1624/2109/295 1613/2085/284
f 1603/2086/274 1547/2012/229 1614/2110/285
f 1610/2088/281 1620/2106/291 1621/2111/459
f 1606/2091/277 1618/2112/289 1607/2092/278
f 1754/1990/329 1613/2085/284 1624/2109/295
f 1604/2093/275 1614/2110/285 1615/2113/286
f 1610/2088/281 1622/2114/293 1611/2115/282
f 1607/2092/278 1619/2105/290 1608/2097/279
f 1754/1990/329 1624/2109/295 1635/2116/306
f 1614/2110/285 1626/2117/297 1615/2113/286
f 1622/2114/293 1632/2118/480 1633/2119/432
f 1618/2112/289 1630/2120/301 1619/2105/290
f 1615/2113/286 1627/2121/298 1616/2103/287
f 1623/2104/294 1633/2122/432 1634/2123/305
f 1620/2106/291 1630/2120/301 1631/2124/466
f 1616/2107/287 1628/2125/299 1617/2108/288
f 1624/2109/295 1634/2123/305 1635/2116/306
f 1614/2110/285 1547/2012/229 1625/2126/296
f 1621/2111/459 1631/2124/466 1632/2118/480
f 1618/2112/289 1628/2125/299 1629/2127/300
f 1627/2128/298 1639/2129/433 1628/2125/299
f 1634/2123/305 1646/2130/317 1635/2116/306
f 1625/2126/296 1547/2012/229 1636/2131/307
f 1631/2124/466 1643/2132/434 1632/2118/480
f 1628/2125/299 1640/2133/311 1629/2127/300
f 1754/1990/329 1635/2116/306 1646/2130/317
f 1626/2117/297 1636/2131/307 1637/2134/308
f 1632/2118/480 1644/2135/315 1633/2119/432
f 1630/2120/301 1640/2133/311 1641/2136/312
f 1627/2121/298 1637/2134/308 1638/2137/309
f 1633/2122/432 1645/2138/316 1634/2123/305
f 1630/2120/301 1642/2139/313 1631/2124/466
f 1638/2137/309 1648/2140/319 1649/2141/320
f 1645/2138/316 1655/2142/326 1656/2143/327
f 1642/2139/313 1652/2144/323 1653/2145/469
f 1639/2129/433 1649/2146/320 1650/2147/487
f 1646/2130/317 1656/2143/327 1657/2148/328
f 1636/2131/307 1547/2012/229 1647/2149/318
f 1642/2139/313 1654/2150/325 1643/2132/434
f 1639/2129/433 1651/2151/322 1640/2133/311
f 1754/1990/329 1646/2130/317 1657/2148/328
f 1636/2131/307 1648/2140/319 1637/2134/308
f 1643/2132/434 1655/2152/326 1644/2135/315
f 1640/2133/311 1652/2144/323 1641/2136/312
f 1651/2153/322 1661/2154/333 1662/2155/334
f 1754/1990/329 1657/2148/328 1668/2156/340
f 1648/2140/319 1658/2157/330 1659/2158/331
f 1654/2159/325 1666/2160/338 1655/2161/326
f 1651/2153/322 1663/2162/335 1652/2163/323
f 1648/2140/319 1660/2164/332 1649/2141/320
f 1655/2142/326 1667/2165/339 1656/2143/327
f 1652/2163/323 1664/2166/336 1653/2167/469
f 1650/2168/487 1660/2164/332 1661/2169/333
f 1656/2143/327 1668/2156/340 1657/2148/328
f 1647/2149/318 1547/2012/229 1658/2157/330
f 1653/2167/469 1665/2170/438 1654/2159/325
f 1660/2171/332 1672/2172/344 1661/2154/333
f 1668/2156/340 1678/2173/350 1679/2174/351
f 1658/2157/330 1547/2012/229 1669/2175/341
f 1664/2166/336 1676/2176/348 1665/2170/438
f 1662/2155/334 1672/2172/344 1673/2177/345
f 1754/1990/329 1668/2156/340 1679/2174/351
f 1658/2157/330 1670/2178/342 1659/2158/331
f 1665/2170/438 1677/2179/349 1666/2160/338
f 1662/2155/334 1674/2180/346 1663/2162/335
f 1659/2158/331 1671/2181/343 1660/2164/332
f 1667/2165/339 1677/2182/349 1678/2173/350
f 1663/2162/335 1675/2183/347 1664/2166/336
f 1673/2177/345 1685/2184/357 1674/2180/346
f 1670/2178/342 1682/2185/354 1671/2181/343
f 1677/2182/349 1689/2186/361 1678/2173/350
f 1674/2180/346 1686/2187/358 1675/2183/347
f 1672/2172/344 1682/2188/354 1683/2189/439
f 1678/2173/350 1690/2190/482 1679/2174/351
f 1669/2175/341 1547/2012/229 1680/2191/471
f 1676/2176/348 1686/2187/358 1687/2192/441
f 1672/2172/344 1684/2193/440 1673/2177/345
f 1754/1990/329 1679/2174/351 1690/2190/482
f 1669/2175/341 1681/2194/353 1670/2178/342
f 1676/2176/348 1688/2195/360 1677/2179/349
f 1683/2189/439 1695/2196/367 1684/2193/440
f 1754/1990/329 1690/2190/482 1701/2197/373
f 1680/2191/471 1692/2198/364 1681/2194/353
f 1687/2192/441 1699/2199/371 1688/2195/360
f 1684/2193/440 1696/2200/368 1685/2184/357
f 1682/2185/354 1692/2198/364 1693/2201/365
f 1688/2202/360 1700/2203/372 1689/2186/361
f 1685/2184/357 1697/2204/369 1686/2187/358
f 1682/2188/354 1694/2205/442 1683/2189/439
f 1689/2186/361 1701/2197/373 1690/2190/482
f 1680/2191/471 1547/2012/229 1691/2206/363
f 1687/2192/441 1697/2204/369 1698/2207/370
f 1696/2200/368 1708/2208/446 1697/2204/369
f 1693/2209/365 1705/2210/444 1694/2205/442
f 1701/2197/373 1711/2211/383 1712/2212/384
f 1691/2206/363 1547/2012/229 1702/2213/374
f 1697/2204/369 1709/2214/381 1698/2207/370
f 1695/2196/367 1705/2210/444 1706/2215/445
f 1754/1990/329 1701/2197/373 1712/2212/384
f 1691/2206/363 1703/2216/375 1692/2198/364
f 1699/2199/371 1709/2214/381 1710/2217/382
f 1696/2200/368 1706/2215/445 1707/2218/379
f 1692/2198/364 1704/2219/376 1693/2201/365
f 1700/2203/372 1710/2220/382 1711/2211/383
f 1707/2221/379 1717/2222/389 1718/2223/390
f 1704/2219/376 1714/2224/386 1715/2225/387
f 1710/2220/382 1722/2226/394 1711/2211/383
f 1707/2221/379 1719/2227/391 1708/2228/446
f 1705/2229/444 1715/2225/387 1716/2230/388
f 1711/2211/383 1723/2231/395 1712/2212/384
f 1702/2213/374 1547/2012/229 1713/2232/385
f 1708/2228/446 1720/2233/483 1709/2234/381
f 1706/2235/445 1716/2236/388 1717/2222/389
f 1754/1990/329 1712/2212/384 1723/2231/395
f 1703/2216/375 1713/2232/385 1714/2224/386
f 1710/2237/382 1720/2233/483 1721/2238/393
f 1719/2227/391 1731/2239/403 1720/2233/483
f 1716/2236/388 1728/2240/400 1717/2222/389
f 1754/1990/329 1723/2231/395 1734/2241/406
f 1713/2232/385 1725/2242/397 1714/2224/386
f 1720/2233/483 1732/2243/404 1721/2238/393
f 1718/2223/390 1728/2240/400 1729/2244/401
f 1715/2225/387 1725/2242/397 1726/2245/398
f 1721/2246/393 1733/2247/405 1722/2226/394
f 1718/2223/390 1730/2248/402 1719/2227/391
f 1715/2249/387 1727/2250/484 1716/2236/388
f 1723/2231/395 1733/2247/405 1734/2241/406
f 1713/2232/385 1547/2012/229 1724/2251/396
f 1729/2244/401 1741/2252/461 1730/2248/402
f 1726/2253/398 1738/2254/410 1727/2250/484
f 1733/2247/405 1745/2255/417 1734/2241/406
f 1724/2251/396 1547/2012/229 1735/2256/447
f 1731/2239/403 1741/2252/461 1742/2257/488
f 1727/2250/484 1739/2258/448 1728/2240/400
f 1754/1990/329 1734/2241/406 1745/2255/417
f 1724/2251/396 1736/2259/408 1725/2242/397
f 1731/2239/403 1743/2260/415 1732/2243/404
f 1728/2240/400 1740/2261/412 1729/2244/401
f 1725/2242/397 1737/2262/409 1726/2245/398
f 1733/2247/405 1743/2263/415 1744/2264/416
f 1743/2260/415 1535/2014/450 1751/1996/205
f 1740/2261/412 1748/2015/203 1749/1999/420
f 1736/2259/408 1747/2002/202 1737/2262/409
f 1743/2263/415 1752/2004/422 1744/2264/416
f 1740/2261/412 1750/2008/204 1741/2252/461
f 1737/2265/409 1534/2011/449 1738/2254/410
f 1744/2264/416 1753/1991/206 1745/2255/417
f 1735/2256/447 1547/2012/229 1533/1993/201
f 1741/2252/461 1535/2014/450 1742/2257/488
f 1738/2254/410 1748/2015/203 1739/2258/448
f 1754/1990/329 1745/2255/417 1753/1991/206
f 1735/2256/447 1746/1995/418 1736/2259/408
f 1/1/1 2/5/2 10/2/10
f 3/4/3 11/2266/11 10/2/10
f 4/6/4 12/10/12 11/7/11
f 5/9/5 13/2267/13 12/10/12
f 6/11/6 14/15/14 13/12/13
f 6/11/6 7/2268/7 15/14/15
f 7/16/7 8/19/8 16/17/16
f 8/19/8 1/2269/1 9/20/9
f 9/3/9 10/2/10 18/21/18
f 10/2/10 11/2266/11 19/23/19
f 11/7/11 12/10/12 20/24/20
f 12/10/12 13/2267/13 21/26/21
f 13/12/13 14/15/14 22/27/22
f 14/15/14 15/14/15 23/29/23
f 15/18/15 16/17/16 24/30/24
f 16/17/16 9/20/9 17/32/17
f 17/22/17 18/21/18 26/33/26
f 18/21/18 19/23/19 27/35/27
f 19/25/19 20/24/20 28/36/28
f 20/24/20 21/26/21 29/38/29
f 21/28/21 22/27/22 30/39/30
f 22/27/22 23/29/23 31/41/31
f 23/31/23 24/30/24 32/42/32
f 24/30/24 17/32/17 25/44/25
f 25/34/25 26/33/26 34/45/34
f 26/33/26 27/35/27 35/47/35
f 27/37/27 28/36/28 36/48/36
f 28/36/28 29/38/29 37/50/37
f 29/40/29 30/39/30 38/51/38
f 30/39/30 31/41/31 39/53/39
f 31/43/31 32/42/32 40/54/40
f 32/42/32 25/44/25 33/56/33
f 33/46/33 34/45/34 42/57/42
f 34/59/34 35/49/35 43/60/43
f 35/49/35 36/48/36 44/62/44
f 36/48/36 37/50/37 45/63/45
f 37/52/37 38/51/38 46/64/46
f 38/66/38 39/55/39 47/67/47
f 39/55/39 40/54/40 48/69/48
f 40/54/40 33/56/33 41/70/41
f 41/58/41 42/57/42 50/71/50
f 42/61/42 43/60/43 51/73/51
f 43/60/43 44/62/44 52/75/52
f 44/62/44 45/63/45 53/76/53
f 45/65/45 46/64/46 54/77/54
f 46/68/46 47/67/47 55/79/55
f 47/67/47 48/69/48 56/81/56
f 48/69/48 41/70/41 49/82/49
f 49/72/49 50/71/50 58/83/58
f 50/74/50 51/73/51 59/85/59
f 51/73/51 52/75/52 60/87/60
f 52/75/52 53/76/53 61/88/61
f 53/78/53 54/77/54 62/89/62
f 54/80/54 55/79/55 63/91/63
f 55/79/55 56/81/56 64/93/64
f 56/81/56 49/82/49 57/94/57
f 57/95/57 58/2270/58 66/96/66
f 58/86/58 59/85/59 67/98/67
f 59/85/59 60/87/60 68/100/68
f 60/87/60 61/88/61 69/101/69
f 61/102/61 62/2271/62 70/103/70
f 62/92/62 63/91/63 71/105/71
f 63/91/63 64/93/64 72/107/72
f 64/93/64 57/94/57 65/108/65
f 65/97/65 66/96/66 74/109/74
f 66/96/66 67/2272/67 75/111/75
f 67/98/67 68/100/68 76/112/76
f 68/100/68 69/101/69 77/114/77
f 69/104/69 70/103/70 78/115/78
f 70/103/70 71/2273/71 79/117/79
f 71/105/71 72/107/72 80/118/80
f 72/107/72 65/108/65 73/120/73
f 73/110/73 74/109/74 82/121/82
f 74/109/74 75/111/75 83/123/83
f 75/113/75 76/112/76 84/124/84
f 76/112/76 77/114/77 85/126/85
f 77/116/77 78/115/78 86/127/86
f 78/115/78 79/117/79 87/129/87
f 79/119/79 80/118/80 88/130/88
f 80/118/80 73/120/73 81/132/81
f 81/122/81 82/121/82 90/133/90
f 82/121/82 83/123/83 91/135/91
f 83/125/83 84/124/84 92/136/92
f 84/124/84 85/126/85 93/138/93
f 85/128/85 86/127/86 94/139/94
f 86/127/86 87/129/87 95/141/95
f 87/131/87 88/130/88 96/142/96
f 88/130/88 81/132/81 89/144/89
f 89/134/89 90/133/90 98/145/98
f 90/133/90 91/135/91 99/147/99
f 91/137/91 92/136/92 100/148/100
f 92/136/92 93/138/93 101/150/101
f 93/140/93 94/139/94 102/151/102
f 94/139/94 95/141/95 103/153/103
f 95/143/95 96/142/96 104/154/104
f 96/142/96 89/144/89 97/156/97
f 97/146/97 98/145/98 106/157/106
f 98/145/98 99/147/99 107/159/107
f 99/149/99 100/148/100 108/160/108
f 100/148/100 101/150/101 109/162/109
f 101/152/101 102/151/102 110/163/110
f 102/151/102 103/153/103 111/165/111
f 103/155/103 104/154/104 112/166/112
f 104/154/104 97/156/97 105/168/105
f 105/158/105 106/157/106 114/169/114
f 106/157/106 107/159/107 115/171/115
f 107/161/107 108/160/108 116/172/116
f 108/160/108 109/162/109 117/174/117
f 109/164/109 110/163/110 118/175/118
f 110/163/110 111/165/111 119/177/119
f 111/167/111 112/166/112 120/178/120
f 112/166/112 105/168/105 113/180/113
f 113/170/113 114/169/114 122/181/122
f 114/169/114 115/171/115 123/183/123
f 115/173/115 116/172/116 124/184/124
f 116/172/116 117/174/117 125/186/125
f 117/176/117 118/175/118 126/187/126
f 118/175/118 119/177/119 127/189/127
f 119/179/119 120/178/120 128/190/128
f 120/178/120 113/180/113 121/192/121
f 121/182/121 122/181/122 130/193/130
f 122/181/122 123/183/123 131/195/131
f 123/185/123 124/184/124 132/196/132
f 124/184/124 125/186/125 133/198/133
f 125/188/125 126/187/126 134/199/134
f 126/187/126 127/189/127 135/201/135
f 127/191/127 128/190/128 136/202/136
f 128/190/128 121/192/121 129/204/129
f 129/194/129 130/193/130 138/205/138
f 130/193/130 131/195/131 139/207/139
f 131/197/131 132/196/132 140/208/140
f 132/196/132 133/198/133 141/210/141
f 133/200/133 134/199/134 142/211/142
f 134/199/134 135/201/135 143/213/143
f 135/203/135 136/202/136 144/214/144
f 136/202/136 129/204/129 137/216/137
f 137/206/137 138/205/138 146/217/146
f 138/205/138 139/207/139 147/219/147
f 139/209/139 140/208/140 148/220/148
f 140/208/140 141/210/141 149/222/149
f 141/212/141 142/211/142 150/223/150
f 142/225/142 143/2274/143 151/226/151
f 143/215/143 144/214/144 152/228/152
f 144/214/144 137/216/137 145/230/145
f 145/231/145 146/234/146 154/232/154
f 146/234/146 147/2275/147 155/235/155
f 147/221/147 148/220/148 156/236/156
f 148/220/148 149/222/149 157/238/157
f 149/239/149 150/227/150 158/240/158
f 150/227/150 151/226/151 159/242/159
f 151/229/151 152/228/152 160/243/160
f 152/228/152 145/230/145 153/245/153
f 153/233/153 154/232/154 162/246/162
f 154/232/154 155/235/155 163/248/163
f 155/237/155 156/236/156 164/249/164
f 156/236/156 157/238/157 165/251/165
f 157/241/157 158/240/158 166/252/166
f 158/240/158 159/242/159 167/254/167
f 159/244/159 160/243/160 168/255/168
f 160/243/160 153/245/153 161/257/161
f 161/247/161 162/246/162 170/258/170
f 162/246/162 163/248/163 171/260/171
f 163/250/163 164/249/164 172/261/172
f 164/249/164 165/251/165 173/263/173
f 165/253/165 166/252/166 174/264/174
f 166/252/166 167/254/167 175/266/175
f 167/256/167 168/255/168 176/267/176
f 168/255/168 161/257/161 169/269/169
f 169/259/169 170/258/170 178/270/178
f 170/258/170 171/260/171 179/272/179
f 171/262/171 172/261/172 180/273/180
f 172/261/172 173/263/173 181/275/181
f 173/265/173 174/264/174 182/276/182
f 174/264/174 175/266/175 183/278/183
f 175/268/175 176/267/176 184/279/184
f 176/267/176 169/269/169 177/281/177
f 177/271/177 178/270/178 186/282/186
f 178/270/178 179/272/179 187/284/187
f 179/274/179 180/273/180 188/285/188
f 180/273/180 181/275/181 189/287/189
f 181/277/181 182/276/182 190/288/190
f 182/276/182 183/278/183 191/290/191
f 183/280/183 184/279/184 192/291/192
f 184/279/184 177/281/177 185/293/185
f 186/282/186 194/296/194 193/294/193
f 186/282/186 187/284/187 195/295/195
f 187/286/187 188/285/188 196/297/196
f 188/285/188 189/287/189 197/299/197
f 189/289/189 190/288/190 198/300/198
f 191/290/191 199/2276/199 198/300/198
f 192/291/192 200/303/200 199/302/199
f 185/293/185 193/2277/193 200/303/200
f 1/306/1 8/2278/8 7/2279/7
f 7/2279/7 6/2280/6 5/304/5
f 5/304/5 4/2281/4 3/305/3
f 3/305/3 2/2282/2 1/306/1
f 1/306/1 7/2279/7 5/304/5
f 200/309/200 193/2283/193 194/2284/194
f 194/2284/194 195/2285/195 196/307/196
f 196/307/196 197/2286/197 198/308/198
f 198/308/198 199/2287/199 200/309/200
f 200/309/200 194/2284/194 196/307/196
f 419/310/419 202/2288/202 209/311/209
f 206/313/206 422/333/422 216/314/216
f 204/319/204 213/335/213 214/320/214
f 203/322/203 419/310/419 210/312/210
f 201/316/201 207/318/207 208/325/208
f 421/321/421 214/320/214 215/327/215
f 203/322/203 211/323/211 212/329/212
f 418/326/418 208/325/208 209/331/209
f 422/333/422 205/2289/205 215/334/215
f 420/330/420 212/329/212 213/335/213
f 214/336/214 225/352/225 226/337/226
f 212/339/212 211/353/211 222/340/222
f 208/325/208 219/354/219 220/342/220
f 216/314/216 215/334/215 226/343/226
f 212/339/212 223/341/223 224/345/224
f 210/347/210 209/2290/209 220/348/220
f 216/314/216 227/344/227 228/350/228
f 214/336/214 213/346/213 224/345/224
f 210/347/210 221/349/221 222/340/222
f 208/325/208 207/318/207 218/351/218
f 224/345/224 236/365/236 237/356/237
f 221/349/221 233/366/233 234/357/234
f 218/351/218 230/355/230 231/359/231
f 225/352/225 237/356/237 238/360/238
f 223/341/223 222/340/222 234/357/234
f 219/354/219 231/359/231 232/362/232
f 227/344/227 226/343/226 238/363/238
f 223/341/223 235/361/235 236/365/236
f 220/348/220 232/2291/232 233/366/233
f 227/344/227 239/364/239 240/358/240
f 238/363/238 249/385/249 250/367/250
f 236/365/236 235/361/235 246/368/246
f 233/366/233 232/2291/232 243/370/243
f 240/358/240 239/364/239 250/367/250
f 237/356/237 236/365/236 247/369/247
f 233/366/233 244/371/244 245/375/245
f 230/355/230 241/373/241 242/376/242
f 237/356/237 248/374/248 249/377/249
f 234/357/234 245/375/245 246/368/246
f 231/359/231 242/376/242 243/378/243
f 241/373/241 252/390/252 253/379/253
f 249/377/249 248/374/248 259/380/259
f 246/368/246 245/375/245 256/382/256
f 243/378/243 242/376/242 253/379/253
f 249/385/249 260/401/260 261/386/261
f 246/368/246 257/383/257 258/387/258
f 243/370/243 254/2292/254 255/388/255
f 250/367/250 261/386/261 262/389/262
f 247/369/247 258/387/258 259/380/259
f 244/371/244 255/388/255 256/382/256
f 262/389/262 261/386/261 272/391/272
f 258/387/258 269/402/269 270/394/270
f 256/382/256 255/388/255 266/395/266
f 252/390/252 263/393/263 264/397/264
f 260/381/260 259/380/259 270/394/270
f 256/382/256 267/396/267 268/399/268
f 253/379/253 264/397/264 265/400/265
f 260/401/260 271/406/271 272/391/272
f 257/383/257 268/399/268 269/402/269
f 255/388/255 254/2292/254 265/403/265
f 265/400/265 264/397/264 275/404/275
f 271/406/271 282/421/282 283/407/283
f 268/408/268 279/422/279 280/409/280
f 265/411/265 276/433/276 277/412/277
f 272/391/272 283/407/283 284/414/284
f 270/416/270 269/410/269 280/409/280
f 267/418/267 266/413/266 277/412/277
f 264/397/264 263/393/263 274/415/274
f 270/420/270 281/2293/281 282/421/282
f 268/408/268 267/418/267 278/419/278
f 274/415/274 285/435/285 286/424/286
f 282/425/282 281/417/281 292/426/292
f 279/422/279 278/419/278 289/428/289
f 276/405/276 275/404/275 286/424/286
f 282/421/282 293/2294/293 294/431/294
f 279/422/279 290/429/290 291/432/291
f 276/433/276 287/436/287 288/434/288
f 284/414/284 283/407/283 294/431/294
f 280/409/280 291/432/291 292/426/292
f 277/412/277 288/434/288 289/428/289
f 287/436/287 298/453/298 299/437/299
f 294/431/294 305/447/305 306/438/306
f 291/432/291 302/448/302 303/440/303
f 289/428/289 288/434/288 299/437/299
f 286/424/286 285/435/285 296/439/296
f 292/426/292 303/440/303 304/443/304
f 290/429/290 289/428/289 300/441/300
f 287/430/287 286/424/286 297/442/297
f 294/431/294 293/2294/293 304/446/304
f 290/429/290 301/444/301 302/448/302
f 298/445/298 297/442/297 308/449/308
f 304/446/304 315/467/315 316/451/316
f 301/444/301 312/460/312 313/452/313
f 298/453/298 309/2295/309 310/454/310
f 306/438/306 305/447/305 316/451/316
f 302/448/302 313/452/313 314/457/314
f 299/437/299 310/454/310 311/458/311
f 296/439/296 307/456/307 308/449/308
f 304/443/304 303/440/303 314/457/314
f 301/444/301 300/441/300 311/458/311
f 310/454/310 321/471/321 322/461/322
f 307/456/307 318/472/318 319/463/319
f 314/457/314 325/473/325 326/464/326
f 311/458/311 322/461/322 323/465/323
f 308/449/308 319/463/319 320/466/320
f 315/467/315 326/491/326 327/468/327
f 312/460/312 323/465/323 324/469/324
f 310/454/310 309/2295/309 320/470/320
f 316/451/316 327/468/327 328/462/328
f 313/452/313 324/469/324 325/473/325
f 320/466/320 332/490/332 333/474/333
f 328/462/328 327/468/327 339/476/339
f 325/479/325 324/492/324 336/480/336
f 322/482/322 321/2296/321 333/483/333
f 318/472/318 330/478/330 331/485/331
f 325/479/325 337/481/337 338/486/338
f 322/482/322 334/484/334 335/488/335
f 319/463/319 331/485/331 332/490/332
f 326/491/326 338/2297/338 339/476/339
f 323/489/323 335/488/335 336/480/336
f 335/488/335 334/484/334 345/493/345
f 331/485/331 342/504/342 343/495/343
f 339/476/339 338/2297/338 349/496/349
f 335/488/335 346/494/346 347/498/347
f 333/483/333 332/2298/332 343/499/343
f 339/476/339 350/497/350 351/501/351
f 336/480/336 347/498/347 348/503/348
f 333/483/333 344/500/344 345/493/345
f 331/485/331 330/478/330 341/502/341
f 337/481/337 348/503/348 349/505/349
f 344/500/344 355/514/355 356/506/356
f 341/502/341 352/515/352 353/508/353
f 348/503/348 359/516/359 360/509/360
f 346/494/346 345/493/345 356/506/356
f 343/495/343 342/504/342 353/508/353
f 349/496/349 360/528/360 361/512/361
f 346/494/346 357/510/357 358/513/358
f 343/499/343 354/2299/354 355/514/355
f 351/501/351 350/497/350 361/512/361
f 348/503/348 347/498/347 358/513/358
f 357/510/357 368/526/368 369/517/369
f 355/514/355 354/2299/354 365/518/365
f 361/512/361 372/529/372 373/520/373
f 359/516/359 358/513/358 369/517/369
f 356/506/356 355/514/355 366/519/366
f 353/508/353 352/515/352 363/521/363
f 359/516/359 370/522/370 371/525/371
f 357/510/357 356/506/356 367/523/367
f 353/508/353 364/524/364 365/527/365
f 360/528/360 371/2300/371 372/529/372
f 367/523/367 378/540/378 379/530/379
f 364/524/364 375/541/375 376/531/376
f 372/529/372 371/2300/371 382/532/382
f 369/517/369 368/526/368 379/530/379
f 366/519/366 365/518/365 376/535/376
f 373/520/373 372/529/372 383/533/383
f 369/517/369 380/534/380 381/539/381
f 366/519/366 377/536/377 378/540/378
f 364/524/364 363/521/363 374/538/374
f 371/525/371 370/522/370 381/539/381
f 380/543/380 391/559/391 392/544/392
f 378/546/378 377/2301/377 388/547/388
f 375/541/375 374/538/374 385/550/385
f 382/552/382 381/545/381 392/544/392
f 378/546/378 389/548/389 390/554/390
f 375/541/375 386/551/386 387/556/387
f 383/533/383 382/532/382 393/557/393
f 380/543/380 379/555/379 390/554/390
f 376/531/376 387/556/387 388/560/388
f 383/533/383 394/558/394 395/549/395
f 391/559/391 390/554/390 401/562/401
f 387/564/387 398/2302/398 399/565/399
f 395/549/395 394/558/394 405/566/405
f 391/559/391 402/563/402 403/569/403
f 389/548/389 388/547/388 399/565/399
f 385/550/385 396/568/396 397/571/397
f 393/553/393 392/544/392 403/569/403
f 389/548/389 400/570/400 401/562/401
f 387/556/387 386/551/386 397/571/397
f 394/558/394 393/557/393 404/574/404
f 404/572/404 403/569/403 414/575/414
f 400/570/400 411/586/411 412/577/412
f 397/571/397 408/587/408 409/578/409
f 405/566/405 404/574/404 415/579/415
f 402/563/402 401/562/401 412/577/412
f 399/565/399 398/2302/398 409/582/409
f 405/566/405 416/580/416 417/584/417
f 402/563/402 413/581/413 414/575/414
f 400/570/400 399/565/399 410/583/410
f 396/568/396 407/585/407 408/587/408
f 413/581/413 204/319/204 421/321/421
f 411/586/411 410/583/410 419/310/419
f 407/585/407 201/316/201 418/326/418
f 415/576/415 414/575/414 421/321/421
f 411/586/411 203/322/203 420/330/420
f 408/587/408 418/326/418 202/332/202
f 415/579/415 205/2289/205 422/333/422
f 412/577/412 420/330/420 204/319/204
f 409/582/409 202/2288/202 419/310/419
f 416/580/416 422/333/422 206/313/206
f 644/588/450 643/609/204 434/589/213
f 641/591/449 431/611/210 432/592/211
f 639/597/201 428/613/423 429/598/208
f 425/600/205 644/588/450 435/590/424
f 642/593/203 432/592/211 433/602/212
f 423/599/418 429/598/208 430/604/209
f 425/606/205 436/2303/215 437/607/216
f 424/603/420 433/602/212 434/589/213
f 640/610/202 430/2304/209 431/611/210
f 427/595/206 426/608/422 437/607/216
f 429/598/208 440/629/219 441/614/220
f 437/607/216 436/2303/215 447/615/226
f 433/617/212 444/632/223 445/618/224
f 430/620/209 441/2305/220 442/621/221
f 438/596/425 437/607/216 448/616/227
f 435/625/424 434/619/213 445/618/224
f 431/622/210 442/621/221 443/627/222
f 428/613/423 439/624/218 440/629/219
f 435/625/424 446/626/225 447/630/226
f 432/628/211 443/627/222 444/632/223
f 442/621/221 454/643/233 455/633/234
f 440/629/219 439/624/218 451/635/230
f 446/626/225 458/644/237 459/637/238
f 443/627/222 455/633/234 456/638/235
f 441/614/220 440/629/219 452/636/231
f 447/615/226 459/656/238 460/640/239
f 444/632/223 456/638/235 457/641/236
f 442/621/221 441/2305/220 453/642/232
f 448/616/227 460/640/239 461/634/240
f 445/618/224 457/641/236 458/644/237
f 454/643/233 453/642/232 464/645/243
f 461/634/240 460/640/239 471/647/250
f 457/641/236 468/657/427 469/650/428
f 454/643/233 465/646/244 466/651/245
f 452/636/231 451/635/230 462/649/426
f 458/644/237 469/650/428 470/653/249
f 456/638/235 455/633/234 466/651/245
f 453/639/232 452/636/231 463/652/242
f 459/656/238 470/661/249 471/647/250
f 456/638/235 467/654/246 468/657/427
f 466/651/245 477/668/256 478/658/257
f 464/655/243 463/652/242 474/659/253
f 470/661/249 481/677/260 482/662/261
f 467/654/246 478/658/257 479/663/258
f 464/645/243 475/2306/254 476/664/255
f 471/647/250 482/662/261 483/665/262
f 469/650/428 468/657/427 479/663/258
f 465/646/244 476/664/255 477/668/256
f 462/649/426 473/666/252 474/659/253
f 469/650/428 480/667/429 481/669/260
f 477/668/256 476/664/255 487/670/266
f 473/666/252 484/681/263 485/673/264
f 480/667/429 491/682/270 492/674/271
f 477/668/256 488/671/267 489/675/268
f 475/660/254 474/659/253 485/673/264
f 481/677/260 492/697/271 493/678/272
f 479/663/258 478/658/257 489/675/268
f 476/664/255 475/2306/254 486/680/265
f 483/665/262 482/662/261 493/678/272
f 479/663/258 490/679/430 491/682/270
f 490/683/430 489/700/268 500/684/279
f 486/686/265 497/707/276 498/687/277
f 494/672/273 493/678/272 504/689/283
f 491/692/270 490/683/430 501/685/280
f 488/694/267 487/688/266 498/687/277
f 485/673/264 484/681/263 495/691/274
f 492/697/271 491/2307/270 502/698/281
f 488/694/267 499/695/278 500/684/279
f 486/676/265 485/673/264 496/696/275
f 492/697/271 503/699/282 504/689/283
f 499/695/278 510/712/289 511/702/290
f 497/701/276 496/696/275 507/703/286
f 503/699/282 514/723/293 515/705/294
f 501/685/280 500/684/279 511/702/290
f 497/707/276 508/726/287 509/708/288
f 505/690/284 504/689/283 515/705/294
f 502/693/281 501/685/280 512/706/291
f 498/687/277 509/708/288 510/712/289
f 495/691/274 506/710/285 507/703/286
f 502/693/281 513/711/292 514/713/293
f 512/706/291 523/725/302 524/715/303
f 510/712/289 509/708/288 520/716/299
f 506/710/285 517/727/296 518/719/297
f 514/713/293 513/711/292 524/715/303
f 510/712/289 521/717/431 522/721/301
f 507/703/286 518/719/297 519/722/298
f 514/723/293 525/2308/432 526/724/305
f 511/702/290 522/721/301 523/725/302
f 508/726/287 519/729/298 520/716/299
f 515/705/294 526/724/305 527/718/306
f 522/721/301 533/737/312 534/728/313
f 519/729/298 530/2309/309 531/730/433
f 526/724/305 537/740/316 538/731/317
f 523/725/302 534/728/313 535/733/434
f 520/716/299 531/730/433 532/734/311
f 517/727/296 528/732/307 529/735/308
f 525/720/432 524/715/303 535/733/434
f 521/717/431 532/734/311 533/737/312
f 519/722/298 518/719/297 529/735/308
f 526/724/305 525/2308/432 536/739/315
f 535/733/434 546/751/436 547/741/326
f 532/734/311 543/752/435 544/742/323
f 530/738/309 529/735/308 540/743/319
f 536/739/315 547/767/326 548/745/327
f 533/737/312 544/742/323 545/746/324
f 531/730/433 530/2309/309 541/747/320
f 538/731/317 537/740/316 548/745/327
f 535/733/434 534/728/313 545/746/324
f 531/730/433 542/748/321 543/752/435
f 528/732/307 539/750/318 540/743/319
f 545/754/324 557/769/336 558/755/438
f 542/757/321 554/776/437 555/758/334
f 539/750/318 551/753/330 552/761/331
f 546/756/436 558/755/438 559/762/338
f 544/764/323 543/759/435 555/758/334
f 541/744/320 540/743/319 552/761/331
f 547/767/326 559/772/338 560/768/339
f 544/764/323 556/765/335 557/769/336
f 541/744/320 553/766/332 554/770/437
f 549/749/328 548/745/327 560/768/339
f 559/772/338 570/2310/349 571/773/350
f 557/769/336 556/765/335 567/774/346
f 554/776/437 553/2311/332 564/777/343
f 561/760/340 560/768/339 571/773/350
f 557/769/336 568/775/347 569/781/348
f 555/758/334 554/776/437 565/778/344
f 551/753/330 562/780/341 563/783/342
f 558/755/438 569/781/348 570/784/349
f 555/758/334 566/782/345 567/774/346
f 552/761/331 563/783/342 564/785/343
f 563/783/342 562/780/341 573/786/352
f 570/784/349 569/781/348 580/788/441
f 566/782/345 577/797/440 578/790/357
f 563/783/342 574/787/353 575/791/354
f 571/773/350 570/2310/349 581/792/360
f 567/774/346 578/790/357 579/794/358
f 564/777/343 575/808/354 576/795/439
f 571/773/350 582/793/361 583/796/362
f 568/775/347 579/794/358 580/788/441
f 566/782/345 565/778/344 576/795/439
f 582/793/361 593/806/372 594/798/373
f 579/794/358 590/807/369 591/800/443
f 576/795/439 587/809/442 588/801/367
f 574/787/353 573/786/352 584/799/363
f 580/788/441 591/800/443 592/803/371
f 578/790/357 577/797/440 588/801/367
f 575/791/354 574/787/353 585/802/364
f 581/792/360 592/811/371 593/806/372
f 578/790/357 589/804/368 590/807/369
f 575/808/354 586/814/365 587/809/442
f 585/802/364 596/820/375 597/810/376
f 592/811/371 603/833/382 604/812/383
f 589/804/368 600/822/379 601/813/446
f 586/814/365 597/2312/376 598/815/444
f 593/806/372 604/812/383 605/816/384
f 590/807/369 601/813/446 602/818/381
f 588/801/367 587/809/442 598/815/444
f 584/799/363 595/817/374 596/820/375
f 592/803/371 591/800/443 602/818/381
f 588/801/367 599/819/445 600/822/379
f 596/820/375 595/817/374 606/824/385
f 602/826/381 613/839/392 614/827/393
f 600/829/379 599/841/445 610/830/389
f 596/820/375 607/825/386 608/832/387
f 603/833/382 614/854/393 615/834/394
f 600/829/379 611/831/390 612/835/391
f 597/810/376 608/832/387 609/837/388
f 604/812/383 615/834/394 616/823/395
f 601/836/446 612/835/391 613/839/392
f 598/840/444 609/844/388 610/830/389
f 608/842/387 619/860/398 620/843/399
f 616/823/395 615/834/394 626/845/405
f 612/835/391 623/855/402 624/848/403
f 609/844/388 620/843/399 621/849/400
f 607/825/386 606/824/385 617/847/396
f 613/839/392 624/848/403 625/851/404
f 610/830/389 621/849/400 622/852/401
f 608/832/387 607/825/386 618/850/397
f 614/854/393 625/857/404 626/845/405
f 611/831/390 622/852/401 623/855/402
f 618/850/397 629/866/408 630/856/409
f 625/857/404 636/2313/415 637/858/416
f 622/852/401 633/868/412 634/859/413
f 619/860/398 630/869/409 631/861/410
f 626/845/405 637/858/416 638/862/417
f 623/855/402 634/859/413 635/864/414
f 620/843/399 631/861/410 632/865/448
f 617/847/396 628/863/447 629/866/408
f 625/851/404 624/848/403 635/864/414
f 622/852/401 621/849/400 632/865/448
f 631/861/410 641/591/449 642/593/203
f 628/863/447 639/597/201 423/599/418
f 636/867/415 635/864/414 644/588/450
f 632/865/448 642/593/203 424/603/420
f 629/866/408 423/599/418 640/605/202
f 637/858/416 636/2313/415 425/606/205
f 634/859/413 633/868/412 424/603/420
f 630/869/409 640/610/202 641/591/449
f 638/862/417 637/858/416 426/608/422
f 634/859/413 643/609/204 644/588/450
f 864/870/205 655/2314/215 656/871/216
f 861/873/420 652/893/212 653/874/213
f 858/876/202 649/2315/209 650/877/451
f 866/879/206 865/872/422 656/871/216
f 863/884/450 862/875/204 653/874/213
f 859/878/449 650/877/451 651/886/452
f 646/889/418 645/881/201 647/883/423
f 864/891/205 863/884/450 654/885/424
f 861/873/420 860/887/203 651/886/452
f 646/889/418 648/890/208 649/894/209
f 651/896/452 650/912/451 661/897/221
f 647/883/423 658/913/218 659/900/219
f 654/901/424 665/914/453 666/902/226
f 652/904/212 651/896/452 662/898/222
f 648/890/208 659/900/219 660/906/220
f 656/871/216 655/2314/215 666/907/226
f 652/904/212 663/905/223 664/909/224
f 649/911/209 660/916/220 661/897/221
f 656/871/216 667/908/227 668/899/228
f 653/910/213 664/909/224 665/914/453
f 663/905/223 674/925/235 675/915/236
f 660/916/220 671/933/232 672/917/233
f 668/899/228 667/908/227 678/918/239
f 665/914/453 664/909/224 675/915/236
f 661/897/221 672/917/233 673/922/234
f 658/913/218 669/920/230 670/923/231
f 665/914/453 676/921/454 677/924/238
f 663/905/223 662/898/222 673/922/234
f 660/906/220 659/900/219 670/923/231
f 666/907/226 677/930/238 678/918/239
f 673/922/234 684/938/455 685/927/246
f 671/926/232 670/923/231 681/928/242
f 677/930/238 688/2316/249 689/931/250
f 674/925/235 685/927/246 686/932/427
f 671/933/232 682/2317/243 683/934/244
f 678/918/239 689/931/250 690/935/251
f 675/915/236 686/932/427 687/937/428
f 672/917/233 683/934/244 684/938/455
f 669/920/230 680/936/241 681/928/242
f 676/921/454 687/937/428 688/939/249
f 687/937/428 686/932/427 698/940/258
f 683/934/244 695/952/456 696/942/256
f 681/928/242 680/936/241 692/944/252
f 687/937/428 699/941/429 700/946/260
f 684/938/455 696/942/256 697/947/257
f 682/929/243 681/928/242 693/945/253
f 689/931/250 688/2316/249 700/949/260
f 685/927/246 697/947/257 698/940/258
f 683/934/244 682/2317/243 694/951/254
f 689/931/250 701/950/261 702/943/262
f 697/947/257 708/962/268 709/953/269
f 695/952/456 694/951/254 705/954/265
f 701/950/261 712/964/272 713/956/273
f 698/940/258 709/953/269 710/958/270
f 695/952/456 706/955/457 707/959/267
f 693/945/253 692/944/252 703/957/263
f 700/946/260 699/941/429 710/958/270
f 696/942/256 707/959/267 708/962/268
f 694/948/254 693/945/253 704/960/264
f 700/949/260 711/967/271 712/964/272
f 710/965/270 721/2318/281 722/966/282
f 707/968/267 718/982/278 719/969/279
f 704/960/264 715/983/275 716/971/276
f 711/967/271 722/966/282 723/972/283
f 708/970/268 719/969/279 720/973/280
f 706/975/457 705/2319/265 716/976/276
f 712/964/272 723/972/283 724/978/284
f 709/974/269 720/973/280 721/980/281
f 707/968/267 706/975/457 717/977/277
f 703/957/263 714/979/274 715/983/275
f 720/973/280 731/995/291 732/985/459
f 717/977/277 728/997/458 729/986/289
f 715/983/275 714/979/274 725/984/285
f 721/980/281 732/985/459 733/989/293
f 719/969/279 718/982/278 729/986/289
f 715/983/275 726/988/286 727/992/287
f 723/972/283 722/966/282 733/993/293
f 719/969/279 730/991/290 731/995/291
f 717/977/277 716/976/276 727/996/287
f 724/978/284 723/972/283 734/994/294
f 734/994/294 733/993/293 744/998/432
f 730/991/290 741/1008/301 742/1000/302
f 727/996/287 738/2320/298 739/1001/299
f 735/987/295 734/994/294 745/999/305
f 731/995/291 742/1000/302 743/1004/303
f 728/997/458 739/1001/299 740/1005/300
f 725/984/285 736/1003/296 737/1006/297
f 733/989/293 732/985/459 743/1004/303
f 730/991/290 729/986/289 740/1005/300
f 726/988/286 737/1006/297 738/1009/298
f 736/1003/296 747/1019/307 748/1010/308
f 743/1004/303 754/1020/434 755/1011/315
f 740/1005/300 751/1021/311 752/1012/312
f 738/1009/298 737/1006/297 748/1010/308
f 744/998/432 755/1031/315 756/1014/316
f 741/1008/301 752/1012/312 753/1015/313
f 739/1001/299 738/2320/298 749/1016/309
f 745/999/305 756/1014/316 757/1018/317
f 742/1000/302 753/1015/313 754/1020/434
f 739/1001/299 750/1017/310 751/1021/311
f 756/1014/316 767/1032/327 768/1022/328
f 753/1015/313 764/1033/324 765/1024/325
f 751/1021/311 750/1017/310 761/1025/321
f 748/1010/308 747/1019/307 758/1023/318
f 754/1020/434 765/1024/325 766/1028/326
f 752/1012/312 751/1021/311 762/1026/435
f 748/1010/308 759/1027/319 760/1030/320
f 755/1031/315 766/1035/326 767/1032/327
f 752/1012/312 763/1029/323 764/1033/324
f 749/1016/309 760/2321/320 761/1025/321
f 759/1027/319 770/1049/331 771/1034/332
f 766/1035/326 777/2322/338 778/1036/339
f 763/1037/323 774/1052/335 775/1038/336
f 761/1040/321 760/1030/320 771/1034/332
f 768/1022/328 767/1032/327 778/1036/339
f 764/1039/324 775/1038/336 776/1044/438
f 761/1046/321 772/1063/437 773/1047/334
f 759/1027/319 758/1023/318 769/1043/330
f 765/1045/325 776/1044/438 777/1050/338
f 763/1037/323 762/1048/435 773/1047/334
f 769/1043/330 781/1064/341 782/1054/342
f 776/1044/438 788/1065/348 789/1055/349
f 773/1047/334 785/1066/345 786/1056/346
f 770/1049/331 782/1054/342 783/1057/343
f 778/1036/339 777/2322/338 789/1058/349
f 774/1052/335 786/1056/346 787/1060/347
f 771/1061/332 783/1067/343 784/1062/344
f 779/1042/340 778/1036/339 790/1059/350
f 775/1038/336 787/1060/347 788/1065/348
f 773/1047/334 772/1063/437 784/1062/344
f 783/1067/343 794/2323/354 795/1068/439
f 790/1059/350 801/1078/361 802/1069/362
f 787/1060/347 798/1079/358 799/1071/441
f 785/1066/345 784/1062/344 795/1068/439
f 782/1054/342 781/1064/341 792/1070/352
f 788/1065/348 799/1071/441 800/1074/360
f 786/1056/346 785/1066/345 796/1072/356
f 782/1054/342 793/1073/353 794/1076/354
f 790/1059/350 789/1058/349 800/1077/360
f 786/1056/346 797/1075/357 798/1079/358
f 793/1073/353 804/1090/364 805/1080/365
f 801/1078/361 800/1077/360 811/1081/371
f 797/1075/357 808/1092/368 809/1083/369
f 795/1068/439 794/2323/354 805/1084/365
f 802/1069/362 801/1078/361 812/1082/372
f 799/1071/441 798/1079/358 809/1083/369
f 795/1068/439 806/1085/366 807/1089/367
f 793/1073/353 792/1070/352 803/1087/363
f 799/1071/441 810/1088/443 811/1091/371
f 796/1072/356 807/1089/367 808/1092/368
f 806/1085/366 817/1101/377 818/1093/445
f 803/1087/363 814/1102/374 815/1095/375
f 810/1088/443 821/1103/381 822/1096/382
f 808/1092/368 807/1089/367 818/1093/445
f 805/1080/365 804/1090/364 815/1095/375
f 811/1081/371 822/2324/382 823/1099/383
f 808/1092/368 819/1097/379 820/1100/446
f 805/1084/365 816/2325/376 817/1101/377
f 812/1082/372 823/1099/383 824/1094/384
f 810/1088/443 809/1083/369 820/1100/446
f 817/1104/377 816/1098/376 827/1105/387
f 823/1099/383 834/1121/394 835/1107/395
f 821/1109/381 820/1122/446 831/1110/391
f 817/1112/377 828/1131/388 829/1113/389
f 814/1102/374 825/1108/385 826/1115/386
f 821/1109/381 832/1111/392 833/1116/393
f 819/1118/379 818/1114/445 829/1113/389
f 815/1095/375 826/1115/386 827/1105/387
f 823/1099/383 822/2324/382 833/1120/393
f 819/1118/379 830/1119/390 831/1110/391
f 830/1119/390 829/1113/389 840/1123/400
f 826/1115/386 837/1135/397 838/1125/398
f 834/1121/394 833/1120/393 844/1126/404
f 830/1119/390 841/1124/401 842/1128/402
f 827/1129/387 838/1147/398 839/1130/399
f 835/1107/395 834/1121/394 845/1127/405
f 832/1111/392 831/1110/391 842/1128/402
f 828/1131/388 839/1130/399 840/1123/400
f 825/1108/385 836/1133/396 837/1135/397
f 832/1111/392 843/1134/460 844/1136/404
f 839/1130/399 850/1148/410 851/1137/448
f 836/1133/396 847/1149/447 848/1139/408
f 844/1136/404 843/1134/460 854/1140/414
f 841/1124/401 840/1123/400 851/1137/448
f 837/1135/397 848/1139/408 849/1143/409
f 845/1127/405 844/1126/404 855/1144/415
f 841/1124/401 852/1142/412 853/1146/461
f 838/1147/398 849/1150/409 850/1148/410
f 845/1127/405 856/1145/416 857/1138/417
f 842/1128/402 853/1146/461 854/1140/414
f 852/1142/412 861/873/420 862/875/204
f 849/1150/409 858/876/202 859/878/449
f 857/1138/417 856/1145/416 865/872/422
f 853/1146/461 862/875/204 863/884/450
f 850/1148/410 859/878/449 860/887/203
f 848/1139/408 847/1149/447 645/881/201
f 855/1141/415 854/1140/414 863/884/450
f 851/1137/448 860/887/203 861/873/420
f 848/1139/408 646/889/418 858/895/202
f 855/1144/415 864/870/205 865/872/422
f 869/1151/204 1085/1172/420 876/1152/212
f 1083/1154/202 873/2326/209 874/1155/451
f 870/1157/206 1088/1175/422 880/1158/216
f 869/1151/204 877/1153/462 878/1163/214
f 1084/1156/449 874/1155/451 875/1165/211
f 867/1160/201 871/1162/423 872/1168/208
f 1087/1170/205 1086/1164/450 878/1163/214
f 1085/1172/420 868/1166/203 875/1165/211
f 1082/1169/418 872/1168/208 873/1173/209
f 1088/1175/422 1087/1431/205 879/1176/215
f 871/1162/423 882/1192/218 883/1178/219
f 879/1179/215 878/1193/214 889/1180/453
f 875/1182/211 886/1194/222 887/1183/223
f 872/1168/208 883/1178/219 884/1185/220
f 879/1176/215 890/2327/226 891/1186/227
f 877/1187/462 876/1184/212 887/1183/223
f 874/1189/451 873/2328/209 884/1190/220
f 880/1158/216 891/1186/227 892/1177/228
f 877/1187/462 888/1188/224 889/1180/453
f 875/1182/211 874/1189/451 885/1191/221
f 884/1190/220 895/2329/232 896/1195/233
f 892/1177/228 891/1186/227 902/1196/239
f 888/1188/224 899/1206/236 900/1199/237
f 886/1194/222 885/1191/221 896/1195/233
f 882/1192/218 893/1198/230 894/1201/231
f 889/1180/453 900/1199/237 901/1202/238
f 886/1194/222 897/1200/234 898/1203/235
f 884/1185/220 883/1178/219 894/1201/231
f 891/1186/227 890/2327/226 901/1205/238
f 887/1183/223 898/1203/235 899/1206/236
f 894/1201/231 905/1216/242 906/1207/243
f 901/1205/238 912/1226/249 913/1208/250
f 898/1203/235 909/1218/246 910/1209/427
f 896/1195/233 895/2329/232 906/1210/243
f 902/1196/239 913/1208/250 914/1212/251
f 899/1206/236 910/1209/427 911/1214/428
f 896/1195/233 907/1211/463 908/1215/455
f 893/1198/230 904/1213/426 905/1216/242
f 901/1202/238 900/1199/237 911/1214/428
f 897/1200/234 908/1215/455 909/1218/246
f 908/1215/455 907/1211/463 918/1219/456
f 904/1213/426 915/1230/252 916/1222/253
f 911/1214/428 922/1231/259 923/1223/260
f 908/1215/455 919/1220/256 920/1224/257
f 906/1207/243 905/1216/242 916/1222/253
f 912/1226/249 923/1241/260 924/1227/261
f 909/1218/246 920/1224/257 921/1228/258
f 907/1211/463 906/1210/243 917/1229/254
f 913/1208/250 924/1227/261 925/1221/262
f 910/1209/427 921/1228/258 922/1231/259
f 917/1229/254 928/2330/265 929/1232/266
f 924/1227/261 935/1242/272 936/1233/273
f 921/1228/258 932/1243/430 933/1235/270
f 918/1219/456 929/1232/266 930/1236/267
f 915/1230/252 926/1234/263 927/1237/264
f 923/1223/260 922/1231/259 933/1235/270
f 919/1220/256 930/1236/267 931/1239/268
f 916/1222/253 927/1237/264 928/1240/265
f 923/1241/260 934/1248/271 935/1242/272
f 921/1228/258 920/1224/257 931/1239/268
f 930/1244/267 941/1259/278 942/1245/279
f 927/1237/264 938/1260/275 939/1247/276
f 934/1248/271 945/1262/282 946/1249/283
f 932/1250/430 931/1246/268 942/1245/279
f 928/1252/265 939/1272/276 940/1253/277
f 936/1233/273 935/1242/272 946/1249/283
f 933/1257/270 932/1250/430 943/1251/280
f 929/1254/266 940/1253/277 941/1259/278
f 927/1237/264 926/1234/263 937/1256/274
f 933/1261/270 944/2331/464 945/1262/282
f 940/1253/277 951/1273/458 952/1263/289
f 937/1256/274 948/1274/285 949/1265/286
f 944/1258/464 955/1275/459 956/1266/293
f 941/1259/278 952/1263/289 953/1268/290
f 938/1260/275 949/1265/286 950/1269/287
f 945/1262/282 956/1288/293 957/1270/294
f 943/1251/280 942/1245/279 953/1268/290
f 939/1272/276 950/2332/287 951/1273/458
f 947/1255/284 946/1249/283 957/1270/294
f 943/1251/280 954/1271/291 955/1275/459
f 954/1271/291 953/1268/290 964/1276/301
f 951/1273/458 950/2332/287 961/1278/298
f 958/1264/295 957/1270/294 968/1280/305
f 954/1271/291 965/1277/466 966/1283/303
f 951/1273/458 962/1279/299 963/1284/431
f 948/1274/285 959/1282/465 960/1285/297
f 955/1275/459 966/1283/303 967/1286/432
f 952/1263/289 963/1284/431 964/1276/301
f 949/1265/286 960/1285/297 961/1287/298
f 956/1288/293 967/1292/432 968/1280/305
f 963/1284/431 974/1300/311 975/1289/312
f 961/1287/298 960/1285/297 971/1290/308
f 967/1292/432 978/2333/315 979/1293/316
f 965/1277/466 964/1276/301 975/1289/312
f 962/1279/299 961/1278/298 972/1295/309
f 968/1280/305 979/1293/316 980/1297/317
f 965/1277/466 976/1294/313 977/1299/434
f 962/1279/299 973/1296/433 974/1300/311
f 959/1282/465 970/1298/307 971/1290/308
f 966/1283/303 977/1299/434 978/1301/315
f 976/1294/313 987/1311/469 988/1302/325
f 973/1296/433 984/1313/321 985/1303/322
f 970/1298/307 981/1314/468 982/1305/319
f 977/1299/434 988/1302/325 989/1306/326
f 974/1300/311 985/1303/322 986/1307/323
f 972/1291/309 971/1290/308 982/1305/319
f 979/1293/316 978/2333/315 989/1309/326
f 976/1294/313 975/1289/312 986/1307/323
f 973/1296/433 972/1295/309 983/1312/320
f 980/1297/317 979/1293/316 990/1310/327
f 987/1315/469 986/1332/323 997/1316/335
f 984/1318/321 983/1308/320 994/1319/332
f 991/1304/470 990/1310/327 1001/1321/339
f 987/1315/469 998/1317/336 999/1324/438
f 984/1326/321 995/1340/333 996/1327/334
f 981/1314/468 992/1323/330 993/1329/331
f 988/1325/325 999/1324/438 1000/1330/338
f 985/1328/322 996/1327/334 997/1316/335
f 982/1305/319 993/1329/331 994/1319/332
f 990/1310/327 989/1309/326 1000/1333/338
f 999/1324/438 1011/1345/348 1012/1334/349
f 996/1327/334 1008/1346/345 1009/1335/346
f 994/1319/332 993/1329/331 1005/1336/342
f 1000/1333/338 1012/1356/349 1013/1338/350
f 998/1317/336 997/1316/335 1009/1335/346
f 995/1340/333 994/2334/332 1006/1341/343
f 1002/1322/340 1001/1321/339 1013/1338/350
f 998/1317/336 1010/1339/347 1011/1345/348
f 995/1340/333 1007/1342/344 1008/1346/345
f 992/1323/330 1004/1344/341 1005/1336/342
f 1011/1345/348 1010/1339/347 1021/1348/472
f 1007/1342/344 1018/1359/439 1019/1350/440
f 1004/1344/341 1015/1347/471 1016/1352/353
f 1011/1345/348 1022/1349/359 1023/1353/360
f 1008/1346/345 1019/1350/440 1020/1354/357
f 1006/1337/343 1005/1336/342 1016/1352/353
f 1012/1356/349 1023/1360/360 1024/1357/361
f 1010/1339/347 1009/1335/346 1020/1354/357
f 1007/1342/344 1006/1341/343 1017/1358/354
f 1013/1338/350 1024/1357/361 1025/1351/362
f 1023/1360/360 1035/1376/371 1036/1361/372
f 1021/1348/472 1020/1354/357 1032/1362/368
f 1017/1358/354 1029/2335/365 1030/1364/442
f 1024/1357/361 1036/1361/372 1037/1365/373
f 1021/1348/472 1033/1363/369 1034/1367/443
f 1018/1359/439 1030/1364/442 1031/1368/367
f 1015/1347/471 1027/1366/363 1028/1369/364
f 1022/1349/359 1034/1367/443 1035/1370/371
f 1019/1350/440 1031/1368/367 1032/1362/368
f 1016/1352/353 1028/1369/364 1029/1371/365
f 1027/1366/363 1038/1382/374 1039/1372/375
f 1034/1367/443 1045/1383/473 1046/1373/382
f 1031/1368/367 1042/1384/378 1043/1374/379
f 1029/1371/365 1028/1369/364 1039/1372/375
f 1035/1376/371 1046/1400/382 1047/1377/383
f 1033/1363/369 1032/1362/368 1043/1374/379
f 1030/1364/442 1029/2335/365 1040/1379/376
f 1036/1361/372 1047/1377/383 1048/1381/384
f 1034/1367/443 1033/1363/369 1044/1378/380
f 1031/1368/367 1030/1364/442 1041/1380/444
f 1048/1381/384 1047/1377/383 1058/1385/394
f 1044/1388/380 1055/1401/391 1056/1389/392
f 1041/1391/444 1052/1411/474 1053/1392/389
f 1038/1382/374 1049/1387/385 1050/1394/386
f 1045/1390/473 1056/1389/392 1057/1395/393
f 1042/1393/378 1053/1392/389 1054/1397/390
f 1040/1375/376 1039/1372/375 1050/1394/386
f 1046/1400/382 1057/1405/393 1058/1385/394
f 1044/1388/380 1043/1398/379 1054/1397/390
f 1040/1375/376 1051/1399/387 1052/1402/474
f 1050/1394/386 1061/1416/397 1062/1404/398
f 1057/1405/393 1068/1423/404 1069/1406/405
f 1055/1401/391 1054/1397/390 1065/1407/401
f 1051/1409/387 1062/1426/398 1063/1410/399
f 1058/1385/394 1069/1406/405 1070/1412/406
f 1055/1401/391 1066/1408/402 1067/1414/403
f 1053/1392/389 1052/1411/474 1063/1410/399
f 1049/1387/385 1060/1413/396 1061/1416/397
f 1056/1389/392 1067/1414/403 1068/1417/404
f 1053/1392/389 1064/1415/400 1065/1407/401
f 1060/1413/396 1071/1428/407 1072/1419/408
f 1067/1414/403 1078/1429/414 1079/1420/415
f 1064/1415/400 1075/1430/411 1076/1421/412
f 1061/1416/397 1072/1419/408 1073/1422/409
f 1068/1423/404 1079/2336/415 1080/1424/416
f 1066/1408/402 1065/1407/401 1076/1421/412
f 1062/1426/398 1073/2337/409 1074/1427/475
f 1070/1412/406 1069/1406/405 1080/1424/416
f 1066/1408/402 1077/1425/413 1078/1429/414
f 1064/1415/400 1063/1410/399 1074/1427/475
f 1074/1427/475 1073/2337/409 1083/1154/202
f 1080/1424/416 1088/1175/422 870/1157/206
f 1077/1425/413 869/1151/204 1086/1164/450
f 1075/1430/411 1074/1427/475 1084/1156/449
f 1072/1419/408 1071/1428/407 867/1160/201
f 1078/1429/414 1086/1164/450 1087/1170/205
f 1075/1430/411 868/1166/203 1085/1172/420
f 1072/1419/408 1082/1169/418 1083/1174/202
f 1080/1424/416 1079/2336/415 1087/1431/205
f 1077/1425/413 1076/1421/412 1085/1172/420
f 1309/1435/201 1098/1455/423 1099/1436/208
f 1095/1438/421 1105/1456/214 1106/1439/215
f 1093/1441/420 1092/1457/203 1102/1442/211
f 1089/1437/418 1099/1436/208 1100/1444/209
f 1097/1446/422 1096/1711/205 1106/1447/215
f 1093/1441/420 1103/1443/212 1104/1449/213
f 1090/1451/202 1100/2338/209 1101/1452/210
f 1310/1433/206 1097/1446/422 1107/1448/216
f 1094/1450/204 1104/1449/213 1105/1456/214
f 1092/1457/203 1091/1453/419 1101/1452/210
f 1103/1458/212 1114/1473/223 1115/1459/224
f 1101/1461/210 1100/2339/209 1111/1462/220
f 1107/1448/216 1118/1475/227 1119/1464/228
f 1105/1466/214 1104/1460/213 1115/1459/224
f 1101/1461/210 1112/1463/477 1113/1468/222
f 1099/1436/208 1098/1455/423 1109/1465/218
f 1105/1466/214 1116/1467/225 1117/1471/226
f 1102/1469/211 1113/1468/222 1114/1473/223
f 1100/1444/209 1099/1436/208 1110/1470/219
f 1106/1447/215 1117/2340/226 1118/1475/227
f 1116/1467/225 1127/1485/237 1128/1476/238
f 1113/1468/222 1124/1486/234 1125/1477/235
f 1110/1470/219 1121/1487/231 1122/1478/232
f 1118/1475/227 1117/2340/226 1128/1479/238
f 1115/1459/224 1114/1473/223 1125/1477/235
f 1111/1462/220 1122/1499/232 1123/1482/233
f 1118/1475/227 1129/1480/239 1130/1483/240
f 1115/1459/224 1126/1481/236 1127/1485/237
f 1113/1468/222 1112/1463/477 1123/1482/233
f 1109/1465/218 1120/1484/230 1121/1487/231
f 1126/1481/236 1138/1498/247 1139/1489/428
f 1124/1486/234 1123/1482/233 1135/1490/244
f 1120/1484/230 1132/1488/241 1133/1493/242
f 1127/1485/237 1139/1489/428 1140/1494/249
f 1124/1486/234 1136/1491/455 1137/1495/246
f 1121/1487/231 1133/1493/242 1134/1496/243
f 1128/1479/238 1140/1500/249 1141/1497/250
f 1126/1481/236 1125/1477/235 1137/1495/246
f 1122/1499/232 1134/2341/243 1135/1490/244
f 1130/1483/240 1129/1480/239 1141/1497/250
f 1140/1500/249 1151/1517/260 1152/1501/261
f 1138/1498/247 1137/1495/246 1148/1502/257
f 1135/1490/244 1134/2341/243 1145/1504/254
f 1141/1497/250 1152/1501/261 1153/1506/262
f 1138/1498/247 1149/1503/258 1150/1508/259
f 1135/1490/244 1146/1505/255 1147/1509/256
f 1132/1488/241 1143/1507/252 1144/1510/253
f 1139/1489/428 1150/1508/259 1151/1511/260
f 1136/1491/455 1147/1509/256 1148/1502/257
f 1134/1496/243 1133/1493/242 1144/1510/253
f 1143/1507/252 1154/1523/263 1155/1513/264
f 1150/1508/259 1161/1524/270 1162/1514/271
f 1147/1509/256 1158/1525/267 1159/1515/268
f 1145/1512/254 1144/1510/253 1155/1513/264
f 1151/1517/260 1162/1538/271 1163/1518/272
f 1149/1503/258 1148/1502/257 1159/1515/268
f 1146/1505/255 1145/1504/254 1156/1520/265
f 1152/1501/261 1163/1518/272 1164/1522/273
f 1149/1503/258 1160/1519/430 1161/1524/270
f 1147/1509/256 1146/1505/255 1157/1521/266
f 1164/1522/273 1163/1518/272 1174/1526/283
f 1160/1529/430 1171/1542/280 1172/1530/281
f 1158/1532/267 1157/1544/266 1168/1533/277
f 1154/1523/263 1165/1528/274 1166/1535/275
f 1161/1536/270 1172/2342/281 1173/1537/282
f 1158/1532/267 1169/1534/278 1170/1539/279
f 1156/1516/265 1155/1513/264 1166/1535/275
f 1162/1538/271 1173/1537/282 1174/1526/283
f 1160/1529/430 1159/1540/268 1170/1539/279
f 1156/1543/265 1167/2343/276 1168/1533/277
f 1167/1541/276 1166/1535/275 1177/1545/286
f 1173/1537/282 1184/1563/293 1185/1547/294
f 1171/1542/280 1170/1539/279 1181/1548/290
f 1168/1533/277 1167/2343/276 1178/1550/287
f 1174/1526/283 1185/1547/294 1186/1552/295
f 1171/1542/280 1182/1549/291 1183/1554/459
f 1168/1533/277 1179/1551/458 1180/1555/289
f 1166/1535/275 1165/1528/274 1176/1553/285
f 1172/1530/281 1183/1554/459 1184/1556/293
f 1169/1534/278 1180/1555/289 1181/1548/290
f 1176/1553/285 1187/1568/296 1188/1559/297
f 1183/1554/459 1194/1569/303 1195/1560/432
f 1180/1555/289 1191/1570/431 1192/1561/301
f 1178/1546/287 1177/1545/286 1188/1559/297
f 1184/1563/293 1195/1581/432 1196/1564/305
f 1182/1549/291 1181/1548/290 1192/1561/301
f 1179/1551/458 1178/1550/287 1189/1566/298
f 1186/1552/295 1185/1547/294 1196/1564/305
f 1182/1549/291 1193/1565/466 1194/1569/303
f 1179/1551/458 1190/1567/299 1191/1570/431
f 1190/1567/299 1189/1566/298 1200/1571/309
f 1196/1564/305 1207/1582/316 1208/1573/317
f 1193/1565/466 1204/1583/313 1205/1575/434
f 1190/1567/299 1201/1572/310 1202/1576/311
f 1187/1568/296 1198/1574/307 1199/1577/308
f 1194/1569/303 1205/1575/434 1206/1578/315
f 1191/1570/431 1202/1576/311 1203/1579/312
f 1188/1559/297 1199/1577/308 1200/1580/309
f 1195/1581/432 1206/1586/315 1207/1582/316
f 1193/1565/466 1192/1561/301 1203/1579/312
f 1200/1580/309 1199/1577/308 1211/1584/319
f 1206/1586/315 1218/1607/326 1219/1587/327
f 1204/1583/313 1203/1579/312 1215/1588/323
f 1200/1571/309 1212/2344/320 1213/1590/321
f 1208/1573/317 1207/1582/316 1219/1587/327
f 1204/1583/313 1216/1589/469 1217/1593/325
f 1202/1576/311 1201/1572/310 1213/1590/321
f 1198/1574/307 1210/1592/318 1211/1584/319
f 1205/1575/434 1217/1593/325 1218/1595/326
f 1202/1576/311 1214/1594/322 1215/1588/323
f 1213/1596/321 1224/1615/437 1225/1597/334
f 1210/1592/318 1221/1613/330 1222/1600/331
f 1217/1601/325 1228/1614/438 1229/1602/338
f 1214/1598/322 1225/1597/334 1226/1604/335
f 1211/1584/319 1222/1600/331 1223/1606/332
f 1218/1607/326 1229/1626/338 1230/1608/339
f 1216/1609/469 1215/1605/323 1226/1604/335
f 1212/1585/320 1223/1606/332 1224/1611/437
f 1219/1587/327 1230/1608/339 1231/1599/340
f 1216/1609/469 1227/1610/336 1228/1614/438
f 1224/1615/437 1223/2345/332 1234/1616/343
f 1230/1608/339 1241/1627/350 1242/1618/351
f 1227/1610/336 1238/1628/347 1239/1620/348
f 1225/1597/334 1224/1615/437 1235/1617/344
f 1221/1613/330 1232/1619/341 1233/1622/342
f 1228/1614/438 1239/1620/348 1240/1623/349
f 1225/1597/334 1236/1621/345 1237/1624/346
f 1223/1606/332 1222/1600/331 1233/1622/342
f 1229/1626/338 1240/1631/349 1241/1627/350
f 1227/1610/336 1226/1604/335 1237/1624/346
f 1236/1621/345 1247/1638/440 1248/1629/357
f 1233/1622/342 1244/1639/353 1245/1630/354
f 1240/1631/349 1251/1648/360 1252/1632/361
f 1237/1624/346 1248/1629/357 1249/1633/472
f 1234/1616/343 1245/1651/354 1246/1634/355
f 1242/1618/351 1241/1627/350 1252/1632/361
f 1239/1620/348 1238/1628/347 1249/1633/472
f 1235/1617/344 1246/1634/355 1247/1638/440
f 1232/1619/341 1243/1636/471 1244/1639/353
f 1239/1620/348 1250/1637/359 1251/1640/360
f 1247/1638/440 1246/1634/355 1257/1641/366
f 1243/1636/471 1254/1652/363 1255/1644/364
f 1250/1637/359 1261/1653/443 1262/1645/371
f 1247/1638/440 1258/1642/367 1259/1646/368
f 1244/1639/353 1255/1644/364 1256/1647/365
f 1251/1648/360 1262/1666/371 1263/1649/372
f 1249/1633/472 1248/1629/357 1259/1646/368
f 1245/1651/354 1256/1656/365 1257/1641/366
f 1252/1632/361 1263/1649/372 1264/1643/373
f 1249/1633/472 1260/1650/369 1261/1653/443
f 1260/1650/369 1259/1646/368 1270/1654/379
f 1256/1656/365 1267/2346/376 1268/1657/377
f 1264/1643/373 1263/1649/372 1274/1658/383
f 1260/1650/369 1271/1655/380 1272/1661/381
f 1257/1641/366 1268/1657/377 1269/1662/378
f 1254/1652/363 1265/1660/374 1266/1663/375
f 1261/1653/443 1272/1661/381 1273/1664/382
f 1258/1642/367 1269/1662/378 1270/1654/379
f 1256/1647/365 1255/1644/364 1266/1663/375
f 1262/1666/371 1273/1671/382 1274/1658/383
f 1269/1667/378 1280/1682/389 1281/1668/390
f 1266/1663/375 1277/1683/386 1278/1670/387
f 1273/1671/382 1284/1694/393 1285/1672/394
f 1271/1673/380 1270/1669/379 1281/1668/390
f 1267/1665/376 1278/1670/387 1279/1675/388
f 1275/1659/384 1274/1658/383 1285/1672/394
f 1271/1673/380 1282/1674/391 1283/1679/392
f 1269/1667/378 1268/2347/377 1279/1681/388
f 1265/1660/374 1276/1678/385 1277/1683/386
f 1272/1680/381 1283/1679/392 1284/1684/393
f 1283/1679/392 1282/1674/391 1293/1686/402
f 1279/1681/388 1290/1697/399 1291/1688/400
f 1276/1678/385 1287/1698/396 1288/1690/397
f 1283/1679/392 1294/1687/403 1295/1691/404
f 1280/1682/389 1291/1688/400 1292/1692/401
f 1278/1670/387 1277/1683/386 1288/1690/397
f 1284/1694/393 1295/1710/404 1296/1695/405
f 1282/1674/391 1281/1668/390 1292/1692/401
f 1279/1681/388 1278/2348/387 1289/1696/398
f 1286/1677/395 1285/1672/394 1296/1695/405
f 1293/1686/402 1292/1692/401 1303/1699/412
f 1289/1696/398 1300/1712/409 1301/1701/410
f 1297/1689/406 1296/1695/405 1307/1702/416
f 1294/1687/403 1293/1686/402 1304/1700/413
f 1290/1697/399 1301/1701/410 1302/1706/411
f 1287/1698/396 1298/1704/447 1299/1707/408
f 1294/1687/403 1305/1705/414 1306/1708/415
f 1291/1688/400 1302/1706/411 1303/1699/412
f 1288/1690/397 1299/1707/408 1300/1709/409
f 1295/1710/404 1306/2349/415 1307/1702/416
f 1306/1708/415 1305/1705/414 1095/1438/421
f 1302/1706/411 1092/1457/203 1093/1441/420
f 1299/1707/408 1089/1437/418 1090/1445/202
f 1307/1702/416 1306/2349/415 1096/1711/205
f 1304/1700/413 1303/1699/412 1093/1441/420
f 1300/1712/409 1090/1451/202 1091/1453/419
f 1307/1702/416 1097/1446/422 1310/1433/206
f 1305/1705/414 1304/1700/413 1094/1450/204
f 1301/1701/410 1091/1453/419 1092/1457/203
f 1298/1704/447 1309/1435/201 1089/1437/418
f 1526/1713/201 1315/1735/423 1316/1714/208
f 1313/1716/421 1322/1736/214 1323/1717/215
f 1529/1719/420 1528/1737/203 1319/1720/452
f 1311/1722/202 1527/1715/418 1316/1714/208
f 1314/1724/205 1323/1756/215 1324/1725/216
f 1529/1719/420 1320/1721/212 1321/1727/213
f 1312/1729/419 1311/2350/202 1317/1730/209
f 1531/1726/422 1324/1725/216 1325/1732/217
f 1313/1716/421 1530/1728/204 1321/1727/213
f 1312/1729/419 1318/1731/210 1319/1720/452
f 1321/1739/213 1320/1754/212 1331/1740/223
f 1317/1742/209 1328/2351/220 1329/1743/477
f 1324/1725/216 1335/1757/227 1336/1745/228
f 1322/1747/214 1321/1739/213 1332/1741/224
f 1318/1744/210 1329/1743/477 1330/1749/222
f 1316/1714/208 1315/1735/423 1326/1746/218
f 1323/1752/215 1322/1747/214 1333/1748/225
f 1319/1750/452 1330/1749/222 1331/1740/223
f 1316/1714/208 1327/1751/219 1328/1755/220
f 1323/1756/215 1334/1762/226 1335/1757/227
f 1331/1740/223 1330/1749/222 1341/1758/234
f 1328/1755/220 1327/1751/219 1338/1760/231
f 1334/1762/226 1345/2352/238 1346/1763/239
f 1331/1740/223 1342/1759/235 1343/1764/236
f 1329/1743/477 1328/2351/220 1339/1765/232
f 1335/1757/227 1346/1763/239 1347/1767/240
f 1332/1741/224 1343/1764/236 1344/1769/237
f 1329/1743/477 1340/1766/233 1341/1758/234
f 1327/1751/219 1326/1746/218 1337/1768/230
f 1333/1748/225 1344/1769/237 1345/1770/238
f 1344/1769/237 1343/1764/236 1354/1771/427
f 1340/1766/233 1351/1782/463 1352/1773/245
f 1337/1768/230 1348/1783/426 1349/1775/242
f 1344/1769/237 1355/1772/248 1356/1776/249
f 1341/1758/234 1352/1773/245 1353/1777/246
f 1339/1761/232 1338/1760/231 1349/1775/242
f 1346/1763/239 1345/2352/238 1356/1779/249
f 1342/1759/235 1353/1777/246 1354/1771/427
f 1340/1766/233 1339/1765/232 1350/1781/243
f 1347/1767/240 1346/1763/239 1357/1780/250
f 1353/1777/246 1364/1794/257 1365/1784/258
f 1351/1782/463 1350/1781/243 1361/1785/254
f 1358/1774/478 1357/1780/250 1368/1787/261
f 1354/1771/427 1365/1784/258 1366/1790/259
f 1351/1782/463 1362/1786/255 1363/1791/256
f 1349/1775/242 1348/1783/426 1359/1789/252
f 1355/1772/248 1366/1790/259 1367/1793/260
f 1353/1777/246 1352/1773/245 1363/1791/256
f 1349/1775/242 1360/1792/253 1361/1795/254
f 1356/1779/249 1367/2353/260 1368/1787/261
f 1366/1790/259 1377/1806/270 1378/1796/271
f 1364/1794/257 1363/1791/256 1374/1797/267
f 1360/1792/253 1371/1807/264 1372/1799/265
f 1368/1787/261 1367/2353/260 1378/1800/271
f 1364/1794/257 1375/1798/268 1376/1802/430
f 1361/1785/254 1372/2354/265 1373/1803/266
f 1368/1787/261 1379/1801/272 1380/1804/273
f 1365/1784/258 1376/1802/430 1377/1806/270
f 1363/1791/256 1362/1786/255 1373/1803/266
f 1360/1792/253 1359/1789/252 1370/1805/263
f 1377/1809/270 1376/1823/430 1387/1810/280
f 1373/1812/266 1384/1825/277 1385/1813/278
f 1370/1805/263 1381/1808/274 1382/1816/275
f 1377/1817/270 1388/2355/464 1389/1818/282
f 1374/1814/267 1385/1813/278 1386/1819/279
f 1372/1799/265 1371/1807/264 1382/1816/275
f 1378/1800/271 1389/1818/282 1390/1822/283
f 1376/1823/430 1375/1820/268 1386/1819/279
f 1373/1812/266 1372/2356/265 1383/1824/276
f 1379/1801/272 1390/1822/283 1391/1815/284
f 1390/1822/283 1389/1818/282 1400/1826/293
f 1386/1819/279 1397/1837/290 1398/1828/291
f 1383/1824/276 1394/1847/287 1395/1829/458
f 1390/1822/283 1401/1827/294 1402/1830/295
f 1387/1810/280 1398/1828/291 1399/1832/459
f 1384/1825/277 1395/1829/458 1396/1833/289
f 1381/1808/274 1392/1831/285 1393/1834/286
f 1388/1811/464 1399/1832/459 1400/1835/293
f 1386/1819/279 1385/1813/278 1396/1833/289
f 1382/1816/275 1393/1834/286 1394/1838/287
f 1393/1834/286 1392/1831/285 1403/1839/465
f 1399/1832/459 1410/1850/480 1411/1841/432
f 1397/1837/290 1396/1833/289 1407/1842/300
f 1394/1838/287 1393/1834/286 1404/1840/297
f 1400/1826/293 1411/2357/432 1412/1845/305
f 1397/1837/290 1408/1843/301 1409/1846/302
f 1394/1847/287 1405/1863/298 1406/1848/479
f 1401/1827/294 1412/1845/305 1413/1849/467
f 1399/1832/459 1398/1828/291 1409/1846/302
f 1395/1829/458 1406/1848/479 1407/1842/300
f 1413/1849/467 1412/1845/305 1423/1851/316
f 1409/1846/302 1420/1862/313 1421/1854/314
f 1407/1842/300 1406/1848/479 1417/1855/310
f 1403/1839/465 1414/1853/307 1415/1857/308
f 1411/1841/432 1410/1850/480 1421/1854/314
f 1407/1842/300 1418/1856/311 1419/1859/312
f 1404/1840/297 1415/1857/308 1416/1860/309
f 1412/1845/305 1411/2357/432 1422/1861/315
f 1408/1843/301 1419/1859/312 1420/1862/313
f 1405/1863/298 1416/2358/309 1417/1855/310
f 1416/1860/309 1415/1857/308 1426/1864/319
f 1422/1861/315 1433/2359/326 1434/1866/327
f 1420/1862/313 1419/1859/312 1430/1867/323
f 1417/1855/310 1416/2358/309 1427/1869/320
f 1423/1851/316 1434/1866/327 1435/1871/328
f 1420/1862/313 1431/1868/324 1432/1873/325
f 1418/1856/311 1417/1855/310 1428/1870/321
f 1415/1857/308 1414/1853/307 1425/1872/318
f 1421/1854/314 1432/1873/325 1433/1875/326
f 1418/1856/311 1429/1874/322 1430/1867/323
f 1426/1864/319 1425/1872/318 1436/1877/330
f 1432/1879/325 1443/1892/438 1444/1880/338
f 1429/1882/322 1440/1894/334 1441/1883/335
f 1427/1865/320 1426/1864/319 1437/1878/331
f 1434/1866/327 1433/2359/326 1444/1886/338
f 1430/1884/323 1441/1883/335 1442/1888/336
f 1427/1865/320 1438/1885/332 1439/1890/333
f 1434/1866/327 1445/1887/339 1446/1876/340
f 1432/1879/325 1431/1889/324 1442/1888/336
f 1428/1893/321 1439/1897/333 1440/1894/334
f 1438/1895/332 1450/1913/343 1451/1896/344
f 1445/1887/339 1457/1907/350 1458/1898/351
f 1443/1892/438 1442/1888/336 1454/1900/347
f 1439/1897/333 1451/1896/344 1452/1902/345
f 1437/1878/331 1436/1877/330 1448/1899/341
f 1444/1880/338 1443/1892/438 1455/1901/481
f 1441/1883/335 1440/1894/334 1452/1902/345
f 1437/1878/331 1449/1903/342 1450/1906/343
f 1444/1886/338 1456/2360/349 1457/1907/350
f 1441/1883/335 1453/1905/346 1454/1900/347
f 1449/1903/342 1460/1919/353 1461/1908/354
f 1457/1907/350 1456/2360/349 1467/1909/360
f 1454/1900/347 1453/1905/346 1464/1911/357
f 1450/1913/343 1461/2361/354 1462/1914/355
f 1457/1907/350 1468/1910/361 1469/1915/482
f 1455/1901/481 1454/1900/347 1465/1912/472
f 1451/1896/344 1462/1914/355 1463/1918/440
f 1449/1903/342 1448/1899/341 1459/1916/352
f 1455/1901/481 1466/1917/359 1467/1920/360
f 1452/1902/345 1463/1918/440 1464/1911/357
f 1463/1918/440 1462/1914/355 1474/1921/366
f 1460/1919/353 1459/1916/352 1471/1924/363
f 1466/1917/359 1478/1932/443 1479/1926/371
f 1463/1918/440 1475/1922/367 1476/1927/368
f 1460/1919/353 1472/1925/364 1473/1928/365
f 1467/1909/360 1479/1942/371 1480/1929/372
f 1464/1911/357 1476/1927/368 1477/1930/369
f 1462/1914/355 1461/2361/354 1473/1931/365
f 1468/1910/361 1480/1929/372 1481/1923/373
f 1465/1912/472 1477/1930/369 1478/1932/443
f 1473/1931/365 1484/2362/376 1485/1933/444
f 1480/1929/372 1491/1943/383 1492/1934/384
f 1477/1930/369 1488/1944/380 1489/1936/381
f 1474/1921/366 1485/1933/444 1486/1937/378
f 1472/1925/364 1471/1924/363 1482/1935/374
f 1478/1932/443 1489/1936/381 1490/1939/382
f 1475/1922/367 1486/1937/378 1487/1940/379
f 1473/1928/365 1472/1925/364 1483/1938/375
f 1479/1942/371 1490/1950/382 1491/1943/383
f 1476/1927/368 1487/1940/379 1488/1944/380
f 1486/1945/378 1497/1961/389 1498/1946/390
f 1484/1941/376 1483/1938/375 1494/1948/386
f 1490/1950/382 1501/2363/393 1502/1951/394
f 1488/1952/380 1487/1947/379 1498/1946/390
f 1484/1941/376 1495/1949/387 1496/1954/474
f 1491/1943/383 1502/1951/394 1503/1956/395
f 1489/1958/381 1488/1952/380 1499/1953/391
f 1485/1960/444 1496/1964/474 1497/1961/389
f 1482/1935/374 1493/1957/385 1494/1948/386
f 1489/1958/381 1500/1959/483 1501/1962/393
f 1496/1964/474 1507/1976/484 1508/1965/400
f 1494/1948/386 1493/1957/385 1504/1967/396
f 1500/1959/483 1511/1977/403 1512/1969/404
f 1497/1961/389 1508/1965/400 1509/1970/401
f 1494/1948/386 1505/1968/397 1506/1971/398
f 1502/1951/394 1501/2363/393 1512/1972/404
f 1499/1953/391 1498/1946/390 1509/1970/401
f 1496/1964/474 1495/2364/387 1506/1975/398
f 1502/1951/394 1513/1973/405 1514/1966/406
f 1499/1953/391 1510/1974/402 1511/1977/403
f 1510/1974/402 1509/1970/401 1520/1978/412
f 1507/1976/484 1506/1975/398 1517/1980/409
f 1513/1973/405 1524/1989/416 1525/1982/417
f 1511/1977/403 1510/1974/402 1521/1979/461
f 1507/1976/484 1518/1981/410 1519/1985/411
f 1505/1968/397 1504/1967/396 1515/1983/447
f 1511/1977/403 1522/1984/414 1523/1987/415
f 1508/1965/400 1519/1985/411 1520/1978/412
f 1506/1971/398 1505/1968/397 1516/1986/408
f 1512/1972/404 1523/2365/415 1524/1989/416
f 1519/1985/411 1528/1737/203 1529/1719/420
f 1516/1986/408 1527/1715/418 1311/1722/202
f 1524/1989/416 1523/2365/415 1314/1724/205
f 1520/1978/412 1529/1719/420 1530/1728/204
f 1517/1980/409 1311/2350/202 1312/1729/419
f 1524/1989/416 1531/1726/422 1532/1733/206
f 1522/1984/414 1521/1979/461 1530/1728/204
f 1518/1981/410 1312/1729/419 1528/1737/203
f 1515/1983/447 1526/1713/201 1527/1715/418
f 1523/1987/415 1522/1984/414 1313/1716/421
f 1533/1993/201 1536/2013/423 1537/1994/208
f 1751/1996/205 1535/2014/450 1543/1997/424
f 1749/1999/420 1748/2015/203 1540/2000/211
f 1747/2002/202 1746/1995/418 1537/1994/208
f 1752/2004/422 1751/2366/205 1544/2005/215
f 1749/1999/420 1541/2001/212 1542/2007/213
f 1747/2009/202 1538/2367/209 1539/2010/210
f 1753/1991/206 1752/2004/422 1545/2006/216
f 1535/2014/450 1750/2008/204 1542/2007/213
f 1534/2011/449 1539/2010/210 1540/2000/211
f 1541/2016/212 1553/2031/223 1554/2017/224
f 1538/2019/209 1550/2368/220 1551/2020/221
f 1545/2006/216 1557/2033/227 1558/2022/228
f 1542/2018/213 1554/2017/224 1555/2024/453
f 1540/2026/211 1539/2021/210 1551/2020/221
f 1537/1994/208 1536/2013/423 1548/2023/218
f 1543/2025/424 1555/2024/453 1556/2029/226
f 1540/2026/211 1552/2027/222 1553/2031/223
f 1537/1994/208 1549/2028/219 1550/2032/220
f 1544/2005/215 1556/2038/226 1557/2033/227
f 1555/2024/453 1566/2045/454 1567/2034/238
f 1552/2027/222 1563/2046/234 1564/2035/235
f 1550/2032/220 1549/2028/219 1560/2036/231
f 1556/2038/226 1567/2369/238 1568/2039/239
f 1554/2017/224 1553/2031/223 1564/2035/235
f 1551/2020/221 1550/2368/220 1561/2041/232
f 1558/2022/228 1557/2033/227 1568/2039/239
f 1555/2024/453 1554/2017/224 1565/2040/236
f 1551/2020/221 1562/2042/485 1563/2046/234
f 1549/2028/219 1548/2023/218 1559/2044/230
f 1565/2040/236 1576/2058/427 1577/2048/428
f 1563/2046/234 1562/2042/485 1573/2049/244
f 1560/2036/231 1559/2044/230 1570/2047/426
f 1566/2045/454 1577/2048/428 1578/2053/249
f 1563/2046/234 1574/2050/455 1575/2054/246
f 1560/2036/231 1571/2052/242 1572/2055/243
f 1568/2039/239 1567/2369/238 1578/2056/249
f 1565/2040/236 1564/2035/235 1575/2054/246
f 1561/2041/232 1572/2061/243 1573/2049/244
f 1568/2039/239 1579/2057/250 1580/2051/478
f 1578/2056/249 1589/2076/260 1590/2059/261
f 1575/2054/246 1586/2069/257 1587/2060/258
f 1572/2061/243 1583/2079/254 1584/2062/255
f 1579/2057/250 1590/2059/261 1591/2063/262
f 1577/2048/428 1576/2058/427 1587/2060/258
f 1573/2049/244 1584/2062/255 1585/2066/256
f 1571/2052/242 1570/2047/426 1581/2064/252
f 1577/2048/428 1588/2065/429 1589/2068/260
f 1574/2050/455 1585/2066/256 1586/2069/257
f 1571/2052/242 1582/2067/253 1583/2070/254
f 1581/2064/252 1592/2082/486 1593/2071/264
f 1589/2068/260 1588/2065/429 1599/2072/270
f 1585/2066/256 1596/2083/267 1597/2074/268
f 1583/2070/254 1582/2067/253 1593/2071/264
f 1589/2076/260 1600/2094/271 1601/2077/272
f 1587/2060/258 1586/2069/257 1597/2074/268
f 1583/2079/254 1594/2370/265 1595/2080/266
f 1590/2059/261 1601/2077/272 1602/2081/273
f 1587/2060/258 1598/2078/430 1599/2072/270
f 1585/2066/256 1584/2062/255 1595/2080/266
f 1602/2081/273 1601/2077/272 1612/2084/283
f 1598/2087/430 1609/2100/280 1610/2088/281
f 1596/2090/267 1595/2102/266 1606/2091/277
f 1593/2071/264 1592/2082/486 1603/2086/274
f 1600/2094/271 1599/2371/270 1610/2095/281
f 1596/2090/267 1607/2092/278 1608/2097/279
f 1593/2071/264 1604/2093/275 1605/2099/276
f 1600/2094/271 1611/2096/282 1612/2084/283
f 1598/2087/430 1597/2098/268 1608/2097/279
f 1594/2101/265 1605/2372/276 1606/2091/277
f 1604/2093/275 1615/2113/286 1616/2103/287
f 1611/2096/282 1622/2373/293 1623/2104/294
f 1609/2100/280 1608/2097/279 1619/2105/290
f 1606/2091/277 1605/2372/276 1616/2107/287
f 1612/2084/283 1623/2104/294 1624/2109/295
f 1610/2088/281 1609/2100/280 1620/2106/291
f 1606/2091/277 1617/2108/288 1618/2112/289
f 1604/2093/275 1603/2086/274 1614/2110/285
f 1610/2088/281 1621/2111/459 1622/2114/293
f 1607/2092/278 1618/2112/289 1619/2105/290
f 1614/2110/285 1625/2126/296 1626/2117/297
f 1622/2114/293 1621/2111/459 1632/2118/480
f 1618/2112/289 1629/2127/300 1630/2120/301
f 1615/2113/286 1626/2117/297 1627/2121/298
f 1623/2104/294 1622/2373/293 1633/2122/432
f 1620/2106/291 1619/2105/290 1630/2120/301
f 1616/2107/287 1627/2128/298 1628/2125/299
f 1624/2109/295 1623/2104/294 1634/2123/305
f 1621/2111/459 1620/2106/291 1631/2124/466
f 1618/2112/289 1617/2108/288 1628/2125/299
f 1627/2128/298 1638/2374/309 1639/2129/433
f 1634/2123/305 1645/2138/316 1646/2130/317
f 1631/2124/466 1642/2139/313 1643/2132/434
f 1628/2125/299 1639/2129/433 1640/2133/311
f 1626/2117/297 1625/2126/296 1636/2131/307
f 1632/2118/480 1643/2132/434 1644/2135/315
f 1630/2120/301 1629/2127/300 1640/2133/311
f 1627/2121/298 1626/2117/297 1637/2134/308
f 1633/2122/432 1644/2375/315 1645/2138/316
f 1630/2120/301 1641/2136/312 1642/2139/313
f 1638/2137/309 1637/2134/308 1648/2140/319
f 1645/2138/316 1644/2375/315 1655/2142/326
f 1642/2139/313 1641/2136/312 1652/2144/323
f 1639/2129/433 1638/2374/309 1649/2146/320
f 1646/2130/317 1645/2138/316 1656/2143/327
f 1642/2139/313 1653/2145/469 1654/2150/325
f 1639/2129/433 1650/2147/487 1651/2151/322
f 1636/2131/307 1647/2149/318 1648/2140/319
f 1643/2132/434 1654/2150/325 1655/2152/326
f 1640/2133/311 1651/2151/322 1652/2144/323
f 1651/2153/322 1650/2376/487 1661/2154/333
f 1648/2140/319 1647/2149/318 1658/2157/330
f 1654/2159/325 1665/2170/438 1666/2160/338
f 1651/2153/322 1662/2155/334 1663/2162/335
f 1648/2140/319 1659/2158/331 1660/2164/332
f 1655/2142/326 1666/2377/338 1667/2165/339
f 1652/2163/323 1663/2162/335 1664/2166/336
f 1650/2168/487 1649/2141/320 1660/2164/332
f 1656/2143/327 1667/2165/339 1668/2156/340
f 1653/2167/469 1664/2166/336 1665/2170/438
f 1660/2171/332 1671/2378/343 1672/2172/344
f 1668/2156/340 1667/2165/339 1678/2173/350
f 1664/2166/336 1675/2183/347 1676/2176/348
f 1662/2155/334 1661/2154/333 1672/2172/344
f 1658/2157/330 1669/2175/341 1670/2178/342
f 1665/2170/438 1676/2176/348 1677/2179/349
f 1662/2155/334 1673/2177/345 1674/2180/346
f 1659/2158/331 1670/2178/342 1671/2181/343
f 1667/2165/339 1666/2377/338 1677/2182/349
f 1663/2162/335 1674/2180/346 1675/2183/347
f 1673/2177/345 1684/2193/440 1685/2184/357
f 1670/2178/342 1681/2194/353 1682/2185/354
f 1677/2182/349 1688/2202/360 1689/2186/361
f 1674/2180/346 1685/2184/357 1686/2187/358
f 1672/2172/344 1671/2378/343 1682/2188/354
f 1678/2173/350 1689/2186/361 1690/2190/482
f 1676/2176/348 1675/2183/347 1686/2187/358
f 1672/2172/344 1683/2189/439 1684/2193/440
f 1669/2175/341 1680/2191/471 1681/2194/353
f 1676/2176/348 1687/2192/441 1688/2195/360
f 1683/2189/439 1694/2205/442 1695/2196/367
f 1680/2191/471 1691/2206/363 1692/2198/364
f 1687/2192/441 1698/2207/370 1699/2199/371
f 1684/2193/440 1695/2196/367 1696/2200/368
f 1682/2185/354 1681/2194/353 1692/2198/364
f 1688/2202/360 1699/2379/371 1700/2203/372
f 1685/2184/357 1696/2200/368 1697/2204/369
f 1682/2188/354 1693/2209/365 1694/2205/442
f 1689/2186/361 1700/2203/372 1701/2197/373
f 1687/2192/441 1686/2187/358 1697/2204/369
f 1696/2200/368 1707/2218/379 1708/2208/446
f 1693/2209/365 1704/2380/376 1705/2210/444
f 1701/2197/373 1700/2203/372 1711/2211/383
f 1697/2204/369 1708/2208/446 1709/2214/381
f 1695/2196/367 1694/2205/442 1705/2210/444
f 1691/2206/363 1702/2213/374 1703/2216/375
f 1699/2199/371 1698/2207/370 1709/2214/381
f 1696/2200/368 1695/2196/367 1706/2215/445
f 1692/2198/364 1703/2216/375 1704/2219/376
f 1700/2203/372 1699/2379/371 1710/2220/382
f 1707/2221/379 1706/2235/445 1717/2222/389
f 1704/2219/376 1703/2216/375 1714/2224/386
f 1710/2220/382 1721/2246/393 1722/2226/394
f 1707/2221/379 1718/2223/390 1719/2227/391
f 1705/2229/444 1704/2219/376 1715/2225/387
f 1711/2211/383 1722/2226/394 1723/2231/395
f 1708/2228/446 1719/2227/391 1720/2233/483
f 1706/2235/445 1705/2381/444 1716/2236/388
f 1703/2216/375 1702/2213/374 1713/2232/385
f 1710/2237/382 1709/2234/381 1720/2233/483
f 1719/2227/391 1730/2248/402 1731/2239/403
f 1716/2236/388 1727/2250/484 1728/2240/400
f 1713/2232/385 1724/2251/396 1725/2242/397
f 1720/2233/483 1731/2239/403 1732/2243/404
f 1718/2223/390 1717/2222/389 1728/2240/400
f 1715/2225/387 1714/2224/386 1725/2242/397
f 1721/2246/393 1732/2382/404 1733/2247/405
f 1718/2223/390 1729/2244/401 1730/2248/402
f 1715/2249/387 1726/2253/398 1727/2250/484
f 1723/2231/395 1722/2226/394 1733/2247/405
f 1729/2244/401 1740/2261/412 1741/2252/461
f 1726/2253/398 1737/2265/409 1738/2254/410
f 1733/2247/405 1744/2264/416 1745/2255/417
f 1731/2239/403 1730/2248/402 1741/2252/461
f 1727/2250/484 1738/2254/410 1739/2258/448
f 1724/2251/396 1735/2256/447 1736/2259/408
f 1731/2239/403 1742/2257/488 1743/2260/415
f 1728/2240/400 1739/2258/448 1740/2261/412
f 1725/2242/397 1736/2259/408 1737/2262/409
f 1733/2247/405 1732/2382/404 1743/2263/415
f 1743/2260/415 1742/2257/488 1535/2014/450
f 1740/2261/412 1739/2258/448 1748/2015/203
f 1736/2259/408 1746/1995/418 1747/2002/202
f 1743/2263/415 1751/2366/205 1752/2004/422
f 1740/2261/412 1749/1999/420 1750/2008/204
f 1737/2265/409 1747/2009/202 1534/2011/449
f 1744/2264/416 1752/2004/422 1753/1991/206
f 1741/2252/461 1750/2008/204 1535/2014/450
f 1738/2254/410 1534/2011/449 1748/2015/203
f 1735/2256/447 1533/1993/201 1746/1995/418
