# Blender 4.3.2
# www.blender.org
o silver_ore_2
v 0.000000 -0.058304 0.000000
v 0.341990 -0.007026 0.203916
v -0.131012 -0.007342 0.330922
v -0.391219 0.000951 0.000000
v -0.122092 -0.000034 -0.308391
v 0.330477 -0.003423 -0.197051
v 0.140535 0.215145 0.354976
v -0.286240 0.189579 0.170674
v -0.303881 0.195099 -0.181193
v 0.115981 0.195027 -0.292955
v 0.438895 0.211119 0.000000
v 0.000000 0.314075 0.000000
v -0.125840 -0.018475 0.317858
v -0.126140 -0.036364 0.318614
v -0.117773 -0.046288 0.297481
v -0.109223 -0.050929 0.275885
v -0.101654 -0.052691 0.256766
v -0.095606 -0.055014 0.241490
v -0.078674 -0.053985 0.198721
v -0.068514 -0.054749 0.173058
v -0.056541 -0.054426 0.142815
v -0.047754 -0.055241 0.120622
v -0.039585 -0.056297 0.099987
v -0.034689 -0.060362 0.087621
v -0.025139 -0.060526 0.063498
v -0.015803 -0.059842 0.039917
v -0.007585 -0.059697 0.019158
v 0.019094 -0.058460 0.011385
v 0.039226 -0.058163 0.023389
v 0.065174 -0.060204 0.038861
v 0.091395 -0.060571 0.054496
v 0.117961 -0.060277 0.070336
v 0.142474 -0.059113 0.084952
v 0.168594 -0.058167 0.100526
v 0.181300 -0.055041 0.108103
v 0.208597 -0.054322 0.124379
v 0.203886 -0.049411 0.121570
v 0.248969 -0.051066 0.148451
v 0.270381 -0.047684 0.161218
v 0.271358 -0.028742 0.161801
v 0.312386 -0.028990 0.186264
v 0.333004 -0.019749 0.198558
v 0.324116 -0.011021 0.219699
v 0.280847 -0.006244 0.218066
v 0.246041 -0.003928 0.220960
v 0.210635 -0.000714 0.221539
v 0.187241 -0.003139 0.234464
v 0.172553 -0.012088 0.263059
v 0.153469 -0.021469 0.294015
v 0.124552 -0.026136 0.314594
v 0.092313 -0.029753 0.333164
v 0.055368 -0.027150 0.335838
v 0.020948 -0.031364 0.356636
v -0.015650 -0.034302 0.374497
v -0.048157 -0.022685 0.351135
v -0.077946 -0.016595 0.342284
v -0.109703 -0.016148 0.349519
v 0.327965 -0.002637 -0.171109
v 0.352644 -0.010360 -0.157701
v 0.349181 -0.009276 -0.130127
v 0.361321 -0.013075 -0.107721
v 0.384462 -0.020317 -0.085965
v 0.380744 -0.019154 -0.056756
v 0.387548 -0.021283 -0.028885
v 0.350980 -0.009839 0.000000
v 0.367885 -0.015130 0.027420
v 0.358898 -0.012317 0.053499
v 0.400111 -0.025215 0.089464
v 0.415267 -0.029958 0.123804
v 0.386011 -0.020802 0.143853
v 0.369957 -0.015778 0.165444
v 0.364823 -0.014171 0.190339
v 0.018506 -0.057507 -0.011035
v 0.037523 -0.056832 -0.022374
v 0.060244 -0.057730 -0.035921
v 0.086061 -0.058640 -0.051315
v 0.112628 -0.058796 -0.067156
v 0.139878 -0.058537 -0.083404
v 0.169240 -0.058285 -0.100912
v 0.202312 -0.058233 -0.120631
v 0.228568 -0.056890 -0.136286
v 0.249027 -0.054874 -0.148486
v 0.265740 -0.052653 -0.158451
v 0.293578 -0.051553 -0.175050
v 0.318827 -0.050189 -0.190105
v 0.321216 -0.032636 -0.191529
v 0.316914 -0.013963 -0.188964
v -0.387386 -0.012699 0.000000
v -0.358860 -0.019879 0.000000
v -0.329830 -0.026597 0.000000
v -0.311003 -0.037428 0.000000
v -0.278226 -0.042037 0.000000
v -0.265625 -0.051122 0.000000
v -0.246366 -0.053128 0.000000
v -0.227123 -0.055412 0.000000
v -0.209385 -0.058313 0.000000
v -0.177777 -0.059412 0.000000
v -0.149161 -0.061031 0.000000
v -0.116857 -0.061708 0.000000
v -0.086154 -0.062475 0.000000
v -0.054799 -0.062155 0.000000
v -0.024103 -0.059117 0.000000
v -0.151840 -0.009152 0.315470
v -0.162664 -0.004161 0.280974
v -0.183893 -0.006159 0.265909
v -0.218478 -0.014818 0.265476
v -0.234874 -0.013279 0.240092
v -0.243659 -0.008584 0.209218
v -0.251178 -0.004027 0.180394
v -0.279315 -0.008047 0.166546
v -0.318578 -0.015606 0.155924
v -0.328816 -0.012366 0.129903
v -0.335639 -0.008380 0.104413
v -0.332038 -0.001620 0.078320
v -0.335723 0.002350 0.056445
v -0.351484 0.002598 0.037534
v -0.385985 -0.002135 0.019679
v -0.123043 -0.015841 -0.310792
v -0.119827 -0.029539 -0.302669
v -0.114937 -0.042765 -0.290317
v -0.103735 -0.048343 -0.262022
v -0.092586 -0.050444 -0.233860
v -0.082141 -0.051139 -0.207477
v -0.070146 -0.051114 -0.177182
v -0.066726 -0.054038 -0.168542
v -0.061627 -0.056848 -0.155662
v -0.049640 -0.056337 -0.125384
v -0.039807 -0.056459 -0.100547
v -0.031849 -0.057672 -0.080448
v -0.023020 -0.057743 -0.058146
v -0.014846 -0.057883 -0.037498
v -0.007122 -0.057734 -0.017990
v -0.386087 -0.002161 -0.019684
v -0.348172 0.003516 -0.037181
v -0.356245 -0.003619 -0.059896
v -0.327969 -0.000375 -0.077360
v -0.321244 -0.003732 -0.099935
v -0.331158 -0.013167 -0.130829
v -0.330588 -0.019965 -0.161803
v -0.317012 -0.022629 -0.189024
v -0.293191 -0.021426 -0.210567
v -0.283700 -0.026427 -0.243598
v -0.261520 -0.026131 -0.267330
v -0.231439 -0.021629 -0.281225
v -0.199187 -0.014988 -0.288025
v -0.166972 -0.006919 -0.288415
v -0.148129 -0.006484 -0.307760
v -0.094868 -0.000441 -0.302254
v -0.071627 -0.007143 -0.314535
v -0.039270 -0.000045 -0.286336
v -0.011633 0.000174 -0.278361
v 0.015869 0.000482 -0.270178
v 0.043421 0.000287 -0.263370
v 0.076837 -0.008000 -0.277310
v 0.099728 -0.000996 -0.251893
v 0.130182 -0.003038 -0.249402
v 0.160393 -0.004190 -0.244521
v 0.195858 -0.007885 -0.245255
v 0.224770 -0.007472 -0.236406
v 0.241421 -0.001977 -0.216812
v 0.280349 -0.006056 -0.217679
v 0.316165 -0.008298 -0.214310
v 0.453856 0.201758 0.013849
v 0.435919 0.184799 0.026928
v 0.421766 0.169218 0.039564
v 0.446798 0.159396 0.056584
v 0.425148 0.142927 0.068157
v 0.424263 0.128925 0.082667
v 0.451004 0.115575 0.103859
v 0.456778 0.100000 0.121803
v 0.466574 0.083457 0.141838
v 0.456553 0.067185 0.156304
v 0.454538 0.050322 0.173527
v 0.451771 0.033249 0.190771
v 0.418080 0.021692 0.193959
v 0.420561 0.004118 0.213130
v 0.391809 -0.005729 0.215835
v 0.321343 0.013286 -0.177018
v 0.319366 0.027189 -0.161847
v 0.321255 0.039828 -0.149039
v 0.362929 0.046376 -0.153256
v 0.384138 0.058016 -0.146651
v 0.381054 0.072612 -0.130456
v 0.381521 0.086473 -0.115982
v 0.343726 0.100000 -0.091657
v 0.338592 0.111693 -0.077973
v 0.346096 0.123596 -0.067436
v 0.358315 0.136179 -0.057443
v 0.359430 0.147782 -0.045519
v 0.357580 0.158684 -0.033543
v 0.397429 0.177311 -0.024550
v 0.427884 0.195935 -0.013056
v 0.131104 0.207417 0.378461
v 0.115539 0.194664 0.389117
v 0.094681 0.177575 0.382645
v 0.076604 0.162764 0.386986
v 0.056155 0.146010 0.378245
v 0.037536 0.130755 0.379250
v 0.018185 0.114900 0.367476
v -0.000000 0.100000 0.360318
v -0.018426 0.084903 0.372331
v -0.036452 0.070133 0.368298
v -0.053913 0.055828 0.363141
v -0.070319 0.042385 0.355236
v -0.087264 0.028502 0.352671
v -0.103950 0.014831 0.350086
v -0.113905 0.006674 0.328812
v 0.337655 0.003825 0.217510
v 0.346288 0.011917 0.241053
v 0.347668 0.023085 0.261645
v 0.356128 0.034091 0.289958
v 0.330201 0.051973 0.291144
v 0.318368 0.067577 0.304370
v 0.313096 0.083213 0.325061
v 0.289768 0.100000 0.327319
v 0.251148 0.115060 0.309360
v 0.214209 0.127307 0.288504
v 0.192254 0.139232 0.284026
v 0.187101 0.154573 0.304350
v 0.178661 0.170193 0.321436
v 0.173963 0.188916 0.348036
v 0.163132 0.206210 0.365274
v -0.301462 0.181349 0.166066
v -0.328735 0.174946 0.166595
v -0.367818 0.168893 0.170641
v -0.366086 0.154091 0.154589
v -0.378808 0.141401 0.144616
v -0.362125 0.126028 0.123976
v -0.386259 0.113695 0.117423
v -0.410963 0.100000 0.109586
v -0.425959 0.085290 0.098092
v -0.438924 0.070075 0.085524
v -0.406021 0.059005 0.065090
v -0.396881 0.047240 0.050262
v -0.377744 0.038007 0.035435
v -0.395142 0.023134 0.024409
v -0.402700 0.009711 0.012288
v -0.147666 0.003859 0.330645
v -0.164616 0.015862 0.329336
v -0.182260 0.028393 0.327911
v -0.199088 0.041931 0.323849
v -0.232705 0.052513 0.343787
v -0.239331 0.069490 0.322340
v -0.255432 0.084683 0.314637
v -0.266892 0.100000 0.301478
v -0.290716 0.115587 0.301826
v -0.288745 0.129406 0.276050
v -0.280883 0.140854 0.247660
v -0.292298 0.154096 0.237987
v -0.282712 0.162544 0.212760
v -0.264981 0.167401 0.184455
v -0.284241 0.180961 0.183102
v -0.305994 0.187157 -0.197115
v -0.301896 0.176791 -0.210152
v -0.307272 0.167978 -0.231243
v -0.309040 0.157194 -0.251618
v -0.281033 0.140876 -0.247792
v -0.274766 0.127982 -0.262686
v -0.268772 0.114411 -0.279044
v -0.262530 0.100000 -0.296551
v -0.255096 0.084703 -0.314223
v -0.233206 0.070271 -0.314091
v -0.201728 0.058835 -0.298023
v -0.186773 0.045523 -0.303817
v -0.168340 0.033862 -0.302867
v -0.157901 0.019294 -0.315901
v -0.137493 0.010482 -0.307865
v -0.412051 0.007615 -0.012573
v -0.420034 0.018291 -0.025947
v -0.419083 0.031222 -0.039313
v -0.424903 0.043514 -0.053811
v -0.462060 0.053346 -0.074074
v -0.494388 0.066294 -0.096331
v -0.458178 0.084178 -0.105511
v -0.459131 0.100000 -0.122430
v -0.466259 0.116532 -0.141743
v -0.434631 0.131239 -0.148799
v -0.411648 0.144990 -0.157153
v -0.410259 0.160618 -0.173242
v -0.398229 0.174589 -0.184750
v -0.364339 0.183064 -0.184638
v -0.335370 0.190499 -0.184745
v 0.133184 0.186712 -0.298218
v 0.152071 0.177726 -0.304238
v 0.153333 0.160242 -0.275867
v 0.166181 0.148471 -0.270319
v 0.178636 0.136453 -0.263908
v 0.195822 0.124963 -0.263740
v 0.204424 0.112258 -0.251806
v 0.225494 0.100000 -0.254715
v 0.252575 0.086458 -0.262228
v 0.271391 0.072361 -0.259459
v 0.296602 0.056860 -0.261520
v 0.280265 0.048131 -0.228190
v 0.289439 0.035967 -0.217823
v 0.300800 0.023487 -0.209389
v 0.306144 0.012800 -0.197211
v -0.108393 0.011191 -0.312900
v -0.089733 0.026479 -0.302205
v -0.074922 0.038614 -0.302792
v -0.062872 0.048487 -0.317613
v -0.045836 0.062445 -0.308736
v -0.031680 0.074043 -0.320083
v -0.015166 0.087574 -0.306469
v 0.000000 0.100000 -0.320697
v 0.017314 0.114186 -0.349862
v 0.034034 0.127885 -0.343859
v 0.047313 0.138765 -0.318689
v 0.062972 0.151594 -0.318117
v 0.077221 0.163270 -0.312084
v 0.092486 0.175776 -0.311477
v 0.106819 0.187520 -0.308357
v 0.432162 0.214353 0.022034
v 0.445188 0.223368 0.047541
v 0.423934 0.223307 0.071276
v 0.365085 0.211734 0.086115
v 0.352146 0.213710 0.109548
v 0.339671 0.216076 0.134192
v 0.326371 0.218434 0.159739
v 0.332432 0.228594 0.198219
v 0.323915 0.234151 0.232632
v 0.285270 0.227127 0.244947
v 0.277360 0.233771 0.283523
v 0.251246 0.232038 0.305293
v 0.214058 0.223573 0.309529
v 0.193099 0.223649 0.333544
v 0.165042 0.218642 0.342898
v 0.113668 0.220345 0.362152
v 0.082620 0.223586 0.362808
v 0.045610 0.216196 0.332562
v 0.013267 0.213847 0.317459
v -0.018633 0.216846 0.317223
v -0.052259 0.220010 0.316979
v -0.086584 0.221701 0.312488
v -0.123254 0.224821 0.311314
v -0.159653 0.226364 0.305862
v -0.190324 0.223632 0.290151
v -0.213885 0.217815 0.267828
v -0.224722 0.207449 0.236355
v -0.236538 0.199914 0.212426
v -0.250797 0.194876 0.194733
v -0.271167 0.192884 0.183808
v -0.288221 0.190199 0.150373
v -0.293362 0.191807 0.131191
v -0.292858 0.191650 0.109138
v -0.312698 0.197859 0.093225
v -0.342557 0.207203 0.076595
v -0.372979 0.216724 0.055598
v -0.370276 0.215878 0.027598
v -0.364483 0.214065 -0.000000
v -0.342519 0.207191 -0.025529
v -0.346399 0.208405 -0.051636
v -0.323493 0.201237 -0.072333
v -0.331387 0.203707 -0.098797
v -0.334753 0.204761 -0.124751
v -0.309663 0.196909 -0.138481
v -0.301614 0.194390 -0.157361
v -0.287055 0.198327 -0.194578
v -0.279738 0.205825 -0.217205
v -0.245577 0.203732 -0.220544
v -0.211010 0.200893 -0.221933
v -0.185265 0.202050 -0.231990
v -0.162782 0.205742 -0.248163
v -0.143254 0.213384 -0.274445
v -0.112100 0.213526 -0.283142
v -0.084895 0.219327 -0.306393
v -0.051724 0.218780 -0.313731
v -0.018550 0.216326 -0.315812
v 0.013504 0.215883 -0.323136
v 0.042960 0.209446 -0.313241
v 0.074014 0.210713 -0.325016
v 0.094358 0.199901 -0.300630
v 0.144171 0.203639 -0.299536
v 0.176101 0.212765 -0.304185
v 0.193058 0.211449 -0.279161
v 0.206464 0.208504 -0.250877
v 0.232816 0.212287 -0.237989
v 0.257519 0.214760 -0.221118
v 0.294912 0.222139 -0.211803
v 0.343050 0.232701 -0.204549
v 0.353635 0.228328 -0.173083
v 0.368252 0.225843 -0.145483
v 0.356812 0.215217 -0.111000
v 0.360578 0.210355 -0.085052
v 0.376518 0.209516 -0.063304
v 0.397106 0.210044 -0.042406
v 0.407680 0.207875 -0.020785
v 0.007348 0.307948 0.018560
v 0.014726 0.300916 0.037196
v 0.022684 0.298675 0.057298
v 0.031606 0.299610 0.079834
v 0.041569 0.301604 0.104998
v 0.050346 0.294978 0.127167
v 0.062126 0.297241 0.156923
v 0.071478 0.289516 0.180545
v 0.077519 0.273974 0.195804
v 0.080165 0.253803 0.202488
v 0.088217 0.245743 0.222827
v 0.096929 0.238610 0.244830
v 0.107917 0.234046 0.272587
v 0.123587 0.233604 0.312165
v 0.131766 0.224053 0.332825
v 0.391611 0.213928 0.000000
v 0.372630 0.224479 0.000000
v 0.351011 0.234727 0.000000
v 0.334122 0.247645 0.000000
v 0.326878 0.266874 0.000000
v 0.304689 0.280636 0.000000
v 0.280662 0.294639 0.000000
v 0.252600 0.306957 0.000000
v 0.222110 0.317902 0.000000
v 0.177825 0.312807 0.000000
v 0.139009 0.308327 0.000000
v 0.105639 0.306160 0.000000
v 0.076468 0.306952 0.000000
v 0.050824 0.314279 0.000000
v 0.024112 0.310862 0.000000
v -0.018730 0.302466 0.011168
v -0.036573 0.290596 0.021807
v -0.055359 0.285192 0.033008
v -0.086445 0.308529 0.051544
v -0.102006 0.288961 0.060822
v -0.127446 0.288524 0.075992
v -0.151862 0.284157 0.090550
v -0.180110 0.282402 0.107393
v -0.185080 0.258654 0.110356
v -0.212953 0.256055 0.126976
v -0.239230 0.250961 0.142644
v -0.248064 0.235494 0.147911
v -0.263177 0.224861 0.156923
v -0.263593 0.208842 0.157170
v -0.279566 0.200532 0.166695
v -0.019138 0.306873 -0.011411
v -0.039998 0.308445 -0.023849
v -0.060535 0.302509 -0.036095
v -0.084717 0.304361 -0.050514
v -0.116479 0.315771 -0.069452
v -0.152967 0.326276 -0.091209
v -0.165585 0.300798 -0.098732
v -0.196581 0.299082 -0.117214
v -0.207067 0.277502 -0.123466
v -0.245525 0.279924 -0.146397
v -0.258797 0.263308 -0.154311
v -0.265591 0.245068 -0.158362
v -0.274093 0.230040 -0.163432
v -0.268416 0.210833 -0.160046
v -0.290772 0.204562 -0.173376
v 0.007138 0.301996 -0.018029
v 0.015035 0.305138 -0.037977
v 0.024477 0.314374 -0.061825
v 0.033167 0.309464 -0.083775
v 0.040737 0.297572 -0.102898
v 0.049252 0.290741 -0.124404
v 0.058597 0.286037 -0.148009
v 0.072147 0.291292 -0.182236
v 0.079294 0.277957 -0.200287
v 0.084327 0.261787 -0.213000
v 0.094422 0.255993 -0.238498
v 0.101209 0.244731 -0.255642
v 0.113675 0.241197 -0.287129
v 0.112755 0.221894 -0.284805
v 0.116341 0.209531 -0.293864
v 0.032891 0.311868 -0.019612
v 0.056642 0.299172 -0.019147
v 0.039738 0.299406 -0.038339
v 0.083605 0.297232 -0.019721
v 0.066410 0.298016 -0.039598
v 0.052593 0.313050 -0.063906
v 0.112906 0.296342 -0.020451
v 0.100401 0.307941 -0.043319
v 0.081455 0.308527 -0.065162
v 0.062339 0.308907 -0.087041
v 0.159143 0.315237 -0.023397
v 0.136104 0.311621 -0.046008
v 0.121393 0.321960 -0.072383
v 0.092689 0.305665 -0.089425
v 0.071149 0.300734 -0.109101
v 0.187547 0.304146 -0.023202
v 0.175902 0.315021 -0.048877
v 0.162019 0.325825 -0.076999
v 0.136724 0.321656 -0.100770
v 0.105844 0.305040 -0.116520
v 0.086142 0.307274 -0.141348
v 0.247061 0.321555 -0.026383
v 0.217996 0.315902 -0.051420
v 0.201870 0.323239 -0.079752
v 0.176316 0.320711 -0.105132
v 0.146822 0.311734 -0.126069
v 0.120917 0.305639 -0.146928
v 0.096254 0.299456 -0.166262
v 0.283736 0.313135 -0.026653
v 0.255922 0.309679 -0.052442
v 0.234686 0.311461 -0.079332
v 0.208427 0.308610 -0.104350
v 0.177726 0.300048 -0.125084
v 0.148325 0.290722 -0.143102
v 0.121767 0.282561 -0.159809
v 0.098950 0.277876 -0.177952
v 0.307030 0.295536 -0.025743
v 0.299563 0.306077 -0.054262
v 0.269863 0.301829 -0.079715
v 0.245490 0.301132 -0.105920
v 0.214745 0.294518 -0.128046
v 0.187793 0.290183 -0.150231
v 0.155177 0.278184 -0.164211
v 0.130822 0.273429 -0.182661
v 0.108444 0.270036 -0.201474
v 0.305716 0.266532 -0.023147
v 0.300885 0.275676 -0.048835
v 0.298856 0.287998 -0.078390
v 0.274345 0.287058 -0.103998
v 0.253264 0.288499 -0.130999
v 0.224619 0.284034 -0.153475
v 0.193511 0.276322 -0.171551
v 0.173665 0.278221 -0.198169
v 0.140636 0.265185 -0.206633
v 0.111049 0.252468 -0.211916
v 0.320345 0.250206 -0.022110
v 0.331591 0.265597 -0.048750
v 0.325461 0.273850 -0.076769
v 0.297152 0.270603 -0.100448
v 0.289872 0.279882 -0.132388
v 0.260182 0.275662 -0.155139
v 0.241925 0.279092 -0.184530
v 0.206150 0.268902 -0.198891
v 0.175892 0.261337 -0.213730
v 0.142823 0.248788 -0.219008
v 0.119815 0.244425 -0.233843
v 0.354612 0.243750 -0.022486
v 0.355511 0.252686 -0.047768
v 0.334343 0.252675 -0.071647
v 0.329563 0.260651 -0.100520
v 0.318517 0.266507 -0.130230
v 0.309802 0.274590 -0.163862
v 0.291242 0.278024 -0.194933
v 0.252742 0.268777 -0.211209
v 0.200314 0.247398 -0.207511
v 0.172712 0.241506 -0.221352
v 0.152841 0.241252 -0.243050
v 0.131121 0.238964 -0.260851
v 0.365865 0.228565 -0.021457
v 0.353284 0.230942 -0.043707
v 0.340202 0.233398 -0.066790
v 0.332669 0.238467 -0.092437
v 0.340244 0.250900 -0.125921
v 0.331546 0.257353 -0.157568
v 0.310671 0.258565 -0.185244
v 0.283856 0.256695 -0.209211
v 0.239125 0.243725 -0.215881
v 0.212699 0.240301 -0.234153
v 0.190578 0.239284 -0.255701
v 0.160988 0.231901 -0.264160
v 0.134903 0.225752 -0.272833
v 0.384645 0.217305 -0.020982
v 0.360401 0.215489 -0.041313
v 0.350324 0.218260 -0.063457
v 0.351405 0.225324 -0.089663
v 0.354683 0.234064 -0.119895
v 0.362021 0.245549 -0.156200
v 0.343090 0.247317 -0.184446
v 0.316425 0.245779 -0.208594
v 0.271320 0.234835 -0.217052
v 0.243762 0.231486 -0.235179
v 0.208084 0.222724 -0.241457
v 0.191540 0.224603 -0.267440
v 0.165910 0.220324 -0.279777
v 0.139230 0.214075 -0.285651
v -0.012675 0.313747 -0.032013
v -0.004804 0.304227 -0.051399
v -0.033267 0.306339 -0.044354
v 0.003124 0.306636 -0.074752
v -0.026350 0.305695 -0.066555
v -0.055982 0.306327 -0.058880
v 0.011828 0.307550 -0.099837
v -0.019848 0.315237 -0.094971
v -0.052512 0.317514 -0.087321
v -0.080625 0.306402 -0.074648
v 0.020342 0.298446 -0.121190
v -0.011591 0.317871 -0.124006
v -0.046582 0.322983 -0.117657
v -0.076044 0.308562 -0.101388
v -0.116607 0.324108 -0.099640
v 0.027850 0.283012 -0.137658
v -0.002106 0.298155 -0.140445
v -0.036963 0.313132 -0.141808
v -0.070145 0.308623 -0.129751
v -0.109362 0.319149 -0.126783
v -0.144540 0.318393 -0.116865
v 0.039665 0.292002 -0.174179
v 0.006657 0.284876 -0.159305
v -0.026815 0.299270 -0.162644
v -0.060203 0.297299 -0.152061
v -0.101914 0.314235 -0.155370
v -0.134501 0.308114 -0.141464
v -0.170767 0.309053 -0.132593
v 0.049184 0.284588 -0.198932
v 0.016111 0.284500 -0.190025
v -0.016761 0.282573 -0.179319
v -0.051908 0.291593 -0.179027
v -0.088560 0.296776 -0.174471
v -0.123226 0.295850 -0.164295
v -0.155792 0.292738 -0.152477
v -0.185497 0.287857 -0.139643
v 0.056385 0.269509 -0.214641
v 0.026026 0.280663 -0.219681
v -0.007800 0.275174 -0.204197
v -0.039757 0.270552 -0.190232
v -0.075745 0.279623 -0.191317
v -0.108796 0.278275 -0.180916
v -0.139400 0.274500 -0.168310
v -0.171024 0.273199 -0.158345
v -0.209302 0.277975 -0.153762
v 0.064996 0.260008 -0.236142
v 0.036893 0.278132 -0.253432
v 0.001487 0.285400 -0.253930
v -0.032473 0.269952 -0.223749
v -0.063061 0.261627 -0.204207
v -0.097060 0.264716 -0.199365
v -0.134674 0.270831 -0.197697
v -0.161277 0.263329 -0.180344
v -0.187139 0.257720 -0.165777
v -0.222262 0.260406 -0.160085
v 0.074582 0.252692 -0.261119
v 0.042994 0.254871 -0.256139
v 0.011377 0.270391 -0.272226
v -0.024089 0.267197 -0.257723
v -0.058818 0.265724 -0.246134
v -0.093683 0.265588 -0.236623
v -0.130677 0.268269 -0.230993
v -0.160643 0.262687 -0.214183
v -0.175553 0.246504 -0.184641
v -0.211862 0.250350 -0.181035
v -0.242778 0.249867 -0.172027
v 0.082309 0.241664 -0.279614
v 0.051682 0.244789 -0.277130
v 0.019802 0.249017 -0.276320
v -0.014269 0.256490 -0.280826
v -0.048667 0.254380 -0.267815
v -0.085659 0.258831 -0.266047
v -0.117374 0.253757 -0.248361
v -0.153045 0.254992 -0.241094
v -0.168533 0.239110 -0.208079
v -0.190231 0.232512 -0.190292
v -0.222042 0.233790 -0.184132
v -0.257624 0.236765 -0.180056
v 0.090565 0.232026 -0.300063
v 0.061075 0.236662 -0.301888
v 0.029467 0.241770 -0.304132
v -0.004244 0.235971 -0.283025
v -0.037294 0.237991 -0.278433
v -0.074317 0.245912 -0.285114
v -0.107611 0.243792 -0.271804
v -0.135618 0.237343 -0.250859
v -0.154428 0.225910 -0.221949
v -0.174487 0.219059 -0.202283
v -0.201193 0.218028 -0.193008
v -0.218039 0.212179 -0.176291
v -0.249871 0.214476 -0.172604
v 0.096118 0.219258 -0.311812
v 0.068212 0.224075 -0.315929
v 0.037357 0.227252 -0.315324
v 0.004933 0.232027 -0.318137
v -0.027672 0.226449 -0.296057
v -0.060876 0.228150 -0.291285
v -0.098352 0.234500 -0.296530
v -0.123150 0.224716 -0.266438
v -0.141050 0.213417 -0.234551
v -0.170704 0.213814 -0.227597
v -0.196992 0.212179 -0.216662
v -0.215549 0.207118 -0.199570
v -0.236283 0.204161 -0.186943
v -0.268620 0.206399 -0.183691
v -0.039742 0.307111 0.000000
v -0.059911 0.300420 -0.011908
v -0.056474 0.288922 0.011224
v -0.084166 0.303030 -0.025092
v -0.087429 0.310903 0.000000
v -0.080443 0.294051 0.023983
v -0.112347 0.308117 -0.040193
v -0.115823 0.314558 -0.013812
v -0.112037 0.307543 0.013361
v -0.109258 0.302396 0.039088
v -0.144319 0.313483 -0.057368
v -0.142289 0.310480 -0.028281
v -0.137075 0.302767 0.000000
v -0.143953 0.312942 0.028611
v -0.142530 0.310836 0.056657
v -0.180460 0.318836 -0.076858
v -0.175194 0.312451 -0.044769
v -0.166642 0.302081 -0.014195
v -0.165985 0.301283 0.014139
v -0.172714 0.309444 0.044136
v -0.153426 0.286054 0.065345
v -0.199027 0.301559 -0.089004
v -0.195813 0.298305 -0.058378
v -0.192691 0.295143 -0.028724
v -0.194267 0.296739 0.000000
v -0.200967 0.303524 0.029957
v -0.205756 0.308374 0.061342
v -0.185142 0.287497 0.082795
v -0.223167 0.291303 -0.103496
v -0.227573 0.295080 -0.075385
v -0.207256 0.277664 -0.041193
v -0.223041 0.291195 -0.014777
v -0.226765 0.294387 0.015023
v -0.229058 0.296353 0.045526
v -0.217508 0.286452 0.072051
v -0.205032 0.275757 0.095086
v -0.244040 0.278836 -0.116410
v -0.254199 0.286281 -0.090942
v -0.248487 0.282095 -0.059265
v -0.247391 0.281291 -0.029502
v -0.241742 0.277152 0.000000
v -0.249910 0.283137 0.029802
v -0.250651 0.283681 0.059782
v -0.238688 0.274914 0.085393
v -0.220767 0.261781 0.105308
v -0.276759 0.274643 -0.135017
v -0.276213 0.274298 -0.104806
v -0.271204 0.271137 -0.073504
v -0.281527 0.277652 -0.045781
v -0.258644 0.263212 -0.014020
v -0.264937 0.267183 0.014361
v -0.272898 0.272206 0.044378
v -0.268899 0.269683 0.072879
v -0.258910 0.263380 0.098241
v -0.247827 0.256386 0.120903
v -0.277093 0.251350 -0.137684
v -0.283903 0.255070 -0.112854
v -0.288238 0.257438 -0.085933
v -0.301020 0.264420 -0.059829
v -0.289922 0.258358 -0.028812
v -0.295037 0.261152 0.000000
v -0.294820 0.261033 0.029298
v -0.278269 0.251993 0.055307
v -0.279032 0.252410 0.083188
v -0.274458 0.249911 0.109100
v -0.264080 0.244243 0.131218
v -0.279987 0.232836 -0.141262
v -0.285453 0.235429 -0.117834
v -0.305000 0.244703 -0.097925
v -0.314702 0.249306 -0.072171
v -0.304443 0.244439 -0.041891
v -0.309083 0.246640 -0.014177
v -0.305324 0.244857 0.014004
v -0.300567 0.242600 0.041358
v -0.286951 0.236140 0.065807
v -0.265711 0.226063 0.085310
v -0.265051 0.225750 0.109412
v -0.264073 0.225286 0.133233
v -0.295528 0.222029 -0.151039
v -0.301079 0.224321 -0.128230
v -0.324873 0.234146 -0.110691
v -0.325839 0.234545 -0.083265
v -0.324169 0.233855 -0.055226
v -0.331888 0.237042 -0.028270
v -0.325401 0.234364 -0.000000
v -0.333703 0.237792 0.028425
v -0.323914 0.233750 0.055182
v -0.302104 0.224744 0.077200
v -0.278804 0.215123 0.094994
v -0.279560 0.215435 0.119065
v -0.284350 0.217413 0.145326
v -0.290539 0.204478 -0.150139
v -0.293142 0.205414 -0.128179
v -0.324930 0.216845 -0.116246
v -0.341041 0.222639 -0.094897
v -0.336512 0.221010 -0.066883
v -0.324273 0.216609 -0.038670
v -0.319343 0.214836 -0.012694
v -0.356871 0.228331 0.014186
v -0.362096 0.230210 0.043181
v -0.329118 0.218351 0.065414
v -0.289420 0.204076 0.080533
v -0.307266 0.210493 0.109927
v -0.300079 0.207909 0.131212
v -0.286720 0.203105 0.148166
v -0.012144 0.304806 0.030674
v -0.029855 0.285179 0.039806
v -0.004707 0.300097 0.050360
v -0.051883 0.291220 0.054569
v -0.024519 0.291402 0.061931
v 0.003137 0.307479 0.075057
v -0.078563 0.301124 0.072739
v -0.045795 0.289691 0.076152
v -0.018096 0.296231 0.086585
v 0.011992 0.310428 0.101221
v -0.105619 0.302989 0.090251
v -0.072225 0.298089 0.096297
v -0.039372 0.288469 0.099446
v -0.010424 0.295942 0.111525
v 0.020809 0.303000 0.123971
v -0.124052 0.287437 0.100300
v -0.099820 0.300028 0.115721
v -0.063879 0.289986 0.118159
v -0.034549 0.299210 0.132544
v -0.002179 0.305025 0.145315
v 0.031742 0.308589 0.156896
v -0.155339 0.290166 0.120614
v -0.129358 0.300155 0.136054
v -0.096784 0.303451 0.147549
v -0.064322 0.310798 0.162465
v -0.028008 0.308138 0.169882
v 0.007053 0.295859 0.168769
v 0.038101 0.284431 0.167311
v -0.170958 0.273133 0.128698
v -0.138268 0.271058 0.135326
v -0.112055 0.278096 0.149401
v -0.086705 0.292654 0.170816
v -0.055313 0.304161 0.190771
v -0.018398 0.300405 0.196833
v 0.016855 0.293016 0.198795
v 0.048213 0.280944 0.195005
v -0.190514 0.261999 0.139959
v -0.163493 0.265573 0.151373
v -0.128372 0.260695 0.154995
v -0.109457 0.279357 0.182014
v -0.079452 0.288413 0.200679
v -0.043235 0.285472 0.206873
v -0.008526 0.291477 0.223200
v 0.026445 0.283577 0.223223
v 0.055661 0.267330 0.211883
v -0.209559 0.251238 0.150935
v -0.182300 0.253641 0.161490
v -0.158998 0.261021 0.177795
v -0.130056 0.264973 0.190918
v -0.102544 0.274023 0.210630
v -0.066628 0.270771 0.215760
v -0.032328 0.269194 0.222751
v 0.001346 0.267807 0.229834
v 0.033854 0.263460 0.232558
v 0.062500 0.253864 0.227074
v -0.222862 0.237572 0.157915
v -0.197203 0.239947 0.168509
v -0.190241 0.258762 0.200089
v -0.157965 0.259974 0.210612
v -0.125833 0.262031 0.222430
v -0.091889 0.262417 0.232092
v -0.060335 0.269998 0.252483
v -0.024275 0.268489 0.259714
v 0.010210 0.252918 0.244310
v 0.040141 0.244595 0.239142
v 0.068448 0.240133 0.239642
v -0.237246 0.225947 0.165813
v -0.224973 0.235555 0.186563
v -0.207481 0.244528 0.207548
v -0.183480 0.251448 0.226533
v -0.147548 0.249424 0.232435
v -0.110217 0.244381 0.233215
v -0.080678 0.249595 0.250577
v -0.049259 0.256256 0.271071
v -0.012955 0.242083 0.254973
v 0.019329 0.245457 0.269719
v 0.050050 0.240215 0.268376
v 0.081300 0.239927 0.276186
v -0.237361 0.208745 0.163962
v -0.230347 0.218511 0.186243
v -0.231475 0.235793 0.222058
v -0.202899 0.238445 0.235220
v -0.162740 0.232686 0.233895
v -0.129339 0.230984 0.239243
v -0.104334 0.239413 0.263527
v -0.073876 0.245047 0.283424
v -0.037153 0.237468 0.277378
v -0.003970 0.227218 0.264806
v 0.027719 0.233360 0.286091
v 0.061775 0.238227 0.305344
v 0.093366 0.236109 0.309341
v -0.253104 0.200253 0.173081
v -0.242444 0.206876 0.191818
v -0.232219 0.215403 0.215005
v -0.224228 0.227689 0.246618
v -0.198219 0.232159 0.264282
v -0.169224 0.236071 0.281401
v -0.136645 0.238382 0.295635
v -0.092148 0.226016 0.277825
v -0.061515 0.229495 0.294343
v -0.028568 0.230545 0.305649
v 0.004467 0.219564 0.288107
v 0.035228 0.220001 0.297358
v 0.069450 0.226327 0.321663
v 0.102460 0.227127 0.332386
v 0.032997 0.312554 0.019675
v 0.040942 0.305445 0.039500
v 0.061909 0.317692 0.020927
v 0.049232 0.299436 0.059823
v 0.071447 0.313035 0.042601
v 0.092789 0.318897 0.021887
v 0.055893 0.287305 0.078041
v 0.075755 0.293935 0.060602
v 0.106640 0.320862 0.046011
v 0.116775 0.303070 0.021152
v 0.064280 0.281353 0.098568
v 0.086499 0.291931 0.083453
v 0.117100 0.314110 0.069823
v 0.133229 0.307151 0.045036
v 0.148625 0.301012 0.021851
v 0.070208 0.268934 0.115202
v 0.089477 0.273333 0.098502
v 0.117694 0.290804 0.086744
v 0.147600 0.305728 0.070147
v 0.167875 0.305209 0.046646
v 0.190388 0.307238 0.023554
v 0.086897 0.280067 0.150100
v 0.100832 0.271481 0.122522
v 0.124264 0.279203 0.106700
v 0.163174 0.304260 0.097295
v 0.188477 0.308429 0.074461
v 0.208491 0.306488 0.049178
v 0.236711 0.312274 0.025278
v 0.096939 0.274261 0.174336
v 0.117321 0.275894 0.153973
v 0.137979 0.277418 0.133120
v 0.165840 0.286670 0.116718
v 0.206386 0.306567 0.103328
v 0.229210 0.306527 0.077481
v 0.240426 0.296983 0.049267
v 0.254330 0.291045 0.023891
v 0.104707 0.264175 0.194529
v 0.132954 0.276255 0.185638
v 0.157797 0.281193 0.166984
v 0.183413 0.285747 0.146727
v 0.217166 0.296711 0.129489
v 0.258903 0.312122 0.111707
v 0.270222 0.302097 0.079821
v 0.264955 0.282270 0.047993
v 0.286372 0.282379 0.024011
v 0.109573 0.250442 0.209101
v 0.137908 0.261980 0.202624
v 0.176222 0.280844 0.201086
v 0.186770 0.270179 0.165574
v 0.216642 0.277498 0.148024
v 0.254072 0.289100 0.131417
v 0.278923 0.290179 0.105733
v 0.287473 0.280837 0.075405
v 0.304638 0.277867 0.049444
v 0.318706 0.273608 0.024130
v 0.112349 0.235425 0.219271
v 0.148046 0.254229 0.227015
v 0.188644 0.273033 0.229225
v 0.212353 0.273984 0.204876
v 0.229928 0.270211 0.175379
v 0.255196 0.272296 0.152166
v 0.277582 0.272255 0.126775
v 0.312471 0.279399 0.105626
v 0.302095 0.261368 0.071258
v 0.307604 0.253618 0.045224
v 0.323433 0.251654 0.022323
v 0.129730 0.237490 0.258084
v 0.158698 0.246665 0.252365
v 0.198900 0.262962 0.254915
v 0.222697 0.263867 0.230698
v 0.246239 0.264434 0.205775
v 0.255568 0.256218 0.171056
v 0.273577 0.254175 0.144702
v 0.307117 0.260547 0.125569
v 0.333378 0.262511 0.101684
v 0.326221 0.248966 0.069907
v 0.341868 0.246826 0.045935
v 0.355943 0.244289 0.022571
v 0.144285 0.234498 0.291807
v 0.173325 0.242009 0.284405
v 0.216461 0.258201 0.290429
v 0.237953 0.256959 0.261954
v 0.257548 0.254798 0.232513
v 0.248237 0.237033 0.182959
v 0.276749 0.241251 0.165017
v 0.302068 0.243363 0.143558
v 0.328181 0.245550 0.121457
v 0.330333 0.237494 0.091788
v 0.351294 0.237748 0.068968
v 0.381440 0.241378 0.047190
v 0.384846 0.235234 0.022570
v 0.153007 0.225363 0.313917
v 0.180082 0.230602 0.303676
v 0.214222 0.239359 0.299111
v 0.245595 0.244847 0.284983
v 0.256886 0.238565 0.247841
v 0.281050 0.239670 0.224835
v 0.297967 0.237275 0.196426
v 0.308400 0.232421 0.165796
v 0.311893 0.225395 0.134571
v 0.335727 0.226899 0.113487
v 0.337838 0.220486 0.086202
v 0.376678 0.227157 0.068231
v 0.405168 0.229834 0.046445
v 0.412224 0.225716 0.022486
v 0.393191 0.192186 -0.032846
v 0.392447 0.179876 -0.045885
v 0.377649 0.192783 -0.053490
v 0.366413 0.162953 -0.055391
v 0.382476 0.181626 -0.067860
v 0.368465 0.195081 -0.075751
v 0.348201 0.148488 -0.064877
v 0.371240 0.166921 -0.079513
v 0.368365 0.182624 -0.089917
v 0.355969 0.196722 -0.098357
v 0.356292 0.137706 -0.079242
v 0.373455 0.154598 -0.094093
v 0.353911 0.167098 -0.100409
v 0.356570 0.184278 -0.113368
v 0.349786 0.200357 -0.124154
v 0.340681 0.124360 -0.088395
v 0.374195 0.141603 -0.108808
v 0.387409 0.159612 -0.125705
v 0.359111 0.171799 -0.129578
v 0.349643 0.187336 -0.139919
v 0.339223 0.203093 -0.150240
v 0.331997 0.112032 -0.098781
v 0.342154 0.125720 -0.113153
v 0.363142 0.142525 -0.133069
v 0.378240 0.161425 -0.153200
v 0.381278 0.180631 -0.170375
v 0.343615 0.191000 -0.169167
v 0.350195 0.213130 -0.189779
v 0.371474 0.100000 -0.125061
v 0.365936 0.113952 -0.136050
v 0.371171 0.129410 -0.152053
v 0.341673 0.142262 -0.153961
v 0.369269 0.163486 -0.182804
v 0.336419 0.175502 -0.182814
v 0.317867 0.189576 -0.189534
v 0.315642 0.208821 -0.206513
v 0.367127 0.086321 -0.138366
v 0.367458 0.100000 -0.152150
v 0.358882 0.114434 -0.162999
v 0.342119 0.128657 -0.170248
v 0.328023 0.142993 -0.178713
v 0.330911 0.160436 -0.197311
v 0.330516 0.179017 -0.215685
v 0.317213 0.195514 -0.226635
v 0.283848 0.204911 -0.222194
v 0.362058 0.072635 -0.151435
v 0.346244 0.086408 -0.158437
v 0.331817 0.100000 -0.165937
v 0.346126 0.114729 -0.189039
v 0.335465 0.129803 -0.200026
v 0.323085 0.145030 -0.210320
v 0.288039 0.156102 -0.204780
v 0.272510 0.169697 -0.211732
v 0.282030 0.191163 -0.239732
v 0.265268 0.205657 -0.247040
v 0.344766 0.060348 -0.158879
v 0.330601 0.073654 -0.166102
v 0.335263 0.086094 -0.183531
v 0.327216 0.100000 -0.195108
v 0.345911 0.115628 -0.224657
v 0.310022 0.129320 -0.219382
v 0.280162 0.141691 -0.216145
v 0.261012 0.154456 -0.219758
v 0.239182 0.165764 -0.220057
v 0.247724 0.186428 -0.249483
v 0.234752 0.201373 -0.259348
v 0.328621 0.048867 -0.165839
v 0.305011 0.062984 -0.167338
v 0.329658 0.072219 -0.196563
v 0.329049 0.085533 -0.213236
v 0.312298 0.100000 -0.220017
v 0.313250 0.115082 -0.240059
v 0.274349 0.127736 -0.228907
v 0.268237 0.142815 -0.243968
v 0.232270 0.152173 -0.230649
v 0.221176 0.165747 -0.240269
v 0.214468 0.181275 -0.255487
v 0.210277 0.199151 -0.275497
v 0.323958 0.036053 -0.178104
v 0.315459 0.048164 -0.188097
v 0.313449 0.059737 -0.202702
v 0.319832 0.071402 -0.224379
v 0.314994 0.085267 -0.239866
v 0.312391 0.100000 -0.258422
v 0.276230 0.114235 -0.248517
v 0.262028 0.128453 -0.256754
v 0.227130 0.139092 -0.242839
v 0.213255 0.151877 -0.249333
v 0.191241 0.161868 -0.245165
v 0.203397 0.184349 -0.286823
v 0.196123 0.201839 -0.305389
v 0.319671 0.023134 -0.190608
v 0.322260 0.032766 -0.207986
v 0.296550 0.048377 -0.207217
v 0.302564 0.058724 -0.229013
v 0.294236 0.071982 -0.241429
v 0.285856 0.085718 -0.254532
v 0.270992 0.100000 -0.262204
v 0.227948 0.112635 -0.240067
v 0.221304 0.125954 -0.254207
v 0.197168 0.136817 -0.247628
v 0.189243 0.150202 -0.260629
v 0.179868 0.163824 -0.272592
v 0.179922 0.182384 -0.301306
v 0.162462 0.193861 -0.302135
v 0.084251 0.193086 -0.320139
v 0.066918 0.178494 -0.314946
v 0.054429 0.192305 -0.309689
v 0.054270 0.169673 -0.335464
v 0.039210 0.180925 -0.316760
v 0.026984 0.198393 -0.321837
v 0.036514 0.154619 -0.328725
v 0.022948 0.168028 -0.319532
v 0.009368 0.180393 -0.306786
v -0.004181 0.201539 -0.323586
v 0.020483 0.142275 -0.339241
v 0.006683 0.157346 -0.336700
v -0.006811 0.165330 -0.299166
v -0.020893 0.183088 -0.308918
v -0.038068 0.206752 -0.331220
v 0.003337 0.128631 -0.344639
v -0.010202 0.140570 -0.317601
v -0.023539 0.154056 -0.309422
v -0.039383 0.172149 -0.321897
v -0.054427 0.187863 -0.318049
v -0.069768 0.203817 -0.313384
v -0.014546 0.114731 -0.354641
v -0.029580 0.129956 -0.351762
v -0.043125 0.143674 -0.333327
v -0.054883 0.155580 -0.309969
v -0.066352 0.167195 -0.291884
v -0.083352 0.184411 -0.297273
v -0.098402 0.199653 -0.292430
v -0.029820 0.100000 -0.325144
v -0.045937 0.114376 -0.337622
v -0.060209 0.128789 -0.329580
v -0.072425 0.142024 -0.312488
v -0.081301 0.152813 -0.286759
v -0.101719 0.171180 -0.300811
v -0.114057 0.184148 -0.288087
v -0.118938 0.191289 -0.260209
v -0.045876 0.086619 -0.322136
v -0.058987 0.100000 -0.313712
v -0.072265 0.113374 -0.306221
v -0.086187 0.126972 -0.300845
v -0.100763 0.140970 -0.296613
v -0.117793 0.156322 -0.297525
v -0.128379 0.168629 -0.281947
v -0.134093 0.177806 -0.258738
v -0.144508 0.189296 -0.247018
v -0.061958 0.073345 -0.320843
v -0.073985 0.086874 -0.308277
v -0.088604 0.100000 -0.306276
v -0.103845 0.113643 -0.304358
v -0.114108 0.126540 -0.288218
v -0.137747 0.143108 -0.303627
v -0.152929 0.157853 -0.297095
v -0.150474 0.165078 -0.259694
v -0.153533 0.173411 -0.236920
v -0.171998 0.188947 -0.238570
v -0.078113 0.060075 -0.320388
v -0.089457 0.073908 -0.306395
v -0.100328 0.087210 -0.292843
v -0.114500 0.100000 -0.289209
v -0.137170 0.113969 -0.303403
v -0.158937 0.129414 -0.310768
v -0.162953 0.141449 -0.283809
v -0.179658 0.156224 -0.280454
v -0.178676 0.164883 -0.251277
v -0.190951 0.177641 -0.242953
v -0.199308 0.188616 -0.230227
v -0.091480 0.048389 -0.310623
v -0.111013 0.058769 -0.322773
v -0.124162 0.072606 -0.313615
v -0.132141 0.086855 -0.293242
v -0.152767 0.100000 -0.300544
v -0.178916 0.114876 -0.314331
v -0.185431 0.128496 -0.292671
v -0.198306 0.142488 -0.282581
v -0.215569 0.157525 -0.278477
v -0.227183 0.171097 -0.266970
v -0.235816 0.183404 -0.252801
v -0.239138 0.193247 -0.234418
v -0.105714 0.036398 -0.306235
v -0.129061 0.044478 -0.325990
v -0.138026 0.059741 -0.307264
v -0.150437 0.073310 -0.297699
v -0.165935 0.086466 -0.293953
v -0.192720 0.100000 -0.307389
v -0.208510 0.114647 -0.300882
v -0.220524 0.128973 -0.289046
v -0.244920 0.145327 -0.292571
v -0.245360 0.157069 -0.267867
v -0.264653 0.172767 -0.264673
v -0.272384 0.185242 -0.250009
v -0.282362 0.198043 -0.238227
v -0.128821 0.018904 -0.325385
v -0.140867 0.033038 -0.314525
v -0.157182 0.045356 -0.312790
v -0.168070 0.059642 -0.300101
v -0.187257 0.072219 -0.301691
v -0.209040 0.085552 -0.305294
v -0.223649 0.100000 -0.297241
v -0.236264 0.114368 -0.286691
v -0.248488 0.128512 -0.276049
v -0.255801 0.141666 -0.260761
v -0.268152 0.155274 -0.251306
v -0.282380 0.169235 -0.243672
v -0.292068 0.181963 -0.232349
v -0.292779 0.191625 -0.214926
v -0.338827 0.191432 -0.161763
v -0.354543 0.180830 -0.154006
v -0.332090 0.189614 -0.134155
v -0.396465 0.174259 -0.155634
v -0.354564 0.180835 -0.128346
v -0.325270 0.187774 -0.107509
v -0.421151 0.162227 -0.148201
v -0.398936 0.174722 -0.128131
v -0.364996 0.183213 -0.105698
v -0.347033 0.193647 -0.089212
v -0.438984 0.147978 -0.137119
v -0.452718 0.166891 -0.127448
v -0.431033 0.180734 -0.107675
v -0.407279 0.192853 -0.088457
v -0.356416 0.196179 -0.065446
v -0.455982 0.132773 -0.124887
v -0.451467 0.149342 -0.109680
v -0.457167 0.167548 -0.096525
v -0.458823 0.185939 -0.081870
v -0.412691 0.194087 -0.059755
v -0.377485 0.201864 -0.041589
v -0.480152 0.117025 -0.113529
v -0.462732 0.133259 -0.095051
v -0.482021 0.152682 -0.083645
v -0.481716 0.171176 -0.067806
v -0.467092 0.187488 -0.050007
v -0.416510 0.194958 -0.030154
v -0.387964 0.204692 -0.014248
v -0.488479 0.100000 -0.097692
v -0.469966 0.116663 -0.079372
v -0.454544 0.132670 -0.062246
v -0.482858 0.152773 -0.050274
v -0.469668 0.169396 -0.033055
v -0.440845 0.182571 -0.015732
v -0.413099 0.194180 -0.000000
v -0.377698 0.201922 0.013871
v -0.494762 0.082914 -0.081383
v -0.486625 0.100000 -0.064881
v -0.484572 0.117181 -0.049103
v -0.464002 0.133350 -0.031771
v -0.463102 0.150614 -0.016072
v -0.449202 0.166372 0.000000
v -0.448370 0.183981 0.016001
v -0.422754 0.196382 0.030606
v -0.381098 0.202839 0.041987
v -0.504363 0.065614 -0.065516
v -0.495539 0.082888 -0.048906
v -0.499315 0.100000 -0.033286
v -0.468140 0.116599 -0.015813
v -0.478769 0.134411 0.000000
v -0.444396 0.148570 0.015423
v -0.433382 0.164034 0.030501
v -0.427753 0.180119 0.045795
v -0.394779 0.190004 0.057161
v -0.368044 0.199316 0.067581
v -0.445186 0.055050 -0.042821
v -0.451530 0.069216 -0.029327
v -0.446242 0.084590 -0.014680
v -0.477059 0.100000 0.000000
v -0.487757 0.117294 0.016475
v -0.469161 0.133721 0.032124
v -0.403243 0.144072 0.041985
v -0.391111 0.157789 0.055052
v -0.381745 0.171502 0.068116
v -0.371421 0.184678 0.080669
v -0.345981 0.193363 0.088942
v -0.420647 0.044080 -0.026636
v -0.414582 0.058140 -0.013292
v -0.419660 0.071389 0.000000
v -0.436076 0.084941 0.014346
v -0.479257 0.100000 0.031949
v -0.461351 0.116358 0.046750
v -0.396396 0.128491 0.054284
v -0.392135 0.142858 0.068047
v -0.386265 0.157073 0.081555
v -0.363937 0.168167 0.090914
v -0.355442 0.181036 0.102931
v -0.335198 0.190453 0.110790
v -0.428451 0.029685 -0.013397
v -0.404550 0.046220 0.000000
v -0.423275 0.057263 0.013572
v -0.421503 0.071263 0.027377
v -0.453461 0.084341 0.044754
v -0.458923 0.100000 0.061188
v -0.419454 0.114873 0.070841
v -0.380898 0.127377 0.078242
v -0.394026 0.143065 0.095726
v -0.377158 0.155727 0.106176
v -0.344943 0.164609 0.110789
v -0.338246 0.177115 0.122439
v -0.302651 0.181670 0.122262
v -0.430775 0.016202 0.000000
v -0.400217 0.034319 0.012514
v -0.390967 0.048026 0.024757
v -0.401301 0.059481 0.038601
v -0.422490 0.071196 0.054882
v -0.438078 0.084872 0.072060
v -0.442493 0.100000 0.088495
v -0.411614 0.114595 0.097324
v -0.368026 0.126452 0.100797
v -0.361172 0.139474 0.112814
v -0.363116 0.153652 0.127779
v -0.359949 0.167420 0.141300
v -0.322849 0.173605 0.140239
v -0.305668 0.182484 0.145932
v -0.266292 0.183336 0.195482
v -0.264521 0.174233 0.210435
v -0.257307 0.189343 0.217089
v -0.277229 0.167972 0.239227
v -0.260227 0.181438 0.238851
v -0.241674 0.194236 0.236903
v -0.258975 0.153382 0.242705
v -0.255386 0.170219 0.255405
v -0.244101 0.186334 0.261682
v -0.232223 0.203250 0.268248
v -0.262450 0.142749 0.267538
v -0.243752 0.156694 0.266112
v -0.241709 0.175643 0.284040
v -0.235354 0.195695 0.299447
v -0.215103 0.211238 0.298358
v -0.267597 0.130704 0.297277
v -0.242314 0.144845 0.289458
v -0.232663 0.162086 0.300559
v -0.229961 0.183506 0.323401
v -0.210491 0.200644 0.324811
v -0.181694 0.212275 0.310584
v -0.255273 0.115525 0.309757
v -0.241442 0.131721 0.316464
v -0.228422 0.148940 0.325495
v -0.210516 0.165881 0.328625
v -0.197751 0.185524 0.341288
v -0.177036 0.202723 0.341599
v -0.147870 0.213496 0.323506
v -0.229716 0.100000 0.305304
v -0.217769 0.115298 0.314241
v -0.197993 0.130426 0.312497
v -0.191097 0.148608 0.332825
v -0.170696 0.164574 0.331610
v -0.146803 0.178477 0.322409
v -0.132311 0.197614 0.334190
v -0.109333 0.210723 0.324917
v -0.215814 0.085084 0.315187
v -0.199343 0.100000 0.317953
v -0.186029 0.115467 0.326828
v -0.173214 0.132057 0.338683
v -0.155643 0.148708 0.343073
v -0.120301 0.157521 0.303858
v -0.108249 0.175749 0.320120
v -0.091272 0.192432 0.325518
v -0.072385 0.207712 0.325140
v -0.219546 0.067428 0.353711
v -0.192471 0.084301 0.340960
v -0.179031 0.100000 0.352214
v -0.157074 0.115996 0.347428
v -0.136859 0.131832 0.345683
v -0.114120 0.146401 0.335928
v -0.091171 0.159223 0.321570
v -0.075828 0.176792 0.333568
v -0.056773 0.191649 0.331756
v -0.037379 0.204820 0.325226
v -0.201752 0.051554 0.360243
v -0.189050 0.066459 0.374109
v -0.169335 0.083154 0.375782
v -0.138221 0.100000 0.349124
v -0.123813 0.116267 0.362880
v -0.099579 0.131163 0.347591
v -0.081105 0.147060 0.349937
v -0.061107 0.161884 0.345122
v -0.043760 0.180167 0.357673
v -0.022717 0.190341 0.335885
v -0.004228 0.202677 0.327214
v -0.176954 0.038482 0.352136
v -0.166633 0.051397 0.370945
v -0.146829 0.067605 0.370868
v -0.127087 0.083799 0.370949
v -0.105953 0.100000 0.366245
v -0.084963 0.115724 0.360029
v -0.063764 0.130488 0.349040
v -0.043544 0.144097 0.336562
v -0.026703 0.161321 0.351009
v -0.008292 0.179532 0.364203
v 0.010619 0.191122 0.347732
v 0.029128 0.206213 0.347416
v -0.152179 0.027661 0.339782
v -0.139898 0.039816 0.353363
v -0.126568 0.052992 0.368000
v -0.102698 0.070045 0.351746
v -0.088403 0.084316 0.368351
v -0.065901 0.100000 0.350481
v -0.048214 0.115089 0.354362
v -0.027976 0.128332 0.332693
v -0.011200 0.144539 0.348673
v 0.007217 0.161936 0.363650
v 0.027232 0.180729 0.379190
v 0.046293 0.195544 0.373981
v 0.064669 0.209671 0.367952
v -0.135147 0.014921 0.341365
v -0.122011 0.026592 0.353446
v -0.106303 0.040026 0.360953
v -0.084891 0.056611 0.348186
v -0.067848 0.070812 0.351342
v -0.052498 0.084688 0.368632
v -0.034406 0.100000 0.375145
v -0.015197 0.115390 0.370514
v 0.003492 0.129971 0.360761
v 0.022195 0.145808 0.367595
v 0.041728 0.162419 0.375672
v 0.065291 0.183822 0.403590
v 0.081363 0.195438 0.382932
v 0.097387 0.207600 0.370054
v 0.189141 0.209275 0.351751
v 0.194735 0.189167 0.326113
v 0.202822 0.205317 0.315819
v 0.193760 0.168753 0.293645
v 0.212300 0.188041 0.299377
v 0.238042 0.212243 0.311873
v 0.197781 0.152467 0.272387
v 0.227714 0.173667 0.291923
v 0.252379 0.195641 0.300649
v 0.269750 0.216486 0.298013
v 0.209073 0.139040 0.262580
v 0.228184 0.155509 0.266788
v 0.259465 0.177128 0.281863
v 0.282780 0.198658 0.284788
v 0.281689 0.212197 0.262332
v 0.256960 0.130136 0.295163
v 0.254430 0.143790 0.272028
v 0.270780 0.160823 0.268891
v 0.290398 0.179846 0.267178
v 0.314647 0.201706 0.267457
v 0.309476 0.214383 0.242256
v 0.283389 0.115708 0.298456
v 0.283256 0.130758 0.277556
v 0.285134 0.145512 0.259337
v 0.312710 0.165242 0.263285
v 0.344164 0.188023 0.267406
v 0.353061 0.206308 0.252247
v 0.355513 0.222567 0.232600
v 0.299556 0.100000 0.289842
v 0.312612 0.116109 0.281249
v 0.313152 0.131659 0.261283
v 0.336898 0.150134 0.259917
v 0.359473 0.170014 0.255565
v 0.376007 0.189893 0.245371
v 0.376786 0.206180 0.224665
v 0.342089 0.210511 0.185386
v 0.331154 0.083455 0.294867
v 0.340924 0.100000 0.282026
v 0.344858 0.116603 0.264283
v 0.365082 0.134527 0.258345
v 0.370164 0.151592 0.240968
v 0.383351 0.170013 0.228580
v 0.395725 0.188812 0.215042
v 0.349813 0.192641 0.172219
v 0.338746 0.202948 0.150029
v 0.352368 0.066446 0.289128
v 0.357175 0.083294 0.271987
v 0.373613 0.100000 0.263214
v 0.398830 0.118018 0.259027
v 0.419010 0.137225 0.249842
v 0.397031 0.152037 0.216311
v 0.392338 0.167452 0.194224
v 0.371137 0.178486 0.165844
v 0.361010 0.190175 0.144468
v 0.347501 0.199702 0.123343
v 0.381176 0.047999 0.288515
v 0.410761 0.063272 0.288171
v 0.402864 0.082287 0.261071
v 0.405152 0.100000 0.241578
v 0.435069 0.118514 0.237616
v 0.466290 0.139058 0.232040
v 0.422550 0.152266 0.190406
v 0.379894 0.161694 0.153870
v 0.386536 0.177282 0.139475
v 0.366825 0.186702 0.116629
v 0.355241 0.196524 0.098156
v 0.389494 0.032197 0.272162
v 0.412878 0.046965 0.267002
v 0.424740 0.064205 0.253258
v 0.436840 0.081881 0.239137
v 0.445491 0.099999 0.222785
v 0.452545 0.118200 0.205540
v 0.465331 0.136870 0.190627
v 0.414377 0.148525 0.151844
v 0.380728 0.158583 0.123537
v 0.377375 0.171546 0.107066
v 0.381258 0.185516 0.093065
v 0.387535 0.200001 0.079672
v 0.403975 0.015717 0.260725
v 0.402434 0.033872 0.239957
v 0.434626 0.047253 0.238448
v 0.450225 0.064121 0.226204
v 0.446261 0.082481 0.204205
v 0.456163 0.099999 0.188880
v 0.472376 0.118009 0.175623
v 0.452823 0.134039 0.149753
v 0.423093 0.147040 0.123028
v 0.431233 0.163045 0.108651
v 0.436758 0.178731 0.093546
v 0.431527 0.192093 0.076563
v 0.434018 0.206632 0.061474
v 0.389172 0.006422 0.232049
v 0.413807 0.018317 0.227501
v 0.406300 0.036780 0.205040
v 0.437127 0.049725 0.201443
v 0.448078 0.066133 0.187415
v 0.448546 0.083287 0.169053
v 0.469290 0.099999 0.157993
v 0.476660 0.117274 0.141824
v 0.447894 0.132026 0.116213
v 0.429519 0.145455 0.095528
v 0.445600 0.162051 0.083025
v 0.427118 0.173383 0.064568
v 0.443093 0.190184 0.051807
v 0.446977 0.204797 0.037339
v 0.119809 0.175423 -0.302622
v 0.131964 0.162730 -0.294645
v 0.105874 0.163699 -0.306700
v 0.146056 0.150776 -0.290649
v 0.117527 0.150560 -0.296856
v 0.088633 0.150004 -0.300953
v 0.160360 0.138507 -0.286335
v 0.129416 0.137747 -0.288096
v 0.105121 0.139042 -0.305642
v 0.077024 0.139369 -0.315921
v 0.174278 0.125856 -0.280780
v 0.142717 0.125320 -0.282422
v 0.114302 0.125218 -0.288709
v 0.088457 0.125801 -0.302970
v 0.064993 0.127960 -0.336557
v 0.175469 0.112128 -0.256265
v 0.144578 0.111792 -0.256119
v 0.118834 0.111822 -0.263712
v 0.099251 0.112652 -0.289698
v 0.080610 0.114302 -0.335877
v 0.048485 0.114142 -0.340456
v 0.188212 0.100000 -0.250144
v 0.149381 0.100000 -0.238263
v 0.127357 0.100000 -0.250554
v 0.112901 0.100000 -0.285170
v 0.091987 0.100000 -0.317970
v 0.063669 0.100000 -0.338612
v 0.029900 0.100000 -0.326014
v 0.221011 0.086559 -0.268182
v 0.172841 0.087858 -0.249410
v 0.136691 0.088635 -0.240148
v 0.124216 0.087350 -0.274750
v 0.104542 0.086265 -0.306398
v 0.076087 0.085919 -0.322415
v 0.043147 0.086497 -0.317120
v 0.012381 0.087461 -0.301861
v 0.230523 0.073550 -0.256092
v 0.183198 0.075931 -0.240122
v 0.153717 0.076378 -0.242615
v 0.121345 0.077543 -0.237264
v 0.109060 0.074634 -0.275467
v 0.083798 0.073776 -0.292505
v 0.058046 0.072246 -0.317739
v 0.024542 0.075146 -0.291857
v -0.002808 0.075902 -0.290067
v 0.259826 0.057679 -0.264863
v 0.210670 0.061011 -0.251657
v 0.171398 0.063277 -0.244238
v 0.134942 0.065676 -0.235023
v 0.110537 0.065408 -0.243649
v 0.084970 0.065451 -0.250121
v 0.062809 0.063556 -0.270995
v 0.037016 0.062514 -0.286102
v 0.009118 0.063738 -0.283873
v -0.018039 0.062769 -0.298769
v 0.268870 0.044579 -0.251978
v 0.236163 0.045070 -0.257827
v 0.201565 0.046212 -0.260387
v 0.155505 0.051335 -0.242750
v 0.125009 0.052709 -0.242855
v 0.095974 0.054111 -0.242412
v 0.069073 0.055131 -0.243626
v 0.048940 0.050438 -0.276404
v 0.021923 0.049655 -0.288183
v -0.006195 0.046836 -0.312145
v -0.034235 0.048790 -0.308210
v 0.279224 0.031539 -0.240949
v 0.257955 0.029075 -0.257974
v 0.226987 0.028964 -0.266740
v 0.185705 0.032564 -0.261163
v 0.146658 0.036573 -0.253109
v 0.117357 0.037263 -0.257741
v 0.083478 0.041584 -0.246868
v 0.061367 0.037853 -0.269953
v 0.034512 0.036774 -0.282085
v 0.006832 0.034479 -0.300042
v -0.022178 0.034253 -0.308819
v -0.050923 0.034624 -0.314775
v 0.272807 0.023442 -0.217026
v 0.270381 0.015384 -0.248171
v 0.237113 0.016138 -0.254191
v 0.213831 0.013056 -0.272063
v 0.164098 0.021538 -0.253222
v 0.133958 0.022273 -0.258478
v 0.102623 0.024288 -0.259206
v 0.078000 0.021008 -0.278186
v 0.046283 0.025285 -0.270456
v 0.018415 0.026766 -0.272280
v -0.009331 0.019931 -0.305552
v -0.036279 0.025125 -0.293080
v -0.064396 0.024464 -0.303078
v 0.269555 0.015643 -0.197877
v 0.250297 0.013091 -0.211174
v 0.250332 0.002388 -0.245390
v 0.227109 -0.000976 -0.262341
v 0.187409 0.003084 -0.259945
v 0.151571 0.006339 -0.259093
v 0.109144 0.016228 -0.238782
v 0.087042 0.011852 -0.258670
v 0.059672 0.011206 -0.268034
v 0.030897 0.013357 -0.268829
v 0.003387 0.017737 -0.262157
v -0.023599 0.013949 -0.281468
v -0.052800 0.010459 -0.300416
v -0.081409 0.010054 -0.309338
v -0.341447 0.182102 -0.203592
v -0.334694 0.169828 -0.216011
v -0.375353 0.174092 -0.206360
v -0.328305 0.157151 -0.229406
v -0.362835 0.159621 -0.216346
v -0.380775 0.159248 -0.192159
v -0.311144 0.142447 -0.235508
v -0.336765 0.143258 -0.217780
v -0.375188 0.145533 -0.205839
v -0.402443 0.146285 -0.185459
v -0.301718 0.128731 -0.247568
v -0.318757 0.128501 -0.223626
v -0.363323 0.130618 -0.216637
v -0.384106 0.130610 -0.192984
v -0.398120 0.130090 -0.166519
v -0.297103 0.114843 -0.264547
v -0.328240 0.115352 -0.249954
v -0.350888 0.115427 -0.227389
v -0.369086 0.115309 -0.202046
v -0.405219 0.115907 -0.185424
v -0.429249 0.115994 -0.161780
v -0.292668 0.100000 -0.283178
v -0.328052 0.100000 -0.271378
v -0.352636 0.100000 -0.248436
v -0.354272 0.100000 -0.211241
v -0.379333 0.100000 -0.189700
v -0.422011 0.100000 -0.174739
v -0.456849 0.100000 -0.153804
v -0.294014 0.083703 -0.309647
v -0.316254 0.083703 -0.284526
v -0.338402 0.083707 -0.259335
v -0.347488 0.084301 -0.225682
v -0.389225 0.083437 -0.212578
v -0.425087 0.082903 -0.193069
v -0.433025 0.083490 -0.160993
v -0.431996 0.084344 -0.128535
v -0.282201 0.066904 -0.324158
v -0.310555 0.066277 -0.304306
v -0.333137 0.066320 -0.277959
v -0.353945 0.066526 -0.250464
v -0.383018 0.065972 -0.228382
v -0.417407 0.065036 -0.207715
v -0.423769 0.066422 -0.173601
v -0.432656 0.067476 -0.143084
v -0.448276 0.067946 -0.116312
v -0.253796 0.052608 -0.318749
v -0.286131 0.050754 -0.305922
v -0.305057 0.051308 -0.277458
v -0.361491 0.046206 -0.278891
v -0.372754 0.048047 -0.242654
v -0.393155 0.048470 -0.214200
v -0.398488 0.050710 -0.179564
v -0.412792 0.051661 -0.151264
v -0.437489 0.051359 -0.127214
v -0.448304 0.052556 -0.099706
v -0.220696 0.041454 -0.303947
v -0.256416 0.037623 -0.299796
v -0.280078 0.037088 -0.278125
v -0.326041 0.031977 -0.274510
v -0.365096 0.028890 -0.259564
v -0.375312 0.031455 -0.223787
v -0.377480 0.035102 -0.186869
v -0.379071 0.038440 -0.153537
v -0.414109 0.036280 -0.134369
v -0.423157 0.038135 -0.106616
v -0.421161 0.041352 -0.078472
v -0.197267 0.030002 -0.298962
v -0.230533 0.025421 -0.295537
v -0.267975 0.020342 -0.291108
v -0.276902 0.023865 -0.254762
v -0.323695 0.017211 -0.251503
v -0.348703 0.016635 -0.227555
v -0.362077 0.018739 -0.196758
v -0.362502 0.023340 -0.161986
v -0.400305 0.019965 -0.144444
v -0.411604 0.021964 -0.116778
v -0.410987 0.025914 -0.088026
v -0.393426 0.032406 -0.059475
v -0.179550 0.017786 -0.300683
v -0.214300 0.011129 -0.302198
v -0.242665 0.008040 -0.289078
v -0.259285 0.009538 -0.261128
v -0.279582 0.009628 -0.237652
v -0.320524 0.003489 -0.229002
v -0.359306 -0.001254 -0.214244
v -0.364521 0.003463 -0.179461
v -0.356197 0.011027 -0.142542
v -0.393287 0.007043 -0.125043
v -0.382428 0.014221 -0.093351
v -0.381915 0.018494 -0.067761
v -0.415223 0.015488 -0.048549
v -0.158378 0.008498 -0.294541
v -0.185077 0.003897 -0.288190
v -0.216288 -0.001986 -0.283373
v -0.251821 -0.008744 -0.278206
v -0.269269 -0.007251 -0.250767
v -0.303352 -0.012120 -0.237464
v -0.341734 -0.017817 -0.223586
v -0.360223 -0.016370 -0.195215
v -0.356528 -0.008353 -0.157905
v -0.334319 0.004080 -0.118665
v -0.349225 0.005110 -0.096495
v -0.361829 0.006632 -0.074388
v -0.376777 0.007431 -0.053367
v -0.397268 0.006858 -0.033187
v -0.296863 0.171382 0.177009
v -0.332794 0.165691 0.182962
v -0.304595 0.163549 0.196586
v -0.352703 0.154880 0.177992
v -0.316650 0.152032 0.188807
v -0.291719 0.150782 0.203841
v -0.354492 0.140770 0.163361
v -0.328953 0.139922 0.180473
v -0.308174 0.139585 0.199291
v -0.289110 0.139441 0.218830
v -0.364229 0.127529 0.152344
v -0.345794 0.127557 0.173736
v -0.317989 0.126798 0.189606
v -0.309329 0.127658 0.217012
v -0.298954 0.128468 0.245300
v -0.387393 0.114434 0.146005
v -0.385813 0.115145 0.176544
v -0.342954 0.114225 0.187741
v -0.311132 0.113679 0.201626
v -0.311941 0.114590 0.237542
v -0.309392 0.115457 0.275490
v -0.405819 0.100000 0.136624
v -0.384147 0.100000 0.159061
v -0.360447 0.100000 0.180255
v -0.345619 0.100000 0.206081
v -0.330629 0.100000 0.232932
v -0.318652 0.100000 0.263602
v -0.282098 0.100000 0.272951
v -0.414986 0.084961 0.123474
v -0.381837 0.085442 0.141962
v -0.356383 0.085667 0.161864
v -0.323414 0.086237 0.176635
v -0.310952 0.085952 0.201953
v -0.306006 0.085267 0.234508
v -0.283960 0.085367 0.255472
v -0.294678 0.083666 0.310346
v -0.439861 0.068548 0.114129
v -0.408435 0.069297 0.135074
v -0.361655 0.071344 0.148155
v -0.325629 0.072724 0.162043
v -0.284896 0.074689 0.169875
v -0.296355 0.071972 0.209712
v -0.282866 0.071403 0.236014
v -0.310155 0.066320 0.303914
v -0.276547 0.067567 0.317663
v -0.437730 0.053675 0.097354
v -0.408641 0.054567 0.118825
v -0.395733 0.053658 0.145013
v -0.347220 0.057051 0.156462
v -0.300547 0.060608 0.163745
v -0.287297 0.059958 0.187023
v -0.284525 0.057659 0.219512
v -0.295076 0.052901 0.268380
v -0.290353 0.050027 0.310436
v -0.264054 0.050693 0.331632
v -0.398754 0.044472 0.074297
v -0.392366 0.042637 0.098858
v -0.375410 0.042234 0.121812
v -0.338381 0.045048 0.137056
v -0.318336 0.045271 0.157591
v -0.289140 0.047193 0.172405
v -0.293009 0.042930 0.208314
v -0.297114 0.038012 0.250155
v -0.282230 0.036605 0.280262
v -0.265438 0.035429 0.310345
v -0.231395 0.038616 0.318682
v -0.389835 0.033022 0.058932
v -0.373292 0.032709 0.079953
v -0.355680 0.032567 0.100911
v -0.360928 0.027837 0.130235
v -0.316122 0.033148 0.141261
v -0.307546 0.030978 0.167125
v -0.299813 0.028323 0.195650
v -0.305016 0.021989 0.236990
v -0.299626 0.017617 0.275669
v -0.275658 0.018058 0.299455
v -0.231553 0.025091 0.296845
v -0.205081 0.027230 0.310803
v -0.372082 0.024269 0.043504
v -0.358909 0.023404 0.063679
v -0.359381 0.019391 0.087725
v -0.353391 0.016473 0.112359
v -0.348028 0.013067 0.139274
v -0.308653 0.018259 0.151956
v -0.306754 0.013555 0.182909
v -0.292903 0.011806 0.209267
v -0.296478 0.004166 0.252014
v -0.281042 0.001947 0.283040
v -0.250090 0.005226 0.297924
v -0.203786 0.015489 0.287371
v -0.189774 0.013104 0.317806
v -0.378465 0.011266 0.031616
v -0.359720 0.011622 0.050951
v -0.353009 0.008908 0.072574
v -0.352095 0.004331 0.097288
v -0.344907 0.001042 0.122423
v -0.332610 -0.001084 0.147312
v -0.308512 0.000335 0.167191
v -0.275875 0.004889 0.180496
v -0.275020 -0.001648 0.215285
v -0.258375 -0.002911 0.240621
v -0.252989 -0.009249 0.279497
v -0.216516 -0.002093 0.283671
v -0.184806 0.004038 0.287767
v -0.169089 0.002310 0.314460
v 0.139114 0.187576 0.351384
v 0.124023 0.174618 0.359275
v 0.155772 0.174047 0.347804
v 0.110135 0.162136 0.373965
v 0.137075 0.158970 0.346232
v 0.158204 0.154999 0.314823
v 0.089286 0.145636 0.366212
v 0.114725 0.142609 0.333564
v 0.147076 0.142898 0.327408
v 0.177320 0.142579 0.316617
v 0.069405 0.129858 0.359405
v 0.098921 0.128853 0.338811
v 0.129734 0.128623 0.327689
v 0.164211 0.129134 0.324956
v 0.196749 0.129189 0.316983
v 0.051859 0.115126 0.364148
v 0.085781 0.115219 0.357425
v 0.113742 0.114500 0.331996
v 0.152336 0.115154 0.338058
v 0.182728 0.114904 0.323700
v 0.211695 0.114632 0.309171
v 0.031996 0.100000 0.348867
v 0.064145 0.100000 0.341144
v 0.095880 0.100000 0.331427
v 0.135171 0.100000 0.341420
v 0.169868 0.100000 0.334189
v 0.209367 0.100000 0.333941
v 0.250710 0.100000 0.333207
v 0.014216 0.085603 0.346599
v 0.044490 0.086077 0.326985
v 0.075717 0.085987 0.320848
v 0.111260 0.085382 0.326087
v 0.151568 0.084564 0.335250
v 0.181767 0.084887 0.319341
v 0.230532 0.083805 0.332659
v 0.284968 0.082670 0.345789
v -0.003456 0.070342 0.357000
v 0.028945 0.070687 0.344217
v 0.059118 0.071733 0.323604
v 0.096583 0.069774 0.337133
v 0.127044 0.070451 0.320892
v 0.164582 0.069541 0.321804
v 0.192716 0.070385 0.304170
v 0.254193 0.066603 0.333176
v 0.291967 0.066499 0.324350
v -0.021155 0.056338 0.350376
v 0.011009 0.056220 0.342729
v 0.044070 0.055370 0.340625
v 0.074356 0.056856 0.320817
v 0.111734 0.054569 0.328907
v 0.142090 0.055533 0.313199
v 0.176954 0.054989 0.308194
v 0.209432 0.055128 0.298436
v 0.262168 0.051480 0.313175
v 0.310219 0.049470 0.316233
v -0.039631 0.040719 0.356785
v -0.006781 0.041811 0.341650
v 0.026542 0.039049 0.348891
v 0.061292 0.037929 0.346165
v 0.092296 0.040046 0.325537
v 0.126012 0.039748 0.318283
v 0.160210 0.039393 0.311240
v 0.190604 0.040350 0.297541
v 0.220261 0.041223 0.284538
v 0.277390 0.035481 0.302835
v 0.327136 0.032568 0.306583
v -0.057461 0.026230 0.355191
v -0.026027 0.022843 0.362411
v 0.008551 0.017987 0.375563
v 0.044740 0.018037 0.365682
v 0.082676 0.016273 0.363692
v 0.107203 0.024983 0.317026
v 0.132309 0.029271 0.290577
v 0.174901 0.024358 0.301852
v 0.203144 0.026232 0.285688
v 0.223336 0.030107 0.262449
v 0.266106 0.026833 0.266126
v 0.318206 0.021981 0.274588
v -0.074052 0.013137 0.348526
v -0.045728 0.005622 0.369416
v -0.011612 0.000352 0.380268
v 0.026106 -0.003818 0.385991
v 0.061810 0.000219 0.361192
v 0.098636 0.000110 0.351781
v 0.125142 0.007674 0.316084
v 0.158677 0.007930 0.306174
v 0.176464 0.015625 0.272304
v 0.197087 0.019864 0.250759
v 0.217372 0.023120 0.233028
v 0.257911 0.019287 0.236726
v 0.321969 0.009645 0.256136
v -0.094996 -0.004958 0.360969
v -0.065459 -0.011010 0.372445
v -0.032889 -0.019926 0.392272
v 0.005121 -0.024361 0.396318
v 0.042608 -0.019484 0.370724
v 0.077262 -0.014969 0.347046
v 0.111090 -0.012503 0.330139
v 0.144143 -0.010636 0.315353
v 0.168519 -0.004134 0.288063
v 0.181085 0.006354 0.251174
v 0.201325 0.010488 0.232557
v 0.227905 0.011133 0.223406
v 0.285634 0.000821 0.240988
v 0.326859 -0.002290 0.239944
v 0.440563 0.185702 0.000000
v 0.423138 0.169443 0.013231
v 0.394583 0.164757 -0.012338
v 0.436408 0.158015 0.027634
v 0.399833 0.153153 0.000000
v 0.363117 0.148272 -0.022993
v 0.434206 0.143841 0.041765
v 0.408429 0.141239 0.013095
v 0.374922 0.137855 -0.012021
v 0.361321 0.136482 -0.034755
v 0.413770 0.128210 0.053748
v 0.420940 0.128699 0.027340
v 0.389097 0.126528 0.000000
v 0.379181 0.125852 -0.024628
v 0.356214 0.124286 -0.046272
v 0.417862 0.114430 0.068734
v 0.410413 0.114173 0.040505
v 0.421467 0.114555 0.013865
v 0.419557 0.114489 -0.013802
v 0.391338 0.113514 -0.038622
v 0.372477 0.112863 -0.061268
v 0.434037 0.100000 0.086804
v 0.421666 0.100000 0.056220
v 0.453675 0.100000 0.030244
v 0.446841 0.100000 0.000000
v 0.407637 0.100000 -0.027175
v 0.403550 0.100000 -0.053804
v 0.377856 0.100000 -0.075568
v 0.441978 0.084329 0.104503
v 0.435767 0.084549 0.073596
v 0.432389 0.084669 0.043815
v 0.469228 0.083363 0.015849
v 0.436254 0.084532 -0.014736
v 0.425109 0.084927 -0.043078
v 0.394530 0.086011 -0.066632
v 0.396589 0.085938 -0.093771
v 0.440407 0.068346 0.120621
v 0.434064 0.068802 0.089163
v 0.453438 0.067409 0.062095
v 0.467296 0.066413 0.031996
v 0.470523 0.066181 0.000000
v 0.446300 0.067922 -0.030559
v 0.443565 0.068119 -0.060743
v 0.421422 0.069711 -0.086566
v 0.422407 0.069640 -0.115691
v 0.439895 0.051923 0.137403
v 0.456668 0.050089 0.110944
v 0.438693 0.052054 0.076127
v 0.451769 0.050625 0.047037
v 0.474288 0.048164 0.016461
v 0.459611 0.049768 -0.015951
v 0.457512 0.049997 -0.047635
v 0.445248 0.051337 -0.077264
v 0.431130 0.052880 -0.104740
v 0.419677 0.054132 -0.131088
v 0.449036 0.033653 0.158014
v 0.434881 0.035744 0.122426
v 0.427516 0.036833 0.090265
v 0.434133 0.035855 0.061108
v 0.433739 0.035913 0.030526
v 0.446175 0.034076 0.000000
v 0.424009 0.037351 -0.029841
v 0.425815 0.037084 -0.059937
v 0.433510 0.035947 -0.091530
v 0.424062 0.037343 -0.119381
v 0.391593 0.042140 -0.137800
v 0.424961 0.020404 0.166820
v 0.443639 0.016905 0.142488
v 0.422799 0.020809 0.105618
v 0.418152 0.021679 0.074612
v 0.423432 0.020690 0.045333
v 0.423065 0.020759 0.015098
v 0.440935 0.017412 -0.015736
v 0.436543 0.018234 -0.046736
v 0.424978 0.020400 -0.075831
v 0.429242 0.019602 -0.107228
v 0.380079 0.028810 -0.122074
v 0.344168 0.035536 -0.135105
v 0.408223 0.006931 0.177324
v 0.421943 0.003804 0.152736
v 0.405896 0.007462 0.117542
v 0.407312 0.007139 0.088464
v 0.408096 0.006960 0.059090
v 0.423498 0.003449 0.030660
v 0.426143 0.002846 0.000000
v 0.422528 0.003670 -0.030590
v 0.429795 0.002013 -0.062231
v 0.417443 0.004829 -0.090664
v 0.398925 0.009051 -0.115523
v 0.366032 0.016550 -0.132497
v 0.331419 0.024442 -0.143961
v 0.389936 -0.005224 0.186163
v 0.386508 -0.004299 0.156138
v 0.394140 -0.006358 0.130271
v 0.401287 -0.008287 0.103160
v 0.396280 -0.006936 0.072766
v 0.371133 -0.000150 0.040889
v 0.395389 -0.006696 0.014520
v 0.401130 -0.008245 -0.014731
v 0.403927 -0.008999 -0.044502
v 0.397912 -0.007376 -0.073066
v 0.389933 -0.005223 -0.100241
v 0.368321 0.000609 -0.121738
v 0.355642 0.004030 -0.143669
v 0.327571 0.011605 -0.156389
v 0.296674 -0.017511 -0.202875
v 0.293448 -0.034441 -0.202706
v 0.281621 -0.024147 -0.222813
v 0.292095 -0.050760 -0.204147
v 0.273285 -0.040602 -0.220959
v 0.252812 -0.025636 -0.234071
v 0.266519 -0.052178 -0.188849
v 0.259352 -0.050941 -0.215072
v 0.251169 -0.047346 -0.240951
v 0.225441 -0.028380 -0.247953
v 0.250585 -0.054627 -0.180484
v 0.230703 -0.052058 -0.197135
v 0.210604 -0.046704 -0.210672
v 0.204426 -0.039487 -0.236990
v 0.183482 -0.022334 -0.244634
v 0.216016 -0.055053 -0.158694
v 0.207119 -0.053684 -0.183476
v 0.197447 -0.052216 -0.207669
v 0.179078 -0.047814 -0.221098
v 0.163725 -0.033490 -0.235311
v 0.146331 -0.017663 -0.243333
v 0.186793 -0.055875 -0.140619
v 0.177551 -0.054471 -0.164389
v 0.165279 -0.052607 -0.184820
v 0.152391 -0.050649 -0.203180
v 0.143842 -0.045671 -0.226597
v 0.125312 -0.026906 -0.231796
v 0.113991 -0.015440 -0.246622
v 0.162306 -0.057304 -0.126024
v 0.147801 -0.054928 -0.144657
v 0.133999 -0.052661 -0.161789
v 0.124643 -0.051216 -0.182973
v 0.123765 -0.051405 -0.218775
v 0.112706 -0.047641 -0.238483
v 0.090963 -0.021546 -0.229755
v 0.081450 -0.011386 -0.245572
v 0.133375 -0.057728 -0.107838
v 0.124153 -0.056315 -0.130581
v 0.114904 -0.054894 -0.153200
v 0.108252 -0.054107 -0.180012
v 0.096205 -0.051990 -0.197612
v 0.088322 -0.050917 -0.223084
v 0.078481 -0.045522 -0.243754
v 0.066277 -0.030127 -0.254269
v 0.055917 -0.017711 -0.267558
v 0.107590 -0.058517 -0.091935
v 0.103112 -0.058494 -0.119537
v 0.096927 -0.058063 -0.147767
v 0.088518 -0.057002 -0.174388
v 0.077832 -0.055186 -0.196590
v 0.059657 -0.050435 -0.193185
v 0.054209 -0.050411 -0.226849
v 0.046259 -0.046740 -0.254563
v 0.037410 -0.038418 -0.279294
v 0.026410 -0.020684 -0.282561
v 0.079433 -0.058003 -0.073545
v 0.077182 -0.059253 -0.102906
v 0.071183 -0.059256 -0.131671
v 0.063798 -0.058862 -0.161143
v 0.052621 -0.056634 -0.181489
v 0.040228 -0.053386 -0.192488
v 0.028771 -0.050087 -0.198245
v 0.021775 -0.050171 -0.232969
v 0.013528 -0.048366 -0.266249
v 0.004498 -0.044138 -0.300025
v -0.004574 -0.022426 -0.295003
v 0.052567 -0.056562 -0.055289
v 0.047364 -0.056929 -0.078762
v 0.046135 -0.060627 -0.116529
v 0.035601 -0.058292 -0.136582
v 0.026817 -0.057394 -0.162662
v 0.017524 -0.056133 -0.187488
v 0.007659 -0.053303 -0.200524
v -0.001106 -0.037891 -0.188860
v -0.009569 -0.043321 -0.228978
v -0.019381 -0.045849 -0.270446
v -0.029882 -0.043769 -0.308422
v -0.035881 -0.022223 -0.302865
v 0.030546 -0.055919 -0.040727
v 0.025674 -0.057562 -0.064848
v 0.019171 -0.058685 -0.091733
v 0.010731 -0.057758 -0.114815
v 0.002142 -0.057742 -0.142896
v -0.006952 -0.056458 -0.166351
v -0.016295 -0.055490 -0.192187
v -0.022153 -0.050566 -0.186986
v -0.029350 -0.041712 -0.201617
v -0.043731 -0.051129 -0.260534
v -0.055147 -0.050674 -0.295710
v -0.060775 -0.035990 -0.300404
v -0.066965 -0.021806 -0.310154
v 0.011870 -0.057527 -0.029981
v 0.004697 -0.057450 -0.050252
v -0.003036 -0.057617 -0.072633
v -0.011309 -0.057265 -0.095453
v -0.019254 -0.055674 -0.114706
v -0.029383 -0.056463 -0.145236
v -0.040744 -0.057084 -0.178918
v -0.043537 -0.052009 -0.176091
v -0.047617 -0.043147 -0.181261
v -0.060883 -0.049882 -0.221198
v -0.074437 -0.050359 -0.260609
v -0.085607 -0.047339 -0.290817
v -0.088076 -0.028397 -0.291815
v -0.093873 -0.016472 -0.304528
v -0.155156 -0.027123 -0.318324
v -0.143347 -0.033623 -0.289909
v -0.162206 -0.017638 -0.273531
v -0.131852 -0.039738 -0.262303
v -0.160355 -0.031382 -0.263121
v -0.196663 -0.027935 -0.274592
v -0.108594 -0.030899 -0.211943
v -0.156439 -0.044577 -0.248771
v -0.192423 -0.040632 -0.258176
v -0.231631 -0.036611 -0.268778
v -0.107281 -0.047294 -0.204726
v -0.136216 -0.041905 -0.208875
v -0.170945 -0.040058 -0.219087
v -0.209154 -0.037962 -0.230249
v -0.245224 -0.032275 -0.236589
v -0.096847 -0.050278 -0.179927
v -0.119019 -0.039793 -0.174870
v -0.160308 -0.047042 -0.194793
v -0.199978 -0.047150 -0.207162
v -0.241735 -0.045293 -0.218235
v -0.257075 -0.027755 -0.205654
v -0.087786 -0.051171 -0.157873
v -0.107971 -0.043136 -0.150756
v -0.139945 -0.043616 -0.159691
v -0.184737 -0.050204 -0.178231
v -0.236200 -0.051160 -0.197385
v -0.259802 -0.043416 -0.191482
v -0.284929 -0.031268 -0.187830
v -0.088450 -0.054993 -0.152781
v -0.117338 -0.053888 -0.153995
v -0.132552 -0.050331 -0.140269
v -0.161980 -0.047592 -0.143597
v -0.212136 -0.051056 -0.161807
v -0.252926 -0.050690 -0.169287
v -0.275980 -0.040858 -0.164558
v -0.296103 -0.027141 -0.159184
v -0.077974 -0.055643 -0.127944
v -0.111166 -0.055858 -0.135079
v -0.141832 -0.054856 -0.136837
v -0.155372 -0.051102 -0.124294
v -0.192077 -0.051106 -0.131239
v -0.226316 -0.050420 -0.134945
v -0.270298 -0.050349 -0.142967
v -0.302051 -0.043354 -0.143549
v -0.325375 -0.030816 -0.140387
v -0.064702 -0.054881 -0.099214
v -0.096142 -0.055437 -0.105838
v -0.135828 -0.056882 -0.116629
v -0.168202 -0.055899 -0.118381
v -0.182612 -0.052312 -0.108885
v -0.209567 -0.050896 -0.108396
v -0.236665 -0.046863 -0.108087
v -0.268653 -0.040439 -0.109842
v -0.303037 -0.034398 -0.112150
v -0.309063 -0.016820 -0.104473
v -0.058095 -0.056703 -0.081115
v -0.086317 -0.056229 -0.083278
v -0.119711 -0.056611 -0.088230
v -0.147030 -0.055108 -0.087669
v -0.178928 -0.054363 -0.089581
v -0.206908 -0.052928 -0.089273
v -0.221048 -0.050108 -0.083794
v -0.239474 -0.037489 -0.080950
v -0.278402 -0.035711 -0.084915
v -0.296265 -0.023314 -0.082321
v -0.310726 -0.010816 -0.079283
v -0.050707 -0.058311 -0.061615
v -0.079720 -0.058113 -0.063774
v -0.109036 -0.057405 -0.065014
v -0.136309 -0.055998 -0.064780
v -0.174184 -0.056393 -0.068814
v -0.195966 -0.053986 -0.066243
v -0.218009 -0.051957 -0.064397
v -0.235064 -0.047869 -0.061657
v -0.260595 -0.039200 -0.061468
v -0.285398 -0.030324 -0.061158
v -0.296047 -0.016085 -0.058121
v -0.320808 -0.008296 -0.058110
v -0.041440 -0.058692 -0.039981
v -0.071338 -0.059407 -0.042537
v -0.100170 -0.058619 -0.043220
v -0.132143 -0.058319 -0.044668
v -0.167654 -0.058241 -0.046585
v -0.187528 -0.055359 -0.044234
v -0.214789 -0.053897 -0.044013
v -0.236467 -0.051901 -0.042833
v -0.260907 -0.050350 -0.042346
v -0.270073 -0.034875 -0.039706
v -0.286026 -0.022843 -0.038431
v -0.312153 -0.015697 -0.038618
v -0.341305 -0.009369 -0.039124
v -0.032588 -0.058988 -0.019431
v -0.061413 -0.059892 -0.020759
v -0.089569 -0.059195 -0.021127
v -0.123931 -0.059827 -0.022448
v -0.154262 -0.058796 -0.022679
v -0.193558 -0.059103 -0.023946
v -0.212205 -0.056045 -0.022661
v -0.242572 -0.054832 -0.022786
v -0.251669 -0.051542 -0.021101
v -0.259291 -0.041243 -0.019632
v -0.285290 -0.033769 -0.019690
v -0.318979 -0.029305 -0.020227
v -0.345933 -0.021560 -0.020288
v -0.363343 -0.010809 -0.019819
v -0.362075 -0.010422 0.019750
v -0.330515 -0.016143 0.019383
v -0.353253 -0.013198 0.040494
v -0.301777 -0.022332 0.019136
v -0.315308 -0.016866 0.039008
v -0.336129 -0.013468 0.060885
v -0.297246 -0.039375 0.020515
v -0.291311 -0.025113 0.039142
v -0.294537 -0.015492 0.057825
v -0.322692 -0.015084 0.082336
v -0.256502 -0.039724 0.019420
v -0.278434 -0.039051 0.040935
v -0.281351 -0.028476 0.060291
v -0.290328 -0.020843 0.080672
v -0.294408 -0.011281 0.099519
v -0.251571 -0.051532 0.021093
v -0.258809 -0.050166 0.042006
v -0.266328 -0.042263 0.062821
v -0.273732 -0.033435 0.083491
v -0.280824 -0.024546 0.103930
v -0.299726 -0.020504 0.129321
v -0.232643 -0.053713 0.021854
v -0.243511 -0.052628 0.044109
v -0.253127 -0.051385 0.066395
v -0.262978 -0.050147 0.088895
v -0.282620 -0.047741 0.115553
v -0.282795 -0.034216 0.134398
v -0.283816 -0.021865 0.152579
v -0.216355 -0.056603 0.023104
v -0.222176 -0.054805 0.045527
v -0.240235 -0.054450 0.070963
v -0.237668 -0.051807 0.090094
v -0.256907 -0.051414 0.117332
v -0.265823 -0.049805 0.140600
v -0.267673 -0.036619 0.159605
v -0.249802 -0.015085 0.164674
v -0.193545 -0.059101 0.023945
v -0.208704 -0.058505 0.049229
v -0.220085 -0.057246 0.074396
v -0.214834 -0.053902 0.092693
v -0.225886 -0.052718 0.116837
v -0.244299 -0.052241 0.145668
v -0.256312 -0.051001 0.171553
v -0.250701 -0.038393 0.184774
v -0.238389 -0.018469 0.190706
v -0.168938 -0.061773 0.024837
v -0.191731 -0.062655 0.053275
v -0.199266 -0.060554 0.078724
v -0.208525 -0.058806 0.104399
v -0.211245 -0.056202 0.125959
v -0.210388 -0.053356 0.143751
v -0.223790 -0.052350 0.170697
v -0.228428 -0.050381 0.190890
v -0.225514 -0.035544 0.203592
v -0.234245 -0.026353 0.225996
v -0.131980 -0.061926 0.023907
v -0.152989 -0.063181 0.051716
v -0.165650 -0.062133 0.078725
v -0.164723 -0.058430 0.098220
v -0.175243 -0.057088 0.123336
v -0.180159 -0.054868 0.144124
v -0.187152 -0.053079 0.165913
v -0.204444 -0.052626 0.197245
v -0.199804 -0.047021 0.206982
v -0.213731 -0.040981 0.235288
v -0.216565 -0.027725 0.251296
v -0.095333 -0.061235 0.022487
v -0.110570 -0.061850 0.047707
v -0.123343 -0.061329 0.073546
v -0.130709 -0.059285 0.096337
v -0.138846 -0.057534 0.119220
v -0.140374 -0.054574 0.135431
v -0.150744 -0.053464 0.159520
v -0.170573 -0.053757 0.194640
v -0.165325 -0.050246 0.200890
v -0.184811 -0.050213 0.236858
v -0.195149 -0.042624 0.261833
v -0.193785 -0.026063 0.270574
v -0.061160 -0.059758 0.020674
v -0.075873 -0.061435 0.045241
v -0.085456 -0.060316 0.068364
v -0.092455 -0.058272 0.089199
v -0.102530 -0.057293 0.112872
v -0.110359 -0.055652 0.134099
v -0.130890 -0.056935 0.171781
v -0.137699 -0.054882 0.192264
v -0.147672 -0.053517 0.216969
v -0.149331 -0.050835 0.228986
v -0.157310 -0.045382 0.250157
v -0.171881 -0.040825 0.282033
v -0.170721 -0.023813 0.287890
v -0.032384 -0.058790 0.019309
v -0.043537 -0.060270 0.042004
v -0.053618 -0.060080 0.065153
v -0.060648 -0.057986 0.084681
v -0.066645 -0.055704 0.102195
v -0.072793 -0.053773 0.119445
v -0.088688 -0.055066 0.153193
v -0.099398 -0.054302 0.178757
v -0.110746 -0.053547 0.205750
v -0.127071 -0.053670 0.242493
v -0.128358 -0.050708 0.250517
v -0.137182 -0.045387 0.272907
v -0.147307 -0.037314 0.297918
v -0.152093 -0.024613 0.312040
v 0.323760 -0.016425 -0.167307
v 0.335622 -0.020690 -0.146754
v 0.328831 -0.035780 -0.168060
v 0.351407 -0.026366 -0.125718
v 0.336769 -0.039058 -0.143431
v 0.333022 -0.051200 -0.168019
v 0.371684 -0.033658 -0.103423
v 0.341205 -0.040889 -0.116256
v 0.315638 -0.049750 -0.130294
v 0.296760 -0.051814 -0.147456
v 0.378781 -0.036210 -0.075284
v 0.365259 -0.050123 -0.093339
v 0.335529 -0.051378 -0.107726
v 0.299987 -0.052078 -0.119247
v 0.276507 -0.053673 -0.134894
v 0.389159 -0.039942 -0.046408
v 0.352868 -0.045705 -0.060115
v 0.328389 -0.050870 -0.075310
v 0.311897 -0.053054 -0.092986
v 0.285963 -0.054568 -0.108506
v 0.264474 -0.056572 -0.126157
v 0.362190 -0.030244 -0.014397
v 0.357725 -0.047711 -0.030471
v 0.314701 -0.049305 -0.043302
v 0.298376 -0.051946 -0.059303
v 0.276568 -0.053678 -0.074958
v 0.249135 -0.054885 -0.089130
v 0.226779 -0.056660 -0.105171
v 0.337587 -0.021397 0.013419
v 0.358148 -0.047885 0.000000
v 0.327965 -0.050840 -0.015042
v 0.296009 -0.051752 -0.029416
v 0.264658 -0.052551 -0.043038
v 0.259905 -0.056069 -0.061989
v 0.225646 -0.056514 -0.074747
v 0.195771 -0.057239 -0.087548
v 0.355812 -0.027950 0.042432
v 0.331187 -0.036753 0.028211
v 0.326036 -0.050702 0.014954
v 0.315014 -0.053309 0.000000
v 0.285445 -0.054519 -0.015473
v 0.273363 -0.057549 -0.032599
v 0.244944 -0.058996 -0.048683
v 0.202114 -0.058203 -0.060256
v 0.164449 -0.057413 -0.070039
v 0.382552 -0.037566 0.076034
v 0.375979 -0.050787 0.064052
v 0.339787 -0.051681 0.046755
v 0.308093 -0.052742 0.030618
v 0.299190 -0.055820 0.016218
v 0.268573 -0.057022 0.000000
v 0.245585 -0.059078 -0.016270
v 0.205276 -0.058683 -0.030599
v 0.173120 -0.058990 -0.044239
v 0.144995 -0.059672 -0.057637
v 0.388635 -0.039754 0.108140
v 0.380455 -0.051064 0.097222
v 0.370618 -0.053875 0.084995
v 0.314436 -0.053262 0.062496
v 0.298795 -0.055782 0.048589
v 0.267298 -0.056882 0.031876
v 0.239352 -0.058276 0.015858
v 0.194189 -0.056999 0.000000
v 0.167145 -0.057903 -0.014237
v 0.145578 -0.059802 -0.028934
v 0.118582 -0.060450 -0.042424
v 0.377584 -0.035780 0.135084
v 0.386789 -0.051457 0.131788
v 0.370347 -0.053856 0.118905
v 0.323351 -0.053992 0.096401
v 0.291028 -0.055047 0.078877
v 0.269377 -0.057110 0.064248
v 0.245474 -0.059064 0.048789
v 0.209588 -0.059338 0.031243
v 0.168087 -0.058075 0.014318
v 0.144851 -0.059640 0.000000
v 0.112148 -0.058662 -0.013374
v 0.086056 -0.058638 -0.025656
v 0.343390 -0.023483 0.150151
v 0.341372 -0.040958 0.145391
v 0.333947 -0.051265 0.137853
v 0.304025 -0.052409 0.120853
v 0.291360 -0.055078 0.110554
v 0.258021 -0.055862 0.092309
v 0.227831 -0.056795 0.075471
v 0.209921 -0.059389 0.062584
v 0.166691 -0.057821 0.042597
v 0.146206 -0.059941 0.029059
v 0.111094 -0.058369 0.013248
v 0.083211 -0.057609 0.000000
v 0.057788 -0.056498 -0.011485
v 0.339116 -0.021946 0.175242
v 0.312474 -0.029026 0.159700
v 0.293370 -0.039185 0.148014
v 0.278249 -0.050297 0.138258
v 0.257367 -0.051861 0.125557
v 0.247148 -0.054667 0.117892
v 0.218421 -0.055585 0.101295
v 0.206539 -0.058875 0.092364
v 0.166945 -0.057867 0.071102
v 0.141991 -0.059006 0.056443
v 0.119061 -0.060583 0.042595
v 0.085553 -0.058457 0.025506
v 0.058114 -0.056661 0.011550
v 0.038093 -0.057277 0.000000
v -0.098858 -0.022658 0.320701
v -0.095674 -0.039474 0.316990
v -0.067292 -0.022401 0.311668
v -0.087935 -0.050202 0.298727
v -0.063097 -0.041187 0.311882
v -0.040851 -0.039155 0.344820
v -0.080453 -0.052207 0.281674
v -0.056617 -0.051292 0.303593
v -0.031091 -0.049584 0.320896
v -0.005096 -0.036383 0.328634
v -0.070370 -0.053486 0.255669
v -0.045018 -0.051825 0.268200
v -0.020751 -0.050924 0.289560
v 0.004432 -0.041995 0.295564
v 0.029890 -0.036585 0.319789
v -0.062944 -0.055884 0.239611
v -0.036367 -0.053839 0.249823
v -0.010642 -0.051409 0.254656
v 0.013470 -0.047721 0.265090
v 0.037668 -0.039372 0.281219
v 0.067601 -0.042306 0.323462
v -0.050060 -0.055682 0.202478
v -0.026380 -0.054968 0.222671
v -0.001318 -0.052154 0.225112
v 0.022003 -0.050407 0.235400
v 0.044356 -0.040701 0.244086
v 0.076856 -0.050135 0.294856
v 0.098602 -0.034842 0.297284
v -0.035633 -0.053373 0.156477
v -0.016377 -0.055632 0.193165
v 0.007666 -0.053324 0.200681
v 0.029191 -0.050416 0.201135
v 0.050007 -0.040897 0.209261
v 0.076036 -0.040986 0.236157
v 0.108660 -0.045192 0.274452
v 0.133488 -0.035185 0.288804
v -0.027948 -0.055049 0.138143
v -0.006828 -0.055944 0.163399
v 0.016472 -0.054414 0.176231
v 0.039748 -0.053077 0.190189
v 0.061053 -0.050972 0.197704
v 0.082629 -0.046050 0.208704
v 0.111291 -0.045788 0.235489
v 0.125805 -0.027405 0.232707
v 0.156220 -0.025614 0.259775
v -0.020306 -0.057214 0.120974
v 0.002024 -0.056058 0.134942
v 0.025443 -0.055861 0.154324
v 0.048002 -0.054076 0.165553
v 0.075468 -0.054345 0.190616
v 0.099864 -0.052921 0.205125
v 0.125328 -0.051707 0.221537
v 0.143611 -0.045437 0.226233
v 0.163343 -0.033178 0.234762
v 0.183120 -0.022092 0.244151
v -0.012115 -0.059390 0.102267
v 0.011243 -0.059200 0.120286
v 0.036559 -0.059120 0.140256
v 0.058881 -0.056445 0.148721
v 0.078205 -0.053565 0.154070
v 0.102727 -0.052749 0.170823
v 0.128913 -0.052028 0.189239
v 0.157436 -0.051416 0.209907
v 0.182399 -0.050083 0.225199
v 0.201109 -0.037223 0.233145
v 0.208774 -0.018888 0.229621
v -0.003580 -0.063026 0.085679
v 0.020995 -0.061651 0.100459
v 0.046492 -0.060882 0.117428
v 0.069648 -0.058571 0.128829
v 0.095242 -0.057531 0.145197
v 0.114129 -0.054709 0.152166
v 0.131655 -0.052220 0.158958
v 0.153751 -0.050856 0.171927
v 0.173088 -0.044446 0.182048
v 0.208382 -0.045156 0.208449
v 0.229785 -0.034801 0.220436
v 0.241908 -0.020217 0.223975
v 0.005528 -0.062749 0.059142
v 0.029430 -0.061960 0.074334
v 0.055322 -0.061873 0.091994
v 0.076380 -0.058922 0.101836
v 0.109264 -0.060343 0.126669
v 0.127726 -0.057144 0.134337
v 0.147875 -0.054941 0.144728
v 0.167900 -0.053005 0.155453
v 0.182171 -0.050530 0.161375
v 0.205434 -0.045788 0.175542
v 0.220243 -0.032705 0.182641
v 0.251076 -0.029176 0.203003
v 0.267803 -0.018055 0.211881
v 0.012984 -0.060344 0.032794
v 0.034196 -0.059315 0.045593
v 0.060374 -0.060877 0.063499
v 0.085663 -0.060395 0.079313
v 0.111617 -0.059677 0.095376
v 0.140578 -0.059361 0.113662
v 0.148835 -0.054830 0.115564
v 0.176985 -0.054385 0.133235
v 0.187495 -0.051415 0.137741
v 0.226738 -0.052045 0.163308
v 0.241112 -0.048837 0.170845
v 0.256917 -0.036389 0.179561
v 0.256368 -0.017453 0.177092
v 0.285495 -0.013083 0.195231
v -0.119885 0.053116 -0.154041
v -0.146465 0.053116 -0.031900
v -0.053978 0.053116 0.052190
v 0.065089 0.053116 0.014138
v 0.091670 0.053116 -0.108003
v -0.000817 0.053116 -0.192093
v -0.108195 0.836786 -0.143413
v -0.131416 0.836786 -0.036710
v -0.050619 0.836786 0.036752
v 0.053400 0.836786 0.003510
v 0.076621 0.836786 -0.103193
v -0.004177 0.836786 -0.176655
v -0.027398 1.159454 -0.069951
v 0.178238 0.045391 -0.029565
v 0.175269 0.047936 -0.114648
v 0.113123 0.091037 -0.153822
v 0.053947 0.131594 -0.107913
v 0.056916 0.129049 -0.022830
v 0.119061 0.085948 0.016344
v 0.446924 0.438291 -0.028290
v 0.444032 0.440770 -0.111182
v 0.383487 0.482761 -0.149347
v 0.325834 0.522274 -0.104621
v 0.328726 0.519795 -0.021729
v 0.389271 0.477804 0.016437
v 0.517563 0.670438 -0.065347
v 0.154797 0.047624 -0.139755
v 0.112878 0.037557 -0.218178
v 0.030750 0.071201 -0.229658
v -0.009459 0.114912 -0.162716
v 0.032460 0.124979 -0.084293
v 0.114588 0.091335 -0.072812
v 0.336158 0.466510 -0.296854
v 0.299483 0.457702 -0.365468
v 0.227627 0.487138 -0.375512
v 0.192447 0.525382 -0.316943
v 0.229123 0.534189 -0.248329
v 0.300979 0.504754 -0.238284
v 0.343751 0.667864 -0.371434
v 0.027712 0.116958 -0.108100
v -0.063238 0.109386 -0.136233
v -0.127618 0.068052 -0.079073
v -0.101049 0.034288 0.006218
v -0.010099 0.041859 0.034350
v 0.054281 0.083194 -0.022809
v -0.086233 0.570576 0.114709
v -0.164008 0.564101 0.090652
v -0.219062 0.528754 0.139531
v -0.196341 0.499881 0.212467
v -0.118567 0.506356 0.236524
v -0.063513 0.541703 0.187645
v -0.188433 0.742348 0.260265
v 0.047747 0.075154 -0.022623
v 0.122157 0.052959 -0.028104
v 0.153674 0.039366 -0.097973
v 0.110779 0.047968 -0.162360
v 0.036368 0.070163 -0.156878
v 0.004852 0.083756 -0.087010
v 0.217328 0.643103 -0.063394
v 0.285930 0.622641 -0.068447
v 0.314986 0.610109 -0.132861
v 0.275440 0.618039 -0.192222
v 0.206838 0.638502 -0.187168
v 0.177782 0.651034 -0.122754
v 0.331135 0.919128 -0.145717
v -0.209704 0.147594 -0.171797
v -0.222111 0.118235 -0.210321
v -0.265970 0.094228 -0.210348
v -0.297423 0.099580 -0.171850
v -0.285017 0.128939 -0.133326
v -0.241158 0.152947 -0.133299
v -0.303635 0.319311 -0.272414
v -0.316041 0.289952 -0.310938
v -0.359901 0.265945 -0.310965
v -0.391354 0.271297 -0.272467
v -0.378948 0.300656 -0.233943
v -0.335088 0.324663 -0.233917
v -0.384023 0.362083 -0.311570
v 0.242688 0.196003 0.076837
v 0.197803 0.208429 0.058646
v 0.158377 0.211413 0.089251
v 0.163835 0.201971 0.138047
v 0.208721 0.189545 0.156238
v 0.248147 0.186561 0.125633
v 0.275002 0.351476 0.103306
v 0.230117 0.363902 0.085115
v 0.190691 0.366886 0.115720
v 0.196150 0.357444 0.164516
v 0.241035 0.345018 0.182707
v 0.280461 0.342034 0.152102
v 0.248143 0.414922 0.144205
vn 0.0265 -0.9984 -0.0497
vn 0.0347 -0.9978 -0.0569
vn -0.0035 -0.9993 -0.0377
vn 0.2710 -0.7151 0.6443
vn 0.2269 -0.8653 0.4470
vn 0.1969 -0.9517 0.2358
vn 0.0485 -0.9987 -0.0173
vn 0.0291 -0.9994 -0.0198
vn 0.0232 -0.9994 -0.0252
vn 0.1763 -0.9164 0.3593
vn -0.4057 -0.3369 0.8497
vn -0.4812 -0.5117 0.7118
vn -0.4321 -0.2509 0.8662
vn -0.7217 -0.6885 0.0711
vn -0.5294 -0.6362 0.5612
vn -0.5157 -0.6799 0.5213
vn 0.0173 -0.0623 -0.9979
vn -0.3663 0.3515 -0.8616
vn -0.2192 -0.5097 -0.8319
vn 0.9330 -0.0466 -0.3568
vn 0.4850 -0.2005 -0.8512
vn 0.4807 0.1129 -0.8696
vn 0.3700 -0.8160 0.4440
vn -0.3131 -0.5296 0.7883
vn -0.4453 -0.8908 -0.0902
vn 0.2408 -0.3160 -0.9177
vn 0.9312 0.2982 -0.2094
vn 0.1737 0.9116 0.3727
vn 0.0563 0.9158 0.3976
vn 0.1408 0.9466 0.2899
vn -0.6306 0.6789 0.3760
vn -0.4019 0.7372 0.5432
vn -0.5239 0.7527 0.3988
vn -0.3294 0.9242 -0.1934
vn -0.3959 0.9131 -0.0971
vn -0.4086 0.9044 -0.1232
vn 0.1395 0.3751 -0.9164
vn 0.5873 0.1694 -0.7914
vn 0.2977 0.2869 -0.9105
vn 0.5292 0.7055 -0.4715
vn 0.5007 0.6742 -0.5430
vn 0.3416 0.8775 -0.3366
vn -0.1159 0.9907 -0.0707
vn 0.0183 0.9961 -0.0864
vn -0.0993 0.9933 -0.0592
vn 0.1019 0.9565 -0.2732
vn 0.0413 0.9625 -0.2681
vn 0.0872 0.8888 -0.4499
vn 0.2176 0.9230 -0.3173
vn 0.0874 0.9461 -0.3118
vn -0.0205 0.9946 -0.1020
vn -0.1454 0.9832 0.1099
vn -0.1060 0.9942 0.0185
vn -0.0381 0.9965 0.0741
vn -0.0311 0.9976 0.0622
vn -0.0289 0.9962 0.0817
vn 0.0507 0.9987 -0.0058
vn 0.3842 0.8336 0.3969
vn 0.0983 0.9950 0.0196
vn 0.3876 0.7944 0.4677
vn 0.3538 0.9149 0.1944
vn 0.5972 0.7963 0.0961
vn 0.8928 0.4279 0.1407
vn 0.8060 0.5701 -0.1593
vn 0.8455 0.5310 -0.0559
vn 0.6227 0.7810 -0.0475
vn 0.5952 0.8013 0.0604
vn 0.5470 0.8317 -0.0949
vn 0.6555 0.7410 0.1457
vn 0.4278 0.8524 -0.3006
vn 0.6526 0.7319 -0.1959
vn 0.3821 0.9119 -0.1497
vn 0.0397 0.9965 0.0729
vn 0.2025 0.9766 0.0723
vn -0.0689 0.9934 0.0917
vn -0.0167 0.9722 0.2337
vn 0.0866 0.9826 0.1643
vn 0.0099 0.9547 -0.2973
vn -0.1430 0.9263 0.3487
vn -0.0872 0.9912 0.0995
vn 0.0151 0.9620 -0.2725
vn 0.0675 0.9224 -0.3803
vn -0.1371 0.9430 0.3033
vn -0.2102 0.9739 0.0859
vn -0.1867 0.9627 -0.1957
vn -0.1711 0.9704 -0.1703
vn -0.1623 0.9347 -0.3162
vn 0.0512 0.9612 0.2710
vn -0.0032 0.9940 0.1091
vn -0.1767 0.9497 -0.2587
vn -0.1769 0.9802 -0.0890
vn -0.2446 0.9542 -0.1722
vn -0.2608 0.9596 -0.1060
vn 0.0277 0.9970 0.0721
vn 0.2026 0.9760 -0.0802
vn 0.1647 0.8841 -0.4374
vn 0.0939 0.8335 -0.5445
vn 0.2069 0.8465 -0.4905
vn 0.1117 0.8001 -0.5893
vn 0.0997 0.9401 -0.3260
vn 0.1586 0.9583 -0.2378
vn 0.2467 0.9514 -0.1844
vn 0.2236 0.8562 -0.4657
vn 0.1580 0.8139 -0.5591
vn 0.1692 0.7510 -0.6383
vn 0.2768 0.7349 -0.6191
vn 0.3175 0.7974 -0.5131
vn 0.2416 0.7821 -0.5745
vn 0.6817 0.6909 -0.2408
vn 0.2960 0.8925 -0.3404
vn 0.2607 0.8980 -0.3544
vn 0.1203 0.9079 -0.4017
vn 0.0257 0.8939 -0.4475
vn -0.0309 0.9431 -0.3310
vn 0.0034 0.9557 -0.2945
vn 0.1278 0.8039 -0.5809
vn 0.2296 0.8320 -0.5051
vn 0.8301 0.5547 0.0573
vn 0.5872 0.7314 -0.3467
vn 0.4443 0.8518 -0.2776
vn 0.2151 0.9128 -0.3471
vn 0.0895 0.9508 -0.2967
vn 0.0298 0.9512 -0.3071
vn 0.0362 0.9147 -0.4026
vn -0.1046 0.7526 -0.6502
vn 0.1656 0.8009 -0.5755
vn 0.3017 0.9195 -0.2521
vn 0.5139 0.8324 0.2075
vn 0.6407 0.7598 -0.1108
vn 0.4634 0.8567 -0.2266
vn 0.2915 0.9554 -0.0465
vn 0.1265 0.9784 -0.1635
vn -0.0165 0.9777 -0.2094
vn 0.0157 0.7690 -0.6391
vn 0.1465 0.4965 -0.8556
vn 0.0028 0.8067 -0.5910
vn 0.1907 0.9513 -0.2422
vn 0.2523 0.9344 -0.2515
vn 0.8502 0.5097 -0.1316
vn 0.8977 0.3349 -0.2864
vn 0.7569 0.6521 -0.0422
vn 0.4870 0.8716 0.0567
vn 0.4516 0.8790 -0.1529
vn 0.3726 0.8037 -0.4640
vn -0.0121 0.5965 -0.8025
vn 0.0826 0.6595 -0.7472
vn 0.1203 0.8369 -0.5340
vn 0.0762 0.9655 -0.2489
vn 0.2460 0.9127 -0.3262
vn 0.3988 0.6478 -0.6491
vn 0.9123 0.1912 -0.3620
vn 0.8801 0.3699 -0.2977
vn 0.8538 0.5134 0.0860
vn 0.6382 0.7468 0.1870
vn 0.4845 0.8683 -0.1065
vn 0.5193 0.7332 -0.4391
vn 0.2466 0.4092 -0.8785
vn 0.0581 0.6289 -0.7754
vn 0.1856 0.8033 -0.5660
vn 0.3179 0.8083 -0.4956
vn 0.0454 0.8350 -0.5483
vn 0.2790 0.6661 -0.6917
vn 0.5073 0.3433 -0.7904
vn 0.5663 0.7528 -0.3355
vn 0.6962 0.7075 -0.1214
vn 0.7628 0.6332 0.1308
vn 0.7852 0.5166 0.3416
vn 0.7982 0.5842 -0.1472
vn 0.6071 0.7045 -0.3675
vn 0.2824 0.5104 -0.8123
vn 0.2215 0.1985 -0.9547
vn 0.3856 0.3693 -0.8455
vn 0.5191 0.3152 -0.7945
vn 0.5259 0.5839 -0.6185
vn 0.0710 0.8731 -0.4824
vn -0.0020 0.7795 -0.6264
vn 0.7395 0.4106 -0.5334
vn 0.7098 0.5361 -0.4569
vn 0.8816 0.4132 -0.2280
vn 0.9987 -0.0279 0.0421
vn 0.9831 -0.1670 -0.0746
vn 0.9407 -0.1264 -0.3147
vn 0.6326 0.1741 -0.7546
vn 0.2436 0.1060 -0.9641
vn 0.4320 0.4398 -0.7874
vn 0.2383 0.5741 -0.7833
vn 0.5259 0.6677 -0.5268
vn 0.5343 0.7701 -0.3485
vn 0.0759 0.6423 -0.7627
vn -0.1878 0.3664 -0.9113
vn -0.0240 0.9920 0.1237
vn 0.0746 0.9969 -0.0265
vn -0.0380 0.9948 -0.0944
vn -0.0549 0.9971 0.0536
vn 0.2565 0.9624 -0.0899
vn 0.3598 0.8436 -0.3986
vn 0.1199 0.9567 -0.2654
vn -0.0749 0.9966 -0.0346
vn 0.0876 0.8964 -0.4345
vn 0.3335 0.8479 -0.4120
vn 0.3094 0.9054 -0.2905
vn 0.1435 0.9146 -0.3781
vn 0.0894 0.9308 -0.3544
vn 0.2809 0.7605 -0.5854
vn 0.5673 0.2394 -0.7880
vn -0.1986 0.9800 0.0106
vn -0.0845 0.9902 -0.1113
vn -0.0811 0.9939 0.0747
vn 0.0708 0.9801 0.1853
vn -0.0420 0.9790 0.1993
vn 0.1084 0.9881 0.1087
vn 0.1672 0.9612 0.2196
vn -0.1127 0.9675 0.2262
vn 0.0538 0.9862 0.1566
vn 0.1599 0.9546 0.2514
vn 0.3155 0.9108 -0.2664
vn -0.1440 0.9828 -0.1154
vn -0.0418 0.9985 0.0364
vn 0.1618 0.9867 0.0155
vn -0.2863 0.9488 -0.1338
vn 0.4145 0.7727 -0.4808
vn -0.0170 0.8574 -0.5144
vn -0.0187 0.9714 -0.2368
vn 0.0631 0.9831 -0.1721
vn -0.2676 0.9263 -0.2653
vn -0.4352 0.8557 -0.2801
vn 0.1445 0.9692 -0.1996
vn 0.1777 0.8472 -0.5007
vn 0.0132 0.9171 -0.3984
vn -0.0071 0.8911 -0.4537
vn -0.2190 0.8422 -0.4927
vn -0.3733 0.8601 -0.3478
vn -0.4298 0.8368 -0.3391
vn -0.1558 0.9711 -0.1806
vn 0.0323 0.8771 -0.4793
vn 0.0782 0.7986 -0.5967
vn -0.0237 0.7500 -0.6611
vn -0.3282 0.6015 -0.7283
vn -0.3030 0.5892 -0.7491
vn -0.4061 0.7147 -0.5694
vn -0.3426 0.8602 -0.3777
vn 0.0932 0.9932 -0.0703
vn -0.2125 0.9707 -0.1123
vn -0.0600 0.8381 -0.5422
vn -0.0378 0.6315 -0.7745
vn -0.1897 0.7247 -0.6625
vn -0.3251 0.7418 -0.5866
vn -0.2611 0.6628 -0.7018
vn -0.1225 0.7989 -0.5889
vn -0.1360 0.8771 -0.4606
vn 0.4766 0.7384 -0.4770
vn -0.1653 0.9369 -0.3081
vn -0.2568 0.9663 -0.0171
vn -0.0362 0.9459 -0.3226
vn 0.0058 0.9270 -0.3751
vn -0.1327 0.9793 -0.1528
vn -0.4565 0.8328 -0.3131
vn -0.1590 0.7071 -0.6890
vn -0.1083 0.6747 -0.7301
vn -0.4439 0.4917 -0.7491
vn 0.3543 0.6760 -0.6461
vn 0.1496 0.5773 -0.8027
vn -0.3150 0.8601 -0.4013
vn -0.0668 0.9791 -0.1924
vn -0.0496 0.9861 -0.1588
vn -0.0975 0.9283 -0.3589
vn -0.6697 0.7043 -0.2356
vn -0.5151 0.6764 -0.5265
vn -0.1182 0.6495 -0.7511
vn -0.2119 0.6756 -0.7061
vn -0.6943 0.4891 -0.5279
vn 0.0856 0.9342 -0.3463
vn 0.1474 0.7191 -0.6790
vn -0.1392 0.4791 -0.8667
vn -0.0427 0.7706 -0.6359
vn -0.1678 0.8670 -0.4693
vn -0.2833 0.7357 -0.6152
vn -0.6307 0.3422 -0.6965
vn -0.8235 0.1230 -0.5538
vn -0.3085 0.3998 -0.8631
vn -0.2549 0.0529 -0.9655
vn -0.4595 0.2072 -0.8637
vn -0.6969 0.2043 -0.6875
vn 0.1312 0.8652 -0.4840
vn 0.0158 0.8821 -0.4707
vn -0.1555 0.7046 -0.6924
vn -0.0511 0.5948 -0.8022
vn 0.0609 0.6940 -0.7174
vn -0.5175 0.6603 -0.5442
vn -0.6583 0.0872 -0.7477
vn -0.6968 0.1572 -0.6998
vn -0.5066 0.5889 -0.6297
vn -0.4246 0.6091 -0.6698
vn -0.4399 0.3682 -0.8191
vn -0.2851 0.3272 -0.9009
vn -0.5024 0.4732 -0.7237
vn 0.0246 0.6037 -0.7968
vn 0.1607 0.3739 -0.9134
vn -0.1944 0.6783 -0.7086
vn -0.1177 0.8783 -0.4633
vn 0.0994 0.7388 -0.6666
vn -0.4112 0.4974 -0.7639
vn -0.6424 0.5165 -0.5662
vn -0.6420 0.5523 -0.5318
vn -0.3228 0.8273 -0.4598
vn -0.3203 0.8412 -0.4356
vn -0.3103 0.9248 -0.2201
vn -0.0664 0.9562 -0.2850
vn -0.1541 0.9724 -0.1752
vn 0.0814 0.0926 -0.9924
vn 0.1175 -0.0140 -0.9930
vn 0.0606 0.1725 -0.9832
vn -0.1088 0.6844 -0.7210
vn -0.1605 0.7715 -0.6156
vn -0.3310 0.3013 -0.8942
vn -0.6531 -0.1012 -0.7505
vn -0.6328 0.2146 -0.7440
vn -0.5393 0.3658 -0.7585
vn -0.3960 0.4283 -0.8122
vn -0.1352 0.7778 -0.6138
vn 0.0541 0.9481 -0.3133
vn -0.3608 0.9233 -0.1320
vn -0.4671 0.8732 -0.1391
vn -0.2743 0.9301 0.2444
vn -0.2141 0.9192 0.3306
vn -0.0494 0.9844 0.1686
vn 0.1716 0.9808 -0.0923
vn 0.1414 0.9896 0.0258
vn 0.0382 0.9740 0.2232
vn -0.4206 0.8989 -0.1227
vn -0.3030 0.9439 -0.1317
vn -0.2842 0.8790 -0.3829
vn -0.1476 0.9676 -0.2048
vn -0.6855 0.6412 -0.3449
vn -0.8797 0.1745 -0.4423
vn -0.7224 0.6199 -0.3063
vn -0.7989 0.2558 -0.5443
vn -0.7496 0.5513 -0.3663
vn -0.3126 0.8642 0.3941
vn 0.0015 0.9210 0.3895
vn 0.1746 0.9829 -0.0593
vn 0.2546 0.9526 0.1664
vn 0.3332 0.9402 0.0710
vn -0.0444 0.9965 0.0706
vn -0.0351 0.9990 0.0291
vn 0.0857 0.9793 0.1835
vn 0.1724 0.9685 0.1795
vn -0.1877 0.9624 0.1965
vn -0.0751 0.9841 0.1611
vn -0.1824 0.9829 0.0253
vn -0.0233 0.9910 -0.1317
vn -0.0207 0.8521 0.5230
vn -0.1726 0.9504 0.2587
vn -0.3155 0.9155 0.2495
vn -0.1884 0.9660 0.1770
vn -0.1445 0.9717 -0.1867
vn -0.0582 0.9835 0.1712
vn -0.0937 0.8400 0.5344
vn -0.0562 0.9983 -0.0139
vn -0.5740 0.7721 0.2728
vn -0.4719 0.8816 -0.0098
vn -0.1480 0.9813 -0.1227
vn -0.1761 0.9633 -0.2025
vn -0.2343 0.8966 0.3758
vn -0.0246 0.9084 0.4173
vn -0.4609 0.7782 0.4266
vn -0.2736 0.9455 0.1767
vn -0.3990 0.9169 0.0064
vn -0.3095 0.9262 -0.2152
vn -0.4021 0.8984 -0.1769
vn -0.4303 0.8975 0.0966
vn -0.3015 0.7797 0.5488
vn -0.2355 0.7419 0.6278
vn -0.4894 0.7570 0.4330
vn -0.3960 0.9161 -0.0632
vn -0.2240 0.9664 0.1260
vn -0.2844 0.9481 0.1423
vn -0.5964 0.7968 -0.0975
vn -0.5202 0.8360 -0.1746
vn -0.3968 0.8875 0.2344
vn -0.2052 0.8456 0.4928
vn -0.0681 0.8684 0.4912
vn -0.1008 0.9787 0.1788
vn -0.6416 0.7665 -0.0301
vn -0.4753 0.8755 -0.0867
vn -0.4322 0.8889 0.1520
vn -0.4297 0.8892 0.1571
vn -0.3718 0.9042 -0.2101
vn -0.6252 0.7757 0.0860
vn -0.6498 0.7161 0.2549
vn -0.3506 0.8532 0.3862
vn -0.2092 0.9157 0.3432
vn -0.2740 0.7843 0.5566
vn -0.8822 0.3623 -0.3008
vn -0.5779 0.7878 -0.2132
vn -0.6622 0.7492 -0.0160
vn -0.5514 0.8156 0.1755
vn -0.4911 0.8701 -0.0428
vn -0.6504 0.7348 0.1927
vn -0.7962 0.5213 0.3072
vn -0.9254 0.2626 0.2733
vn -0.8942 0.2982 0.3339
vn -0.7629 0.4039 0.5049
vn -0.4561 0.6429 0.6154
vn -0.6539 0.5731 -0.4939
vn -0.4421 0.8203 -0.3628
vn -0.6803 0.7289 -0.0765
vn -0.6366 0.7643 0.1030
vn -0.5571 0.8304 -0.0066
vn -0.6253 0.7780 0.0603
vn -0.4595 0.8130 0.3575
vn -0.5530 0.6603 0.5081
vn -0.8374 0.3079 0.4516
vn -0.9433 0.3224 0.0786
vn -0.7449 0.6500 0.1504
vn -0.4739 0.5603 0.6794
vn -0.6121 0.4191 -0.6706
vn -0.5436 0.6680 -0.5082
vn -0.6648 0.7465 -0.0273
vn -0.7915 0.6003 0.1148
vn -0.9185 0.3948 -0.0207
vn -0.6417 0.7277 -0.2423
vn -0.2463 0.9692 0.0057
vn -0.2690 0.8305 0.4878
vn -0.3760 0.4442 0.8132
vn -0.4931 0.8482 0.1932
vn -0.4088 0.9124 -0.0209
vn -0.5846 0.6761 0.4485
vn -0.3171 0.5111 0.7989
vn -0.7346 0.3621 -0.5738
vn -0.6374 0.3517 -0.6856
vn -0.9773 0.1614 -0.1371
vn -0.9619 0.2733 0.0119
vn -0.8788 0.4530 0.1502
vn -0.8530 0.4629 -0.2409
vn -0.4924 0.7981 -0.3472
vn -0.5001 0.8406 0.2081
vn -0.2316 0.6396 0.7330
vn -0.6285 0.6050 0.4889
vn -0.8666 0.4739 0.1563
vn -0.9041 0.2954 0.3088
vn -0.7794 0.2632 0.5686
vn -0.2406 0.9080 -0.3430
vn -0.8506 0.3688 -0.3748
vn -0.9800 0.0389 -0.1954
vn -0.9108 0.3412 -0.2324
vn -0.4432 0.8717 -0.2089
vn -0.2281 0.9685 -0.1000
vn -0.4147 0.8622 -0.2910
vn -0.7929 0.5909 -0.1490
vn -0.6976 0.5567 0.4510
vn -0.2167 0.7169 0.6626
vn -0.2677 0.8973 0.3509
vn -0.8155 0.2669 0.5135
vn -0.9424 0.3013 0.1455
vn -0.7585 0.6099 0.2297
vn -0.0999 0.9606 0.2595
vn -0.3121 0.9232 0.2245
vn -0.2829 0.9555 0.0837
vn 0.2396 0.9607 -0.1399
vn 0.0890 0.9945 0.0552
vn -0.2718 0.9610 -0.0515
vn -0.3184 0.9449 -0.0765
vn -0.3219 0.8918 0.3178
vn -0.4404 0.7906 0.4254
vn -0.3309 0.9233 0.1949
vn -0.2700 0.8199 0.5048
vn -0.3392 0.7934 0.5054
vn -0.6597 0.4733 0.5838
vn -0.6549 0.4816 0.5824
vn -0.3106 0.8909 0.3315
vn -0.0648 0.9628 0.2624
vn -0.2301 0.9729 0.0227
vn 0.0351 0.9994 0.0051
vn -0.2671 0.9557 -0.1233
vn -0.1220 0.9834 -0.1345
vn 0.2968 0.9502 -0.0951
vn 0.0836 0.9965 0.0067
vn -0.3680 0.9291 0.0366
vn -0.0714 0.9922 0.1022
vn 0.4334 0.9011 -0.0159
vn 0.2325 0.9640 0.1289
vn -0.0624 0.9976 -0.0303
vn -0.2638 0.9642 -0.0251
vn 0.0508 0.9986 0.0128
vn 0.5302 0.8385 -0.1257
vn -0.0250 0.9989 -0.0393
vn 0.0927 0.9903 -0.1039
vn -0.0696 0.9534 -0.2936
vn -0.0314 0.9991 -0.0297
vn 0.1561 0.9104 0.3831
vn 0.3352 0.9372 0.0968
vn -0.4376 0.7939 0.4221
vn -0.2959 0.9194 0.2590
vn -0.1778 0.9838 0.0222
vn 0.1319 0.9896 0.0566
vn 0.1925 0.9372 0.2908
vn 0.1271 0.8593 0.4954
vn 0.2433 0.8992 0.3636
vn -0.2949 0.6200 0.7270
vn -0.6187 0.5697 0.5410
vn -0.5049 0.7995 0.3255
vn -0.1664 0.8558 0.4898
vn 0.0487 0.9449 0.3237
vn 0.2810 0.9510 0.1286
vn 0.2393 0.9141 0.3275
vn 0.3414 0.6389 0.6894
vn -0.1380 0.9383 0.3170
vn -0.3407 0.9120 0.2286
vn -0.5225 0.8450 0.1136
vn -0.2709 0.7935 0.5449
vn -0.1818 0.6465 0.7409
vn -0.0810 0.6962 0.7132
vn 0.2960 0.7157 0.6325
vn 0.4504 0.7083 0.5435
vn 0.2801 0.7023 0.6545
vn -0.4029 0.8869 0.2260
vn -0.1259 0.9919 0.0164
vn -0.3123 0.9492 0.0388
vn -0.2652 0.8698 0.4161
vn -0.0913 0.8606 0.5011
vn -0.1480 0.8551 0.4969
vn 0.1122 0.6431 0.7575
vn 0.2771 0.5237 0.8056
vn 0.3380 0.7414 0.5797
vn 0.2322 0.8996 0.3698
vn -0.4693 0.8668 0.1686
vn -0.4210 0.9066 0.0296
vn -0.1086 0.9638 0.2434
vn -0.1823 0.8135 0.5522
vn -0.3084 0.7497 0.5856
vn -0.2801 0.8645 0.4173
vn 0.2863 0.7044 0.6495
vn 0.2056 0.7772 0.5948
vn 0.2475 0.7995 0.5473
vn 0.1245 0.9354 0.3310
vn 0.1161 0.9898 0.0829
vn -0.6378 0.7699 -0.0215
vn -0.4336 0.8998 0.0479
vn -0.1784 0.7699 0.6127
vn -0.1111 0.5593 0.8215
vn -0.3038 0.6589 0.6882
vn -0.4470 0.7625 0.4678
vn 0.0365 0.6444 0.7638
vn 0.2366 0.4513 0.8604
vn -0.1378 0.8493 0.5097
vn 0.0380 0.9912 0.1271
vn 0.0983 0.9943 0.0418
vn 0.0712 0.9943 0.0795
vn -0.8996 0.4297 0.0779
vn -0.7844 0.5936 0.1795
vn -0.1798 0.9185 0.3521
vn -0.0344 0.7889 0.6135
vn -0.1465 0.8715 0.4680
vn -0.1947 0.9419 0.2736
vn -0.2752 0.6774 0.6822
vn 0.3063 0.7904 0.5306
vn -0.0502 0.7764 0.6282
vn -0.2825 0.7364 0.6147
vn -0.2453 0.8643 0.4391
vn 0.0252 0.9702 0.2411
vn 0.1101 0.9690 0.2212
vn -0.7376 0.6575 0.1539
vn -0.9681 0.1470 0.2028
vn -0.7826 0.4481 0.4321
vn -0.3010 0.9082 0.2909
vn -0.1776 0.9669 0.1831
vn 0.0307 0.9416 0.3354
vn -0.1467 0.8000 0.5818
vn -0.0872 0.8533 0.5140
vn 0.1666 0.8784 0.4480
vn 0.0051 0.9344 0.3561
vn -0.3329 0.7718 0.5419
vn -0.2395 0.9008 0.3622
vn 0.0210 0.9663 0.2564
vn -0.5728 0.7737 0.2708
vn -0.7468 0.6144 0.2545
vn -0.8944 0.4060 0.1874
vn -0.6302 0.7187 0.2937
vn -0.3504 0.8317 0.4307
vn -0.2342 0.7795 0.5810
vn 0.0988 0.8206 0.5629
vn -0.0080 0.8776 0.4793
vn -0.0286 0.7201 0.6933
vn 0.1434 0.7207 0.6782
vn -0.1181 0.9366 0.3299
vn -0.2816 0.9251 0.2549
vn -0.1216 0.8137 0.5684
vn 0.0815 0.8705 0.4854
vn -0.1737 0.9666 0.1885
vn -0.1854 0.9232 0.3365
vn 0.0659 0.9160 0.3957
vn 0.2492 0.9429 0.2211
vn 0.4471 0.8424 0.3007
vn 0.4027 0.9151 0.0230
vn 0.3145 0.9346 -0.1661
vn 0.2196 0.9452 0.2416
vn -0.0169 0.7668 0.6417
vn -0.0821 0.7210 0.6880
vn -0.0293 0.8660 0.4993
vn -0.1479 0.9824 0.1144
vn -0.0360 0.9721 0.2318
vn 0.0657 0.9534 0.2945
vn -0.0708 0.9974 0.0104
vn -0.1539 0.8793 0.4507
vn 0.1325 0.9654 -0.2245
vn -0.1617 0.8510 0.4996
vn 0.0804 0.9933 0.0830
vn 0.2665 0.9564 -0.1192
vn -0.1622 0.8146 0.5569
vn 0.0181 0.8850 0.4652
vn 0.2231 0.9617 -0.1591
vn -0.0261 0.9965 0.0792
vn -0.0190 0.8597 0.5104
vn -0.1624 0.7288 0.6652
vn -0.0268 0.9864 0.1622
vn -0.0371 0.9975 -0.0607
vn -0.1071 0.9802 0.1667
vn -0.0873 0.9958 -0.0275
vn -0.2635 0.8852 0.3833
vn -0.1943 0.8895 0.4136
vn -0.0239 0.9997 0.0067
vn 0.0511 0.9977 0.0441
vn 0.3650 0.8886 0.2777
vn -0.0385 0.9991 -0.0158
vn -0.1779 0.9819 0.0655
vn -0.2342 0.8805 0.4122
vn -0.1250 0.9591 0.2541
vn 0.0779 0.9868 -0.1419
vn 0.4118 0.9111 -0.0194
vn 0.5065 0.8046 0.3099
vn -0.1725 0.9166 0.3608
vn -0.0051 0.9980 0.0628
vn -0.0083 0.9236 0.3833
vn -0.0541 0.8229 0.5656
vn 0.3467 0.8793 0.3265
vn 0.5195 0.8182 -0.2462
vn 0.3709 0.9207 -0.1214
vn 0.2613 0.9445 0.1991
vn -0.2683 0.7909 0.5499
vn -0.0407 0.9872 0.1539
vn 0.2061 0.9557 0.2101
vn 0.0773 0.8427 0.5328
vn 0.3369 0.6646 0.6670
vn 0.5763 0.7552 0.3124
vn 0.5889 0.7903 -0.1691
vn 0.6622 0.7099 0.2398
vn 0.7365 0.6218 0.2665
vn -0.4119 0.7901 0.4540
vn -0.0912 0.9280 0.3613
vn 0.1973 0.9771 0.0802
vn 0.2145 0.9687 0.1246
vn 0.4482 0.7190 0.5311
vn 0.4372 0.6385 0.6334
vn 0.5231 0.8370 0.1603
vn 0.7156 0.6821 -0.1509
vn 0.7439 0.6265 0.2325
vn 0.6541 0.7149 0.2473
vn -0.3424 0.8880 0.3070
vn -0.1189 0.9518 0.2829
vn 0.2204 0.9517 0.2139
vn 0.6494 0.7599 0.0291
vn 0.6837 0.5403 0.4905
vn 0.5084 0.6537 0.5606
vn 0.4103 0.6051 0.6823
vn 0.8733 0.4849 0.0478
vn 0.4995 0.8648 -0.0517
vn 0.2138 0.9714 0.1033
vn 0.2709 0.9419 -0.1988
vn -0.2367 0.8750 0.4224
vn 0.0488 0.7936 0.6064
vn 0.4422 0.8770 0.1881
vn 0.5729 0.7994 0.1809
vn 0.7125 0.6552 0.2509
vn 0.3173 0.8809 0.3513
vn 0.5555 0.6388 0.5323
vn 0.7888 0.2546 0.5595
vn 0.9501 0.2762 0.1451
vn 0.3568 0.7661 0.5346
vn 0.3318 0.9209 0.2045
vn 0.3237 0.8838 -0.3378
vn -0.0505 0.9005 0.4319
vn -0.0221 0.5697 0.8216
vn 0.3762 0.8540 0.3593
vn 0.5852 0.7576 0.2891
vn 0.2542 0.9544 0.1564
vn 0.1489 0.9882 -0.0357
vn 0.4596 0.8875 -0.0334
vn 0.7018 0.5749 0.4207
vn 0.7656 0.6038 0.2221
vn 0.6605 0.6333 0.4033
vn 0.1969 0.7654 0.6126
vn 0.2368 0.9677 0.0864
vn 0.3294 0.8426 -0.4261
vn 0.4819 0.7334 0.4794
vn 0.1557 0.4818 0.8623
vn 0.2927 0.5243 0.7996
vn 0.7660 0.5552 0.3242
vn 0.4307 0.7563 0.4924
vn 0.2380 0.8334 0.4987
vn 0.5002 0.8398 -0.2110
vn 0.6311 0.7691 -0.1010
vn 0.7078 0.6243 0.3307
vn 0.8387 0.4777 0.2617
vn 0.3982 0.5483 0.7354
vn 0.4110 0.5152 0.7521
vn 0.8043 0.5821 0.1192
vn 0.4420 0.8434 -0.3053
vn 0.5718 -0.0126 -0.8203
vn 0.5948 -0.5517 -0.5847
vn 0.7988 -0.0996 -0.5934
vn 0.8934 -0.3825 -0.2357
vn 0.8927 -0.2296 -0.3877
vn 0.9865 -0.0639 -0.1506
vn 0.6964 -0.7157 -0.0532
vn 0.9615 -0.0645 -0.2672
vn 0.9916 -0.1288 -0.0108
vn 0.8471 -0.0887 -0.5240
vn 0.8431 -0.4806 0.2412
vn 0.7828 0.3082 -0.5406
vn 0.7646 -0.6363 -0.1024
vn 0.5143 0.8508 -0.1074
vn 0.9711 0.1698 0.1676
vn 0.5227 0.8049 -0.2809
vn 0.8536 0.5091 0.1101
vn 0.5106 0.6175 -0.5983
vn 0.8381 0.0954 -0.5372
vn 0.4579 0.2209 -0.8611
vn 0.5138 0.2822 -0.8102
vn 0.2562 -0.5278 -0.8098
vn 0.3331 0.0198 -0.9427
vn 0.7585 -0.4178 -0.5002
vn 0.6870 -0.1238 -0.7160
vn 0.9827 0.0711 -0.1712
vn 0.9896 -0.0957 -0.1078
vn 0.8464 -0.4551 -0.2767
vn 0.8501 0.1725 -0.4977
vn 0.9319 0.0139 -0.3624
vn 0.8394 0.2858 -0.4623
vn 0.9117 -0.3741 -0.1702
vn 0.8501 0.0933 -0.5183
vn 0.9322 0.1732 -0.3177
vn 0.9325 0.1255 0.3386
vn 0.9182 0.3429 -0.1983
vn 0.9728 0.1472 -0.1789
vn 0.9688 -0.1350 -0.2080
vn 0.7260 -0.6832 0.0792
vn 0.9827 0.1825 -0.0323
vn 0.7253 0.6678 0.1671
vn 0.8006 0.5987 -0.0252
vn 0.9716 -0.1491 -0.1838
vn 0.8179 -0.4479 0.3611
vn 0.7890 -0.5923 -0.1634
vn 0.9524 -0.2996 -0.0557
vn 0.8258 0.4830 -0.2912
vn 0.8059 0.4041 -0.4326
vn 0.8400 -0.3530 -0.4120
vn 0.9141 0.3132 0.2575
vn 0.9289 0.2486 -0.2745
vn 0.7522 -0.1047 -0.6506
vn 0.5742 -0.2764 -0.7706
vn 0.5231 0.5517 -0.6496
vn 0.8648 0.1524 -0.4785
vn 0.5919 0.0203 -0.8058
vn 0.8306 -0.1408 -0.5388
vn 0.7265 -0.1571 -0.6690
vn 0.6896 0.5883 -0.4222
vn 0.9076 -0.0797 -0.4122
vn 0.6670 -0.2691 -0.6948
vn 0.7705 -0.0140 -0.6373
vn 0.5837 0.2301 -0.7787
vn 0.2922 0.6697 -0.6827
vn 0.5952 -0.0608 -0.8012
vn 0.8260 -0.1893 -0.5310
vn 0.9630 -0.1892 -0.1918
vn 0.7438 0.6211 -0.2471
vn 0.5473 0.3570 -0.7570
vn 0.1881 0.1012 -0.9769
vn 0.2905 -0.4116 -0.8638
vn 0.4956 -0.2033 -0.8444
vn 0.3871 0.5438 -0.7446
vn 0.5507 -0.5686 -0.6112
vn 0.9816 0.0181 -0.1902
vn 0.9320 -0.2728 -0.2386
vn 0.8180 -0.0084 -0.5751
vn 0.2273 0.6570 -0.7188
vn 0.4090 0.5533 -0.7257
vn 0.3395 0.6099 -0.7160
vn 0.4751 -0.2231 -0.8512
vn 0.3304 -0.5491 -0.7676
vn 0.3110 0.3457 -0.8853
vn 0.8669 -0.1492 -0.4756
vn 0.8098 -0.5798 -0.0899
vn 0.9164 0.1494 -0.3713
vn 0.8868 -0.1293 -0.4436
vn 0.5797 0.4884 -0.6523
vn 0.6277 0.5007 -0.5960
vn 0.5642 0.5678 -0.5994
vn 0.4337 0.4901 -0.7561
vn 0.4849 -0.3193 -0.8142
vn 0.4460 -0.6431 -0.6224
vn 0.8098 0.3613 -0.4623
vn 0.8433 0.4679 -0.2644
vn 0.7105 -0.6813 -0.1763
vn 0.7252 -0.5203 -0.4510
vn 0.8044 -0.2505 -0.5387
vn 0.6343 0.0580 -0.7709
vn 0.1856 0.6464 -0.7401
vn 0.2731 0.1025 -0.9565
vn 0.1585 0.5367 -0.8288
vn 0.3612 0.1524 -0.9199
vn 0.6113 -0.0442 -0.7901
vn 0.7132 -0.5102 -0.4807
vn 0.5521 0.2270 -0.8023
vn 0.7713 -0.0400 -0.6353
vn 0.6909 -0.1790 -0.7004
vn 0.6370 -0.6746 -0.3729
vn 0.6973 -0.0668 -0.7137
vn 0.3138 -0.3886 -0.8663
vn 0.0340 0.2716 -0.9618
vn 0.1226 0.0488 -0.9912
vn 0.1764 0.0326 -0.9838
vn 0.4176 0.1883 -0.8889
vn 0.6352 -0.0127 -0.7722
vn 0.4527 -0.6436 -0.6172
vn 0.2151 -0.5369 -0.8157
vn -0.0725 0.0223 -0.9971
vn 0.2369 -0.6320 -0.7379
vn 0.6258 -0.1539 -0.7646
vn 0.8088 -0.4361 -0.3944
vn 0.6967 -0.1993 -0.6891
vn 0.2063 0.2018 -0.9574
vn -0.0033 -0.0431 -0.9991
vn 0.0245 0.6555 -0.7548
vn 0.1687 -0.2577 -0.9514
vn 0.4401 0.0243 -0.8976
vn 0.5881 0.3407 -0.7336
vn 0.5429 0.1038 -0.8333
vn 0.5217 -0.2612 -0.8122
vn 0.0708 -0.3323 -0.9405
vn -0.0624 0.2857 -0.9563
vn 0.4030 0.3343 -0.8519
vn 0.2377 -0.2041 -0.9497
vn 0.3126 -0.0052 -0.9499
vn 0.4174 -0.1934 -0.8879
vn 0.1771 0.2684 -0.9469
vn 0.3924 -0.2282 -0.8910
vn 0.1995 0.2209 -0.9547
vn 0.3209 0.3679 -0.8727
vn 0.1986 0.0260 -0.9797
vn 0.2657 0.4158 -0.8698
vn 0.0884 0.3861 -0.9182
vn 0.1069 -0.3482 -0.9313
vn -0.0077 0.6312 -0.7756
vn 0.0196 -0.8597 -0.5104
vn -0.0101 -0.3675 -0.9300
vn 0.3926 -0.5435 -0.7419
vn -0.0164 -0.7348 -0.6781
vn 0.3713 -0.2978 -0.8795
vn -0.0868 0.0503 -0.9950
vn 0.2666 -0.2845 -0.9209
vn -0.1201 -0.0226 -0.9925
vn 0.0202 -0.2159 -0.9762
vn -0.0793 -0.0027 -0.9969
vn -0.1563 -0.4179 -0.8949
vn 0.0973 -0.5947 -0.7980
vn 0.1599 0.1467 -0.9762
vn 0.3444 -0.1896 -0.9195
vn 0.0311 -0.1754 -0.9840
vn -0.0178 0.0008 -0.9998
vn -0.0546 0.3801 -0.9233
vn 0.1496 -0.1469 -0.9778
vn -0.2532 0.6380 -0.7272
vn -0.2630 -0.2409 -0.9342
vn -0.0031 -0.1970 -0.9804
vn -0.3290 0.4157 -0.8479
vn -0.0761 0.3227 -0.9434
vn 0.2576 -0.3455 -0.9024
vn -0.0580 0.1500 -0.9870
vn -0.2531 0.5172 -0.8176
vn 0.1156 0.4255 -0.8975
vn 0.0078 -0.0653 -0.9978
vn -0.3551 -0.3509 -0.8665
vn -0.4613 -0.0304 -0.8867
vn -0.1988 0.4118 -0.8893
vn -0.1771 0.7414 -0.6473
vn -0.4926 0.4977 -0.7139
vn -0.4411 -0.1357 -0.8872
vn -0.2826 -0.1773 -0.9427
vn -0.6038 -0.0578 -0.7951
vn -0.5002 -0.4816 -0.7196
vn -0.6732 0.0367 -0.7386
vn -0.5795 0.4811 -0.6578
vn -0.1501 0.2649 -0.9525
vn -0.1194 0.0672 -0.9906
vn -0.6150 0.4743 -0.6300
vn -0.6736 0.0234 -0.7388
vn -0.4783 -0.1309 -0.8684
vn -0.4639 -0.0805 -0.8822
vn -0.4318 0.0505 -0.9005
vn -0.0902 0.0781 -0.9928
vn -0.0192 0.3176 -0.9480
vn -0.4753 0.7081 -0.5222
vn -0.6153 0.5709 -0.5435
vn -0.5062 -0.3216 -0.8002
vn -0.4037 0.1378 -0.9044
vn -0.3303 -0.1701 -0.9284
vn -0.2653 0.1044 -0.9585
vn 0.0068 0.1371 -0.9905
vn 0.0348 0.1223 -0.9919
vn -0.4081 0.4900 -0.7703
vn -0.3223 0.8948 -0.3089
vn -0.3268 0.3822 -0.8644
vn -0.2261 -0.0203 -0.9739
vn -0.1866 0.5987 -0.7790
vn -0.2854 0.2625 -0.9218
vn -0.0923 -0.2777 -0.9562
vn 0.2879 -0.1240 -0.9496
vn -0.0320 0.4578 -0.8885
vn -0.4172 0.3248 -0.8488
vn -0.1341 0.6708 -0.7295
vn 0.0928 0.8516 -0.5160
vn 0.1349 0.6856 -0.7153
vn -0.0806 0.5986 -0.7970
vn 0.0674 0.2042 -0.9766
vn -0.2405 0.5249 -0.8165
vn 0.0184 0.3383 -0.9408
vn 0.1621 -0.4396 -0.8834
vn -0.1383 0.1210 -0.9830
vn -0.1900 0.6975 -0.6909
vn 0.0077 0.3759 -0.9266
vn 0.0752 0.6681 -0.7403
vn 0.0394 0.6566 -0.7532
vn 0.0876 0.8265 -0.5560
vn 0.0957 0.8305 -0.5487
vn -0.0891 -0.1354 -0.9868
vn -0.3807 0.4178 -0.8249
vn -0.1430 0.3703 -0.9178
vn 0.1239 -0.0991 -0.9873
vn -0.0798 -0.2323 -0.9694
vn -0.3067 0.3616 -0.8804
vn -0.1562 0.2264 -0.9614
vn -0.4919 0.2129 -0.8442
vn -0.4834 0.3567 -0.7995
vn -0.4239 0.2075 -0.8816
vn -0.3633 0.5559 -0.7477
vn -0.4518 0.6757 -0.5825
vn -0.2284 0.0109 -0.9735
vn -0.3397 0.1102 -0.9341
vn -0.0943 0.2976 -0.9500
vn 0.1419 -0.0258 -0.9895
vn 0.0929 0.1857 -0.9782
vn -0.1583 0.4389 -0.8845
vn -0.2662 0.4565 -0.8490
vn -0.5593 0.2022 -0.8039
vn -0.6359 0.3338 -0.6958
vn -0.4464 -0.0747 -0.8917
vn -0.4734 0.3446 -0.8107
vn -0.7336 0.4253 -0.5300
vn -0.7757 0.5911 -0.2214
vn -0.4048 -0.2674 -0.8744
vn -0.3413 -0.0898 -0.9357
vn -0.1038 0.0570 -0.9930
vn 0.1286 -0.0736 -0.9890
vn 0.2688 0.0239 -0.9629
vn 0.0543 0.5365 -0.8422
vn -0.1348 0.7371 -0.6622
vn -0.2828 0.6667 -0.6895
vn -0.3573 0.6402 -0.6801
vn -0.3102 0.2085 -0.9275
vn -0.4637 0.1421 -0.8745
vn -0.4005 0.7971 -0.4519
vn -0.5081 0.7151 -0.4802
vn -0.3052 0.8341 -0.4594
vn -0.1518 0.9637 -0.2196
vn -0.2596 0.9613 -0.0918
vn -0.2922 0.9549 0.0533
vn -0.6607 0.5692 -0.4894
vn -0.3296 0.9390 0.0982
vn -0.8600 0.2598 -0.4392
vn -0.3483 0.9361 -0.0489
vn -0.7415 -0.0761 -0.6666
vn -0.5865 0.5602 -0.5850
vn -0.4881 0.4633 -0.7397
vn -0.6944 0.1581 -0.7020
vn -0.8244 0.1969 -0.5306
vn -0.6796 0.6373 -0.3632
vn -0.6227 -0.6770 -0.3923
vn -0.9045 0.2815 -0.3202
vn -0.5553 -0.1746 -0.8131
vn -0.9172 0.0532 -0.3949
vn -0.7088 -0.2915 -0.6424
vn -0.8888 0.3313 -0.3166
vn -0.2879 -0.9575 0.0183
vn -0.8948 -0.4170 0.1598
vn -0.4565 -0.8897 -0.0101
vn -0.4148 -0.8192 0.3960
vn -0.9125 -0.2241 -0.3422
vn -0.9383 -0.1184 0.3249
vn -0.7731 -0.5685 -0.2814
vn -0.9593 0.2778 0.0510
vn -0.8945 -0.2785 0.3498
vn -0.5515 0.8301 -0.0826
vn -0.2120 0.9761 -0.0480
vn -0.8543 0.4733 -0.2149
vn -0.1542 0.9614 -0.2280
vn -0.0777 0.9327 -0.3522
vn -0.2252 0.9282 -0.2961
vn -0.7777 0.3837 -0.4980
vn -0.2247 0.8841 -0.4097
vn -0.0693 0.9556 -0.2865
vn -0.1601 0.9399 -0.3016
vn -0.8998 0.1023 -0.4241
vn -0.6876 0.4630 -0.5593
vn -0.4509 0.7989 -0.3981
vn -0.1203 0.9895 -0.0795
vn -0.1515 0.9702 -0.1894
vn -0.9646 0.2185 -0.1475
vn -0.9012 -0.1639 -0.4012
vn -0.8796 0.4530 -0.1451
vn -0.5578 0.8123 0.1706
vn -0.2641 0.9641 0.0292
vn -0.2664 0.9635 -0.0255
vn -0.7537 0.6569 0.0201
vn -0.9943 0.0014 -0.1063
vn -0.9467 -0.2573 0.1940
vn -0.7846 0.3999 0.4738
vn -0.5180 0.8337 0.1912
vn -0.3086 0.9510 -0.0210
vn -0.5068 0.8620 -0.0106
vn -0.8692 0.4612 -0.1784
vn -0.7289 0.6757 -0.1096
vn -0.9940 0.1071 0.0209
vn -0.8907 0.3207 0.3222
vn -0.9066 0.2422 0.3455
vn -0.8795 0.4310 0.2016
vn -0.3909 0.8910 0.2309
vn -0.5995 0.7823 0.1691
vn -0.9076 -0.1881 0.3754
vn -0.9476 0.0401 0.3169
vn -0.9382 0.3402 -0.0636
vn -0.8662 0.4798 -0.1394
vn -0.6380 0.5541 0.5347
vn -0.6981 -0.2958 0.6520
vn -0.6357 0.1186 0.7627
vn -0.4449 0.5797 0.6826
vn -0.5126 0.5735 0.6390
vn -0.4623 -0.6137 0.6400
vn -0.5038 -0.7313 0.4598
vn -0.8096 -0.5869 0.0071
vn -0.9924 0.0891 0.0850
vn -0.5373 0.6471 0.5409
vn -0.5825 0.1703 0.7948
vn -0.7970 -0.0240 0.6035
vn -0.7424 0.1628 0.6499
vn -0.6581 0.3722 0.6545
vn -0.3529 0.7841 0.5106
vn -0.7788 -0.5077 0.3684
vn -0.8469 -0.5167 0.1254
vn -0.5002 -0.8645 -0.0492
vn -0.8251 -0.4601 0.3279
vn -0.5231 0.4907 0.6968
vn -0.6362 0.4995 0.5880
vn -0.9647 -0.0149 0.2630
vn -0.7824 0.5781 0.2314
vn -0.6893 0.4438 0.5727
vn -0.7023 0.3630 0.6124
vn -0.2576 0.8235 0.5055
vn -0.8677 -0.2207 0.4455
vn -0.8668 -0.4852 0.1149
vn -0.6784 -0.7301 0.0825
vn -0.5392 -0.8363 0.0996
vn -0.7676 -0.0148 0.6407
vn -0.3404 0.8915 0.2989
vn -0.8938 0.2662 0.3610
vn -0.9040 -0.0923 0.4175
vn -0.6221 0.4893 0.6112
vn -0.7900 0.5177 0.3284
vn -0.4480 0.7986 0.4019
vn -0.3994 0.8795 0.2588
vn -0.7111 0.3309 0.6204
vn -0.7093 -0.6011 0.3683
vn -0.6788 -0.7318 0.0608
vn -0.5159 -0.8517 -0.0920
vn -0.8153 -0.5458 0.1935
vn -0.8005 0.2132 0.5601
vn -0.4250 0.8074 0.4094
vn -0.7474 0.3286 0.5774
vn -0.9388 -0.1767 0.2956
vn -0.8418 0.5224 -0.1359
vn -0.6609 0.7312 -0.1686
vn -0.2608 0.9639 0.0542
vn -0.4333 0.9010 0.0200
vn -0.6451 0.0035 0.7641
vn -0.8841 -0.4102 0.2240
vn -0.7917 -0.5693 -0.2216
vn -0.6568 -0.6859 -0.3134
vn -0.9716 -0.0958 -0.2163
vn -0.8155 0.3134 0.4866
vn -0.6654 0.5574 0.4966
vn -0.4584 0.8677 0.1925
vn -0.9157 0.3873 -0.1068
vn -0.9902 0.0047 0.1396
vn -0.9578 0.0948 0.2713
vn -0.7967 0.4341 0.4205
vn -0.1663 0.9580 0.2337
vn -0.3839 0.8338 0.3967
vn -0.5321 0.2030 0.8220
vn -0.6927 0.4135 0.5910
vn -0.8179 0.2993 0.4914
vn -0.5904 0.8040 0.0708
vn -0.8178 0.5754 0.0100
vn -0.8449 0.2172 0.4888
vn -0.6251 0.5498 0.5541
vn -0.5410 0.7179 0.4381
vn -0.5828 0.2867 0.7604
vn -0.4754 0.8334 0.2817
vn -0.4434 0.8439 0.3019
vn -0.6582 -0.0057 0.7528
vn -0.3845 0.7383 0.5542
vn -0.3506 0.1600 0.9227
vn -0.2707 -0.1254 0.9545
vn -0.0883 0.4787 0.8735
vn -0.1679 0.0609 0.9839
vn -0.2839 0.6068 0.7424
vn -0.3594 0.5972 0.7170
vn -0.5042 -0.3745 0.7781
vn -0.5616 0.4260 0.7093
vn -0.3325 -0.7655 0.5509
vn -0.3949 -0.6603 0.6388
vn -0.4727 -0.5556 0.6840
vn -0.2299 -0.8400 0.4915
vn -0.3637 -0.4845 0.7956
vn -0.2591 -0.5865 0.7674
vn -0.2107 -0.6109 0.7632
vn -0.6888 0.7140 0.1255
vn -0.6520 0.7126 0.2591
vn -0.5918 0.7988 0.1080
vn -0.8074 0.0700 0.5858
vn -0.8276 0.5163 0.2204
vn -0.7099 0.7022 0.0542
vn -0.8600 0.2299 0.4556
vn -0.9528 -0.0153 0.3033
vn -0.8183 0.5058 0.2730
vn -0.4409 0.8436 0.3066
vn -0.6938 0.6372 0.3355
vn -0.9222 0.0470 0.3839
vn -0.7586 0.0707 0.6477
vn -0.4115 0.7158 0.5642
vn -0.2451 0.8484 0.4691
vn -0.4360 0.1486 0.8876
vn -0.5506 0.0537 0.8330
vn -0.3949 -0.1225 0.9105
vn -0.2112 -0.0147 0.9773
vn -0.0136 0.4277 0.9038
vn -0.0183 0.7506 0.6605
vn -0.1797 -0.1179 0.9766
vn -0.3474 -0.1435 0.9267
vn -0.2997 -0.1569 0.9410
vn 0.1549 0.1998 0.9675
vn 0.2299 -0.3948 0.8895
vn 0.0997 0.0135 0.9949
vn 0.0892 0.5107 0.8551
vn -0.5833 0.1952 0.7885
vn -0.6392 0.2599 0.7238
vn -0.4534 -0.0502 0.8899
vn 0.0163 0.4378 0.8989
vn -0.0423 0.2736 0.9609
vn -0.1687 -0.4252 0.8892
vn -0.0953 0.0603 0.9936
vn -0.0482 0.4370 0.8982
vn -0.6127 0.6206 0.4892
vn -0.5147 0.5602 0.6491
vn -0.2565 0.2684 0.9285
vn -0.0885 0.4538 0.8867
vn -0.0935 0.7718 0.6290
vn -0.4648 0.3672 0.8057
vn -0.4542 0.1651 0.8755
vn -0.1724 0.5782 0.7975
vn -0.0044 0.5217 0.8531
vn -0.3934 0.1041 0.9134
vn -0.1764 0.4131 0.8934
vn -0.2353 0.2987 0.9249
vn -0.2415 0.2552 0.9362
vn -0.1024 0.5027 0.8584
vn -0.1331 0.3984 0.9075
vn -0.2833 -0.0534 0.9575
vn -0.2733 0.3371 0.9009
vn -0.0845 0.7873 0.6107
vn -0.1532 0.7022 0.6953
vn -0.0168 -0.5172 0.8557
vn 0.1583 -0.1148 0.9807
vn 0.0858 0.1149 0.9897
vn 0.0115 0.2487 0.9685
vn 0.1645 0.2690 0.9490
vn 0.2234 0.3830 0.8963
vn 0.0854 -0.1955 0.9770
vn -0.2392 -0.4371 0.8670
vn -0.3026 0.3765 0.8756
vn -0.3446 0.7627 0.5473
vn -0.3793 0.7892 0.4830
vn -0.1273 -0.6588 0.7415
vn 0.1908 -0.1890 0.9633
vn 0.2431 -0.2988 0.9228
vn 0.1410 -0.1865 0.9723
vn -0.0408 0.2430 0.9692
vn -0.1097 0.5842 0.8041
vn -0.2047 0.3201 0.9250
vn -0.4683 -0.2356 0.8516
vn -0.3700 -0.2898 0.8826
vn -0.4799 0.2303 0.8466
vn -0.3600 0.7414 0.5663
vn -0.2753 0.7169 0.6405
vn -0.2003 -0.4308 0.8799
vn 0.1407 -0.2079 0.9680
vn 0.0148 0.1658 0.9861
vn -0.2501 -0.2997 0.9207
vn -0.3349 -0.0708 0.9396
vn -0.1732 0.2123 0.9617
vn -0.0429 0.4031 0.9142
vn -0.3935 0.3550 0.8480
vn -0.4049 0.0586 0.9125
vn -0.3346 -0.3171 0.8874
vn -0.0323 0.1716 0.9846
vn 0.0666 0.6347 0.7699
vn -0.0534 0.6388 0.7676
vn -0.2925 -0.2575 0.9210
vn 0.0434 -0.3039 0.9517
vn -0.1298 -0.0403 0.9907
vn -0.1671 -0.1124 0.9795
vn -0.0009 -0.4112 0.9115
vn 0.3069 -0.1731 0.9358
vn 0.3711 -0.3288 0.8684
vn -0.0372 -0.4026 0.9146
vn -0.0525 -0.1643 0.9850
vn 0.0347 -0.3361 0.9412
vn 0.1742 -0.5244 0.8335
vn 0.3563 -0.1888 0.9151
vn 0.2772 0.0216 0.9606
vn 0.4127 0.3420 0.8442
vn 0.3176 0.1424 0.9375
vn 0.4329 -0.5698 0.6985
vn 0.6290 0.1776 0.7569
vn 0.5438 -0.6371 0.5463
vn 0.7422 -0.4635 0.4840
vn 0.8109 -0.1623 0.5622
vn 0.6416 -0.5144 0.5690
vn 0.7943 0.4657 0.3902
vn 0.6329 -0.3581 0.6865
vn 0.1941 0.8816 0.4302
vn 0.2633 0.3807 0.8864
vn 0.0369 0.7986 0.6007
vn 0.0888 0.7811 0.6181
vn 0.3839 0.7771 0.4986
vn 0.4168 0.7277 0.5447
vn 0.7500 0.1329 0.6479
vn 0.5274 0.5531 0.6450
vn 0.6704 -0.1668 0.7230
vn 0.5101 0.4120 0.7551
vn 0.4700 0.0700 0.8799
vn 0.2538 0.2742 0.9276
vn 0.2267 -0.5651 0.7933
vn 0.2290 -0.3159 0.9207
vn 0.1262 -0.8833 0.4515
vn 0.3998 -0.6075 0.6864
vn 0.1873 -0.9010 0.3912
vn 0.6594 -0.4426 0.6077
vn 0.1270 -0.8874 0.4431
vn 0.6984 -0.1811 0.6924
vn 0.3216 -0.5131 0.7958
vn 0.1847 -0.1135 0.9762
vn 0.1722 -0.6286 0.7585
vn 0.3144 -0.4474 0.8373
vn 0.6630 0.0382 0.7476
vn 0.0414 -0.4426 0.8957
vn 0.3000 -0.5905 0.7492
vn 0.6434 -0.0400 0.7645
vn 0.7267 0.5204 0.4485
vn 0.0300 0.5570 0.8300
vn 0.2351 -0.2924 0.9270
vn 0.2686 -0.2967 0.9164
vn 0.1848 0.5177 0.8354
vn 0.2063 0.6537 0.7281
vn 0.2967 0.7650 0.5717
vn 0.2439 0.1833 0.9523
vn 0.0752 -0.2085 0.9751
vn 0.3016 0.0685 0.9510
vn 0.3583 0.6394 0.6803
vn 0.4645 0.8426 0.2726
vn 0.3143 0.5751 0.7553
vn 0.1680 0.4657 0.8688
vn 0.1634 0.0236 0.9863
vn 0.5120 -0.2168 0.8312
vn 0.7231 0.1948 0.6627
vn 0.6600 0.7492 0.0552
vn 0.6999 0.6306 -0.3354
vn 0.4221 0.4285 0.7989
vn 0.2175 0.4695 0.8557
vn 0.1535 0.4114 0.8984
vn 0.5077 0.3703 0.7779
vn 0.8255 -0.0733 0.5596
vn 0.9452 0.3246 0.0339
vn 0.6458 0.7380 -0.1958
vn 0.7563 0.6438 0.1164
vn 0.3938 0.3939 0.8305
vn 0.3096 0.1914 0.9314
vn 0.3323 -0.1116 0.9365
vn 0.3239 0.4994 0.8036
vn 0.4800 0.7974 0.3657
vn 0.7914 0.6023 -0.1049
vn 0.6860 0.7230 -0.0816
vn 0.5138 0.8520 0.1003
vn 0.8163 0.5321 0.2247
vn 0.5795 0.1239 0.8055
vn 0.4200 0.6636 0.6191
vn 0.5186 0.0630 0.8527
vn 0.5152 -0.3841 0.7662
vn 0.8262 0.2467 0.5065
vn 0.3240 0.9460 -0.0077
vn 0.7927 0.6095 0.0142
vn 0.9225 0.3786 0.0756
vn 0.6131 0.7885 0.0495
vn 0.7516 0.4497 0.4826
vn 0.6505 -0.6137 0.4474
vn 0.7594 0.1174 0.6399
vn 0.6839 0.3154 0.6579
vn 0.8492 -0.0595 0.5247
vn 0.8747 -0.3401 0.3454
vn 0.8458 0.5307 0.0547
vn 0.3318 0.9404 -0.0748
vn 0.7543 0.6282 0.1908
vn 0.6318 0.6515 0.4200
vn 0.3358 0.6617 0.6703
vn 0.2861 0.3247 0.9015
vn 0.9070 -0.3215 0.2721
vn 0.6766 -0.6517 0.3427
vn 0.9527 -0.1386 0.2705
vn 0.9888 -0.0538 0.1390
vn 0.8631 -0.4009 0.3072
vn 0.9759 0.0535 0.2115
vn 0.5018 0.8587 -0.1038
vn 0.4920 0.8260 0.2751
vn 0.6513 0.2836 0.7038
vn 0.6715 0.6207 0.4047
vn 0.7196 0.4510 0.5280
vn 0.7300 0.1553 0.6656
vn 0.9160 -0.0372 0.3994
vn 0.8415 -0.3372 0.4222
vn 0.7184 -0.5572 0.4165
vn 0.9787 -0.0357 0.2024
vn 0.9216 -0.2335 0.3101
vn 0.8824 -0.4484 0.1425
vn 0.9595 0.1875 -0.2101
vn 0.6488 0.6952 -0.3094
vn 0.9926 -0.1081 -0.0555
vn 0.9965 -0.0301 0.0786
vn 0.9735 0.2048 -0.1022
vn 0.9353 -0.2897 0.2033
vn 0.9963 0.0655 0.0557
vn 0.8432 -0.4911 0.2186
vn 0.8470 -0.4291 0.3139
vn 0.7720 -0.4193 0.4777
vn 0.9950 -0.0453 0.0894
vn 0.9643 -0.2640 0.0204
vn 0.9347 -0.3280 -0.1369
vn 0.8354 -0.2434 -0.4928
vn 0.8000 0.1210 -0.5876
vn 0.8832 0.0651 -0.4644
vn 0.8013 -0.5979 -0.0218
vn 0.9915 0.0969 -0.0865
vn 0.9811 0.1452 -0.1283
vn 0.7668 -0.6400 0.0500
vn 0.9882 0.1199 -0.0949
vn 0.2728 -0.1170 -0.9549
vn 0.3050 -0.3257 -0.8949
vn 0.4295 0.1343 -0.8930
vn 0.4334 0.1108 -0.8944
vn 0.4864 -0.2694 -0.8312
vn 0.0309 -0.7360 -0.6762
vn -0.1665 0.0324 -0.9855
vn -0.0930 -0.0315 -0.9952
vn -0.1539 -0.2802 -0.9475
vn -0.0054 -0.1475 -0.9890
vn 0.4539 -0.4685 -0.7579
vn 0.8891 -0.1709 -0.4245
vn 0.4412 -0.8724 -0.2102
vn 0.3476 -0.1867 -0.9189
vn 0.2607 -0.2885 -0.9213
vn 0.3557 -0.1591 -0.9209
vn 0.3141 0.0827 -0.9458
vn 0.2582 -0.3239 -0.9102
vn 0.3762 -0.0515 -0.9251
vn 0.5081 0.3362 -0.7930
vn 0.0973 -0.6566 -0.7479
vn 0.4016 -0.6179 -0.6760
vn 0.7074 -0.0862 -0.7016
vn 0.3014 0.5585 -0.7728
vn 0.1275 -0.8260 -0.5491
vn 0.6480 -0.4211 -0.6347
vn 0.7720 0.0810 -0.6305
vn 0.6264 0.1498 -0.7650
vn 0.0780 -0.2415 -0.9673
vn 0.0060 -0.3017 -0.9534
vn 0.7335 -0.1580 -0.6611
vn 0.7730 0.4275 -0.4689
vn 0.7546 0.0003 -0.6562
vn 0.0891 -0.4541 -0.8865
vn -0.1437 -0.7768 -0.6131
vn -0.2244 -0.1459 -0.9635
vn 0.2887 -0.2317 -0.9290
vn 0.9009 -0.2055 -0.3824
vn 0.6834 -0.3829 -0.6216
vn 0.3231 -0.6224 -0.7129
vn -0.3348 -0.6325 -0.6984
vn -0.0959 -0.7743 -0.6255
vn -0.1581 -0.2011 -0.9667
vn -0.1746 -0.1932 -0.9655
vn 0.4718 -0.4377 -0.7654
vn 0.4323 -0.8596 -0.2724
vn 0.2711 -0.9150 -0.2986
vn -0.0343 -0.7006 -0.7128
vn -0.2461 -0.6413 -0.7268
vn 0.3225 -0.4294 -0.8436
vn -0.1679 0.3122 -0.9350
vn -0.1588 0.2701 -0.9496
vn -0.0045 0.0821 -0.9966
vn 0.3795 -0.4192 -0.8248
vn 0.1909 -0.8250 -0.5318
vn 0.4422 -0.8255 -0.3507
vn 0.0701 -0.5913 -0.8034
vn 0.2056 0.0861 -0.9748
vn 0.4469 0.1233 -0.8861
vn 0.0241 0.1518 -0.9881
vn -0.1028 0.3915 -0.9144
vn -0.1464 0.4176 -0.8968
vn 0.1144 0.4840 -0.8676
vn 0.0207 0.0706 -0.9973
vn 0.5439 -0.1514 -0.8254
vn 0.5577 -0.1185 -0.8215
vn 0.3884 0.1763 -0.9045
vn 0.2796 0.1552 -0.9475
vn 0.1805 0.2353 -0.9550
vn 0.3267 -0.1235 -0.9370
vn 0.2410 0.0994 -0.9654
vn -0.2596 0.2066 -0.9434
vn 0.0456 0.3930 -0.9184
vn 0.0015 0.4137 -0.9104
vn 0.1723 0.5735 -0.8009
vn 0.4152 0.3841 -0.8247
vn 0.3513 -0.4061 -0.8436
vn 0.5829 -0.3570 -0.7299
vn -0.0350 -0.3687 -0.9289
vn 0.0462 -0.4553 -0.8891
vn 0.6563 -0.5886 -0.4721
vn 0.4206 -0.2928 -0.8587
vn 0.0617 -0.1475 -0.9871
vn -0.0913 0.0598 -0.9940
vn -0.0822 -0.1697 -0.9821
vn 0.2628 -0.2216 -0.9391
vn 0.3072 -0.1016 -0.9462
vn 0.0568 -0.2971 -0.9532
vn 0.1663 -0.7443 -0.6468
vn 0.1749 -0.6574 -0.7329
vn 0.1446 -0.6384 -0.7560
vn 0.0389 -0.1596 -0.9864
vn 0.7004 -0.4240 -0.5741
vn 0.5112 -0.7713 -0.3793
vn 0.3514 -0.6169 -0.7042
vn -0.2054 -0.5302 -0.8226
vn -0.0523 -0.3188 -0.9464
vn 0.1509 -0.3085 -0.9392
vn 0.6048 -0.2156 -0.7667
vn -0.1092 -0.1678 -0.9798
vn 0.0165 -0.1803 -0.9835
vn 0.2820 -0.3274 -0.9018
vn 0.3105 -0.5215 -0.7948
vn 0.4843 -0.0148 -0.8748
vn 0.0027 0.1714 -0.9852
vn 0.2394 0.3788 -0.8940
vn 0.7013 -0.0225 -0.7126
vn 0.4989 -0.3643 -0.7863
vn -0.0329 -0.4661 -0.8841
vn -0.0151 -0.4993 -0.8663
vn -0.0789 -0.1569 -0.9845
vn 0.3776 -0.1086 -0.9196
vn 0.3278 -0.3083 -0.8930
vn 0.0443 0.0616 -0.9971
vn 0.1445 0.4512 -0.8806
vn 0.3113 0.4634 -0.8297
vn 0.4440 0.1481 -0.8837
vn 0.1106 0.0024 -0.9939
vn -0.0651 -0.1877 -0.9801
vn -0.1163 0.8336 -0.5400
vn -0.1601 0.6912 -0.7047
vn -0.5240 0.1536 -0.8377
vn -0.6146 -0.2927 -0.7325
vn -0.4155 0.6198 -0.6657
vn -0.2918 0.7116 -0.6391
vn -0.3109 0.7294 -0.6093
vn -0.4060 0.6075 -0.6827
vn -0.2543 -0.0641 -0.9650
vn 0.0732 -0.4486 -0.8908
vn 0.1161 -0.2960 -0.9481
vn -0.0337 -0.0963 -0.9948
vn -0.1488 -0.3779 -0.9138
vn -0.4302 -0.4288 -0.7944
vn -0.5491 0.4554 -0.7007
vn -0.4255 0.0487 -0.9037
vn -0.6683 0.0529 -0.7420
vn -0.3389 -0.1410 -0.9302
vn -0.6336 0.0662 -0.7708
vn -0.7560 -0.1288 -0.6418
vn -0.5425 0.3623 -0.7579
vn -0.5360 0.1040 -0.8378
vn -0.6622 -0.0902 -0.7438
vn -0.7749 0.1751 -0.6074
vn -0.3815 0.7955 -0.4707
vn -0.7017 0.4051 -0.5860
vn -0.6486 -0.2539 -0.7175
vn -0.5455 0.2653 -0.7950
vn -0.4614 0.4857 -0.7424
vn -0.5290 0.4421 -0.7244
vn -0.8902 0.1107 -0.4420
vn -0.7844 0.1423 -0.6037
vn -0.4754 0.2831 -0.8330
vn -0.6161 0.3218 -0.7189
vn -0.7517 -0.3347 -0.5683
vn -0.5861 0.4673 -0.6620
vn -0.8106 0.1393 -0.5687
vn -0.8177 0.2883 -0.4982
vn -0.3514 0.6681 -0.6559
vn -0.7956 0.3157 -0.5170
vn -0.8734 -0.3471 -0.3416
vn -0.8782 -0.3062 -0.3674
vn -0.7039 -0.2171 -0.6763
vn -0.5393 0.2354 -0.8086
vn -0.6492 0.6262 -0.4319
vn -0.5612 0.3302 -0.7590
vn -0.7631 -0.2637 -0.5900
vn -0.7857 -0.5863 -0.1971
vn -0.9004 -0.2409 -0.3623
vn -0.7206 -0.1287 -0.6813
vn -0.3808 -0.7706 -0.5110
vn -0.2985 -0.5336 -0.7913
vn -0.6014 0.0280 -0.7985
vn -0.8657 0.0643 -0.4965
vn -0.6945 -0.6108 -0.3802
vn -0.5389 -0.8384 -0.0820
vn -0.5207 -0.7427 -0.4210
vn -0.7200 -0.5643 -0.4040
vn -0.4515 -0.8537 -0.2593
vn -0.2061 -0.6162 -0.7601
vn -0.4821 -0.7067 -0.5178
vn -0.0265 -0.5932 -0.8046
vn -0.6392 -0.6487 -0.4131
vn -0.7051 -0.6811 -0.1976
vn -0.6579 -0.7523 0.0339
vn -0.6053 -0.5629 -0.5628
vn -0.6566 -0.5655 -0.4991
vn -0.6714 -0.7408 -0.0202
vn -0.4742 -0.8690 0.1411
vn -0.1597 -0.2384 -0.9579
vn -0.5874 -0.5071 -0.6307
vn -0.3736 -0.7895 -0.4870
vn -0.0993 -0.8657 -0.4906
vn -0.4971 -0.7363 -0.4592
vn -0.9166 -0.3860 -0.1042
vn -0.8275 -0.5356 -0.1683
vn -0.5487 -0.4741 -0.6886
vn -0.7160 -0.6972 -0.0365
vn -0.5848 -0.7721 0.2487
vn -0.7323 -0.5917 -0.3371
vn -0.1133 -0.3527 -0.9289
vn -0.3169 -0.4901 -0.8120
vn -0.8084 -0.3612 -0.4647
vn -0.3888 -0.2797 -0.8778
vn -0.3068 -0.3743 -0.8751
vn -0.8226 -0.1554 -0.5470
vn -0.9927 -0.1075 0.0553
vn -0.5841 -0.8117 0.0060
vn -0.3707 -0.9242 -0.0920
vn -0.3432 -0.9213 0.1830
vn -0.5200 -0.8355 -0.1777
vn -0.7051 -0.4617 -0.5382
vn -0.0126 -0.4054 -0.9140
vn -0.1352 -0.3949 -0.9087
vn -0.5881 -0.1063 -0.8018
vn -0.6813 0.1759 -0.7106
vn -0.4001 -0.3631 -0.8415
vn -0.3848 -0.6271 -0.6773
vn -0.7137 -0.6966 -0.0733
vn -0.7397 -0.5954 0.3137
vn -0.5341 -0.8220 0.1976
vn -0.2094 -0.9778 -0.0061
vn -0.3749 -0.9028 -0.2109
vn -0.3119 -0.9224 -0.2281
vn -0.2997 -0.9199 -0.2530
vn -0.4844 -0.3700 -0.7927
vn -0.0210 -0.3532 -0.9353
vn -0.1582 -0.3768 -0.9127
vn -0.6041 -0.5431 -0.5832
vn -0.4925 -0.7292 -0.4750
vn -0.1869 -0.9666 -0.1757
vn -0.1617 -0.9849 -0.0614
vn -0.3490 -0.9371 0.0084
vn -0.7171 -0.5639 0.4098
vn -0.5612 -0.8162 0.1373
vn -0.3314 -0.9307 -0.1550
vn -0.3738 -0.9191 -0.1250
vn -0.6226 -0.7509 -0.2203
vn -0.3592 -0.8496 -0.3862
vn -0.2570 0.7209 0.6436
vn -0.2285 0.5495 0.8036
vn -0.5166 -0.2663 0.8138
vn -0.6913 -0.1895 0.6973
vn -0.8052 0.4369 0.4010
vn -0.6879 0.7111 0.1451
vn -0.8026 0.2576 0.5380
vn -0.7056 0.3981 0.5863
vn -0.8619 0.0224 0.5065
vn -0.7211 -0.6924 -0.0226
vn -0.5757 -0.8116 -0.0995
vn -0.6267 -0.7779 -0.0460
vn -0.7339 -0.5332 0.4208
vn -0.5134 -0.4599 0.7245
vn -0.3602 0.5757 0.7341
vn -0.4934 0.0118 0.8697
vn -0.7526 0.2557 0.6068
vn -0.5012 -0.0669 0.8628
vn -0.6613 0.4288 0.6155
vn -0.8727 0.4030 0.2758
vn -0.4446 0.5287 0.7230
vn -0.6524 0.2761 0.7058
vn -0.8392 0.4914 0.2330
vn -0.6380 0.7567 0.1431
vn -0.7578 0.2337 0.6092
vn -0.3784 0.6246 0.6831
vn -0.7809 0.4820 0.3974
vn -0.7576 0.6427 0.1138
vn -0.8010 0.2015 0.5637
vn -0.7148 -0.4893 0.4997
vn -0.4541 -0.5541 0.6977
vn -0.7889 -0.1107 0.6044
vn -0.9583 -0.0439 0.2824
vn -0.7946 -0.3009 0.5274
vn -0.8355 -0.3467 0.4263
vn -0.4588 -0.3501 0.8167
vn -0.3575 -0.6879 0.6316
vn -0.2660 -0.8679 0.4196
vn -0.4827 -0.8738 0.0597
vn -0.4969 -0.8356 0.2341
vn -0.9332 -0.3058 0.1887
vn -0.5720 0.5520 0.6067
vn -0.5784 -0.0101 0.8157
vn -0.3705 -0.0853 0.9249
vn -0.2112 -0.4267 0.8794
vn -0.8086 -0.3395 0.4805
vn -0.7454 -0.6652 0.0430
vn -0.9578 -0.2674 0.1050
vn -0.9464 -0.0359 0.3209
vn -0.3154 0.2456 0.9166
vn -0.4203 -0.8105 0.4080
vn -0.4585 -0.4475 0.7678
vn -0.2783 -0.3833 0.8807
vn -0.4418 -0.0223 0.8968
vn -0.9996 0.0193 0.0229
vn -0.9929 0.0748 0.0923
vn -0.9724 -0.2236 -0.0670
vn -0.6273 -0.5416 0.5595
vn -0.3576 -0.1859 0.9152
vn -0.3072 -0.9375 0.1633
vn -0.3604 -0.8880 0.2858
vn -0.3022 -0.5830 0.7542
vn -0.5144 -0.4016 0.7577
vn -0.8631 0.1979 0.4646
vn -0.8969 0.4421 -0.0068
vn -0.9398 0.3309 0.0858
vn -0.8953 -0.1148 0.4304
vn -0.2972 -0.7114 0.6369
vn -0.0806 -0.8365 0.5420
vn -0.4661 -0.8607 0.2048
vn -0.7967 -0.5768 0.1804
vn -0.7590 -0.3130 0.5709
vn -0.6369 -0.1817 0.7492
vn -0.9023 0.1330 0.4102
vn -0.9559 0.2529 0.1491
vn -0.9980 -0.0462 -0.0429
vn -0.8870 -0.0608 0.4578
vn -0.5021 -0.2362 0.8320
vn 0.0356 -0.5957 0.8024
vn -0.4002 -0.6895 0.6037
vn -0.7427 -0.6450 0.1801
vn -0.8855 -0.4367 0.1585
vn -0.9364 -0.3415 0.0806
vn -0.6948 -0.1762 0.6973
vn -0.8221 0.1736 0.5423
vn -0.8468 -0.3670 0.3849
vn -0.7112 -0.6999 -0.0664
vn -0.6403 -0.7671 0.0400
vn -0.4618 -0.7806 0.4212
vn 0.0128 -0.4696 0.8828
vn -0.2164 -0.6163 0.7572
vn -0.5272 -0.6312 0.5689
vn -0.6212 -0.6872 0.3766
vn -0.7004 -0.7127 -0.0378
vn -0.7708 -0.6371 0.0045
vn -0.7761 -0.6078 0.1682
vn -0.7059 -0.2545 0.6611
vn -0.5930 -0.2872 0.7522
vn -0.3152 -0.8892 0.3317
vn -0.3634 -0.9289 -0.0715
vn -0.2931 -0.9561 -0.0075
vn -0.1910 -0.9292 0.3165
vn 0.1584 -0.6598 0.7346
vn -0.2547 -0.8885 0.3817
vn -0.4331 -0.8033 0.4089
vn -0.6611 -0.4529 0.5982
vn -0.8171 -0.4675 0.3372
vn -0.7314 -0.6819 0.0005
vn -0.4450 -0.8942 -0.0480
vn -0.4882 -0.8718 0.0404
vn -0.4655 -0.7098 0.5287
vn -0.1498 -0.6927 0.7055
vn -0.5070 -0.8221 0.2589
vn -0.6206 -0.7837 0.0254
vn -0.5945 -0.7829 0.1834
vn -0.1959 -0.8046 0.5606
vn -0.2877 -0.3355 0.8970
vn -0.7230 -0.3576 0.5911
vn -0.5883 -0.5460 0.5965
vn 0.3926 -0.3528 0.8494
vn 0.6216 -0.2434 0.7446
vn 0.5503 -0.3518 0.7572
vn 0.3635 -0.6968 0.6183
vn 0.3829 -0.3015 0.8732
vn 0.2349 -0.5877 0.7742
vn 0.2340 -0.7018 0.6728
vn 0.4603 -0.1533 0.8744
vn 0.3826 -0.4062 0.8298
vn 0.3129 -0.4079 0.8577
vn 0.1421 0.0419 0.9890
vn -0.2248 0.0990 0.9694
vn -0.1879 0.2036 0.9609
vn -0.3596 -0.1282 0.9242
vn 0.3846 -0.4673 0.7961
vn 0.4392 -0.6052 0.6639
vn 0.5211 -0.1566 0.8390
vn 0.3908 -0.4947 0.7762
vn 0.3954 -0.1209 0.9105
vn 0.4389 0.4704 0.7656
vn 0.5988 -0.1125 0.7929
vn 0.1070 0.1286 0.9859
vn 0.2610 0.3402 0.9034
vn 0.5315 0.4889 0.6917
vn 0.4487 -0.2330 0.8628
vn 0.1571 0.0858 0.9839
vn 0.1445 0.3527 0.9245
vn 0.2596 0.4156 0.8717
vn 0.3003 0.7487 0.5911
vn 0.1443 -0.7923 0.5929
vn 0.0856 -0.5874 0.8048
vn -0.1020 -0.0966 0.9901
vn 0.2802 -0.1025 0.9545
vn -0.0327 0.2640 0.9640
vn -0.0434 0.6028 0.7967
vn 0.3913 -0.2806 0.8765
vn -0.0251 -0.1746 0.9843
vn -0.0162 -0.1878 0.9821
vn 0.1141 -0.4576 0.8818
vn 0.1818 -0.5853 0.7902
vn -0.2240 -0.3028 0.9264
vn 0.2522 -0.0348 0.9670
vn 0.3775 0.1020 0.9204
vn 0.2408 0.1823 0.9533
vn -0.0295 0.0120 0.9995
vn 0.1843 -0.2753 0.9435
vn 0.2591 -0.5102 0.8201
vn 0.0969 -0.4814 0.8711
vn -0.1465 -0.6189 0.7717
vn 0.2712 -0.5780 0.7696
vn 0.1057 -0.1759 0.9787
vn 0.3021 0.3615 0.8821
vn 0.0965 0.0865 0.9916
vn 0.2409 -0.2376 0.9410
vn 0.1931 -0.2032 0.9599
vn 0.3381 -0.2918 0.8947
vn -0.0124 -0.6041 0.7968
vn -0.1266 -0.7258 0.6762
vn 0.3551 -0.1868 0.9160
vn 0.1176 0.2841 0.9515
vn 0.0371 0.5669 0.8229
vn 0.2380 0.6514 0.7205
vn 0.3318 0.2868 0.8987
vn 0.3570 -0.5100 0.7826
vn 0.1115 -0.3777 0.9192
vn 0.3871 -0.3288 0.8614
vn 0.1072 -0.7682 0.6312
vn -0.1285 -0.8193 0.5588
vn 0.3759 -0.4777 0.7941
vn -0.0689 0.5519 0.8311
vn -0.0252 0.6104 0.7917
vn 0.2332 0.4992 0.8345
vn 0.4010 0.2355 0.8853
vn 0.6334 0.1526 0.7587
vn 0.2844 -0.1908 0.9395
vn 0.3646 -0.4944 0.7891
vn 0.4276 -0.7377 0.5225
vn 0.1128 -0.9547 0.2753
vn -0.1111 -0.9559 0.2718
vn -0.0094 -0.9139 0.4058
vn -0.2753 0.5277 0.8036
vn -0.1333 0.5173 0.8453
vn 0.3374 0.2191 0.9155
vn 0.3681 -0.1968 0.9087
vn 0.6225 -0.1827 0.7610
vn 0.4767 0.4609 0.7485
vn 0.5189 0.0969 0.8493
vn 0.7119 -0.6247 0.3209
vn 0.4546 -0.8340 0.3126
vn 0.1922 -0.8007 0.5673
vn -0.2450 -0.7004 0.6704
vn 0.0775 -0.7981 0.5975
vn -0.5073 -0.2657 0.8198
vn -0.3900 -0.2406 0.8888
vn 0.1509 -0.3746 0.9148
vn 0.4976 -0.6059 0.6207
vn 0.2820 -0.6228 0.7298
vn 0.5683 -0.3048 0.7643
vn 0.5248 -0.2335 0.8186
vn 0.8582 -0.2916 0.4224
vn 0.7911 -0.4355 0.4296
vn 0.4888 -0.5570 0.6714
vn -0.0214 -0.4554 0.8900
vn -0.2072 -0.6882 0.6953
vn 0.3032 -0.8531 0.4246
vn -0.1166 -0.9570 0.2656
vn -0.5145 -0.7865 0.3417
vn -0.1147 -0.9466 0.3014
vn 0.2030 -0.9566 0.2093
vn 0.1123 -0.8424 0.5269
vn 0.3247 -0.7043 0.6313
vn 0.3448 -0.7606 0.5500
vn 0.6257 -0.6805 0.3813
vn 0.7941 -0.4724 0.3824
vn 0.6784 -0.1041 0.7273
vn 0.2939 -0.0693 0.9533
vn -0.0207 -0.2991 0.9540
vn 0.0568 -0.9098 0.4110
vn 0.2458 -0.8787 0.4093
vn 0.7462 -0.5019 -0.4373
vn 0.7742 -0.4907 -0.3998
vn 0.8753 0.1124 -0.4704
vn 0.7738 -0.6176 -0.1405
vn 0.9162 -0.3972 -0.0527
vn 0.8913 0.2120 -0.4008
vn 0.8716 0.1145 -0.4766
vn 0.8943 -0.2355 -0.3805
vn 0.9775 -0.0739 -0.1978
vn 0.9698 -0.1986 -0.1417
vn 0.9191 -0.3753 -0.1200
vn 0.5918 -0.7402 0.3192
vn 0.6046 -0.7949 0.0508
vn 0.4221 -0.9044 -0.0623
vn 0.5061 -0.5958 -0.6236
vn 0.5899 -0.3861 -0.7092
vn 0.7965 -0.0621 -0.6014
vn 0.6364 -0.2801 -0.7188
vn 0.7207 0.1942 -0.6655
vn 0.8912 0.2168 -0.3984
vn 0.9388 -0.2083 -0.2744
vn 0.6292 0.5336 -0.5652
vn 0.5027 0.7636 -0.4053
vn 0.8125 0.4055 -0.4188
vn 0.9343 0.2938 0.2021
vn 0.5673 0.8177 -0.0977
vn 0.5333 0.7126 -0.4558
vn 0.4766 0.7857 -0.3944
vn 0.3713 0.8089 -0.4558
vn 0.8202 0.5701 0.0472
vn 0.7033 0.5429 0.4590
vn 0.6337 0.6172 -0.4663
vn 0.6704 0.5534 -0.4942
vn 0.6127 0.6243 -0.4846
vn 0.3997 0.7868 -0.4703
vn 0.9013 0.4311 -0.0421
vn 0.7746 0.4180 0.4746
vn 0.8923 0.4503 0.0324
vn 0.6147 0.5789 -0.5358
vn 0.5616 0.7766 -0.2853
vn 0.6141 0.6739 -0.4108
vn 0.4397 0.8908 -0.1147
vn 0.9888 0.1484 -0.0160
vn 0.8983 0.2062 0.3879
vn 0.8578 0.2108 0.4687
vn 0.8933 0.2387 -0.3808
vn 0.7431 0.6257 -0.2372
vn 0.6750 0.6778 -0.2915
vn 0.5918 0.7881 -0.1690
vn 0.6757 0.6439 -0.3588
vn 0.9912 -0.1325 0.0062
vn 0.9153 -0.3653 0.1696
vn 0.7134 -0.6092 0.3463
vn 0.8869 -0.4489 0.1092
vn 0.7978 -0.4385 -0.4138
vn 0.9441 -0.2867 -0.1629
vn 0.9315 -0.0929 -0.3517
vn 0.9301 0.1992 -0.3086
vn 0.6227 0.1130 -0.7742
vn 0.8802 -0.4261 -0.2090
vn 0.7838 -0.6127 -0.1013
vn 0.7650 -0.6221 0.1669
vn 0.6418 -0.7547 0.1363
vn 0.6517 -0.7571 -0.0465
vn 0.9355 -0.2823 -0.2127
vn 0.9168 -0.3957 -0.0548
vn 0.9430 -0.3162 -0.1039
vn 0.6687 -0.3442 -0.6590
vn 0.2727 -0.6120 -0.7424
vn 0.8284 -0.5537 -0.0852
vn 0.7563 -0.6170 -0.2176
vn 0.7822 -0.6209 0.0515
vn 0.8504 -0.5027 0.1553
vn 0.9056 -0.3611 0.2224
vn 0.9520 -0.2971 -0.0736
vn 0.9964 -0.0152 -0.0831
vn 0.9790 -0.1749 -0.1044
vn 0.7676 -0.4583 -0.4480
vn 0.3169 -0.3443 -0.8838
vn 0.3229 -0.3944 -0.8603
vn 0.5080 -0.8449 0.1677
vn 0.6919 -0.7166 -0.0878
vn 0.8068 -0.5890 -0.0469
vn 0.6003 -0.7983 0.0488
vn 0.7571 -0.6217 0.2009
vn 0.6984 -0.6984 0.1561
vn 0.5916 -0.8060 0.0193
vn 0.7798 -0.6002 -0.1779
vn 0.6149 -0.7452 -0.2581
vn 0.3960 -0.4823 -0.7814
vn 0.5194 0.0726 -0.8514
vn 0.5854 0.3173 -0.7461
vn 0.5732 -0.7869 0.2284
vn 0.8961 -0.3282 0.2987
vn 0.9975 -0.0365 -0.0608
vn 0.6715 -0.6209 -0.4044
vn 0.5133 -0.8501 0.1175
vn 0.2165 -0.9629 0.1613
vn 0.3710 -0.9165 0.1495
vn 0.4819 -0.8758 -0.0267
vn 0.4997 -0.8558 -0.1335
vn 0.4453 -0.7680 -0.4603
vn 0.4878 -0.6396 -0.5941
vn 0.7831 0.0608 -0.6190
vn 0.7202 0.4569 -0.5221
vn 0.3434 -0.9186 0.1956
vn 0.5604 -0.4670 0.6840
vn 0.9140 -0.3057 0.2666
vn 0.8326 -0.3615 -0.4196
vn 0.8464 -0.4102 -0.3395
vn 0.5289 -0.8479 0.0351
vn 0.5735 -0.7557 0.3161
vn 0.6439 -0.6763 0.3578
vn 0.8939 -0.4204 -0.1558
vn 0.8069 -0.5161 -0.2873
vn 0.6931 -0.3135 -0.6491
vn 0.8057 -0.4619 -0.3707
vn 0.8017 -0.2855 -0.5251
vn 0.8884 0.0445 -0.4569
vn 0.8187 -0.4118 -0.4001
vn 0.7598 0.0351 -0.6492
vn 0.5014 -0.4204 -0.7562
vn 0.5255 -0.6554 -0.5426
vn 0.5913 -0.1010 -0.8001
vn 0.0278 -0.9993 -0.0235
vn 0.3823 -0.7115 -0.5895
vn 0.0813 -0.9961 -0.0331
vn 0.0476 -0.9975 -0.0522
vn 0.0601 -0.9959 -0.0677
vn 0.0593 -0.9945 -0.0863
vn 0.0204 -0.9982 -0.0570
vn -0.0045 -0.9984 -0.0568
vn 0.0142 -0.9994 -0.0325
vn -0.0116 -0.9963 -0.0847
vn 0.0057 -1.0000 -0.0006
vn -0.0129 -0.9969 -0.0780
vn 0.0124 -0.9996 -0.0247
vn 0.0063 -0.9991 -0.0410
vn -0.0174 -0.9993 -0.0340
vn 0.0081 -1.0000 -0.0036
vn -0.0438 -0.9989 -0.0180
vn -0.0300 -0.9995 0.0128
vn -0.0457 -0.9990 -0.0013
vn -0.0281 -0.9996 -0.0005
vn 0.0052 -0.9999 -0.0162
vn 0.0130 -0.9999 -0.0063
vn 0.0321 -0.9993 -0.0180
vn 0.5502 0.0057 -0.8350
vn 0.5101 -0.4580 -0.7280
vn 0.4342 0.3874 -0.8133
vn 0.1265 -0.9660 -0.2254
vn 0.3206 -0.5814 -0.7478
vn 0.1151 -0.0217 -0.9931
vn -0.0175 -0.9837 -0.1791
vn 0.0570 -0.9155 -0.3982
vn -0.1056 -0.7793 -0.6177
vn -0.0816 -0.2786 -0.9569
vn -0.0065 -0.9978 -0.0664
vn 0.0833 -0.9446 -0.3176
vn -0.0165 -0.8996 -0.4364
vn -0.0766 -0.5925 -0.8020
vn -0.0191 -0.4301 -0.9026
vn -0.0235 -0.9976 -0.0644
vn -0.0368 -0.9969 -0.0692
vn -0.0027 -0.9923 -0.1242
vn 0.0770 -0.7542 -0.6521
vn 0.0203 -0.3970 -0.9176
vn -0.0377 -0.6097 -0.7917
vn -0.0128 -0.9946 -0.1028
vn 0.0213 -0.9949 -0.0991
vn 0.0544 -0.9956 -0.0762
vn 0.0765 -0.9866 -0.1440
vn 0.1423 -0.5023 -0.8529
vn 0.2309 -0.3145 -0.9208
vn 0.4439 -0.6985 -0.5613
vn 0.0409 -0.9964 -0.0748
vn 0.1001 -0.9908 -0.0905
vn 0.1281 -0.9823 -0.1367
vn 0.0516 -0.9890 -0.1384
vn -0.0134 -0.9912 -0.1313
vn 0.3189 -0.6020 -0.7320
vn 0.6063 -0.2793 -0.7446
vn 0.3735 -0.1798 -0.9100
vn 0.0439 -0.9987 -0.0247
vn 0.0845 -0.9948 -0.0573
vn 0.0755 -0.9930 -0.0911
vn -0.0416 -0.5694 -0.8210
vn -0.0809 -0.5744 -0.8146
vn 0.0164 -0.9963 -0.0841
vn 0.2555 -0.9016 -0.3490
vn 0.4996 -0.4877 -0.7159
vn 0.3715 0.3705 -0.8513
vn 0.0117 -0.9995 0.0284
vn 0.0187 -0.9995 -0.0236
vn -0.0006 -0.9983 -0.0583
vn -0.0232 -0.9891 -0.1453
vn 0.0549 -0.8710 -0.4882
vn -0.0203 -0.8941 -0.4473
vn -0.1053 -0.9944 0.0023
vn 0.0419 -0.9929 -0.1113
vn 0.3009 -0.5333 -0.7906
vn 0.2513 0.4684 -0.8470
vn 0.0051 -0.9988 0.0484
vn -0.0170 -0.9998 -0.0112
vn -0.0348 -0.9985 -0.0413
vn -0.0215 -0.9989 -0.0428
vn 0.0159 -0.9884 -0.1507
vn -0.0796 -0.3304 -0.9405
vn -0.2398 -0.6211 -0.7462
vn -0.0278 -0.9941 0.1044
vn 0.0754 -0.9966 -0.0323
vn 0.0868 -0.4911 -0.8667
vn 0.1299 0.3802 -0.9157
vn 0.0219 -0.9991 0.0375
vn -0.0206 -0.9995 0.0243
vn -0.0589 -0.9981 -0.0155
vn -0.0331 -0.9994 -0.0104
vn -0.0093 -0.9995 -0.0318
vn -0.3112 -0.4896 -0.8145
vn -0.2889 -0.1987 -0.9365
vn 0.0885 -0.9928 -0.0807
vn 0.1020 -0.9947 0.0112
vn -0.0962 -0.8582 -0.5041
vn -0.1891 -0.3783 -0.9062
vn 0.0603 -0.3564 -0.9324
vn 0.0221 -0.9997 0.0038
vn -0.0072 -1.0000 0.0058
vn -0.0311 -0.9989 -0.0362
vn -0.0269 -0.9995 -0.0167
vn -0.0058 -0.9999 0.0133
vn -0.3395 -0.6436 -0.6860
vn -0.3105 -0.1819 -0.9330
vn -0.0062 -0.8840 -0.4675
vn 0.1044 -0.9924 0.0647
vn -0.0460 -0.9986 -0.0252
vn -0.1851 -0.7318 -0.6560
vn -0.1031 -0.4713 -0.8759
vn -0.0445 -0.3489 -0.9361
vn 0.0266 -0.9996 -0.0133
vn 0.0173 -0.9998 -0.0118
vn -0.0096 -0.9994 -0.0340
vn -0.0260 -0.9990 -0.0350
vn -0.0111 -0.9998 0.0190
vn -0.0607 -0.9967 -0.0536
vn -0.1531 -0.9528 -0.2621
vn 0.0315 -0.9800 -0.1964
vn 0.0026 -1.0000 0.0041
vn -0.3192 -0.9475 0.0203
vn -0.2310 -0.9725 0.0301
vn -0.1184 -0.8566 -0.5022
vn 0.1309 -0.6612 -0.7387
vn 0.1785 -0.0867 -0.9801
vn -0.4671 -0.3867 -0.7952
vn -0.3657 -0.9125 -0.1832
vn -0.1687 -0.9848 -0.0409
vn -0.3387 -0.8390 -0.4259
vn -0.3604 -0.8955 -0.2610
vn -0.2332 -0.9721 0.0272
vn -0.2545 -0.8801 -0.4009
vn -0.0870 -0.9543 -0.2860
vn -0.0146 -0.9998 0.0129
vn -0.0239 -0.9993 -0.0293
vn -0.0262 -0.9966 -0.0776
vn 0.0055 -0.9989 -0.0472
vn 0.0291 -0.9992 -0.0280
vn 0.0520 -0.9978 -0.0418
vn -0.3675 -0.7380 -0.5660
vn -0.1613 -0.7676 -0.6203
vn 0.1154 -0.7191 -0.6852
vn 0.0042 -0.9721 -0.2346
vn 0.0031 -0.9490 -0.3154
vn -0.1601 -0.8935 -0.4195
vn 0.1238 -0.9831 -0.1348
vn -0.0111 -0.9925 -0.1219
vn -0.0355 -0.9809 -0.1910
vn -0.2658 -0.9546 -0.1342
vn -0.1209 -0.9927 0.0055
vn 0.1085 -0.9853 -0.1317
vn 0.0649 -0.9605 -0.2705
vn -0.3743 -0.8377 -0.3977
vn -0.5094 -0.7863 -0.3497
vn -0.3548 -0.5667 -0.7436
vn 0.0982 -0.9840 -0.1487
vn 0.0724 -0.9966 -0.0381
vn -0.1159 -0.9816 -0.1515
vn -0.4766 -0.7953 -0.3745
vn -0.3326 -0.9068 -0.2589
vn -0.3880 -0.3857 -0.8371
vn -0.4202 -0.3256 -0.8470
vn 0.0435 -0.9916 -0.1219
vn 0.0157 -0.9999 0.0028
vn -0.2067 -0.9737 -0.0958
vn -0.4424 -0.8500 -0.2860
vn -0.4155 -0.8251 -0.3828
vn -0.0040 -0.9987 -0.0502
vn -0.4975 -0.4558 -0.7381
vn -0.4674 -0.4432 -0.7649
vn 0.0155 -0.9987 -0.0487
vn -0.0366 -0.9984 0.0440
vn -0.1891 -0.9819 0.0131
vn -0.3996 -0.8864 -0.2336
vn -0.6817 -0.7315 0.0088
vn 0.0218 -0.9997 -0.0130
vn -0.0140 -0.9996 -0.0229
vn -0.4495 -0.6167 -0.6463
vn -0.1261 -0.9874 -0.0960
vn -0.0949 -0.9951 -0.0295
vn -0.1964 -0.9663 0.1667
vn -0.1720 -0.9576 0.2313
vn -0.5135 -0.7808 0.3558
vn -0.7226 -0.6004 0.3426
vn 0.0043 -0.9977 -0.0682
vn -0.0119 -0.9999 -0.0119
vn -0.0276 -0.9996 -0.0012
vn -0.0687 -0.9964 -0.0487
vn -0.1272 -0.9901 -0.0587
vn -0.3268 -0.9443 -0.0384
vn -0.3426 -0.9385 -0.0425
vn -0.2884 -0.9487 0.1299
vn -0.6314 -0.7414 0.2273
vn -0.5525 -0.8321 0.0490
vn -0.0140 -0.9974 -0.0711
vn -0.0194 -0.9985 -0.0518
vn -0.0232 -0.9976 -0.0659
vn -0.0609 -0.9961 -0.0636
vn -0.0869 -0.9956 -0.0343
vn -0.1627 -0.9838 -0.0750
vn -0.2941 -0.9144 -0.2782
vn -0.3364 -0.9185 -0.2078
vn -0.5805 -0.8027 0.1370
vn -0.5405 -0.8409 0.0278
vn -0.2570 -0.9439 -0.2075
vn -0.0056 -0.9994 -0.0343
vn -0.0102 -0.9990 -0.0424
vn -0.0162 -0.9972 -0.0733
vn -0.0431 -0.9966 -0.0703
vn -0.1227 -0.9853 -0.1191
vn -0.0718 -0.9934 -0.0892
vn -0.1176 -0.9801 -0.1601
vn -0.5607 -0.8212 -0.1063
vn -0.6154 -0.7872 -0.0398
vn -0.4619 -0.8602 -0.2161
vn -0.2292 -0.8716 -0.4334
vn -0.4408 -0.8185 -0.3684
vn 0.0115 -0.9972 -0.0738
vn -0.0118 -0.9968 -0.0790
vn -0.0087 -0.9975 -0.0698
vn -0.0182 -0.9985 -0.0519
vn -0.0970 -0.9896 -0.1064
vn -0.1005 -0.9910 -0.0881
vn -0.2224 -0.9701 -0.0969
vn -0.4664 -0.8824 -0.0623
vn -0.6407 -0.7503 -0.1631
vn -0.2339 -0.9054 -0.3544
vn -0.2482 -0.8825 -0.3995
vn -0.3388 -0.8709 -0.3559
vn -0.3762 -0.7467 -0.5485
vn 0.0407 -0.9992 0.0038
vn -0.0022 -0.9994 -0.0343
vn -0.0052 -0.9989 -0.0460
vn -0.0324 -0.9974 -0.0637
vn -0.0426 -0.9984 -0.0375
vn -0.1152 -0.9932 -0.0162
vn -0.1246 -0.9921 0.0142
vn -0.1271 -0.9915 0.0270
vn -0.4946 -0.8683 0.0380
vn -0.2525 -0.9645 -0.0769
vn -0.3897 -0.9131 0.1197
vn -0.3044 -0.9213 0.2421
vn -0.2702 -0.9586 0.0897
vn -0.6591 -0.7521 0.0066
vn -0.3196 -0.8349 0.4480
vn -0.1697 -0.9531 0.2507
vn -0.5940 -0.6873 0.4180
vn -0.5431 -0.7648 0.3464
vn -0.6245 -0.7705 0.1278
vn -0.4903 -0.8695 0.0594
vn -0.1380 -0.9901 0.0245
vn -0.1557 -0.9877 0.0165
vn -0.1037 -0.9934 -0.0487
vn -0.0491 -0.9969 -0.0611
vn 0.0064 -0.9997 -0.0230
vn 0.0174 -0.9998 0.0099
vn 0.0323 -0.9990 0.0320
vn 0.0199 -0.9998 0.0052
vn -0.7111 -0.5752 0.4044
vn -0.1663 -0.9780 0.1258
vn -0.6500 -0.6832 0.3328
vn -0.6107 -0.7068 0.3571
vn -0.4071 -0.9086 0.0930
vn -0.3654 -0.9245 0.1090
vn -0.5088 -0.8465 0.1567
vn -0.6888 -0.7125 0.1336
vn -0.4793 -0.8730 0.0900
vn -0.4066 -0.9127 0.0408
vn -0.4111 -0.9078 -0.0832
vn -0.6371 -0.7685 0.0593
vn -0.7618 -0.6406 -0.0959
vn -0.8439 -0.5146 -0.1517
vn -0.4063 -0.9069 -0.1119
vn -0.1341 -0.9908 -0.0177
vn -0.3384 -0.9409 -0.0129
vn -0.4115 -0.9002 -0.1425
vn -0.7753 -0.6303 -0.0399
vn -0.7658 -0.6018 0.2269
vn -0.3806 -0.7019 0.6021
vn -0.1821 -0.9830 -0.0244
vn -0.1927 -0.9791 0.0650
vn -0.0947 -0.9941 0.0533
vn -0.0951 -0.9955 -0.0054
vn -0.4454 -0.8763 0.1834
vn -0.7724 -0.2286 0.5926
vn -0.6516 -0.2530 0.7151
vn -0.2133 -0.9762 -0.0404
vn -0.1932 -0.9793 0.0598
vn -0.5572 -0.8070 0.1957
vn -0.1147 -0.9934 -0.0030
vn -0.0652 -0.9978 0.0086
vn -0.5413 -0.7547 0.3708
vn -0.7192 -0.0736 0.6909
vn -0.8960 -0.2723 0.3507
vn -0.1251 -0.9919 -0.0221
vn -0.0945 -0.9944 0.0463
vn -0.3188 -0.9453 0.0686
vn -0.1849 -0.9763 0.1124
vn -0.0599 -0.9957 0.0713
vn -0.0410 -0.9983 0.0416
vn -0.2931 -0.8324 0.4703
vn -0.6276 -0.6585 0.4154
vn -0.7946 -0.5712 0.2059
vn 0.0076 -1.0000 0.0014
vn -0.0155 -0.9935 0.1125
vn -0.0100 -0.9935 0.1132
vn 0.0060 -0.9956 0.0937
vn -0.0092 -0.9957 0.0922
vn -0.0216 -0.9994 0.0270
vn -0.1012 -0.9433 0.3162
vn -0.2097 -0.9365 0.2811
vn -0.5129 -0.8312 0.2143
vn -0.6331 -0.5994 0.4898
vn 0.0240 -0.9996 0.0115
vn 0.0356 -0.9968 0.0720
vn 0.0185 -0.9954 0.0937
vn -0.0025 -0.9933 0.1154
vn -0.0241 -0.9963 0.0827
vn -0.0652 -0.9978 0.0127
vn -0.0616 -0.9750 0.2135
vn -0.4019 -0.7788 0.4816
vn -0.1211 -0.9839 0.1318
vn -0.4205 -0.7625 0.4916
vn -0.5052 -0.0809 0.8592
vn 0.0247 -0.9997 0.0048
vn 0.0240 -0.9966 0.0792
vn 0.0425 -0.9947 0.0935
vn 0.0556 -0.9946 0.0877
vn 0.0247 -0.9991 0.0346
vn -0.0531 -0.9979 0.0368
vn -0.0183 -0.9989 0.0429
vn -0.1613 -0.9803 0.1135
vn -0.1507 -0.9754 0.1608
vn -0.0707 -0.9793 0.1898
vn -0.3666 -0.7321 0.5742
vn -0.6501 0.0829 0.7553
vn 0.0181 -0.9995 -0.0258
vn -0.0088 -0.9990 0.0446
vn -0.0216 -0.9921 0.1239
vn 0.0112 -0.9943 0.1064
vn 0.0172 -0.9980 0.0606
vn 0.0269 -0.9996 0.0010
vn 0.0239 -0.9987 0.0451
vn -0.0026 -0.9999 0.0103
vn -0.1443 -0.9745 0.1717
vn -0.1838 -0.9598 0.2120
vn -0.1754 -0.9704 0.1661
vn -0.3681 -0.8298 0.4195
vn -0.6182 -0.3340 0.7116
vn -0.0275 -0.9985 -0.0471
vn -0.0438 -0.9987 -0.0246
vn -0.0912 -0.9865 0.1357
vn -0.0826 -0.9862 0.1436
vn -0.0477 -0.9980 0.0419
vn 0.0015 -0.9999 0.0117
vn 0.0014 -1.0000 -0.0011
vn -0.0319 -0.9995 -0.0035
vn -0.0294 -0.9980 0.0557
vn -0.0525 -0.9933 0.1032
vn -0.1272 -0.9860 0.1074
vn -0.1835 -0.9450 0.2706
vn -0.2191 -0.5411 0.8119
vn -0.3125 -0.4784 0.8207
vn 0.8423 -0.1575 -0.5155
vn 0.8144 -0.4081 -0.4126
vn 0.7898 -0.2767 -0.5474
vn 0.7471 -0.2814 -0.6022
vn 0.8019 -0.5926 -0.0764
vn 0.8451 -0.5345 0.0126
vn 0.7596 -0.2549 0.5983
vn 0.8786 -0.4548 0.1456
vn 0.7677 -0.3848 -0.5124
vn 0.8484 -0.2364 -0.4736
vn 0.7378 -0.6685 -0.0937
vn 0.4083 -0.3675 0.8356
vn 0.2800 -0.7445 0.6061
vn 0.2367 -0.9657 0.1063
vn 0.9165 0.1775 -0.3584
vn 0.8449 -0.4998 -0.1908
vn 0.7694 -0.5912 -0.2419
vn 0.4958 -0.7335 -0.4650
vn 0.2232 -0.9734 -0.0518
vn 0.0547 -0.9985 -0.0074
vn 0.4830 -0.8507 -0.2074
vn 0.2321 -0.9311 -0.2813
vn 0.0937 -0.9934 -0.0657
vn 0.1029 -0.9913 -0.0819
vn 0.1824 -0.9828 0.0284
vn 0.0898 -0.9926 0.0819
vn 0.0626 -0.9980 0.0096
vn 0.0780 -0.9968 -0.0161
vn 0.0826 -0.9953 -0.0497
vn 0.3442 -0.9328 0.1065
vn 0.0940 -0.9956 -0.0056
vn 0.0636 -0.9969 0.0465
vn 0.0631 -0.9976 0.0287
vn 0.0472 -0.9989 0.0049
vn 0.0393 -0.9990 0.0225
vn 0.7386 -0.5489 0.3914
vn 0.0915 -0.9947 -0.0475
vn 0.0794 -0.9943 -0.0709
vn 0.8432 -0.4308 -0.3216
vn 0.1610 -0.9860 -0.0442
vn 0.0359 -0.9980 -0.0529
vn 0.0209 -0.9998 0.0046
vn 0.8857 -0.4191 -0.1996
vn 0.3087 -0.9445 0.1121
vn 0.1410 -0.9896 -0.0270
vn 0.1396 -0.9866 -0.0843
vn 0.6536 -0.6395 -0.4048
vn 0.0430 -0.9969 -0.0666
vn 0.0074 -0.9991 -0.0411
vn 0.0330 -0.9990 -0.0297
vn 0.6583 -0.5966 -0.4590
vn 0.2527 -0.9048 -0.3428
vn 0.1924 -0.9813 -0.0051
vn 0.1298 -0.9915 -0.0011
vn 0.0734 -0.9973 0.0034
vn 0.0230 -0.9996 0.0184
vn -0.0078 -0.9998 0.0170
vn 0.0199 -0.9997 -0.0128
vn 0.0306 -0.9987 -0.0418
vn 0.6287 -0.7706 -0.1043
vn 0.1627 -0.9857 -0.0449
vn 0.0671 -0.9975 -0.0203
vn 0.1256 -0.9921 -0.0025
vn 0.0531 -0.9986 -0.0082
vn 0.0223 -0.9997 -0.0100
vn -0.0009 -1.0000 -0.0070
vn 0.0435 -0.9988 0.0210
vn 0.0256 -0.9995 0.0172
vn -0.0159 -0.9999 -0.0033
vn 0.7238 -0.4778 0.4978
vn 0.0727 -0.9960 0.0512
vn 0.0128 -0.9998 0.0148
vn 0.0532 -0.9984 0.0176
vn 0.0465 -0.9982 0.0373
vn 0.0445 -0.9987 0.0231
vn -0.0069 -0.9995 -0.0307
vn 0.0391 -0.9992 -0.0123
vn 0.0192 -0.9998 -0.0020
vn -0.0256 -0.9992 0.0302
vn -0.0404 -0.9988 0.0270
vn 0.1793 -0.4739 0.8621
vn 0.0154 -0.8692 0.4943
vn 0.0152 -0.9926 0.1205
vn 0.0326 -0.9925 0.1180
vn 0.0117 -0.9990 0.0425
vn 0.0589 -0.9955 0.0738
vn 0.0146 -0.9995 0.0266
vn 0.0192 -0.9998 0.0109
vn 0.0411 -0.9992 0.0031
vn -0.0272 -0.9993 -0.0270
vn -0.0368 -0.9993 0.0025
vn -0.0156 -0.9998 0.0154
vn 0.1072 -0.9195 0.3782
vn 0.1419 -0.7102 0.6896
vn 0.1125 -0.9675 0.2266
vn 0.0065 -0.9838 0.1794
vn -0.0186 -0.9692 0.2457
vn 0.0435 -0.9943 0.0978
vn 0.0613 -0.9884 0.1389
vn 0.0087 -1.0000 -0.0036
vn 0.0533 -0.9985 0.0146
vn 0.0075 -0.9997 -0.0232
vn -0.0125 -0.9977 -0.0669
vn 0.0001 -0.9984 -0.0567
vn 0.0356 -0.9990 -0.0287
vn 0.0103 -0.9255 0.3786
vn 0.3762 -0.5693 0.7310
vn 0.4447 -0.7124 0.5429
vn 0.0387 -0.9973 0.0617
vn 0.4648 -0.3831 0.7982
vn 0.2714 -0.4588 0.8461
vn 0.0272 -0.9848 0.1718
vn 0.0462 -0.9879 0.1481
vn 0.0376 -0.9993 -0.0018
vn 0.0274 -0.9995 0.0152
vn 0.0024 -0.9997 -0.0235
vn -0.0054 -0.9972 -0.0745
vn 0.0257 -0.9976 -0.0636
vn 0.0454 -0.7076 0.7052
vn 0.0541 -0.5767 0.8152
vn -0.0689 -0.9453 0.3190
vn -0.0255 -0.9976 0.0644
vn 0.0010 -0.9947 0.1030
vn -0.0007 -0.9980 0.0629
vn -0.0136 -0.9998 -0.0146
vn -0.0273 -0.9995 0.0169
vn -0.0446 -0.9970 0.0639
vn -0.0656 -0.9937 0.0907
vn -0.0800 -0.9875 0.1356
vn -0.0409 -0.9969 0.0672
vn -0.0003 -0.9985 -0.0545
vn 0.0314 -0.9974 -0.0652
vn -0.2658 -0.5894 0.7629
vn -0.3267 -0.5624 0.7596
vn -0.4020 -0.8035 0.4391
vn -0.1164 -0.9365 0.3308
vn 0.0700 -0.9516 0.2991
vn 0.1726 -0.9643 0.2008
vn 0.0245 -0.9977 0.0634
vn 0.1423 -0.9855 0.0928
vn 0.2072 -0.9585 0.1956
vn 0.0227 -0.9818 0.1884
vn 0.0562 -0.9933 0.1006
vn 0.0829 -0.9945 0.0639
vn 0.1992 -0.9689 0.1467
vn -0.0263 -0.9959 0.0871
vn 0.0311 -0.8879 0.4589
vn 0.0628 -0.9967 0.0506
vn 0.0868 -0.9944 0.0601
vn 0.2205 -0.9715 0.0868
vn 0.1285 -0.9915 0.0218
vn 0.0968 -0.9787 0.1813
vn 0.3053 -0.8763 0.3727
vn 0.0234 -0.9996 0.0148
vn 0.0906 -0.9918 0.0900
vn 0.1613 -0.9541 0.2525
vn 0.0980 -0.9361 0.3378
vn -0.0768 -0.9970 0.0060
vn 0.2672 -0.9593 0.0912
vn 0.3395 -0.9183 0.2038
vn -0.0212 -0.9996 0.0160
vn 0.0368 -0.9975 0.0599
vn 0.0129 -0.9886 0.1498
vn -0.0565 -0.8785 0.4745
vn -0.1652 -0.8940 0.4166
vn 0.1879 -0.9352 0.3001
vn 0.3578 -0.7562 0.5478
vn 0.3324 -0.9246 0.1864
vn -0.0521 -0.9942 0.0944
vn -0.0102 -0.9939 0.1097
vn 0.0151 -0.9969 0.0778
vn -0.0220 -0.9931 0.1155
vn -0.0904 -0.9665 0.2404
vn 0.0330 -0.9574 0.2869
vn 0.0545 -0.6920 0.7198
vn 0.0027 -0.7353 0.6777
vn 0.5065 -0.3546 0.7860
vn -0.0664 -0.9912 0.1143
vn -0.0154 -0.9887 0.1492
vn 0.0452 -0.9829 0.1787
vn 0.0212 -0.9761 0.2164
vn 0.0269 -0.9990 0.0343
vn 0.0313 -0.9995 0.0030
vn 0.0675 -0.9953 0.0696
vn 0.0999 -0.8937 0.4373
vn 0.3388 -0.5199 0.7841
vn 0.3638 0.1554 0.9184
vn -0.0164 -0.9974 0.0696
vn 0.0264 -0.9974 0.0675
vn 0.0144 -0.9973 0.0718
vn 0.0022 -0.9667 0.2561
vn 0.0473 -0.9825 0.1801
vn 0.0371 -0.9908 0.1301
vn 0.0939 -0.9917 0.0882
vn 0.1421 -0.9865 0.0814
vn 0.3224 -0.9450 0.0544
vn 0.3887 -0.7602 0.5206
vn 0.3413 -0.2541 0.9049
vn 0.0294 -0.9992 -0.0287
vn 0.0467 -0.9985 0.0287
vn 0.0352 -0.9983 0.0473
vn 0.0262 -0.9954 0.0921
vn 0.0936 -0.9843 0.1496
vn 0.0359 -0.9939 0.1041
vn 0.0773 -0.9878 0.1349
vn 0.0524 -0.9805 0.1896
vn 0.1126 -0.9417 0.3171
vn 0.3044 -0.8776 0.3704
vn 0.4501 -0.8747 0.1798
vn 0.3727 -0.7944 0.4796
vn 0.0286 -0.9977 -0.0614
vn 0.0069 -0.9994 -0.0339
vn 0.0198 -0.9994 0.0292
vn 0.0065 -0.9999 0.0082
vn 0.1790 -0.9665 0.1841
vn 0.1940 -0.9400 0.2805
vn 0.0749 -0.9923 0.0982
vn 0.1118 -0.9787 0.1725
vn 0.0135 -0.9820 0.1882
vn 0.0937 -0.8445 0.5273
vn 0.5797 -0.4825 0.6566
vn 0.6102 -0.6585 0.4406
vn -0.0257 -0.9230 0.3839
vn -0.9770 0.0175 -0.2126
vn -0.9377 0.2813 -0.2041
vn -0.6726 0.0175 0.7398
vn -0.6456 0.2813 0.7100
vn 0.3044 0.0175 0.9524
vn 0.2921 0.2813 0.9141
vn 0.9770 0.0175 0.2126
vn 0.9377 0.2813 0.2041
vn 0.6726 0.0175 -0.7398
vn 0.6456 0.2813 -0.7100
vn -0.3044 0.0175 -0.9524
vn -0.2921 0.2813 -0.9141
vn -0.0000 -1.0000 -0.0000
vn 0.8247 -0.5638 -0.0456
vn 0.9539 -0.2970 -0.0422
vn 0.3833 -0.2544 -0.8879
vn 0.5325 -0.0016 -0.8464
vn -0.4391 0.3127 -0.8423
vn -0.2528 0.5399 -0.8028
vn -0.8201 0.5704 0.0457
vn -0.6166 0.7860 0.0450
vn -0.3787 0.2610 0.8880
vn -0.1951 0.4905 0.8493
vn 0.4436 -0.3061 0.8423
vn 0.5901 -0.0510 0.8057
vn -0.5678 -0.8231 -0.0048
vn 0.7971 -0.4817 -0.3642
vn 0.8749 -0.1969 -0.4424
vn -0.0031 -0.3296 -0.9441
vn 0.1170 -0.0528 -0.9917
vn -0.7921 0.1693 -0.5864
vn -0.6305 0.4198 -0.6528
vn -0.7811 0.5162 0.3513
vn -0.6200 0.7484 0.2354
vn 0.0190 0.3641 0.9312
vn 0.1379 0.6044 0.7847
vn 0.8081 -0.1348 0.5734
vn 0.8854 0.1317 0.4458
vn -0.3971 -0.8592 0.3225
vn 0.2239 0.4744 -0.8514
vn 0.1602 0.6919 -0.7040
vn -0.7149 0.1788 -0.6759
vn -0.7385 0.4089 -0.5361
vn -0.9435 -0.2751 0.1850
vn -0.9573 -0.0256 0.2881
vn -0.2332 -0.4334 0.8705
vn -0.2773 -0.1771 0.9443
vn 0.7056 -0.1378 0.6951
vn 0.6213 0.1058 0.7764
vn 0.9341 0.3161 -0.1659
vn 0.8401 0.5403 -0.0478
vn 0.2020 -0.8875 -0.4142
vn 0.0869 0.0455 0.9952
vn 0.1395 0.2298 0.9632
vn 0.8725 -0.2199 0.4363
vn 0.9089 -0.0302 0.4159
vn 0.7881 -0.2569 -0.5594
vn 0.8263 -0.0664 -0.5593
vn -0.0819 -0.0285 -0.9962
vn -0.0258 0.1573 -0.9872
vn -0.8675 0.2369 -0.4374
vn -0.7953 0.4172 -0.4399
vn -0.7831 0.2739 0.5583
vn -0.7126 0.4535 0.5353
vn -0.2813 -0.9578 0.0594
vn 0.8696 0.2154 -0.4442
vn 0.5833 0.5445 -0.6028
vn 0.2199 -0.4008 -0.8894
vn 0.0036 -0.0054 -1.0000
vn -0.6497 -0.6162 -0.4451
vn -0.7724 -0.1976 -0.6036
vn -0.8696 -0.2154 0.4442
vn -0.9687 0.1600 0.1900
vn -0.2199 0.4008 0.8894
vn -0.3889 0.7099 0.5872
vn 0.6497 0.6162 0.4451
vn 0.3870 0.9021 0.1908
vn 0.4268 -0.7803 0.4572
vn 0.3922 0.0746 -0.9168
vn 0.4368 0.6107 -0.6605
vn -0.5813 0.2525 -0.7735
vn -0.3639 0.7570 -0.5426
vn -0.9735 0.1779 0.1433
vn -0.6865 0.6957 0.2114
vn -0.3922 -0.0746 0.9168
vn -0.2084 0.4880 0.8476
vn 0.5813 -0.2525 0.7735
vn 0.5923 0.3417 0.7297
vn 0.9735 -0.1779 -0.1433
vn 0.9149 0.4030 -0.0244
vn -0.2007 -0.9658 -0.1644
vn -0.5679 -0.8231 -0.0048
vt 0.711666 0.286321
vt 0.711205 0.284371
vt 0.713267 0.285304
vt 0.909476 0.596982
vt 0.910392 0.598133
vt 0.907145 0.598133
vt 0.713115 0.287698
vt 0.711032 0.288096
vt 0.299023 0.207590
vt 0.299424 0.205829
vt 0.300925 0.207394
vt 0.007887 0.756612
vt 0.010111 0.755173
vt 0.011962 0.757327
vt 0.893092 0.553767
vt 0.891483 0.555515
vt 0.891842 0.552530
vt 0.268208 0.190007
vt 0.267675 0.191924
vt 0.266397 0.190230
vt 0.319656 0.371418
vt 0.319924 0.373951
vt 0.318438 0.372696
vt 0.085580 0.926502
vt 0.085580 0.924383
vt 0.087734 0.924942
vt 0.007000 0.757860
vt 0.148365 0.440170
vt 0.146873 0.441731
vt 0.147421 0.438540
vt 0.267095 0.187921
vt 0.318808 0.369858
vt 0.087752 0.927387
vt 0.350922 0.014290
vt 0.352603 0.012401
vt 0.352725 0.015823
vt 0.517033 0.364678
vt 0.518640 0.365353
vt 0.516771 0.365880
vt 0.924364 0.158790
vt 0.926659 0.158783
vt 0.925370 0.160014
vt 0.303924 0.346675
vt 0.303253 0.348412
vt 0.302547 0.346393
vt 0.575236 0.219069
vt 0.576216 0.222485
vt 0.573750 0.223374
vt 0.380791 0.035694
vt 0.382167 0.037528
vt 0.380198 0.037979
vt 0.381387 0.033302
vt 0.382834 0.035391
vt 0.382051 0.030794
vt 0.383457 0.032940
vt 0.382741 0.028091
vt 0.384159 0.030432
vt 0.383504 0.025061
vt 0.384922 0.027733
vt 0.384374 0.021574
vt 0.386119 0.023922
vt 0.385368 0.017596
vt 0.386862 0.021081
vt 0.386177 0.014570
vt 0.388405 0.016023
vt 0.386941 0.011741
vt 0.389362 0.012484
vt 0.387625 0.009250
vt 0.389975 0.009967
vt 0.388264 0.006933
vt 0.389951 0.009448
vt 0.693355 0.495718
vt 0.695138 0.496708
vt 0.692819 0.497620
vt 0.572285 0.227420
vt 0.574369 0.227995
vt 0.571632 0.229185
vt 0.573057 0.225281
vt 0.574777 0.226661
vt 0.575428 0.224742
vt 0.384204 0.037357
vt 0.384866 0.034976
vt 0.386590 0.037260
vt 0.385621 0.032523
vt 0.387456 0.034695
vt 0.388903 0.036905
vt 0.386682 0.029681
vt 0.388290 0.031978
vt 0.389899 0.034288
vt 0.390984 0.036445
vt 0.387739 0.026532
vt 0.389789 0.028744
vt 0.390862 0.031487
vt 0.392253 0.033860
vt 0.393268 0.036057
vt 0.388912 0.023004
vt 0.391142 0.025193
vt 0.392824 0.028028
vt 0.393727 0.030933
vt 0.395584 0.033406
vt 0.395750 0.035687
vt 0.390130 0.019207
vt 0.392357 0.021539
vt 0.394170 0.024471
vt 0.395528 0.027527
vt 0.396938 0.030309
vt 0.398235 0.032936
vt 0.399245 0.035390
vt 0.391169 0.015616
vt 0.393188 0.018272
vt 0.394953 0.021253
vt 0.396261 0.024425
vt 0.397349 0.027394
vt 0.795914 0.169447
vt 0.798168 0.169381
vt 0.797639 0.171683
vt 0.799594 0.171683
vt 0.799932 0.169469
vt 0.801651 0.171542
vt 0.399586 0.032549
vt 0.401228 0.034914
vt 0.392394 0.011569
vt 0.394132 0.014850
vt 0.396034 0.017730
vt 0.397455 0.020978
vt 0.398950 0.023924
vt 0.399606 0.027036
vt 0.398371 0.030091
vt 0.400814 0.029642
vt 0.402091 0.032101
vt 0.453813 0.552718
vt 0.452422 0.551066
vt 0.453804 0.549861
vt 0.761981 0.071822
vt 0.760478 0.073946
vt 0.759093 0.071552
vt 0.757849 0.074013
vt 0.756167 0.071545
vt 0.754740 0.074013
vt 0.394806 0.011873
vt 0.396651 0.014745
vt 0.398687 0.017384
vt 0.400171 0.020490
vt 0.401211 0.023650
vt 0.403237 0.026174
vt 0.403373 0.029167
vt 0.454192 0.555880
vt 0.452236 0.553676
vt 0.403287 0.031771
vt 0.405370 0.034030
vt 0.402683 0.034444
vt 0.390337 0.007752
vt 0.941448 0.456757
vt 0.944222 0.457954
vt 0.941448 0.458598
vt 0.392976 0.007680
vt 0.392177 0.010710
vt 0.395399 0.009101
vt 0.396994 0.012231
vt 0.399750 0.013875
vt 0.401233 0.017089
vt 0.403544 0.019566
vt 0.404146 0.023015
vt 0.404900 0.026019
vt 0.456264 0.558300
vt 0.454744 0.559347
vt 0.452715 0.556825
vt 0.404731 0.028947
vt 0.405627 0.031347
vt 0.407241 0.033606
vt 0.573212 0.231187
vt 0.576627 0.228901
vt 0.575847 0.231330
vt 0.578168 0.231576
vt 0.467696 0.596340
vt 0.468357 0.598815
vt 0.466125 0.598662
vt 0.466810 0.601245
vt 0.397846 0.009049
vt 0.400334 0.010918
vt 0.403227 0.012713
vt 0.405688 0.015260
vt 0.406399 0.019025
vt 0.457426 0.566018
vt 0.454062 0.561725
vt 0.456228 0.561479
vt 0.452804 0.559764
vt 0.405715 0.026107
vt 0.407295 0.028469
vt 0.408482 0.030865
vt 0.410529 0.033167
vt 0.472096 0.592823
vt 0.472351 0.595213
vt 0.470743 0.594775
vt 0.471373 0.597022
vt 0.469286 0.596944
vt 0.470358 0.598898
vt 0.469122 0.601047
vt 0.467234 0.604014
vt 0.400572 0.008501
vt 0.403293 0.010213
vt 0.405399 0.012844
vt 0.893127 0.585555
vt 0.891518 0.587544
vt 0.890260 0.585555
vt 0.889511 0.587691
vt 0.459280 0.568810
vt 0.457093 0.569067
vt 0.454724 0.565543
vt 0.406737 0.019898
vt 0.407868 0.022717
vt 0.405008 0.023339
vt 0.409387 0.025267
vt 0.409555 0.028056
vt 0.070001 0.944286
vt 0.068828 0.942281
vt 0.070001 0.941326
vt 0.977097 0.582736
vt 0.976262 0.584303
vt 0.974701 0.582736
vt 0.742879 0.944166
vt 0.741364 0.943148
vt 0.742879 0.942053
vt 0.576566 0.227544
vt 0.472977 0.597269
vt 0.472003 0.599101
vt 0.470699 0.601402
vt 0.815581 0.441473
vt 0.818145 0.441473
vt 0.817360 0.443394
vt 0.820755 0.442769
vt 0.469171 0.604077
vt 0.467297 0.607324
vt 0.403980 0.007138
vt 0.406181 0.009615
vt 0.407843 0.012638
vt 0.407044 0.015870
vt 0.456908 0.572257
vt 0.454721 0.568698
vt 0.407678 0.016785
vt 0.408768 0.019706
vt 0.907145 0.736571
vt 0.908909 0.739381
vt 0.907145 0.739618
vt 0.853310 0.235604
vt 0.854923 0.235061
vt 0.854207 0.237209
vt 0.856009 0.237163
vt 0.258495 0.925109
vt 0.259869 0.924383
vt 0.259869 0.927409
vt 0.604325 0.382826
vt 0.601684 0.383038
vt 0.601638 0.381326
vt 0.599132 0.381215
vt 0.599234 0.382656
vt 0.596802 0.381518
vt 0.960760 0.286547
vt 0.959056 0.287593
vt 0.958156 0.286547
vt 0.577854 0.224176
vt 0.579144 0.226692
vt 0.578261 0.229218
vt 0.580641 0.228843
vt 0.472346 0.601467
vt 0.471178 0.603712
vt 0.469493 0.606878
vt 0.468338 0.609149
vt 0.466125 0.609599
vt 0.466971 0.611805
vt 0.408199 0.009827
vt 0.456365 0.574872
vt 0.454134 0.570996
vt 0.452481 0.568066
vt 0.834760 0.183611
vt 0.836608 0.182373
vt 0.837870 0.183611
vt 0.839416 0.182443
vt 0.909233 0.736985
vt 0.910277 0.738903
vt 0.856491 0.234878
vt 0.857713 0.237209
vt 0.604250 0.384081
vt 0.601780 0.385683
vt 0.303136 0.340537
vt 0.303540 0.343759
vt 0.302326 0.344405
vt 0.943324 0.240002
vt 0.944273 0.241224
vt 0.941448 0.241224
vt 0.380886 0.039882
vt 0.382918 0.039932
vt 0.385011 0.039498
vt 0.387374 0.039393
vt 0.389932 0.039230
vt 0.392221 0.038794
vt 0.394081 0.038204
vt 0.397719 0.038197
vt 0.400337 0.037786
vt 0.402116 0.037212
vt 0.404424 0.036762
vt 0.407064 0.036352
vt 0.409082 0.035879
vt 0.740923 0.941326
vt 0.976250 0.645236
vt 0.974701 0.643962
vt 0.977103 0.643962
vt 0.381555 0.042142
vt 0.383662 0.041987
vt 0.382279 0.044219
vt 0.385920 0.041887
vt 0.384498 0.044439
vt 0.383054 0.046840
vt 0.388665 0.042180
vt 0.387160 0.045045
vt 0.385405 0.047100
vt 0.383994 0.050460
vt 0.391570 0.042190
vt 0.390108 0.045358
vt 0.388011 0.047383
vt 0.386762 0.051384
vt 0.385097 0.054568
vt 0.393511 0.041332
vt 0.392693 0.044874
vt 0.390820 0.047542
vt 0.389530 0.051290
vt 0.387779 0.054270
vt 0.873441 0.499260
vt 0.875102 0.497351
vt 0.875430 0.500179
vt 0.395607 0.040728
vt 0.395013 0.044179
vt 0.099560 0.907052
vt 0.099560 0.910468
vt 0.098018 0.908477
vt 0.393251 0.046954
vt 0.392439 0.051214
vt 0.390419 0.053750
vt 0.388726 0.056890
vt 0.871679 0.497351
vt 0.061260 0.641783
vt 0.060136 0.639366
vt 0.063573 0.639372
vt 0.398725 0.040610
vt 0.396963 0.043335
vt 0.396034 0.046744
vt 0.394702 0.050110
vt 0.572358 0.500403
vt 0.568873 0.500906
vt 0.570398 0.498828
vt 0.567065 0.499793
vt 0.693622 0.960772
vt 0.691583 0.958270
vt 0.693622 0.958152
vt 0.565564 0.501588
vt 0.563446 0.500141
vt 0.562513 0.502399
vt 0.560746 0.501385
vt 0.560190 0.503624
vt 0.401783 0.040354
vt 0.399580 0.042978
vt 0.397556 0.045485
vt 0.579318 0.500864
vt 0.577618 0.502356
vt 0.575944 0.500446
vt 0.574202 0.501949
vt 0.570866 0.502471
vt 0.567726 0.503188
vt 0.564534 0.503689
vt 0.060486 0.644401
vt 0.057554 0.642039
vt 0.060050 0.641928
vt 0.059316 0.639663
vt 0.054979 0.639591
vt 0.405237 0.040138
vt 0.404392 0.043556
vt 0.400888 0.045631
vt 0.398404 0.047800
vt 0.396737 0.049006
vt 0.575937 0.503564
vt 0.572613 0.503689
vt 0.397125 0.050873
vt 0.396033 0.054418
vt 0.394995 0.051767
vt 0.393124 0.054199
vt 0.393841 0.056290
vt 0.391456 0.056840
vt 0.505743 0.658664
vt 0.505922 0.661513
vt 0.504497 0.660031
vt 0.503659 0.663669
vt 0.505302 0.664908
vt 0.503085 0.667218
vt 0.504649 0.668435
vt 0.405836 0.039182
vt 0.592563 0.686330
vt 0.592711 0.687994
vt 0.590357 0.687884
vt 0.590630 0.689969
vt 0.406476 0.042800
vt 0.889511 0.194525
vt 0.893231 0.194525
vt 0.890802 0.196187
vt 0.404307 0.045645
vt 0.402415 0.048528
vt 0.400704 0.051501
vt 0.399284 0.054823
vt 0.397048 0.057056
vt 0.266609 0.798531
vt 0.268544 0.800994
vt 0.266609 0.801677
vt 0.507284 0.660070
vt 0.283506 0.718841
vt 0.283286 0.715298
vt 0.285139 0.717225
vt 0.285139 0.713787
vt 0.283671 0.712273
vt 0.285125 0.710211
vt 0.506254 0.666631
vt 0.506389 0.669164
vt 0.408104 0.038701
vt 0.407244 0.041701
vt 0.592895 0.689781
vt 0.591317 0.692493
vt 0.406806 0.045099
vt 0.404793 0.047904
vt 0.403722 0.051356
vt 0.401357 0.053739
vt 0.284301 0.755275
vt 0.281478 0.757406
vt 0.282031 0.755173
vt 0.399827 0.056870
vt 0.267108 0.796257
vt 0.269034 0.799028
vt 0.977146 0.379612
vt 0.974904 0.380849
vt 0.974701 0.379612
vt 0.632180 0.124244
vt 0.633534 0.122943
vt 0.635631 0.124904
vt 0.636655 0.123346
vt 0.638759 0.125156
vt 0.640059 0.123920
vt 0.008305 0.976788
vt 0.006933 0.977101
vt 0.006933 0.974771
vt 0.642090 0.123535
vt 0.641289 0.124975
vt 0.411285 0.035433
vt 0.410726 0.038287
vt 0.410152 0.041355
vt 0.407425 0.043823
vt 0.593521 0.692180
vt 0.592341 0.695180
vt 0.590357 0.695937
vt 0.406201 0.046794
vt 0.405895 0.050527
vt 0.646900 0.889593
vt 0.646900 0.893072
vt 0.645462 0.891090
vt 0.403880 0.053222
vt 0.286192 0.755173
vt 0.284047 0.757586
vt 0.387067 0.820671
vt 0.387067 0.817482
vt 0.389041 0.819127
vt 0.388433 0.815689
vt 0.629429 0.121768
vt 0.631876 0.121423
vt 0.630985 0.123269
vt 0.634622 0.121594
vt 0.636683 0.121297
vt 0.639732 0.121776
vt 0.641824 0.121667
vt 0.410456 0.032811
vt 0.412632 0.034959
vt 0.412324 0.037727
vt 0.411517 0.040618
vt 0.299300 0.350896
vt 0.300033 0.352905
vt 0.298417 0.353693
vt 0.299177 0.355768
vt 0.410981 0.043768
vt 0.408186 0.046115
vt 0.406944 0.049089
vt 0.071340 0.820784
vt 0.069988 0.819100
vt 0.071495 0.817430
vt 0.069988 0.815689
vt 0.215640 0.960572
vt 0.213302 0.960812
vt 0.213302 0.958152
vt 0.941448 0.937125
vt 0.944170 0.937125
vt 0.942735 0.938793
vt 0.286099 0.757615
vt 0.284705 0.759916
vt 0.282670 0.759917
vt 0.282373 0.761746
vt 0.531656 0.107432
vt 0.531395 0.108830
vt 0.529105 0.107769
vt 0.529115 0.110227
vt 0.526925 0.109302
vt 0.526824 0.110621
vt 0.524768 0.109572
vt 0.524734 0.111470
vt 0.522699 0.111872
vt 0.522672 0.113832
vt 0.520745 0.112544
vt 0.520671 0.114940
vt 0.834760 0.339528
vt 0.836472 0.337831
vt 0.837116 0.339528
vt 0.839367 0.338169
vt 0.301539 0.347665
vt 0.302207 0.349516
vt 0.300752 0.350076
vt 0.301793 0.352715
vt 0.300892 0.355098
vt 0.300348 0.358251
vt 0.299046 0.359438
vt 0.410348 0.045563
vt 0.409353 0.048616
vt 0.407881 0.051500
vt 0.406505 0.052797
vt 0.299083 0.364598
vt 0.299032 0.367799
vt 0.297345 0.365859
vt 0.297635 0.369072
vt 0.153051 0.741204
vt 0.151435 0.738593
vt 0.153226 0.739113
vt 0.154224 0.735879
vt 0.151899 0.735595
vt 0.152592 0.733480
vt 0.151435 0.733063
vt 0.664836 0.167412
vt 0.663702 0.168719
vt 0.662105 0.167797
vt 0.661041 0.169055
vt 0.528936 0.111441
vt 0.526890 0.114091
vt 0.524724 0.116588
vt 0.522647 0.115758
vt 0.520715 0.116256
vt 0.378808 0.039198
vt 0.379327 0.041502
vt 0.380034 0.043522
vt 0.380685 0.046134
vt 0.381402 0.049204
vt 0.382224 0.052681
vt 0.136751 0.836186
vt 0.134488 0.837693
vt 0.134488 0.834657
vt 0.061364 0.636886
vt 0.557994 0.502433
vt 0.056674 0.637211
vt 0.503216 0.670483
vt 0.505487 0.670700
vt 0.552617 0.990991
vt 0.552617 0.992896
vt 0.551026 0.991678
vt 0.644488 0.123022
vt 0.518846 0.113603
vt 0.377491 0.040343
vt 0.889511 0.475961
vt 0.892049 0.475961
vt 0.890530 0.477634
vt 0.893168 0.477156
vt 0.378036 0.042405
vt 0.376043 0.041689
vt 0.378177 0.045970
vt 0.376229 0.044399
vt 0.373368 0.044557
vt 0.378781 0.048999
vt 0.376372 0.047839
vt 0.374059 0.046845
vt 0.733288 0.907052
vt 0.733288 0.909609
vt 0.731515 0.908122
vt 0.379559 0.051714
vt 0.377085 0.050381
vt 0.374142 0.050509
vt 0.371552 0.049642
vt 0.372299 0.045373
vt 0.370278 0.047332
vt 0.383167 0.056598
vt 0.380324 0.055192
vt 0.377735 0.053443
vt 0.375089 0.052665
vt 0.372036 0.052705
vt 0.227084 0.871587
vt 0.227084 0.874744
vt 0.225274 0.872740
vt 0.225437 0.875653
vt 0.370694 0.049940
vt 0.368374 0.049134
vt 0.135917 0.839475
vt 0.733109 0.387887
vt 0.736052 0.388363
vt 0.734077 0.390275
vt 0.737284 0.390565
vt 0.738903 0.388824
vt 0.740531 0.390565
vt 0.378553 0.056064
vt 0.375798 0.055530
vt 0.372761 0.055541
vt 0.369651 0.055301
vt 0.368295 0.052458
vt 0.366141 0.051285
vt 0.058828 0.637016
vt 0.059871 0.634427
vt 0.063268 0.634571
vt 0.733980 0.386725
vt 0.737988 0.386533
vt 0.909157 0.521595
vt 0.907145 0.519910
vt 0.910379 0.519910
vt 0.376563 0.058436
vt 0.373642 0.058105
vt 0.370699 0.057601
vt 0.959097 0.531368
vt 0.960665 0.533836
vt 0.958156 0.533836
vt 0.942685 0.317679
vt 0.944230 0.319637
vt 0.941448 0.319637
vt 0.368558 0.055684
vt 0.366774 0.053753
vt 0.857505 0.800163
vt 0.855852 0.801827
vt 0.855458 0.799479
vt 0.057055 0.634500
vt 0.059231 0.632237
vt 0.063573 0.632877
vt 0.060879 0.629853
vt 0.063449 0.629719
vt 0.062935 0.627766
vt 0.910438 0.116500
vt 0.909704 0.118416
vt 0.907766 0.116667
vt 0.907145 0.118416
vt 0.371806 0.059648
vt 0.368961 0.058986
vt 0.366905 0.057076
vt 0.365564 0.054673
vt 0.908796 0.552315
vt 0.907145 0.550889
vt 0.910380 0.550889
vt 0.363756 0.053303
vt 0.365951 0.051198
vt 0.053133 0.637165
vt 0.054752 0.634709
vt 0.714812 0.007914
vt 0.711969 0.009118
vt 0.712560 0.006933
vt 0.709686 0.008232
vt 0.056835 0.632428
vt 0.057335 0.629536
vt 0.573847 0.118199
vt 0.570475 0.119846
vt 0.571236 0.117608
vt 0.568446 0.118560
vt 0.375900 0.061142
vt 0.373046 0.061098
vt 0.374855 0.059515
vt 0.369990 0.061189
vt 0.565477 0.120598
vt 0.562804 0.121408
vt 0.563194 0.119476
vt 0.367421 0.060065
vt 0.365322 0.058393
vt 0.363508 0.056672
vt 0.361709 0.055235
vt 0.718316 0.008971
vt 0.716261 0.009522
vt 0.717482 0.006933
vt 0.713974 0.010225
vt 0.055036 0.632793
vt 0.055246 0.629904
vt 0.575948 0.119466
vt 0.572879 0.120532
vt 0.376602 0.064293
vt 0.373745 0.064107
vt 0.370993 0.063359
vt 0.567715 0.121694
vt 0.564978 0.122824
vt 0.562464 0.123433
vt 0.560288 0.122388
vt 0.560007 0.124171
vt 0.557994 0.123351
vt 0.364052 0.059289
vt 0.362261 0.057673
vt 0.061787 0.736680
vt 0.060897 0.734796
vt 0.062616 0.734757
vt 0.507284 0.671081
vt 0.719194 0.010584
vt 0.717246 0.011172
vt 0.960719 0.348195
vt 0.958156 0.348195
vt 0.959976 0.346398
vt 0.054026 0.635261
vt 0.053267 0.633122
vt 0.053746 0.630451
vt 0.577741 0.120839
vt 0.574747 0.121793
vt 0.572342 0.122304
vt 0.570380 0.121021
vt 0.569693 0.123042
vt 0.567096 0.123787
vt 0.564552 0.124695
vt 0.562274 0.125687
vt 0.788994 0.941326
vt 0.788871 0.943811
vt 0.786565 0.942105
vt 0.786565 0.944138
vt 0.062616 0.738928
vt 0.060535 0.738980
vt 0.059979 0.736791
vt 0.059429 0.734616
vt 0.718909 0.524235
vt 0.716848 0.525000
vt 0.716818 0.523403
vt 0.714735 0.524097
vt 0.714658 0.522461
vt 0.711861 0.525000
vt 0.711854 0.522894
vt 0.709686 0.523447
vt 0.579848 0.120504
vt 0.579335 0.122163
vt 0.576748 0.122834
vt 0.686433 0.801572
vt 0.686112 0.798842
vt 0.688295 0.800538
vt 0.688295 0.797792
vt 0.687263 0.796257
vt 0.571765 0.124065
vt 0.660565 0.616348
vt 0.661280 0.613534
vt 0.662740 0.616024
vt 0.664557 0.614020
vt 0.663506 0.611851
vt 0.667017 0.612750
vt 0.666551 0.611221
vt 0.669905 0.612315
vt 0.669513 0.611023
vt 0.061088 0.741187
vt 0.059614 0.740887
vt 0.059093 0.738718
vt 0.640432 0.393479
vt 0.641671 0.391185
vt 0.642311 0.393178
vt 0.643845 0.391455
vt 0.838795 0.496645
vt 0.837290 0.497635
vt 0.836977 0.496111
vt 0.644207 0.121297
vt 0.942560 0.846316
vt 0.944211 0.847411
vt 0.941448 0.847411
vt 0.348005 0.977032
vt 0.346737 0.974771
vt 0.348373 0.974771
vt 0.498061 0.796257
vt 0.496834 0.799519
vt 0.496218 0.796946
vt 0.495113 0.799611
vt 0.496101 0.801576
vt 0.581801 0.121558
vt 0.581061 0.123282
vt 0.578401 0.123988
vt 0.575525 0.124815
vt 0.574493 0.123292
vt 0.942278 0.799411
vt 0.944186 0.801095
vt 0.941448 0.801095
vt 0.771595 0.958152
vt 0.771595 0.960780
vt 0.769749 0.960305
vt 0.834760 0.432402
vt 0.838968 0.433889
vt 0.835633 0.434386
vt 0.658825 0.613712
vt 0.659846 0.611023
vt 0.809545 0.834658
vt 0.809545 0.837695
vt 0.808057 0.836624
vt 0.808102 0.839332
vt 0.149694 0.889593
vt 0.149694 0.893157
vt 0.148226 0.891446
vt 0.163871 0.992579
vt 0.162122 0.993021
vt 0.162122 0.990991
vt 0.637488 0.395975
vt 0.637890 0.392593
vt 0.639007 0.395342
vt 0.639773 0.391462
vt 0.512865 0.366096
vt 0.514833 0.365962
vt 0.514543 0.367371
vt 0.839322 0.497949
vt 0.478149 0.796257
vt 0.479607 0.797544
vt 0.478327 0.798518
vt 0.927551 0.160014
vt 0.518964 0.114717
vt 0.516991 0.114311
vt 0.516952 0.112574
vt 0.514412 0.115602
vt 0.498061 0.800250
vt 0.958156 0.814551
vt 0.960680 0.814551
vt 0.959116 0.815942
vt 0.834760 0.656547
vt 0.836620 0.656762
vt 0.836521 0.658547
vt 0.839253 0.656474
vt 0.839253 0.658606
vt 0.977057 0.705237
vt 0.974701 0.706769
vt 0.974701 0.705013
vt 0.577530 0.125687
vt 0.507933 0.112416
vt 0.506098 0.110616
vt 0.507994 0.110089
vt 0.506235 0.108205
vt 0.502771 0.110980
vt 0.839328 0.432402
vt 0.498850 0.365195
vt 0.501269 0.365192
vt 0.500293 0.366714
vt 0.502857 0.366730
vt 0.503813 0.365175
vt 0.629430 0.394027
vt 0.629586 0.392660
vt 0.633412 0.394513
vt 0.633269 0.393049
vt 0.636639 0.393730
vt 0.889511 0.870757
vt 0.890937 0.868762
vt 0.890959 0.870923
vt 0.892978 0.870147
vt 0.893070 0.868762
vt 0.513137 0.364749
vt 0.515077 0.364707
vt 0.378675 0.036722
vt 0.369108 0.872388
vt 0.367000 0.873506
vt 0.367626 0.871587
vt 0.376001 0.039171
vt 0.374042 0.040955
vt 0.731019 0.910363
vt 0.369322 0.045255
vt 0.368079 0.046396
vt 0.365409 0.048830
vt 0.853450 0.800767
vt 0.363008 0.051033
vt 0.361621 0.052302
vt 0.061332 0.733063
vt 0.420423 0.907052
vt 0.420423 0.909650
vt 0.419229 0.907904
vt 0.835015 0.497949
vt 0.479382 0.800135
vt 0.377105 0.038155
vt 0.377154 0.035442
vt 0.369213 0.874313
vt 0.367000 0.875592
vt 0.375467 0.036890
vt 0.375467 0.034167
vt 0.373989 0.038256
vt 0.373261 0.035703
vt 0.373546 0.032806
vt 0.371621 0.043160
vt 0.372166 0.039830
vt 0.371776 0.037150
vt 0.370979 0.034298
vt 0.371393 0.031305
vt 0.369577 0.041933
vt 0.370134 0.038638
vt 0.369610 0.035821
vt 0.369108 0.032776
vt 0.369568 0.029817
vt 0.857737 0.251285
vt 0.855990 0.252889
vt 0.855116 0.251076
vt 0.853310 0.252889
vt 0.367085 0.044032
vt 0.367784 0.040462
vt 0.367037 0.037588
vt 0.366542 0.034405
vt 0.366215 0.031065
vt 0.367023 0.028040
vt 0.364477 0.046253
vt 0.364129 0.043033
vt 0.363422 0.039820
vt 0.363597 0.036238
vt 0.364629 0.032793
vt 0.815581 0.743244
vt 0.818724 0.743244
vt 0.817642 0.745263
vt 0.820686 0.745245
vt 0.365593 0.029743
vt 0.365085 0.026441
vt 0.853310 0.798719
vt 0.977010 0.876605
vt 0.974701 0.878374
vt 0.974701 0.876251
vt 0.368178 0.686330
vt 0.369077 0.688540
vt 0.366166 0.687980
vt 0.367353 0.690151
vt 0.867133 0.944136
vt 0.864928 0.943192
vt 0.867133 0.941326
vt 0.708901 0.761643
vt 0.708967 0.758385
vt 0.711088 0.759939
vt 0.710980 0.757277
vt 0.708901 0.755173
vt 0.361025 0.038158
vt 0.361351 0.034533
vt 0.362056 0.031091
vt 0.363252 0.028057
vt 0.363924 0.025199
vt 0.853310 0.802425
vt 0.362535 0.048332
vt 0.364430 0.049731
vt 0.364589 0.046515
vt 0.363059 0.044911
vt 0.369304 0.690818
vt 0.366487 0.693145
vt 0.743822 0.755173
vt 0.746091 0.757414
vt 0.744087 0.758168
vt 0.745776 0.760649
vt 0.743822 0.761550
vt 0.690754 0.712615
vt 0.690885 0.715867
vt 0.689210 0.715115
vt 0.689419 0.718437
vt 0.359954 0.036276
vt 0.359177 0.032794
vt 0.360063 0.029416
vt 0.361956 0.026683
vt 0.816636 0.815689
vt 0.817049 0.818530
vt 0.815273 0.817821
vt 0.361245 0.049578
vt 0.360192 0.047174
vt 0.359600 0.044262
vt 0.368228 0.693946
vt 0.366166 0.696042
vt 0.747692 0.759807
vt 0.692162 0.710211
vt 0.692331 0.713463
vt 0.692331 0.716512
vt 0.944242 0.162474
vt 0.943278 0.164523
vt 0.941448 0.162474
vt 0.320114 0.710211
vt 0.319955 0.713195
vt 0.317769 0.712297
vt 0.318267 0.715624
vt 0.320114 0.716200
vt 0.319678 0.718753
vt 0.359531 0.028104
vt 0.360802 0.025410
vt 0.363531 0.024390
vt 0.361875 0.022985
vt 0.960741 0.391914
vt 0.959651 0.393143
vt 0.958156 0.391914
vt 0.740777 0.138464
vt 0.738988 0.137945
vt 0.740839 0.136794
vt 0.739004 0.136240
vt 0.735649 0.136655
vt 0.357380 0.049456
vt 0.357135 0.046247
vt 0.356757 0.043035
vt 0.358310 0.041420
vt 0.356639 0.039677
vt 0.358696 0.037920
vt 0.355392 0.036416
vt 0.358855 0.034556
vt 0.355569 0.032886
vt 0.358989 0.031252
vt 0.357962 0.029782
vt 0.815581 0.583126
vt 0.818631 0.583126
vt 0.817761 0.584734
vt 0.820735 0.584581
vt 0.359222 0.026988
vt 0.359877 0.024279
vt 0.360069 0.021497
vt 0.419364 0.910455
vt 0.517651 0.369335
vt 0.519859 0.370526
vt 0.517221 0.370798
vt 0.360771 0.053084
vt 0.358041 0.052530
vt 0.360354 0.050505
vt 0.356397 0.050577
vt 0.735671 0.138464
vt 0.733109 0.137713
vt 0.355112 0.048034
vt 0.355415 0.044538
vt 0.690219 0.198762
vt 0.686877 0.199856
vt 0.687733 0.198038
vt 0.684810 0.198455
vt 0.801623 0.333138
vt 0.798959 0.333145
vt 0.800395 0.331343
vt 0.797320 0.331257
vt 0.795914 0.333145
vt 0.354021 0.034664
vt 0.457583 0.715846
vt 0.454800 0.712866
vt 0.457635 0.712966
vt 0.454800 0.710211
vt 0.356510 0.031437
vt 0.355848 0.028165
vt 0.356740 0.025265
vt 0.356739 0.022187
vt 0.357752 0.019708
vt 0.834760 0.496284
vt 0.517578 0.367714
vt 0.519790 0.368787
vt 0.523008 0.370349
vt 0.354545 0.052255
vt 0.353952 0.049350
vt 0.695619 0.198853
vt 0.691979 0.200086
vt 0.693369 0.198038
vt 0.689044 0.200744
vt 0.910346 0.786130
vt 0.907144 0.786130
vt 0.909711 0.784496
vt 0.300215 0.755173
vt 0.302222 0.757422
vt 0.300058 0.758373
vt 0.302222 0.760829
vt 0.300069 0.761873
vt 0.457627 0.718676
vt 0.455581 0.715621
vt 0.353873 0.033020
vt 0.355923 0.030071
vt 0.400007 0.871587
vt 0.400899 0.873057
vt 0.398451 0.873511
vt 0.398986 0.875497
vt 0.354608 0.026747
vt 0.353551 0.023231
vt 0.353933 0.020180
vt 0.354396 0.017277
vt 0.478149 0.801098
vt 0.480846 0.801569
vt 0.520062 0.367383
vt 0.522451 0.368418
vt 0.525546 0.369743
vt 0.352472 0.050819
vt 0.351379 0.048075
vt 0.355067 0.045569
vt 0.350413 0.045058
vt 0.355361 0.042326
vt 0.349816 0.041751
vt 0.353587 0.039590
vt 0.352642 0.037848
vt 0.893252 0.023254
vt 0.892080 0.024865
vt 0.890330 0.023202
vt 0.889511 0.024865
vt 0.352378 0.036404
vt 0.351774 0.034686
vt 0.351472 0.031393
vt 0.353993 0.028566
vt 0.400899 0.875563
vt 0.646690 0.960816
vt 0.646690 0.958152
vt 0.647922 0.958500
vt 0.391156 0.857623
vt 0.389620 0.856858
vt 0.391226 0.854657
vt 0.389620 0.853409
vt 0.352297 0.021884
vt 0.352053 0.018594
vt 0.480845 0.798995
vt 0.481247 0.801140
vt 0.518068 0.366511
vt 0.520187 0.366041
vt 0.522189 0.366854
vt 0.524695 0.367836
vt 0.527863 0.369051
vt 0.527858 0.370798
vt 0.530539 0.370166
vt 0.349202 0.046539
vt 0.348418 0.043379
vt 0.348770 0.039861
vt 0.349546 0.036392
vt 0.349942 0.033086
vt 0.125733 0.446351
vt 0.125754 0.449517
vt 0.124567 0.448790
vt 0.350734 0.029919
vt 0.351485 0.026916
vt 0.353839 0.025512
vt 0.350800 0.023609
vt 0.348755 0.019599
vt 0.349572 0.016691
vt 0.379131 0.034423
vt 0.377512 0.033060
vt 0.375845 0.031674
vt 0.374391 0.030369
vt 0.372706 0.028971
vt 0.371386 0.027767
vt 0.368394 0.025587
vt 0.366398 0.023947
vt 0.815273 0.820566
vt 0.363627 0.021451
vt 0.362864 0.020646
vt 0.359599 0.018126
vt 0.356790 0.015891
vt 0.354992 0.014360
vt 0.379646 0.031831
vt 0.377869 0.030323
vt 0.380269 0.028986
vt 0.376441 0.029102
vt 0.636988 0.857574
vt 0.636988 0.853409
vt 0.638314 0.856467
vt 0.378305 0.027153
vt 0.381037 0.026481
vt 0.374558 0.027508
vt 0.875522 0.152513
vt 0.872591 0.152513
vt 0.875078 0.150119
vt 0.871679 0.150104
vt 0.376366 0.025466
vt 0.379138 0.024456
vt 0.381735 0.023489
vt 0.924364 0.715341
vt 0.927424 0.714535
vt 0.927424 0.716570
vt 0.373372 0.026492
vt 0.201608 0.718913
vt 0.199897 0.717114
vt 0.201377 0.716268
vt 0.200084 0.713727
vt 0.201845 0.712439
vt 0.199897 0.710211
vt 0.377123 0.022482
vt 0.379815 0.021186
vt 0.382499 0.019724
vt 0.371392 0.024815
vt 0.373364 0.023202
vt 0.374989 0.024530
vt 0.714941 0.909668
vt 0.717152 0.907160
vt 0.717152 0.910350
vt 0.374944 0.020347
vt 0.377650 0.018664
vt 0.380517 0.017407
vt 0.383378 0.015514
vt 0.368779 0.022606
vt 0.371213 0.021249
vt 0.373330 0.019272
vt 0.714592 0.907052
vt 0.375368 0.016263
vt 0.378337 0.014799
vt 0.381339 0.014275
vt 0.839268 0.623743
vt 0.837557 0.625879
vt 0.836496 0.623743
vt 0.834760 0.625870
vt 0.384105 0.013504
vt 0.364766 0.022532
vt 0.366160 0.020390
vt 0.368456 0.018661
vt 0.370924 0.016893
vt 0.373242 0.014427
vt 0.375761 0.011328
vt 0.379115 0.010876
vt 0.382161 0.011755
vt 0.384920 0.010378
vt 0.364800 0.019230
vt 0.662729 0.944165
vt 0.662729 0.941326
vt 0.664799 0.943451
vt 0.365679 0.016113
vt 0.369363 0.015808
vt 0.371651 0.013636
vt 0.875429 0.871390
vt 0.872648 0.872929
vt 0.871679 0.871390
vt 0.373991 0.010829
vt 0.839371 0.322259
vt 0.836331 0.323965
vt 0.834760 0.322259
vt 0.801494 0.396635
vt 0.798774 0.397348
vt 0.799232 0.394793
vt 0.796206 0.396350
vt 0.795914 0.398765
vt 0.380120 0.008974
vt 0.382992 0.007977
vt 0.385742 0.007223
vt 0.974701 0.831262
vt 0.977059 0.830273
vt 0.977059 0.831659
vt 0.820362 0.553238
vt 0.817766 0.551585
vt 0.820734 0.551523
vt 0.362808 0.017539
vt 0.006933 0.780331
vt 0.008849 0.777997
vt 0.008592 0.782391
vt 0.363388 0.014118
vt 0.366228 0.012555
vt 0.369450 0.011591
vt 0.372210 0.009879
vt 0.375125 0.008444
vt 0.801058 0.398765
vt 0.557994 0.230642
vt 0.560938 0.228324
vt 0.559784 0.231543
vt 0.562929 0.231576
vt 0.563960 0.230024
vt 0.684810 0.497700
vt 0.685862 0.495762
vt 0.687587 0.497788
vt 0.688556 0.495588
vt 0.690280 0.497788
vt 0.691003 0.495715
vt 0.360736 0.015781
vt 0.815581 0.553238
vt 0.361297 0.012338
vt 0.006933 0.775917
vt 0.364127 0.010763
vt 0.367020 0.009222
vt 0.370579 0.009059
vt 0.853310 0.532864
vt 0.856121 0.532764
vt 0.854904 0.534680
vt 0.857664 0.534680
vt 0.733400 0.559626
vt 0.736024 0.562207
vt 0.733109 0.561444
vt 0.735840 0.564182
vt 0.738470 0.564073
vt 0.562118 0.226250
vt 0.564955 0.227662
vt 0.566600 0.230222
vt 0.567661 0.226989
vt 0.569211 0.229501
vt 0.570266 0.226430
vt 0.358102 0.013548
vt 0.358405 0.009747
vt 0.361601 0.008447
vt 0.364851 0.007328
vt 0.795914 0.475159
vt 0.800783 0.474945
vt 0.797986 0.476920
vt 0.801567 0.476920
vt 0.924364 0.251306
vt 0.927519 0.251306
vt 0.925543 0.252986
vt 0.305484 0.559303
vt 0.306155 0.561623
vt 0.304197 0.562127
vt 0.305605 0.564710
vt 0.736185 0.560399
vt 0.738562 0.562258
vt 0.775938 0.672703
vt 0.777183 0.671218
vt 0.778505 0.673368
vt 0.780154 0.671511
vt 0.781673 0.673368
vt 0.563189 0.226367
vt 0.565929 0.225224
vt 0.568821 0.223287
vt 0.571250 0.223659
vt 0.356545 0.012223
vt 0.357699 0.009365
vt 0.160589 0.761943
vt 0.159991 0.758519
vt 0.161684 0.757831
vt 0.159991 0.755173
vt 0.359716 0.006933
vt 0.257202 0.775917
vt 0.257314 0.779715
vt 0.255519 0.777799
vt 0.255519 0.780931
vt 0.257198 0.782258
vt 0.310720 0.556407
vt 0.311370 0.559000
vt 0.306270 0.558496
vt 0.309860 0.561845
vt 0.307863 0.564326
vt 0.927494 0.454131
vt 0.924364 0.454131
vt 0.925730 0.452503
vt 0.738166 0.559626
vt 0.740387 0.561292
vt 0.778646 0.669722
vt 0.781348 0.670080
vt 0.149734 0.815689
vt 0.151081 0.816998
vt 0.149060 0.818149
vt 0.149285 0.820741
vt 0.566888 0.222764
vt 0.569739 0.220958
vt 0.572200 0.221019
vt 0.354098 0.010147
vt 0.356851 0.008809
vt 0.494815 0.500100
vt 0.493791 0.503029
vt 0.492384 0.502537
vt 0.491239 0.505718
vt 0.314250 0.549861
vt 0.316664 0.552698
vt 0.314584 0.553003
vt 0.316131 0.555872
vt 0.312098 0.555909
vt 0.313360 0.558583
vt 0.314195 0.562193
vt 0.311793 0.564722
vt 0.308365 0.566367
vt 0.305490 0.566318
vt 0.306914 0.568775
vt 0.304902 0.569278
vt 0.305497 0.571070
vt 0.302784 0.570947
vt 0.304201 0.573335
vt 0.151081 0.819685
vt 0.565046 0.222935
vt 0.568104 0.218344
vt 0.570939 0.217201
vt 0.572972 0.219024
vt 0.872679 0.702025
vt 0.874104 0.703428
vt 0.871679 0.703428
vt 0.569875 0.460834
vt 0.570727 0.461645
vt 0.567639 0.463723
vt 0.572237 0.457188
vt 0.571971 0.461308
vt 0.778574 0.102582
vt 0.777088 0.101758
vt 0.779247 0.101156
vt 0.777944 0.104002
vt 0.776856 0.102960
vt 0.642533 0.105191
vt 0.641043 0.103825
vt 0.643128 0.103392
vt 0.641857 0.106581
vt 0.640555 0.105925
vt 0.784163 0.992812
vt 0.782755 0.992323
vt 0.784163 0.990991
vt 0.162094 0.596662
vt 0.162856 0.595365
vt 0.166623 0.597154
vt 0.077260 0.761152
vt 0.075875 0.760172
vt 0.077684 0.759310
vt 0.160000 0.594248
vt 0.161993 0.592823
vt 0.161243 0.595455
vt 0.714869 0.591899
vt 0.712921 0.591376
vt 0.716010 0.590041
vt 0.693832 0.399025
vt 0.693761 0.401016
vt 0.690682 0.400988
vt 0.777400 0.607011
vt 0.778773 0.608198
vt 0.775938 0.607807
vt 0.779178 0.606104
vt 0.780173 0.607404
vt 0.875459 0.702051
vt 0.212891 0.817610
vt 0.211193 0.817976
vt 0.211648 0.815689
vt 0.395636 0.944229
vt 0.395582 0.942194
vt 0.396957 0.943167
vt 0.396957 0.941326
vt 0.212891 0.820080
vt 0.211570 0.820730
vt 0.573857 0.458771
vt 0.574313 0.461396
vt 0.753356 0.992816
vt 0.751765 0.991078
vt 0.753356 0.990991
vt 0.475784 0.600885
vt 0.474120 0.601079
vt 0.475039 0.599210
vt 0.473220 0.599726
vt 0.573284 0.457083
vt 0.575441 0.456937
vt 0.575832 0.460121
vt 0.576819 0.461146
vt 0.474915 0.602681
vt 0.473203 0.602939
vt 0.775938 0.104601
vt 0.927146 0.747177
vt 0.924616 0.747002
vt 0.927438 0.745610
vt 0.924364 0.745610
vt 0.756273 0.468169
vt 0.756076 0.470364
vt 0.754740 0.468099
vt 0.578357 0.459554
vt 0.579362 0.461144
vt 0.473986 0.604632
vt 0.472116 0.605158
vt 0.797419 0.283644
vt 0.798531 0.287125
vt 0.795914 0.284564
vt 0.638114 0.102643
vt 0.434236 0.820698
vt 0.434064 0.817618
vt 0.435407 0.818932
vt 0.435407 0.815689
vt 0.759557 0.468099
vt 0.758855 0.470987
vt 0.475868 0.603769
vt 0.474771 0.606469
vt 0.472922 0.606921
vt 0.471038 0.607350
vt 0.800147 0.283899
vt 0.801549 0.287125
vt 0.639907 0.107430
vt 0.638186 0.106130
vt 0.635836 0.103879
vt 0.636039 0.100912
vt 0.633430 0.102001
vt 0.761744 0.469893
vt 0.211873 0.855318
vt 0.213469 0.853409
vt 0.213469 0.857663
vt 0.853310 0.185577
vt 0.857679 0.185577
vt 0.853633 0.187106
vt 0.855899 0.188938
vt 0.471747 0.609463
vt 0.469271 0.610993
vt 0.167579 0.595968
vt 0.076215 0.758493
vt 0.074568 0.757846
vt 0.077684 0.755264
vt 0.075782 0.755174
vt 0.072437 0.757590
vt 0.073265 0.755375
vt 0.660766 0.892873
vt 0.662314 0.890207
vt 0.662916 0.893032
vt 0.633934 0.105967
vt 0.630616 0.103094
vt 0.631328 0.101038
vt 0.594388 0.797296
vt 0.592854 0.800185
vt 0.592750 0.796257
vt 0.591307 0.799648
vt 0.591355 0.801545
vt 0.794190 0.839234
vt 0.791142 0.838812
vt 0.794190 0.836387
vt 0.790640 0.836731
vt 0.793482 0.834658
vt 0.453416 0.573051
vt 0.074018 0.759827
vt 0.072357 0.759066
vt 0.816382 0.976881
vt 0.814677 0.974771
vt 0.816719 0.974771
vt 0.439164 0.975999
vt 0.440610 0.974771
vt 0.440610 0.977023
vt 0.660766 0.889593
vt 0.072417 0.798112
vt 0.071084 0.796939
vt 0.073230 0.796257
vt 0.631622 0.107430
vt 0.629429 0.106593
vt 0.594388 0.800537
vt 0.960701 0.439947
vt 0.958156 0.439947
vt 0.960692 0.438087
vt 0.907145 0.289072
vt 0.910400 0.289072
vt 0.908157 0.290975
vt 0.662758 0.927316
vt 0.660701 0.927316
vt 0.662852 0.924383
vt 0.660422 0.925005
vt 0.875186 0.168398
vt 0.872225 0.166726
vt 0.875535 0.166379
vt 0.452236 0.570713
vt 0.075554 0.761822
vt 0.074239 0.760746
vt 0.958540 0.688996
vt 0.960685 0.690669
vt 0.958156 0.690669
vt 0.801810 0.926274
vt 0.800506 0.927360
vt 0.800506 0.924383
vt 0.408697 0.696000
vt 0.406139 0.693860
vt 0.409016 0.694675
vt 0.408439 0.691917
vt 0.179714 0.993003
vt 0.177737 0.990991
vt 0.179729 0.990991
vt 0.071393 0.800181
vt 0.069800 0.799131
vt 0.068264 0.797999
vt 0.068692 0.796318
vt 0.711683 0.244566
vt 0.714481 0.246812
vt 0.710732 0.245905
vt 0.411680 0.836034
vt 0.409862 0.839428
vt 0.409862 0.834657
vt 0.715198 0.248442
vt 0.709686 0.247302
vt 0.710014 0.249057
vt 0.599505 0.425440
vt 0.600103 0.428891
vt 0.596802 0.429874
vt 0.871679 0.168398
vt 0.381755 0.992938
vt 0.379966 0.992938
vt 0.381028 0.990991
vt 0.614512 0.382392
vt 0.611918 0.383925
vt 0.612065 0.381215
vt 0.609298 0.381847
vt 0.713683 0.589625
vt 0.711381 0.590740
vt 0.711978 0.589016
vt 0.941817 0.976851
vt 0.939755 0.976463
vt 0.941817 0.974771
vt 0.815581 0.760026
vt 0.817861 0.760300
vt 0.816099 0.761624
vt 0.818855 0.761824
vt 0.406227 0.691002
vt 0.409016 0.688548
vt 0.068264 0.801615
vt 0.761703 0.417359
vt 0.758623 0.415234
vt 0.761628 0.414599
vt 0.711376 0.242947
vt 0.713194 0.243436
vt 0.715439 0.245592
vt 0.716577 0.247319
vt 0.718077 0.249057
vt 0.602358 0.424236
vt 0.603137 0.427699
vt 0.775938 0.154005
vt 0.778951 0.154012
vt 0.777025 0.155581
vt 0.779617 0.155538
vt 0.608849 0.383955
vt 0.606563 0.382076
vt 0.712211 0.593012
vt 0.709686 0.592719
vt 0.687623 0.452744
vt 0.685349 0.455600
vt 0.684969 0.452724
vt 0.816136 0.759130
vt 0.819067 0.759130
vt 0.820650 0.760479
vt 0.856234 0.722371
vt 0.854813 0.720962
vt 0.857628 0.721117
vt 0.405448 0.688302
vt 0.406684 0.686330
vt 0.758255 0.417349
vt 0.755191 0.414599
vt 0.716167 0.244322
vt 0.742432 0.873213
vt 0.740343 0.873476
vt 0.742083 0.871587
vt 0.180130 0.875603
vt 0.177185 0.875432
vt 0.179118 0.873743
vt 0.177185 0.871587
vt 0.718937 0.247890
vt 0.024156 0.925858
vt 0.022576 0.925175
vt 0.024156 0.924383
vt 0.604873 0.424777
vt 0.605868 0.426278
vt 0.781968 0.154005
vt 0.944224 0.301713
vt 0.943210 0.303813
vt 0.941448 0.301713
vt 0.606126 0.384527
vt 0.695211 0.401330
vt 0.779263 0.609713
vt 0.777404 0.608983
vt 0.958156 0.657814
vt 0.960661 0.657814
vt 0.959513 0.659971
vt 0.368182 0.891886
vt 0.366859 0.893136
vt 0.366859 0.889593
vt 0.687377 0.456006
vt 0.686397 0.458276
vt 0.684810 0.457458
vt 0.208755 0.993024
vt 0.208951 0.990991
vt 0.210251 0.993024
vt 0.853310 0.722371
vt 0.176125 0.943639
vt 0.176125 0.941326
vt 0.178464 0.944208
vt 0.178318 0.941770
vt 0.757652 0.419103
vt 0.754740 0.416556
vt 0.742432 0.875517
vt 0.740720 0.875116
vt 0.240148 0.782232
vt 0.240295 0.778443
vt 0.241652 0.782106
vt 0.241652 0.778267
vt 0.024008 0.927431
vt 0.022708 0.926558
vt 0.974701 0.689644
vt 0.977077 0.689644
vt 0.974816 0.691146
vt 0.607275 0.423500
vt 0.608570 0.428071
vt 0.402963 0.820694
vt 0.402907 0.817750
vt 0.404351 0.818462
vt 0.404351 0.815689
vt 0.603690 0.386652
vt 0.781597 0.608722
vt 0.876107 0.959999
vt 0.878185 0.958152
vt 0.878185 0.960752
vt 0.687725 0.454373
vt 0.689388 0.456284
vt 0.688510 0.458540
vt 0.688566 0.460028
vt 0.686161 0.460052
vt 0.688607 0.461590
vt 0.685721 0.462127
vt 0.560612 0.152384
vt 0.561774 0.153719
vt 0.557994 0.153742
vt 0.561617 0.155198
vt 0.566369 0.155106
vt 0.562702 0.156523
vt 0.231096 0.630221
vt 0.229568 0.630834
vt 0.228067 0.627766
vt 0.238915 0.778537
vt 0.239348 0.775917
vt 0.241162 0.777065
vt 0.873334 0.214029
vt 0.874090 0.215375
vt 0.871679 0.215375
vt 0.208841 0.977059
vt 0.207805 0.974771
vt 0.209352 0.974771
vt 0.959453 0.675129
vt 0.958156 0.673838
vt 0.960705 0.673838
vt 0.609772 0.424953
vt 0.611124 0.427859
vt 0.609766 0.429874
vt 0.306070 0.340728
vt 0.304748 0.342148
vt 0.304462 0.338819
vt 0.585515 0.893045
vt 0.583645 0.891491
vt 0.585410 0.891521
vt 0.583332 0.890127
vt 0.585515 0.889593
vt 0.891471 0.853048
vt 0.891088 0.854409
vt 0.889511 0.852071
vt 0.889835 0.854895
vt 0.710770 0.872552
vt 0.709383 0.873396
vt 0.709774 0.871587
vt 0.690877 0.458350
vt 0.689335 0.461625
vt 0.927428 0.853893
vt 0.924364 0.853893
vt 0.926327 0.852443
vt 0.944186 0.691486
vt 0.941448 0.691486
vt 0.943469 0.689535
vt 0.690531 0.461856
vt 0.561864 0.151053
vt 0.563527 0.152405
vt 0.566237 0.153775
vt 0.428157 0.761838
vt 0.428193 0.757459
vt 0.429641 0.757201
vt 0.428157 0.755173
vt 0.230815 0.632557
vt 0.229553 0.633242
vt 0.820761 0.412311
vt 0.818210 0.411915
vt 0.818916 0.410464
vt 0.816594 0.410956
vt 0.875554 0.214674
vt 0.992691 0.037522
vt 0.992691 0.039009
vt 0.991095 0.037936
vt 0.350544 0.991218
vt 0.349100 0.992961
vt 0.349100 0.990991
vt 0.272516 0.993006
vt 0.271006 0.992902
vt 0.272516 0.990991
vt 0.611836 0.423740
vt 0.613282 0.426507
vt 0.306181 0.343311
vt 0.305005 0.345076
vt 0.818115 0.235453
vt 0.817115 0.234144
vt 0.819391 0.234347
vt 0.305658 0.348688
vt 0.303981 0.348964
vt 0.304688 0.347254
vt 0.306663 0.350284
vt 0.305097 0.350931
vt 0.818343 0.647618
vt 0.819425 0.649370
vt 0.816622 0.648346
vt 0.308689 0.353275
vt 0.307132 0.353777
vt 0.307659 0.351636
vt 0.777368 0.572580
vt 0.775938 0.571720
vt 0.778971 0.570406
vt 0.310983 0.355656
vt 0.309357 0.356859
vt 0.309826 0.354042
vt 0.710724 0.453002
vt 0.712342 0.456276
vt 0.709686 0.456409
vt 0.712015 0.451029
vt 0.713233 0.452858
vt 0.313869 0.361579
vt 0.312497 0.362648
vt 0.312644 0.360179
vt 0.715669 0.449814
vt 0.716852 0.450976
vt 0.714400 0.451482
vt 0.424268 0.738218
vt 0.423105 0.739502
vt 0.422911 0.736769
vt 0.554954 0.873088
vt 0.556303 0.871587
vt 0.556303 0.874103
vt 0.317474 0.368158
vt 0.316354 0.369385
vt 0.316512 0.366580
vt 0.317932 0.371319
vt 0.815581 0.235571
vt 0.457551 0.992911
vt 0.457551 0.990991
vt 0.459352 0.992818
vt 0.303551 0.352007
vt 0.425297 0.974771
vt 0.425297 0.977027
vt 0.423924 0.975709
vt 0.119048 0.959690
vt 0.121008 0.958152
vt 0.121008 0.960844
vt 0.304517 0.353419
vt 0.302734 0.354153
vt 0.820713 0.647394
vt 0.305569 0.355059
vt 0.305995 0.351725
vt 0.304067 0.356448
vt 0.302039 0.356952
vt 0.308217 0.355192
vt 0.306562 0.356301
vt 0.801674 0.071139
vt 0.799699 0.073396
vt 0.799847 0.071235
vt 0.796459 0.071139
vt 0.305217 0.358376
vt 0.303432 0.359160
vt 0.056208 0.856208
vt 0.053845 0.854915
vt 0.056096 0.853409
vt 0.411544 0.044138
vt 0.411424 0.047552
vt 0.307744 0.358611
vt 0.306187 0.359845
vt 0.795914 0.072758
vt 0.304375 0.360719
vt 0.302628 0.361967
vt 0.053845 0.857644
vt 0.300845 0.363260
vt 0.301173 0.359822
vt 0.299652 0.361343
vt 0.310561 0.358483
vt 0.308871 0.359713
vt 0.593972 0.781982
vt 0.590895 0.780981
vt 0.594009 0.778906
vt 0.590473 0.778600
vt 0.593097 0.777396
vt 0.590473 0.775917
vt 0.305633 0.362716
vt 0.304174 0.364056
vt 0.200730 0.839466
vt 0.199930 0.835852
vt 0.201973 0.837805
vt 0.201973 0.834657
vt 0.302356 0.365229
vt 0.300643 0.366510
vt 0.504888 0.716672
vt 0.507003 0.715494
vt 0.507333 0.718654
vt 0.309999 0.361831
vt 0.308342 0.363133
vt 0.307180 0.361222
vt 0.306728 0.364492
vt 0.305302 0.365796
vt 0.303420 0.367050
vt 0.301877 0.368314
vt 0.891369 0.070385
vt 0.890962 0.072845
vt 0.889511 0.070385
vt 0.761749 0.432970
vt 0.759270 0.435539
vt 0.759721 0.433017
vt 0.756945 0.432970
vt 0.715015 0.451839
vt 0.310950 0.363869
vt 0.311457 0.360874
vt 0.504960 0.713933
vt 0.505265 0.712050
vt 0.507333 0.713469
vt 0.505778 0.710211
vt 0.307866 0.366297
vt 0.306286 0.367538
vt 0.944163 0.907100
vt 0.941448 0.908540
vt 0.941448 0.906649
vt 0.304598 0.368856
vt 0.303111 0.370040
vt 0.893207 0.070590
vt 0.892603 0.072587
vt 0.669406 0.170648
vt 0.668018 0.169595
vt 0.670740 0.169193
vt 0.756843 0.436094
vt 0.754740 0.435016
vt 0.313544 0.364380
vt 0.311953 0.365602
vt 0.310480 0.366805
vt 0.309412 0.365082
vt 0.308949 0.368055
vt 0.307404 0.369213
vt 0.305667 0.370760
vt 0.303982 0.372104
vt 0.540698 0.107798
vt 0.538717 0.110527
vt 0.538699 0.107927
vt 0.535782 0.108327
vt 0.536411 0.107196
vt 0.533686 0.107401
vt 0.667042 0.171184
vt 0.665231 0.169877
vt 0.666202 0.168196
vt 0.718723 0.450187
vt 0.314599 0.366098
vt 0.312972 0.367288
vt 0.311408 0.368431
vt 0.309955 0.369638
vt 0.944174 0.877617
vt 0.941448 0.876533
vt 0.944174 0.875929
vt 0.977163 0.102640
vt 0.974701 0.100635
vt 0.977163 0.100603
vt 0.308467 0.371166
vt 0.306777 0.372760
vt 0.351314 0.874631
vt 0.353133 0.872586
vt 0.352918 0.875611
vt 0.305282 0.373625
vt 0.303608 0.375029
vt 0.535961 0.111635
vt 0.533575 0.110037
vt 0.532051 0.110716
vt 0.663683 0.171184
vt 0.662463 0.170156
vt 0.424104 0.741080
vt 0.942932 0.628417
vt 0.944224 0.629719
vt 0.941448 0.629719
vt 0.927474 0.608422
vt 0.924364 0.608422
vt 0.926222 0.606911
vt 0.314315 0.369111
vt 0.312716 0.370346
vt 0.601262 0.875533
vt 0.601262 0.872181
vt 0.602873 0.874544
vt 0.603471 0.871587
vt 0.311026 0.371378
vt 0.309571 0.372903
vt 0.307946 0.374750
vt 0.306322 0.375689
vt 0.351314 0.871587
vt 0.304702 0.376920
vt 0.302988 0.378391
vt 0.533819 0.114333
vt 0.532067 0.114792
vt 0.530286 0.114849
vt 0.530420 0.110813
vt 0.528500 0.114216
vt 0.658825 0.170135
vt 0.315439 0.367766
vt 0.520716 0.836190
vt 0.519089 0.838324
vt 0.519660 0.834657
vt 0.315482 0.370927
vt 0.313699 0.371993
vt 0.312132 0.373175
vt 0.310625 0.374503
vt 0.309116 0.376438
vt 0.307433 0.377839
vt 0.977035 0.751945
vt 0.974701 0.753968
vt 0.974701 0.751884
vt 0.305774 0.379030
vt 0.303921 0.380950
vt 0.133600 0.925481
vt 0.135803 0.924383
vt 0.135803 0.927379
vt 0.302525 0.381431
vt 0.301410 0.379548
vt 0.300730 0.383057
vt 0.529808 0.117598
vt 0.528035 0.117560
vt 0.526362 0.117864
vt 0.316301 0.372490
vt 0.520716 0.839403
vt 0.314885 0.373856
vt 0.313235 0.374964
vt 0.311793 0.376508
vt 0.310264 0.378231
vt 0.308599 0.379564
vt 0.306942 0.380777
vt 0.305310 0.381959
vt 0.459665 0.944207
vt 0.457951 0.942110
vt 0.459665 0.941326
vt 0.959959 0.877850
vt 0.958464 0.877414
vt 0.960629 0.875656
vt 0.958156 0.875656
vt 0.303788 0.382819
vt 0.302219 0.383991
vt 0.300610 0.385287
vt 0.299275 0.383950
vt 0.299141 0.386273
vt 0.297789 0.384973
vt 0.738195 0.819611
vt 0.738344 0.817835
vt 0.739961 0.819234
vt 0.739840 0.817101
vt 0.738191 0.815689
vt 0.413304 0.782156
vt 0.413815 0.779740
vt 0.415304 0.780857
vt 0.415472 0.778196
vt 0.317409 0.374250
vt 0.315734 0.375321
vt 0.314382 0.376826
vt 0.312846 0.378152
vt 0.812746 0.854989
vt 0.811617 0.857554
vt 0.811617 0.853409
vt 0.311505 0.380489
vt 0.309833 0.382293
vt 0.907145 0.881602
vt 0.907145 0.879556
vt 0.910315 0.881455
vt 0.308078 0.383190
vt 0.306427 0.383986
vt 0.304871 0.384743
vt 0.303393 0.385500
vt 0.301498 0.387748
vt 0.134108 0.856013
vt 0.135882 0.855042
vt 0.135882 0.857665
vt 0.300270 0.387929
vt 0.736738 0.820511
vt 0.736738 0.818243
vt 0.937008 0.992723
vt 0.935791 0.992244
vt 0.937008 0.990991
vt 0.524045 0.117253
vt 0.521980 0.117200
vt 0.519342 0.118833
vt 0.517860 0.120962
vt 0.517320 0.117812
vt 0.516142 0.123471
vt 0.516006 0.118430
vt 0.942302 0.503581
vt 0.944222 0.505204
vt 0.941448 0.505204
vt 0.777768 0.140137
vt 0.775938 0.140139
vt 0.777842 0.138278
vt 0.301231 0.402400
vt 0.299444 0.402838
vt 0.300305 0.399842
vt 0.925218 0.623891
vt 0.924364 0.622288
vt 0.927466 0.622288
vt 0.757699 0.640857
vt 0.754967 0.641050
vt 0.756759 0.638585
vt 0.758153 0.642810
vt 0.754740 0.642810
vt 0.755596 0.541093
vt 0.754740 0.539549
vt 0.758667 0.538475
vt 0.264952 0.179279
vt 0.260952 0.177857
vt 0.263271 0.175723
vt 0.266974 0.182748
vt 0.264483 0.182417
vt 0.660579 0.186089
vt 0.661401 0.187434
vt 0.658825 0.186786
vt 0.266813 0.186129
vt 0.265114 0.186397
vt 0.267099 0.184606
vt 0.264746 0.187889
vt 0.515531 0.115695
vt 0.942362 0.117569
vt 0.941448 0.116246
vt 0.944282 0.116246
vt 0.513939 0.121677
vt 0.513974 0.116976
vt 0.513824 0.113625
vt 0.461851 0.958152
vt 0.461851 0.960837
vt 0.460494 0.958856
vt 0.977136 0.348744
vt 0.976756 0.350200
vt 0.974701 0.348744
vt 0.514784 0.123537
vt 0.512182 0.122988
vt 0.511621 0.120317
vt 0.511575 0.116539
vt 0.511096 0.114369
vt 0.333449 0.992894
vt 0.335234 0.990991
vt 0.335234 0.992954
vt 0.510934 0.111700
vt 0.512558 0.113852
vt 0.298431 0.400681
vt 0.297345 0.404061
vt 0.508740 0.124335
vt 0.508153 0.121743
vt 0.507749 0.118994
vt 0.508663 0.113789
vt 0.300547 0.404960
vt 0.577210 0.395535
vt 0.575130 0.394825
vt 0.576953 0.393522
vt 0.083868 0.944260
vt 0.083868 0.941326
vt 0.085511 0.942703
vt 0.977136 0.269902
vt 0.976807 0.271708
vt 0.974701 0.269902
vt 0.506040 0.122937
vt 0.798694 0.202872
vt 0.797673 0.204542
vt 0.795914 0.201691
vt 0.504510 0.122519
vt 0.505163 0.117806
vt 0.505535 0.114161
vt 0.579612 0.396187
vt 0.577813 0.397613
vt 0.575028 0.396979
vt 0.801534 0.201040
vt 0.801534 0.203898
vt 0.799460 0.200976
vt 0.800395 0.205469
vt 0.571914 0.395241
vt 0.569279 0.394592
vt 0.571615 0.393128
vt 0.501513 0.121378
vt 0.502598 0.116437
vt 0.502755 0.113468
vt 0.143558 0.910462
vt 0.143558 0.907052
vt 0.145162 0.908205
vt 0.577550 0.399879
vt 0.574720 0.399191
vt 0.572124 0.398529
vt 0.495021 0.775917
vt 0.495800 0.779022
vt 0.492450 0.777000
vt 0.492450 0.780229
vt 0.573977 0.396048
vt 0.571318 0.397644
vt 0.568767 0.396952
vt 0.565800 0.396425
vt 0.500312 0.117319
vt 0.500411 0.114450
vt 0.501134 0.111033
vt 0.496954 0.363738
vt 0.499873 0.363706
vt 0.755328 0.537773
vt 0.577178 0.402155
vt 0.574844 0.401433
vt 0.572780 0.400719
vt 0.857734 0.220540
vt 0.854515 0.221011
vt 0.856410 0.218955
vt 0.853310 0.218955
vt 0.495051 0.782040
vt 0.569979 0.400009
vt 0.567958 0.399295
vt 0.565511 0.398616
vt 0.563454 0.397887
vt 0.497368 0.116126
vt 0.497427 0.113498
vt 0.498709 0.109716
vt 0.502409 0.363679
vt 0.579066 0.402840
vt 0.576969 0.404456
vt 0.574594 0.403717
vt 0.572752 0.403052
vt 0.569545 0.402222
vt 0.567901 0.401565
vt 0.564849 0.400816
vt 0.562596 0.400139
vt 0.560490 0.399465
vt 0.560852 0.397322
vt 0.557994 0.398895
vt 0.496954 0.109721
vt 0.497452 0.107196
vt 0.505170 0.363648
vt 0.506638 0.365021
vt 0.262782 0.182742
vt 0.839263 0.720410
vt 0.835152 0.720410
vt 0.838558 0.718698
vt 0.834760 0.718852
vt 0.260080 0.178917
vt 0.261826 0.183574
vt 0.258345 0.179407
vt 0.258228 0.182985
vt 0.569287 0.404456
vt 0.103195 0.960843
vt 0.103195 0.958563
vt 0.105133 0.960454
vt 0.105181 0.958152
vt 0.608546 0.711537
vt 0.606633 0.713478
vt 0.606633 0.710211
vt 0.273520 0.733063
vt 0.275851 0.735352
vt 0.273520 0.736420
vt 0.273938 0.741180
vt 0.820701 0.264767
vt 0.820130 0.267920
vt 0.818969 0.265022
vt 0.818538 0.268369
vt 0.817307 0.264767
vt 0.817012 0.268567
vt 0.815581 0.267245
vt 0.505026 0.360686
vt 0.506393 0.362173
vt 0.503546 0.362112
vt 0.507786 0.363619
vt 0.633978 0.392139
vt 0.265839 0.185101
vt 0.662414 0.189126
vt 0.659131 0.187424
vt 0.265057 0.185905
vt 0.263494 0.186297
vt 0.893213 0.413086
vt 0.889511 0.413086
vt 0.891433 0.411950
vt 0.261035 0.186317
vt 0.256392 0.185492
vt 0.255935 0.183266
vt 0.610053 0.713248
vt 0.608158 0.715092
vt 0.782008 0.039211
vt 0.775938 0.039211
vt 0.782014 0.037595
vt 0.775947 0.037754
vt 0.503603 0.356284
vt 0.504917 0.357729
vt 0.502178 0.357592
vt 0.503639 0.359174
vt 0.506251 0.359201
vt 0.507649 0.360795
vt 0.508920 0.362208
vt 0.510133 0.363594
vt 0.636166 0.391185
vt 0.639179 0.393817
vt 0.662804 0.186118
vt 0.664137 0.188567
vt 0.265540 0.187818
vt 0.263047 0.187776
vt 0.522010 0.889593
vt 0.522260 0.891893
vt 0.520869 0.890585
vt 0.520869 0.893101
vt 0.261929 0.188452
vt 0.258193 0.188123
vt 0.256346 0.188666
vt 0.609717 0.716539
vt 0.607421 0.718496
vt 0.596802 0.467131
vt 0.600875 0.469399
vt 0.600497 0.471822
vt 0.603272 0.471933
vt 0.506261 0.356544
vt 0.562198 0.908929
vt 0.560303 0.907324
vt 0.562979 0.907052
vt 0.507457 0.357673
vt 0.508803 0.359278
vt 0.882710 0.941665
vt 0.881000 0.944026
vt 0.881000 0.941326
vt 0.510031 0.360917
vt 0.511223 0.362250
vt 0.576846 0.910443
vt 0.576846 0.907052
vt 0.577969 0.909685
vt 0.639408 0.392406
vt 0.925407 0.314620
vt 0.926414 0.315809
vt 0.924364 0.315807
vt 0.664315 0.185051
vt 0.665667 0.187827
vt 0.666655 0.189563
vt 0.265168 0.190296
vt 0.263258 0.190591
vt 0.260418 0.190648
vt 0.257866 0.190925
vt 0.256116 0.191529
vt 0.598263 0.466949
vt 0.601357 0.466950
vt 0.603485 0.468744
vt 0.605801 0.471895
vt 0.560303 0.910370
vt 0.944227 0.379406
vt 0.943761 0.380726
vt 0.941448 0.379406
vt 0.941816 0.381245
vt 0.644757 0.976955
vt 0.643175 0.976955
vt 0.644130 0.974771
vt 0.883189 0.944137
vt 0.511208 0.359412
vt 0.512474 0.360774
vt 0.658825 0.593269
vt 0.661832 0.594845
vt 0.659678 0.595700
vt 0.662624 0.597156
vt 0.663389 0.594961
vt 0.927538 0.314620
vt 0.664935 0.595212
vt 0.663628 0.596643
vt 0.725854 0.942148
vt 0.727057 0.941326
vt 0.727057 0.944204
vt 0.667139 0.187163
vt 0.668157 0.189227
vt 0.265950 0.192051
vt 0.263428 0.192162
vt 0.261543 0.192573
vt 0.257653 0.192529
vt 0.761463 0.347894
vt 0.759220 0.347673
vt 0.761388 0.345946
vt 0.257372 0.193500
vt 0.757006 0.347418
vt 0.759530 0.345974
vt 0.756919 0.345564
vt 0.754740 0.346999
vt 0.606413 0.469846
vt 0.608040 0.471247
vt 0.736460 0.990991
vt 0.737898 0.992823
vt 0.736194 0.992823
vt 0.259162 0.892218
vt 0.260422 0.889593
vt 0.260198 0.893116
vt 0.509944 0.358142
vt 0.512444 0.357848
vt 0.513636 0.359352
vt 0.515004 0.360685
vt 0.659414 0.590368
vt 0.662461 0.592288
vt 0.664649 0.593402
vt 0.666004 0.593538
vt 0.518301 0.363904
vt 0.944273 0.084993
vt 0.943712 0.086566
vt 0.942378 0.086085
vt 0.668623 0.590368
vt 0.669866 0.591188
vt 0.668809 0.593514
vt 0.523386 0.361117
vt 0.523816 0.362800
vt 0.521227 0.362179
vt 0.427820 0.892956
vt 0.427820 0.890450
vt 0.429273 0.893092
vt 0.735461 0.152331
vt 0.735552 0.154671
vt 0.733109 0.153786
vt 0.529634 0.357467
vt 0.529727 0.359474
vt 0.527191 0.358844
vt 0.139251 0.427460
vt 0.137607 0.428229
vt 0.137939 0.425112
vt 0.140574 0.428300
vt 0.138919 0.430845
vt 0.141873 0.429714
vt 0.140199 0.431995
vt 0.702388 0.857148
vt 0.700316 0.857443
vt 0.702102 0.854456
vt 0.568095 0.291384
vt 0.568876 0.294802
vt 0.565920 0.294621
vt 0.570170 0.290900
vt 0.571015 0.292931
vt 0.146407 0.436903
vt 0.145107 0.437719
vt 0.145348 0.435201
vt 0.146191 0.439361
vt 0.519918 0.364565
vt 0.519016 0.363109
vt 0.521419 0.363737
vt 0.522141 0.365334
vt 0.873149 0.182265
vt 0.873828 0.183925
vt 0.871679 0.183915
vt 0.524148 0.364494
vt 0.524378 0.366166
vt 0.875545 0.182265
vt 0.429804 0.891207
vt 0.429320 0.889593
vt 0.525893 0.363543
vt 0.526681 0.365336
vt 0.527507 0.367220
vt 0.733372 0.155631
vt 0.527007 0.360768
vt 0.527283 0.362551
vt 0.524711 0.361881
vt 0.528901 0.364367
vt 0.530390 0.366398
vt 0.530728 0.368370
vt 0.489523 0.712149
vt 0.487601 0.713256
vt 0.487299 0.710211
vt 0.738125 0.153421
vt 0.738239 0.155631
vt 0.529577 0.361447
vt 0.530767 0.363301
vt 0.532847 0.365362
vt 0.533389 0.367462
vt 0.491021 0.714309
vt 0.488396 0.715337
vt 0.662843 0.873886
vt 0.664541 0.873069
vt 0.664541 0.875546
vt 0.136301 0.427291
vt 0.006933 0.993059
vt 0.006933 0.990991
vt 0.008852 0.992724
vt 0.740781 0.155031
vt 0.532206 0.360206
vt 0.533291 0.362144
vt 0.533954 0.364185
vt 0.958156 0.515352
vt 0.960682 0.516990
vt 0.958156 0.517501
vt 0.132257 0.431592
vt 0.130183 0.432328
vt 0.130738 0.429784
vt 0.535358 0.366341
vt 0.535830 0.368479
vt 0.490247 0.717774
vt 0.487299 0.718596
vt 0.662857 0.871587
vt 0.347144 0.041602
vt 0.137291 0.431630
vt 0.135888 0.429241
vt 0.135667 0.433424
vt 0.134065 0.430111
vt 0.133747 0.433422
vt 0.132033 0.435256
vt 0.130529 0.437636
vt 0.128340 0.434143
vt 0.128494 0.438560
vt 0.127138 0.437268
vt 0.127075 0.440862
vt 0.347938 0.037962
vt 0.138600 0.433365
vt 0.136945 0.434279
vt 0.735027 0.083037
vt 0.736021 0.085118
vt 0.733109 0.083832
vt 0.734722 0.086017
vt 0.135171 0.435061
vt 0.133388 0.436480
vt 0.711555 0.606879
vt 0.714332 0.610940
vt 0.709686 0.607770
vt 0.132428 0.440741
vt 0.130479 0.441327
vt 0.128693 0.442664
vt 0.127054 0.444339
vt 0.348808 0.034494
vt 0.125880 0.443238
vt 0.700316 0.853409
vt 0.478584 0.779523
vt 0.476171 0.778867
vt 0.477803 0.775917
vt 0.734000 0.079199
vt 0.736897 0.080215
vt 0.734271 0.081092
vt 0.737870 0.082223
vt 0.737538 0.084257
vt 0.136549 0.436458
vt 0.134852 0.438289
vt 0.133296 0.440571
vt 0.715463 0.607949
vt 0.717226 0.609471
vt 0.131930 0.443003
vt 0.130039 0.444012
vt 0.128447 0.445742
vt 0.127039 0.447637
vt 0.977197 0.054782
vt 0.974701 0.054782
vt 0.976166 0.053272
vt 0.943347 0.489714
vt 0.941448 0.488414
vt 0.944244 0.488414
vt 0.476171 0.782115
vt 0.740434 0.079199
vt 0.740634 0.081333
vt 0.816703 0.472773
vt 0.819469 0.475102
vt 0.815581 0.475102
vt 0.138261 0.434387
vt 0.137932 0.438291
vt 0.136167 0.439175
vt 0.974701 0.116507
vt 0.977171 0.116507
vt 0.975642 0.118292
vt 0.134360 0.891260
vt 0.132824 0.893156
vt 0.132824 0.889593
vt 0.134593 0.441738
vt 0.132885 0.443299
vt 0.718711 0.606879
vt 0.839077 0.466905
vt 0.837300 0.466228
vt 0.839260 0.463778
vt 0.836865 0.464402
vt 0.834760 0.466905
vt 0.835020 0.463973
vt 0.711857 0.398303
vt 0.712925 0.400818
vt 0.709686 0.400229
vt 0.128267 0.448836
vt 0.126957 0.450707
vt 0.125775 0.452521
vt 0.571861 0.294318
vt 0.143109 0.432383
vt 0.142776 0.435400
vt 0.141489 0.433114
vt 0.141038 0.437146
vt 0.139697 0.434804
vt 0.139302 0.438883
vt 0.820726 0.472931
vt 0.958807 0.178519
vt 0.958156 0.176565
vt 0.960734 0.176565
vt 0.137576 0.440874
vt 0.135906 0.442893
vt 0.134350 0.445061
vt 0.132921 0.447184
vt 0.131303 0.445196
vt 0.131039 0.448272
vt 0.129323 0.446373
vt 0.129054 0.449533
vt 0.715282 0.398703
vt 0.716287 0.400652
vt 0.714108 0.402024
vt 0.335742 0.716719
vt 0.337379 0.715715
vt 0.337265 0.718692
vt 0.350253 0.028064
vt 0.349102 0.024562
vt 0.572866 0.290716
vt 0.143759 0.438437
vt 0.144207 0.435005
vt 0.573682 0.291554
vt 0.142298 0.439219
vt 0.140523 0.441757
vt 0.138938 0.442571
vt 0.137316 0.445033
vt 0.135685 0.446487
vt 0.134337 0.448850
vt 0.132546 0.449900
vt 0.130631 0.451121
vt 0.128565 0.452468
vt 0.718927 0.398303
vt 0.333981 0.713700
vt 0.335766 0.713113
vt 0.337506 0.712638
vt 0.347970 0.020849
vt 0.875518 0.275652
vt 0.875518 0.277419
vt 0.871679 0.276024
vt 0.144890 0.440201
vt 0.143418 0.441388
vt 0.141693 0.443609
vt 0.140157 0.445028
vt 0.138598 0.445926
vt 0.175812 0.907052
vt 0.175812 0.910457
vt 0.174113 0.908828
vt 0.875518 0.121069
vt 0.873383 0.121073
vt 0.875518 0.118648
vt 0.873527 0.118439
vt 0.871679 0.120157
vt 0.089177 0.889593
vt 0.089177 0.893108
vt 0.086605 0.890122
vt 0.819058 0.173208
vt 0.817898 0.171679
vt 0.820721 0.169500
vt 0.818069 0.169786
vt 0.815717 0.171314
vt 0.132049 0.452533
vt 0.130235 0.454042
vt 0.127825 0.455385
vt 0.333981 0.710211
vt 0.910428 0.037296
vt 0.910428 0.039636
vt 0.907145 0.038565
vt 0.927438 0.838577
vt 0.924364 0.838577
vt 0.925508 0.837281
vt 0.120894 0.778042
vt 0.119477 0.779057
vt 0.119851 0.775917
vt 0.775938 0.340235
vt 0.778965 0.340235
vt 0.777698 0.341661
vt 0.780644 0.341522
vt 0.977099 0.472475
vt 0.977099 0.474421
vt 0.974701 0.473258
vt 0.145894 0.442061
vt 0.144415 0.443464
vt 0.142914 0.444891
vt 0.141434 0.446133
vt 0.301913 0.992966
vt 0.301913 0.990991
vt 0.303786 0.992677
vt 0.139875 0.447538
vt 0.138272 0.449022
vt 0.136929 0.447349
vt 0.136712 0.450955
vt 0.135298 0.449163
vt 0.135079 0.452372
vt 0.133775 0.451065
vt 0.133322 0.453774
vt 0.815581 0.173208
vt 0.131691 0.455440
vt 0.129852 0.457017
vt 0.128285 0.458721
vt 0.126664 0.457343
vt 0.126421 0.460392
vt 0.120894 0.781366
vt 0.119701 0.782366
vt 0.781917 0.340459
vt 0.348557 0.014425
vt 0.350559 0.011777
vt 0.126687 0.466963
vt 0.124567 0.468150
vt 0.125017 0.465386
vt 0.819175 0.316469
vt 0.818286 0.314285
vt 0.820749 0.314810
vt 0.529409 0.757158
vt 0.527996 0.758069
vt 0.528090 0.755173
vt 0.530591 0.759396
vt 0.529232 0.760392
vt 0.295558 0.631367
vt 0.293136 0.630433
vt 0.295333 0.629000
vt 0.297269 0.635288
vt 0.295928 0.635412
vt 0.298674 0.639405
vt 0.295996 0.638246
vt 0.309942 0.854297
vt 0.307510 0.857167
vt 0.307510 0.853409
vt 0.926542 0.392203
vt 0.927518 0.393581
vt 0.924364 0.393581
vt 0.502436 0.521200
vt 0.500125 0.522331
vt 0.501791 0.519153
vt 0.502668 0.524188
vt 0.500269 0.525563
vt 0.798932 0.365363
vt 0.795915 0.362614
vt 0.798800 0.362447
vt 0.007349 0.759985
vt 0.011962 0.761358
vt 0.006933 0.761858
vt 0.011154 0.758802
vt 0.352415 0.009776
vt 0.126595 0.469472
vt 0.315311 0.799440
vt 0.313538 0.799188
vt 0.315772 0.796257
vt 0.313538 0.796553
vt 0.495917 0.502855
vt 0.494971 0.500731
vt 0.816471 0.316717
vt 0.815581 0.314285
vt 0.313558 0.801661
vt 0.496794 0.504875
vt 0.493592 0.505452
vt 0.500307 0.506121
vt 0.497201 0.507004
vt 0.499280 0.504467
vt 0.494212 0.507699
vt 0.491595 0.508148
vt 0.489671 0.508285
vt 0.530518 0.761697
vt 0.500818 0.507932
vt 0.498531 0.508562
vt 0.495294 0.509646
vt 0.492368 0.510400
vt 0.168337 0.839424
vt 0.168136 0.836878
vt 0.170736 0.839424
vt 0.171070 0.837301
vt 0.168219 0.834657
vt 0.293769 0.634706
vt 0.498275 0.511113
vt 0.496024 0.511678
vt 0.493457 0.512374
vt 0.490440 0.513255
vt 0.754765 0.087880
vt 0.757966 0.089007
vt 0.754740 0.090057
vt 0.757623 0.091516
vt 0.755039 0.091670
vt 0.248798 0.759820
vt 0.250386 0.757926
vt 0.250386 0.761930
vt 0.910454 0.163767
vt 0.907145 0.163767
vt 0.909528 0.162400
vt 0.294044 0.637756
vt 0.292337 0.637482
vt 0.496547 0.513821
vt 0.493572 0.514980
vt 0.490152 0.516298
vt 0.488077 0.516507
vt 0.761710 0.089821
vt 0.761912 0.091670
vt 0.248835 0.755173
vt 0.315856 0.564987
vt 0.875424 0.826495
vt 0.871679 0.826495
vt 0.872759 0.824736
vt 0.499881 0.516427
vt 0.497832 0.516911
vt 0.499407 0.514143
vt 0.294129 0.640875
vt 0.292266 0.640445
vt 0.496360 0.516702
vt 0.493641 0.517748
vt 0.490839 0.518707
vt 0.488292 0.519327
vt 0.631055 0.297003
vt 0.632327 0.299230
vt 0.629429 0.298490
vt 0.630640 0.300652
vt 0.316384 0.567438
vt 0.311349 0.566512
vt 0.891228 0.241475
vt 0.893229 0.243035
vt 0.889511 0.243035
vt 0.310876 0.857554
vt 0.499768 0.519650
vt 0.497812 0.519955
vt 0.496102 0.519911
vt 0.292266 0.643791
vt 0.493569 0.520816
vt 0.491767 0.520834
vt 0.489490 0.521311
vt 0.633390 0.295789
vt 0.634155 0.297815
vt 0.316664 0.569804
vt 0.310781 0.568157
vt 0.054418 0.908707
vt 0.052852 0.910473
vt 0.052852 0.907052
vt 0.459094 0.927371
vt 0.457292 0.924401
vt 0.459094 0.924383
vt 0.734451 0.221266
vt 0.735777 0.222765
vt 0.733109 0.222766
vt 0.498356 0.522330
vt 0.496091 0.523062
vt 0.493318 0.524320
vt 0.490657 0.525241
vt 0.204103 0.627766
vt 0.209098 0.628920
vt 0.204099 0.629401
vt 0.206458 0.631963
vt 0.490251 0.523598
vt 0.635375 0.294489
vt 0.636698 0.296761
vt 0.638425 0.299098
vt 0.311423 0.570489
vt 0.309042 0.570507
vt 0.308296 0.568168
vt 0.306531 0.570282
vt 0.737171 0.221277
vt 0.738347 0.222762
vt 0.497541 0.527210
vt 0.795915 0.490786
vt 0.801533 0.490786
vt 0.796028 0.492394
vt 0.800403 0.493379
vt 0.496140 0.526333
vt 0.460651 0.757954
vt 0.459024 0.758822
vt 0.459131 0.755174
vt 0.494405 0.526147
vt 0.491364 0.527754
vt 0.488077 0.529407
vt 0.213414 0.630940
vt 0.208685 0.634639
vt 0.205528 0.634002
vt 0.204175 0.637869
vt 0.640249 0.297955
vt 0.641097 0.299802
vt 0.309998 0.573085
vt 0.307037 0.572446
vt 0.304841 0.572238
vt 0.739731 0.221286
vt 0.740803 0.222766
vt 0.501080 0.527416
vt 0.498663 0.528709
vt 0.569374 0.837161
vt 0.567309 0.836956
vt 0.570015 0.834658
vt 0.566779 0.834658
vt 0.818430 0.394376
vt 0.818345 0.396597
vt 0.815581 0.394057
vt 0.460651 0.761819
vt 0.494368 0.529642
vt 0.492311 0.529869
vt 0.287286 0.661025
vt 0.285057 0.660113
vt 0.288057 0.658664
vt 0.857581 0.518897
vt 0.854787 0.517367
vt 0.857245 0.515235
vt 0.853310 0.515235
vt 0.213068 0.634965
vt 0.207708 0.638349
vt 0.204099 0.640834
vt 0.643067 0.298829
vt 0.644004 0.300652
vt 0.306887 0.574085
vt 0.490730 0.992901
vt 0.488821 0.992901
vt 0.490404 0.990991
vt 0.305798 0.574822
vt 0.100574 0.693863
vt 0.101783 0.692781
vt 0.101931 0.696294
vt 0.103189 0.694903
vt 0.103606 0.688899
vt 0.656031 0.796257
vt 0.656031 0.801613
vt 0.654581 0.799781
vt 0.717758 0.345170
vt 0.715696 0.343442
vt 0.718967 0.343297
vt 0.719057 0.101286
vt 0.715908 0.100919
vt 0.717934 0.098793
vt 0.715081 0.097698
vt 0.567211 0.839311
vt 0.820573 0.394057
vt 0.820730 0.396434
vt 0.288799 0.664221
vt 0.286188 0.663204
vt 0.289438 0.661923
vt 0.284143 0.662354
vt 0.282238 0.661534
vt 0.282996 0.659212
vt 0.279433 0.660504
vt 0.211644 0.638868
vt 0.208356 0.641210
vt 0.816828 0.729378
vt 0.815581 0.728002
vt 0.820726 0.728002
vt 0.800155 0.796902
vt 0.798611 0.801560
vt 0.798611 0.796257
vt 0.777005 0.390386
vt 0.775938 0.389071
vt 0.781909 0.389071
vt 0.795915 0.573752
vt 0.801545 0.573752
vt 0.796274 0.575017
vt 0.801139 0.575498
vt 0.100574 0.688679
vt 0.838908 0.385571
vt 0.839367 0.386915
vt 0.834760 0.386915
vt 0.101807 0.687910
vt 0.103181 0.686330
vt 0.910380 0.241145
vt 0.909296 0.243573
vt 0.907145 0.241145
vt 0.714421 0.345168
vt 0.712265 0.343297
vt 0.712556 0.101286
vt 0.711562 0.098246
vt 0.713314 0.095897
vt 0.709686 0.096884
vt 0.285208 0.665243
vt 0.282947 0.664315
vt 0.820630 0.663237
vt 0.818453 0.665787
vt 0.818243 0.663500
vt 0.815722 0.665124
vt 0.815581 0.663237
vt 0.908841 0.070361
vt 0.910464 0.071946
vt 0.907145 0.071946
vt 0.214024 0.636560
vt 0.214200 0.639872
vt 0.210975 0.642103
vt 0.208799 0.643928
vt 0.670480 0.353517
vt 0.668621 0.355537
vt 0.668426 0.353507
vt 0.666694 0.355544
vt 0.666332 0.353507
vt 0.664553 0.355523
vt 0.664214 0.353548
vt 0.662593 0.355530
vt 0.662184 0.353558
vt 0.660609 0.355527
vt 0.660126 0.353537
vt 0.658825 0.355510
vt 0.677028 0.927311
vt 0.676719 0.924383
vt 0.678471 0.927348
vt 0.678471 0.924649
vt 0.713011 0.346678
vt 0.711116 0.344984
vt 0.684505 0.856853
vt 0.684285 0.853409
vt 0.686449 0.857527
vt 0.686449 0.854270
vt 0.286618 0.668151
vt 0.284450 0.667245
vt 0.287102 0.666012
vt 0.282295 0.666340
vt 0.280370 0.665577
vt 0.815848 0.666848
vt 0.683943 0.909031
vt 0.685574 0.907052
vt 0.685574 0.910405
vt 0.610998 0.733063
vt 0.610131 0.736692
vt 0.608805 0.733833
vt 0.608805 0.738270
vt 0.010747 0.592823
vt 0.010229 0.596151
vt 0.008668 0.594870
vt 0.008345 0.597802
vt 0.006933 0.596583
vt 0.006946 0.599173
vt 0.557994 0.457465
vt 0.560627 0.457886
vt 0.558459 0.459974
vt 0.560801 0.460759
vt 0.761817 0.400129
vt 0.759300 0.400733
vt 0.759732 0.398458
vt 0.757244 0.398458
vt 0.560768 0.459883
vt 0.563231 0.460064
vt 0.561260 0.462404
vt 0.563784 0.462380
vt 0.562364 0.463984
vt 0.564230 0.465062
vt 0.572121 0.217016
vt 0.574522 0.217098
vt 0.820828 0.235571
vt 0.305958 0.346382
vt 0.614405 0.424145
vt 0.992282 0.069684
vt 0.991095 0.068293
vt 0.992617 0.068293
vt 0.070888 0.991255
vt 0.069438 0.992668
vt 0.069438 0.990991
vt 0.815581 0.412311
vt 0.231291 0.634960
vt 0.569852 0.153811
vt 0.568264 0.154989
vt 0.239189 0.944251
vt 0.238284 0.941326
vt 0.239650 0.941326
vt 0.565782 0.151195
vt 0.559478 0.149530
vt 0.562835 0.149589
vt 0.692168 0.460595
vt 0.710879 0.874661
vt 0.893039 0.854895
vt 0.927542 0.237440
vt 0.924364 0.237440
vt 0.926609 0.236141
vt 0.307251 0.345653
vt 0.306942 0.347755
vt 0.944226 0.861278
vt 0.942883 0.862062
vt 0.941448 0.861278
vt 0.308541 0.344632
vt 0.308252 0.347126
vt 0.307967 0.349713
vt 0.815581 0.647394
vt 0.944240 0.659111
vt 0.942865 0.659992
vt 0.941448 0.659111
vt 0.309861 0.343605
vt 0.309544 0.346444
vt 0.309286 0.348235
vt 0.912961 0.944191
vt 0.912961 0.941326
vt 0.914053 0.942679
vt 0.308994 0.350578
vt 0.070915 0.993062
vt 0.311199 0.342651
vt 0.310851 0.345546
vt 0.310553 0.348026
vt 0.228934 0.638871
vt 0.229830 0.640552
vt 0.228121 0.641464
vt 0.229366 0.643140
vt 0.228067 0.644051
vt 0.195955 0.927419
vt 0.195955 0.924383
vt 0.197187 0.925973
vt 0.781770 0.570803
vt 0.780399 0.572580
vt 0.228719 0.635620
vt 0.232217 0.637306
vt 0.229523 0.638107
vt 0.232331 0.639603
vt 0.230693 0.642246
vt 0.871679 0.840362
vt 0.875406 0.842444
vt 0.872219 0.842164
vt 0.541087 0.875580
vt 0.539647 0.872627
vt 0.541087 0.871587
vt 0.311659 0.350133
vt 0.311299 0.353001
vt 0.310149 0.351352
vt 0.570861 0.154947
vt 0.573807 0.153897
vt 0.234049 0.636600
vt 0.233662 0.638833
vt 0.760844 0.366414
vt 0.757667 0.366252
vt 0.759601 0.365166
vt 0.801666 0.316532
vt 0.799689 0.317391
vt 0.798516 0.316273
vt 0.795914 0.317391
vt 0.874501 0.840362
vt 0.958156 0.798646
vt 0.960652 0.800684
vt 0.958492 0.800684
vt 0.312836 0.351859
vt 0.312255 0.355310
vt 0.296087 0.959605
vt 0.293700 0.960802
vt 0.293700 0.958152
vt 0.757023 0.486823
vt 0.754740 0.488014
vt 0.754813 0.484854
vt 0.566327 0.152375
vt 0.571337 0.152637
vt 0.574969 0.152781
vt 0.234720 0.638108
vt 0.761809 0.367644
vt 0.758619 0.367644
vt 0.755795 0.367473
vt 0.754740 0.365957
vt 0.428078 0.990991
vt 0.426946 0.992934
vt 0.426567 0.990991
vt 0.960236 0.798811
vt 0.761516 0.486103
vt 0.758960 0.487362
vt 0.759473 0.484854
vt 0.756750 0.489514
vt 0.709686 0.451114
vt 0.400573 0.958152
vt 0.401934 0.960301
vt 0.400573 0.960845
vt 0.511928 0.801636
vt 0.511928 0.797202
vt 0.513661 0.800823
vt 0.513405 0.796257
vt 0.570636 0.151543
vt 0.573332 0.151571
vt 0.576506 0.151725
vt 0.684810 0.351532
vt 0.685394 0.349760
vt 0.688344 0.352129
vt 0.689243 0.350435
vt 0.691957 0.352129
vt 0.691869 0.349441
vt 0.694639 0.350907
vt 0.695223 0.348733
vt 0.910372 0.721356
vt 0.908570 0.722704
vt 0.907145 0.721356
vt 0.760884 0.486962
vt 0.758559 0.490182
vt 0.756372 0.490981
vt 0.711021 0.449388
vt 0.567785 0.150010
vt 0.571658 0.150286
vt 0.575314 0.150586
vt 0.577374 0.150502
vt 0.686568 0.348634
vt 0.688300 0.347212
vt 0.691120 0.346534
vt 0.693609 0.345410
vt 0.760328 0.490441
vt 0.759560 0.605631
vt 0.756885 0.605585
vt 0.758529 0.604478
vt 0.755918 0.604478
vt 0.754740 0.605855
vt 0.713120 0.449439
vt 0.692295 0.462127
vt 0.694836 0.461311
vt 0.565264 0.148416
vt 0.568437 0.148511
vt 0.573211 0.149137
vt 0.576064 0.149272
vt 0.578794 0.149414
vt 0.579599 0.150462
vt 0.581282 0.149507
vt 0.688593 0.345290
vt 0.692363 0.345106
vt 0.761572 0.605358
vt 0.760434 0.606708
vt 0.758218 0.606940
vt 0.893217 0.180658
vt 0.889694 0.180658
vt 0.892398 0.179301
vt 0.889511 0.178676
vt 0.424613 0.733063
vt 0.424278 0.735780
vt 0.422911 0.734425
vt 0.709383 0.875550
vt 0.958156 0.485562
vt 0.960747 0.485562
vt 0.959202 0.486459
vt 0.562354 0.148406
vt 0.563250 0.146859
vt 0.565920 0.146789
vt 0.569930 0.147181
vt 0.573795 0.147630
vt 0.576418 0.147667
vt 0.579872 0.148166
vt 0.327637 0.855069
vt 0.324742 0.854125
vt 0.327295 0.853409
vt 0.944216 0.581658
vt 0.941448 0.582283
vt 0.941448 0.580757
vt 0.761442 0.607853
vt 0.759251 0.608116
vt 0.757141 0.608535
vt 0.801407 0.815689
vt 0.801383 0.817993
vt 0.800212 0.818992
vt 0.801407 0.820605
vt 0.425742 0.734724
vt 0.425638 0.737258
vt 0.555397 0.875583
vt 0.685564 0.106918
vt 0.687279 0.105836
vt 0.687600 0.108348
vt 0.689252 0.108019
vt 0.561702 0.147216
vt 0.562372 0.145596
vt 0.565329 0.145630
vt 0.834760 0.039434
vt 0.836776 0.038111
vt 0.837517 0.039434
vt 0.839436 0.038973
vt 0.567044 0.145207
vt 0.572188 0.146167
vt 0.574872 0.146204
vt 0.577786 0.146397
vt 0.327370 0.857574
vt 0.324742 0.856242
vt 0.530746 0.592868
vt 0.529250 0.595702
vt 0.528568 0.593951
vt 0.733109 0.103682
vt 0.734642 0.102553
vt 0.735744 0.103504
vt 0.736672 0.101662
vt 0.738813 0.103682
vt 0.740777 0.102803
vt 0.225852 0.990991
vt 0.225852 0.993006
vt 0.224118 0.992775
vt 0.599459 0.960786
vt 0.601374 0.958705
vt 0.601283 0.960550
vt 0.637573 0.907052
vt 0.639668 0.907775
vt 0.637888 0.909489
vt 0.639668 0.910390
vt 0.317339 0.364113
vt 0.318011 0.365816
vt 0.684810 0.106049
vt 0.686933 0.103827
vt 0.689112 0.104245
vt 0.691150 0.106649
vt 0.564350 0.144355
vt 0.566085 0.143911
vt 0.569862 0.144325
vt 0.573237 0.144650
vt 0.577731 0.145758
vt 0.960643 0.783600
vt 0.958156 0.784780
vt 0.958156 0.782550
vt 0.545362 0.796257
vt 0.544943 0.799118
vt 0.543704 0.797627
vt 0.543405 0.800575
vt 0.545362 0.801612
vt 0.530911 0.595053
vt 0.529831 0.597505
vt 0.528276 0.598074
vt 0.528473 0.599939
vt 0.737471 0.099884
vt 0.740620 0.100125
vt 0.599459 0.958152
vt 0.775938 0.452421
vt 0.779078 0.453359
vt 0.776859 0.453581
vt 0.318212 0.363449
vt 0.319479 0.365025
vt 0.319235 0.367462
vt 0.735088 0.799412
vt 0.733774 0.801605
vt 0.733774 0.796257
vt 0.444547 0.761818
vt 0.443508 0.758508
vt 0.445157 0.756646
vt 0.443508 0.755174
vt 0.838268 0.448459
vt 0.834880 0.449912
vt 0.834760 0.448253
vt 0.690649 0.103827
vt 0.693046 0.104726
vt 0.693833 0.107217
vt 0.695657 0.104570
vt 0.398358 0.761842
vt 0.396685 0.759412
vt 0.398295 0.758319
vt 0.396766 0.756276
vt 0.398358 0.755174
vt 0.975163 0.614120
vt 0.977090 0.615714
vt 0.974701 0.615714
vt 0.575517 0.143809
vt 0.578301 0.143992
vt 0.579285 0.145194
vt 0.925889 0.974771
vt 0.925370 0.976880
vt 0.924325 0.974771
vt 0.531560 0.592823
vt 0.533336 0.593980
vt 0.531327 0.596967
vt 0.530556 0.599242
vt 0.529854 0.601499
vt 0.528276 0.602017
vt 0.529136 0.603769
vt 0.777970 0.452023
vt 0.781859 0.453581
vt 0.321070 0.366691
vt 0.319989 0.369053
vt 0.814916 0.990991
vt 0.814916 0.992791
vt 0.813499 0.992682
vt 0.523393 0.117461
vt 0.520628 0.120244
vt 0.631382 0.944165
vt 0.632430 0.941326
vt 0.633494 0.944165
vt 0.135195 0.853409
vt 0.038920 0.820781
vt 0.038920 0.817867
vt 0.040719 0.818162
vt 0.304282 0.387614
vt 0.305856 0.386974
vt 0.307538 0.386324
vt 0.309366 0.386035
vt 0.311288 0.384835
vt 0.312977 0.382558
vt 0.314326 0.380034
vt 0.315681 0.378164
vt 0.317105 0.376667
vt 0.413304 0.777625
vt 0.299270 0.387825
vt 0.299567 0.390830
vt 0.298168 0.391578
vt 0.298518 0.394780
vt 0.519112 0.122912
vt 0.301011 0.390096
vt 0.300178 0.393592
vt 0.299719 0.395872
vt 0.297938 0.397440
vt 0.298996 0.399064
vt 0.039459 0.815689
vt 0.302713 0.388579
vt 0.302108 0.391391
vt 0.301254 0.395222
vt 0.300605 0.398254
vt 0.779544 0.137853
vt 0.303823 0.389803
vt 0.302957 0.394081
vt 0.302431 0.396607
vt 0.781944 0.138173
vt 0.779830 0.140139
vt 0.302013 0.398583
vt 0.305240 0.390224
vt 0.857734 0.169912
vt 0.856375 0.171710
vt 0.854951 0.169432
vt 0.853310 0.171710
vt 0.304693 0.392893
vt 0.304194 0.395223
vt 0.303482 0.398986
vt 0.976084 0.567219
vt 0.977096 0.568870
vt 0.974701 0.568870
vt 0.181579 0.960746
vt 0.183506 0.958152
vt 0.183506 0.960838
vt 0.302904 0.401811
vt 0.302149 0.405742
vt 0.306944 0.389905
vt 0.910428 0.177634
vt 0.908368 0.179419
vt 0.907144 0.177634
vt 0.306375 0.392765
vt 0.864816 0.889593
vt 0.864816 0.893032
vt 0.863297 0.891482
vt 0.817000 0.927358
vt 0.815677 0.926109
vt 0.817000 0.924383
vt 0.305956 0.393855
vt 0.305395 0.396724
vt 0.304672 0.401061
vt 0.303988 0.404822
vt 0.758586 0.637937
vt 0.265898 0.839440
vt 0.263584 0.837578
vt 0.265898 0.836303
vt 0.264940 0.834657
vt 0.308804 0.388732
vt 0.308242 0.391423
vt 0.561373 0.820640
vt 0.561373 0.817243
vt 0.563109 0.819227
vt 0.562410 0.815689
vt 0.367759 0.733063
vt 0.366858 0.737227
vt 0.365962 0.733688
vt 0.429338 0.782148
vt 0.429338 0.779172
vt 0.431581 0.779920
vt 0.431446 0.775917
vt 0.306467 0.401151
vt 0.941448 0.255090
vt 0.944243 0.255090
vt 0.943033 0.256862
vt 0.305963 0.402687
vt 0.761486 0.637929
vt 0.760807 0.640974
vt 0.310762 0.387976
vt 0.310178 0.390736
vt 0.309590 0.393357
vt 0.944209 0.472464
vt 0.944209 0.474547
vt 0.941448 0.473395
vt 0.581901 0.927321
vt 0.583759 0.924383
vt 0.584389 0.927321
vt 0.368828 0.736661
vt 0.367985 0.740338
vt 0.365962 0.741002
vt 0.958156 0.954293
vt 0.960642 0.956003
vt 0.958156 0.956110
vt 0.272785 0.169990
vt 0.272478 0.172228
vt 0.270502 0.172259
vt 0.270189 0.174316
vt 0.606729 0.853409
vt 0.607907 0.855430
vt 0.606118 0.856408
vt 0.607907 0.857555
vt 0.761653 0.537773
vt 0.760258 0.539739
vt 0.560438 0.740303
vt 0.558948 0.737733
vt 0.560903 0.737214
vt 0.558775 0.734915
vt 0.556067 0.736159
vt 0.556067 0.733063
vt 0.737753 0.645199
vt 0.733109 0.647723
vt 0.734800 0.644873
vt 0.444084 0.943778
vt 0.441848 0.944181
vt 0.441848 0.941326
vt 0.853310 0.086112
vt 0.855288 0.088482
vt 0.853310 0.089546
vt 0.369622 0.733445
vt 0.370903 0.735771
vt 0.370109 0.738326
vt 0.277515 0.170798
vt 0.275226 0.173317
vt 0.274782 0.169760
vt 0.272662 0.175016
vt 0.269607 0.176006
vt 0.267627 0.175856
vt 0.267330 0.177769
vt 0.941448 0.769382
vt 0.944161 0.767915
vt 0.944161 0.770185
vt 0.558435 0.740871
vt 0.556166 0.738956
vt 0.740441 0.645562
vt 0.736564 0.647723
vt 0.286199 0.169152
vt 0.282676 0.168940
vt 0.283305 0.166877
vt 0.855794 0.086511
vt 0.857685 0.088923
vt 0.280513 0.169307
vt 0.279958 0.171348
vt 0.277729 0.174125
vt 0.275741 0.176645
vt 0.272255 0.176900
vt 0.270070 0.178729
vt 0.268621 0.180973
vt 0.315644 0.381408
vt 0.314177 0.383513
vt 0.315590 0.385074
vt 0.313685 0.386263
vt 0.625899 0.780536
vt 0.624623 0.777116
vt 0.626759 0.778520
vt 0.775938 0.586489
vt 0.778458 0.586446
vt 0.776676 0.590397
vt 0.779209 0.590507
vt 0.285717 0.171654
vt 0.282655 0.172634
vt 0.279985 0.174530
vt 0.277959 0.177167
vt 0.123152 0.796257
vt 0.123277 0.800275
vt 0.121591 0.797974
vt 0.121591 0.801771
vt 0.274403 0.177226
vt 0.272052 0.178953
vt 0.270443 0.181166
vt 0.269987 0.183936
vt 0.317301 0.379957
vt 0.317082 0.382968
vt 0.623575 0.781971
vt 0.623159 0.778850
vt 0.623159 0.775917
vt 0.780454 0.587050
vt 0.781662 0.590507
vt 0.285283 0.174110
vt 0.315849 0.391779
vt 0.315635 0.395824
vt 0.314201 0.394226
vt 0.684810 0.313593
vt 0.685808 0.311590
vt 0.687318 0.313329
vt 0.688906 0.311750
vt 0.690546 0.313593
vt 0.692566 0.312494
vt 0.277862 0.179446
vt 0.274383 0.179552
vt 0.273247 0.182288
vt 0.271783 0.184228
vt 0.670419 0.853409
vt 0.670419 0.857049
vt 0.668955 0.854618
vt 0.668802 0.857556
vt 0.921924 0.990991
vt 0.920955 0.992712
vt 0.920396 0.990991
vt 0.414840 0.775917
vt 0.318210 0.375002
vt 0.318231 0.377711
vt 0.871679 0.405976
vt 0.872699 0.404476
vt 0.874866 0.405976
vt 0.875480 0.403894
vt 0.943340 0.720433
vt 0.944189 0.722283
vt 0.941448 0.722283
vt 0.318332 0.380820
vt 0.318456 0.384353
vt 0.316421 0.385192
vt 0.317789 0.386641
vt 0.315894 0.387666
vt 0.317664 0.390216
vt 0.317555 0.394216
vt 0.284246 0.174498
vt 0.281353 0.176019
vt 0.281852 0.173955
vt 0.687598 0.310056
vt 0.691168 0.310730
vt 0.695412 0.312256
vt 0.278470 0.182501
vt 0.276180 0.183675
vt 0.274043 0.184917
vt 0.271818 0.186006
vt 0.268454 0.184587
vt 0.269284 0.186858
vt 0.319510 0.376194
vt 0.319854 0.379319
vt 0.319993 0.382587
vt 0.319879 0.385799
vt 0.319361 0.388460
vt 0.289859 0.175475
vt 0.287247 0.177598
vt 0.287566 0.174673
vt 0.574109 0.854934
vt 0.576509 0.853409
vt 0.576509 0.857541
vt 0.284422 0.178453
vt 0.281903 0.180030
vt 0.279368 0.178898
vt 0.279984 0.182272
vt 0.910432 0.384150
vt 0.907145 0.384150
vt 0.909021 0.383028
vt 0.278736 0.184823
vt 0.276936 0.186267
vt 0.274075 0.186690
vt 0.273208 0.188590
vt 0.269732 0.188726
vt 0.516250 0.363526
vt 0.665696 0.592769
vt 0.662995 0.590811
vt 0.055572 0.990991
vt 0.054328 0.993060
vt 0.053901 0.990991
vt 0.514843 0.358380
vt 0.258343 0.889593
vt 0.608755 0.468335
vt 0.976374 0.443157
vt 0.974701 0.441062
vt 0.977094 0.441062
vt 0.757184 0.349408
vt 0.759724 0.349918
vt 0.257733 0.194139
vt 0.262135 0.194141
vt 0.264021 0.193666
vt 0.669352 0.188282
vt 0.666191 0.185506
vt 0.668440 0.186702
vt 0.517455 0.362692
vt 0.941448 0.084993
vt 0.666032 0.590841
vt 0.702162 0.796257
vt 0.703392 0.797548
vt 0.702197 0.799244
vt 0.703395 0.800668
vt 0.702162 0.801552
vt 0.518154 0.360363
vt 0.520226 0.360855
vt 0.519131 0.361741
vt 0.516174 0.359738
vt 0.941912 0.891484
vt 0.944193 0.892782
vt 0.941448 0.892782
vt 0.704690 0.799778
vt 0.517123 0.358923
vt 0.519434 0.359393
vt 0.521766 0.359837
vt 0.941448 0.519071
vt 0.944232 0.519071
vt 0.942901 0.520438
vt 0.513635 0.356900
vt 0.516122 0.357343
vt 0.518345 0.357953
vt 0.521133 0.358223
vt 0.524049 0.358531
vt 0.524672 0.360147
vt 0.610310 0.469651
vt 0.611393 0.466949
vt 0.613004 0.470106
vt 0.614425 0.469918
vt 0.517588 0.356145
vt 0.519730 0.356878
vt 0.523064 0.356907
vt 0.526678 0.357013
vt 0.037497 0.796257
vt 0.039317 0.797593
vt 0.037526 0.798898
vt 0.038839 0.800272
vt 0.037497 0.801794
vt 0.631666 0.633251
vt 0.634032 0.634603
vt 0.631156 0.634969
vt 0.893259 0.055079
vt 0.890991 0.056519
vt 0.889511 0.055079
vt 0.941448 0.006933
vt 0.944277 0.006933
vt 0.942733 0.008559
vt 0.753156 0.892958
vt 0.753918 0.891397
vt 0.756489 0.892958
vt 0.756298 0.889593
vt 0.522228 0.355069
vt 0.525414 0.355338
vt 0.646555 0.924383
vt 0.645358 0.927355
vt 0.644858 0.924383
vt 0.654935 0.853409
vt 0.654935 0.856473
vt 0.652392 0.854736
vt 0.652181 0.857501
vt 0.755052 0.349235
vt 0.958543 0.844646
vt 0.960662 0.846253
vt 0.958156 0.846253
vt 0.629430 0.631729
vt 0.632205 0.631554
vt 0.634666 0.632739
vt 0.637579 0.633243
vt 0.635811 0.636626
vt 0.639175 0.635281
vt 0.637627 0.638740
vt 0.640372 0.638196
vt 0.639296 0.641293
vt 0.642598 0.639571
vt 0.642392 0.641192
vt 0.601807 0.444819
vt 0.597123 0.446215
vt 0.599972 0.443740
vt 0.893186 0.306066
vt 0.889511 0.306066
vt 0.890805 0.304018
vt 0.141025 0.424740
vt 0.757166 0.351299
vt 0.754740 0.350645
vt 0.684810 0.293531
vt 0.688833 0.294245
vt 0.686988 0.295385
vt 0.634677 0.631562
vt 0.691834 0.294793
vt 0.688855 0.295745
vt 0.637767 0.631904
vt 0.695428 0.295416
vt 0.691554 0.296189
vt 0.641052 0.631554
vt 0.641239 0.635584
vt 0.642954 0.637686
vt 0.603724 0.445740
vt 0.598393 0.448022
vt 0.142868 0.423574
vt 0.142397 0.426361
vt 0.761671 0.349847
vt 0.258701 0.196994
vt 0.256142 0.194870
vt 0.257314 0.197780
vt 0.944253 0.427072
vt 0.941448 0.427072
vt 0.942715 0.425809
vt 0.685870 0.292186
vt 0.690087 0.293039
vt 0.694237 0.293872
vt 0.611022 0.445744
vt 0.608489 0.445980
vt 0.609812 0.444234
vt 0.606542 0.445459
vt 0.958156 0.595993
vt 0.960681 0.594085
vt 0.960681 0.596081
vt 0.605452 0.446749
vt 0.601350 0.448316
vt 0.558341 0.290529
vt 0.560525 0.293997
vt 0.557994 0.294419
vt 0.144249 0.425373
vt 0.941448 0.565203
vt 0.944211 0.565203
vt 0.942857 0.566891
vt 0.143858 0.427287
vt 0.704103 0.855819
vt 0.261384 0.196453
vt 0.261435 0.198999
vt 0.258306 0.199662
vt 0.263238 0.201591
vt 0.261126 0.202376
vt 0.263619 0.204039
vt 0.692857 0.292186
vt 0.695191 0.292724
vt 0.610038 0.446937
vt 0.606914 0.448084
vt 0.603262 0.449408
vt 0.600061 0.449811
vt 0.560584 0.290860
vt 0.563073 0.292808
vt 0.563251 0.294802
vt 0.565714 0.292200
vt 0.264140 0.196035
vt 0.264335 0.198435
vt 0.262591 0.200782
vt 0.815581 0.025801
vt 0.817328 0.025760
vt 0.817345 0.028385
vt 0.819489 0.029117
vt 0.265090 0.203246
vt 0.264442 0.205763
vt 0.612314 0.447413
vt 0.611279 0.448717
vt 0.608458 0.449348
vt 0.604902 0.450816
vt 0.601242 0.451843
vt 0.598321 0.451777
vt 0.596802 0.450155
vt 0.101464 0.710211
vt 0.099429 0.713977
vt 0.099559 0.710302
vt 0.565514 0.290129
vt 0.567886 0.290308
vt 0.342982 0.857634
vt 0.341503 0.855143
vt 0.342982 0.854696
vt 0.341527 0.853409
vt 0.266455 0.193434
vt 0.266393 0.195622
vt 0.265248 0.197703
vt 0.815581 0.378250
vt 0.817063 0.378372
vt 0.817094 0.380191
vt 0.818992 0.379938
vt 0.264504 0.200046
vt 0.263613 0.202567
vt 0.818989 0.025574
vt 0.820785 0.028516
vt 0.613888 0.448198
vt 0.612856 0.449645
vt 0.610015 0.450627
vt 0.607194 0.451012
vt 0.263612 0.208480
vt 0.264021 0.210465
vt 0.261302 0.211864
vt 0.261806 0.214074
vt 0.603475 0.452597
vt 0.261391 0.217282
vt 0.259833 0.215376
vt 0.600183 0.453083
vt 0.103092 0.710656
vt 0.101843 0.712912
vt 0.099429 0.716982
vt 0.567636 0.288059
vt 0.570000 0.290136
vt 0.537160 0.992907
vt 0.535671 0.992907
vt 0.535898 0.990991
vt 0.146943 0.434861
vt 0.670603 0.187625
vt 0.267441 0.194990
vt 0.613981 0.974771
vt 0.613981 0.976991
vt 0.612810 0.975857
vt 0.266900 0.197110
vt 0.265843 0.199320
vt 0.818772 0.378250
vt 0.820765 0.379868
vt 0.265174 0.201764
vt 0.264848 0.204346
vt 0.820785 0.025621
vt 0.614246 0.451838
vt 0.611668 0.451604
vt 0.659556 0.755857
vt 0.658088 0.758237
vt 0.658320 0.755173
vt 0.264325 0.207716
vt 0.267033 0.209054
vt 0.265517 0.212152
vt 0.265453 0.214910
vt 0.264046 0.218511
vt 0.262751 0.219588
vt 0.103239 0.713580
vt 0.101443 0.716487
vt 0.099890 0.719006
vt 0.569613 0.287190
vt 0.571916 0.288878
vt 0.147831 0.436960
vt 0.574042 0.289450
vt 0.572147 0.290163
vt 0.667509 0.185051
vt 0.974701 0.006933
vt 0.977205 0.008328
vt 0.974701 0.008387
vt 0.267098 0.192696
vt 0.269084 0.194557
vt 0.269254 0.196722
vt 0.268526 0.198789
vt 0.267148 0.201013
vt 0.266460 0.203498
vt 0.265966 0.206132
vt 0.613200 0.453083
vt 0.661326 0.755781
vt 0.659357 0.758717
vt 0.658088 0.760704
vt 0.269177 0.210346
vt 0.268387 0.213149
vt 0.267586 0.216174
vt 0.267512 0.218936
vt 0.102649 0.717179
vt 0.734958 0.857539
vt 0.734528 0.854298
vt 0.736293 0.856366
vt 0.736293 0.853409
vt 0.569319 0.285114
vt 0.571363 0.285601
vt 0.573793 0.288133
vt 0.575833 0.288668
vt 0.127094 0.463620
vt 0.125106 0.462037
vt 0.128439 0.462092
vt 0.129694 0.460498
vt 0.131507 0.458857
vt 0.133237 0.457277
vt 0.134790 0.455612
vt 0.136498 0.454248
vt 0.138055 0.452739
vt 0.139632 0.450919
vt 0.141171 0.449527
vt 0.142809 0.447738
vt 0.144372 0.446208
vt 0.145814 0.444914
vt 0.889511 0.555322
vt 0.889511 0.553176
vt 0.128282 0.465366
vt 0.128592 0.468216
vt 0.129909 0.463758
vt 0.875417 0.641454
vt 0.872332 0.641454
vt 0.874397 0.639353
vt 0.871679 0.638984
vt 0.130270 0.466573
vt 0.130119 0.469554
vt 0.789303 0.875470
vt 0.789303 0.872103
vt 0.791840 0.874612
vt 0.792206 0.871587
vt 0.131746 0.462102
vt 0.131475 0.465290
vt 0.668839 0.907052
vt 0.670077 0.909303
vt 0.668839 0.910427
vt 0.131304 0.468404
vt 0.530591 0.756018
vt 0.133186 0.460580
vt 0.133003 0.463755
vt 0.132677 0.467053
vt 0.132436 0.470307
vt 0.298614 0.627766
vt 0.298450 0.629892
vt 0.134528 0.458963
vt 0.134486 0.462243
vt 0.134068 0.465699
vt 0.133906 0.468918
vt 0.133759 0.472008
vt 0.977065 0.659103
vt 0.977065 0.661007
vt 0.974701 0.660958
vt 0.297517 0.631555
vt 0.136265 0.457459
vt 0.960715 0.225682
vt 0.958156 0.226235
vt 0.958156 0.224104
vt 0.136045 0.460683
vt 0.135665 0.464107
vt 0.135408 0.467545
vt 0.135076 0.471252
vt 0.299125 0.628915
vt 0.299863 0.631834
vt 0.299511 0.635748
vt 0.137850 0.456077
vt 0.137625 0.459162
vt 0.137358 0.462362
vt 0.137053 0.465908
vt 0.136845 0.469146
vt 0.136473 0.473380
vt 0.134731 0.475146
vt 0.136060 0.478151
vt 0.300412 0.639457
vt 0.135872 0.481316
vt 0.134430 0.478957
vt 0.139388 0.454282
vt 0.139133 0.457633
vt 0.138941 0.460809
vt 0.138698 0.464077
vt 0.138465 0.467577
vt 0.138232 0.470661
vt 0.405092 0.853409
vt 0.406823 0.854693
vt 0.405092 0.857616
vt 0.137938 0.475701
vt 0.137673 0.479469
vt 0.137444 0.482450
vt 0.140949 0.452739
vt 0.140763 0.455897
vt 0.140460 0.459235
vt 0.140327 0.462545
vt 0.140055 0.465787
vt 0.139838 0.469186
vt 0.139598 0.472480
vt 0.325882 0.658664
vt 0.326929 0.660627
vt 0.324896 0.664398
vt 0.327031 0.665313
vt 0.139435 0.477067
vt 0.139210 0.481505
vt 0.943481 0.333573
vt 0.941825 0.335677
vt 0.941448 0.333504
vt 0.142501 0.451198
vt 0.142452 0.454153
vt 0.142281 0.457488
vt 0.141915 0.460909
vt 0.141695 0.464257
vt 0.141476 0.467646
vt 0.141194 0.470840
vt 0.140923 0.473948
vt 0.328570 0.661854
vt 0.328469 0.667083
vt 0.140908 0.478869
vt 0.140753 0.483454
vt 0.944214 0.335677
vt 0.504323 0.521508
vt 0.144400 0.448991
vt 0.547254 0.755173
vt 0.547254 0.758801
vt 0.544931 0.755813
vt 0.544457 0.759084
vt 0.545157 0.761682
vt 0.144253 0.455571
vt 0.144114 0.459189
vt 0.907145 0.056495
vt 0.907145 0.053503
vt 0.910395 0.055165
vt 0.175628 0.781954
vt 0.172761 0.778051
vt 0.174700 0.777664
vt 0.143291 0.462628
vt 0.135193 0.820732
vt 0.132787 0.818569
vt 0.135193 0.818406
vt 0.134793 0.815689
vt 0.142794 0.465632
vt 0.142855 0.469367
vt 0.142515 0.472417
vt 0.735476 0.506417
vt 0.733109 0.507838
vt 0.733327 0.505916
vt 0.330751 0.662123
vt 0.331607 0.665733
vt 0.329512 0.671221
vt 0.332282 0.670275
vt 0.801532 0.362223
vt 0.801532 0.365478
vt 0.796237 0.006933
vt 0.798335 0.008707
vt 0.795915 0.008819
vt 0.146201 0.447082
vt 0.146371 0.450036
vt 0.144514 0.451925
vt 0.146429 0.453451
vt 0.145858 0.457408
vt 0.145604 0.461101
vt 0.173373 0.782166
vt 0.171069 0.779148
vt 0.170837 0.775917
vt 0.781807 0.907923
vt 0.779554 0.910358
vt 0.779554 0.907052
vt 0.144563 0.467848
vt 0.740376 0.506099
vt 0.737664 0.508567
vt 0.738120 0.505916
vt 0.735292 0.509817
vt 0.733110 0.510733
vt 0.333352 0.661286
vt 0.334146 0.664750
vt 0.334146 0.670753
vt 0.927464 0.683199
vt 0.926674 0.684534
vt 0.924364 0.683199
vt 0.977084 0.553004
vt 0.974701 0.553352
vt 0.974701 0.551408
vt 0.147683 0.442755
vt 0.147964 0.445269
vt 0.799573 0.007051
vt 0.801703 0.008819
vt 0.148457 0.447872
vt 0.148546 0.451360
vt 0.147883 0.455498
vt 0.147269 0.459324
vt 0.146828 0.462912
vt 0.170837 0.781425
vt 0.146440 0.466377
vt 0.144822 0.464452
vt 0.145738 0.469319
vt 0.754740 0.055866
vt 0.756971 0.055409
vt 0.757769 0.057679
vt 0.760062 0.057653
vt 0.737253 0.510345
vt 0.734999 0.511342
vt 0.273581 0.602895
vt 0.272599 0.600345
vt 0.274185 0.601033
vt 0.272531 0.597690
vt 0.270000 0.596020
vt 0.269808 0.592823
vt 0.194966 0.758605
vt 0.196723 0.761733
vt 0.194966 0.761398
vt 0.193938 0.976967
vt 0.192411 0.977066
vt 0.192411 0.974771
vt 0.320264 0.942251
vt 0.318379 0.943800
vt 0.318109 0.941326
vt 0.924364 0.345635
vt 0.927535 0.345635
vt 0.925444 0.346837
vt 0.709686 0.082030
vt 0.710357 0.079421
vt 0.712521 0.081309
vt 0.713068 0.078476
vt 0.716140 0.081046
vt 0.717005 0.078447
vt 0.719048 0.079325
vt 0.577123 0.377862
vt 0.576648 0.374508
vt 0.579789 0.376300
vt 0.578629 0.372572
vt 0.575832 0.371169
vt 0.577556 0.369125
vt 0.148689 0.457644
vt 0.148643 0.461193
vt 0.148112 0.464667
vt 0.147516 0.467874
vt 0.686903 0.549935
vt 0.685123 0.553006
vt 0.684810 0.550808
vt 0.759544 0.055662
vt 0.762003 0.057412
vt 0.274185 0.605214
vt 0.272859 0.604670
vt 0.272085 0.602256
vt 0.270593 0.599251
vt 0.195223 0.755174
vt 0.196881 0.757720
vt 0.198500 0.761188
vt 0.320264 0.944205
vt 0.396944 0.992960
vt 0.395621 0.991322
vt 0.396944 0.990991
vt 0.768889 0.991090
vt 0.767231 0.992641
vt 0.767223 0.990991
vt 0.566029 0.463632
vt 0.565547 0.461022
vt 0.756348 0.400266
vt 0.562659 0.459439
vt 0.559405 0.456555
vt 0.562399 0.456688
vt 0.009536 0.599104
vt 0.609985 0.740717
vt 0.611348 0.734756
vt 0.611165 0.739055
vt 0.613578 0.734244
vt 0.612906 0.737992
vt 0.615449 0.733121
vt 0.614635 0.736827
vt 0.283634 0.669110
vt 0.119253 0.531500
vt 0.119362 0.528960
vt 0.122543 0.530887
vt 0.709686 0.346229
vt 0.116002 0.534249
vt 0.115459 0.531436
vt 0.118809 0.533727
vt 0.768889 0.992801
vt 0.568928 0.459519
vt 0.754740 0.399014
vt 0.563797 0.460862
vt 0.567664 0.458838
vt 0.571119 0.456653
vt 0.780562 0.101817
vt 0.566208 0.458355
vt 0.569729 0.456555
vt 0.781889 0.102605
vt 0.779957 0.103233
vt 0.564505 0.458082
vt 0.521804 0.992787
vt 0.520121 0.992899
vt 0.520121 0.990991
vt 0.871679 0.006933
vt 0.875644 0.006933
vt 0.873142 0.007846
vt 0.832003 0.974771
vt 0.832003 0.976903
vt 0.830586 0.976871
vt 0.876186 0.990991
vt 0.874730 0.992720
vt 0.874493 0.990991
vt 0.738476 0.976924
vt 0.737049 0.976924
vt 0.737088 0.974771
vt 0.781190 0.104204
vt 0.779402 0.104601
vt 0.644481 0.103998
vt 0.008063 0.600455
vt 0.009270 0.601729
vt 0.008007 0.603096
vt 0.009294 0.604444
vt 0.165578 0.610643
vt 0.164677 0.609566
vt 0.167116 0.606933
vt 0.163685 0.607054
vt 0.166923 0.604360
vt 0.165043 0.603708
vt 0.167952 0.601514
vt 0.165698 0.600939
vt 0.167920 0.599238
vt 0.006933 0.960898
vt 0.006933 0.958152
vt 0.008122 0.958701
vt 0.011310 0.597616
vt 0.010916 0.600403
vt 0.166125 0.613389
vt 0.162303 0.612430
vt 0.166726 0.611454
vt 0.161626 0.609487
vt 0.943978 0.022425
vt 0.941550 0.024119
vt 0.941448 0.022425
vt 0.845493 0.992781
vt 0.843891 0.992781
vt 0.844394 0.990991
vt 0.163846 0.605473
vt 0.163084 0.602961
vt 0.164374 0.599983
vt 0.167876 0.598073
vt 0.013049 0.596059
vt 0.012747 0.598958
vt 0.012512 0.601786
vt 0.775938 0.436620
vt 0.777815 0.435822
vt 0.779272 0.438156
vt 0.781660 0.437466
vt 0.160026 0.611910
vt 0.977044 0.799164
vt 0.974701 0.800429
vt 0.974701 0.798639
vt 0.944270 0.024126
vt 0.161596 0.607847
vt 0.161375 0.604890
vt 0.629308 0.976973
vt 0.627848 0.975273
vt 0.629308 0.974771
vt 0.706836 0.992847
vt 0.705424 0.992101
vt 0.706836 0.990991
vt 0.163031 0.601545
vt 0.161721 0.599244
vt 0.014634 0.594530
vt 0.014303 0.597479
vt 0.014648 0.600351
vt 0.834760 0.639745
vt 0.837063 0.640231
vt 0.835335 0.642607
vt 0.839228 0.642607
vt 0.781821 0.435822
vt 0.014837 0.603441
vt 0.014747 0.606571
vt 0.013168 0.604975
vt 0.158898 0.610675
vt 0.159731 0.606973
vt 0.158710 0.604204
vt 0.159560 0.601005
vt 0.158259 0.598485
vt 0.941448 0.224305
vt 0.944249 0.224305
vt 0.942813 0.226136
vt 0.927490 0.329675
vt 0.926898 0.331768
vt 0.924364 0.329675
vt 0.016626 0.595731
vt 0.015917 0.598846
vt 0.016139 0.601830
vt 0.016626 0.605085
vt 0.016026 0.608013
vt 0.013967 0.609193
vt 0.015794 0.611041
vt 0.013735 0.612068
vt 0.015279 0.613733
vt 0.157529 0.602923
vt 0.157622 0.599912
vt 0.603673 0.661870
vt 0.601265 0.660985
vt 0.602435 0.659329
vt 0.600537 0.658664
vt 0.157529 0.597112
vt 0.281179 0.667941
vt 0.280393 0.669756
vt 0.121800 0.525414
vt 0.120341 0.524391
vt 0.122694 0.522940
vt 0.119347 0.521335
vt 0.120848 0.519625
vt 0.119423 0.518597
vt 0.121425 0.516897
vt 0.118964 0.515708
vt 0.122694 0.514043
vt 0.119448 0.512855
vt 0.121130 0.510960
vt 0.117400 0.509982
vt 0.120526 0.507964
vt 0.117109 0.507144
vt 0.119184 0.505147
vt 0.117230 0.504179
vt 0.117732 0.502530
vt 0.600318 0.662864
vt 0.599494 0.660400
vt 0.684810 0.399809
vt 0.687950 0.400470
vt 0.685061 0.401330
vt 0.718749 0.589016
vt 0.717045 0.591185
vt 0.121881 0.527786
vt 0.120353 0.526725
vt 0.282819 0.670984
vt 0.279433 0.671362
vt 0.118347 0.523172
vt 0.117579 0.520228
vt 0.117544 0.517480
vt 0.117092 0.514623
vt 0.117934 0.511771
vt 0.603673 0.670895
vt 0.601719 0.670258
vt 0.603214 0.668211
vt 0.600601 0.667530
vt 0.601900 0.665592
vt 0.599838 0.664929
vt 0.598370 0.662213
vt 0.709686 0.679757
vt 0.713887 0.680532
vt 0.709822 0.681395
vt 0.688550 0.398253
vt 0.691605 0.398444
vt 0.117451 0.530291
vt 0.118055 0.528029
vt 0.974701 0.769549
vt 0.974701 0.767835
vt 0.977052 0.768980
vt 0.116448 0.524635
vt 0.116137 0.521895
vt 0.115778 0.519124
vt 0.733109 0.291178
vt 0.736056 0.290653
vt 0.734621 0.292250
vt 0.737535 0.292370
vt 0.739051 0.290653
vt 0.740746 0.291822
vt 0.116197 0.513621
vt 0.115516 0.510716
vt 0.117184 0.508829
vt 0.115574 0.507759
vt 0.598728 0.666898
vt 0.598066 0.664330
vt 0.115949 0.506042
vt 0.114319 0.505020
vt 0.115812 0.503091
vt 0.112686 0.502592
vt 0.712324 0.678664
vt 0.714946 0.679263
vt 0.716897 0.681082
vt 0.717874 0.679939
vt 0.718669 0.681395
vt 0.776012 0.606096
vt 0.114806 0.528582
vt 0.114954 0.526179
vt 0.115052 0.523657
vt 0.944275 0.178389
vt 0.942951 0.179778
vt 0.941448 0.178389
vt 0.114289 0.520760
vt 0.112153 0.517614
vt 0.116445 0.516505
vt 0.113409 0.515253
vt 0.113383 0.512521
vt 0.113152 0.509724
vt 0.112346 0.506994
vt 0.111429 0.504385
vt 0.109676 0.502239
vt 0.110169 0.500845
vt 0.108517 0.500100
vt 0.715643 0.677966
vt 0.272111 0.944146
vt 0.270854 0.941326
vt 0.272111 0.941407
vt 0.777410 0.605301
vt 0.113014 0.532071
vt 0.112997 0.529752
vt 0.784178 0.976915
vt 0.784178 0.974771
vt 0.785722 0.975500
vt 0.412700 0.990991
vt 0.412700 0.992929
vt 0.410811 0.992791
vt 0.632470 0.315632
vt 0.629430 0.317156
vt 0.631147 0.314518
vt 0.801496 0.589365
vt 0.800626 0.592010
vt 0.798789 0.589640
vt 0.797494 0.591212
vt 0.795915 0.589365
vt 0.113883 0.522768
vt 0.110705 0.519109
vt 0.110920 0.516703
vt 0.289364 0.924751
vt 0.290872 0.924383
vt 0.290872 0.927400
vt 0.109438 0.514005
vt 0.111403 0.511510
vt 0.110570 0.508834
vt 0.110400 0.506099
vt 0.108593 0.503897
vt 0.107491 0.501703
vt 0.279834 0.958152
vt 0.279834 0.960861
vt 0.278600 0.959497
vt 0.270694 0.944180
vt 0.269377 0.941679
vt 0.779127 0.604374
vt 0.781597 0.604959
vt 0.273020 0.778108
vt 0.271495 0.780129
vt 0.271181 0.777916
vt 0.873473 0.244168
vt 0.872235 0.246238
vt 0.871679 0.244739
vt 0.875186 0.244335
vt 0.873899 0.246453
vt 0.353499 0.503442
vt 0.353742 0.500644
vt 0.355725 0.502503
vt 0.351068 0.504473
vt 0.351484 0.501600
vt 0.349520 0.505108
vt 0.350002 0.502100
vt 0.347665 0.505877
vt 0.347024 0.503484
vt 0.320132 0.205763
vt 0.319957 0.203443
vt 0.322821 0.205476
vt 0.316683 0.206063
vt 0.317455 0.203715
vt 0.313628 0.206337
vt 0.314403 0.204068
vt 0.310794 0.206592
vt 0.311714 0.204372
vt 0.308016 0.206826
vt 0.308673 0.204737
vt 0.305288 0.207026
vt 0.305698 0.205108
vt 0.302884 0.207198
vt 0.303301 0.205400
vt 0.301433 0.205595
vt 0.273800 0.780331
vt 0.273461 0.782201
vt 0.435627 0.907742
vt 0.434289 0.909546
vt 0.434625 0.907052
vt 0.627995 0.990991
vt 0.629512 0.991886
vt 0.627995 0.992880
vt 0.839343 0.449912
vt 0.875500 0.246453
vt 0.991381 0.083550
vt 0.992612 0.085058
vt 0.991095 0.085058
vt 0.435627 0.910448
vt 0.562931 0.140348
vt 0.564473 0.141711
vt 0.562068 0.141933
vt 0.781767 0.624470
vt 0.778997 0.625425
vt 0.777519 0.623580
vt 0.775938 0.625425
vt 0.740330 0.172106
vt 0.738144 0.170726
vt 0.740691 0.169497
vt 0.341351 0.815689
vt 0.342159 0.818567
vt 0.340579 0.817738
vt 0.340579 0.820703
vt 0.564489 0.139554
vt 0.566677 0.141349
vt 0.567004 0.143462
vt 0.569480 0.143362
vt 0.348763 0.500100
vt 0.737771 0.173718
vt 0.735512 0.174139
vt 0.735819 0.169497
vt 0.733109 0.172855
vt 0.568959 0.140349
vt 0.570686 0.141964
vt 0.572817 0.143729
vt 0.324881 0.205218
vt 0.323009 0.203096
vt 0.326662 0.202673
vt 0.323607 0.200684
vt 0.325986 0.200444
vt 0.834760 0.149827
vt 0.837258 0.150262
vt 0.834861 0.152082
vt 0.836874 0.151588
vt 0.839194 0.149827
vt 0.839343 0.152673
vt 0.891366 0.321549
vt 0.889511 0.319933
vt 0.893206 0.319933
vt 0.572807 0.140947
vt 0.574193 0.142430
vt 0.320474 0.201098
vt 0.320578 0.198888
vt 0.324113 0.198285
vt 0.320525 0.196818
vt 0.323309 0.196310
vt 0.320941 0.194397
vt 0.601325 0.941326
vt 0.601325 0.944200
vt 0.599817 0.942322
vt 0.574925 0.139826
vt 0.576487 0.141614
vt 0.977125 0.364066
vt 0.976654 0.365745
vt 0.974701 0.364066
vt 0.577133 0.142625
vt 0.317283 0.201545
vt 0.317087 0.199527
vt 0.317459 0.197386
vt 0.319278 0.194453
vt 0.536246 0.834658
vt 0.536246 0.837605
vt 0.534582 0.836447
vt 0.535020 0.839399
vt 0.577533 0.139554
vt 0.579750 0.142152
vt 0.857605 0.817907
vt 0.854466 0.817980
vt 0.856224 0.816291
vt 0.853310 0.816291
vt 0.580203 0.143029
vt 0.660611 0.633358
vt 0.661703 0.636303
vt 0.658825 0.634499
vt 0.314868 0.201807
vt 0.315324 0.199554
vt 0.402589 0.710771
vt 0.402891 0.713648
vt 0.401501 0.712534
vt 0.400844 0.715394
vt 0.399976 0.714189
vt 0.399670 0.717053
vt 0.316176 0.195107
vt 0.316895 0.192689
vt 0.319362 0.192279
vt 0.317057 0.190426
vt 0.580597 0.139725
vt 0.319583 0.992961
vt 0.317652 0.992961
vt 0.318307 0.990991
vt 0.659896 0.631720
vt 0.662968 0.633369
vt 0.663572 0.634835
vt 0.533419 0.596381
vt 0.312833 0.201955
vt 0.406194 0.710211
vt 0.406187 0.713072
vt 0.404537 0.711932
vt 0.404023 0.714865
vt 0.402034 0.716723
vt 0.400450 0.718511
vt 0.761558 0.758809
vt 0.761951 0.757002
vt 0.761951 0.760546
vt 0.313215 0.193970
vt 0.314580 0.191022
vt 0.853310 0.203387
vt 0.856063 0.202805
vt 0.854739 0.205089
vt 0.857726 0.205089
vt 0.974986 0.022253
vt 0.977196 0.023878
vt 0.974701 0.023878
vt 0.665376 0.632615
vt 0.666374 0.635018
vt 0.534908 0.598457
vt 0.533002 0.598751
vt 0.310094 0.202312
vt 0.311163 0.199741
vt 0.406194 0.716079
vt 0.403966 0.718022
vt 0.312153 0.197043
vt 0.312319 0.194870
vt 0.314585 0.196873
vt 0.314899 0.194584
vt 0.311868 0.193370
vt 0.761575 0.755173
vt 0.854976 0.007847
vt 0.855909 0.008301
vt 0.853310 0.008301
vt 0.311209 0.192330
vt 0.312521 0.189239
vt 0.315314 0.188324
vt 0.666899 0.630215
vt 0.668401 0.633204
vt 0.669862 0.636303
vt 0.534723 0.601092
vt 0.532387 0.601268
vt 0.306562 0.203012
vt 0.308590 0.200034
vt 0.072214 0.960833
vt 0.070784 0.958152
vt 0.073191 0.958152
vt 0.308783 0.197906
vt 0.309475 0.195410
vt 0.310049 0.192983
vt 0.853808 0.006933
vt 0.856764 0.006959
vt 0.857812 0.008082
vt 0.463227 0.688272
vt 0.461582 0.689272
vt 0.463018 0.686330
vt 0.308077 0.191467
vt 0.309764 0.188077
vt 0.313594 0.186147
vt 0.311314 0.184418
vt 0.314546 0.182894
vt 0.312459 0.180845
vt 0.533748 0.603929
vt 0.531515 0.603851
vt 0.304271 0.203310
vt 0.853310 0.314269
vt 0.855819 0.314072
vt 0.854917 0.315961
vt 0.857726 0.315961
vt 0.305247 0.200913
vt 0.305805 0.198673
vt 0.306648 0.196055
vt 0.307164 0.193746
vt 0.307799 0.191246
vt 0.309905 0.191432
vt 0.463227 0.690747
vt 0.462671 0.691391
vt 0.670377 0.091298
vt 0.668781 0.091031
vt 0.670757 0.088934
vt 0.666799 0.089041
vt 0.662917 0.091419
vt 0.662667 0.089057
vt 0.659316 0.091518
vt 0.658825 0.088934
vt 0.533394 0.606686
vt 0.531955 0.606577
vt 0.530622 0.606420
vt 0.974701 0.240191
vt 0.975326 0.238779
vt 0.977159 0.240191
vt 0.857599 0.751487
vt 0.856146 0.753300
vt 0.855688 0.751557
vt 0.854053 0.753391
vt 0.853310 0.751487
vt 0.301968 0.203665
vt 0.302582 0.201550
vt 0.303160 0.199359
vt 0.303529 0.197425
vt 0.304418 0.194577
vt 0.305376 0.191419
vt 0.150423 0.958152
vt 0.152673 0.960373
vt 0.150423 0.960829
vt 0.463124 0.693391
vt 0.462591 0.693686
vt 0.975014 0.537532
vt 0.974701 0.536609
vt 0.977096 0.537542
vt 0.977096 0.535743
vt 0.670163 0.092931
vt 0.666089 0.093481
vt 0.305851 0.186929
vt 0.306943 0.183214
vt 0.309213 0.184458
vt 0.310205 0.181136
vt 0.307597 0.180211
vt 0.532067 0.609376
vt 0.530282 0.608926
vt 0.236069 0.910456
vt 0.236069 0.907648
vt 0.237472 0.909632
vt 0.237673 0.907052
vt 0.322491 0.366597
vt 0.321564 0.369153
vt 0.299888 0.203946
vt 0.300367 0.201944
vt 0.300888 0.199783
vt 0.301314 0.197794
vt 0.301892 0.195386
vt 0.302622 0.192475
vt 0.302819 0.191126
vt 0.462587 0.696068
vt 0.302913 0.190182
vt 0.304834 0.191352
vt 0.023027 0.974771
vt 0.022293 0.977124
vt 0.022171 0.974771
vt 0.669930 0.095185
vt 0.666768 0.095459
vt 0.664012 0.095656
vt 0.304218 0.184674
vt 0.304800 0.181872
vt 0.305255 0.178929
vt 0.530730 0.611824
vt 0.927544 0.113026
vt 0.927171 0.114460
vt 0.924593 0.113026
vt 0.924364 0.114487
vt 0.322455 0.371812
vt 0.321185 0.371692
vt 0.466674 0.910175
vt 0.467798 0.907052
vt 0.467798 0.910376
vt 0.302815 0.177507
vt 0.305050 0.177248
vt 0.302438 0.180425
vt 0.301168 0.185104
vt 0.303625 0.187252
vt 0.301499 0.186344
vt 0.301073 0.188877
vt 0.300613 0.191057
vt 0.300441 0.191585
vt 0.299929 0.194037
vt 0.299365 0.196864
vt 0.298968 0.198660
vt 0.298546 0.200593
vt 0.710386 0.290035
vt 0.711840 0.291742
vt 0.709686 0.292081
vt 0.712503 0.289668
vt 0.321924 0.374658
vt 0.465118 0.908411
vt 0.299980 0.177506
vt 0.303198 0.174497
vt 0.300011 0.175716
vt 0.102602 0.776296
vt 0.102245 0.779645
vt 0.101042 0.776854
vt 0.300084 0.178929
vt 0.103976 0.776282
vt 0.103828 0.779416
vt 0.103940 0.782104
vt 0.172244 0.796257
vt 0.174743 0.801689
vt 0.172244 0.801714
vt 0.300112 0.180733
vt 0.105610 0.775917
vt 0.105610 0.778916
vt 0.105590 0.782210
vt 0.295366 0.175856
vt 0.292713 0.174411
vt 0.295472 0.174302
vt 0.490076 0.941978
vt 0.488675 0.944214
vt 0.488675 0.941326
vt 0.174865 0.797327
vt 0.299399 0.184670
vt 0.297327 0.182405
vt 0.297827 0.178408
vt 0.295040 0.179918
vt 0.292523 0.177774
vt 0.298795 0.188029
vt 0.661354 0.053823
vt 0.665023 0.051506
vt 0.665066 0.054012
vt 0.667510 0.052229
vt 0.667898 0.049375
vt 0.670192 0.050268
vt 0.670738 0.047159
vt 0.292303 0.179880
vt 0.289866 0.179652
vt 0.298464 0.190545
vt 0.658825 0.053339
vt 0.661059 0.051555
vt 0.664764 0.048982
vt 0.668767 0.046305
vt 0.291835 0.182006
vt 0.289510 0.181271
vt 0.287028 0.180131
vt 0.974984 0.147015
vt 0.977229 0.147545
vt 0.974701 0.147545
vt 0.684810 0.641677
vt 0.687697 0.641652
vt 0.686808 0.642657
vt 0.689443 0.642224
vt 0.659134 0.050839
vt 0.926877 0.515741
vt 0.925087 0.513881
vt 0.927459 0.513696
vt 0.660738 0.049166
vt 0.664628 0.046394
vt 0.294557 0.185552
vt 0.291725 0.185837
vt 0.289122 0.183610
vt 0.286821 0.182725
vt 0.284555 0.181864
vt 0.297885 0.192159
vt 0.298352 0.190308
vt 0.295698 0.190772
vt 0.690440 0.641880
vt 0.691996 0.642449
vt 0.924364 0.515741
vt 0.658825 0.048582
vt 0.661101 0.046423
vt 0.291591 0.189110
vt 0.289257 0.187436
vt 0.286460 0.185050
vt 0.283907 0.183495
vt 0.977128 0.301549
vt 0.974702 0.303324
vt 0.974701 0.301549
vt 0.281568 0.182373
vt 0.410824 0.942256
vt 0.412169 0.941326
vt 0.412169 0.944230
vt 0.297435 0.195108
vt 0.890014 0.041113
vt 0.892677 0.038731
vt 0.893208 0.041213
vt 0.295154 0.192723
vt 0.292842 0.191270
vt 0.693392 0.642126
vt 0.694952 0.642657
vt 0.293910 0.191119
vt 0.291157 0.191341
vt 0.289108 0.190268
vt 0.286960 0.189077
vt 0.284473 0.187439
vt 0.281855 0.185676
vt 0.280354 0.185415
vt 0.297000 0.197356
vt 0.294833 0.195653
vt 0.889511 0.038731
vt 0.292751 0.194567
vt 0.290491 0.193129
vt 0.288376 0.191999
vt 0.286950 0.191783
vt 0.284982 0.190825
vt 0.282277 0.188905
vt 0.280372 0.187956
vt 0.278688 0.187174
vt 0.296531 0.199268
vt 0.294427 0.197987
vt 0.292368 0.196880
vt 0.289826 0.195076
vt 0.288008 0.194338
vt 0.286225 0.193545
vt 0.284681 0.192946
vt 0.282481 0.191637
vt 0.280319 0.190360
vt 0.278849 0.189663
vt 0.276747 0.188403
vt 0.298104 0.202728
vt 0.296079 0.201369
vt 0.293978 0.200149
vt 0.291705 0.198762
vt 0.289207 0.197205
vt 0.287523 0.196507
vt 0.285464 0.195398
vt 0.283743 0.194567
vt 0.281873 0.193587
vt 0.280485 0.192871
vt 0.278802 0.191904
vt 0.276635 0.190598
vt 0.274294 0.189176
vt 0.714157 0.291415
vt 0.295681 0.203545
vt 0.293616 0.202381
vt 0.291197 0.200944
vt 0.288954 0.199693
vt 0.286159 0.198054
vt 0.284614 0.197312
vt 0.282356 0.196061
vt 0.281479 0.195719
vt 0.280460 0.195159
vt 0.278283 0.193856
vt 0.275681 0.192322
vt 0.273424 0.190971
vt 0.271725 0.189928
vt 0.224644 0.974914
vt 0.223219 0.977064
vt 0.223219 0.974771
vt 0.715068 0.289490
vt 0.295162 0.205574
vt 0.292882 0.204351
vt 0.290608 0.203114
vt 0.288222 0.201817
vt 0.286069 0.200631
vt 0.283718 0.199346
vt 0.282313 0.198541
vt 0.280820 0.197699
vt 0.279337 0.196867
vt 0.278076 0.196037
vt 0.275508 0.194577
vt 0.273727 0.193437
vt 0.271353 0.192047
vt 0.268999 0.190660
vt 0.891468 0.537496
vt 0.891179 0.538663
vt 0.889511 0.538369
vt 0.893186 0.538663
vt 0.269729 0.193176
vt 0.272269 0.194599
vt 0.274615 0.195938
vt 0.275511 0.196855
vt 0.278560 0.198383
vt 0.279275 0.199147
vt 0.280700 0.200035
vt 0.281933 0.200884
vt 0.283650 0.201942
vt 0.285502 0.203081
vt 0.288258 0.204467
vt 0.290986 0.205769
vt 0.293523 0.206913
vt 0.714673 0.286673
vt 0.269391 0.195309
vt 0.761674 0.623750
vt 0.759505 0.624062
vt 0.759652 0.622501
vt 0.757439 0.622401
vt 0.272380 0.196817
vt 0.269584 0.197648
vt 0.757115 0.623952
vt 0.755320 0.622951
vt 0.452545 0.857615
vt 0.451209 0.855745
vt 0.452588 0.855077
vt 0.451209 0.853409
vt 0.274435 0.198076
vt 0.272860 0.199112
vt 0.269502 0.199978
vt 0.754740 0.624062
vt 0.275804 0.199241
vt 0.274181 0.200309
vt 0.272171 0.201329
vt 0.270527 0.202346
vt 0.977066 0.862385
vt 0.974701 0.862385
vt 0.974934 0.861358
vt 0.277598 0.200509
vt 0.275662 0.201612
vt 0.273707 0.202674
vt 0.271785 0.203727
vt 0.268921 0.204895
vt 0.278699 0.201373
vt 0.276781 0.202758
vt 0.274836 0.204150
vt 0.271913 0.205452
vt 0.853310 0.423554
vt 0.856530 0.422975
vt 0.854681 0.424705
vt 0.857706 0.424705
vt 0.270406 0.206478
vt 0.268917 0.207459
vt 0.660742 0.759133
vt 0.280265 0.202408
vt 0.277599 0.203749
vt 0.276685 0.205305
vt 0.273836 0.206744
vt 0.271905 0.208223
vt 0.270280 0.209208
vt 0.661575 0.760850
vt 0.659022 0.761594
vt 0.270515 0.209531
vt 0.267996 0.208262
vt 0.281195 0.203375
vt 0.278997 0.204924
vt 0.278296 0.206493
vt 0.276179 0.207974
vt 0.273304 0.209571
vt 0.271023 0.211153
vt 0.819898 0.617579
vt 0.818102 0.617113
vt 0.820643 0.615884
vt 0.818685 0.614171
vt 0.816340 0.615624
vt 0.270112 0.212218
vt 0.282379 0.204525
vt 0.280415 0.206216
vt 0.278328 0.207871
vt 0.924364 0.776011
vt 0.927488 0.776011
vt 0.926209 0.776372
vt 0.276901 0.209418
vt 0.275925 0.210792
vt 0.273495 0.212414
vt 0.272024 0.213798
vt 0.270268 0.211984
vt 0.148498 0.873801
vt 0.147119 0.873131
vt 0.148303 0.871587
vt 0.815581 0.617579
vt 0.271017 0.214398
vt 0.268860 0.215535
vt 0.926399 0.377042
vt 0.927523 0.378336
vt 0.924364 0.378336
vt 0.285312 0.205943
vt 0.282932 0.207598
vt 0.281839 0.209081
vt 0.279704 0.210656
vt 0.278172 0.212068
vt 0.276452 0.213495
vt 0.273528 0.215341
vt 0.273148 0.216108
vt 0.147119 0.875687
vt 0.270420 0.217635
vt 0.268878 0.218335
vt 0.288573 0.207239
vt 0.599381 0.890475
vt 0.601748 0.889593
vt 0.601748 0.893033
vt 0.286266 0.208814
vt 0.284456 0.210299
vt 0.282597 0.211771
vt 0.281525 0.212918
vt 0.279462 0.214424
vt 0.276183 0.216505
vt 0.276108 0.217090
vt 0.272797 0.219241
vt 0.270449 0.220582
vt 0.624075 0.717236
vt 0.625310 0.715990
vt 0.625456 0.718482
vt 0.269471 0.220736
vt 0.606877 0.908580
vt 0.608444 0.907052
vt 0.608444 0.910419
vt 0.716914 0.291265
vt 0.716480 0.288211
vt 0.718655 0.290029
vt 0.718819 0.287185
vt 0.291223 0.208390
vt 0.289269 0.209848
vt 0.658825 0.501452
vt 0.660721 0.501836
vt 0.659034 0.504549
vt 0.661114 0.504956
vt 0.662882 0.502516
vt 0.285575 0.212677
vt 0.283829 0.214032
vt 0.280401 0.216329
vt 0.278753 0.217648
vt 0.276678 0.219210
vt 0.339692 0.960905
vt 0.339692 0.958152
vt 0.339991 0.960123
vt 0.275827 0.220022
vt 0.273930 0.221225
vt 0.271024 0.223071
vt 0.623920 0.714642
vt 0.625287 0.713644
vt 0.627411 0.715547
vt 0.627411 0.713466
vt 0.716688 0.285587
vt 0.718576 0.284371
vt 0.291756 0.210832
vt 0.290140 0.212064
vt 0.287589 0.211188
vt 0.288698 0.213165
vt 0.662122 0.499568
vt 0.663685 0.499901
vt 0.664816 0.502987
vt 0.666801 0.501140
vt 0.668270 0.504587
vt 0.669141 0.501877
vt 0.670134 0.504956
vt 0.282239 0.218038
vt 0.279967 0.219755
vt 0.276852 0.222099
vt 0.276227 0.222590
vt 0.274209 0.223865
vt 0.271856 0.225199
vt 0.255696 0.975695
vt 0.254274 0.977061
vt 0.254274 0.974771
vt 0.270291 0.225690
vt 0.270165 0.222967
vt 0.624698 0.710926
vt 0.625990 0.710211
vt 0.297292 0.206671
vt 0.297517 0.208898
vt 0.295662 0.207900
vt 0.295834 0.210264
vt 0.293713 0.209357
vt 0.293941 0.211836
vt 0.291972 0.213412
vt 0.290814 0.214073
vt 0.289096 0.215388
vt 0.287273 0.214252
vt 0.287260 0.216813
vt 0.284390 0.216413
vt 0.284812 0.218808
vt 0.282696 0.220463
vt 0.279255 0.223306
vt 0.277925 0.224222
vt 0.276304 0.225411
vt 0.274374 0.226657
vt 0.272283 0.227678
vt 0.153762 0.712893
vt 0.152039 0.712692
vt 0.153046 0.710491
vt 0.151545 0.710211
vt 0.576250 0.287180
vt 0.272585 0.775917
vt 0.958156 0.719634
vt 0.960707 0.719634
vt 0.959865 0.720768
vt 0.853310 0.688242
vt 0.855626 0.688242
vt 0.854877 0.690301
vt 0.717207 0.172189
vt 0.715658 0.173319
vt 0.715163 0.171659
vt 0.719081 0.173264
vt 0.717617 0.174341
vt 0.222525 0.799076
vt 0.220728 0.797567
vt 0.221980 0.796257
vt 0.222525 0.801712
vt 0.220515 0.800288
vt 0.123082 0.756406
vt 0.124651 0.758353
vt 0.123082 0.760758
vt 0.107939 0.515563
vt 0.734641 0.726769
vt 0.734960 0.728484
vt 0.733109 0.728943
vt 0.111627 0.521813
vt 0.115349 0.526108
vt 0.112458 0.524891
vt 0.633299 0.317038
vt 0.110225 0.528521
vt 0.113734 0.527815
vt 0.110311 0.530859
vt 0.273800 0.776029
vt 0.711906 0.171960
vt 0.709686 0.173532
vt 0.709880 0.171659
vt 0.857608 0.689361
vt 0.713777 0.172534
vt 0.711882 0.173907
vt 0.709949 0.175155
vt 0.714187 0.174298
vt 0.711924 0.175460
vt 0.508053 0.875302
vt 0.510336 0.872957
vt 0.510429 0.875554
vt 0.359880 0.511621
vt 0.357213 0.509866
vt 0.358937 0.509032
vt 0.357261 0.507182
vt 0.354853 0.508110
vt 0.356546 0.504891
vt 0.353437 0.506126
vt 0.508053 0.871587
vt 0.361449 0.513404
vt 0.359990 0.514457
vt 0.358336 0.512608
vt 0.356082 0.510663
vt 0.353371 0.508869
vt 0.351603 0.506933
vt 0.360284 0.517439
vt 0.357252 0.515471
vt 0.355199 0.513592
vt 0.893123 0.571689
vt 0.889511 0.571689
vt 0.891775 0.569382
vt 0.353969 0.511607
vt 0.352011 0.509633
vt 0.350398 0.507550
vt 0.124760 0.761877
vt 0.126393 0.758857
vt 0.357201 0.518400
vt 0.353865 0.516341
vt 0.352604 0.514523
vt 0.350960 0.512621
vt 0.747154 0.907052
vt 0.749657 0.907052
vt 0.747976 0.910346
vt 0.348887 0.510742
vt 0.347201 0.508792
vt 0.927410 0.544785
vt 0.924941 0.547749
vt 0.924364 0.544785
vt 0.761204 0.837592
vt 0.758913 0.836205
vt 0.760887 0.834657
vt 0.124551 0.755173
vt 0.705096 0.776783
vt 0.707167 0.779326
vt 0.705096 0.780029
vt 0.705951 0.782002
vt 0.356895 0.521301
vt 0.354516 0.519301
vt 0.352106 0.517310
vt 0.876628 0.908809
vt 0.874310 0.910347
vt 0.874310 0.907052
vt 0.349742 0.515401
vt 0.349374 0.513542
vt 0.346792 0.511654
vt 0.536029 0.924383
vt 0.538498 0.925331
vt 0.536029 0.927330
vt 0.758913 0.839314
vt 0.317883 0.208154
vt 0.109485 0.518439
vt 0.106829 0.517333
vt 0.706951 0.775917
vt 0.707524 0.889593
vt 0.708937 0.889965
vt 0.707524 0.893065
vt 0.354048 0.522108
vt 0.353196 0.520494
vt 0.350968 0.518449
vt 0.767000 0.857593
vt 0.766722 0.856118
vt 0.767224 0.855118
vt 0.766722 0.853409
vt 0.350032 0.516613
vt 0.347888 0.514535
vt 0.319506 0.213309
vt 0.316952 0.210654
vt 0.319368 0.210342
vt 0.958156 0.210238
vt 0.958156 0.207941
vt 0.960712 0.208899
vt 0.314682 0.208348
vt 0.738050 0.727400
vt 0.738122 0.728943
vt 0.110237 0.521004
vt 0.107010 0.519431
vt 0.209401 0.942350
vt 0.208033 0.944255
vt 0.208033 0.941326
vt 0.354731 0.525408
vt 0.352352 0.523256
vt 0.351634 0.521742
vt 0.349333 0.519606
vt 0.347584 0.517624
vt 0.317857 0.215968
vt 0.315647 0.213203
vt 0.314023 0.210841
vt 0.834760 0.400899
vt 0.837544 0.400782
vt 0.836797 0.402601
vt 0.839342 0.402601
vt 0.312694 0.208672
vt 0.111052 0.524138
vt 0.740419 0.726783
vt 0.109936 0.523061
vt 0.321495 0.228920
vt 0.318544 0.224859
vt 0.321163 0.224521
vt 0.352478 0.526412
vt 0.351255 0.524805
vt 0.348896 0.522603
vt 0.346792 0.520541
vt 0.315688 0.218301
vt 0.313170 0.215189
vt 0.311973 0.213001
vt 0.599615 0.083802
vt 0.598367 0.085901
vt 0.596802 0.083892
vt 0.311237 0.211029
vt 0.309995 0.208895
vt 0.112147 0.527353
vt 0.941448 0.411943
vt 0.942186 0.410390
vt 0.944240 0.411943
vt 0.112032 0.527406
vt 0.110392 0.526264
vt 0.319697 0.231661
vt 0.317446 0.227989
vt 0.352771 0.529813
vt 0.350359 0.527517
vt 0.348697 0.525718
vt 0.346873 0.523795
vt 0.314439 0.221244
vt 0.312745 0.218417
vt 0.310551 0.215363
vt 0.600825 0.081318
vt 0.602298 0.083241
vt 0.601083 0.085452
vt 0.309662 0.213343
vt 0.307936 0.210934
vt 0.306671 0.208909
vt 0.636627 0.315196
vt 0.636997 0.316891
vt 0.632630 0.318709
vt 0.637682 0.317852
vt 0.320134 0.233266
vt 0.315947 0.231670
vt 0.314693 0.229154
vt 0.351076 0.531733
vt 0.350041 0.530530
vt 0.314407 0.227918
vt 0.312955 0.225153
vt 0.316042 0.225332
vt 0.347571 0.528143
vt 0.311666 0.222632
vt 0.315303 0.223368
vt 0.024771 0.818330
vt 0.022773 0.817676
vt 0.025054 0.815689
vt 0.311129 0.220976
vt 0.308958 0.217593
vt 0.604952 0.082852
vt 0.603814 0.084855
vt 0.308249 0.215766
vt 0.306452 0.213042
vt 0.305080 0.210841
vt 0.303782 0.208867
vt 0.107562 0.529588
vt 0.639821 0.315169
vt 0.641491 0.315991
vt 0.642852 0.316941
vt 0.311818 0.229474
vt 0.311015 0.227679
vt 0.310775 0.226757
vt 0.309579 0.224313
vt 0.025054 0.820758
vt 0.023644 0.820347
vt 0.309302 0.223241
vt 0.307484 0.219919
vt 0.607630 0.082341
vt 0.606378 0.084675
vt 0.605207 0.086854
vt 0.305580 0.215819
vt 0.303946 0.213035
vt 0.302605 0.210756
vt 0.686956 0.159701
vt 0.686045 0.161595
vt 0.684810 0.160210
vt 0.301769 0.209052
vt 0.110258 0.533015
vt 0.107931 0.532097
vt 0.105183 0.801351
vt 0.107725 0.798259
vt 0.107725 0.801709
vt 0.643688 0.314518
vt 0.644085 0.316323
vt 0.693843 0.834657
vt 0.696066 0.835975
vt 0.694067 0.836690
vt 0.695933 0.838336
vt 0.693843 0.838942
vt 0.309172 0.229177
vt 0.307223 0.225159
vt 0.797343 0.853409
vt 0.797750 0.853828
vt 0.797343 0.857596
vt 0.307604 0.225753
vt 0.306489 0.223384
vt 0.306074 0.222383
vt 0.610394 0.081713
vt 0.609057 0.084148
vt 0.607809 0.086448
vt 0.304034 0.218016
vt 0.302933 0.215696
vt 0.708317 0.960771
vt 0.707488 0.958152
vt 0.709533 0.958152
vt 0.301822 0.213381
vt 0.300660 0.211028
vt 0.688239 0.161050
vt 0.687277 0.162947
vt 0.685168 0.163425
vt 0.299828 0.209272
vt 0.578577 0.289334
vt 0.152023 0.715182
vt 0.274712 0.228860
vt 0.276636 0.228076
vt 0.278152 0.227061
vt 0.280299 0.225394
vt 0.281774 0.224471
vt 0.284654 0.221957
vt 0.941448 0.614550
vt 0.941448 0.612244
vt 0.944175 0.613475
vt 0.289619 0.217583
vt 0.291158 0.216570
vt 0.292819 0.215454
vt 0.294448 0.214577
vt 0.296494 0.212772
vt 0.298330 0.210838
vt 0.578534 0.286287
vt 0.580610 0.287407
vt 0.153603 0.715807
vt 0.151545 0.718344
vt 0.583040 0.960758
vt 0.583040 0.958152
vt 0.585592 0.959224
vt 0.709686 0.076300
vt 0.277425 0.229791
vt 0.153287 0.718988
vt 0.461536 0.872217
vt 0.459977 0.875601
vt 0.459977 0.871587
vt 0.714004 0.077267
vt 0.278711 0.229745
vt 0.941448 0.349544
vt 0.944271 0.349544
vt 0.943445 0.350564
vt 0.279606 0.232091
vt 0.277249 0.233266
vt 0.571707 0.378520
vt 0.573242 0.376023
vt 0.573590 0.379261
vt 0.281434 0.227348
vt 0.282055 0.230004
vt 0.569155 0.377026
vt 0.570507 0.374790
vt 0.820822 0.104702
vt 0.819284 0.107039
vt 0.817451 0.104537
vt 0.815581 0.107039
vt 0.573546 0.373200
vt 0.283105 0.226271
vt 0.565001 0.377343
vt 0.566266 0.375409
vt 0.566414 0.378342
vt 0.284641 0.227587
vt 0.567995 0.373666
vt 0.570248 0.371795
vt 0.482520 0.667176
vt 0.485785 0.670579
vt 0.482392 0.671003
vt 0.149897 0.455734
vt 0.150116 0.459213
vt 0.285300 0.224502
vt 0.563212 0.379181
vt 0.562822 0.375970
vt 0.563846 0.374002
vt 0.565538 0.372425
vt 0.567045 0.370424
vt 0.482508 0.663505
vt 0.486462 0.667677
vt 0.694635 0.549531
vt 0.692035 0.549540
vt 0.694721 0.547006
vt 0.691964 0.546257
vt 0.689318 0.547983
vt 0.288033 0.218706
vt 0.287602 0.222526
vt 0.560427 0.374509
vt 0.561886 0.372775
vt 0.562614 0.371015
vt 0.564022 0.369125
vt 0.482392 0.660074
vt 0.484938 0.662093
vt 0.694721 0.555306
vt 0.691969 0.551461
vt 0.689299 0.550216
vt 0.289872 0.220497
vt 0.557994 0.373055
vt 0.559919 0.371557
vt 0.733951 0.119984
vt 0.735780 0.121209
vt 0.733109 0.122373
vt 0.561946 0.370100
vt 0.737421 0.121812
vt 0.734744 0.122283
vt 0.924364 0.867759
vt 0.927448 0.867759
vt 0.926110 0.868787
vt 0.483616 0.658760
vt 0.485275 0.659352
vt 0.488013 0.661305
vt 0.488420 0.665067
vt 0.692124 0.555144
vt 0.689991 0.555740
vt 0.687197 0.553095
vt 0.292015 0.218540
vt 0.292704 0.221028
vt 0.290846 0.222400
vt 0.470331 0.976989
vt 0.470965 0.974771
vt 0.472404 0.976989
vt 0.736572 0.118803
vt 0.738805 0.121101
vt 0.740721 0.122373
vt 0.068911 0.907052
vt 0.068911 0.910516
vt 0.068285 0.908791
vt 0.486962 0.658664
vt 0.489219 0.659695
vt 0.874387 0.795524
vt 0.872801 0.794485
vt 0.875464 0.794710
vt 0.271597 0.612922
vt 0.270393 0.609876
vt 0.272719 0.610916
vt 0.270966 0.607873
vt 0.788061 0.889593
vt 0.788061 0.892996
vt 0.785674 0.892027
vt 0.368794 0.959654
vt 0.370654 0.958152
vt 0.370654 0.960823
vt 0.161040 0.944266
vt 0.161040 0.941326
vt 0.162258 0.942686
vt 0.761781 0.055409
vt 0.293575 0.217829
vt 0.294376 0.220444
vt 0.295464 0.221912
vt 0.293697 0.222762
vt 0.959585 0.501485
vt 0.958156 0.500326
vt 0.960733 0.500326
vt 0.739076 0.117549
vt 0.481390 0.815689
vt 0.483538 0.817389
vt 0.481383 0.819171
vt 0.483538 0.820645
vt 0.753827 0.817217
vt 0.756079 0.818640
vt 0.753868 0.820559
vt 0.925786 0.700668
vt 0.924364 0.698400
vt 0.927416 0.698400
vt 0.907144 0.818624
vt 0.908707 0.816127
vt 0.910301 0.818624
vt 0.871679 0.795524
vt 0.724274 0.891180
vt 0.722803 0.893055
vt 0.722803 0.889593
vt 0.268650 0.606618
vt 0.269302 0.604671
vt 0.271444 0.605928
vt 0.270639 0.603253
vt 0.295418 0.216694
vt 0.296364 0.219047
vt 0.738228 0.009204
vt 0.738993 0.006952
vt 0.740382 0.009372
vt 0.740874 0.007240
vt 0.297373 0.220799
vt 0.298347 0.223097
vt 0.296488 0.223001
vt 0.299257 0.224303
vt 0.297372 0.225296
vt 0.821795 0.874248
vt 0.823061 0.873054
vt 0.823061 0.875550
vt 0.756079 0.815689
vt 0.518848 0.643137
vt 0.518798 0.640781
vt 0.521190 0.641484
vt 0.521469 0.638242
vt 0.518417 0.638625
vt 0.521470 0.635548
vt 0.518893 0.634611
vt 0.520651 0.633359
vt 0.518376 0.632071
vt 0.268353 0.601797
vt 0.269313 0.600273
vt 0.691941 0.163240
vt 0.693158 0.160946
vt 0.694486 0.163425
vt 0.695643 0.161055
vt 0.297416 0.214917
vt 0.298380 0.217367
vt 0.735821 0.009148
vt 0.736443 0.007071
vt 0.299293 0.218886
vt 0.300448 0.222249
vt 0.613134 0.086182
vt 0.613701 0.084389
vt 0.614857 0.086854
vt 0.615366 0.085058
vt 0.039753 0.943078
vt 0.038456 0.944283
vt 0.038456 0.941326
vt 0.822369 0.871587
vt 0.976757 0.907559
vt 0.977008 0.909333
vt 0.974701 0.907273
vt 0.974909 0.909333
vt 0.517081 0.640873
vt 0.516792 0.639449
vt 0.816439 0.009132
vt 0.818484 0.009185
vt 0.816640 0.011382
vt 0.820389 0.011708
vt 0.516621 0.636830
vt 0.515895 0.634954
vt 0.515916 0.631477
vt 0.517431 0.630548
vt 0.515332 0.629423
vt 0.268444 0.597666
vt 0.269165 0.596218
vt 0.689367 0.163079
vt 0.690374 0.161041
vt 0.299171 0.212674
vt 0.300205 0.215216
vt 0.733109 0.009372
vt 0.734315 0.006933
vt 0.301207 0.217478
vt 0.302235 0.219777
vt 0.303382 0.222390
vt 0.611767 0.083818
vt 0.611797 0.082884
vt 0.614543 0.082463
vt 0.303716 0.222703
vt 0.304831 0.225229
vt 0.302122 0.225036
vt 0.517235 0.642968
vt 0.515119 0.641638
vt 0.514863 0.640543
vt 0.815581 0.006933
vt 0.819541 0.006993
vt 0.820727 0.006933
vt 0.071879 0.775917
vt 0.071879 0.779402
vt 0.070445 0.777025
vt 0.070490 0.780567
vt 0.569419 0.941326
vt 0.571040 0.944158
vt 0.568655 0.944158
vt 0.490027 0.837088
vt 0.488278 0.836515
vt 0.490359 0.834658
vt 0.513225 0.632303
vt 0.513115 0.629051
vt 0.514675 0.627766
vt 0.199158 0.757517
vt 0.305016 0.220125
vt 0.610977 0.080393
vt 0.513115 0.639991
vt 0.977141 0.629581
vt 0.976811 0.630095
vt 0.974701 0.629581
vt 0.120242 0.857654
vt 0.118246 0.857552
vt 0.120242 0.853409
vt 0.306805 0.229543
vt 0.697936 0.839231
vt 0.697902 0.837664
vt 0.071552 0.782383
vt 0.490359 0.839395
vt 0.488760 0.838589
vt 0.106530 0.796257
vt 0.104731 0.798217
vt 0.856236 0.438571
vt 0.857728 0.439780
vt 0.853310 0.439780
vt 0.200816 0.761458
vt 0.799589 0.975605
vt 0.800811 0.974771
vt 0.800811 0.976925
vt 0.140346 0.050545
vt 0.064936 0.039862
vt 0.139063 0.039862
vt 0.066057 0.049195
vt 0.032971 0.048407
vt 0.138589 0.060945
vt 0.064521 0.058280
vt 0.139721 0.086976
vt 0.063667 0.075268
vt 0.139721 0.074812
vt 0.063667 0.085894
vt 0.032971 0.080053
vt 0.140752 0.019069
vt 0.065575 0.006933
vt 0.140695 0.006933
vt 0.065625 0.017535
vt 0.032971 0.012624
vt 0.138714 0.025996
vt 0.063845 0.023586
vt 0.006933 0.115182
vt 0.018206 0.038930
vt 0.019104 0.115182
vt 0.007573 0.038930
vt 0.013118 0.006933
vt 0.564003 0.006933
vt 0.582346 0.015821
vt 0.564160 0.024708
vt 0.540272 0.146387
vt 0.497410 0.138413
vt 0.540740 0.138202
vt 0.143662 0.612704
vt 0.135722 0.613557
vt 0.135722 0.592823
vt 0.231974 0.407052
vt 0.225675 0.360393
vt 0.231613 0.360934
vt 0.223818 0.338818
vt 0.217956 0.406776
vt 0.225879 0.406497
vt 0.217956 0.360664
vt 0.409854 0.337549
vt 0.366619 0.329722
vt 0.410508 0.329515
vt 0.365982 0.337549
vt 0.347144 0.335413
vt 0.100148 0.408143
vt 0.105935 0.361430
vt 0.106297 0.407602
vt 0.099945 0.361957
vt 0.098163 0.338818
vt 0.092249 0.407933
vt 0.092249 0.361752
vt 0.006933 0.631901
vt 0.021180 0.631927
vt 0.014057 0.644359
vt 0.539410 0.198425
vt 0.496954 0.190357
vt 0.539410 0.189707
vt 0.103311 0.443750
vt 0.098129 0.440414
vt 0.107536 0.423574
vt 0.413582 0.109090
vt 0.367235 0.101135
vt 0.412796 0.101135
vt 0.367923 0.108095
vt 0.347144 0.106949
vt 0.412121 0.116153
vt 0.366644 0.114275
vt 0.409695 0.372507
vt 0.364585 0.380028
vt 0.364335 0.372507
vt 0.347144 0.375010
vt 0.408840 0.402927
vt 0.364822 0.394969
vt 0.409940 0.394969
vt 0.363859 0.401932
vt 0.347144 0.400779
vt 0.098129 0.484320
vt 0.110700 0.443518
vt 0.106575 0.484056
vt 0.596802 0.514961
vt 0.608606 0.507974
vt 0.610164 0.521948
vt 0.149324 0.406422
vt 0.154904 0.359513
vt 0.157064 0.407733
vt 0.313723 0.612681
vt 0.306733 0.609581
vt 0.313723 0.592823
vt 0.141155 0.359513
vt 0.148286 0.358393
vt 0.147345 0.338818
vt 0.413867 0.130020
vt 0.369934 0.139270
vt 0.370272 0.131360
vt 0.347144 0.134940
vt 0.328723 0.277578
vt 0.278585 0.272157
vt 0.327099 0.269828
vt 0.279973 0.278784
vt 0.255935 0.279786
vt 0.279121 0.285907
vt 0.329340 0.255961
vt 0.278878 0.247908
vt 0.329340 0.247132
vt 0.278878 0.255458
vt 0.255935 0.249739
vt 0.614752 0.108336
vt 0.601983 0.115951
vt 0.600597 0.100720
vt 0.241353 0.159160
vt 0.183638 0.152310
vt 0.241409 0.151730
vt 0.183586 0.159160
vt 0.154619 0.157044
vt 0.235206 0.184606
vt 0.183320 0.173026
vt 0.234921 0.177259
vt 0.183583 0.179800
vt 0.154619 0.175480
vt 0.475447 0.481204
vt 0.428424 0.474526
vt 0.474040 0.473961
vt 0.180936 0.184606
vt 0.242044 0.103737
vt 0.184233 0.110569
vt 0.184210 0.103737
vt 0.154619 0.108238
vt 0.241486 0.130654
vt 0.183814 0.126017
vt 0.241635 0.125014
vt 0.183676 0.131217
vt 0.154619 0.132887
vt 0.241629 0.137864
vt 0.183809 0.137864
vt 0.566863 0.639021
vt 0.554414 0.639231
vt 0.560639 0.627766
vt 0.579050 0.525990
vt 0.557994 0.521716
vt 0.578301 0.521716
vt 0.717741 0.194040
vt 0.714299 0.195868
vt 0.709686 0.189327
vt 0.240307 0.575699
vt 0.248094 0.559043
vt 0.245072 0.575775
vt 0.243328 0.558966
vt 0.246247 0.549861
vt 0.288051 0.612691
vt 0.292866 0.593100
vt 0.292866 0.612968
vt 0.240307 0.556292
vt 0.078562 0.578147
vt 0.076489 0.558991
vt 0.081304 0.559358
vt 0.079628 0.549861
vt 0.613846 0.367349
vt 0.597523 0.362625
vt 0.614566 0.362625
vt 0.073747 0.556802
vt 0.579113 0.517556
vt 0.558806 0.517556
vt 0.718935 0.189327
vt 0.215841 0.693347
vt 0.209254 0.693858
vt 0.212548 0.686330
vt 0.322631 0.643719
vt 0.318800 0.627766
vt 0.322631 0.628204
vt 0.234931 0.761750
vt 0.230419 0.759939
vt 0.234931 0.756031
vt 0.314279 0.643546
vt 0.318800 0.643282
vt 0.229661 0.755173
vt 0.580117 0.355258
vt 0.564454 0.350424
vt 0.580057 0.350424
vt 0.564514 0.355258
vt 0.557994 0.353359
vt 0.580240 0.332062
vt 0.564297 0.328191
vt 0.579822 0.328191
vt 0.564715 0.332062
vt 0.557994 0.332687
vt 0.579975 0.336558
vt 0.564450 0.336558
vt 0.579369 0.423083
vt 0.565449 0.418322
vt 0.579787 0.418322
vt 0.565031 0.423083
vt 0.557994 0.419809
vt 0.607388 0.688428
vt 0.615657 0.688903
vt 0.611523 0.695672
vt 0.557994 0.015821
vt 0.576180 0.006933
vt 0.576336 0.024708
vt 0.496954 0.146387
vt 0.006933 0.640197
vt 0.014057 0.627766
vt 0.021180 0.640224
vt 0.496954 0.197984
vt 0.409980 0.381103
vt 0.601776 0.521948
vt 0.600218 0.507974
vt 0.613580 0.514961
vt 0.140986 0.407733
vt 0.413472 0.139270
vt 0.327727 0.285907
vt 0.609572 0.100720
vt 0.610958 0.115951
vt 0.596802 0.108336
vt 0.429721 0.481204
vt 0.242068 0.111147
vt 0.566863 0.631447
vt 0.560639 0.642913
vt 0.554414 0.631658
vt 0.558743 0.525990
vt 0.288051 0.592823
vt 0.073747 0.577781
vt 0.596802 0.367349
vt 0.215841 0.688499
vt 0.212548 0.696026
vt 0.209254 0.689010
vt 0.314279 0.628030
vt 0.607388 0.693099
vt 0.611523 0.686330
vt 0.615657 0.693574
s 1
f 1/1/1 28/2/2 27/3/3
f 2/4/4 42/5/5 72/6/6
f 1/1/1 27/3/3 102/7/7
f 1/1/1 102/7/7 132/8/8
f 1/9/1 132/10/8 73/11/9
f 2/12/4 72/13/6 177/14/10
f 3/15/11 57/16/12 207/17/13
f 4/18/14 117/19/15 237/20/16
f 5/21/17 147/22/18 267/23/19
f 6/24/20 162/25/21 297/26/22
f 2/12/4 177/14/10 208/27/23
f 3/28/11 207/29/13 238/30/24
f 4/18/14 237/20/16 268/31/25
f 5/21/17 267/23/19 298/32/26
f 6/24/20 297/26/22 178/33/27
f 7/34/28 327/35/29 402/36/30
f 8/37/31 342/38/32 432/39/33
f 9/40/34 357/41/35 447/42/36
f 10/43/37 372/44/38 462/45/39
f 11/46/40 387/47/41 403/48/42
f 417/49/43 448/50/44 12/51/45
f 416/52/46 463/53/47 417/49/43
f 415/54/48 464/55/49 416/52/46
f 414/56/50 466/57/51 415/54/48
f 413/58/52 469/59/53 414/56/50
f 412/60/54 473/61/55 413/58/52
f 411/62/56 478/63/57 412/60/54
f 410/64/58 484/65/59 411/62/56
f 409/66/60 491/67/61 410/64/58
f 408/68/62 499/69/63 409/66/60
f 407/70/64 508/71/65 408/68/62
f 406/72/66 518/73/67 407/74/64
f 405/75/68 529/76/69 406/77/66
f 404/78/70 541/79/71 405/75/68
f 403/48/42 554/80/72 404/78/70
f 417/49/43 463/53/47 448/50/44
f 463/53/47 449/81/73 448/50/44
f 416/52/46 464/55/49 463/53/47
f 464/55/49 465/82/74 463/53/47
f 463/53/47 465/82/74 449/81/73
f 465/82/74 450/83/75 449/81/73
f 415/54/48 466/57/51 464/55/49
f 466/57/51 467/84/76 464/55/49
f 464/55/49 467/84/76 465/82/74
f 467/84/76 468/85/77 465/82/74
f 465/82/74 468/85/77 450/83/75
f 468/85/77 451/86/78 450/83/75
f 414/56/50 469/59/53 466/57/51
f 469/59/53 470/87/79 466/57/51
f 466/57/51 470/87/79 467/84/76
f 470/87/79 471/88/80 467/84/76
f 467/84/76 471/88/80 468/85/77
f 471/88/80 472/89/81 468/85/77
f 468/85/77 472/89/81 451/86/78
f 472/89/81 452/90/82 451/86/78
f 413/58/52 473/61/55 469/59/53
f 473/61/55 474/91/83 469/59/53
f 469/59/53 474/91/83 470/87/79
f 474/91/83 475/92/84 470/87/79
f 470/87/79 475/92/84 471/88/80
f 475/92/84 476/93/85 471/88/80
f 471/88/80 476/93/85 472/89/81
f 476/93/85 477/94/86 472/89/81
f 472/89/81 477/94/86 452/90/82
f 477/94/86 453/95/87 452/90/82
f 412/60/54 478/63/57 473/61/55
f 478/63/57 479/96/88 473/61/55
f 473/61/55 479/96/88 474/91/83
f 479/96/88 480/97/89 474/91/83
f 474/91/83 480/97/89 475/92/84
f 480/97/89 481/98/90 475/92/84
f 475/92/84 481/98/90 476/93/85
f 481/98/90 482/99/91 476/93/85
f 476/93/85 482/99/91 477/94/86
f 482/99/91 483/100/92 477/94/86
f 477/94/86 483/100/92 453/95/87
f 483/100/92 454/101/93 453/95/87
f 411/62/56 484/65/59 478/63/57
f 484/65/59 485/102/94 478/63/57
f 478/63/57 485/102/94 479/96/88
f 485/102/94 486/103/95 479/96/88
f 479/96/88 486/103/95 480/97/89
f 486/103/95 487/104/96 480/97/89
f 480/97/89 487/104/96 481/98/90
f 487/104/96 488/105/97 481/98/90
f 481/98/90 488/105/97 482/99/91
f 488/105/97 489/106/98 482/99/91
f 482/99/91 489/106/98 483/100/92
f 489/106/98 490/107/99 483/100/92
f 483/100/92 490/107/99 454/101/93
f 490/107/99 455/108/100 454/101/93
f 410/64/58 491/67/61 484/65/59
f 491/67/61 492/109/101 484/65/59
f 484/65/59 492/109/101 485/102/94
f 492/109/101 493/110/102 485/102/94
f 485/102/94 493/110/102 486/103/95
f 493/110/102 494/111/103 486/103/95
f 486/103/95 494/111/103 487/104/96
f 494/111/103 495/112/104 487/104/96
f 487/104/96 495/112/104 488/105/97
f 495/112/104 496/113/105 488/105/97
f 488/105/97 496/113/105 489/106/98
f 496/114/105 497/115/106 489/116/98
f 489/116/98 497/115/106 490/117/99
f 497/115/106 498/118/107 490/117/99
f 490/117/99 498/118/107 455/119/100
f 498/120/107 456/121/108 455/108/100
f 409/66/60 499/69/63 491/67/61
f 499/69/63 500/122/109 491/67/61
f 491/67/61 500/122/109 492/109/101
f 500/122/109 501/123/110 492/109/101
f 492/109/101 501/123/110 493/110/102
f 501/123/110 502/124/111 493/110/102
f 493/110/102 502/124/111 494/111/103
f 502/124/111 503/125/112 494/111/103
f 494/111/103 503/125/112 495/112/104
f 503/125/112 504/126/113 495/112/104
f 495/112/104 504/126/113 496/113/105
f 504/126/113 505/127/114 496/113/105
f 496/113/105 505/127/114 497/128/106
f 505/127/114 506/129/115 497/128/106
f 497/128/106 506/129/115 498/120/107
f 506/129/115 507/130/116 498/120/107
f 498/120/107 507/130/116 456/121/108
f 507/131/116 457/132/117 456/133/108
f 408/134/62 508/135/65 499/136/63
f 508/135/65 509/137/118 499/136/63
f 499/136/63 509/137/118 500/138/109
f 509/137/118 510/139/119 500/138/109
f 500/122/109 510/140/119 501/123/110
f 510/140/119 511/141/120 501/123/110
f 501/123/110 511/141/120 502/124/111
f 511/141/120 512/142/121 502/124/111
f 502/124/111 512/142/121 503/125/112
f 512/142/121 513/143/122 503/125/112
f 503/125/112 513/143/122 504/126/113
f 513/143/122 514/144/123 504/126/113
f 504/126/113 514/144/123 505/127/114
f 514/144/123 515/145/124 505/127/114
f 505/127/114 515/145/124 506/129/115
f 515/145/124 516/146/125 506/129/115
f 506/129/115 516/146/125 507/130/116
f 516/147/125 517/148/126 507/131/116
f 507/131/116 517/148/126 457/132/117
f 517/149/126 458/150/127 457/151/117
f 407/70/64 518/152/67 508/71/65
f 518/153/67 519/154/128 508/155/65
f 508/71/65 519/156/128 509/157/118
f 519/156/128 520/158/129 509/157/118
f 509/157/118 520/158/129 510/140/119
f 520/158/129 521/159/130 510/140/119
f 510/140/119 521/159/130 511/141/120
f 521/159/130 522/160/131 511/141/120
f 511/141/120 522/160/131 512/142/121
f 522/160/131 523/161/132 512/142/121
f 512/142/121 523/161/132 513/143/122
f 523/161/132 524/162/133 513/143/122
f 513/143/122 524/162/133 514/144/123
f 524/162/133 525/163/134 514/144/123
f 514/144/123 525/163/134 515/145/124
f 525/163/134 526/164/135 515/145/124
f 515/165/124 526/166/135 516/147/125
f 526/166/135 527/167/136 516/147/125
f 516/147/125 527/167/136 517/148/126
f 527/168/136 528/169/137 517/149/126
f 517/149/126 528/169/137 458/150/127
f 528/169/137 459/170/138 458/150/127
f 406/77/66 529/76/69 518/171/67
f 529/76/69 530/172/139 518/171/67
f 518/171/67 530/172/139 519/173/128
f 530/172/139 531/174/140 519/173/128
f 519/175/128 531/176/140 520/177/129
f 531/176/140 532/178/141 520/177/129
f 520/158/129 532/179/141 521/159/130
f 532/179/141 533/180/142 521/159/130
f 521/159/130 533/180/142 522/160/131
f 533/180/142 534/181/143 522/160/131
f 522/160/131 534/181/143 523/161/132
f 534/181/143 535/182/144 523/161/132
f 523/161/132 535/182/144 524/162/133
f 535/182/144 536/183/145 524/162/133
f 524/162/133 536/183/145 525/163/134
f 536/184/145 537/185/146 525/186/134
f 525/186/134 537/185/146 526/166/135
f 537/185/146 538/187/147 526/166/135
f 526/166/135 538/187/147 527/167/136
f 538/188/147 539/189/148 527/168/136
f 527/168/136 539/189/148 528/169/137
f 539/189/148 540/190/149 528/169/137
f 528/169/137 540/190/149 459/170/138
f 540/190/149 460/191/150 459/170/138
f 405/192/68 541/193/71 529/194/69
f 541/193/71 542/195/151 529/194/69
f 529/194/69 542/195/151 530/196/139
f 542/195/151 543/197/152 530/196/139
f 530/196/139 543/197/152 531/176/140
f 543/197/152 544/198/153 531/176/140
f 531/176/140 544/198/153 532/178/141
f 544/198/153 545/199/154 532/178/141
f 532/179/141 545/200/154 533/180/142
f 545/200/154 546/201/155 533/180/142
f 533/180/142 546/201/155 534/181/143
f 546/201/155 547/202/156 534/181/143
f 534/203/143 547/204/156 535/205/144
f 547/204/156 548/206/157 535/205/144
f 535/207/144 548/208/157 536/184/145
f 548/208/157 549/209/158 536/184/145
f 536/184/145 549/209/158 537/185/146
f 549/210/158 550/211/159 537/212/146
f 537/212/146 550/211/159 538/188/147
f 550/211/159 551/213/160 538/188/147
f 538/188/147 551/213/160 539/189/148
f 551/213/160 552/214/161 539/189/148
f 539/189/148 552/214/161 540/190/149
f 552/215/161 553/216/162 540/217/149
f 540/218/149 553/219/162 460/220/150
f 553/221/162 461/222/163 460/223/150
f 404/78/70 554/80/72 541/79/71
f 554/80/72 555/224/164 541/79/71
f 541/193/71 555/225/164 542/195/151
f 555/225/164 556/226/165 542/195/151
f 542/195/151 556/226/165 543/197/152
f 556/226/165 557/227/166 543/197/152
f 543/228/152 557/229/166 544/230/153
f 557/229/166 558/231/167 544/230/153
f 544/198/153 558/232/167 545/199/154
f 558/232/167 559/233/168 545/199/154
f 545/200/154 559/234/168 546/201/155
f 559/234/168 560/235/169 546/201/155
f 546/201/155 560/235/169 547/202/156
f 560/235/169 561/236/170 547/202/156
f 547/202/156 561/236/170 548/237/157
f 561/238/170 562/239/171 548/208/157
f 548/208/157 562/239/171 549/209/158
f 562/240/171 563/241/172 549/210/158
f 549/210/158 563/241/172 550/211/159
f 563/242/172 564/243/173 550/244/159
f 550/245/159 564/246/173 551/247/160
f 564/246/173 565/248/174 551/247/160
f 551/249/160 565/250/174 552/251/161
f 565/252/174 566/253/175 552/254/161
f 552/254/161 566/253/175 553/255/162
f 566/253/175 567/256/176 553/255/162
f 553/255/162 567/256/176 461/257/163
f 567/258/176 462/259/39 461/260/163
f 403/48/42 387/47/41 554/80/72
f 387/47/41 386/261/177 554/80/72
f 554/80/72 386/261/177 555/224/164
f 386/261/177 385/262/178 555/224/164
f 555/224/164 385/262/178 556/263/165
f 385/262/178 384/264/179 556/263/165
f 556/226/165 384/265/179 557/227/166
f 384/265/179 383/266/180 557/227/166
f 557/227/166 383/266/180 558/232/167
f 383/266/180 382/267/181 558/232/167
f 558/232/167 382/267/181 559/233/168
f 382/267/181 381/268/182 559/233/168
f 559/233/168 381/268/182 560/269/169
f 381/268/182 380/270/183 560/269/169
f 560/235/169 380/271/183 561/236/170
f 380/272/183 379/273/184 561/238/170
f 561/238/170 379/273/184 562/239/171
f 379/273/184 378/274/185 562/239/171
f 562/275/171 378/276/185 563/277/172
f 378/276/185 377/278/186 563/277/172
f 563/242/172 377/279/186 564/243/173
f 377/279/186 376/280/187 564/243/173
f 564/246/173 376/281/187 565/248/174
f 376/281/187 375/282/188 565/248/174
f 565/252/174 375/283/188 566/253/175
f 375/283/188 374/284/189 566/253/175
f 566/253/175 374/284/189 567/256/176
f 374/285/189 373/286/190 567/287/176
f 567/288/176 373/289/190 462/290/39
f 373/286/190 10/43/37 462/45/39
f 448/50/44 433/291/191 12/51/45
f 449/81/73 568/292/192 448/50/44
f 450/83/75 569/293/193 449/81/73
f 451/86/78 571/294/194 450/83/75
f 452/90/82 574/295/195 451/86/78
f 453/95/87 578/296/196 452/90/82
f 454/101/93 583/297/197 453/95/87
f 455/108/100 589/298/198 454/101/93
f 456/121/108 596/299/199 455/108/100
f 457/151/117 604/300/200 456/121/108
f 458/150/127 613/301/201 457/151/117
f 459/170/138 623/302/202 458/150/127
f 460/191/150 634/303/203 459/170/138
f 461/222/163 646/304/204 460/223/150
f 462/305/39 659/306/205 461/307/163
f 448/50/44 568/292/192 433/291/191
f 568/292/192 434/308/206 433/291/191
f 449/81/73 569/293/193 568/292/192
f 569/293/193 570/309/207 568/292/192
f 568/292/192 570/309/207 434/308/206
f 570/309/207 435/310/208 434/308/206
f 450/83/75 571/294/194 569/293/193
f 571/294/194 572/311/209 569/293/193
f 569/293/193 572/311/209 570/309/207
f 572/311/209 573/312/210 570/309/207
f 570/309/207 573/312/210 435/310/208
f 573/312/210 436/313/211 435/310/208
f 451/86/78 574/295/195 571/294/194
f 574/295/195 575/314/212 571/294/194
f 571/294/194 575/314/212 572/311/209
f 575/314/212 576/315/213 572/311/209
f 572/311/209 576/315/213 573/312/210
f 576/315/213 577/316/214 573/312/210
f 573/312/210 577/316/214 436/313/211
f 577/316/214 437/317/215 436/313/211
f 452/90/82 578/296/196 574/295/195
f 578/296/196 579/318/216 574/295/195
f 574/295/195 579/318/216 575/314/212
f 579/318/216 580/319/217 575/314/212
f 575/314/212 580/319/217 576/315/213
f 580/319/217 581/320/218 576/315/213
f 576/315/213 581/320/218 577/316/214
f 581/320/218 582/321/219 577/316/214
f 577/316/214 582/321/219 437/317/215
f 582/321/219 438/322/220 437/317/215
f 453/95/87 583/297/197 578/296/196
f 583/297/197 584/323/221 578/296/196
f 578/296/196 584/323/221 579/318/216
f 584/323/221 585/324/222 579/318/216
f 579/318/216 585/324/222 580/319/217
f 585/324/222 586/325/223 580/319/217
f 580/319/217 586/325/223 581/320/218
f 586/325/223 587/326/224 581/320/218
f 581/320/218 587/326/224 582/321/219
f 587/326/224 588/327/225 582/321/219
f 582/321/219 588/327/225 438/322/220
f 588/328/225 439/329/226 438/330/220
f 454/101/93 589/298/198 583/297/197
f 589/298/198 590/331/227 583/297/197
f 583/297/197 590/331/227 584/323/221
f 590/331/227 591/332/228 584/323/221
f 584/323/221 591/332/228 585/324/222
f 591/333/228 592/334/229 585/335/222
f 585/324/222 592/336/229 586/325/223
f 592/336/229 593/337/230 586/325/223
f 586/325/223 593/337/230 587/326/224
f 593/337/230 594/338/231 587/326/224
f 587/326/224 594/338/231 588/327/225
f 594/338/231 595/339/232 588/327/225
f 588/328/225 595/340/232 439/329/226
f 595/341/232 440/342/233 439/343/226
f 455/108/100 596/299/199 589/298/198
f 596/299/199 597/344/234 589/298/198
f 589/298/198 597/344/234 590/331/227
f 597/344/234 598/345/235 590/331/227
f 590/331/227 598/345/235 591/332/228
f 598/345/235 599/346/236 591/332/228
f 591/332/228 599/346/236 592/336/229
f 599/346/236 600/347/237 592/336/229
f 592/336/229 600/347/237 593/337/230
f 600/348/237 601/349/238 593/350/230
f 593/350/230 601/349/238 594/351/231
f 601/352/238 602/353/239 594/354/231
f 594/351/231 602/355/239 595/356/232
f 602/355/239 603/357/240 595/356/232
f 595/356/232 603/357/240 440/358/233
f 603/357/240 441/359/241 440/358/233
f 456/121/108 604/300/200 596/299/199
f 604/300/200 605/360/242 596/299/199
f 596/299/199 605/360/242 597/344/234
f 605/360/242 606/361/243 597/344/234
f 597/344/234 606/361/243 598/345/235
f 606/361/243 607/362/244 598/345/235
f 598/363/235 607/364/244 599/365/236
f 607/364/244 608/366/245 599/365/236
f 599/365/236 608/366/245 600/348/237
f 608/366/245 609/367/246 600/348/237
f 600/348/237 609/367/246 601/349/238
f 609/367/246 610/368/247 601/349/238
f 601/349/238 610/368/247 602/355/239
f 610/368/247 611/369/248 602/355/239
f 602/355/239 611/369/248 603/357/240
f 611/370/248 612/371/249 603/372/240
f 603/372/240 612/371/249 441/373/241
f 612/371/249 442/374/250 441/373/241
f 457/151/117 613/301/201 604/300/200
f 613/301/201 614/375/251 604/300/200
f 604/300/200 614/375/251 605/360/242
f 614/375/251 615/376/252 605/360/242
f 605/360/242 615/376/252 606/361/243
f 615/376/252 616/377/253 606/361/243
f 606/361/243 616/377/253 607/362/244
f 616/377/253 617/378/254 607/362/244
f 607/362/244 617/378/254 608/379/245
f 617/380/254 618/381/255 608/366/245
f 608/366/245 618/381/255 609/367/246
f 618/382/255 619/383/256 609/384/246
f 609/384/246 619/383/256 610/385/247
f 619/383/256 620/386/257 610/385/247
f 610/385/247 620/386/257 611/387/248
f 620/388/257 621/389/258 611/390/248
f 611/390/248 621/389/258 612/391/249
f 621/389/258 622/392/259 612/391/249
f 612/391/249 622/392/259 442/393/250
f 622/392/259 443/394/260 442/393/250
f 458/150/127 623/302/202 613/301/201
f 623/302/202 624/395/261 613/301/201
f 613/396/201 624/397/261 614/398/251
f 624/397/261 625/399/262 614/398/251
f 614/375/251 625/400/262 615/376/252
f 625/401/262 626/402/263 615/403/252
f 615/376/252 626/404/263 616/377/253
f 626/404/263 627/405/264 616/377/253
f 616/377/253 627/405/264 617/378/254
f 627/405/264 628/406/265 617/378/254
f 617/378/254 628/406/265 618/382/255
f 628/406/265 629/407/266 618/382/255
f 618/382/255 629/407/266 619/383/256
f 629/407/266 630/408/267 619/383/256
f 619/383/256 630/408/267 620/386/257
f 630/409/267 631/410/268 620/411/257
f 620/388/257 631/412/268 621/389/258
f 631/413/268 632/414/269 621/415/258
f 621/415/258 632/414/269 622/416/259
f 632/414/269 633/417/270 622/416/259
f 622/416/259 633/417/270 443/418/260
f 633/419/270 444/420/271 443/394/260
f 459/170/138 634/303/203 623/302/202
f 634/303/203 635/421/272 623/302/202
f 623/302/202 635/421/272 624/395/261
f 635/421/272 636/422/273 624/395/261
f 624/397/261 636/423/273 625/399/262
f 636/423/273 637/424/274 625/399/262
f 625/400/262 637/425/274 626/404/263
f 637/425/274 638/426/275 626/404/263
f 626/404/263 638/426/275 627/405/264
f 638/426/275 639/427/276 627/405/264
f 627/405/264 639/427/276 628/406/265
f 639/427/276 640/428/277 628/406/265
f 628/406/265 640/428/277 629/407/266
f 640/429/277 641/430/278 629/431/266
f 629/407/266 641/432/278 630/408/267
f 641/433/278 642/434/279 630/409/267
f 630/409/267 642/434/279 631/410/268
f 642/435/279 643/436/280 631/437/268
f 631/438/268 643/439/280 632/440/269
f 643/439/280 644/441/281 632/440/269
f 632/440/269 644/441/281 633/442/270
f 644/441/281 645/443/282 633/442/270
f 633/444/270 645/445/282 444/446/271
f 645/443/282 445/447/283 444/448/271
f 460/191/150 646/449/204 634/303/203
f 646/449/204 647/450/284 634/303/203
f 634/303/203 647/450/284 635/421/272
f 647/450/284 648/451/285 635/421/272
f 635/421/272 648/451/285 636/422/273
f 648/451/285 649/452/286 636/422/273
f 636/423/273 649/453/286 637/424/274
f 649/453/286 650/454/287 637/424/274
f 637/424/274 650/454/287 638/455/275
f 650/456/287 651/457/288 638/426/275
f 638/426/275 651/457/288 639/427/276
f 651/458/288 652/459/289 639/460/276
f 639/427/276 652/461/289 640/428/277
f 652/462/289 653/463/290 640/429/277
f 640/429/277 653/463/290 641/430/278
f 653/464/290 654/465/291 641/466/278
f 641/466/278 654/465/291 642/467/279
f 654/468/291 655/469/292 642/470/279
f 642/470/279 655/469/292 643/439/280
f 655/469/292 656/471/293 643/439/280
f 643/439/280 656/471/293 644/441/281
f 656/471/293 657/472/294 644/441/281
f 644/441/281 657/472/294 645/443/282
f 657/472/294 658/473/295 645/443/282
f 645/443/282 658/473/295 445/447/283
f 658/473/295 446/474/296 445/447/283
f 461/475/163 659/476/205 646/449/204
f 659/476/205 660/477/297 646/449/204
f 646/449/204 660/477/297 647/450/284
f 660/477/297 661/478/298 647/450/284
f 647/479/284 661/480/298 648/481/285
f 661/480/298 662/482/299 648/481/285
f 648/451/285 662/483/299 649/452/286
f 662/483/299 663/484/300 649/452/286
f 649/452/286 663/484/300 650/456/287
f 663/484/300 664/485/301 650/456/287
f 650/486/287 664/487/301 651/488/288
f 664/487/301 665/489/302 651/488/288
f 651/490/288 665/491/302 652/492/289
f 665/493/302 666/494/303 652/495/289
f 652/462/289 666/496/303 653/463/290
f 666/496/303 667/497/304 653/463/290
f 653/463/290 667/497/304 654/498/291
f 667/497/304 668/499/305 654/498/291
f 654/500/291 668/501/305 655/502/292
f 668/501/305 669/503/306 655/502/292
f 655/502/292 669/503/306 656/504/293
f 669/503/306 670/505/307 656/504/293
f 656/504/293 670/505/307 657/506/294
f 670/505/307 671/507/308 657/506/294
f 657/506/294 671/507/308 658/508/295
f 671/507/308 672/509/309 658/508/295
f 658/508/295 672/509/309 446/510/296
f 672/509/309 447/511/36 446/510/296
f 462/512/39 372/513/38 659/514/205
f 372/513/38 371/515/310 659/514/205
f 659/516/205 371/517/310 660/518/297
f 371/517/310 370/519/311 660/518/297
f 660/518/297 370/519/311 661/480/298
f 370/519/311 369/520/312 661/480/298
f 661/480/298 369/520/312 662/482/299
f 369/520/312 368/521/313 662/482/299
f 662/482/299 368/521/313 663/522/300
f 368/523/313 367/524/314 663/484/300
f 663/484/300 367/524/314 664/485/301
f 367/524/314 366/525/315 664/485/301
f 664/485/301 366/525/315 665/526/302
f 366/527/315 365/528/316 665/529/302
f 665/529/302 365/528/316 666/530/303
f 365/531/316 364/532/317 666/533/303
f 666/533/303 364/532/317 667/534/304
f 364/532/317 363/535/318 667/534/304
f 667/534/304 363/535/318 668/536/305
f 363/535/318 362/537/319 668/536/305
f 668/538/305 362/539/319 669/540/306
f 362/539/319 361/541/320 669/540/306
f 669/503/306 361/542/320 670/505/307
f 361/542/320 360/543/321 670/505/307
f 670/505/307 360/543/321 671/507/308
f 360/543/321 359/544/322 671/507/308
f 671/507/308 359/544/322 672/509/309
f 359/544/322 358/545/323 672/509/309
f 672/509/309 358/545/323 447/511/36
f 358/545/323 9/546/34 447/511/36
f 433/291/191 418/547/324 12/51/45
f 434/308/206 673/548/325 433/291/191
f 435/310/208 674/549/326 434/308/206
f 436/313/211 676/550/327 435/310/208
f 437/317/215 679/551/328 436/313/211
f 438/322/220 683/552/329 437/317/215
f 439/553/226 688/554/330 438/555/220
f 440/342/233 694/556/331 439/343/226
f 441/359/241 701/557/332 440/358/233
f 442/374/250 709/558/333 441/373/241
f 443/394/260 718/559/334 442/393/250
f 444/420/271 728/560/335 443/394/260
f 445/561/283 739/562/336 444/563/271
f 446/474/296 751/564/337 445/447/283
f 447/511/36 764/565/338 446/510/296
f 433/291/191 673/548/325 418/547/324
f 673/548/325 419/566/339 418/547/324
f 434/308/206 674/549/326 673/548/325
f 674/567/326 675/568/340 673/569/325
f 673/569/325 675/568/340 419/570/339
f 675/571/340 420/572/341 419/566/339
f 435/310/208 676/550/327 674/549/326
f 676/550/327 677/573/342 674/549/326
f 674/549/326 677/573/342 675/571/340
f 677/573/342 678/574/343 675/571/340
f 675/571/340 678/574/343 420/572/341
f 678/574/343 421/575/344 420/572/341
f 436/313/211 679/551/328 676/550/327
f 679/551/328 680/576/345 676/550/327
f 676/550/327 680/576/345 677/573/342
f 680/576/345 681/577/346 677/573/342
f 677/573/342 681/577/346 678/574/343
f 681/577/346 682/578/347 678/574/343
f 678/574/343 682/578/347 421/575/344
f 682/579/347 422/580/348 421/581/344
f 437/317/215 683/552/329 679/551/328
f 683/552/329 684/582/349 679/551/328
f 679/551/328 684/582/349 680/576/345
f 684/582/349 685/583/350 680/576/345
f 680/576/345 685/583/350 681/577/346
f 685/583/350 686/584/351 681/577/346
f 681/577/346 686/584/351 682/578/347
f 686/584/351 687/585/352 682/578/347
f 682/578/347 687/585/352 422/586/348
f 687/585/352 423/587/353 422/586/348
f 438/322/220 688/588/330 683/552/329
f 688/588/330 689/589/354 683/552/329
f 683/552/329 689/589/354 684/582/349
f 689/589/354 690/590/355 684/582/349
f 684/582/349 690/590/355 685/583/350
f 690/590/355 691/591/356 685/583/350
f 685/583/350 691/591/356 686/584/351
f 691/591/356 692/592/357 686/584/351
f 686/584/351 692/592/357 687/585/352
f 692/593/357 693/594/358 687/595/352
f 687/595/352 693/594/358 423/596/353
f 693/597/358 424/598/359 423/587/353
f 439/553/226 694/599/331 688/554/330
f 694/600/331 695/601/360 688/602/330
f 688/602/330 695/601/360 689/603/354
f 695/601/360 696/604/361 689/603/354
f 689/603/354 696/604/361 690/605/355
f 696/606/361 697/607/362 690/590/355
f 690/590/355 697/607/362 691/591/356
f 697/607/362 698/608/363 691/591/356
f 691/591/356 698/608/363 692/592/357
f 698/608/363 699/609/364 692/592/357
f 692/592/357 699/609/364 693/597/358
f 699/609/364 700/610/365 693/597/358
f 693/597/358 700/610/365 424/598/359
f 700/610/365 425/611/366 424/598/359
f 440/342/233 701/612/332 694/556/331
f 701/612/332 702/613/367 694/556/331
f 694/556/331 702/613/367 695/614/360
f 702/615/367 703/616/368 695/601/360
f 695/601/360 703/616/368 696/604/361
f 703/617/368 704/618/369 696/619/361
f 696/606/361 704/620/369 697/607/362
f 704/620/369 705/621/370 697/607/362
f 697/607/362 705/621/370 698/608/363
f 705/621/370 706/622/371 698/608/363
f 698/608/363 706/622/371 699/609/364
f 706/623/371 707/624/372 699/625/364
f 699/626/364 707/627/372 700/628/365
f 707/629/372 708/630/373 700/610/365
f 700/610/365 708/630/373 425/611/366
f 708/631/373 426/632/374 425/633/366
f 441/373/241 709/558/333 701/612/332
f 709/558/333 710/634/375 701/612/332
f 701/612/332 710/634/375 702/613/367
f 710/634/375 711/635/376 702/613/367
f 702/613/367 711/635/376 703/636/368
f 711/635/376 712/637/377 703/636/368
f 703/636/368 712/637/377 704/638/369
f 712/637/377 713/639/378 704/638/369
f 704/640/369 713/641/378 705/642/370
f 713/641/378 714/643/379 705/642/370
f 705/621/370 714/644/379 706/622/371
f 714/644/379 715/645/380 706/622/371
f 706/622/371 715/645/380 707/629/372
f 715/645/380 716/646/381 707/629/372
f 707/629/372 716/646/381 708/630/373
f 716/646/381 717/647/382 708/630/373
f 708/648/373 717/649/382 426/650/374
f 717/647/382 427/651/383 426/652/374
f 442/374/250 718/653/334 709/558/333
f 718/653/334 719/654/384 709/558/333
f 709/558/333 719/654/384 710/634/375
f 719/655/384 720/656/385 710/657/375
f 710/657/375 720/656/385 711/658/376
f 720/659/385 721/660/386 711/635/376
f 711/635/376 721/660/386 712/637/377
f 721/661/386 722/662/387 712/663/377
f 712/663/377 722/662/387 713/664/378
f 722/665/387 723/666/388 713/667/378
f 713/667/378 723/666/388 714/644/379
f 723/666/388 724/668/389 714/644/379
f 714/644/379 724/668/389 715/645/380
f 724/669/389 725/670/390 715/671/380
f 715/645/380 725/672/390 716/646/381
f 725/672/390 726/673/391 716/646/381
f 716/646/381 726/673/391 717/647/382
f 726/673/391 727/674/392 717/647/382
f 717/647/382 727/674/392 427/651/383
f 727/674/392 428/675/393 427/651/383
f 443/394/260 728/560/335 718/559/334
f 728/676/335 729/677/394 718/678/334
f 718/678/334 729/677/394 719/655/384
f 729/677/394 730/679/395 719/655/384
f 719/655/384 730/679/395 720/656/385
f 730/680/395 731/681/396 720/659/385
f 720/659/385 731/681/396 721/660/386
f 731/682/396 732/683/397 721/661/386
f 721/661/386 732/683/397 722/662/387
f 732/684/397 733/685/398 722/665/387
f 722/665/387 733/685/398 723/666/388
f 733/685/398 734/686/399 723/666/388
f 723/666/388 734/686/399 724/668/389
f 734/687/399 735/688/400 724/669/389
f 724/669/389 735/688/400 725/670/390
f 735/688/400 736/689/401 725/670/390
f 725/670/390 736/689/401 726/690/391
f 736/689/401 737/691/402 726/690/391
f 726/690/391 737/691/402 727/692/392
f 737/693/402 738/694/403 727/674/392
f 727/674/392 738/694/403 428/675/393
f 738/695/403 429/696/404 428/697/393
f 444/420/271 739/698/336 728/560/335
f 739/699/336 740/700/405 728/676/335
f 728/676/335 740/700/405 729/677/394
f 740/701/405 741/702/406 729/703/394
f 729/704/394 741/705/406 730/680/395
f 741/705/406 742/706/407 730/680/395
f 730/680/395 742/706/407 731/681/396
f 742/707/407 743/708/408 731/682/396
f 731/682/396 743/708/408 732/683/397
f 743/708/408 744/709/409 732/683/397
f 732/683/397 744/709/409 733/710/398
f 744/709/409 745/711/410 733/710/398
f 733/710/398 745/711/410 734/687/399
f 745/711/410 746/712/411 734/687/399
f 734/687/399 746/712/411 735/688/400
f 746/712/411 747/713/412 735/688/400
f 735/688/400 747/713/412 736/689/401
f 747/713/412 748/714/413 736/689/401
f 736/715/401 748/716/413 737/717/402
f 748/716/413 749/718/414 737/717/402
f 737/719/402 749/720/414 738/695/403
f 749/720/414 750/721/415 738/695/403
f 738/695/403 750/721/415 429/696/404
f 750/721/415 430/722/416 429/696/404
f 445/723/283 751/724/337 739/725/336
f 751/724/337 752/726/417 739/725/336
f 739/725/336 752/726/417 740/727/405
f 752/726/417 753/728/418 740/727/405
f 740/727/405 753/728/418 741/729/406
f 753/728/418 754/730/419 741/729/406
f 741/731/406 754/732/419 742/707/407
f 754/732/419 755/733/420 742/707/407
f 742/707/407 755/733/420 743/708/408
f 755/734/420 756/735/421 743/736/408
f 743/736/408 756/735/421 744/737/409
f 756/735/421 757/738/422 744/737/409
f 744/709/409 757/739/422 745/711/410
f 757/740/422 758/741/423 745/742/410
f 745/742/410 758/741/423 746/743/411
f 758/741/423 759/744/424 746/743/411
f 746/743/411 759/744/424 747/745/412
f 759/744/424 760/746/425 747/745/412
f 747/745/412 760/746/425 748/747/413
f 760/746/425 761/748/426 748/747/413
f 748/749/413 761/750/426 749/720/414
f 761/750/426 762/751/427 749/720/414
f 749/720/414 762/751/427 750/721/415
f 762/752/427 763/753/428 750/754/415
f 750/754/415 763/753/428 430/755/416
f 763/756/428 431/757/429 430/758/416
f 446/474/296 764/759/338 751/564/337
f 764/760/338 765/761/430 751/762/337
f 751/763/337 765/764/430 752/765/417
f 765/766/430 766/767/431 752/768/417
f 752/768/417 766/767/431 753/769/418
f 766/767/431 767/770/432 753/769/418
f 753/771/418 767/772/432 754/732/419
f 767/772/432 768/773/433 754/732/419
f 754/732/419 768/773/433 755/733/420
f 768/773/433 769/774/434 755/733/420
f 755/733/420 769/774/434 756/775/421
f 769/776/434 770/777/435 756/778/421
f 756/779/421 770/780/435 757/781/422
f 770/782/435 771/783/436 757/784/422
f 757/740/422 771/785/436 758/741/423
f 771/785/436 772/786/437 758/741/423
f 758/741/423 772/786/437 759/744/424
f 772/787/437 773/788/438 759/789/424
f 759/789/424 773/788/438 760/790/425
f 773/791/438 774/792/439 760/793/425
f 760/794/425 774/795/439 761/796/426
f 774/797/439 775/798/440 761/799/426
f 761/799/426 775/798/440 762/752/427
f 775/798/440 776/800/441 762/752/427
f 762/752/427 776/800/441 763/753/428
f 776/801/441 777/802/442 763/803/428
f 763/756/428 777/804/442 431/757/429
f 777/805/442 432/806/33 431/807/429
f 447/42/36 357/41/35 764/808/338
f 357/809/35 356/810/443 764/565/338
f 764/565/338 356/810/443 765/811/430
f 356/810/443 355/812/444 765/811/430
f 765/766/430 355/813/444 766/767/431
f 355/814/444 354/815/445 766/816/431
f 766/817/431 354/818/445 767/819/432
f 354/818/445 353/820/446 767/819/432
f 767/819/432 353/820/446 768/821/433
f 353/822/446 352/823/447 768/824/433
f 768/773/433 352/825/447 769/774/434
f 352/826/447 351/827/448 769/828/434
f 769/828/434 351/827/448 770/829/435
f 351/827/448 350/830/449 770/829/435
f 770/782/435 350/831/449 771/783/436
f 350/832/449 349/833/450 771/834/436
f 771/834/436 349/833/450 772/835/437
f 349/833/450 348/836/451 772/835/437
f 772/837/437 348/838/451 773/839/438
f 348/838/451 347/840/452 773/839/438
f 773/839/438 347/840/452 774/797/439
f 347/840/452 346/841/453 774/797/439
f 774/797/439 346/841/453 775/798/440
f 346/842/453 345/843/454 775/844/440
f 775/844/440 345/843/454 776/845/441
f 345/843/454 344/846/455 776/845/441
f 776/801/441 344/847/455 777/802/442
f 344/847/455 343/848/456 777/802/442
f 777/802/442 343/848/456 432/39/33
f 343/848/456 8/37/31 432/39/33
f 418/547/324 388/849/457 12/51/45
f 419/850/339 778/851/458 418/852/324
f 420/572/341 779/853/459 419/566/339
f 421/575/344 781/854/460 420/572/341
f 422/580/348 784/855/461 421/581/344
f 423/587/353 788/856/462 422/586/348
f 424/598/359 793/857/463 423/587/353
f 425/611/366 799/858/464 424/598/359
f 426/632/374 806/859/465 425/633/366
f 427/651/383 814/860/466 426/652/374
f 428/675/393 823/861/467 427/651/383
f 429/696/404 833/862/468 428/697/393
f 430/863/416 844/864/469 429/865/404
f 431/757/429 856/866/470 430/758/416
f 432/806/33 869/867/471 431/807/429
f 418/547/324 778/868/458 388/849/457
f 778/868/458 389/869/472 388/849/457
f 419/850/339 779/870/459 778/851/458
f 779/870/459 780/871/473 778/851/458
f 778/868/458 780/872/473 389/869/472
f 780/872/473 390/873/474 389/869/472
f 420/572/341 781/854/460 779/853/459
f 781/854/460 782/874/475 779/853/459
f 779/853/459 782/874/475 780/872/473
f 782/874/475 783/875/476 780/872/473
f 780/872/473 783/875/476 390/873/474
f 783/875/476 391/876/477 390/873/474
f 421/575/344 784/877/461 781/854/460
f 784/877/461 785/878/478 781/854/460
f 781/854/460 785/878/478 782/874/475
f 785/878/478 786/879/479 782/874/475
f 782/874/475 786/879/479 783/875/476
f 786/879/479 787/880/480 783/875/476
f 783/875/476 787/880/480 391/876/477
f 787/880/480 392/881/481 391/876/477
f 422/586/348 788/856/462 784/877/461
f 788/856/462 789/882/482 784/877/461
f 784/877/461 789/882/482 785/878/478
f 789/882/482 790/883/483 785/878/478
f 785/878/478 790/883/483 786/879/479
f 790/883/483 791/884/484 786/879/479
f 786/879/479 791/884/484 787/880/480
f 791/884/484 792/885/485 787/880/480
f 787/880/480 792/885/485 392/881/481
f 792/885/485 393/886/486 392/881/481
f 423/887/353 793/888/463 788/889/462
f 793/888/463 794/890/487 788/889/462
f 788/856/462 794/891/487 789/882/482
f 794/891/487 795/892/488 789/882/482
f 789/882/482 795/892/488 790/883/483
f 795/892/488 796/893/489 790/883/483
f 790/883/483 796/893/489 791/884/484
f 796/893/489 797/894/490 791/884/484
f 791/884/484 797/894/490 792/885/485
f 797/894/490 798/895/491 792/885/485
f 792/885/485 798/895/491 393/886/486
f 798/895/491 394/896/492 393/886/486
f 424/598/359 799/858/464 793/857/463
f 799/858/464 800/897/493 793/857/463
f 793/857/463 800/897/493 794/891/487
f 800/897/493 801/898/494 794/891/487
f 794/891/487 801/898/494 795/892/488
f 801/898/494 802/899/495 795/892/488
f 795/892/488 802/899/495 796/893/489
f 802/899/495 803/900/496 796/893/489
f 796/893/489 803/900/496 797/894/490
f 803/900/496 804/901/497 797/894/490
f 797/894/490 804/901/497 798/895/491
f 804/902/497 805/903/498 798/904/491
f 798/904/491 805/903/498 394/905/492
f 805/906/498 395/907/499 394/896/492
f 425/633/366 806/859/465 799/908/464
f 806/909/465 807/910/500 799/911/464
f 799/912/464 807/913/500 800/914/493
f 807/913/500 808/915/501 800/914/493
f 800/916/493 808/917/501 801/918/494
f 808/919/501 809/920/502 801/921/494
f 801/921/494 809/920/502 802/922/495
f 809/920/502 810/923/503 802/922/495
f 802/899/495 810/924/503 803/900/496
f 810/924/503 811/925/504 803/900/496
f 803/900/496 811/925/504 804/901/497
f 811/925/504 812/926/505 804/901/497
f 804/901/497 812/926/505 805/906/498
f 812/926/505 813/927/506 805/906/498
f 805/906/498 813/927/506 395/907/499
f 813/927/506 396/928/507 395/907/499
f 426/632/374 814/929/466 806/859/465
f 814/860/466 815/930/508 806/931/465
f 806/931/465 815/930/508 807/932/500
f 815/930/508 816/933/509 807/932/500
f 807/913/500 816/934/509 808/915/501
f 816/934/509 817/935/510 808/915/501
f 808/936/501 817/937/510 809/938/502
f 817/937/510 818/939/511 809/938/502
f 809/938/502 818/939/511 810/940/503
f 818/941/511 819/942/512 810/943/503
f 810/943/503 819/942/512 811/944/504
f 819/945/512 820/946/513 811/925/504
f 811/925/504 820/946/513 812/926/505
f 820/946/513 821/947/514 812/926/505
f 812/926/505 821/947/514 813/927/506
f 821/947/514 822/948/515 813/927/506
f 813/927/506 822/948/515 396/928/507
f 822/949/515 397/950/516 396/951/507
f 427/651/383 823/861/467 814/860/466
f 823/861/467 824/952/517 814/860/466
f 814/860/466 824/952/517 815/930/508
f 824/952/517 825/953/518 815/930/508
f 815/930/508 825/953/518 816/933/509
f 825/953/518 826/954/519 816/933/509
f 816/934/509 826/955/519 817/935/510
f 826/955/519 827/956/520 817/935/510
f 817/937/510 827/957/520 818/939/511
f 827/958/520 828/959/521 818/941/511
f 818/941/511 828/959/521 819/942/512
f 828/959/521 829/960/522 819/942/512
f 819/961/512 829/962/522 820/963/513
f 829/964/522 830/965/523 820/966/513
f 820/966/513 830/965/523 821/967/514
f 830/965/523 831/968/524 821/967/514
f 821/967/514 831/968/524 822/969/515
f 831/970/524 832/971/525 822/948/515
f 822/948/515 832/971/525 397/972/516
f 832/971/525 398/973/526 397/972/516
f 428/974/393 833/975/468 823/976/467
f 833/977/468 834/978/527 823/979/467
f 823/979/467 834/978/527 824/980/517
f 834/978/527 835/981/528 824/980/517
f 824/952/517 835/982/528 825/953/518
f 835/982/528 836/983/529 825/953/518
f 825/953/518 836/983/529 826/954/519
f 836/983/529 837/984/530 826/954/519
f 826/954/519 837/984/530 827/985/520
f 837/984/530 838/986/531 827/985/520
f 827/985/520 838/986/531 828/987/521
f 838/986/531 839/988/532 828/987/521
f 828/987/521 839/988/532 829/989/522
f 839/988/532 840/990/533 829/989/522
f 829/989/522 840/990/533 830/991/523
f 840/990/533 841/992/534 830/991/523
f 830/991/523 841/992/534 831/970/524
f 841/993/534 842/994/535 831/995/524
f 831/995/524 842/994/535 832/996/525
f 842/997/535 843/998/536 832/971/525
f 832/971/525 843/998/536 398/973/526
f 843/998/536 399/999/537 398/973/526
f 429/865/404 844/864/469 833/1000/468
f 844/1001/469 845/1002/538 833/1003/468
f 833/1004/468 845/1005/538 834/1006/527
f 845/1005/538 846/1007/539 834/1006/527
f 834/978/527 846/1008/539 835/981/528
f 846/1008/539 847/1009/540 835/981/528
f 835/982/528 847/1010/540 836/983/529
f 847/1010/540 848/1011/541 836/983/529
f 836/983/529 848/1011/541 837/984/530
f 848/1012/541 849/1013/542 837/1014/530
f 837/1014/530 849/1013/542 838/1015/531
f 849/1016/542 850/1017/543 838/1018/531
f 838/1018/531 850/1017/543 839/1019/532
f 850/1017/543 851/1020/544 839/1019/532
f 839/988/532 851/1021/544 840/990/533
f 851/1022/544 852/1023/545 840/1024/533
f 840/1024/533 852/1023/545 841/1025/534
f 852/1026/545 853/1027/546 841/992/534
f 841/992/534 853/1027/546 842/997/535
f 853/1027/546 854/1028/547 842/997/535
f 842/997/535 854/1028/547 843/998/536
f 854/1028/547 855/1029/548 843/998/536
f 843/998/536 855/1029/548 399/999/537
f 855/1029/548 400/1030/549 399/999/537
f 430/758/416 856/866/470 844/1031/469
f 856/1032/470 857/1033/550 844/1001/469
f 844/1001/469 857/1033/550 845/1002/538
f 857/1033/550 858/1034/551 845/1002/538
f 845/1005/538 858/1035/551 846/1007/539
f 858/1035/551 859/1036/552 846/1007/539
f 846/1007/539 859/1036/552 847/1010/540
f 859/1037/552 860/1038/553 847/1039/540
f 847/1039/540 860/1038/553 848/1012/541
f 860/1038/553 861/1040/554 848/1012/541
f 848/1012/541 861/1040/554 849/1013/542
f 861/1041/554 862/1042/555 849/1043/542
f 849/1044/542 862/1045/555 850/1046/543
f 862/1045/555 863/1047/556 850/1046/543
f 850/1046/543 863/1047/556 851/1048/544
f 863/1049/556 864/1050/557 851/1022/544
f 851/1022/544 864/1050/557 852/1023/545
f 864/1051/557 865/1052/558 852/1026/545
f 852/1053/545 865/1054/558 853/1055/546
f 865/1054/558 866/1056/559 853/1055/546
f 853/1027/546 866/1057/559 854/1028/547
f 866/1057/559 867/1058/560 854/1028/547
f 854/1028/547 867/1058/560 855/1029/548
f 867/1058/560 868/1059/561 855/1029/548
f 855/1029/548 868/1059/561 400/1030/549
f 868/1059/561 401/1060/562 400/1030/549
f 431/807/429 869/867/471 856/1061/470
f 869/867/471 870/1062/563 856/1061/470
f 856/1032/470 870/1063/563 857/1033/550
f 870/1063/563 871/1064/564 857/1033/550
f 857/1033/550 871/1064/564 858/1034/551
f 871/1064/564 872/1065/565 858/1034/551
f 858/1035/551 872/1066/565 859/1036/552
f 872/1066/565 873/1067/566 859/1036/552
f 859/1036/552 873/1067/566 860/1068/553
f 873/1067/566 874/1069/567 860/1068/553
f 860/1068/553 874/1069/567 861/1070/554
f 874/1069/567 875/1071/568 861/1070/554
f 861/1070/554 875/1071/568 862/1072/555
f 875/1071/568 876/1073/569 862/1072/555
f 862/1074/555 876/1075/569 863/1076/556
f 876/1075/569 877/1077/570 863/1076/556
f 863/1078/556 877/1079/570 864/1051/557
f 877/1079/570 878/1080/571 864/1051/557
f 864/1051/557 878/1080/571 865/1052/558
f 878/1080/571 879/1081/572 865/1052/558
f 865/1054/558 879/1082/572 866/1056/559
f 879/1083/572 880/1084/573 866/1085/559
f 866/1086/559 880/1087/573 867/1088/560
f 880/1087/573 881/1089/574 867/1088/560
f 867/1058/560 881/1090/574 868/1059/561
f 881/1090/574 882/1091/575 868/1059/561
f 868/1059/561 882/1091/575 401/1060/562
f 882/1091/575 402/36/30 401/1060/562
f 432/806/33 342/1092/32 869/867/471
f 342/1092/32 341/1093/576 869/867/471
f 869/1094/471 341/1095/576 870/1063/563
f 341/1095/576 340/1096/577 870/1063/563
f 870/1063/563 340/1096/577 871/1064/564
f 340/1096/577 339/1097/578 871/1064/564
f 871/1064/564 339/1097/578 872/1065/565
f 339/1097/578 338/1098/579 872/1065/565
f 872/1065/565 338/1098/579 873/1099/566
f 338/1098/579 337/1100/580 873/1099/566
f 873/1067/566 337/1101/580 874/1069/567
f 337/1101/580 336/1102/581 874/1069/567
f 874/1069/567 336/1102/581 875/1071/568
f 336/1102/581 335/1103/582 875/1071/568
f 875/1071/568 335/1103/582 876/1073/569
f 335/1103/582 334/1104/583 876/1073/569
f 876/1073/569 334/1104/583 877/1079/570
f 334/1104/583 333/1105/584 877/1079/570
f 877/1079/570 333/1105/584 878/1080/571
f 333/1106/584 332/1107/585 878/1108/571
f 878/1080/571 332/1109/585 879/1081/572
f 332/1109/585 331/1110/586 879/1081/572
f 879/1081/572 331/1110/586 880/1111/573
f 331/1110/586 330/1112/587 880/1111/573
f 880/1111/573 330/1112/587 881/1090/574
f 330/1112/587 329/1113/588 881/1090/574
f 881/1090/574 329/1113/588 882/1091/575
f 329/1113/588 328/1114/589 882/1091/575
f 882/1091/575 328/1114/589 402/36/30
f 328/1114/589 7/34/28 402/36/30
f 388/849/457 417/49/43 12/51/45
f 389/869/472 883/1115/590 388/849/457
f 390/873/474 884/1116/591 389/869/472
f 391/876/477 886/1117/592 390/873/474
f 392/881/481 889/1118/593 391/876/477
f 393/886/486 893/1119/594 392/881/481
f 394/896/492 898/1120/595 393/886/486
f 395/907/499 904/1121/596 394/896/492
f 396/928/507 911/1122/597 395/907/499
f 397/950/516 919/1123/598 396/951/507
f 398/973/526 928/1124/599 397/972/516
f 399/999/537 938/1125/600 398/973/526
f 400/1030/549 949/1126/601 399/999/537
f 401/1060/562 961/1127/602 400/1030/549
f 402/36/30 974/1128/603 401/1060/562
f 388/849/457 883/1115/590 417/49/43
f 883/1115/590 416/52/46 417/49/43
f 389/869/472 884/1116/591 883/1115/590
f 884/1116/591 885/1129/604 883/1115/590
f 883/1115/590 885/1129/604 416/52/46
f 885/1129/604 415/54/48 416/52/46
f 390/873/474 886/1117/592 884/1116/591
f 886/1117/592 887/1130/605 884/1116/591
f 884/1116/591 887/1130/605 885/1129/604
f 887/1130/605 888/1131/606 885/1129/604
f 885/1129/604 888/1131/606 415/54/48
f 888/1131/606 414/56/50 415/54/48
f 391/876/477 889/1118/593 886/1117/592
f 889/1118/593 890/1132/607 886/1117/592
f 886/1117/592 890/1132/607 887/1130/605
f 890/1133/607 891/1134/608 887/1135/605
f 887/1130/605 891/1136/608 888/1131/606
f 891/1136/608 892/1137/609 888/1131/606
f 888/1131/606 892/1137/609 414/56/50
f 892/1137/609 413/58/52 414/56/50
f 392/881/481 893/1119/594 889/1118/593
f 893/1119/594 894/1138/610 889/1118/593
f 889/1118/593 894/1138/610 890/1132/607
f 894/1139/610 895/1140/611 890/1141/607
f 890/1141/607 895/1140/611 891/1142/608
f 895/1143/611 896/1144/612 891/1136/608
f 891/1136/608 896/1144/612 892/1137/609
f 896/1144/612 897/1145/613 892/1137/609
f 892/1137/609 897/1145/613 413/58/52
f 897/1145/613 412/60/54 413/58/52
f 393/1146/486 898/1147/595 893/1148/594
f 898/1120/595 899/1149/614 893/1119/594
f 893/1150/594 899/1151/614 894/1152/610
f 899/1151/614 900/1153/615 894/1152/610
f 894/1152/610 900/1153/615 895/1154/611
f 900/1153/615 901/1155/616 895/1154/611
f 895/1143/611 901/1156/616 896/1144/612
f 901/1156/616 902/1157/617 896/1144/612
f 896/1144/612 902/1157/617 897/1145/613
f 902/1157/617 903/1158/618 897/1145/613
f 897/1145/613 903/1158/618 412/60/54
f 903/1158/618 411/62/56 412/60/54
f 394/896/492 904/1121/596 898/1120/595
f 904/1121/596 905/1159/619 898/1120/595
f 898/1120/595 905/1159/619 899/1149/614
f 905/1159/619 906/1160/620 899/1149/614
f 899/1149/614 906/1160/620 900/1161/615
f 906/1162/620 907/1163/621 900/1164/615
f 900/1161/615 907/1165/621 901/1156/616
f 907/1165/621 908/1166/622 901/1156/616
f 901/1156/616 908/1166/622 902/1157/617
f 908/1166/622 909/1167/623 902/1157/617
f 902/1157/617 909/1167/623 903/1158/618
f 909/1167/623 910/1168/624 903/1158/618
f 903/1158/618 910/1168/624 411/62/56
f 910/1168/624 410/64/58 411/62/56
f 395/907/499 911/1122/597 904/1121/596
f 911/1122/597 912/1169/625 904/1121/596
f 904/1121/596 912/1169/625 905/1159/619
f 912/1169/625 913/1170/626 905/1159/619
f 905/1159/619 913/1170/626 906/1160/620
f 913/1170/626 914/1171/627 906/1160/620
f 906/1162/620 914/1172/627 907/1163/621
f 914/1171/627 915/1173/628 907/1165/621
f 907/1165/621 915/1173/628 908/1166/622
f 915/1173/628 916/1174/629 908/1166/622
f 908/1166/622 916/1174/629 909/1167/623
f 916/1174/629 917/1175/630 909/1167/623
f 909/1167/623 917/1175/630 910/1168/624
f 917/1176/630 918/1177/631 910/1178/624
f 910/1178/624 918/1177/631 410/1179/58
f 918/1180/631 409/66/60 410/64/58
f 396/928/507 919/1181/598 911/1122/597
f 919/1181/598 920/1182/632 911/1122/597
f 911/1122/597 920/1182/632 912/1169/625
f 920/1182/632 921/1183/633 912/1169/625
f 912/1169/625 921/1183/633 913/1170/626
f 921/1183/633 922/1184/634 913/1170/626
f 913/1170/626 922/1184/634 914/1171/627
f 922/1184/634 923/1185/635 914/1171/627
f 914/1171/627 923/1185/635 915/1173/628
f 923/1185/635 924/1186/636 915/1173/628
f 915/1173/628 924/1186/636 916/1174/629
f 924/1186/636 925/1187/637 916/1174/629
f 916/1174/629 925/1187/637 917/1175/630
f 925/1187/637 926/1188/638 917/1175/630
f 917/1175/630 926/1188/638 918/1180/631
f 926/1188/638 927/1189/639 918/1180/631
f 918/1180/631 927/1189/639 409/66/60
f 927/1189/639 408/68/62 409/66/60
f 397/972/516 928/1124/599 919/1181/598
f 928/1124/599 929/1190/640 919/1181/598
f 919/1181/598 929/1190/640 920/1182/632
f 929/1191/640 930/1192/641 920/1193/632
f 920/1182/632 930/1194/641 921/1183/633
f 930/1194/641 931/1195/642 921/1183/633
f 921/1183/633 931/1195/642 922/1184/634
f 931/1195/642 932/1196/643 922/1184/634
f 922/1197/634 932/1198/643 923/1199/635
f 932/1196/643 933/1200/644 923/1185/635
f 923/1201/635 933/1202/644 924/1203/636
f 933/1204/644 934/1205/645 924/1206/636
f 924/1206/636 934/1205/645 925/1207/637
f 934/1205/645 935/1208/646 925/1207/637
f 925/1187/637 935/1209/646 926/1188/638
f 935/1209/646 936/1210/647 926/1188/638
f 926/1188/638 936/1210/647 927/1189/639
f 936/1210/647 937/1211/648 927/1189/639
f 927/1189/639 937/1211/648 408/68/62
f 937/1211/648 407/70/64 408/68/62
f 398/1212/526 938/1213/600 928/1214/599
f 938/1215/600 939/1216/649 928/1217/599
f 928/1124/599 939/1218/649 929/1190/640
f 939/1219/649 940/1220/650 929/1221/640
f 929/1190/640 940/1222/650 930/1194/641
f 940/1222/650 941/1223/651 930/1194/641
f 930/1194/641 941/1223/651 931/1195/642
f 941/1223/651 942/1224/652 931/1195/642
f 931/1195/642 942/1224/652 932/1196/643
f 942/1224/652 943/1225/653 932/1196/643
f 932/1196/643 943/1225/653 933/1200/644
f 943/1225/653 944/1226/654 933/1200/644
f 933/1204/644 944/1227/654 934/1205/645
f 944/1228/654 945/1229/655 934/1230/645
f 934/1230/645 945/1229/655 935/1231/646
f 945/1229/655 946/1232/656 935/1231/646
f 935/1233/646 946/1234/656 936/1235/647
f 946/1234/656 947/1236/657 936/1235/647
f 936/1235/647 947/1236/657 937/1237/648
f 947/1236/657 948/1238/658 937/1237/648
f 937/1237/648 948/1238/658 407/74/64
f 948/1238/658 406/72/66 407/74/64
f 399/999/537 949/1126/601 938/1125/600
f 949/1126/601 950/1239/659 938/1125/600
f 938/1215/600 950/1240/659 939/1216/649
f 950/1239/659 951/1241/660 939/1218/649
f 939/1219/649 951/1242/660 940/1220/650
f 951/1241/660 952/1243/661 940/1222/650
f 940/1222/650 952/1243/661 941/1223/651
f 952/1243/661 953/1244/662 941/1223/651
f 941/1223/651 953/1244/662 942/1224/652
f 953/1244/662 954/1245/663 942/1224/652
f 942/1224/652 954/1245/663 943/1225/653
f 954/1246/663 955/1247/664 943/1248/653
f 943/1248/653 955/1247/664 944/1249/654
f 955/1250/664 956/1251/665 944/1252/654
f 944/1252/654 956/1251/665 945/1253/655
f 956/1251/665 957/1254/666 945/1253/655
f 945/1229/655 957/1255/666 946/1232/656
f 957/1255/666 958/1256/667 946/1232/656
f 946/1232/656 958/1256/667 947/1257/657
f 958/1256/667 959/1258/668 947/1257/657
f 947/1257/657 959/1258/668 948/1259/658
f 959/1258/668 960/1260/669 948/1259/658
f 948/1259/658 960/1260/669 406/77/66
f 960/1260/669 405/75/68 406/77/66
f 400/1030/549 961/1127/602 949/1126/601
f 961/1127/602 962/1261/670 949/1126/601
f 949/1126/601 962/1261/670 950/1239/659
f 962/1261/670 963/1262/671 950/1239/659
f 950/1239/659 963/1262/671 951/1241/660
f 963/1262/671 964/1263/672 951/1241/660
f 951/1241/660 964/1263/672 952/1243/661
f 964/1263/672 965/1264/673 952/1243/661
f 952/1243/661 965/1264/673 953/1244/662
f 965/1265/673 966/1266/674 953/1267/662
f 953/1267/662 966/1266/674 954/1268/663
f 966/1269/674 967/1270/675 954/1271/663
f 954/1272/663 967/1273/675 955/1274/664
f 967/1273/675 968/1275/676 955/1274/664
f 955/1250/664 968/1276/676 956/1251/665
f 968/1276/676 969/1277/677 956/1251/665
f 956/1278/665 969/1279/677 957/1280/666
f 969/1279/677 970/1281/678 957/1280/666
f 957/1280/666 970/1281/678 958/1282/667
f 970/1283/678 971/1284/679 958/1256/667
f 958/1256/667 971/1284/679 959/1258/668
f 971/1284/679 972/1285/680 959/1258/668
f 959/1258/668 972/1285/680 960/1260/669
f 972/1285/680 973/1286/681 960/1260/669
f 960/1260/669 973/1286/681 405/75/68
f 973/1286/681 404/78/70 405/75/68
f 401/1060/562 974/1128/603 961/1127/602
f 974/1128/603 975/1287/682 961/1127/602
f 961/1127/602 975/1287/682 962/1261/670
f 975/1287/682 976/1288/683 962/1261/670
f 962/1289/670 976/1290/683 963/1291/671
f 976/1290/683 977/1292/684 963/1291/671
f 963/1262/671 977/1293/684 964/1263/672
f 977/1294/684 978/1295/685 964/1296/672
f 964/1296/672 978/1295/685 965/1297/673
f 978/1295/685 979/1298/686 965/1297/673
f 965/1299/673 979/1300/686 966/1301/674
f 979/1300/686 980/1302/687 966/1301/674
f 966/1301/674 980/1302/687 967/1273/675
f 980/1302/687 981/1303/688 967/1273/675
f 967/1273/675 981/1303/688 968/1275/676
f 981/1304/688 982/1305/689 968/1306/676
f 968/1276/676 982/1307/689 969/1277/677
f 982/1307/689 983/1308/690 969/1277/677
f 969/1279/677 983/1309/690 970/1281/678
f 983/1309/690 984/1310/691 970/1281/678
f 970/1311/678 984/1312/691 971/1313/679
f 984/1312/691 985/1314/692 971/1313/679
f 971/1284/679 985/1315/692 972/1285/680
f 985/1315/692 986/1316/693 972/1285/680
f 972/1285/680 986/1316/693 973/1286/681
f 986/1316/693 987/1317/694 973/1286/681
f 973/1286/681 987/1317/694 404/78/70
f 987/1317/694 403/48/42 404/78/70
f 402/36/30 327/35/29 974/1128/603
f 327/35/29 326/1318/695 974/1128/603
f 974/1128/603 326/1318/695 975/1287/682
f 326/1318/695 325/1319/696 975/1287/682
f 975/1320/682 325/1321/696 976/1322/683
f 325/1321/696 324/1323/697 976/1322/683
f 976/1324/683 324/1325/697 977/1326/684
f 324/1325/697 323/1327/698 977/1326/684
f 977/1326/684 323/1327/698 978/1328/685
f 323/1327/698 322/1329/699 978/1328/685
f 978/1328/685 322/1329/699 979/1300/686
f 322/1329/699 321/1330/700 979/1300/686
f 979/1300/686 321/1330/700 980/1302/687
f 321/1330/700 320/1331/701 980/1302/687
f 980/1302/687 320/1331/701 981/1303/688
f 320/1331/701 319/1332/702 981/1303/688
f 981/1303/688 319/1332/702 982/1333/689
f 319/1332/702 318/1334/703 982/1333/689
f 982/1333/689 318/1334/703 983/1335/690
f 318/1334/703 317/1336/704 983/1335/690
f 983/1335/690 317/1336/704 984/1337/691
f 317/1336/704 316/1338/705 984/1337/691
f 984/1312/691 316/1339/705 985/1314/692
f 316/1340/705 315/1341/706 985/1315/692
f 985/1315/692 315/1341/706 986/1316/693
f 315/1341/706 314/1342/707 986/1316/693
f 986/1316/693 314/1342/707 987/1317/694
f 314/1342/707 313/1343/708 987/1317/694
f 987/1317/694 313/1343/708 403/48/42
f 313/1343/708 11/46/40 403/48/42
f 192/1344/709 387/1345/41 11/1346/40
f 191/1347/710 988/1348/711 192/1349/709
f 190/1350/712 989/1351/713 191/1347/710
f 189/1352/714 991/1353/715 190/1354/712
f 188/1355/716 994/1356/717 189/1352/714
f 187/1357/718 998/1358/719 188/1359/716
f 186/1360/720 1003/1361/721 187/1357/718
f 185/1362/722 1009/1363/723 186/1364/720
f 184/1365/724 1016/1366/725 185/1367/722
f 183/1368/726 1024/1369/727 184/1370/724
f 182/1371/728 1033/1372/729 183/1373/726
f 181/1374/730 1043/1375/731 182/1376/728
f 180/1377/732 1054/1378/733 181/1379/730
f 179/1380/734 1066/1381/735 180/1382/732
f 178/1383/27 1079/1384/736 179/1380/734
f 192/1344/709 988/1385/711 387/1345/41
f 988/1386/711 386/1387/177 387/1388/41
f 191/1389/710 989/1390/713 988/1391/711
f 989/1390/713 990/1392/737 988/1391/711
f 988/1386/711 990/1393/737 386/1387/177
f 990/1393/737 385/1394/178 386/1387/177
f 190/1350/712 991/1395/715 989/1351/713
f 991/1395/715 992/1396/738 989/1351/713
f 989/1397/713 992/1398/738 990/1399/737
f 992/1400/738 993/1401/739 990/1402/737
f 990/1402/737 993/1401/739 385/1403/178
f 993/1401/739 384/265/179 385/1403/178
f 189/1404/714 994/1405/717 991/1395/715
f 994/1405/717 995/1406/740 991/1395/715
f 991/1395/715 995/1406/740 992/1396/738
f 995/1406/740 996/1407/741 992/1396/738
f 992/1400/738 996/1408/741 993/1401/739
f 996/1408/741 997/1409/742 993/1401/739
f 993/1401/739 997/1409/742 384/265/179
f 997/1409/742 383/266/180 384/265/179
f 188/1355/716 998/1410/719 994/1356/717
f 998/1411/719 999/1412/743 994/1413/717
f 994/1413/717 999/1412/743 995/1414/740
f 999/1415/743 1000/1416/744 995/1417/740
f 995/1406/740 1000/1418/744 996/1407/741
f 1000/1418/744 1001/1419/745 996/1407/741
f 996/1408/741 1001/1420/745 997/1409/742
f 1001/1420/745 1002/1421/746 997/1409/742
f 997/1409/742 1002/1421/746 383/266/180
f 1002/1422/746 382/1423/181 383/1424/180
f 187/1357/718 1003/1361/721 998/1358/719
f 1003/1361/721 1004/1425/747 998/1358/719
f 998/1426/719 1004/1427/747 999/1428/743
f 1004/1427/747 1005/1429/748 999/1428/743
f 999/1415/743 1005/1430/748 1000/1416/744
f 1005/1430/748 1006/1431/749 1000/1416/744
f 1000/1432/744 1006/1433/749 1001/1420/745
f 1006/1433/749 1007/1434/750 1001/1420/745
f 1001/1420/745 1007/1434/750 1002/1421/746
f 1007/1434/750 1008/1435/751 1002/1421/746
f 1002/1422/746 1008/1436/751 382/1423/181
f 1008/1436/751 381/1437/182 382/1423/181
f 186/1360/720 1009/1438/723 1003/1361/721
f 1009/1438/723 1010/1439/752 1003/1361/721
f 1003/1361/721 1010/1439/752 1004/1425/747
f 1010/1439/752 1011/1440/753 1004/1425/747
f 1004/1425/747 1011/1440/753 1005/1441/748
f 1011/1440/753 1012/1442/754 1005/1441/748
f 1005/1430/748 1012/1443/754 1006/1431/749
f 1012/1444/754 1013/1445/755 1006/1446/749
f 1006/1447/749 1013/1448/755 1007/1449/750
f 1013/1448/755 1014/1450/756 1007/1449/750
f 1007/1434/750 1014/1451/756 1008/1435/751
f 1014/1451/756 1015/1452/757 1008/1435/751
f 1008/1435/751 1015/1452/757 381/268/182
f 1015/1452/757 380/270/183 381/268/182
f 185/1367/722 1016/1366/725 1009/1453/723
f 1016/1454/725 1017/1455/758 1009/1456/723
f 1009/1456/723 1017/1455/758 1010/1457/752
f 1017/1455/758 1018/1458/759 1010/1457/752
f 1010/1457/752 1018/1458/759 1011/1459/753
f 1018/1460/759 1019/1461/760 1011/1462/753
f 1011/1440/753 1019/1463/760 1012/1442/754
f 1019/1463/760 1020/1464/761 1012/1442/754
f 1012/1442/754 1020/1464/761 1013/1465/755
f 1020/1466/761 1021/1467/762 1013/1468/755
f 1013/1468/755 1021/1467/762 1014/1469/756
f 1021/1467/762 1022/1470/763 1014/1469/756
f 1014/1471/756 1022/1472/763 1015/1473/757
f 1022/1472/763 1023/1474/764 1015/1473/757
f 1015/1473/757 1023/1474/764 380/1475/183
f 1023/1476/764 379/273/184 380/272/183
f 184/1370/724 1024/1369/727 1016/1454/725
f 1024/1369/727 1025/1477/765 1016/1454/725
f 1016/1454/725 1025/1477/765 1017/1455/758
f 1025/1477/765 1026/1478/766 1017/1455/758
f 1017/1479/758 1026/1480/766 1018/1481/759
f 1026/1482/766 1027/1483/767 1018/1484/759
f 1018/1460/759 1027/1485/767 1019/1461/760
f 1027/1486/767 1028/1487/768 1019/1488/760
f 1019/1463/760 1028/1489/768 1020/1464/761
f 1028/1489/768 1029/1490/769 1020/1464/761
f 1020/1466/761 1029/1491/769 1021/1467/762
f 1029/1492/769 1030/1493/770 1021/1494/762
f 1021/1495/762 1030/1496/770 1022/1497/763
f 1030/1498/770 1031/1499/771 1022/1500/763
f 1022/1500/763 1031/1499/771 1023/1501/764
f 1031/1502/771 1032/1503/772 1023/1504/764
f 1023/1476/764 1032/1505/772 379/273/184
f 1032/1505/772 378/274/185 379/273/184
f 183/1368/726 1033/1506/729 1024/1369/727
f 1033/1506/729 1034/1507/773 1024/1369/727
f 1024/1508/727 1034/1509/773 1025/1510/765
f 1034/1511/773 1035/1512/774 1025/1513/765
f 1025/1514/765 1035/1515/774 1026/1516/766
f 1035/1515/774 1036/1517/775 1026/1516/766
f 1026/1518/766 1036/1519/775 1027/1520/767
f 1036/1521/775 1037/1522/776 1027/1486/767
f 1027/1486/767 1037/1522/776 1028/1487/768
f 1037/1522/776 1038/1523/777 1028/1487/768
f 1028/1487/768 1038/1523/777 1029/1524/769
f 1038/1525/777 1039/1526/778 1029/1527/769
f 1029/1528/769 1039/1529/778 1030/1530/770
f 1039/1526/778 1040/1531/779 1030/1532/770
f 1030/1532/770 1040/1531/779 1031/1533/771
f 1040/1534/779 1041/1535/780 1031/1536/771
f 1031/1502/771 1041/1537/780 1032/1503/772
f 1041/1538/780 1042/1539/781 1032/1540/772
f 1032/1541/772 1042/1542/781 378/1543/185
f 1042/1542/781 377/1544/186 378/1543/185
f 182/1376/728 1043/1375/731 1033/1545/729
f 1043/1375/731 1044/1546/782 1033/1545/729
f 1033/1545/729 1044/1546/782 1034/1547/773
f 1044/1548/782 1045/1549/783 1034/1550/773
f 1034/1551/773 1045/1552/783 1035/1553/774
f 1045/1552/783 1046/1554/784 1035/1553/774
f 1035/1515/774 1046/1555/784 1036/1517/775
f 1046/1555/784 1047/1556/785 1036/1517/775
f 1036/1521/775 1047/1557/785 1037/1522/776
f 1047/1558/785 1048/1559/786 1037/1560/776
f 1037/1561/776 1048/1562/786 1038/1525/777
f 1048/1562/786 1049/1563/787 1038/1525/777
f 1038/1525/777 1049/1563/787 1039/1526/778
f 1049/1563/787 1050/1564/788 1039/1526/778
f 1039/1526/778 1050/1564/788 1040/1531/779
f 1050/1564/788 1051/1565/789 1040/1531/779
f 1040/1534/779 1051/1566/789 1041/1535/780
f 1051/1566/789 1052/1567/790 1041/1535/780
f 1041/1568/780 1052/1569/790 1042/1570/781
f 1052/1569/790 1053/1571/791 1042/1570/781
f 1042/1542/781 1053/1572/791 377/1544/186
f 1053/1572/791 376/1573/187 377/1544/186
f 181/1374/730 1054/1574/733 1043/1375/731
f 1054/1574/733 1055/1575/792 1043/1375/731
f 1043/1375/731 1055/1575/792 1044/1546/782
f 1055/1576/792 1056/1577/793 1044/1578/782
f 1044/1579/782 1056/1580/793 1045/1552/783
f 1056/1580/793 1057/1581/794 1045/1552/783
f 1045/1552/783 1057/1581/794 1046/1554/784
f 1057/1582/794 1058/1583/795 1046/1584/784
f 1046/1555/784 1058/1585/795 1047/1556/785
f 1058/1585/795 1059/1586/796 1047/1556/785
f 1047/1558/785 1059/1587/796 1048/1559/786
f 1059/1587/796 1060/1588/797 1048/1559/786
f 1048/1562/786 1060/1589/797 1049/1563/787
f 1060/1590/797 1061/1591/798 1049/1592/787
f 1049/1593/787 1061/1594/798 1050/1595/788
f 1061/1594/798 1062/1596/799 1050/1595/788
f 1050/1564/788 1062/1597/799 1051/1565/789
f 1062/1598/799 1063/1599/800 1051/1600/789
f 1051/1566/789 1063/1601/800 1052/1567/790
f 1063/1601/800 1064/1602/801 1052/1567/790
f 1052/1569/790 1064/1603/801 1053/1571/791
f 1064/1604/801 1065/1605/802 1053/1606/791
f 1053/1572/791 1065/1607/802 376/1573/187
f 1065/1607/802 375/283/188 376/1573/187
f 180/1377/732 1066/1608/735 1054/1378/733
f 1066/1381/735 1067/1609/803 1054/1610/733
f 1054/1611/733 1067/1612/803 1055/1613/792
f 1067/1614/803 1068/1615/804 1055/1616/792
f 1055/1576/792 1068/1617/804 1056/1577/793
f 1068/1617/804 1069/1618/805 1056/1577/793
f 1056/1577/793 1069/1618/805 1057/1619/794
f 1069/1620/805 1070/1621/806 1057/1622/794
f 1057/1582/794 1070/1623/806 1058/1583/795
f 1070/1624/806 1071/1625/807 1058/1626/795
f 1058/1626/795 1071/1625/807 1059/1627/796
f 1071/1628/807 1072/1629/808 1059/1587/796
f 1059/1587/796 1072/1629/808 1060/1588/797
f 1072/1630/808 1073/1631/809 1060/1590/797
f 1060/1590/797 1073/1631/809 1061/1591/798
f 1073/1632/809 1074/1633/810 1061/1634/798
f 1061/1634/798 1074/1633/810 1062/1635/799
f 1074/1636/810 1075/1637/811 1062/1598/799
f 1062/1598/799 1075/1637/811 1063/1599/800
f 1075/1638/811 1076/1639/812 1063/1640/800
f 1063/1601/800 1076/1641/812 1064/1602/801
f 1076/1641/812 1077/1642/813 1064/1602/801
f 1064/1643/801 1077/1644/813 1065/1645/802
f 1077/1644/813 1078/1646/814 1065/1645/802
f 1065/1607/802 1078/1647/814 375/283/188
f 1078/1647/814 374/284/189 375/283/188
f 179/1380/734 1079/1384/736 1066/1381/735
f 1079/1384/736 1080/1648/815 1066/1381/735
f 1066/1381/735 1080/1648/815 1067/1609/803
f 1080/1649/815 1081/1650/816 1067/1651/803
f 1067/1652/803 1081/1653/816 1068/1617/804
f 1081/1653/816 1082/1654/817 1068/1617/804
f 1068/1617/804 1082/1654/817 1069/1618/805
f 1082/1654/817 1083/1655/818 1069/1618/805
f 1069/1618/805 1083/1655/818 1070/1656/806
f 1083/1655/818 1084/1657/819 1070/1656/806
f 1070/1656/806 1084/1657/819 1071/1658/807
f 1084/1659/819 1085/1660/820 1071/1661/807
f 1071/1661/807 1085/1660/820 1072/1662/808
f 1085/1660/820 1086/1663/821 1072/1662/808
f 1072/1662/808 1086/1663/821 1073/1664/809
f 1086/1665/821 1087/1666/822 1073/1667/809
f 1073/1632/809 1087/1668/822 1074/1633/810
f 1087/1668/822 1088/1669/823 1074/1633/810
f 1074/1633/810 1088/1669/823 1075/1670/811
f 1088/1671/823 1089/1672/824 1075/1673/811
f 1075/1674/811 1089/1675/824 1076/1676/812
f 1089/1677/824 1090/1678/825 1076/1679/812
f 1076/1641/812 1090/1680/825 1077/1642/813
f 1090/1680/825 1091/1681/826 1077/1642/813
f 1077/1642/813 1091/1681/826 1078/1682/814
f 1091/1683/826 1092/1684/827 1078/1685/814
f 1078/1685/814 1092/1684/827 374/285/189
f 1092/1684/827 373/286/190 374/285/189
f 178/1686/27 297/1687/22 1079/1688/736
f 297/1687/22 296/1689/828 1079/1688/736
f 1079/1688/736 296/1689/828 1080/1690/815
f 296/1691/828 295/1692/829 1080/1693/815
f 1080/1693/815 295/1692/829 1081/1694/816
f 295/1695/829 294/1696/830 1081/1697/816
f 1081/1653/816 294/1698/830 1082/1654/817
f 294/1698/830 293/1699/831 1082/1654/817
f 1082/1700/817 293/1701/831 1083/1702/818
f 293/1703/831 292/1704/832 1083/1705/818
f 1083/1655/818 292/1706/832 1084/1657/819
f 292/1707/832 291/1708/833 1084/1659/819
f 1084/1659/819 291/1708/833 1085/1660/820
f 291/1708/833 290/1709/834 1085/1660/820
f 1085/1710/820 290/1711/834 1086/1712/821
f 290/1711/834 289/1713/835 1086/1712/821
f 1086/1665/821 289/1714/835 1087/1666/822
f 289/1714/835 288/1715/836 1087/1666/822
f 1087/1716/822 288/1717/836 1088/1718/823
f 288/1717/836 287/1719/837 1088/1718/823
f 1088/1671/823 287/1720/837 1089/1672/824
f 287/1721/837 286/1722/838 1089/1723/824
f 1089/1724/824 286/1725/838 1090/1726/825
f 286/1727/838 285/1728/839 1090/1729/825
f 1090/1680/825 285/1730/839 1091/1681/826
f 285/1730/839 284/1731/840 1091/1681/826
f 1091/1683/826 284/1732/840 1092/1684/827
f 284/1732/840 283/1733/841 1092/1684/827
f 1092/1684/827 283/1733/841 373/286/190
f 283/1733/841 10/43/37 373/286/190
f 312/1734/842 372/1735/38 10/1736/37
f 311/1737/843 1093/1738/844 312/1739/842
f 310/1740/845 1094/1741/846 311/1737/843
f 309/1742/847 1096/1743/848 310/1744/845
f 308/1745/849 1099/1746/850 309/1747/847
f 307/1748/851 1103/1749/852 308/1750/849
f 306/1751/853 1108/1752/854 307/1753/851
f 305/1754/855 1114/1755/856 306/1756/853
f 304/1757/857 1121/1758/858 305/1754/855
f 303/1759/859 1129/1760/860 304/1761/857
f 302/1762/861 1138/1763/862 303/1764/859
f 301/1765/863 1148/1766/864 302/1767/861
f 300/1768/865 1159/1769/866 301/1770/863
f 299/1771/867 1171/1772/868 300/1773/865
f 298/32/26 1184/1774/869 299/1771/867
f 312/1734/842 1093/1775/844 372/1735/38
f 1093/1776/844 371/1777/310 372/1778/38
f 311/1737/843 1094/1741/846 1093/1738/844
f 1094/1741/846 1095/1779/870 1093/1738/844
f 1093/1738/844 1095/1779/870 371/517/310
f 1095/1779/870 370/519/311 371/517/310
f 310/1780/845 1096/1781/848 1094/1782/846
f 1096/1783/848 1097/1784/871 1094/1785/846
f 1094/1741/846 1097/1786/871 1095/1779/870
f 1097/1786/871 1098/1787/872 1095/1779/870
f 1095/1779/870 1098/1787/872 370/519/311
f 1098/1787/872 369/520/312 370/519/311
f 309/1742/847 1099/1788/850 1096/1743/848
f 1099/1746/850 1100/1789/873 1096/1790/848
f 1096/1790/848 1100/1789/873 1097/1786/871
f 1100/1789/873 1101/1791/874 1097/1786/871
f 1097/1786/871 1101/1791/874 1098/1787/872
f 1101/1791/874 1102/1792/875 1098/1787/872
f 1098/1787/872 1102/1792/875 369/520/312
f 1102/1792/875 368/521/313 369/520/312
f 308/1745/849 1103/1793/852 1099/1746/850
f 1103/1793/852 1104/1794/876 1099/1746/850
f 1099/1795/850 1104/1796/876 1100/1797/873
f 1104/1796/876 1105/1798/877 1100/1797/873
f 1100/1789/873 1105/1799/877 1101/1791/874
f 1105/1799/877 1106/1800/878 1101/1791/874
f 1101/1791/874 1106/1800/878 1102/1792/875
f 1106/1801/878 1107/1802/879 1102/1803/875
f 1102/1804/875 1107/1805/879 368/523/313
f 1107/1805/879 367/524/314 368/523/313
f 307/1753/851 1108/1752/854 1103/1793/852
f 1108/1752/854 1109/1806/880 1103/1793/852
f 1103/1793/852 1109/1806/880 1104/1794/876
f 1109/1806/880 1110/1807/881 1104/1794/876
f 1104/1796/876 1110/1808/881 1105/1798/877
f 1110/1807/881 1111/1809/882 1105/1799/877
f 1105/1799/877 1111/1809/882 1106/1800/878
f 1111/1809/882 1112/1810/883 1106/1800/878
f 1106/1801/878 1112/1811/883 1107/1802/879
f 1112/1810/883 1113/1812/884 1107/1813/879
f 1107/1813/879 1113/1812/884 367/1814/314
f 1113/1812/884 366/527/315 367/1814/314
f 306/1751/853 1114/1815/856 1108/1752/854
f 1114/1815/856 1115/1816/885 1108/1752/854
f 1108/1817/854 1115/1818/885 1109/1819/880
f 1115/1818/885 1116/1820/886 1109/1819/880
f 1109/1819/880 1116/1820/886 1110/1821/881
f 1116/1820/886 1117/1822/887 1110/1821/881
f 1110/1807/881 1117/1823/887 1111/1809/882
f 1117/1823/887 1118/1824/888 1111/1809/882
f 1111/1825/882 1118/1826/888 1112/1827/883
f 1118/1826/888 1119/1828/889 1112/1827/883
f 1112/1810/883 1119/1829/889 1113/1812/884
f 1119/1829/889 1120/1830/890 1113/1812/884
f 1113/1812/884 1120/1830/890 366/527/315
f 1120/1830/890 365/528/316 366/527/315
f 305/1754/855 1121/1758/858 1114/1755/856
f 1121/1831/858 1122/1832/891 1114/1833/856
f 1114/1815/856 1122/1834/891 1115/1816/885
f 1122/1834/891 1123/1835/892 1115/1816/885
f 1115/1816/885 1123/1835/892 1116/1836/886
f 1123/1835/892 1124/1837/893 1116/1836/886
f 1116/1836/886 1124/1837/893 1117/1823/887
f 1124/1837/893 1125/1838/894 1117/1823/887
f 1117/1823/887 1125/1838/894 1118/1824/888
f 1125/1838/894 1126/1839/895 1118/1824/888
f 1118/1824/888 1126/1839/895 1119/1829/889
f 1126/1839/895 1127/1840/896 1119/1829/889
f 1119/1829/889 1127/1840/896 1120/1830/890
f 1127/1841/896 1128/1842/897 1120/1843/890
f 1120/1844/890 1128/1845/897 365/1846/316
f 1128/1845/897 364/1847/317 365/1846/316
f 304/1757/857 1129/1848/860 1121/1758/858
f 1129/1760/860 1130/1849/898 1121/1850/858
f 1121/1831/858 1130/1851/898 1122/1832/891
f 1130/1851/898 1131/1852/899 1122/1832/891
f 1122/1832/891 1131/1852/899 1123/1853/892
f 1131/1852/899 1132/1854/900 1123/1853/892
f 1123/1835/892 1132/1855/900 1124/1837/893
f 1132/1855/900 1133/1856/901 1124/1837/893
f 1124/1857/893 1133/1858/901 1125/1859/894
f 1133/1856/901 1134/1860/902 1125/1838/894
f 1125/1838/894 1134/1860/902 1126/1839/895
f 1134/1860/902 1135/1861/903 1126/1839/895
f 1126/1839/895 1135/1861/903 1127/1840/896
f 1135/1862/903 1136/1863/904 1127/1841/896
f 1127/1841/896 1136/1863/904 1128/1842/897
f 1136/1864/904 1137/1865/905 1128/1866/897
f 1128/1845/897 1137/1867/905 364/1847/317
f 1137/1867/905 363/1868/318 364/1847/317
f 303/1759/859 1138/1869/862 1129/1760/860
f 1138/1869/862 1139/1870/906 1129/1760/860
f 1129/1760/860 1139/1870/906 1130/1849/898
f 1139/1870/906 1140/1871/907 1130/1849/898
f 1130/1849/898 1140/1871/907 1131/1872/899
f 1140/1871/907 1141/1873/908 1131/1872/899
f 1131/1872/899 1141/1873/908 1132/1855/900
f 1141/1873/908 1142/1874/909 1132/1855/900
f 1132/1855/900 1142/1874/909 1133/1856/901
f 1142/1874/909 1143/1875/910 1133/1856/901
f 1133/1856/901 1143/1875/910 1134/1860/902
f 1143/1875/910 1144/1876/911 1134/1860/902
f 1134/1877/902 1144/1878/911 1135/1879/903
f 1144/1878/911 1145/1880/912 1135/1879/903
f 1135/1879/903 1145/1880/912 1136/1881/904
f 1145/1880/912 1146/1882/913 1136/1881/904
f 1136/1864/904 1146/1883/913 1137/1865/905
f 1146/1883/913 1147/1884/914 1137/1865/905
f 1137/1865/905 1147/1884/914 363/1885/318
f 1147/1884/914 362/539/319 363/1885/318
f 302/1762/861 1148/1886/864 1138/1763/862
f 1148/1887/864 1149/1888/915 1138/1869/862
f 1138/1869/862 1149/1888/915 1139/1870/906
f 1149/1888/915 1150/1889/916 1139/1870/906
f 1139/1870/906 1150/1889/916 1140/1871/907
f 1150/1889/916 1151/1890/917 1140/1871/907
f 1140/1871/907 1151/1890/917 1141/1873/908
f 1151/1891/917 1152/1892/918 1141/1893/908
f 1141/1894/908 1152/1895/918 1142/1896/909
f 1152/1897/918 1153/1898/919 1142/1874/909
f 1142/1874/909 1153/1898/919 1143/1875/910
f 1153/1899/919 1154/1900/920 1143/1901/910
f 1143/1875/910 1154/1902/920 1144/1876/911
f 1154/1902/920 1155/1903/921 1144/1876/911
f 1144/1878/911 1155/1904/921 1145/1880/912
f 1155/1904/921 1156/1905/922 1145/1880/912
f 1145/1880/912 1156/1905/922 1146/1882/913
f 1156/1905/922 1157/1906/923 1146/1882/913
f 1146/1883/913 1157/1907/923 1147/1884/914
f 1157/1907/923 1158/1908/924 1147/1884/914
f 1147/1884/914 1158/1908/924 362/539/319
f 1158/1908/924 361/541/320 362/539/319
f 301/1765/863 1159/1909/866 1148/1766/864
f 1159/1910/866 1160/1911/925 1148/1912/864
f 1148/1913/864 1160/1914/925 1149/1915/915
f 1160/1916/925 1161/1917/926 1149/1888/915
f 1149/1918/915 1161/1919/926 1150/1920/916
f 1161/1919/926 1162/1921/927 1150/1920/916
f 1150/1889/916 1162/1922/927 1151/1890/917
f 1162/1922/927 1163/1923/928 1151/1890/917
f 1151/1890/917 1163/1923/928 1152/1897/918
f 1163/1923/928 1164/1924/929 1152/1897/918
f 1152/1897/918 1164/1924/929 1153/1898/919
f 1164/1924/929 1165/1925/930 1153/1898/919
f 1153/1899/919 1165/1926/930 1154/1900/920
f 1165/1925/930 1166/1927/931 1154/1902/920
f 1154/1902/920 1166/1927/931 1155/1903/921
f 1166/1927/931 1167/1928/932 1155/1903/921
f 1155/1904/921 1167/1929/932 1156/1905/922
f 1167/1929/932 1168/1930/933 1156/1905/922
f 1156/1905/922 1168/1930/933 1157/1906/923
f 1168/1930/933 1169/1931/934 1157/1906/923
f 1157/1906/923 1169/1931/934 1158/1932/924
f 1169/1931/934 1170/1933/935 1158/1932/924
f 1158/1908/924 1170/1934/935 361/541/320
f 1170/1933/935 360/543/321 361/542/320
f 300/1773/865 1171/1772/868 1159/1935/866
f 1171/1936/868 1172/1937/936 1159/1938/866
f 1159/1935/866 1172/1939/936 1160/1916/925
f 1172/1939/936 1173/1940/937 1160/1916/925
f 1160/1916/925 1173/1940/937 1161/1917/926
f 1173/1940/937 1174/1941/938 1161/1917/926
f 1161/1917/926 1174/1941/938 1162/1922/927
f 1174/1941/938 1175/1942/939 1162/1922/927
f 1162/1922/927 1175/1942/939 1163/1923/928
f 1175/1942/939 1176/1943/940 1163/1923/928
f 1163/1923/928 1176/1943/940 1164/1924/929
f 1176/1943/940 1177/1944/941 1164/1924/929
f 1164/1945/929 1177/1946/941 1165/1947/930
f 1177/1944/941 1178/1948/942 1165/1925/930
f 1165/1925/930 1178/1948/942 1166/1927/931
f 1178/1948/942 1179/1949/943 1166/1927/931
f 1166/1927/931 1179/1949/943 1167/1928/932
f 1179/1950/943 1180/1951/944 1167/1952/932
f 1167/1928/932 1180/1953/944 1168/1954/933
f 1180/1953/944 1181/1955/945 1168/1954/933
f 1168/1930/933 1181/1956/945 1169/1931/934
f 1181/1956/945 1182/1957/946 1169/1931/934
f 1169/1931/934 1182/1957/946 1170/1933/935
f 1182/1957/946 1183/1958/947 1170/1933/935
f 1170/1933/935 1183/1958/947 360/543/321
f 1183/1958/947 359/544/322 360/543/321
f 299/1771/867 1184/1774/869 1171/1772/868
f 1184/1774/869 1185/1959/948 1171/1772/868
f 1171/1936/868 1185/1960/948 1172/1937/936
f 1185/1959/948 1186/1961/949 1172/1939/936
f 1172/1939/936 1186/1961/949 1173/1940/937
f 1186/1961/949 1187/1962/950 1173/1940/937
f 1173/1940/937 1187/1962/950 1174/1941/938
f 1187/1962/950 1188/1963/951 1174/1941/938
f 1174/1941/938 1188/1963/951 1175/1942/939
f 1188/1963/951 1189/1964/952 1175/1942/939
f 1175/1942/939 1189/1964/952 1176/1943/940
f 1189/1964/952 1190/1965/953 1176/1943/940
f 1176/1943/940 1190/1965/953 1177/1944/941
f 1190/1965/953 1191/1966/954 1177/1944/941
f 1177/1944/941 1191/1966/954 1178/1948/942
f 1191/1966/954 1192/1967/955 1178/1948/942
f 1178/1968/942 1192/1969/955 1179/1970/943
f 1192/1971/955 1193/1972/956 1179/1973/943
f 1179/1973/943 1193/1972/956 1180/1974/944
f 1193/1975/956 1194/1976/957 1180/1953/944
f 1180/1953/944 1194/1976/957 1181/1955/945
f 1194/1976/957 1195/1977/958 1181/1955/945
f 1181/1955/945 1195/1977/958 1182/1978/946
f 1195/1977/958 1196/1979/959 1182/1978/946
f 1182/1978/946 1196/1979/959 1183/1980/947
f 1196/1981/959 1197/1982/960 1183/1983/947
f 1183/1983/947 1197/1982/960 359/1984/322
f 1197/1982/960 358/1985/323 359/1984/322
f 298/1986/26 267/1987/19 1184/1988/869
f 267/1987/19 266/1989/961 1184/1988/869
f 1184/1774/869 266/1990/961 1185/1959/948
f 266/1990/961 265/1991/962 1185/1959/948
f 1185/1959/948 265/1991/962 1186/1961/949
f 265/1991/962 264/1992/963 1186/1961/949
f 1186/1961/949 264/1992/963 1187/1962/950
f 264/1992/963 263/1993/964 1187/1962/950
f 1187/1962/950 263/1993/964 1188/1963/951
f 263/1994/964 262/1995/965 1188/1996/951
f 1188/1963/951 262/1997/965 1189/1964/952
f 262/1997/965 261/1998/966 1189/1964/952
f 1189/1964/952 261/1998/966 1190/1965/953
f 261/1999/966 260/2000/967 1190/2001/953
f 1190/1965/953 260/2002/967 1191/1966/954
f 260/2002/967 259/2003/968 1191/1966/954
f 1191/1966/954 259/2003/968 1192/1967/955
f 259/2003/968 258/2004/969 1192/1967/955
f 1192/1967/955 258/2004/969 1193/1975/956
f 258/2004/969 257/2005/970 1193/1975/956
f 1193/1975/956 257/2005/970 1194/1976/957
f 257/2005/970 256/2006/971 1194/1976/957
f 1194/1976/957 256/2006/971 1195/1977/958
f 256/2007/971 255/2008/972 1195/2009/958
f 1195/1977/958 255/2010/972 1196/1979/959
f 255/2011/972 254/2012/973 1196/1981/959
f 1196/1981/959 254/2012/973 1197/1982/960
f 254/2013/973 253/2014/974 1197/2015/960
f 1197/2016/960 253/2017/974 358/545/323
f 253/2017/974 9/546/34 358/545/323
f 282/2018/975 357/809/35 9/546/34
f 281/2019/976 1198/2020/977 282/2018/975
f 280/2021/978 1199/2022/979 281/2019/976
f 279/2023/980 1201/2024/981 280/2025/978
f 278/2026/982 1204/2027/983 279/2028/980
f 277/2029/984 1208/2030/985 278/2031/982
f 276/2032/986 1213/2033/987 277/2034/984
f 275/2035/988 1219/2036/989 276/2037/986
f 274/2038/990 1226/2039/991 275/2035/988
f 273/2040/992 1234/2041/993 274/2042/990
f 272/2043/994 1243/2044/995 273/2045/992
f 271/2046/996 1253/2047/997 272/2043/994
f 270/2048/998 1264/2049/999 271/2050/996
f 269/2051/1000 1276/2052/1001 270/2053/998
f 268/31/25 1289/2054/1002 269/2051/1000
f 282/2018/975 1198/2020/977 357/809/35
f 1198/2020/977 356/810/443 357/809/35
f 281/2019/976 1199/2022/979 1198/2020/977
f 1199/2022/979 1200/2055/1003 1198/2020/977
f 1198/2020/977 1200/2055/1003 356/810/443
f 1200/2056/1003 355/2057/444 356/2058/443
f 280/2021/978 1201/2059/981 1199/2022/979
f 1201/2059/981 1202/2060/1004 1199/2022/979
f 1199/2022/979 1202/2060/1004 1200/2055/1003
f 1202/2060/1004 1203/2061/1005 1200/2055/1003
f 1200/2062/1003 1203/2063/1005 355/2064/444
f 1203/2065/1005 354/2066/445 355/2067/444
f 279/2068/980 1204/2069/983 1201/2059/981
f 1204/2069/983 1205/2070/1006 1201/2059/981
f 1201/2059/981 1205/2070/1006 1202/2060/1004
f 1205/2070/1006 1206/2071/1007 1202/2060/1004
f 1202/2060/1004 1206/2071/1007 1203/2061/1005
f 1206/2071/1007 1207/2072/1008 1203/2061/1005
f 1203/2073/1005 1207/2074/1008 354/2075/445
f 1207/2072/1008 353/2076/446 354/2077/445
f 278/2031/982 1208/2030/985 1204/2078/983
f 1208/2030/985 1209/2079/1009 1204/2078/983
f 1204/2069/983 1209/2080/1009 1205/2070/1006
f 1209/2080/1009 1210/2081/1010 1205/2070/1006
f 1205/2070/1006 1210/2081/1010 1206/2071/1007
f 1210/2081/1010 1211/2082/1011 1206/2071/1007
f 1206/2071/1007 1211/2082/1011 1207/2072/1008
f 1211/2082/1011 1212/2083/1012 1207/2072/1008
f 1207/2072/1008 1212/2083/1012 353/2076/446
f 1212/2083/1012 352/826/447 353/2076/446
f 277/2029/984 1213/2084/987 1208/2030/985
f 1213/2085/987 1214/2086/1013 1208/2087/985
f 1208/2088/985 1214/2089/1013 1209/2090/1009
f 1214/2091/1013 1215/2092/1014 1209/2093/1009
f 1209/2080/1009 1215/2094/1014 1210/2081/1010
f 1215/2095/1014 1216/2096/1015 1210/2097/1010
f 1210/2081/1010 1216/2098/1015 1211/2082/1011
f 1216/2098/1015 1217/2099/1016 1211/2082/1011
f 1211/2082/1011 1217/2099/1016 1212/2083/1012
f 1217/2099/1016 1218/2100/1017 1212/2083/1012
f 1212/2083/1012 1218/2100/1017 352/826/447
f 1218/2100/1017 351/827/448 352/826/447
f 276/2101/986 1219/2102/989 1213/2085/987
f 1219/2102/989 1220/2103/1018 1213/2085/987
f 1213/2085/987 1220/2103/1018 1214/2086/1013
f 1220/2104/1018 1221/2105/1019 1214/2106/1013
f 1214/2106/1013 1221/2105/1019 1215/2095/1014
f 1221/2105/1019 1222/2107/1020 1215/2095/1014
f 1215/2095/1014 1222/2107/1020 1216/2096/1015
f 1222/2108/1020 1223/2109/1021 1216/2110/1015
f 1216/2098/1015 1223/2111/1021 1217/2099/1016
f 1223/2111/1021 1224/2112/1022 1217/2099/1016
f 1217/2099/1016 1224/2112/1022 1218/2100/1017
f 1224/2112/1022 1225/2113/1023 1218/2100/1017
f 1218/2100/1017 1225/2113/1023 351/827/448
f 1225/2113/1023 350/830/449 351/827/448
f 275/2114/988 1226/2115/991 1219/2116/989
f 1226/2117/991 1227/2118/1024 1219/2102/989
f 1219/2102/989 1227/2118/1024 1220/2103/1018
f 1227/2118/1024 1228/2119/1025 1220/2103/1018
f 1220/2120/1018 1228/2121/1025 1221/2122/1019
f 1228/2121/1025 1229/2123/1026 1221/2122/1019
f 1221/2124/1019 1229/2125/1026 1222/2108/1020
f 1229/2125/1026 1230/2126/1027 1222/2108/1020
f 1222/2108/1020 1230/2126/1027 1223/2109/1021
f 1230/2126/1027 1231/2127/1028 1223/2109/1021
f 1223/2111/1021 1231/2128/1028 1224/2112/1022
f 1231/2128/1028 1232/2129/1029 1224/2112/1022
f 1224/2112/1022 1232/2129/1029 1225/2113/1023
f 1232/2129/1029 1233/2130/1030 1225/2113/1023
f 1225/2131/1023 1233/2132/1030 350/832/449
f 1233/2132/1030 349/833/450 350/832/449
f 274/2042/990 1234/2041/993 1226/2133/991
f 1234/2134/993 1235/2135/1031 1226/2117/991
f 1226/2117/991 1235/2135/1031 1227/2118/1024
f 1235/2135/1031 1236/2136/1032 1227/2118/1024
f 1227/2137/1024 1236/2138/1032 1228/2139/1025
f 1236/2138/1032 1237/2140/1033 1228/2139/1025
f 1228/2121/1025 1237/2141/1033 1229/2123/1026
f 1237/2142/1033 1238/2143/1034 1229/2125/1026
f 1229/2125/1026 1238/2143/1034 1230/2126/1027
f 1238/2143/1034 1239/2144/1035 1230/2126/1027
f 1230/2126/1027 1239/2144/1035 1231/2127/1028
f 1239/2144/1035 1240/2145/1036 1231/2127/1028
f 1231/2128/1028 1240/2146/1036 1232/2129/1029
f 1240/2146/1036 1241/2147/1037 1232/2129/1029
f 1232/2129/1029 1241/2147/1037 1233/2130/1030
f 1241/2147/1037 1242/2148/1038 1233/2130/1030
f 1233/2132/1030 1242/2149/1038 349/833/450
f 1242/2149/1038 348/836/451 349/833/450
f 273/2150/992 1243/2151/995 1234/2134/993
f 1243/2151/995 1244/2152/1039 1234/2134/993
f 1234/2134/993 1244/2152/1039 1235/2135/1031
f 1244/2152/1039 1245/2153/1040 1235/2135/1031
f 1235/2135/1031 1245/2153/1040 1236/2136/1032
f 1245/2153/1040 1246/2154/1041 1236/2136/1032
f 1236/2136/1032 1246/2154/1041 1237/2142/1033
f 1246/2154/1041 1247/2155/1042 1237/2142/1033
f 1237/2142/1033 1247/2155/1042 1238/2143/1034
f 1247/2155/1042 1248/2156/1043 1238/2143/1034
f 1238/2143/1034 1248/2156/1043 1239/2144/1035
f 1248/2156/1043 1249/2157/1044 1239/2144/1035
f 1239/2144/1035 1249/2157/1044 1240/2145/1036
f 1249/2157/1044 1250/2158/1045 1240/2145/1036
f 1240/2145/1036 1250/2158/1045 1241/2159/1037
f 1250/2158/1045 1251/2160/1046 1241/2159/1037
f 1241/2147/1037 1251/2161/1046 1242/2148/1038
f 1251/2161/1046 1252/2162/1047 1242/2148/1038
f 1242/2149/1038 1252/2163/1047 348/836/451
f 1252/2163/1047 347/2164/452 348/836/451
f 272/2043/994 1253/2047/997 1243/2044/995
f 1253/2047/997 1254/2165/1048 1243/2044/995
f 1243/2166/995 1254/2167/1048 1244/2168/1039
f 1254/2167/1048 1255/2169/1049 1244/2168/1039
f 1244/2170/1039 1255/2171/1049 1245/2172/1040
f 1255/2171/1049 1256/2173/1050 1245/2172/1040
f 1245/2153/1040 1256/2174/1050 1246/2154/1041
f 1256/2175/1050 1257/2176/1051 1246/2177/1041
f 1246/2177/1041 1257/2176/1051 1247/2178/1042
f 1257/2179/1051 1258/2180/1052 1247/2181/1042
f 1247/2182/1042 1258/2183/1052 1248/2184/1043
f 1258/2183/1052 1259/2185/1053 1248/2184/1043
f 1248/2186/1043 1259/2187/1053 1249/2188/1044
f 1259/2187/1053 1260/2189/1054 1249/2188/1044
f 1249/2188/1044 1260/2189/1054 1250/2190/1045
f 1260/2189/1054 1261/2191/1055 1250/2190/1045
f 1250/2190/1045 1261/2191/1055 1251/2192/1046
f 1261/2193/1055 1262/2194/1056 1251/2195/1046
f 1251/2195/1046 1262/2194/1056 1252/2163/1047
f 1262/2194/1056 1263/2196/1057 1252/2163/1047
f 1252/2163/1047 1263/2196/1057 347/2164/452
f 1263/2197/1057 346/841/453 347/840/452
f 271/2046/996 1264/2198/999 1253/2047/997
f 1264/2049/999 1265/2199/1058 1253/2200/997
f 1253/2047/997 1265/2201/1058 1254/2165/1048
f 1265/2201/1058 1266/2202/1059 1254/2165/1048
f 1254/2203/1048 1266/2204/1059 1255/2205/1049
f 1266/2202/1059 1267/2206/1060 1255/2171/1049
f 1255/2171/1049 1267/2206/1060 1256/2173/1050
f 1267/2206/1060 1268/2207/1061 1256/2173/1050
f 1256/2173/1050 1268/2207/1061 1257/2208/1051
f 1268/2209/1061 1269/2210/1062 1257/2179/1051
f 1257/2179/1051 1269/2210/1062 1258/2180/1052
f 1269/2211/1062 1270/2212/1063 1258/2213/1052
f 1258/2213/1052 1270/2212/1063 1259/2214/1053
f 1270/2215/1063 1271/2216/1064 1259/2217/1053
f 1259/2217/1053 1271/2216/1064 1260/2218/1054
f 1271/2216/1064 1272/2219/1065 1260/2218/1054
f 1260/2218/1054 1272/2219/1065 1261/2193/1055
f 1272/2219/1065 1273/2220/1066 1261/2193/1055
f 1261/2193/1055 1273/2220/1066 1262/2194/1056
f 1273/2220/1066 1274/2221/1067 1262/2194/1056
f 1262/2194/1056 1274/2221/1067 1263/2196/1057
f 1274/2221/1067 1275/2222/1068 1263/2196/1057
f 1263/2197/1057 1275/2223/1068 346/841/453
f 1275/2223/1068 345/2224/454 346/841/453
f 270/2048/998 1276/2225/1001 1264/2049/999
f 1276/2225/1001 1277/2226/1069 1264/2049/999
f 1264/2049/999 1277/2226/1069 1265/2199/1058
f 1277/2227/1069 1278/2228/1070 1265/2201/1058
f 1265/2229/1058 1278/2230/1070 1266/2231/1059
f 1278/2230/1070 1279/2232/1071 1266/2231/1059
f 1266/2202/1059 1279/2233/1071 1267/2206/1060
f 1279/2233/1071 1280/2234/1072 1267/2206/1060
f 1267/2206/1060 1280/2234/1072 1268/2207/1061
f 1280/2234/1072 1281/2235/1073 1268/2207/1061
f 1268/2209/1061 1281/2236/1073 1269/2210/1062
f 1281/2236/1073 1282/2237/1074 1269/2210/1062
f 1269/2238/1062 1282/2239/1074 1270/2240/1063
f 1282/2239/1074 1283/2241/1075 1270/2240/1063
f 1270/2215/1063 1283/2242/1075 1271/2216/1064
f 1283/2243/1075 1284/2244/1076 1271/2245/1064
f 1271/2216/1064 1284/2246/1076 1272/2219/1065
f 1284/2246/1076 1285/2247/1077 1272/2219/1065
f 1272/2219/1065 1285/2247/1077 1273/2220/1066
f 1285/2248/1077 1286/2249/1078 1273/2250/1066
f 1273/2220/1066 1286/2251/1078 1274/2221/1067
f 1286/2251/1078 1287/2252/1079 1274/2221/1067
f 1274/2221/1067 1287/2252/1079 1275/2222/1068
f 1287/2253/1079 1288/2254/1080 1275/2255/1068
f 1275/2223/1068 1288/2256/1080 345/2224/454
f 1288/2257/1080 344/2258/455 345/2259/454
f 269/2051/1000 1289/2054/1002 1276/2052/1001
f 1289/2260/1002 1290/2261/1081 1276/2225/1001
f 1276/2225/1001 1290/2261/1081 1277/2226/1069
f 1290/2261/1081 1291/2262/1082 1277/2226/1069
f 1277/2227/1069 1291/2263/1082 1278/2228/1070
f 1291/2263/1082 1292/2264/1083 1278/2228/1070
f 1278/2228/1070 1292/2264/1083 1279/2233/1071
f 1292/2264/1083 1293/2265/1084 1279/2233/1071
f 1279/2233/1071 1293/2265/1084 1280/2234/1072
f 1293/2265/1084 1294/2266/1085 1280/2234/1072
f 1280/2234/1072 1294/2266/1085 1281/2235/1073
f 1294/2266/1085 1295/2267/1086 1281/2235/1073
f 1281/2268/1073 1295/2269/1086 1282/2239/1074
f 1295/2269/1086 1296/2270/1087 1282/2239/1074
f 1282/2239/1074 1296/2270/1087 1283/2241/1075
f 1296/2270/1087 1297/2271/1088 1283/2241/1075
f 1283/2243/1075 1297/2272/1088 1284/2244/1076
f 1297/2273/1088 1298/2274/1089 1284/2275/1076
f 1284/2275/1076 1298/2274/1089 1285/2276/1077
f 1298/2277/1089 1299/2278/1090 1285/2279/1077
f 1285/2248/1077 1299/2280/1090 1286/2249/1078
f 1299/2281/1090 1300/2282/1091 1286/2251/1078
f 1286/2251/1078 1300/2282/1091 1287/2252/1079
f 1300/2283/1091 1301/2284/1092 1287/2285/1079
f 1287/2285/1079 1301/2284/1092 1288/2286/1080
f 1301/2284/1092 1302/2287/1093 1288/2286/1080
f 1288/2257/1080 1302/2288/1093 344/2258/455
f 1302/2287/1093 343/2289/456 344/2290/455
f 268/31/25 237/20/16 1289/2054/1002
f 237/2291/16 236/2292/1094 1289/2293/1002
f 1289/2260/1002 236/2294/1094 1290/2261/1081
f 236/2294/1094 235/2295/1095 1290/2261/1081
f 1290/2261/1081 235/2295/1095 1291/2262/1082
f 235/2296/1095 234/2297/1096 1291/2263/1082
f 1291/2263/1082 234/2297/1096 1292/2264/1083
f 234/2297/1096 233/2298/1097 1292/2264/1083
f 1292/2264/1083 233/2298/1097 1293/2265/1084
f 233/2298/1097 232/2299/1098 1293/2265/1084
f 1293/2265/1084 232/2299/1098 1294/2266/1085
f 232/2300/1098 231/2301/1099 1294/2302/1085
f 1294/2266/1085 231/2303/1099 1295/2267/1086
f 231/2301/1099 230/2304/1100 1295/2305/1086
f 1295/2305/1086 230/2304/1100 1296/2306/1087
f 230/2304/1100 229/2307/1101 1296/2306/1087
f 1296/2270/1087 229/2308/1101 1297/2271/1088
f 229/2308/1101 228/2309/1102 1297/2271/1088
f 1297/2310/1088 228/2311/1102 1298/2312/1089
f 228/2313/1102 227/2314/1103 1298/2315/1089
f 1298/2316/1089 227/2317/1103 1299/2281/1090
f 227/2317/1103 226/2318/1104 1299/2281/1090
f 1299/2281/1090 226/2318/1104 1300/2282/1091
f 226/2318/1104 225/2319/1105 1300/2282/1091
f 1300/2283/1091 225/2320/1105 1301/2284/1092
f 225/2320/1105 224/2321/1106 1301/2284/1092
f 1301/2284/1092 224/2321/1106 1302/2287/1093
f 224/2321/1106 223/2322/1107 1302/2287/1093
f 1302/2287/1093 223/2322/1107 343/2289/456
f 223/2322/1107 8/2323/31 343/2289/456
f 252/2324/1108 342/38/32 8/37/31
f 251/2325/1109 1303/2326/1110 252/2327/1108
f 250/2328/1111 1304/2329/1112 251/2330/1109
f 249/2331/1113 1306/2332/1114 250/2333/1111
f 248/2334/1115 1309/2335/1116 249/2336/1113
f 247/2337/1117 1313/2338/1118 248/2339/1115
f 246/2340/1119 1318/2341/1120 247/2342/1117
f 245/2343/1121 1324/2344/1122 246/2345/1119
f 244/2346/1123 1331/2347/1124 245/2343/1121
f 243/2348/1125 1339/2349/1126 244/2346/1123
f 242/2350/1127 1348/2351/1128 243/2352/1125
f 241/2353/1129 1358/2354/1130 242/2355/1127
f 240/2356/1131 1369/2357/1132 241/2353/1129
f 239/2358/1133 1381/2359/1134 240/2360/1131
f 238/30/24 1394/2361/1135 239/2358/1133
f 252/2324/1108 1303/2362/1110 342/38/32
f 1303/2362/1110 341/1095/576 342/38/32
f 251/2363/1109 1304/2364/1112 1303/2362/1110
f 1304/2364/1112 1305/2365/1136 1303/2362/1110
f 1303/2362/1110 1305/2365/1136 341/1095/576
f 1305/2366/1136 340/2367/577 341/2368/576
f 250/2333/1111 1306/2332/1114 1304/2364/1112
f 1306/2332/1114 1307/2369/1137 1304/2364/1112
f 1304/2364/1112 1307/2369/1137 1305/2365/1136
f 1307/2369/1137 1308/2370/1138 1305/2365/1136
f 1305/2366/1136 1308/2371/1138 340/2367/577
f 1308/2370/1138 339/1097/578 340/1096/577
f 249/2336/1113 1309/2335/1116 1306/2372/1114
f 1309/2335/1116 1310/2373/1139 1306/2372/1114
f 1306/2332/1114 1310/2374/1139 1307/2369/1137
f 1310/2374/1139 1311/2375/1140 1307/2369/1137
f 1307/2369/1137 1311/2375/1140 1308/2370/1138
f 1311/2375/1140 1312/2376/1141 1308/2370/1138
f 1308/2370/1138 1312/2376/1141 339/1097/578
f 1312/2376/1141 338/1098/579 339/1097/578
f 248/2339/1115 1313/2338/1118 1309/2377/1116
f 1313/2378/1118 1314/2379/1142 1309/2380/1116
f 1309/2380/1116 1314/2379/1142 1310/2374/1139
f 1314/2379/1142 1315/2381/1143 1310/2374/1139
f 1310/2374/1139 1315/2381/1143 1311/2375/1140
f 1315/2381/1143 1316/2382/1144 1311/2375/1140
f 1311/2375/1140 1316/2382/1144 1312/2376/1141
f 1316/2382/1144 1317/2383/1145 1312/2376/1141
f 1312/2376/1141 1317/2383/1145 338/1098/579
f 1317/2384/1145 337/2385/580 338/2386/579
f 247/2337/1117 1318/2387/1120 1313/2338/1118
f 1318/2387/1120 1319/2388/1146 1313/2338/1118
f 1313/2378/1118 1319/2389/1146 1314/2379/1142
f 1319/2389/1146 1320/2390/1147 1314/2379/1142
f 1314/2379/1142 1320/2390/1147 1315/2381/1143
f 1320/2390/1147 1321/2391/1148 1315/2381/1143
f 1315/2381/1143 1321/2391/1148 1316/2382/1144
f 1321/2391/1148 1322/2392/1149 1316/2382/1144
f 1316/2382/1144 1322/2392/1149 1317/2383/1145
f 1322/2393/1149 1323/2394/1150 1317/2384/1145
f 1317/2384/1145 1323/2394/1150 337/2385/580
f 1323/2395/1150 336/2396/581 337/2397/580
f 246/2345/1119 1324/2344/1122 1318/2398/1120
f 1324/2399/1122 1325/2400/1151 1318/2401/1120
f 1318/2387/1120 1325/2402/1151 1319/2388/1146
f 1325/2403/1151 1326/2404/1152 1319/2389/1146
f 1319/2389/1146 1326/2404/1152 1320/2390/1147
f 1326/2404/1152 1327/2405/1153 1320/2390/1147
f 1320/2406/1147 1327/2407/1153 1321/2408/1148
f 1327/2409/1153 1328/2410/1154 1321/2411/1148
f 1321/2391/1148 1328/2412/1154 1322/2392/1149
f 1328/2412/1154 1329/2413/1155 1322/2392/1149
f 1322/2393/1149 1329/2414/1155 1323/2394/1150
f 1329/2414/1155 1330/2415/1156 1323/2394/1150
f 1323/2395/1150 1330/2416/1156 336/2396/581
f 1330/2417/1156 335/1103/582 336/1102/581
f 245/2343/1121 1331/2347/1124 1324/2344/1122
f 1331/2347/1124 1332/2418/1157 1324/2344/1122
f 1324/2344/1122 1332/2418/1157 1325/2419/1151
f 1332/2418/1157 1333/2420/1158 1325/2419/1151
f 1325/2419/1151 1333/2420/1158 1326/2421/1152
f 1333/2420/1158 1334/2422/1159 1326/2421/1152
f 1326/2421/1152 1334/2422/1159 1327/2409/1153
f 1334/2422/1159 1335/2423/1160 1327/2409/1153
f 1327/2409/1153 1335/2423/1160 1328/2410/1154
f 1335/2423/1160 1336/2424/1161 1328/2410/1154
f 1328/2410/1154 1336/2424/1161 1329/2425/1155
f 1336/2424/1161 1337/2426/1162 1329/2425/1155
f 1329/2425/1155 1337/2426/1162 1330/2427/1156
f 1337/2426/1162 1338/2428/1163 1330/2427/1156
f 1330/2417/1156 1338/2429/1163 335/1103/582
f 1338/2429/1163 334/1104/583 335/1103/582
f 244/2346/1123 1339/2349/1126 1331/2347/1124
f 1339/2349/1126 1340/2430/1164 1331/2347/1124
f 1331/2347/1124 1340/2430/1164 1332/2418/1157
f 1340/2430/1164 1341/2431/1165 1332/2418/1157
f 1332/2418/1157 1341/2431/1165 1333/2420/1158
f 1341/2432/1165 1342/2433/1166 1333/2434/1158
f 1333/2434/1158 1342/2433/1166 1334/2435/1159
f 1342/2436/1166 1343/2437/1167 1334/2422/1159
f 1334/2422/1159 1343/2437/1167 1335/2423/1160
f 1343/2438/1167 1344/2439/1168 1335/2440/1160
f 1335/2423/1160 1344/2441/1168 1336/2424/1161
f 1344/2441/1168 1345/2442/1169 1336/2424/1161
f 1336/2424/1161 1345/2442/1169 1337/2426/1162
f 1345/2442/1169 1346/2443/1170 1337/2426/1162
f 1337/2426/1162 1346/2443/1170 1338/2428/1163
f 1346/2443/1170 1347/2444/1171 1338/2428/1163
f 1338/2429/1163 1347/2445/1171 334/1104/583
f 1347/2444/1171 333/1106/584 334/2446/583
f 243/2352/1125 1348/2351/1128 1339/2447/1126
f 1348/2448/1128 1349/2449/1172 1339/2450/1126
f 1339/2451/1126 1349/2452/1172 1340/2453/1164
f 1349/2452/1172 1350/2454/1173 1340/2453/1164
f 1340/2453/1164 1350/2454/1173 1341/2432/1165
f 1350/2454/1173 1351/2455/1174 1341/2432/1165
f 1341/2432/1165 1351/2455/1174 1342/2433/1166
f 1351/2456/1174 1352/2457/1175 1342/2436/1166
f 1342/2436/1166 1352/2457/1175 1343/2437/1167
f 1352/2457/1175 1353/2458/1176 1343/2437/1167
f 1343/2438/1167 1353/2459/1176 1344/2439/1168
f 1353/2459/1176 1354/2460/1177 1344/2439/1168
f 1344/2441/1168 1354/2461/1177 1345/2442/1169
f 1354/2461/1177 1355/2462/1178 1345/2442/1169
f 1345/2442/1169 1355/2462/1178 1346/2443/1170
f 1355/2462/1178 1356/2463/1179 1346/2443/1170
f 1346/2443/1170 1356/2463/1179 1347/2444/1171
f 1356/2463/1179 1357/2464/1180 1347/2444/1171
f 1347/2444/1171 1357/2464/1180 333/1106/584
f 1357/2464/1180 332/1107/585 333/1106/584
f 242/2465/1127 1358/2466/1130 1348/2467/1128
f 1358/2468/1130 1359/2469/1181 1348/2470/1128
f 1348/2448/1128 1359/2471/1181 1349/2449/1172
f 1359/2472/1181 1360/2473/1182 1349/2452/1172
f 1349/2452/1172 1360/2473/1182 1350/2454/1173
f 1360/2474/1182 1361/2475/1183 1350/2476/1173
f 1350/2477/1173 1361/2478/1183 1351/2456/1174
f 1361/2478/1183 1362/2479/1184 1351/2456/1174
f 1351/2480/1174 1362/2481/1184 1352/2482/1175
f 1362/2483/1184 1363/2484/1185 1352/2485/1175
f 1352/2457/1175 1363/2486/1185 1353/2458/1176
f 1363/2486/1185 1364/2487/1186 1353/2458/1176
f 1353/2459/1176 1364/2488/1186 1354/2460/1177
f 1364/2489/1186 1365/2490/1187 1354/2491/1177
f 1354/2491/1177 1365/2490/1187 1355/2492/1178
f 1365/2490/1187 1366/2493/1188 1355/2492/1178
f 1355/2492/1178 1366/2493/1188 1356/2494/1179
f 1366/2495/1188 1367/2496/1189 1356/2497/1179
f 1356/2463/1179 1367/2498/1189 1357/2464/1180
f 1367/2498/1189 1368/2499/1190 1357/2464/1180
f 1357/2464/1180 1368/2499/1190 332/1107/585
f 1368/2499/1190 331/2500/586 332/1107/585
f 241/2353/1129 1369/2357/1132 1358/2354/1130
f 1369/2357/1132 1370/2501/1191 1358/2354/1130
f 1358/2502/1130 1370/2503/1191 1359/2504/1181
f 1370/2503/1191 1371/2505/1192 1359/2504/1181
f 1359/2504/1181 1371/2505/1192 1360/2506/1182
f 1371/2505/1192 1372/2507/1193 1360/2506/1182
f 1360/2474/1182 1372/2508/1193 1361/2475/1183
f 1372/2509/1193 1373/2510/1194 1361/2511/1183
f 1361/2478/1183 1373/2512/1194 1362/2479/1184
f 1373/2512/1194 1374/2513/1195 1362/2479/1184
f 1362/2479/1184 1374/2513/1195 1363/2486/1185
f 1374/2513/1195 1375/2514/1196 1363/2486/1185
f 1363/2486/1185 1375/2514/1196 1364/2487/1186
f 1375/2514/1196 1376/2515/1197 1364/2487/1186
f 1364/2487/1186 1376/2515/1197 1365/2516/1187
f 1376/2515/1197 1377/2517/1198 1365/2516/1187
f 1365/2516/1187 1377/2517/1198 1366/2518/1188
f 1377/2517/1198 1378/2519/1199 1366/2518/1188
f 1366/2495/1188 1378/2520/1199 1367/2496/1189
f 1378/2520/1199 1379/2521/1200 1367/2496/1189
f 1367/2496/1189 1379/2521/1200 1368/2522/1190
f 1379/2523/1200 1380/2524/1201 1368/2525/1190
f 1368/2526/1190 1380/2527/1201 331/1110/586
f 1380/2527/1201 330/1112/587 331/1110/586
f 240/2356/1131 1381/2528/1134 1369/2357/1132
f 1381/2359/1134 1382/2529/1202 1369/2530/1132
f 1369/2357/1132 1382/2531/1202 1370/2501/1191
f 1382/2529/1202 1383/2532/1203 1370/2503/1191
f 1370/2503/1191 1383/2532/1203 1371/2505/1192
f 1383/2532/1203 1384/2533/1204 1371/2505/1192
f 1371/2505/1192 1384/2533/1204 1372/2507/1193
f 1384/2533/1204 1385/2534/1205 1372/2507/1193
f 1372/2507/1193 1385/2534/1205 1373/2512/1194
f 1385/2534/1205 1386/2535/1206 1373/2512/1194
f 1373/2512/1194 1386/2535/1206 1374/2513/1195
f 1386/2535/1206 1387/2536/1207 1374/2513/1195
f 1374/2513/1195 1387/2536/1207 1375/2514/1196
f 1387/2536/1207 1388/2537/1208 1375/2514/1196
f 1375/2514/1196 1388/2537/1208 1376/2515/1197
f 1388/2537/1208 1389/2538/1209 1376/2515/1197
f 1376/2515/1197 1389/2538/1209 1377/2517/1198
f 1389/2538/1209 1390/2539/1210 1377/2517/1198
f 1377/2517/1198 1390/2539/1210 1378/2519/1199
f 1390/2539/1210 1391/2540/1211 1378/2519/1199
f 1378/2520/1199 1391/2541/1211 1379/2521/1200
f 1391/2542/1211 1392/2543/1212 1379/2523/1200
f 1379/2523/1200 1392/2543/1212 1380/2524/1201
f 1392/2543/1212 1393/2544/1213 1380/2524/1201
f 1380/2527/1201 1393/2545/1213 330/1112/587
f 1393/2546/1213 329/2547/588 330/2548/587
f 239/2358/1133 1394/2361/1135 1381/2359/1134
f 1394/2361/1135 1395/2549/1214 1381/2359/1134
f 1381/2359/1134 1395/2549/1214 1382/2529/1202
f 1395/2549/1214 1396/2550/1215 1382/2529/1202
f 1382/2529/1202 1396/2550/1215 1383/2532/1203
f 1396/2550/1215 1397/2551/1216 1383/2532/1203
f 1383/2532/1203 1397/2551/1216 1384/2533/1204
f 1397/2551/1216 1398/2552/1217 1384/2533/1204
f 1384/2533/1204 1398/2552/1217 1385/2534/1205
f 1398/2552/1217 1399/2553/1218 1385/2534/1205
f 1385/2554/1205 1399/2555/1218 1386/2556/1206
f 1399/2557/1218 1400/2558/1219 1386/2559/1206
f 1386/2559/1206 1400/2558/1219 1387/2560/1207
f 1400/2558/1219 1401/2561/1220 1387/2560/1207
f 1387/2562/1207 1401/2563/1220 1388/2564/1208
f 1401/2565/1220 1402/2566/1221 1388/2567/1208
f 1388/2567/1208 1402/2566/1221 1389/2568/1209
f 1402/2566/1221 1403/2569/1222 1389/2568/1209
f 1389/2538/1209 1403/2570/1222 1390/2539/1210
f 1403/2570/1222 1404/2571/1223 1390/2539/1210
f 1390/2539/1210 1404/2571/1223 1391/2540/1211
f 1404/2571/1223 1405/2572/1224 1391/2540/1211
f 1391/2542/1211 1405/2573/1224 1392/2543/1212
f 1405/2574/1224 1406/2575/1225 1392/2576/1212
f 1392/2577/1212 1406/2578/1225 1393/2579/1213
f 1406/2580/1225 1407/2581/1226 1393/2582/1213
f 1393/2583/1213 1407/2584/1226 329/2585/588
f 1407/2584/1226 328/2586/589 329/2585/588
f 238/30/24 207/29/13 1394/2361/1135
f 207/2587/13 206/2588/1227 1394/2589/1135
f 1394/2361/1135 206/2590/1227 1395/2549/1214
f 206/2590/1227 205/2591/1228 1395/2549/1214
f 1395/2549/1214 205/2591/1228 1396/2550/1215
f 205/2591/1228 204/2592/1229 1396/2550/1215
f 1396/2550/1215 204/2592/1229 1397/2551/1216
f 204/2592/1229 203/2593/1230 1397/2551/1216
f 1397/2551/1216 203/2593/1230 1398/2552/1217
f 203/2594/1230 202/2595/1231 1398/2596/1217
f 1398/2552/1217 202/2597/1231 1399/2553/1218
f 202/2597/1231 201/2598/1232 1399/2553/1218
f 1399/2553/1218 201/2598/1232 1400/2599/1219
f 201/2598/1232 200/2600/1233 1400/2599/1219
f 1400/2599/1219 200/2600/1233 1401/2601/1220
f 200/2600/1233 199/2602/1234 1401/2601/1220
f 1401/2601/1220 199/2602/1234 1402/2603/1221
f 199/2602/1234 198/2604/1235 1402/2603/1221
f 1402/2566/1221 198/2605/1235 1403/2569/1222
f 198/2604/1235 197/2606/1236 1403/2570/1222
f 1403/2570/1222 197/2606/1236 1404/2571/1223
f 197/2606/1236 196/2607/1237 1404/2571/1223
f 1404/2571/1223 196/2607/1237 1405/2572/1224
f 196/2607/1237 195/2608/1238 1405/2572/1224
f 1405/2572/1224 195/2608/1238 1406/2609/1225
f 195/2608/1238 194/2610/1239 1406/2609/1225
f 1406/2580/1225 194/2611/1239 1407/2581/1226
f 194/2611/1239 193/2612/1240 1407/2581/1226
f 1407/2584/1226 193/2613/1240 328/2586/589
f 193/2614/1240 7/34/28 328/1114/589
f 222/2615/1241 327/35/29 7/34/28
f 221/2616/1242 1408/2617/1243 222/2618/1241
f 220/2619/1244 1409/2620/1245 221/2621/1242
f 219/2622/1246 1411/2623/1247 220/2624/1244
f 218/2625/1248 1414/2626/1249 219/2622/1246
f 217/2627/1250 1418/2628/1251 218/2629/1248
f 216/2630/1252 1423/2631/1253 217/2627/1250
f 215/2632/1254 1429/2633/1255 216/2630/1252
f 214/2634/1256 1436/2635/1257 215/2636/1254
f 213/2637/1258 1444/2638/1259 214/2639/1256
f 212/2640/1260 1453/2641/1261 213/2642/1258
f 211/2643/1262 1463/2644/1263 212/2640/1260
f 210/2645/1264 1474/2646/1265 211/2647/1262
f 209/2648/1266 1486/2649/1267 210/2650/1264
f 208/27/23 1499/2651/1268 209/2648/1266
f 222/2615/1241 1408/2652/1243 327/35/29
f 1408/2652/1243 326/1318/695 327/35/29
f 221/2616/1242 1409/2653/1245 1408/2617/1243
f 1409/2654/1245 1410/2655/1269 1408/2656/1243
f 1408/2656/1243 1410/2655/1269 326/2657/695
f 1410/2658/1269 325/1321/696 326/2659/695
f 220/2619/1244 1411/2660/1247 1409/2620/1245
f 1411/2660/1247 1412/2661/1270 1409/2620/1245
f 1409/2654/1245 1412/2662/1270 1410/2655/1269
f 1412/2663/1270 1413/2664/1271 1410/2658/1269
f 1410/2658/1269 1413/2664/1271 325/1321/696
f 1413/2664/1271 324/1323/697 325/1321/696
f 219/2622/1246 1414/2626/1249 1411/2623/1247
f 1414/2665/1249 1415/2666/1272 1411/2667/1247
f 1411/2667/1247 1415/2666/1272 1412/2663/1270
f 1415/2666/1272 1416/2668/1273 1412/2663/1270
f 1412/2663/1270 1416/2668/1273 1413/2664/1271
f 1416/2668/1273 1417/2669/1274 1413/2664/1271
f 1413/2664/1271 1417/2669/1274 324/1323/697
f 1417/2669/1274 323/2670/698 324/1323/697
f 218/2625/1248 1418/2671/1251 1414/2626/1249
f 1418/2672/1251 1419/2673/1275 1414/2665/1249
f 1414/2665/1249 1419/2673/1275 1415/2666/1272
f 1419/2673/1275 1420/2674/1276 1415/2666/1272
f 1415/2666/1272 1420/2674/1276 1416/2668/1273
f 1420/2674/1276 1421/2675/1277 1416/2668/1273
f 1416/2668/1273 1421/2675/1277 1417/2669/1274
f 1421/2676/1277 1422/2677/1278 1417/2678/1274
f 1417/2678/1274 1422/2677/1278 323/2679/698
f 1422/2677/1278 322/2680/699 323/2679/698
f 217/2627/1250 1423/2631/1253 1418/2628/1251
f 1423/2631/1253 1424/2681/1279 1418/2628/1251
f 1418/2672/1251 1424/2682/1279 1419/2673/1275
f 1424/2682/1279 1425/2683/1280 1419/2673/1275
f 1419/2673/1275 1425/2683/1280 1420/2674/1276
f 1425/2683/1280 1426/2684/1281 1420/2674/1276
f 1420/2674/1276 1426/2684/1281 1421/2675/1277
f 1426/2684/1281 1427/2685/1282 1421/2675/1277
f 1421/2686/1277 1427/2687/1282 1422/2688/1278
f 1427/2687/1282 1428/2689/1283 1422/2688/1278
f 1422/2688/1278 1428/2689/1283 322/2690/699
f 1428/2691/1283 321/2692/700 322/2693/699
f 216/2694/1252 1429/2695/1255 1423/2696/1253
f 1429/2633/1255 1430/2697/1284 1423/2631/1253
f 1423/2631/1253 1430/2697/1284 1424/2681/1279
f 1430/2697/1284 1431/2698/1285 1424/2681/1279
f 1424/2682/1279 1431/2699/1285 1425/2683/1280
f 1431/2699/1285 1432/2700/1286 1425/2683/1280
f 1425/2683/1280 1432/2700/1286 1426/2684/1281
f 1432/2700/1286 1433/2701/1287 1426/2684/1281
f 1426/2684/1281 1433/2701/1287 1427/2685/1282
f 1433/2701/1287 1434/2702/1288 1427/2685/1282
f 1427/2687/1282 1434/2703/1288 1428/2689/1283
f 1434/2703/1288 1435/2704/1289 1428/2689/1283
f 1428/2691/1283 1435/2705/1289 321/2692/700
f 1435/2706/1289 320/1331/701 321/1330/700
f 215/2707/1254 1436/2708/1257 1429/2709/1255
f 1436/2710/1257 1437/2711/1290 1429/2712/1255
f 1429/2633/1255 1437/2713/1290 1430/2697/1284
f 1437/2713/1290 1438/2714/1291 1430/2697/1284
f 1430/2697/1284 1438/2714/1291 1431/2698/1285
f 1438/2715/1291 1439/2716/1292 1431/2699/1285
f 1431/2699/1285 1439/2716/1292 1432/2700/1286
f 1439/2716/1292 1440/2717/1293 1432/2700/1286
f 1432/2700/1286 1440/2717/1293 1433/2701/1287
f 1440/2717/1293 1441/2718/1294 1433/2701/1287
f 1433/2701/1287 1441/2718/1294 1434/2702/1288
f 1441/2719/1294 1442/2720/1295 1434/2721/1288
f 1434/2721/1288 1442/2720/1295 1435/2722/1289
f 1442/2723/1295 1443/2724/1296 1435/2706/1289
f 1435/2706/1289 1443/2724/1296 320/1331/701
f 1443/2725/1296 319/2726/702 320/2727/701
f 214/2634/1256 1444/2728/1259 1436/2635/1257
f 1444/2729/1259 1445/2730/1297 1436/2710/1257
f 1436/2710/1257 1445/2730/1297 1437/2711/1290
f 1445/2730/1297 1446/2731/1298 1437/2711/1290
f 1437/2713/1290 1446/2732/1298 1438/2714/1291
f 1446/2731/1298 1447/2733/1299 1438/2715/1291
f 1438/2715/1291 1447/2733/1299 1439/2716/1292
f 1447/2733/1299 1448/2734/1300 1439/2716/1292
f 1439/2716/1292 1448/2734/1300 1440/2717/1293
f 1448/2734/1300 1449/2735/1301 1440/2717/1293
f 1440/2717/1293 1449/2735/1301 1441/2718/1294
f 1449/2736/1301 1450/2737/1302 1441/2719/1294
f 1441/2719/1294 1450/2737/1302 1442/2720/1295
f 1450/2738/1302 1451/2739/1303 1442/2723/1295
f 1442/2723/1295 1451/2739/1303 1443/2724/1296
f 1451/2740/1303 1452/2741/1304 1443/2742/1296
f 1443/2743/1296 1452/2744/1304 319/2745/702
f 1452/2746/1304 318/2747/703 319/2748/702
f 213/2642/1258 1453/2641/1261 1444/2729/1259
f 1453/2641/1261 1454/2749/1305 1444/2729/1259
f 1444/2729/1259 1454/2749/1305 1445/2730/1297
f 1454/2749/1305 1455/2750/1306 1445/2730/1297
f 1445/2730/1297 1455/2750/1306 1446/2731/1298
f 1455/2750/1306 1456/2751/1307 1446/2731/1298
f 1446/2731/1298 1456/2751/1307 1447/2733/1299
f 1456/2751/1307 1457/2752/1308 1447/2733/1299
f 1447/2753/1299 1457/2754/1308 1448/2755/1300
f 1457/2754/1308 1458/2756/1309 1448/2755/1300
f 1448/2734/1300 1458/2757/1309 1449/2735/1301
f 1458/2758/1309 1459/2759/1310 1449/2736/1301
f 1449/2736/1301 1459/2759/1310 1450/2737/1302
f 1459/2759/1310 1460/2760/1311 1450/2737/1302
f 1450/2738/1302 1460/2761/1311 1451/2739/1303
f 1460/2761/1311 1461/2762/1312 1451/2739/1303
f 1451/2739/1303 1461/2762/1312 1452/2763/1304
f 1461/2762/1312 1462/2764/1313 1452/2763/1304
f 1452/2746/1304 1462/2765/1313 318/2747/703
f 1462/2765/1313 317/2766/704 318/2747/703
f 212/2640/1260 1463/2644/1263 1453/2641/1261
f 1463/2644/1263 1464/2767/1314 1453/2641/1261
f 1453/2768/1261 1464/2769/1314 1454/2770/1305
f 1464/2769/1314 1465/2771/1315 1454/2770/1305
f 1454/2749/1305 1465/2772/1315 1455/2750/1306
f 1465/2773/1315 1466/2774/1316 1455/2775/1306
f 1455/2750/1306 1466/2776/1316 1456/2751/1307
f 1466/2776/1316 1467/2777/1317 1456/2751/1307
f 1456/2751/1307 1467/2777/1317 1457/2752/1308
f 1467/2777/1317 1468/2778/1318 1457/2752/1308
f 1457/2754/1308 1468/2779/1318 1458/2756/1309
f 1468/2779/1318 1469/2780/1319 1458/2756/1309
f 1458/2756/1309 1469/2780/1319 1459/2781/1310
f 1469/2780/1319 1470/2782/1320 1459/2781/1310
f 1459/2759/1310 1470/2783/1320 1460/2760/1311
f 1470/2783/1320 1471/2784/1321 1460/2760/1311
f 1460/2761/1311 1471/2785/1321 1461/2762/1312
f 1471/2785/1321 1472/2786/1322 1461/2762/1312
f 1461/2762/1312 1472/2786/1322 1462/2764/1313
f 1472/2786/1322 1473/2787/1323 1462/2764/1313
f 1462/2765/1313 1473/2788/1323 317/2766/704
f 1473/2788/1323 316/2789/705 317/2766/704
f 211/2643/1262 1474/2790/1265 1463/2644/1263
f 1474/2790/1265 1475/2791/1324 1463/2644/1263
f 1463/2644/1263 1475/2791/1324 1464/2767/1314
f 1475/2792/1324 1476/2793/1325 1464/2794/1314
f 1464/2794/1314 1476/2793/1325 1465/2795/1315
f 1476/2796/1325 1477/2797/1326 1465/2798/1315
f 1465/2773/1315 1477/2799/1326 1466/2774/1316
f 1477/2800/1326 1478/2801/1327 1466/2776/1316
f 1466/2776/1316 1478/2801/1327 1467/2777/1317
f 1478/2802/1327 1479/2803/1328 1467/2804/1317
f 1467/2805/1317 1479/2806/1328 1468/2807/1318
f 1479/2806/1328 1480/2808/1329 1468/2807/1318
f 1468/2779/1318 1480/2809/1329 1469/2780/1319
f 1480/2809/1329 1481/2810/1330 1469/2780/1319
f 1469/2780/1319 1481/2810/1330 1470/2782/1320
f 1481/2810/1330 1482/2811/1331 1470/2782/1320
f 1470/2783/1320 1482/2812/1331 1471/2784/1321
f 1482/2812/1331 1483/2813/1332 1471/2784/1321
f 1471/2785/1321 1483/2814/1332 1472/2786/1322
f 1483/2815/1332 1484/2816/1333 1472/2817/1322
f 1472/2786/1322 1484/2818/1333 1473/2787/1323
f 1484/2819/1333 1485/2820/1334 1473/2821/1323
f 1473/2821/1323 1485/2820/1334 316/2822/705
f 1485/2820/1334 315/2823/706 316/2822/705
f 210/2824/1264 1486/2825/1267 1474/2826/1265
f 1486/2827/1267 1487/2828/1335 1474/2829/1265
f 1474/2830/1265 1487/2831/1335 1475/2832/1324
f 1487/2831/1335 1488/2833/1336 1475/2832/1324
f 1475/2792/1324 1488/2834/1336 1476/2793/1325
f 1488/2835/1336 1489/2836/1337 1476/2796/1325
f 1476/2796/1325 1489/2836/1337 1477/2797/1326
f 1489/2837/1337 1490/2838/1338 1477/2839/1326
f 1477/2839/1326 1490/2838/1338 1478/2802/1327
f 1490/2838/1338 1491/2840/1339 1478/2802/1327
f 1478/2802/1327 1491/2840/1339 1479/2803/1328
f 1491/2840/1339 1492/2841/1340 1479/2803/1328
f 1479/2803/1328 1492/2841/1340 1480/2842/1329
f 1492/2841/1340 1493/2843/1341 1480/2842/1329
f 1480/2809/1329 1493/2844/1341 1481/2810/1330
f 1493/2844/1341 1494/2845/1342 1481/2810/1330
f 1481/2810/1330 1494/2845/1342 1482/2811/1331
f 1494/2846/1342 1495/2847/1343 1482/2848/1331
f 1482/2849/1331 1495/2850/1343 1483/2851/1332
f 1495/2852/1343 1496/2853/1344 1483/2854/1332
f 1483/2855/1332 1496/2856/1344 1484/2857/1333
f 1496/2856/1344 1497/2858/1345 1484/2857/1333
f 1484/2819/1333 1497/2859/1345 1485/2820/1334
f 1497/2860/1345 1498/2861/1346 1485/2862/1334
f 1485/2820/1334 1498/2863/1346 315/2823/706
f 1498/2863/1346 314/2864/707 315/2823/706
f 209/2648/1266 1499/2651/1268 1486/2649/1267
f 1499/2865/1268 1500/2866/1347 1486/2867/1267
f 1486/2827/1267 1500/2868/1347 1487/2828/1335
f 1500/2868/1347 1501/2869/1348 1487/2828/1335
f 1487/2831/1335 1501/2870/1348 1488/2833/1336
f 1501/2870/1348 1502/2871/1349 1488/2833/1336
f 1488/2833/1336 1502/2871/1349 1489/2872/1337
f 1502/2871/1349 1503/2873/1350 1489/2872/1337
f 1489/2837/1337 1503/2874/1350 1490/2838/1338
f 1503/2874/1350 1504/2875/1351 1490/2838/1338
f 1490/2876/1338 1504/2877/1351 1491/2878/1339
f 1504/2877/1351 1505/2879/1352 1491/2878/1339
f 1491/2878/1339 1505/2879/1352 1492/2880/1340
f 1505/2881/1352 1506/2882/1353 1492/2883/1340
f 1492/2884/1340 1506/2885/1353 1493/2844/1341
f 1506/2885/1353 1507/2886/1354 1493/2844/1341
f 1493/2844/1341 1507/2886/1354 1494/2845/1342
f 1507/2886/1354 1508/2887/1355 1494/2845/1342
f 1494/2888/1342 1508/2889/1355 1495/2890/1343
f 1508/2889/1355 1509/2891/1356 1495/2890/1343
f 1495/2890/1343 1509/2891/1356 1496/2892/1344
f 1509/2891/1356 1510/2893/1357 1496/2892/1344
f 1496/2892/1344 1510/2893/1357 1497/2894/1345
f 1510/2893/1357 1511/2895/1358 1497/2894/1345
f 1497/2894/1345 1511/2895/1358 1498/2896/1346
f 1511/2895/1358 1512/2897/1359 1498/2896/1346
f 1498/2896/1346 1512/2897/1359 314/2898/707
f 1512/2897/1359 313/2899/708 314/2898/707
f 208/27/23 177/14/10 1499/2651/1268
f 177/2900/10 176/2901/1360 1499/2902/1268
f 1499/2902/1268 176/2901/1360 1500/2903/1347
f 176/2904/1360 175/2905/1361 1500/2868/1347
f 1500/2868/1347 175/2905/1361 1501/2869/1348
f 175/2906/1361 174/2907/1362 1501/2908/1348
f 1501/2908/1348 174/2907/1362 1502/2909/1349
f 174/2910/1362 173/2911/1363 1502/2912/1349
f 1502/2912/1349 173/2911/1363 1503/2874/1350
f 173/2911/1363 172/2913/1364 1503/2874/1350
f 1503/2874/1350 172/2913/1364 1504/2875/1351
f 172/2913/1364 171/2914/1365 1504/2875/1351
f 1504/2877/1351 171/2915/1365 1505/2879/1352
f 171/2916/1365 170/2917/1366 1505/2918/1352
f 1505/2919/1352 170/2920/1366 1506/2921/1353
f 170/2920/1366 169/2922/1367 1506/2921/1353
f 1506/2923/1353 169/2924/1367 1507/2925/1354
f 169/2924/1367 168/2926/1368 1507/2925/1354
f 1507/2925/1354 168/2926/1368 1508/2927/1355
f 168/2926/1368 167/2928/1369 1508/2927/1355
f 1508/2929/1355 167/2930/1369 1509/2931/1356
f 167/2930/1369 166/2932/1370 1509/2931/1356
f 1509/2933/1356 166/2934/1370 1510/2935/1357
f 166/2934/1370 165/2936/1371 1510/2935/1357
f 1510/2937/1357 165/2938/1371 1511/2939/1358
f 165/2938/1371 164/2940/1372 1511/2939/1358
f 1511/2939/1358 164/2940/1372 1512/2941/1359
f 164/2940/1372 163/2942/1373 1512/2941/1359
f 1512/2943/1359 163/2944/1373 313/1343/708
f 163/2944/1373 11/46/40 313/1343/708
f 283/2945/841 312/1734/842 10/1736/37
f 284/1732/840 1513/2946/1374 283/1733/841
f 285/1730/839 1514/2947/1375 284/1731/840
f 286/2948/838 1516/2949/1376 285/2950/839
f 287/2951/837 1519/2952/1377 286/2953/838
f 288/1717/836 1523/2954/1378 287/1719/837
f 289/1714/835 1528/2955/1379 288/1715/836
f 290/1709/834 1534/2956/1380 289/2957/835
f 291/2958/833 1541/2959/1381 290/2960/834
f 292/1707/832 1549/2961/1382 291/1708/833
f 293/2962/831 1558/2963/1383 292/1707/832
f 294/1698/830 1568/2964/1384 293/1699/831
f 295/1695/829 1579/2965/1385 294/1696/830
f 296/1691/828 1591/2966/1386 295/1692/829
f 297/2967/22 1604/2968/1387 296/2969/828
f 283/1733/841 1513/2946/1374 312/1739/842
f 1513/2946/1374 311/1737/843 312/1739/842
f 284/1732/840 1514/2970/1375 1513/2946/1374
f 1514/2970/1375 1515/2971/1388 1513/2946/1374
f 1513/2946/1374 1515/2971/1388 311/1737/843
f 1515/2971/1388 310/1740/845 311/1737/843
f 285/2972/839 1516/2973/1376 1514/2974/1375
f 1516/2975/1376 1517/2976/1389 1514/2970/1375
f 1514/2970/1375 1517/2976/1389 1515/2971/1388
f 1517/2976/1389 1518/2977/1390 1515/2971/1388
f 1515/2971/1388 1518/2977/1390 310/1740/845
f 1518/2978/1390 309/1742/847 310/1744/845
f 286/2979/838 1519/2980/1377 1516/2981/1376
f 1519/2982/1377 1520/2983/1391 1516/2975/1376
f 1516/2975/1376 1520/2983/1391 1517/2976/1389
f 1520/2983/1391 1521/2984/1392 1517/2976/1389
f 1517/2976/1389 1521/2984/1392 1518/2977/1390
f 1521/2985/1392 1522/2986/1393 1518/2987/1390
f 1518/2977/1390 1522/2988/1393 309/1747/847
f 1522/2988/1393 308/1745/849 309/1747/847
f 287/2951/837 1523/2989/1378 1519/2952/1377
f 1523/2990/1378 1524/2991/1394 1519/2982/1377
f 1519/2982/1377 1524/2991/1394 1520/2983/1391
f 1524/2991/1394 1525/2992/1395 1520/2983/1391
f 1520/2993/1391 1525/2994/1395 1521/2995/1392
f 1525/2994/1395 1526/2996/1396 1521/2995/1392
f 1521/2995/1392 1526/2996/1396 1522/2997/1393
f 1526/2998/1396 1527/2999/1397 1522/3000/1393
f 1522/3001/1393 1527/3002/1397 308/1750/849
f 1527/3002/1397 307/1748/851 308/1750/849
f 288/1715/836 1528/2955/1379 1523/3003/1378
f 1528/2955/1379 1529/3004/1398 1523/3003/1378
f 1523/3003/1378 1529/3004/1398 1524/3005/1394
f 1529/3004/1398 1530/3006/1399 1524/3005/1394
f 1524/3005/1394 1530/3006/1399 1525/2994/1395
f 1530/3006/1399 1531/3007/1400 1525/2994/1395
f 1525/2994/1395 1531/3007/1400 1526/2996/1396
f 1531/3008/1400 1532/3009/1401 1526/3010/1396
f 1526/3011/1396 1532/3012/1401 1527/3013/1397
f 1532/3014/1401 1533/3015/1402 1527/3016/1397
f 1527/3016/1397 1533/3015/1402 307/1753/851
f 1533/3015/1402 306/1751/853 307/1753/851
f 289/2957/835 1534/2956/1380 1528/3017/1379
f 1534/2956/1380 1535/3018/1403 1528/3017/1379
f 1528/2955/1379 1535/3019/1403 1529/3004/1398
f 1535/3019/1403 1536/3020/1404 1529/3004/1398
f 1529/3004/1398 1536/3020/1404 1530/3006/1399
f 1536/3021/1404 1537/3022/1405 1530/3023/1399
f 1530/3024/1399 1537/3025/1405 1531/3026/1400
f 1537/3025/1405 1538/3027/1406 1531/3026/1400
f 1531/3008/1400 1538/3028/1406 1532/3009/1401
f 1538/3029/1406 1539/3030/1407 1532/3031/1401
f 1532/3014/1401 1539/3032/1407 1533/3015/1402
f 1539/3032/1407 1540/3033/1408 1533/3015/1402
f 1533/3034/1402 1540/3035/1408 306/3036/853
f 1540/3037/1408 305/3038/855 306/3039/853
f 290/1709/834 1541/3040/1381 1534/2956/1380
f 1541/3040/1381 1542/3041/1409 1534/2956/1380
f 1534/2956/1380 1542/3041/1409 1535/3018/1403
f 1542/3041/1409 1543/3042/1410 1535/3018/1403
f 1535/3019/1403 1543/3043/1410 1536/3020/1404
f 1543/3044/1410 1544/3045/1411 1536/3021/1404
f 1536/3021/1404 1544/3045/1411 1537/3022/1405
f 1544/3045/1411 1545/3046/1412 1537/3022/1405
f 1537/3022/1405 1545/3046/1412 1538/3047/1406
f 1545/3048/1412 1546/3049/1413 1538/3050/1406
f 1538/3029/1406 1546/3051/1413 1539/3030/1407
f 1546/3052/1413 1547/3053/1414 1539/3054/1407
f 1539/3054/1407 1547/3053/1414 1540/3037/1408
f 1547/3053/1414 1548/3055/1415 1540/3037/1408
f 1540/3037/1408 1548/3055/1415 305/3038/855
f 1548/3056/1415 304/1757/857 305/1754/855
f 291/3057/833 1549/3058/1382 1541/3059/1381
f 1549/3060/1382 1550/3061/1416 1541/3062/1381
f 1541/3062/1381 1550/3061/1416 1542/3063/1409
f 1550/3064/1416 1551/3065/1417 1542/3041/1409
f 1542/3041/1409 1551/3065/1417 1543/3042/1410
f 1551/3065/1417 1552/3066/1418 1543/3042/1410
f 1543/3067/1410 1552/3068/1418 1544/3069/1411
f 1552/3068/1418 1553/3070/1419 1544/3069/1411
f 1544/3069/1411 1553/3070/1419 1545/3071/1412
f 1553/3070/1419 1554/3072/1420 1545/3071/1412
f 1545/3071/1412 1554/3072/1420 1546/3073/1413
f 1554/3072/1420 1555/3074/1421 1546/3073/1413
f 1546/3075/1413 1555/3076/1421 1547/3077/1414
f 1555/3078/1421 1556/3079/1422 1547/3053/1414
f 1547/3053/1414 1556/3079/1422 1548/3055/1415
f 1556/3079/1422 1557/3080/1423 1548/3055/1415
f 1548/3056/1415 1557/3081/1423 304/1757/857
f 1557/3081/1423 303/1764/859 304/1757/857
f 292/1707/832 1558/2963/1383 1549/2961/1382
f 1558/2963/1383 1559/3082/1424 1549/2961/1382
f 1549/2961/1382 1559/3082/1424 1550/3064/1416
f 1559/3082/1424 1560/3083/1425 1550/3064/1416
f 1550/3064/1416 1560/3083/1425 1551/3065/1417
f 1560/3083/1425 1561/3084/1426 1551/3065/1417
f 1551/3065/1417 1561/3084/1426 1552/3066/1418
f 1561/3084/1426 1562/3085/1427 1552/3066/1418
f 1552/3068/1418 1562/3086/1427 1553/3070/1419
f 1562/3086/1427 1563/3087/1428 1553/3070/1419
f 1553/3070/1419 1563/3087/1428 1554/3072/1420
f 1563/3087/1428 1564/3088/1429 1554/3072/1420
f 1554/3072/1420 1564/3088/1429 1555/3074/1421
f 1564/3088/1429 1565/3089/1430 1555/3074/1421
f 1555/3078/1421 1565/3090/1430 1556/3079/1422
f 1565/3091/1430 1566/3092/1431 1556/3093/1422
f 1556/3093/1422 1566/3092/1431 1557/3094/1423
f 1566/3092/1431 1567/3095/1432 1557/3094/1423
f 1557/3081/1423 1567/3096/1432 303/1764/859
f 1567/3096/1432 302/1762/861 303/1764/859
f 293/1699/831 1568/2964/1384 1558/3097/1383
f 1568/2964/1384 1569/3098/1433 1558/3097/1383
f 1558/2963/1383 1569/3099/1433 1559/3082/1424
f 1569/3099/1433 1570/3100/1434 1559/3082/1424
f 1559/3082/1424 1570/3100/1434 1560/3083/1425
f 1570/3100/1434 1571/3101/1435 1560/3083/1425
f 1560/3083/1425 1571/3101/1435 1561/3084/1426
f 1571/3101/1435 1572/3102/1436 1561/3084/1426
f 1561/3084/1426 1572/3102/1436 1562/3085/1427
f 1572/3102/1436 1573/3103/1437 1562/3085/1427
f 1562/3085/1427 1573/3103/1437 1563/3104/1428
f 1573/3103/1437 1574/3105/1438 1563/3104/1428
f 1563/3087/1428 1574/3106/1438 1564/3088/1429
f 1574/3106/1438 1575/3107/1439 1564/3088/1429
f 1564/3108/1429 1575/3109/1439 1565/3091/1430
f 1575/3109/1439 1576/3110/1440 1565/3091/1430
f 1565/3091/1430 1576/3110/1440 1566/3092/1431
f 1576/3111/1440 1577/3112/1441 1566/3113/1431
f 1566/3113/1431 1577/3112/1441 1567/3114/1432
f 1577/3115/1441 1578/3116/1442 1567/3117/1432
f 1567/3117/1432 1578/3116/1442 302/1767/861
f 1578/3116/1442 301/1765/863 302/1767/861
f 294/1696/830 1579/2965/1385 1568/3118/1384
f 1579/3119/1385 1580/3120/1443 1568/3121/1384
f 1568/3122/1384 1580/3123/1443 1569/3099/1433
f 1580/3123/1443 1581/3124/1444 1569/3099/1433
f 1569/3099/1433 1581/3124/1444 1570/3100/1434
f 1581/3124/1444 1582/3125/1445 1570/3100/1434
f 1570/3100/1434 1582/3125/1445 1571/3101/1435
f 1582/3125/1445 1583/3126/1446 1571/3101/1435
f 1571/3101/1435 1583/3126/1446 1572/3102/1436
f 1583/3126/1446 1584/3127/1447 1572/3102/1436
f 1572/3102/1436 1584/3127/1447 1573/3103/1437
f 1584/3127/1447 1585/3128/1448 1573/3103/1437
f 1573/3103/1437 1585/3128/1448 1574/3105/1438
f 1585/3129/1448 1586/3130/1449 1574/3131/1438
f 1574/3132/1438 1586/3133/1449 1575/3134/1439
f 1586/3135/1449 1587/3136/1450 1575/3109/1439
f 1575/3109/1439 1587/3136/1450 1576/3110/1440
f 1587/3136/1450 1588/3137/1451 1576/3110/1440
f 1576/3138/1440 1588/3139/1451 1577/3140/1441
f 1588/3139/1451 1589/3141/1452 1577/3140/1441
f 1577/3115/1441 1589/3142/1452 1578/3116/1442
f 1589/3142/1452 1590/3143/1453 1578/3116/1442
f 1578/3116/1442 1590/3143/1453 301/1765/863
f 1590/3144/1453 300/1768/865 301/1770/863
f 295/3145/829 1591/3146/1386 1579/3147/1385
f 1591/3146/1386 1592/3148/1454 1579/3147/1385
f 1579/3149/1385 1592/3150/1454 1580/3123/1443
f 1592/3150/1454 1593/3151/1455 1580/3123/1443
f 1580/3152/1443 1593/3153/1455 1581/3154/1444
f 1593/3153/1455 1594/3155/1456 1581/3154/1444
f 1581/3124/1444 1594/3156/1456 1582/3125/1445
f 1594/3156/1456 1595/3157/1457 1582/3125/1445
f 1582/3125/1445 1595/3157/1457 1583/3126/1446
f 1595/3157/1457 1596/3158/1458 1583/3126/1446
f 1583/3126/1446 1596/3158/1458 1584/3127/1447
f 1596/3158/1458 1597/3159/1459 1584/3127/1447
f 1584/3127/1447 1597/3159/1459 1585/3128/1448
f 1597/3160/1459 1598/3161/1460 1585/3129/1448
f 1585/3129/1448 1598/3161/1460 1586/3130/1449
f 1598/3162/1460 1599/3163/1461 1586/3164/1449
f 1586/3165/1449 1599/3166/1461 1587/3167/1450
f 1599/3166/1461 1600/3168/1462 1587/3167/1450
f 1587/3167/1450 1600/3168/1462 1588/3169/1451
f 1600/3168/1462 1601/3170/1463 1588/3169/1451
f 1588/3171/1451 1601/3172/1463 1589/3173/1452
f 1601/3174/1463 1602/3175/1464 1589/3176/1452
f 1589/3177/1452 1602/3178/1464 1590/3179/1453
f 1602/3178/1464 1603/3180/1465 1590/3179/1453
f 1590/3181/1453 1603/3182/1465 300/1773/865
f 1603/3182/1465 299/1771/867 300/1773/865
f 296/3183/828 1604/3184/1387 1591/3146/1386
f 1604/3184/1387 1605/3185/1466 1591/3146/1386
f 1591/3146/1386 1605/3185/1466 1592/3148/1454
f 1605/3185/1466 1606/3186/1467 1592/3148/1454
f 1592/3150/1454 1606/3187/1467 1593/3151/1455
f 1606/3187/1467 1607/3188/1468 1593/3151/1455
f 1593/3151/1455 1607/3188/1468 1594/3156/1456
f 1607/3188/1468 1608/3189/1469 1594/3156/1456
f 1594/3156/1456 1608/3189/1469 1595/3157/1457
f 1608/3189/1469 1609/3190/1470 1595/3157/1457
f 1595/3157/1457 1609/3190/1470 1596/3158/1458
f 1609/3190/1470 1610/3191/1471 1596/3158/1458
f 1596/3192/1458 1610/3193/1471 1597/3194/1459
f 1610/3195/1471 1611/3196/1472 1597/3197/1459
f 1597/3197/1459 1611/3196/1472 1598/3198/1460
f 1611/3196/1472 1612/3199/1473 1598/3198/1460
f 1598/3162/1460 1612/3200/1473 1599/3163/1461
f 1612/3200/1473 1613/3201/1474 1599/3163/1461
f 1599/3163/1461 1613/3201/1474 1600/3202/1462
f 1613/3201/1474 1614/3203/1475 1600/3202/1462
f 1600/3168/1462 1614/3204/1475 1601/3170/1463
f 1614/3204/1475 1615/3205/1476 1601/3170/1463
f 1601/3174/1463 1615/3206/1476 1602/3175/1464
f 1615/3207/1476 1616/3208/1477 1602/3209/1464
f 1602/3210/1464 1616/3211/1477 1603/3182/1465
f 1616/3211/1477 1617/3212/1478 1603/3182/1465
f 1603/3182/1465 1617/3212/1478 299/1771/867
f 1617/3212/1478 298/32/26 299/1771/867
f 297/3213/22 162/3214/21 1604/3215/1387
f 162/3216/21 161/3217/1479 1604/3218/1387
f 1604/3218/1387 161/3217/1479 1605/3219/1466
f 161/3220/1479 160/3221/1480 1605/3222/1466
f 1605/3185/1466 160/3223/1480 1606/3186/1467
f 160/3223/1480 159/3224/1481 1606/3186/1467
f 1606/3186/1467 159/3224/1481 1607/3225/1468
f 159/3224/1481 158/3226/1482 1607/3225/1468
f 1607/3227/1468 158/3228/1482 1608/3229/1469
f 158/3228/1482 157/3230/1483 1608/3229/1469
f 1608/3229/1469 157/3230/1483 1609/3231/1470
f 157/3232/1483 156/3233/1484 1609/3234/1470
f 1609/3190/1470 156/3235/1484 1610/3191/1471
f 156/3235/1484 155/3236/1485 1610/3191/1471
f 1610/3191/1471 155/3236/1485 1611/3237/1472
f 155/3238/1485 154/3239/1486 1611/3240/1472
f 1611/3241/1472 154/3242/1486 1612/3200/1473
f 154/3242/1486 153/3243/1487 1612/3200/1473
f 1612/3200/1473 153/3243/1487 1613/3201/1474
f 153/3243/1487 152/3244/1488 1613/3201/1474
f 1613/3201/1474 152/3244/1488 1614/3203/1475
f 152/3244/1488 151/3245/1489 1614/3203/1475
f 1614/3203/1475 151/3245/1489 1615/3246/1476
f 151/3245/1489 150/3247/1490 1615/3246/1476
f 1615/3207/1476 150/3248/1490 1616/3208/1477
f 150/3248/1490 149/3249/1491 1616/3208/1477
f 1616/3211/1477 149/3250/1491 1617/3212/1478
f 149/3250/1491 148/3251/1492 1617/3212/1478
f 1617/3252/1478 148/3253/1492 298/3254/26
f 148/3251/1492 5/21/17 298/32/26
f 253/2017/974 282/2018/975 9/546/34
f 254/3255/973 1618/3256/1493 253/2017/974
f 255/3257/972 1619/3258/1494 254/3259/973
f 256/2007/971 1621/3260/1495 255/2008/972
f 257/3261/970 1624/3262/1496 256/3263/971
f 258/2004/969 1628/3264/1497 257/2005/970
f 259/2003/968 1633/3265/1498 258/2004/969
f 260/2002/967 1639/3266/1499 259/2003/968
f 261/1998/966 1646/3267/1500 260/2002/967
f 262/1997/965 1654/3268/1501 261/1998/966
f 263/1993/964 1663/3269/1502 262/1997/965
f 264/1992/963 1673/3270/1503 263/1993/964
f 265/1991/962 1684/3271/1504 264/1992/963
f 266/1990/961 1696/3272/1505 265/1991/962
f 267/1987/19 1709/3273/1506 266/1989/961
f 253/2017/974 1618/3256/1493 282/2018/975
f 1618/3256/1493 281/2019/976 282/2018/975
f 254/3274/973 1619/3275/1494 1618/3276/1493
f 1619/3275/1494 1620/3277/1507 1618/3276/1493
f 1618/3256/1493 1620/3278/1507 281/2019/976
f 1620/3278/1507 280/2021/978 281/2019/976
f 255/2010/972 1621/3279/1495 1619/3275/1494
f 1621/3279/1495 1622/3280/1508 1619/3275/1494
f 1619/3275/1494 1622/3280/1508 1620/3277/1507
f 1622/3280/1508 1623/3281/1509 1620/3277/1507
f 1620/3277/1507 1623/3281/1509 280/3282/978
f 1623/3281/1509 279/3283/980 280/3282/978
f 256/3263/971 1624/3262/1496 1621/3284/1495
f 1624/3285/1496 1625/3286/1510 1621/3279/1495
f 1621/3279/1495 1625/3286/1510 1622/3280/1508
f 1625/3286/1510 1626/3287/1511 1622/3280/1508
f 1622/3280/1508 1626/3287/1511 1623/3281/1509
f 1626/3287/1511 1627/3288/1512 1623/3281/1509
f 1623/3281/1509 1627/3288/1512 279/3283/980
f 1627/3289/1512 278/2026/982 279/2028/980
f 257/2005/970 1628/3264/1497 1624/3285/1496
f 1628/3264/1497 1629/3290/1513 1624/3285/1496
f 1624/3285/1496 1629/3290/1513 1625/3286/1510
f 1629/3290/1513 1630/3291/1514 1625/3286/1510
f 1625/3286/1510 1630/3291/1514 1626/3287/1511
f 1630/3291/1514 1631/3292/1515 1626/3287/1511
f 1626/3287/1511 1631/3292/1515 1627/3288/1512
f 1631/3293/1515 1632/3294/1516 1627/3289/1512
f 1627/3289/1512 1632/3294/1516 278/2026/982
f 1632/3295/1516 277/2029/984 278/2031/982
f 258/2004/969 1633/3265/1498 1628/3264/1497
f 1633/3265/1498 1634/3296/1517 1628/3264/1497
f 1628/3297/1497 1634/3298/1517 1629/3299/1513
f 1634/3298/1517 1635/3300/1518 1629/3299/1513
f 1629/3290/1513 1635/3301/1518 1630/3291/1514
f 1635/3301/1518 1636/3302/1519 1630/3291/1514
f 1630/3291/1514 1636/3302/1519 1631/3292/1515
f 1636/3302/1519 1637/3303/1520 1631/3292/1515
f 1631/3304/1515 1637/3305/1520 1632/3306/1516
f 1637/3307/1520 1638/3308/1521 1632/3309/1516
f 1632/3295/1516 1638/3310/1521 277/2029/984
f 1638/3310/1521 276/3311/986 277/2029/984
f 259/2003/968 1639/3266/1499 1633/3265/1498
f 1639/3266/1499 1640/3312/1522 1633/3265/1498
f 1633/3313/1498 1640/3314/1522 1634/3315/1517
f 1640/3312/1522 1641/3316/1523 1634/3296/1517
f 1634/3296/1517 1641/3316/1523 1635/3301/1518
f 1641/3317/1523 1642/3318/1524 1635/3319/1518
f 1635/3320/1518 1642/3321/1524 1636/3322/1519
f 1642/3323/1524 1643/3324/1525 1636/3302/1519
f 1636/3302/1519 1643/3324/1525 1637/3303/1520
f 1643/3324/1525 1644/3325/1526 1637/3303/1520
f 1637/3303/1520 1644/3325/1526 1638/3310/1521
f 1644/3325/1526 1645/3326/1527 1638/3310/1521
f 1638/3310/1521 1645/3326/1527 276/3311/986
f 1645/3327/1527 275/2035/988 276/2037/986
f 260/3328/967 1646/3329/1500 1639/3330/1499
f 1646/3329/1500 1647/3331/1528 1639/3330/1499
f 1639/3266/1499 1647/3332/1528 1640/3312/1522
f 1647/3332/1528 1648/3333/1529 1640/3312/1522
f 1640/3312/1522 1648/3333/1529 1641/3316/1523
f 1648/3334/1529 1649/3335/1530 1641/3336/1523
f 1641/3336/1523 1649/3335/1530 1642/3337/1524
f 1649/3338/1530 1650/3339/1531 1642/3340/1524
f 1642/3341/1524 1650/3342/1531 1643/3343/1525
f 1650/3342/1531 1651/3344/1532 1643/3343/1525
f 1643/3324/1525 1651/3345/1532 1644/3325/1526
f 1651/3346/1532 1652/3347/1533 1644/3348/1526
f 1644/3325/1526 1652/3349/1533 1645/3326/1527
f 1652/3350/1533 1653/3351/1534 1645/3327/1527
f 1645/3327/1527 1653/3351/1534 275/2035/988
f 1653/3351/1534 274/2038/990 275/2035/988
f 261/1998/966 1654/3268/1501 1646/3267/1500
f 1654/3268/1501 1655/3352/1535 1646/3267/1500
f 1646/3267/1500 1655/3352/1535 1647/3332/1528
f 1655/3352/1535 1656/3353/1536 1647/3332/1528
f 1647/3332/1528 1656/3353/1536 1648/3333/1529
f 1656/3353/1536 1657/3354/1537 1648/3333/1529
f 1648/3355/1529 1657/3356/1537 1649/3357/1530
f 1657/3358/1537 1658/3359/1538 1649/3360/1530
f 1649/3338/1530 1658/3361/1538 1650/3339/1531
f 1658/3361/1538 1659/3362/1539 1650/3339/1531
f 1650/3339/1531 1659/3362/1539 1651/3363/1532
f 1659/3364/1539 1660/3365/1540 1651/3366/1532
f 1651/3367/1532 1660/3368/1540 1652/3369/1533
f 1660/3368/1540 1661/3370/1541 1652/3369/1533
f 1652/3371/1533 1661/3372/1541 1653/3373/1534
f 1661/3372/1541 1662/3374/1542 1653/3373/1534
f 1653/3375/1534 1662/3376/1542 274/2042/990
f 1662/3376/1542 273/2040/992 274/2042/990
f 262/1997/965 1663/3269/1502 1654/3268/1501
f 1663/3377/1502 1664/3378/1543 1654/3379/1501
f 1654/3379/1501 1664/3378/1543 1655/3380/1535
f 1664/3378/1543 1665/3381/1544 1655/3380/1535
f 1655/3380/1535 1665/3381/1544 1656/3382/1536
f 1665/3383/1544 1666/3384/1545 1656/3385/1536
f 1656/3386/1536 1666/3387/1545 1657/3388/1537
f 1666/3389/1545 1667/3390/1546 1657/3391/1537
f 1657/3392/1537 1667/3393/1546 1658/3361/1538
f 1667/3393/1546 1668/3394/1547 1658/3361/1538
f 1658/3361/1538 1668/3394/1547 1659/3362/1539
f 1668/3395/1547 1669/3396/1548 1659/3397/1539
f 1659/3397/1539 1669/3396/1548 1660/3368/1540
f 1669/3396/1548 1670/3398/1549 1660/3368/1540
f 1660/3368/1540 1670/3398/1549 1661/3370/1541
f 1670/3398/1549 1671/3399/1550 1661/3370/1541
f 1661/3370/1541 1671/3399/1550 1662/3400/1542
f 1671/3399/1550 1672/3401/1551 1662/3400/1542
f 1662/3400/1542 1672/3401/1551 273/2045/992
f 1672/3401/1551 272/2043/994 273/2045/992
f 263/1993/964 1673/3270/1503 1663/3269/1502
f 1673/3402/1503 1674/3403/1552 1663/3404/1502
f 1663/3377/1502 1674/3405/1552 1664/3378/1543
f 1674/3405/1552 1675/3406/1553 1664/3378/1543
f 1664/3378/1543 1675/3406/1553 1665/3381/1544
f 1675/3407/1553 1676/3408/1554 1665/3383/1544
f 1665/3383/1544 1676/3408/1554 1666/3384/1545
f 1676/3409/1554 1677/3410/1555 1666/3411/1545
f 1666/3389/1545 1677/3412/1555 1667/3390/1546
f 1677/3412/1555 1678/3413/1556 1667/3390/1546
f 1667/3414/1546 1678/3415/1556 1668/3395/1547
f 1678/3415/1556 1679/3416/1557 1668/3395/1547
f 1668/3395/1547 1679/3416/1557 1669/3396/1548
f 1679/3416/1557 1680/3417/1558 1669/3396/1548
f 1669/3396/1548 1680/3417/1558 1670/3398/1549
f 1680/3417/1558 1681/3418/1559 1670/3398/1549
f 1670/3398/1549 1681/3418/1559 1671/3399/1550
f 1681/3418/1559 1682/3419/1560 1671/3399/1550
f 1671/3399/1550 1682/3419/1560 1672/3401/1551
f 1682/3419/1560 1683/3420/1561 1672/3401/1551
f 1672/3401/1551 1683/3420/1561 272/2043/994
f 1683/3420/1561 271/2046/996 272/2043/994
f 264/1992/963 1684/3271/1504 1673/3270/1503
f 1684/3271/1504 1685/3421/1562 1673/3270/1503
f 1673/3270/1503 1685/3421/1562 1674/3422/1552
f 1685/3421/1562 1686/3423/1563 1674/3422/1552
f 1674/3422/1552 1686/3423/1563 1675/3424/1553
f 1686/3425/1563 1687/3426/1564 1675/3427/1553
f 1675/3428/1553 1687/3429/1564 1676/3430/1554
f 1687/3429/1564 1688/3431/1565 1676/3430/1554
f 1676/3409/1554 1688/3432/1565 1677/3410/1555
f 1688/3432/1565 1689/3433/1566 1677/3410/1555
f 1677/3410/1555 1689/3433/1566 1678/3415/1556
f 1689/3433/1566 1690/3434/1567 1678/3415/1556
f 1678/3415/1556 1690/3434/1567 1679/3416/1557
f 1690/3434/1567 1691/3435/1568 1679/3416/1557
f 1679/3416/1557 1691/3435/1568 1680/3417/1558
f 1691/3436/1568 1692/3437/1569 1680/3438/1558
f 1680/3438/1558 1692/3437/1569 1681/3439/1559
f 1692/3440/1569 1693/3441/1570 1681/3418/1559
f 1681/3418/1559 1693/3441/1570 1682/3419/1560
f 1693/3441/1570 1694/3442/1571 1682/3419/1560
f 1682/3419/1560 1694/3442/1571 1683/3420/1561
f 1694/3442/1571 1695/3443/1572 1683/3420/1561
f 1683/3420/1561 1695/3443/1572 271/2046/996
f 1695/3443/1572 270/2053/998 271/2046/996
f 265/1991/962 1696/3272/1505 1684/3271/1504
f 1696/3272/1505 1697/3444/1573 1684/3271/1504
f 1684/3271/1504 1697/3444/1573 1685/3421/1562
f 1697/3444/1573 1698/3445/1574 1685/3421/1562
f 1685/3421/1562 1698/3445/1574 1686/3423/1563
f 1698/3446/1574 1699/3447/1575 1686/3425/1563
f 1686/3425/1563 1699/3447/1575 1687/3426/1564
f 1699/3447/1575 1700/3448/1576 1687/3426/1564
f 1687/3429/1564 1700/3449/1576 1688/3431/1565
f 1700/3449/1576 1701/3450/1577 1688/3431/1565
f 1688/3432/1565 1701/3451/1577 1689/3433/1566
f 1701/3452/1577 1702/3453/1578 1689/3454/1566
f 1689/3455/1566 1702/3456/1578 1690/3457/1567
f 1702/3456/1578 1703/3458/1579 1690/3457/1567
f 1690/3457/1567 1703/3458/1579 1691/3459/1568
f 1703/3458/1579 1704/3460/1580 1691/3459/1568
f 1691/3435/1568 1704/3461/1580 1692/3440/1569
f 1704/3461/1580 1705/3462/1581 1692/3440/1569
f 1692/3440/1569 1705/3462/1581 1693/3441/1570
f 1705/3462/1581 1706/3463/1582 1693/3441/1570
f 1693/3441/1570 1706/3463/1582 1694/3442/1571
f 1706/3463/1582 1707/3464/1583 1694/3442/1571
f 1694/3442/1571 1707/3464/1583 1695/3443/1572
f 1707/3465/1583 1708/3466/1584 1695/3467/1572
f 1695/3467/1572 1708/3466/1584 270/3468/998
f 1708/3469/1584 269/3470/1000 270/3471/998
f 266/1989/961 1709/3273/1506 1696/3472/1505
f 1709/3473/1506 1710/3474/1585 1696/3272/1505
f 1696/3475/1505 1710/3476/1585 1697/3477/1573
f 1710/3476/1585 1711/3478/1586 1697/3477/1573
f 1697/3479/1573 1711/3480/1586 1698/3481/1574
f 1711/3482/1586 1712/3483/1587 1698/3445/1574
f 1698/3445/1574 1712/3483/1587 1699/3484/1575
f 1712/3483/1587 1713/3485/1588 1699/3484/1575
f 1699/3484/1575 1713/3485/1588 1700/3486/1576
f 1713/3485/1588 1714/3487/1589 1700/3486/1576
f 1700/3486/1576 1714/3487/1589 1701/3452/1577
f 1714/3487/1589 1715/3488/1590 1701/3452/1577
f 1701/3452/1577 1715/3488/1590 1702/3453/1578
f 1715/3489/1590 1716/3490/1591 1702/3491/1578
f 1702/3456/1578 1716/3492/1591 1703/3458/1579
f 1716/3492/1591 1717/3493/1592 1703/3458/1579
f 1703/3458/1579 1717/3493/1592 1704/3460/1580
f 1717/3493/1592 1718/3494/1593 1704/3460/1580
f 1704/3461/1580 1718/3495/1593 1705/3462/1581
f 1718/3495/1593 1719/3496/1594 1705/3462/1581
f 1705/3462/1581 1719/3496/1594 1706/3463/1582
f 1719/3496/1594 1720/3497/1595 1706/3463/1582
f 1706/3463/1582 1720/3497/1595 1707/3464/1583
f 1720/3497/1595 1721/3498/1596 1707/3464/1583
f 1707/3464/1583 1721/3498/1596 1708/3499/1584
f 1721/3498/1596 1722/3500/1597 1708/3499/1584
f 1708/3499/1584 1722/3500/1597 269/2051/1000
f 1722/3500/1597 268/31/25 269/2051/1000
f 267/23/19 147/22/18 1709/3473/1506
f 147/22/18 146/3501/1598 1709/3473/1506
f 1709/3473/1506 146/3501/1598 1710/3474/1585
f 146/3501/1598 145/3502/1599 1710/3474/1585
f 1710/3474/1585 145/3502/1599 1711/3482/1586
f 145/3502/1599 144/3503/1600 1711/3482/1586
f 1711/3482/1586 144/3503/1600 1712/3483/1587
f 144/3503/1600 143/3504/1601 1712/3483/1587
f 1712/3483/1587 143/3504/1601 1713/3485/1588
f 143/3504/1601 142/3505/1602 1713/3485/1588
f 1713/3485/1588 142/3505/1602 1714/3487/1589
f 142/3506/1602 141/3507/1603 1714/3508/1589
f 1714/3509/1589 141/3510/1603 1715/3511/1590
f 141/3507/1603 140/3512/1604 1715/3489/1590
f 1715/3489/1590 140/3512/1604 1716/3490/1591
f 140/3512/1604 139/3513/1605 1716/3490/1591
f 1716/3490/1591 139/3513/1605 1717/3514/1592
f 139/3513/1605 138/3515/1606 1717/3514/1592
f 1717/3514/1592 138/3515/1606 1718/3495/1593
f 138/3516/1606 137/3517/1607 1718/3518/1593
f 1718/3495/1593 137/3519/1607 1719/3496/1594
f 137/3519/1607 136/3520/1608 1719/3496/1594
f 1719/3496/1594 136/3520/1608 1720/3497/1595
f 136/3520/1608 135/3521/1609 1720/3497/1595
f 1720/3497/1595 135/3521/1609 1721/3498/1596
f 135/3521/1609 134/3522/1610 1721/3498/1596
f 1721/3498/1596 134/3522/1610 1722/3500/1597
f 134/3522/1610 133/3523/1611 1722/3500/1597
f 1722/3500/1597 133/3523/1611 268/31/25
f 133/3523/1611 4/18/14 268/31/25
f 223/3524/1107 252/2324/1108 8/37/31
f 224/2321/1106 1723/3525/1612 223/2322/1107
f 225/2320/1105 1724/3526/1613 224/2321/1106
f 226/3527/1104 1726/3528/1614 225/3529/1105
f 227/2317/1103 1729/3530/1615 226/2318/1104
f 228/2313/1102 1733/3531/1616 227/2314/1103
f 229/2308/1101 1738/3532/1617 228/2309/1102
f 230/3533/1100 1744/3534/1618 229/3535/1101
f 231/2301/1099 1751/3536/1619 230/2304/1100
f 232/2300/1098 1759/3537/1620 231/2301/1099
f 233/2298/1097 1768/3538/1621 232/2299/1098
f 234/2297/1096 1778/3539/1622 233/2298/1097
f 235/2296/1095 1789/3540/1623 234/2297/1096
f 236/2294/1094 1801/3541/1624 235/2295/1095
f 237/3542/16 1814/3543/1625 236/2294/1094
f 223/3524/1107 1723/3544/1612 252/2324/1108
f 1723/3545/1612 251/2325/1109 252/2327/1108
f 224/2321/1106 1724/3526/1613 1723/3525/1612
f 1724/3526/1613 1725/3546/1626 1723/3525/1612
f 1723/3525/1612 1725/3546/1626 251/2330/1109
f 1725/3546/1626 250/2328/1111 251/2330/1109
f 225/3547/1105 1726/3548/1614 1724/3549/1613
f 1726/3548/1614 1727/3550/1627 1724/3549/1613
f 1724/3549/1613 1727/3550/1627 1725/3551/1626
f 1727/3552/1627 1728/3553/1628 1725/3554/1626
f 1725/3554/1626 1728/3553/1628 250/2333/1111
f 1728/3553/1628 249/2331/1113 250/2333/1111
f 226/2318/1104 1729/3530/1615 1726/3555/1614
f 1729/3556/1615 1730/3557/1629 1726/3558/1614
f 1726/3548/1614 1730/3559/1629 1727/3550/1627
f 1730/3560/1629 1731/3561/1630 1727/3552/1627
f 1727/3552/1627 1731/3561/1630 1728/3553/1628
f 1731/3561/1630 1732/3562/1631 1728/3553/1628
f 1728/3553/1628 1732/3562/1631 249/2331/1113
f 1732/3563/1631 248/3564/1115 249/3565/1113
f 227/2317/1103 1733/3566/1616 1729/3530/1615
f 1733/3566/1616 1734/3567/1632 1729/3530/1615
f 1729/3530/1615 1734/3567/1632 1730/3560/1629
f 1734/3567/1632 1735/3568/1633 1730/3560/1629
f 1730/3560/1629 1735/3568/1633 1731/3561/1630
f 1735/3568/1633 1736/3569/1634 1731/3561/1630
f 1731/3561/1630 1736/3569/1634 1732/3562/1631
f 1736/3569/1634 1737/3570/1635 1732/3562/1631
f 1732/3562/1631 1737/3570/1635 248/3571/1115
f 1737/3570/1635 247/2342/1117 248/3571/1115
f 228/2309/1102 1738/3532/1617 1733/3572/1616
f 1738/3532/1617 1739/3573/1636 1733/3572/1616
f 1733/3572/1616 1739/3573/1636 1734/3574/1632
f 1739/3573/1636 1740/3575/1637 1734/3574/1632
f 1734/3567/1632 1740/3576/1637 1735/3568/1633
f 1740/3576/1637 1741/3577/1638 1735/3568/1633
f 1735/3568/1633 1741/3577/1638 1736/3569/1634
f 1741/3577/1638 1742/3578/1639 1736/3569/1634
f 1736/3569/1634 1742/3578/1639 1737/3570/1635
f 1742/3578/1639 1743/3579/1640 1737/3570/1635
f 1737/3570/1635 1743/3579/1640 247/2342/1117
f 1743/3579/1640 246/2340/1119 247/2342/1117
f 229/3580/1101 1744/3581/1618 1738/3582/1617
f 1744/3581/1618 1745/3583/1641 1738/3582/1617
f 1738/3582/1617 1745/3583/1641 1739/3584/1636
f 1745/3585/1641 1746/3586/1642 1739/3587/1636
f 1739/3588/1636 1746/3589/1642 1740/3590/1637
f 1746/3591/1642 1747/3592/1643 1740/3593/1637
f 1740/3594/1637 1747/3595/1643 1741/3596/1638
f 1747/3595/1643 1748/3597/1644 1741/3596/1638
f 1741/3577/1638 1748/3598/1644 1742/3578/1639
f 1748/3598/1644 1749/3599/1645 1742/3578/1639
f 1742/3578/1639 1749/3599/1645 1743/3579/1640
f 1749/3600/1645 1750/3601/1646 1743/3602/1640
f 1743/3603/1640 1750/3604/1646 246/3605/1119
f 1750/3604/1646 245/3606/1121 246/3605/1119
f 230/2304/1100 1751/3536/1619 1744/3607/1618
f 1751/3608/1619 1752/3609/1647 1744/3610/1618
f 1744/3611/1618 1752/3612/1647 1745/3585/1641
f 1752/3612/1647 1753/3613/1648 1745/3585/1641
f 1745/3585/1641 1753/3613/1648 1746/3586/1642
f 1753/3613/1648 1754/3614/1649 1746/3586/1642
f 1746/3586/1642 1754/3614/1649 1747/3615/1643
f 1754/3614/1649 1755/3616/1650 1747/3615/1643
f 1747/3615/1643 1755/3616/1650 1748/3617/1644
f 1755/3616/1650 1756/3618/1651 1748/3617/1644
f 1748/3617/1644 1756/3618/1651 1749/3619/1645
f 1756/3618/1651 1757/3620/1652 1749/3619/1645
f 1749/3619/1645 1757/3620/1652 1750/3621/1646
f 1757/3622/1652 1758/3623/1653 1750/3624/1646
f 1750/3625/1646 1758/3626/1653 245/3627/1121
f 1758/3628/1653 244/2346/1123 245/2343/1121
f 231/2301/1099 1759/3537/1620 1751/3536/1619
f 1759/3537/1620 1760/3629/1654 1751/3536/1619
f 1751/3536/1619 1760/3629/1654 1752/3630/1647
f 1760/3631/1654 1761/3632/1655 1752/3633/1647
f 1752/3612/1647 1761/3634/1655 1753/3613/1648
f 1761/3632/1655 1762/3635/1656 1753/3636/1648
f 1753/3613/1648 1762/3637/1656 1754/3614/1649
f 1762/3635/1656 1763/3638/1657 1754/3639/1649
f 1754/3614/1649 1763/3640/1657 1755/3616/1650
f 1763/3640/1657 1764/3641/1658 1755/3616/1650
f 1755/3616/1650 1764/3641/1658 1756/3618/1651
f 1764/3641/1658 1765/3642/1659 1756/3618/1651
f 1756/3618/1651 1765/3642/1659 1757/3620/1652
f 1765/3643/1659 1766/3644/1660 1757/3622/1652
f 1757/3622/1652 1766/3644/1660 1758/3623/1653
f 1766/3645/1660 1767/3646/1661 1758/3628/1653
f 1758/3628/1653 1767/3646/1661 244/2346/1123
f 1767/3646/1661 243/2348/1125 244/2346/1123
f 232/2300/1098 1768/3647/1621 1759/3537/1620
f 1768/3538/1621 1769/3648/1662 1759/3649/1620
f 1759/3649/1620 1769/3648/1662 1760/3650/1654
f 1769/3651/1662 1770/3652/1663 1760/3653/1654
f 1760/3631/1654 1770/3654/1663 1761/3632/1655
f 1770/3654/1663 1771/3655/1664 1761/3632/1655
f 1761/3632/1655 1771/3655/1664 1762/3635/1656
f 1771/3655/1664 1772/3656/1665 1762/3635/1656
f 1762/3635/1656 1772/3656/1665 1763/3638/1657
f 1772/3657/1665 1773/3658/1666 1763/3659/1657
f 1763/3659/1657 1773/3658/1666 1764/3660/1658
f 1773/3661/1666 1774/3662/1667 1764/3663/1658
f 1764/3660/1658 1774/3664/1667 1765/3643/1659
f 1774/3664/1667 1775/3665/1668 1765/3643/1659
f 1765/3643/1659 1775/3665/1668 1766/3644/1660
f 1775/3666/1668 1776/3667/1669 1766/3668/1660
f 1766/3645/1660 1776/3669/1669 1767/3646/1661
f 1776/3670/1669 1777/3671/1670 1767/3672/1661
f 1767/3646/1661 1777/3673/1670 243/2348/1125
f 1777/3674/1670 242/2350/1127 243/2352/1125
f 233/2298/1097 1778/3539/1622 1768/3538/1621
f 1778/3539/1622 1779/3675/1671 1768/3538/1621
f 1768/3538/1621 1779/3675/1671 1769/3648/1662
f 1779/3675/1671 1780/3676/1672 1769/3648/1662
f 1769/3648/1662 1780/3676/1672 1770/3677/1663
f 1780/3676/1672 1781/3678/1673 1770/3677/1663
f 1770/3677/1663 1781/3678/1673 1771/3679/1664
f 1781/3678/1673 1782/3680/1674 1771/3679/1664
f 1771/3655/1664 1782/3681/1674 1772/3656/1665
f 1782/3681/1674 1783/3682/1675 1772/3656/1665
f 1772/3657/1665 1783/3683/1675 1773/3658/1666
f 1783/3683/1675 1784/3684/1676 1773/3658/1666
f 1773/3658/1666 1784/3684/1676 1774/3664/1667
f 1784/3684/1676 1785/3685/1677 1774/3664/1667
f 1774/3664/1667 1785/3685/1677 1775/3665/1668
f 1785/3685/1677 1786/3686/1678 1775/3665/1668
f 1775/3666/1668 1786/3687/1678 1776/3667/1669
f 1786/3687/1678 1787/3688/1679 1776/3667/1669
f 1776/3667/1669 1787/3688/1679 1777/3689/1670
f 1787/3688/1679 1788/3690/1680 1777/3689/1670
f 1777/3689/1670 1788/3690/1680 242/2355/1127
f 1788/3690/1680 241/2353/1129 242/2355/1127
f 234/2297/1096 1789/3540/1623 1778/3539/1622
f 1789/3540/1623 1790/3691/1681 1778/3539/1622
f 1778/3539/1622 1790/3691/1681 1779/3675/1671
f 1790/3691/1681 1791/3692/1682 1779/3675/1671
f 1779/3675/1671 1791/3692/1682 1780/3676/1672
f 1791/3692/1682 1792/3693/1683 1780/3676/1672
f 1780/3694/1672 1792/3695/1683 1781/3696/1673
f 1792/3695/1683 1793/3697/1684 1781/3696/1673
f 1781/3678/1673 1793/3698/1684 1782/3680/1674
f 1793/3698/1684 1794/3699/1685 1782/3680/1674
f 1782/3700/1674 1794/3701/1685 1783/3683/1675
f 1794/3701/1685 1795/3702/1686 1783/3683/1675
f 1783/3683/1675 1795/3702/1686 1784/3684/1676
f 1795/3702/1686 1796/3703/1687 1784/3684/1676
f 1784/3684/1676 1796/3703/1687 1785/3685/1677
f 1796/3703/1687 1797/3704/1688 1785/3685/1677
f 1785/3685/1677 1797/3704/1688 1786/3686/1678
f 1797/3704/1688 1798/3705/1689 1786/3686/1678
f 1786/3686/1678 1798/3705/1689 1787/3706/1679
f 1798/3707/1689 1799/3708/1690 1787/3709/1679
f 1787/3688/1679 1799/3710/1690 1788/3690/1680
f 1799/3710/1690 1800/3711/1691 1788/3690/1680
f 1788/3712/1680 1800/3713/1691 241/3714/1129
f 1800/3713/1691 240/3715/1131 241/3714/1129
f 235/2296/1095 1801/3716/1624 1789/3540/1623
f 1801/3716/1624 1802/3717/1692 1789/3540/1623
f 1789/3540/1623 1802/3717/1692 1790/3691/1681
f 1802/3717/1692 1803/3718/1693 1790/3691/1681
f 1790/3719/1681 1803/3720/1693 1791/3721/1682
f 1803/3720/1693 1804/3722/1694 1791/3721/1682
f 1791/3692/1682 1804/3723/1694 1792/3693/1683
f 1804/3723/1694 1805/3724/1695 1792/3693/1683
f 1792/3695/1683 1805/3725/1695 1793/3697/1684
f 1805/3725/1695 1806/3726/1696 1793/3697/1684
f 1793/3727/1684 1806/3728/1696 1794/3701/1685
f 1806/3728/1696 1807/3729/1697 1794/3701/1685
f 1794/3701/1685 1807/3729/1697 1795/3702/1686
f 1807/3729/1697 1808/3730/1698 1795/3702/1686
f 1795/3731/1686 1808/3732/1698 1796/3733/1687
f 1808/3732/1698 1809/3734/1699 1796/3733/1687
f 1796/3703/1687 1809/3735/1699 1797/3704/1688
f 1809/3734/1699 1810/3736/1700 1797/3737/1688
f 1797/3704/1688 1810/3738/1700 1798/3705/1689
f 1810/3739/1700 1811/3740/1701 1798/3707/1689
f 1798/3707/1689 1811/3740/1701 1799/3708/1690
f 1811/3740/1701 1812/3741/1702 1799/3708/1690
f 1799/3710/1690 1812/3742/1702 1800/3711/1691
f 1812/3742/1702 1813/3743/1703 1800/3711/1691
f 1800/3744/1691 1813/3745/1703 240/3746/1131
f 1813/3747/1703 239/2358/1133 240/2360/1131
f 236/2294/1094 1814/3543/1625 1801/3541/1624
f 1814/3543/1625 1815/3748/1704 1801/3541/1624
f 1801/3716/1624 1815/3749/1704 1802/3717/1692
f 1815/3750/1704 1816/3751/1705 1802/3752/1692
f 1802/3717/1692 1816/3753/1705 1803/3718/1693
f 1816/3753/1705 1817/3754/1706 1803/3718/1693
f 1803/3720/1693 1817/3755/1706 1804/3722/1694
f 1817/3755/1706 1818/3756/1707 1804/3722/1694
f 1804/3723/1694 1818/3757/1707 1805/3724/1695
f 1818/3757/1707 1819/3758/1708 1805/3724/1695
f 1805/3725/1695 1819/3759/1708 1806/3726/1696
f 1819/3760/1708 1820/3761/1709 1806/3728/1696
f 1806/3728/1696 1820/3761/1709 1807/3729/1697
f 1820/3762/1709 1821/3763/1710 1807/3764/1697
f 1807/3765/1697 1821/3766/1710 1808/3732/1698
f 1821/3766/1710 1822/3767/1711 1808/3732/1698
f 1808/3732/1698 1822/3767/1711 1809/3734/1699
f 1822/3767/1711 1823/3768/1712 1809/3734/1699
f 1809/3734/1699 1823/3768/1712 1810/3736/1700
f 1823/3768/1712 1824/3769/1713 1810/3736/1700
f 1810/3736/1700 1824/3769/1713 1811/3770/1701
f 1824/3771/1713 1825/3772/1714 1811/3740/1701
f 1811/3740/1701 1825/3772/1714 1812/3741/1702
f 1825/3772/1714 1826/3773/1715 1812/3741/1702
f 1812/3742/1702 1826/3774/1715 1813/3743/1703
f 1826/3774/1715 1827/3775/1716 1813/3743/1703
f 1813/3747/1703 1827/3776/1716 239/2358/1133
f 1827/3775/1716 238/3777/24 239/3778/1133
f 237/3542/16 117/3779/15 1814/3543/1625
f 117/3780/15 116/3781/1717 1814/3782/1625
f 1814/3783/1625 116/3784/1717 1815/3749/1704
f 116/3784/1717 115/3785/1718 1815/3749/1704
f 1815/3749/1704 115/3785/1718 1816/3753/1705
f 115/3785/1718 114/3786/1719 1816/3753/1705
f 1816/3753/1705 114/3786/1719 1817/3754/1706
f 114/3786/1719 113/3787/1720 1817/3754/1706
f 1817/3754/1706 113/3787/1720 1818/3757/1707
f 113/3787/1720 112/3788/1721 1818/3757/1707
f 1818/3757/1707 112/3788/1721 1819/3758/1708
f 112/3788/1721 111/3789/1722 1819/3758/1708
f 1819/3760/1708 111/3790/1722 1820/3761/1709
f 111/3791/1722 110/3792/1723 1820/3762/1709
f 1820/3762/1709 110/3792/1723 1821/3763/1710
f 110/3792/1723 109/3793/1724 1821/3763/1710
f 1821/3766/1710 109/3794/1724 1822/3767/1711
f 109/3794/1724 108/3795/1725 1822/3767/1711
f 1822/3767/1711 108/3795/1725 1823/3768/1712
f 108/3795/1725 107/3796/1726 1823/3768/1712
f 1823/3768/1712 107/3796/1726 1824/3769/1713
f 107/3796/1726 106/3797/1727 1824/3769/1713
f 1824/3771/1713 106/3798/1727 1825/3772/1714
f 106/3799/1727 105/3800/1728 1825/3801/1714
f 1825/3801/1714 105/3800/1728 1826/3802/1715
f 105/3803/1728 104/3804/1729 1826/3774/1715
f 1826/3774/1715 104/3804/1729 1827/3775/1716
f 104/3804/1729 103/3805/1730 1827/3775/1716
f 1827/3775/1716 103/3805/1730 238/3777/24
f 103/3805/1730 3/3806/11 238/3777/24
f 193/2614/1240 222/2615/1241 7/34/28
f 194/2610/1239 1828/3807/1731 193/3808/1240
f 195/2608/1238 1829/3809/1732 194/2610/1239
f 196/2607/1237 1831/3810/1733 195/2608/1238
f 197/2606/1236 1834/3811/1734 196/2607/1237
f 198/2604/1235 1838/3812/1735 197/2606/1236
f 199/2602/1234 1843/3813/1736 198/2604/1235
f 200/2600/1233 1849/3814/1737 199/2602/1234
f 201/2598/1232 1856/3815/1738 200/2600/1233
f 202/2597/1231 1864/3816/1739 201/2598/1232
f 203/2593/1230 1873/3817/1740 202/2597/1231
f 204/2592/1229 1883/3818/1741 203/2593/1230
f 205/2591/1228 1894/3819/1742 204/2592/1229
f 206/2590/1227 1906/3820/1743 205/2591/1228
f 207/17/13 1919/3821/1744 206/3822/1227
f 193/3808/1240 1828/3807/1731 222/2618/1241
f 1828/3807/1731 221/2616/1242 222/2618/1241
f 194/2610/1239 1829/3809/1732 1828/3807/1731
f 1829/3809/1732 1830/3823/1745 1828/3807/1731
f 1828/3807/1731 1830/3823/1745 221/2616/1242
f 1830/3823/1745 220/3824/1244 221/2616/1242
f 195/2608/1238 1831/3810/1733 1829/3809/1732
f 1831/3810/1733 1832/3825/1746 1829/3809/1732
f 1829/3809/1732 1832/3825/1746 1830/3823/1745
f 1832/3826/1746 1833/3827/1747 1830/3828/1745
f 1830/3828/1745 1833/3827/1747 220/3829/1244
f 1833/3830/1747 219/3831/1246 220/3824/1244
f 196/2607/1237 1834/3811/1734 1831/3810/1733
f 1834/3832/1734 1835/3833/1748 1831/3834/1733
f 1831/3834/1733 1835/3833/1748 1832/3835/1746
f 1835/3836/1748 1836/3837/1749 1832/3825/1746
f 1832/3838/1746 1836/3839/1749 1833/3840/1747
f 1836/3837/1749 1837/3841/1750 1833/3830/1747
f 1833/3830/1747 1837/3841/1750 219/3831/1246
f 1837/3842/1750 218/2625/1248 219/2622/1246
f 197/2606/1236 1838/3812/1735 1834/3811/1734
f 1838/3812/1735 1839/3843/1751 1834/3811/1734
f 1834/3811/1734 1839/3843/1751 1835/3836/1748
f 1839/3843/1751 1840/3844/1752 1835/3836/1748
f 1835/3836/1748 1840/3844/1752 1836/3837/1749
f 1840/3844/1752 1841/3845/1753 1836/3837/1749
f 1836/3837/1749 1841/3845/1753 1837/3841/1750
f 1841/3845/1753 1842/3846/1754 1837/3841/1750
f 1837/3847/1750 1842/3848/1754 218/2629/1248
f 1842/3848/1754 217/2627/1250 218/2629/1248
f 198/2604/1235 1843/3813/1736 1838/3812/1735
f 1843/3813/1736 1844/3849/1755 1838/3812/1735
f 1838/3812/1735 1844/3849/1755 1839/3843/1751
f 1844/3849/1755 1845/3850/1756 1839/3843/1751
f 1839/3843/1751 1845/3850/1756 1840/3844/1752
f 1845/3850/1756 1846/3851/1757 1840/3844/1752
f 1840/3844/1752 1846/3851/1757 1841/3845/1753
f 1846/3851/1757 1847/3852/1758 1841/3845/1753
f 1841/3845/1753 1847/3852/1758 1842/3846/1754
f 1847/3852/1758 1848/3853/1759 1842/3846/1754
f 1842/3854/1754 1848/3855/1759 217/3856/1250
f 1848/3857/1759 216/2630/1252 217/2627/1250
f 199/2602/1234 1849/3814/1737 1843/3813/1736
f 1849/3814/1737 1850/3858/1760 1843/3813/1736
f 1843/3813/1736 1850/3858/1760 1844/3849/1755
f 1850/3859/1760 1851/3860/1761 1844/3861/1755
f 1844/3849/1755 1851/3862/1761 1845/3850/1756
f 1851/3862/1761 1852/3863/1762 1845/3850/1756
f 1845/3850/1756 1852/3863/1762 1846/3851/1757
f 1852/3863/1762 1853/3864/1763 1846/3851/1757
f 1846/3851/1757 1853/3864/1763 1847/3852/1758
f 1853/3864/1763 1854/3865/1764 1847/3852/1758
f 1847/3866/1758 1854/3867/1764 1848/3857/1759
f 1854/3867/1764 1855/3868/1765 1848/3857/1759
f 1848/3857/1759 1855/3868/1765 216/2630/1252
f 1855/3868/1765 215/2632/1254 216/2630/1252
f 200/2600/1233 1856/3815/1738 1849/3814/1737
f 1856/3815/1738 1857/3869/1766 1849/3814/1737
f 1849/3814/1737 1857/3869/1766 1850/3858/1760
f 1857/3869/1766 1858/3870/1767 1850/3858/1760
f 1850/3858/1760 1858/3870/1767 1851/3862/1761
f 1858/3870/1767 1859/3871/1768 1851/3862/1761
f 1851/3862/1761 1859/3871/1768 1852/3863/1762
f 1859/3871/1768 1860/3872/1769 1852/3863/1762
f 1852/3863/1762 1860/3872/1769 1853/3864/1763
f 1860/3872/1769 1861/3873/1770 1853/3864/1763
f 1853/3864/1763 1861/3873/1770 1854/3865/1764
f 1861/3873/1770 1862/3874/1771 1854/3865/1764
f 1854/3865/1764 1862/3874/1771 1855/3875/1765
f 1862/3874/1771 1863/3876/1772 1855/3875/1765
f 1855/3868/1765 1863/3877/1772 215/2632/1254
f 1863/3876/1772 214/3878/1256 215/3879/1254
f 201/2598/1232 1864/3816/1739 1856/3815/1738
f 1864/3816/1739 1865/3880/1773 1856/3815/1738
f 1856/3815/1738 1865/3880/1773 1857/3869/1766
f 1865/3880/1773 1866/3881/1774 1857/3869/1766
f 1857/3869/1766 1866/3881/1774 1858/3870/1767
f 1866/3881/1774 1867/3882/1775 1858/3870/1767
f 1858/3870/1767 1867/3882/1775 1859/3871/1768
f 1867/3882/1775 1868/3883/1776 1859/3871/1768
f 1859/3871/1768 1868/3883/1776 1860/3872/1769
f 1868/3883/1776 1869/3884/1777 1860/3872/1769
f 1860/3872/1769 1869/3884/1777 1861/3873/1770
f 1869/3884/1777 1870/3885/1778 1861/3873/1770
f 1861/3886/1770 1870/3887/1778 1862/3888/1771
f 1870/3885/1778 1871/3889/1779 1862/3874/1771
f 1862/3874/1771 1871/3889/1779 1863/3876/1772
f 1871/3889/1779 1872/3890/1780 1863/3876/1772
f 1863/3876/1772 1872/3890/1780 214/3878/1256
f 1872/3890/1780 213/3891/1258 214/3878/1256
f 202/2597/1231 1873/3817/1740 1864/3816/1739
f 1873/3817/1740 1874/3892/1781 1864/3816/1739
f 1864/3816/1739 1874/3892/1781 1865/3880/1773
f 1874/3892/1781 1875/3893/1782 1865/3880/1773
f 1865/3880/1773 1875/3893/1782 1866/3881/1774
f 1875/3893/1782 1876/3894/1783 1866/3881/1774
f 1866/3881/1774 1876/3894/1783 1867/3882/1775
f 1876/3894/1783 1877/3895/1784 1867/3882/1775
f 1867/3882/1775 1877/3895/1784 1868/3883/1776
f 1877/3895/1784 1878/3896/1785 1868/3883/1776
f 1868/3883/1776 1878/3896/1785 1869/3884/1777
f 1878/3896/1785 1879/3897/1786 1869/3884/1777
f 1869/3884/1777 1879/3897/1786 1870/3885/1778
f 1879/3897/1786 1880/3898/1787 1870/3885/1778
f 1870/3899/1778 1880/3900/1787 1871/3901/1779
f 1880/3900/1787 1881/3902/1788 1871/3901/1779
f 1871/3889/1779 1881/3903/1788 1872/3890/1780
f 1881/3903/1788 1882/3904/1789 1872/3890/1780
f 1872/3890/1780 1882/3904/1789 213/3891/1258
f 1882/3905/1789 212/3906/1260 213/3907/1258
f 203/2593/1230 1883/3818/1741 1873/3817/1740
f 1883/3818/1741 1884/3908/1790 1873/3817/1740
f 1873/3817/1740 1884/3908/1790 1874/3892/1781
f 1884/3908/1790 1885/3909/1791 1874/3892/1781
f 1874/3892/1781 1885/3909/1791 1875/3893/1782
f 1885/3909/1791 1886/3910/1792 1875/3893/1782
f 1875/3893/1782 1886/3910/1792 1876/3894/1783
f 1886/3910/1792 1887/3911/1793 1876/3894/1783
f 1876/3894/1783 1887/3911/1793 1877/3895/1784
f 1887/3911/1793 1888/3912/1794 1877/3895/1784
f 1877/3895/1784 1888/3912/1794 1878/3896/1785
f 1888/3912/1794 1889/3913/1795 1878/3896/1785
f 1878/3896/1785 1889/3913/1795 1879/3897/1786
f 1889/3913/1795 1890/3914/1796 1879/3897/1786
f 1879/3897/1786 1890/3914/1796 1880/3898/1787
f 1890/3914/1796 1891/3915/1797 1880/3898/1787
f 1880/3900/1787 1891/3916/1797 1881/3902/1788
f 1891/3916/1797 1892/3917/1798 1881/3902/1788
f 1881/3903/1788 1892/3918/1798 1882/3904/1789
f 1892/3918/1798 1893/3919/1799 1882/3904/1789
f 1882/3905/1789 1893/3920/1799 212/3906/1260
f 1893/3921/1799 211/2643/1262 212/2640/1260
f 204/2592/1229 1894/3819/1742 1883/3818/1741
f 1894/3819/1742 1895/3922/1800 1883/3818/1741
f 1883/3818/1741 1895/3922/1800 1884/3908/1790
f 1895/3923/1800 1896/3924/1801 1884/3925/1790
f 1884/3925/1790 1896/3924/1801 1885/3926/1791
f 1896/3924/1801 1897/3927/1802 1885/3926/1791
f 1885/3909/1791 1897/3928/1802 1886/3910/1792
f 1897/3928/1802 1898/3929/1803 1886/3910/1792
f 1886/3930/1792 1898/3931/1803 1887/3932/1793
f 1898/3933/1803 1899/3934/1804 1887/3935/1793
f 1887/3911/1793 1899/3936/1804 1888/3912/1794
f 1899/3937/1804 1900/3938/1805 1888/3939/1794
f 1888/3939/1794 1900/3938/1805 1889/3940/1795
f 1900/3941/1805 1901/3942/1806 1889/3913/1795
f 1889/3913/1795 1901/3942/1806 1890/3914/1796
f 1901/3942/1806 1902/3943/1807 1890/3914/1796
f 1890/3914/1796 1902/3943/1807 1891/3915/1797
f 1902/3944/1807 1903/3945/1808 1891/3946/1797
f 1891/3916/1797 1903/3947/1808 1892/3917/1798
f 1903/3947/1808 1904/3948/1809 1892/3917/1798
f 1892/3917/1798 1904/3948/1809 1893/3949/1799
f 1904/3948/1809 1905/3950/1810 1893/3949/1799
f 1893/3951/1799 1905/3952/1810 211/2647/1262
f 1905/3952/1810 210/2645/1264 211/2647/1262
f 205/2591/1228 1906/3820/1743 1894/3819/1742
f 1906/3953/1743 1907/3954/1811 1894/3955/1742
f 1894/3819/1742 1907/3956/1811 1895/3922/1800
f 1907/3956/1811 1908/3957/1812 1895/3922/1800
f 1895/3922/1800 1908/3957/1812 1896/3958/1801
f 1908/3957/1812 1909/3959/1813 1896/3958/1801
f 1896/3958/1801 1909/3959/1813 1897/3928/1802
f 1909/3959/1813 1910/3960/1814 1897/3928/1802
f 1897/3928/1802 1910/3960/1814 1898/3929/1803
f 1910/3960/1814 1911/3961/1815 1898/3929/1803
f 1898/3933/1803 1911/3962/1815 1899/3934/1804
f 1911/3962/1815 1912/3963/1816 1899/3934/1804
f 1899/3934/1804 1912/3963/1816 1900/3964/1805
f 1912/3965/1816 1913/3966/1817 1900/3967/1805
f 1900/3941/1805 1913/3968/1817 1901/3942/1806
f 1913/3969/1817 1914/3970/1818 1901/3971/1806
f 1901/3971/1806 1914/3970/1818 1902/3944/1807
f 1914/3970/1818 1915/3972/1819 1902/3944/1807
f 1902/3944/1807 1915/3972/1819 1903/3945/1808
f 1915/3972/1819 1916/3973/1820 1903/3945/1808
f 1903/3947/1808 1916/3974/1820 1904/3948/1809
f 1916/3974/1820 1917/3975/1821 1904/3948/1809
f 1904/3948/1809 1917/3975/1821 1905/3950/1810
f 1917/3975/1821 1918/3976/1822 1905/3950/1810
f 1905/3977/1810 1918/3978/1822 210/3979/1264
f 1918/3980/1822 209/3981/1266 210/3982/1264
f 206/2590/1227 1919/3983/1744 1906/3820/1743
f 1919/3983/1744 1920/3984/1823 1906/3820/1743
f 1906/3953/1743 1920/3985/1823 1907/3954/1811
f 1920/3985/1823 1921/3986/1824 1907/3954/1811
f 1907/3956/1811 1921/3987/1824 1908/3957/1812
f 1921/3987/1824 1922/3988/1825 1908/3957/1812
f 1908/3957/1812 1922/3988/1825 1909/3959/1813
f 1922/3988/1825 1923/3989/1826 1909/3959/1813
f 1909/3959/1813 1923/3989/1826 1910/3960/1814
f 1923/3989/1826 1924/3990/1827 1910/3960/1814
f 1910/3960/1814 1924/3990/1827 1911/3961/1815
f 1924/3990/1827 1925/3991/1828 1911/3961/1815
f 1911/3962/1815 1925/3992/1828 1912/3963/1816
f 1925/3991/1828 1926/3993/1829 1912/3994/1816
f 1912/3994/1816 1926/3993/1829 1913/3968/1817
f 1926/3993/1829 1927/3995/1830 1913/3968/1817
f 1913/3996/1817 1927/3997/1830 1914/3998/1818
f 1927/3997/1830 1928/3999/1831 1914/3998/1818
f 1914/3970/1818 1928/4000/1831 1915/3972/1819
f 1928/4000/1831 1929/4001/1832 1915/3972/1819
f 1915/3972/1819 1929/4001/1832 1916/3973/1820
f 1929/4002/1832 1930/4003/1833 1916/4004/1820
f 1916/4004/1820 1930/4003/1833 1917/4005/1821
f 1930/4003/1833 1931/4006/1834 1917/4005/1821
f 1917/4005/1821 1931/4006/1834 1918/4007/1822
f 1931/4008/1834 1932/4009/1835 1918/4010/1822
f 1918/4011/1822 1932/4012/1835 209/4013/1266
f 1932/4014/1835 208/4015/23 209/4016/1266
f 207/17/13 57/16/12 1919/3821/1744
f 57/4017/12 56/4018/1836 1919/4019/1744
f 1919/4020/1744 56/4021/1836 1920/4022/1823
f 56/4021/1836 55/4023/1837 1920/4022/1823
f 1920/4022/1823 55/4023/1837 1921/4024/1824
f 55/4023/1837 54/4025/1838 1921/4024/1824
f 1921/4024/1824 54/4025/1838 1922/4026/1825
f 54/4027/1838 53/4028/1839 1922/4029/1825
f 1922/4029/1825 53/4028/1839 1923/4030/1826
f 53/4028/1839 52/4031/1840 1923/4030/1826
f 1923/4030/1826 52/4031/1840 1924/4032/1827
f 52/4033/1840 51/4034/1841 1924/3990/1827
f 1924/3990/1827 51/4034/1841 1925/3991/1828
f 51/4034/1841 50/4035/1842 1925/3991/1828
f 1925/3991/1828 50/4035/1842 1926/3993/1829
f 50/4035/1842 49/4036/1843 1926/3993/1829
f 1926/3993/1829 49/4036/1843 1927/3995/1830
f 49/4037/1843 48/4038/1844 1927/4039/1830
f 1927/3997/1830 48/4040/1844 1928/3999/1831
f 48/4040/1844 47/4041/1845 1928/3999/1831
f 1928/4042/1831 47/4043/1845 1929/4002/1832
f 47/4043/1845 46/4044/1846 1929/4002/1832
f 1929/4002/1832 46/4044/1846 1930/4003/1833
f 46/4044/1846 45/4045/1847 1930/4003/1833
f 1930/4003/1833 45/4045/1847 1931/4006/1834
f 45/4046/1847 44/4047/1848 1931/4008/1834
f 1931/4008/1834 44/4047/1848 1932/4009/1835
f 44/4047/1848 43/4048/1849 1932/4009/1835
f 1932/4014/1835 43/4049/1849 208/4015/23
f 43/4050/1849 2/4051/4 208/4052/23
f 163/4053/1373 192/4054/709 11/4055/40
f 164/2940/1372 1933/4056/1850 163/2942/1373
f 165/2938/1371 1934/4057/1851 164/2940/1372
f 166/2934/1370 1936/4058/1852 165/2936/1371
f 167/2930/1369 1939/4059/1853 166/2932/1370
f 168/4060/1368 1943/4061/1854 167/2930/1369
f 169/2924/1367 1948/4062/1855 168/2926/1368
f 170/2920/1366 1954/4063/1856 169/2922/1367
f 171/4064/1365 1961/4065/1857 170/2920/1366
f 172/4066/1364 1969/4067/1858 171/4064/1365
f 173/4068/1363 1978/4069/1859 172/4066/1364
f 174/2910/1362 1988/4070/1860 173/2911/1363
f 175/4071/1361 1999/4072/1861 174/4073/1362
f 176/2904/1360 2011/4074/1862 175/2905/1361
f 177/4075/10 2024/4076/1863 176/4077/1360
f 163/4053/1373 1933/4078/1850 192/4054/709
f 1933/4056/1850 191/1347/710 192/1349/709
f 164/2940/1372 1934/4057/1851 1933/4056/1850
f 1934/4057/1851 1935/4079/1864 1933/4056/1850
f 1933/4056/1850 1935/4079/1864 191/1347/710
f 1935/4079/1864 190/1350/712 191/1347/710
f 165/2936/1371 1936/4058/1852 1934/4080/1851
f 1936/4081/1852 1937/4082/1865 1934/4057/1851
f 1934/4057/1851 1937/4082/1865 1935/4079/1864
f 1937/4082/1865 1938/4083/1866 1935/4079/1864
f 1935/4079/1864 1938/4083/1866 190/1350/712
f 1938/4084/1866 189/1352/714 190/1354/712
f 166/2932/1370 1939/4059/1853 1936/4081/1852
f 1939/4059/1853 1940/4085/1867 1936/4081/1852
f 1936/4081/1852 1940/4085/1867 1937/4082/1865
f 1940/4085/1867 1941/4086/1868 1937/4082/1865
f 1937/4082/1865 1941/4086/1868 1938/4083/1866
f 1941/4087/1868 1942/4088/1869 1938/4084/1866
f 1938/4084/1866 1942/4088/1869 189/1352/714
f 1942/4088/1869 188/1355/716 189/1352/714
f 167/2930/1369 1943/4061/1854 1939/4059/1853
f 1943/4061/1854 1944/4089/1870 1939/4059/1853
f 1939/4090/1853 1944/4091/1870 1940/4092/1867
f 1944/4093/1870 1945/4094/1871 1940/4095/1867
f 1940/4096/1867 1945/4097/1871 1941/4098/1868
f 1945/4099/1871 1946/4100/1872 1941/4101/1868
f 1941/4102/1868 1946/4103/1872 1942/4104/1869
f 1946/4105/1872 1947/4106/1873 1942/4088/1869
f 1942/4088/1869 1947/4106/1873 188/1355/716
f 1947/4107/1873 187/1357/718 188/1359/716
f 168/2926/1368 1948/4062/1855 1943/4108/1854
f 1948/4062/1855 1949/4109/1874 1943/4108/1854
f 1943/4108/1854 1949/4109/1874 1944/4110/1870
f 1949/4109/1874 1950/4111/1875 1944/4110/1870
f 1944/4112/1870 1950/4113/1875 1945/4114/1871
f 1950/4113/1875 1951/4115/1876 1945/4114/1871
f 1945/4114/1871 1951/4115/1876 1946/4116/1872
f 1951/4115/1876 1952/4117/1877 1946/4116/1872
f 1946/4116/1872 1952/4117/1877 1947/4118/1873
f 1952/4117/1877 1953/4119/1878 1947/4118/1873
f 1947/4118/1873 1953/4119/1878 187/4120/718
f 1953/4121/1878 186/4122/720 187/4123/718
f 169/2924/1367 1954/4124/1856 1948/4062/1855
f 1954/4124/1856 1955/4125/1879 1948/4062/1855
f 1948/4062/1855 1955/4125/1879 1949/4109/1874
f 1955/4126/1879 1956/4127/1880 1949/4128/1874
f 1949/4128/1874 1956/4127/1880 1950/4113/1875
f 1956/4127/1880 1957/4129/1881 1950/4113/1875
f 1950/4113/1875 1957/4129/1881 1951/4115/1876
f 1957/4130/1881 1958/4131/1882 1951/4132/1876
f 1951/4133/1876 1958/4134/1882 1952/4135/1877
f 1958/4136/1882 1959/4137/1883 1952/4117/1877
f 1952/4117/1877 1959/4137/1883 1953/4119/1878
f 1959/4137/1883 1960/4138/1884 1953/4119/1878
f 1953/4119/1878 1960/4138/1884 186/4139/720
f 1960/4138/1884 185/1367/722 186/4139/720
f 170/2920/1366 1961/4065/1857 1954/4063/1856
f 1961/4140/1857 1962/4141/1885 1954/4124/1856
f 1954/4124/1856 1962/4141/1885 1955/4125/1879
f 1962/4141/1885 1963/4142/1886 1955/4125/1879
f 1955/4143/1879 1963/4144/1886 1956/4145/1880
f 1963/4144/1886 1964/4146/1887 1956/4145/1880
f 1956/4127/1880 1964/4147/1887 1957/4129/1881
f 1964/4148/1887 1965/4149/1888 1957/4150/1881
f 1957/4130/1881 1965/4151/1888 1958/4131/1882
f 1965/4152/1888 1966/4153/1889 1958/4136/1882
f 1958/4136/1882 1966/4153/1889 1959/4137/1883
f 1966/4154/1889 1967/4155/1890 1959/4156/1883
f 1959/4157/1883 1967/4158/1890 1960/4159/1884
f 1967/4160/1890 1968/4161/1891 1960/4138/1884
f 1960/4138/1884 1968/4161/1891 185/1367/722
f 1968/4161/1891 184/1365/724 185/1367/722
f 171/4064/1365 1969/4067/1858 1961/4065/1857
f 1969/4162/1858 1970/4163/1892 1961/4140/1857
f 1961/4140/1857 1970/4163/1892 1962/4141/1885
f 1970/4163/1892 1971/4164/1893 1962/4141/1885
f 1962/4165/1885 1971/4166/1893 1963/4167/1886
f 1971/4166/1893 1972/4168/1894 1963/4167/1886
f 1963/4144/1886 1972/4169/1894 1964/4146/1887
f 1972/4170/1894 1973/4171/1895 1964/4172/1887
f 1964/4147/1887 1973/4173/1895 1965/4152/1888
f 1973/4173/1895 1974/4174/1896 1965/4152/1888
f 1965/4152/1888 1974/4174/1896 1966/4153/1889
f 1974/4174/1896 1975/4175/1897 1966/4153/1889
f 1966/4153/1889 1975/4175/1897 1967/4160/1890
f 1975/4175/1897 1976/4176/1898 1967/4160/1890
f 1967/4160/1890 1976/4176/1898 1968/4161/1891
f 1976/4176/1898 1977/4177/1899 1968/4161/1891
f 1968/4161/1891 1977/4177/1899 184/1365/724
f 1977/4177/1899 183/1373/726 184/1365/724
f 172/4066/1364 1978/4069/1859 1969/4067/1858
f 1978/4178/1859 1979/4179/1900 1969/4180/1858
f 1969/4181/1858 1979/4182/1900 1970/4183/1892
f 1979/4184/1900 1980/4185/1901 1970/4163/1892
f 1970/4163/1892 1980/4185/1901 1971/4164/1893
f 1980/4185/1901 1981/4186/1902 1971/4164/1893
f 1971/4164/1893 1981/4186/1902 1972/4170/1894
f 1981/4186/1902 1982/4187/1903 1972/4170/1894
f 1972/4170/1894 1982/4187/1903 1973/4171/1895
f 1982/4187/1903 1983/4188/1904 1973/4171/1895
f 1973/4171/1895 1983/4188/1904 1974/4189/1896
f 1983/4188/1904 1984/4190/1905 1974/4189/1896
f 1974/4189/1896 1984/4190/1905 1975/4191/1897
f 1984/4190/1905 1985/4192/1906 1975/4191/1897
f 1975/4175/1897 1985/4193/1906 1976/4176/1898
f 1985/4193/1906 1986/4194/1907 1976/4176/1898
f 1976/4195/1898 1986/4196/1907 1977/4197/1899
f 1986/4196/1907 1987/4198/1908 1977/4197/1899
f 1977/4177/1899 1987/4199/1908 183/1373/726
f 1987/4199/1908 182/1371/728 183/1373/726
f 173/2911/1363 1988/4070/1860 1978/4200/1859
f 1988/4070/1860 1989/4201/1909 1978/4200/1859
f 1978/4202/1859 1989/4203/1909 1979/4204/1900
f 1989/4203/1909 1990/4205/1910 1979/4204/1900
f 1979/4204/1900 1990/4205/1910 1980/4206/1901
f 1990/4205/1910 1991/4207/1911 1980/4206/1901
f 1980/4206/1901 1991/4207/1911 1981/4208/1902
f 1991/4207/1911 1992/4209/1912 1981/4208/1902
f 1981/4208/1902 1992/4209/1912 1982/4210/1903
f 1992/4209/1912 1993/4211/1913 1982/4210/1903
f 1982/4210/1903 1993/4211/1913 1983/4212/1904
f 1993/4211/1913 1994/4213/1914 1983/4212/1904
f 1983/4212/1904 1994/4213/1914 1984/4214/1905
f 1994/4213/1914 1995/4215/1915 1984/4214/1905
f 1984/4214/1905 1995/4215/1915 1985/4216/1906
f 1995/4215/1915 1996/4217/1916 1985/4216/1906
f 1985/4216/1906 1996/4217/1916 1986/4218/1907
f 1996/4219/1916 1997/4220/1917 1986/4196/1907
f 1986/4196/1907 1997/4220/1917 1987/4198/1908
f 1997/4221/1917 1998/4222/1918 1987/4223/1908
f 1987/4224/1908 1998/4225/1918 182/1376/728
f 1998/4225/1918 181/1374/730 182/1376/728
f 174/4073/1362 1999/4072/1861 1988/4226/1860
f 1999/4072/1861 2000/4227/1919 1988/4226/1860
f 1988/4070/1860 2000/4228/1919 1989/4201/1909
f 2000/4228/1919 2001/4229/1920 1989/4201/1909
f 1989/4203/1909 2001/4230/1920 1990/4205/1910
f 2001/4230/1920 2002/4231/1921 1990/4205/1910
f 1990/4205/1910 2002/4231/1921 1991/4207/1911
f 2002/4231/1921 2003/4232/1922 1991/4207/1911
f 1991/4207/1911 2003/4232/1922 1992/4209/1912
f 2003/4232/1922 2004/4233/1923 1992/4209/1912
f 1992/4209/1912 2004/4233/1923 1993/4211/1913
f 2004/4233/1923 2005/4234/1924 1993/4211/1913
f 1993/4235/1913 2005/4236/1924 1994/4237/1914
f 2005/4236/1924 2006/4238/1925 1994/4237/1914
f 1994/4237/1914 2006/4238/1925 1995/4239/1915
f 2006/4238/1925 2007/4240/1926 1995/4239/1915
f 1995/4239/1915 2007/4240/1926 1996/4219/1916
f 2007/4240/1926 2008/4241/1927 1996/4219/1916
f 1996/4219/1916 2008/4241/1927 1997/4220/1917
f 2008/4242/1927 2009/4243/1928 1997/4244/1917
f 1997/4221/1917 2009/4245/1928 1998/4222/1918
f 2009/4245/1928 2010/4246/1929 1998/4222/1918
f 1998/4222/1918 2010/4246/1929 181/1379/730
f 2010/4246/1929 180/1377/732 181/1379/730
f 175/4071/1361 2011/4247/1862 1999/4072/1861
f 2011/4247/1862 2012/4248/1930 1999/4072/1861
f 1999/4249/1861 2012/4250/1930 2000/4251/1919
f 2012/4248/1930 2013/4252/1931 2000/4227/1919
f 2000/4227/1919 2013/4252/1931 2001/4230/1920
f 2013/4252/1931 2014/4253/1932 2001/4230/1920
f 2001/4230/1920 2014/4253/1932 2002/4231/1921
f 2014/4253/1932 2015/4254/1933 2002/4231/1921
f 2002/4231/1921 2015/4254/1933 2003/4232/1922
f 2015/4255/1933 2016/4256/1934 2003/4257/1922
f 2003/4257/1922 2016/4256/1934 2004/4258/1923
f 2016/4256/1934 2017/4259/1935 2004/4258/1923
f 2004/4258/1923 2017/4259/1935 2005/4260/1924
f 2017/4261/1935 2018/4262/1936 2005/4234/1924
f 2005/4234/1924 2018/4262/1936 2006/4263/1925
f 2018/4262/1936 2019/4264/1937 2006/4263/1925
f 2006/4238/1925 2019/4265/1937 2007/4240/1926
f 2019/4265/1937 2020/4266/1938 2007/4240/1926
f 2007/4267/1926 2020/4268/1938 2008/4269/1927
f 2020/4268/1938 2021/4270/1939 2008/4269/1927
f 2008/4242/1927 2021/4271/1939 2009/4243/1928
f 2021/4271/1939 2022/4272/1940 2009/4243/1928
f 2009/4243/1928 2022/4272/1940 2010/4273/1929
f 2022/4272/1940 2023/4274/1941 2010/4273/1929
f 2010/4273/1929 2023/4274/1941 180/4275/732
f 2023/4276/1941 179/1380/734 180/1382/732
f 176/4077/1360 2024/4076/1863 2011/4247/1862
f 2024/4076/1863 2025/4277/1942 2011/4247/1862
f 2011/4247/1862 2025/4277/1942 2012/4248/1930
f 2025/4277/1942 2026/4278/1943 2012/4248/1930
f 2012/4248/1930 2026/4278/1943 2013/4252/1931
f 2026/4278/1943 2027/4279/1944 2013/4252/1931
f 2013/4280/1931 2027/4281/1944 2014/4282/1932
f 2027/4279/1944 2028/4283/1945 2014/4253/1932
f 2014/4253/1932 2028/4283/1945 2015/4254/1933
f 2028/4283/1945 2029/4284/1946 2015/4254/1933
f 2015/4254/1933 2029/4284/1946 2016/4285/1934
f 2029/4284/1946 2030/4286/1947 2016/4285/1934
f 2016/4285/1934 2030/4286/1947 2017/4261/1935
f 2030/4286/1947 2031/4287/1948 2017/4261/1935
f 2017/4261/1935 2031/4287/1948 2018/4262/1936
f 2031/4287/1948 2032/4288/1949 2018/4262/1936
f 2018/4262/1936 2032/4288/1949 2019/4264/1937
f 2032/4288/1949 2033/4289/1950 2019/4264/1937
f 2019/4264/1937 2033/4289/1950 2020/4268/1938
f 2033/4289/1950 2034/4290/1951 2020/4268/1938
f 2020/4268/1938 2034/4290/1951 2021/4270/1939
f 2034/4290/1951 2035/4291/1952 2021/4270/1939
f 2021/4270/1939 2035/4291/1952 2022/4292/1940
f 2035/4291/1952 2036/4293/1953 2022/4292/1940
f 2022/4272/1940 2036/4294/1953 2023/4274/1941
f 2036/4295/1953 2037/4296/1954 2023/4297/1941
f 2023/4276/1941 2037/4298/1954 179/1380/734
f 2037/4298/1954 178/1383/27 179/1380/734
f 177/4075/10 72/4299/6 2024/4076/1863
f 72/4299/6 71/4300/1955 2024/4076/1863
f 2024/4076/1863 71/4300/1955 2025/4277/1942
f 71/4301/1955 70/4302/1956 2025/4303/1942
f 2025/4304/1942 70/4305/1956 2026/4306/1943
f 70/4307/1956 69/4308/1957 2026/4309/1943
f 2026/4310/1943 69/4311/1957 2027/4312/1944
f 69/4311/1957 68/4313/1958 2027/4312/1944
f 2027/4312/1944 68/4313/1958 2028/4314/1945
f 68/4315/1958 67/4316/1959 2028/4283/1945
f 2028/4283/1945 67/4316/1959 2029/4284/1946
f 67/4316/1959 66/4317/1960 2029/4284/1946
f 2029/4318/1946 66/4319/1960 2030/4320/1947
f 66/4317/1960 65/4321/1961 2030/4286/1947
f 2030/4286/1947 65/4321/1961 2031/4287/1948
f 65/4321/1961 64/4322/1962 2031/4287/1948
f 2031/4287/1948 64/4322/1962 2032/4288/1949
f 64/4322/1962 63/4323/1963 2032/4288/1949
f 2032/4288/1949 63/4323/1963 2033/4289/1950
f 63/4323/1963 62/4324/1964 2033/4289/1950
f 2033/4289/1950 62/4324/1964 2034/4290/1951
f 62/4324/1964 61/4325/1965 2034/4290/1951
f 2034/4290/1951 61/4325/1965 2035/4291/1952
f 61/4325/1965 60/4326/1966 2035/4291/1952
f 2035/4291/1952 60/4326/1966 2036/4293/1953
f 60/4327/1966 59/4328/1967 2036/4329/1953
f 2036/4295/1953 59/4330/1967 2037/4296/1954
f 59/4330/1967 58/4331/1968 2037/4296/1954
f 2037/4298/1954 58/4332/1968 178/1383/27
f 58/4332/1968 6/4333/20 178/1383/27
f 87/4334/1969 162/4335/21 6/4336/20
f 86/4337/1970 2038/4338/1971 87/4339/1969
f 85/4340/1972 2039/4341/1973 86/4337/1970
f 84/4342/1974 2041/4343/1975 85/4344/1972
f 83/4345/1976 2044/4346/1977 84/4342/1974
f 82/4347/1978 2048/4348/1979 83/4345/1976
f 81/4349/1980 2053/4350/1981 82/4347/1978
f 80/4351/1982 2059/4352/1983 81/4353/1980
f 79/4354/1984 2066/4355/1985 80/4351/1982
f 78/4356/1986 2074/4357/1987 79/4354/1984
f 77/4358/1988 2083/4359/1989 78/4356/1986
f 76/4360/1990 2093/4361/1991 77/4358/1988
f 75/4362/1992 2104/4363/1993 76/4360/1990
f 74/4364/1994 2116/4365/1995 75/4362/1992
f 73/11/9 2129/4366/1996 74/4364/1994
f 87/4334/1969 2038/4367/1971 162/4335/21
f 2038/4367/1971 161/4368/1479 162/4335/21
f 86/4337/1970 2039/4341/1973 2038/4338/1971
f 2039/4369/1973 2040/4370/1997 2038/4371/1971
f 2038/4372/1971 2040/4373/1997 161/4374/1479
f 2040/4375/1997 160/3221/1480 161/3220/1479
f 85/4340/1972 2041/4376/1975 2039/4341/1973
f 2041/4377/1975 2042/4378/1998 2039/4379/1973
f 2039/4369/1973 2042/4380/1998 2040/4370/1997
f 2042/4381/1998 2043/4382/1999 2040/4383/1997
f 2040/4384/1997 2043/4385/1999 160/4386/1480
f 2043/4385/1999 159/4387/1481 160/4386/1480
f 84/4342/1974 2044/4346/1977 2041/4343/1975
f 2044/4388/1977 2045/4389/2000 2041/4390/1975
f 2041/4391/1975 2045/4392/2000 2042/4393/1998
f 2045/4392/2000 2046/4394/2001 2042/4393/1998
f 2042/4381/1998 2046/4395/2001 2043/4382/1999
f 2046/4395/2001 2047/4396/2002 2043/4382/1999
f 2043/4382/1999 2047/4396/2002 159/4397/1481
f 2047/4396/2002 158/4398/1482 159/4397/1481
f 83/4345/1976 2048/4348/1979 2044/4346/1977
f 2048/4348/1979 2049/4399/2003 2044/4346/1977
f 2044/4388/1977 2049/4400/2003 2045/4389/2000
f 2049/4400/2003 2050/4401/2004 2045/4389/2000
f 2045/4389/2000 2050/4401/2004 2046/4402/2001
f 2050/4401/2004 2051/4403/2005 2046/4402/2001
f 2046/4395/2001 2051/4404/2005 2047/4396/2002
f 2051/4404/2005 2052/4405/2006 2047/4396/2002
f 2047/4396/2002 2052/4405/2006 158/4398/1482
f 2052/4405/2006 157/4406/1483 158/4398/1482
f 82/4407/1978 2053/4408/1981 2048/4409/1979
f 2053/4408/1981 2054/4410/2007 2048/4409/1979
f 2048/4409/1979 2054/4410/2007 2049/4411/2003
f 2054/4412/2007 2055/4413/2008 2049/4414/2003
f 2049/4414/2003 2055/4413/2008 2050/4415/2004
f 2055/4413/2008 2056/4416/2009 2050/4415/2004
f 2050/4415/2004 2056/4416/2009 2051/4417/2005
f 2056/4418/2009 2057/4419/2010 2051/4420/2005
f 2051/4404/2005 2057/4421/2010 2052/4405/2006
f 2057/4421/2010 2058/4422/2011 2052/4405/2006
f 2052/4405/2006 2058/4422/2011 157/4406/1483
f 2058/4422/2011 156/3235/1484 157/4406/1483
f 81/4353/1980 2059/4352/1983 2053/4408/1981
f 2059/4352/1983 2060/4423/2012 2053/4408/1981
f 2053/4408/1981 2060/4423/2012 2054/4410/2007
f 2060/4423/2012 2061/4424/2013 2054/4410/2007
f 2054/4410/2007 2061/4424/2013 2055/4425/2008
f 2061/4424/2013 2062/4426/2014 2055/4425/2008
f 2055/4425/2008 2062/4426/2014 2056/4427/2009
f 2062/4426/2014 2063/4428/2015 2056/4427/2009
f 2056/4429/2009 2063/4430/2015 2057/4431/2010
f 2063/4432/2015 2064/4433/2016 2057/4421/2010
f 2057/4421/2010 2064/4433/2016 2058/4422/2011
f 2064/4434/2016 2065/4435/2017 2058/4436/2011
f 2058/4422/2011 2065/4437/2017 156/3235/1484
f 2065/4437/2017 155/3236/1485 156/3235/1484
f 80/4351/1982 2066/4355/1985 2059/4352/1983
f 2066/4355/1985 2067/4438/2018 2059/4352/1983
f 2059/4352/1983 2067/4438/2018 2060/4423/2012
f 2067/4438/2018 2068/4439/2019 2060/4423/2012
f 2060/4423/2012 2068/4439/2019 2061/4424/2013
f 2068/4439/2019 2069/4440/2020 2061/4424/2013
f 2061/4424/2013 2069/4440/2020 2062/4426/2014
f 2069/4440/2020 2070/4441/2021 2062/4426/2014
f 2062/4442/2014 2070/4443/2021 2063/4444/2015
f 2070/4443/2021 2071/4445/2022 2063/4444/2015
f 2063/4432/2015 2071/4446/2022 2064/4433/2016
f 2071/4446/2022 2072/4447/2023 2064/4433/2016
f 2064/4448/2016 2072/4449/2023 2065/4450/2017
f 2072/4449/2023 2073/4451/2024 2065/4450/2017
f 2065/4437/2017 2073/4452/2024 155/3236/1485
f 2073/4453/2024 154/4454/1486 155/4455/1485
f 79/4354/1984 2074/4357/1987 2066/4355/1985
f 2074/4357/1987 2075/4456/2025 2066/4355/1985
f 2066/4355/1985 2075/4456/2025 2067/4438/2018
f 2075/4456/2025 2076/4457/2026 2067/4438/2018
f 2067/4458/2018 2076/4459/2026 2068/4460/2019
f 2076/4459/2026 2077/4461/2027 2068/4460/2019
f 2068/4460/2019 2077/4461/2027 2069/4462/2020
f 2077/4461/2027 2078/4463/2028 2069/4462/2020
f 2069/4440/2020 2078/4464/2028 2070/4441/2021
f 2078/4464/2028 2079/4465/2029 2070/4441/2021
f 2070/4441/2021 2079/4465/2029 2071/4466/2022
f 2079/4465/2029 2080/4467/2030 2071/4466/2022
f 2071/4446/2022 2080/4468/2030 2072/4447/2023
f 2080/4469/2030 2081/4470/2031 2072/4471/2023
f 2072/4472/2023 2081/4473/2031 2073/4453/2024
f 2081/4473/2031 2082/4474/2032 2073/4453/2024
f 2073/4453/2024 2082/4474/2032 154/4454/1486
f 2082/4475/2032 153/3243/1487 154/3242/1486
f 78/4356/1986 2083/4359/1989 2074/4357/1987
f 2083/4359/1989 2084/4476/2033 2074/4357/1987
f 2074/4477/1987 2084/4478/2033 2075/4479/2025
f 2084/4478/2033 2085/4480/2034 2075/4479/2025
f 2075/4479/2025 2085/4480/2034 2076/4459/2026
f 2085/4480/2034 2086/4481/2035 2076/4459/2026
f 2076/4459/2026 2086/4481/2035 2077/4461/2027
f 2086/4481/2035 2087/4482/2036 2077/4461/2027
f 2077/4461/2027 2087/4482/2036 2078/4463/2028
f 2087/4483/2036 2088/4484/2037 2078/4485/2028
f 2078/4464/2028 2088/4486/2037 2079/4465/2029
f 2088/4486/2037 2089/4487/2038 2079/4465/2029
f 2079/4488/2029 2089/4489/2038 2080/4490/2030
f 2089/4489/2038 2090/4491/2039 2080/4490/2030
f 2080/4492/2030 2090/4493/2039 2081/4494/2031
f 2090/4495/2039 2091/4496/2040 2081/4473/2031
f 2081/4473/2031 2091/4496/2040 2082/4474/2032
f 2091/4497/2040 2092/4498/2041 2082/4475/2032
f 2082/4475/2032 2092/4498/2041 153/3243/1487
f 2092/4498/2041 152/3244/1488 153/3243/1487
f 77/4358/1988 2093/4361/1991 2083/4359/1989
f 2093/4361/1991 2094/4499/2042 2083/4359/1989
f 2083/4359/1989 2094/4499/2042 2084/4476/2033
f 2094/4499/2042 2095/4500/2043 2084/4476/2033
f 2084/4478/2033 2095/4501/2043 2085/4480/2034
f 2095/4501/2043 2096/4502/2044 2085/4480/2034
f 2085/4480/2034 2096/4502/2044 2086/4481/2035
f 2096/4503/2044 2097/4504/2045 2086/4505/2035
f 2086/4505/2035 2097/4504/2045 2087/4506/2036
f 2097/4504/2045 2098/4507/2046 2087/4506/2036
f 2087/4483/2036 2098/4508/2046 2088/4484/2037
f 2098/4509/2046 2099/4510/2047 2088/4511/2037
f 2088/4486/2037 2099/4512/2047 2089/4487/2038
f 2099/4512/2047 2100/4513/2048 2089/4487/2038
f 2089/4487/2038 2100/4513/2048 2090/4514/2039
f 2100/4515/2048 2101/4516/2049 2090/4495/2039
f 2090/4495/2039 2101/4516/2049 2091/4496/2040
f 2101/4516/2049 2102/4517/2050 2091/4496/2040
f 2091/4497/2040 2102/4518/2050 2092/4498/2041
f 2102/4518/2050 2103/4519/2051 2092/4498/2041
f 2092/4498/2041 2103/4519/2051 152/3244/1488
f 2103/4519/2051 151/3245/1489 152/3244/1488
f 76/4360/1990 2104/4363/1993 2093/4361/1991
f 2104/4363/1993 2105/4520/2052 2093/4361/1991
f 2093/4361/1991 2105/4520/2052 2094/4499/2042
f 2105/4520/2052 2106/4521/2053 2094/4499/2042
f 2094/4522/2042 2106/4523/2053 2095/4524/2043
f 2106/4521/2053 2107/4525/2054 2095/4500/2043
f 2095/4500/2043 2107/4525/2054 2096/4503/2044
f 2107/4525/2054 2108/4526/2055 2096/4503/2044
f 2096/4503/2044 2108/4526/2055 2097/4504/2045
f 2108/4526/2055 2109/4527/2056 2097/4504/2045
f 2097/4528/2045 2109/4529/2056 2098/4509/2046
f 2109/4529/2056 2110/4530/2057 2098/4509/2046
f 2098/4509/2046 2110/4530/2057 2099/4510/2047
f 2110/4531/2057 2111/4532/2058 2099/4533/2047
f 2099/4512/2047 2111/4534/2058 2100/4513/2048
f 2111/4534/2058 2112/4535/2059 2100/4513/2048
f 2100/4513/2048 2112/4535/2059 2101/4536/2049
f 2112/4535/2059 2113/4537/2060 2101/4536/2049
f 2101/4536/2049 2113/4537/2060 2102/4538/2050
f 2113/4537/2060 2114/4539/2061 2102/4538/2050
f 2102/4518/2050 2114/4540/2061 2103/4519/2051
f 2114/4540/2061 2115/4541/2062 2103/4519/2051
f 2103/4519/2051 2115/4541/2062 151/3245/1489
f 2115/4541/2062 150/3247/1490 151/3245/1489
f 75/4362/1992 2116/4365/1995 2104/4363/1993
f 2116/4365/1995 2117/4542/2063 2104/4363/1993
f 2104/4543/1993 2117/4544/2063 2105/4545/2052
f 2117/4544/2063 2118/4546/2064 2105/4545/2052
f 2105/4520/2052 2118/4547/2064 2106/4521/2053
f 2118/4547/2064 2119/4548/2065 2106/4521/2053
f 2106/4521/2053 2119/4548/2065 2107/4525/2054
f 2119/4548/2065 2120/4549/2066 2107/4525/2054
f 2107/4525/2054 2120/4549/2066 2108/4526/2055
f 2120/4549/2066 2121/4550/2067 2108/4526/2055
f 2108/4526/2055 2121/4550/2067 2109/4527/2056
f 2121/4550/2067 2122/4551/2068 2109/4527/2056
f 2109/4527/2056 2122/4551/2068 2110/4552/2057
f 2122/4553/2068 2123/4554/2069 2110/4531/2057
f 2110/4531/2057 2123/4554/2069 2111/4532/2058
f 2123/4555/2069 2124/4556/2070 2111/4557/2058
f 2111/4557/2058 2124/4556/2070 2112/4558/2059
f 2124/4556/2070 2125/4559/2071 2112/4558/2059
f 2112/4558/2059 2125/4559/2071 2113/4560/2060
f 2125/4559/2071 2126/4561/2072 2113/4560/2060
f 2113/4560/2060 2126/4561/2072 2114/4562/2061
f 2126/4563/2072 2127/4564/2073 2114/4540/2061
f 2114/4540/2061 2127/4564/2073 2115/4541/2062
f 2127/4564/2073 2128/4565/2074 2115/4541/2062
f 2115/4541/2062 2128/4565/2074 150/3247/1490
f 2128/4566/2074 149/4567/1491 150/4568/1490
f 74/4569/1994 2129/4570/1996 2116/4571/1995
f 2129/4570/1996 2130/4572/2075 2116/4571/1995
f 2116/4571/1995 2130/4572/2075 2117/4573/2063
f 2130/4574/2075 2131/4575/2076 2117/4542/2063
f 2117/4542/2063 2131/4575/2076 2118/4547/2064
f 2131/4575/2076 2132/4576/2077 2118/4547/2064
f 2118/4547/2064 2132/4576/2077 2119/4548/2065
f 2132/4576/2077 2133/4577/2078 2119/4548/2065
f 2119/4548/2065 2133/4577/2078 2120/4549/2066
f 2133/4577/2078 2134/4578/2079 2120/4549/2066
f 2120/4549/2066 2134/4578/2079 2121/4550/2067
f 2134/4578/2079 2135/4579/2080 2121/4550/2067
f 2121/4580/2067 2135/4581/2080 2122/4582/2068
f 2135/4583/2080 2136/4584/2081 2122/4553/2068
f 2122/4553/2068 2136/4584/2081 2123/4554/2069
f 2136/4585/2081 2137/4586/2082 2123/4587/2069
f 2123/4587/2069 2137/4586/2082 2124/4588/2070
f 2137/4589/2082 2138/4590/2083 2124/4556/2070
f 2124/4556/2070 2138/4590/2083 2125/4559/2071
f 2138/4591/2083 2139/4592/2084 2125/4593/2071
f 2125/4593/2071 2139/4592/2084 2126/4594/2072
f 2139/4592/2084 2140/4595/2085 2126/4594/2072
f 2126/4563/2072 2140/4596/2085 2127/4564/2073
f 2140/4596/2085 2141/4597/2086 2127/4564/2073
f 2127/4598/2073 2141/4599/2086 2128/4600/2074
f 2141/4599/2086 2142/4601/2087 2128/4600/2074
f 2128/4602/2074 2142/4603/2087 149/3250/1491
f 2142/4603/2087 148/3251/1492 149/3250/1491
f 73/11/9 132/10/8 2129/4366/1996
f 132/10/8 131/4604/2088 2129/4366/1996
f 2129/4366/1996 131/4604/2088 2130/4574/2075
f 131/4604/2088 130/4605/2089 2130/4574/2075
f 2130/4574/2075 130/4605/2089 2131/4575/2076
f 130/4605/2089 129/4606/2090 2131/4575/2076
f 2131/4575/2076 129/4606/2090 2132/4576/2077
f 129/4606/2090 128/4607/2091 2132/4576/2077
f 2132/4576/2077 128/4607/2091 2133/4577/2078
f 128/4607/2091 127/4608/2092 2133/4577/2078
f 2133/4577/2078 127/4608/2092 2134/4578/2079
f 127/4608/2092 126/4609/2093 2134/4578/2079
f 2134/4578/2079 126/4609/2093 2135/4579/2080
f 126/4609/2093 125/4610/2094 2135/4579/2080
f 2135/4583/2080 125/4611/2094 2136/4584/2081
f 125/4610/2094 124/4612/2095 2136/4613/2081
f 2136/4614/2081 124/4615/2095 2137/4616/2082
f 124/4617/2095 123/4618/2096 2137/4589/2082
f 2137/4589/2082 123/4618/2096 2138/4590/2083
f 123/4618/2096 122/4619/2097 2138/4590/2083
f 2138/4591/2083 122/4620/2097 2139/4592/2084
f 122/4620/2097 121/4621/2098 2139/4592/2084
f 2139/4592/2084 121/4621/2098 2140/4595/2085
f 121/4621/2098 120/4622/2099 2140/4595/2085
f 2140/4596/2085 120/4623/2099 2141/4597/2086
f 120/4624/2099 119/4625/2100 2141/4626/2086
f 2141/4626/2086 119/4625/2100 2142/4627/2087
f 119/4628/2100 118/4629/2101 2142/4603/2087
f 2142/4603/2087 118/4629/2101 148/3251/1492
f 118/4629/2101 5/21/17 148/3251/1492
f 118/4629/2101 147/22/18 5/21/17
f 119/4630/2100 2143/4631/2102 118/4632/2101
f 120/4622/2099 2144/4633/2103 119/4634/2100
f 121/4621/2098 2146/4635/2104 120/4622/2099
f 122/4620/2097 2149/4636/2105 121/4621/2098
f 123/4637/2096 2153/4638/2106 122/4620/2097
f 124/4612/2095 2158/4639/2107 123/4637/2096
f 125/4610/2094 2164/4640/2108 124/4612/2095
f 126/4609/2093 2171/4641/2109 125/4610/2094
f 127/4608/2092 2179/4642/2110 126/4609/2093
f 128/4607/2091 2188/4643/2111 127/4608/2092
f 129/4606/2090 2198/4644/2112 128/4607/2091
f 130/4605/2089 2209/4645/2113 129/4606/2090
f 131/4646/2088 2221/4647/2114 130/4648/2089
f 132/8/8 2234/4649/2115 131/4646/2088
f 118/4629/2101 2143/4650/2102 147/22/18
f 2143/4650/2102 146/3501/1598 147/22/18
f 119/4630/2100 2144/4651/2103 2143/4631/2102
f 2144/4633/2103 2145/4652/2116 2143/4653/2102
f 2143/4653/2102 2145/4652/2116 146/4654/1598
f 2145/4655/2116 145/4656/1599 146/4657/1598
f 120/4622/2099 2146/4635/2104 2144/4633/2103
f 2146/4635/2104 2147/4658/2117 2144/4633/2103
f 2144/4633/2103 2147/4658/2117 2145/4652/2116
f 2147/4659/2117 2148/4660/2118 2145/4655/2116
f 2145/4655/2116 2148/4660/2118 145/4656/1599
f 2148/4660/2118 144/4661/1600 145/4656/1599
f 121/4621/2098 2149/4636/2105 2146/4635/2104
f 2149/4662/2105 2150/4663/2119 2146/4664/2104
f 2146/4635/2104 2150/4665/2119 2147/4658/2117
f 2150/4666/2119 2151/4667/2120 2147/4659/2117
f 2147/4659/2117 2151/4667/2120 2148/4660/2118
f 2151/4667/2120 2152/4668/2121 2148/4660/2118
f 2148/4660/2118 2152/4668/2121 144/4661/1600
f 2152/4669/2121 143/4670/1601 144/4671/1600
f 122/4620/2097 2153/4638/2106 2149/4636/2105
f 2153/4672/2106 2154/4673/2122 2149/4674/2105
f 2149/4662/2105 2154/4675/2122 2150/4663/2119
f 2154/4676/2122 2155/4677/2123 2150/4665/2119
f 2150/4665/2119 2155/4677/2123 2151/4678/2120
f 2155/4677/2123 2156/4679/2124 2151/4678/2120
f 2151/4678/2120 2156/4679/2124 2152/4669/2121
f 2156/4679/2124 2157/4680/2125 2152/4669/2121
f 2152/4669/2121 2157/4680/2125 143/4670/1601
f 2157/4680/2125 142/3506/1602 143/4670/1601
f 123/4637/2096 2158/4639/2107 2153/4638/2106
f 2158/4639/2107 2159/4681/2126 2153/4638/2106
f 2153/4638/2106 2159/4681/2126 2154/4676/2122
f 2159/4682/2126 2160/4683/2127 2154/4684/2122
f 2154/4684/2122 2160/4683/2127 2155/4685/2123
f 2160/4683/2127 2161/4686/2128 2155/4685/2123
f 2155/4685/2123 2161/4686/2128 2156/4687/2124
f 2161/4686/2128 2162/4688/2129 2156/4687/2124
f 2156/4679/2124 2162/4689/2129 2157/4680/2125
f 2162/4689/2129 2163/4690/2130 2157/4680/2125
f 2157/4680/2125 2163/4690/2130 142/3506/1602
f 2163/4690/2130 141/3507/1603 142/3506/1602
f 124/4612/2095 2164/4640/2108 2158/4639/2107
f 2164/4640/2108 2165/4691/2131 2158/4639/2107
f 2158/4639/2107 2165/4691/2131 2159/4681/2126
f 2165/4692/2131 2166/4693/2132 2159/4682/2126
f 2159/4682/2126 2166/4693/2132 2160/4683/2127
f 2166/4693/2132 2167/4694/2133 2160/4683/2127
f 2160/4683/2127 2167/4694/2133 2161/4686/2128
f 2167/4694/2133 2168/4695/2134 2161/4686/2128
f 2161/4686/2128 2168/4695/2134 2162/4688/2129
f 2168/4696/2134 2169/4697/2135 2162/4689/2129
f 2162/4689/2129 2169/4697/2135 2163/4690/2130
f 2169/4697/2135 2170/4698/2136 2163/4690/2130
f 2163/4690/2130 2170/4698/2136 141/3507/1603
f 2170/4698/2136 140/3512/1604 141/3507/1603
f 125/4610/2094 2171/4641/2109 2164/4640/2108
f 2171/4699/2109 2172/4700/2137 2164/4701/2108
f 2164/4702/2108 2172/4703/2137 2165/4704/2131
f 2172/4703/2137 2173/4705/2138 2165/4704/2131
f 2165/4692/2131 2173/4706/2138 2166/4693/2132
f 2173/4707/2138 2174/4708/2139 2166/4709/2132
f 2166/4693/2132 2174/4710/2139 2167/4694/2133
f 2174/4710/2139 2175/4711/2140 2167/4694/2133
f 2167/4712/2133 2175/4713/2140 2168/4696/2134
f 2175/4713/2140 2176/4714/2141 2168/4696/2134
f 2168/4696/2134 2176/4714/2141 2169/4697/2135
f 2176/4714/2141 2177/4715/2142 2169/4697/2135
f 2169/4697/2135 2177/4715/2142 2170/4698/2136
f 2177/4715/2142 2178/4716/2143 2170/4698/2136
f 2170/4698/2136 2178/4716/2143 140/3512/1604
f 2178/4716/2143 139/3513/1605 140/3512/1604
f 126/4609/2093 2179/4642/2110 2171/4641/2109
f 2179/4642/2110 2180/4717/2144 2171/4641/2109
f 2171/4641/2109 2180/4717/2144 2172/4718/2137
f 2180/4717/2144 2181/4719/2145 2172/4718/2137
f 2172/4703/2137 2181/4720/2145 2173/4705/2138
f 2181/4720/2145 2182/4721/2146 2173/4705/2138
f 2173/4707/2138 2182/4722/2146 2174/4708/2139
f 2182/4723/2146 2183/4724/2147 2174/4710/2139
f 2174/4710/2139 2183/4724/2147 2175/4711/2140
f 2183/4725/2147 2184/4726/2148 2175/4713/2140
f 2175/4713/2140 2184/4726/2148 2176/4714/2141
f 2184/4726/2148 2185/4727/2149 2176/4714/2141
f 2176/4714/2141 2185/4727/2149 2177/4715/2142
f 2185/4727/2149 2186/4728/2150 2177/4715/2142
f 2177/4729/2142 2186/4730/2150 2178/4731/2143
f 2186/4728/2150 2187/4732/2151 2178/4716/2143
f 2178/4716/2143 2187/4732/2151 139/3513/1605
f 2187/4733/2151 138/4734/1606 139/4735/1605
f 127/4608/2092 2188/4643/2111 2179/4642/2110
f 2188/4643/2111 2189/4736/2152 2179/4642/2110
f 2179/4642/2110 2189/4736/2152 2180/4717/2144
f 2189/4737/2152 2190/4738/2153 2180/4739/2144
f 2180/4717/2144 2190/4740/2153 2181/4719/2145
f 2190/4740/2153 2191/4741/2154 2181/4719/2145
f 2181/4720/2145 2191/4742/2154 2182/4721/2146
f 2191/4742/2154 2192/4743/2155 2182/4721/2146
f 2182/4744/2146 2192/4745/2155 2183/4725/2147
f 2192/4745/2155 2193/4746/2156 2183/4725/2147
f 2183/4725/2147 2193/4746/2156 2184/4726/2148
f 2193/4746/2156 2194/4747/2157 2184/4726/2148
f 2184/4726/2148 2194/4747/2157 2185/4727/2149
f 2194/4747/2157 2195/4748/2158 2185/4727/2149
f 2185/4727/2149 2195/4748/2158 2186/4728/2150
f 2195/4748/2158 2196/4749/2159 2186/4728/2150
f 2186/4728/2150 2196/4749/2159 2187/4732/2151
f 2196/4749/2159 2197/4750/2160 2187/4732/2151
f 2187/4732/2151 2197/4750/2160 138/3515/1606
f 2197/4750/2160 137/3519/1607 138/3515/1606
f 128/4607/2091 2198/4644/2112 2188/4643/2111
f 2198/4644/2112 2199/4751/2161 2188/4643/2111
f 2188/4643/2111 2199/4751/2161 2189/4736/2152
f 2199/4751/2161 2200/4752/2162 2189/4736/2152
f 2189/4737/2152 2200/4753/2162 2190/4738/2153
f 2200/4752/2162 2201/4754/2163 2190/4740/2153
f 2190/4740/2153 2201/4754/2163 2191/4741/2154
f 2201/4754/2163 2202/4755/2164 2191/4741/2154
f 2191/4741/2154 2202/4755/2164 2192/4745/2155
f 2202/4755/2164 2203/4756/2165 2192/4745/2155
f 2192/4745/2155 2203/4756/2165 2193/4746/2156
f 2203/4756/2165 2204/4757/2166 2193/4746/2156
f 2193/4746/2156 2204/4757/2166 2194/4747/2157
f 2204/4757/2166 2205/4758/2167 2194/4747/2157
f 2194/4747/2157 2205/4758/2167 2195/4748/2158
f 2205/4758/2167 2206/4759/2168 2195/4748/2158
f 2195/4748/2158 2206/4759/2168 2196/4749/2159
f 2206/4759/2168 2207/4760/2169 2196/4749/2159
f 2196/4749/2159 2207/4760/2169 2197/4750/2160
f 2207/4760/2169 2208/4761/2170 2197/4750/2160
f 2197/4750/2160 2208/4761/2170 137/3519/1607
f 2208/4761/2170 136/3520/1608 137/3519/1607
f 129/4606/2090 2209/4645/2113 2198/4644/2112
f 2209/4645/2113 2210/4762/2171 2198/4644/2112
f 2198/4644/2112 2210/4762/2171 2199/4751/2161
f 2210/4762/2171 2211/4763/2172 2199/4751/2161
f 2199/4751/2161 2211/4763/2172 2200/4752/2162
f 2211/4763/2172 2212/4764/2173 2200/4752/2162
f 2200/4752/2162 2212/4764/2173 2201/4754/2163
f 2212/4764/2173 2213/4765/2174 2201/4754/2163
f 2201/4754/2163 2213/4765/2174 2202/4755/2164
f 2213/4765/2174 2214/4766/2175 2202/4755/2164
f 2202/4755/2164 2214/4766/2175 2203/4756/2165
f 2214/4766/2175 2215/4767/2176 2203/4756/2165
f 2203/4756/2165 2215/4767/2176 2204/4757/2166
f 2215/4767/2176 2216/4768/2177 2204/4757/2166
f 2204/4757/2166 2216/4768/2177 2205/4758/2167
f 2216/4768/2177 2217/4769/2178 2205/4758/2167
f 2205/4758/2167 2217/4769/2178 2206/4759/2168
f 2217/4769/2178 2218/4770/2179 2206/4759/2168
f 2206/4759/2168 2218/4770/2179 2207/4760/2169
f 2218/4770/2179 2219/4771/2180 2207/4760/2169
f 2207/4760/2169 2219/4771/2180 2208/4761/2170
f 2219/4771/2180 2220/4772/2181 2208/4761/2170
f 2208/4761/2170 2220/4772/2181 136/3520/1608
f 2220/4772/2181 135/3521/1609 136/3520/1608
f 130/4605/2089 2221/4773/2114 2209/4645/2113
f 2221/4773/2114 2222/4774/2182 2209/4645/2113
f 2209/4645/2113 2222/4774/2182 2210/4762/2171
f 2222/4774/2182 2223/4775/2183 2210/4762/2171
f 2210/4762/2171 2223/4775/2183 2211/4763/2172
f 2223/4775/2183 2224/4776/2184 2211/4763/2172
f 2211/4763/2172 2224/4776/2184 2212/4764/2173
f 2224/4776/2184 2225/4777/2185 2212/4764/2173
f 2212/4764/2173 2225/4777/2185 2213/4765/2174
f 2225/4777/2185 2226/4778/2186 2213/4765/2174
f 2213/4765/2174 2226/4778/2186 2214/4766/2175
f 2226/4778/2186 2227/4779/2187 2214/4766/2175
f 2214/4766/2175 2227/4779/2187 2215/4767/2176
f 2227/4779/2187 2228/4780/2188 2215/4767/2176
f 2215/4767/2176 2228/4780/2188 2216/4768/2177
f 2228/4780/2188 2229/4781/2189 2216/4768/2177
f 2216/4768/2177 2229/4781/2189 2217/4769/2178
f 2229/4781/2189 2230/4782/2190 2217/4769/2178
f 2217/4769/2178 2230/4782/2190 2218/4770/2179
f 2230/4782/2190 2231/4783/2191 2218/4770/2179
f 2218/4770/2179 2231/4783/2191 2219/4771/2180
f 2231/4783/2191 2232/4784/2192 2219/4771/2180
f 2219/4771/2180 2232/4784/2192 2220/4772/2181
f 2232/4784/2192 2233/4785/2193 2220/4772/2181
f 2220/4772/2181 2233/4785/2193 135/3521/1609
f 2233/4785/2193 134/3522/1610 135/3521/1609
f 131/4646/2088 2234/4649/2115 2221/4647/2114
f 2234/4649/2115 2235/4786/2194 2221/4647/2114
f 2221/4773/2114 2235/4787/2194 2222/4774/2182
f 2235/4787/2194 2236/4788/2195 2222/4774/2182
f 2222/4774/2182 2236/4788/2195 2223/4775/2183
f 2236/4788/2195 2237/4789/2196 2223/4775/2183
f 2223/4775/2183 2237/4789/2196 2224/4776/2184
f 2237/4789/2196 2238/4790/2197 2224/4776/2184
f 2224/4776/2184 2238/4790/2197 2225/4777/2185
f 2238/4790/2197 2239/4791/2198 2225/4777/2185
f 2225/4777/2185 2239/4791/2198 2226/4778/2186
f 2239/4791/2198 2240/4792/2199 2226/4778/2186
f 2226/4778/2186 2240/4792/2199 2227/4779/2187
f 2240/4792/2199 2241/4793/2200 2227/4779/2187
f 2227/4779/2187 2241/4793/2200 2228/4780/2188
f 2241/4793/2200 2242/4794/2201 2228/4780/2188
f 2228/4780/2188 2242/4794/2201 2229/4781/2189
f 2242/4794/2201 2243/4795/2202 2229/4781/2189
f 2229/4781/2189 2243/4795/2202 2230/4782/2190
f 2243/4795/2202 2244/4796/2203 2230/4782/2190
f 2230/4782/2190 2244/4796/2203 2231/4783/2191
f 2244/4796/2203 2245/4797/2204 2231/4783/2191
f 2231/4783/2191 2245/4797/2204 2232/4784/2192
f 2245/4797/2204 2246/4798/2205 2232/4784/2192
f 2232/4784/2192 2246/4798/2205 2233/4785/2193
f 2246/4798/2205 2247/4799/2206 2233/4785/2193
f 2233/4800/2193 2247/4801/2206 134/4802/1610
f 2247/4799/2206 133/3523/1611 134/3522/1610
f 132/8/8 102/7/7 2234/4649/2115
f 102/7/7 101/4803/2207 2234/4649/2115
f 2234/4649/2115 101/4803/2207 2235/4786/2194
f 101/4804/2207 100/4805/2208 2235/4787/2194
f 2235/4787/2194 100/4805/2208 2236/4788/2195
f 100/4805/2208 99/4806/2209 2236/4788/2195
f 2236/4788/2195 99/4806/2209 2237/4789/2196
f 99/4806/2209 98/4807/2210 2237/4789/2196
f 2237/4789/2196 98/4807/2210 2238/4790/2197
f 98/4807/2210 97/4808/2211 2238/4790/2197
f 2238/4790/2197 97/4808/2211 2239/4791/2198
f 97/4808/2211 96/4809/2212 2239/4791/2198
f 2239/4791/2198 96/4809/2212 2240/4792/2199
f 96/4809/2212 95/4810/2213 2240/4792/2199
f 2240/4792/2199 95/4810/2213 2241/4793/2200
f 95/4810/2213 94/4811/2214 2241/4793/2200
f 2241/4793/2200 94/4811/2214 2242/4794/2201
f 94/4811/2214 93/4812/2215 2242/4794/2201
f 2242/4794/2201 93/4812/2215 2243/4795/2202
f 93/4812/2215 92/4813/2216 2243/4795/2202
f 2243/4795/2202 92/4813/2216 2244/4796/2203
f 92/4813/2216 91/4814/2217 2244/4796/2203
f 2244/4796/2203 91/4814/2217 2245/4797/2204
f 91/4814/2217 90/4815/2218 2245/4797/2204
f 2245/4797/2204 90/4815/2218 2246/4798/2205
f 90/4815/2218 89/4816/2219 2246/4798/2205
f 2246/4798/2205 89/4816/2219 2247/4799/2206
f 89/4816/2219 88/4817/2220 2247/4799/2206
f 2247/4799/2206 88/4817/2220 133/3523/1611
f 88/4818/2220 4/4819/14 133/4820/1611
f 88/4818/2220 117/4821/15 4/4819/14
f 89/4816/2219 2248/4822/2221 88/4817/2220
f 90/4815/2218 2249/4823/2222 89/4816/2219
f 91/4814/2217 2251/4824/2223 90/4815/2218
f 92/4813/2216 2254/4825/2224 91/4814/2217
f 93/4812/2215 2258/4826/2225 92/4813/2216
f 94/4811/2214 2263/4827/2226 93/4812/2215
f 95/4810/2213 2269/4828/2227 94/4811/2214
f 96/4809/2212 2276/4829/2228 95/4810/2213
f 97/4808/2211 2284/4830/2229 96/4809/2212
f 98/4807/2210 2293/4831/2230 97/4808/2211
f 99/4806/2209 2303/4832/2231 98/4807/2210
f 100/4805/2208 2314/4833/2232 99/4806/2209
f 101/4804/2207 2326/4834/2233 100/4805/2208
f 102/7/7 2339/4835/2234 101/4803/2207
f 88/4817/2220 2248/4822/2221 117/19/15
f 2248/4822/2221 116/3784/1717 117/19/15
f 89/4816/2219 2249/4823/2222 2248/4822/2221
f 2249/4823/2222 2250/4836/2235 2248/4822/2221
f 2248/4837/2221 2250/4838/2235 116/4839/1717
f 2250/4838/2235 115/4840/1718 116/4839/1717
f 90/4815/2218 2251/4824/2223 2249/4823/2222
f 2251/4824/2223 2252/4841/2236 2249/4823/2222
f 2249/4823/2222 2252/4841/2236 2250/4836/2235
f 2252/4841/2236 2253/4842/2237 2250/4836/2235
f 2250/4838/2235 2253/4843/2237 115/4840/1718
f 2253/4843/2237 114/4844/1719 115/4840/1718
f 91/4845/2217 2254/4846/2224 2251/4847/2223
f 2254/4846/2224 2255/4848/2238 2251/4847/2223
f 2251/4824/2223 2255/4849/2238 2252/4841/2236
f 2255/4849/2238 2256/4850/2239 2252/4841/2236
f 2252/4841/2236 2256/4850/2239 2253/4842/2237
f 2256/4850/2239 2257/4851/2240 2253/4842/2237
f 2253/4843/2237 2257/4852/2240 114/4844/1719
f 2257/4851/2240 113/3787/1720 114/3786/1719
f 92/4813/2216 2258/4826/2225 2254/4825/2224
f 2258/4826/2225 2259/4853/2241 2254/4825/2224
f 2254/4825/2224 2259/4853/2241 2255/4849/2238
f 2259/4853/2241 2260/4854/2242 2255/4849/2238
f 2255/4849/2238 2260/4854/2242 2256/4850/2239
f 2260/4854/2242 2261/4855/2243 2256/4850/2239
f 2256/4850/2239 2261/4855/2243 2257/4851/2240
f 2261/4855/2243 2262/4856/2244 2257/4851/2240
f 2257/4851/2240 2262/4856/2244 113/3787/1720
f 2262/4856/2244 112/3788/1721 113/3787/1720
f 93/4857/2215 2263/4858/2226 2258/4859/2225
f 2263/4827/2226 2264/4860/2245 2258/4826/2225
f 2258/4826/2225 2264/4860/2245 2259/4853/2241
f 2264/4860/2245 2265/4861/2246 2259/4853/2241
f 2259/4853/2241 2265/4861/2246 2260/4854/2242
f 2265/4861/2246 2266/4862/2247 2260/4854/2242
f 2260/4854/2242 2266/4862/2247 2261/4855/2243
f 2266/4862/2247 2267/4863/2248 2261/4855/2243
f 2261/4855/2243 2267/4863/2248 2262/4856/2244
f 2267/4863/2248 2268/4864/2249 2262/4856/2244
f 2262/4856/2244 2268/4864/2249 112/3788/1721
f 2268/4864/2249 111/3789/1722 112/3788/1721
f 94/4811/2214 2269/4828/2227 2263/4827/2226
f 2269/4828/2227 2270/4865/2250 2263/4827/2226
f 2263/4827/2226 2270/4865/2250 2264/4860/2245
f 2270/4865/2250 2271/4866/2251 2264/4860/2245
f 2264/4860/2245 2271/4866/2251 2265/4861/2246
f 2271/4866/2251 2272/4867/2252 2265/4861/2246
f 2265/4861/2246 2272/4867/2252 2266/4862/2247
f 2272/4867/2252 2273/4868/2253 2266/4862/2247
f 2266/4869/2247 2273/4870/2253 2267/4871/2248
f 2273/4870/2253 2274/4872/2254 2267/4871/2248
f 2267/4863/2248 2274/4873/2254 2268/4864/2249
f 2274/4873/2254 2275/4874/2255 2268/4864/2249
f 2268/4864/2249 2275/4874/2255 111/3789/1722
f 2275/4875/2255 110/3792/1723 111/3791/1722
f 95/4810/2213 2276/4829/2228 2269/4828/2227
f 2276/4829/2228 2277/4876/2256 2269/4828/2227
f 2269/4828/2227 2277/4876/2256 2270/4865/2250
f 2277/4876/2256 2278/4877/2257 2270/4865/2250
f 2270/4865/2250 2278/4877/2257 2271/4866/2251
f 2278/4877/2257 2279/4878/2258 2271/4866/2251
f 2271/4866/2251 2279/4878/2258 2272/4867/2252
f 2279/4878/2258 2280/4879/2259 2272/4867/2252
f 2272/4867/2252 2280/4879/2259 2273/4868/2253
f 2280/4879/2259 2281/4880/2260 2273/4868/2253
f 2273/4868/2253 2281/4880/2260 2274/4873/2254
f 2281/4880/2260 2282/4881/2261 2274/4873/2254
f 2274/4873/2254 2282/4881/2261 2275/4874/2255
f 2282/4882/2261 2283/4883/2262 2275/4875/2255
f 2275/4875/2255 2283/4883/2262 110/3792/1723
f 2283/4884/2262 109/3794/1724 110/4885/1723
f 96/4809/2212 2284/4830/2229 2276/4829/2228
f 2284/4830/2229 2285/4886/2263 2276/4829/2228
f 2276/4829/2228 2285/4886/2263 2277/4876/2256
f 2285/4886/2263 2286/4887/2264 2277/4876/2256
f 2277/4876/2256 2286/4887/2264 2278/4877/2257
f 2286/4887/2264 2287/4888/2265 2278/4877/2257
f 2278/4877/2257 2287/4888/2265 2279/4878/2258
f 2287/4888/2265 2288/4889/2266 2279/4878/2258
f 2279/4878/2258 2288/4889/2266 2280/4879/2259
f 2288/4889/2266 2289/4890/2267 2280/4879/2259
f 2280/4879/2259 2289/4890/2267 2281/4880/2260
f 2289/4890/2267 2290/4891/2268 2281/4880/2260
f 2281/4880/2260 2290/4891/2268 2282/4881/2261
f 2290/4892/2268 2291/4893/2269 2282/4894/2261
f 2282/4894/2261 2291/4893/2269 2283/4895/2262
f 2291/4893/2269 2292/4896/2270 2283/4895/2262
f 2283/4884/2262 2292/4897/2270 109/3794/1724
f 2292/4897/2270 108/3795/1725 109/3794/1724
f 97/4808/2211 2293/4831/2230 2284/4830/2229
f 2293/4831/2230 2294/4898/2271 2284/4830/2229
f 2284/4830/2229 2294/4898/2271 2285/4886/2263
f 2294/4898/2271 2295/4899/2272 2285/4886/2263
f 2285/4886/2263 2295/4899/2272 2286/4887/2264
f 2295/4899/2272 2296/4900/2273 2286/4887/2264
f 2286/4901/2264 2296/4902/2273 2287/4903/2265
f 2296/4900/2273 2297/4904/2274 2287/4888/2265
f 2287/4888/2265 2297/4904/2274 2288/4889/2266
f 2297/4904/2274 2298/4905/2275 2288/4889/2266
f 2288/4889/2266 2298/4905/2275 2289/4890/2267
f 2298/4905/2275 2299/4906/2276 2289/4890/2267
f 2289/4890/2267 2299/4906/2276 2290/4891/2268
f 2299/4906/2276 2300/4907/2277 2290/4891/2268
f 2290/4891/2268 2300/4907/2277 2291/4908/2269
f 2300/4909/2277 2301/4910/2278 2291/4911/2269
f 2291/4893/2269 2301/4912/2278 2292/4896/2270
f 2301/4913/2278 2302/4914/2279 2292/4897/2270
f 2292/4897/2270 2302/4914/2279 108/3795/1725
f 2302/4915/2279 107/4916/1726 108/4917/1725
f 98/4807/2210 2303/4832/2231 2293/4831/2230
f 2303/4832/2231 2304/4918/2280 2293/4831/2230
f 2293/4831/2230 2304/4918/2280 2294/4898/2271
f 2304/4918/2280 2305/4919/2281 2294/4898/2271
f 2294/4898/2271 2305/4919/2281 2295/4899/2272
f 2305/4919/2281 2306/4920/2282 2295/4899/2272
f 2295/4899/2272 2306/4920/2282 2296/4900/2273
f 2306/4920/2282 2307/4921/2283 2296/4900/2273
f 2296/4900/2273 2307/4921/2283 2297/4904/2274
f 2307/4921/2283 2308/4922/2284 2297/4904/2274
f 2297/4904/2274 2308/4922/2284 2298/4905/2275
f 2308/4922/2284 2309/4923/2285 2298/4905/2275
f 2298/4905/2275 2309/4923/2285 2299/4906/2276
f 2309/4923/2285 2310/4924/2286 2299/4906/2276
f 2299/4906/2276 2310/4924/2286 2300/4907/2277
f 2310/4924/2286 2311/4925/2287 2300/4907/2277
f 2300/4909/2277 2311/4926/2287 2301/4910/2278
f 2311/4925/2287 2312/4927/2288 2301/4913/2278
f 2301/4913/2278 2312/4927/2288 2302/4914/2279
f 2312/4927/2288 2313/4928/2289 2302/4914/2279
f 2302/4914/2279 2313/4928/2289 107/3796/1726
f 2313/4928/2289 106/3797/1727 107/3796/1726
f 99/4806/2209 2314/4833/2232 2303/4832/2231
f 2314/4833/2232 2315/4929/2290 2303/4832/2231
f 2303/4832/2231 2315/4929/2290 2304/4918/2280
f 2315/4930/2290 2316/4931/2291 2304/4932/2280
f 2304/4918/2280 2316/4933/2291 2305/4919/2281
f 2316/4933/2291 2317/4934/2292 2305/4919/2281
f 2305/4919/2281 2317/4934/2292 2306/4920/2282
f 2317/4934/2292 2318/4935/2293 2306/4920/2282
f 2306/4920/2282 2318/4935/2293 2307/4921/2283
f 2318/4935/2293 2319/4936/2294 2307/4921/2283
f 2307/4921/2283 2319/4936/2294 2308/4922/2284
f 2319/4936/2294 2320/4937/2295 2308/4922/2284
f 2308/4922/2284 2320/4937/2295 2309/4923/2285
f 2320/4937/2295 2321/4938/2296 2309/4923/2285
f 2309/4923/2285 2321/4938/2296 2310/4924/2286
f 2321/4938/2296 2322/4939/2297 2310/4924/2286
f 2310/4924/2286 2322/4939/2297 2311/4925/2287
f 2322/4939/2297 2323/4940/2298 2311/4925/2287
f 2311/4925/2287 2323/4940/2298 2312/4927/2288
f 2323/4940/2298 2324/4941/2299 2312/4927/2288
f 2312/4927/2288 2324/4941/2299 2313/4928/2289
f 2324/4942/2299 2325/4943/2300 2313/4944/2289
f 2313/4928/2289 2325/4945/2300 106/3797/1727
f 2325/4946/2300 105/4947/1728 106/4948/1727
f 100/4949/2208 2326/4950/2233 2314/4951/2232
f 2326/4950/2233 2327/4952/2301 2314/4951/2232
f 2314/4833/2232 2327/4953/2301 2315/4929/2290
f 2327/4953/2301 2328/4954/2302 2315/4929/2290
f 2315/4929/2290 2328/4954/2302 2316/4933/2291
f 2328/4955/2302 2329/4956/2303 2316/4957/2291
f 2316/4957/2291 2329/4956/2303 2317/4958/2292
f 2329/4956/2303 2330/4959/2304 2317/4958/2292
f 2317/4934/2292 2330/4960/2304 2318/4935/2293
f 2330/4960/2304 2331/4961/2305 2318/4935/2293
f 2318/4935/2293 2331/4961/2305 2319/4936/2294
f 2331/4961/2305 2332/4962/2306 2319/4936/2294
f 2319/4936/2294 2332/4962/2306 2320/4937/2295
f 2332/4962/2306 2333/4963/2307 2320/4937/2295
f 2320/4937/2295 2333/4963/2307 2321/4938/2296
f 2333/4963/2307 2334/4964/2308 2321/4938/2296
f 2321/4965/2296 2334/4966/2308 2322/4967/2297
f 2334/4964/2308 2335/4968/2309 2322/4939/2297
f 2322/4939/2297 2335/4968/2309 2323/4940/2298
f 2335/4968/2309 2336/4969/2310 2323/4940/2298
f 2323/4940/2298 2336/4969/2310 2324/4941/2299
f 2336/4969/2310 2337/4970/2311 2324/4941/2299
f 2324/4942/2299 2337/4971/2311 2325/4943/2300
f 2337/4971/2311 2338/4972/2312 2325/4943/2300
f 2325/4943/2300 2338/4972/2312 105/4973/1728
f 2338/4972/2312 104/4974/1729 105/4973/1728
f 101/4803/2207 2339/4835/2234 2326/4950/2233
f 2339/4835/2234 2340/4975/2313 2326/4950/2233
f 2326/4950/2233 2340/4975/2313 2327/4952/2301
f 2340/4975/2313 2341/4976/2314 2327/4952/2301
f 2327/4953/2301 2341/4977/2314 2328/4954/2302
f 2341/4977/2314 2342/4978/2315 2328/4954/2302
f 2328/4954/2302 2342/4978/2315 2329/4979/2303
f 2342/4978/2315 2343/4980/2316 2329/4979/2303
f 2329/4956/2303 2343/4981/2316 2330/4959/2304
f 2343/4981/2316 2344/4982/2317 2330/4959/2304
f 2330/4959/2304 2344/4982/2317 2331/4983/2305
f 2344/4982/2317 2345/4984/2318 2331/4983/2305
f 2331/4983/2305 2345/4984/2318 2332/4985/2306
f 2345/4984/2318 2346/4986/2319 2332/4985/2306
f 2332/4985/2306 2346/4986/2319 2333/4987/2307
f 2346/4988/2319 2347/4989/2320 2333/4963/2307
f 2333/4963/2307 2347/4989/2320 2334/4964/2308
f 2347/4989/2320 2348/4990/2321 2334/4964/2308
f 2334/4964/2308 2348/4990/2321 2335/4968/2309
f 2348/4990/2321 2349/4991/2322 2335/4968/2309
f 2335/4968/2309 2349/4991/2322 2336/4969/2310
f 2349/4991/2322 2350/4992/2323 2336/4969/2310
f 2336/4969/2310 2350/4992/2323 2337/4970/2311
f 2350/4992/2323 2351/4993/2324 2337/4970/2311
f 2337/4994/2311 2351/4995/2324 2338/4996/2312
f 2351/4993/2324 2352/4997/2325 2338/4998/2312
f 2338/4972/2312 2352/4999/2325 104/4974/1729
f 2352/4999/2325 103/5000/1730 104/4974/1729
f 102/5001/7 27/5002/3 2339/5003/2234
f 27/5002/3 26/5004/2326 2339/5003/2234
f 2339/5003/2234 26/5004/2326 2340/5005/2313
f 26/5004/2326 25/5006/2327 2340/5005/2313
f 2340/5005/2313 25/5006/2327 2341/4977/2314
f 25/5006/2327 24/5007/2328 2341/4977/2314
f 2341/4977/2314 24/5007/2328 2342/4978/2315
f 24/5007/2328 23/5008/2329 2342/4978/2315
f 2342/4978/2315 23/5008/2329 2343/4980/2316
f 23/5008/2329 22/5009/2330 2343/4980/2316
f 2343/4980/2316 22/5009/2330 2344/5010/2317
f 22/5009/2330 21/5011/2331 2344/5010/2317
f 2344/5010/2317 21/5011/2331 2345/5012/2318
f 21/5011/2331 20/5013/2332 2345/5012/2318
f 2345/5012/2318 20/5013/2332 2346/4988/2319
f 20/5013/2332 19/5014/2333 2346/4988/2319
f 2346/4988/2319 19/5014/2333 2347/4989/2320
f 19/5014/2333 18/5015/2334 2347/4989/2320
f 2347/4989/2320 18/5015/2334 2348/4990/2321
f 18/5015/2334 17/5016/2335 2348/4990/2321
f 2348/4990/2321 17/5016/2335 2349/4991/2322
f 17/5016/2335 16/5017/2336 2349/4991/2322
f 2349/4991/2322 16/5017/2336 2350/4992/2323
f 16/5017/2336 15/5018/2337 2350/4992/2323
f 2350/4992/2323 15/5018/2337 2351/4993/2324
f 15/5018/2337 14/5019/2338 2351/4993/2324
f 2351/4993/2324 14/5019/2338 2352/4997/2325
f 14/5020/2338 13/5021/2339 2352/5022/2325
f 2352/5022/2325 13/5021/2339 103/5023/1730
f 13/5024/2339 3/3806/11 103/3805/1730
f 58/5025/1968 87/4334/1969 6/4336/20
f 59/5026/1967 2353/5027/2340 58/5028/1968
f 60/5029/1966 2354/5030/2341 59/5031/1967
f 61/5032/1965 2356/5033/2342 60/5034/1966
f 62/5035/1964 2359/5036/2343 61/5032/1965
f 63/5037/1963 2363/5038/2344 62/5039/1964
f 64/5040/1962 2368/5041/2345 63/5037/1963
f 65/5042/1961 2374/5043/2346 64/5044/1962
f 66/4317/1960 2381/5045/2347 65/4321/1961
f 67/5046/1959 2389/5047/2348 66/5048/1960
f 68/4315/1958 2398/5049/2349 67/4316/1959
f 69/5050/1957 2408/5051/2350 68/4315/1958
f 70/4307/1956 2419/5052/2351 69/4308/1957
f 71/4300/1955 2431/5053/2352 70/5054/1956
f 72/4299/6 2444/5055/2353 71/4300/1955
f 58/5025/1968 2353/5056/2340 87/4334/1969
f 2353/5057/2340 86/5058/1970 87/5059/1969
f 59/5031/1967 2354/5030/2341 2353/5060/2340
f 2354/5061/2341 2355/5062/2354 2353/5057/2340
f 2353/5057/2340 2355/5062/2354 86/5058/1970
f 2355/5062/2354 85/5063/1972 86/5058/1970
f 60/5034/1966 2356/5033/2342 2354/5061/2341
f 2356/5033/2342 2357/5064/2355 2354/5061/2341
f 2354/5061/2341 2357/5064/2355 2355/5062/2354
f 2357/5064/2355 2358/5065/2356 2355/5062/2354
f 2355/5062/2354 2358/5065/2356 85/5063/1972
f 2358/5066/2356 84/5067/1974 85/5068/1972
f 61/5032/1965 2359/5036/2343 2356/5033/2342
f 2359/5069/2343 2360/5070/2357 2356/5071/2342
f 2356/5071/2342 2360/5070/2357 2357/5072/2355
f 2360/5070/2357 2361/5073/2358 2357/5072/2355
f 2357/5072/2355 2361/5073/2358 2358/5074/2356
f 2361/5073/2358 2362/5075/2359 2358/5074/2356
f 2358/5066/2356 2362/5076/2359 84/5067/1974
f 2362/5075/2359 83/4345/1976 84/4342/1974
f 62/5077/1964 2363/5078/2344 2359/5069/2343
f 2363/5078/2344 2364/5079/2360 2359/5069/2343
f 2359/5069/2343 2364/5079/2360 2360/5070/2357
f 2364/5079/2360 2365/5080/2361 2360/5070/2357
f 2360/5070/2357 2365/5080/2361 2361/5073/2358
f 2365/5080/2361 2366/5081/2362 2361/5073/2358
f 2361/5073/2358 2366/5081/2362 2362/5075/2359
f 2366/5081/2362 2367/5082/2363 2362/5075/2359
f 2362/5075/2359 2367/5082/2363 83/4345/1976
f 2367/5082/2363 82/4347/1978 83/4345/1976
f 63/5037/1963 2368/5041/2345 2363/5038/2344
f 2368/5083/2345 2369/5084/2364 2363/5078/2344
f 2363/5078/2344 2369/5084/2364 2364/5079/2360
f 2369/5084/2364 2370/5085/2365 2364/5079/2360
f 2364/5086/2360 2370/5087/2365 2365/5088/2361
f 2370/5085/2365 2371/5089/2366 2365/5080/2361
f 2365/5080/2361 2371/5089/2366 2366/5081/2362
f 2371/5089/2366 2372/5090/2367 2366/5081/2362
f 2366/5081/2362 2372/5090/2367 2367/5082/2363
f 2372/5090/2367 2373/5091/2368 2367/5082/2363
f 2367/5082/2363 2373/5091/2368 82/4347/1978
f 2373/5091/2368 81/4349/1980 82/4347/1978
f 64/5044/1962 2374/5043/2346 2368/5092/2345
f 2374/5043/2346 2375/5093/2369 2368/5092/2345
f 2368/5083/2345 2375/5094/2369 2369/5084/2364
f 2375/5094/2369 2376/5095/2370 2369/5084/2364
f 2369/5084/2364 2376/5095/2370 2370/5085/2365
f 2376/5095/2370 2377/5096/2371 2370/5085/2365
f 2370/5085/2365 2377/5096/2371 2371/5089/2366
f 2377/5096/2371 2378/5097/2372 2371/5089/2366
f 2371/5089/2366 2378/5097/2372 2372/5090/2367
f 2378/5098/2372 2379/5099/2373 2372/5100/2367
f 2372/5090/2367 2379/5101/2373 2373/5091/2368
f 2379/5101/2373 2380/5102/2374 2373/5091/2368
f 2373/5103/2368 2380/5104/2374 81/5105/1980
f 2380/5106/2374 80/5107/1982 81/5108/1980
f 65/5042/1961 2381/5109/2347 2374/5043/2346
f 2381/5110/2347 2382/5111/2375 2374/5112/2346
f 2374/5112/2346 2382/5111/2375 2375/5113/2369
f 2382/5114/2375 2383/5115/2376 2375/5094/2369
f 2375/5094/2369 2383/5115/2376 2376/5095/2370
f 2383/5115/2376 2384/5116/2377 2376/5095/2370
f 2376/5095/2370 2384/5116/2377 2377/5096/2371
f 2384/5117/2377 2385/5118/2378 2377/5119/2371
f 2377/5096/2371 2385/5120/2378 2378/5097/2372
f 2385/5120/2378 2386/5121/2379 2378/5097/2372
f 2378/5097/2372 2386/5121/2379 2379/5101/2373
f 2386/5121/2379 2387/5122/2380 2379/5101/2373
f 2379/5101/2373 2387/5122/2380 2380/5102/2374
f 2387/5123/2380 2388/5124/2381 2380/5125/2374
f 2380/5106/2374 2388/5126/2381 80/5107/1982
f 2388/5127/2381 79/4354/1984 80/4351/1982
f 66/4317/1960 2389/5128/2348 2381/5045/2347
f 2389/5128/2348 2390/5129/2382 2381/5045/2347
f 2381/5110/2347 2390/5130/2382 2382/5111/2375
f 2390/5131/2382 2391/5132/2383 2382/5133/2375
f 2382/5114/2375 2391/5134/2383 2383/5115/2376
f 2391/5134/2383 2392/5135/2384 2383/5115/2376
f 2383/5115/2376 2392/5135/2384 2384/5116/2377
f 2392/5135/2384 2393/5136/2385 2384/5116/2377
f 2384/5116/2377 2393/5136/2385 2385/5120/2378
f 2393/5137/2385 2394/5138/2386 2385/5139/2378
f 2385/5139/2378 2394/5138/2386 2386/5140/2379
f 2394/5141/2386 2395/5142/2387 2386/5121/2379
f 2386/5121/2379 2395/5142/2387 2387/5122/2380
f 2395/5143/2387 2396/5144/2388 2387/5145/2380
f 2387/5146/2380 2396/5147/2388 2388/5148/2381
f 2396/5144/2388 2397/5149/2389 2388/5127/2381
f 2388/5127/2381 2397/5149/2389 79/4354/1984
f 2397/5149/2389 78/4356/1986 79/4354/1984
f 67/5046/1959 2398/5150/2349 2389/5047/2348
f 2398/5150/2349 2399/5151/2390 2389/5047/2348
f 2389/5128/2348 2399/5152/2390 2390/5129/2382
f 2399/5152/2390 2400/5153/2391 2390/5129/2382
f 2390/5154/2382 2400/5155/2391 2391/5156/2383
f 2400/5157/2391 2401/5158/2392 2391/5134/2383
f 2391/5134/2383 2401/5158/2392 2392/5135/2384
f 2401/5158/2392 2402/5159/2393 2392/5135/2384
f 2392/5135/2384 2402/5159/2393 2393/5136/2385
f 2402/5159/2393 2403/5160/2394 2393/5136/2385
f 2393/5136/2385 2403/5160/2394 2394/5141/2386
f 2403/5160/2394 2404/5161/2395 2394/5141/2386
f 2394/5141/2386 2404/5161/2395 2395/5142/2387
f 2404/5162/2395 2405/5163/2396 2395/5143/2387
f 2395/5143/2387 2405/5163/2396 2396/5144/2388
f 2405/5163/2396 2406/5164/2397 2396/5144/2388
f 2396/5144/2388 2406/5164/2397 2397/5149/2389
f 2406/5165/2397 2407/5166/2398 2397/5167/2389
f 2397/5167/2389 2407/5166/2398 78/5168/1986
f 2407/5169/2398 77/4358/1988 78/4356/1986
f 68/4315/1958 2408/5051/2350 2398/5049/2349
f 2408/5051/2350 2409/5170/2399 2398/5049/2349
f 2398/5150/2349 2409/5171/2399 2399/5151/2390
f 2409/5170/2399 2410/5172/2400 2399/5152/2390
f 2399/5152/2390 2410/5172/2400 2400/5153/2391
f 2410/5173/2400 2411/5174/2401 2400/5175/2391
f 2400/5157/2391 2411/5176/2401 2401/5158/2392
f 2411/5176/2401 2412/5177/2402 2401/5158/2392
f 2401/5158/2392 2412/5177/2402 2402/5159/2393
f 2412/5177/2402 2413/5178/2403 2402/5159/2393
f 2402/5159/2393 2413/5178/2403 2403/5160/2394
f 2413/5178/2403 2414/5179/2404 2403/5160/2394
f 2403/5160/2394 2414/5179/2404 2404/5161/2395
f 2414/5180/2404 2415/5181/2405 2404/5162/2395
f 2404/5162/2395 2415/5181/2405 2405/5163/2396
f 2415/5181/2405 2416/5182/2406 2405/5163/2396
f 2405/5163/2396 2416/5182/2406 2406/5164/2397
f 2416/5183/2406 2417/5184/2407 2406/5185/2397
f 2406/5164/2397 2417/5186/2407 2407/5169/2398
f 2417/5186/2407 2418/5187/2408 2407/5169/2398
f 2407/5169/2398 2418/5187/2408 77/4358/1988
f 2418/5187/2408 76/4360/1990 77/4358/1988
f 69/5050/1957 2419/5188/2351 2408/5051/2350
f 2419/5189/2351 2420/5190/2409 2408/5191/2350
f 2408/5051/2350 2420/5192/2409 2409/5170/2399
f 2420/5192/2409 2421/5193/2410 2409/5170/2399
f 2409/5170/2399 2421/5193/2410 2410/5172/2400
f 2421/5194/2410 2422/5195/2411 2410/5173/2400
f 2410/5173/2400 2422/5195/2411 2411/5174/2401
f 2422/5196/2411 2423/5197/2412 2411/5176/2401
f 2411/5176/2401 2423/5197/2412 2412/5177/2402
f 2423/5197/2412 2424/5198/2413 2412/5177/2402
f 2412/5177/2402 2424/5198/2413 2413/5178/2403
f 2424/5198/2413 2425/5199/2414 2413/5178/2403
f 2413/5178/2403 2425/5199/2414 2414/5179/2404
f 2425/5200/2414 2426/5201/2415 2414/5180/2404
f 2414/5180/2404 2426/5201/2415 2415/5181/2405
f 2426/5201/2415 2427/5202/2416 2415/5181/2405
f 2415/5203/2405 2427/5204/2416 2416/5183/2406
f 2427/5204/2416 2428/5205/2417 2416/5183/2406
f 2416/5183/2406 2428/5205/2417 2417/5184/2407
f 2428/5206/2417 2429/5207/2418 2417/5186/2407
f 2417/5186/2407 2429/5207/2418 2418/5187/2408
f 2429/5207/2418 2430/5208/2419 2418/5187/2408
f 2418/5187/2408 2430/5208/2419 76/4360/1990
f 2430/5208/2419 75/4362/1992 76/4360/1990
f 70/4307/1956 2431/5209/2352 2419/5052/2351
f 2431/5209/2352 2432/5210/2420 2419/5052/2351
f 2419/5052/2351 2432/5210/2420 2420/5211/2409
f 2432/5210/2420 2433/5212/2421 2420/5211/2409
f 2420/5213/2409 2433/5214/2421 2421/5194/2410
f 2433/5214/2421 2434/5215/2422 2421/5194/2410
f 2421/5194/2410 2434/5215/2422 2422/5195/2411
f 2434/5216/2422 2435/5217/2423 2422/5196/2411
f 2422/5196/2411 2435/5217/2423 2423/5197/2412
f 2435/5218/2423 2436/5219/2424 2423/5220/2412
f 2423/5197/2412 2436/5221/2424 2424/5198/2413
f 2436/5219/2424 2437/5222/2425 2424/5223/2413
f 2424/5223/2413 2437/5222/2425 2425/5200/2414
f 2437/5224/2425 2438/5225/2426 2425/5226/2414
f 2425/5200/2414 2438/5227/2426 2426/5201/2415
f 2438/5227/2426 2439/5228/2427 2426/5201/2415
f 2426/5201/2415 2439/5228/2427 2427/5202/2416
f 2439/5229/2427 2440/5230/2428 2427/5204/2416
f 2427/5204/2416 2440/5230/2428 2428/5205/2417
f 2440/5231/2428 2441/5232/2429 2428/5206/2417
f 2428/5206/2417 2441/5232/2429 2429/5207/2418
f 2441/5232/2429 2442/5233/2430 2429/5207/2418
f 2429/5207/2418 2442/5233/2430 2430/5208/2419
f 2442/5233/2430 2443/5234/2431 2430/5208/2419
f 2430/5208/2419 2443/5234/2431 75/4362/1992
f 2443/5234/2431 74/4364/1994 75/4362/1992
f 71/4300/1955 2444/5055/2353 2431/5053/2352
f 2444/5055/2353 2445/5235/2432 2431/5053/2352
f 2431/5209/2352 2445/5236/2432 2432/5210/2420
f 2445/5236/2432 2446/5237/2433 2432/5210/2420
f 2432/5210/2420 2446/5237/2433 2433/5212/2421
f 2446/5237/2433 2447/5238/2434 2433/5212/2421
f 2433/5214/2421 2447/5239/2434 2434/5215/2422
f 2447/5239/2434 2448/5240/2435 2434/5215/2422
f 2434/5215/2422 2448/5240/2435 2435/5218/2423
f 2448/5240/2435 2449/5241/2436 2435/5218/2423
f 2435/5218/2423 2449/5241/2436 2436/5219/2424
f 2449/5241/2436 2450/5242/2437 2436/5219/2424
f 2436/5219/2424 2450/5242/2437 2437/5222/2425
f 2450/5243/2437 2451/5244/2438 2437/5224/2425
f 2437/5224/2425 2451/5244/2438 2438/5225/2426
f 2451/5245/2438 2452/5246/2439 2438/5227/2426
f 2438/5227/2426 2452/5246/2439 2439/5228/2427
f 2452/5247/2439 2453/5248/2440 2439/5229/2427
f 2439/5229/2427 2453/5248/2440 2440/5230/2428
f 2453/5248/2440 2454/5249/2441 2440/5230/2428
f 2440/5231/2428 2454/5250/2441 2441/5232/2429
f 2454/5250/2441 2455/5251/2442 2441/5232/2429
f 2441/5232/2429 2455/5251/2442 2442/5233/2430
f 2455/5251/2442 2456/5252/2443 2442/5233/2430
f 2442/5233/2430 2456/5252/2443 2443/5234/2431
f 2456/5253/2443 2457/5254/2444 2443/5255/2431
f 2443/5234/2431 2457/5256/2444 74/4364/1994
f 2457/5256/2444 73/11/9 74/4364/1994
f 72/4299/6 42/5257/5 2444/5055/2353
f 42/5257/5 41/5258/2445 2444/5055/2353
f 2444/5055/2353 41/5258/2445 2445/5235/2432
f 41/5259/2445 40/5260/2446 2445/5261/2432
f 2445/5236/2432 40/5262/2446 2446/5237/2433
f 40/5262/2446 39/5263/2447 2446/5237/2433
f 2446/5264/2433 39/5265/2447 2447/5266/2434
f 39/5265/2447 38/5267/2448 2447/5266/2434
f 2447/5266/2434 38/5267/2448 2448/5268/2435
f 38/5269/2448 37/5270/2449 2448/5240/2435
f 2448/5240/2435 37/5270/2449 2449/5241/2436
f 37/5271/2449 36/5272/2450 2449/5273/2436
f 2449/5241/2436 36/5274/2450 2450/5242/2437
f 36/5274/2450 35/5275/2451 2450/5242/2437
f 2450/5242/2437 35/5275/2451 2451/5245/2438
f 35/5275/2451 34/5276/2452 2451/5245/2438
f 2451/5245/2438 34/5276/2452 2452/5246/2439
f 34/5277/2452 33/5278/2453 2452/5247/2439
f 2452/5247/2439 33/5278/2453 2453/5248/2440
f 33/5278/2453 32/5279/2454 2453/5248/2440
f 2453/5248/2440 32/5279/2454 2454/5249/2441
f 32/5280/2454 31/5281/2455 2454/5250/2441
f 2454/5250/2441 31/5281/2455 2455/5251/2442
f 31/5282/2455 30/5283/2456 2455/5284/2442
f 2455/5251/2442 30/5285/2456 2456/5252/2443
f 30/5285/2456 29/5286/2457 2456/5252/2443
f 2456/5253/2443 29/5287/2457 2457/5254/2444
f 29/5287/2457 28/5288/2 2457/5254/2444
f 2457/5254/2444 28/5288/2 73/5289/9
f 28/5290/2 1/9/1 73/11/9
f 13/5024/2339 57/5291/12 3/3806/11
f 14/5020/2338 2458/5292/2458 13/5021/2339
f 15/5018/2337 2459/5293/2459 14/5019/2338
f 16/5017/2336 2461/5294/2460 15/5018/2337
f 17/5016/2335 2464/5295/2461 16/5017/2336
f 18/5015/2334 2468/5296/2462 17/5016/2335
f 19/5014/2333 2473/5297/2463 18/5015/2334
f 20/5013/2332 2479/5298/2464 19/5014/2333
f 21/5299/2331 2486/5300/2465 20/5301/2332
f 22/5009/2330 2494/5302/2466 21/5011/2331
f 23/5008/2329 2503/5303/2467 22/5009/2330
f 24/5007/2328 2513/5304/2468 23/5008/2329
f 25/5006/2327 2524/5305/2469 24/5007/2328
f 26/5004/2326 2536/5306/2470 25/5006/2327
f 27/5002/3 2549/5307/2471 26/5004/2326
f 13/5024/2339 2458/5308/2458 57/5291/12
f 2458/5308/2458 56/5309/1836 57/5291/12
f 14/5020/2338 2459/5310/2459 2458/5292/2458
f 2459/5310/2459 2460/5311/2472 2458/5292/2458
f 2458/5312/2458 2460/5313/2472 56/5314/1836
f 2460/5315/2472 55/4023/1837 56/4021/1836
f 15/5018/2337 2461/5294/2460 2459/5293/2459
f 2461/5294/2460 2462/5316/2473 2459/5293/2459
f 2459/5310/2459 2462/5317/2473 2460/5311/2472
f 2462/5318/2473 2463/5319/2474 2460/5320/2472
f 2460/5315/2472 2463/5321/2474 55/4023/1837
f 2463/5321/2474 54/4025/1838 55/4023/1837
f 16/5017/2336 2464/5295/2461 2461/5294/2460
f 2464/5295/2461 2465/5322/2475 2461/5294/2460
f 2461/5323/2460 2465/5324/2475 2462/5325/2473
f 2465/5322/2475 2466/5326/2476 2462/5316/2473
f 2462/5316/2473 2466/5326/2476 2463/5327/2474
f 2466/5328/2476 2467/5329/2477 2463/5330/2474
f 2463/5330/2474 2467/5329/2477 54/4027/1838
f 2467/5329/2477 53/4028/1839 54/4027/1838
f 17/5016/2335 2468/5296/2462 2464/5295/2461
f 2468/5296/2462 2469/5331/2478 2464/5295/2461
f 2464/5295/2461 2469/5331/2478 2465/5322/2475
f 2469/5331/2478 2470/5332/2479 2465/5322/2475
f 2465/5322/2475 2470/5332/2479 2466/5326/2476
f 2470/5333/2479 2471/5334/2480 2466/5328/2476
f 2466/5328/2476 2471/5334/2480 2467/5329/2477
f 2471/5335/2480 2472/5336/2481 2467/5337/2477
f 2467/5337/2477 2472/5336/2481 53/5338/1839
f 2472/5339/2481 52/4031/1840 53/4028/1839
f 18/5015/2334 2473/5297/2463 2468/5296/2462
f 2473/5297/2463 2474/5340/2482 2468/5296/2462
f 2468/5296/2462 2474/5340/2482 2469/5331/2478
f 2474/5341/2482 2475/5342/2483 2469/5343/2478
f 2469/5331/2478 2475/5344/2483 2470/5332/2479
f 2475/5342/2483 2476/5345/2484 2470/5333/2479
f 2470/5333/2479 2476/5345/2484 2471/5334/2480
f 2476/5345/2484 2477/5346/2485 2471/5334/2480
f 2471/5334/2480 2477/5346/2485 2472/5339/2481
f 2477/5347/2485 2478/5348/2486 2472/5349/2481
f 2472/5350/2481 2478/5351/2486 52/4033/1840
f 2478/5351/2486 51/4034/1841 52/4033/1840
f 19/5014/2333 2479/5298/2464 2473/5297/2463
f 2479/5298/2464 2480/5352/2487 2473/5297/2463
f 2473/5353/2463 2480/5354/2487 2474/5341/2482
f 2480/5354/2487 2481/5355/2488 2474/5341/2482
f 2474/5341/2482 2481/5355/2488 2475/5342/2483
f 2481/5355/2488 2482/5356/2489 2475/5342/2483
f 2475/5342/2483 2482/5356/2489 2476/5345/2484
f 2482/5356/2489 2483/5357/2490 2476/5345/2484
f 2476/5345/2484 2483/5357/2490 2477/5346/2485
f 2483/5358/2490 2484/5359/2491 2477/5347/2485
f 2477/5347/2485 2484/5359/2491 2478/5348/2486
f 2484/5360/2491 2485/5361/2492 2478/5362/2486
f 2478/5362/2486 2485/5361/2492 51/5363/1841
f 2485/5361/2492 50/5364/1842 51/5363/1841
f 20/5013/2332 2486/5365/2465 2479/5298/2464
f 2486/5365/2465 2487/5366/2493 2479/5298/2464
f 2479/5298/2464 2487/5366/2493 2480/5352/2487
f 2487/5367/2493 2488/5368/2494 2480/5354/2487
f 2480/5354/2487 2488/5368/2494 2481/5355/2488
f 2488/5368/2494 2489/5369/2495 2481/5355/2488
f 2481/5355/2488 2489/5369/2495 2482/5356/2489
f 2489/5369/2495 2490/5370/2496 2482/5356/2489
f 2482/5356/2489 2490/5370/2496 2483/5357/2490
f 2490/5371/2496 2491/5372/2497 2483/5358/2490
f 2483/5358/2490 2491/5372/2497 2484/5359/2491
f 2491/5373/2497 2492/5374/2498 2484/5360/2491
f 2484/5360/2491 2492/5374/2498 2485/5361/2492
f 2492/5374/2498 2493/5375/2499 2485/5361/2492
f 2485/5361/2492 2493/5375/2499 50/5364/1842
f 2493/5375/2499 49/4037/1843 50/5364/1842
f 21/5011/2331 2494/5302/2466 2486/5365/2465
f 2494/5302/2466 2495/5376/2500 2486/5365/2465
f 2486/5365/2465 2495/5376/2500 2487/5366/2493
f 2495/5377/2500 2496/5378/2501 2487/5367/2493
f 2487/5367/2493 2496/5378/2501 2488/5368/2494
f 2496/5379/2501 2497/5380/2502 2488/5381/2494
f 2488/5368/2494 2497/5382/2502 2489/5369/2495
f 2497/5380/2502 2498/5383/2503 2489/5384/2495
f 2489/5385/2495 2498/5386/2503 2490/5387/2496
f 2498/5388/2503 2499/5389/2504 2490/5371/2496
f 2490/5371/2496 2499/5389/2504 2491/5372/2497
f 2499/5389/2504 2500/5390/2505 2491/5372/2497
f 2491/5372/2497 2500/5390/2505 2492/5391/2498
f 2500/5392/2505 2501/5393/2506 2492/5374/2498
f 2492/5374/2498 2501/5393/2506 2493/5375/2499
f 2501/5393/2506 2502/5394/2507 2493/5375/2499
f 2493/5375/2499 2502/5394/2507 49/4037/1843
f 2502/5394/2507 48/4038/1844 49/4037/1843
f 22/5009/2330 2503/5303/2467 2494/5302/2466
f 2503/5303/2467 2504/5395/2508 2494/5302/2466
f 2494/5302/2466 2504/5395/2508 2495/5376/2500
f 2504/5395/2508 2505/5396/2509 2495/5376/2500
f 2495/5376/2500 2505/5396/2509 2496/5397/2501
f 2505/5398/2509 2506/5399/2510 2496/5400/2501
f 2496/5379/2501 2506/5401/2510 2497/5380/2502
f 2506/5401/2510 2507/5402/2511 2497/5380/2502
f 2497/5380/2502 2507/5402/2511 2498/5383/2503
f 2507/5402/2511 2508/5403/2512 2498/5383/2503
f 2498/5404/2503 2508/5405/2512 2499/5406/2504
f 2508/5407/2512 2509/5408/2513 2499/5389/2504
f 2499/5389/2504 2509/5408/2513 2500/5390/2505
f 2509/5409/2513 2510/5410/2514 2500/5411/2505
f 2500/5412/2505 2510/5413/2514 2501/5414/2506
f 2510/5413/2514 2511/5415/2515 2501/5414/2506
f 2501/5416/2506 2511/5417/2515 2502/5418/2507
f 2511/5419/2515 2512/5420/2516 2502/5421/2507
f 2502/5422/2507 2512/5423/2516 48/5424/1844
f 2512/5425/2516 47/4041/1845 48/4040/1844
f 23/5008/2329 2513/5304/2468 2503/5303/2467
f 2513/5304/2468 2514/5426/2517 2503/5303/2467
f 2503/5303/2467 2514/5426/2517 2504/5395/2508
f 2514/5426/2517 2515/5427/2518 2504/5395/2508
f 2504/5395/2508 2515/5427/2518 2505/5396/2509
f 2515/5427/2518 2516/5428/2519 2505/5396/2509
f 2505/5396/2509 2516/5428/2519 2506/5429/2510
f 2516/5430/2519 2517/5431/2520 2506/5432/2510
f 2506/5401/2510 2517/5433/2520 2507/5402/2511
f 2517/5434/2520 2518/5435/2521 2507/5436/2511
f 2507/5436/2511 2518/5435/2521 2508/5437/2512
f 2518/5438/2521 2519/5439/2522 2508/5440/2512
f 2508/5441/2512 2519/5442/2522 2509/5443/2513
f 2519/5444/2522 2520/5445/2523 2509/5446/2513
f 2509/5409/2513 2520/5447/2523 2510/5410/2514
f 2520/5448/2523 2521/5449/2524 2510/5450/2514
f 2510/5413/2514 2521/5451/2524 2511/5415/2515
f 2521/5451/2524 2522/5452/2525 2511/5415/2515
f 2511/5415/2515 2522/5452/2525 2512/5453/2516
f 2522/5452/2525 2523/5454/2526 2512/5453/2516
f 2512/5453/2516 2523/5454/2526 47/4043/1845
f 2523/5454/2526 46/4044/1846 47/4043/1845
f 24/5007/2328 2524/5305/2469 2513/5304/2468
f 2524/5305/2469 2525/5455/2527 2513/5304/2468
f 2513/5304/2468 2525/5455/2527 2514/5426/2517
f 2525/5455/2527 2526/5456/2528 2514/5426/2517
f 2514/5426/2517 2526/5456/2528 2515/5427/2518
f 2526/5457/2528 2527/5458/2529 2515/5459/2518
f 2515/5459/2518 2527/5458/2529 2516/5460/2519
f 2527/5461/2529 2528/5462/2530 2516/5428/2519
f 2516/5428/2519 2528/5462/2530 2517/5463/2520
f 2528/5462/2530 2529/5464/2531 2517/5463/2520
f 2517/5463/2520 2529/5464/2531 2518/5465/2521
f 2529/5466/2531 2530/5467/2532 2518/5468/2521
f 2518/5438/2521 2530/5469/2532 2519/5439/2522
f 2530/5470/2532 2531/5471/2533 2519/5472/2522
f 2519/5472/2522 2531/5471/2533 2520/5473/2523
f 2531/5471/2533 2532/5474/2534 2520/5473/2523
f 2520/5473/2523 2532/5474/2534 2521/5475/2524
f 2532/5474/2534 2533/5476/2535 2521/5475/2524
f 2521/5475/2524 2533/5476/2535 2522/5477/2525
f 2533/5476/2535 2534/5478/2536 2522/5477/2525
f 2522/5452/2525 2534/5479/2536 2523/5454/2526
f 2534/5479/2536 2535/5480/2537 2523/5454/2526
f 2523/5454/2526 2535/5480/2537 46/4044/1846
f 2535/5480/2537 45/4045/1847 46/4044/1846
f 25/5006/2327 2536/5306/2470 2524/5305/2469
f 2536/5481/2470 2537/5482/2538 2524/5483/2469
f 2524/5483/2469 2537/5482/2538 2525/5484/2527
f 2537/5485/2538 2538/5486/2539 2525/5455/2527
f 2525/5455/2527 2538/5486/2539 2526/5456/2528
f 2538/5487/2539 2539/5488/2540 2526/5457/2528
f 2526/5457/2528 2539/5488/2540 2527/5458/2529
f 2539/5489/2540 2540/5490/2541 2527/5461/2529
f 2527/5461/2529 2540/5490/2541 2528/5462/2530
f 2540/5491/2541 2541/5492/2542 2528/5493/2530
f 2528/5493/2530 2541/5492/2542 2529/5494/2531
f 2541/5495/2542 2542/5496/2543 2529/5497/2531
f 2529/5466/2531 2542/5498/2543 2530/5467/2532
f 2542/5499/2543 2543/5500/2544 2530/5501/2532
f 2530/5501/2532 2543/5500/2544 2531/5502/2533
f 2543/5503/2544 2544/5504/2545 2531/5471/2533
f 2531/5471/2533 2544/5504/2545 2532/5474/2534
f 2544/5505/2545 2545/5506/2546 2532/5507/2534
f 2532/5507/2534 2545/5506/2546 2533/5508/2535
f 2545/5509/2546 2546/5510/2547 2533/5476/2535
f 2533/5476/2535 2546/5510/2547 2534/5478/2536
f 2546/5510/2547 2547/5511/2548 2534/5478/2536
f 2534/5478/2536 2547/5511/2548 2535/5512/2537
f 2547/5511/2548 2548/5513/2549 2535/5512/2537
f 2535/5480/2537 2548/5514/2549 45/4045/1847
f 2548/5514/2549 44/5515/1848 45/4045/1847
f 26/5004/2326 2549/5307/2471 2536/5306/2470
f 2549/5516/2471 2550/5517/2550 2536/5481/2470
f 2536/5481/2470 2550/5517/2550 2537/5482/2538
f 2550/5518/2550 2551/5519/2551 2537/5485/2538
f 2537/5485/2538 2551/5519/2551 2538/5486/2539
f 2551/5520/2551 2552/5521/2552 2538/5487/2539
f 2538/5487/2539 2552/5521/2552 2539/5488/2540
f 2552/5522/2552 2553/5523/2553 2539/5489/2540
f 2539/5489/2540 2553/5523/2553 2540/5490/2541
f 2553/5523/2553 2554/5524/2554 2540/5490/2541
f 2540/5491/2541 2554/5525/2554 2541/5492/2542
f 2554/5525/2554 2555/5526/2555 2541/5492/2542
f 2541/5492/2542 2555/5526/2555 2542/5527/2543
f 2555/5528/2555 2556/5529/2556 2542/5530/2543
f 2542/5531/2543 2556/5532/2556 2543/5503/2544
f 2556/5532/2556 2557/5533/2557 2543/5503/2544
f 2543/5503/2544 2557/5533/2557 2544/5504/2545
f 2557/5534/2557 2558/5535/2558 2544/5505/2545
f 2544/5505/2545 2558/5535/2558 2545/5506/2546
f 2558/5535/2558 2559/5536/2559 2545/5506/2546
f 2545/5537/2546 2559/5538/2559 2546/5539/2547
f 2559/5538/2559 2560/5540/2560 2546/5539/2547
f 2546/5541/2547 2560/5542/2560 2547/5543/2548
f 2560/5544/2560 2561/5545/2561 2547/5546/2548
f 2547/5511/2548 2561/5547/2561 2548/5513/2549
f 2561/5547/2561 2562/5548/2562 2548/5513/2549
f 2548/5513/2549 2562/5548/2562 44/5549/1848
f 2562/5550/2562 43/4048/1849 44/4047/1848
f 27/5002/3 28/5290/2 2549/5307/2471
f 28/5288/2 29/5287/2457 2549/5516/2471
f 2549/5516/2471 29/5287/2457 2550/5517/2550
f 29/5286/2457 30/5285/2456 2550/5518/2550
f 2550/5518/2550 30/5285/2456 2551/5519/2551
f 30/5285/2456 31/5281/2455 2551/5519/2551
f 2551/5519/2551 31/5281/2455 2552/5522/2552
f 31/5281/2455 32/5280/2454 2552/5522/2552
f 2552/5522/2552 32/5280/2454 2553/5523/2553
f 32/5280/2454 33/5551/2453 2553/5523/2553
f 2553/5523/2553 33/5551/2453 2554/5524/2554
f 33/5278/2453 34/5277/2452 2554/5525/2554
f 2554/5525/2554 34/5277/2452 2555/5526/2555
f 34/5277/2452 35/5552/2451 2555/5526/2555
f 2555/5528/2555 35/5275/2451 2556/5529/2556
f 35/5275/2451 36/5274/2450 2556/5529/2556
f 2556/5532/2556 36/5553/2450 2557/5533/2557
f 36/5554/2450 37/5555/2449 2557/5556/2557
f 2557/5557/2557 37/5558/2449 2558/5559/2558
f 37/5270/2449 38/5269/2448 2558/5560/2558
f 2558/5561/2558 38/5267/2448 2559/5562/2559
f 38/5267/2448 39/5265/2447 2559/5562/2559
f 2559/5538/2559 39/5563/2447 2560/5540/2560
f 39/5564/2447 40/5565/2446 2560/5544/2560
f 2560/5544/2560 40/5565/2446 2561/5545/2561
f 40/5260/2446 41/5259/2445 2561/5566/2561
f 2561/5566/2561 41/5259/2445 2562/5567/2562
f 41/5568/2445 42/5569/5 2562/5570/2562
f 2562/5550/2562 42/5571/5 43/4048/1849
f 42/5572/5 2/5573/4 43/5574/1849
s 0
f 2564/5575/2563 2569/5576/2563 2563/5577/2563
f 2569/5576/2564 2570/5578/2564 2575/5579/2564
f 2565/5580/2565 2570/5578/2565 2564/5575/2565
f 2570/5578/2566 2571/5581/2566 2575/5579/2566
f 2566/5582/2567 2571/5583/2567 2565/5584/2567
f 2571/5583/2568 2572/5585/2568 2575/5586/2568
f 2567/5587/2569 2572/5588/2569 2566/5589/2569
f 2572/5588/2570 2573/5590/2570 2575/5591/2570
f 2568/5592/2571 2573/5590/2571 2567/5587/2571
f 2573/5590/2572 2574/5593/2572 2575/5591/2572
f 2563/5594/2573 2574/5595/2573 2568/5596/2573
f 2574/5595/2574 2569/5597/2574 2575/5598/2574
f 2567/5599/2575 2565/5600/2575 2563/5601/2575
f 2577/5602/2576 2582/5603/2576 2576/5604/2576
f 2582/5605/2577 2583/5606/2577 2588/5607/2577
f 2577/5608/2578 2584/5609/2578 2583/5610/2578
f 2583/5610/2579 2584/5609/2579 2588/5611/2579
f 2579/5612/2580 2584/5609/2580 2578/5613/2580
f 2584/5609/2581 2585/5614/2581 2588/5611/2581
f 2580/5615/2582 2585/5616/2582 2579/5617/2582
f 2585/5616/2583 2586/5618/2583 2588/5619/2583
f 2581/5620/2584 2586/5621/2584 2580/5622/2584
f 2586/5621/2585 2587/5623/2585 2588/5624/2585
f 2576/5625/2586 2587/5623/2586 2581/5620/2586
f 2587/5623/2587 2582/5626/2587 2588/5624/2587
f 2580/5627/2588 2578/5628/2588 2576/5629/2588
f 2590/5630/2589 2595/5631/2589 2589/5632/2589
f 2595/5633/2590 2596/5634/2590 2601/5635/2590
f 2591/5636/2591 2596/5637/2591 2590/5638/2591
f 2596/5637/2592 2597/5639/2592 2601/5640/2592
f 2592/5641/2593 2597/5639/2593 2591/5636/2593
f 2597/5639/2594 2598/5642/2594 2601/5640/2594
f 2592/5643/2595 2599/5644/2595 2598/5645/2595
f 2598/5645/2596 2599/5644/2596 2601/5646/2596
f 2594/5647/2597 2599/5648/2597 2593/5649/2597
f 2599/5648/2598 2600/5650/2598 2601/5651/2598
f 2589/5652/2599 2600/5653/2599 2594/5654/2599
f 2600/5653/2600 2595/5633/2600 2601/5635/2600
f 2593/5655/2601 2591/5656/2601 2589/5657/2601
f 2603/5658/2602 2608/5659/2602 2602/5660/2602
f 2608/5661/2603 2609/5662/2603 2614/5663/2603
f 2603/5658/2604 2610/5664/2604 2609/5665/2604
f 2609/5665/2605 2610/5664/2605 2614/5666/2605
f 2604/5667/2606 2611/5668/2606 2610/5669/2606
f 2610/5669/2607 2611/5668/2607 2614/5670/2607
f 2606/5671/2608 2611/5672/2608 2605/5673/2608
f 2611/5672/2609 2612/5674/2609 2614/5675/2609
f 2606/5671/2610 2613/5676/2610 2612/5674/2610
f 2612/5674/2611 2613/5676/2611 2614/5675/2611
f 2602/5677/2612 2613/5678/2612 2607/5679/2612
f 2613/5678/2613 2608/5680/2613 2614/5681/2613
f 2606/5682/2614 2604/5683/2614 2602/5684/2614
f 2616/5685/2615 2621/5686/2615 2615/5687/2615
f 2621/5686/2616 2622/5688/2616 2627/5689/2616
f 2617/5690/2617 2622/5691/2617 2616/5692/2617
f 2622/5691/2618 2623/5693/2618 2627/5694/2618
f 2618/5695/2619 2623/5696/2619 2617/5697/2619
f 2623/5693/2620 2624/5698/2620 2627/5694/2620
f 2618/5699/2621 2625/5700/2621 2624/5701/2621
f 2624/5701/2622 2625/5700/2622 2627/5702/2622
f 2620/5703/2623 2625/5704/2623 2619/5705/2623
f 2625/5704/2624 2626/5706/2624 2627/5707/2624
f 2615/5708/2625 2626/5706/2625 2620/5703/2625
f 2626/5706/2626 2621/5709/2626 2627/5707/2626
f 2619/5710/2627 2617/5711/2627 2615/5712/2627
f 2629/5713/2628 2634/5714/2628 2628/5715/2628
f 2634/5716/2629 2635/5717/2629 2640/5718/2629
f 2630/5719/2630 2635/5720/2630 2629/5721/2630
f 2635/5720/2631 2636/5722/2631 2640/5723/2631
f 2631/5724/2632 2636/5725/2632 2630/5726/2632
f 2636/5722/2633 2637/5727/2633 2640/5723/2633
f 2631/5728/2634 2638/5729/2634 2637/5730/2634
f 2637/5730/2635 2638/5729/2635 2640/5731/2635
f 2633/5732/2636 2638/5733/2636 2632/5734/2636
f 2638/5729/2637 2639/5735/2637 2640/5731/2637
f 2633/5736/2638 2634/5714/2638 2639/5737/2638
f 2639/5738/2639 2634/5716/2639 2640/5718/2639
f 2632/5739/2640 2630/5740/2640 2628/5741/2640
f 2641/5742/2641 2648/5743/2641 2647/5744/2641
f 2647/5745/2642 2648/5746/2642 2653/5747/2642
f 2643/5748/2643 2648/5743/2643 2642/5749/2643
f 2648/5746/2644 2649/5750/2644 2653/5747/2644
f 2644/5751/2645 2649/5752/2645 2643/5753/2645
f 2649/5752/2646 2650/5754/2646 2653/5755/2646
f 2645/5756/2647 2650/5757/2647 2644/5758/2647
f 2650/5757/2648 2651/5759/2648 2653/5760/2648
f 2646/5761/2649 2651/5759/2649 2645/5756/2649
f 2651/5759/2650 2652/5762/2650 2653/5760/2650
f 2641/5763/2651 2652/5764/2651 2646/5765/2651
f 2652/5764/2652 2647/5766/2652 2653/5767/2652
f 2645/5768/2653 2643/5769/2653 2641/5770/2653
f 2564/5575/2563 2570/5578/2563 2569/5576/2563
f 2565/5580/2565 2571/5581/2565 2570/5578/2565
f 2566/5582/2567 2572/5585/2567 2571/5583/2567
f 2567/5587/2569 2573/5590/2569 2572/5588/2569
f 2568/5592/2571 2574/5593/2571 2573/5590/2571
f 2563/5594/2573 2569/5597/2573 2574/5595/2573
f 2563/5601/2575 2568/5771/2575 2567/5599/2575
f 2567/5599/2575 2566/5772/2575 2565/5600/2575
f 2565/5600/2575 2564/5773/2575 2563/5601/2575
f 2577/5602/2576 2583/5774/2576 2582/5603/2576
f 2577/5608/2578 2578/5613/2578 2584/5609/2578
f 2579/5612/2580 2585/5614/2580 2584/5609/2580
f 2580/5615/2582 2586/5618/2582 2585/5616/2582
f 2581/5620/2584 2587/5623/2584 2586/5621/2584
f 2576/5625/2586 2582/5626/2586 2587/5623/2586
f 2576/5629/2654 2581/5775/2654 2580/5627/2654
f 2580/5627/2654 2579/5776/2654 2578/5628/2654
f 2578/5628/2654 2577/5777/2654 2576/5629/2654
f 2590/5630/2589 2596/5778/2589 2595/5631/2589
f 2591/5636/2591 2597/5639/2591 2596/5637/2591
f 2592/5641/2593 2598/5642/2593 2597/5639/2593
f 2592/5643/2595 2593/5779/2595 2599/5644/2595
f 2594/5647/2597 2600/5650/2597 2599/5648/2597
f 2589/5652/2599 2595/5633/2599 2600/5653/2599
f 2589/5657/2601 2594/5780/2601 2593/5655/2601
f 2593/5655/2601 2592/5781/2601 2591/5656/2601
f 2591/5656/2601 2590/5782/2601 2589/5657/2601
f 2603/5658/2602 2609/5665/2602 2608/5659/2602
f 2603/5658/2604 2604/5783/2604 2610/5664/2604
f 2604/5667/2606 2605/5784/2606 2611/5668/2606
f 2606/5671/2608 2612/5674/2608 2611/5672/2608
f 2606/5671/2610 2607/5785/2610 2613/5676/2610
f 2602/5677/2612 2608/5680/2612 2613/5678/2612
f 2602/5684/2614 2607/5786/2614 2606/5682/2614
f 2606/5682/2614 2605/5787/2614 2604/5683/2614
f 2604/5683/2614 2603/5788/2614 2602/5684/2614
f 2616/5685/2615 2622/5688/2615 2621/5686/2615
f 2617/5690/2617 2623/5693/2617 2622/5691/2617
f 2618/5695/2619 2624/5789/2619 2623/5696/2619
f 2618/5699/2621 2619/5790/2621 2625/5700/2621
f 2620/5703/2623 2626/5706/2623 2625/5704/2623
f 2615/5708/2625 2621/5709/2625 2626/5706/2625
f 2615/5712/2627 2620/5791/2627 2619/5710/2627
f 2619/5710/2627 2618/5792/2627 2617/5711/2627
f 2617/5711/2627 2616/5793/2627 2615/5712/2627
f 2629/5713/2628 2635/5794/2628 2634/5714/2628
f 2630/5719/2630 2636/5722/2630 2635/5720/2630
f 2631/5724/2632 2637/5795/2632 2636/5725/2632
f 2631/5728/2634 2632/5796/2634 2638/5729/2634
f 2633/5732/2636 2639/5797/2636 2638/5733/2636
f 2633/5736/2638 2628/5715/2638 2634/5714/2638
f 2628/5741/2640 2633/5798/2640 2632/5739/2640
f 2632/5739/2640 2631/5799/2640 2630/5740/2640
f 2630/5740/2640 2629/5800/2640 2628/5741/2640
f 2641/5742/2641 2642/5749/2641 2648/5743/2641
f 2643/5748/2643 2649/5801/2643 2648/5743/2643
f 2644/5751/2645 2650/5754/2645 2649/5752/2645
f 2645/5756/2647 2651/5759/2647 2650/5757/2647
f 2646/5761/2649 2652/5762/2649 2651/5759/2649
f 2641/5763/2651 2647/5766/2651 2652/5764/2651
f 2641/5770/2653 2646/5802/2653 2645/5768/2653
f 2645/5768/2653 2644/5803/2653 2643/5769/2653
f 2643/5769/2653 2642/5804/2653 2641/5770/2653
