# Blender 4.3.2
# www.blender.org
o sky_stone_3
v 0.000000 -0.120441 0.000000
v 0.284312 0.006715 0.186584
v -0.107897 0.007415 0.299962
v -0.347232 0.008016 0.000000
v -0.110759 0.004543 -0.307919
v 0.282479 0.007417 -0.185382
v 0.104312 0.220306 0.289994
v -0.271166 0.219566 0.177958
v -0.283682 0.224362 -0.186171
v 0.107427 0.223431 -0.298654
v 0.340078 0.221083 0.000000
v 0.000000 0.346988 0.000000
v -0.102213 -0.019639 0.284161
v -0.093460 -0.047986 0.259825
v -0.079168 -0.070319 0.220092
v -0.062336 -0.086714 0.173300
v -0.047179 -0.108062 0.131161
v -0.030657 -0.121408 0.085228
v -0.014111 -0.120071 0.039228
v 0.037361 -0.122738 0.024519
v 0.076284 -0.109660 0.050063
v 0.118577 -0.099111 0.077818
v 0.155819 -0.077558 0.102259
v 0.195390 -0.059661 0.128228
v 0.229986 -0.038155 0.150932
v 0.253527 -0.012522 0.166382
v 0.246985 0.001255 0.211072
v 0.201155 -0.002109 0.232860
v 0.152393 -0.005551 0.255704
v 0.098656 -0.006674 0.274260
v 0.043272 -0.006016 0.288883
v -0.011376 -0.003869 0.299601
v -0.063516 -0.000675 0.306987
v 0.297922 0.001499 -0.146638
v 0.307461 -0.002156 -0.100888
v 0.319980 -0.006953 -0.052498
v 0.328292 -0.010138 0.000000
v 0.313076 -0.004308 0.051365
v 0.316189 -0.005500 0.103752
v 0.297671 0.001595 0.146514
v 0.037932 -0.126384 -0.024893
v 0.081039 -0.123702 -0.053183
v 0.123134 -0.107366 -0.080809
v 0.167102 -0.091550 -0.109663
v 0.205860 -0.069056 -0.135099
v 0.235805 -0.042046 -0.154751
v 0.262246 -0.016930 -0.172103
v -0.309177 -0.010803 0.000000
v -0.276607 -0.034003 0.000000
v -0.247451 -0.063969 0.000000
v -0.198031 -0.083003 0.000000
v -0.149260 -0.103053 0.000000
v -0.099089 -0.121119 0.000000
v -0.046989 -0.126911 0.000000
v -0.149833 -0.001818 0.284855
v -0.190074 -0.006651 0.254205
v -0.233053 -0.011507 0.220249
v -0.272456 -0.013388 0.178805
v -0.296789 -0.008525 0.129050
v -0.319826 -0.004192 0.083031
v -0.332307 0.002904 0.039058
v -0.102560 -0.020098 -0.285124
v -0.091941 -0.045326 -0.255601
v -0.078785 -0.069421 -0.219029
v -0.063516 -0.090542 -0.176578
v -0.047877 -0.111373 -0.133102
v -0.030624 -0.121154 -0.085137
v -0.014356 -0.124178 -0.039912
v -0.326652 0.004823 -0.038393
v -0.313158 -0.001693 -0.081300
v -0.297852 -0.008970 -0.129513
v -0.268569 -0.011547 -0.176255
v -0.230542 -0.010137 -0.217876
v -0.190446 -0.006890 -0.254702
v -0.151180 -0.002875 -0.287416
v -0.063043 0.000191 -0.304702
v -0.011595 -0.006172 -0.305373
v 0.044232 -0.008716 -0.295293
v 0.103408 -0.012567 -0.287470
v 0.162830 -0.013853 -0.273217
v 0.207755 -0.005972 -0.240499
v 0.247774 0.000889 -0.211746
v 0.352033 0.199509 0.023934
v 0.367227 0.175433 0.051187
v 0.364748 0.146108 0.078223
v 0.358889 0.115659 0.105331
v 0.337273 0.085977 0.127087
v 0.332077 0.055581 0.154340
v 0.315827 0.027495 0.176160
v 0.307418 0.029842 -0.171470
v 0.337074 0.054677 -0.156662
v 0.353853 0.084518 -0.133335
v 0.365932 0.115659 -0.107398
v 0.360473 0.145751 -0.077306
v 0.361132 0.174441 -0.050337
v 0.350366 0.199112 -0.023821
v 0.084932 0.200863 0.314822
v 0.060704 0.176558 0.337525
v 0.029946 0.145701 0.333013
v -0.000000 0.115659 0.332808
v -0.030570 0.084991 0.339944
v -0.060274 0.055191 0.335131
v -0.085408 0.029977 0.316585
v 0.280228 0.028381 0.214699
v 0.271057 0.054236 0.242902
v 0.252490 0.084174 0.265681
v 0.230791 0.115659 0.286934
v 0.195852 0.146229 0.290327
v 0.167267 0.175396 0.299467
v 0.134891 0.200078 0.297026
v -0.291057 0.196908 0.162344
v -0.312757 0.172241 0.145360
v -0.347133 0.146208 0.130803
v -0.368674 0.115659 0.108202
v -0.369453 0.084817 0.079232
v -0.375013 0.054617 0.052272
v -0.360602 0.029768 0.024517
v -0.137876 0.029372 0.303599
v -0.171069 0.054564 0.306274
v -0.197659 0.084806 0.293005
v -0.229057 0.115659 0.284778
v -0.242162 0.145856 0.254813
v -0.255532 0.173564 0.228989
v -0.265031 0.198203 0.203056
v -0.284715 0.204333 -0.218137
v -0.283735 0.179955 -0.254264
v -0.257782 0.147803 -0.271249
v -0.231141 0.115659 -0.287369
v -0.201373 0.084226 -0.298511
v -0.169536 0.055111 -0.303531
v -0.139999 0.028043 -0.308273
v -0.363068 0.029180 -0.024685
v -0.369651 0.055490 -0.051525
v -0.372112 0.084595 -0.079802
v -0.364638 0.115659 -0.107018
v -0.357292 0.147102 -0.134631
v -0.333630 0.176018 -0.155061
v -0.309437 0.202039 -0.172596
v 0.139929 0.203230 -0.308118
v 0.167154 0.175356 -0.299265
v 0.196146 0.146275 -0.290762
v 0.223243 0.115659 -0.277551
v 0.247331 0.084817 -0.260252
v 0.264716 0.055673 -0.237220
v 0.270480 0.031418 -0.207230
v -0.088908 0.026465 -0.329560
v -0.062411 0.053047 -0.347016
v -0.032362 0.083193 -0.359874
v 0.000000 0.115659 -0.345981
v 0.030582 0.146339 -0.340078
v 0.059782 0.175633 -0.332395
v 0.088625 0.204569 -0.328512
v 0.329279 0.227386 0.038702
v 0.320985 0.235943 0.083332
v 0.299169 0.240838 0.130085
v 0.274222 0.245542 0.179965
v 0.230694 0.241537 0.218019
v 0.186931 0.235945 0.250001
v 0.146617 0.230614 0.278741
v 0.061634 0.228545 0.297890
v 0.011643 0.237998 0.306647
v -0.045294 0.243018 0.302379
v -0.100863 0.240728 0.280396
v -0.151441 0.236111 0.254107
v -0.202189 0.234031 0.234056
v -0.244947 0.229119 0.209330
v -0.297979 0.229840 0.146666
v -0.310584 0.234670 0.101913
v -0.322122 0.239091 0.052849
v -0.327999 0.241343 -0.000000
v -0.333791 0.243563 -0.054764
v -0.315365 0.236502 -0.103482
v -0.307557 0.233510 -0.151380
v -0.247322 0.230219 -0.211360
v -0.208297 0.237607 -0.241127
v -0.158202 0.241489 -0.265452
v -0.104130 0.244780 -0.289479
v -0.045505 0.243612 -0.303790
v 0.011890 0.240588 -0.313141
v 0.062092 0.229384 -0.300104
v 0.151052 0.234092 -0.287173
v 0.189118 0.237353 -0.252926
v 0.229974 0.241144 -0.217339
v 0.272137 0.244555 -0.178596
v 0.298059 0.240374 -0.129603
v 0.318366 0.234962 -0.082652
v 0.336264 0.229756 -0.039523
v 0.014071 0.350726 0.039118
v 0.029695 0.345291 0.082555
v 0.045340 0.330657 0.126047
v 0.060702 0.312724 0.168755
v 0.078532 0.300142 0.218324
v 0.092627 0.277845 0.257510
v 0.099124 0.246866 0.275571
v 0.315603 0.244749 0.000000
v 0.285386 0.270070 0.000000
v 0.242478 0.291676 0.000000
v 0.200181 0.316477 0.000000
v 0.148979 0.333958 0.000000
v 0.095330 0.343455 0.000000
v 0.045784 0.352010 0.000000
v -0.035790 0.344035 0.023488
v -0.072188 0.328879 0.047375
v -0.112855 0.320066 0.074063
v -0.155362 0.308309 0.101959
v -0.193561 0.289338 0.127028
v -0.228197 0.268275 0.149758
v -0.254749 0.244457 0.167183
v -0.036481 0.348446 -0.023942
v -0.076273 0.340943 -0.050055
v -0.120054 0.333104 -0.078787
v -0.171346 0.328131 -0.112449
v -0.211886 0.305780 -0.139054
v -0.238391 0.275094 -0.156448
v -0.264472 0.249373 -0.173564
v 0.013842 0.346896 -0.038481
v 0.029339 0.342536 -0.081564
v 0.047046 0.338749 -0.130791
v 0.064751 0.325870 -0.180012
v 0.080503 0.304774 -0.223805
v 0.092916 0.278352 -0.258314
v 0.100931 0.249258 -0.280594
v 0.063500 0.347494 -0.041673
v 0.119096 0.342395 -0.044310
v 0.082744 0.340464 -0.087864
v 0.174888 0.327741 -0.045404
v 0.138009 0.327190 -0.090572
v 0.103804 0.331815 -0.138828
v 0.219559 0.300597 -0.043773
v 0.198847 0.315141 -0.094429
v 0.163616 0.318545 -0.144062
v 0.122270 0.314129 -0.187901
v 0.262571 0.276217 -0.042488
v 0.244535 0.287562 -0.090980
v 0.211857 0.290796 -0.139037
v 0.180463 0.296698 -0.191629
v 0.136870 0.290246 -0.230999
v 0.302130 0.252773 -0.041140
v 0.286354 0.261598 -0.087575
v 0.259332 0.266362 -0.135651
v 0.227889 0.269693 -0.184865
v 0.187154 0.266816 -0.226765
v 0.145898 0.262024 -0.263491
v -0.023554 0.340789 -0.065479
v -0.009771 0.340558 -0.115064
v -0.065492 0.335595 -0.096107
v 0.006432 0.334350 -0.169390
v -0.054127 0.332854 -0.150471
v -0.112450 0.328703 -0.130174
v 0.023050 0.311573 -0.214139
v -0.038869 0.319824 -0.204700
v -0.097008 0.310294 -0.177548
v -0.154921 0.307762 -0.157871
v 0.038226 0.284261 -0.250655
v -0.021307 0.296740 -0.250903
v -0.082739 0.294726 -0.230013
v -0.140102 0.289386 -0.205594
v -0.191812 0.282331 -0.180397
v 0.051980 0.258072 -0.282784
v -0.003858 0.267020 -0.283205
v -0.065230 0.272472 -0.275435
v -0.123790 0.269159 -0.252023
v -0.177491 0.263947 -0.226472
v -0.226273 0.258201 -0.201360
v -0.074505 0.335721 0.000000
v -0.119664 0.332398 -0.026177
v -0.118449 0.330196 0.025911
v -0.174051 0.331484 -0.057112
v -0.172551 0.329624 0.000000
v -0.164958 0.320209 0.054128
v -0.222629 0.315419 -0.087662
v -0.224403 0.317011 -0.029454
v -0.220282 0.313314 0.028913
v -0.204612 0.299253 0.080568
v -0.258103 0.288277 -0.112923
v -0.262782 0.291406 -0.057485
v -0.267770 0.294742 0.000000
v -0.260666 0.289991 0.057022
v -0.242630 0.277929 0.106154
v -0.285797 0.260155 -0.133971
v -0.300772 0.267726 -0.084594
v -0.305442 0.270087 -0.028636
v -0.301425 0.268056 0.028259
v -0.289822 0.262190 0.081515
v -0.267228 0.250766 0.125266
v -0.024139 0.346379 0.067105
v -0.063137 0.327685 0.092651
v -0.009850 0.342373 0.115993
v -0.109389 0.322903 0.126630
v -0.052810 0.327572 0.146812
v 0.006128 0.324036 0.161402
v -0.147005 0.297947 0.149805
v -0.097106 0.310489 0.177726
v -0.037920 0.314837 0.199699
v 0.022627 0.307976 0.210208
v -0.187373 0.278473 0.176222
v -0.133066 0.280662 0.195269
v -0.078984 0.286598 0.219572
v -0.020822 0.292619 0.245193
v 0.039055 0.287915 0.256087
v -0.221860 0.255421 0.197432
v -0.167499 0.255599 0.213722
v -0.117643 0.261536 0.239507
v -0.063367 0.267996 0.267572
v -0.003881 0.267932 0.284911
v 0.052069 0.258316 0.283269
v 0.062782 0.344871 0.041202
v 0.080735 0.335005 0.085731
v 0.114562 0.333763 0.042623
v 0.098708 0.321203 0.132012
v 0.134204 0.321359 0.088075
v 0.170360 0.322250 0.044228
v 0.119972 0.310400 0.184370
v 0.159060 0.312896 0.140051
v 0.197030 0.313317 0.093566
v 0.225957 0.305987 0.045048
v 0.135003 0.287865 0.227849
v 0.177346 0.293572 0.188320
v 0.218062 0.295925 0.143109
v 0.250847 0.291999 0.093328
v 0.266847 0.278832 0.043180
v 0.141798 0.257911 0.256086
v 0.186363 0.266178 0.225807
v 0.230091 0.271181 0.186651
v 0.261318 0.267516 0.136690
v 0.280597 0.258664 0.085814
v 0.308184 0.255521 0.041964
v 0.348218 0.206652 -0.067999
v 0.354412 0.179102 -0.098281
v 0.334879 0.212574 -0.117187
v 0.361147 0.148900 -0.131454
v 0.333535 0.181981 -0.148688
v 0.308375 0.215655 -0.167096
v 0.343190 0.115659 -0.156402
v 0.328004 0.149300 -0.179650
v 0.305584 0.183995 -0.200546
v 0.273807 0.216606 -0.215309
v 0.329652 0.083493 -0.182293
v 0.313958 0.115659 -0.206041
v 0.293101 0.149600 -0.228280
v 0.253728 0.180475 -0.235122
v 0.220763 0.209966 -0.244705
v 0.304160 0.054462 -0.199611
v 0.293790 0.083494 -0.226851
v 0.263430 0.115659 -0.239850
v 0.238416 0.147359 -0.257128
v 0.204566 0.176591 -0.263243
v 0.180199 0.207159 -0.279681
v 0.036732 0.208484 -0.326602
v 0.006030 0.179018 -0.334394
v -0.020125 0.213651 -0.327496
v -0.027006 0.149146 -0.353475
v -0.055830 0.184888 -0.347054
v -0.082837 0.218377 -0.325170
v -0.059075 0.115659 -0.345799
v -0.089945 0.150124 -0.345559
v -0.119411 0.185568 -0.331964
v -0.144762 0.218506 -0.307435
v -0.093141 0.082394 -0.351118
v -0.119540 0.115659 -0.332325
v -0.154562 0.150683 -0.332626
v -0.185967 0.186919 -0.319518
v -0.201403 0.215928 -0.282038
v -0.121838 0.051480 -0.338717
v -0.148052 0.083496 -0.322463
v -0.183855 0.115659 -0.322761
v -0.210620 0.149541 -0.303847
v -0.232909 0.181990 -0.279863
v -0.242170 0.208455 -0.244646
v -0.328704 0.207417 -0.130959
v -0.354302 0.179757 -0.109779
v -0.339164 0.210337 -0.081076
v -0.365953 0.147865 -0.082737
v -0.372917 0.183125 -0.057774
v -0.353028 0.214207 -0.028130
v -0.377473 0.115659 -0.055392
v -0.378017 0.148926 -0.028488
v -0.366269 0.181923 0.000000
v -0.342523 0.211275 0.027293
v -0.388975 0.083187 -0.027806
v -0.377612 0.115659 0.000000
v -0.371054 0.148314 0.027963
v -0.354564 0.179805 0.054930
v -0.332387 0.208445 0.079456
v -0.384922 0.053004 0.000000
v -0.384627 0.083551 0.027496
v -0.373502 0.115659 0.054810
v -0.362663 0.147575 0.081993
v -0.333458 0.175987 0.103321
v -0.313774 0.203250 0.125011
v -0.239260 0.207340 0.241706
v -0.220839 0.178552 0.265359
v -0.190214 0.210357 0.266369
v -0.201598 0.148090 0.290831
v -0.173111 0.181992 0.297429
v -0.137914 0.213641 0.292891
v -0.173517 0.115659 0.304612
v -0.145265 0.148576 0.312617
v -0.112858 0.181732 0.313746
v -0.078644 0.213177 0.308709
v -0.150340 0.082999 0.327446
v -0.118500 0.115659 0.329432
v -0.084687 0.148109 0.325357
v -0.051885 0.179995 0.322525
v -0.019628 0.211233 0.319413
v -0.118772 0.053095 0.330193
v -0.088717 0.083975 0.334438
v -0.056672 0.115659 0.331734
v -0.025994 0.147891 0.340228
v 0.006059 0.179327 0.336024
v 0.035228 0.204682 0.313227
v 0.175908 0.204980 0.273022
v 0.208199 0.177672 0.267918
v 0.218078 0.208819 0.241729
v 0.245755 0.148334 0.265043
v 0.254994 0.180799 0.236296
v 0.270118 0.215246 0.212409
v 0.269507 0.115658 0.245383
v 0.287632 0.148966 0.224021
v 0.300145 0.182778 0.196977
v 0.306773 0.215135 0.166228
v 0.294460 0.083420 0.227369
v 0.313554 0.115658 0.205777
v 0.327460 0.149244 0.179352
v 0.338081 0.182884 0.150715
v 0.332939 0.212012 0.116508
v 0.309355 0.053416 0.203021
v 0.317062 0.084721 0.175331
v 0.344553 0.115658 0.157023
v 0.347895 0.147679 0.126631
v 0.352412 0.178744 0.097727
v 0.341032 0.204774 0.066596
v 0.118031 0.177832 -0.328133
v 0.144773 0.147109 -0.315321
v 0.087014 0.146734 -0.328017
v 0.178663 0.115659 -0.313645
v 0.117755 0.115659 -0.327363
v 0.058157 0.115659 -0.340424
v 0.207801 0.082230 -0.299779
v 0.154159 0.080725 -0.331758
v 0.089394 0.081404 -0.343441
v 0.026800 0.082427 -0.350779
v 0.227727 0.050804 -0.273636
v 0.179089 0.047034 -0.307700
v 0.118959 0.046014 -0.330706
v 0.055853 0.046401 -0.347196
v -0.006345 0.048989 -0.351863
v 0.240191 0.023621 -0.242647
v 0.196688 0.017737 -0.275435
v 0.145635 0.012191 -0.309288
v 0.082620 0.013210 -0.324317
v 0.020376 0.016441 -0.331590
v -0.036731 0.022837 -0.326591
v -0.308279 0.177684 -0.202314
v -0.300653 0.148575 -0.232151
v -0.327036 0.147570 -0.180846
v -0.280295 0.115659 -0.255205
v -0.313702 0.115659 -0.205874
v -0.339476 0.115659 -0.154710
v -0.250167 0.082396 -0.269802
v -0.293868 0.081629 -0.228878
v -0.329585 0.081855 -0.180517
v -0.346761 0.083742 -0.126218
v -0.212776 0.052281 -0.273809
v -0.269455 0.046824 -0.249698
v -0.307894 0.046806 -0.202063
v -0.336617 0.048724 -0.150063
v -0.351466 0.052743 -0.097465
v -0.183374 0.022546 -0.284610
v -0.231575 0.016732 -0.256691
v -0.270771 0.015831 -0.212923
v -0.305474 0.016603 -0.165525
v -0.318267 0.023551 -0.111374
v -0.343177 0.025983 -0.067015
v -0.294324 0.174876 0.193155
v -0.323862 0.147260 0.179091
v -0.284260 0.146780 0.219493
v -0.341328 0.115659 0.155554
v -0.316676 0.115659 0.207825
v -0.271224 0.115659 0.246947
v -0.354561 0.083024 0.129057
v -0.335310 0.081268 0.183653
v -0.294264 0.081583 0.229187
v -0.253281 0.081982 0.273160
v -0.353264 0.052421 0.097963
v -0.332300 0.049582 0.148138
v -0.310225 0.046285 0.203593
v -0.270007 0.046683 0.250209
v -0.220349 0.050026 0.283554
v -0.346244 0.025182 0.067614
v -0.331418 0.019745 0.115977
v -0.304436 0.016940 0.164963
v -0.275305 0.014159 0.216488
v -0.233775 0.015792 0.259130
v -0.182070 0.023208 0.282586
v 0.113823 0.175616 0.316434
v 0.088696 0.147335 0.334358
v 0.145641 0.147297 0.317211
v 0.055924 0.115659 0.327353
v 0.116193 0.115659 0.323019
v 0.175288 0.115659 0.307721
v 0.025784 0.083687 0.337479
v 0.084089 0.083437 0.323059
v 0.151401 0.081350 0.325823
v 0.202256 0.083122 0.291781
v -0.006105 0.051509 0.338563
v 0.051728 0.051516 0.321551
v 0.112126 0.050014 0.311709
v 0.173151 0.049310 0.297497
v 0.222535 0.052282 0.267398
v -0.036116 0.024391 0.321124
v 0.019068 0.022809 0.310307
v 0.075615 0.021897 0.296817
v 0.135966 0.019060 0.288755
v 0.186326 0.022896 0.260924
v 0.241088 0.023277 0.243553
v 0.367144 0.175420 0.000000
v 0.378699 0.147272 0.027072
v 0.370474 0.146586 -0.026484
v 0.366266 0.115659 0.053748
v 0.386168 0.115659 0.000000
v 0.370243 0.115659 -0.054331
v 0.364934 0.083542 0.082506
v 0.376470 0.082527 0.028371
v 0.367415 0.083324 -0.027689
v 0.358474 0.084111 -0.081046
v 0.340397 0.054076 0.105471
v 0.360426 0.050452 0.055838
v 0.363105 0.049967 0.000000
v 0.354284 0.051563 -0.054887
v 0.344628 0.053310 -0.106782
v 0.325581 0.024772 0.129715
v 0.338872 0.021062 0.081006
v 0.344826 0.019400 0.027476
v 0.338973 0.021034 -0.027010
v 0.333689 0.022509 -0.079767
v 0.328958 0.023830 -0.131060
v 0.226041 -0.026737 -0.201153
v 0.190037 -0.049471 -0.178727
v 0.182293 -0.036642 -0.232599
v 0.156176 -0.078001 -0.159150
v 0.141921 -0.060325 -0.208264
v 0.124372 -0.038564 -0.253209
v 0.113267 -0.098933 -0.131120
v 0.098171 -0.081309 -0.179676
v 0.083280 -0.064578 -0.231516
v 0.061764 -0.032825 -0.260803
v 0.067381 -0.110620 -0.098880
v 0.054097 -0.101419 -0.150390
v 0.037939 -0.083621 -0.199802
v 0.020573 -0.059182 -0.242257
v 0.003748 -0.031409 -0.275172
v 0.025183 -0.125048 -0.070010
v 0.009814 -0.110220 -0.115566
v -0.006340 -0.099910 -0.166973
v -0.022533 -0.075864 -0.209340
v -0.038836 -0.055632 -0.254652
v -0.052019 -0.026863 -0.283001
v -0.143192 -0.027992 -0.258604
v -0.133516 -0.054650 -0.225339
v -0.181932 -0.031281 -0.220437
v -0.118420 -0.076561 -0.181983
v -0.173119 -0.058013 -0.183831
v -0.224737 -0.036244 -0.182307
v -0.104369 -0.101674 -0.139583
v -0.160757 -0.083683 -0.141544
v -0.210858 -0.058652 -0.138380
v -0.262828 -0.037076 -0.137478
v -0.085390 -0.116334 -0.090674
v -0.142470 -0.102710 -0.093499
v -0.198080 -0.083052 -0.094064
v -0.244266 -0.056055 -0.090879
v -0.289085 -0.031672 -0.088409
v -0.065425 -0.123202 -0.042936
v -0.121617 -0.115876 -0.045247
v -0.171655 -0.092502 -0.044564
v -0.223439 -0.072547 -0.044546
v -0.262056 -0.044584 -0.042404
v -0.297878 -0.019526 -0.040561
v -0.299760 -0.020380 0.040817
v -0.263672 -0.045572 0.042666
v -0.284349 -0.029258 0.086961
v -0.222690 -0.071917 0.044397
v -0.244505 -0.056223 0.090968
v -0.259816 -0.035325 0.135903
v -0.169297 -0.089642 0.043952
v -0.193483 -0.078441 0.091882
v -0.214683 -0.061814 0.140891
v -0.231912 -0.041094 0.188127
v -0.118561 -0.110059 0.044111
v -0.138495 -0.096617 0.090891
v -0.160740 -0.083661 0.141529
v -0.176102 -0.061005 0.186998
v -0.185316 -0.034014 0.224537
v -0.064086 -0.118315 0.042058
v -0.084068 -0.112740 0.089270
v -0.100916 -0.094483 0.134966
v -0.119410 -0.078168 0.183506
v -0.133793 -0.055002 0.225805
v -0.145588 -0.030396 0.262932
v 0.272253 -0.021990 -0.127622
v 0.290983 -0.031459 -0.081841
v 0.247343 -0.049763 -0.108215
v 0.293550 -0.032757 -0.027521
v 0.257830 -0.056777 -0.056402
v 0.220745 -0.082412 -0.086920
v 0.290279 -0.031103 0.027214
v 0.253340 -0.053774 0.000000
v 0.218656 -0.080537 -0.028699
v 0.175857 -0.102406 -0.057704
v 0.290884 -0.031409 0.081813
v 0.250911 -0.052149 0.054888
v 0.208472 -0.071399 0.027363
v 0.172471 -0.098207 0.000000
v 0.126646 -0.113726 -0.027704
v 0.275023 -0.023390 0.128920
v 0.246819 -0.049412 0.107986
v 0.205709 -0.068920 0.081000
v 0.162018 -0.085244 0.053164
v 0.123203 -0.107490 0.026952
v 0.079569 -0.119362 0.000000
v -0.052269 -0.027548 0.284361
v -0.037770 -0.050933 0.247666
v 0.003740 -0.031071 0.274539
v -0.022252 -0.073476 0.206729
v 0.019886 -0.053339 0.234161
v 0.059899 -0.028340 0.252926
v -0.006151 -0.093484 0.161995
v 0.035553 -0.071085 0.187233
v 0.078640 -0.054537 0.218617
v 0.116722 -0.029076 0.237632
v 0.010051 -0.115665 0.118351
v 0.052115 -0.093460 0.144876
v 0.092765 -0.070460 0.169780
v 0.137173 -0.054436 0.201295
v 0.171229 -0.027398 0.218481
v 0.024474 -0.118263 0.068036
v 0.066752 -0.108505 0.097955
v 0.108946 -0.090745 0.126117
v 0.149981 -0.070318 0.152837
v 0.189172 -0.048719 0.177914
v 0.215308 -0.019976 0.191602
v -0.107191 -0.099102 0.258618
v 0.103401 0.003699 0.404027
v -0.182268 0.009076 0.478219
v -0.370805 0.002674 0.258618
v -0.185057 0.006278 0.030860
v 0.100582 0.004779 0.115157
v -0.030988 0.160843 0.481512
v -0.305437 0.160360 0.395502
v -0.310182 0.162178 0.118458
v -0.028639 0.163199 0.028856
v 0.143900 0.162234 0.258618
v -0.107191 0.256869 0.258618
v -0.177094 -0.008135 0.463085
v -0.170353 -0.026200 0.443366
v -0.163206 -0.047193 0.422461
v -0.153300 -0.065296 0.393486
v -0.141814 -0.079787 0.359891
v -0.129037 -0.084538 0.322517
v -0.117847 -0.093627 0.289788
v -0.080394 -0.086595 0.277121
v -0.052407 -0.077417 0.296445
v -0.020747 -0.072174 0.318306
v 0.010854 -0.061982 0.340125
v 0.036067 -0.044148 0.357534
v 0.063555 -0.029799 0.376514
v 0.088989 -0.014792 0.394076
v 0.077940 -0.001358 0.425077
v 0.047331 -0.006070 0.446818
v 0.012503 -0.010807 0.469925
v -0.030606 -0.010570 0.482619
v -0.074830 -0.006600 0.485921
v -0.115040 0.001922 0.476116
v -0.150822 0.004482 0.480488
v 0.118270 -0.001998 0.141862
v 0.127172 -0.005410 0.177708
v 0.135681 -0.008670 0.216694
v 0.134832 -0.008345 0.258618
v 0.133243 -0.007736 0.300122
v 0.130751 -0.006781 0.340765
v 0.115498 -0.000936 0.373939
v -0.079345 -0.093290 0.239391
v -0.048349 -0.089405 0.217989
v -0.013489 -0.085321 0.193920
v 0.015306 -0.067503 0.174038
v 0.043844 -0.051126 0.154333
v 0.067204 -0.032239 0.138203
v 0.084238 -0.012390 0.126441
v -0.352089 -0.015775 0.258618
v -0.333993 -0.038319 0.258618
v -0.303339 -0.057991 0.258618
v -0.261874 -0.070781 0.258618
v -0.221837 -0.083596 0.258618
v -0.180705 -0.091270 0.258618
v -0.142840 -0.099639 0.258618
v -0.211764 0.002404 0.467790
v -0.242207 -0.002486 0.448601
v -0.274294 -0.006785 0.424772
v -0.305120 -0.009353 0.395285
v -0.331552 -0.009483 0.361260
v -0.352591 -0.007565 0.325649
v -0.358128 -0.000750 0.289650
v -0.179165 -0.010876 0.048095
v -0.172874 -0.030613 0.066497
v -0.164662 -0.050615 0.090515
v -0.152932 -0.064104 0.124825
v -0.141677 -0.079138 0.157746
v -0.129744 -0.090008 0.192651
v -0.118061 -0.097208 0.226822
v -0.358996 -0.001045 0.227480
v -0.347469 -0.005646 0.192987
v -0.324530 -0.006545 0.159189
v -0.305598 -0.009579 0.121622
v -0.273300 -0.006243 0.093452
v -0.240608 -0.001457 0.070886
v -0.212934 0.001486 0.047106
v -0.150999 0.004157 0.035845
v -0.115318 -0.000997 0.033422
v -0.074892 -0.006425 0.031751
v -0.030921 -0.010180 0.035537
v 0.010741 -0.009406 0.050422
v 0.042970 -0.003517 0.075730
v 0.072575 0.001127 0.096984
v 0.150450 0.145762 0.277048
v 0.155311 0.127123 0.297115
v 0.169723 0.107511 0.321100
v 0.163568 0.084395 0.342226
v 0.146416 0.062076 0.359161
v 0.130320 0.041426 0.374760
v 0.122760 0.020204 0.393565
v 0.123730 0.019933 0.123103
v 0.140424 0.039598 0.137536
v 0.153089 0.061489 0.155431
v 0.163509 0.084395 0.175029
v 0.165803 0.107184 0.197021
v 0.167576 0.129120 0.218323
v 0.152852 0.146334 0.240017
v -0.044496 0.147291 0.503126
v -0.063612 0.128113 0.513551
v -0.084230 0.107430 0.527263
v -0.107191 0.084395 0.532435
v -0.129786 0.061727 0.522980
v -0.148834 0.042617 0.502232
v -0.165250 0.026149 0.485047
v 0.099429 0.020043 0.425173
v 0.085383 0.040757 0.440184
v 0.079596 0.061103 0.465408
v 0.063480 0.084395 0.481868
v 0.044687 0.108102 0.495494
v 0.020756 0.130089 0.499629
v -0.005355 0.148127 0.494545
v -0.325231 0.145261 0.386575
v -0.346047 0.127608 0.375418
v -0.366470 0.107213 0.361409
v -0.378747 0.084395 0.342472
v -0.384103 0.061278 0.321100
v -0.382813 0.039531 0.299039
v -0.376539 0.020239 0.277886
v -0.204961 0.023208 0.485126
v -0.224512 0.042495 0.479614
v -0.248297 0.062370 0.478693
v -0.271814 0.084395 0.473957
v -0.279100 0.105831 0.448938
v -0.291250 0.126104 0.432157
v -0.298450 0.143963 0.412791
v -0.307990 0.146934 0.096755
v -0.295816 0.127138 0.080775
v -0.287323 0.106857 0.059196
v -0.267589 0.084395 0.048806
v -0.248328 0.062365 0.038494
v -0.231488 0.040004 0.024482
v -0.207436 0.021659 0.026377
v -0.373440 0.020978 0.239573
v -0.373839 0.040992 0.219514
v -0.377810 0.061804 0.197557
v -0.368339 0.084395 0.177979
v -0.353645 0.106084 0.160912
v -0.337796 0.126115 0.145853
v -0.325289 0.145277 0.130628
v -0.004978 0.148363 0.021817
v 0.019159 0.129519 0.020617
v 0.042177 0.107710 0.025658
v 0.063917 0.084395 0.034798
v 0.079366 0.061132 0.052083
v 0.082272 0.041462 0.079985
v 0.091283 0.022580 0.098630
v -0.169735 0.021650 0.014698
v -0.150960 0.040485 0.002571
v -0.129818 0.061695 -0.006124
v -0.107191 0.084395 -0.019663
v -0.084551 0.107108 -0.006271
v -0.063692 0.128033 0.004154
v -0.044318 0.147470 0.013416
v 0.139720 0.168174 0.289152
v 0.125489 0.171589 0.322174
v 0.109537 0.175079 0.357769
v 0.090612 0.178083 0.395197
v 0.063221 0.177381 0.428062
v 0.030095 0.172736 0.451795
v -0.001625 0.167164 0.469776
v -0.061751 0.167620 0.489684
v -0.098856 0.171969 0.489568
v -0.138629 0.172794 0.479437
v -0.180224 0.174956 0.472232
v -0.218154 0.172652 0.454512
v -0.252379 0.169396 0.435450
v -0.279515 0.164216 0.413562
v -0.320959 0.166308 0.369320
v -0.328803 0.169314 0.335127
v -0.348109 0.176711 0.300205
v -0.350190 0.177509 0.258618
v -0.341819 0.174301 0.218117
v -0.328749 0.169293 0.182128
v -0.323024 0.167099 0.146848
v -0.287079 0.167719 0.096874
v -0.255971 0.171499 0.077411
v -0.220184 0.174267 0.059141
v -0.181276 0.176261 0.041928
v -0.139888 0.176335 0.028954
v -0.098820 0.172354 0.026654
v -0.060761 0.169433 0.022518
v 0.000953 0.169186 0.042303
v 0.035144 0.175985 0.058338
v 0.064355 0.177999 0.088047
v 0.094169 0.179768 0.119584
v 0.112597 0.176359 0.158069
v 0.121802 0.170207 0.196070
v 0.135708 0.166813 0.228581
v -0.096918 0.256003 0.288665
v -0.085440 0.252589 0.322238
v -0.072913 0.246939 0.358881
v -0.059845 0.238101 0.397104
v -0.048942 0.221231 0.428996
v -0.041381 0.199626 0.451111
v -0.035142 0.179765 0.469361
v 0.129961 0.181397 0.258618
v 0.099021 0.195968 0.258618
v 0.069462 0.212629 0.258618
v 0.034743 0.226781 0.258618
v -0.001976 0.238566 0.258618
v -0.038933 0.247501 0.258618
v -0.074941 0.250877 0.258618
v -0.133803 0.254208 0.276994
v -0.164293 0.253056 0.298046
v -0.197831 0.248565 0.321203
v -0.233196 0.240643 0.345622
v -0.256720 0.218565 0.361865
v -0.276840 0.197855 0.375757
v -0.292581 0.178126 0.386625
v -0.134717 0.260040 0.239612
v -0.166107 0.258414 0.217938
v -0.199429 0.251459 0.194931
v -0.231442 0.238468 0.172826
v -0.260014 0.221521 0.153098
v -0.281071 0.200685 0.138559
v -0.296658 0.180187 0.127796
v -0.096893 0.256424 0.228498
v -0.085321 0.253511 0.194651
v -0.072990 0.246575 0.158581
v -0.061517 0.232672 0.125025
v -0.051724 0.214696 0.096378
v -0.041525 0.199373 0.066547
v -0.033799 0.181542 0.043948
v -0.061662 0.250617 0.227182
v -0.024190 0.242412 0.226128
v -0.047340 0.247002 0.191751
v 0.012838 0.229950 0.225833
v -0.004964 0.241081 0.188033
v -0.033386 0.238083 0.154766
v 0.055445 0.221387 0.224504
v 0.032440 0.224471 0.188854
v 0.005429 0.224045 0.154290
v -0.023870 0.219642 0.123900
v 0.085532 0.202242 0.225808
v 0.069790 0.208809 0.189340
v 0.043701 0.209134 0.154430
v 0.017911 0.209897 0.118851
v -0.014168 0.203053 0.093437
v 0.117651 0.186434 0.226407
v 0.102103 0.191061 0.191274
v 0.087929 0.197783 0.151235
v 0.058951 0.196693 0.116818
v 0.026845 0.192650 0.087749
v -0.002750 0.189171 0.060166
v -0.125134 0.255901 0.206136
v -0.114332 0.248769 0.170137
v -0.156155 0.248826 0.183020
v -0.102714 0.236603 0.134578
v -0.145863 0.239575 0.145507
v -0.190302 0.241855 0.157393
v -0.091028 0.221777 0.100630
v -0.134203 0.226282 0.108945
v -0.178083 0.226630 0.122107
v -0.222614 0.227522 0.134866
v -0.079967 0.204471 0.070801
v -0.122228 0.212187 0.072322
v -0.165630 0.210872 0.087689
v -0.209896 0.211750 0.100047
v -0.251604 0.209881 0.115720
v -0.069201 0.188479 0.041170
v -0.109999 0.194557 0.041756
v -0.152904 0.194290 0.055533
v -0.197404 0.196259 0.065382
v -0.236876 0.192743 0.084520
v -0.271648 0.187996 0.104640
v -0.164183 0.252731 0.258618
v -0.199676 0.251906 0.237332
v -0.198269 0.249359 0.279581
v -0.235027 0.242913 0.214485
v -0.237321 0.245758 0.258618
v -0.236348 0.244552 0.303208
v -0.270066 0.230540 0.191142
v -0.276580 0.236385 0.235227
v -0.274492 0.234512 0.281722
v -0.268028 0.228711 0.325251
v -0.288660 0.205761 0.175085
v -0.297634 0.211762 0.214786
v -0.307460 0.218334 0.258618
v -0.300163 0.213454 0.303033
v -0.291305 0.207530 0.343369
v -0.309590 0.186726 0.158796
v -0.313659 0.188783 0.197521
v -0.324678 0.194354 0.237166
v -0.331857 0.197984 0.280779
v -0.320178 0.192079 0.321645
v -0.306119 0.184971 0.356729
v -0.124962 0.254257 0.310598
v -0.156852 0.251166 0.335292
v -0.114468 0.251890 0.348780
v -0.189957 0.241200 0.359423
v -0.147462 0.245992 0.376407
v -0.102440 0.245946 0.390272
v -0.221917 0.226657 0.381624
v -0.180484 0.231448 0.399754
v -0.135947 0.235443 0.417956
v -0.090015 0.230381 0.426502
v -0.247578 0.206382 0.397532
v -0.210973 0.213085 0.418852
v -0.168045 0.216099 0.436610
v -0.122785 0.216927 0.451824
v -0.078881 0.209259 0.453924
v -0.269166 0.186432 0.410273
v -0.232502 0.189089 0.426846
v -0.195958 0.194467 0.448759
v -0.152345 0.192947 0.459222
v -0.109905 0.190877 0.468237
v -0.070171 0.185821 0.470514
v -0.061276 0.252025 0.290321
v -0.047025 0.247858 0.325838
v -0.021644 0.247261 0.292105
v -0.032949 0.238992 0.363085
v -0.004508 0.241781 0.329519
v 0.016192 0.234018 0.292320
v -0.020790 0.224642 0.398318
v 0.010295 0.230080 0.367455
v 0.033716 0.225752 0.329021
v 0.056341 0.222141 0.292920
v -0.009677 0.208781 0.431774
v 0.021623 0.213620 0.402533
v 0.050608 0.214843 0.367576
v 0.075448 0.212786 0.330111
v 0.087120 0.203213 0.291700
v -0.004789 0.187125 0.453196
v 0.029714 0.194968 0.433146
v 0.060665 0.197851 0.401881
v 0.090531 0.199295 0.367433
v 0.103790 0.191920 0.326505
v 0.117306 0.186278 0.290781
v 0.141873 0.149478 0.207447
v 0.154538 0.131247 0.182256
v 0.132714 0.153824 0.170291
v 0.152653 0.108312 0.159108
v 0.135828 0.132718 0.144635
v 0.116948 0.157076 0.130836
v 0.149626 0.084395 0.135479
v 0.134259 0.109159 0.119482
v 0.114292 0.133924 0.105689
v 0.089956 0.157079 0.095511
v 0.133922 0.060868 0.118337
v 0.125701 0.084395 0.097812
v 0.108798 0.109407 0.081628
v 0.087191 0.134051 0.069101
v 0.060234 0.155917 0.063363
v 0.115378 0.039614 0.104940
v 0.103673 0.061309 0.087312
v 0.099320 0.084395 0.060792
v 0.082164 0.109572 0.043758
v 0.055233 0.132774 0.038711
v 0.025853 0.151951 0.041363
v -0.080414 0.152062 0.008123
v -0.102744 0.131120 -0.000838
v -0.121672 0.154909 0.010672
v -0.126601 0.108464 -0.008681
v -0.147091 0.133871 -0.002336
v -0.165454 0.156642 0.017990
v -0.150160 0.084395 -0.006018
v -0.170826 0.108779 0.001394
v -0.192914 0.134582 0.007885
v -0.208437 0.156327 0.032391
v -0.173238 0.060807 -0.003338
v -0.192612 0.084395 0.008766
v -0.213725 0.108536 0.017400
v -0.236264 0.133854 0.025294
v -0.252212 0.156595 0.044949
v -0.192519 0.039448 0.009036
v -0.212458 0.061527 0.017392
v -0.231731 0.084395 0.028590
v -0.253501 0.107932 0.036545
v -0.270723 0.130968 0.051876
v -0.286485 0.153098 0.068050
v -0.341063 0.149681 0.160585
v -0.358021 0.129774 0.176849
v -0.352886 0.152981 0.196825
v -0.370128 0.107535 0.196074
v -0.370076 0.131955 0.215768
v -0.361307 0.155332 0.237314
v -0.384341 0.084395 0.215828
v -0.377405 0.108175 0.237193
v -0.370755 0.132078 0.258618
v -0.366177 0.156691 0.280331
v -0.385863 0.061132 0.237659
v -0.388318 0.084395 0.258619
v -0.380393 0.108438 0.280281
v -0.367221 0.131438 0.301003
v -0.358249 0.154478 0.321761
v -0.377523 0.040392 0.258619
v -0.383979 0.061289 0.279436
v -0.384810 0.084395 0.301481
v -0.379425 0.108353 0.323375
v -0.370522 0.132036 0.344464
v -0.343898 0.150472 0.357841
v -0.274196 0.148389 0.436125
v -0.266511 0.129768 0.460036
v -0.241402 0.151212 0.456359
v -0.249762 0.107330 0.475017
v -0.232048 0.132238 0.484322
v -0.205865 0.154499 0.479099
v -0.232701 0.084395 0.490439
v -0.213494 0.108484 0.499313
v -0.190755 0.133318 0.503036
v -0.164376 0.155304 0.494792
v -0.208270 0.062437 0.490247
v -0.189785 0.084395 0.500199
v -0.169850 0.108405 0.511894
v -0.145268 0.131610 0.507651
v -0.121316 0.153176 0.500471
v -0.186741 0.042492 0.491299
v -0.170016 0.061957 0.507799
v -0.149316 0.084395 0.518053
v -0.126053 0.107784 0.518372
v -0.102739 0.131171 0.518358
v -0.080869 0.150911 0.504852
v 0.024552 0.151291 0.473751
v 0.053589 0.132284 0.476300
v 0.057000 0.154535 0.450102
v 0.080000 0.109284 0.471024
v 0.089206 0.134566 0.450101
v 0.091268 0.157563 0.422812
v 0.099292 0.084395 0.456418
v 0.106904 0.109187 0.434057
v 0.113440 0.133733 0.410960
v 0.114352 0.156234 0.384921
v 0.102709 0.061414 0.429142
v 0.122284 0.084395 0.417066
v 0.130753 0.108799 0.395735
v 0.137990 0.133148 0.373616
v 0.130159 0.153085 0.346006
v 0.114675 0.039756 0.411811
v 0.126948 0.061548 0.394843
v 0.146054 0.084395 0.380046
v 0.158322 0.108833 0.360300
v 0.150069 0.130447 0.333677
v 0.137417 0.148313 0.308875
v -0.022494 0.129009 0.010883
v 0.000539 0.107798 0.011748
v -0.041865 0.107725 -0.000478
v 0.023457 0.084395 0.017310
v -0.020247 0.084395 0.004314
v -0.062844 0.084395 -0.014495
v 0.046084 0.059738 0.025974
v 0.003090 0.059405 0.008918
v -0.040908 0.058996 -0.009306
v -0.087268 0.059691 -0.015731
v 0.054508 0.038344 0.054194
v 0.017034 0.036794 0.034058
v -0.022891 0.035041 0.012050
v -0.068086 0.035905 0.002863
v -0.111643 0.037614 -0.001149
v 0.062720 0.019288 0.078023
v 0.033801 0.014202 0.050888
v -0.006052 0.012540 0.032632
v -0.048570 0.011705 0.016514
v -0.093182 0.016183 0.018769
v -0.133106 0.018905 0.016182
v -0.313410 0.125886 0.116229
v -0.306548 0.106221 0.096659
v -0.324506 0.105600 0.132182
v -0.296733 0.084395 0.077047
v -0.325127 0.084395 0.108138
v -0.348479 0.084395 0.142924
v -0.278448 0.061624 0.064292
v -0.311145 0.060777 0.091489
v -0.340849 0.060430 0.123971
v -0.361149 0.061020 0.161362
v -0.264105 0.037657 0.046170
v -0.294247 0.036610 0.076242
v -0.326150 0.035430 0.107431
v -0.349179 0.036277 0.145118
v -0.366719 0.037937 0.182898
v -0.238211 0.017866 0.044665
v -0.265533 0.016752 0.073954
v -0.297786 0.014126 0.100930
v -0.328372 0.012673 0.132521
v -0.352746 0.013330 0.168210
v -0.366790 0.016559 0.205282
v -0.321251 0.127464 0.406422
v -0.339338 0.107047 0.393684
v -0.306537 0.106220 0.420568
v -0.351130 0.084395 0.375584
v -0.325510 0.084395 0.409363
v -0.295823 0.084395 0.439318
v -0.369791 0.060225 0.359185
v -0.338938 0.060626 0.392165
v -0.307711 0.061174 0.422934
v -0.281631 0.061201 0.456556
v -0.386391 0.034415 0.340079
v -0.360107 0.034104 0.377245
v -0.328430 0.034920 0.411380
v -0.292532 0.037048 0.439322
v -0.261484 0.038437 0.467518
v -0.372633 0.015032 0.313156
v -0.361655 0.010752 0.352307
v -0.330929 0.011844 0.386173
v -0.303833 0.011897 0.421310
v -0.266444 0.016363 0.444345
v -0.235814 0.019083 0.468656
v -0.020893 0.129852 0.511035
v -0.039693 0.108501 0.526331
v 0.000944 0.107886 0.506417
v -0.063737 0.084395 0.526235
v -0.019556 0.084395 0.514943
v 0.023000 0.084395 0.499084
v -0.087546 0.060035 0.529148
v -0.042038 0.059429 0.521974
v 0.002989 0.059427 0.508091
v 0.043998 0.060073 0.488097
v -0.111600 0.038066 0.515874
v -0.067299 0.034929 0.519519
v -0.020348 0.033553 0.512625
v 0.023935 0.034149 0.495655
v 0.060095 0.036753 0.470106
v -0.132640 0.020083 0.496693
v -0.093017 0.015380 0.501293
v -0.047485 0.010360 0.505201
v -0.000806 0.008812 0.496328
v 0.039895 0.011168 0.475329
v 0.069640 0.016636 0.446569
v 0.164674 0.128647 0.258618
v 0.167091 0.107292 0.279248
v 0.171963 0.107698 0.237623
v 0.168619 0.084395 0.301202
v 0.169179 0.084395 0.258618
v 0.171093 0.084395 0.215653
v 0.163944 0.060534 0.323113
v 0.163670 0.060558 0.280095
v 0.173722 0.059673 0.236345
v 0.164407 0.060493 0.194014
v 0.149478 0.037960 0.342292
v 0.157376 0.036531 0.301742
v 0.157707 0.036471 0.258618
v 0.163075 0.035500 0.214565
v 0.148317 0.038170 0.175323
v 0.133437 0.017223 0.359484
v 0.152312 0.011954 0.323885
v 0.158094 0.010340 0.280859
v 0.154121 0.011449 0.236711
v 0.145289 0.013915 0.195118
v 0.131841 0.017669 0.158422
v 0.056643 -0.018813 0.105224
v 0.035444 -0.039546 0.117479
v 0.021647 -0.023245 0.085658
v 0.005654 -0.055534 0.137631
v -0.004134 -0.043397 0.099503
v -0.017232 -0.027154 0.065926
v -0.023194 -0.074743 0.156314
v -0.036497 -0.057443 0.122488
v -0.047462 -0.044872 0.083919
v -0.061700 -0.024967 0.056518
v -0.056615 -0.085450 0.180531
v -0.067044 -0.076704 0.141192
v -0.079428 -0.061433 0.104787
v -0.092179 -0.043182 0.072635
v -0.104487 -0.021690 0.049782
v -0.088628 -0.093032 0.204324
v -0.099810 -0.085476 0.167178
v -0.111640 -0.066864 0.135351
v -0.123658 -0.055566 0.097662
v -0.134768 -0.037238 0.068365
v -0.143339 -0.014643 0.051713
v -0.208752 -0.017491 0.065639
v -0.204207 -0.039355 0.086348
v -0.239863 -0.022759 0.089489
v -0.193707 -0.056039 0.118733
v -0.238129 -0.046961 0.112331
v -0.272102 -0.027071 0.117870
v -0.181468 -0.070275 0.154103
v -0.228198 -0.065656 0.146520
v -0.269473 -0.049760 0.146566
v -0.300428 -0.027899 0.152273
v -0.169810 -0.085732 0.188659
v -0.215044 -0.080916 0.184148
v -0.257200 -0.066093 0.183669
v -0.298241 -0.049909 0.183833
v -0.331865 -0.030109 0.186326
v -0.157252 -0.098375 0.224052
v -0.199644 -0.091618 0.222428
v -0.240754 -0.077573 0.222136
v -0.282267 -0.063074 0.221895
v -0.321494 -0.046648 0.222134
v -0.344486 -0.023296 0.224623
v -0.343132 -0.022681 0.292420
v -0.310465 -0.039904 0.293225
v -0.325051 -0.026637 0.328719
v -0.278277 -0.059714 0.294505
v -0.292239 -0.045690 0.331055
v -0.295430 -0.024995 0.362214
v -0.240559 -0.077337 0.295048
v -0.255788 -0.064676 0.332863
v -0.263631 -0.044930 0.366637
v -0.271242 -0.026490 0.398634
v -0.197241 -0.087043 0.293868
v -0.212536 -0.077071 0.331357
v -0.223990 -0.060438 0.366819
v -0.233904 -0.042723 0.400186
v -0.239916 -0.022802 0.427817
v -0.155045 -0.090317 0.291661
v -0.167622 -0.079788 0.326134
v -0.182445 -0.072310 0.364510
v -0.193319 -0.055409 0.397877
v -0.202445 -0.037108 0.427761
v -0.206406 -0.015138 0.447141
v 0.101907 -0.021323 0.155492
v 0.112219 -0.026536 0.193691
v 0.082863 -0.042712 0.171134
v 0.111896 -0.026373 0.237008
v 0.088607 -0.046554 0.213554
v 0.055665 -0.061733 0.191150
v 0.111569 -0.026208 0.280197
v 0.083475 -0.043121 0.258619
v 0.058429 -0.064213 0.235747
v 0.021651 -0.075370 0.214138
v 0.103683 -0.022220 0.321020
v 0.079428 -0.040415 0.301570
v 0.049620 -0.056308 0.280273
v 0.016751 -0.069294 0.258619
v -0.015789 -0.081155 0.237582
v 0.100669 -0.020697 0.361134
v 0.072810 -0.035988 0.341476
v 0.045091 -0.052244 0.321707
v 0.010931 -0.062076 0.299398
v -0.019170 -0.075031 0.278877
v -0.049298 -0.086600 0.258619
v -0.142495 -0.012332 0.460696
v -0.133587 -0.032028 0.440722
v -0.104615 -0.016669 0.457570
v -0.122801 -0.048285 0.411200
v -0.092970 -0.036460 0.434802
v -0.062809 -0.022299 0.455788
v -0.111688 -0.068527 0.383241
v -0.081387 -0.051140 0.401591
v -0.049064 -0.041405 0.428632
v -0.016825 -0.027659 0.452182
v -0.100031 -0.080393 0.347323
v -0.068121 -0.072380 0.372893
v -0.037236 -0.055960 0.393326
v -0.005489 -0.041715 0.415640
v 0.025279 -0.026280 0.436455
v -0.089548 -0.084239 0.310222
v -0.059850 -0.074582 0.331709
v -0.024096 -0.073033 0.359824
v 0.007981 -0.058418 0.382101
v 0.033123 -0.037527 0.397460
v 0.056604 -0.018789 0.411976
v 0.303125 -0.070173 -0.078273
v 0.483129 0.003165 0.040584
v 0.239022 0.007831 0.101033
v 0.087957 0.005438 -0.078273
v 0.237989 0.006795 -0.260467
v 0.474966 0.006293 -0.191739
v 0.369671 0.138900 0.107868
v 0.135655 0.136312 0.032308
v 0.124689 0.140514 -0.196094
v 0.371438 0.140673 -0.269356
v 0.527470 0.141687 -0.078273
v 0.303125 0.230686 -0.078273
v 0.241625 -0.009266 0.093753
v 0.248105 -0.024197 0.075625
v 0.255879 -0.038848 0.053882
v 0.265693 -0.049381 0.026430
v 0.275635 -0.058213 -0.001381
v 0.285320 -0.065543 -0.028470
v 0.294967 -0.064143 -0.055454
v 0.325327 -0.069531 -0.063613
v 0.350728 -0.068464 -0.046840
v 0.377656 -0.062853 -0.029060
v 0.405034 -0.054229 -0.010982
v 0.432195 -0.043673 0.006953
v 0.453410 -0.028370 0.020961
v 0.467510 -0.010971 0.030271
v 0.465278 -0.002970 0.061154
v 0.440976 -0.008566 0.082287
v 0.407580 -0.010941 0.098073
v 0.368723 -0.009202 0.105209
v 0.331845 -0.008616 0.114640
v 0.295905 -0.003723 0.113049
v 0.263789 0.000094 0.113015
v 0.486159 0.002004 -0.168916
v 0.499327 -0.003042 -0.143049
v 0.503349 -0.004583 -0.111325
v 0.502449 -0.004238 -0.078273
v 0.504698 -0.005100 -0.044998
v 0.499718 -0.003192 -0.013367
v 0.494501 -0.001193 0.016502
v 0.325095 -0.068049 -0.092779
v 0.350149 -0.066753 -0.109323
v 0.378294 -0.064009 -0.127907
v 0.400699 -0.048854 -0.142701
v 0.424293 -0.036582 -0.158280
v 0.440249 -0.019568 -0.168816
v 0.461039 -0.007700 -0.182543
v 0.103381 -0.009561 -0.078273
v 0.121065 -0.026366 -0.078273
v 0.149473 -0.039397 -0.078273
v 0.182374 -0.048996 -0.078273
v 0.212465 -0.060704 -0.078273
v 0.245821 -0.064789 -0.078273
v 0.276331 -0.066175 -0.078273
v 0.213424 0.001810 0.093310
v 0.184303 -0.004320 0.081617
v 0.159908 -0.006007 0.057908
v 0.132846 -0.008512 0.034164
v 0.111327 -0.008113 0.005638
v 0.100537 -0.003777 -0.025355
v 0.093692 0.001077 -0.053506
v 0.242416 -0.008218 -0.248084
v 0.247919 -0.024523 -0.232692
v 0.256610 -0.037131 -0.208382
v 0.265477 -0.050082 -0.183580
v 0.275855 -0.057172 -0.154550
v 0.285492 -0.064216 -0.127595
v 0.294786 -0.067164 -0.101597
v 0.094268 0.001273 -0.102972
v 0.099340 -0.004226 -0.131503
v 0.111051 -0.008229 -0.162304
v 0.131503 -0.009148 -0.191596
v 0.155328 -0.008506 -0.218808
v 0.183899 -0.004580 -0.238705
v 0.212608 0.001170 -0.251417
v 0.264964 0.002247 -0.263843
v 0.296217 -0.000443 -0.261323
v 0.329596 -0.002292 -0.256076
v 0.364130 -0.003506 -0.248907
v 0.396458 -0.002095 -0.235842
v 0.426342 0.000002 -0.221786
v 0.453497 0.002487 -0.207570
v 0.533404 0.126990 -0.062520
v 0.535979 0.110042 -0.045616
v 0.536958 0.091660 -0.027817
v 0.529467 0.072140 -0.011435
v 0.523400 0.052755 0.005239
v 0.513447 0.034089 0.020080
v 0.500511 0.017039 0.032501
v 0.489560 0.020096 -0.182901
v 0.509546 0.034795 -0.174801
v 0.517186 0.053301 -0.159429
v 0.530096 0.072140 -0.145296
v 0.532415 0.091281 -0.127748
v 0.532343 0.109451 -0.110419
v 0.525037 0.124997 -0.093453
v 0.358005 0.127197 0.126407
v 0.341642 0.110781 0.137204
v 0.323284 0.092364 0.147278
v 0.303125 0.072140 0.144602
v 0.282962 0.051912 0.147325
v 0.265167 0.034060 0.134076
v 0.249972 0.018816 0.119964
v 0.483301 0.016024 0.060620
v 0.472122 0.033844 0.074102
v 0.460664 0.052495 0.088516
v 0.441441 0.072140 0.094748
v 0.425780 0.091285 0.104667
v 0.407630 0.109463 0.109978
v 0.388963 0.125860 0.111901
v 0.115767 0.124441 0.026873
v 0.103465 0.108262 0.015094
v 0.094223 0.090524 0.000927
v 0.085837 0.072140 -0.014109
v 0.079759 0.053494 -0.030076
v 0.080170 0.035849 -0.047005
v 0.082131 0.019502 -0.063155
v 0.219095 0.019551 0.107896
v 0.199525 0.035141 0.108348
v 0.183923 0.053534 0.099516
v 0.166795 0.072140 0.092263
v 0.153920 0.090745 0.079693
v 0.144460 0.108094 0.064785
v 0.137507 0.123722 0.049397
v 0.131698 0.125531 -0.210420
v 0.140628 0.108963 -0.224786
v 0.151454 0.091053 -0.238849
v 0.163505 0.072140 -0.252924
v 0.176771 0.052417 -0.266727
v 0.196205 0.033955 -0.270873
v 0.216963 0.018218 -0.269164
v 0.080507 0.019115 -0.093501
v 0.077690 0.035445 -0.109888
v 0.070225 0.052698 -0.128527
v 0.074391 0.072140 -0.145816
v 0.084118 0.091414 -0.161303
v 0.095472 0.109708 -0.175377
v 0.109687 0.126138 -0.186830
v 0.393232 0.128532 -0.277906
v 0.410638 0.110537 -0.271943
v 0.428825 0.091761 -0.265753
v 0.439557 0.072140 -0.248937
v 0.450038 0.053820 -0.233811
v 0.463444 0.035811 -0.222822
v 0.473189 0.019174 -0.209369
v 0.251579 0.020428 -0.270517
v 0.266431 0.035329 -0.283547
v 0.283686 0.052638 -0.295772
v 0.303125 0.072140 -0.295361
v 0.322322 0.091399 -0.293062
v 0.339721 0.108854 -0.283004
v 0.356640 0.125828 -0.277862
v 0.516635 0.144586 -0.053023
v 0.506346 0.148294 -0.025189
v 0.487941 0.149471 0.002583
v 0.461953 0.147368 0.026603
v 0.439764 0.146698 0.051653
v 0.417804 0.145934 0.076041
v 0.393381 0.142906 0.094374
v 0.342747 0.144711 0.114408
v 0.310544 0.150100 0.118339
v 0.274552 0.152481 0.113647
v 0.240291 0.150054 0.097478
v 0.208569 0.147348 0.081361
v 0.179398 0.144576 0.065836
v 0.152852 0.141746 0.050939
v 0.118478 0.142894 0.013169
v 0.113450 0.144821 -0.015651
v 0.107167 0.147228 -0.045925
v 0.106536 0.147470 -0.078273
v 0.106084 0.147643 -0.110799
v 0.112525 0.145175 -0.141199
v 0.113749 0.144706 -0.172056
v 0.146250 0.144805 -0.213161
v 0.173003 0.148320 -0.229829
v 0.208841 0.147131 -0.237446
v 0.239910 0.150526 -0.255088
v 0.275600 0.149534 -0.263153
v 0.310357 0.148131 -0.269918
v 0.342508 0.144273 -0.269791
v 0.397231 0.145924 -0.258282
v 0.426723 0.151673 -0.244589
v 0.451212 0.152944 -0.219084
v 0.472892 0.152549 -0.190371
v 0.491866 0.151114 -0.160846
v 0.508690 0.149173 -0.131968
v 0.520297 0.145828 -0.103955
v 0.312338 0.226056 -0.052502
v 0.322691 0.223445 -0.023543
v 0.333162 0.214575 0.005746
v 0.343156 0.202099 0.033700
v 0.351912 0.186748 0.058192
v 0.358744 0.169527 0.077303
v 0.365124 0.154207 0.095149
v 0.512334 0.157712 -0.078273
v 0.494495 0.175683 -0.078273
v 0.467766 0.191655 -0.078273
v 0.435151 0.204586 -0.078273
v 0.405018 0.221445 -0.078273
v 0.369044 0.229657 -0.078273
v 0.333845 0.230725 -0.078273
v 0.279028 0.225901 -0.062362
v 0.253810 0.217800 -0.045710
v 0.226348 0.211201 -0.027577
v 0.201826 0.197752 -0.011385
v 0.176837 0.185456 0.005116
v 0.158033 0.169177 0.017532
v 0.143046 0.153074 0.027428
v 0.278534 0.229054 -0.094510
v 0.252825 0.220708 -0.111485
v 0.228555 0.207202 -0.127511
v 0.201670 0.197945 -0.145263
v 0.182879 0.180034 -0.157671
v 0.160303 0.167658 -0.172578
v 0.138452 0.155397 -0.187006
v 0.312436 0.227696 -0.104318
v 0.322570 0.222509 -0.132664
v 0.332829 0.212997 -0.161361
v 0.342954 0.201443 -0.189680
v 0.353041 0.189401 -0.217895
v 0.360960 0.173407 -0.240047
v 0.367560 0.157432 -0.258509
v 0.344757 0.224137 -0.105763
v 0.382492 0.223240 -0.107983
v 0.358110 0.221527 -0.137019
v 0.419328 0.213056 -0.108626
v 0.397030 0.216073 -0.140279
v 0.369893 0.211174 -0.168117
v 0.452142 0.197660 -0.108164
v 0.432414 0.201841 -0.140047
v 0.411399 0.206402 -0.174193
v 0.380540 0.197802 -0.197974
v 0.482509 0.181831 -0.107478
v 0.468262 0.188228 -0.140090
v 0.442872 0.187666 -0.170549
v 0.417967 0.187349 -0.200971
v 0.389394 0.182182 -0.224766
v 0.503549 0.163098 -0.105731
v 0.491641 0.168216 -0.136280
v 0.470234 0.169251 -0.166221
v 0.449474 0.171060 -0.197721
v 0.423364 0.169253 -0.224856
v 0.393046 0.162349 -0.241668
v 0.287268 0.223705 -0.122626
v 0.296918 0.214989 -0.151807
v 0.260818 0.214214 -0.140738
v 0.307014 0.204392 -0.181340
v 0.269350 0.207670 -0.172744
v 0.233799 0.203482 -0.159018
v 0.317163 0.191457 -0.209491
v 0.279783 0.194748 -0.201957
v 0.241147 0.196490 -0.192403
v 0.209462 0.188282 -0.174305
v 0.326842 0.176749 -0.234747
v 0.290406 0.180231 -0.228963
v 0.251310 0.184279 -0.223201
v 0.218030 0.177658 -0.203913
v 0.187714 0.172424 -0.187482
v 0.336026 0.162282 -0.258365
v 0.300738 0.165773 -0.254542
v 0.264327 0.165411 -0.243105
v 0.227851 0.165480 -0.232465
v 0.197070 0.160746 -0.214427
v 0.165102 0.159089 -0.201854
v 0.251898 0.223447 -0.078273
v 0.222857 0.217524 -0.095940
v 0.224585 0.214393 -0.060986
v 0.195751 0.205285 -0.113722
v 0.192741 0.209017 -0.078273
v 0.196358 0.204533 -0.043023
v 0.171373 0.190359 -0.130470
v 0.165682 0.195465 -0.096423
v 0.167044 0.194243 -0.060302
v 0.171192 0.190521 -0.026003
v 0.153006 0.172539 -0.144355
v 0.146407 0.176952 -0.112766
v 0.144124 0.178479 -0.078273
v 0.145236 0.177735 -0.043521
v 0.146841 0.176662 -0.009476
v 0.129940 0.159700 -0.159954
v 0.121955 0.163738 -0.129541
v 0.122702 0.163360 -0.095292
v 0.120696 0.164374 -0.061064
v 0.126141 0.161621 -0.028189
v 0.132683 0.158313 0.002115
v 0.287428 0.222176 -0.034367
v 0.259926 0.217209 -0.014491
v 0.296715 0.219675 -0.002326
v 0.231221 0.208366 0.005476
v 0.268263 0.212029 0.019237
v 0.307199 0.210667 0.029685
v 0.205249 0.193507 0.022080
v 0.238791 0.201217 0.040197
v 0.278953 0.199108 0.049810
v 0.317624 0.195382 0.057262
v 0.183329 0.176235 0.035087
v 0.213765 0.182946 0.053665
v 0.251062 0.184816 0.067350
v 0.290040 0.183342 0.076754
v 0.327203 0.178341 0.080583
v 0.167650 0.157483 0.043027
v 0.194446 0.162938 0.061250
v 0.225768 0.168063 0.080186
v 0.263733 0.166838 0.089082
v 0.300702 0.167188 0.100660
v 0.335223 0.160083 0.097426
v 0.346421 0.230212 -0.049684
v 0.357821 0.220743 -0.019835
v 0.381942 0.222193 -0.048768
v 0.368129 0.207501 0.009198
v 0.392249 0.208744 -0.019423
v 0.417389 0.210705 -0.048426
v 0.376567 0.191352 0.035285
v 0.400814 0.193276 0.008270
v 0.427282 0.196694 -0.018950
v 0.452005 0.197545 -0.048409
v 0.383008 0.174037 0.057378
v 0.408003 0.177354 0.033780
v 0.435547 0.181611 0.009167
v 0.461065 0.183169 -0.019150
v 0.484422 0.183001 -0.048756
v 0.389227 0.158518 0.078183
v 0.414166 0.161824 0.057098
v 0.435173 0.161393 0.029504
v 0.465371 0.166425 0.007116
v 0.486324 0.165507 -0.021901
v 0.507686 0.164975 -0.050247
v 0.522956 0.129584 -0.121465
v 0.527133 0.112240 -0.140774
v 0.509507 0.131868 -0.150937
v 0.519558 0.092061 -0.157536
v 0.508373 0.112953 -0.170334
v 0.491058 0.133081 -0.180732
v 0.513292 0.072140 -0.174641
v 0.502524 0.092591 -0.188156
v 0.485776 0.112985 -0.198878
v 0.469617 0.133522 -0.209999
v 0.504255 0.052514 -0.190179
v 0.490544 0.072140 -0.202027
v 0.475624 0.092115 -0.213448
v 0.459928 0.112197 -0.224471
v 0.444170 0.132393 -0.235576
v 0.491133 0.034313 -0.202415
v 0.479013 0.052883 -0.214920
v 0.467925 0.072140 -0.229243
v 0.449845 0.091648 -0.237481
v 0.437821 0.112260 -0.252670
v 0.420343 0.131661 -0.261322
v 0.325479 0.128632 -0.278259
v 0.306824 0.111008 -0.284666
v 0.291053 0.130923 -0.275937
v 0.287003 0.092131 -0.290580
v 0.270033 0.113174 -0.285243
v 0.253136 0.134126 -0.275705
v 0.267327 0.072140 -0.289105
v 0.248609 0.093030 -0.289003
v 0.234142 0.112526 -0.271224
v 0.219139 0.131809 -0.257732
v 0.247237 0.052180 -0.290248
v 0.227675 0.072140 -0.289314
v 0.213616 0.092423 -0.272084
v 0.201106 0.111232 -0.254632
v 0.186218 0.130343 -0.242992
v 0.229962 0.033601 -0.282920
v 0.210538 0.052027 -0.281171
v 0.191926 0.072140 -0.274685
v 0.181164 0.091760 -0.255299
v 0.170941 0.109785 -0.238081
v 0.155379 0.128754 -0.228447
v 0.095438 0.130116 -0.161526
v 0.086636 0.111306 -0.145763
v 0.090674 0.131446 -0.129370
v 0.080150 0.091763 -0.128994
v 0.089582 0.110773 -0.111559
v 0.093000 0.130797 -0.095119
v 0.071157 0.072140 -0.112522
v 0.075545 0.092168 -0.095529
v 0.082932 0.111976 -0.078273
v 0.092032 0.131067 -0.061349
v 0.065972 0.052343 -0.095330
v 0.071129 0.072140 -0.078273
v 0.074217 0.092285 -0.060916
v 0.082092 0.112128 -0.043819
v 0.093548 0.130644 -0.027866
v 0.079512 0.035742 -0.078273
v 0.074363 0.053043 -0.061819
v 0.073898 0.072140 -0.044428
v 0.082877 0.091523 -0.028172
v 0.090741 0.110564 -0.012061
v 0.099985 0.128847 0.003158
v 0.159770 0.127071 0.067438
v 0.171307 0.109681 0.081093
v 0.191331 0.127797 0.079241
v 0.181747 0.091666 0.097906
v 0.201420 0.111112 0.097544
v 0.219244 0.131734 0.100963
v 0.196014 0.072140 0.110917
v 0.214497 0.092223 0.113632
v 0.232144 0.113696 0.120268
v 0.254286 0.132700 0.114616
v 0.212006 0.052346 0.121407
v 0.228424 0.072140 0.130674
v 0.247374 0.093503 0.137232
v 0.269162 0.114254 0.134145
v 0.290524 0.133496 0.128043
v 0.232202 0.034781 0.120108
v 0.245400 0.051524 0.140671
v 0.266010 0.072140 0.140314
v 0.286413 0.092862 0.141807
v 0.307045 0.113335 0.140478
v 0.326251 0.130581 0.128613
v 0.412610 0.127734 0.092700
v 0.431635 0.110418 0.088116
v 0.435998 0.128902 0.069917
v 0.446339 0.091182 0.077131
v 0.451087 0.109938 0.059683
v 0.458421 0.129394 0.044596
v 0.466864 0.072140 0.071727
v 0.470910 0.091569 0.053210
v 0.477543 0.111144 0.036897
v 0.485231 0.131191 0.021010
v 0.482154 0.052539 0.060816
v 0.489202 0.072140 0.044595
v 0.493060 0.091620 0.026396
v 0.499881 0.111264 0.009979
v 0.507749 0.131359 -0.006227
v 0.494813 0.033572 0.048300
v 0.497507 0.053173 0.029879
v 0.510630 0.072140 0.016875
v 0.516082 0.091741 -0.000282
v 0.520231 0.111004 -0.017697
v 0.525095 0.130143 -0.034660
v 0.375755 0.110398 -0.281430
v 0.396031 0.092323 -0.281870
v 0.357704 0.091632 -0.285288
v 0.413435 0.072140 -0.273114
v 0.376511 0.072140 -0.283541
v 0.339092 0.072140 -0.290102
v 0.420825 0.053206 -0.249114
v 0.390686 0.052298 -0.267866
v 0.355944 0.051901 -0.282444
v 0.319155 0.052263 -0.289376
v 0.433127 0.035116 -0.235443
v 0.402830 0.033934 -0.250634
v 0.371439 0.032145 -0.269352
v 0.334808 0.032853 -0.276430
v 0.299460 0.033636 -0.282734
v 0.443415 0.018383 -0.220869
v 0.416851 0.015521 -0.238509
v 0.384975 0.013989 -0.253169
v 0.349001 0.015253 -0.259463
v 0.314779 0.015394 -0.269085
v 0.281187 0.016701 -0.274531
v 0.114992 0.109992 -0.202497
v 0.126211 0.091509 -0.215717
v 0.099712 0.091988 -0.191449
v 0.137265 0.072140 -0.230215
v 0.108872 0.072140 -0.206539
v 0.092586 0.072140 -0.174811
v 0.148270 0.051550 -0.246308
v 0.116794 0.050563 -0.224288
v 0.091762 0.050462 -0.194750
v 0.076947 0.051322 -0.161105
v 0.163909 0.030673 -0.258522
v 0.133263 0.028747 -0.236647
v 0.104505 0.027724 -0.209423
v 0.085720 0.028910 -0.175787
v 0.083337 0.032796 -0.139596
v 0.188765 0.014071 -0.256858
v 0.155161 0.008931 -0.243292
v 0.128576 0.007787 -0.216374
v 0.105739 0.008134 -0.185886
v 0.091154 0.010795 -0.152906
v 0.088020 0.015931 -0.120536
v 0.119944 0.108996 0.042682
v 0.112846 0.090707 0.027596
v 0.125300 0.091609 0.059880
v 0.095326 0.072140 0.017010
v 0.114279 0.072140 0.046423
v 0.140256 0.072140 0.070929
v 0.086580 0.052209 0.001032
v 0.101850 0.051496 0.032645
v 0.129283 0.052009 0.057956
v 0.158328 0.052888 0.078849
v 0.088671 0.033751 -0.018437
v 0.093993 0.030555 0.015531
v 0.115795 0.030249 0.045423
v 0.141568 0.030869 0.072358
v 0.174759 0.033905 0.087929
v 0.087937 0.015909 -0.035993
v 0.097700 0.012689 -0.005944
v 0.110888 0.009804 0.026534
v 0.132799 0.009344 0.056488
v 0.162652 0.012131 0.078392
v 0.193423 0.016436 0.093039
v 0.376738 0.110916 0.127633
v 0.360260 0.092545 0.138436
v 0.395509 0.092209 0.124181
v 0.341672 0.072140 0.148752
v 0.378376 0.072140 0.132213
v 0.412421 0.072140 0.114778
v 0.320081 0.051114 0.145029
v 0.360283 0.050238 0.142672
v 0.396627 0.050952 0.124185
v 0.429764 0.051768 0.105543
v 0.299275 0.031688 0.136531
v 0.337559 0.029442 0.137090
v 0.377716 0.028470 0.130366
v 0.414037 0.029640 0.113461
v 0.444684 0.031825 0.092870
v 0.280043 0.013810 0.128223
v 0.315731 0.010756 0.128137
v 0.354655 0.008242 0.125248
v 0.393917 0.007635 0.115731
v 0.429923 0.009013 0.100383
v 0.459579 0.012189 0.080753
v 0.539189 0.110565 -0.078273
v 0.548270 0.092605 -0.060640
v 0.547302 0.092524 -0.095835
v 0.540292 0.072140 -0.043255
v 0.546928 0.072140 -0.078273
v 0.540994 0.072140 -0.113393
v 0.536435 0.051607 -0.025200
v 0.544977 0.050856 -0.059934
v 0.543817 0.050958 -0.096523
v 0.534638 0.051766 -0.130936
v 0.527948 0.031466 -0.008184
v 0.535480 0.030103 -0.042054
v 0.536928 0.029841 -0.078273
v 0.533650 0.030434 -0.114206
v 0.520458 0.032821 -0.146027
v 0.508129 0.014913 0.003905
v 0.512902 0.013580 -0.027818
v 0.525441 0.010080 -0.060449
v 0.522271 0.010965 -0.095842
v 0.513524 0.013407 -0.128877
v 0.506496 0.015369 -0.159796
v 0.436075 -0.011613 -0.197312
v 0.417792 -0.027498 -0.186778
v 0.407593 -0.015140 -0.212390
v 0.395195 -0.042028 -0.172673
v 0.387119 -0.032013 -0.202288
v 0.376354 -0.018664 -0.228275
v 0.369737 -0.054061 -0.155857
v 0.361746 -0.045476 -0.186223
v 0.352561 -0.034852 -0.216550
v 0.341876 -0.021019 -0.242907
v 0.343727 -0.064210 -0.138221
v 0.334856 -0.055190 -0.167028
v 0.325360 -0.044652 -0.196091
v 0.315577 -0.033691 -0.225813
v 0.305420 -0.017913 -0.247802
v 0.317613 -0.066338 -0.118796
v 0.308967 -0.062328 -0.147493
v 0.299435 -0.053314 -0.176043
v 0.289377 -0.044709 -0.206778
v 0.280090 -0.029460 -0.230246
v 0.271822 -0.013624 -0.249617
v 0.215859 -0.015405 -0.236842
v 0.222588 -0.030590 -0.215031
v 0.185604 -0.022777 -0.221541
v 0.231994 -0.043320 -0.188256
v 0.194795 -0.036536 -0.194012
v 0.161080 -0.023870 -0.194207
v 0.242035 -0.055070 -0.160476
v 0.205348 -0.049104 -0.164892
v 0.170344 -0.037626 -0.165948
v 0.137406 -0.024162 -0.165488
v 0.254029 -0.061245 -0.130726
v 0.218609 -0.057400 -0.134079
v 0.182794 -0.048574 -0.135767
v 0.148041 -0.036881 -0.136326
v 0.118600 -0.021902 -0.135052
v 0.265125 -0.066595 -0.103364
v 0.231635 -0.063963 -0.105034
v 0.199779 -0.053184 -0.105268
v 0.164934 -0.044260 -0.105992
v 0.131116 -0.033041 -0.106277
v 0.110125 -0.015448 -0.104714
v 0.108459 -0.016204 -0.051603
v 0.136887 -0.029512 -0.051208
v 0.121276 -0.020539 -0.022317
v 0.166379 -0.043043 -0.050843
v 0.152250 -0.033922 -0.021794
v 0.141833 -0.021590 0.006614
v 0.200822 -0.051919 -0.051550
v 0.186336 -0.045021 -0.022470
v 0.175749 -0.033158 0.005834
v 0.168308 -0.018985 0.031763
v 0.231581 -0.064066 -0.051491
v 0.220710 -0.054180 -0.023853
v 0.210559 -0.042643 0.003731
v 0.199205 -0.032111 0.032755
v 0.189710 -0.019460 0.059990
v 0.266133 -0.062913 -0.053847
v 0.254521 -0.059908 -0.026344
v 0.244624 -0.049679 0.000448
v 0.233867 -0.040279 0.028814
v 0.223598 -0.029302 0.056772
v 0.218165 -0.013091 0.076107
v 0.471815 -0.013148 -0.157834
v 0.478768 -0.016663 -0.127977
v 0.453971 -0.028745 -0.144675
v 0.484366 -0.019494 -0.095369
v 0.459621 -0.032524 -0.112717
v 0.434095 -0.045377 -0.130160
v 0.482729 -0.018666 -0.061331
v 0.465385 -0.036378 -0.078273
v 0.438236 -0.049093 -0.096115
v 0.407488 -0.057272 -0.112728
v 0.479435 -0.017001 -0.028379
v 0.460042 -0.032805 -0.043735
v 0.437168 -0.048134 -0.060571
v 0.409601 -0.059892 -0.078272
v 0.378883 -0.065075 -0.094947
v 0.479314 -0.016939 0.004826
v 0.456123 -0.030184 -0.010922
v 0.433117 -0.044499 -0.026772
v 0.407794 -0.057650 -0.043716
v 0.379305 -0.065839 -0.061505
v 0.350443 -0.067620 -0.078273
v 0.271085 -0.015643 0.097105
v 0.279596 -0.031636 0.076956
v 0.305524 -0.021991 0.098934
v 0.289030 -0.047660 0.053477
v 0.316311 -0.039919 0.077949
v 0.344022 -0.026179 0.095480
v 0.299367 -0.055643 0.021312
v 0.327416 -0.055453 0.050441
v 0.357764 -0.046111 0.074555
v 0.386066 -0.030707 0.091624
v 0.308956 -0.062073 -0.009184
v 0.335950 -0.059578 0.013542
v 0.367119 -0.056254 0.039570
v 0.398543 -0.046178 0.062610
v 0.421138 -0.026457 0.073233
v 0.317486 -0.065124 -0.038104
v 0.343786 -0.064406 -0.018238
v 0.373448 -0.061091 0.003635
v 0.402371 -0.050925 0.023485
v 0.430599 -0.038626 0.042352
v 0.446840 -0.018394 0.050405
v 0.176427 -0.075831 0.188275
v 0.357673 0.005894 0.299033
v 0.107114 0.005808 0.367708
v -0.041735 0.007714 0.188275
v 0.106352 0.005044 0.006870
v 0.357750 0.005865 0.077470
v 0.240503 0.139626 0.354146
v -0.003006 0.144101 0.297925
v -0.011910 0.147513 0.073183
v 0.246516 0.145659 0.006837
v 0.393613 0.142673 0.188275
v 0.176427 0.233787 0.188275
v 0.111563 -0.010515 0.356190
v 0.118244 -0.026532 0.338894
v 0.124683 -0.046212 0.322226
v 0.134667 -0.060227 0.296379
v 0.146706 -0.065591 0.265214
v 0.157496 -0.071051 0.237283
v 0.167281 -0.077453 0.211952
v 0.200822 -0.080316 0.203182
v 0.226945 -0.073867 0.219146
v 0.258587 -0.073465 0.238482
v 0.287688 -0.062619 0.256265
v 0.313906 -0.048012 0.272287
v 0.333975 -0.030022 0.284551
v 0.348768 -0.011789 0.293591
v 0.343018 -0.001820 0.320842
v 0.317298 -0.007128 0.340123
v 0.286368 -0.012099 0.360049
v 0.248489 -0.014011 0.374814
v 0.206758 -0.009939 0.376820
v 0.168763 -0.005188 0.376238
v 0.134805 -0.000888 0.375595
v 0.370681 0.000910 0.099245
v 0.385213 -0.004659 0.124481
v 0.395496 -0.008599 0.154807
v 0.395762 -0.008701 0.188275
v 0.391832 -0.007195 0.221183
v 0.383912 -0.004160 0.251671
v 0.369820 0.001239 0.276911
v 0.200921 -0.080948 0.173307
v 0.228701 -0.079053 0.156331
v 0.255729 -0.068288 0.139814
v 0.285801 -0.060280 0.121437
v 0.314097 -0.048184 0.104146
v 0.334135 -0.030129 0.091901
v 0.344981 -0.009874 0.085273
v -0.028779 -0.008590 0.188275
v -0.013672 -0.027511 0.188275
v 0.016027 -0.041092 0.188275
v 0.043741 -0.057764 0.188275
v 0.075677 -0.072285 0.188275
v 0.112055 -0.078476 0.188275
v 0.147108 -0.076012 0.188275
v 0.083856 0.002764 0.352153
v 0.056828 -0.001615 0.337216
v 0.027999 -0.005645 0.318892
v 0.005153 -0.005778 0.292940
v -0.019162 -0.006495 0.267467
v -0.031734 -0.002661 0.238597
v -0.034968 0.003616 0.211411
v 0.112784 -0.008899 0.023521
v 0.118859 -0.025455 0.039249
v 0.126036 -0.043033 0.057826
v 0.135722 -0.056803 0.082901
v 0.145983 -0.069020 0.109464
v 0.157405 -0.071757 0.139031
v 0.167300 -0.077142 0.164646
v -0.032604 0.004419 0.165398
v -0.028475 -0.001440 0.138741
v -0.013664 -0.004194 0.111309
v -0.002471 -0.009389 0.078951
v 0.019720 -0.010163 0.050372
v 0.052500 -0.004400 0.033944
v 0.080628 0.000233 0.018683
v 0.136169 0.001609 0.007091
v 0.169283 0.000281 0.013076
v 0.203362 -0.000391 0.020838
v 0.239000 -0.002245 0.026299
v 0.275232 -0.003242 0.033900
v 0.309864 -0.002776 0.044440
v 0.335815 0.001516 0.061439
v 0.405901 0.130003 0.202803
v 0.414655 0.114122 0.219195
v 0.421420 0.095797 0.237199
v 0.420079 0.075345 0.254862
v 0.419286 0.053972 0.273487
v 0.398058 0.035248 0.284192
v 0.380947 0.018253 0.294498
v 0.371195 0.020975 0.087116
v 0.387614 0.037138 0.096878
v 0.397467 0.055892 0.110719
v 0.405139 0.075345 0.125771
v 0.406182 0.094525 0.142394
v 0.405649 0.112656 0.158524
v 0.401673 0.128996 0.174015
v 0.226587 0.125666 0.361407
v 0.212901 0.111935 0.377111
v 0.196205 0.095186 0.393072
v 0.176427 0.075345 0.393875
v 0.157197 0.056053 0.387398
v 0.138271 0.037066 0.385825
v 0.121142 0.019882 0.379097
v 0.361841 0.017598 0.320552
v 0.357673 0.034274 0.339514
v 0.342045 0.054693 0.350548
v 0.324809 0.075345 0.360053
v 0.307010 0.095727 0.368522
v 0.283403 0.113550 0.366615
v 0.259368 0.127251 0.358335
v -0.021223 0.130519 0.290930
v -0.044409 0.115298 0.283848
v -0.063681 0.096476 0.272522
v -0.069677 0.075345 0.255532
v -0.066815 0.055039 0.236849
v -0.060293 0.036813 0.218999
v -0.045872 0.022396 0.202348
v 0.087987 0.019996 0.369613
v 0.071909 0.038017 0.362519
v 0.051916 0.055910 0.360142
v 0.032952 0.075345 0.354374
v 0.018758 0.095006 0.342761
v 0.008265 0.113451 0.328597
v 0.001968 0.129680 0.312737
v -0.008691 0.133000 0.056208
v -0.002110 0.115802 0.039296
v 0.008965 0.096227 0.024193
v 0.025958 0.075345 0.014079
v 0.045179 0.054858 0.007108
v 0.063418 0.034985 -0.000125
v 0.085064 0.018167 0.000944
v -0.051505 0.021054 0.173845
v -0.064860 0.036070 0.156958
v -0.065951 0.055111 0.139873
v -0.060670 0.075345 0.123479
v -0.051293 0.095385 0.108375
v -0.045841 0.115557 0.092082
v -0.025513 0.131717 0.083391
v 0.267618 0.132415 0.001298
v 0.287109 0.114873 0.003756
v 0.307421 0.095792 0.007459
v 0.319822 0.075345 0.022269
v 0.336550 0.055378 0.031385
v 0.348742 0.036297 0.044488
v 0.355075 0.019705 0.060825
v 0.120019 0.018755 -0.006424
v 0.137072 0.035863 -0.015484
v 0.156415 0.055268 -0.018953
v 0.176427 0.075345 -0.022323
v 0.197214 0.096198 -0.026966
v 0.216164 0.115209 -0.017458
v 0.233831 0.132933 -0.009860
v 0.391477 0.148313 0.211811
v 0.379200 0.151331 0.237294
v 0.371110 0.156805 0.267100
v 0.354818 0.159838 0.297289
v 0.325177 0.156510 0.319175
v 0.297910 0.153517 0.339561
v 0.270031 0.148736 0.353981
v 0.214398 0.144890 0.359161
v 0.183585 0.150551 0.363806
v 0.148623 0.153527 0.361119
v 0.114803 0.151759 0.347796
v 0.077839 0.153760 0.342312
v 0.044851 0.152377 0.330105
v 0.020889 0.147391 0.312048
v -0.018603 0.150078 0.277661
v -0.035646 0.156608 0.253073
v -0.045801 0.160500 0.222225
v -0.042528 0.159245 0.188275
v -0.040591 0.158503 0.155120
v -0.037176 0.157195 0.123009
v -0.025126 0.152577 0.095899
v 0.008425 0.153164 0.054584
v 0.037111 0.156908 0.038103
v 0.075391 0.155707 0.030412
v 0.111541 0.155804 0.020309
v 0.148723 0.153246 0.016052
v 0.183921 0.154087 0.004491
v 0.217236 0.150089 0.004614
v 0.270428 0.149046 0.021867
v 0.295286 0.151828 0.040256
v 0.316404 0.151723 0.065095
v 0.344715 0.155053 0.085435
v 0.364702 0.154124 0.112044
v 0.381480 0.152186 0.138705
v 0.390174 0.147871 0.164882
v 0.185830 0.232418 0.212615
v 0.196490 0.230487 0.240211
v 0.206620 0.218519 0.266436
v 0.216333 0.204897 0.291579
v 0.226353 0.192627 0.317516
v 0.234054 0.176246 0.337452
v 0.239423 0.158730 0.351351
v 0.381031 0.159033 0.188275
v 0.359533 0.174416 0.188275
v 0.332250 0.188458 0.188275
v 0.303710 0.203033 0.188275
v 0.273341 0.217353 0.188275
v 0.239556 0.226193 0.188275
v 0.206471 0.230440 0.188275
v 0.151620 0.233642 0.203435
v 0.123214 0.232521 0.220793
v 0.094409 0.223900 0.238396
v 0.068068 0.209712 0.254493
v 0.045451 0.192868 0.268314
v 0.023767 0.177443 0.281564
v 0.009645 0.159668 0.290194
v 0.151624 0.233613 0.173118
v 0.123160 0.232680 0.155723
v 0.094655 0.223454 0.138304
v 0.065093 0.213401 0.120239
v 0.041777 0.196165 0.105991
v 0.023019 0.177944 0.094528
v 0.000032 0.164529 0.080481
v 0.186015 0.235521 0.163454
v 0.196611 0.231424 0.136025
v 0.207726 0.223760 0.107253
v 0.217773 0.209572 0.081243
v 0.226954 0.194041 0.057476
v 0.236167 0.179947 0.033626
v 0.241417 0.161370 0.020037
v 0.220049 0.234605 0.161618
v 0.253913 0.222863 0.161431
v 0.232388 0.227382 0.132942
v 0.289382 0.212322 0.160969
v 0.267049 0.214244 0.132896
v 0.243686 0.215401 0.104515
v 0.316386 0.193235 0.162293
v 0.300309 0.199622 0.133495
v 0.277626 0.200833 0.105304
v 0.253701 0.200777 0.077697
v 0.344579 0.178167 0.162939
v 0.327351 0.181442 0.135989
v 0.304131 0.180914 0.110235
v 0.283030 0.182288 0.082868
v 0.262528 0.185172 0.052964
v 0.367996 0.162284 0.163985
v 0.356314 0.167023 0.137048
v 0.333476 0.166609 0.111781
v 0.312971 0.167637 0.085135
v 0.292017 0.168702 0.057862
v 0.265734 0.164938 0.038090
v 0.159788 0.234390 0.145201
v 0.169709 0.229972 0.114610
v 0.130955 0.228050 0.126140
v 0.180599 0.217180 0.085977
v 0.141095 0.217123 0.096814
v 0.103146 0.214181 0.109283
v 0.191328 0.201993 0.059375
v 0.152138 0.202929 0.069162
v 0.111519 0.205576 0.077654
v 0.075336 0.200700 0.092349
v 0.201198 0.184599 0.037032
v 0.163453 0.185612 0.046008
v 0.123805 0.189233 0.052055
v 0.084262 0.189631 0.062336
v 0.046450 0.188286 0.074448
v 0.210392 0.168401 0.016217
v 0.174072 0.167755 0.027273
v 0.136792 0.170629 0.032434
v 0.096810 0.174071 0.037340
v 0.058099 0.174205 0.047685
v 0.024580 0.171002 0.062448
v 0.123307 0.232246 0.188275
v 0.094001 0.224637 0.171485
v 0.090955 0.230155 0.205685
v 0.064633 0.213971 0.154117
v 0.061524 0.217826 0.188275
v 0.062172 0.217023 0.223185
v 0.034566 0.202634 0.136261
v 0.036454 0.200940 0.171168
v 0.027897 0.208619 0.206428
v 0.036236 0.201136 0.239677
v 0.013615 0.184233 0.121946
v 0.007123 0.188575 0.153788
v 0.007117 0.188579 0.188275
v 0.002993 0.191337 0.223603
v 0.014107 0.183904 0.254403
v -0.008043 0.168611 0.107755
v -0.013715 0.171479 0.138477
v -0.018952 0.174126 0.171219
v -0.024377 0.176870 0.205805
v -0.018713 0.174006 0.239382
v -0.004827 0.166985 0.267392
v 0.159979 0.232563 0.230854
v 0.131458 0.226361 0.249723
v 0.169960 0.224187 0.259184
v 0.104353 0.211895 0.265966
v 0.141630 0.214978 0.278352
v 0.180400 0.210407 0.285688
v 0.076665 0.199052 0.282939
v 0.112810 0.202986 0.296695
v 0.152826 0.199314 0.304012
v 0.190505 0.194997 0.310055
v 0.052861 0.182715 0.296488
v 0.087362 0.185787 0.309978
v 0.125905 0.184687 0.319057
v 0.163585 0.184485 0.329088
v 0.200803 0.182857 0.337106
v 0.035751 0.163965 0.304845
v 0.065637 0.167907 0.319908
v 0.101045 0.168819 0.331181
v 0.138431 0.166688 0.337671
v 0.174099 0.166707 0.347451
v 0.208402 0.162950 0.350254
v 0.218096 0.227476 0.213739
v 0.229905 0.220637 0.241153
v 0.252136 0.219480 0.214503
v 0.240898 0.209595 0.268563
v 0.264461 0.210278 0.242072
v 0.289451 0.212406 0.215598
v 0.253245 0.200037 0.298200
v 0.279740 0.203454 0.272979
v 0.305303 0.204631 0.245263
v 0.320353 0.196576 0.214994
v 0.261216 0.183498 0.321524
v 0.290291 0.189573 0.300862
v 0.315166 0.190037 0.273058
v 0.338145 0.189029 0.244301
v 0.345781 0.178902 0.213792
v 0.267729 0.166939 0.341815
v 0.295570 0.171572 0.322697
v 0.325445 0.176068 0.300837
v 0.347506 0.174762 0.271602
v 0.364461 0.171175 0.241822
v 0.372403 0.164284 0.213123
v 0.403196 0.134602 0.147040
v 0.401172 0.115576 0.130242
v 0.385768 0.135929 0.120061
v 0.394868 0.095451 0.114238
v 0.386635 0.117144 0.101016
v 0.372420 0.138899 0.089385
v 0.388588 0.075345 0.098243
v 0.377951 0.096014 0.085497
v 0.368104 0.118208 0.071142
v 0.343818 0.137058 0.065708
v 0.378540 0.055624 0.084203
v 0.376039 0.075345 0.066293
v 0.362135 0.096850 0.053594
v 0.344393 0.118253 0.043340
v 0.319495 0.136462 0.040607
v 0.370844 0.036228 0.069468
v 0.358752 0.055384 0.057183
v 0.347955 0.075345 0.042851
v 0.336940 0.096687 0.027081
v 0.314774 0.116553 0.022500
v 0.293457 0.134769 0.019140
v 0.200209 0.135444 -0.008626
v 0.180375 0.116820 -0.015552
v 0.163985 0.135932 -0.000273
v 0.158942 0.097027 -0.024837
v 0.141368 0.118818 -0.014660
v 0.125759 0.138174 0.003073
v 0.137518 0.075345 -0.023807
v 0.118431 0.097568 -0.019204
v 0.101890 0.118983 -0.004677
v 0.088555 0.137775 0.014503
v 0.116446 0.053923 -0.022275
v 0.096056 0.075345 -0.019779
v 0.077248 0.097819 -0.010473
v 0.060839 0.119637 0.003348
v 0.046260 0.140149 0.018541
v 0.100814 0.035515 -0.007464
v 0.078151 0.053996 -0.011041
v 0.059039 0.075345 -0.003617
v 0.041202 0.097099 0.006623
v 0.024121 0.118720 0.017862
v 0.014822 0.137270 0.036255
v -0.045572 0.137316 0.105916
v -0.056227 0.117436 0.121150
v -0.061880 0.141869 0.135230
v -0.066020 0.096681 0.137234
v -0.074358 0.120716 0.152097
v -0.065774 0.142956 0.170304
v -0.071229 0.075345 0.154434
v -0.082691 0.098149 0.170092
v -0.073792 0.120613 0.188275
v -0.066780 0.143237 0.206320
v -0.076171 0.054258 0.171461
v -0.081424 0.075345 0.188275
v -0.078560 0.097785 0.206169
v -0.072382 0.120358 0.224168
v -0.060948 0.141609 0.241113
v -0.060105 0.036844 0.188275
v -0.067355 0.054994 0.204502
v -0.072408 0.075345 0.222277
v -0.073937 0.097378 0.240982
v -0.058462 0.117840 0.256045
v -0.044382 0.136984 0.270192
v 0.025054 0.133349 0.330670
v 0.038666 0.114578 0.342414
v 0.054401 0.136096 0.347393
v 0.055530 0.094794 0.350679
v 0.072849 0.115035 0.353987
v 0.093139 0.134518 0.352980
v 0.066848 0.075345 0.367401
v 0.089792 0.094977 0.361884
v 0.109564 0.114490 0.361361
v 0.129595 0.133417 0.359455
v 0.085051 0.055495 0.373596
v 0.103051 0.075345 0.378222
v 0.123653 0.095567 0.377071
v 0.143720 0.115901 0.377593
v 0.164120 0.135273 0.374772
v 0.103043 0.036689 0.378244
v 0.120913 0.055518 0.383144
v 0.140489 0.075345 0.384161
v 0.160274 0.095375 0.385149
v 0.180225 0.115253 0.384398
v 0.199063 0.132547 0.375685
v 0.289126 0.132570 0.351150
v 0.315071 0.116641 0.354406
v 0.317342 0.135542 0.333719
v 0.336043 0.096567 0.348569
v 0.345717 0.118591 0.334352
v 0.352556 0.140280 0.317241
v 0.353703 0.075345 0.338572
v 0.367729 0.097497 0.327013
v 0.376674 0.120125 0.310645
v 0.377120 0.140423 0.289536
v 0.371143 0.054027 0.328276
v 0.384814 0.075345 0.315619
v 0.390261 0.097276 0.297331
v 0.392633 0.118336 0.278024
v 0.386005 0.135997 0.256566
v 0.381139 0.034157 0.313373
v 0.397090 0.053813 0.301899
v 0.415510 0.075344 0.289732
v 0.409208 0.096770 0.267172
v 0.408777 0.116937 0.248272
v 0.397013 0.132986 0.228386
v 0.252868 0.115610 -0.009605
v 0.272510 0.096217 -0.006591
v 0.235979 0.096613 -0.020766
v 0.291602 0.075345 0.000002
v 0.254185 0.075345 -0.013013
v 0.214708 0.075345 -0.020378
v 0.307163 0.054313 0.012656
v 0.272767 0.053514 -0.004782
v 0.232319 0.053928 -0.011674
v 0.193375 0.054329 -0.018282
v 0.321285 0.034090 0.026196
v 0.285690 0.033477 0.013470
v 0.247970 0.033460 0.003077
v 0.210063 0.033637 -0.006416
v 0.172577 0.034884 -0.010568
v 0.332239 0.015640 0.041705
v 0.302312 0.012673 0.024125
v 0.262884 0.013921 0.017304
v 0.225563 0.014417 0.008676
v 0.188813 0.015035 0.000590
v 0.152865 0.015800 -0.006810
v -0.024196 0.115710 0.065675
v -0.023312 0.097213 0.044661
v -0.040384 0.096500 0.076634
v -0.005446 0.075345 0.034080
v -0.031670 0.075345 0.061107
v -0.047482 0.075345 0.093257
v 0.013278 0.053652 0.024433
v -0.019197 0.052691 0.046401
v -0.039212 0.053228 0.078297
v -0.054419 0.054097 0.110033
v 0.034857 0.033177 0.018636
v 0.002810 0.030993 0.038463
v -0.024558 0.030400 0.065453
v -0.043460 0.031621 0.096998
v -0.055410 0.033844 0.128410
v 0.054203 0.013283 0.011633
v 0.025050 0.010678 0.032030
v -0.005534 0.008259 0.055038
v -0.023929 0.010376 0.087182
v -0.034393 0.014332 0.119579
v -0.044870 0.017517 0.148035
v -0.021526 0.115173 0.309243
v -0.044107 0.096864 0.301833
v -0.017009 0.096523 0.327356
v -0.059305 0.075345 0.288310
v -0.032831 0.075345 0.316152
v -0.003606 0.075345 0.340910
v -0.057015 0.053858 0.267397
v -0.041358 0.053008 0.299347
v -0.021346 0.052443 0.331707
v 0.010526 0.053287 0.354881
v -0.058163 0.033351 0.248851
v -0.045146 0.031286 0.280252
v -0.028970 0.029413 0.313793
v -0.000834 0.030062 0.341231
v 0.038754 0.034337 0.353243
v -0.043831 0.017789 0.228326
v -0.038369 0.013182 0.258267
v -0.028417 0.008920 0.291632
v -0.003249 0.009101 0.319839
v 0.032197 0.013731 0.337143
v 0.062227 0.017357 0.353322
v 0.246542 0.112278 0.369779
v 0.232412 0.095339 0.384793
v 0.269465 0.095556 0.376966
v 0.214090 0.075345 0.393558
v 0.256789 0.075345 0.396304
v 0.291987 0.075345 0.377178
v 0.193628 0.054016 0.397909
v 0.233780 0.053368 0.393450
v 0.275261 0.052949 0.386328
v 0.310592 0.053762 0.368501
v 0.172535 0.034449 0.389253
v 0.211719 0.031583 0.392553
v 0.252648 0.030721 0.385582
v 0.292951 0.030695 0.374697
v 0.330035 0.031598 0.360144
v 0.152625 0.015193 0.385347
v 0.189327 0.012531 0.383750
v 0.231021 0.007649 0.387823
v 0.272233 0.007279 0.377734
v 0.309669 0.009010 0.362018
v 0.341319 0.012161 0.343386
v 0.416558 0.114432 0.188275
v 0.423030 0.095931 0.204690
v 0.417416 0.095462 0.172233
v 0.427152 0.075345 0.222535
v 0.422369 0.075345 0.188275
v 0.420223 0.075345 0.154962
v 0.428064 0.053199 0.241250
v 0.421583 0.053770 0.205479
v 0.425069 0.053463 0.170827
v 0.415070 0.054343 0.138035
v 0.413233 0.032503 0.256597
v 0.416045 0.031994 0.222842
v 0.416930 0.031834 0.188275
v 0.413640 0.032429 0.154055
v 0.402249 0.034490 0.123121
v 0.392522 0.015021 0.268443
v 0.403884 0.011850 0.238905
v 0.406128 0.011223 0.205318
v 0.409843 0.010187 0.170956
v 0.399390 0.013104 0.138645
v 0.386741 0.016635 0.110252
v 0.323037 -0.017013 0.066788
v 0.308495 -0.039413 0.072617
v 0.291674 -0.020941 0.051347
v 0.278046 -0.050664 0.091849
v 0.267958 -0.038154 0.063203
v 0.253054 -0.019672 0.043010
v 0.250838 -0.065632 0.108065
v 0.240779 -0.053768 0.078604
v 0.227303 -0.034763 0.056576
v 0.214460 -0.016086 0.038737
v 0.220385 -0.072273 0.128209
v 0.210453 -0.061190 0.100196
v 0.199923 -0.048069 0.073055
v 0.189212 -0.033311 0.048087
v 0.178731 -0.015049 0.030786
v 0.192436 -0.077665 0.146835
v 0.182759 -0.070389 0.118846
v 0.172477 -0.058966 0.091403
v 0.162030 -0.047024 0.063729
v 0.152948 -0.028215 0.044914
v 0.144297 -0.012684 0.025511
v 0.083813 -0.017566 0.032528
v 0.090002 -0.034897 0.052453
v 0.056980 -0.021128 0.053510
v 0.098222 -0.051599 0.076365
v 0.064205 -0.037236 0.077312
v 0.028150 -0.024878 0.076272
v 0.109487 -0.064048 0.104912
v 0.072974 -0.052938 0.103456
v 0.038832 -0.038401 0.104191
v 0.005988 -0.023701 0.105260
v 0.122546 -0.071043 0.134998
v 0.084445 -0.065640 0.132065
v 0.050683 -0.050801 0.132672
v 0.017772 -0.036187 0.133310
v -0.009438 -0.019381 0.135345
v 0.135121 -0.075460 0.163033
v 0.098159 -0.073664 0.161160
v 0.062283 -0.063074 0.160681
v 0.029550 -0.048372 0.161008
v 0.003347 -0.030491 0.162196
v -0.020662 -0.014099 0.163286
v -0.019820 -0.013717 0.213158
v 0.002687 -0.030895 0.214453
v -0.009507 -0.019416 0.241224
v 0.030833 -0.047292 0.215303
v 0.015651 -0.037678 0.243974
v 0.008635 -0.022163 0.270001
v 0.058348 -0.067846 0.216820
v 0.046588 -0.054909 0.245689
v 0.038588 -0.038603 0.272508
v 0.034081 -0.020869 0.295797
v 0.097797 -0.074352 0.215516
v 0.086082 -0.063130 0.243485
v 0.071620 -0.054618 0.274204
v 0.064677 -0.036762 0.298772
v 0.061569 -0.017422 0.317863
v 0.134850 -0.076451 0.213683
v 0.122153 -0.072110 0.241940
v 0.109499 -0.064022 0.271623
v 0.097531 -0.052720 0.301174
v 0.090684 -0.034026 0.323024
v 0.086481 -0.014889 0.339535
v 0.361669 -0.018312 0.107418
v 0.372551 -0.023813 0.136911
v 0.344471 -0.037042 0.119815
v 0.374725 -0.024912 0.170964
v 0.347099 -0.038799 0.153510
v 0.318936 -0.052526 0.136023
v 0.369046 -0.022041 0.205090
v 0.346674 -0.038515 0.188275
v 0.317824 -0.051528 0.170994
v 0.286979 -0.061740 0.154496
v 0.364898 -0.019944 0.237635
v 0.344666 -0.037172 0.222545
v 0.321765 -0.055064 0.206038
v 0.292540 -0.068636 0.188275
v 0.259725 -0.075526 0.171308
v 0.360203 -0.017570 0.268492
v 0.341450 -0.035021 0.255505
v 0.319396 -0.052937 0.240695
v 0.289788 -0.065223 0.222912
v 0.259457 -0.075041 0.205188
v 0.228850 -0.079495 0.188275
v 0.142278 -0.018218 0.361270
v 0.151128 -0.036244 0.342750
v 0.178944 -0.023377 0.360274
v 0.160915 -0.056509 0.322474
v 0.190342 -0.042908 0.340846
v 0.219943 -0.029268 0.359373
v 0.172399 -0.061647 0.287080
v 0.201704 -0.057423 0.312227
v 0.231964 -0.044849 0.332037
v 0.259564 -0.027744 0.345880
v 0.182760 -0.070393 0.257705
v 0.211503 -0.065404 0.279073
v 0.241448 -0.055109 0.299085
v 0.271866 -0.043000 0.318686
v 0.299645 -0.027600 0.334673
v 0.192156 -0.074994 0.228991
v 0.220019 -0.071041 0.247839
v 0.250750 -0.065463 0.268389
v 0.281020 -0.054351 0.287522
v 0.306966 -0.038084 0.302594
v 0.326272 -0.019051 0.312442
vn 0.0054 -0.9984 0.0568
vn 0.4912 -0.7674 0.4121
vn -0.2104 -0.4744 0.8548
vn -0.6417 -0.7666 -0.0242
vn -0.2020 -0.6029 -0.7718
vn 0.6422 -0.5348 -0.5492
vn 0.2052 0.5612 0.8018
vn -0.7045 0.4529 0.5465
vn -0.5821 0.6430 -0.4977
vn 0.1396 0.6603 -0.7379
vn 0.8066 0.5891 0.0498
vn -0.0642 0.9979 -0.0110
vn -0.1725 -0.6144 0.7699
vn -0.1072 -0.8049 0.5836
vn -0.0547 -0.9070 0.4176
vn -0.0672 -0.9302 0.3608
vn -0.1103 -0.9312 0.3474
vn -0.0496 -0.9934 0.1036
vn 0.0113 -0.9991 0.0410
vn 0.0697 -0.9919 0.1066
vn 0.1777 -0.9740 0.1406
vn 0.2950 -0.9384 0.1800
vn 0.3227 -0.9259 0.1964
vn 0.3179 -0.9151 0.2480
vn 0.4330 -0.8029 0.4098
vn 0.4270 -0.8099 0.4022
vn 0.3890 -0.7893 0.4751
vn 0.3296 -0.7283 0.6008
vn 0.3063 -0.7084 0.6359
vn 0.1650 -0.7069 0.6878
vn 0.1940 -0.6270 0.7545
vn 0.1154 -0.5814 0.8054
vn -0.0804 -0.5385 0.8388
vn 0.6362 -0.7131 -0.2945
vn 0.6984 -0.6768 -0.2329
vn 0.7704 -0.6191 -0.1521
vn 0.7457 -0.6659 0.0223
vn 0.7045 -0.7043 0.0870
vn 0.7145 -0.6682 0.2074
vn 0.5796 -0.7443 0.3318
vn 0.0152 -0.9989 0.0441
vn 0.1524 -0.9818 -0.1138
vn 0.1853 -0.9629 -0.1963
vn 0.2544 -0.9277 -0.2731
vn 0.4146 -0.8250 -0.3840
vn 0.4984 -0.8004 -0.3331
vn 0.5639 -0.7436 -0.3594
vn -0.5476 -0.8359 -0.0382
vn -0.6312 -0.7753 -0.0214
vn -0.5570 -0.8305 -0.0054
vn -0.3580 -0.9334 0.0245
vn -0.3734 -0.9260 0.0557
vn -0.2009 -0.9774 0.0660
vn -0.0095 -0.9984 0.0558
vn -0.3296 -0.5183 0.7891
vn -0.3881 -0.6654 0.6376
vn -0.4397 -0.7088 0.5515
vn -0.6247 -0.6944 0.3571
vn -0.6414 -0.7226 0.2577
vn -0.6695 -0.7285 0.1452
vn -0.6464 -0.7583 0.0844
vn -0.1388 -0.7328 -0.6662
vn -0.1646 -0.8028 -0.5730
vn -0.1324 -0.8898 -0.4367
vn -0.1076 -0.8989 -0.4248
vn -0.0411 -0.9577 -0.2849
vn -0.0150 -0.9871 -0.1596
vn -0.0110 -0.9999 -0.0101
vn -0.6134 -0.7772 -0.1402
vn -0.7654 -0.6222 -0.1642
vn -0.7529 -0.6088 -0.2500
vn -0.5637 -0.7063 -0.4283
vn -0.4465 -0.7480 -0.4910
vn -0.3949 -0.7219 -0.5682
vn -0.3593 -0.6115 -0.7049
vn -0.0460 -0.6636 -0.7466
vn -0.0215 -0.7163 -0.6975
vn 0.0624 -0.7960 -0.6020
vn 0.0746 -0.7878 -0.6114
vn 0.3480 -0.7006 -0.6229
vn 0.5333 -0.6129 -0.5831
vn 0.5921 -0.5731 -0.5666
vn 0.8259 0.5612 0.0550
vn 0.8983 0.4078 0.1634
vn 0.9638 0.0615 0.2593
vn 0.9502 -0.0627 0.3053
vn 0.9064 -0.2360 0.3505
vn 0.9483 -0.0891 0.3046
vn 0.7711 -0.5061 0.3864
vn 0.6733 -0.5387 -0.5064
vn 0.8369 -0.3787 -0.3952
vn 0.9380 -0.2045 -0.2798
vn 0.9847 -0.0671 -0.1606
vn 0.9804 0.1745 -0.0919
vn 0.9552 0.2756 -0.1079
vn 0.8884 0.4582 -0.0271
vn 0.2183 0.5620 0.7978
vn 0.0954 0.2977 0.9499
vn 0.0458 -0.1101 0.9929
vn 0.0609 0.0278 0.9978
vn -0.0327 0.0765 0.9965
vn -0.0932 -0.2888 0.9528
vn -0.1448 -0.5007 0.8534
vn 0.5695 -0.5608 0.6010
vn 0.5874 -0.3418 0.7336
vn 0.5855 -0.1642 0.7939
vn 0.5134 0.0600 0.8561
vn 0.4422 0.3009 0.8449
vn 0.4280 0.3832 0.8185
vn 0.2881 0.4762 0.8308
vn -0.7923 0.3614 0.4916
vn -0.7598 0.5275 0.3801
vn -0.8032 0.4606 0.3778
vn -0.9503 0.0900 0.2980
vn -0.9550 -0.1326 0.2652
vn -0.8868 -0.3750 0.2701
vn -0.7512 -0.6449 0.1406
vn -0.2816 -0.5039 0.8166
vn -0.4255 -0.3382 0.8394
vn -0.4236 -0.0315 0.9053
vn -0.5007 0.1644 0.8499
vn -0.6387 0.3375 0.6914
vn -0.6929 0.3053 0.6532
vn -0.7366 0.4254 0.5258
vn -0.6135 0.6493 -0.4495
vn -0.6523 0.3481 -0.6733
vn -0.5687 0.0327 -0.8219
vn -0.5529 -0.1133 -0.8255
vn -0.4804 -0.3418 -0.8077
vn -0.4879 -0.3016 -0.8192
vn -0.4141 -0.4617 -0.7844
vn -0.7489 -0.6357 -0.1872
vn -0.8429 -0.4476 -0.2986
vn -0.9201 -0.1867 -0.3442
vn -0.9380 -0.0605 -0.3413
vn -0.9115 0.1025 -0.3984
vn -0.8147 0.3701 -0.4464
vn -0.7711 0.4565 -0.4439
vn 0.3898 0.4081 -0.8255
vn 0.5419 0.2234 -0.8102
vn 0.5568 0.3228 -0.7653
vn 0.6491 0.1764 -0.7399
vn 0.6709 -0.0036 -0.7416
vn 0.6439 -0.3825 -0.6626
vn 0.6323 -0.4742 -0.6126
vn -0.1169 -0.5907 -0.7984
vn -0.0941 -0.4169 -0.9040
vn -0.0211 0.0489 -0.9986
vn 0.1133 0.1156 -0.9868
vn 0.1518 0.1477 -0.9773
vn 0.0792 0.1021 -0.9916
vn 0.1340 0.4787 -0.8677
vn 0.7982 0.5985 0.0684
vn 0.7077 0.6925 0.1405
vn 0.6327 0.7423 0.2207
vn 0.5985 0.6726 0.4352
vn 0.4639 0.5481 0.6960
vn 0.4650 0.4863 0.7398
vn 0.3160 0.5066 0.8022
vn 0.1972 0.5063 0.8395
vn 0.1134 0.4704 0.8752
vn -0.1737 0.5757 0.7990
vn -0.3121 0.6965 0.6461
vn -0.3230 0.7717 0.5479
vn -0.3050 0.7477 0.5898
vn -0.6253 0.6018 0.4968
vn -0.7129 0.5310 0.4581
vn -0.7371 0.5932 0.3238
vn -0.7913 0.5816 0.1884
vn -0.7819 0.6119 0.1192
vn -0.7996 0.5821 -0.1477
vn -0.7853 0.5571 -0.2702
vn -0.7182 0.5748 -0.3922
vn -0.4990 0.6769 -0.5411
vn -0.4385 0.7255 -0.5304
vn -0.3130 0.7666 -0.5607
vn -0.2350 0.7307 -0.6410
vn -0.0722 0.6675 -0.7411
vn 0.0952 0.6182 -0.7803
vn 0.1769 0.6503 -0.7388
vn 0.3462 0.5394 -0.7675
vn 0.5353 0.5234 -0.6629
vn 0.4672 0.6177 -0.6326
vn 0.5562 0.7334 -0.3909
vn 0.6157 0.7496 -0.2431
vn 0.6574 0.7385 -0.1497
vn 0.7484 0.6614 -0.0496
vn -0.0189 0.9990 0.0411
vn 0.1067 0.9803 0.1663
vn 0.1479 0.9438 0.2956
vn 0.0845 0.9588 0.2712
vn 0.0883 0.9286 0.3605
vn 0.1983 0.7262 0.6583
vn 0.2174 0.5271 0.8215
vn 0.6706 0.7418 -0.0062
vn 0.5314 0.8451 -0.0591
vn 0.4922 0.8675 -0.0712
vn 0.4116 0.9113 -0.0075
vn 0.2431 0.9659 0.0888
vn 0.1634 0.9837 0.0747
vn 0.0489 0.9988 -0.0004
vn -0.2094 0.9763 0.0556
vn -0.2154 0.9691 0.1204
vn -0.1416 0.9838 0.1099
vn -0.2777 0.9357 0.2177
vn -0.3183 0.9108 0.2630
vn -0.4530 0.8419 0.2931
vn -0.5528 0.7464 0.3705
vn -0.1037 0.9944 -0.0199
vn -0.1259 0.9914 -0.0363
vn -0.0752 0.9955 -0.0575
vn -0.1795 0.9539 -0.2403
vn -0.3688 0.8218 -0.4343
vn -0.4524 0.7601 -0.4665
vn -0.4990 0.7097 -0.4972
vn -0.0375 0.9947 -0.0960
vn -0.0086 0.9962 -0.0869
vn 0.0574 0.9886 -0.1393
vn 0.0932 0.9390 -0.3311
vn 0.0791 0.8585 -0.5068
vn 0.0979 0.7380 -0.6676
vn 0.1127 0.6061 -0.7874
vn 0.0561 0.9949 -0.0838
vn 0.1818 0.9804 -0.0762
vn 0.1150 0.9858 -0.1225
vn 0.3449 0.9369 -0.0569
vn 0.2136 0.9679 -0.1327
vn 0.1637 0.9711 -0.1739
vn 0.5079 0.8610 -0.0267
vn 0.4139 0.9006 -0.1328
vn 0.3142 0.9266 -0.2066
vn 0.1900 0.9158 -0.3539
vn 0.4973 0.8659 -0.0549
vn 0.5110 0.8515 -0.1173
vn 0.4892 0.8353 -0.2507
vn 0.4045 0.8296 -0.3848
vn 0.2530 0.8140 -0.5229
vn 0.5667 0.8206 -0.0743
vn 0.5779 0.8068 -0.1230
vn 0.5144 0.8230 -0.2409
vn 0.4958 0.7726 -0.3965
vn 0.4632 0.6735 -0.5761
vn 0.3016 0.6861 -0.6620
vn -0.0541 0.9921 -0.1136
vn -0.0509 0.9960 -0.0741
vn -0.0833 0.9925 -0.0895
vn 0.0074 0.9617 -0.2741
vn -0.1513 0.9661 -0.2090
vn -0.1239 0.9586 -0.2565
vn 0.0636 0.8730 -0.4835
vn -0.1345 0.9125 -0.3864
vn -0.2300 0.9011 -0.3677
vn -0.2045 0.8695 -0.4496
vn 0.0762 0.7966 -0.5996
vn -0.0024 0.8300 -0.5578
vn -0.2456 0.8641 -0.4393
vn -0.2703 0.8647 -0.4234
vn -0.3187 0.8180 -0.4788
vn 0.1468 0.6899 -0.7089
vn 0.0496 0.7532 -0.6559
vn -0.1651 0.7499 -0.6406
vn -0.3004 0.7792 -0.5501
vn -0.3381 0.7876 -0.5151
vn -0.4456 0.7432 -0.4991
vn -0.1806 0.9775 0.1087
vn -0.0854 0.9954 0.0426
vn -0.0698 0.9877 0.1401
vn -0.1603 0.9870 -0.0153
vn -0.1547 0.9831 0.0976
vn -0.1756 0.9534 0.2452
vn -0.4195 0.8989 -0.1262
vn -0.3851 0.9229 0.0049
vn -0.3165 0.9288 0.1929
vn -0.2899 0.9085 0.3010
vn -0.5144 0.8124 -0.2745
vn -0.5102 0.8563 -0.0805
vn -0.4988 0.8658 0.0403
vn -0.4406 0.8612 0.2533
vn -0.4126 0.8414 0.3491
vn -0.5835 0.7293 -0.3574
vn -0.6326 0.7446 -0.2130
vn -0.6226 0.7825 0.0008
vn -0.6573 0.7408 0.1387
vn -0.5763 0.7504 0.3235
vn -0.4908 0.8038 0.3362
vn -0.2065 0.9746 0.0864
vn -0.2351 0.9700 0.0610
vn -0.0603 0.9727 0.2239
vn -0.2579 0.9563 0.1381
vn -0.1339 0.9696 0.2047
vn 0.0792 0.9482 0.3075
vn -0.3328 0.8881 0.3172
vn -0.2997 0.8592 0.4147
vn -0.1178 0.9114 0.3944
vn 0.0709 0.9413 0.3301
vn -0.2803 0.8725 0.4002
vn -0.3152 0.8136 0.4885
vn -0.3019 0.8143 0.4957
vn -0.1222 0.8640 0.4885
vn 0.0791 0.8359 0.5431
vn -0.4040 0.7847 0.4702
vn -0.2525 0.8032 0.5395
vn -0.3387 0.8008 0.4939
vn -0.2712 0.7910 0.5484
vn -0.0197 0.7275 0.6859
vn 0.1905 0.5953 0.7806
vn 0.1660 0.9790 0.1187
vn 0.1975 0.9628 0.1846
vn 0.2014 0.9678 0.1510
vn 0.1193 0.9714 0.2051
vn 0.1705 0.9750 0.1423
vn 0.2301 0.9674 0.1059
vn 0.1183 0.9495 0.2906
vn 0.1879 0.9634 0.1911
vn 0.2561 0.9591 0.1205
vn 0.4282 0.9037 -0.0048
vn 0.2470 0.8144 0.5252
vn 0.3065 0.8691 0.3883
vn 0.4012 0.8734 0.2760
vn 0.5779 0.8055 0.1310
vn 0.5474 0.8357 0.0435
vn 0.2994 0.6409 0.7068
vn 0.3891 0.6856 0.6153
vn 0.4614 0.7627 0.4532
vn 0.5915 0.7741 0.2258
vn 0.6059 0.7796 0.1584
vn 0.6414 0.7631 0.0788
vn 0.8653 0.4903 -0.1046
vn 0.9347 0.3146 -0.1654
vn 0.7874 0.5553 -0.2676
vn 0.9286 0.1806 -0.3242
vn 0.8243 0.3779 -0.4216
vn 0.7315 0.5541 -0.3973
vn 0.8750 -0.0210 -0.4837
vn 0.8332 0.1611 -0.5289
vn 0.7311 0.3275 -0.5986
vn 0.5476 0.4706 -0.6919
vn 0.8298 -0.1391 -0.5405
vn 0.7604 0.0175 -0.6493
vn 0.6068 0.1315 -0.7839
vn 0.4643 0.2937 -0.8355
vn 0.5158 0.3467 -0.7834
vn 0.6583 -0.4562 -0.5988
vn 0.6531 -0.1141 -0.7486
vn 0.5791 0.0585 -0.8132
vn 0.5443 0.2440 -0.8027
vn 0.5802 0.2975 -0.7582
vn 0.6015 0.2988 -0.7409
vn 0.0972 0.4127 -0.9057
vn 0.1344 0.2778 -0.9512
vn 0.0448 0.4638 -0.8848
vn 0.0791 0.0661 -0.9947
vn -0.0285 0.3262 -0.9449
vn -0.1371 0.5966 -0.7907
vn -0.1219 0.0962 -0.9879
vn -0.1902 -0.0030 -0.9817
vn -0.2037 0.3328 -0.9208
vn -0.2428 0.6741 -0.6976
vn -0.2437 0.0475 -0.9687
vn -0.2550 -0.0340 -0.9663
vn -0.2533 0.0206 -0.9672
vn -0.4214 0.3317 -0.8440
vn -0.4563 0.6814 -0.5722
vn -0.3871 -0.3189 -0.8651
vn -0.4087 -0.1300 -0.9033
vn -0.4067 -0.1540 -0.9005
vn -0.5662 0.0464 -0.8230
vn -0.5596 0.3857 -0.7336
vn -0.4731 0.6906 -0.5471
vn -0.8170 0.4894 -0.3049
vn -0.8682 0.3984 -0.2957
vn -0.7951 0.5416 -0.2730
vn -0.9668 0.1006 -0.2348
vn -0.9227 0.3480 -0.1658
vn -0.8397 0.5424 0.0262
vn -0.9753 0.1206 -0.1850
vn -0.9933 0.1156 -0.0022
vn -0.9126 0.3773 0.1576
vn -0.8444 0.5061 0.1757
vn -0.9908 -0.0246 -0.1333
vn -0.9809 0.1839 0.0639
vn -0.9650 0.2223 0.1394
vn -0.8726 0.4225 0.2449
vn -0.8592 0.4106 0.3054
vn -0.9124 -0.4092 0.0020
vn -0.9856 0.0570 0.1592
vn -0.9787 0.1486 0.1418
vn -0.8928 0.3911 0.2235
vn -0.8077 0.4540 0.3761
vn -0.8615 0.2784 0.4246
vn -0.6275 0.4372 0.6442
vn -0.5991 0.2921 0.7455
vn -0.3958 0.6072 0.6889
vn -0.4824 0.2095 0.8505
vn -0.3958 0.3482 0.8498
vn -0.3015 0.5891 0.7497
vn -0.4194 0.1187 0.9000
vn -0.3048 0.1741 0.9364
vn -0.2038 0.2823 0.9374
vn -0.2092 0.4189 0.8836
vn -0.3895 -0.0075 0.9210
vn -0.1918 0.1873 0.9634
vn -0.1562 0.1946 0.9684
vn -0.1836 0.2918 0.9387
vn -0.0572 0.3829 0.9220
vn -0.1942 -0.3749 0.9065
vn -0.0823 0.0327 0.9961
vn -0.0968 0.0784 0.9922
vn -0.0872 0.0506 0.9949
vn 0.0032 0.3033 0.9529
vn 0.1026 0.5126 0.8524
vn 0.4835 0.4366 0.7587
vn 0.4816 0.4457 0.7546
vn 0.4783 0.4170 0.7729
vn 0.5762 0.3249 0.7500
vn 0.5387 0.3979 0.7426
vn 0.5736 0.4295 0.6975
vn 0.6916 0.0941 0.7162
vn 0.6749 0.2331 0.7001
vn 0.6976 0.3223 0.6400
vn 0.7201 0.5274 0.4510
vn 0.7602 -0.0503 0.6477
vn 0.8009 -0.0326 0.5979
vn 0.8221 0.1798 0.5402
vn 0.8646 0.2985 0.4042
vn 0.8042 0.5527 0.2186
vn 0.8192 -0.1801 0.5444
vn 0.8948 -0.1262 0.4282
vn 0.9104 -0.1536 0.3841
vn 0.9443 0.1259 0.3039
vn 0.9178 0.3260 0.2268
vn 0.8258 0.5526 0.1127
vn 0.2979 0.0830 -0.9510
vn 0.3437 0.1350 -0.9293
vn 0.1787 0.0547 -0.9824
vn 0.4415 0.2431 -0.8637
vn 0.2015 0.2432 -0.9488
vn 0.1560 0.1937 -0.9686
vn 0.6116 -0.0336 -0.7904
vn 0.3270 -0.0181 -0.9449
vn 0.1876 0.0693 -0.9798
vn 0.1115 0.0872 -0.9899
vn 0.6352 -0.3209 -0.7025
vn 0.4814 -0.3525 -0.8025
vn 0.2449 -0.3057 -0.9201
vn 0.1273 -0.2775 -0.9523
vn -0.0091 -0.3746 -0.9271
vn 0.6238 -0.5134 -0.5894
vn 0.5314 -0.5399 -0.6528
vn 0.3094 -0.5594 -0.7690
vn 0.1231 -0.6403 -0.7582
vn -0.0006 -0.6599 -0.7513
vn -0.0820 -0.6306 -0.7717
vn -0.8402 0.3441 -0.4191
vn -0.8313 0.0374 -0.5545
vn -0.8721 0.0971 -0.4796
vn -0.6879 -0.0937 -0.7198
vn -0.8559 -0.0402 -0.5156
vn -0.8923 -0.0872 -0.4429
vn -0.5215 -0.2286 -0.8221
vn -0.7664 -0.1351 -0.6280
vn -0.8862 -0.0819 -0.4560
vn -0.9141 -0.1559 -0.3744
vn -0.4517 -0.3052 -0.8383
vn -0.6053 -0.3412 -0.7192
vn -0.7597 -0.3844 -0.5245
vn -0.8716 -0.4028 -0.2794
vn -0.8253 -0.4637 -0.3223
vn -0.4627 -0.3976 -0.7924
vn -0.4602 -0.5337 -0.7095
vn -0.5866 -0.6439 -0.4912
vn -0.7171 -0.6154 -0.3273
vn -0.7797 -0.5868 -0.2185
vn -0.7195 -0.6387 -0.2729
vn -0.6878 0.5233 0.5031
vn -0.7842 0.4331 0.4444
vn -0.6154 0.3917 0.6840
vn -0.8946 0.1412 0.4239
vn -0.7541 0.1899 0.6287
vn -0.6494 0.2629 0.7136
vn -0.9097 -0.2179 0.3534
vn -0.8812 -0.1307 0.4544
vn -0.7224 -0.0430 0.6901
vn -0.5772 -0.0279 0.8161
vn -0.8679 -0.3889 0.3091
vn -0.8366 -0.4357 0.3321
vn -0.7698 -0.3976 0.4994
vn -0.6487 -0.3195 0.6908
vn -0.4003 -0.2695 0.8759
vn -0.7752 -0.5987 0.2016
vn -0.7817 -0.5499 0.2940
vn -0.7384 -0.5850 0.3354
vn -0.6116 -0.6148 0.4980
vn -0.4294 -0.5887 0.6848
vn -0.3444 -0.5109 0.7876
vn 0.3041 0.3714 0.8773
vn 0.1810 -0.0174 0.9833
vn 0.3291 0.1488 0.9325
vn 0.0983 -0.0601 0.9933
vn 0.1419 -0.0249 0.9896
vn 0.4017 0.1133 0.9087
vn 0.1649 -0.0108 0.9863
vn 0.1039 -0.1353 0.9853
vn 0.2618 -0.1486 0.9536
vn 0.4683 -0.2340 0.8520
vn 0.0886 -0.3432 0.9351
vn 0.2038 -0.4105 0.8888
vn 0.0946 -0.4632 0.8812
vn 0.3978 -0.5142 0.7598
vn 0.4087 -0.4382 0.8006
vn 0.0021 -0.5157 0.8568
vn 0.1772 -0.5408 0.8223
vn 0.1516 -0.5360 0.8305
vn 0.2380 -0.6101 0.7558
vn 0.3599 -0.6229 0.6946
vn 0.3942 -0.5910 0.7037
vn 0.9097 0.4083 -0.0755
vn 0.9809 0.1573 0.1144
vn 0.9555 0.2312 -0.1833
vn 0.9709 -0.0082 0.2395
vn 0.9985 -0.0280 -0.0472
vn 0.9829 -0.0270 -0.1824
vn 0.9310 -0.1657 0.3251
vn 0.9732 -0.2044 0.1058
vn 0.9421 -0.2804 -0.1841
vn 0.9513 -0.2807 -0.1277
vn 0.9059 -0.2671 0.3286
vn 0.8914 -0.4119 0.1892
vn 0.9010 -0.4248 -0.0880
vn 0.9082 -0.3891 -0.1541
vn 0.9168 -0.3764 -0.1333
vn 0.8493 -0.4606 0.2580
vn 0.8357 -0.5180 0.1821
vn 0.8106 -0.5816 0.0682
vn 0.8572 -0.4992 -0.1267
vn 0.8327 -0.5342 -0.1458
vn 0.7846 -0.5724 -0.2384
vn 0.4832 -0.7535 -0.4459
vn 0.3828 -0.8404 -0.3836
vn 0.4011 -0.7828 -0.4757
vn 0.2977 -0.8740 -0.3841
vn 0.2708 -0.8736 -0.4044
vn 0.1511 -0.7904 -0.5937
vn 0.1730 -0.9441 -0.2806
vn 0.1764 -0.9120 -0.3704
vn 0.1212 -0.8240 -0.5535
vn 0.0669 -0.7389 -0.6705
vn 0.1059 -0.9611 -0.2552
vn 0.0992 -0.9524 -0.2883
vn 0.0544 -0.9015 -0.4292
vn 0.0571 -0.8035 -0.5926
vn 0.0903 -0.7394 -0.6672
vn 0.0285 -0.9833 -0.1798
vn 0.0587 -0.9661 -0.2513
vn 0.0034 -0.9321 -0.3622
vn -0.0272 -0.8931 -0.4490
vn -0.0244 -0.8167 -0.5765
vn -0.0504 -0.7012 -0.7112
vn -0.3181 -0.7747 -0.5464
vn -0.2925 -0.8363 -0.4637
vn -0.3868 -0.7857 -0.4827
vn -0.2328 -0.8834 -0.4067
vn -0.3596 -0.8357 -0.4150
vn -0.4085 -0.8077 -0.4252
vn -0.2010 -0.9213 -0.3329
vn -0.3387 -0.8753 -0.3451
vn -0.4149 -0.8538 -0.3144
vn -0.5088 -0.8077 -0.2980
vn -0.1420 -0.9762 -0.1639
vn -0.3030 -0.9398 -0.1583
vn -0.4178 -0.8940 -0.1620
vn -0.4894 -0.8632 -0.1242
vn -0.6437 -0.7614 -0.0768
vn -0.0785 -0.9942 -0.0729
vn -0.2809 -0.9582 -0.0538
vn -0.3799 -0.9249 -0.0155
vn -0.4639 -0.8847 -0.0459
vn -0.5860 -0.8101 -0.0198
vn -0.6301 -0.7764 0.0072
vn -0.5777 -0.8162 -0.0099
vn -0.5827 -0.8117 0.0392
vn -0.5779 -0.8072 0.1201
vn -0.4147 -0.9067 0.0767
vn -0.4992 -0.8578 0.1225
vn -0.5620 -0.8013 0.2051
vn -0.3438 -0.9351 0.0861
vn -0.3516 -0.9301 0.1065
vn -0.4152 -0.8848 0.2116
vn -0.4556 -0.7879 0.4143
vn -0.2764 -0.9537 0.1181
vn -0.2820 -0.9482 0.1464
vn -0.2702 -0.9336 0.2351
vn -0.3003 -0.8653 0.4014
vn -0.3688 -0.7580 0.5380
vn -0.1029 -0.9896 0.1001
vn -0.2017 -0.9633 0.1769
vn -0.1786 -0.9432 0.2801
vn -0.1717 -0.9242 0.3412
vn -0.2660 -0.8571 0.4412
vn -0.3271 -0.7178 0.6147
vn 0.5917 -0.7564 -0.2789
vn 0.6347 -0.7376 -0.2302
vn 0.5802 -0.7598 -0.2935
vn 0.5684 -0.8227 -0.0090
vn 0.5623 -0.8258 -0.0437
vn 0.4866 -0.8523 -0.1919
vn 0.5628 -0.8233 0.0743
vn 0.4879 -0.8679 0.0932
vn 0.4825 -0.8678 0.1186
vn 0.2922 -0.9541 -0.0652
vn 0.5886 -0.8020 0.1019
vn 0.4225 -0.9050 0.0497
vn 0.4090 -0.8997 0.1524
vn 0.3603 -0.9145 0.1842
vn 0.2200 -0.9752 0.0260
vn 0.4971 -0.7747 0.3908
vn 0.4040 -0.8810 0.2463
vn 0.3132 -0.9385 0.1452
vn 0.3479 -0.9160 0.1998
vn 0.2404 -0.9534 0.1825
vn 0.1550 -0.9797 0.1269
vn 0.0159 -0.7248 0.6888
vn 0.0694 -0.8500 0.5222
vn 0.1394 -0.7605 0.6342
vn 0.0817 -0.8952 0.4381
vn 0.1448 -0.8567 0.4950
vn 0.1824 -0.7785 0.6006
vn 0.0712 -0.8855 0.4592
vn 0.1432 -0.8895 0.4340
vn 0.1370 -0.8512 0.5066
vn 0.1990 -0.7671 0.6099
vn 0.0926 -0.9507 0.2961
vn 0.1792 -0.8757 0.4484
vn 0.1376 -0.9021 0.4091
vn 0.2087 -0.8472 0.4885
vn 0.3373 -0.7490 0.5703
vn 0.1085 -0.9907 0.0821
vn 0.2002 -0.9602 0.1949
vn 0.2441 -0.9149 0.3214
vn 0.2555 -0.9220 0.2911
vn 0.3940 -0.8174 0.4203
vn 0.4212 -0.7743 0.4723
vn 0.1487 -0.9851 0.0868
vn 0.6406 -0.6102 0.4661
vn -0.0851 -0.5409 0.8367
vn -0.8497 -0.5269 -0.0185
vn -0.1450 -0.6834 -0.7155
vn 0.5105 -0.5955 -0.6204
vn 0.2092 0.6886 0.6943
vn -0.5847 0.5566 0.5902
vn -0.6977 0.5694 -0.4347
vn 0.2113 0.6269 -0.7499
vn 0.8512 0.5243 -0.0251
vn 0.0816 0.9955 0.0474
vn -0.1134 -0.7322 0.6716
vn -0.0914 -0.7241 0.6836
vn -0.0408 -0.8128 0.5811
vn -0.0356 -0.8803 0.4730
vn -0.0459 -0.9670 0.2505
vn -0.0202 -0.9823 0.1863
vn 0.0711 -0.9703 0.2311
vn 0.2111 -0.9599 0.1844
vn 0.1646 -0.9745 0.1528
vn 0.2058 -0.9778 0.0390
vn 0.3648 -0.9270 0.0870
vn 0.4188 -0.8821 0.2156
vn 0.3437 -0.8996 0.2692
vn 0.4659 -0.7972 0.3839
vn 0.4953 -0.6722 0.5502
vn 0.5079 -0.6950 0.5089
vn 0.3044 -0.7590 0.5755
vn 0.0540 -0.8010 0.5962
vn -0.1446 -0.7841 0.6035
vn -0.1316 -0.7549 0.6425
vn -0.1178 -0.6303 0.7674
vn 0.6937 -0.6164 -0.3726
vn 0.7671 -0.5833 -0.2670
vn 0.7234 -0.6834 -0.0984
vn 0.6429 -0.7660 0.0011
vn 0.5953 -0.7989 0.0856
vn 0.6567 -0.7089 0.2574
vn 0.6961 -0.6161 0.3687
vn 0.1565 -0.9868 0.0418
vn 0.1389 -0.9903 -0.0067
vn 0.2188 -0.9661 -0.1373
vn 0.3023 -0.9005 -0.3126
vn 0.3212 -0.8726 -0.3679
vn 0.4523 -0.7722 -0.4462
vn 0.4798 -0.7224 -0.4979
vn -0.7689 -0.6392 0.0181
vn -0.6453 -0.7582 0.0934
vn -0.4324 -0.8946 0.1124
vn -0.3257 -0.9449 0.0341
vn -0.2552 -0.9663 0.0348
vn -0.1694 -0.9813 0.0919
vn -0.0838 -0.9919 0.0954
vn -0.2401 -0.6632 0.7089
vn -0.3801 -0.6194 0.6869
vn -0.4327 -0.6420 0.6330
vn -0.5249 -0.7265 0.4436
vn -0.5267 -0.7468 0.4060
vn -0.6851 -0.7076 0.1728
vn -0.7830 -0.6167 0.0816
vn -0.1088 -0.7021 -0.7037
vn -0.1330 -0.7219 -0.6790
vn -0.1154 -0.8735 -0.4730
vn -0.0741 -0.9346 -0.3480
vn -0.0776 -0.9270 -0.3670
vn -0.0381 -0.9682 -0.2473
vn 0.0504 -0.9914 -0.1208
vn -0.8246 -0.5417 -0.1635
vn -0.7903 -0.5359 -0.2971
vn -0.6714 -0.5961 -0.4403
vn -0.6095 -0.6014 -0.5165
vn -0.4795 -0.5648 -0.6716
vn -0.4468 -0.6291 -0.6360
vn -0.3356 -0.6823 -0.6495
vn -0.0428 -0.7129 -0.6999
vn -0.1065 -0.6562 -0.7470
vn -0.0466 -0.6791 -0.7325
vn 0.1674 -0.6873 -0.7068
vn 0.3901 -0.6460 -0.6561
vn 0.5379 -0.6109 -0.5809
vn 0.5379 -0.5565 -0.6332
vn 0.8746 0.4510 0.1781
vn 0.8355 0.5353 0.1242
vn 0.9584 0.2660 0.1037
vn 0.9360 -0.1697 0.3085
vn 0.8419 -0.3061 0.4443
vn 0.8861 -0.1871 0.4240
vn 0.8550 -0.3063 0.4184
vn 0.7248 -0.4433 -0.5274
vn 0.8590 -0.3464 -0.3771
vn 0.9127 -0.2531 -0.3207
vn 0.9603 0.0107 -0.2787
vn 0.9575 0.1570 -0.2420
vn 0.8894 0.4380 -0.1305
vn 0.7951 0.6044 -0.0499
vn 0.1344 0.5936 0.7934
vn 0.0684 0.4812 0.8739
vn 0.0143 0.2743 0.9615
vn -0.1279 0.0733 0.9891
vn -0.2872 -0.3045 0.9082
vn -0.3128 -0.5111 0.8006
vn -0.1855 -0.4327 0.8823
vn 0.6668 -0.3336 0.6664
vn 0.7114 -0.2823 0.6436
vn 0.6555 -0.3289 0.6798
vn 0.5164 -0.1193 0.8480
vn 0.4385 0.1036 0.8927
vn 0.3448 0.4151 0.8419
vn 0.2174 0.6862 0.6941
vn -0.6545 0.5081 0.5599
vn -0.7084 0.3917 0.5871
vn -0.8240 0.1039 0.5570
vn -0.9244 0.0621 0.3762
vn -0.9917 0.0531 0.1167
vn -0.9779 -0.2010 -0.0574
vn -0.9309 -0.3653 0.0044
vn -0.2255 -0.3392 0.9133
vn -0.3124 -0.2324 0.9211
vn -0.3712 -0.2531 0.8934
vn -0.6185 0.0890 0.7807
vn -0.7190 0.2338 0.6545
vn -0.6900 0.2739 0.6700
vn -0.5919 0.4917 0.6387
vn -0.8367 0.2288 -0.4976
vn -0.8404 0.0560 -0.5390
vn -0.7374 0.0320 -0.6747
vn -0.5923 -0.1539 -0.7909
vn -0.5557 0.0360 -0.8306
vn -0.4601 -0.2160 -0.8612
vn -0.3090 -0.5777 -0.7555
vn -0.9539 -0.2640 -0.1430
vn -0.9477 -0.2805 -0.1521
vn -0.9424 -0.1511 -0.2983
vn -0.8919 0.1399 -0.4301
vn -0.8132 0.2112 -0.5423
vn -0.7906 0.0993 -0.6042
vn -0.8358 0.2046 -0.5095
vn 0.2570 0.5109 -0.8203
vn 0.3306 0.3424 -0.8795
vn 0.3837 0.1236 -0.9152
vn 0.5060 -0.0717 -0.8595
vn 0.6239 -0.4424 -0.6442
vn 0.5981 -0.5009 -0.6256
vn 0.5337 -0.4361 -0.7245
vn -0.0922 -0.6094 -0.7875
vn -0.0814 -0.4355 -0.8965
vn -0.1734 -0.2697 -0.9472
vn -0.0908 0.0721 -0.9933
vn 0.1061 0.3759 -0.9206
vn 0.1450 0.3112 -0.9392
vn 0.1877 0.4220 -0.8870
vn 0.8257 0.5257 0.2045
vn 0.7896 0.5726 0.2208
vn 0.7671 0.5843 0.2648
vn 0.6503 0.6229 0.4348
vn 0.4929 0.6310 0.5991
vn 0.3631 0.6071 0.7068
vn 0.2475 0.6776 0.6926
vn 0.1618 0.6764 0.7186
vn -0.0341 0.6717 0.7400
vn -0.1113 0.6838 0.7211
vn -0.2219 0.6658 0.7123
vn -0.4293 0.6115 0.6647
vn -0.4679 0.5802 0.6666
vn -0.6125 0.5121 0.6021
vn -0.6349 0.6646 0.3940
vn -0.6504 0.6686 0.3605
vn -0.7186 0.6497 0.2478
vn -0.7515 0.6516 -0.1035
vn -0.6844 0.6849 -0.2502
vn -0.6936 0.6824 -0.2308
vn -0.7389 0.5797 -0.3435
vn -0.5581 0.6815 -0.4733
vn -0.3964 0.7361 -0.5486
vn -0.3168 0.7007 -0.6393
vn -0.2315 0.6916 -0.6842
vn -0.1270 0.6806 -0.7216
vn 0.0138 0.6370 -0.7708
vn 0.1370 0.6322 -0.7626
vn 0.2535 0.6267 -0.7369
vn 0.3857 0.6584 -0.6464
vn 0.4882 0.6962 -0.5263
vn 0.6120 0.6552 -0.4429
vn 0.7341 0.6520 -0.1898
vn 0.7456 0.6463 -0.1626
vn 0.7701 0.6060 -0.1994
vn 0.0517 0.9984 0.0222
vn 0.0783 0.9930 0.0884
vn 0.1329 0.9807 0.1433
vn 0.2043 0.9334 0.2949
vn 0.2201 0.8361 0.5026
vn 0.1969 0.7036 0.6828
vn 0.2095 0.6524 0.7283
vn 0.6461 0.7628 -0.0278
vn 0.4625 0.8866 -0.0116
vn 0.4635 0.8859 -0.0201
vn 0.3052 0.9513 -0.0434
vn 0.2892 0.9541 -0.0775
vn 0.1689 0.9841 -0.0545
vn 0.1353 0.9908 -0.0103
vn -0.0540 0.9968 0.0588
vn -0.0745 0.9969 0.0247
vn -0.1137 0.9877 0.1074
vn -0.2924 0.9139 0.2818
vn -0.4654 0.7894 0.4003
vn -0.5461 0.7306 0.4100
vn -0.5895 0.6568 0.4702
vn -0.0201 0.9990 0.0390
vn -0.0797 0.9944 -0.0697
vn -0.1631 0.9733 -0.1616
vn -0.2628 0.9327 -0.2471
vn -0.4516 0.8332 -0.3191
vn -0.5774 0.7404 -0.3442
vn -0.6102 0.6719 -0.4199
vn 0.1175 0.9929 -0.0160
vn 0.0874 0.9898 -0.1127
vn 0.0798 0.9617 -0.2621
vn 0.1401 0.8974 -0.4183
vn 0.1760 0.8806 -0.4400
vn 0.1515 0.8745 -0.4607
vn 0.1943 0.7300 -0.6553
vn 0.1693 0.9856 -0.0050
vn 0.2401 0.9707 -0.0072
vn 0.1649 0.9828 -0.0832
vn 0.2909 0.9566 -0.0152
vn 0.2928 0.9496 -0.1116
vn 0.2330 0.9202 -0.3145
vn 0.3815 0.9234 -0.0429
vn 0.3536 0.9205 -0.1664
vn 0.3158 0.8941 -0.3177
vn 0.2423 0.8808 -0.4069
vn 0.4893 0.8710 -0.0431
vn 0.4168 0.9001 -0.1266
vn 0.3060 0.9238 -0.2302
vn 0.2361 0.9098 -0.3412
vn 0.1978 0.9024 -0.3829
vn 0.5991 0.7896 -0.1325
vn 0.6013 0.7934 -0.0944
vn 0.4766 0.8546 -0.2065
vn 0.3292 0.8748 -0.3554
vn 0.2607 0.8746 -0.4087
vn 0.2031 0.8238 -0.5293
vn 0.0079 0.9869 -0.1614
vn -0.0324 0.9665 -0.2547
vn -0.0328 0.9673 -0.2515
vn -0.0121 0.9306 -0.3657
vn -0.0526 0.9438 -0.3263
vn -0.0950 0.9406 -0.3261
vn 0.0660 0.9004 -0.4301
vn -0.0645 0.9203 -0.3858
vn -0.1014 0.8994 -0.4252
vn -0.2081 0.8972 -0.3895
vn 0.1103 0.8857 -0.4511
vn -0.0424 0.8866 -0.4605
vn -0.1279 0.8810 -0.4556
vn -0.1835 0.8623 -0.4720
vn -0.3871 0.7969 -0.4638
vn 0.1043 0.7864 -0.6088
vn 0.0026 0.7630 -0.6463
vn -0.1661 0.8016 -0.5744
vn -0.2346 0.7601 -0.6059
vn -0.3687 0.6982 -0.6136
vn -0.5257 0.6652 -0.5302
vn -0.1017 0.9914 0.0822
vn -0.1561 0.9873 0.0289
vn -0.1049 0.9940 0.0312
vn -0.2358 0.9671 -0.0949
vn -0.1937 0.9810 0.0045
vn -0.2304 0.9698 0.0800
vn -0.4824 0.8435 -0.2363
vn -0.4270 0.8984 -0.1028
vn -0.4062 0.9065 0.1153
vn -0.4578 0.8554 0.2422
vn -0.6331 0.7374 -0.2353
vn -0.6662 0.7029 -0.2491
vn -0.6068 0.7935 -0.0462
vn -0.5507 0.8057 0.2181
vn -0.5590 0.7464 0.3610
vn -0.6606 0.7123 -0.2373
vn -0.6608 0.7136 -0.2326
vn -0.6560 0.7206 -0.2243
vn -0.6596 0.7473 0.0799
vn -0.6507 0.6712 0.3552
vn -0.6345 0.6703 0.3848
vn -0.0239 0.9985 0.0500
vn -0.0924 0.9886 0.1191
vn 0.0086 0.9939 0.1103
vn -0.1630 0.9531 0.2549
vn -0.1318 0.9671 0.2177
vn 0.0434 0.9676 0.2487
vn -0.3126 0.8663 0.3897
vn -0.2384 0.9028 0.3579
vn -0.1193 0.9056 0.4070
vn 0.0989 0.8777 0.4689
vn -0.4339 0.7710 0.4662
vn -0.3674 0.7665 0.5268
vn -0.2382 0.7595 0.6054
vn -0.0775 0.7049 0.7051
vn 0.1318 0.6977 0.7042
vn -0.5481 0.6181 0.5635
vn -0.4187 0.6585 0.6253
vn -0.3247 0.6592 0.6782
vn -0.1630 0.6249 0.7635
vn -0.0517 0.6298 0.7751
vn 0.1166 0.6916 0.7128
vn 0.1118 0.9937 -0.0024
vn 0.1293 0.9849 0.1152
vn 0.2136 0.9768 -0.0133
vn 0.1860 0.9568 0.2235
vn 0.2602 0.9594 0.1090
vn 0.3199 0.9474 -0.0074
vn 0.2371 0.9113 0.3367
vn 0.2709 0.9300 0.2483
vn 0.3320 0.9385 0.0953
vn 0.3864 0.9222 -0.0128
vn 0.2301 0.8157 0.5307
vn 0.2893 0.8807 0.3750
vn 0.3411 0.9100 0.2357
vn 0.4517 0.8896 0.0671
vn 0.5163 0.8562 -0.0159
vn 0.2399 0.6723 0.7003
vn 0.3432 0.7311 0.5896
vn 0.4426 0.7853 0.4329
vn 0.6112 0.7384 0.2849
vn 0.6499 0.7525 0.1069
vn 0.5620 0.8221 0.0910
vn 0.7301 0.6593 -0.1794
vn 0.8359 0.4706 -0.2824
vn 0.7761 0.5960 -0.2059
vn 0.8920 0.2735 -0.3600
vn 0.8242 0.4202 -0.3796
vn 0.7733 0.4954 -0.3958
vn 0.8997 0.0156 -0.4362
vn 0.8298 0.2937 -0.4746
vn 0.7552 0.4182 -0.5047
vn 0.6511 0.5157 -0.5570
vn 0.7932 -0.2331 -0.5626
vn 0.8039 -0.0756 -0.5899
vn 0.7864 0.2745 -0.5534
vn 0.6622 0.4886 -0.5682
vn 0.5368 0.5494 -0.6404
vn 0.6403 -0.3240 -0.6964
vn 0.6811 -0.3931 -0.6177
vn 0.7553 -0.1492 -0.6382
vn 0.6188 0.2087 -0.7573
vn 0.4408 0.4698 -0.7648
vn 0.3635 0.5417 -0.7579
vn 0.0742 0.4706 -0.8792
vn 0.0632 0.3400 -0.9383
vn -0.0161 0.5748 -0.8182
vn -0.1008 0.2362 -0.9665
vn -0.1184 0.3533 -0.9280
vn -0.1855 0.6291 -0.7549
vn -0.2340 0.0300 -0.9718
vn -0.2800 0.0343 -0.9594
vn -0.2996 0.3116 -0.9018
vn -0.2593 0.6674 -0.6981
vn -0.2552 -0.1039 -0.9613
vn -0.3994 0.0502 -0.9154
vn -0.4006 -0.0588 -0.9144
vn -0.4305 0.2313 -0.8724
vn -0.4170 0.5980 -0.6845
vn -0.3081 -0.3390 -0.8889
vn -0.4497 0.0375 -0.8924
vn -0.4705 -0.0502 -0.8810
vn -0.5227 -0.0447 -0.8513
vn -0.6320 0.1535 -0.7596
vn -0.6553 0.4429 -0.6119
vn -0.8017 0.4558 -0.3867
vn -0.8674 0.2897 -0.4046
vn -0.7760 0.5667 -0.2770
vn -0.9180 0.2373 -0.3176
vn -0.9278 0.3306 -0.1729
vn -0.8648 0.4828 -0.1381
vn -0.9646 0.1499 -0.2168
vn -0.9447 0.3156 -0.0887
vn -0.9528 0.3028 -0.0232
vn -0.9180 0.3930 0.0535
vn -0.9667 -0.2418 -0.0840
vn -0.9934 0.1147 -0.0073
vn -0.9380 0.3457 0.0234
vn -0.9365 0.3469 0.0518
vn -0.7750 0.5873 0.2332
vn -0.9703 -0.2322 -0.0679
vn -0.9897 -0.1431 -0.0014
vn -0.9944 0.0831 0.0657
vn -0.9606 0.2534 0.1138
vn -0.8571 0.4113 0.3102
vn -0.6419 0.6408 0.4211
vn -0.5938 0.5315 0.6040
vn -0.6245 0.3338 0.7061
vn -0.4613 0.5996 0.6540
vn -0.5482 0.2109 0.8093
vn -0.4949 0.3989 0.7720
vn -0.3652 0.6224 0.6923
vn -0.3631 -0.0822 0.9281
vn -0.3761 0.0294 0.9261
vn -0.2627 0.3802 0.8868
vn -0.1395 0.5890 0.7960
vn -0.2955 -0.2547 0.9208
vn -0.3279 -0.1467 0.9332
vn -0.2302 0.0811 0.9698
vn -0.1362 0.3644 0.9212
vn -0.1231 0.5765 0.8078
vn -0.2249 -0.3596 0.9056
vn -0.3534 -0.2810 0.8923
vn -0.3104 0.0155 0.9505
vn -0.2171 0.2646 0.9396
vn -0.0793 0.4126 0.9075
vn 0.0567 0.5436 0.8374
vn 0.3656 0.6699 0.6462
vn 0.4604 0.5520 0.6952
vn 0.4307 0.6184 0.6573
vn 0.6306 0.2083 0.7477
vn 0.6472 0.4569 0.6103
vn 0.6326 0.5782 0.5153
vn 0.7742 -0.1012 0.6248
vn 0.8224 0.2215 0.5240
vn 0.7891 0.3740 0.4874
vn 0.7353 0.5715 0.3643
vn 0.7674 -0.3124 0.5599
vn 0.8399 -0.1051 0.5325
vn 0.8111 0.2092 0.5462
vn 0.7846 0.4815 0.3906
vn 0.7929 0.5733 0.2065
vn 0.8133 -0.1132 0.5708
vn 0.8343 -0.2777 0.4763
vn 0.8480 -0.1533 0.5073
vn 0.8868 0.2418 0.3937
vn 0.7864 0.6032 0.1334
vn 0.8647 0.4542 0.2147
vn 0.2045 0.3008 -0.9315
vn 0.2745 0.1268 -0.9532
vn 0.2346 0.2762 -0.9320
vn 0.3419 0.0483 -0.9385
vn 0.3348 0.1213 -0.9344
vn 0.1992 0.1805 -0.9632
vn 0.4479 -0.3496 -0.8229
vn 0.3691 -0.2421 -0.8973
vn 0.2762 -0.2358 -0.9317
vn 0.0118 -0.3389 -0.9408
vn 0.5405 -0.5473 -0.6390
vn 0.3990 -0.4858 -0.7777
vn 0.3162 -0.4863 -0.8145
vn 0.0607 -0.5588 -0.8271
vn -0.0699 -0.5334 -0.8430
vn 0.6005 -0.4594 -0.6545
vn 0.5302 -0.4240 -0.7342
vn 0.3721 -0.4187 -0.8284
vn 0.1067 -0.5219 -0.8463
vn -0.0413 -0.6119 -0.7898
vn -0.0603 -0.6692 -0.7406
vn -0.8643 -0.0311 -0.5020
vn -0.8469 0.1949 -0.4947
vn -0.7790 0.2504 -0.5748
vn -0.7482 -0.0349 -0.6626
vn -0.7724 0.2619 -0.5786
vn -0.8026 0.2531 -0.5402
vn -0.6712 -0.0212 -0.7410
vn -0.7037 0.0012 -0.7105
vn -0.8280 0.0082 -0.5607
vn -0.8921 -0.0415 -0.4500
vn -0.6228 -0.2671 -0.7354
vn -0.6327 -0.3107 -0.7093
vn -0.7216 -0.3021 -0.6230
vn -0.8434 -0.2575 -0.4715
vn -0.9162 -0.2423 -0.3190
vn -0.4429 -0.6281 -0.6397
vn -0.5121 -0.5889 -0.6253
vn -0.5705 -0.4993 -0.6521
vn -0.7059 -0.5207 -0.4802
vn -0.7787 -0.4906 -0.3910
vn -0.8977 -0.3929 -0.1993
vn -0.6493 0.3269 0.6867
vn -0.7410 0.1108 0.6623
vn -0.6699 0.1529 0.7265
vn -0.7667 -0.0063 0.6419
vn -0.7146 0.0155 0.6993
vn -0.7586 0.1066 0.6427
vn -0.8177 0.1301 0.5607
vn -0.7363 0.1074 0.6680
vn -0.7113 0.0044 0.7029
vn -0.7047 -0.1522 0.6930
vn -0.9425 -0.2149 0.2560
vn -0.7428 -0.1995 0.6391
vn -0.7004 -0.1427 0.6993
vn -0.6279 -0.2344 0.7422
vn -0.4861 -0.3460 0.8025
vn -0.8161 -0.5777 0.0165
vn -0.6802 -0.6278 0.3784
vn -0.6265 -0.5654 0.5365
vn -0.5561 -0.4902 0.6712
vn -0.4889 -0.4993 0.7153
vn -0.3953 -0.4532 0.7990
vn 0.2219 0.4225 0.8788
vn 0.1953 0.1808 0.9639
vn 0.3251 0.0476 0.9445
vn 0.1440 -0.0307 0.9891
vn 0.3323 -0.0269 0.9428
vn 0.3562 -0.0512 0.9330
vn 0.0105 -0.2308 0.9729
vn 0.2096 -0.0941 0.9732
vn 0.3612 -0.0506 0.9311
vn 0.4857 -0.1468 0.8617
vn -0.1984 -0.5069 0.8388
vn 0.0108 -0.4242 0.9055
vn 0.2350 -0.2837 0.9297
vn 0.4552 -0.2451 0.8560
vn 0.6333 -0.3342 0.6980
vn -0.2315 -0.6053 0.7616
vn -0.1741 -0.6621 0.7289
vn 0.0257 -0.5942 0.8039
vn 0.2782 -0.5465 0.7899
vn 0.5329 -0.5120 0.6737
vn 0.6294 -0.4365 0.6429
vn 0.9000 0.4184 0.1222
vn 0.9753 0.2082 0.0734
vn 0.9954 0.0938 0.0183
vn 0.9952 -0.0956 0.0201
vn 0.9952 -0.0187 0.0959
vn 0.9923 0.0129 -0.1228
vn 0.9488 -0.2508 0.1919
vn 0.9710 -0.2305 0.0640
vn 0.9824 -0.1833 0.0366
vn 0.9399 -0.2251 -0.2566
vn 0.8861 -0.2279 0.4035
vn 0.9816 -0.1709 0.0847
vn 0.9680 -0.2427 0.0635
vn 0.9138 -0.3734 -0.1599
vn 0.8687 -0.4017 -0.2900
vn 0.8383 -0.3326 0.4321
vn 0.8805 -0.4085 0.2407
vn 0.9003 -0.4345 0.0236
vn 0.8741 -0.4830 -0.0519
vn 0.8337 -0.4746 -0.2822
vn 0.8527 -0.4518 -0.2621
vn 0.4806 -0.7043 -0.5225
vn 0.3570 -0.8248 -0.4385
vn 0.3800 -0.7732 -0.5077
vn 0.2498 -0.8907 -0.3799
vn 0.2431 -0.8675 -0.4341
vn 0.2041 -0.8300 -0.5191
vn 0.2179 -0.8972 -0.3840
vn 0.2079 -0.8825 -0.4218
vn 0.1538 -0.8532 -0.4984
vn 0.0600 -0.7897 -0.6105
vn 0.0910 -0.9745 -0.2051
vn 0.0720 -0.9233 -0.3773
vn 0.0487 -0.9097 -0.4124
vn 0.0229 -0.8044 -0.5936
vn -0.0633 -0.7003 -0.7110
vn 0.0659 -0.9884 -0.1365
vn -0.0223 -0.9473 -0.3195
vn -0.0565 -0.9215 -0.3842
vn -0.0414 -0.9130 -0.4058
vn -0.0750 -0.7501 -0.6571
vn -0.0867 -0.6470 -0.7575
vn -0.3249 -0.6831 -0.6541
vn -0.2470 -0.7840 -0.5696
vn -0.4028 -0.6430 -0.6514
vn -0.1256 -0.9164 -0.3800
vn -0.3273 -0.7848 -0.5263
vn -0.4725 -0.7030 -0.5315
vn -0.1011 -0.9270 -0.3612
vn -0.2015 -0.9126 -0.3558
vn -0.4521 -0.7974 -0.3998
vn -0.5738 -0.6887 -0.4431
vn -0.0991 -0.9446 -0.3129
vn -0.1929 -0.9468 -0.2575
vn -0.3397 -0.9167 -0.2106
vn -0.4464 -0.8424 -0.3018
vn -0.6899 -0.6203 -0.3732
vn -0.0871 -0.9882 -0.1260
vn -0.2050 -0.9759 -0.0748
vn -0.3225 -0.9440 -0.0694
vn -0.3477 -0.9321 -0.1013
vn -0.5554 -0.8237 -0.1146
vn -0.7909 -0.6002 -0.1192
vn -0.6705 -0.7288 0.1392
vn -0.4968 -0.8413 0.2131
vn -0.5023 -0.8247 0.2601
vn -0.4405 -0.8832 0.1610
vn -0.4925 -0.8233 0.2820
vn -0.4607 -0.8101 0.3627
vn -0.3105 -0.9442 0.1103
vn -0.3679 -0.8876 0.2770
vn -0.4283 -0.8181 0.3837
vn -0.4285 -0.7975 0.4248
vn -0.1306 -0.9811 0.1431
vn -0.1747 -0.9513 0.2539
vn -0.2756 -0.8862 0.3724
vn -0.3167 -0.8421 0.4367
vn -0.3225 -0.7415 0.5883
vn -0.0973 -0.9707 0.2196
vn -0.0842 -0.9770 0.1960
vn -0.1655 -0.9402 0.2978
vn -0.2048 -0.8787 0.4312
vn -0.2002 -0.7715 0.6039
vn -0.1953 -0.7251 0.6604
vn 0.5613 -0.7366 -0.3774
vn 0.6450 -0.7487 -0.1531
vn 0.4851 -0.8182 -0.3088
vn 0.5933 -0.8043 0.0333
vn 0.5588 -0.8291 -0.0208
vn 0.3619 -0.9089 -0.2073
vn 0.5446 -0.8345 0.0843
vn 0.5030 -0.8562 0.1182
vn 0.3948 -0.9135 0.0988
vn 0.2710 -0.9624 -0.0196
vn 0.4824 -0.8677 0.1202
vn 0.4451 -0.8841 0.1425
vn 0.3277 -0.9297 0.1679
vn 0.2392 -0.9536 0.1828
vn 0.2252 -0.9660 0.1267
vn 0.4833 -0.8406 0.2446
vn 0.3856 -0.9012 0.1978
vn 0.3352 -0.9270 0.1684
vn 0.2749 -0.9560 0.1028
vn 0.2376 -0.9585 0.1573
vn 0.1815 -0.9698 0.1627
vn -0.0296 -0.7397 0.6722
vn -0.0042 -0.7835 0.6214
vn -0.0915 -0.7738 0.6268
vn 0.0702 -0.8431 0.5332
vn -0.0210 -0.8490 0.5279
vn -0.0578 -0.8552 0.5150
vn 0.0617 -0.8722 0.4852
vn 0.0238 -0.8623 0.5058
vn 0.0100 -0.8904 0.4551
vn 0.0929 -0.8766 0.4722
vn 0.0840 -0.9775 0.1933
vn 0.0687 -0.9258 0.3716
vn 0.0674 -0.8810 0.4682
vn 0.1709 -0.8917 0.4190
vn 0.3466 -0.8406 0.4164
vn 0.1736 -0.9720 0.1585
vn 0.1262 -0.9883 0.0853
vn 0.1584 -0.9666 0.2016
vn 0.3358 -0.8841 0.3248
vn 0.4097 -0.8556 0.3165
vn 0.4143 -0.8247 0.3850
vn -0.0683 -0.9971 0.0340
vn 0.6136 -0.6994 0.3664
vn -0.3098 -0.5735 0.7583
vn -0.8079 -0.5893 0.0092
vn -0.1111 -0.6224 -0.7748
vn 0.6080 -0.6474 -0.4597
vn 0.3062 0.6737 0.6726
vn -0.6104 0.5409 0.5786
vn -0.6414 0.5452 -0.5398
vn 0.0890 0.5658 -0.8197
vn 0.8915 0.4513 -0.0406
vn -0.0368 0.9981 0.0492
vn -0.2991 -0.6641 0.6852
vn -0.2379 -0.8115 0.5338
vn -0.2327 -0.8948 0.3810
vn -0.2142 -0.9477 0.2366
vn -0.1545 -0.9614 0.2278
vn -0.0693 -0.9935 0.0900
vn -0.0768 -0.9939 0.0796
vn -0.0221 -0.9980 0.0600
vn 0.0463 -0.9956 0.0811
vn 0.1674 -0.9806 0.1025
vn 0.2938 -0.9507 0.0990
vn 0.4213 -0.9018 0.0960
vn 0.5627 -0.7888 0.2471
vn 0.5493 -0.7575 0.3527
vn 0.5846 -0.6943 0.4197
vn 0.5039 -0.6333 0.5873
vn 0.3109 -0.5839 0.7500
vn 0.1234 -0.6101 0.7826
vn 0.0210 -0.6592 0.7517
vn -0.1059 -0.6714 0.7335
vn -0.2699 -0.6414 0.7182
vn 0.5864 -0.6726 -0.4513
vn 0.6428 -0.7246 -0.2485
vn 0.6436 -0.7578 -0.1075
vn 0.5931 -0.8050 -0.0148
vn 0.6217 -0.7749 0.1139
vn 0.7114 -0.6908 0.1291
vn 0.6821 -0.6671 0.2995
vn 0.0243 -0.9977 -0.0634
vn 0.0403 -0.9975 -0.0581
vn 0.2044 -0.9537 -0.2207
vn 0.2857 -0.9033 -0.3201
vn 0.3782 -0.8435 -0.3813
vn 0.4207 -0.8167 -0.3949
vn 0.4087 -0.8286 -0.3826
vn -0.7063 -0.7075 -0.0232
vn -0.5485 -0.8351 0.0421
vn -0.3538 -0.9331 0.0642
vn -0.2942 -0.9553 0.0283
vn -0.2845 -0.9586 0.0150
vn -0.0624 -0.9976 0.0314
vn -0.0686 -0.9951 0.0716
vn -0.2330 -0.6105 0.7569
vn -0.3269 -0.6264 0.7077
vn -0.4037 -0.7706 0.4932
vn -0.4588 -0.7755 0.4337
vn -0.6723 -0.6763 0.3009
vn -0.7832 -0.5982 0.1694
vn -0.8121 -0.5784 0.0771
vn -0.1481 -0.6827 -0.7155
vn -0.1190 -0.8151 -0.5670
vn -0.1292 -0.8943 -0.4283
vn -0.0921 -0.9443 -0.3160
vn -0.0585 -0.9721 -0.2270
vn -0.0572 -0.9853 -0.1610
vn -0.0375 -0.9963 -0.0773
vn -0.7848 -0.6156 -0.0722
vn -0.7731 -0.6295 -0.0770
vn -0.6301 -0.7270 -0.2728
vn -0.5070 -0.7666 -0.3940
vn -0.4205 -0.7628 -0.4912
vn -0.2370 -0.6857 -0.6882
vn -0.1588 -0.6747 -0.7208
vn -0.1179 -0.5924 -0.7970
vn 0.0503 -0.5889 -0.8067
vn 0.1451 -0.4932 -0.8577
vn 0.2439 -0.5348 -0.8090
vn 0.3539 -0.6404 -0.6816
vn 0.4154 -0.6321 -0.6541
vn 0.4163 -0.6599 -0.6255
vn 0.9018 0.4272 0.0651
vn 0.8870 0.3653 0.2826
vn 0.8835 0.1899 0.4283
vn 0.8770 0.1233 0.4643
vn 0.8405 0.0556 0.5389
vn 0.8389 -0.1302 0.5285
vn 0.8002 -0.4293 0.4187
vn 0.6755 -0.5653 -0.4735
vn 0.8320 -0.3195 -0.4534
vn 0.8840 -0.1494 -0.4429
vn 0.9009 0.0282 -0.4331
vn 0.9270 0.1695 -0.3347
vn 0.8900 0.4140 -0.1912
vn 0.9231 0.3439 -0.1724
vn 0.2526 0.5486 0.7970
vn 0.1751 0.3796 0.9084
vn 0.0191 0.1883 0.9819
vn -0.0790 0.0447 0.9959
vn -0.0809 -0.1576 0.9842
vn -0.2173 -0.4852 0.8470
vn -0.3604 -0.5240 0.7717
vn 0.7321 -0.3517 0.5833
vn 0.6937 -0.0735 0.7165
vn 0.6362 0.0663 0.7687
vn 0.6121 0.2612 0.7464
vn 0.6355 0.2291 0.7373
vn 0.5333 0.4038 0.7434
vn 0.4192 0.5512 0.7214
vn -0.6924 0.4337 0.5766
vn -0.8523 0.0874 0.5157
vn -0.8949 0.1589 0.4170
vn -0.9419 0.1257 0.3116
vn -0.9596 -0.1378 0.2453
vn -0.9599 -0.2329 0.1563
vn -0.9447 -0.3163 0.0867
vn -0.2912 -0.5334 0.7942
vn -0.4930 -0.3374 0.8019
vn -0.5964 -0.1632 0.7859
vn -0.5849 -0.0419 0.8100
vn -0.5544 0.2471 0.7947
vn -0.5544 0.3914 0.7345
vn -0.6200 0.4844 0.6172
vn -0.6304 0.3350 -0.7003
vn -0.5707 0.2474 -0.7830
vn -0.5461 0.2885 -0.7865
vn -0.5740 0.2440 -0.7817
vn -0.4909 -0.0054 -0.8712
vn -0.3276 -0.3420 -0.8807
vn -0.1680 -0.6045 -0.7787
vn -0.9341 -0.3533 -0.0517
vn -0.8972 -0.4321 -0.0916
vn -0.9706 -0.1966 -0.1387
vn -0.9460 0.2026 -0.2529
vn -0.9204 0.1758 -0.3491
vn -0.8527 0.2761 -0.4435
vn -0.7446 0.3948 -0.5382
vn 0.2340 0.3712 -0.8986
vn 0.4430 0.1677 -0.8807
vn 0.6355 0.0118 -0.7720
vn 0.6227 -0.2527 -0.7406
vn 0.4727 -0.2978 -0.8294
vn 0.4605 -0.2955 -0.8370
vn 0.5426 -0.5072 -0.6695
vn -0.0849 -0.5708 -0.8167
vn -0.0655 -0.5174 -0.8532
vn -0.0385 -0.2097 -0.9770
vn 0.0184 0.0161 -0.9997
vn 0.0906 0.2159 -0.9722
vn 0.0861 0.2952 -0.9515
vn 0.0278 0.3527 -0.9353
vn 0.8153 0.5470 0.1897
vn 0.7171 0.5826 0.3826
vn 0.6258 0.5845 0.5165
vn 0.5169 0.5917 0.6186
vn 0.5881 0.6201 0.5192
vn 0.5131 0.6025 0.6113
vn 0.3796 0.6430 0.6651
vn 0.2121 0.6947 0.6873
vn 0.0834 0.6459 0.7589
vn -0.2431 0.6213 0.7449
vn -0.3281 0.5680 0.7548
vn -0.4920 0.4650 0.7361
vn -0.4393 0.5250 0.7289
vn -0.5497 0.5854 0.5959
vn -0.6277 0.6535 0.4230
vn -0.6673 0.7204 0.1891
vn -0.7220 0.6838 0.1060
vn -0.7487 0.6629 -0.0091
vn -0.7286 0.6840 -0.0350
vn -0.6892 0.7069 -0.1592
vn -0.6582 0.6997 -0.2778
vn -0.5119 0.6106 -0.6042
vn -0.3177 0.6560 -0.6846
vn -0.3388 0.6617 -0.6688
vn -0.2945 0.6798 -0.6717
vn -0.1133 0.6526 -0.7492
vn -0.0396 0.5187 -0.8541
vn 0.0670 0.4952 -0.8662
vn 0.2368 0.6775 -0.6963
vn 0.4549 0.5746 -0.6804
vn 0.6293 0.5106 -0.5859
vn 0.6952 0.5474 -0.4659
vn 0.7165 0.5510 -0.4278
vn 0.7828 0.5394 -0.3103
vn 0.8609 0.4806 -0.1667
vn -0.0746 0.9873 0.1400
vn -0.0139 0.9796 0.2004
vn 0.1154 0.9435 0.3108
vn 0.2013 0.8868 0.4160
vn 0.2647 0.8124 0.5195
vn 0.2686 0.7675 0.5821
vn 0.2598 0.7315 0.6304
vn 0.7490 0.6625 -0.0122
vn 0.6194 0.7832 -0.0538
vn 0.4391 0.8983 -0.0145
vn 0.4155 0.9092 0.0260
vn 0.3395 0.9399 0.0353
vn 0.1297 0.9910 -0.0344
vn 0.0051 0.9986 -0.0530
vn -0.1333 0.9794 0.1519
vn -0.1831 0.9755 0.1220
vn -0.2692 0.9543 0.1299
vn -0.3598 0.9126 0.1940
vn -0.3989 0.8734 0.2793
vn -0.4968 0.7544 0.4289
vn -0.5628 0.6529 0.5069
vn -0.1251 0.9891 -0.0771
vn -0.2246 0.9496 -0.2184
vn -0.2418 0.9365 -0.2541
vn -0.3342 0.8846 -0.3254
vn -0.4054 0.8386 -0.3638
vn -0.3258 0.9046 -0.2750
vn -0.4293 0.8305 -0.3549
vn 0.0285 0.9871 -0.1578
vn -0.0004 0.9729 -0.2312
vn -0.0224 0.9372 -0.3481
vn -0.0182 0.9167 -0.3991
vn 0.0017 0.8689 -0.4949
vn 0.0952 0.7911 -0.6042
vn 0.1725 0.6731 -0.7191
vn 0.0466 0.9873 -0.1520
vn 0.1519 0.9794 -0.1334
vn 0.0415 0.9779 -0.2051
vn 0.3747 0.9227 -0.0906
vn 0.2208 0.9594 -0.1755
vn 0.0338 0.9398 -0.3402
vn 0.4163 0.9078 -0.0510
vn 0.3957 0.9017 -0.1741
vn 0.3004 0.8934 -0.3340
vn 0.0876 0.8921 -0.4433
vn 0.5754 0.8132 -0.0870
vn 0.5172 0.8174 -0.2537
vn 0.4912 0.8001 -0.3443
vn 0.3526 0.8068 -0.4740
vn 0.1861 0.7843 -0.5918
vn 0.7029 0.6972 -0.1409
vn 0.6898 0.6645 -0.2875
vn 0.6103 0.6793 -0.4075
vn 0.5466 0.7167 -0.4330
vn 0.3691 0.7345 -0.5694
vn 0.2213 0.7080 -0.6707
vn -0.0873 0.9642 -0.2502
vn -0.0531 0.9490 -0.3108
vn -0.1945 0.9486 -0.2496
vn -0.0156 0.9221 -0.3866
vn -0.0956 0.9433 -0.3178
vn -0.2724 0.9318 -0.2400
vn -0.0260 0.8875 -0.4602
vn -0.0202 0.9018 -0.4317
vn -0.2704 0.8882 -0.3715
vn -0.4020 0.8425 -0.3585
vn -0.0088 0.8527 -0.5224
vn -0.0383 0.8493 -0.5265
vn -0.1894 0.8052 -0.5620
vn -0.4091 0.7942 -0.4493
vn -0.3432 0.8625 -0.3718
vn 0.0482 0.7180 -0.6944
vn -0.0833 0.7603 -0.6442
vn -0.1477 0.7349 -0.6619
vn -0.3677 0.7128 -0.5973
vn -0.2888 0.8173 -0.4985
vn -0.3018 0.8687 -0.3927
vn -0.2023 0.9772 0.0644
vn -0.2424 0.9630 -0.1181
vn -0.2262 0.9664 0.1217
vn -0.3098 0.9247 -0.2211
vn -0.3483 0.9368 0.0323
vn -0.3319 0.9264 0.1777
vn -0.4630 0.8290 -0.3137
vn -0.5225 0.8480 -0.0890
vn -0.5000 0.8604 0.0985
vn -0.4035 0.8989 0.1709
vn -0.4034 0.8742 -0.2703
vn -0.5334 0.8358 -0.1302
vn -0.5696 0.8218 -0.0135
vn -0.5434 0.8352 0.0843
vn -0.5413 0.8067 0.2372
vn -0.5074 0.8333 -0.2195
vn -0.6152 0.7725 -0.1572
vn -0.6186 0.7854 -0.0223
vn -0.6466 0.7616 0.0445
vn -0.6607 0.7310 0.1704
vn -0.6201 0.7244 0.3012
vn -0.1010 0.9879 0.1173
vn -0.1592 0.9803 0.1172
vn -0.0312 0.9798 0.1974
vn -0.2913 0.9385 0.1854
vn -0.1066 0.9517 0.2879
vn 0.0485 0.9268 0.3724
vn -0.3992 0.8715 0.2847
vn -0.2253 0.8819 0.4142
vn -0.0584 0.8749 0.4808
vn 0.0989 0.8583 0.5036
vn -0.4819 0.7492 0.4544
vn -0.3872 0.7662 0.5128
vn -0.1541 0.7845 0.6006
vn -0.0616 0.8161 0.5746
vn 0.1778 0.7810 0.5987
vn -0.4848 0.6776 0.5530
vn -0.4885 0.6062 0.6277
vn -0.3387 0.6239 0.7043
vn -0.1969 0.7383 0.6450
vn 0.0095 0.7788 0.6272
vn 0.2160 0.7484 0.6270
vn 0.0429 0.9880 0.1482
vn 0.1801 0.9384 0.2949
vn 0.2583 0.9393 0.2259
vn 0.2728 0.8862 0.3746
vn 0.3153 0.8882 0.3341
vn 0.3487 0.9116 0.2176
vn 0.3315 0.8253 0.4571
vn 0.3332 0.8535 0.4007
vn 0.3208 0.8803 0.3495
vn 0.3747 0.9116 0.1690
vn 0.3258 0.7945 0.5125
vn 0.3925 0.7930 0.4659
vn 0.3681 0.7842 0.4994
vn 0.4442 0.8148 0.3725
vn 0.5261 0.8265 0.2005
vn 0.3169 0.7634 0.5628
vn 0.4332 0.7696 0.4691
vn 0.4627 0.7094 0.5317
vn 0.4951 0.6816 0.5388
vn 0.5904 0.6923 0.4148
vn 0.7665 0.6109 0.1983
vn 0.8920 0.4091 -0.1923
vn 0.8977 0.2726 -0.3461
vn 0.7810 0.4649 -0.4171
vn 0.8724 0.1371 -0.4692
vn 0.8010 0.3027 -0.5165
vn 0.7567 0.4053 -0.5130
vn 0.8598 0.0115 -0.5104
vn 0.7760 0.1450 -0.6138
vn 0.7237 0.2403 -0.6470
vn 0.7197 0.3016 -0.6253
vn 0.8163 -0.0377 -0.5764
vn 0.7321 0.0764 -0.6769
vn 0.6954 0.1790 -0.6959
vn 0.7149 0.1451 -0.6840
vn 0.7023 0.2838 -0.6528
vn 0.7018 -0.3422 -0.6248
vn 0.6503 -0.0963 -0.7535
vn 0.6482 0.0012 -0.7614
vn 0.7162 0.0947 -0.6914
vn 0.7116 0.1801 -0.6792
vn 0.5077 0.3858 -0.7703
vn 0.0286 0.3573 -0.9336
vn 0.0077 0.3617 -0.9322
vn -0.0249 0.4495 -0.8929
vn -0.0602 0.1837 -0.9811
vn -0.0878 0.3357 -0.9379
vn -0.2359 0.4607 -0.8556
vn -0.0895 0.0872 -0.9922
vn -0.1992 0.2655 -0.9433
vn -0.4115 0.3397 -0.8458
vn -0.4316 0.4334 -0.7911
vn -0.0966 -0.1636 -0.9818
vn -0.2576 0.1224 -0.9585
vn -0.3912 0.4600 -0.7971
vn -0.4334 0.3403 -0.8345
vn -0.3718 0.3368 -0.8651
vn -0.1412 -0.4397 -0.8870
vn -0.3342 -0.1560 -0.9295
vn -0.4530 0.2396 -0.8587
vn -0.4603 0.4465 -0.7673
vn -0.4351 0.2991 -0.8493
vn -0.4964 0.2752 -0.8233
vn -0.8140 0.5140 -0.2705
vn -0.9567 0.2660 -0.1180
vn -0.8675 0.4956 -0.0423
vn -0.9277 0.3665 -0.0714
vn -0.9430 0.3300 -0.0429
vn -0.8764 0.4807 -0.0291
vn -0.9683 0.2356 -0.0834
vn -0.9310 0.3542 -0.0879
vn -0.9070 0.4141 -0.0762
vn -0.8245 0.5659 0.0036
vn -0.9803 -0.1929 0.0417
vn -0.9909 0.1149 0.0696
vn -0.9684 0.2380 0.0747
vn -0.9322 0.3353 0.1366
vn -0.8127 0.5575 0.1693
vn -0.9509 -0.2969 0.0870
vn -0.9699 -0.2024 0.1353
vn -0.9751 0.0240 0.2206
vn -0.9387 0.1450 0.3128
vn -0.9277 0.1847 0.3245
vn -0.8164 0.4479 0.3646
vn -0.4790 0.4377 0.7609
vn -0.4461 0.4280 0.7860
vn -0.4577 0.4360 0.7749
vn -0.4816 0.3184 0.8165
vn -0.5063 0.4120 0.7576
vn -0.4747 0.4915 0.7301
vn -0.5285 0.0961 0.8435
vn -0.5157 0.2965 0.8038
vn -0.4521 0.4162 0.7889
vn -0.3327 0.5158 0.7895
vn -0.4952 -0.2007 0.8453
vn -0.4600 0.1405 0.8768
vn -0.3249 0.1993 0.9245
vn -0.2187 0.4234 0.8792
vn -0.1261 0.5036 0.8547
vn -0.3569 -0.4719 0.8062
vn -0.3216 -0.2089 0.9236
vn -0.1637 0.1169 0.9796
vn -0.1319 0.1309 0.9826
vn -0.0338 0.3807 0.9241
vn 0.1083 0.5296 0.8413
vn 0.5466 0.4953 0.6751
vn 0.6949 0.3788 0.6112
vn 0.6833 0.4072 0.6060
vn 0.6981 0.3806 0.6065
vn 0.6901 0.3393 0.6393
vn 0.6360 0.4001 0.6598
vn 0.6810 0.3740 0.6296
vn 0.6628 0.3993 0.6334
vn 0.6783 0.2991 0.6712
vn 0.6574 0.3908 0.6443
vn 0.7992 0.1554 0.5806
vn 0.7887 0.2304 0.5700
vn 0.7301 0.3211 0.6032
vn 0.7541 0.2411 0.6109
vn 0.7650 0.3653 0.5304
vn 0.8331 0.0473 0.5512
vn 0.8011 0.1310 0.5840
vn 0.7597 0.1826 0.6241
vn 0.7622 0.2924 0.5776
vn 0.8003 0.2917 0.5238
vn 0.8277 0.4485 0.3372
vn 0.0900 0.1658 -0.9820
vn 0.2698 0.0626 -0.9609
vn 0.1269 0.1239 -0.9842
vn 0.4549 -0.3524 -0.8178
vn 0.2209 -0.2118 -0.9520
vn 0.1772 -0.0893 -0.9801
vn 0.4734 -0.4533 -0.7552
vn 0.3934 -0.4523 -0.8004
vn 0.2223 -0.3433 -0.9125
vn 0.1578 -0.3258 -0.9322
vn 0.4435 -0.3338 -0.8318
vn 0.4607 -0.3306 -0.8237
vn 0.2925 -0.4632 -0.8366
vn 0.1653 -0.5190 -0.8386
vn 0.0975 -0.5007 -0.8601
vn 0.4213 -0.4359 -0.7953
vn 0.4484 -0.4002 -0.7992
vn 0.3364 -0.4661 -0.8183
vn 0.1709 -0.5061 -0.8454
vn 0.1495 -0.5249 -0.8379
vn -0.0159 -0.5216 -0.8531
vn -0.6946 0.2601 -0.6707
vn -0.6507 0.1749 -0.7389
vn -0.8173 0.1287 -0.5617
vn -0.6207 0.2393 -0.7467
vn -0.7307 0.2461 -0.6368
vn -0.8713 0.1611 -0.4635
vn -0.5917 0.1384 -0.7942
vn -0.6659 0.1370 -0.7334
vn -0.8561 0.1243 -0.5016
vn -0.9541 -0.0427 -0.2965
vn -0.4470 -0.2331 -0.8636
vn -0.6151 -0.2279 -0.7548
vn -0.7438 -0.3262 -0.5834
vn -0.8887 -0.3525 -0.2931
vn -0.9138 -0.3968 -0.0867
vn -0.2367 -0.5768 -0.7818
vn -0.4179 -0.5817 -0.6979
vn -0.5701 -0.6266 -0.5313
vn -0.6752 -0.6341 -0.3768
vn -0.8506 -0.5076 -0.1372
vn -0.8952 -0.4331 -0.1047
vn -0.7793 0.2773 0.5620
vn -0.8549 0.1794 0.4867
vn -0.7248 0.1926 0.6614
vn -0.8654 0.2350 0.4425
vn -0.7911 0.1001 0.6034
vn -0.6169 -0.0894 0.7820
vn -0.9602 -0.0352 0.2772
vn -0.8138 -0.0156 0.5810
vn -0.6657 -0.0211 0.7459
vn -0.5675 -0.1026 0.8169
vn -0.9398 -0.2695 0.2099
vn -0.8904 -0.2737 0.3638
vn -0.7464 -0.1688 0.6437
vn -0.5814 -0.0758 0.8101
vn -0.5161 -0.1694 0.8396
vn -0.9122 -0.3574 0.2003
vn -0.8893 -0.3913 0.2366
vn -0.7575 -0.4601 0.4631
vn -0.6035 -0.4821 0.6351
vn -0.4607 -0.3903 0.7971
vn -0.4079 -0.3849 0.8280
vn 0.3718 0.3575 0.8567
vn 0.3154 0.2032 0.9269
vn 0.4660 0.1523 0.8716
vn 0.1505 0.0233 0.9883
vn 0.4238 0.0512 0.9043
vn 0.5143 0.0430 0.8565
vn -0.0047 -0.2238 0.9746
vn 0.2721 -0.1577 0.9492
vn 0.4573 -0.0260 0.8889
vn 0.5228 0.0008 0.8524
vn -0.0333 -0.4150 0.9092
vn 0.0487 -0.3890 0.9200
vn 0.3081 -0.3007 0.9026
vn 0.4690 -0.1499 0.8704
vn 0.5428 -0.1366 0.8286
vn -0.1395 -0.5232 0.8407
vn -0.0388 -0.5248 0.8504
vn 0.1314 -0.5440 0.8287
vn 0.2778 -0.4780 0.8332
vn 0.4779 -0.3194 0.8183
vn 0.6054 -0.3084 0.7338
vn 0.8692 0.4860 -0.0915
vn 0.9755 0.1623 0.1484
vn 0.9550 0.2116 -0.2079
vn 0.9632 -0.0339 0.2667
vn 0.9967 -0.0806 -0.0078
vn 0.9568 0.0034 -0.2908
vn 0.9528 -0.0547 0.2987
vn 0.9804 -0.1637 0.1099
vn 0.9712 -0.1937 -0.1389
vn 0.9088 -0.1799 -0.3764
vn 0.8525 -0.4151 0.3176
vn 0.8658 -0.4614 0.1939
vn 0.8918 -0.4507 -0.0392
vn 0.8549 -0.4602 -0.2397
vn 0.8555 -0.3587 -0.3735
vn 0.7923 -0.5606 0.2409
vn 0.7437 -0.6338 0.2124
vn 0.7349 -0.6739 0.0758
vn 0.7256 -0.6794 -0.1096
vn 0.7789 -0.5811 -0.2357
vn 0.7448 -0.5331 -0.4014
vn 0.3889 -0.8123 -0.4347
vn 0.4134 -0.8132 -0.4096
vn 0.3607 -0.7595 -0.5414
vn 0.2840 -0.9017 -0.3259
vn 0.3050 -0.8353 -0.4575
vn 0.3200 -0.7386 -0.5934
vn 0.1960 -0.9226 -0.3322
vn 0.1644 -0.9229 -0.3483
vn 0.1749 -0.8768 -0.4479
vn 0.1585 -0.7067 -0.6895
vn 0.0543 -0.9736 -0.2219
vn 0.0723 -0.9415 -0.3291
vn 0.0745 -0.9335 -0.3508
vn 0.0386 -0.8703 -0.4910
vn 0.0103 -0.7050 -0.7091
vn -0.0129 -0.9952 -0.0973
vn -0.0291 -0.9731 -0.2284
vn -0.0015 -0.9584 -0.2855
vn -0.0391 -0.9151 -0.4014
vn -0.0821 -0.8329 -0.5473
vn -0.0816 -0.7205 -0.6886
vn -0.1411 -0.7413 -0.6562
vn -0.1111 -0.8821 -0.4577
vn -0.2633 -0.8046 -0.5322
vn -0.1137 -0.9185 -0.3788
vn -0.2168 -0.9097 -0.3541
vn -0.3881 -0.8488 -0.3590
vn -0.0884 -0.9639 -0.2512
vn -0.1975 -0.9438 -0.2649
vn -0.3279 -0.9062 -0.2671
vn -0.4471 -0.8450 -0.2935
vn -0.0699 -0.9808 -0.1818
vn -0.1853 -0.9734 -0.1345
vn -0.2757 -0.9548 -0.1115
vn -0.3727 -0.9146 -0.1566
vn -0.5806 -0.8017 -0.1423
vn -0.0513 -0.9968 -0.0611
vn -0.1675 -0.9827 -0.0795
vn -0.2894 -0.9558 -0.0510
vn -0.2879 -0.9574 -0.0206
vn -0.4768 -0.8783 -0.0355
vn -0.6855 -0.7277 -0.0238
vn -0.6271 -0.7765 0.0618
vn -0.4146 -0.9041 0.1032
vn -0.4904 -0.8585 0.1501
vn -0.3196 -0.9426 0.0971
vn -0.3530 -0.9172 0.1846
vn -0.3371 -0.8922 0.3006
vn -0.3056 -0.9439 0.1250
vn -0.2618 -0.9429 0.2057
vn -0.2901 -0.9043 0.3132
vn -0.3251 -0.8809 0.3441
vn -0.1588 -0.9790 0.1275
vn -0.2161 -0.9424 0.2552
vn -0.2059 -0.9368 0.2830
vn -0.2697 -0.9156 0.2981
vn -0.2896 -0.8569 0.4265
vn -0.0387 -0.9971 0.0648
vn -0.1352 -0.9697 0.2033
vn -0.2022 -0.9430 0.2644
vn -0.2169 -0.9403 0.2624
vn -0.2232 -0.8709 0.4378
vn -0.2120 -0.7822 0.5859
vn 0.4495 -0.8243 -0.3442
vn 0.5108 -0.8419 -0.1743
vn 0.4676 -0.8153 -0.3417
vn 0.5975 -0.7991 -0.0663
vn 0.5355 -0.8257 -0.1774
vn 0.3827 -0.8854 -0.2638
vn 0.5902 -0.8044 0.0681
vn 0.5537 -0.8326 0.0116
vn 0.4129 -0.9069 -0.0841
vn 0.2775 -0.9460 -0.1678
vn 0.5294 -0.8447 0.0787
vn 0.5261 -0.8388 0.1400
vn 0.4085 -0.9070 0.1019
vn 0.2771 -0.9608 -0.0019
vn 0.1430 -0.9890 -0.0389
vn 0.5441 -0.8178 0.1877
vn 0.5013 -0.8618 0.0780
vn 0.4261 -0.8988 0.1024
vn 0.2997 -0.9479 0.1081
vn 0.1550 -0.9873 0.0335
vn 0.0608 -0.9977 -0.0311
vn -0.1833 -0.7624 0.6207
vn -0.2048 -0.8245 0.5275
vn -0.1213 -0.7346 0.6675
vn -0.1934 -0.9166 0.3500
vn -0.1173 -0.8267 0.5503
vn 0.0198 -0.7048 0.7091
vn -0.1162 -0.9766 0.1812
vn -0.0734 -0.9584 0.2759
vn 0.0230 -0.8646 0.5019
vn 0.1870 -0.6714 0.7171
vn -0.0345 -0.9865 0.1602
vn -0.0294 -0.9905 0.1346
vn 0.0980 -0.9759 0.1952
vn 0.2816 -0.8858 0.3688
vn 0.4549 -0.7287 0.5119
vn -0.0475 -0.9943 0.0959
vn 0.0023 -0.9922 0.1250
vn 0.1338 -0.9838 0.1191
vn 0.2685 -0.9534 0.1375
vn 0.4907 -0.8204 0.2937
vn 0.5721 -0.7405 0.3527
vn -0.0874 -0.9962 0.0004
vn 0.6505 -0.6572 0.3808
vn -0.3375 -0.5311 0.7772
vn -0.8224 -0.5683 0.0260
vn -0.1311 -0.7012 -0.7008
vn 0.6485 -0.5545 -0.5215
vn 0.0840 0.2504 0.9645
vn -0.5273 0.5723 0.6280
vn -0.6970 0.5065 -0.5076
vn 0.2373 0.6897 -0.6842
vn 0.7983 0.5992 -0.0600
vn 0.0375 0.9982 0.0464
vn -0.3237 -0.6748 0.6632
vn -0.2628 -0.7124 0.6507
vn -0.2275 -0.7876 0.5727
vn -0.0934 -0.9581 0.2707
vn -0.0164 -0.9790 0.2032
vn -0.0258 -0.9814 0.1902
vn -0.0413 -0.9955 0.0853
vn -0.0032 -0.9946 0.1039
vn 0.0422 -0.9894 0.1387
vn 0.1240 -0.9811 0.1483
vn 0.2803 -0.9359 0.2132
vn 0.4318 -0.8535 0.2917
vn 0.5448 -0.7534 0.3683
vn 0.6570 -0.6221 0.4258
vn 0.6133 -0.6780 0.4050
vn 0.5107 -0.6545 0.5575
vn 0.3407 -0.6508 0.6785
vn 0.1769 -0.6458 0.7427
vn -0.0775 -0.5574 0.8266
vn -0.0602 -0.5460 0.8356
vn -0.2246 -0.5195 0.8244
vn 0.6878 -0.4743 -0.5495
vn 0.7561 -0.5104 -0.4097
vn 0.7600 -0.6246 -0.1798
vn 0.7024 -0.7068 0.0836
vn 0.6593 -0.7382 0.1427
vn 0.6299 -0.7109 0.3127
vn 0.6229 -0.6412 0.4483
vn -0.0480 -0.9986 -0.0226
vn 0.1120 -0.9810 -0.1587
vn 0.2174 -0.9606 -0.1730
vn 0.2379 -0.9530 -0.1877
vn 0.3511 -0.8933 -0.2807
vn 0.5702 -0.6715 -0.4732
vn 0.5821 -0.5871 -0.5626
vn -0.7887 -0.6147 -0.0130
vn -0.6107 -0.7919 0.0022
vn -0.4911 -0.8711 0.0089
vn -0.4803 -0.8763 -0.0382
vn -0.2701 -0.9608 -0.0624
vn -0.0571 -0.9982 -0.0159
vn 0.0112 -0.9998 -0.0143
vn -0.3620 -0.5896 0.7220
vn -0.3365 -0.6517 0.6797
vn -0.3428 -0.7552 0.5587
vn -0.4220 -0.8095 0.4082
vn -0.5832 -0.7657 0.2711
vn -0.7545 -0.6503 0.0881
vn -0.8188 -0.5722 0.0470
vn -0.0622 -0.7330 -0.6774
vn -0.0142 -0.7265 -0.6870
vn -0.0210 -0.8018 -0.5972
vn -0.0206 -0.9034 -0.4284
vn -0.0151 -0.9621 -0.2724
vn -0.0496 -0.9883 -0.1445
vn -0.0757 -0.9956 -0.0550
vn -0.7720 -0.6286 -0.0939
vn -0.7472 -0.6416 -0.1732
vn -0.7045 -0.6769 -0.2133
vn -0.6108 -0.7345 -0.2958
vn -0.3931 -0.7232 -0.5678
vn -0.2758 -0.7190 -0.6380
vn -0.1783 -0.6818 -0.7095
vn -0.0170 -0.7388 -0.6737
vn 0.1037 -0.7384 -0.6663
vn 0.1166 -0.7205 -0.6836
vn 0.0989 -0.6709 -0.7349
vn 0.1578 -0.6380 -0.7537
vn 0.3825 -0.6422 -0.6643
vn 0.5482 -0.6144 -0.5674
vn 0.8005 0.5987 0.0269
vn 0.8575 0.5052 0.0973
vn 0.9351 0.2959 0.1949
vn 0.9501 0.2159 0.2253
vn 0.8925 -0.2544 0.3724
vn 0.7369 -0.4986 0.4565
vn 0.6436 -0.6467 0.4092
vn 0.7566 -0.4194 -0.5017
vn 0.8194 -0.2055 -0.5352
vn 0.8430 -0.0134 -0.5378
vn 0.8670 0.1718 -0.4678
vn 0.9102 0.2485 -0.3314
vn 0.9456 0.2548 -0.2021
vn 0.8573 0.5096 -0.0740
vn 0.2548 0.4734 0.8432
vn 0.2648 0.5023 0.8231
vn 0.0505 0.3060 0.9507
vn -0.1822 0.1001 0.9781
vn -0.1934 -0.0217 0.9809
vn -0.1578 -0.0665 0.9852
vn -0.2523 -0.2751 0.9277
vn 0.6584 -0.6036 0.4496
vn 0.6688 -0.2112 0.7128
vn 0.5701 0.0733 0.8183
vn 0.5289 0.0808 0.8448
vn 0.3901 0.2597 0.8834
vn 0.1613 0.5022 0.8496
vn 0.0554 0.4279 0.9021
vn -0.5498 0.5570 0.6224
vn -0.6870 0.4815 0.5441
vn -0.8742 0.2803 0.3966
vn -0.9559 -0.1782 0.2334
vn -0.9496 -0.2921 0.1135
vn -0.8543 -0.5198 -0.0084
vn -0.8172 -0.5718 0.0725
vn -0.4037 -0.3456 0.8471
vn -0.3860 -0.2034 0.8998
vn -0.2735 -0.1100 0.9556
vn -0.2553 0.2801 0.9254
vn -0.3139 0.3521 0.8818
vn -0.4366 0.4453 0.7817
vn -0.5188 0.5412 0.6618
vn -0.7020 0.4188 -0.5760
vn -0.6162 0.3747 -0.6927
vn -0.5416 0.0972 -0.8350
vn -0.4915 -0.0548 -0.8692
vn -0.4837 -0.1625 -0.8600
vn -0.3748 -0.2620 -0.8893
vn -0.1914 -0.4833 -0.8543
vn -0.7683 -0.6395 0.0272
vn -0.8370 -0.5345 -0.1171
vn -0.9340 -0.1601 -0.3194
vn -0.9243 0.0134 -0.3814
vn -0.9224 0.0534 -0.3826
vn -0.8449 0.2325 -0.4816
vn -0.7096 0.4305 -0.5578
vn 0.3525 0.5162 -0.7806
vn 0.4302 0.3271 -0.8414
vn 0.5184 0.0991 -0.8494
vn 0.5773 -0.0947 -0.8110
vn 0.6210 -0.0369 -0.7830
vn 0.6779 -0.1955 -0.7087
vn 0.6675 -0.4762 -0.5724
vn -0.1300 -0.4847 -0.8650
vn -0.0034 -0.3515 -0.9362
vn 0.0625 -0.2462 -0.9672
vn 0.0132 -0.1713 -0.9851
vn 0.0349 0.1089 -0.9934
vn 0.0770 0.3621 -0.9290
vn 0.1617 0.4903 -0.8565
vn 0.7441 0.6567 0.1227
vn 0.7746 0.6082 0.1735
vn 0.7399 0.6395 0.2088
vn 0.5643 0.6753 0.4749
vn 0.4139 0.5520 0.7238
vn 0.4276 0.4738 0.7698
vn 0.1849 0.3449 0.9202
vn 0.2521 0.4329 0.8655
vn 0.0663 0.6381 0.7671
vn -0.2278 0.6073 0.7611
vn -0.1684 0.5582 0.8124
vn -0.1777 0.6097 0.7725
vn -0.4111 0.6636 0.6250
vn -0.5049 0.6314 0.5886
vn -0.5046 0.6375 0.5822
vn -0.5414 0.7327 0.4123
vn -0.6119 0.7824 0.1156
vn -0.5868 0.8060 -0.0775
vn -0.5353 0.8402 -0.0864
vn -0.5560 0.7894 -0.2603
vn -0.6312 0.6187 -0.4677
vn -0.5537 0.5982 -0.5793
vn -0.3264 0.6586 -0.6780
vn -0.1542 0.6066 -0.7799
vn -0.1364 0.6214 -0.7715
vn -0.0924 0.6751 -0.7319
vn -0.1427 0.6419 -0.7534
vn 0.1148 0.6299 -0.7682
vn 0.3444 0.7085 -0.6160
vn 0.4409 0.7038 -0.5570
vn 0.4706 0.7312 -0.4939
vn 0.4095 0.7930 -0.4510
vn 0.5239 0.7965 -0.3018
vn 0.6068 0.7630 -0.2228
vn 0.7040 0.7097 -0.0246
vn 0.0849 0.9958 0.0336
vn 0.1323 0.9687 0.2099
vn 0.1460 0.9103 0.3874
vn 0.0681 0.9050 0.4199
vn 0.0733 0.8617 0.5022
vn 0.1125 0.7142 0.6908
vn 0.0769 0.4423 0.8936
vn 0.6601 0.7489 -0.0586
vn 0.5210 0.8519 -0.0528
vn 0.4786 0.8760 -0.0595
vn 0.4678 0.8826 -0.0467
vn 0.3034 0.9524 0.0314
vn 0.2257 0.9690 0.1010
vn 0.1098 0.9883 0.1063
vn -0.0121 0.9998 0.0184
vn -0.0866 0.9888 0.1220
vn -0.2214 0.9240 0.3118
vn -0.3087 0.8789 0.3635
vn -0.3788 0.8419 0.3843
vn -0.4393 0.7607 0.4779
vn -0.4704 0.6694 0.5750
vn -0.0386 0.9992 0.0143
vn -0.1592 0.9847 -0.0705
vn -0.2433 0.9547 -0.1715
vn -0.2915 0.9167 -0.2734
vn -0.4397 0.8359 -0.3286
vn -0.4767 0.8342 -0.2772
vn -0.5113 0.7791 -0.3627
vn 0.0244 0.9997 0.0011
vn 0.0710 0.9818 -0.1761
vn 0.1301 0.9329 -0.3358
vn 0.1553 0.8771 -0.4546
vn 0.1415 0.8563 -0.4966
vn 0.2219 0.7518 -0.6209
vn 0.2864 0.6452 -0.7083
vn 0.1574 0.9875 -0.0000
vn 0.3046 0.9511 -0.0516
vn 0.2362 0.9498 -0.2051
vn 0.4317 0.8979 -0.0860
vn 0.3573 0.9074 -0.2212
vn 0.2766 0.9000 -0.3368
vn 0.5183 0.8464 -0.1225
vn 0.5141 0.8040 -0.2989
vn 0.4835 0.7921 -0.3726
vn 0.3290 0.8467 -0.4182
vn 0.4924 0.8561 -0.1567
vn 0.4764 0.8277 -0.2967
vn 0.5033 0.7702 -0.3919
vn 0.5119 0.7854 -0.3480
vn 0.3863 0.7642 -0.5165
vn 0.5488 0.8251 -0.1343
vn 0.4693 0.8547 -0.2218
vn 0.3926 0.8626 -0.3190
vn 0.4320 0.8240 -0.3667
vn 0.4962 0.7331 -0.4652
vn 0.3873 0.6534 -0.6504
vn -0.0370 0.9949 -0.0941
vn -0.0258 0.9555 -0.2940
vn -0.1643 0.9434 -0.2880
vn -0.0083 0.8879 -0.4600
vn -0.1362 0.8967 -0.4213
vn -0.1913 0.9143 -0.3569
vn 0.0079 0.8278 -0.5609
vn -0.0846 0.8305 -0.5506
vn -0.1612 0.8810 -0.4448
vn -0.2247 0.8925 -0.3912
vn -0.0401 0.7823 -0.6216
vn -0.0892 0.7361 -0.6709
vn -0.0689 0.7783 -0.6241
vn -0.1820 0.8429 -0.5064
vn -0.3445 0.8592 -0.3783
vn 0.0349 0.6918 -0.7212
vn -0.1476 0.7361 -0.6606
vn -0.0389 0.6911 -0.7217
vn -0.1426 0.6938 -0.7059
vn -0.2199 0.7270 -0.6505
vn -0.4394 0.7763 -0.4521
vn -0.1033 0.9943 -0.0261
vn -0.2630 0.9603 -0.0926
vn -0.2372 0.9713 0.0157
vn -0.3527 0.9344 -0.0496
vn -0.3520 0.9292 -0.1125
vn -0.3358 0.9240 0.1827
vn -0.4529 0.8836 -0.1190
vn -0.4354 0.8946 -0.1009
vn -0.4474 0.8942 -0.0146
vn -0.3909 0.8604 0.3268
vn -0.5001 0.8236 -0.2676
vn -0.4911 0.8665 -0.0895
vn -0.4766 0.8713 -0.1168
vn -0.4779 0.8648 0.1542
vn -0.4250 0.8282 0.3654
vn -0.4660 0.8467 -0.2568
vn -0.4980 0.8527 -0.1577
vn -0.5186 0.8482 -0.1075
vn -0.5330 0.8456 -0.0305
vn -0.4947 0.8151 0.3015
vn -0.4702 0.7498 0.4656
vn -0.0060 0.9874 0.1578
vn -0.1153 0.9346 0.3365
vn 0.0082 0.9264 0.3765
vn -0.1996 0.8972 0.3940
vn -0.0698 0.8930 0.4446
vn 0.0316 0.8718 0.4888
vn -0.2763 0.8588 0.4314
vn -0.1546 0.8456 0.5109
vn -0.0335 0.8378 0.5450
vn -0.0057 0.8807 0.4736
vn -0.3624 0.7639 0.5340
vn -0.2355 0.7512 0.6166
vn -0.1175 0.7281 0.6753
vn -0.1168 0.7700 0.6272
vn 0.0074 0.7541 0.6567
vn -0.4407 0.6874 0.5774
vn -0.2952 0.7330 0.6128
vn -0.1354 0.6992 0.7020
vn -0.1745 0.7175 0.6744
vn -0.0755 0.6982 0.7119
vn 0.0788 0.5593 0.8252
vn 0.1928 0.9774 0.0870
vn 0.2553 0.9418 0.2185
vn 0.2244 0.9622 0.1545
vn 0.1731 0.9464 0.2726
vn 0.1833 0.9630 0.1977
vn 0.3067 0.9502 0.0558
vn 0.1407 0.9052 0.4011
vn 0.2144 0.9400 0.2653
vn 0.3264 0.9304 0.1667
vn 0.4884 0.8712 -0.0499
vn 0.1884 0.8038 0.5643
vn 0.2793 0.8479 0.4507
vn 0.3774 0.8723 0.3109
vn 0.5014 0.8603 0.0920
vn 0.5196 0.8541 -0.0239
vn 0.2094 0.6758 0.7067
vn 0.3272 0.7166 0.6160
vn 0.4054 0.7733 0.4875
vn 0.5233 0.8055 0.2779
vn 0.6614 0.7457 0.0800
vn 0.6068 0.7918 0.0695
vn 0.8862 0.4354 -0.1584
vn 0.9192 0.1784 -0.3510
vn 0.7606 0.5281 -0.3776
vn 0.8849 0.1052 -0.4538
vn 0.8675 0.2050 -0.4533
vn 0.6844 0.5574 -0.4700
vn 0.8713 0.0642 -0.4865
vn 0.8772 0.1431 -0.4583
vn 0.7598 0.3162 -0.5680
vn 0.4936 0.6547 -0.5725
vn 0.8484 -0.0762 -0.5238
vn 0.8320 -0.0477 -0.5528
vn 0.7643 0.1368 -0.6302
vn 0.6077 0.4677 -0.6418
vn 0.4888 0.6598 -0.5707
vn 0.8041 -0.1909 -0.5630
vn 0.7427 -0.0775 -0.6651
vn 0.6714 -0.0975 -0.7346
vn 0.6145 0.0644 -0.7863
vn 0.5040 0.4396 -0.7435
vn 0.4500 0.5796 -0.6793
vn -0.0411 0.5080 -0.8604
vn -0.0563 0.4847 -0.8728
vn -0.1209 0.5812 -0.8048
vn -0.0409 0.1783 -0.9831
vn -0.0922 0.5106 -0.8549
vn -0.1281 0.6308 -0.7653
vn -0.0272 -0.0348 -0.9990
vn -0.1612 0.2777 -0.9470
vn -0.1941 0.5302 -0.8254
vn -0.1605 0.6051 -0.7798
vn -0.1189 -0.2592 -0.9585
vn -0.2492 0.0370 -0.9677
vn -0.3039 0.2472 -0.9201
vn -0.2515 0.4206 -0.8717
vn -0.2515 0.5749 -0.7786
vn -0.2034 -0.3766 -0.9038
vn -0.3382 -0.2193 -0.9152
vn -0.4460 -0.0280 -0.8946
vn -0.4382 0.1070 -0.8925
vn -0.4926 0.2946 -0.8189
vn -0.5416 0.4878 -0.6846
vn -0.7524 0.4217 -0.5060
vn -0.8911 0.0780 -0.4470
vn -0.7950 0.5141 -0.3221
vn -0.8986 -0.0084 -0.4387
vn -0.9385 0.2133 -0.2717
vn -0.7804 0.6236 -0.0465
vn -0.9378 -0.0838 -0.3369
vn -0.9864 0.0444 -0.1582
vn -0.9526 0.3024 0.0335
vn -0.8229 0.5670 0.0354
vn -0.9430 -0.3277 -0.0580
vn -0.9778 -0.1993 0.0641
vn -0.9878 0.0780 0.1348
vn -0.9456 0.2603 0.1953
vn -0.7987 0.4927 0.3454
vn -0.8131 -0.5684 0.1257
vn -0.9098 -0.3963 0.1230
vn -0.9679 -0.2173 0.1267
vn -0.9659 0.1121 0.2335
vn -0.8451 0.3341 0.4175
vn -0.6591 0.4915 0.5692
vn -0.5194 0.4354 0.7353
vn -0.3580 0.2001 0.9120
vn -0.3250 0.3282 0.8870
vn -0.2814 0.3219 0.9040
vn -0.2395 0.1502 0.9592
vn -0.1439 0.3297 0.9330
vn -0.3250 0.2520 0.9115
vn -0.2843 0.3735 0.8830
vn -0.2868 0.3400 0.8956
vn -0.3234 0.3867 0.8637
vn -0.3432 -0.0896 0.9350
vn -0.2659 0.2249 0.9374
vn -0.2925 0.3008 0.9077
vn -0.2930 0.3522 0.8889
vn -0.1444 0.4633 0.8743
vn -0.2990 -0.1248 0.9460
vn -0.1857 0.0243 0.9823
vn -0.1874 0.1139 0.9757
vn -0.2125 0.2091 0.9545
vn -0.0261 0.3431 0.9389
vn 0.2515 0.4588 0.8522
vn 0.3037 0.4414 0.8443
vn 0.3965 0.5081 0.7646
vn 0.4125 0.4993 0.7619
vn 0.5505 0.2085 0.8084
vn 0.4719 0.4192 0.7756
vn 0.4855 0.5233 0.7003
vn 0.5879 0.0960 0.8032
vn 0.6368 0.1900 0.7473
vn 0.7272 0.3521 0.5892
vn 0.7632 0.5351 0.3622
vn 0.6668 -0.0147 0.7451
vn 0.6771 0.1264 0.7250
vn 0.7570 0.3625 0.5437
vn 0.8164 0.4445 0.3686
vn 0.7745 0.5992 0.2028
vn 0.7299 -0.3800 0.5682
vn 0.7305 -0.2581 0.6323
vn 0.8455 0.1809 0.5024
vn 0.8406 0.4100 0.3540
vn 0.7971 0.5455 0.2589
vn 0.7524 0.6270 0.2020
vn 0.3035 0.2690 -0.9141
vn 0.3564 0.1130 -0.9275
vn 0.2289 0.0874 -0.9695
vn 0.4496 -0.0730 -0.8903
vn 0.2595 -0.1289 -0.9571
vn 0.1351 -0.2157 -0.9671
vn 0.4872 -0.1941 -0.8514
vn 0.2931 -0.3404 -0.8934
vn 0.1734 -0.3517 -0.9199
vn 0.0759 -0.3008 -0.9507
vn 0.4761 -0.2769 -0.8346
vn 0.2787 -0.4079 -0.8694
vn 0.1955 -0.4934 -0.8475
vn 0.1550 -0.4585 -0.8751
vn 0.0997 -0.3721 -0.9228
vn 0.5341 -0.5086 -0.6754
vn 0.3043 -0.5001 -0.8108
vn 0.1713 -0.5428 -0.8222
vn 0.1568 -0.6014 -0.7834
vn 0.1357 -0.5986 -0.7895
vn 0.0728 -0.5491 -0.8326
vn -0.7372 0.4402 -0.5126
vn -0.7270 0.1802 -0.6625
vn -0.8808 0.1204 -0.4580
vn -0.5923 -0.0726 -0.8024
vn -0.8377 -0.0700 -0.5417
vn -0.9155 0.0085 -0.4022
vn -0.5104 -0.1866 -0.8394
vn -0.7041 -0.1810 -0.6867
vn -0.8690 -0.1494 -0.4718
vn -0.9149 -0.1365 -0.3800
vn -0.5055 -0.2417 -0.8283
vn -0.5630 -0.3054 -0.7680
vn -0.7675 -0.3615 -0.5295
vn -0.8358 -0.4234 -0.3495
vn -0.8327 -0.4862 -0.2648
vn -0.3626 -0.5159 -0.7761
vn -0.4514 -0.4550 -0.7676
vn -0.6514 -0.4895 -0.5798
vn -0.7417 -0.6092 -0.2804
vn -0.7280 -0.6512 -0.2144
vn -0.7251 -0.6785 -0.1180
vn -0.5340 0.5776 0.6174
vn -0.7116 0.3211 0.6249
vn -0.5353 0.3423 0.7722
vn -0.8594 -0.1198 0.4971
vn -0.7270 0.0277 0.6860
vn -0.4871 0.2337 0.8415
vn -0.8866 -0.3200 0.3339
vn -0.8336 -0.2250 0.5044
vn -0.7069 -0.0641 0.7044
vn -0.3507 -0.0373 0.9357
vn -0.8640 -0.4751 0.1666
vn -0.8590 -0.3840 0.3386
vn -0.7543 -0.3754 0.5387
vn -0.4385 -0.4583 0.7731
vn -0.2257 -0.3734 0.8998
vn -0.8050 -0.5933 -0.0039
vn -0.7794 -0.6042 0.1658
vn -0.6600 -0.6651 0.3493
vn -0.4324 -0.7142 0.5504
vn -0.2952 -0.5868 0.7540
vn -0.3555 -0.4473 0.8207
vn 0.1079 0.5776 0.8091
vn 0.1222 0.5136 0.8493
vn 0.2111 0.4739 0.8549
vn 0.0630 0.1591 0.9852
vn 0.2034 0.1957 0.9593
vn 0.4054 0.1419 0.9030
vn -0.0669 -0.0589 0.9960
vn 0.0937 -0.1345 0.9865
vn 0.3392 -0.1441 0.9296
vn 0.4467 0.0076 0.8947
vn -0.1161 -0.1748 0.9777
vn 0.0116 -0.2226 0.9748
vn 0.2049 -0.1632 0.9651
vn 0.3608 -0.1676 0.9174
vn 0.4991 -0.1443 0.8545
vn -0.0982 -0.2777 0.9556
vn -0.0671 -0.3260 0.9430
vn 0.0668 -0.2997 0.9517
vn 0.3052 -0.3028 0.9029
vn 0.4322 -0.4402 0.7870
vn 0.5810 -0.5247 0.6222
vn 0.8908 0.4307 -0.1449
vn 0.9715 0.2312 -0.0519
vn 0.9358 0.2625 -0.2352
vn 0.9978 0.0654 -0.0062
vn 0.9945 0.0746 -0.0735
vn 0.9363 0.2089 -0.2824
vn 0.9795 -0.1792 0.0924
vn 0.9814 -0.1864 -0.0466
vn 0.9876 -0.1282 -0.0911
vn 0.9059 -0.0822 -0.4155
vn 0.7991 -0.5330 0.2781
vn 0.9045 -0.4263 0.0086
vn 0.9415 -0.3361 0.0226
vn 0.9077 -0.3333 -0.2551
vn 0.8512 -0.2764 -0.4462
vn 0.6784 -0.6187 0.3962
vn 0.7945 -0.5766 0.1904
vn 0.8651 -0.4947 0.0823
vn 0.8987 -0.4304 -0.0846
vn 0.8520 -0.3837 -0.3561
vn 0.7819 -0.3776 -0.4961
vn 0.5483 -0.5575 -0.6233
vn 0.3569 -0.7584 -0.5454
vn 0.2461 -0.6216 -0.7437
vn 0.1898 -0.9023 -0.3871
vn 0.1229 -0.7784 -0.6156
vn 0.0881 -0.6704 -0.7368
vn 0.1371 -0.9472 -0.2898
vn 0.0625 -0.8572 -0.5111
vn 0.0479 -0.7314 -0.6803
vn 0.0919 -0.6799 -0.7276
vn 0.0616 -0.9582 -0.2793
vn -0.0006 -0.9186 -0.3953
vn 0.0422 -0.8648 -0.5004
vn 0.0775 -0.7372 -0.6713
vn 0.0787 -0.7096 -0.7002
vn -0.0483 -0.9825 -0.1800
vn 0.0030 -0.9556 -0.2947
vn 0.0560 -0.9068 -0.4177
vn 0.0322 -0.8316 -0.5544
vn 0.0205 -0.7310 -0.6820
vn 0.0250 -0.7646 -0.6440
vn -0.1885 -0.7070 -0.6816
vn -0.2146 -0.8001 -0.5602
vn -0.2852 -0.8049 -0.5204
vn -0.2049 -0.8808 -0.4269
vn -0.3383 -0.8451 -0.4140
vn -0.3505 -0.8666 -0.3552
vn -0.1504 -0.9463 -0.2860
vn -0.3447 -0.8864 -0.3089
vn -0.3761 -0.8852 -0.2738
vn -0.5494 -0.8036 -0.2289
vn -0.0690 -0.9851 -0.1575
vn -0.2678 -0.9391 -0.2154
vn -0.3958 -0.8901 -0.2260
vn -0.4723 -0.8642 -0.1737
vn -0.6253 -0.7599 -0.1775
vn -0.0150 -0.9937 -0.1113
vn -0.1555 -0.9762 -0.1509
vn -0.3653 -0.9165 -0.1630
vn -0.4789 -0.8688 -0.1256
vn -0.5316 -0.8368 -0.1307
vn -0.7217 -0.6797 -0.1308
vn -0.6854 -0.7204 0.1059
vn -0.5373 -0.8363 0.1088
vn -0.5845 -0.7980 0.1470
vn -0.5353 -0.8426 0.0591
vn -0.5265 -0.8285 0.1909
vn -0.4872 -0.7823 0.3880
vn -0.3647 -0.9225 0.1263
vn -0.4024 -0.8823 0.2441
vn -0.4447 -0.7904 0.4212
vn -0.4132 -0.7699 0.4863
vn -0.1371 -0.9763 0.1672
vn -0.1982 -0.9503 0.2400
vn -0.3176 -0.8916 0.3227
vn -0.4270 -0.7366 0.5245
vn -0.3824 -0.7261 0.5715
vn -0.0008 -0.9946 0.1041
vn -0.0643 -0.9768 0.2041
vn -0.1430 -0.9640 0.2242
vn -0.2672 -0.8603 0.4341
vn -0.3473 -0.7011 0.6227
vn -0.3482 -0.6548 0.6709
vn 0.6017 -0.6361 -0.4831
vn 0.5841 -0.7838 -0.2109
vn 0.4998 -0.8304 -0.2463
vn 0.5298 -0.8475 0.0317
vn 0.4485 -0.8934 -0.0269
vn 0.3655 -0.9280 -0.0717
vn 0.5242 -0.8432 0.1195
vn 0.4981 -0.8666 0.0287
vn 0.4197 -0.9047 -0.0730
vn 0.3049 -0.9427 -0.1352
vn 0.5626 -0.8138 0.1455
vn 0.5805 -0.8087 0.0945
vn 0.4766 -0.8791 0.0116
vn 0.3467 -0.9358 -0.0640
vn 0.2212 -0.9677 -0.1211
vn 0.6288 -0.7036 0.3310
vn 0.5687 -0.7999 0.1916
vn 0.4595 -0.8777 0.1359
vn 0.3087 -0.9466 0.0935
vn 0.1481 -0.9866 0.0678
vn 0.0875 -0.9941 0.0640
vn -0.1884 -0.7137 0.6746
vn -0.1743 -0.7321 0.6585
vn -0.0880 -0.7092 0.6995
vn -0.0771 -0.8963 0.4368
vn -0.0058 -0.8073 0.5902
vn 0.0448 -0.7796 0.6247
vn -0.0239 -0.9787 0.2037
vn 0.0696 -0.9414 0.3300
vn 0.1540 -0.8731 0.4625
vn 0.2015 -0.8240 0.5296
vn -0.0400 -0.9794 0.1979
vn 0.0426 -0.9687 0.2446
vn 0.1333 -0.9326 0.3353
vn 0.2039 -0.8782 0.4326
vn 0.3932 -0.7667 0.5076
vn 0.0020 -0.9842 0.1772
vn 0.0244 -0.9862 0.1635
vn 0.0981 -0.9513 0.2921
vn 0.2310 -0.9084 0.3484
vn 0.4176 -0.8231 0.3850
vn 0.5481 -0.7189 0.4275
vt 0.114388 0.359162
vt 0.121390 0.369647
vt 0.106451 0.367783
vt 0.240904 0.104445
vt 0.250262 0.101136
vt 0.248195 0.113958
vt 0.102559 0.353996
vt 0.115212 0.347233
vt 0.127087 0.356899
vt 0.230757 0.407660
vt 0.242569 0.407444
vt 0.236843 0.414751
vt 0.038871 0.218738
vt 0.037869 0.206147
vt 0.046703 0.212338
vt 0.020289 0.320597
vt 0.020040 0.332387
vt 0.013342 0.325436
vt 0.526188 0.178691
vt 0.538137 0.174302
vt 0.533654 0.183833
vt 0.669764 0.514856
vt 0.667514 0.502641
vt 0.676753 0.508110
vt 0.222577 0.413041
vt 0.044751 0.227230
vt 0.018120 0.312401
vt 0.518802 0.186248
vt 0.676471 0.522587
vt 0.692688 0.918519
vt 0.685075 0.921172
vt 0.688127 0.911178
vt 0.463227 0.197895
vt 0.466207 0.186555
vt 0.471291 0.197162
vt 0.595741 0.228923
vt 0.607387 0.229607
vt 0.594990 0.236497
vt 0.156602 0.272995
vt 0.150839 0.261462
vt 0.160360 0.268040
vt 0.260561 0.296678
vt 0.249971 0.299955
vt 0.257578 0.289412
vt 0.225228 0.216432
vt 0.211620 0.213136
vt 0.219821 0.205125
vt 0.231129 0.229317
vt 0.216685 0.226000
vt 0.237520 0.243279
vt 0.222617 0.240559
vt 0.243649 0.256995
vt 0.229000 0.255429
vt 0.248748 0.268806
vt 0.234805 0.267755
vt 0.253908 0.280622
vt 0.240317 0.279575
vt 0.245431 0.290474
vt 0.202452 0.222303
vt 0.207177 0.236600
vt 0.191974 0.232722
vt 0.213079 0.251462
vt 0.196668 0.248293
vt 0.181528 0.243560
vt 0.219344 0.267808
vt 0.202464 0.264598
vt 0.186368 0.259529
vt 0.172269 0.253650
vt 0.225737 0.280197
vt 0.209563 0.277453
vt 0.192371 0.275442
vt 0.177159 0.269376
vt 0.165007 0.262056
vt 0.231655 0.291541
vt 0.216140 0.290154
vt 0.199816 0.287853
vt 0.184283 0.282639
vt 0.170018 0.276774
vt 0.236801 0.300266
vt 0.222368 0.300410
vt 0.206751 0.299435
vt 0.191858 0.293515
vt 0.177929 0.287571
vt 0.164670 0.282149
vt 0.209370 0.198673
vt 0.200305 0.207163
vt 0.189257 0.216470
vt 0.177305 0.227221
vt 0.167909 0.237719
vt 0.160464 0.247098
vt 0.153969 0.255550
vt 0.198002 0.192057
vt 0.187520 0.200430
vt 0.185494 0.184759
vt 0.174973 0.209804
vt 0.173268 0.192913
vt 0.170824 0.176013
vt 0.162957 0.220621
vt 0.163046 0.203221
vt 0.161225 0.186431
vt 0.159295 0.169955
vt 0.153303 0.231543
vt 0.151373 0.213699
vt 0.150840 0.196621
vt 0.151182 0.180956
vt 0.268137 0.007642
vt 0.268137 0.022307
vt 0.259635 0.018135
vt 0.147213 0.241111
vt 0.141909 0.224477
vt 0.140970 0.207121
vt 0.141160 0.190827
vt 0.141822 0.175849
vt 0.151813 0.166739
vt 0.144436 0.163367
vt 0.141516 0.249820
vt 0.137096 0.234116
vt 0.262122 0.384330
vt 0.262122 0.368821
vt 0.270372 0.375022
vt 0.133805 0.217604
vt 0.446896 0.057757
vt 0.446799 0.073978
vt 0.439020 0.068066
vt 0.439431 0.084507
vt 0.446896 0.089379
vt 0.133854 0.186004
vt 0.570542 0.237293
vt 0.583788 0.232785
vt 0.582336 0.241324
vt 0.221598 0.193483
vt 0.211032 0.186868
vt 0.198998 0.178713
vt 0.184645 0.168679
vt 0.171132 0.160766
vt 0.262426 0.033517
vt 0.151997 0.152843
vt 0.223447 0.182206
vt 0.212472 0.173005
vt 0.225485 0.169231
vt 0.199436 0.162437
vt 0.214212 0.158432
vt 0.227624 0.155786
vt 0.185803 0.153411
vt 0.201232 0.147768
vt 0.216350 0.146304
vt 0.229576 0.144094
vt 0.160563 0.156049
vt 0.174176 0.148215
vt 0.188276 0.140054
vt 0.203718 0.135369
vt 0.218463 0.134705
vt 0.231360 0.133671
vt 0.162825 0.142920
vt 0.176575 0.135063
vt 0.191609 0.129489
vt 0.479879 0.234586
vt 0.477130 0.221526
vt 0.487116 0.221070
vt 0.483138 0.207481
vt 0.473744 0.208125
vt 0.479814 0.195746
vt 0.606992 0.237654
vt 0.617495 0.229069
vt 0.619141 0.238016
vt 0.630254 0.229141
vt 0.166627 0.132215
vt 0.474163 0.257297
vt 0.472060 0.245133
vt 0.482094 0.246825
vt 0.470016 0.233336
vt 0.467798 0.221150
vt 0.657102 0.165062
vt 0.665875 0.174775
vt 0.657102 0.178386
vt 0.665158 0.187696
vt 0.465665 0.209613
vt 0.231480 0.203905
vt 0.234125 0.191190
vt 0.236104 0.179227
vt 0.239330 0.163801
vt 0.240888 0.152755
vt 0.242930 0.140381
vt 0.475048 0.184749
vt 0.244460 0.202995
vt 0.248336 0.189236
vt 0.257488 0.202510
vt 0.251180 0.175475
vt 0.261908 0.188782
vt 0.270295 0.202198
vt 0.253898 0.161472
vt 0.266516 0.173609
vt 0.276402 0.187954
vt 0.285129 0.201455
vt 0.254228 0.151731
vt 0.105746 0.241324
vt 0.097595 0.230800
vt 0.107255 0.225262
vt 0.097623 0.214891
vt 0.107065 0.208827
vt 0.097595 0.197898
vt 0.280255 0.173606
vt 0.290153 0.187638
vt 0.296900 0.201440
vt 0.244349 0.130266
vt 0.254956 0.142047
vt 0.483903 0.182515
vt 0.477430 0.170747
vt 0.486744 0.167998
vt 0.480847 0.155809
vt 0.267438 0.151311
vt 0.266832 0.162234
vt 0.281024 0.161396
vt 0.292507 0.174357
vt 0.298751 0.189098
vt 0.455834 0.024791
vt 0.449933 0.018432
vt 0.455834 0.011475
vt 0.469002 0.173217
vt 0.256122 0.131915
vt 0.267256 0.142256
vt 0.471593 0.159200
vt 0.474668 0.144000
vt 0.484565 0.139548
vt 0.477507 0.128646
vt 0.487116 0.124320
vt 0.478991 0.116475
vt 0.300012 0.177105
vt 0.455343 0.037675
vt 0.449686 0.030453
vt 0.444764 0.024217
vt 0.237805 0.216209
vt 0.251356 0.215963
vt 0.265371 0.215699
vt 0.281320 0.215412
vt 0.294300 0.215140
vt 0.448462 0.007264
vt 0.244343 0.229609
vt 0.258339 0.229798
vt 0.251406 0.244018
vt 0.274608 0.230352
vt 0.267217 0.245361
vt 0.258261 0.258689
vt 0.289188 0.230189
vt 0.282441 0.245651
vt 0.273608 0.259942
vt 0.262724 0.270473
vt 0.302433 0.214925
vt 0.299940 0.229330
vt 0.295090 0.244717
vt 0.286025 0.258624
vt 0.275329 0.269868
vt 0.267394 0.282115
vt 0.236356 0.367571
vt 0.239089 0.381257
vt 0.232841 0.379601
vt 0.232841 0.393268
vt 0.186308 0.471522
vt 0.194561 0.467074
vt 0.199437 0.475944
vt 0.208089 0.470753
vt 0.303288 0.242560
vt 0.298699 0.257814
vt 0.288915 0.270177
vt 0.279559 0.281392
vt 0.269158 0.289119
vt 0.284977 0.467588
vt 0.285942 0.475944
vt 0.277015 0.472918
vt 0.293755 0.461571
vt 0.295310 0.470442
vt 0.301252 0.454044
vt 0.304499 0.463533
vt 0.310380 0.446396
vt 0.314560 0.455957
vt 0.691972 0.539152
vt 0.701037 0.532419
vt 0.699950 0.546302
vt 0.684018 0.531473
vt 0.692707 0.524973
vt 0.684310 0.516540
vt 0.244185 0.307382
vt 0.305433 0.472550
vt 0.230004 0.309521
vt 0.049131 0.767551
vt 0.055862 0.759979
vt 0.055862 0.775364
vt 0.716440 0.545106
vt 0.718464 0.531343
vt 0.725552 0.537235
vt 0.727349 0.522363
vt 0.214088 0.308558
vt 0.709907 0.540625
vt 0.710586 0.524672
vt 0.719987 0.515810
vt 0.728114 0.506099
vt 0.197657 0.305462
vt 0.701850 0.517036
vt 0.711175 0.508264
vt 0.718127 0.498406
vt 0.725116 0.489418
vt 0.732909 0.496220
vt 0.731528 0.480976
vt 0.692991 0.509114
vt 0.700984 0.500033
vt 0.709284 0.491305
vt 0.716009 0.482770
vt 0.723992 0.474342
vt 0.730364 0.466570
vt 0.684456 0.501191
vt 0.692660 0.493045
vt 0.700768 0.484517
vt 0.708496 0.476102
vt 0.715509 0.468162
vt 0.722288 0.460543
vt 0.504603 0.987640
vt 0.498782 0.978964
vt 0.507227 0.978964
vt 0.146804 0.272636
vt 0.383442 0.222526
vt 0.384712 0.211606
vt 0.393268 0.219854
vt 0.373964 0.225682
vt 0.374956 0.214604
vt 0.693408 0.424322
vt 0.701679 0.416962
vt 0.702993 0.431724
vt 0.504118 0.205267
vt 0.513972 0.212712
vt 0.501103 0.215500
vt 0.511360 0.195228
vt 0.518796 0.201998
vt 0.525627 0.191820
vt 0.141130 0.259150
vt 0.375873 0.202740
vt 0.384573 0.199675
vt 0.373964 0.189961
vt 0.710580 0.427323
vt 0.709878 0.411766
vt 0.718577 0.422790
vt 0.516507 0.232078
vt 0.527823 0.239630
vt 0.513558 0.241324
vt 0.114774 0.192165
vt 0.109032 0.175442
vt 0.118427 0.181818
vt 0.116254 0.165123
vt 0.690661 0.411766
vt 0.522442 0.220804
vt 0.507351 0.223664
vt 0.532961 0.228955
vt 0.544345 0.236377
vt 0.107426 0.157597
vt 0.117100 0.148846
vt 0.529435 0.209581
vt 0.538743 0.217644
vt 0.549638 0.225933
vt 0.560905 0.232463
vt 0.108372 0.140483
vt 0.118427 0.133597
vt 0.535726 0.199118
vt 0.545061 0.206351
vt 0.555831 0.214085
vt 0.566432 0.221527
vt 0.575840 0.227691
vt 0.542243 0.189844
vt 0.551481 0.196308
vt 0.561441 0.203384
vt 0.571616 0.210701
vt 0.581791 0.218034
vt 0.465475 0.958924
vt 0.475944 0.960838
vt 0.465475 0.969764
vt 0.589452 0.223990
vt 0.837329 0.956837
vt 0.844633 0.951015
vt 0.844633 0.963060
vt 0.602565 0.221239
vt 0.609547 0.212522
vt 0.614202 0.220953
vt 0.616769 0.202966
vt 0.622036 0.211639
vt 0.621558 0.193330
vt 0.627640 0.201687
vt 0.626325 0.183801
vt 0.633251 0.191648
vt 0.629214 0.175260
vt 0.638887 0.181531
vt 0.631099 0.167719
vt 0.641295 0.172777
vt 0.625224 0.220229
vt 0.635219 0.210610
vt 0.637563 0.219543
vt 0.464202 0.255342
vt 0.639671 0.200281
vt 0.444945 0.259440
vt 0.453702 0.251863
vt 0.455579 0.264786
vt 0.462130 0.242106
vt 0.426269 0.260551
vt 0.434884 0.253180
vt 0.436710 0.264268
vt 0.443291 0.246728
vt 0.451934 0.238499
vt 0.460174 0.229597
vt 0.417271 0.253751
vt 0.424783 0.248601
vt 0.433301 0.241370
vt 0.441756 0.234219
vt 0.450409 0.224567
vt 0.458231 0.216707
vt 0.008897 0.316343
vt 0.005657 0.330993
vt 0.416521 0.241327
vt 0.424233 0.235240
vt 0.431803 0.229702
vt 0.440597 0.221338
vt 0.449091 0.211991
vt 0.456461 0.204641
vt 0.456853 0.191350
vt 0.449728 0.183926
vt 0.459456 0.178631
vt 0.441967 0.175718
vt 0.451736 0.169846
vt 0.433371 0.166696
vt 0.443538 0.160510
vt 0.622019 0.542412
vt 0.629457 0.533821
vt 0.630123 0.549869
vt 0.418926 0.150079
vt 0.427143 0.142132
vt 0.426274 0.158414
vt 0.054312 0.221703
vt 0.051278 0.236646
vt 0.462063 0.164038
vt 0.454147 0.154032
vt 0.464855 0.148433
vt 0.435650 0.151747
vt 0.445929 0.145020
vt 0.456718 0.138855
vt 0.467335 0.133547
vt 0.437738 0.135901
vt 0.448578 0.130493
vt 0.459170 0.125027
vt 0.469563 0.119716
vt 0.061192 0.230723
vt 0.062353 0.213305
vt 0.069334 0.221848
vt 0.069580 0.204409
vt 0.076545 0.212468
vt 0.078562 0.195804
vt 0.451127 0.115914
vt 0.461600 0.110865
vt 0.470859 0.110032
vt 0.210041 0.913907
vt 0.210041 0.929543
vt 0.204113 0.921652
vt 0.446715 0.040221
vt 0.055451 0.205186
vt 0.063314 0.196879
vt 0.746438 0.491585
vt 0.746350 0.478618
vt 0.755254 0.483781
vt 0.755254 0.471996
vt 0.069655 0.188432
vt 0.076909 0.180097
vt 0.085512 0.186917
vt 0.084982 0.171499
vt 0.463672 0.099733
vt 0.472379 0.099843
vt 0.479317 0.108227
vt 0.218979 0.383134
vt 0.213285 0.388805
vt 0.213285 0.376356
vt 0.692688 0.927309
vt 0.181768 0.448566
vt 0.188449 0.457617
vt 0.177227 0.454375
vt 0.188800 0.441589
vt 0.194922 0.451213
vt 0.195314 0.434334
vt 0.201617 0.444384
vt 0.204483 0.426697
vt 0.210708 0.436456
vt 0.213558 0.419412
vt 0.219540 0.428662
vt 0.228513 0.421259
vt 0.182282 0.463647
vt 0.201654 0.460739
vt 0.208849 0.454303
vt 0.215606 0.464890
vt 0.223133 0.474095
vt 0.217282 0.446782
vt 0.224488 0.457160
vt 0.231867 0.466996
vt 0.238893 0.474580
vt 0.226335 0.438727
vt 0.233582 0.449078
vt 0.240933 0.459372
vt 0.247698 0.467962
vt 0.299150 0.269041
vt 0.289545 0.281619
vt 0.235318 0.430782
vt 0.242470 0.440715
vt 0.249334 0.450336
vt 0.256021 0.459704
vt 0.261298 0.467155
vt 0.253471 0.474846
vt 0.265843 0.473579
vt 0.243453 0.423562
vt 0.249845 0.432736
vt 0.257103 0.442179
vt 0.263547 0.451387
vt 0.269559 0.460164
vt 0.496054 0.640094
vt 0.489032 0.645764
vt 0.489032 0.633260
vt 0.273438 0.466864
vt 0.158104 0.283235
vt 0.715173 0.452354
vt 0.707416 0.460620
vt 0.700278 0.468360
vt 0.691843 0.477349
vt 0.682995 0.486625
vt 0.674755 0.495176
vt 0.721168 0.445839
vt 0.712055 0.439169
vt 0.705191 0.445972
vt 0.698053 0.452850
vt 0.695861 0.437741
vt 0.690340 0.460030
vt 0.688035 0.444069
vt 0.685734 0.429369
vt 0.683599 0.415079
vt 0.681193 0.470003
vt 0.679130 0.452953
vt 0.677032 0.436461
vt 0.675063 0.422328
vt 0.498138 0.196846
vt 0.672554 0.479898
vt 0.670143 0.462812
vt 0.668159 0.446605
vt 0.666478 0.431977
vt 0.494203 0.188662
vt 0.507794 0.187639
vt 0.594260 0.267216
vt 0.585790 0.259056
vt 0.594371 0.254845
vt 0.665031 0.488856
vt 0.662213 0.473301
vt 0.013351 0.067034
vt 0.015390 0.049999
vt 0.022434 0.060139
vt 0.024579 0.042089
vt 0.015597 0.033165
vt 0.024544 0.024443
vt 0.016565 0.017228
vt 0.021190 0.008535
vt 0.594371 0.279433
vt 0.586898 0.271493
vt 0.579323 0.263758
vt 0.595971 0.215164
vt 0.587714 0.208078
vt 0.577670 0.200396
vt 0.566944 0.192902
vt 0.556624 0.186402
vt 0.546887 0.179772
vt 0.602246 0.205486
vt 0.593438 0.197793
vt 0.607864 0.195511
vt 0.583461 0.189776
vt 0.599575 0.187147
vt 0.612767 0.185727
vt 0.572827 0.181715
vt 0.589395 0.178905
vt 0.604702 0.176998
vt 0.617201 0.176314
vt 0.561886 0.175306
vt 0.577908 0.172296
vt 0.593663 0.169886
vt 0.510240 0.460303
vt 0.509656 0.444526
vt 0.518399 0.453035
vt 0.518399 0.437587
vt 0.512959 0.430575
vt 0.619316 0.168653
vt 0.552112 0.170657
vt 0.089039 0.271838
vt 0.074825 0.276979
vt 0.077792 0.266736
vt 0.062960 0.273771
vt 0.060548 0.283587
vt 0.582387 0.164047
vt 0.047807 0.292479
vt 0.048822 0.282240
vt 0.612247 0.312827
vt 0.604718 0.309665
vt 0.612247 0.300359
vt 0.604822 0.297657
vt 0.610618 0.287197
vt 0.038317 0.303283
vt 0.029903 0.312913
vt 0.027989 0.303619
vt 0.449219 0.198796
vt 0.440529 0.207067
vt 0.431691 0.214800
vt 0.422889 0.222275
vt 0.415564 0.227832
vt 0.012486 0.338210
vt 0.441159 0.191132
vt 0.431275 0.199442
vt 0.432389 0.182615
vt 0.421630 0.207494
vt 0.422387 0.190254
vt 0.423215 0.173342
vt 0.622019 0.558620
vt 0.414242 0.213584
vt 0.412679 0.198051
vt 0.413380 0.180759
vt 0.415824 0.164307
vt 0.006325 0.345249
vt 0.409441 0.232156
vt 0.407141 0.219448
vt 0.406184 0.204250
vt 0.006324 0.360584
vt 0.012879 0.368093
vt 0.006048 0.377412
vt 0.014827 0.384678
vt 0.034606 0.276697
vt 0.028653 0.266638
vt 0.041395 0.264971
vt 0.035163 0.254580
vt 0.046961 0.250708
vt 0.040280 0.239839
vt 0.018700 0.345187
vt 0.011205 0.352403
vt 0.019744 0.359675
vt 0.020732 0.375276
vt 0.016531 0.266061
vt 0.022930 0.254614
vt 0.028960 0.242232
vt 0.034510 0.230650
vt 0.216683 0.397737
vt 0.158133 0.444475
vt 0.170448 0.446452
vt 0.166150 0.452525
vt 0.077416 0.163538
vt 0.068786 0.172722
vt 0.062562 0.181018
vt 0.054981 0.189882
vt 0.045939 0.198393
vt 0.163618 0.437350
vt 0.175444 0.439639
vt 0.068073 0.155779
vt 0.074843 0.147640
vt 0.065775 0.139259
vt 0.182786 0.432016
vt 0.060331 0.164712
vt 0.060132 0.145717
vt 0.470555 0.049118
vt 0.473709 0.058456
vt 0.461290 0.056569
vt 0.461804 0.068200
vt 0.055559 0.131684
vt 0.062687 0.123798
vt 0.051964 0.117757
vt 0.052438 0.173733
vt 0.050564 0.156795
vt 0.048250 0.139719
vt 0.472584 0.071758
vt 0.461290 0.080441
vt 0.044541 0.126072
vt 0.041399 0.112616
vt 0.043913 0.182931
vt 0.041659 0.167111
vt 0.039720 0.150166
vt 0.036547 0.136228
vt 0.034047 0.120947
vt 0.210419 0.409717
vt 0.035953 0.191508
vt 0.033805 0.176195
vt 0.031450 0.160713
vt 0.028959 0.145734
vt 0.026415 0.132202
vt 0.024010 0.119486
vt 0.031049 0.110183
vt 0.021732 0.109197
vt 0.282142 0.461113
vt 0.277957 0.453153
vt 0.270779 0.443398
vt 0.264589 0.433851
vt 0.256637 0.424344
vt 0.249663 0.415197
vt 0.204550 0.945134
vt 0.210041 0.952042
vt 0.204550 0.958591
vt 0.290057 0.453675
vt 0.286661 0.445094
vt 0.099490 0.007407
vt 0.088190 0.014816
vt 0.087289 0.006037
vt 0.297901 0.445555
vt 0.279482 0.434979
vt 0.109038 0.013461
vt 0.098214 0.019666
vt 0.087863 0.025622
vt 0.303945 0.436839
vt 0.316179 0.437768
vt 0.271643 0.424956
vt 0.285754 0.425956
vt 0.108403 0.024892
vt 0.097663 0.030792
vt 0.087289 0.036549
vt 0.309447 0.428241
vt 0.681815 0.542290
vt 0.263545 0.415533
vt 0.277564 0.416276
vt 0.116193 0.031980
vt 0.105907 0.037325
vt 0.717268 0.926338
vt 0.708607 0.917625
vt 0.717268 0.913929
vt 0.096019 0.042455
vt 0.078207 0.967529
vt 0.069336 0.959448
vt 0.078207 0.955691
vt 0.674053 0.534669
vt 0.255798 0.406906
vt 0.268231 0.408109
vt 0.106705 0.930001
vt 0.113958 0.937940
vt 0.106705 0.945184
vt 0.283094 0.407969
vt 0.290134 0.417546
vt 0.366454 0.974233
vt 0.356180 0.968417
vt 0.366454 0.963592
vt 0.708585 0.929543
vt 0.661752 0.547447
vt 0.664603 0.535824
vt 0.671669 0.545145
vt 0.667163 0.525331
vt 0.661560 0.513154
vt 0.652680 0.510886
vt 0.658458 0.500147
vt 0.643016 0.508308
vt 0.649566 0.496760
vt 0.168242 0.349072
vt 0.170340 0.334999
vt 0.180134 0.346697
vt 0.154383 0.351745
vt 0.157038 0.337587
vt 0.141160 0.354307
vt 0.142160 0.340917
vt 0.128702 0.343786
vt 0.188956 0.344841
vt 0.180103 0.333591
vt 0.190949 0.331693
vt 0.183527 0.318733
vt 0.655083 0.485091
vt 0.639307 0.493344
vt 0.645645 0.481132
vt 0.171386 0.320647
vt 0.170974 0.307005
vt 0.182110 0.306000
vt 0.881164 0.956357
vt 0.883548 0.943199
vt 0.891557 0.956357
vt 0.157809 0.323286
vt 0.159025 0.308159
vt 0.261434 0.323964
vt 0.251721 0.333485
vt 0.251794 0.318671
vt 0.006933 0.057878
vt 0.006933 0.040034
vt 0.144039 0.326069
vt 0.144623 0.311429
vt 0.143883 0.298447
vt 0.261279 0.339373
vt 0.252307 0.348590
vt 0.009049 0.023381
vt 0.118926 0.950676
vt 0.127365 0.942508
vt 0.127365 0.956357
vt 0.129179 0.330241
vt 0.130267 0.315100
vt 0.129834 0.302271
vt 0.129840 0.288673
vt 0.261434 0.354393
vt 0.252336 0.361986
vt 0.321072 0.931778
vt 0.321072 0.915863
vt 0.328468 0.925481
vt 0.585028 0.281544
vt 0.115870 0.333701
vt 0.116319 0.319333
vt 0.116272 0.306284
vt 0.116196 0.293541
vt 0.115908 0.282550
vt 0.128466 0.279802
vt 0.115455 0.273664
vt 0.577559 0.273179
vt 0.102559 0.267671
vt 0.114910 0.266792
vt 0.102409 0.276082
vt 0.102263 0.285837
vt 0.102225 0.298798
vt 0.102145 0.311402
vt 0.102221 0.326215
vt 0.102383 0.340816
vt 0.088399 0.281720
vt 0.087668 0.292247
vt 0.073411 0.286904
vt 0.087187 0.304637
vt 0.073017 0.299879
vt 0.058745 0.294336
vt 0.087346 0.319159
vt 0.072373 0.312838
vt 0.059131 0.308513
vt 0.046419 0.304159
vt 0.087919 0.334005
vt 0.074100 0.328614
vt 0.060034 0.322866
vt 0.048815 0.319103
vt 0.038458 0.315576
vt 0.088951 0.348239
vt 0.075374 0.342668
vt 0.062081 0.337247
vt 0.048659 0.331756
vt 0.040031 0.328476
vt 0.030781 0.324834
vt 0.029094 0.336483
vt 0.039120 0.340996
vt 0.050461 0.346022
vt 0.064902 0.351832
vt 0.078697 0.357512
vt 0.093233 0.363003
vt 0.028337 0.350173
vt 0.039159 0.355664
vt 0.029511 0.365588
vt 0.053013 0.361575
vt 0.041567 0.371916
vt 0.031180 0.382225
vt 0.011122 0.254463
vt 0.067941 0.367421
vt 0.056187 0.378077
vt 0.046400 0.388130
vt 0.006064 0.238680
vt 0.018040 0.241050
vt 0.082716 0.373036
vt 0.072689 0.382994
vt 0.062002 0.393512
vt 0.052794 0.402849
vt 0.038897 0.396793
vt 0.044763 0.411126
vt 0.024418 0.229543
vt 0.097212 0.377895
vt 0.087430 0.387961
vt 0.078110 0.397175
vt 0.068038 0.407423
vt 0.059166 0.416106
vt 0.019640 0.214821
vt 0.030032 0.217178
vt 0.681155 0.363991
vt 0.688219 0.373736
vt 0.680892 0.377141
vt 0.654960 0.536020
vt 0.194563 0.395115
vt 0.189507 0.384195
vt 0.198056 0.380572
vt 0.272014 0.400288
vt 0.258673 0.399204
vt 0.244699 0.400011
vt 0.688219 0.386565
vt 0.658692 0.523523
vt 0.649063 0.521977
vt 0.194748 0.369816
vt 0.184403 0.372817
vt 0.187117 0.358203
vt 0.645360 0.533813
vt 0.637934 0.520453
vt 0.179189 0.360867
vt 0.182609 0.398031
vt 0.176958 0.386947
vt 0.172204 0.375737
vt 0.165213 0.363541
vt 0.176796 0.412263
vt 0.170260 0.400916
vt 0.163100 0.389138
vt 0.157863 0.378129
vt 0.149711 0.365923
vt 0.179913 0.420687
vt 0.167257 0.422717
vt 0.163290 0.414234
vt 0.156422 0.402743
vt 0.148863 0.390740
vt 0.142603 0.379710
vt 0.134793 0.367933
vt 0.014673 0.105756
vt 0.014198 0.117976
vt 0.006115 0.112201
vt 0.005794 0.124652
vt 0.153833 0.423495
vt 0.148246 0.413838
vt 0.141601 0.402777
vt 0.135526 0.392377
vt 0.128098 0.380537
vt 0.028077 0.203078
vt 0.008465 0.211056
vt 0.017088 0.199224
vt 0.084246 0.410238
vt 0.094042 0.400452
vt 0.103827 0.390964
vt 0.113142 0.379507
vt 0.025724 0.187369
vt 0.005686 0.195123
vt 0.014469 0.183087
vt 0.023176 0.171739
vt 0.101145 0.411548
vt 0.091306 0.421956
vt 0.108151 0.424404
vt 0.011846 0.166661
vt 0.020703 0.155857
vt 0.502032 0.167586
vt 0.502032 0.152494
vt 0.513930 0.163882
vt 0.513888 0.148965
vt 0.502251 0.137757
vt 0.117734 0.413326
vt 0.125086 0.426364
vt 0.009279 0.150317
vt 0.018259 0.140669
vt 0.120359 0.391909
vt 0.110888 0.402434
vt 0.127444 0.403828
vt 0.134287 0.415239
vt 0.140791 0.426018
vt 0.007204 0.135885
vt 0.016100 0.128504
vt 0.250210 0.088614
vt 0.240904 0.092171
vt 0.242879 0.078262
vt 0.550936 0.528181
vt 0.555038 0.520301
vt 0.560184 0.529769
vt 0.061173 0.908714
vt 0.066623 0.909968
vt 0.061284 0.917890
vt 0.552607 0.537989
vt 0.542667 0.532801
vt 0.544401 0.521643
vt 0.055598 0.913206
vt 0.075108 0.824306
vt 0.066201 0.823615
vt 0.071245 0.818474
vt 0.565277 0.604200
vt 0.573219 0.599069
vt 0.571219 0.605414
vt 0.257442 0.835108
vt 0.249082 0.838757
vt 0.252340 0.832198
vt 0.156399 0.913009
vt 0.147057 0.914196
vt 0.151433 0.907656
vt 0.057282 0.902353
vt 0.082153 0.821001
vt 0.179357 0.855805
vt 0.173598 0.852050
vt 0.180731 0.850335
vt 0.262358 0.829386
vt 0.162861 0.908341
vt 0.992108 0.634592
vt 0.987134 0.634592
vt 0.990511 0.628361
vt 0.742622 0.380348
vt 0.743850 0.389144
vt 0.737290 0.382817
vt 0.204727 0.803666
vt 0.196805 0.804123
vt 0.204728 0.798216
vt 0.137128 0.709199
vt 0.129156 0.704245
vt 0.138556 0.704353
vt 0.216607 0.693978
vt 0.209087 0.698470
vt 0.213325 0.690578
vt 0.169566 0.649385
vt 0.159170 0.651281
vt 0.162783 0.643107
vt 0.177069 0.656258
vt 0.166313 0.658381
vt 0.184886 0.663539
vt 0.174020 0.665946
vt 0.192714 0.670893
vt 0.181869 0.673447
vt 0.200179 0.677972
vt 0.190591 0.682044
vt 0.206632 0.684189
vt 0.197454 0.688193
vt 0.204531 0.694730
vt 0.155161 0.660566
vt 0.162585 0.668538
vt 0.150969 0.670620
vt 0.170747 0.677476
vt 0.158595 0.679167
vt 0.147227 0.680282
vt 0.178974 0.684989
vt 0.166812 0.687105
vt 0.155058 0.688094
vt 0.144161 0.688783
vt 0.187107 0.692521
vt 0.175053 0.694850
vt 0.162924 0.697355
vt 0.151598 0.696897
vt 0.140897 0.697495
vt 0.194520 0.698898
vt 0.183812 0.704251
vt 0.171286 0.705996
vt 0.159197 0.706173
vt 0.147898 0.706488
vt 0.199941 0.702453
vt 0.190660 0.708338
vt 0.179440 0.712711
vt 0.167306 0.713732
vt 0.155649 0.714498
vt 0.145676 0.711703
vt 0.153407 0.641759
vt 0.149084 0.650647
vt 0.144595 0.660408
vt 0.140464 0.670440
vt 0.136711 0.680261
vt 0.133667 0.689216
vt 0.130572 0.698020
vt 0.142826 0.640440
vt 0.138419 0.649921
vt 0.131704 0.639256
vt 0.133580 0.659988
vt 0.126628 0.649125
vt 0.121152 0.638380
vt 0.129290 0.670281
vt 0.122738 0.659339
vt 0.115962 0.648336
vt 0.111848 0.637820
vt 0.125071 0.680679
vt 0.119072 0.669439
vt 0.112275 0.658569
vt 0.106696 0.647606
vt 0.105166 0.637753
vt 0.122134 0.690019
vt 0.115913 0.679157
vt 0.108565 0.668717
vt 0.104144 0.657523
vt 0.223930 0.789482
vt 0.213439 0.793692
vt 0.214254 0.786828
vt 0.204748 0.792004
vt 0.122028 0.696152
vt 0.975082 0.851336
vt 0.975082 0.841776
vt 0.980936 0.845709
vt 0.113906 0.687832
vt 0.107841 0.677412
vt 0.244203 0.788948
vt 0.233129 0.792574
vt 0.235343 0.785339
vt 0.222595 0.796247
vt 0.212926 0.799936
vt 0.160852 0.634440
vt 0.151106 0.632621
vt 0.139735 0.630421
vt 0.128268 0.628909
vt 0.116842 0.627697
vt 0.110463 0.628568
vt 0.196227 0.798327
vt 0.158600 0.624432
vt 0.148142 0.622051
vt 0.156191 0.613556
vt 0.136157 0.619233
vt 0.144892 0.610242
vt 0.153719 0.602220
vt 0.123787 0.617119
vt 0.133130 0.607970
vt 0.142893 0.600415
vt 0.718318 0.380985
vt 0.724815 0.388974
vt 0.717804 0.392656
vt 0.136877 0.006124
vt 0.139734 0.016856
vt 0.132735 0.014426
vt 0.136399 0.025331
vt 0.116060 0.618430
vt 0.122258 0.607254
vt 0.132342 0.599633
vt 0.719571 0.369269
vt 0.725283 0.377760
vt 0.731293 0.385679
vt 0.103436 0.628812
vt 0.109942 0.619956
vt 0.143007 0.026911
vt 0.139741 0.035846
vt 0.132735 0.034671
vt 0.136972 0.044690
vt 0.121880 0.598951
vt 0.720885 0.357620
vt 0.726694 0.366780
vt 0.732288 0.375302
vt 0.189421 0.805104
vt 0.188618 0.799357
vt 0.180150 0.805812
vt 0.198869 0.580964
vt 0.193087 0.573983
vt 0.198183 0.569287
vt 0.193267 0.562292
vt 0.198869 0.556804
vt 0.723760 0.348306
vt 0.728127 0.356050
vt 0.733873 0.365588
vt 0.738190 0.373015
vt 0.170655 0.638848
vt 0.169088 0.629140
vt 0.167284 0.618197
vt 0.165266 0.607428
vt 0.725252 0.400221
vt 0.731718 0.396190
vt 0.737855 0.392453
vt 0.179503 0.634192
vt 0.178591 0.623303
vt 0.189200 0.629189
vt 0.177177 0.611663
vt 0.189117 0.617216
vt 0.199378 0.624093
vt 0.163212 0.597462
vt 0.175123 0.601261
vt 0.187705 0.605659
vt 0.198923 0.612690
vt 0.208070 0.620233
vt 0.732706 0.407970
vt 0.172861 0.592370
vt 0.185047 0.596599
vt 0.197275 0.601882
vt 0.206900 0.609975
vt 0.214307 0.617968
vt 0.739440 0.403076
vt 0.740835 0.414842
vt 0.734424 0.420108
vt 0.743036 0.425460
vt 0.736506 0.432094
vt 0.745217 0.435539
vt 0.739502 0.440793
vt 0.747470 0.443629
vt 0.212358 0.609143
vt 0.219496 0.616182
vt 0.745130 0.398973
vt 0.746761 0.409590
vt 0.748574 0.420647
vt 0.750586 0.430224
vt 0.752503 0.440057
vt 0.203615 0.601974
vt 0.210365 0.600411
vt 0.218138 0.607506
vt 0.980936 0.125131
vt 0.977190 0.119967
vt 0.980936 0.115723
vt 0.178412 0.645335
vt 0.188219 0.640827
vt 0.198419 0.636122
vt 0.207955 0.631702
vt 0.216968 0.627517
vt 0.222521 0.624897
vt 0.187033 0.652575
vt 0.197825 0.648267
vt 0.195163 0.660154
vt 0.208367 0.643673
vt 0.205958 0.656182
vt 0.203816 0.668029
vt 0.217746 0.639217
vt 0.217032 0.651817
vt 0.215054 0.664297
vt 0.210335 0.674821
vt 0.225651 0.635171
vt 0.226013 0.647306
vt 0.225574 0.659956
vt 0.220656 0.671206
vt 0.216748 0.681357
vt 0.226759 0.622885
vt 0.229758 0.632306
vt 0.385544 0.703762
vt 0.386031 0.693258
vt 0.391034 0.698557
vt 0.231969 0.643216
vt 0.231336 0.655107
vt 0.012907 0.902348
vt 0.012129 0.914170
vt 0.006338 0.908324
vt 0.006906 0.920423
vt 0.228163 0.666512
vt 0.224737 0.677002
vt 0.221445 0.686635
vt 0.215240 0.700158
vt 0.214503 0.708112
vt 0.206692 0.704712
vt 0.185645 0.886430
vt 0.180597 0.879522
vt 0.189981 0.881401
vt 0.181069 0.891680
vt 0.175897 0.884738
vt 0.175187 0.897398
vt 0.170861 0.890244
vt 0.169137 0.903010
vt 0.164292 0.896462
vt 0.157804 0.902353
vt 0.204884 0.713046
vt 0.197620 0.710505
vt 0.169709 0.877967
vt 0.193812 0.717268
vt 0.163204 0.871323
vt 0.173790 0.873574
vt 0.186768 0.715583
vt 0.164709 0.883242
vt 0.157972 0.876529
vt 0.150955 0.870609
vt 0.156323 0.865416
vt 0.144156 0.865488
vt 0.158842 0.889294
vt 0.152327 0.882274
vt 0.145469 0.875721
vt 0.374462 0.955176
vt 0.379861 0.948528
vt 0.379861 0.960826
vt 0.138697 0.870480
vt 0.132451 0.865695
vt 0.152131 0.895969
vt 0.146414 0.888472
vt 0.139690 0.881374
vt 0.133053 0.875799
vt 0.273453 0.621240
vt 0.279310 0.614313
vt 0.279310 0.625654
vt 0.127287 0.871810
vt 0.122164 0.868094
vt 0.146144 0.901889
vt 0.140475 0.895205
vt 0.134066 0.888553
vt 0.127796 0.882540
vt 0.121996 0.877196
vt 0.274651 0.610101
vt 0.117089 0.873021
vt 0.150999 0.717268
vt 0.140981 0.715694
vt 0.107109 0.874381
vt 0.105306 0.869444
vt 0.113340 0.870221
vt 0.101204 0.880012
vt 0.098409 0.874263
vt 0.094764 0.886052
vt 0.091921 0.880438
vt 0.277039 0.807111
vt 0.269314 0.802175
vt 0.277955 0.799934
vt 0.271539 0.815207
vt 0.265565 0.810331
vt 0.267073 0.822637
vt 0.261882 0.818325
vt 0.257197 0.825803
vt 0.122719 0.704267
vt 0.271438 0.794746
vt 0.263745 0.789874
vt 0.273168 0.787920
vt 0.114629 0.695907
vt 0.262053 0.796785
vt 0.253052 0.792457
vt 0.255220 0.785832
vt 0.258158 0.805267
vt 0.250504 0.799877
vt 0.241469 0.795789
vt 0.254008 0.813557
vt 0.246315 0.808630
vt 0.238360 0.803449
vt 0.229990 0.798951
vt 0.035428 0.093848
vt 0.032420 0.081535
vt 0.040221 0.086492
vt 0.039746 0.075456
vt 0.249949 0.821352
vt 0.242302 0.816743
vt 0.234628 0.811999
vt 0.226702 0.807354
vt 0.219008 0.802891
vt 0.033345 0.070230
vt 0.040221 0.065431
vt 0.246229 0.828677
vt 0.238657 0.824146
vt 0.231223 0.819733
vt 0.223645 0.815235
vt 0.216711 0.810996
vt 0.209981 0.806933
vt 0.200647 0.809655
vt 0.196761 0.816198
vt 0.191871 0.810494
vt 0.192254 0.823186
vt 0.186914 0.817561
vt 0.187770 0.830620
vt 0.182652 0.825053
vt 0.184035 0.838052
vt 0.177917 0.832944
vt 0.182630 0.844220
vt 0.175539 0.840128
vt 0.175229 0.845962
vt 0.182945 0.811597
vt 0.177562 0.819075
vt 0.174088 0.812886
vt 0.171240 0.806865
vt 0.174054 0.826757
vt 0.739417 0.333388
vt 0.735363 0.340467
vt 0.731161 0.332987
vt 0.727294 0.340477
vt 0.170111 0.820556
vt 0.165627 0.814305
vt 0.731113 0.347232
vt 0.169782 0.834668
vt 0.747611 0.333058
vt 0.743565 0.340451
vt 0.739793 0.348661
vt 0.735940 0.356025
vt 0.759387 0.331721
vt 0.755834 0.335782
vt 0.751703 0.327967
vt 0.751920 0.341383
vt 0.747875 0.348293
vt 0.743884 0.355753
vt 0.740821 0.365033
vt 0.167280 0.847923
vt 0.168813 0.841399
vt 0.763527 0.337751
vt 0.759963 0.343153
vt 0.756088 0.349896
vt 0.752171 0.357593
vt 0.748546 0.365879
vt 0.745367 0.373518
vt 0.748776 0.383523
vt 0.755523 0.386993
vt 0.750347 0.392961
vt 0.762737 0.390818
vt 0.757754 0.397276
vt 0.770988 0.395022
vt 0.765440 0.401544
vt 0.095829 0.814623
vt 0.092661 0.806970
vt 0.103266 0.811157
vt 0.088353 0.818115
vt 0.084895 0.811088
vt 0.763117 0.202674
vt 0.767957 0.196828
vt 0.768661 0.206738
vt 0.752182 0.403460
vt 0.760113 0.408806
vt 0.754192 0.415000
vt 0.773307 0.405914
vt 0.768179 0.413337
vt 0.762406 0.420625
vt 0.756262 0.426301
vt 0.080891 0.803576
vt 0.088535 0.799073
vt 0.076605 0.795258
vt 0.770210 0.424454
vt 0.764110 0.430572
vt 0.758139 0.435908
vt 0.078044 0.814682
vt 0.074525 0.806900
vt 0.779497 0.409092
vt 0.782033 0.419961
vt 0.775025 0.416388
vt 0.777503 0.427800
vt 0.771783 0.434474
vt 0.766031 0.441100
vt 0.759878 0.444742
vt 0.754310 0.447285
vt 0.067691 0.811321
vt 0.063579 0.802904
vt 0.784302 0.430831
vt 0.779665 0.438934
vt 0.773489 0.444543
vt 0.767045 0.447969
vt 0.761297 0.451553
vt 0.224693 0.608794
vt 0.223071 0.615229
vt 0.231117 0.617853
vt 0.237858 0.622431
vt 0.233256 0.627616
vt 0.036527 0.874365
vt 0.029000 0.879312
vt 0.031409 0.869310
vt 0.042090 0.881135
vt 0.034279 0.885016
vt 0.047569 0.888230
vt 0.040128 0.892140
vt 0.052408 0.895990
vt 0.045739 0.900192
vt 0.050900 0.906886
vt 0.240137 0.633305
vt 0.235372 0.638440
vt 0.380382 0.710564
vt 0.380479 0.700219
vt 0.026392 0.890385
vt 0.242441 0.645290
vt 0.237174 0.650368
vt 0.380382 0.688743
vt 0.032403 0.897670
vt 0.024769 0.903247
vt 0.019257 0.896459
vt 0.017846 0.908880
vt 0.038315 0.904856
vt 0.030691 0.910262
vt 0.023109 0.915700
vt 0.963060 0.336142
vt 0.957385 0.341875
vt 0.957385 0.330010
vt 0.017191 0.920658
vt 0.011643 0.925165
vt 0.043964 0.911828
vt 0.036529 0.917103
vt 0.028790 0.922622
vt 0.022445 0.927217
vt 0.704684 0.568510
vt 0.696799 0.569756
vt 0.703177 0.561113
vt 0.017352 0.930927
vt 0.011263 0.935297
vt 0.048954 0.917996
vt 0.042225 0.923154
vt 0.034959 0.928715
vt 0.027785 0.933814
vt 0.706095 0.575913
vt 0.698025 0.576568
vt 0.022293 0.937021
vt 0.016806 0.940573
vt 0.012025 0.943583
vt 0.131277 0.710113
vt 0.111277 0.878474
vt 0.116318 0.883445
vt 0.122187 0.889257
vt 0.128557 0.895580
vt 0.135463 0.902539
vt 0.141528 0.908644
vt 0.104984 0.884507
vt 0.110434 0.890312
vt 0.097855 0.891033
vt 0.286013 0.797232
vt 0.285602 0.804448
vt 0.116213 0.896496
vt 0.103440 0.897413
vt 0.092319 0.898709
vt 0.087394 0.892504
vt 0.282379 0.812698
vt 0.123737 0.903420
vt 0.111142 0.904358
vt 0.099767 0.905424
vt 0.089692 0.906453
vt 0.276284 0.820773
vt 0.130348 0.909812
vt 0.118455 0.910911
vt 0.106383 0.911992
vt 0.169535 0.008862
vt 0.163628 0.017358
vt 0.162891 0.007348
vt 0.097234 0.912615
vt 0.088202 0.913295
vt 0.270101 0.827839
vt 0.661406 0.977259
vt 0.661406 0.985405
vt 0.655049 0.983065
vt 0.136807 0.915564
vt 0.125249 0.917173
vt 0.113586 0.918266
vt 0.103469 0.918761
vt 0.169820 0.018795
vt 0.164167 0.026248
vt 0.095115 0.918930
vt 0.833847 0.147476
vt 0.828996 0.138520
vt 0.835695 0.140379
vt 0.831799 0.130790
vt 0.826309 0.129195
vt 0.207015 0.813681
vt 0.213216 0.817926
vt 0.220208 0.822569
vt 0.227902 0.827162
vt 0.235758 0.832150
vt 0.242943 0.835830
vt 0.203387 0.820465
vt 0.208867 0.825455
vt 0.197969 0.828145
vt 0.216369 0.830421
vt 0.204536 0.833533
vt 0.193804 0.835956
vt 0.224292 0.835397
vt 0.212272 0.838833
vt 0.200889 0.841371
vt 0.190601 0.843339
vt 0.232217 0.838889
vt 0.960826 0.189931
vt 0.955241 0.184830
vt 0.960826 0.178054
vt 0.220943 0.842596
vt 0.209153 0.846035
vt 0.197838 0.848642
vt 0.188303 0.849935
vt 0.097774 0.994343
vt 0.091183 0.986690
vt 0.098317 0.986690
vt 0.239349 0.842147
vt 0.228887 0.846319
vt 0.217451 0.850263
vt 0.206804 0.851939
vt 0.880356 0.862509
vt 0.874813 0.857484
vt 0.880385 0.850379
vt 0.874813 0.846010
vt 0.196099 0.854324
vt 0.806480 0.938481
vt 0.806480 0.928156
vt 0.811116 0.932940
vt 0.809838 0.923113
vt 0.187441 0.854993
vt 0.752090 0.376422
vt 0.755887 0.368836
vt 0.759852 0.361400
vt 0.764265 0.352746
vt 0.095613 0.968221
vt 0.090104 0.962443
vt 0.098317 0.961167
vt 0.882619 0.586099
vt 0.882619 0.594371
vt 0.877733 0.587487
vt 0.759343 0.380224
vt 0.763648 0.372616
vt 0.767136 0.383981
vt 0.767968 0.364918
vt 0.771419 0.376785
vt 0.775200 0.388069
vt 0.104685 0.819635
vt 0.768878 0.343899
vt 0.773103 0.355826
vt 0.776825 0.368404
vt 0.779662 0.380848
vt 0.782633 0.392289
vt 0.777669 0.398882
vt 0.098253 0.822535
vt 0.090104 0.971998
vt 0.580718 0.602434
vt 0.590976 0.597344
vt 0.589196 0.605544
vt 0.776754 0.349206
vt 0.123006 0.850363
vt 0.115061 0.843799
vt 0.124014 0.841144
vt 0.115797 0.834563
vt 0.108100 0.837468
vt 0.784302 0.373327
vt 0.098279 0.831354
vt 0.106365 0.828367
vt 0.090279 0.825785
vt 0.763117 0.212276
vt 0.582812 0.595550
vt 0.591659 0.587939
vt 0.113887 0.852491
vt 0.107095 0.846331
vt 0.099118 0.840043
vt 0.090775 0.834100
vt 0.082841 0.828762
vt 0.767086 0.456363
vt 0.773895 0.453534
vt 0.058457 0.795105
vt 0.046281 0.793986
vt 0.053014 0.789309
vt 0.051864 0.800461
vt 0.057361 0.808712
vt 0.062101 0.816728
vt 0.760912 0.458068
vt 0.985781 0.149710
vt 0.982555 0.141805
vt 0.987639 0.141805
vt 0.983171 0.379285
vt 0.976131 0.371532
vt 0.983171 0.370420
vt 0.036144 0.783383
vt 0.029027 0.788261
vt 0.024396 0.783042
vt 0.016703 0.787758
vt 0.040669 0.787126
vt 0.033820 0.793567
vt 0.974624 0.379861
vt 0.021737 0.793882
vt 0.010209 0.794489
vt 0.039074 0.799532
vt 0.026336 0.799448
vt 0.051949 0.867643
vt 0.049743 0.877972
vt 0.044029 0.871533
vt 0.014645 0.800277
vt 0.044969 0.806881
vt 0.031748 0.806028
vt 0.019193 0.806281
vt 0.057896 0.874469
vt 0.055194 0.885442
vt 0.050955 0.815348
vt 0.038141 0.813870
vt 0.024957 0.813355
vt 0.013411 0.813937
vt 0.063202 0.882480
vt 0.059868 0.893277
vt 0.056073 0.823197
vt 0.044678 0.821948
vt 0.032158 0.821320
vt 0.019962 0.821210
vt 0.010120 0.821801
vt 0.067034 0.891144
vt 0.064046 0.900362
vt 0.015665 0.949963
vt 0.020590 0.947658
vt 0.696799 0.583199
vt 0.033782 0.939460
vt 0.041127 0.934394
vt 0.048416 0.928648
vt 0.055206 0.923109
vt 0.221823 0.692073
vt 0.221603 0.699254
vt 0.026939 0.943750
vt 0.025641 0.954602
vt 0.019380 0.957920
vt 0.025039 0.963775
vt 0.032737 0.949991
vt 0.031631 0.960795
vt 0.030940 0.969764
vt 0.040096 0.944920
vt 0.038911 0.957032
vt 0.194400 0.901137
vt 0.184665 0.899159
vt 0.190122 0.893415
vt 0.047541 0.939710
vt 0.046508 0.950346
vt 0.045516 0.961914
vt 0.188066 0.907104
vt 0.177734 0.904984
vt 0.055105 0.934564
vt 0.054301 0.945960
vt 0.053080 0.956230
vt 0.190126 0.915166
vt 0.180634 0.912754
vt 0.171051 0.910412
vt 0.061538 0.928290
vt 0.060732 0.938639
vt 0.558884 0.457123
vt 0.552824 0.462895
vt 0.546650 0.457589
vt 0.541229 0.464475
vt 0.985516 0.230151
vt 0.980353 0.221174
vt 0.987640 0.221174
vt 0.299420 0.968238
vt 0.299420 0.978702
vt 0.293335 0.975987
vt 0.182453 0.920411
vt 0.173510 0.917898
vt 0.165057 0.915516
vt 0.154907 0.918926
vt 0.153346 0.925631
vt 0.145089 0.920706
vt 0.515798 0.493260
vt 0.506193 0.497767
vt 0.510579 0.488237
vt 0.522300 0.499617
vt 0.512885 0.504460
vt 0.528836 0.505988
vt 0.519065 0.510859
vt 0.537078 0.514279
vt 0.527155 0.518527
vt 0.535119 0.525932
vt 0.142722 0.927840
vt 0.133991 0.922310
vt 0.503002 0.509431
vt 0.130933 0.929543
vt 0.122030 0.923914
vt 0.498326 0.503671
vt 0.494614 0.515226
vt 0.489329 0.508864
vt 0.487152 0.521052
vt 0.510638 0.516758
vt 0.500696 0.522089
vt 0.494143 0.528016
vt 0.488246 0.533481
vt 0.516903 0.523622
vt 0.507678 0.529328
vt 0.499707 0.535024
vt 0.842167 0.761680
vt 0.842398 0.773353
vt 0.835558 0.769421
vt 0.835558 0.779833
vt 0.494354 0.540248
vt 0.168802 0.029380
vt 0.525488 0.531087
vt 0.517570 0.536525
vt 0.507898 0.542062
vt 0.500643 0.547168
vt 0.167731 0.040221
vt 0.162891 0.036335
vt 0.826309 0.142844
vt 0.533878 0.537937
vt 0.524966 0.543299
vt 0.516650 0.548514
vt 0.507943 0.553878
vt 0.502046 0.557981
vt 0.013038 0.755254
vt 0.006629 0.749654
vt 0.013407 0.747005
vt 0.006748 0.741983
vt 0.013385 0.739781
vt 0.006629 0.735083
vt 0.497610 0.561270
vt 0.499160 0.571034
vt 0.493431 0.564307
vt 0.503746 0.568345
vt 0.508863 0.565353
vt 0.517035 0.560318
vt 0.525998 0.554737
vt 0.534740 0.549317
vt 0.543725 0.543700
vt 0.248173 0.844294
vt 0.247178 0.850669
vt 0.237864 0.848540
vt 0.517525 0.573175
vt 0.236074 0.855805
vt 0.226474 0.852753
vt 0.511727 0.575574
vt 0.521036 0.582924
vt 0.514713 0.585141
vt 0.523984 0.592550
vt 0.526186 0.568142
vt 0.528443 0.580041
vt 0.531896 0.589014
vt 0.535351 0.596023
vt 0.535713 0.562165
vt 0.537846 0.574297
vt 0.540131 0.586135
vt 0.542779 0.595934
vt 0.593633 0.154179
vt 0.591817 0.141404
vt 0.598840 0.147066
vt 0.598153 0.136120
vt 0.545401 0.555687
vt 0.547522 0.567496
vt 0.549684 0.579428
vt 0.551909 0.590771
vt 0.554121 0.597757
vt 0.593063 0.131784
vt 0.598840 0.127463
vt 0.554549 0.548702
vt 0.556633 0.560292
vt 0.558761 0.571750
vt 0.560956 0.583601
vt 0.562771 0.592699
vt 0.564048 0.598431
vt 0.556016 0.602351
vt 0.572868 0.594075
vt 0.571228 0.584463
vt 0.569693 0.574874
vt 0.567734 0.563870
vt 0.565183 0.551668
vt 0.562520 0.540039
vt 0.582007 0.587179
vt 0.580750 0.577391
vt 0.589929 0.577424
vt 0.599850 0.578988
vt 0.579176 0.566629
vt 0.589282 0.567784
vt 0.598859 0.568920
vt 0.096974 0.848355
vt 0.576486 0.554372
vt 0.587172 0.556337
vt 0.597225 0.558017
vt 0.605544 0.558975
vt 0.088902 0.841821
vt 0.572869 0.542160
vt 0.584350 0.544608
vt 0.594432 0.546525
vt 0.603493 0.548178
vt 0.085903 0.850262
vt 0.077853 0.843496
vt 0.080241 0.835661
vt 0.569958 0.531546
vt 0.581013 0.533390
vt 0.591142 0.535384
vt 0.599984 0.537290
vt 0.066415 0.844840
vt 0.069670 0.837166
vt 0.072663 0.830341
vt 0.163983 0.922143
vt 0.173164 0.925083
vt 0.535979 0.471262
vt 0.529558 0.466289
vt 0.547974 0.469237
vt 0.564229 0.461618
vt 0.559740 0.469538
vt 0.067034 0.919840
vt 0.162696 0.929543
vt 0.518775 0.481959
vt 0.523950 0.473294
vt 0.530195 0.478166
vt 0.525251 0.487843
vt 0.542997 0.477481
vt 0.537440 0.484810
vt 0.532973 0.495639
vt 0.555149 0.476576
vt 0.550351 0.485313
vt 0.545652 0.495006
vt 0.541130 0.504616
vt 0.571034 0.468449
vt 0.566610 0.476587
vt 0.562130 0.484661
vt 0.557370 0.494846
vt 0.552855 0.503722
vt 0.548441 0.512638
vt 0.580830 0.470246
vt 0.576878 0.477622
vt 0.572642 0.485656
vt 0.568668 0.492871
vt 0.563916 0.502315
vt 0.559249 0.511941
vt 0.062822 0.830081
vt 0.059151 0.837231
vt 0.062392 0.852863
vt 0.054956 0.844852
vt 0.586279 0.524312
vt 0.575546 0.522471
vt 0.564692 0.521276
vt 0.052052 0.829808
vt 0.594935 0.526670
vt 0.600296 0.517680
vt 0.603936 0.528731
vt 0.047570 0.837257
vt 0.040155 0.829468
vt 0.323999 0.600668
vt 0.323783 0.612567
vt 0.315371 0.608126
vt 0.315520 0.620666
vt 0.050519 0.853181
vt 0.043165 0.844998
vt 0.590265 0.515634
vt 0.596422 0.505719
vt 0.035049 0.837289
vt 0.027079 0.829132
vt 0.323999 0.625654
vt 0.581283 0.512685
vt 0.038073 0.853571
vt 0.030547 0.845291
vt 0.585801 0.503712
vt 0.590759 0.494337
vt 0.601690 0.496131
vt 0.595370 0.485345
vt 0.605544 0.487733
vt 0.015185 0.829121
vt 0.569432 0.512355
vt 0.575571 0.501171
vt 0.025598 0.853571
vt 0.580510 0.491719
vt 0.442427 0.518399
vt 0.433105 0.514330
vt 0.442427 0.508797
vt 0.583976 0.484726
vt 0.587246 0.478160
vt 0.006417 0.829418
vt 0.719502 0.976658
vt 0.713183 0.978702
vt 0.713183 0.968380
vt 0.005883 0.085260
vt 0.013407 0.090401
vt 0.005883 0.093848
vt 0.442597 0.780061
vt 0.448640 0.784437
vt 0.439886 0.786464
vt 0.254285 0.627473
vt 0.259200 0.626823
vt 0.256920 0.634592
vt 0.434966 0.779815
vt 0.440377 0.773440
vt 0.448795 0.776243
vt 0.931407 0.055117
vt 0.928532 0.048085
vt 0.934489 0.049945
vt 0.928916 0.821181
vt 0.928890 0.828290
vt 0.923446 0.824238
vt 0.379741 0.778582
vt 0.381269 0.785565
vt 0.377462 0.782935
vt 0.706266 0.956357
vt 0.706266 0.949044
vt 0.710564 0.951206
vt 0.750514 0.936971
vt 0.749253 0.929486
vt 0.754782 0.933305
vt 0.936219 0.059072
vt 0.925216 0.815480
vt 0.868888 0.562930
vt 0.871577 0.560695
vt 0.873577 0.566832
vt 0.080441 0.252496
vt 0.073905 0.251198
vt 0.080441 0.247590
vt 0.754540 0.941667
vt 0.898609 0.041828
vt 0.899144 0.049213
vt 0.894755 0.042087
vt 0.897500 0.527090
vt 0.897924 0.519820
vt 0.902520 0.525873
vt 0.471972 0.916405
vt 0.478384 0.918462
vt 0.470014 0.920605
vt 0.404708 0.910182
vt 0.410936 0.911661
vt 0.406905 0.915254
vt 0.879923 0.107169
vt 0.872749 0.109363
vt 0.877366 0.102967
vt 0.848482 0.058651
vt 0.839061 0.057955
vt 0.843648 0.051593
vt 0.854033 0.066788
vt 0.843849 0.065770
vt 0.859784 0.075426
vt 0.849278 0.074830
vt 0.864709 0.083112
vt 0.855035 0.083856
vt 0.869983 0.091191
vt 0.860475 0.092020
vt 0.874363 0.098055
vt 0.865587 0.099605
vt 0.869510 0.105013
vt 0.834090 0.064965
vt 0.838676 0.073860
vt 0.829104 0.072255
vt 0.844099 0.083562
vt 0.833378 0.081914
vt 0.824207 0.079547
vt 0.849876 0.092299
vt 0.838542 0.092621
vt 0.828224 0.089650
vt 0.819334 0.086836
vt 0.855656 0.101159
vt 0.844550 0.100129
vt 0.833527 0.099193
vt 0.823528 0.096594
vt 0.815579 0.092854
vt 0.860443 0.106838
vt 0.850068 0.106570
vt 0.839422 0.106659
vt 0.828994 0.104998
vt 0.820370 0.100981
vt 0.812479 0.097989
vt 0.864341 0.110940
vt 0.854926 0.111517
vt 0.845026 0.111724
vt 0.834902 0.111229
vt 0.825104 0.109660
vt 0.817326 0.105291
vt 0.810737 0.101339
vt 0.836003 0.048564
vt 0.830867 0.055224
vt 0.825663 0.062414
vt 0.820468 0.069846
vt 0.815629 0.077179
vt 0.811412 0.084031
vt 0.807497 0.090500
vt 0.828082 0.045696
vt 0.822577 0.052416
vt 0.820666 0.043244
vt 0.816513 0.059694
vt 0.814171 0.049560
vt 0.812389 0.040269
vt 0.811471 0.067259
vt 0.807604 0.056803
vt 0.806935 0.047053
vt 0.806728 0.038707
vt 0.806991 0.074593
vt 0.802141 0.064522
vt 0.801482 0.054147
vt 0.800607 0.044839
vt 0.799828 0.036417
vt 0.802799 0.081634
vt 0.799745 0.071489
vt 0.268137 0.860274
vt 0.261558 0.852806
vt 0.268137 0.851935
vt 0.796490 0.061434
vt 0.795912 0.051744
vt 0.793837 0.042500
vt 0.793152 0.034213
vt 0.413770 0.917143
vt 0.417923 0.913276
vt 0.800913 0.087054
vt 0.426745 0.914448
vt 0.422141 0.918823
vt 0.432184 0.919665
vt 0.700474 0.022746
vt 0.694611 0.014372
vt 0.701626 0.015831
vt 0.696112 0.006816
vt 0.436009 0.915558
vt 0.446025 0.915643
vt 0.442092 0.920605
vt 0.452154 0.920321
vt 0.792535 0.058676
vt 0.788662 0.049191
vt 0.788384 0.040587
vt 0.464135 0.916748
vt 0.843626 0.043776
vt 0.835666 0.040149
vt 0.827033 0.036514
vt 0.818746 0.033629
vt 0.811160 0.031329
vt 0.805220 0.030091
vt 0.798086 0.027818
vt 0.843636 0.035734
vt 0.835505 0.031569
vt 0.843623 0.026877
vt 0.826514 0.027206
vt 0.835367 0.022710
vt 0.843693 0.019309
vt 0.818163 0.024448
vt 0.826830 0.019149
vt 0.835536 0.014889
vt 0.843750 0.011533
vt 0.811513 0.023420
vt 0.819196 0.017414
vt 0.827498 0.012251
vt 0.835716 0.007327
vt 0.911595 0.531239
vt 0.907822 0.524089
vt 0.913404 0.522001
vt 0.803890 0.021029
vt 0.812014 0.015845
vt 0.819683 0.009967
vt 0.828251 0.006185
vt 0.908508 0.539607
vt 0.905575 0.532616
vt 0.792874 0.026674
vt 0.799885 0.021530
vt 0.167586 0.945040
vt 0.167586 0.953228
vt 0.162908 0.950492
vt 0.163453 0.958591
vt 0.916136 0.559722
vt 0.910203 0.559997
vt 0.913641 0.553047
vt 0.907880 0.553704
vt 0.911487 0.546886
vt 0.905554 0.547411
vt 0.902864 0.540445
vt 0.900389 0.533993
vt 0.851169 0.049876
vt 0.851528 0.041482
vt 0.851898 0.032268
vt 0.852142 0.022939
vt 0.852097 0.015036
vt 0.908880 0.515310
vt 0.902984 0.517710
vt 0.859593 0.047830
vt 0.860503 0.038702
vt 0.868180 0.046042
vt 0.861147 0.029126
vt 0.869730 0.036496
vt 0.876419 0.044516
vt 0.861523 0.019554
vt 0.870112 0.027370
vt 0.877980 0.035256
vt 0.883687 0.043379
vt 0.851874 0.008739
vt 0.909847 0.505302
vt 0.914820 0.512662
vt 0.860931 0.012515
vt 0.909937 0.495013
vt 0.916136 0.502070
vt 0.869977 0.018854
vt 0.878324 0.026403
vt 0.885121 0.034568
vt 0.889415 0.042729
vt 0.903580 0.508560
vt 0.904103 0.498363
vt 0.903694 0.488971
vt 0.909440 0.485327
vt 0.903512 0.479209
vt 0.885763 0.025832
vt 0.890518 0.034593
vt 0.898035 0.511456
vt 0.898123 0.502439
vt 0.898190 0.492791
vt 0.898213 0.482626
vt 0.110945 0.963418
vt 0.116193 0.968960
vt 0.110945 0.974233
vt 0.897756 0.474483
vt 0.891629 0.026092
vt 0.895837 0.034352
vt 0.857146 0.057079
vt 0.866017 0.055443
vt 0.874566 0.053855
vt 0.882165 0.052431
vt 0.888529 0.051227
vt 0.894537 0.050093
vt 0.863037 0.065460
vt 0.871661 0.063832
vt 0.868821 0.074071
vt 0.879648 0.062154
vt 0.877417 0.072353
vt 0.874415 0.082618
vt 0.886913 0.060523
vt 0.885451 0.070522
vt 0.882834 0.080759
vt 0.879594 0.090779
vt 0.893500 0.058983
vt 0.890363 0.068159
vt 0.978702 0.015641
vt 0.974026 0.011513
vt 0.978702 0.005700
vt 0.889830 0.078384
vt 0.886358 0.087793
vt 0.883103 0.097173
vt 0.898671 0.057565
vt 0.896421 0.066403
vt 0.894053 0.075402
vt 0.970299 0.045802
vt 0.969029 0.036376
vt 0.974233 0.039514
vt 0.892508 0.085047
vt 0.888929 0.093688
vt 0.433988 0.838203
vt 0.437958 0.842332
vt 0.432679 0.848025
vt 0.437958 0.850679
vt 0.433874 0.855805
vt 0.884085 0.100586
vt 0.392942 0.958027
vt 0.397737 0.953332
vt 0.397737 0.959912
vt 0.379233 0.922769
vt 0.374454 0.919934
vt 0.379861 0.915995
vt 0.379861 0.929543
vt 0.374130 0.927234
vt 0.768889 0.957063
vt 0.774459 0.952493
vt 0.773444 0.960719
vt 0.763796 0.951771
vt 0.769497 0.948077
vt 0.759083 0.947375
vt 0.764422 0.943357
vt 0.759408 0.938366
vt 0.374521 0.913302
vt 0.783261 0.959723
vt 0.788497 0.954676
vt 0.786804 0.962318
vt 0.976796 0.867080
vt 0.980936 0.862307
vt 0.980936 0.871447
vt 0.784650 0.951422
vt 0.789616 0.945765
vt 0.779566 0.957124
vt 0.780294 0.947678
vt 0.785539 0.941998
vt 0.790532 0.936278
vt 0.775261 0.943221
vt 0.780620 0.937602
vt 0.786062 0.932034
vt 0.791005 0.926365
vt 0.769755 0.938182
vt 0.775110 0.932825
vt 0.780443 0.927376
vt 0.785808 0.921899
vt 0.790751 0.916448
vt 0.764551 0.933413
vt 0.770010 0.928345
vt 0.774953 0.922900
vt 0.780783 0.917468
vt 0.785742 0.912077
vt 0.820409 0.111724
vt 0.759541 0.928692
vt 0.764403 0.923746
vt 0.769669 0.918663
vt 0.775358 0.913211
vt 0.780001 0.908123
vt 0.784454 0.903246
vt 0.812302 0.108237
vt 0.406994 0.906027
vt 0.410393 0.901410
vt 0.413748 0.907322
vt 0.413071 0.896522
vt 0.417335 0.902515
vt 0.417533 0.891387
vt 0.421304 0.897391
vt 0.422379 0.886242
vt 0.426542 0.892169
vt 0.428837 0.882043
vt 0.431421 0.886885
vt 0.072980 0.245848
vt 0.080054 0.242214
vt 0.421708 0.908608
vt 0.425327 0.903720
vt 0.430055 0.910146
vt 0.701626 0.029048
vt 0.693765 0.021790
vt 0.430060 0.898332
vt 0.435706 0.904549
vt 0.440744 0.910590
vt 0.435298 0.892826
vt 0.440735 0.899241
vt 0.445913 0.905224
vt 0.450613 0.911161
vt 0.455239 0.916798
vt 0.073937 0.239315
vt 0.437085 0.882188
vt 0.441118 0.887721
vt 0.445730 0.893852
vt 0.450826 0.900088
vt 0.455481 0.905806
vt 0.459992 0.911657
vt 0.442801 0.878501
vt 0.446622 0.883204
vt 0.451066 0.888817
vt 0.455759 0.894962
vt 0.460253 0.900867
vt 0.464505 0.906471
vt 0.468430 0.911677
vt 0.477332 0.912903
vt 0.482957 0.908876
vt 0.484702 0.914993
vt 0.488454 0.904356
vt 0.489938 0.910335
vt 0.493862 0.899576
vt 0.494856 0.905462
vt 0.498352 0.894709
vt 0.500282 0.900601
vt 0.500426 0.890298
vt 0.504992 0.895648
vt 0.877027 0.563492
vt 0.879139 0.569909
vt 0.792612 0.021473
vt 0.491224 0.916382
vt 0.799360 0.015273
vt 0.805947 0.015169
vt 0.895869 0.570897
vt 0.899965 0.564919
vt 0.902468 0.572027
vt 0.906867 0.567304
vt 0.904320 0.560318
vt 0.501597 0.906628
vt 0.495160 0.911133
vt 0.502298 0.912552
vt 0.496595 0.917160
vt 0.897861 0.559876
vt 0.902011 0.554060
vt 0.882554 0.568873
vt 0.886830 0.563808
vt 0.889233 0.570339
vt 0.893565 0.565434
vt 0.891149 0.559095
vt 0.895473 0.553466
vt 0.899568 0.547377
vt 0.979055 0.656937
vt 0.979055 0.648013
vt 0.983171 0.652865
vt 0.880515 0.560740
vt 0.884495 0.556784
vt 0.888769 0.551109
vt 0.892943 0.545702
vt 0.896994 0.540213
vt 0.874872 0.557387
vt 0.878489 0.553564
vt 0.882540 0.548564
vt 0.886619 0.543280
vt 0.890595 0.538013
vt 0.894357 0.532637
vt 0.892896 0.523933
vt 0.887656 0.520177
vt 0.892865 0.515823
vt 0.882017 0.516068
vt 0.887333 0.511530
vt 0.876249 0.511756
vt 0.881393 0.506882
vt 0.870915 0.507591
vt 0.875363 0.502237
vt 0.865507 0.503429
vt 0.869462 0.497733
vt 0.919681 0.819071
vt 0.921509 0.809811
vt 0.892692 0.507107
vt 0.887005 0.502195
vt 0.892645 0.497119
vt 0.880916 0.497182
vt 0.886560 0.491495
vt 0.892458 0.487331
vt 0.874446 0.491858
vt 0.880085 0.485925
vt 0.886274 0.481277
vt 0.892258 0.477349
vt 0.915378 0.813210
vt 0.912569 0.822711
vt 0.868370 0.487278
vt 0.874314 0.482354
vt 0.909145 0.817674
vt 0.907506 0.828305
vt 0.902910 0.822824
vt 0.902150 0.833847
vt 0.880154 0.477116
vt 0.886128 0.472379
vt 0.891940 0.470067
vt 0.896713 0.028971
vt 0.917619 0.828427
vt 0.911269 0.833317
vt 0.868552 0.478334
vt 0.874550 0.473968
vt 0.906646 0.838778
vt 0.901241 0.844263
vt 0.880168 0.468573
vt 0.886162 0.466047
vt 0.891633 0.464142
vt 0.901232 0.036767
vt 0.902729 0.046218
vt 0.965899 0.075473
vt 0.969740 0.069545
vt 0.970737 0.077486
vt 0.960361 0.072833
vt 0.964475 0.066904
vt 0.954290 0.069497
vt 0.958322 0.063452
vt 0.948278 0.066581
vt 0.952513 0.060517
vt 0.942103 0.062722
vt 0.946259 0.057024
vt 0.940105 0.053472
vt 0.974233 0.071652
vt 0.973599 0.063739
vt 0.968323 0.060829
vt 0.971985 0.054862
vt 0.962289 0.057486
vt 0.966569 0.051683
vt 0.956604 0.054351
vt 0.960846 0.048345
vt 0.965232 0.042266
vt 0.950509 0.050982
vt 0.954636 0.044914
vt 0.958888 0.038853
vt 0.963264 0.032671
vt 0.966706 0.027302
vt 0.944265 0.047504
vt 0.948477 0.041431
vt 0.952685 0.035385
vt 0.956800 0.029478
vt 0.960901 0.023587
vt 0.169820 0.474422
vt 0.165254 0.477975
vt 0.165254 0.469546
vt 0.938215 0.044155
vt 0.942264 0.038099
vt 0.946437 0.032097
vt 0.950649 0.025960
vt 0.954557 0.020721
vt 0.958148 0.016003
vt 0.169282 0.482647
vt 0.210041 0.989491
vt 0.205864 0.992109
vt 0.205864 0.984353
vt 0.398789 0.906170
vt 0.778868 0.898926
vt 0.774813 0.903239
vt 0.769631 0.908636
vt 0.763654 0.914693
vt 0.758599 0.919897
vt 0.753786 0.924833
vt 0.402625 0.901284
vt 0.773099 0.894425
vt 0.406550 0.896222
vt 0.771839 0.885437
vt 0.776936 0.890944
vt 0.768490 0.898831
vt 0.767149 0.889630
vt 0.765813 0.880979
vt 0.762943 0.904809
vt 0.761978 0.894708
vt 0.760782 0.885572
vt 0.759623 0.876817
vt 0.757642 0.910635
vt 0.756632 0.900493
vt 0.755544 0.891363
vt 0.754498 0.882650
vt 0.753551 0.875438
vt 0.752643 0.915923
vt 0.751496 0.906423
vt 0.750555 0.897576
vt 0.749533 0.888495
vt 0.748669 0.880312
vt 0.687288 0.175296
vt 0.683011 0.181244
vt 0.682050 0.174353
vt 0.748031 0.921079
vt 0.746788 0.912117
vt 0.745582 0.902813
vt 0.744729 0.894113
vt 0.744014 0.886011
vt 0.743497 0.878861
vt 0.688219 0.182053
vt 0.684065 0.187273
vt 0.473975 0.907838
vt 0.469798 0.902092
vt 0.465466 0.896063
vt 0.460910 0.889647
vt 0.456000 0.883186
vt 0.451290 0.878172
vt 0.479815 0.903377
vt 0.475817 0.897229
vt 0.484862 0.898426
vt 0.471691 0.890540
vt 0.482304 0.891792
vt 0.491325 0.893261
vt 0.466602 0.883798
vt 0.477673 0.884787
vt 0.487562 0.886414
vt 0.494168 0.888596
vt 0.668939 0.399972
vt 0.668939 0.391416
vt 0.672578 0.395830
vt 0.461224 0.877691
vt 0.471765 0.878601
vt 0.482040 0.879969
vt 0.385619 0.748519
vt 0.381139 0.757673
vt 0.379179 0.751383
vt 0.490840 0.881919
vt 0.496919 0.884353
vt 0.503116 0.886158
vt 0.709966 0.942791
vt 0.447337 0.874320
vt 0.456058 0.873562
vt 0.408413 0.734361
vt 0.400385 0.739604
vt 0.399937 0.732912
vt 0.392298 0.740184
vt 0.393497 0.746995
vt 0.387475 0.755026
vt 0.383770 0.763613
vt 0.379774 0.766808
vt 0.986358 0.355282
vt 0.985634 0.348988
vt 0.989874 0.348988
vt 0.381886 0.771651
vt 0.377306 0.774372
vt 0.889098 0.529360
vt 0.885067 0.534387
vt 0.880494 0.540690
vt 0.876055 0.546286
vt 0.872419 0.550282
vt 0.868775 0.554465
vt 0.883228 0.525651
vt 0.878705 0.531212
vt 0.877361 0.521239
vt 0.873863 0.537166
vt 0.872624 0.526723
vt 0.871818 0.516779
vt 0.869241 0.542836
vt 0.867376 0.532698
vt 0.866028 0.522278
vt 0.866244 0.512423
vt 0.865931 0.546863
vt 0.863056 0.538086
vt 0.861146 0.527919
vt 0.935690 0.791046
vt 0.931650 0.799525
vt 0.928131 0.793368
vt 0.924927 0.802756
vt 0.928288 0.808214
vt 0.378960 0.790602
vt 0.383094 0.793507
vt 0.862844 0.550619
vt 0.859644 0.542670
vt 0.947419 0.784948
vt 0.943242 0.791141
vt 0.940062 0.784736
vt 0.939020 0.798845
vt 0.935019 0.805805
vt 0.931655 0.813998
vt 0.968780 0.090952
vt 0.967793 0.083837
vt 0.972397 0.085117
vt 0.902241 0.854637
vt 0.898132 0.849201
vt 0.905796 0.849655
vt 0.911556 0.843770
vt 0.917617 0.838069
vt 0.923266 0.832797
vt 0.963642 0.089810
vt 0.962222 0.081587
vt 0.958926 0.096083
vt 0.957435 0.087095
vt 0.955916 0.078260
vt 0.911851 0.855092
vt 0.952312 0.093426
vt 0.950895 0.083980
vt 0.949534 0.074931
vt 0.917833 0.848878
vt 0.918784 0.860169
vt 0.945349 0.089440
vt 0.920719 0.870313
vt 0.914125 0.865240
vt 0.944159 0.080346
vt 0.943076 0.071091
vt 0.923787 0.842880
vt 0.924563 0.853857
vt 0.925837 0.864879
vt 0.927498 0.874939
vt 0.937476 0.076318
vt 0.936739 0.067367
vt 0.929601 0.837375
vt 0.930322 0.847555
vt 0.931593 0.857907
vt 0.932798 0.868838
vt 0.934298 0.878150
vt 0.931363 0.071572
vt 0.931256 0.062850
vt 0.394732 0.965295
vt 0.952564 0.012468
vt 0.948666 0.016527
vt 0.944265 0.023028
vt 0.939840 0.029126
vt 0.935510 0.035590
vt 0.931979 0.042216
vt 0.911667 0.944035
vt 0.911478 0.949262
vt 0.905517 0.950662
vt 0.905512 0.956357
vt 0.946393 0.008281
vt 0.911667 0.955297
vt 0.772975 0.969764
vt 0.777637 0.963828
vt 0.941937 0.013774
vt 0.939749 0.006224
vt 0.767905 0.965257
vt 0.937302 0.019724
vt 0.934991 0.011161
vt 0.761437 0.969035
vt 0.762834 0.960744
vt 0.932871 0.026570
vt 0.930454 0.017759
vt 0.928346 0.009613
vt 0.756165 0.963682
vt 0.757700 0.955004
vt 0.929519 0.034085
vt 0.926315 0.024804
vt 0.924320 0.016754
vt 0.749476 0.964694
vt 0.751278 0.956743
vt 0.752925 0.949549
vt 0.926003 0.040375
vt 0.923388 0.032274
vt 0.496250 0.792380
vt 0.495902 0.783000
vt 0.501640 0.788433
vt 0.501054 0.778447
vt 0.496475 0.773704
vt 0.745086 0.957858
vt 0.746787 0.951160
vt 0.748781 0.943573
vt 0.745638 0.935734
vt 0.454333 0.940649
vt 0.460303 0.935231
vt 0.460303 0.943284
vt 0.734982 0.932444
vt 0.738498 0.925784
vt 0.740838 0.933857
vt 0.469691 0.763240
vt 0.468187 0.754824
vt 0.475985 0.759255
vt 0.463841 0.766985
vt 0.461352 0.759139
vt 0.455903 0.771876
vt 0.454287 0.763701
vt 0.446886 0.768858
vt 0.744146 0.927699
vt 0.742619 0.918853
vt 0.474107 0.751268
vt 0.465845 0.746516
vt 0.736623 0.916395
vt 0.741009 0.909270
vt 0.459093 0.750605
vt 0.456426 0.742091
vt 0.734982 0.906399
vt 0.739521 0.899222
vt 0.451752 0.755601
vt 0.448989 0.747439
vt 0.446137 0.739093
vt 0.453187 0.734716
vt 0.442934 0.732975
vt 0.738999 0.890523
vt 0.444594 0.760734
vt 0.441871 0.752698
vt 0.439038 0.744037
vt 0.436110 0.737507
vt 0.433408 0.732147
vt 0.738787 0.882996
vt 0.437917 0.766055
vt 0.435221 0.758445
vt 0.432337 0.750243
vt 0.429623 0.743315
vt 0.426966 0.736523
vt 0.424982 0.732319
vt 0.431051 0.728251
vt 0.687059 0.190264
vt 0.682050 0.194400
vt 0.417717 0.735110
vt 0.419943 0.741147
vt 0.422781 0.748639
vt 0.425751 0.756432
vt 0.429048 0.764865
vt 0.432085 0.772625
vt 0.416345 0.731164
vt 0.409387 0.739001
vt 0.198729 0.535363
vt 0.203338 0.528644
vt 0.203338 0.538509
vt 0.412195 0.746691
vt 0.402319 0.746413
vt 0.415326 0.754857
vt 0.405140 0.754309
vt 0.395446 0.754234
vt 0.419043 0.763578
vt 0.408733 0.762814
vt 0.398604 0.762411
vt 0.389824 0.762621
vt 0.422648 0.771820
vt 0.413360 0.771530
vt 0.403307 0.771048
vt 0.393455 0.770728
vt 0.386938 0.771141
vt 0.426391 0.779497
vt 0.416924 0.779180
vt 0.408092 0.778986
vt 0.398552 0.778737
vt 0.390143 0.778577
vt 0.384593 0.778577
vt 0.386003 0.786062
vt 0.394424 0.786331
vt 0.403150 0.786600
vt 0.413102 0.786675
vt 0.422135 0.786887
vt 0.431770 0.786615
vt 0.389466 0.794395
vt 0.385975 0.802297
vt 0.398600 0.794726
vt 0.394977 0.802750
vt 0.391735 0.810556
vt 0.408532 0.794780
vt 0.404880 0.802768
vt 0.402045 0.810148
vt 0.398983 0.817564
vt 0.418481 0.794661
vt 0.414969 0.802447
vt 0.411143 0.810613
vt 0.407777 0.818320
vt 0.405516 0.824523
vt 0.428159 0.794263
vt 0.424772 0.801814
vt 0.421161 0.809788
vt 0.417632 0.817672
vt 0.944406 0.817016
vt 0.937720 0.815408
vt 0.941778 0.807385
vt 0.436988 0.793937
vt 0.433763 0.801540
vt 0.430405 0.809360
vt 0.427024 0.817101
vt 0.424118 0.823304
vt 0.940281 0.823952
vt 0.934087 0.822056
vt 0.743482 0.942599
vt 0.490201 0.768609
vt 0.495593 0.764749
vt 0.491562 0.777815
vt 0.490755 0.787387
vt 0.494493 0.801250
vt 0.489466 0.796644
vt 0.923640 0.048364
vt 0.456129 0.949653
vt 0.488410 0.760170
vt 0.483866 0.763499
vt 0.737812 0.941259
vt 0.485282 0.772512
vt 0.478779 0.767175
vt 0.069269 0.015641
vt 0.063915 0.013487
vt 0.069269 0.007009
vt 0.486710 0.782225
vt 0.479752 0.776759
vt 0.471612 0.771653
vt 0.484764 0.791928
vt 0.479086 0.786763
vt 0.471975 0.781344
vt 0.463736 0.776255
vt 0.489119 0.805989
vt 0.483267 0.801150
vt 0.477505 0.796273
vt 0.471065 0.791076
vt 0.463568 0.785663
vt 0.455725 0.780608
vt 0.077032 0.859999
vt 0.082676 0.864879
vt 0.077032 0.866978
vt 0.299420 0.617000
vt 0.294265 0.618072
vt 0.295623 0.609877
vt 0.482144 0.810115
vt 0.476902 0.805764
vt 0.469863 0.800298
vt 0.462695 0.794811
vt 0.455541 0.789448
vt 0.934952 0.830434
vt 0.433174 0.823937
vt 0.436610 0.817248
vt 0.440088 0.808216
vt 0.443286 0.799663
vt 0.446051 0.791582
vt 0.941684 0.832904
vt 0.936000 0.840207
vt 0.443723 0.824523
vt 0.943306 0.843334
vt 0.937265 0.851079
vt 0.447646 0.816723
vt 0.455561 0.823949
vt 0.945028 0.855058
vt 0.938649 0.862950
vt 0.450525 0.806383
vt 0.458869 0.814088
vt 0.467069 0.821032
vt 0.946514 0.866492
vt 0.940062 0.872704
vt 0.453187 0.797469
vt 0.461150 0.803987
vt 0.468677 0.810007
vt 0.475942 0.815768
vt 0.947419 0.875354
vt 0.293571 0.626988
vt 0.299355 0.625112
vt 0.299420 0.634592
vt 0.259200 0.609679
vt 0.258991 0.619008
vt 0.253781 0.611294
vt 0.253460 0.620097
vt 0.049093 0.680856
vt 0.045624 0.688217
vt 0.042246 0.679026
vt 0.940259 0.950884
vt 0.935065 0.951029
vt 0.938581 0.943847
vt 0.048332 0.672700
vt 0.055498 0.677702
vt 0.054008 0.687434
vt 0.080441 0.991853
vt 0.075619 0.994343
vt 0.075619 0.986956
vt 0.924712 0.152549
vt 0.923457 0.144740
vt 0.929348 0.148093
vt 0.665875 0.956833
vt 0.665875 0.963060
vt 0.662178 0.957756
vt 0.938124 0.623457
vt 0.938352 0.631351
vt 0.934128 0.626584
vt 0.242563 0.937889
vt 0.240952 0.930308
vt 0.246917 0.934099
vt 0.820054 0.980959
vt 0.815789 0.985405
vt 0.815789 0.976375
vt 0.928939 0.157596
vt 0.663590 0.951085
vt 0.935155 0.617589
vt 0.246974 0.942375
vt 0.433816 0.941037
vt 0.433370 0.932491
vt 0.437958 0.940147
vt 0.882451 0.228964
vt 0.882115 0.221274
vt 0.887276 0.226890
vt 0.892937 0.654672
vt 0.890349 0.661230
vt 0.888250 0.652540
vt 0.694232 0.127492
vt 0.696889 0.119554
vt 0.698694 0.127085
vt 0.725670 0.185294
vt 0.720129 0.181679
vt 0.727518 0.181496
vt 0.748224 0.134087
vt 0.744107 0.125936
vt 0.751504 0.126231
vt 0.744595 0.142758
vt 0.740007 0.134537
vt 0.740746 0.151765
vt 0.736009 0.143643
vt 0.737083 0.160077
vt 0.731808 0.153091
vt 0.733606 0.167926
vt 0.728692 0.160842
vt 0.730278 0.175434
vt 0.725404 0.168689
vt 0.722697 0.175377
vt 0.735742 0.125813
vt 0.731035 0.134834
vt 0.726861 0.125799
vt 0.726945 0.144208
vt 0.722087 0.135052
vt 0.718601 0.126033
vt 0.723123 0.153341
vt 0.718244 0.144379
vt 0.713607 0.135204
vt 0.710972 0.126333
vt 0.720336 0.161199
vt 0.716091 0.152423
vt 0.711263 0.143953
vt 0.705763 0.135310
vt 0.703364 0.126584
vt 0.717093 0.169267
vt 0.712938 0.160640
vt 0.708224 0.152414
vt 0.703395 0.144003
vt 0.700922 0.135200
vt 0.714394 0.176437
vt 0.709311 0.169139
vt 0.704549 0.161054
vt 0.702157 0.151652
vt 0.697947 0.143497
vt 0.695713 0.135179
vt 0.750186 0.118192
vt 0.742106 0.117224
vt 0.732982 0.116594
vt 0.723997 0.116711
vt 0.715480 0.117089
vt 0.708089 0.117786
vt 0.701203 0.118434
vt 0.748650 0.108990
vt 0.740005 0.107929
vt 0.746849 0.100057
vt 0.730979 0.107714
vt 0.738129 0.099394
vt 0.744966 0.090809
vt 0.722188 0.108025
vt 0.728766 0.098394
vt 0.736245 0.090837
vt 0.743184 0.083831
vt 0.714437 0.109003
vt 0.720308 0.099322
vt 0.727164 0.090239
vt 0.734257 0.081862
vt 0.741613 0.078364
vt 0.707887 0.110302
vt 0.288248 0.992109
vt 0.281589 0.992109
vt 0.281834 0.984509
vt 0.713255 0.101160
vt 0.718860 0.091275
vt 0.725637 0.082422
vt 0.732905 0.075503
vt 0.739971 0.071363
vt 0.420082 0.989874
vt 0.414453 0.985021
vt 0.420082 0.983571
vt 0.700503 0.110819
vt 0.707193 0.103038
vt 0.712306 0.093833
vt 0.895817 0.618077
vt 0.894522 0.627778
vt 0.889723 0.623432
vt 0.888287 0.633730
vt 0.892897 0.637484
vt 0.887755 0.643777
vt 0.892581 0.646779
vt 0.758052 0.121496
vt 0.757066 0.112594
vt 0.755563 0.103468
vt 0.753821 0.094367
vt 0.752004 0.085055
vt 0.749919 0.078718
vt 0.748029 0.072119
vt 0.765520 0.116107
vt 0.764933 0.106226
vt 0.772855 0.110896
vt 0.763133 0.097161
vt 0.772096 0.101163
vt 0.779362 0.106345
vt 0.760807 0.089406
vt 0.771102 0.090787
vt 0.778609 0.096817
vt 0.784802 0.102596
vt 0.759003 0.080371
vt 0.767950 0.084131
vt 0.777639 0.086829
vt 0.784219 0.093305
vt 0.790039 0.098976
vt 0.756689 0.073911
vt 0.765820 0.076043
vt 0.775453 0.078324
vt 0.783474 0.083544
vt 0.895459 0.241238
vt 0.891187 0.233633
vt 0.896814 0.231167
vt 0.892770 0.224550
vt 0.746248 0.066967
vt 0.754700 0.066662
vt 0.763433 0.069240
vt 0.772262 0.072332
vt 0.781455 0.075150
vt 0.893307 0.250745
vt 0.889642 0.243193
vt 0.885788 0.235547
vt 0.756782 0.131356
vt 0.764248 0.126678
vt 0.771959 0.121597
vt 0.778576 0.116874
vt 0.785496 0.112025
vt 0.791005 0.107923
vt 0.887164 0.218590
vt 0.762753 0.137179
vt 0.770278 0.132625
vt 0.768107 0.143056
vt 0.777950 0.127727
vt 0.775613 0.138674
vt 0.773171 0.148764
vt 0.785371 0.122707
vt 0.782926 0.133943
vt 0.780377 0.144459
vt 0.778451 0.154592
vt 0.790959 0.118182
vt 0.892541 0.205804
vt 0.891435 0.196311
vt 0.898260 0.202044
vt 0.789208 0.129142
vt 0.787824 0.139954
vt 0.785921 0.150475
vt 0.782289 0.159307
vt 0.892894 0.215532
vt 0.886918 0.209463
vt 0.886171 0.200086
vt 0.885007 0.191369
vt 0.890490 0.186765
vt 0.884146 0.182268
vt 0.889333 0.177770
vt 0.882860 0.174959
vt 0.887489 0.171299
vt 0.881598 0.168664
vt 0.881903 0.212742
vt 0.881206 0.203660
vt 0.880163 0.195207
vt 0.879474 0.185726
vt 0.611036 0.252619
vt 0.616716 0.257146
vt 0.612014 0.262904
vt 0.615693 0.266992
vt 0.611036 0.272606
vt 0.440192 0.989874
vt 0.436631 0.985733
vt 0.440192 0.982137
vt 0.877244 0.173151
vt 0.437958 0.947419
vt 0.753508 0.139961
vt 0.759155 0.146227
vt 0.764754 0.152425
vt 0.770835 0.159164
vt 0.775519 0.164323
vt 0.884580 0.164157
vt 0.749857 0.149089
vt 0.755415 0.155584
vt 0.745975 0.159065
vt 0.761602 0.163125
vt 0.751750 0.166649
vt 0.742051 0.167500
vt 0.767280 0.169356
vt 0.757455 0.172718
vt 0.747535 0.175538
vt 0.738493 0.174521
vt 0.779569 0.168777
vt 0.771815 0.173709
vt 0.763132 0.178871
vt 0.753176 0.181412
vt 0.743546 0.182655
vt 0.735043 0.181805
vt 0.878654 0.162510
vt 0.980604 0.974353
vt 0.981938 0.966907
vt 0.985405 0.971416
vt 0.775370 0.176764
vt 0.767296 0.181466
vt 0.127175 0.985405
vt 0.127175 0.975873
vt 0.131834 0.980184
vt 0.758593 0.186605
vt 0.748945 0.187613
vt 0.982035 0.938993
vt 0.979902 0.930638
vt 0.985405 0.933488
vt 0.982898 0.925447
vt 0.740184 0.186633
vt 0.732180 0.187119
vt 0.812635 0.550092
vt 0.808710 0.546930
vt 0.813350 0.544128
vt 0.812681 0.556489
vt 0.806744 0.553843
vt 0.813350 0.563089
vt 0.807757 0.560538
vt 0.261973 0.956178
vt 0.267462 0.951656
vt 0.266603 0.959277
vt 0.256877 0.951964
vt 0.262294 0.947570
vt 0.251815 0.947503
vt 0.256966 0.943040
vt 0.251871 0.938879
vt 0.713704 0.183539
vt 0.272637 0.955749
vt 0.277886 0.950384
vt 0.277266 0.959090
vt 0.708588 0.176060
vt 0.273558 0.947238
vt 0.279310 0.941843
vt 0.702134 0.169173
vt 0.267971 0.942740
vt 0.274170 0.937764
vt 0.278375 0.931405
vt 0.698954 0.159282
vt 0.262995 0.938994
vt 0.268738 0.933470
vt 0.274163 0.927583
vt 0.697200 0.166773
vt 0.692493 0.157628
vt 0.694993 0.150296
vt 0.257041 0.933841
vt 0.262581 0.928691
vt 0.268547 0.923214
vt 0.273100 0.917453
vt 0.278050 0.921600
vt 0.277190 0.912114
vt 0.692120 0.141301
vt 0.251833 0.929562
vt 0.257012 0.924352
vt 0.262046 0.918906
vt 0.267660 0.913322
vt 0.272051 0.908125
vt 0.276009 0.903348
vt 0.690146 0.132776
vt 0.690836 0.122834
vt 0.911252 0.590317
vt 0.904878 0.594465
vt 0.906508 0.586941
vt 0.916391 0.593708
vt 0.909791 0.598473
vt 0.921476 0.599988
vt 0.915073 0.602484
vt 0.250200 0.876766
vt 0.254982 0.871647
vt 0.256834 0.880189
vt 0.243779 0.873498
vt 0.248003 0.867673
vt 0.930022 0.620928
vt 0.931175 0.611546
vt 0.694787 0.114218
vt 0.903482 0.603861
vt 0.898781 0.599483
vt 0.897665 0.609255
vt 0.908174 0.607151
vt 0.694494 0.108983
vt 0.698909 0.098960
vt 0.700796 0.105777
vt 0.705772 0.096215
vt 0.262030 0.875786
vt 0.920504 0.608327
vt 0.913649 0.612362
vt 0.906722 0.617556
vt 0.901728 0.612772
vt 0.900440 0.622945
vt 0.925854 0.614165
vt 0.919264 0.618165
vt 0.912174 0.622927
vt 0.905165 0.627954
vt 0.898517 0.632866
vt 0.344783 0.929543
vt 0.343559 0.917675
vt 0.348579 0.924272
vt 0.348579 0.913358
vt 0.924413 0.624525
vt 0.917697 0.629083
vt 0.910799 0.633820
vt 0.903921 0.638566
vt 0.897842 0.642941
vt 0.928916 0.630454
vt 0.922641 0.634851
vt 0.916178 0.639393
vt 0.909550 0.643960
vt 0.903258 0.648124
vt 0.897681 0.651706
vt 0.896601 0.660092
vt 0.900244 0.666755
vt 0.893690 0.668105
vt 0.905118 0.671598
vt 0.898385 0.673904
vt 0.909895 0.677101
vt 0.903314 0.679696
vt 0.914787 0.681926
vt 0.908485 0.684690
vt 0.919489 0.685410
vt 0.913600 0.689584
vt 0.045628 0.613668
vt 0.041104 0.611133
vt 0.049769 0.608963
vt 0.887755 0.668295
vt 0.890922 0.676488
vt 0.759993 0.062148
vt 0.895862 0.683022
vt 0.889234 0.683258
vt 0.769538 0.064934
vt 0.901265 0.688894
vt 0.880987 0.271604
vt 0.885481 0.265097
vt 0.888568 0.271897
vt 0.893000 0.265464
vt 0.890032 0.258992
vt 0.778996 0.068594
vt 0.906979 0.692688
vt 0.873316 0.269327
vt 0.877835 0.264109
vt 0.882377 0.258186
vt 0.886647 0.251462
vt 0.045115 0.605593
vt 0.036074 0.608943
vt 0.869061 0.272606
vt 0.866456 0.264650
vt 0.870432 0.261196
vt 0.874778 0.256750
vt 0.878990 0.249594
vt 0.882927 0.242971
vt 0.037765 0.615984
vt 0.032490 0.611938
vt 0.855986 0.994343
vt 0.855265 0.989012
vt 0.860274 0.989012
vt 0.860334 0.261598
vt 0.863733 0.258555
vt 0.867618 0.254488
vt 0.871858 0.248874
vt 0.875941 0.241730
vt 0.879410 0.234783
vt 0.877315 0.226059
vt 0.871603 0.222795
vt 0.876760 0.217807
vt 0.865434 0.219119
vt 0.870704 0.213959
vt 0.859149 0.215229
vt 0.864666 0.210150
vt 0.853414 0.211432
vt 0.858010 0.205891
vt 0.932715 0.161913
vt 0.938151 0.157647
vt 0.937245 0.167226
vt 0.140086 0.950128
vt 0.144282 0.944797
vt 0.145241 0.954101
vt 0.876052 0.208553
vt 0.869810 0.204804
vt 0.875112 0.199694
vt 0.863730 0.201063
vt 0.869000 0.195968
vt 0.874228 0.191109
vt 0.852128 0.202195
vt 0.857055 0.196490
vt 0.862567 0.191298
vt 0.867969 0.185900
vt 0.873394 0.181110
vt 0.878408 0.178258
vt 0.933782 0.152862
vt 0.846658 0.198767
vt 0.851287 0.193097
vt 0.856511 0.187738
vt 0.861792 0.182330
vt 0.867179 0.177218
vt 0.872545 0.173958
vt 0.931778 0.981061
vt 0.927966 0.985405
vt 0.927966 0.976478
vt 0.933979 0.142811
vt 0.938527 0.147381
vt 0.938256 0.137104
vt 0.942909 0.141489
vt 0.943300 0.131198
vt 0.855650 0.178595
vt 0.861031 0.173530
vt 0.723204 0.991732
vt 0.728440 0.985832
vt 0.728440 0.992109
vt 0.699392 0.973819
vt 0.699392 0.983171
vt 0.695504 0.978295
vt 0.559778 0.659171
vt 0.560310 0.652220
vt 0.565323 0.657731
vt 0.565323 0.650594
vt 0.432760 0.945364
vt 0.705397 0.887735
vt 0.702225 0.881858
vt 0.708957 0.883702
vt 0.700172 0.892626
vt 0.700172 0.886185
vt 0.966494 0.973612
vt 0.972132 0.968731
vt 0.971177 0.976130
vt 0.960784 0.969380
vt 0.966606 0.964705
vt 0.954968 0.964976
vt 0.960624 0.960130
vt 0.949163 0.960414
vt 0.954605 0.955513
vt 0.944092 0.955426
vt 0.948799 0.950767
vt 0.817819 0.691085
vt 0.817819 0.699392
vt 0.813341 0.694089
vt 0.976224 0.971267
vt 0.891557 0.439032
vt 0.886771 0.441771
vt 0.886771 0.432680
vt 0.976984 0.963061
vt 0.982624 0.958106
vt 0.972572 0.959561
vt 0.891300 0.449130
vt 0.978343 0.954102
vt 0.067034 0.977956
vt 0.062654 0.980936
vt 0.062654 0.970829
vt 0.966738 0.955039
vt 0.972814 0.949458
vt 0.978027 0.943916
vt 0.983397 0.948605
vt 0.753610 0.192165
vt 0.960455 0.950213
vt 0.966250 0.944652
vt 0.971742 0.939276
vt 0.976124 0.934660
vt 0.954236 0.945468
vt 0.960213 0.939633
vt 0.965630 0.934646
vt 0.970848 0.929768
vt 0.722698 0.006110
vt 0.723971 0.015541
vt 0.718194 0.010566
vt 0.718341 0.019134
vt 0.974754 0.926267
vt 0.978607 0.922734
vt 0.943894 0.946389
vt 0.948626 0.941256
vt 0.953881 0.935434
vt 0.959458 0.930439
vt 0.964805 0.925618
vt 0.969452 0.921858
vt 0.722682 0.023841
vt 0.718194 0.026814
vt 0.973427 0.918804
vt 0.727738 0.190475
vt 0.271121 0.898370
vt 0.266639 0.903300
vt 0.261577 0.908791
vt 0.256047 0.914654
vt 0.250632 0.920367
vt 0.245466 0.925753
vt 0.274950 0.894100
vt 0.269530 0.889123
vt 0.265536 0.892912
vt 0.263772 0.883533
vt 0.260274 0.898433
vt 0.258636 0.888683
vt 0.254855 0.904128
vt 0.253264 0.894255
vt 0.251732 0.884754
vt 0.249238 0.910456
vt 0.247807 0.900519
vt 0.246383 0.890707
vt 0.245054 0.881961
vt 0.243905 0.916173
vt 0.242591 0.906520
vt 0.241247 0.896989
vt 0.239943 0.887679
vt 0.238691 0.878664
vt 0.237871 0.871726
vt 0.239198 0.921694
vt 0.237802 0.912390
vt 0.236608 0.903275
vt 0.235589 0.894674
vt 0.234418 0.885990
vt 0.233401 0.877833
vt 0.232887 0.871421
vt 0.901737 0.657485
vt 0.907676 0.654520
vt 0.914619 0.649724
vt 0.921502 0.644889
vt 0.927980 0.640025
vt 0.934282 0.635424
vt 0.906255 0.663751
vt 0.912940 0.660104
vt 0.911347 0.669056
vt 0.920110 0.655832
vt 0.918267 0.665645
vt 0.916464 0.674355
vt 0.927018 0.650562
vt 0.925475 0.661215
vt 0.923484 0.670693
vt 0.921402 0.678571
vt 0.933493 0.645438
vt 0.932518 0.656203
vt 0.930269 0.665632
vt 0.070804 0.619297
vt 0.061389 0.617150
vt 0.067200 0.613403
vt 0.058051 0.610875
vt 0.053090 0.614917
vt 0.816321 0.735143
vt 0.812427 0.732342
vt 0.817819 0.726333
vt 0.812427 0.723575
vt 0.816699 0.716548
vt 0.938342 0.640354
vt 0.938481 0.650631
vt 0.082589 0.631128
vt 0.073990 0.625720
vt 0.080325 0.623595
vt 0.936636 0.660351
vt 0.064547 0.623327
vt 0.056429 0.619874
vt 0.048757 0.619266
vt 0.042055 0.617248
vt 0.873735 0.232363
vt 0.869463 0.239429
vt 0.864836 0.246306
vt 0.860823 0.250972
vt 0.856877 0.255846
vt 0.030614 0.617435
vt 0.867184 0.229190
vt 0.862453 0.235745
vt 0.860328 0.225192
vt 0.857876 0.241913
vt 0.854967 0.231871
vt 0.853199 0.221021
vt 0.853653 0.247500
vt 0.850296 0.238101
vt 0.848120 0.227237
vt 0.929771 0.182930
vt 0.931421 0.171484
vt 0.937011 0.178997
vt 0.024237 0.613482
vt 0.022441 0.619948
vt 0.015810 0.618052
vt 0.013419 0.623795
vt 0.846658 0.243295
vt 0.918331 0.192165
vt 0.921717 0.184483
vt 0.926465 0.191437
vt 0.924327 0.174074
vt 0.926684 0.165228
vt 0.140086 0.958591
vt 0.035814 0.619918
vt 0.028382 0.621792
vt 0.020682 0.626228
vt 0.014166 0.633683
vt 0.006168 0.631582
vt 0.007486 0.640762
vt 0.917156 0.176027
vt 0.919952 0.167463
vt 0.922396 0.159471
vt 0.711657 0.887832
vt 0.453599 0.971376
vt 0.453599 0.980936
vt 0.450189 0.975379
vt 0.974233 0.342726
vt 0.974233 0.353048
vt 0.971002 0.347457
vt 0.942206 0.120646
vt 0.947419 0.125289
vt 0.938257 0.126698
vt 0.932885 0.133179
vt 0.928237 0.139219
vt 0.707220 0.892572
vt 0.712799 0.892755
vt 0.708838 0.898260
vt 0.702663 0.898126
vt 0.966204 0.980852
vt 0.945261 0.115317
vt 0.980936 0.790703
vt 0.980936 0.799943
vt 0.974742 0.793820
vt 0.643548 0.965944
vt 0.647999 0.972854
vt 0.643548 0.976467
vt 0.960831 0.987640
vt 0.960798 0.978101
vt 0.590264 0.965889
vt 0.594371 0.972833
vt 0.590264 0.976467
vt 0.936343 0.115551
vt 0.941411 0.108614
vt 0.934066 0.104086
vt 0.954529 0.982975
vt 0.954756 0.973725
vt 0.931576 0.122176
vt 0.929229 0.110871
vt 0.926541 0.099811
vt 0.948219 0.978009
vt 0.923640 0.089718
vt 0.930723 0.094558
vt 0.948568 0.969321
vt 0.926344 0.129015
vt 0.924590 0.117329
vt 0.921906 0.106004
vt 0.919029 0.095822
vt 0.916236 0.087298
vt 0.942855 0.963936
vt 0.921567 0.135288
vt 0.919447 0.124714
vt 0.917015 0.113136
vt 0.914305 0.102805
vt 0.911786 0.094476
vt 0.909586 0.087588
vt 0.938428 0.958369
vt 0.720685 0.186279
vt 0.968844 0.913997
vt 0.964107 0.917409
vt 0.958791 0.921525
vt 0.953019 0.926320
vt 0.947393 0.932431
vt 0.942518 0.938444
vt 0.722349 0.192165
vt 0.715727 0.186169
vt 0.963157 0.910215
vt 0.270686 0.969764
vt 0.266183 0.967174
vt 0.270889 0.961961
vt 0.957940 0.913767
vt 0.957143 0.905879
vt 0.261511 0.964782
vt 0.978702 0.606425
vt 0.972154 0.611204
vt 0.971128 0.604417
vt 0.952274 0.918416
vt 0.951425 0.909429
vt 0.255089 0.968971
vt 0.256191 0.960773
vt 0.946500 0.923760
vt 0.978702 0.614482
vt 0.945663 0.915149
vt 0.944999 0.907187
vt 0.249445 0.963657
vt 0.250726 0.955494
vt 0.941076 0.929672
vt 0.940147 0.921122
vt 0.939103 0.912185
vt 0.242455 0.966205
vt 0.244075 0.957977
vt 0.245593 0.950002
vt 0.936644 0.935787
vt 0.935178 0.927253
vt 0.934038 0.918651
vt 0.933287 0.910465
vt 0.237259 0.960362
vt 0.239086 0.952528
vt 0.240940 0.944715
vt 0.237293 0.936781
vt 0.230926 0.935910
vt 0.235017 0.928772
vt 0.224480 0.934103
vt 0.227913 0.926991
vt 0.070419 0.708909
vt 0.078353 0.705595
vt 0.075806 0.715889
vt 0.064616 0.701324
vt 0.073343 0.698986
vt 0.059458 0.694630
vt 0.067012 0.691298
vt 0.061152 0.684221
vt 0.233033 0.919293
vt 0.084353 0.713149
vt 0.085914 0.701558
vt 0.226653 0.916623
vt 0.231826 0.909531
vt 0.081144 0.694957
vt 0.086657 0.689938
vt 0.225858 0.906724
vt 0.231089 0.900504
vt 0.074424 0.687371
vt 0.081542 0.683232
vt 0.088020 0.679047
vt 0.224734 0.897045
vt 0.229945 0.891431
vt 0.068625 0.680497
vt 0.075862 0.676477
vt 0.083151 0.672387
vt 0.087882 0.668687
vt 0.224480 0.888701
vt 0.171789 0.552598
vt 0.176504 0.548791
vt 0.176621 0.558620
vt 0.180834 0.554678
vt 0.180993 0.545214
vt 0.062330 0.674048
vt 0.070274 0.669950
vt 0.077252 0.665933
vt 0.083803 0.662064
vt 0.299420 0.942687
vt 0.299420 0.951478
vt 0.293660 0.948014
vt 0.293936 0.956357
vt 0.171789 0.542833
vt 0.412403 0.944937
vt 0.417088 0.940344
vt 0.417848 0.947419
vt 0.175580 0.539874
vt 0.179659 0.536859
vt 0.175319 0.530469
vt 0.412713 0.936142
vt 0.084238 0.651603
vt 0.088537 0.658944
vt 0.078022 0.655132
vt 0.070518 0.659492
vt 0.062541 0.664206
vt 0.055084 0.668640
vt 0.417848 0.932478
vt 0.978637 0.419904
vt 0.983171 0.413314
vt 0.983171 0.422316
vt 0.089379 0.648729
vt 0.082858 0.641966
vt 0.087953 0.639598
vt 0.076638 0.645194
vt 0.075789 0.634703
vt 0.069795 0.648904
vt 0.068464 0.638920
vt 0.067070 0.629300
vt 0.062283 0.653331
vt 0.060992 0.643439
vt 0.059719 0.633792
vt 0.058168 0.625696
vt 0.054617 0.658236
vt 0.053645 0.647871
vt 0.052462 0.638262
vt 0.051157 0.630385
vt 0.049960 0.623168
vt 0.047459 0.663026
vt 0.046411 0.652685
vt 0.045343 0.643295
vt 0.044351 0.635007
vt 0.043357 0.626272
vt 0.042657 0.621416
vt 0.036001 0.624780
vt 0.036502 0.631672
vt 0.037263 0.640095
vt 0.037888 0.648504
vt 0.039387 0.659674
vt 0.040900 0.670011
vt 0.028497 0.628629
vt 0.028678 0.636337
vt 0.020950 0.634576
vt 0.029282 0.645590
vt 0.021294 0.643550
vt 0.014363 0.642335
vt 0.031062 0.656806
vt 0.021939 0.653344
vt 0.014585 0.651482
vt 0.905747 0.166787
vt 0.913234 0.166865
vt 0.910005 0.175124
vt 0.008840 0.650484
vt 0.032580 0.667114
vt 0.023802 0.664141
vt 0.015026 0.661244
vt 0.901329 0.157830
vt 0.909159 0.158908
vt 0.916258 0.159353
vt 0.034789 0.676787
vt 0.026593 0.674374
vt 0.017459 0.671707
vt 0.009729 0.669166
vt 0.905160 0.149628
vt 0.912474 0.150686
vt 0.919001 0.151870
vt 0.234884 0.944509
vt 0.232693 0.952333
vt 0.053718 0.739612
vt 0.058284 0.733830
vt 0.063088 0.738602
vt 0.044370 0.739384
vt 0.048527 0.733102
vt 0.035571 0.737924
vt 0.039265 0.732782
vt 0.932994 0.943375
vt 0.228386 0.943340
vt 0.067752 0.732238
vt 0.062681 0.726130
vt 0.072026 0.724399
vt 0.067070 0.718274
vt 0.052923 0.726971
vt 0.057225 0.718904
vt 0.061210 0.710208
vt 0.043246 0.727321
vt 0.047565 0.721100
vt 0.052001 0.712935
vt 0.056013 0.703563
vt 0.030457 0.732253
vt 0.033891 0.727270
vt 0.037757 0.721333
vt 0.042168 0.713017
vt 0.046504 0.704416
vt 0.050518 0.695577
vt 0.929564 0.951109
vt 0.025476 0.725827
vt 0.028681 0.720516
vt 0.032725 0.713272
vt 0.037126 0.705047
vt 0.041726 0.695713
vt 0.917017 0.143294
vt 0.909769 0.141569
vt 0.010770 0.679614
vt 0.021071 0.682001
vt 0.029714 0.684367
vt 0.038080 0.686341
vt 0.914609 0.133136
vt 0.901704 0.139662
vt 0.906798 0.130745
vt 0.911918 0.121774
vt 0.014719 0.690715
vt 0.006168 0.687851
vt 0.009752 0.699260
vt 0.903908 0.119307
vt 0.909248 0.110934
vt 0.024394 0.692794
vt 0.019399 0.701334
vt 0.014503 0.709933
vt 0.901329 0.108378
vt 0.906561 0.099940
vt 0.033460 0.694488
vt 0.028411 0.703424
vt 0.023658 0.712003
vt 0.019847 0.719087
vt 0.010497 0.717583
vt 0.683750 0.978702
vt 0.678196 0.976967
vt 0.683750 0.969254
vt 0.677602 0.968220
vt 0.904694 0.092801
vt 0.013407 0.879851
vt 0.006478 0.882619
vt 0.006478 0.875632
vt 0.933201 0.958859
s 1
f 1/1/1 20/2/20 19/3/19
f 2/4/2 26/5/26 40/6/40
f 1/1/1 19/3/19 54/7/54
f 1/1/1 54/7/54 68/8/68
f 1/1/1 68/8/68 41/9/41
f 2/10/2 40/11/40 89/12/89
f 3/13/3 33/14/33 103/15/103
f 4/16/4 61/17/61 117/18/117
f 5/19/5 75/20/75 131/21/131
f 6/22/6 82/23/82 145/24/145
f 2/10/2 89/12/89 104/25/104
f 3/13/3 103/15/103 118/26/118
f 4/16/4 117/18/117 132/27/132
f 5/19/5 131/21/131 146/28/146
f 6/22/6 145/24/145 90/29/90
f 7/30/7 159/31/159 194/32/194
f 8/33/8 166/34/166 208/35/208
f 9/36/9 173/37/173 215/38/215
f 10/39/10 180/40/180 222/41/222
f 11/42/11 187/43/187 195/44/195
f 201/45/201 216/46/216 12/47/12
f 200/48/200 223/49/223 201/45/201
f 199/50/199 224/51/224 200/48/200
f 198/52/198 226/53/226 199/50/199
f 197/54/197 229/55/229 198/52/198
f 196/56/196 233/57/233 197/54/197
f 195/44/195 238/58/238 196/56/196
f 201/45/201 223/49/223 216/46/216
f 223/49/223 217/59/217 216/46/216
f 200/48/200 224/51/224 223/49/223
f 224/51/224 225/60/225 223/49/223
f 223/49/223 225/60/225 217/59/217
f 225/60/225 218/61/218 217/59/217
f 199/50/199 226/53/226 224/51/224
f 226/53/226 227/62/227 224/51/224
f 224/51/224 227/62/227 225/60/225
f 227/62/227 228/63/228 225/60/225
f 225/60/225 228/63/228 218/61/218
f 228/63/228 219/64/219 218/61/218
f 198/52/198 229/55/229 226/53/226
f 229/55/229 230/65/230 226/53/226
f 226/53/226 230/65/230 227/62/227
f 230/65/230 231/66/231 227/62/227
f 227/62/227 231/66/231 228/63/228
f 231/66/231 232/67/232 228/63/228
f 228/63/228 232/67/232 219/64/219
f 232/67/232 220/68/220 219/64/219
f 197/54/197 233/57/233 229/55/229
f 233/57/233 234/69/234 229/55/229
f 229/55/229 234/69/234 230/65/230
f 234/69/234 235/70/235 230/65/230
f 230/65/230 235/70/235 231/66/231
f 235/70/235 236/71/236 231/66/231
f 231/66/231 236/71/236 232/67/232
f 236/71/236 237/72/237 232/67/232
f 232/67/232 237/72/237 220/68/220
f 237/72/237 221/73/221 220/68/220
f 196/56/196 238/58/238 233/57/233
f 238/58/238 239/74/239 233/57/233
f 233/57/233 239/74/239 234/69/234
f 239/74/239 240/75/240 234/69/234
f 234/69/234 240/75/240 235/70/235
f 240/75/240 241/76/241 235/70/235
f 235/70/235 241/76/241 236/71/236
f 241/76/241 242/77/242 236/71/236
f 236/71/236 242/77/242 237/72/237
f 242/77/242 243/78/243 237/72/237
f 237/72/237 243/78/243 221/73/221
f 243/78/243 222/41/222 221/73/221
f 195/44/195 187/43/187 238/58/238
f 187/43/187 186/79/186 238/58/238
f 238/58/238 186/79/186 239/74/239
f 186/79/186 185/80/185 239/74/239
f 239/74/239 185/80/185 240/75/240
f 185/80/185 184/81/184 240/75/240
f 240/75/240 184/81/184 241/76/241
f 184/81/184 183/82/183 241/76/241
f 241/76/241 183/82/183 242/77/242
f 183/82/183 182/83/182 242/77/242
f 242/77/242 182/83/182 243/78/243
f 182/83/182 181/84/181 243/78/243
f 243/78/243 181/84/181 222/41/222
f 181/84/181 10/39/10 222/41/222
f 216/46/216 209/85/209 12/47/12
f 217/59/217 244/86/244 216/46/216
f 218/61/218 245/87/245 217/59/217
f 219/64/219 247/88/247 218/61/218
f 220/68/220 250/89/250 219/64/219
f 221/73/221 254/90/254 220/68/220
f 222/41/222 259/91/259 221/73/221
f 216/46/216 244/86/244 209/85/209
f 244/86/244 210/92/210 209/85/209
f 217/59/217 245/87/245 244/86/244
f 245/87/245 246/93/246 244/86/244
f 244/86/244 246/93/246 210/92/210
f 246/93/246 211/94/211 210/92/210
f 218/61/218 247/88/247 245/87/245
f 247/88/247 248/95/248 245/87/245
f 245/87/245 248/95/248 246/93/246
f 248/95/248 249/96/249 246/93/246
f 246/93/246 249/96/249 211/94/211
f 249/96/249 212/97/212 211/94/211
f 219/64/219 250/89/250 247/88/247
f 250/89/250 251/98/251 247/88/247
f 247/88/247 251/98/251 248/95/248
f 251/98/251 252/99/252 248/95/248
f 248/95/248 252/99/252 249/96/249
f 252/99/252 253/100/253 249/96/249
f 249/96/249 253/100/253 212/97/212
f 253/100/253 213/101/213 212/97/212
f 220/68/220 254/90/254 250/89/250
f 254/90/254 255/102/255 250/89/250
f 250/89/250 255/102/255 251/98/251
f 255/102/255 256/103/256 251/98/251
f 251/98/251 256/103/256 252/99/252
f 256/103/256 257/104/257 252/99/252
f 252/99/252 257/104/257 253/100/253
f 257/104/257 258/105/258 253/100/253
f 253/100/253 258/105/258 213/101/213
f 258/106/258 214/107/214 213/108/213
f 221/73/221 259/91/259 254/90/254
f 259/91/259 260/109/260 254/90/254
f 254/90/254 260/109/260 255/102/255
f 260/109/260 261/110/261 255/102/255
f 255/102/255 261/110/261 256/103/256
f 261/110/261 262/111/262 256/103/256
f 256/103/256 262/111/262 257/104/257
f 262/111/262 263/112/263 257/104/257
f 257/104/257 263/112/263 258/105/258
f 263/112/263 264/113/264 258/105/258
f 258/105/258 264/113/264 214/114/214
f 264/113/264 215/115/215 214/114/214
f 222/41/222 180/40/180 259/91/259
f 180/40/180 179/116/179 259/91/259
f 259/91/259 179/116/179 260/109/260
f 179/116/179 178/117/178 260/109/260
f 260/109/260 178/117/178 261/110/261
f 178/118/178 177/119/177 261/120/261
f 261/110/261 177/121/177 262/111/262
f 177/122/177 176/123/176 262/124/262
f 262/124/262 176/123/176 263/125/263
f 176/123/176 175/126/175 263/125/263
f 263/112/263 175/127/175 264/113/264
f 175/128/175 174/129/174 264/130/264
f 264/130/264 174/129/174 215/38/215
f 174/129/174 9/36/9 215/38/215
f 209/85/209 202/131/202 12/47/12
f 210/92/210 265/132/265 209/85/209
f 211/94/211 266/133/266 210/92/210
f 212/97/212 268/134/268 211/94/211
f 213/101/213 271/135/271 212/97/212
f 214/107/214 275/136/275 213/108/213
f 215/115/215 280/137/280 214/114/214
f 209/85/209 265/132/265 202/131/202
f 265/132/265 203/138/203 202/131/202
f 210/92/210 266/133/266 265/132/265
f 266/133/266 267/139/267 265/132/265
f 265/132/265 267/139/267 203/138/203
f 267/139/267 204/140/204 203/138/203
f 211/94/211 268/134/268 266/133/266
f 268/134/268 269/141/269 266/133/266
f 266/133/266 269/141/269 267/139/267
f 269/141/269 270/142/270 267/139/267
f 267/139/267 270/142/270 204/140/204
f 270/142/270 205/143/205 204/140/204
f 212/97/212 271/135/271 268/134/268
f 271/135/271 272/144/272 268/134/268
f 268/134/268 272/144/272 269/141/269
f 272/144/272 273/145/273 269/141/269
f 269/141/269 273/145/273 270/142/270
f 273/145/273 274/146/274 270/142/270
f 270/142/270 274/146/274 205/143/205
f 274/146/274 206/147/206 205/143/205
f 213/101/213 275/148/275 271/135/271
f 275/148/275 276/149/276 271/135/271
f 271/135/271 276/149/276 272/144/272
f 276/149/276 277/150/277 272/144/272
f 272/144/272 277/150/277 273/145/273
f 277/150/277 278/151/278 273/145/273
f 273/145/273 278/151/278 274/146/274
f 278/151/278 279/152/279 274/146/274
f 274/146/274 279/152/279 206/147/206
f 279/152/279 207/153/207 206/147/206
f 214/114/214 280/137/280 275/148/275
f 280/137/280 281/154/281 275/148/275
f 275/148/275 281/154/281 276/149/276
f 281/154/281 282/155/282 276/149/276
f 276/149/276 282/155/282 277/150/277
f 282/155/282 283/156/283 277/150/277
f 277/150/277 283/156/283 278/151/278
f 283/157/283 284/158/284 278/159/278
f 278/159/278 284/158/284 279/160/279
f 284/158/284 285/161/285 279/160/279
f 279/160/279 285/161/285 207/162/207
f 285/161/285 208/35/208 207/162/207
f 215/38/215 173/37/173 280/163/280
f 173/37/173 172/164/172 280/163/280
f 280/163/280 172/164/172 281/165/281
f 172/164/172 171/166/171 281/165/281
f 281/154/281 171/167/171 282/155/282
f 171/168/171 170/169/170 282/170/282
f 282/170/282 170/169/170 283/157/283
f 170/169/170 169/171/169 283/157/283
f 283/157/283 169/171/169 284/158/284
f 169/171/169 168/172/168 284/158/284
f 284/158/284 168/172/168 285/161/285
f 168/173/168 167/174/167 285/175/285
f 285/175/285 167/174/167 208/176/208
f 167/177/167 8/33/8 208/35/208
f 202/131/202 188/178/188 12/47/12
f 203/138/203 286/179/286 202/131/202
f 204/140/204 287/180/287 203/138/203
f 205/143/205 289/181/289 204/140/204
f 206/147/206 292/182/292 205/143/205
f 207/153/207 296/183/296 206/147/206
f 208/35/208 301/184/301 207/162/207
f 202/131/202 286/179/286 188/178/188
f 286/179/286 189/185/189 188/178/188
f 203/138/203 287/180/287 286/179/286
f 287/180/287 288/186/288 286/179/286
f 286/179/286 288/186/288 189/185/189
f 288/186/288 190/187/190 189/185/189
f 204/140/204 289/181/289 287/180/287
f 289/181/289 290/188/290 287/180/287
f 287/180/287 290/188/290 288/186/288
f 290/188/290 291/189/291 288/186/288
f 288/186/288 291/189/291 190/187/190
f 291/189/291 191/190/191 190/187/190
f 205/143/205 292/182/292 289/181/289
f 292/182/292 293/191/293 289/181/289
f 289/181/289 293/191/293 290/188/290
f 293/191/293 294/192/294 290/188/290
f 290/188/290 294/192/294 291/189/291
f 294/192/294 295/193/295 291/189/291
f 291/189/291 295/193/295 191/190/191
f 295/193/295 192/194/192 191/190/191
f 206/147/206 296/183/296 292/182/292
f 296/183/296 297/195/297 292/182/292
f 292/196/292 297/197/297 293/198/293
f 297/197/297 298/199/298 293/198/293
f 293/198/293 298/199/298 294/200/294
f 298/199/298 299/201/299 294/200/294
f 294/192/294 299/202/299 295/193/295
f 299/202/299 300/203/300 295/193/295
f 295/193/295 300/203/300 192/194/192
f 300/203/300 193/204/193 192/194/192
f 207/153/207 301/205/301 296/183/296
f 301/205/301 302/206/302 296/183/296
f 296/207/296 302/208/302 297/209/297
f 302/208/302 303/210/303 297/209/297
f 297/195/297 303/211/303 298/212/298
f 303/211/303 304/213/304 298/212/298
f 298/212/298 304/213/304 299/202/299
f 304/213/304 305/214/305 299/202/299
f 299/202/299 305/214/305 300/203/300
f 305/214/305 306/215/306 300/203/300
f 300/203/300 306/215/306 193/204/193
f 306/216/306 194/217/194 193/218/193
f 208/35/208 166/34/166 301/184/301
f 166/34/166 165/219/165 301/184/301
f 301/205/301 165/220/165 302/206/302
f 165/220/165 164/221/164 302/206/302
f 302/208/302 164/222/164 303/210/303
f 164/222/164 163/223/163 303/210/303
f 303/210/303 163/223/163 304/224/304
f 163/223/163 162/225/162 304/224/304
f 304/224/304 162/225/162 305/226/305
f 162/225/162 161/227/161 305/226/305
f 305/214/305 161/228/161 306/215/306
f 161/229/161 160/230/160 306/216/306
f 306/216/306 160/230/160 194/217/194
f 160/230/160 7/231/7 194/217/194
f 188/178/188 201/45/201 12/47/12
f 189/185/189 307/232/307 188/178/188
f 190/187/190 308/233/308 189/185/189
f 191/190/191 310/234/310 190/187/190
f 192/194/192 313/235/313 191/190/191
f 193/204/193 317/236/317 192/194/192
f 194/217/194 322/237/322 193/218/193
f 188/178/188 307/232/307 201/45/201
f 307/232/307 200/48/200 201/45/201
f 189/185/189 308/233/308 307/232/307
f 308/233/308 309/238/309 307/232/307
f 307/232/307 309/238/309 200/48/200
f 309/238/309 199/50/199 200/48/200
f 190/187/190 310/234/310 308/233/308
f 310/234/310 311/239/311 308/233/308
f 308/233/308 311/239/311 309/238/309
f 311/239/311 312/240/312 309/238/309
f 309/238/309 312/240/312 199/50/199
f 312/240/312 198/52/198 199/50/199
f 191/190/191 313/235/313 310/234/310
f 313/235/313 314/241/314 310/234/310
f 310/234/310 314/241/314 311/239/311
f 314/241/314 315/242/315 311/239/311
f 311/239/311 315/242/315 312/240/312
f 315/242/315 316/243/316 312/240/312
f 312/240/312 316/243/316 198/52/198
f 316/243/316 197/54/197 198/52/198
f 192/194/192 317/236/317 313/235/313
f 317/236/317 318/244/318 313/235/313
f 313/235/313 318/244/318 314/241/314
f 318/244/318 319/245/319 314/241/314
f 314/241/314 319/245/319 315/242/315
f 319/245/319 320/246/320 315/242/315
f 315/242/315 320/246/320 316/243/316
f 320/246/320 321/247/321 316/243/316
f 316/243/316 321/247/321 197/54/197
f 321/247/321 196/56/196 197/54/197
f 193/204/193 322/248/322 317/236/317
f 322/248/322 323/249/323 317/236/317
f 317/236/317 323/249/323 318/244/318
f 323/249/323 324/250/324 318/244/318
f 318/244/318 324/250/324 319/245/319
f 324/250/324 325/251/325 319/245/319
f 319/245/319 325/251/325 320/246/320
f 325/251/325 326/252/326 320/246/320
f 320/246/320 326/252/326 321/247/321
f 326/252/326 327/253/327 321/247/321
f 321/247/321 327/253/327 196/56/196
f 327/253/327 195/44/195 196/56/196
f 194/254/194 159/255/159 322/256/322
f 159/255/159 158/257/158 322/256/322
f 322/258/322 158/259/158 323/260/323
f 158/259/158 157/261/157 323/260/323
f 323/249/323 157/262/157 324/250/324
f 157/262/157 156/263/156 324/250/324
f 324/250/324 156/263/156 325/251/325
f 156/263/156 155/264/155 325/251/325
f 325/251/325 155/264/155 326/252/326
f 155/264/155 154/265/154 326/252/326
f 326/252/326 154/265/154 327/253/327
f 154/265/154 153/266/153 327/253/327
f 327/253/327 153/266/153 195/44/195
f 153/266/153 11/42/11 195/44/195
f 96/267/96 187/268/187 11/269/11
f 95/270/95 328/271/328 96/267/96
f 94/272/94 329/273/329 95/270/95
f 93/274/93 331/275/331 94/272/94
f 92/276/92 334/277/334 93/278/93
f 91/279/91 338/280/338 92/276/92
f 90/29/90 343/281/343 91/279/91
f 96/267/96 328/271/328 187/268/187
f 328/282/328 186/79/186 187/43/187
f 95/270/95 329/273/329 328/271/328
f 329/273/329 330/283/330 328/271/328
f 328/282/328 330/284/330 186/79/186
f 330/284/330 185/80/185 186/79/186
f 94/272/94 331/275/331 329/273/329
f 331/285/331 332/286/332 329/287/329
f 329/288/329 332/289/332 330/290/330
f 332/289/332 333/291/333 330/290/330
f 330/284/330 333/292/333 185/80/185
f 333/292/333 184/81/184 185/80/185
f 93/278/93 334/277/334 331/293/331
f 334/277/334 335/294/335 331/293/331
f 331/293/331 335/294/335 332/289/332
f 335/294/335 336/295/336 332/289/332
f 332/289/332 336/295/336 333/291/333
f 336/295/336 337/296/337 333/291/333
f 333/292/333 337/297/337 184/81/184
f 337/297/337 183/82/183 184/81/184
f 92/276/92 338/280/338 334/277/334
f 338/280/338 339/298/339 334/277/334
f 334/277/334 339/298/339 335/294/335
f 339/298/339 340/299/340 335/294/335
f 335/294/335 340/299/340 336/295/336
f 340/299/340 341/300/341 336/295/336
f 336/295/336 341/300/341 337/296/337
f 341/300/341 342/301/342 337/296/337
f 337/296/337 342/301/342 183/302/183
f 342/301/342 182/303/182 183/302/183
f 91/279/91 343/281/343 338/280/338
f 343/281/343 344/304/344 338/280/338
f 338/280/338 344/304/344 339/298/339
f 344/304/344 345/305/345 339/298/339
f 339/298/339 345/305/345 340/299/340
f 345/305/345 346/306/346 340/299/340
f 340/299/340 346/306/346 341/300/341
f 346/306/346 347/307/347 341/300/341
f 341/300/341 347/307/347 342/301/342
f 347/307/347 348/308/348 342/301/342
f 342/301/342 348/308/348 182/303/182
f 348/308/348 181/309/181 182/303/182
f 90/29/90 145/24/145 343/281/343
f 145/24/145 144/310/144 343/281/343
f 343/281/343 144/310/144 344/304/344
f 144/310/144 143/311/143 344/304/344
f 344/304/344 143/311/143 345/305/345
f 143/311/143 142/312/142 345/305/345
f 345/305/345 142/312/142 346/306/346
f 142/312/142 141/313/141 346/306/346
f 346/306/346 141/313/141 347/307/347
f 141/313/141 140/314/140 347/307/347
f 347/307/347 140/314/140 348/308/348
f 140/314/140 139/315/139 348/308/348
f 348/308/348 139/315/139 181/309/181
f 139/316/139 10/317/10 181/318/181
f 152/319/152 180/40/180 10/39/10
f 151/320/151 349/321/349 152/322/152
f 150/323/150 350/324/350 151/320/151
f 149/325/149 352/326/352 150/327/150
f 148/328/148 355/329/355 149/330/149
f 147/331/147 359/332/359 148/328/148
f 146/28/146 364/333/364 147/331/147
f 152/319/152 349/334/349 180/40/180
f 349/334/349 179/116/179 180/40/180
f 151/320/151 350/324/350 349/321/349
f 350/324/350 351/335/351 349/321/349
f 349/321/349 351/335/351 179/336/179
f 351/335/351 178/337/178 179/336/179
f 150/327/150 352/326/352 350/338/350
f 352/326/352 353/339/353 350/338/350
f 350/338/350 353/339/353 351/340/351
f 353/341/353 354/342/354 351/343/351
f 351/344/351 354/345/354 178/346/178
f 354/345/354 177/347/177 178/346/178
f 149/325/149 355/348/355 352/326/352
f 355/329/355 356/349/356 352/350/352
f 352/350/352 356/349/356 353/341/353
f 356/349/356 357/351/357 353/341/353
f 353/341/353 357/351/357 354/342/354
f 357/351/357 358/352/358 354/342/354
f 354/345/354 358/353/358 177/347/177
f 358/353/358 176/354/176 177/347/177
f 148/328/148 359/332/359 355/329/355
f 359/332/359 360/355/360 355/329/355
f 355/329/355 360/355/360 356/349/356
f 360/355/360 361/356/361 356/349/356
f 356/349/356 361/356/361 357/351/357
f 361/356/361 362/357/362 357/351/357
f 357/351/357 362/357/362 358/352/358
f 362/357/362 363/358/363 358/352/358
f 358/353/358 363/359/363 176/354/176
f 363/359/363 175/360/175 176/354/176
f 147/331/147 364/333/364 359/332/359
f 364/333/364 365/361/365 359/332/359
f 359/332/359 365/361/365 360/355/360
f 365/361/365 366/362/366 360/355/360
f 360/355/360 366/362/366 361/356/361
f 366/362/366 367/363/367 361/356/361
f 361/356/361 367/363/367 362/357/362
f 367/363/367 368/364/368 362/357/362
f 362/357/362 368/364/368 363/358/363
f 368/364/368 369/365/369 363/358/363
f 363/358/363 369/365/369 175/128/175
f 369/365/369 174/129/174 175/128/175
f 146/28/146 131/21/131 364/333/364
f 131/21/131 130/366/130 364/333/364
f 364/333/364 130/366/130 365/361/365
f 130/366/130 129/367/129 365/361/365
f 365/361/365 129/367/129 366/362/366
f 129/367/129 128/368/128 366/362/366
f 366/362/366 128/368/128 367/363/367
f 128/368/128 127/369/127 367/363/367
f 367/363/367 127/369/127 368/364/368
f 127/369/127 126/370/126 368/364/368
f 368/364/368 126/370/126 369/365/369
f 126/371/126 125/372/125 369/373/369
f 369/365/369 125/374/125 174/129/174
f 125/375/125 9/376/9 174/377/174
f 138/378/138 173/37/173 9/36/9
f 137/379/137 370/380/370 138/378/138
f 136/381/136 371/382/371 137/379/137
f 135/383/135 373/384/373 136/381/136
f 134/385/134 376/386/376 135/383/135
f 133/387/133 380/388/380 134/385/134
f 132/389/132 385/390/385 133/387/133
f 138/378/138 370/380/370 173/37/173
f 370/380/370 172/164/172 173/37/173
f 137/379/137 371/382/371 370/380/370
f 371/382/371 372/391/372 370/380/370
f 370/380/370 372/391/372 172/164/172
f 372/391/372 171/166/171 172/164/172
f 136/381/136 373/384/373 371/382/371
f 373/384/373 374/392/374 371/382/371
f 371/382/371 374/392/374 372/391/372
f 374/392/374 375/393/375 372/391/372
f 372/391/372 375/393/375 171/166/171
f 375/394/375 170/169/170 171/168/171
f 135/383/135 376/386/376 373/384/373
f 376/386/376 377/395/377 373/384/373
f 373/384/373 377/395/377 374/392/374
f 377/396/377 378/397/378 374/398/374
f 374/398/374 378/397/378 375/394/375
f 378/397/378 379/399/379 375/394/375
f 375/394/375 379/399/379 170/169/170
f 379/399/379 169/171/169 170/169/170
f 134/385/134 380/388/380 376/386/376
f 380/400/380 381/401/381 376/402/376
f 376/402/376 381/401/381 377/396/377
f 381/401/381 382/403/382 377/396/377
f 377/396/377 382/403/382 378/397/378
f 382/403/382 383/404/383 378/397/378
f 378/397/378 383/404/383 379/399/379
f 383/404/383 384/405/384 379/399/379
f 379/399/379 384/405/384 169/171/169
f 384/405/384 168/172/168 169/171/169
f 133/387/133 385/390/385 380/388/380
f 385/406/385 386/407/386 380/400/380
f 380/400/380 386/407/386 381/401/381
f 386/407/386 387/408/387 381/401/381
f 381/401/381 387/408/387 382/403/382
f 387/408/387 388/409/388 382/403/382
f 382/403/382 388/409/388 383/404/383
f 388/409/388 389/410/389 383/404/383
f 383/404/383 389/410/389 384/405/384
f 389/410/389 390/411/390 384/405/384
f 384/405/384 390/411/390 168/172/168
f 390/411/390 167/177/167 168/172/168
f 132/27/132 117/18/117 385/412/385
f 117/18/117 116/413/116 385/412/385
f 385/406/385 116/414/116 386/407/386
f 116/414/116 115/415/115 386/407/386
f 386/407/386 115/415/115 387/408/387
f 115/415/115 114/416/114 387/408/387
f 387/408/387 114/416/114 388/409/388
f 114/416/114 113/417/113 388/409/388
f 388/409/388 113/417/113 389/410/389
f 113/417/113 112/418/112 389/410/389
f 389/410/389 112/418/112 390/411/390
f 112/418/112 111/419/111 390/411/390
f 390/411/390 111/419/111 167/177/167
f 111/419/111 8/33/8 167/177/167
f 124/420/124 166/34/166 8/33/8
f 123/421/123 391/422/391 124/420/124
f 122/423/122 392/424/392 123/421/123
f 121/425/121 394/426/394 122/423/122
f 120/427/120 397/428/397 121/429/121
f 119/430/119 401/431/401 120/432/120
f 118/26/118 406/433/406 119/434/119
f 124/420/124 391/422/391 166/34/166
f 391/422/391 165/219/165 166/34/166
f 123/421/123 392/424/392 391/422/391
f 392/424/392 393/435/393 391/422/391
f 391/422/391 393/435/393 165/219/165
f 393/435/393 164/222/164 165/219/165
f 122/423/122 394/426/394 392/424/392
f 394/426/394 395/436/395 392/424/392
f 392/424/392 395/436/395 393/435/393
f 395/436/395 396/437/396 393/435/393
f 393/435/393 396/437/396 164/222/164
f 396/437/396 163/223/163 164/222/164
f 121/425/121 397/438/397 394/426/394
f 397/438/397 398/439/398 394/426/394
f 394/426/394 398/439/398 395/436/395
f 398/439/398 399/440/399 395/436/395
f 395/436/395 399/440/399 396/437/396
f 399/440/399 400/441/400 396/437/396
f 396/437/396 400/441/400 163/223/163
f 400/441/400 162/225/162 163/223/163
f 120/432/120 401/431/401 397/438/397
f 401/431/401 402/442/402 397/438/397
f 397/438/397 402/442/402 398/439/398
f 402/442/402 403/443/403 398/439/398
f 398/439/398 403/443/403 399/440/399
f 403/443/403 404/444/404 399/440/399
f 399/440/399 404/444/404 400/441/400
f 404/444/404 405/445/405 400/441/400
f 400/441/400 405/445/405 162/225/162
f 405/445/405 161/227/161 162/225/162
f 119/434/119 406/433/406 401/446/401
f 406/433/406 407/447/407 401/446/401
f 401/446/401 407/447/407 402/448/402
f 407/447/407 408/449/408 402/448/402
f 402/448/402 408/449/408 403/450/403
f 408/449/408 409/451/409 403/450/403
f 403/443/403 409/452/409 404/444/404
f 409/452/409 410/453/410 404/444/404
f 404/444/404 410/453/410 405/445/405
f 410/453/410 411/454/411 405/445/405
f 405/455/405 411/456/411 161/457/161
f 411/458/411 160/230/160 161/229/161
f 118/26/118 103/15/103 406/433/406
f 103/15/103 102/459/102 406/433/406
f 406/433/406 102/459/102 407/447/407
f 102/459/102 101/460/101 407/447/407
f 407/461/407 101/462/101 408/463/408
f 101/462/101 100/464/100 408/463/408
f 408/449/408 100/465/100 409/451/409
f 100/465/100 99/466/99 409/451/409
f 409/451/409 99/466/99 410/467/410
f 99/466/99 98/468/98 410/467/410
f 410/453/410 98/469/98 411/454/411
f 98/469/98 97/470/97 411/454/411
f 411/454/411 97/470/97 160/471/160
f 97/472/97 7/473/7 160/474/160
f 110/475/110 159/31/159 7/30/7
f 109/476/109 412/477/412 110/478/110
f 108/479/108 413/480/413 109/476/109
f 107/481/107 415/482/415 108/479/108
f 106/483/106 418/484/418 107/481/107
f 105/485/105 422/486/422 106/483/106
f 104/25/104 427/487/427 105/485/105
f 110/478/110 412/477/412 159/488/159
f 412/477/412 158/259/158 159/488/159
f 109/476/109 413/480/413 412/477/412
f 413/480/413 414/489/414 412/477/412
f 412/477/412 414/489/414 158/259/158
f 414/489/414 157/261/157 158/259/158
f 108/479/108 415/482/415 413/480/413
f 415/482/415 416/490/416 413/480/413
f 413/480/413 416/490/416 414/489/414
f 416/490/416 417/491/417 414/489/414
f 414/489/414 417/491/417 157/261/157
f 417/491/417 156/492/156 157/261/157
f 107/481/107 418/484/418 415/482/415
f 418/484/418 419/493/419 415/482/415
f 415/482/415 419/493/419 416/490/416
f 419/493/419 420/494/420 416/490/416
f 416/490/416 420/494/420 417/491/417
f 420/494/420 421/495/421 417/491/417
f 417/491/417 421/495/421 156/492/156
f 421/495/421 155/496/155 156/492/156
f 106/483/106 422/486/422 418/484/418
f 422/486/422 423/497/423 418/484/418
f 418/484/418 423/497/423 419/493/419
f 423/497/423 424/498/424 419/493/419
f 419/493/419 424/498/424 420/494/420
f 424/498/424 425/499/425 420/494/420
f 420/494/420 425/499/425 421/495/421
f 425/499/425 426/500/426 421/495/421
f 421/501/421 426/502/426 155/264/155
f 426/502/426 154/265/154 155/264/155
f 105/485/105 427/487/427 422/486/422
f 427/487/427 428/503/428 422/486/422
f 422/486/422 428/503/428 423/497/423
f 428/503/428 429/504/429 423/497/423
f 423/497/423 429/504/429 424/498/424
f 429/504/429 430/505/430 424/498/424
f 424/498/424 430/505/430 425/499/425
f 430/505/430 431/506/431 425/499/425
f 425/499/425 431/506/431 426/500/426
f 431/506/431 432/507/432 426/500/426
f 426/500/426 432/507/432 154/508/154
f 432/507/432 153/509/153 154/508/154
f 104/25/104 89/12/89 427/487/427
f 89/12/89 88/510/88 427/487/427
f 427/487/427 88/510/88 428/503/428
f 88/510/88 87/511/87 428/503/428
f 428/503/428 87/511/87 429/504/429
f 87/511/87 86/512/86 429/504/429
f 429/504/429 86/512/86 430/505/430
f 86/512/86 85/513/85 430/505/430
f 430/505/430 85/513/85 431/506/431
f 85/513/85 84/514/84 431/506/431
f 431/506/431 84/514/84 432/507/432
f 84/515/84 83/516/83 432/517/432
f 432/507/432 83/518/83 153/509/153
f 83/518/83 11/269/11 153/509/153
f 139/519/139 152/319/152 10/39/10
f 140/314/140 433/520/433 139/315/139
f 141/313/141 434/521/434 140/314/140
f 142/312/142 436/522/436 141/313/141
f 143/311/143 439/523/439 142/312/142
f 144/310/144 443/524/443 143/311/143
f 145/24/145 448/525/448 144/310/144
f 139/315/139 433/520/433 152/526/152
f 433/520/433 151/527/151 152/526/152
f 140/314/140 434/521/434 433/520/433
f 434/521/434 435/528/435 433/520/433
f 433/520/433 435/528/435 151/527/151
f 435/528/435 150/327/150 151/527/151
f 141/313/141 436/522/436 434/521/434
f 436/522/436 437/529/437 434/521/434
f 434/521/434 437/529/437 435/528/435
f 437/529/437 438/530/438 435/528/435
f 435/528/435 438/530/438 150/327/150
f 438/530/438 149/325/149 150/327/150
f 142/312/142 439/523/439 436/522/436
f 439/523/439 440/531/440 436/522/436
f 436/522/436 440/531/440 437/529/437
f 440/531/440 441/532/441 437/529/437
f 437/529/437 441/532/441 438/530/438
f 441/532/441 442/533/442 438/530/438
f 438/530/438 442/533/442 149/325/149
f 442/533/442 148/534/148 149/325/149
f 143/311/143 443/524/443 439/523/439
f 443/524/443 444/535/444 439/523/439
f 439/523/439 444/535/444 440/531/440
f 444/535/444 445/536/445 440/531/440
f 440/531/440 445/536/445 441/532/441
f 445/536/445 446/537/446 441/532/441
f 441/532/441 446/537/446 442/533/442
f 446/537/446 447/538/447 442/533/442
f 442/533/442 447/538/447 148/534/148
f 447/539/447 147/331/147 148/328/148
f 144/310/144 448/525/448 443/524/443
f 448/525/448 449/540/449 443/524/443
f 443/524/443 449/540/449 444/535/444
f 449/540/449 450/541/450 444/535/444
f 444/535/444 450/541/450 445/536/445
f 450/541/450 451/542/451 445/536/445
f 445/536/445 451/542/451 446/537/446
f 451/542/451 452/543/452 446/537/446
f 446/537/446 452/543/452 447/538/447
f 452/544/452 453/545/453 447/539/447
f 447/539/447 453/545/453 147/331/147
f 453/546/453 146/547/146 147/548/147
f 145/24/145 82/23/82 448/525/448
f 82/23/82 81/549/81 448/525/448
f 448/525/448 81/549/81 449/540/449
f 81/549/81 80/550/80 449/540/449
f 449/540/449 80/550/80 450/541/450
f 80/551/80 79/552/79 450/553/450
f 450/553/450 79/552/79 451/554/451
f 79/552/79 78/555/78 451/554/451
f 451/554/451 78/555/78 452/556/452
f 78/555/78 77/557/77 452/556/452
f 452/556/452 77/557/77 453/558/453
f 77/559/77 76/560/76 453/546/453
f 453/546/453 76/560/76 146/547/146
f 76/560/76 5/561/5 146/547/146
f 125/374/125 138/378/138 9/36/9
f 126/370/126 454/562/454 125/374/125
f 127/369/127 455/563/455 126/370/126
f 128/368/128 457/564/457 127/369/127
f 129/367/129 460/565/460 128/368/128
f 130/366/130 464/566/464 129/367/129
f 131/21/131 469/567/469 130/366/130
f 125/374/125 454/562/454 138/378/138
f 454/562/454 137/379/137 138/378/138
f 126/370/126 455/563/455 454/562/454
f 455/563/455 456/568/456 454/562/454
f 454/562/454 456/568/456 137/379/137
f 456/568/456 136/381/136 137/379/137
f 127/369/127 457/564/457 455/563/455
f 457/564/457 458/569/458 455/563/455
f 455/563/455 458/569/458 456/568/456
f 458/569/458 459/570/459 456/568/456
f 456/568/456 459/570/459 136/381/136
f 459/570/459 135/383/135 136/381/136
f 128/368/128 460/565/460 457/564/457
f 460/565/460 461/571/461 457/564/457
f 457/564/457 461/571/461 458/569/458
f 461/571/461 462/572/462 458/569/458
f 458/569/458 462/572/462 459/570/459
f 462/572/462 463/573/463 459/570/459
f 459/570/459 463/573/463 135/383/135
f 463/573/463 134/385/134 135/383/135
f 129/367/129 464/566/464 460/565/460
f 464/566/464 465/574/465 460/565/460
f 460/565/460 465/574/465 461/571/461
f 465/574/465 466/575/466 461/571/461
f 461/571/461 466/575/466 462/572/462
f 466/575/466 467/576/467 462/572/462
f 462/572/462 467/576/467 463/573/463
f 467/576/467 468/577/468 463/573/463
f 463/573/463 468/577/468 134/385/134
f 468/577/468 133/387/133 134/385/134
f 130/366/130 469/567/469 464/566/464
f 469/567/469 470/578/470 464/566/464
f 464/566/464 470/578/470 465/574/465
f 470/578/470 471/579/471 465/574/465
f 465/574/465 471/579/471 466/575/466
f 471/579/471 472/580/472 466/575/466
f 466/575/466 472/580/472 467/576/467
f 472/581/472 473/582/473 467/583/467
f 467/583/467 473/582/473 468/584/468
f 473/582/473 474/585/474 468/584/468
f 468/577/468 474/586/474 133/387/133
f 474/586/474 132/389/132 133/387/133
f 131/21/131 75/20/75 469/567/469
f 75/20/75 74/587/74 469/567/469
f 469/567/469 74/587/74 470/578/470
f 74/588/74 73/589/73 470/590/470
f 470/590/470 73/589/73 471/591/471
f 73/589/73 72/592/72 471/591/471
f 471/579/471 72/593/72 472/580/472
f 72/592/72 71/594/71 472/595/472
f 472/596/472 71/597/71 473/598/473
f 71/597/71 70/599/70 473/598/473
f 473/598/473 70/599/70 474/600/474
f 70/601/70 69/602/69 474/603/474
f 474/603/474 69/602/69 132/27/132
f 69/602/69 4/16/4 132/27/132
f 111/419/111 124/420/124 8/33/8
f 112/418/112 475/604/475 111/419/111
f 113/417/113 476/605/476 112/418/112
f 114/416/114 478/606/478 113/417/113
f 115/415/115 481/607/481 114/416/114
f 116/414/116 485/608/485 115/415/115
f 117/18/117 490/609/490 116/413/116
f 111/419/111 475/604/475 124/420/124
f 475/604/475 123/421/123 124/420/124
f 112/418/112 476/605/476 475/604/475
f 476/605/476 477/610/477 475/604/475
f 475/604/475 477/610/477 123/421/123
f 477/610/477 122/423/122 123/421/123
f 113/417/113 478/606/478 476/605/476
f 478/606/478 479/611/479 476/605/476
f 476/605/476 479/611/479 477/610/477
f 479/611/479 480/612/480 477/610/477
f 477/610/477 480/612/480 122/423/122
f 480/612/480 121/425/121 122/423/122
f 114/416/114 481/607/481 478/606/478
f 481/607/481 482/613/482 478/606/478
f 478/606/478 482/613/482 479/611/479
f 482/613/482 483/614/483 479/611/479
f 479/611/479 483/614/483 480/612/480
f 483/614/483 484/615/484 480/612/480
f 480/612/480 484/615/484 121/425/121
f 484/616/484 120/427/120 121/429/121
f 115/415/115 485/608/485 481/607/481
f 485/608/485 486/617/486 481/607/481
f 481/607/481 486/617/486 482/613/482
f 486/617/486 487/618/487 482/613/482
f 482/613/482 487/618/487 483/614/483
f 487/618/487 488/619/488 483/614/483
f 483/614/483 488/619/488 484/615/484
f 488/619/488 489/620/489 484/615/484
f 484/615/484 489/620/489 120/432/120
f 489/620/489 119/430/119 120/432/120
f 116/413/116 490/609/490 485/621/485
f 490/622/490 491/623/491 485/608/485
f 485/608/485 491/623/491 486/617/486
f 491/623/491 492/624/492 486/617/486
f 486/625/486 492/626/492 487/627/487
f 492/626/492 493/628/493 487/627/487
f 487/629/487 493/630/493 488/631/488
f 493/630/493 494/632/494 488/631/488
f 488/631/488 494/632/494 489/633/489
f 494/632/494 495/634/495 489/633/489
f 489/633/489 495/634/495 119/434/119
f 495/634/495 118/26/118 119/434/119
f 117/18/117 61/17/61 490/609/490
f 61/17/61 60/635/60 490/609/490
f 490/609/490 60/635/60 491/636/491
f 60/635/60 59/637/59 491/636/491
f 491/636/491 59/637/59 492/626/492
f 59/637/59 58/638/58 492/626/492
f 492/626/492 58/638/58 493/628/493
f 58/639/58 57/640/57 493/630/493
f 493/630/493 57/640/57 494/632/494
f 57/640/57 56/641/56 494/632/494
f 494/632/494 56/641/56 495/634/495
f 56/641/56 55/642/55 495/634/495
f 495/634/495 55/642/55 118/26/118
f 55/642/55 3/13/3 118/26/118
f 97/472/97 110/643/110 7/473/7
f 98/644/98 496/645/496 97/646/97
f 99/466/99 497/647/497 98/468/98
f 100/465/100 499/648/499 99/466/99
f 101/460/101 502/649/502 100/465/100
f 102/459/102 506/650/506 101/460/101
f 103/15/103 511/651/511 102/459/102
f 97/646/97 496/645/496 110/478/110
f 496/645/496 109/476/109 110/478/110
f 98/644/98 497/652/497 496/645/496
f 497/652/497 498/653/498 496/645/496
f 496/645/496 498/653/498 109/476/109
f 498/653/498 108/479/108 109/476/109
f 99/466/99 499/648/499 497/647/497
f 499/648/499 500/654/500 497/647/497
f 497/647/497 500/654/500 498/655/498
f 500/654/500 501/656/501 498/655/498
f 498/653/498 501/657/501 108/479/108
f 501/657/501 107/481/107 108/479/108
f 100/465/100 502/649/502 499/648/499
f 502/649/502 503/658/503 499/648/499
f 499/648/499 503/658/503 500/654/500
f 503/658/503 504/659/504 500/654/500
f 500/660/500 504/661/504 501/662/501
f 504/661/504 505/663/505 501/662/501
f 501/656/501 505/664/505 107/665/107
f 505/664/505 106/666/106 107/665/107
f 101/460/101 506/650/506 502/649/502
f 506/650/506 507/667/507 502/649/502
f 502/649/502 507/667/507 503/658/503
f 507/667/507 508/668/508 503/658/503
f 503/658/503 508/668/508 504/659/504
f 508/668/508 509/669/509 504/659/504
f 504/661/504 509/670/509 505/663/505
f 509/670/509 510/671/510 505/663/505
f 505/664/505 510/672/510 106/666/106
f 510/672/510 105/673/105 106/666/106
f 102/459/102 511/651/511 506/650/506
f 511/651/511 512/674/512 506/650/506
f 506/650/506 512/674/512 507/667/507
f 512/674/512 513/675/513 507/667/507
f 507/667/507 513/675/513 508/668/508
f 513/675/513 514/676/514 508/668/508
f 508/668/508 514/676/514 509/669/509
f 514/676/514 515/677/515 509/669/509
f 509/669/509 515/677/515 510/672/510
f 515/677/515 516/678/516 510/672/510
f 510/672/510 516/678/516 105/673/105
f 516/679/516 104/25/104 105/485/105
f 103/15/103 33/14/33 511/651/511
f 33/14/33 32/680/32 511/651/511
f 511/651/511 32/680/32 512/674/512
f 32/680/32 31/681/31 512/674/512
f 512/674/512 31/681/31 513/675/513
f 31/681/31 30/682/30 513/675/513
f 513/675/513 30/682/30 514/676/514
f 30/682/30 29/683/29 514/676/514
f 514/676/514 29/683/29 515/677/515
f 29/683/29 28/684/28 515/677/515
f 515/677/515 28/684/28 516/678/516
f 28/684/28 27/685/27 516/678/516
f 516/678/516 27/685/27 104/686/104
f 27/685/27 2/687/2 104/686/104
f 83/518/83 96/267/96 11/269/11
f 84/514/84 517/688/517 83/518/83
f 85/513/85 518/689/518 84/514/84
f 86/512/86 520/690/520 85/513/85
f 87/511/87 523/691/523 86/512/86
f 88/510/88 527/692/527 87/511/87
f 89/12/89 532/693/532 88/510/88
f 83/694/83 517/695/517 96/696/96
f 517/688/517 95/270/95 96/267/96
f 84/514/84 518/689/518 517/688/517
f 518/689/518 519/697/519 517/688/517
f 517/688/517 519/697/519 95/270/95
f 519/697/519 94/272/94 95/270/95
f 85/513/85 520/690/520 518/689/518
f 520/690/520 521/698/521 518/689/518
f 518/689/518 521/698/521 519/697/519
f 521/699/521 522/700/522 519/701/519
f 519/697/519 522/702/522 94/272/94
f 522/702/522 93/274/93 94/272/94
f 86/512/86 523/691/523 520/690/520
f 523/691/523 524/703/524 520/690/520
f 520/690/520 524/703/524 521/698/521
f 524/704/524 525/705/525 521/699/521
f 521/699/521 525/705/525 522/700/522
f 525/705/525 526/706/526 522/700/522
f 522/702/522 526/707/526 93/274/93
f 526/707/526 92/708/92 93/274/93
f 87/511/87 527/692/527 523/691/523
f 527/692/527 528/709/528 523/691/523
f 523/691/523 528/709/528 524/703/524
f 528/709/528 529/710/529 524/703/524
f 524/704/524 529/711/529 525/705/525
f 529/711/529 530/712/530 525/705/525
f 525/705/525 530/712/530 526/706/526
f 530/712/530 531/713/531 526/706/526
f 526/707/526 531/714/531 92/708/92
f 531/715/531 91/279/91 92/276/92
f 88/510/88 532/693/532 527/692/527
f 532/693/532 533/716/533 527/692/527
f 527/692/527 533/716/533 528/709/528
f 533/716/533 534/717/534 528/709/528
f 528/709/528 534/717/534 529/710/529
f 534/718/534 535/719/535 529/711/529
f 529/711/529 535/719/535 530/712/530
f 535/720/535 536/721/536 530/722/530
f 530/712/530 536/723/536 531/713/531
f 536/724/536 537/725/537 531/726/531
f 531/715/531 537/727/537 91/279/91
f 537/727/537 90/29/90 91/279/91
f 89/12/89 40/11/40 532/693/532
f 40/11/40 39/728/39 532/693/532
f 532/693/532 39/728/39 533/716/533
f 39/728/39 38/729/38 533/716/533
f 533/730/533 38/731/38 534/732/534
f 38/729/38 37/733/37 534/717/534
f 534/717/534 37/733/37 535/734/535
f 37/735/37 36/736/36 535/737/535
f 535/720/535 36/738/36 536/721/536
f 36/739/36 35/740/35 536/741/536
f 536/741/536 35/740/35 537/727/537
f 35/740/35 34/742/34 537/727/537
f 537/727/537 34/742/34 90/29/90
f 34/742/34 6/22/6 90/29/90
f 47/743/47 82/23/82 6/22/6
f 46/744/46 538/745/538 47/743/47
f 45/746/45 539/747/539 46/744/46
f 44/748/44 541/749/541 45/750/45
f 43/751/43 544/752/544 44/748/44
f 42/753/42 548/754/548 43/751/43
f 41/9/41 553/755/553 42/753/42
f 47/743/47 538/745/538 82/23/82
f 538/745/538 81/549/81 82/23/82
f 46/756/46 539/757/539 538/758/538
f 539/757/539 540/759/540 538/758/538
f 538/745/538 540/760/540 81/549/81
f 540/760/540 80/550/80 81/549/81
f 45/746/45 541/761/541 539/747/539
f 541/761/541 542/762/542 539/747/539
f 539/757/539 542/763/542 540/759/540
f 542/763/542 543/764/543 540/759/540
f 540/759/540 543/764/543 80/765/80
f 543/766/543 79/767/79 80/768/80
f 44/748/44 544/752/544 541/749/541
f 544/752/544 545/769/545 541/749/541
f 541/749/541 545/769/545 542/763/542
f 545/769/545 546/770/546 542/763/542
f 542/763/542 546/770/546 543/764/543
f 546/771/546 547/772/547 543/773/543
f 543/774/543 547/775/547 79/552/79
f 547/775/547 78/555/78 79/552/79
f 43/751/43 548/754/548 544/752/544
f 548/754/548 549/776/549 544/752/544
f 544/752/544 549/776/549 545/769/545
f 549/776/549 550/777/550 545/769/545
f 545/769/545 550/777/550 546/770/546
f 550/777/550 551/778/551 546/770/546
f 546/771/546 551/779/551 547/772/547
f 551/779/551 552/780/552 547/772/547
f 547/775/547 552/781/552 78/555/78
f 552/782/552 77/783/77 78/784/78
f 42/753/42 553/755/553 548/754/548
f 553/755/553 554/785/554 548/754/548
f 548/754/548 554/785/554 549/776/549
f 554/785/554 555/786/555 549/776/549
f 549/776/549 555/786/555 550/777/550
f 555/786/555 556/787/556 550/777/550
f 550/777/550 556/787/556 551/778/551
f 556/787/556 557/788/557 551/778/551
f 551/779/551 557/789/557 552/780/552
f 557/789/557 558/790/558 552/780/552
f 552/791/552 558/792/558 77/793/77
f 558/794/558 76/560/76 77/559/77
f 41/9/41 68/8/68 553/755/553
f 68/8/68 67/795/67 553/755/553
f 553/755/553 67/795/67 554/785/554
f 67/795/67 66/796/66 554/785/554
f 554/785/554 66/796/66 555/786/555
f 66/796/66 65/797/65 555/786/555
f 555/786/555 65/797/65 556/787/556
f 65/797/65 64/798/64 556/787/556
f 556/787/556 64/798/64 557/788/557
f 64/798/64 63/799/63 557/788/557
f 557/788/557 63/799/63 558/800/558
f 63/799/63 62/801/62 558/800/558
f 558/794/558 62/802/62 76/560/76
f 62/802/62 5/561/5 76/560/76
f 62/801/62 75/803/75 5/804/5
f 63/799/63 559/805/559 62/801/62
f 64/798/64 560/806/560 63/799/63
f 65/797/65 562/807/562 64/798/64
f 66/796/66 565/808/565 65/797/65
f 67/795/67 569/809/569 66/796/66
f 68/8/68 574/810/574 67/795/67
f 62/801/62 559/805/559 75/803/75
f 559/805/559 74/588/74 75/803/75
f 63/799/63 560/806/560 559/805/559
f 560/806/560 561/811/561 559/805/559
f 559/805/559 561/811/561 74/588/74
f 561/811/561 73/589/73 74/588/74
f 64/798/64 562/807/562 560/806/560
f 562/807/562 563/812/563 560/806/560
f 560/806/560 563/812/563 561/811/561
f 563/812/563 564/813/564 561/811/561
f 561/811/561 564/813/564 73/589/73
f 564/813/564 72/592/72 73/589/73
f 65/797/65 565/808/565 562/807/562
f 565/808/565 566/814/566 562/807/562
f 562/807/562 566/814/566 563/812/563
f 566/814/566 567/815/567 563/812/563
f 563/812/563 567/815/567 564/813/564
f 567/815/567 568/816/568 564/813/564
f 564/813/564 568/816/568 72/592/72
f 568/816/568 71/594/71 72/592/72
f 66/796/66 569/809/569 565/808/565
f 569/809/569 570/817/570 565/808/565
f 565/808/565 570/817/570 566/814/566
f 570/817/570 571/818/571 566/814/566
f 566/814/566 571/818/571 567/815/567
f 571/818/571 572/819/572 567/815/567
f 567/815/567 572/819/572 568/816/568
f 572/819/572 573/820/573 568/816/568
f 568/816/568 573/820/573 71/594/71
f 573/820/573 70/601/70 71/594/71
f 67/795/67 574/810/574 569/809/569
f 574/810/574 575/821/575 569/809/569
f 569/809/569 575/821/575 570/817/570
f 575/821/575 576/822/576 570/817/570
f 570/817/570 576/822/576 571/818/571
f 576/822/576 577/823/577 571/818/571
f 571/818/571 577/823/577 572/819/572
f 577/823/577 578/824/578 572/819/572
f 572/819/572 578/824/578 573/820/573
f 578/824/578 579/825/579 573/820/573
f 573/820/573 579/825/579 70/601/70
f 579/825/579 69/602/69 70/601/70
f 68/8/68 54/7/54 574/810/574
f 54/7/54 53/826/53 574/810/574
f 574/810/574 53/826/53 575/821/575
f 53/826/53 52/827/52 575/821/575
f 575/821/575 52/827/52 576/822/576
f 52/827/52 51/828/51 576/822/576
f 576/822/576 51/828/51 577/823/577
f 51/828/51 50/829/50 577/823/577
f 577/823/577 50/829/50 578/824/578
f 50/829/50 49/830/49 578/824/578
f 578/824/578 49/830/49 579/825/579
f 49/830/49 48/831/48 579/825/579
f 579/825/579 48/831/48 69/602/69
f 48/831/48 4/16/4 69/602/69
f 48/831/48 61/17/61 4/16/4
f 49/830/49 580/832/580 48/831/48
f 50/829/50 581/833/581 49/830/49
f 51/828/51 583/834/583 50/829/50
f 52/827/52 586/835/586 51/828/51
f 53/826/53 590/836/590 52/827/52
f 54/7/54 595/837/595 53/826/53
f 48/831/48 580/832/580 61/17/61
f 580/832/580 60/635/60 61/17/61
f 49/830/49 581/833/581 580/832/580
f 581/833/581 582/838/582 580/832/580
f 580/832/580 582/838/582 60/635/60
f 582/838/582 59/637/59 60/635/60
f 50/829/50 583/834/583 581/833/581
f 583/834/583 584/839/584 581/833/581
f 581/833/581 584/839/584 582/838/582
f 584/839/584 585/840/585 582/838/582
f 582/838/582 585/840/585 59/637/59
f 585/840/585 58/638/58 59/637/59
f 51/828/51 586/835/586 583/834/583
f 586/835/586 587/841/587 583/834/583
f 583/834/583 587/841/587 584/839/584
f 587/841/587 588/842/588 584/839/584
f 584/839/584 588/842/588 585/840/585
f 588/842/588 589/843/589 585/840/585
f 585/840/585 589/843/589 58/638/58
f 589/844/589 57/640/57 58/639/58
f 52/827/52 590/836/590 586/835/586
f 590/836/590 591/845/591 586/835/586
f 586/835/586 591/845/591 587/841/587
f 591/845/591 592/846/592 587/841/587
f 587/841/587 592/846/592 588/842/588
f 592/846/592 593/847/593 588/842/588
f 588/842/588 593/847/593 589/843/589
f 593/848/593 594/849/594 589/844/589
f 589/844/589 594/849/594 57/640/57
f 594/849/594 56/641/56 57/640/57
f 53/826/53 595/837/595 590/836/590
f 595/837/595 596/850/596 590/836/590
f 590/836/590 596/850/596 591/845/591
f 596/850/596 597/851/597 591/845/591
f 591/845/591 597/851/597 592/846/592
f 597/851/597 598/852/598 592/846/592
f 592/846/592 598/852/598 593/847/593
f 598/852/598 599/853/599 593/847/593
f 593/847/593 599/853/599 594/854/594
f 599/853/599 600/855/600 594/854/594
f 594/849/594 600/856/600 56/641/56
f 600/856/600 55/642/55 56/641/56
f 54/7/54 19/3/19 595/837/595
f 19/3/19 18/857/18 595/837/595
f 595/837/595 18/857/18 596/850/596
f 18/857/18 17/858/17 596/850/596
f 596/850/596 17/858/17 597/851/597
f 17/858/17 16/859/16 597/851/597
f 597/851/597 16/859/16 598/852/598
f 16/859/16 15/860/15 598/852/598
f 598/852/598 15/860/15 599/853/599
f 15/860/15 14/861/14 599/853/599
f 599/853/599 14/861/14 600/855/600
f 14/862/14 13/863/13 600/856/600
f 600/856/600 13/863/13 55/642/55
f 13/863/13 3/13/3 55/642/55
f 34/742/34 47/743/47 6/22/6
f 35/864/35 601/865/601 34/866/34
f 36/739/36 602/867/602 35/740/35
f 37/868/37 604/869/604 36/870/36
f 38/729/38 607/871/607 37/733/37
f 39/728/39 611/872/611 38/729/38
f 40/11/40 616/873/616 39/728/39
f 34/866/34 601/865/601 47/874/47
f 601/875/601 46/744/46 47/743/47
f 35/740/35 602/867/602 601/875/601
f 602/867/602 603/876/603 601/875/601
f 601/875/601 603/876/603 46/744/46
f 603/876/603 45/746/45 46/744/46
f 36/870/36 604/869/604 602/877/602
f 604/869/604 605/878/605 602/877/602
f 602/877/602 605/878/605 603/879/603
f 605/880/605 606/881/606 603/876/603
f 603/876/603 606/881/606 45/746/45
f 606/882/606 44/748/44 45/750/45
f 37/868/37 607/883/607 604/869/604
f 607/883/607 608/884/608 604/869/604
f 604/869/604 608/884/608 605/878/605
f 608/884/608 609/885/609 605/878/605
f 605/878/605 609/885/609 606/882/606
f 609/885/609 610/886/610 606/882/606
f 606/882/606 610/886/610 44/748/44
f 610/886/610 43/751/43 44/748/44
f 38/729/38 611/872/611 607/871/607
f 611/887/611 612/888/612 607/883/607
f 607/883/607 612/888/612 608/884/608
f 612/888/612 613/889/613 608/884/608
f 608/884/608 613/889/613 609/885/609
f 613/889/613 614/890/614 609/885/609
f 609/885/609 614/890/614 610/886/610
f 614/890/614 615/891/615 610/886/610
f 610/886/610 615/891/615 43/751/43
f 615/891/615 42/753/42 43/751/43
f 39/892/39 616/893/616 611/887/611
f 616/893/616 617/894/617 611/887/611
f 611/887/611 617/894/617 612/888/612
f 617/894/617 618/895/618 612/888/612
f 612/888/612 618/895/618 613/889/613
f 618/895/618 619/896/619 613/889/613
f 613/889/613 619/896/619 614/890/614
f 619/896/619 620/897/620 614/890/614
f 614/890/614 620/897/620 615/891/615
f 620/897/620 621/898/621 615/891/615
f 615/891/615 621/898/621 42/753/42
f 621/898/621 41/9/41 42/753/42
f 40/899/40 26/900/26 616/901/616
f 26/900/26 25/902/25 616/901/616
f 616/893/616 25/903/25 617/894/617
f 25/903/25 24/904/24 617/894/617
f 617/894/617 24/904/24 618/895/618
f 24/904/24 23/905/23 618/895/618
f 618/895/618 23/905/23 619/896/619
f 23/905/23 22/906/22 619/896/619
f 619/896/619 22/906/22 620/897/620
f 22/906/22 21/907/21 620/897/620
f 620/897/620 21/907/21 621/898/621
f 21/907/21 20/2/20 621/898/621
f 621/898/621 20/2/20 41/9/41
f 20/2/20 1/1/1 41/9/41
f 13/863/13 33/14/33 3/13/3
f 14/862/14 622/908/622 13/863/13
f 15/909/15 623/910/623 14/862/14
f 16/859/16 625/911/625 15/860/15
f 17/858/17 628/912/628 16/859/16
f 18/857/18 632/913/632 17/858/17
f 19/3/19 637/914/637 18/857/18
f 13/863/13 622/908/622 33/14/33
f 622/908/622 32/680/32 33/14/33
f 14/862/14 623/910/623 622/908/622
f 623/910/623 624/915/624 622/908/622
f 622/908/622 624/915/624 32/680/32
f 624/915/624 31/681/31 32/680/32
f 15/909/15 625/916/625 623/910/623
f 625/916/625 626/917/626 623/910/623
f 623/910/623 626/917/626 624/915/624
f 626/917/626 627/918/627 624/915/624
f 624/915/624 627/918/627 31/681/31
f 627/918/627 30/682/30 31/681/31
f 16/859/16 628/912/628 625/911/625
f 628/912/628 629/919/629 625/911/625
f 625/911/625 629/919/629 626/920/626
f 629/919/629 630/921/630 626/920/626
f 626/917/626 630/922/630 627/918/627
f 630/922/630 631/923/631 627/918/627
f 627/918/627 631/923/631 30/682/30
f 631/923/631 29/683/29 30/682/30
f 17/858/17 632/913/632 628/912/628
f 632/924/632 633/925/633 628/926/628
f 628/926/628 633/925/633 629/927/629
f 633/925/633 634/928/634 629/927/629
f 629/919/629 634/929/634 630/921/630
f 634/929/634 635/930/635 630/921/630
f 630/922/630 635/931/635 631/923/631
f 635/931/635 636/932/636 631/923/631
f 631/923/631 636/932/636 29/683/29
f 636/932/636 28/684/28 29/683/29
f 18/857/18 637/914/637 632/913/632
f 637/914/637 638/933/638 632/913/632
f 632/913/632 638/933/638 633/934/633
f 638/933/638 639/935/639 633/934/633
f 633/934/633 639/935/639 634/929/634
f 639/935/639 640/936/640 634/929/634
f 634/929/634 640/936/640 635/930/635
f 640/936/640 641/937/641 635/930/635
f 635/931/635 641/938/641 636/932/636
f 641/938/641 642/939/642 636/932/636
f 636/932/636 642/939/642 28/684/28
f 642/940/642 27/941/27 28/942/28
f 19/3/19 20/2/20 637/914/637
f 20/2/20 21/907/21 637/914/637
f 637/914/637 21/907/21 638/933/638
f 21/907/21 22/906/22 638/933/638
f 638/933/638 22/906/22 639/935/639
f 22/906/22 23/905/23 639/935/639
f 639/935/639 23/905/23 640/936/640
f 23/905/23 24/904/24 640/936/640
f 640/936/640 24/904/24 641/937/641
f 24/904/24 25/903/25 641/937/641
f 641/938/641 25/902/25 642/939/642
f 25/902/25 26/900/26 642/939/642
f 642/940/642 26/5/26 27/941/27
f 26/5/26 2/4/2 27/941/27
f 643/943/643 662/944/662 661/945/661
f 644/946/644 668/947/668 682/948/682
f 643/943/643 661/945/661 696/949/696
f 643/943/643 696/949/696 710/950/710
f 643/943/643 710/950/710 683/951/683
f 644/946/644 682/948/682 731/952/731
f 645/953/645 675/954/675 745/955/745
f 646/956/646 703/957/703 759/958/759
f 647/959/647 717/960/717 773/961/773
f 648/962/648 724/963/724 787/964/787
f 644/946/644 731/952/731 746/965/746
f 645/953/645 745/955/745 760/966/760
f 646/967/646 759/968/759 774/969/774
f 647/959/647 773/961/773 788/970/788
f 648/962/648 787/964/787 732/971/732
f 649/972/649 801/973/801 836/974/836
f 650/975/650 808/976/808 850/977/850
f 651/978/651 815/979/815 857/980/857
f 652/981/652 822/982/822 864/983/864
f 653/984/653 829/985/829 837/986/837
f 843/987/843 858/988/858 654/989/654
f 842/990/842 865/991/865 843/987/843
f 841/992/841 866/993/866 842/990/842
f 840/994/840 868/995/868 841/992/841
f 839/996/839 871/997/871 840/994/840
f 838/998/838 875/999/875 839/996/839
f 837/986/837 880/1000/880 838/998/838
f 843/987/843 865/991/865 858/988/858
f 865/991/865 859/1001/859 858/988/858
f 842/990/842 866/993/866 865/991/865
f 866/993/866 867/1002/867 865/991/865
f 865/991/865 867/1002/867 859/1001/859
f 867/1002/867 860/1003/860 859/1001/859
f 841/992/841 868/995/868 866/993/866
f 868/995/868 869/1004/869 866/993/866
f 866/993/866 869/1004/869 867/1002/867
f 869/1004/869 870/1005/870 867/1002/867
f 867/1002/867 870/1005/870 860/1003/860
f 870/1005/870 861/1006/861 860/1003/860
f 840/994/840 871/997/871 868/995/868
f 871/997/871 872/1007/872 868/995/868
f 868/995/868 872/1007/872 869/1004/869
f 872/1007/872 873/1008/873 869/1004/869
f 869/1004/869 873/1008/873 870/1005/870
f 873/1008/873 874/1009/874 870/1005/870
f 870/1005/870 874/1009/874 861/1006/861
f 874/1009/874 862/1010/862 861/1006/861
f 839/996/839 875/999/875 871/997/871
f 875/999/875 876/1011/876 871/997/871
f 871/997/871 876/1011/876 872/1007/872
f 876/1011/876 877/1012/877 872/1007/872
f 872/1007/872 877/1012/877 873/1008/873
f 877/1012/877 878/1013/878 873/1008/873
f 873/1008/873 878/1013/878 874/1009/874
f 878/1013/878 879/1014/879 874/1009/874
f 874/1009/874 879/1014/879 862/1010/862
f 879/1014/879 863/1015/863 862/1010/862
f 838/998/838 880/1000/880 875/999/875
f 880/1000/880 881/1016/881 875/999/875
f 875/999/875 881/1016/881 876/1011/876
f 881/1016/881 882/1017/882 876/1011/876
f 876/1011/876 882/1017/882 877/1012/877
f 882/1017/882 883/1018/883 877/1012/877
f 877/1012/877 883/1018/883 878/1013/878
f 883/1018/883 884/1019/884 878/1013/878
f 878/1013/878 884/1019/884 879/1014/879
f 884/1019/884 885/1020/885 879/1014/879
f 879/1014/879 885/1020/885 863/1015/863
f 885/1020/885 864/983/864 863/1015/863
f 837/986/837 829/985/829 880/1000/880
f 829/985/829 828/1021/828 880/1000/880
f 880/1000/880 828/1021/828 881/1016/881
f 828/1021/828 827/1022/827 881/1016/881
f 881/1016/881 827/1022/827 882/1017/882
f 827/1022/827 826/1023/826 882/1017/882
f 882/1017/882 826/1023/826 883/1018/883
f 826/1023/826 825/1024/825 883/1018/883
f 883/1018/883 825/1024/825 884/1019/884
f 825/1024/825 824/1025/824 884/1019/884
f 884/1019/884 824/1025/824 885/1020/885
f 824/1025/824 823/1026/823 885/1020/885
f 885/1020/885 823/1026/823 864/983/864
f 823/1026/823 652/981/652 864/983/864
f 858/988/858 851/1027/851 654/989/654
f 859/1001/859 886/1028/886 858/988/858
f 860/1003/860 887/1029/887 859/1001/859
f 861/1006/861 889/1030/889 860/1003/860
f 862/1010/862 892/1031/892 861/1006/861
f 863/1015/863 896/1032/896 862/1010/862
f 864/983/864 901/1033/901 863/1015/863
f 858/988/858 886/1028/886 851/1027/851
f 886/1028/886 852/1034/852 851/1027/851
f 859/1001/859 887/1029/887 886/1028/886
f 887/1029/887 888/1035/888 886/1028/886
f 886/1028/886 888/1035/888 852/1034/852
f 888/1035/888 853/1036/853 852/1034/852
f 860/1003/860 889/1030/889 887/1029/887
f 889/1030/889 890/1037/890 887/1029/887
f 887/1029/887 890/1037/890 888/1035/888
f 890/1037/890 891/1038/891 888/1035/888
f 888/1035/888 891/1038/891 853/1036/853
f 891/1038/891 854/1039/854 853/1036/853
f 861/1006/861 892/1031/892 889/1030/889
f 892/1031/892 893/1040/893 889/1030/889
f 889/1030/889 893/1040/893 890/1037/890
f 893/1040/893 894/1041/894 890/1037/890
f 890/1037/890 894/1041/894 891/1038/891
f 894/1041/894 895/1042/895 891/1038/891
f 891/1038/891 895/1042/895 854/1039/854
f 895/1042/895 855/1043/855 854/1039/854
f 862/1010/862 896/1032/896 892/1031/892
f 896/1032/896 897/1044/897 892/1031/892
f 892/1031/892 897/1044/897 893/1040/893
f 897/1044/897 898/1045/898 893/1040/893
f 893/1040/893 898/1045/898 894/1041/894
f 898/1045/898 899/1046/899 894/1041/894
f 894/1041/894 899/1046/899 895/1042/895
f 899/1046/899 900/1047/900 895/1042/895
f 895/1042/895 900/1047/900 855/1043/855
f 900/1047/900 856/1048/856 855/1043/855
f 863/1015/863 901/1033/901 896/1032/896
f 901/1033/901 902/1049/902 896/1032/896
f 896/1032/896 902/1049/902 897/1044/897
f 902/1049/902 903/1050/903 897/1044/897
f 897/1044/897 903/1050/903 898/1045/898
f 903/1050/903 904/1051/904 898/1045/898
f 898/1045/898 904/1051/904 899/1046/899
f 904/1051/904 905/1052/905 899/1046/899
f 899/1046/899 905/1052/905 900/1047/900
f 905/1053/905 906/1054/906 900/1055/900
f 900/1055/900 906/1054/906 856/1056/856
f 906/1054/906 857/980/857 856/1056/856
f 864/983/864 822/982/822 901/1033/901
f 822/982/822 821/1057/821 901/1033/901
f 901/1033/901 821/1057/821 902/1049/902
f 821/1058/821 820/1059/820 902/1060/902
f 902/1049/902 820/1061/820 903/1050/903
f 820/1061/820 819/1062/819 903/1050/903
f 903/1050/903 819/1062/819 904/1051/904
f 819/1063/819 818/1064/818 904/1065/904
f 904/1065/904 818/1064/818 905/1053/905
f 818/1064/818 817/1066/817 905/1053/905
f 905/1053/905 817/1066/817 906/1054/906
f 817/1066/817 816/1067/816 906/1054/906
f 906/1054/906 816/1067/816 857/980/857
f 816/1067/816 651/978/651 857/980/857
f 851/1027/851 844/1068/844 654/989/654
f 852/1034/852 907/1069/907 851/1027/851
f 853/1036/853 908/1070/908 852/1034/852
f 854/1039/854 910/1071/910 853/1036/853
f 855/1043/855 913/1072/913 854/1039/854
f 856/1048/856 917/1073/917 855/1043/855
f 857/980/857 922/1074/922 856/1056/856
f 851/1027/851 907/1069/907 844/1068/844
f 907/1069/907 845/1075/845 844/1068/844
f 852/1034/852 908/1070/908 907/1069/907
f 908/1070/908 909/1076/909 907/1069/907
f 907/1069/907 909/1076/909 845/1075/845
f 909/1076/909 846/1077/846 845/1075/845
f 853/1036/853 910/1071/910 908/1070/908
f 910/1071/910 911/1078/911 908/1070/908
f 908/1070/908 911/1078/911 909/1076/909
f 911/1078/911 912/1079/912 909/1076/909
f 909/1076/909 912/1079/912 846/1077/846
f 912/1079/912 847/1080/847 846/1077/846
f 854/1039/854 913/1072/913 910/1071/910
f 913/1072/913 914/1081/914 910/1071/910
f 910/1071/910 914/1081/914 911/1078/911
f 914/1081/914 915/1082/915 911/1078/911
f 911/1078/911 915/1082/915 912/1079/912
f 915/1082/915 916/1083/916 912/1079/912
f 912/1079/912 916/1083/916 847/1080/847
f 916/1084/916 848/1085/848 847/1086/847
f 855/1087/855 917/1088/917 913/1089/913
f 917/1088/917 918/1090/918 913/1089/913
f 913/1072/913 918/1091/918 914/1081/914
f 918/1091/918 919/1092/919 914/1081/914
f 914/1081/914 919/1092/919 915/1082/915
f 919/1092/919 920/1093/920 915/1082/915
f 915/1082/915 920/1093/920 916/1083/916
f 920/1094/920 921/1095/921 916/1084/916
f 916/1084/916 921/1095/921 848/1085/848
f 921/1095/921 849/1096/849 848/1085/848
f 856/1048/856 922/1097/922 917/1073/917
f 922/1097/922 923/1098/923 917/1073/917
f 917/1088/917 923/1099/923 918/1090/918
f 923/1099/923 924/1100/924 918/1090/918
f 918/1090/918 924/1100/924 919/1101/919
f 924/1100/924 925/1102/925 919/1101/919
f 919/1092/919 925/1103/925 920/1093/920
f 925/1104/925 926/1105/926 920/1094/920
f 920/1094/920 926/1105/926 921/1095/921
f 926/1105/926 927/1106/927 921/1095/921
f 921/1095/921 927/1106/927 849/1096/849
f 927/1106/927 850/977/850 849/1096/849
f 857/980/857 815/979/815 922/1074/922
f 815/979/815 814/1107/814 922/1074/922
f 922/1074/922 814/1107/814 923/1108/923
f 814/1107/814 813/1109/813 923/1108/923
f 923/1110/923 813/1111/813 924/1112/924
f 813/1111/813 812/1113/812 924/1112/924
f 924/1112/924 812/1113/812 925/1114/925
f 812/1115/812 811/1116/811 925/1104/925
f 925/1104/925 811/1116/811 926/1105/926
f 811/1116/811 810/1117/810 926/1105/926
f 926/1105/926 810/1117/810 927/1106/927
f 810/1117/810 809/1118/809 927/1106/927
f 927/1106/927 809/1118/809 850/977/850
f 809/1118/809 650/975/650 850/977/850
f 844/1068/844 830/1119/830 654/989/654
f 845/1075/845 928/1120/928 844/1068/844
f 846/1077/846 929/1121/929 845/1075/845
f 847/1080/847 931/1122/931 846/1077/846
f 848/1085/848 934/1123/934 847/1086/847
f 849/1096/849 938/1124/938 848/1085/848
f 850/977/850 943/1125/943 849/1096/849
f 844/1068/844 928/1120/928 830/1119/830
f 928/1120/928 831/1126/831 830/1119/830
f 845/1075/845 929/1121/929 928/1120/928
f 929/1121/929 930/1127/930 928/1120/928
f 928/1120/928 930/1127/930 831/1126/831
f 930/1127/930 832/1128/832 831/1126/831
f 846/1077/846 931/1122/931 929/1121/929
f 931/1122/931 932/1129/932 929/1121/929
f 929/1121/929 932/1129/932 930/1127/930
f 932/1129/932 933/1130/933 930/1127/930
f 930/1127/930 933/1130/933 832/1128/832
f 933/1130/933 833/1131/833 832/1128/832
f 847/1080/847 934/1132/934 931/1122/931
f 934/1132/934 935/1133/935 931/1122/931
f 931/1122/931 935/1133/935 932/1129/932
f 935/1133/935 936/1134/936 932/1129/932
f 932/1129/932 936/1134/936 933/1130/933
f 936/1134/936 937/1135/937 933/1130/933
f 933/1130/933 937/1135/937 833/1131/833
f 937/1135/937 834/1136/834 833/1131/833
f 848/1085/848 938/1124/938 934/1123/934
f 938/1124/938 939/1137/939 934/1123/934
f 934/1132/934 939/1138/939 935/1133/935
f 939/1138/939 940/1139/940 935/1133/935
f 935/1133/935 940/1139/940 936/1134/936
f 940/1139/940 941/1140/941 936/1134/936
f 936/1134/936 941/1140/941 937/1135/937
f 941/1140/941 942/1141/942 937/1135/937
f 937/1135/937 942/1141/942 834/1136/834
f 942/1141/942 835/1142/835 834/1136/834
f 849/1096/849 943/1125/943 938/1124/938
f 943/1125/943 944/1143/944 938/1124/938
f 938/1124/938 944/1143/944 939/1137/939
f 944/1143/944 945/1144/945 939/1137/939
f 939/1137/939 945/1144/945 940/1145/940
f 945/1144/945 946/1146/946 940/1145/940
f 940/1145/940 946/1146/946 941/1147/941
f 946/1146/946 947/1148/947 941/1147/941
f 941/1147/941 947/1148/947 942/1149/942
f 947/1148/947 948/1150/948 942/1149/942
f 942/1141/942 948/1151/948 835/1142/835
f 948/1151/948 836/1152/836 835/1142/835
f 850/977/850 808/976/808 943/1125/943
f 808/976/808 807/1153/807 943/1125/943
f 943/1125/943 807/1153/807 944/1143/944
f 807/1153/807 806/1154/806 944/1143/944
f 944/1143/944 806/1154/806 945/1144/945
f 806/1154/806 805/1155/805 945/1144/945
f 945/1144/945 805/1155/805 946/1146/946
f 805/1155/805 804/1156/804 946/1146/946
f 946/1146/946 804/1156/804 947/1148/947
f 804/1156/804 803/1157/803 947/1148/947
f 947/1158/947 803/1159/803 948/1151/948
f 803/1159/803 802/1160/802 948/1151/948
f 948/1151/948 802/1160/802 836/1152/836
f 802/1161/802 649/1162/649 836/1163/836
f 830/1119/830 843/987/843 654/989/654
f 831/1126/831 949/1164/949 830/1119/830
f 832/1128/832 950/1165/950 831/1126/831
f 833/1131/833 952/1166/952 832/1128/832
f 834/1136/834 955/1167/955 833/1131/833
f 835/1142/835 959/1168/959 834/1136/834
f 836/1152/836 964/1169/964 835/1142/835
f 830/1119/830 949/1164/949 843/987/843
f 949/1164/949 842/990/842 843/987/843
f 831/1126/831 950/1165/950 949/1164/949
f 950/1165/950 951/1170/951 949/1164/949
f 949/1164/949 951/1170/951 842/990/842
f 951/1170/951 841/992/841 842/990/842
f 832/1128/832 952/1166/952 950/1165/950
f 952/1166/952 953/1171/953 950/1165/950
f 950/1165/950 953/1171/953 951/1170/951
f 953/1171/953 954/1172/954 951/1170/951
f 951/1170/951 954/1172/954 841/992/841
f 954/1172/954 840/994/840 841/992/841
f 833/1131/833 955/1167/955 952/1166/952
f 955/1167/955 956/1173/956 952/1166/952
f 952/1166/952 956/1173/956 953/1171/953
f 956/1173/956 957/1174/957 953/1171/953
f 953/1171/953 957/1174/957 954/1172/954
f 957/1174/957 958/1175/958 954/1172/954
f 954/1172/954 958/1175/958 840/994/840
f 958/1175/958 839/996/839 840/994/840
f 834/1136/834 959/1168/959 955/1167/955
f 959/1168/959 960/1176/960 955/1167/955
f 955/1167/955 960/1176/960 956/1173/956
f 960/1176/960 961/1177/961 956/1173/956
f 956/1173/956 961/1177/961 957/1174/957
f 961/1177/961 962/1178/962 957/1174/957
f 957/1174/957 962/1178/962 958/1175/958
f 962/1178/962 963/1179/963 958/1175/958
f 958/1175/958 963/1179/963 839/996/839
f 963/1179/963 838/998/838 839/996/839
f 835/1142/835 964/1169/964 959/1168/959
f 964/1169/964 965/1180/965 959/1168/959
f 959/1168/959 965/1180/965 960/1176/960
f 965/1180/965 966/1181/966 960/1176/960
f 960/1176/960 966/1181/966 961/1177/961
f 966/1181/966 967/1182/967 961/1177/961
f 961/1177/961 967/1182/967 962/1178/962
f 967/1182/967 968/1183/968 962/1178/962
f 962/1178/962 968/1183/968 963/1179/963
f 968/1183/968 969/1184/969 963/1179/963
f 963/1179/963 969/1184/969 838/998/838
f 969/1184/969 837/986/837 838/998/838
f 836/1152/836 801/1185/801 964/1169/964
f 801/1185/801 800/1186/800 964/1169/964
f 964/1169/964 800/1186/800 965/1180/965
f 800/1187/800 799/1188/799 965/1189/965
f 965/1180/965 799/1190/799 966/1181/966
f 799/1190/799 798/1191/798 966/1181/966
f 966/1181/966 798/1191/798 967/1182/967
f 798/1192/798 797/1193/797 967/1194/967
f 967/1194/967 797/1193/797 968/1195/968
f 797/1196/797 796/1197/796 968/1183/968
f 968/1183/968 796/1197/796 969/1184/969
f 796/1197/796 795/1198/795 969/1184/969
f 969/1184/969 795/1198/795 837/986/837
f 795/1198/795 653/984/653 837/986/837
f 738/1199/738 829/985/829 653/984/653
f 737/1200/737 970/1201/970 738/1199/738
f 736/1202/736 971/1203/971 737/1204/737
f 735/1205/735 973/1206/973 736/1202/736
f 734/1207/734 976/1208/976 735/1205/735
f 733/1209/733 980/1210/980 734/1207/734
f 732/971/732 985/1211/985 733/1209/733
f 738/1199/738 970/1201/970 829/985/829
f 970/1201/970 828/1021/828 829/985/829
f 737/1200/737 971/1212/971 970/1201/970
f 971/1212/971 972/1213/972 970/1201/970
f 970/1201/970 972/1213/972 828/1021/828
f 972/1213/972 827/1022/827 828/1021/828
f 736/1202/736 973/1206/973 971/1203/971
f 973/1206/973 974/1214/974 971/1203/971
f 971/1212/971 974/1215/974 972/1213/972
f 974/1214/974 975/1216/975 972/1217/972
f 972/1213/972 975/1218/975 827/1022/827
f 975/1218/975 826/1023/826 827/1022/827
f 735/1205/735 976/1208/976 973/1206/973
f 976/1208/976 977/1219/977 973/1206/973
f 973/1206/973 977/1219/977 974/1214/974
f 977/1219/977 978/1220/978 974/1214/974
f 974/1214/974 978/1220/978 975/1216/975
f 978/1220/978 979/1221/979 975/1216/975
f 975/1216/975 979/1221/979 826/1222/826
f 979/1221/979 825/1223/825 826/1222/826
f 734/1207/734 980/1210/980 976/1208/976
f 980/1210/980 981/1224/981 976/1208/976
f 976/1208/976 981/1224/981 977/1219/977
f 981/1224/981 982/1225/982 977/1219/977
f 977/1219/977 982/1225/982 978/1220/978
f 982/1225/982 983/1226/983 978/1220/978
f 978/1220/978 983/1226/983 979/1221/979
f 983/1227/983 984/1228/984 979/1229/979
f 979/1221/979 984/1230/984 825/1223/825
f 984/1230/984 824/1231/824 825/1223/825
f 733/1209/733 985/1211/985 980/1210/980
f 985/1211/985 986/1232/986 980/1210/980
f 980/1210/980 986/1232/986 981/1224/981
f 986/1232/986 987/1233/987 981/1224/981
f 981/1224/981 987/1233/987 982/1225/982
f 987/1233/987 988/1234/988 982/1225/982
f 982/1225/982 988/1234/988 983/1226/983
f 988/1234/988 989/1235/989 983/1226/983
f 983/1226/983 989/1235/989 984/1230/984
f 989/1236/989 990/1237/990 984/1238/984
f 984/1230/984 990/1239/990 824/1231/824
f 990/1239/990 823/1240/823 824/1231/824
f 732/971/732 787/964/787 985/1211/985
f 787/964/787 786/1241/786 985/1211/985
f 985/1211/985 786/1241/786 986/1232/986
f 786/1241/786 785/1242/785 986/1232/986
f 986/1232/986 785/1242/785 987/1233/987
f 785/1242/785 784/1243/784 987/1233/987
f 987/1233/987 784/1243/784 988/1234/988
f 784/1243/784 783/1244/783 988/1234/988
f 988/1234/988 783/1244/783 989/1235/989
f 783/1244/783 782/1245/782 989/1235/989
f 989/1236/989 782/1246/782 990/1237/990
f 782/1245/782 781/1247/781 990/1239/990
f 990/1248/990 781/1249/781 823/1026/823
f 781/1249/781 652/981/652 823/1026/823
f 794/1250/794 822/1251/822 652/1252/652
f 793/1253/793 991/1254/991 794/1250/794
f 792/1255/792 992/1256/992 793/1253/793
f 791/1257/791 994/1258/994 792/1259/792
f 790/1260/790 997/1261/997 791/1257/791
f 789/1262/789 1001/1263/1001 790/1260/790
f 788/970/788 1006/1264/1006 789/1262/789
f 794/1250/794 991/1254/991 822/1251/822
f 991/1265/991 821/1057/821 822/982/822
f 793/1253/793 992/1256/992 991/1254/991
f 992/1266/992 993/1267/993 991/1268/991
f 991/1265/991 993/1269/993 821/1057/821
f 993/1269/993 820/1061/820 821/1057/821
f 792/1259/792 994/1258/994 992/1266/992
f 994/1258/994 995/1270/995 992/1266/992
f 992/1266/992 995/1270/995 993/1267/993
f 995/1270/995 996/1271/996 993/1267/993
f 993/1267/993 996/1271/996 820/1272/820
f 996/1271/996 819/1063/819 820/1272/820
f 791/1257/791 997/1261/997 994/1258/994
f 997/1261/997 998/1273/998 994/1258/994
f 994/1258/994 998/1273/998 995/1270/995
f 998/1273/998 999/1274/999 995/1270/995
f 995/1270/995 999/1274/999 996/1271/996
f 999/1274/999 1000/1275/1000 996/1271/996
f 996/1271/996 1000/1275/1000 819/1063/819
f 1000/1275/1000 818/1064/818 819/1063/819
f 790/1260/790 1001/1263/1001 997/1261/997
f 1001/1263/1001 1002/1276/1002 997/1261/997
f 997/1261/997 1002/1276/1002 998/1273/998
f 1002/1276/1002 1003/1277/1003 998/1273/998
f 998/1273/998 1003/1277/1003 999/1274/999
f 1003/1277/1003 1004/1278/1004 999/1274/999
f 999/1274/999 1004/1278/1004 1000/1275/1000
f 1004/1278/1004 1005/1279/1005 1000/1275/1000
f 1000/1280/1000 1005/1281/1005 818/1282/818
f 1005/1281/1005 817/1283/817 818/1282/818
f 789/1262/789 1006/1264/1006 1001/1263/1001
f 1006/1264/1006 1007/1284/1007 1001/1263/1001
f 1001/1263/1001 1007/1284/1007 1002/1276/1002
f 1007/1284/1007 1008/1285/1008 1002/1276/1002
f 1002/1276/1002 1008/1285/1008 1003/1277/1003
f 1008/1285/1008 1009/1286/1009 1003/1277/1003
f 1003/1277/1003 1009/1286/1009 1004/1278/1004
f 1009/1286/1009 1010/1287/1010 1004/1278/1004
f 1004/1278/1004 1010/1287/1010 1005/1279/1005
f 1010/1287/1010 1011/1288/1011 1005/1279/1005
f 1005/1281/1005 1011/1289/1011 817/1283/817
f 1011/1289/1011 816/1290/816 817/1283/817
f 788/970/788 773/961/773 1006/1264/1006
f 773/961/773 772/1291/772 1006/1264/1006
f 1006/1264/1006 772/1291/772 1007/1284/1007
f 772/1291/772 771/1292/771 1007/1284/1007
f 1007/1284/1007 771/1292/771 1008/1285/1008
f 771/1292/771 770/1293/770 1008/1285/1008
f 1008/1285/1008 770/1293/770 1009/1286/1009
f 770/1293/770 769/1294/769 1009/1286/1009
f 1009/1286/1009 769/1294/769 1010/1287/1010
f 769/1294/769 768/1295/768 1010/1287/1010
f 1010/1287/1010 768/1295/768 1011/1288/1011
f 768/1295/768 767/1296/767 1011/1288/1011
f 1011/1288/1011 767/1296/767 816/1067/816
f 767/1296/767 651/978/651 816/1067/816
f 780/1297/780 815/979/815 651/978/651
f 779/1298/779 1012/1299/1012 780/1297/780
f 778/1300/778 1013/1301/1013 779/1298/779
f 777/1302/777 1015/1303/1015 778/1300/778
f 776/1304/776 1018/1305/1018 777/1302/777
f 775/1306/775 1022/1307/1022 776/1304/776
f 774/969/774 1027/1308/1027 775/1306/775
f 780/1297/780 1012/1299/1012 815/979/815
f 1012/1299/1012 814/1107/814 815/979/815
f 779/1298/779 1013/1301/1013 1012/1299/1012
f 1013/1301/1013 1014/1309/1014 1012/1299/1012
f 1012/1299/1012 1014/1309/1014 814/1107/814
f 1014/1309/1014 813/1109/813 814/1107/814
f 778/1300/778 1015/1303/1015 1013/1301/1013
f 1015/1303/1015 1016/1310/1016 1013/1301/1013
f 1013/1301/1013 1016/1310/1016 1014/1309/1014
f 1016/1310/1016 1017/1311/1017 1014/1309/1014
f 1014/1309/1014 1017/1311/1017 813/1109/813
f 1017/1311/1017 812/1312/812 813/1109/813
f 777/1302/777 1018/1305/1018 1015/1303/1015
f 1018/1305/1018 1019/1313/1019 1015/1303/1015
f 1015/1303/1015 1019/1313/1019 1016/1310/1016
f 1019/1314/1019 1020/1315/1020 1016/1316/1016
f 1016/1316/1016 1020/1315/1020 1017/1317/1017
f 1020/1318/1020 1021/1319/1021 1017/1311/1017
f 1017/1311/1017 1021/1319/1021 812/1312/812
f 1021/1320/1021 811/1116/811 812/1115/812
f 776/1304/776 1022/1307/1022 1018/1305/1018
f 1022/1307/1022 1023/1321/1023 1018/1305/1018
f 1018/1305/1018 1023/1321/1023 1019/1313/1019
f 1023/1322/1023 1024/1323/1024 1019/1314/1019
f 1019/1314/1019 1024/1323/1024 1020/1315/1020
f 1024/1323/1024 1025/1324/1025 1020/1315/1020
f 1020/1315/1020 1025/1324/1025 1021/1320/1021
f 1025/1324/1025 1026/1325/1026 1021/1320/1021
f 1021/1320/1021 1026/1325/1026 811/1116/811
f 1026/1325/1026 810/1117/810 811/1116/811
f 775/1306/775 1027/1308/1027 1022/1307/1022
f 1027/1326/1027 1028/1327/1028 1022/1328/1022
f 1022/1328/1022 1028/1327/1028 1023/1322/1023
f 1028/1327/1028 1029/1329/1029 1023/1322/1023
f 1023/1322/1023 1029/1329/1029 1024/1323/1024
f 1029/1329/1029 1030/1330/1030 1024/1323/1024
f 1024/1323/1024 1030/1330/1030 1025/1324/1025
f 1030/1330/1030 1031/1331/1031 1025/1324/1025
f 1025/1324/1025 1031/1331/1031 1026/1325/1026
f 1031/1331/1031 1032/1332/1032 1026/1325/1026
f 1026/1325/1026 1032/1332/1032 810/1117/810
f 1032/1332/1032 809/1118/809 810/1117/810
f 774/969/774 759/968/759 1027/1308/1027
f 759/968/759 758/1333/758 1027/1308/1027
f 1027/1308/1027 758/1333/758 1028/1334/1028
f 758/1335/758 757/1336/757 1028/1327/1028
f 1028/1327/1028 757/1336/757 1029/1329/1029
f 757/1336/757 756/1337/756 1029/1329/1029
f 1029/1329/1029 756/1337/756 1030/1330/1030
f 756/1337/756 755/1338/755 1030/1330/1030
f 1030/1330/1030 755/1338/755 1031/1331/1031
f 755/1338/755 754/1339/754 1031/1331/1031
f 1031/1331/1031 754/1339/754 1032/1332/1032
f 754/1339/754 753/1340/753 1032/1332/1032
f 1032/1332/1032 753/1340/753 809/1118/809
f 753/1340/753 650/975/650 809/1118/809
f 766/1341/766 808/976/808 650/975/650
f 765/1342/765 1033/1343/1033 766/1341/766
f 764/1344/764 1034/1345/1034 765/1342/765
f 763/1346/763 1036/1347/1036 764/1344/764
f 762/1348/762 1039/1349/1039 763/1350/763
f 761/1351/761 1043/1352/1043 762/1348/762
f 760/1353/760 1048/1354/1048 761/1355/761
f 766/1341/766 1033/1343/1033 808/976/808
f 1033/1343/1033 807/1153/807 808/976/808
f 765/1342/765 1034/1345/1034 1033/1343/1033
f 1034/1345/1034 1035/1356/1035 1033/1343/1033
f 1033/1343/1033 1035/1356/1035 807/1153/807
f 1035/1356/1035 806/1154/806 807/1153/807
f 764/1344/764 1036/1347/1036 1034/1345/1034
f 1036/1347/1036 1037/1357/1037 1034/1345/1034
f 1034/1345/1034 1037/1357/1037 1035/1356/1035
f 1037/1357/1037 1038/1358/1038 1035/1356/1035
f 1035/1356/1035 1038/1358/1038 806/1154/806
f 1038/1358/1038 805/1155/805 806/1154/806
f 763/1346/763 1039/1359/1039 1036/1347/1036
f 1039/1359/1039 1040/1360/1040 1036/1347/1036
f 1036/1347/1036 1040/1360/1040 1037/1357/1037
f 1040/1360/1040 1041/1361/1041 1037/1357/1037
f 1037/1357/1037 1041/1361/1041 1038/1358/1038
f 1041/1361/1041 1042/1362/1042 1038/1358/1038
f 1038/1358/1038 1042/1362/1042 805/1155/805
f 1042/1362/1042 804/1156/804 805/1155/805
f 762/1348/762 1043/1352/1043 1039/1349/1039
f 1043/1352/1043 1044/1363/1044 1039/1349/1039
f 1039/1349/1039 1044/1363/1044 1040/1364/1040
f 1044/1363/1044 1045/1365/1045 1040/1364/1040
f 1040/1360/1040 1045/1366/1045 1041/1361/1041
f 1045/1366/1045 1046/1367/1046 1041/1361/1041
f 1041/1361/1041 1046/1367/1046 1042/1362/1042
f 1046/1367/1046 1047/1368/1047 1042/1362/1042
f 1042/1362/1042 1047/1368/1047 804/1156/804
f 1047/1368/1047 803/1157/803 804/1156/804
f 761/1351/761 1048/1369/1048 1043/1352/1043
f 1048/1369/1048 1049/1370/1049 1043/1352/1043
f 1043/1371/1043 1049/1372/1049 1044/1373/1044
f 1049/1372/1049 1050/1374/1050 1044/1373/1044
f 1044/1373/1044 1050/1374/1050 1045/1366/1045
f 1050/1374/1050 1051/1375/1051 1045/1366/1045
f 1045/1366/1045 1051/1375/1051 1046/1367/1046
f 1051/1375/1051 1052/1376/1052 1046/1367/1046
f 1046/1367/1046 1052/1376/1052 1047/1368/1047
f 1052/1376/1052 1053/1377/1053 1047/1368/1047
f 1047/1368/1047 1053/1377/1053 803/1157/803
f 1053/1377/1053 802/1378/802 803/1157/803
f 760/966/760 745/955/745 1048/1369/1048
f 745/955/745 744/1379/744 1048/1369/1048
f 1048/1369/1048 744/1379/744 1049/1370/1049
f 744/1379/744 743/1380/743 1049/1370/1049
f 1049/1372/1049 743/1381/743 1050/1374/1050
f 743/1381/743 742/1382/742 1050/1374/1050
f 1050/1374/1050 742/1382/742 1051/1375/1051
f 742/1382/742 741/1383/741 1051/1375/1051
f 1051/1375/1051 741/1383/741 1052/1376/1052
f 741/1383/741 740/1384/740 1052/1376/1052
f 1052/1376/1052 740/1384/740 1053/1377/1053
f 740/1384/740 739/1385/739 1053/1377/1053
f 1053/1377/1053 739/1385/739 802/1378/802
f 739/1386/739 649/1387/649 802/1160/802
f 752/1388/752 801/1185/801 649/1387/649
f 751/1389/751 1054/1390/1054 752/1388/752
f 750/1391/750 1055/1392/1055 751/1393/751
f 749/1394/749 1057/1395/1057 750/1391/750
f 748/1396/748 1060/1397/1060 749/1394/749
f 747/1398/747 1064/1399/1064 748/1396/748
f 746/965/746 1069/1400/1069 747/1398/747
f 752/1388/752 1054/1390/1054 801/1185/801
f 1054/1390/1054 800/1186/800 801/1185/801
f 751/1389/751 1055/1401/1055 1054/1390/1054
f 1055/1401/1055 1056/1402/1056 1054/1390/1054
f 1054/1403/1054 1056/1404/1056 800/1187/800
f 1056/1404/1056 799/1188/799 800/1187/800
f 750/1391/750 1057/1395/1057 1055/1392/1055
f 1057/1395/1057 1058/1405/1058 1055/1392/1055
f 1055/1401/1055 1058/1406/1058 1056/1402/1056
f 1058/1406/1058 1059/1407/1059 1056/1402/1056
f 1056/1404/1056 1059/1408/1059 799/1188/799
f 1059/1407/1059 798/1191/798 799/1190/799
f 749/1394/749 1060/1397/1060 1057/1395/1057
f 1060/1397/1060 1061/1409/1061 1057/1395/1057
f 1057/1395/1057 1061/1409/1061 1058/1405/1058
f 1061/1409/1061 1062/1410/1062 1058/1405/1058
f 1058/1405/1058 1062/1410/1062 1059/1411/1059
f 1062/1410/1062 1063/1412/1063 1059/1411/1059
f 1059/1411/1059 1063/1412/1063 798/1192/798
f 1063/1412/1063 797/1193/797 798/1192/798
f 748/1396/748 1064/1399/1064 1060/1397/1060
f 1064/1399/1064 1065/1413/1065 1060/1397/1060
f 1060/1397/1060 1065/1413/1065 1061/1409/1061
f 1065/1413/1065 1066/1414/1066 1061/1409/1061
f 1061/1409/1061 1066/1414/1066 1062/1410/1062
f 1066/1414/1066 1067/1415/1067 1062/1410/1062
f 1062/1410/1062 1067/1415/1067 1063/1412/1063
f 1067/1416/1067 1068/1417/1068 1063/1418/1063
f 1063/1412/1063 1068/1419/1068 797/1193/797
f 1068/1419/1068 796/1420/796 797/1193/797
f 747/1398/747 1069/1400/1069 1064/1399/1064
f 1069/1400/1069 1070/1421/1070 1064/1399/1064
f 1064/1399/1064 1070/1421/1070 1065/1413/1065
f 1070/1421/1070 1071/1422/1071 1065/1413/1065
f 1065/1413/1065 1071/1422/1071 1066/1414/1066
f 1071/1422/1071 1072/1423/1072 1066/1414/1066
f 1066/1414/1066 1072/1423/1072 1067/1415/1067
f 1072/1423/1072 1073/1424/1073 1067/1415/1067
f 1067/1415/1067 1073/1424/1073 1068/1419/1068
f 1073/1425/1073 1074/1426/1074 1068/1427/1068
f 1068/1419/1068 1074/1428/1074 796/1420/796
f 1074/1428/1074 795/1429/795 796/1420/796
f 746/965/746 731/952/731 1069/1400/1069
f 731/952/731 730/1430/730 1069/1400/1069
f 1069/1400/1069 730/1430/730 1070/1421/1070
f 730/1430/730 729/1431/729 1070/1421/1070
f 1070/1421/1070 729/1431/729 1071/1422/1071
f 729/1431/729 728/1432/728 1071/1422/1071
f 1071/1422/1071 728/1432/728 1072/1423/1072
f 728/1432/728 727/1433/727 1072/1423/1072
f 1072/1423/1072 727/1433/727 1073/1424/1073
f 727/1434/727 726/1435/726 1073/1425/1073
f 1073/1425/1073 726/1435/726 1074/1426/1074
f 726/1436/726 725/1437/725 1074/1428/1074
f 1074/1428/1074 725/1437/725 795/1429/795
f 725/1437/725 653/1438/653 795/1429/795
f 781/1249/781 794/1439/794 652/981/652
f 782/1245/782 1075/1440/1075 781/1247/781
f 783/1244/783 1076/1441/1076 782/1245/782
f 784/1243/784 1078/1442/1078 783/1244/783
f 785/1242/785 1081/1443/1081 784/1243/784
f 786/1241/786 1085/1444/1085 785/1242/785
f 787/964/787 1090/1445/1090 786/1241/786
f 781/1247/781 1075/1440/1075 794/1250/794
f 1075/1440/1075 793/1253/793 794/1250/794
f 782/1245/782 1076/1441/1076 1075/1440/1075
f 1076/1441/1076 1077/1446/1077 1075/1440/1075
f 1075/1440/1075 1077/1446/1077 793/1253/793
f 1077/1446/1077 792/1255/792 793/1253/793
f 783/1244/783 1078/1442/1078 1076/1441/1076
f 1078/1442/1078 1079/1447/1079 1076/1441/1076
f 1076/1441/1076 1079/1447/1079 1077/1446/1077
f 1079/1447/1079 1080/1448/1080 1077/1446/1077
f 1077/1449/1077 1080/1450/1080 792/1259/792
f 1080/1450/1080 791/1257/791 792/1259/792
f 784/1243/784 1081/1443/1081 1078/1442/1078
f 1081/1443/1081 1082/1451/1082 1078/1442/1078
f 1078/1442/1078 1082/1451/1082 1079/1447/1079
f 1082/1451/1082 1083/1452/1083 1079/1447/1079
f 1079/1447/1079 1083/1452/1083 1080/1448/1080
f 1083/1452/1083 1084/1453/1084 1080/1448/1080
f 1080/1448/1080 1084/1453/1084 791/1454/791
f 1084/1455/1084 790/1260/790 791/1257/791
f 785/1242/785 1085/1444/1085 1081/1443/1081
f 1085/1444/1085 1086/1456/1086 1081/1443/1081
f 1081/1443/1081 1086/1456/1086 1082/1451/1082
f 1086/1456/1086 1087/1457/1087 1082/1451/1082
f 1082/1451/1082 1087/1457/1087 1083/1452/1083
f 1087/1457/1087 1088/1458/1088 1083/1452/1083
f 1083/1452/1083 1088/1458/1088 1084/1453/1084
f 1088/1458/1088 1089/1459/1089 1084/1453/1084
f 1084/1455/1084 1089/1460/1089 790/1260/790
f 1089/1460/1089 789/1262/789 790/1260/790
f 786/1241/786 1090/1445/1090 1085/1444/1085
f 1090/1445/1090 1091/1461/1091 1085/1444/1085
f 1085/1444/1085 1091/1461/1091 1086/1456/1086
f 1091/1461/1091 1092/1462/1092 1086/1456/1086
f 1086/1456/1086 1092/1462/1092 1087/1457/1087
f 1092/1462/1092 1093/1463/1093 1087/1457/1087
f 1087/1457/1087 1093/1463/1093 1088/1458/1088
f 1093/1464/1093 1094/1465/1094 1088/1466/1088
f 1088/1458/1088 1094/1467/1094 1089/1459/1089
f 1094/1467/1094 1095/1468/1095 1089/1459/1089
f 1089/1460/1089 1095/1469/1095 789/1262/789
f 1095/1470/1095 788/1471/788 789/1472/789
f 787/964/787 724/963/724 1090/1445/1090
f 724/963/724 723/1473/723 1090/1445/1090
f 1090/1445/1090 723/1473/723 1091/1461/1091
f 723/1473/723 722/1474/722 1091/1461/1091
f 1091/1461/1091 722/1474/722 1092/1462/1092
f 722/1474/722 721/1475/721 1092/1462/1092
f 1092/1462/1092 721/1475/721 1093/1463/1093
f 721/1475/721 720/1476/720 1093/1463/1093
f 1093/1464/1093 720/1477/720 1094/1465/1094
f 720/1477/720 719/1478/719 1094/1465/1094
f 1094/1467/1094 719/1479/719 1095/1468/1095
f 719/1480/719 718/1481/718 1095/1482/1095
f 1095/1482/1095 718/1481/718 788/1483/788
f 718/1481/718 647/1484/647 788/1483/788
f 767/1296/767 780/1297/780 651/978/651
f 768/1295/768 1096/1485/1096 767/1296/767
f 769/1294/769 1097/1486/1097 768/1295/768
f 770/1293/770 1099/1487/1099 769/1294/769
f 771/1292/771 1102/1488/1102 770/1293/770
f 772/1291/772 1106/1489/1106 771/1292/771
f 773/961/773 1111/1490/1111 772/1291/772
f 767/1296/767 1096/1485/1096 780/1297/780
f 1096/1485/1096 779/1298/779 780/1297/780
f 768/1295/768 1097/1486/1097 1096/1485/1096
f 1097/1486/1097 1098/1491/1098 1096/1485/1096
f 1096/1485/1096 1098/1491/1098 779/1298/779
f 1098/1491/1098 778/1300/778 779/1298/779
f 769/1294/769 1099/1487/1099 1097/1486/1097
f 1099/1487/1099 1100/1492/1100 1097/1486/1097
f 1097/1486/1097 1100/1492/1100 1098/1491/1098
f 1100/1492/1100 1101/1493/1101 1098/1491/1098
f 1098/1491/1098 1101/1493/1101 778/1300/778
f 1101/1493/1101 777/1302/777 778/1300/778
f 770/1293/770 1102/1488/1102 1099/1487/1099
f 1102/1488/1102 1103/1494/1103 1099/1487/1099
f 1099/1487/1099 1103/1494/1103 1100/1492/1100
f 1103/1494/1103 1104/1495/1104 1100/1492/1100
f 1100/1492/1100 1104/1495/1104 1101/1493/1101
f 1104/1495/1104 1105/1496/1105 1101/1493/1101
f 1101/1493/1101 1105/1496/1105 777/1302/777
f 1105/1496/1105 776/1304/776 777/1302/777
f 771/1292/771 1106/1489/1106 1102/1488/1102
f 1106/1489/1106 1107/1497/1107 1102/1488/1102
f 1102/1488/1102 1107/1497/1107 1103/1494/1103
f 1107/1497/1107 1108/1498/1108 1103/1494/1103
f 1103/1494/1103 1108/1498/1108 1104/1495/1104
f 1108/1498/1108 1109/1499/1109 1104/1495/1104
f 1104/1495/1104 1109/1499/1109 1105/1496/1105
f 1109/1499/1109 1110/1500/1110 1105/1496/1105
f 1105/1496/1105 1110/1500/1110 776/1304/776
f 1110/1500/1110 775/1306/775 776/1304/776
f 772/1291/772 1111/1490/1111 1106/1489/1106
f 1111/1490/1111 1112/1501/1112 1106/1489/1106
f 1106/1502/1106 1112/1503/1112 1107/1504/1107
f 1112/1501/1112 1113/1505/1113 1107/1497/1107
f 1107/1497/1107 1113/1505/1113 1108/1498/1108
f 1113/1505/1113 1114/1506/1114 1108/1498/1108
f 1108/1498/1108 1114/1506/1114 1109/1499/1109
f 1114/1506/1114 1115/1507/1115 1109/1499/1109
f 1109/1499/1109 1115/1507/1115 1110/1500/1110
f 1115/1507/1115 1116/1508/1116 1110/1500/1110
f 1110/1500/1110 1116/1508/1116 775/1306/775
f 1116/1508/1116 774/969/774 775/1306/775
f 773/961/773 717/960/717 1111/1490/1111
f 717/1509/717 716/1510/716 1111/1511/1111
f 1111/1490/1111 716/1512/716 1112/1501/1112
f 716/1512/716 715/1513/715 1112/1501/1112
f 1112/1501/1112 715/1513/715 1113/1505/1113
f 715/1513/715 714/1514/714 1113/1505/1113
f 1113/1505/1113 714/1514/714 1114/1506/1114
f 714/1514/714 713/1515/713 1114/1506/1114
f 1114/1516/1114 713/1517/713 1115/1518/1115
f 713/1517/713 712/1519/712 1115/1518/1115
f 1115/1507/1115 712/1520/712 1116/1508/1116
f 712/1521/712 711/1522/711 1116/1523/1116
f 1116/1523/1116 711/1522/711 774/1524/774
f 711/1525/711 646/967/646 774/969/774
f 753/1340/753 766/1341/766 650/975/650
f 754/1339/754 1117/1526/1117 753/1340/753
f 755/1338/755 1118/1527/1118 754/1339/754
f 756/1337/756 1120/1528/1120 755/1338/755
f 757/1336/757 1123/1529/1123 756/1337/756
f 758/1530/758 1127/1531/1127 757/1532/757
f 759/1533/759 1132/1534/1132 758/1535/758
f 753/1340/753 1117/1526/1117 766/1341/766
f 1117/1526/1117 765/1342/765 766/1341/766
f 754/1339/754 1118/1527/1118 1117/1526/1117
f 1118/1527/1118 1119/1536/1119 1117/1526/1117
f 1117/1526/1117 1119/1536/1119 765/1342/765
f 1119/1536/1119 764/1344/764 765/1342/765
f 755/1338/755 1120/1528/1120 1118/1527/1118
f 1120/1528/1120 1121/1537/1121 1118/1527/1118
f 1118/1527/1118 1121/1537/1121 1119/1536/1119
f 1121/1537/1121 1122/1538/1122 1119/1536/1119
f 1119/1536/1119 1122/1538/1122 764/1344/764
f 1122/1538/1122 763/1346/763 764/1344/764
f 756/1337/756 1123/1529/1123 1120/1528/1120
f 1123/1529/1123 1124/1539/1124 1120/1528/1120
f 1120/1528/1120 1124/1539/1124 1121/1537/1121
f 1124/1539/1124 1125/1540/1125 1121/1537/1121
f 1121/1537/1121 1125/1540/1125 1122/1538/1122
f 1125/1540/1125 1126/1541/1126 1122/1538/1122
f 1122/1538/1122 1126/1541/1126 763/1346/763
f 1126/1542/1126 762/1348/762 763/1350/763
f 757/1336/757 1127/1543/1127 1123/1529/1123
f 1127/1543/1127 1128/1544/1128 1123/1529/1123
f 1123/1529/1123 1128/1544/1128 1124/1539/1124
f 1128/1544/1128 1129/1545/1129 1124/1539/1124
f 1124/1539/1124 1129/1545/1129 1125/1540/1125
f 1129/1545/1129 1130/1546/1130 1125/1540/1125
f 1125/1540/1125 1130/1546/1130 1126/1541/1126
f 1130/1546/1130 1131/1547/1131 1126/1541/1126
f 1126/1541/1126 1131/1547/1131 762/1548/762
f 1131/1549/1131 761/1351/761 762/1348/762
f 758/1530/758 1132/1550/1132 1127/1531/1127
f 1132/1551/1132 1133/1552/1133 1127/1553/1127
f 1127/1543/1127 1133/1554/1133 1128/1544/1128
f 1133/1555/1133 1134/1556/1134 1128/1557/1128
f 1128/1557/1128 1134/1556/1134 1129/1558/1129
f 1134/1556/1134 1135/1559/1135 1129/1558/1129
f 1129/1545/1129 1135/1560/1135 1130/1546/1130
f 1135/1559/1135 1136/1561/1136 1130/1562/1130
f 1130/1562/1130 1136/1561/1136 1131/1549/1131
f 1136/1561/1136 1137/1563/1137 1131/1549/1131
f 1131/1549/1131 1137/1563/1137 761/1351/761
f 1137/1564/1137 760/1353/760 761/1355/761
f 759/958/759 703/957/703 1132/1551/1132
f 703/957/703 702/1565/702 1132/1551/1132
f 1132/1551/1132 702/1565/702 1133/1552/1133
f 702/1565/702 701/1566/701 1133/1552/1133
f 1133/1555/1133 701/1567/701 1134/1556/1134
f 701/1567/701 700/1568/700 1134/1556/1134
f 1134/1556/1134 700/1568/700 1135/1559/1135
f 700/1568/700 699/1569/699 1135/1559/1135
f 1135/1559/1135 699/1569/699 1136/1561/1136
f 699/1569/699 698/1570/698 1136/1561/1136
f 1136/1561/1136 698/1570/698 1137/1563/1137
f 698/1570/698 697/1571/697 1137/1563/1137
f 1137/1563/1137 697/1571/697 760/966/760
f 697/1571/697 645/953/645 760/966/760
f 739/1386/739 752/1388/752 649/1387/649
f 740/1384/740 1138/1572/1138 739/1385/739
f 741/1383/741 1139/1573/1139 740/1384/740
f 742/1574/742 1141/1575/1141 741/1576/741
f 743/1380/743 1144/1577/1144 742/1574/742
f 744/1379/744 1148/1578/1148 743/1380/743
f 745/955/745 1153/1579/1153 744/1379/744
f 739/1385/739 1138/1572/1138 752/1580/752
f 1138/1581/1138 751/1582/751 752/1583/752
f 740/1384/740 1139/1573/1139 1138/1572/1138
f 1139/1584/1139 1140/1585/1140 1138/1586/1138
f 1138/1587/1138 1140/1588/1140 751/1589/751
f 1140/1588/1140 750/1590/750 751/1589/751
f 741/1576/741 1141/1575/1141 1139/1591/1139
f 1141/1575/1141 1142/1592/1142 1139/1591/1139
f 1139/1584/1139 1142/1593/1142 1140/1585/1140
f 1142/1592/1142 1143/1594/1143 1140/1588/1140
f 1140/1588/1140 1143/1594/1143 750/1590/750
f 1143/1594/1143 749/1595/749 750/1590/750
f 742/1574/742 1144/1577/1144 1141/1575/1141
f 1144/1577/1144 1145/1596/1145 1141/1575/1141
f 1141/1575/1141 1145/1596/1145 1142/1592/1142
f 1145/1596/1145 1146/1597/1146 1142/1592/1142
f 1142/1592/1142 1146/1597/1146 1143/1594/1143
f 1146/1598/1146 1147/1599/1147 1143/1600/1143
f 1143/1594/1143 1147/1601/1147 749/1595/749
f 1147/1599/1147 748/1396/748 749/1394/749
f 743/1380/743 1148/1578/1148 1144/1577/1144
f 1148/1578/1148 1149/1602/1149 1144/1577/1144
f 1144/1577/1144 1149/1602/1149 1145/1596/1145
f 1149/1602/1149 1150/1603/1150 1145/1596/1145
f 1145/1596/1145 1150/1603/1150 1146/1597/1146
f 1150/1603/1150 1151/1604/1151 1146/1597/1146
f 1146/1598/1146 1151/1605/1151 1147/1599/1147
f 1151/1605/1151 1152/1606/1152 1147/1599/1147
f 1147/1599/1147 1152/1606/1152 748/1396/748
f 1152/1606/1152 747/1398/747 748/1396/748
f 744/1379/744 1153/1579/1153 1148/1578/1148
f 1153/1579/1153 1154/1607/1154 1148/1578/1148
f 1148/1578/1148 1154/1607/1154 1149/1602/1149
f 1154/1607/1154 1155/1608/1155 1149/1602/1149
f 1149/1602/1149 1155/1608/1155 1150/1603/1150
f 1155/1608/1155 1156/1609/1156 1150/1603/1150
f 1150/1603/1150 1156/1609/1156 1151/1604/1151
f 1156/1609/1156 1157/1610/1157 1151/1604/1151
f 1151/1605/1151 1157/1611/1157 1152/1606/1152
f 1157/1611/1157 1158/1612/1158 1152/1606/1152
f 1152/1606/1152 1158/1612/1158 747/1398/747
f 1158/1612/1158 746/965/746 747/1398/747
f 745/955/745 675/954/675 1153/1579/1153
f 675/954/675 674/1613/674 1153/1579/1153
f 1153/1579/1153 674/1613/674 1154/1607/1154
f 674/1613/674 673/1614/673 1154/1607/1154
f 1154/1607/1154 673/1614/673 1155/1608/1155
f 673/1614/673 672/1615/672 1155/1608/1155
f 1155/1608/1155 672/1615/672 1156/1609/1156
f 672/1615/672 671/1616/671 1156/1609/1156
f 1156/1609/1156 671/1616/671 1157/1610/1157
f 671/1616/671 670/1617/670 1157/1610/1157
f 1157/1611/1157 670/1618/670 1158/1612/1158
f 670/1618/670 669/1619/669 1158/1612/1158
f 1158/1612/1158 669/1619/669 746/965/746
f 669/1619/669 644/946/644 746/965/746
f 725/1437/725 738/1620/738 653/1438/653
f 726/1436/726 1159/1621/1159 725/1437/725
f 727/1434/727 1160/1622/1160 726/1435/726
f 728/1432/728 1162/1623/1162 727/1433/727
f 729/1431/729 1165/1624/1165 728/1432/728
f 730/1430/730 1169/1625/1169 729/1431/729
f 731/952/731 1174/1626/1174 730/1430/730
f 725/1627/725 1159/1628/1159 738/1199/738
f 1159/1628/1159 737/1200/737 738/1199/738
f 726/1436/726 1160/1629/1160 1159/1621/1159
f 1160/1629/1160 1161/1630/1161 1159/1621/1159
f 1159/1621/1159 1161/1630/1161 737/1631/737
f 1161/1630/1161 736/1632/736 737/1631/737
f 727/1433/727 1162/1623/1162 1160/1629/1160
f 1162/1623/1162 1163/1633/1163 1160/1629/1160
f 1160/1629/1160 1163/1633/1163 1161/1630/1161
f 1163/1633/1163 1164/1634/1164 1161/1630/1161
f 1161/1630/1161 1164/1634/1164 736/1632/736
f 1164/1634/1164 735/1635/735 736/1632/736
f 728/1432/728 1165/1624/1165 1162/1623/1162
f 1165/1624/1165 1166/1636/1166 1162/1623/1162
f 1162/1623/1162 1166/1636/1166 1163/1633/1163
f 1166/1636/1166 1167/1637/1167 1163/1633/1163
f 1163/1633/1163 1167/1637/1167 1164/1634/1164
f 1167/1638/1167 1168/1639/1168 1164/1640/1164
f 1164/1640/1164 1168/1639/1168 735/1205/735
f 1168/1639/1168 734/1207/734 735/1205/735
f 729/1431/729 1169/1625/1169 1165/1624/1165
f 1169/1625/1169 1170/1641/1170 1165/1624/1165
f 1165/1624/1165 1170/1641/1170 1166/1636/1166
f 1170/1641/1170 1171/1642/1171 1166/1636/1166
f 1166/1636/1166 1171/1642/1171 1167/1637/1167
f 1171/1642/1171 1172/1643/1172 1167/1637/1167
f 1167/1638/1167 1172/1644/1172 1168/1639/1168
f 1172/1644/1172 1173/1645/1173 1168/1639/1168
f 1168/1639/1168 1173/1645/1173 734/1207/734
f 1173/1645/1173 733/1209/733 734/1207/734
f 730/1430/730 1174/1626/1174 1169/1625/1169
f 1174/1626/1174 1175/1646/1175 1169/1625/1169
f 1169/1625/1169 1175/1646/1175 1170/1641/1170
f 1175/1646/1175 1176/1647/1176 1170/1641/1170
f 1170/1641/1170 1176/1647/1176 1171/1642/1171
f 1176/1647/1176 1177/1648/1177 1171/1642/1171
f 1171/1642/1171 1177/1648/1177 1172/1643/1172
f 1177/1649/1177 1178/1650/1178 1172/1644/1172
f 1172/1644/1172 1178/1650/1178 1173/1645/1173
f 1178/1650/1178 1179/1651/1179 1173/1645/1173
f 1173/1645/1173 1179/1651/1179 733/1209/733
f 1179/1651/1179 732/971/732 733/1209/733
f 731/952/731 682/948/682 1174/1626/1174
f 682/948/682 681/1652/681 1174/1626/1174
f 1174/1626/1174 681/1652/681 1175/1646/1175
f 681/1652/681 680/1653/680 1175/1646/1175
f 1175/1654/1175 680/1655/680 1176/1656/1176
f 680/1655/680 679/1657/679 1176/1656/1176
f 1176/1658/1176 679/1659/679 1177/1660/1177
f 679/1661/679 678/1662/678 1177/1663/1177
f 1177/1649/1177 678/1664/678 1178/1650/1178
f 678/1664/678 677/1665/677 1178/1650/1178
f 1178/1650/1178 677/1665/677 1179/1651/1179
f 677/1665/677 676/1666/676 1179/1651/1179
f 1179/1651/1179 676/1666/676 732/971/732
f 676/1666/676 648/962/648 732/971/732
f 689/1667/689 724/963/724 648/962/648
f 688/1668/688 1180/1669/1180 689/1667/689
f 687/1670/687 1181/1671/1181 688/1672/688
f 686/1673/686 1183/1674/1183 687/1670/687
f 685/1675/685 1186/1676/1186 686/1673/686
f 684/1677/684 1190/1678/1190 685/1675/685
f 683/951/683 1195/1679/1195 684/1677/684
f 689/1667/689 1180/1669/1180 724/963/724
f 1180/1669/1180 723/1473/723 724/963/724
f 688/1668/688 1181/1680/1181 1180/1669/1180
f 1181/1680/1181 1182/1681/1182 1180/1669/1180
f 1180/1669/1180 1182/1681/1182 723/1473/723
f 1182/1681/1182 722/1474/722 723/1473/723
f 687/1670/687 1183/1674/1183 1181/1671/1181
f 1183/1674/1183 1184/1682/1184 1181/1671/1181
f 1181/1680/1181 1184/1683/1184 1182/1681/1182
f 1184/1683/1184 1185/1684/1185 1182/1681/1182
f 1182/1685/1182 1185/1686/1185 722/1687/722
f 1185/1686/1185 721/1688/721 722/1687/722
f 686/1673/686 1186/1676/1186 1183/1674/1183
f 1186/1676/1186 1187/1689/1187 1183/1674/1183
f 1183/1674/1183 1187/1689/1187 1184/1682/1184
f 1187/1689/1187 1188/1690/1188 1184/1682/1184
f 1184/1682/1184 1188/1690/1188 1185/1686/1185
f 1188/1690/1188 1189/1691/1189 1185/1686/1185
f 1185/1686/1185 1189/1691/1189 721/1688/721
f 1189/1691/1189 720/1692/720 721/1688/721
f 685/1675/685 1190/1678/1190 1186/1676/1186
f 1190/1678/1190 1191/1693/1191 1186/1676/1186
f 1186/1676/1186 1191/1693/1191 1187/1689/1187
f 1191/1693/1191 1192/1694/1192 1187/1689/1187
f 1187/1689/1187 1192/1694/1192 1188/1690/1188
f 1192/1694/1192 1193/1695/1193 1188/1690/1188
f 1188/1696/1188 1193/1697/1193 1189/1698/1189
f 1193/1697/1193 1194/1699/1194 1189/1698/1189
f 1189/1691/1189 1194/1700/1194 720/1692/720
f 1194/1701/1194 719/1478/719 720/1477/720
f 684/1677/684 1195/1679/1195 1190/1678/1190
f 1195/1679/1195 1196/1702/1196 1190/1678/1190
f 1190/1678/1190 1196/1702/1196 1191/1693/1191
f 1196/1702/1196 1197/1703/1197 1191/1693/1191
f 1191/1693/1191 1197/1703/1197 1192/1694/1192
f 1197/1703/1197 1198/1704/1198 1192/1694/1192
f 1192/1694/1192 1198/1704/1198 1193/1695/1193
f 1198/1704/1198 1199/1705/1199 1193/1695/1193
f 1193/1695/1193 1199/1705/1199 1194/1700/1194
f 1199/1706/1199 1200/1707/1200 1194/1701/1194
f 1194/1701/1194 1200/1707/1200 719/1478/719
f 1200/1708/1200 718/1481/718 719/1480/719
f 683/951/683 710/950/710 1195/1679/1195
f 710/950/710 709/1709/709 1195/1679/1195
f 1195/1679/1195 709/1709/709 1196/1702/1196
f 709/1709/709 708/1710/708 1196/1702/1196
f 1196/1702/1196 708/1710/708 1197/1703/1197
f 708/1710/708 707/1711/707 1197/1703/1197
f 1197/1703/1197 707/1711/707 1198/1704/1198
f 707/1711/707 706/1712/706 1198/1704/1198
f 1198/1704/1198 706/1712/706 1199/1705/1199
f 706/1712/706 705/1713/705 1199/1705/1199
f 1199/1714/1199 705/1715/705 1200/1716/1200
f 705/1715/705 704/1717/704 1200/1716/1200
f 1200/1716/1200 704/1717/704 718/1718/718
f 704/1717/704 647/1719/647 718/1718/718
f 704/1720/704 717/1721/717 647/1722/647
f 705/1713/705 1201/1723/1201 704/1720/704
f 706/1712/706 1202/1724/1202 705/1713/705
f 707/1711/707 1204/1725/1204 706/1712/706
f 708/1710/708 1207/1726/1207 707/1711/707
f 709/1709/709 1211/1727/1211 708/1710/708
f 710/950/710 1216/1728/1216 709/1709/709
f 704/1720/704 1201/1723/1201 717/1721/717
f 1201/1729/1201 716/1512/716 717/960/717
f 705/1713/705 1202/1724/1202 1201/1723/1201
f 1202/1730/1202 1203/1731/1203 1201/1729/1201
f 1201/1729/1201 1203/1731/1203 716/1512/716
f 1203/1731/1203 715/1513/715 716/1512/716
f 706/1712/706 1204/1725/1204 1202/1724/1202
f 1204/1725/1204 1205/1732/1205 1202/1724/1202
f 1202/1730/1202 1205/1733/1205 1203/1731/1203
f 1205/1733/1205 1206/1734/1206 1203/1731/1203
f 1203/1735/1203 1206/1736/1206 715/1737/715
f 1206/1736/1206 714/1738/714 715/1737/715
f 707/1711/707 1207/1726/1207 1204/1725/1204
f 1207/1726/1207 1208/1739/1208 1204/1725/1204
f 1204/1725/1204 1208/1739/1208 1205/1732/1205
f 1208/1739/1208 1209/1740/1209 1205/1732/1205
f 1205/1732/1205 1209/1740/1209 1206/1736/1206
f 1209/1740/1209 1210/1741/1210 1206/1736/1206
f 1206/1736/1206 1210/1741/1210 714/1738/714
f 1210/1741/1210 713/1742/713 714/1738/714
f 708/1710/708 1211/1727/1211 1207/1726/1207
f 1211/1727/1211 1212/1743/1212 1207/1726/1207
f 1207/1726/1207 1212/1743/1212 1208/1739/1208
f 1212/1743/1212 1213/1744/1213 1208/1739/1208
f 1208/1739/1208 1213/1744/1213 1209/1740/1209
f 1213/1744/1213 1214/1745/1214 1209/1740/1209
f 1209/1740/1209 1214/1745/1214 1210/1741/1210
f 1214/1745/1214 1215/1746/1215 1210/1741/1210
f 1210/1747/1210 1215/1748/1215 713/1749/713
f 1215/1748/1215 712/1750/712 713/1749/713
f 709/1709/709 1216/1728/1216 1211/1727/1211
f 1216/1728/1216 1217/1751/1217 1211/1727/1211
f 1211/1727/1211 1217/1751/1217 1212/1743/1212
f 1217/1751/1217 1218/1752/1218 1212/1743/1212
f 1212/1743/1212 1218/1752/1218 1213/1744/1213
f 1218/1752/1218 1219/1753/1219 1213/1744/1213
f 1213/1744/1213 1219/1753/1219 1214/1745/1214
f 1219/1753/1219 1220/1754/1220 1214/1745/1214
f 1214/1745/1214 1220/1754/1220 1215/1746/1215
f 1220/1754/1220 1221/1755/1221 1215/1746/1215
f 1215/1748/1215 1221/1756/1221 712/1750/712
f 1221/1756/1221 711/1757/711 712/1750/712
f 710/950/710 696/949/696 1216/1728/1216
f 696/949/696 695/1758/695 1216/1728/1216
f 1216/1728/1216 695/1758/695 1217/1751/1217
f 695/1758/695 694/1759/694 1217/1751/1217
f 1217/1751/1217 694/1759/694 1218/1752/1218
f 694/1759/694 693/1760/693 1218/1752/1218
f 1218/1752/1218 693/1760/693 1219/1753/1219
f 693/1760/693 692/1761/692 1219/1753/1219
f 1219/1753/1219 692/1761/692 1220/1754/1220
f 692/1761/692 691/1762/691 1220/1754/1220
f 1220/1754/1220 691/1762/691 1221/1755/1221
f 691/1762/691 690/1763/690 1221/1755/1221
f 1221/1755/1221 690/1763/690 711/1764/711
f 690/1763/690 646/956/646 711/1764/711
f 690/1763/690 703/957/703 646/956/646
f 691/1762/691 1222/1765/1222 690/1763/690
f 692/1761/692 1223/1766/1223 691/1762/691
f 693/1760/693 1225/1767/1225 692/1761/692
f 694/1759/694 1228/1768/1228 693/1760/693
f 695/1758/695 1232/1769/1232 694/1759/694
f 696/949/696 1237/1770/1237 695/1758/695
f 690/1763/690 1222/1765/1222 703/957/703
f 1222/1765/1222 702/1565/702 703/957/703
f 691/1762/691 1223/1766/1223 1222/1765/1222
f 1223/1766/1223 1224/1771/1224 1222/1765/1222
f 1222/1765/1222 1224/1771/1224 702/1565/702
f 1224/1771/1224 701/1566/701 702/1565/702
f 692/1761/692 1225/1767/1225 1223/1766/1223
f 1225/1767/1225 1226/1772/1226 1223/1766/1223
f 1223/1766/1223 1226/1772/1226 1224/1771/1224
f 1226/1772/1226 1227/1773/1227 1224/1771/1224
f 1224/1771/1224 1227/1773/1227 701/1566/701
f 1227/1773/1227 700/1774/700 701/1566/701
f 693/1760/693 1228/1768/1228 1225/1767/1225
f 1228/1768/1228 1229/1775/1229 1225/1767/1225
f 1225/1767/1225 1229/1775/1229 1226/1772/1226
f 1229/1775/1229 1230/1776/1230 1226/1772/1226
f 1226/1772/1226 1230/1776/1230 1227/1773/1227
f 1230/1776/1230 1231/1777/1231 1227/1773/1227
f 1227/1773/1227 1231/1777/1231 700/1774/700
f 1231/1778/1231 699/1569/699 700/1568/700
f 694/1759/694 1232/1769/1232 1228/1768/1228
f 1232/1769/1232 1233/1779/1233 1228/1768/1228
f 1228/1768/1228 1233/1779/1233 1229/1775/1229
f 1233/1779/1233 1234/1780/1234 1229/1775/1229
f 1229/1775/1229 1234/1780/1234 1230/1776/1230
f 1234/1780/1234 1235/1781/1235 1230/1776/1230
f 1230/1776/1230 1235/1781/1235 1231/1777/1231
f 1235/1781/1235 1236/1782/1236 1231/1777/1231
f 1231/1778/1231 1236/1783/1236 699/1569/699
f 1236/1783/1236 698/1570/698 699/1569/699
f 695/1758/695 1237/1770/1237 1232/1769/1232
f 1237/1770/1237 1238/1784/1238 1232/1769/1232
f 1232/1769/1232 1238/1784/1238 1233/1779/1233
f 1238/1784/1238 1239/1785/1239 1233/1779/1233
f 1233/1779/1233 1239/1785/1239 1234/1780/1234
f 1239/1785/1239 1240/1786/1240 1234/1780/1234
f 1234/1780/1234 1240/1786/1240 1235/1781/1235
f 1240/1786/1240 1241/1787/1241 1235/1781/1235
f 1235/1788/1235 1241/1789/1241 1236/1783/1236
f 1241/1789/1241 1242/1790/1242 1236/1783/1236
f 1236/1783/1236 1242/1790/1242 698/1570/698
f 1242/1790/1242 697/1571/697 698/1570/698
f 696/949/696 661/945/661 1237/1770/1237
f 661/945/661 660/1791/660 1237/1770/1237
f 1237/1770/1237 660/1791/660 1238/1784/1238
f 660/1791/660 659/1792/659 1238/1784/1238
f 1238/1784/1238 659/1792/659 1239/1785/1239
f 659/1792/659 658/1793/658 1239/1785/1239
f 1239/1785/1239 658/1793/658 1240/1786/1240
f 658/1793/658 657/1794/657 1240/1786/1240
f 1240/1786/1240 657/1794/657 1241/1787/1241
f 657/1795/657 656/1796/656 1241/1789/1241
f 1241/1789/1241 656/1796/656 1242/1790/1242
f 656/1796/656 655/1797/655 1242/1790/1242
f 1242/1790/1242 655/1797/655 697/1571/697
f 655/1797/655 645/953/645 697/1571/697
f 676/1666/676 689/1667/689 648/962/648
f 677/1665/677 1243/1798/1243 676/1666/676
f 678/1664/678 1244/1799/1244 677/1665/677
f 679/1657/679 1246/1800/1246 678/1801/678
f 680/1655/680 1249/1802/1249 679/1657/679
f 681/1803/681 1253/1804/1253 680/1655/680
f 682/948/682 1258/1805/1258 681/1652/681
f 676/1666/676 1243/1798/1243 689/1667/689
f 1243/1798/1243 688/1668/688 689/1667/689
f 677/1665/677 1244/1799/1244 1243/1798/1243
f 1244/1799/1244 1245/1806/1245 1243/1798/1243
f 1243/1798/1243 1245/1806/1245 688/1668/688
f 1245/1807/1245 687/1670/687 688/1672/688
f 678/1801/678 1246/1800/1246 1244/1808/1244
f 1246/1800/1246 1247/1809/1247 1244/1808/1244
f 1244/1808/1244 1247/1809/1247 1245/1807/1245
f 1247/1809/1247 1248/1810/1248 1245/1807/1245
f 1245/1807/1245 1248/1810/1248 687/1670/687
f 1248/1810/1248 686/1673/686 687/1670/687
f 679/1657/679 1249/1802/1249 1246/1800/1246
f 1249/1802/1249 1250/1811/1250 1246/1800/1246
f 1246/1800/1246 1250/1811/1250 1247/1809/1247
f 1250/1811/1250 1251/1812/1251 1247/1809/1247
f 1247/1809/1247 1251/1812/1251 1248/1810/1248
f 1251/1812/1251 1252/1813/1252 1248/1810/1248
f 1248/1810/1248 1252/1813/1252 686/1673/686
f 1252/1813/1252 685/1675/685 686/1673/686
f 680/1655/680 1253/1804/1253 1249/1802/1249
f 1253/1804/1253 1254/1814/1254 1249/1802/1249
f 1249/1802/1249 1254/1814/1254 1250/1811/1250
f 1254/1814/1254 1255/1815/1255 1250/1811/1250
f 1250/1811/1250 1255/1815/1255 1251/1812/1251
f 1255/1815/1255 1256/1816/1256 1251/1812/1251
f 1251/1812/1251 1256/1816/1256 1252/1813/1252
f 1256/1816/1256 1257/1817/1257 1252/1813/1252
f 1252/1813/1252 1257/1817/1257 685/1675/685
f 1257/1817/1257 684/1677/684 685/1675/685
f 681/1803/681 1258/1818/1258 1253/1804/1253
f 1258/1818/1258 1259/1819/1259 1253/1804/1253
f 1253/1804/1253 1259/1819/1259 1254/1814/1254
f 1259/1819/1259 1260/1820/1260 1254/1814/1254
f 1254/1814/1254 1260/1820/1260 1255/1815/1255
f 1260/1820/1260 1261/1821/1261 1255/1815/1255
f 1255/1815/1255 1261/1821/1261 1256/1816/1256
f 1261/1821/1261 1262/1822/1262 1256/1816/1256
f 1256/1816/1256 1262/1822/1262 1257/1817/1257
f 1262/1822/1262 1263/1823/1263 1257/1817/1257
f 1257/1817/1257 1263/1823/1263 684/1677/684
f 1263/1823/1263 683/951/683 684/1677/684
f 682/948/682 668/947/668 1258/1805/1258
f 668/1824/668 667/1825/667 1258/1818/1258
f 1258/1818/1258 667/1825/667 1259/1819/1259
f 667/1825/667 666/1826/666 1259/1819/1259
f 1259/1819/1259 666/1826/666 1260/1820/1260
f 666/1826/666 665/1827/665 1260/1820/1260
f 1260/1820/1260 665/1827/665 1261/1821/1261
f 665/1827/665 664/1828/664 1261/1821/1261
f 1261/1821/1261 664/1828/664 1262/1822/1262
f 664/1828/664 663/1829/663 1262/1822/1262
f 1262/1822/1262 663/1829/663 1263/1823/1263
f 663/1829/663 662/944/662 1263/1823/1263
f 1263/1823/1263 662/944/662 683/951/683
f 662/944/662 643/943/643 683/951/683
f 655/1797/655 675/954/675 645/953/645
f 656/1796/656 1264/1830/1264 655/1797/655
f 657/1795/657 1265/1831/1265 656/1796/656
f 658/1832/658 1267/1833/1267 657/1795/657
f 659/1792/659 1270/1834/1270 658/1793/658
f 660/1791/660 1274/1835/1274 659/1792/659
f 661/945/661 1279/1836/1279 660/1791/660
f 655/1797/655 1264/1830/1264 675/954/675
f 1264/1830/1264 674/1613/674 675/954/675
f 656/1796/656 1265/1831/1265 1264/1830/1264
f 1265/1831/1265 1266/1837/1266 1264/1830/1264
f 1264/1830/1264 1266/1837/1266 674/1613/674
f 1266/1837/1266 673/1614/673 674/1613/674
f 657/1795/657 1267/1833/1267 1265/1831/1265
f 1267/1838/1267 1268/1839/1268 1265/1840/1265
f 1265/1831/1265 1268/1841/1268 1266/1837/1266
f 1268/1841/1268 1269/1842/1269 1266/1837/1266
f 1266/1843/1266 1269/1844/1269 673/1845/673
f 1269/1844/1269 672/1846/672 673/1845/673
f 658/1832/658 1270/1847/1270 1267/1833/1267
f 1270/1847/1270 1271/1848/1271 1267/1833/1267
f 1267/1838/1267 1271/1849/1271 1268/1839/1268
f 1271/1849/1271 1272/1850/1272 1268/1839/1268
f 1268/1841/1268 1272/1851/1272 1269/1842/1269
f 1272/1851/1272 1273/1852/1273 1269/1842/1269
f 1269/1844/1269 1273/1853/1273 672/1846/672
f 1273/1852/1273 671/1616/671 672/1615/672
f 659/1792/659 1274/1835/1274 1270/1834/1270
f 1274/1835/1274 1275/1854/1275 1270/1834/1270
f 1270/1847/1270 1275/1855/1275 1271/1848/1271
f 1275/1855/1275 1276/1856/1276 1271/1848/1271
f 1271/1849/1271 1276/1857/1276 1272/1850/1272
f 1276/1857/1276 1277/1858/1277 1272/1850/1272
f 1272/1850/1272 1277/1858/1277 1273/1859/1273
f 1277/1858/1277 1278/1860/1278 1273/1859/1273
f 1273/1859/1273 1278/1860/1278 671/1861/671
f 1278/1862/1278 670/1617/670 671/1616/671
f 660/1791/660 1279/1836/1279 1274/1835/1274
f 1279/1836/1279 1280/1863/1280 1274/1835/1274
f 1274/1835/1274 1280/1863/1280 1275/1854/1275
f 1280/1863/1280 1281/1864/1281 1275/1854/1275
f 1275/1855/1275 1281/1865/1281 1276/1856/1276
f 1281/1864/1281 1282/1866/1282 1276/1857/1276
f 1276/1857/1276 1282/1866/1282 1277/1858/1277
f 1282/1867/1282 1283/1868/1283 1277/1869/1277
f 1277/1858/1277 1283/1870/1283 1278/1860/1278
f 1283/1870/1283 1284/1871/1284 1278/1860/1278
f 1278/1862/1278 1284/1872/1284 670/1617/670
f 1284/1873/1284 669/1874/669 670/1875/670
f 661/945/661 662/944/662 1279/1836/1279
f 662/944/662 663/1829/663 1279/1836/1279
f 1279/1836/1279 663/1829/663 1280/1863/1280
f 663/1829/663 664/1828/664 1280/1863/1280
f 1280/1863/1280 664/1828/664 1281/1864/1281
f 664/1828/664 665/1827/665 1281/1864/1281
f 1281/1864/1281 665/1827/665 1282/1866/1282
f 665/1827/665 666/1826/666 1282/1866/1282
f 1282/1866/1282 666/1826/666 1283/1870/1283
f 666/1826/666 667/1825/667 1283/1870/1283
f 1283/1870/1283 667/1825/667 1284/1871/1284
f 667/1825/667 668/1824/668 1284/1871/1284
f 1284/1876/1284 668/1877/668 669/1878/669
f 668/947/668 644/946/644 669/1619/669
f 1285/1879/1285 1304/1880/1304 1303/1881/1303
f 1286/1882/1286 1310/1883/1310 1324/1884/1324
f 1285/1879/1285 1303/1881/1303 1338/1885/1338
f 1285/1879/1285 1338/1885/1338 1352/1886/1352
f 1285/1879/1285 1352/1886/1352 1325/1887/1325
f 1286/1888/1286 1324/1889/1324 1373/1890/1373
f 1287/1891/1287 1317/1892/1317 1387/1893/1387
f 1288/1894/1288 1345/1895/1345 1401/1896/1401
f 1289/1897/1289 1359/1898/1359 1415/1899/1415
f 1290/1900/1290 1366/1901/1366 1429/1902/1429
f 1286/1888/1286 1373/1890/1373 1388/1903/1388
f 1287/1891/1287 1387/1893/1387 1402/1904/1402
f 1288/1905/1288 1401/1906/1401 1416/1907/1416
f 1289/1908/1289 1415/1909/1415 1430/1910/1430
f 1290/1900/1290 1429/1902/1429 1374/1911/1374
f 1291/1912/1291 1443/1913/1443 1478/1914/1478
f 1292/1915/1292 1450/1916/1450 1492/1917/1492
f 1293/1918/1293 1457/1919/1457 1499/1920/1499
f 1294/1921/1294 1464/1922/1464 1506/1923/1506
f 1295/1924/1295 1471/1925/1471 1479/1926/1479
f 1485/1927/1485 1500/1928/1500 1296/1929/1296
f 1484/1930/1484 1507/1931/1507 1485/1927/1485
f 1483/1932/1483 1508/1933/1508 1484/1930/1484
f 1482/1934/1482 1510/1935/1510 1483/1932/1483
f 1481/1936/1481 1513/1937/1513 1482/1934/1482
f 1480/1938/1480 1517/1939/1517 1481/1936/1481
f 1479/1926/1479 1522/1940/1522 1480/1938/1480
f 1485/1927/1485 1507/1931/1507 1500/1928/1500
f 1507/1931/1507 1501/1941/1501 1500/1928/1500
f 1484/1930/1484 1508/1933/1508 1507/1931/1507
f 1508/1933/1508 1509/1942/1509 1507/1931/1507
f 1507/1931/1507 1509/1942/1509 1501/1941/1501
f 1509/1942/1509 1502/1943/1502 1501/1941/1501
f 1483/1932/1483 1510/1935/1510 1508/1933/1508
f 1510/1935/1510 1511/1944/1511 1508/1933/1508
f 1508/1933/1508 1511/1944/1511 1509/1942/1509
f 1511/1944/1511 1512/1945/1512 1509/1942/1509
f 1509/1942/1509 1512/1945/1512 1502/1943/1502
f 1512/1945/1512 1503/1946/1503 1502/1943/1502
f 1482/1934/1482 1513/1937/1513 1510/1935/1510
f 1513/1937/1513 1514/1947/1514 1510/1935/1510
f 1510/1935/1510 1514/1947/1514 1511/1944/1511
f 1514/1947/1514 1515/1948/1515 1511/1944/1511
f 1511/1944/1511 1515/1948/1515 1512/1945/1512
f 1515/1948/1515 1516/1949/1516 1512/1945/1512
f 1512/1945/1512 1516/1949/1516 1503/1946/1503
f 1516/1949/1516 1504/1950/1504 1503/1946/1503
f 1481/1936/1481 1517/1939/1517 1513/1937/1513
f 1517/1939/1517 1518/1951/1518 1513/1937/1513
f 1513/1937/1513 1518/1951/1518 1514/1947/1514
f 1518/1951/1518 1519/1952/1519 1514/1947/1514
f 1514/1947/1514 1519/1952/1519 1515/1948/1515
f 1519/1952/1519 1520/1953/1520 1515/1948/1515
f 1515/1948/1515 1520/1953/1520 1516/1949/1516
f 1520/1953/1520 1521/1954/1521 1516/1949/1516
f 1516/1949/1516 1521/1954/1521 1504/1950/1504
f 1521/1954/1521 1505/1955/1505 1504/1950/1504
f 1480/1938/1480 1522/1940/1522 1517/1939/1517
f 1522/1940/1522 1523/1956/1523 1517/1939/1517
f 1517/1939/1517 1523/1956/1523 1518/1951/1518
f 1523/1956/1523 1524/1957/1524 1518/1951/1518
f 1518/1951/1518 1524/1957/1524 1519/1952/1519
f 1524/1957/1524 1525/1958/1525 1519/1952/1519
f 1519/1952/1519 1525/1958/1525 1520/1953/1520
f 1525/1958/1525 1526/1959/1526 1520/1953/1520
f 1520/1953/1520 1526/1959/1526 1521/1954/1521
f 1526/1959/1526 1527/1960/1527 1521/1954/1521
f 1521/1954/1521 1527/1960/1527 1505/1955/1505
f 1527/1960/1527 1506/1961/1506 1505/1955/1505
f 1479/1926/1479 1471/1925/1471 1522/1940/1522
f 1471/1925/1471 1470/1962/1470 1522/1940/1522
f 1522/1940/1522 1470/1962/1470 1523/1956/1523
f 1470/1962/1470 1469/1963/1469 1523/1956/1523
f 1523/1956/1523 1469/1963/1469 1524/1957/1524
f 1469/1963/1469 1468/1964/1468 1524/1957/1524
f 1524/1957/1524 1468/1964/1468 1525/1958/1525
f 1468/1964/1468 1467/1965/1467 1525/1958/1525
f 1525/1958/1525 1467/1965/1467 1526/1959/1526
f 1467/1965/1467 1466/1966/1466 1526/1959/1526
f 1526/1959/1526 1466/1966/1466 1527/1960/1527
f 1466/1966/1466 1465/1967/1465 1527/1960/1527
f 1527/1960/1527 1465/1967/1465 1506/1961/1506
f 1465/1967/1465 1294/1968/1294 1506/1961/1506
f 1500/1928/1500 1493/1969/1493 1296/1929/1296
f 1501/1941/1501 1528/1970/1528 1500/1928/1500
f 1502/1943/1502 1529/1971/1529 1501/1941/1501
f 1503/1946/1503 1531/1972/1531 1502/1943/1502
f 1504/1950/1504 1534/1973/1534 1503/1946/1503
f 1505/1955/1505 1538/1974/1538 1504/1950/1504
f 1506/1961/1506 1543/1975/1543 1505/1955/1505
f 1500/1928/1500 1528/1970/1528 1493/1969/1493
f 1528/1970/1528 1494/1976/1494 1493/1969/1493
f 1501/1941/1501 1529/1971/1529 1528/1970/1528
f 1529/1971/1529 1530/1977/1530 1528/1970/1528
f 1528/1970/1528 1530/1977/1530 1494/1976/1494
f 1530/1977/1530 1495/1978/1495 1494/1976/1494
f 1502/1943/1502 1531/1972/1531 1529/1971/1529
f 1531/1972/1531 1532/1979/1532 1529/1971/1529
f 1529/1971/1529 1532/1979/1532 1530/1977/1530
f 1532/1979/1532 1533/1980/1533 1530/1977/1530
f 1530/1977/1530 1533/1980/1533 1495/1978/1495
f 1533/1980/1533 1496/1981/1496 1495/1978/1495
f 1503/1946/1503 1534/1973/1534 1531/1972/1531
f 1534/1973/1534 1535/1982/1535 1531/1972/1531
f 1531/1972/1531 1535/1982/1535 1532/1979/1532
f 1535/1982/1535 1536/1983/1536 1532/1979/1532
f 1532/1979/1532 1536/1983/1536 1533/1980/1533
f 1536/1983/1536 1537/1984/1537 1533/1980/1533
f 1533/1980/1533 1537/1984/1537 1496/1981/1496
f 1537/1984/1537 1497/1985/1497 1496/1981/1496
f 1504/1950/1504 1538/1974/1538 1534/1973/1534
f 1538/1974/1538 1539/1986/1539 1534/1973/1534
f 1534/1973/1534 1539/1986/1539 1535/1982/1535
f 1539/1986/1539 1540/1987/1540 1535/1982/1535
f 1535/1982/1535 1540/1987/1540 1536/1983/1536
f 1540/1987/1540 1541/1988/1541 1536/1983/1536
f 1536/1983/1536 1541/1988/1541 1537/1984/1537
f 1541/1988/1541 1542/1989/1542 1537/1984/1537
f 1537/1984/1537 1542/1989/1542 1497/1985/1497
f 1542/1989/1542 1498/1990/1498 1497/1985/1497
f 1505/1955/1505 1543/1975/1543 1538/1974/1538
f 1543/1975/1543 1544/1991/1544 1538/1974/1538
f 1538/1974/1538 1544/1991/1544 1539/1986/1539
f 1544/1991/1544 1545/1992/1545 1539/1986/1539
f 1539/1986/1539 1545/1992/1545 1540/1987/1540
f 1545/1993/1545 1546/1994/1546 1540/1995/1540
f 1540/1987/1540 1546/1996/1546 1541/1988/1541
f 1546/1996/1546 1547/1997/1547 1541/1988/1541
f 1541/1988/1541 1547/1997/1547 1542/1989/1542
f 1547/1997/1547 1548/1998/1548 1542/1989/1542
f 1542/1989/1542 1548/1998/1548 1498/1990/1498
f 1548/1998/1548 1499/1999/1499 1498/1990/1498
f 1506/1923/1506 1464/1922/1464 1543/2000/1543
f 1464/1922/1464 1463/2001/1463 1543/2000/1543
f 1543/1975/1543 1463/2002/1463 1544/1991/1544
f 1463/2001/1463 1462/2003/1462 1544/2004/1544
f 1544/2004/1544 1462/2003/1462 1545/2005/1545
f 1462/2006/1462 1461/2007/1461 1545/2008/1545
f 1545/2008/1545 1461/2007/1461 1546/2009/1546
f 1461/2010/1461 1460/2011/1460 1546/2012/1546
f 1546/2012/1546 1460/2011/1460 1547/2013/1547
f 1460/2014/1460 1459/2015/1459 1547/1997/1547
f 1547/1997/1547 1459/2015/1459 1548/1998/1548
f 1459/2015/1459 1458/2016/1458 1548/1998/1548
f 1548/1998/1548 1458/2016/1458 1499/1999/1499
f 1458/2017/1458 1293/1918/1293 1499/1920/1499
f 1493/1969/1493 1486/2018/1486 1296/1929/1296
f 1494/1976/1494 1549/2019/1549 1493/1969/1493
f 1495/1978/1495 1550/2020/1550 1494/1976/1494
f 1496/1981/1496 1552/2021/1552 1495/1978/1495
f 1497/1985/1497 1555/2022/1555 1496/1981/1496
f 1498/1990/1498 1559/2023/1559 1497/1985/1497
f 1499/1999/1499 1564/2024/1564 1498/1990/1498
f 1493/1969/1493 1549/2019/1549 1486/2018/1486
f 1549/2019/1549 1487/2025/1487 1486/2018/1486
f 1494/1976/1494 1550/2020/1550 1549/2019/1549
f 1550/2020/1550 1551/2026/1551 1549/2019/1549
f 1549/2019/1549 1551/2026/1551 1487/2025/1487
f 1551/2026/1551 1488/2027/1488 1487/2025/1487
f 1495/1978/1495 1552/2021/1552 1550/2020/1550
f 1552/2021/1552 1553/2028/1553 1550/2020/1550
f 1550/2020/1550 1553/2028/1553 1551/2026/1551
f 1553/2028/1553 1554/2029/1554 1551/2026/1551
f 1551/2026/1551 1554/2029/1554 1488/2027/1488
f 1554/2029/1554 1489/2030/1489 1488/2027/1488
f 1496/1981/1496 1555/2022/1555 1552/2021/1552
f 1555/2022/1555 1556/2031/1556 1552/2021/1552
f 1552/2021/1552 1556/2031/1556 1553/2028/1553
f 1556/2031/1556 1557/2032/1557 1553/2028/1553
f 1553/2028/1553 1557/2032/1557 1554/2029/1554
f 1557/2032/1557 1558/2033/1558 1554/2029/1554
f 1554/2029/1554 1558/2033/1558 1489/2030/1489
f 1558/2033/1558 1490/2034/1490 1489/2030/1489
f 1497/1985/1497 1559/2023/1559 1555/2022/1555
f 1559/2023/1559 1560/2035/1560 1555/2022/1555
f 1555/2022/1555 1560/2035/1560 1556/2031/1556
f 1560/2035/1560 1561/2036/1561 1556/2031/1556
f 1556/2031/1556 1561/2036/1561 1557/2032/1557
f 1561/2036/1561 1562/2037/1562 1557/2032/1557
f 1557/2032/1557 1562/2037/1562 1558/2033/1558
f 1562/2037/1562 1563/2038/1563 1558/2033/1558
f 1558/2033/1558 1563/2038/1563 1490/2034/1490
f 1563/2039/1563 1491/2040/1491 1490/2041/1490
f 1498/1990/1498 1564/2024/1564 1559/2023/1559
f 1564/2024/1564 1565/2042/1565 1559/2023/1559
f 1559/2023/1559 1565/2042/1565 1560/2035/1560
f 1565/2042/1565 1566/2043/1566 1560/2035/1560
f 1560/2035/1560 1566/2043/1566 1561/2036/1561
f 1566/2043/1566 1567/2044/1567 1561/2036/1561
f 1561/2036/1561 1567/2044/1567 1562/2037/1562
f 1567/2044/1567 1568/2045/1568 1562/2037/1562
f 1562/2037/1562 1568/2045/1568 1563/2038/1563
f 1568/2046/1568 1569/2047/1569 1563/2039/1563
f 1563/2039/1563 1569/2047/1569 1491/2040/1491
f 1569/2047/1569 1492/1917/1492 1491/2040/1491
f 1499/1999/1499 1457/2048/1457 1564/2024/1564
f 1457/2048/1457 1456/2049/1456 1564/2024/1564
f 1564/2050/1564 1456/2051/1456 1565/2052/1565
f 1456/2051/1456 1455/2053/1455 1565/2052/1565
f 1565/2054/1565 1455/2055/1455 1566/2056/1566
f 1455/2055/1455 1454/2057/1454 1566/2056/1566
f 1566/2056/1566 1454/2057/1454 1567/2058/1567
f 1454/2057/1454 1453/2059/1453 1567/2058/1567
f 1567/2058/1567 1453/2059/1453 1568/2046/1568
f 1453/2059/1453 1452/2060/1452 1568/2046/1568
f 1568/2046/1568 1452/2060/1452 1569/2047/1569
f 1452/2060/1452 1451/2061/1451 1569/2047/1569
f 1569/2047/1569 1451/2061/1451 1492/1917/1492
f 1451/2061/1451 1292/1915/1292 1492/1917/1492
f 1486/2018/1486 1472/2062/1472 1296/1929/1296
f 1487/2025/1487 1570/2063/1570 1486/2018/1486
f 1488/2027/1488 1571/2064/1571 1487/2025/1487
f 1489/2030/1489 1573/2065/1573 1488/2027/1488
f 1490/2034/1490 1576/2066/1576 1489/2030/1489
f 1491/2040/1491 1580/2067/1580 1490/2041/1490
f 1492/1917/1492 1585/2068/1585 1491/2040/1491
f 1486/2018/1486 1570/2063/1570 1472/2062/1472
f 1570/2063/1570 1473/2069/1473 1472/2062/1472
f 1487/2025/1487 1571/2064/1571 1570/2063/1570
f 1571/2064/1571 1572/2070/1572 1570/2063/1570
f 1570/2063/1570 1572/2070/1572 1473/2069/1473
f 1572/2070/1572 1474/2071/1474 1473/2069/1473
f 1488/2027/1488 1573/2065/1573 1571/2064/1571
f 1573/2065/1573 1574/2072/1574 1571/2064/1571
f 1571/2064/1571 1574/2072/1574 1572/2070/1572
f 1574/2072/1574 1575/2073/1575 1572/2070/1572
f 1572/2070/1572 1575/2073/1575 1474/2071/1474
f 1575/2073/1575 1475/2074/1475 1474/2071/1474
f 1489/2030/1489 1576/2066/1576 1573/2065/1573
f 1576/2066/1576 1577/2075/1577 1573/2065/1573
f 1573/2065/1573 1577/2075/1577 1574/2072/1574
f 1577/2075/1577 1578/2076/1578 1574/2072/1574
f 1574/2072/1574 1578/2076/1578 1575/2073/1575
f 1578/2076/1578 1579/2077/1579 1575/2073/1575
f 1575/2073/1575 1579/2077/1579 1475/2074/1475
f 1579/2077/1579 1476/2078/1476 1475/2074/1475
f 1490/2034/1490 1580/2079/1580 1576/2066/1576
f 1580/2067/1580 1581/2080/1581 1576/2081/1576
f 1576/2066/1576 1581/2082/1581 1577/2075/1577
f 1581/2080/1581 1582/2083/1582 1577/2084/1577
f 1577/2075/1577 1582/2085/1582 1578/2076/1578
f 1582/2085/1582 1583/2086/1583 1578/2076/1578
f 1578/2076/1578 1583/2086/1583 1579/2077/1579
f 1583/2086/1583 1584/2087/1584 1579/2077/1579
f 1579/2077/1579 1584/2087/1584 1476/2078/1476
f 1584/2087/1584 1477/2088/1477 1476/2078/1476
f 1491/2040/1491 1585/2068/1585 1580/2067/1580
f 1585/2068/1585 1586/2089/1586 1580/2067/1580
f 1580/2067/1580 1586/2089/1586 1581/2080/1581
f 1586/2089/1586 1587/2090/1587 1581/2080/1581
f 1581/2080/1581 1587/2090/1587 1582/2083/1582
f 1587/2090/1587 1588/2091/1588 1582/2083/1582
f 1582/2083/1582 1588/2091/1588 1583/2092/1583
f 1588/2091/1588 1589/2093/1589 1583/2092/1583
f 1583/2086/1583 1589/2094/1589 1584/2087/1584
f 1589/2094/1589 1590/2095/1590 1584/2087/1584
f 1584/2087/1584 1590/2095/1590 1477/2088/1477
f 1590/2095/1590 1478/1914/1478 1477/2088/1477
f 1492/1917/1492 1450/1916/1450 1585/2068/1585
f 1450/1916/1450 1449/2096/1449 1585/2068/1585
f 1585/2068/1585 1449/2096/1449 1586/2089/1586
f 1449/2096/1449 1448/2097/1448 1586/2089/1586
f 1586/2089/1586 1448/2097/1448 1587/2090/1587
f 1448/2097/1448 1447/2098/1447 1587/2090/1587
f 1587/2090/1587 1447/2098/1447 1588/2091/1588
f 1447/2098/1447 1446/2099/1446 1588/2091/1588
f 1588/2100/1588 1446/2101/1446 1589/2102/1589
f 1446/2099/1446 1445/2103/1445 1589/2093/1589
f 1589/2094/1589 1445/2104/1445 1590/2095/1590
f 1445/2104/1445 1444/2105/1444 1590/2095/1590
f 1590/2095/1590 1444/2105/1444 1478/1914/1478
f 1444/2105/1444 1291/1912/1291 1478/1914/1478
f 1472/2062/1472 1485/1927/1485 1296/1929/1296
f 1473/2069/1473 1591/2106/1591 1472/2062/1472
f 1474/2071/1474 1592/2107/1592 1473/2069/1473
f 1475/2074/1475 1594/2108/1594 1474/2071/1474
f 1476/2078/1476 1597/2109/1597 1475/2074/1475
f 1477/2088/1477 1601/2110/1601 1476/2078/1476
f 1478/1914/1478 1606/2111/1606 1477/2088/1477
f 1472/2062/1472 1591/2106/1591 1485/1927/1485
f 1591/2106/1591 1484/1930/1484 1485/1927/1485
f 1473/2069/1473 1592/2107/1592 1591/2106/1591
f 1592/2107/1592 1593/2112/1593 1591/2106/1591
f 1591/2106/1591 1593/2112/1593 1484/1930/1484
f 1593/2112/1593 1483/1932/1483 1484/1930/1484
f 1474/2071/1474 1594/2108/1594 1592/2107/1592
f 1594/2108/1594 1595/2113/1595 1592/2107/1592
f 1592/2107/1592 1595/2113/1595 1593/2112/1593
f 1595/2113/1595 1596/2114/1596 1593/2112/1593
f 1593/2112/1593 1596/2114/1596 1483/1932/1483
f 1596/2114/1596 1482/1934/1482 1483/1932/1483
f 1475/2074/1475 1597/2109/1597 1594/2108/1594
f 1597/2109/1597 1598/2115/1598 1594/2108/1594
f 1594/2108/1594 1598/2115/1598 1595/2113/1595
f 1598/2115/1598 1599/2116/1599 1595/2113/1595
f 1595/2113/1595 1599/2116/1599 1596/2114/1596
f 1599/2116/1599 1600/2117/1600 1596/2114/1596
f 1596/2114/1596 1600/2117/1600 1482/1934/1482
f 1600/2117/1600 1481/1936/1481 1482/1934/1482
f 1476/2078/1476 1601/2110/1601 1597/2109/1597
f 1601/2110/1601 1602/2118/1602 1597/2109/1597
f 1597/2109/1597 1602/2118/1602 1598/2115/1598
f 1602/2118/1602 1603/2119/1603 1598/2115/1598
f 1598/2115/1598 1603/2119/1603 1599/2116/1599
f 1603/2119/1603 1604/2120/1604 1599/2116/1599
f 1599/2116/1599 1604/2120/1604 1600/2117/1600
f 1604/2120/1604 1605/2121/1605 1600/2117/1600
f 1600/2117/1600 1605/2121/1605 1481/1936/1481
f 1605/2121/1605 1480/1938/1480 1481/1936/1481
f 1477/2088/1477 1606/2111/1606 1601/2110/1601
f 1606/2111/1606 1607/2122/1607 1601/2110/1601
f 1601/2110/1601 1607/2122/1607 1602/2118/1602
f 1607/2122/1607 1608/2123/1608 1602/2118/1602
f 1602/2124/1602 1608/2125/1608 1603/2126/1603
f 1608/2123/1608 1609/2127/1609 1603/2119/1603
f 1603/2119/1603 1609/2127/1609 1604/2120/1604
f 1609/2127/1609 1610/2128/1610 1604/2120/1604
f 1604/2120/1604 1610/2128/1610 1605/2121/1605
f 1610/2128/1610 1611/2129/1611 1605/2121/1605
f 1605/2121/1605 1611/2129/1611 1480/1938/1480
f 1611/2129/1611 1479/1926/1479 1480/1938/1480
f 1478/1914/1478 1443/1913/1443 1606/2111/1606
f 1443/1913/1443 1442/2130/1442 1606/2111/1606
f 1606/2111/1606 1442/2130/1442 1607/2122/1607
f 1442/2130/1442 1441/2131/1441 1607/2122/1607
f 1607/2122/1607 1441/2131/1441 1608/2123/1608
f 1441/2131/1441 1440/2132/1440 1608/2123/1608
f 1608/2123/1608 1440/2132/1440 1609/2127/1609
f 1440/2133/1440 1439/2134/1439 1609/2135/1609
f 1609/2127/1609 1439/2136/1439 1610/2128/1610
f 1439/2136/1439 1438/2137/1438 1610/2128/1610
f 1610/2138/1610 1438/2139/1438 1611/2140/1611
f 1438/2139/1438 1437/2141/1437 1611/2140/1611
f 1611/2140/1611 1437/2141/1437 1479/2142/1479
f 1437/2143/1437 1295/1924/1295 1479/1926/1479
f 1380/2144/1380 1471/2145/1471 1295/2146/1295
f 1379/2147/1379 1612/2148/1612 1380/2149/1380
f 1378/2150/1378 1613/2151/1613 1379/2147/1379
f 1377/2152/1377 1615/2153/1615 1378/2154/1378
f 1376/2155/1376 1618/2156/1618 1377/2152/1377
f 1375/2157/1375 1622/2158/1622 1376/2155/1376
f 1374/1911/1374 1627/2159/1627 1375/2157/1375
f 1380/2149/1380 1612/2148/1612 1471/2160/1471
f 1612/2161/1612 1470/2162/1470 1471/2163/1471
f 1379/2147/1379 1613/2151/1613 1612/2148/1612
f 1613/2164/1613 1614/2165/1614 1612/2166/1612
f 1612/2161/1612 1614/2167/1614 1470/2162/1470
f 1614/2167/1614 1469/2168/1469 1470/2162/1470
f 1378/2154/1378 1615/2153/1615 1613/2169/1613
f 1615/2153/1615 1616/2170/1616 1613/2169/1613
f 1613/2169/1613 1616/2170/1616 1614/2167/1614
f 1616/2170/1616 1617/2171/1617 1614/2167/1614
f 1614/2167/1614 1617/2171/1617 1469/2168/1469
f 1617/2171/1617 1468/2172/1468 1469/2168/1469
f 1377/2152/1377 1618/2156/1618 1615/2153/1615
f 1618/2156/1618 1619/2173/1619 1615/2153/1615
f 1615/2153/1615 1619/2173/1619 1616/2170/1616
f 1619/2173/1619 1620/2174/1620 1616/2170/1616
f 1616/2170/1616 1620/2174/1620 1617/2171/1617
f 1620/2174/1620 1621/2175/1621 1617/2171/1617
f 1617/2171/1617 1621/2175/1621 1468/2172/1468
f 1621/2175/1621 1467/2176/1467 1468/2172/1468
f 1376/2155/1376 1622/2158/1622 1618/2156/1618
f 1622/2158/1622 1623/2177/1623 1618/2156/1618
f 1618/2156/1618 1623/2177/1623 1619/2173/1619
f 1623/2177/1623 1624/2178/1624 1619/2173/1619
f 1619/2173/1619 1624/2178/1624 1620/2174/1620
f 1624/2178/1624 1625/2179/1625 1620/2174/1620
f 1620/2174/1620 1625/2179/1625 1621/2175/1621
f 1625/2179/1625 1626/2180/1626 1621/2175/1621
f 1621/2175/1621 1626/2180/1626 1467/2176/1467
f 1626/2180/1626 1466/2181/1466 1467/2176/1467
f 1375/2157/1375 1627/2159/1627 1622/2158/1622
f 1627/2159/1627 1628/2182/1628 1622/2158/1622
f 1622/2158/1622 1628/2182/1628 1623/2177/1623
f 1628/2182/1628 1629/2183/1629 1623/2177/1623
f 1623/2177/1623 1629/2183/1629 1624/2178/1624
f 1629/2183/1629 1630/2184/1630 1624/2178/1624
f 1624/2178/1624 1630/2184/1630 1625/2179/1625
f 1630/2184/1630 1631/2185/1631 1625/2179/1625
f 1625/2179/1625 1631/2185/1631 1626/2180/1626
f 1631/2185/1631 1632/2186/1632 1626/2180/1626
f 1626/2180/1626 1632/2186/1632 1466/2181/1466
f 1632/2187/1632 1465/1967/1465 1466/1966/1466
f 1374/1911/1374 1429/1902/1429 1627/2159/1627
f 1429/1902/1429 1428/2188/1428 1627/2159/1627
f 1627/2159/1627 1428/2188/1428 1628/2182/1628
f 1428/2188/1428 1427/2189/1427 1628/2182/1628
f 1628/2182/1628 1427/2189/1427 1629/2183/1629
f 1427/2189/1427 1426/2190/1426 1629/2183/1629
f 1629/2183/1629 1426/2190/1426 1630/2184/1630
f 1426/2190/1426 1425/2191/1425 1630/2184/1630
f 1630/2184/1630 1425/2191/1425 1631/2185/1631
f 1425/2191/1425 1424/2192/1424 1631/2185/1631
f 1631/2185/1631 1424/2192/1424 1632/2186/1632
f 1424/2192/1424 1423/2193/1423 1632/2186/1632
f 1632/2187/1632 1423/2194/1423 1465/1967/1465
f 1423/2194/1423 1294/1968/1294 1465/1967/1465
f 1436/2195/1436 1464/1922/1464 1294/1921/1294
f 1435/2196/1435 1633/2197/1633 1436/2195/1436
f 1434/2198/1434 1634/2199/1634 1435/2196/1435
f 1433/2200/1433 1636/2201/1636 1434/2198/1434
f 1432/2202/1432 1639/2203/1639 1433/2200/1433
f 1431/2204/1431 1643/2205/1643 1432/2202/1432
f 1430/1910/1430 1648/2206/1648 1431/2207/1431
f 1436/2195/1436 1633/2197/1633 1464/1922/1464
f 1633/2197/1633 1463/2001/1463 1464/1922/1464
f 1435/2196/1435 1634/2199/1634 1633/2197/1633
f 1634/2199/1634 1635/2208/1635 1633/2197/1633
f 1633/2197/1633 1635/2208/1635 1463/2001/1463
f 1635/2208/1635 1462/2003/1462 1463/2001/1463
f 1434/2198/1434 1636/2201/1636 1634/2199/1634
f 1636/2201/1636 1637/2209/1637 1634/2199/1634
f 1634/2199/1634 1637/2209/1637 1635/2208/1635
f 1637/2209/1637 1638/2210/1638 1635/2208/1635
f 1635/2211/1635 1638/2212/1638 1462/2006/1462
f 1638/2212/1638 1461/2007/1461 1462/2006/1462
f 1433/2200/1433 1639/2203/1639 1636/2201/1636
f 1639/2203/1639 1640/2213/1640 1636/2201/1636
f 1636/2201/1636 1640/2213/1640 1637/2209/1637
f 1640/2213/1640 1641/2214/1641 1637/2209/1637
f 1637/2209/1637 1641/2214/1641 1638/2210/1638
f 1641/2214/1641 1642/2215/1642 1638/2210/1638
f 1638/2210/1638 1642/2215/1642 1461/2010/1461
f 1642/2215/1642 1460/2011/1460 1461/2010/1461
f 1432/2202/1432 1643/2205/1643 1639/2203/1639
f 1643/2205/1643 1644/2216/1644 1639/2203/1639
f 1639/2203/1639 1644/2216/1644 1640/2213/1640
f 1644/2216/1644 1645/2217/1645 1640/2213/1640
f 1640/2213/1640 1645/2217/1645 1641/2214/1641
f 1645/2217/1645 1646/2218/1646 1641/2214/1641
f 1641/2214/1641 1646/2218/1646 1642/2215/1642
f 1646/2218/1646 1647/2219/1647 1642/2215/1642
f 1642/2215/1642 1647/2219/1647 1460/2011/1460
f 1647/2219/1647 1459/2220/1459 1460/2011/1460
f 1431/2207/1431 1648/2206/1648 1643/2221/1643
f 1648/2222/1648 1649/2223/1649 1643/2205/1643
f 1643/2205/1643 1649/2223/1649 1644/2216/1644
f 1649/2223/1649 1650/2224/1650 1644/2216/1644
f 1644/2216/1644 1650/2224/1650 1645/2217/1645
f 1650/2224/1650 1651/2225/1651 1645/2217/1645
f 1645/2217/1645 1651/2225/1651 1646/2218/1646
f 1651/2225/1651 1652/2226/1652 1646/2218/1646
f 1646/2218/1646 1652/2226/1652 1647/2219/1647
f 1652/2226/1652 1653/2227/1653 1647/2219/1647
f 1647/2219/1647 1653/2227/1653 1459/2220/1459
f 1653/2227/1653 1458/2017/1458 1459/2220/1459
f 1430/1910/1430 1415/1909/1415 1648/2206/1648
f 1415/2228/1415 1414/2229/1414 1648/2222/1648
f 1648/2222/1648 1414/2229/1414 1649/2223/1649
f 1414/2229/1414 1413/2230/1413 1649/2223/1649
f 1649/2223/1649 1413/2230/1413 1650/2224/1650
f 1413/2230/1413 1412/2231/1412 1650/2224/1650
f 1650/2224/1650 1412/2231/1412 1651/2225/1651
f 1412/2231/1412 1411/2232/1411 1651/2225/1651
f 1651/2225/1651 1411/2232/1411 1652/2226/1652
f 1411/2232/1411 1410/2233/1410 1652/2226/1652
f 1652/2226/1652 1410/2233/1410 1653/2227/1653
f 1410/2233/1410 1409/2234/1409 1653/2227/1653
f 1653/2227/1653 1409/2234/1409 1458/2017/1458
f 1409/2234/1409 1293/1918/1293 1458/2017/1458
f 1422/2235/1422 1457/1919/1457 1293/1918/1293
f 1421/2236/1421 1654/2237/1654 1422/2235/1422
f 1420/2238/1420 1655/2239/1655 1421/2236/1421
f 1419/2240/1419 1657/2241/1657 1420/2238/1420
f 1418/2242/1418 1660/2243/1660 1419/2240/1419
f 1417/2244/1417 1664/2245/1664 1418/2242/1418
f 1416/1907/1416 1669/2246/1669 1417/2247/1417
f 1422/2235/1422 1654/2237/1654 1457/1919/1457
f 1654/2248/1654 1456/2049/1456 1457/2048/1457
f 1421/2236/1421 1655/2239/1655 1654/2237/1654
f 1655/2239/1655 1656/2249/1656 1654/2237/1654
f 1654/2248/1654 1656/2250/1656 1456/2049/1456
f 1656/2250/1656 1455/2251/1455 1456/2049/1456
f 1420/2238/1420 1657/2241/1657 1655/2239/1655
f 1657/2252/1657 1658/2253/1658 1655/2254/1655
f 1655/2254/1655 1658/2253/1658 1656/2255/1656
f 1658/2253/1658 1659/2256/1659 1656/2255/1656
f 1656/2255/1656 1659/2256/1659 1455/2055/1455
f 1659/2256/1659 1454/2057/1454 1455/2055/1455
f 1419/2240/1419 1660/2243/1660 1657/2241/1657
f 1660/2243/1660 1661/2257/1661 1657/2241/1657
f 1657/2241/1657 1661/2257/1661 1658/2258/1658
f 1661/2257/1661 1662/2259/1662 1658/2258/1658
f 1658/2258/1658 1662/2259/1662 1659/2260/1659
f 1662/2261/1662 1663/2262/1663 1659/2256/1659
f 1659/2256/1659 1663/2262/1663 1454/2057/1454
f 1663/2262/1663 1453/2059/1453 1454/2057/1454
f 1418/2242/1418 1664/2245/1664 1660/2243/1660
f 1664/2263/1664 1665/2264/1665 1660/2265/1660
f 1660/2265/1660 1665/2264/1665 1661/2266/1661
f 1665/2264/1665 1666/2267/1666 1661/2266/1661
f 1661/2266/1661 1666/2267/1666 1662/2261/1662
f 1666/2267/1666 1667/2268/1667 1662/2261/1662
f 1662/2261/1662 1667/2268/1667 1663/2262/1663
f 1667/2268/1667 1668/2269/1668 1663/2262/1663
f 1663/2262/1663 1668/2269/1668 1453/2059/1453
f 1668/2269/1668 1452/2060/1452 1453/2059/1453
f 1417/2270/1417 1669/2271/1669 1664/2272/1664
f 1669/2246/1669 1670/2273/1670 1664/2263/1664
f 1664/2263/1664 1670/2273/1670 1665/2264/1665
f 1670/2273/1670 1671/2274/1671 1665/2264/1665
f 1665/2264/1665 1671/2274/1671 1666/2267/1666
f 1671/2274/1671 1672/2275/1672 1666/2267/1666
f 1666/2267/1666 1672/2275/1672 1667/2268/1667
f 1672/2275/1672 1673/2276/1673 1667/2268/1667
f 1667/2268/1667 1673/2276/1673 1668/2269/1668
f 1673/2276/1673 1674/2277/1674 1668/2269/1668
f 1668/2269/1668 1674/2277/1674 1452/2060/1452
f 1674/2277/1674 1451/2061/1451 1452/2060/1452
f 1416/1907/1416 1401/1906/1401 1669/2246/1669
f 1401/1906/1401 1400/2278/1400 1669/2246/1669
f 1669/2246/1669 1400/2278/1400 1670/2273/1670
f 1400/2278/1400 1399/2279/1399 1670/2273/1670
f 1670/2273/1670 1399/2279/1399 1671/2274/1671
f 1399/2279/1399 1398/2280/1398 1671/2274/1671
f 1671/2274/1671 1398/2280/1398 1672/2275/1672
f 1398/2280/1398 1397/2281/1397 1672/2275/1672
f 1672/2275/1672 1397/2281/1397 1673/2276/1673
f 1397/2281/1397 1396/2282/1396 1673/2276/1673
f 1673/2276/1673 1396/2282/1396 1674/2277/1674
f 1396/2282/1396 1395/2283/1395 1674/2277/1674
f 1674/2277/1674 1395/2283/1395 1451/2061/1451
f 1395/2283/1395 1292/1915/1292 1451/2061/1451
f 1408/2284/1408 1450/1916/1450 1292/1915/1292
f 1407/2285/1407 1675/2286/1675 1408/2284/1408
f 1406/2287/1406 1676/2288/1676 1407/2285/1407
f 1405/2289/1405 1678/2290/1678 1406/2287/1406
f 1404/2291/1404 1681/2292/1681 1405/2289/1405
f 1403/2293/1403 1685/2294/1685 1404/2291/1404
f 1402/1904/1402 1690/2295/1690 1403/2296/1403
f 1408/2284/1408 1675/2286/1675 1450/1916/1450
f 1675/2286/1675 1449/2096/1449 1450/1916/1450
f 1407/2285/1407 1676/2288/1676 1675/2286/1675
f 1676/2288/1676 1677/2297/1677 1675/2286/1675
f 1675/2286/1675 1677/2297/1677 1449/2096/1449
f 1677/2297/1677 1448/2097/1448 1449/2096/1449
f 1406/2287/1406 1678/2290/1678 1676/2288/1676
f 1678/2290/1678 1679/2298/1679 1676/2288/1676
f 1676/2288/1676 1679/2298/1679 1677/2297/1677
f 1679/2298/1679 1680/2299/1680 1677/2297/1677
f 1677/2297/1677 1680/2299/1680 1448/2097/1448
f 1680/2299/1680 1447/2098/1447 1448/2097/1448
f 1405/2289/1405 1681/2292/1681 1678/2290/1678
f 1681/2292/1681 1682/2300/1682 1678/2290/1678
f 1678/2290/1678 1682/2300/1682 1679/2298/1679
f 1682/2300/1682 1683/2301/1683 1679/2298/1679
f 1679/2298/1679 1683/2301/1683 1680/2299/1680
f 1683/2301/1683 1684/2302/1684 1680/2299/1680
f 1680/2299/1680 1684/2302/1684 1447/2098/1447
f 1684/2302/1684 1446/2099/1446 1447/2098/1447
f 1404/2291/1404 1685/2294/1685 1681/2292/1681
f 1685/2294/1685 1686/2303/1686 1681/2292/1681
f 1681/2292/1681 1686/2303/1686 1682/2300/1682
f 1686/2303/1686 1687/2304/1687 1682/2300/1682
f 1682/2300/1682 1687/2304/1687 1683/2301/1683
f 1687/2304/1687 1688/2305/1688 1683/2301/1683
f 1683/2301/1683 1688/2305/1688 1684/2302/1684
f 1688/2305/1688 1689/2306/1689 1684/2302/1684
f 1684/2302/1684 1689/2306/1689 1446/2099/1446
f 1689/2306/1689 1445/2103/1445 1446/2099/1446
f 1403/2296/1403 1690/2295/1690 1685/2307/1685
f 1690/2295/1690 1691/2308/1691 1685/2307/1685
f 1685/2294/1685 1691/2309/1691 1686/2303/1686
f 1691/2309/1691 1692/2310/1692 1686/2303/1686
f 1686/2311/1686 1692/2312/1692 1687/2313/1687
f 1692/2312/1692 1693/2314/1693 1687/2313/1687
f 1687/2304/1687 1693/2315/1693 1688/2305/1688
f 1693/2315/1693 1694/2316/1694 1688/2305/1688
f 1688/2305/1688 1694/2316/1694 1689/2306/1689
f 1694/2316/1694 1695/2317/1695 1689/2306/1689
f 1689/2306/1689 1695/2317/1695 1445/2103/1445
f 1695/2318/1695 1444/2105/1444 1445/2104/1445
f 1402/1904/1402 1387/1893/1387 1690/2295/1690
f 1387/1893/1387 1386/2319/1386 1690/2295/1690
f 1690/2295/1690 1386/2319/1386 1691/2308/1691
f 1386/2319/1386 1385/2320/1385 1691/2308/1691
f 1691/2309/1691 1385/2321/1385 1692/2310/1692
f 1385/2321/1385 1384/2322/1384 1692/2310/1692
f 1692/2312/1692 1384/2323/1384 1693/2314/1693
f 1384/2323/1384 1383/2324/1383 1693/2314/1693
f 1693/2315/1693 1383/2325/1383 1694/2316/1694
f 1383/2325/1383 1382/2326/1382 1694/2316/1694
f 1694/2316/1694 1382/2326/1382 1695/2317/1695
f 1382/2326/1382 1381/2327/1381 1695/2317/1695
f 1695/2318/1695 1381/2328/1381 1444/2105/1444
f 1381/2328/1381 1291/1912/1291 1444/2105/1444
f 1394/2329/1394 1443/1913/1443 1291/1912/1291
f 1393/2330/1393 1696/2331/1696 1394/2332/1394
f 1392/2333/1392 1697/2334/1697 1393/2330/1393
f 1391/2335/1391 1699/2336/1699 1392/2333/1392
f 1390/2337/1390 1702/2338/1702 1391/2335/1391
f 1389/2339/1389 1706/2340/1706 1390/2337/1390
f 1388/1903/1388 1711/2341/1711 1389/2339/1389
f 1394/2332/1394 1696/2331/1696 1443/2342/1443
f 1696/2331/1696 1442/2343/1442 1443/2342/1443
f 1393/2330/1393 1697/2334/1697 1696/2331/1696
f 1697/2334/1697 1698/2344/1698 1696/2331/1696
f 1696/2331/1696 1698/2344/1698 1442/2343/1442
f 1698/2344/1698 1441/2345/1441 1442/2343/1442
f 1392/2333/1392 1699/2336/1699 1697/2334/1697
f 1699/2336/1699 1700/2346/1700 1697/2334/1697
f 1697/2334/1697 1700/2346/1700 1698/2344/1698
f 1700/2346/1700 1701/2347/1701 1698/2344/1698
f 1698/2344/1698 1701/2347/1701 1441/2345/1441
f 1701/2347/1701 1440/2133/1440 1441/2345/1441
f 1391/2335/1391 1702/2338/1702 1699/2336/1699
f 1702/2338/1702 1703/2348/1703 1699/2336/1699
f 1699/2336/1699 1703/2348/1703 1700/2346/1700
f 1703/2348/1703 1704/2349/1704 1700/2346/1700
f 1700/2346/1700 1704/2349/1704 1701/2347/1701
f 1704/2349/1704 1705/2350/1705 1701/2347/1701
f 1701/2347/1701 1705/2350/1705 1440/2133/1440
f 1705/2350/1705 1439/2134/1439 1440/2133/1440
f 1390/2337/1390 1706/2340/1706 1702/2338/1702
f 1706/2340/1706 1707/2351/1707 1702/2338/1702
f 1702/2338/1702 1707/2351/1707 1703/2348/1703
f 1707/2351/1707 1708/2352/1708 1703/2348/1703
f 1703/2348/1703 1708/2352/1708 1704/2349/1704
f 1708/2352/1708 1709/2353/1709 1704/2349/1704
f 1704/2349/1704 1709/2353/1709 1705/2350/1705
f 1709/2353/1709 1710/2354/1710 1705/2350/1705
f 1705/2350/1705 1710/2354/1710 1439/2134/1439
f 1710/2354/1710 1438/2355/1438 1439/2134/1439
f 1389/2339/1389 1711/2341/1711 1706/2340/1706
f 1711/2341/1711 1712/2356/1712 1706/2340/1706
f 1706/2340/1706 1712/2356/1712 1707/2351/1707
f 1712/2356/1712 1713/2357/1713 1707/2351/1707
f 1707/2351/1707 1713/2357/1713 1708/2352/1708
f 1713/2357/1713 1714/2358/1714 1708/2352/1708
f 1708/2352/1708 1714/2358/1714 1709/2353/1709
f 1714/2358/1714 1715/2359/1715 1709/2353/1709
f 1709/2353/1709 1715/2359/1715 1710/2354/1710
f 1715/2359/1715 1716/2360/1716 1710/2354/1710
f 1710/2354/1710 1716/2360/1716 1438/2355/1438
f 1716/2361/1716 1437/2362/1437 1438/2363/1438
f 1388/1903/1388 1373/1890/1373 1711/2341/1711
f 1373/1890/1373 1372/2364/1372 1711/2341/1711
f 1711/2341/1711 1372/2364/1372 1712/2356/1712
f 1372/2364/1372 1371/2365/1371 1712/2356/1712
f 1712/2356/1712 1371/2365/1371 1713/2357/1713
f 1371/2365/1371 1370/2366/1370 1713/2357/1713
f 1713/2357/1713 1370/2366/1370 1714/2358/1714
f 1370/2366/1370 1369/2367/1369 1714/2358/1714
f 1714/2358/1714 1369/2367/1369 1715/2359/1715
f 1369/2367/1369 1368/2368/1368 1715/2359/1715
f 1715/2359/1715 1368/2368/1368 1716/2360/1716
f 1368/2368/1368 1367/2369/1367 1716/2360/1716
f 1716/2361/1716 1367/2370/1367 1437/2362/1437
f 1367/2371/1367 1295/2372/1295 1437/2373/1437
f 1423/2374/1423 1436/2195/1436 1294/1921/1294
f 1424/2192/1424 1717/2375/1717 1423/2193/1423
f 1425/2191/1425 1718/2376/1718 1424/2192/1424
f 1426/2190/1426 1720/2377/1720 1425/2191/1425
f 1427/2189/1427 1723/2378/1723 1426/2190/1426
f 1428/2188/1428 1727/2379/1727 1427/2189/1427
f 1429/1902/1429 1732/2380/1732 1428/2188/1428
f 1423/2374/1423 1717/2381/1717 1436/2195/1436
f 1717/2381/1717 1435/2196/1435 1436/2195/1436
f 1424/2192/1424 1718/2376/1718 1717/2375/1717
f 1718/2376/1718 1719/2382/1719 1717/2375/1717
f 1717/2381/1717 1719/2383/1719 1435/2196/1435
f 1719/2382/1719 1434/2384/1434 1435/2385/1435
f 1425/2191/1425 1720/2377/1720 1718/2376/1718
f 1720/2377/1720 1721/2386/1721 1718/2376/1718
f 1718/2376/1718 1721/2386/1721 1719/2382/1719
f 1721/2386/1721 1722/2387/1722 1719/2382/1719
f 1719/2382/1719 1722/2387/1722 1434/2384/1434
f 1722/2387/1722 1433/2388/1433 1434/2384/1434
f 1426/2190/1426 1723/2378/1723 1720/2377/1720
f 1723/2378/1723 1724/2389/1724 1720/2377/1720
f 1720/2377/1720 1724/2389/1724 1721/2386/1721
f 1724/2389/1724 1725/2390/1725 1721/2386/1721
f 1721/2386/1721 1725/2390/1725 1722/2387/1722
f 1725/2390/1725 1726/2391/1726 1722/2387/1722
f 1722/2387/1722 1726/2391/1726 1433/2388/1433
f 1726/2391/1726 1432/2392/1432 1433/2388/1433
f 1427/2189/1427 1727/2379/1727 1723/2378/1723
f 1727/2379/1727 1728/2393/1728 1723/2378/1723
f 1723/2378/1723 1728/2393/1728 1724/2389/1724
f 1728/2393/1728 1729/2394/1729 1724/2389/1724
f 1724/2389/1724 1729/2394/1729 1725/2390/1725
f 1729/2394/1729 1730/2395/1730 1725/2390/1725
f 1725/2390/1725 1730/2395/1730 1726/2391/1726
f 1730/2395/1730 1731/2396/1731 1726/2391/1726
f 1726/2391/1726 1731/2396/1731 1432/2392/1432
f 1731/2396/1731 1431/2397/1431 1432/2392/1432
f 1428/2188/1428 1732/2380/1732 1727/2379/1727
f 1732/2380/1732 1733/2398/1733 1727/2379/1727
f 1727/2379/1727 1733/2398/1733 1728/2393/1728
f 1733/2398/1733 1734/2399/1734 1728/2393/1728
f 1728/2393/1728 1734/2399/1734 1729/2394/1729
f 1734/2399/1734 1735/2400/1735 1729/2394/1729
f 1729/2394/1729 1735/2400/1735 1730/2395/1730
f 1735/2400/1735 1736/2401/1736 1730/2395/1730
f 1730/2395/1730 1736/2401/1736 1731/2396/1731
f 1736/2401/1736 1737/2402/1737 1731/2396/1731
f 1731/2396/1731 1737/2402/1737 1431/2397/1431
f 1737/2403/1737 1430/2404/1430 1431/2405/1431
f 1429/1902/1429 1366/1901/1366 1732/2380/1732
f 1366/1901/1366 1365/2406/1365 1732/2380/1732
f 1732/2380/1732 1365/2406/1365 1733/2398/1733
f 1365/2406/1365 1364/2407/1364 1733/2398/1733
f 1733/2398/1733 1364/2407/1364 1734/2399/1734
f 1364/2407/1364 1363/2408/1363 1734/2399/1734
f 1734/2399/1734 1363/2408/1363 1735/2400/1735
f 1363/2408/1363 1362/2409/1362 1735/2400/1735
f 1735/2400/1735 1362/2409/1362 1736/2401/1736
f 1362/2409/1362 1361/2410/1361 1736/2401/1736
f 1736/2401/1736 1361/2410/1361 1737/2402/1737
f 1361/2410/1361 1360/2411/1360 1737/2402/1737
f 1737/2403/1737 1360/2412/1360 1430/2404/1430
f 1360/2412/1360 1289/2413/1289 1430/2404/1430
f 1409/2234/1409 1422/2235/1422 1293/1918/1293
f 1410/2233/1410 1738/2414/1738 1409/2234/1409
f 1411/2232/1411 1739/2415/1739 1410/2233/1410
f 1412/2231/1412 1741/2416/1741 1411/2232/1411
f 1413/2230/1413 1744/2417/1744 1412/2231/1412
f 1414/2229/1414 1748/2418/1748 1413/2230/1413
f 1415/2228/1415 1753/2419/1753 1414/2229/1414
f 1409/2234/1409 1738/2414/1738 1422/2235/1422
f 1738/2414/1738 1421/2236/1421 1422/2235/1422
f 1410/2233/1410 1739/2415/1739 1738/2414/1738
f 1739/2415/1739 1740/2420/1740 1738/2414/1738
f 1738/2414/1738 1740/2420/1740 1421/2236/1421
f 1740/2420/1740 1420/2238/1420 1421/2236/1421
f 1411/2232/1411 1741/2416/1741 1739/2415/1739
f 1741/2416/1741 1742/2421/1742 1739/2415/1739
f 1739/2415/1739 1742/2421/1742 1740/2420/1740
f 1742/2421/1742 1743/2422/1743 1740/2420/1740
f 1740/2420/1740 1743/2422/1743 1420/2238/1420
f 1743/2422/1743 1419/2240/1419 1420/2238/1420
f 1412/2231/1412 1744/2417/1744 1741/2416/1741
f 1744/2417/1744 1745/2423/1745 1741/2416/1741
f 1741/2416/1741 1745/2423/1745 1742/2421/1742
f 1745/2423/1745 1746/2424/1746 1742/2421/1742
f 1742/2421/1742 1746/2424/1746 1743/2422/1743
f 1746/2424/1746 1747/2425/1747 1743/2422/1743
f 1743/2422/1743 1747/2425/1747 1419/2240/1419
f 1747/2425/1747 1418/2242/1418 1419/2240/1419
f 1413/2230/1413 1748/2418/1748 1744/2417/1744
f 1748/2418/1748 1749/2426/1749 1744/2417/1744
f 1744/2417/1744 1749/2426/1749 1745/2423/1745
f 1749/2426/1749 1750/2427/1750 1745/2423/1745
f 1745/2423/1745 1750/2427/1750 1746/2424/1746
f 1750/2427/1750 1751/2428/1751 1746/2424/1746
f 1746/2424/1746 1751/2428/1751 1747/2425/1747
f 1751/2428/1751 1752/2429/1752 1747/2425/1747
f 1747/2425/1747 1752/2429/1752 1418/2242/1418
f 1752/2430/1752 1417/2431/1417 1418/2432/1418
f 1414/2229/1414 1753/2419/1753 1748/2418/1748
f 1753/2419/1753 1754/2433/1754 1748/2418/1748
f 1748/2418/1748 1754/2433/1754 1749/2426/1749
f 1754/2433/1754 1755/2434/1755 1749/2426/1749
f 1749/2426/1749 1755/2434/1755 1750/2427/1750
f 1755/2434/1755 1756/2435/1756 1750/2427/1750
f 1750/2427/1750 1756/2435/1756 1751/2428/1751
f 1756/2436/1756 1757/2437/1757 1751/2438/1751
f 1751/2428/1751 1757/2439/1757 1752/2429/1752
f 1757/2439/1757 1758/2440/1758 1752/2429/1752
f 1752/2429/1752 1758/2440/1758 1417/2244/1417
f 1758/2440/1758 1416/2441/1416 1417/2244/1417
f 1415/1899/1415 1359/1898/1359 1753/2442/1753
f 1359/2443/1359 1358/2444/1358 1753/2419/1753
f 1753/2419/1753 1358/2444/1358 1754/2433/1754
f 1358/2445/1358 1357/2446/1357 1754/2447/1754
f 1754/2447/1754 1357/2446/1357 1755/2448/1755
f 1357/2446/1357 1356/2449/1356 1755/2448/1755
f 1755/2448/1755 1356/2449/1356 1756/2436/1756
f 1356/2449/1356 1355/2450/1355 1756/2436/1756
f 1756/2436/1756 1355/2450/1355 1757/2437/1757
f 1355/2450/1355 1354/2451/1354 1757/2437/1757
f 1757/2437/1757 1354/2451/1354 1758/2452/1758
f 1354/2453/1354 1353/2454/1353 1758/2455/1758
f 1758/2452/1758 1353/2456/1353 1416/2457/1416
f 1353/2456/1353 1288/1894/1288 1416/2457/1416
f 1395/2283/1395 1408/2284/1408 1292/1915/1292
f 1396/2282/1396 1759/2458/1759 1395/2283/1395
f 1397/2281/1397 1760/2459/1760 1396/2282/1396
f 1398/2280/1398 1762/2460/1762 1397/2281/1397
f 1399/2279/1399 1765/2461/1765 1398/2280/1398
f 1400/2278/1400 1769/2462/1769 1399/2279/1399
f 1401/1906/1401 1774/2463/1774 1400/2278/1400
f 1395/2283/1395 1759/2458/1759 1408/2284/1408
f 1759/2458/1759 1407/2285/1407 1408/2284/1408
f 1396/2282/1396 1760/2459/1760 1759/2458/1759
f 1760/2459/1760 1761/2464/1761 1759/2458/1759
f 1759/2458/1759 1761/2464/1761 1407/2285/1407
f 1761/2464/1761 1406/2287/1406 1407/2285/1407
f 1397/2281/1397 1762/2460/1762 1760/2459/1760
f 1762/2460/1762 1763/2465/1763 1760/2459/1760
f 1760/2459/1760 1763/2465/1763 1761/2464/1761
f 1763/2465/1763 1764/2466/1764 1761/2464/1761
f 1761/2464/1761 1764/2466/1764 1406/2287/1406
f 1764/2466/1764 1405/2289/1405 1406/2287/1406
f 1398/2280/1398 1765/2461/1765 1762/2460/1762
f 1765/2461/1765 1766/2467/1766 1762/2460/1762
f 1762/2460/1762 1766/2467/1766 1763/2465/1763
f 1766/2467/1766 1767/2468/1767 1763/2465/1763
f 1763/2465/1763 1767/2468/1767 1764/2466/1764
f 1767/2468/1767 1768/2469/1768 1764/2466/1764
f 1764/2466/1764 1768/2469/1768 1405/2289/1405
f 1768/2469/1768 1404/2291/1404 1405/2289/1405
f 1399/2279/1399 1769/2462/1769 1765/2461/1765
f 1769/2462/1769 1770/2470/1770 1765/2461/1765
f 1765/2461/1765 1770/2470/1770 1766/2467/1766
f 1770/2470/1770 1771/2471/1771 1766/2467/1766
f 1766/2467/1766 1771/2471/1771 1767/2468/1767
f 1771/2471/1771 1772/2472/1772 1767/2468/1767
f 1767/2468/1767 1772/2472/1772 1768/2469/1768
f 1772/2472/1772 1773/2473/1773 1768/2469/1768
f 1768/2469/1768 1773/2473/1773 1404/2291/1404
f 1773/2473/1773 1403/2293/1403 1404/2291/1404
f 1400/2278/1400 1774/2463/1774 1769/2462/1769
f 1774/2463/1774 1775/2474/1775 1769/2462/1769
f 1769/2462/1769 1775/2474/1775 1770/2470/1770
f 1775/2474/1775 1776/2475/1776 1770/2470/1770
f 1770/2470/1770 1776/2475/1776 1771/2471/1771
f 1776/2475/1776 1777/2476/1777 1771/2471/1771
f 1771/2471/1771 1777/2476/1777 1772/2472/1772
f 1777/2477/1777 1778/2478/1778 1772/2479/1772
f 1772/2479/1772 1778/2478/1778 1773/2480/1773
f 1778/2478/1778 1779/2481/1779 1773/2480/1773
f 1773/2480/1773 1779/2481/1779 1403/2296/1403
f 1779/2481/1779 1402/1904/1402 1403/2296/1403
f 1401/1896/1401 1345/1895/1345 1774/2482/1774
f 1345/1895/1345 1344/2483/1344 1774/2482/1774
f 1774/2463/1774 1344/2484/1344 1775/2474/1775
f 1344/2484/1344 1343/2485/1343 1775/2474/1775
f 1775/2474/1775 1343/2485/1343 1776/2475/1776
f 1343/2486/1343 1342/2487/1342 1776/2488/1776
f 1776/2488/1776 1342/2487/1342 1777/2477/1777
f 1342/2487/1342 1341/2489/1341 1777/2477/1777
f 1777/2477/1777 1341/2489/1341 1778/2478/1778
f 1341/2489/1341 1340/2490/1340 1778/2478/1778
f 1778/2478/1778 1340/2490/1340 1779/2481/1779
f 1340/2490/1340 1339/2491/1339 1779/2481/1779
f 1779/2481/1779 1339/2491/1339 1402/1904/1402
f 1339/2491/1339 1287/1891/1287 1402/1904/1402
f 1381/2328/1381 1394/2329/1394 1291/1912/1291
f 1382/2492/1382 1780/2493/1780 1381/2494/1381
f 1383/2324/1383 1781/2495/1781 1382/2496/1382
f 1384/2323/1384 1783/2497/1783 1383/2324/1383
f 1385/2320/1385 1786/2498/1786 1384/2323/1384
f 1386/2319/1386 1790/2499/1790 1385/2320/1385
f 1387/1893/1387 1795/2500/1795 1386/2319/1386
f 1381/2494/1381 1780/2493/1780 1394/2332/1394
f 1780/2493/1780 1393/2330/1393 1394/2332/1394
f 1382/2492/1382 1781/2501/1781 1780/2493/1780
f 1781/2501/1781 1782/2502/1782 1780/2493/1780
f 1780/2493/1780 1782/2502/1782 1393/2330/1393
f 1782/2502/1782 1392/2333/1392 1393/2330/1393
f 1383/2324/1383 1783/2497/1783 1781/2495/1781
f 1783/2503/1783 1784/2504/1784 1781/2501/1781
f 1781/2501/1781 1784/2504/1784 1782/2502/1782
f 1784/2504/1784 1785/2505/1785 1782/2502/1782
f 1782/2502/1782 1785/2505/1785 1392/2333/1392
f 1785/2505/1785 1391/2335/1391 1392/2333/1392
f 1384/2323/1384 1786/2498/1786 1783/2497/1783
f 1786/2498/1786 1787/2506/1787 1783/2497/1783
f 1783/2503/1783 1787/2507/1787 1784/2504/1784
f 1787/2507/1787 1788/2508/1788 1784/2504/1784
f 1784/2504/1784 1788/2508/1788 1785/2505/1785
f 1788/2508/1788 1789/2509/1789 1785/2505/1785
f 1785/2505/1785 1789/2509/1789 1391/2335/1391
f 1789/2509/1789 1390/2337/1390 1391/2335/1391
f 1385/2320/1385 1790/2499/1790 1786/2498/1786
f 1790/2499/1790 1791/2510/1791 1786/2498/1786
f 1786/2498/1786 1791/2510/1791 1787/2506/1787
f 1791/2510/1791 1792/2511/1792 1787/2506/1787
f 1787/2507/1787 1792/2512/1792 1788/2508/1788
f 1792/2511/1792 1793/2513/1793 1788/2514/1788
f 1788/2508/1788 1793/2515/1793 1789/2509/1789
f 1793/2515/1793 1794/2516/1794 1789/2509/1789
f 1789/2509/1789 1794/2516/1794 1390/2337/1390
f 1794/2516/1794 1389/2339/1389 1390/2337/1390
f 1386/2319/1386 1795/2500/1795 1790/2499/1790
f 1795/2500/1795 1796/2517/1796 1790/2499/1790
f 1790/2499/1790 1796/2517/1796 1791/2510/1791
f 1796/2517/1796 1797/2518/1797 1791/2510/1791
f 1791/2510/1791 1797/2518/1797 1792/2511/1792
f 1797/2518/1797 1798/2519/1798 1792/2511/1792
f 1792/2511/1792 1798/2519/1798 1793/2513/1793
f 1798/2519/1798 1799/2520/1799 1793/2513/1793
f 1793/2515/1793 1799/2521/1799 1794/2516/1794
f 1799/2521/1799 1800/2522/1800 1794/2516/1794
f 1794/2516/1794 1800/2522/1800 1389/2339/1389
f 1800/2522/1800 1388/1903/1388 1389/2339/1389
f 1387/1893/1387 1317/1892/1317 1795/2500/1795
f 1317/1892/1317 1316/2523/1316 1795/2500/1795
f 1795/2500/1795 1316/2523/1316 1796/2517/1796
f 1316/2523/1316 1315/2524/1315 1796/2517/1796
f 1796/2517/1796 1315/2524/1315 1797/2518/1797
f 1315/2524/1315 1314/2525/1314 1797/2518/1797
f 1797/2518/1797 1314/2525/1314 1798/2519/1798
f 1314/2525/1314 1313/2526/1313 1798/2519/1798
f 1798/2519/1798 1313/2526/1313 1799/2520/1799
f 1313/2526/1313 1312/2527/1312 1799/2520/1799
f 1799/2521/1799 1312/2528/1312 1800/2522/1800
f 1312/2528/1312 1311/2529/1311 1800/2522/1800
f 1800/2522/1800 1311/2529/1311 1388/1903/1388
f 1311/2529/1311 1286/1888/1286 1388/1903/1388
f 1367/2530/1367 1380/2144/1380 1295/2146/1295
f 1368/2368/1368 1801/2531/1801 1367/2369/1367
f 1369/2367/1369 1802/2532/1802 1368/2368/1368
f 1370/2366/1370 1804/2533/1804 1369/2367/1369
f 1371/2365/1371 1807/2534/1807 1370/2366/1370
f 1372/2364/1372 1811/2535/1811 1371/2365/1371
f 1373/1890/1373 1816/2536/1816 1372/2364/1372
f 1367/2537/1367 1801/2538/1801 1380/2539/1380
f 1801/2538/1801 1379/2540/1379 1380/2539/1380
f 1368/2368/1368 1802/2532/1802 1801/2531/1801
f 1802/2532/1802 1803/2541/1803 1801/2531/1801
f 1801/2538/1801 1803/2542/1803 1379/2540/1379
f 1803/2543/1803 1378/2154/1378 1379/2544/1379
f 1369/2367/1369 1804/2533/1804 1802/2532/1802
f 1804/2533/1804 1805/2545/1805 1802/2532/1802
f 1802/2532/1802 1805/2545/1805 1803/2541/1803
f 1805/2545/1805 1806/2546/1806 1803/2541/1803
f 1803/2543/1803 1806/2547/1806 1378/2154/1378
f 1806/2547/1806 1377/2152/1377 1378/2154/1378
f 1370/2366/1370 1807/2534/1807 1804/2533/1804
f 1807/2534/1807 1808/2548/1808 1804/2533/1804
f 1804/2533/1804 1808/2548/1808 1805/2545/1805
f 1808/2548/1808 1809/2549/1809 1805/2545/1805
f 1805/2545/1805 1809/2549/1809 1806/2546/1806
f 1809/2550/1809 1810/2551/1810 1806/2547/1806
f 1806/2547/1806 1810/2551/1810 1377/2152/1377
f 1810/2551/1810 1376/2155/1376 1377/2152/1377
f 1371/2365/1371 1811/2535/1811 1807/2534/1807
f 1811/2535/1811 1812/2552/1812 1807/2534/1807
f 1807/2534/1807 1812/2552/1812 1808/2548/1808
f 1812/2552/1812 1813/2553/1813 1808/2548/1808
f 1808/2548/1808 1813/2553/1813 1809/2549/1809
f 1813/2553/1813 1814/2554/1814 1809/2549/1809
f 1809/2550/1809 1814/2555/1814 1810/2551/1810
f 1814/2555/1814 1815/2556/1815 1810/2551/1810
f 1810/2551/1810 1815/2556/1815 1376/2155/1376
f 1815/2556/1815 1375/2157/1375 1376/2155/1376
f 1372/2364/1372 1816/2536/1816 1811/2535/1811
f 1816/2536/1816 1817/2557/1817 1811/2535/1811
f 1811/2535/1811 1817/2557/1817 1812/2552/1812
f 1817/2557/1817 1818/2558/1818 1812/2552/1812
f 1812/2552/1812 1818/2558/1818 1813/2553/1813
f 1818/2558/1818 1819/2559/1819 1813/2553/1813
f 1813/2553/1813 1819/2559/1819 1814/2554/1814
f 1819/2560/1819 1820/2561/1820 1814/2555/1814
f 1814/2555/1814 1820/2561/1820 1815/2556/1815
f 1820/2561/1820 1821/2562/1821 1815/2556/1815
f 1815/2556/1815 1821/2562/1821 1375/2157/1375
f 1821/2562/1821 1374/1911/1374 1375/2157/1375
f 1373/1890/1373 1324/1889/1324 1816/2536/1816
f 1324/1889/1324 1323/2563/1323 1816/2536/1816
f 1816/2536/1816 1323/2563/1323 1817/2557/1817
f 1323/2563/1323 1322/2564/1322 1817/2557/1817
f 1817/2557/1817 1322/2564/1322 1818/2558/1818
f 1322/2565/1322 1321/2566/1321 1818/2567/1818
f 1818/2567/1818 1321/2566/1321 1819/2568/1819
f 1321/2566/1321 1320/2569/1320 1819/2568/1819
f 1819/2560/1819 1320/2570/1320 1820/2561/1820
f 1320/2570/1320 1319/2571/1319 1820/2561/1820
f 1820/2561/1820 1319/2571/1319 1821/2562/1821
f 1319/2571/1319 1318/2572/1318 1821/2562/1821
f 1821/2562/1821 1318/2572/1318 1374/1911/1374
f 1318/2572/1318 1290/1900/1290 1374/1911/1374
f 1331/2573/1331 1366/1901/1366 1290/1900/1290
f 1330/2574/1330 1822/2575/1822 1331/2576/1331
f 1329/2577/1329 1823/2578/1823 1330/2579/1330
f 1328/2580/1328 1825/2581/1825 1329/2582/1329
f 1327/2583/1327 1828/2584/1828 1328/2580/1328
f 1326/2585/1326 1832/2586/1832 1327/2583/1327
f 1325/1887/1325 1837/2587/1837 1326/2585/1326
f 1331/2573/1331 1822/2588/1822 1366/1901/1366
f 1822/2588/1822 1365/2406/1365 1366/1901/1366
f 1330/2579/1330 1823/2578/1823 1822/2588/1822
f 1823/2578/1823 1824/2589/1824 1822/2588/1822
f 1822/2588/1822 1824/2589/1824 1365/2406/1365
f 1824/2589/1824 1364/2407/1364 1365/2406/1365
f 1329/2582/1329 1825/2581/1825 1823/2590/1823
f 1825/2581/1825 1826/2591/1826 1823/2590/1823
f 1823/2578/1823 1826/2592/1826 1824/2589/1824
f 1826/2592/1826 1827/2593/1827 1824/2589/1824
f 1824/2589/1824 1827/2593/1827 1364/2407/1364
f 1827/2593/1827 1363/2408/1363 1364/2407/1364
f 1328/2580/1328 1828/2584/1828 1825/2581/1825
f 1828/2584/1828 1829/2594/1829 1825/2581/1825
f 1825/2581/1825 1829/2594/1829 1826/2591/1826
f 1829/2594/1829 1830/2595/1830 1826/2591/1826
f 1826/2592/1826 1830/2596/1830 1827/2593/1827
f 1830/2596/1830 1831/2597/1831 1827/2593/1827
f 1827/2593/1827 1831/2597/1831 1363/2408/1363
f 1831/2597/1831 1362/2409/1362 1363/2408/1363
f 1327/2583/1327 1832/2586/1832 1828/2584/1828
f 1832/2586/1832 1833/2598/1833 1828/2584/1828
f 1828/2584/1828 1833/2598/1833 1829/2594/1829
f 1833/2598/1833 1834/2599/1834 1829/2594/1829
f 1829/2594/1829 1834/2599/1834 1830/2595/1830
f 1834/2599/1834 1835/2600/1835 1830/2595/1830
f 1830/2595/1830 1835/2600/1835 1831/2601/1831
f 1835/2600/1835 1836/2602/1836 1831/2601/1831
f 1831/2597/1831 1836/2603/1836 1362/2409/1362
f 1836/2603/1836 1361/2410/1361 1362/2409/1362
f 1326/2585/1326 1837/2587/1837 1832/2586/1832
f 1837/2587/1837 1838/2604/1838 1832/2586/1832
f 1832/2586/1832 1838/2604/1838 1833/2598/1833
f 1838/2604/1838 1839/2605/1839 1833/2598/1833
f 1833/2598/1833 1839/2605/1839 1834/2599/1834
f 1839/2605/1839 1840/2606/1840 1834/2599/1834
f 1834/2599/1834 1840/2606/1840 1835/2600/1835
f 1840/2606/1840 1841/2607/1841 1835/2600/1835
f 1835/2600/1835 1841/2607/1841 1836/2602/1836
f 1841/2607/1841 1842/2608/1842 1836/2602/1836
f 1836/2603/1836 1842/2609/1842 1361/2410/1361
f 1842/2609/1842 1360/2411/1360 1361/2410/1361
f 1325/1887/1325 1352/1886/1352 1837/2587/1837
f 1352/1886/1352 1351/2610/1351 1837/2587/1837
f 1837/2587/1837 1351/2610/1351 1838/2604/1838
f 1351/2610/1351 1350/2611/1350 1838/2604/1838
f 1838/2604/1838 1350/2611/1350 1839/2605/1839
f 1350/2611/1350 1349/2612/1349 1839/2605/1839
f 1839/2605/1839 1349/2612/1349 1840/2606/1840
f 1349/2612/1349 1348/2613/1348 1840/2606/1840
f 1840/2606/1840 1348/2613/1348 1841/2607/1841
f 1348/2613/1348 1347/2614/1347 1841/2607/1841
f 1841/2607/1841 1347/2614/1347 1842/2608/1842
f 1347/2614/1347 1346/2615/1346 1842/2608/1842
f 1842/2608/1842 1346/2615/1346 1360/2616/1360
f 1346/2617/1346 1289/2413/1289 1360/2412/1360
f 1346/2617/1346 1359/2618/1359 1289/2413/1289
f 1347/2614/1347 1843/2619/1843 1346/2615/1346
f 1348/2613/1348 1844/2620/1844 1347/2614/1347
f 1349/2612/1349 1846/2621/1846 1348/2613/1348
f 1350/2611/1350 1849/2622/1849 1349/2612/1349
f 1351/2610/1351 1853/2623/1853 1350/2611/1350
f 1352/1886/1352 1858/2624/1858 1351/2610/1351
f 1346/2615/1346 1843/2619/1843 1359/2625/1359
f 1843/2619/1843 1358/2445/1358 1359/2625/1359
f 1347/2614/1347 1844/2620/1844 1843/2619/1843
f 1844/2620/1844 1845/2626/1845 1843/2619/1843
f 1843/2619/1843 1845/2626/1845 1358/2445/1358
f 1845/2627/1845 1357/2628/1357 1358/2629/1358
f 1348/2613/1348 1846/2621/1846 1844/2620/1844
f 1846/2621/1846 1847/2630/1847 1844/2620/1844
f 1844/2620/1844 1847/2630/1847 1845/2626/1845
f 1847/2630/1847 1848/2631/1848 1845/2626/1845
f 1845/2626/1845 1848/2631/1848 1357/2446/1357
f 1848/2631/1848 1356/2449/1356 1357/2446/1357
f 1349/2612/1349 1849/2622/1849 1846/2621/1846
f 1849/2622/1849 1850/2632/1850 1846/2621/1846
f 1846/2621/1846 1850/2632/1850 1847/2630/1847
f 1850/2632/1850 1851/2633/1851 1847/2630/1847
f 1847/2630/1847 1851/2633/1851 1848/2631/1848
f 1851/2633/1851 1852/2634/1852 1848/2631/1848
f 1848/2631/1848 1852/2634/1852 1356/2449/1356
f 1852/2634/1852 1355/2450/1355 1356/2449/1356
f 1350/2611/1350 1853/2623/1853 1849/2622/1849
f 1853/2623/1853 1854/2635/1854 1849/2622/1849
f 1849/2622/1849 1854/2635/1854 1850/2632/1850
f 1854/2635/1854 1855/2636/1855 1850/2632/1850
f 1850/2632/1850 1855/2636/1855 1851/2633/1851
f 1855/2636/1855 1856/2637/1856 1851/2633/1851
f 1851/2633/1851 1856/2637/1856 1852/2634/1852
f 1856/2637/1856 1857/2638/1857 1852/2634/1852
f 1852/2634/1852 1857/2638/1857 1355/2450/1355
f 1857/2638/1857 1354/2451/1354 1355/2450/1355
f 1351/2610/1351 1858/2624/1858 1853/2623/1853
f 1858/2624/1858 1859/2639/1859 1853/2623/1853
f 1853/2623/1853 1859/2639/1859 1854/2635/1854
f 1859/2639/1859 1860/2640/1860 1854/2635/1854
f 1854/2635/1854 1860/2640/1860 1855/2636/1855
f 1860/2640/1860 1861/2641/1861 1855/2636/1855
f 1855/2636/1855 1861/2641/1861 1856/2637/1856
f 1861/2641/1861 1862/2642/1862 1856/2637/1856
f 1856/2637/1856 1862/2642/1862 1857/2638/1857
f 1862/2642/1862 1863/2643/1863 1857/2638/1857
f 1857/2638/1857 1863/2643/1863 1354/2451/1354
f 1863/2643/1863 1353/2456/1353 1354/2451/1354
f 1352/1886/1352 1338/1885/1338 1858/2624/1858
f 1338/1885/1338 1337/2644/1337 1858/2624/1858
f 1858/2624/1858 1337/2644/1337 1859/2639/1859
f 1337/2644/1337 1336/2645/1336 1859/2639/1859
f 1859/2639/1859 1336/2645/1336 1860/2640/1860
f 1336/2645/1336 1335/2646/1335 1860/2640/1860
f 1860/2640/1860 1335/2646/1335 1861/2641/1861
f 1335/2646/1335 1334/2647/1334 1861/2641/1861
f 1861/2641/1861 1334/2647/1334 1862/2642/1862
f 1334/2647/1334 1333/2648/1333 1862/2642/1862
f 1862/2642/1862 1333/2648/1333 1863/2643/1863
f 1333/2648/1333 1332/2649/1332 1863/2643/1863
f 1863/2643/1863 1332/2649/1332 1353/2456/1353
f 1332/2649/1332 1288/1894/1288 1353/2456/1353
f 1332/2649/1332 1345/1895/1345 1288/1894/1288
f 1333/2648/1333 1864/2650/1864 1332/2649/1332
f 1334/2647/1334 1865/2651/1865 1333/2648/1333
f 1335/2646/1335 1867/2652/1867 1334/2647/1334
f 1336/2645/1336 1870/2653/1870 1335/2646/1335
f 1337/2644/1337 1874/2654/1874 1336/2645/1336
f 1338/1885/1338 1879/2655/1879 1337/2644/1337
f 1332/2649/1332 1864/2650/1864 1345/1895/1345
f 1864/2650/1864 1344/2483/1344 1345/1895/1345
f 1333/2648/1333 1865/2651/1865 1864/2650/1864
f 1865/2651/1865 1866/2656/1866 1864/2650/1864
f 1864/2650/1864 1866/2656/1866 1344/2483/1344
f 1866/2656/1866 1343/2657/1343 1344/2483/1344
f 1334/2647/1334 1867/2652/1867 1865/2651/1865
f 1867/2652/1867 1868/2658/1868 1865/2651/1865
f 1865/2651/1865 1868/2658/1868 1866/2656/1866
f 1868/2658/1868 1869/2659/1869 1866/2656/1866
f 1866/2656/1866 1869/2659/1869 1343/2657/1343
f 1869/2659/1869 1342/2660/1342 1343/2657/1343
f 1335/2646/1335 1870/2653/1870 1867/2652/1867
f 1870/2653/1870 1871/2661/1871 1867/2652/1867
f 1867/2652/1867 1871/2661/1871 1868/2658/1868
f 1871/2661/1871 1872/2662/1872 1868/2658/1868
f 1868/2658/1868 1872/2662/1872 1869/2659/1869
f 1872/2662/1872 1873/2663/1873 1869/2659/1869
f 1869/2659/1869 1873/2663/1873 1342/2660/1342
f 1873/2663/1873 1341/2664/1341 1342/2660/1342
f 1336/2645/1336 1874/2654/1874 1870/2653/1870
f 1874/2654/1874 1875/2665/1875 1870/2653/1870
f 1870/2653/1870 1875/2665/1875 1871/2661/1871
f 1875/2665/1875 1876/2666/1876 1871/2661/1871
f 1871/2661/1871 1876/2666/1876 1872/2662/1872
f 1876/2666/1876 1877/2667/1877 1872/2662/1872
f 1872/2662/1872 1877/2667/1877 1873/2663/1873
f 1877/2667/1877 1878/2668/1878 1873/2663/1873
f 1873/2663/1873 1878/2668/1878 1341/2664/1341
f 1878/2668/1878 1340/2669/1340 1341/2664/1341
f 1337/2644/1337 1879/2655/1879 1874/2654/1874
f 1879/2655/1879 1880/2670/1880 1874/2654/1874
f 1874/2654/1874 1880/2670/1880 1875/2665/1875
f 1880/2670/1880 1881/2671/1881 1875/2665/1875
f 1875/2665/1875 1881/2671/1881 1876/2666/1876
f 1881/2671/1881 1882/2672/1882 1876/2666/1876
f 1876/2666/1876 1882/2672/1882 1877/2667/1877
f 1882/2672/1882 1883/2673/1883 1877/2667/1877
f 1877/2667/1877 1883/2673/1883 1878/2668/1878
f 1883/2674/1883 1884/2675/1884 1878/2676/1878
f 1878/2676/1878 1884/2675/1884 1340/2490/1340
f 1884/2675/1884 1339/2491/1339 1340/2490/1340
f 1338/1885/1338 1303/1881/1303 1879/2655/1879
f 1303/1881/1303 1302/2677/1302 1879/2655/1879
f 1879/2655/1879 1302/2677/1302 1880/2670/1880
f 1302/2677/1302 1301/2678/1301 1880/2670/1880
f 1880/2670/1880 1301/2678/1301 1881/2671/1881
f 1301/2678/1301 1300/2679/1300 1881/2671/1881
f 1881/2671/1881 1300/2679/1300 1882/2672/1882
f 1300/2679/1300 1299/2680/1299 1882/2672/1882
f 1882/2672/1882 1299/2680/1299 1883/2673/1883
f 1299/2680/1299 1298/2681/1298 1883/2673/1883
f 1883/2674/1883 1298/2682/1298 1884/2675/1884
f 1298/2682/1298 1297/2683/1297 1884/2675/1884
f 1884/2675/1884 1297/2683/1297 1339/2491/1339
f 1297/2683/1297 1287/1891/1287 1339/2491/1339
f 1318/2572/1318 1331/2573/1331 1290/1900/1290
f 1319/2571/1319 1885/2684/1885 1318/2572/1318
f 1320/2569/1320 1886/2685/1886 1319/2686/1319
f 1321/2566/1321 1888/2687/1888 1320/2569/1320
f 1322/2565/1322 1891/2688/1891 1321/2566/1321
f 1323/2689/1323 1895/2690/1895 1322/2565/1322
f 1324/1889/1324 1900/2691/1900 1323/2563/1323
f 1318/2572/1318 1885/2684/1885 1331/2573/1331
f 1885/2692/1885 1330/2574/1330 1331/2576/1331
f 1319/2686/1319 1886/2685/1886 1885/2693/1885
f 1886/2685/1886 1887/2694/1887 1885/2693/1885
f 1885/2684/1885 1887/2695/1887 1330/2579/1330
f 1887/2695/1887 1329/2577/1329 1330/2579/1330
f 1320/2569/1320 1888/2687/1888 1886/2685/1886
f 1888/2687/1888 1889/2696/1889 1886/2685/1886
f 1886/2685/1886 1889/2696/1889 1887/2694/1887
f 1889/2696/1889 1890/2697/1890 1887/2694/1887
f 1887/2694/1887 1890/2697/1890 1329/2582/1329
f 1890/2697/1890 1328/2580/1328 1329/2582/1329
f 1321/2566/1321 1891/2688/1891 1888/2687/1888
f 1891/2698/1891 1892/2699/1892 1888/2700/1888
f 1888/2687/1888 1892/2701/1892 1889/2696/1889
f 1892/2701/1892 1893/2702/1893 1889/2696/1889
f 1889/2696/1889 1893/2702/1893 1890/2697/1890
f 1893/2702/1893 1894/2703/1894 1890/2697/1890
f 1890/2697/1890 1894/2703/1894 1328/2580/1328
f 1894/2703/1894 1327/2583/1327 1328/2580/1328
f 1322/2565/1322 1895/2690/1895 1891/2688/1891
f 1895/2690/1895 1896/2704/1896 1891/2688/1891
f 1891/2688/1891 1896/2704/1896 1892/2701/1892
f 1896/2704/1896 1897/2705/1897 1892/2701/1892
f 1892/2701/1892 1897/2705/1897 1893/2702/1893
f 1897/2705/1897 1898/2706/1898 1893/2702/1893
f 1893/2702/1893 1898/2706/1898 1894/2703/1894
f 1898/2706/1898 1899/2707/1899 1894/2703/1894
f 1894/2703/1894 1899/2707/1899 1327/2583/1327
f 1899/2707/1899 1326/2585/1326 1327/2583/1327
f 1323/2689/1323 1900/2708/1900 1895/2690/1895
f 1900/2708/1900 1901/2709/1901 1895/2690/1895
f 1895/2690/1895 1901/2709/1901 1896/2704/1896
f 1901/2709/1901 1902/2710/1902 1896/2704/1896
f 1896/2704/1896 1902/2710/1902 1897/2705/1897
f 1902/2710/1902 1903/2711/1903 1897/2705/1897
f 1897/2705/1897 1903/2711/1903 1898/2706/1898
f 1903/2711/1903 1904/2712/1904 1898/2706/1898
f 1898/2706/1898 1904/2712/1904 1899/2707/1899
f 1904/2712/1904 1905/2713/1905 1899/2707/1899
f 1899/2707/1899 1905/2713/1905 1326/2585/1326
f 1905/2713/1905 1325/1887/1325 1326/2585/1326
f 1324/2714/1324 1310/2715/1310 1900/2716/1900
f 1310/2717/1310 1309/2718/1309 1900/2719/1900
f 1900/2708/1900 1309/2720/1309 1901/2709/1901
f 1309/2720/1309 1308/2721/1308 1901/2709/1901
f 1901/2709/1901 1308/2721/1308 1902/2710/1902
f 1308/2721/1308 1307/2722/1307 1902/2710/1902
f 1902/2710/1902 1307/2722/1307 1903/2711/1903
f 1307/2722/1307 1306/2723/1306 1903/2711/1903
f 1903/2711/1903 1306/2723/1306 1904/2712/1904
f 1306/2723/1306 1305/2724/1305 1904/2712/1904
f 1904/2712/1904 1305/2724/1305 1905/2713/1905
f 1305/2724/1305 1304/1880/1304 1905/2713/1905
f 1905/2713/1905 1304/1880/1304 1325/1887/1325
f 1304/1880/1304 1285/1879/1285 1325/1887/1325
f 1297/2683/1297 1317/1892/1317 1287/1891/1287
f 1298/2682/1298 1906/2725/1906 1297/2683/1297
f 1299/2680/1299 1907/2726/1907 1298/2681/1298
f 1300/2679/1300 1909/2727/1909 1299/2680/1299
f 1301/2678/1301 1912/2728/1912 1300/2679/1300
f 1302/2677/1302 1916/2729/1916 1301/2678/1301
f 1303/1881/1303 1921/2730/1921 1302/2677/1302
f 1297/2683/1297 1906/2725/1906 1317/1892/1317
f 1906/2725/1906 1316/2523/1316 1317/1892/1317
f 1298/2682/1298 1907/2731/1907 1906/2725/1906
f 1907/2731/1907 1908/2732/1908 1906/2725/1906
f 1906/2725/1906 1908/2732/1908 1316/2523/1316
f 1908/2732/1908 1315/2524/1315 1316/2523/1316
f 1299/2680/1299 1909/2727/1909 1907/2726/1907
f 1909/2727/1909 1910/2733/1910 1907/2726/1907
f 1907/2731/1907 1910/2734/1910 1908/2732/1908
f 1910/2734/1910 1911/2735/1911 1908/2732/1908
f 1908/2732/1908 1911/2735/1911 1315/2524/1315
f 1911/2735/1911 1314/2525/1314 1315/2524/1315
f 1300/2679/1300 1912/2728/1912 1909/2727/1909
f 1912/2728/1912 1913/2736/1913 1909/2727/1909
f 1909/2727/1909 1913/2736/1913 1910/2733/1910
f 1913/2736/1913 1914/2737/1914 1910/2733/1910
f 1910/2734/1910 1914/2738/1914 1911/2735/1911
f 1914/2738/1914 1915/2739/1915 1911/2735/1911
f 1911/2735/1911 1915/2739/1915 1314/2525/1314
f 1915/2739/1915 1313/2526/1313 1314/2525/1314
f 1301/2678/1301 1916/2729/1916 1912/2728/1912
f 1916/2729/1916 1917/2740/1917 1912/2728/1912
f 1912/2728/1912 1917/2740/1917 1913/2736/1913
f 1917/2740/1917 1918/2741/1918 1913/2736/1913
f 1913/2736/1913 1918/2741/1918 1914/2737/1914
f 1918/2741/1918 1919/2742/1919 1914/2737/1914
f 1914/2738/1914 1919/2743/1919 1915/2739/1915
f 1919/2743/1919 1920/2744/1920 1915/2739/1915
f 1915/2739/1915 1920/2744/1920 1313/2526/1313
f 1920/2744/1920 1312/2527/1312 1313/2526/1313
f 1302/2677/1302 1921/2730/1921 1916/2729/1916
f 1921/2730/1921 1922/2745/1922 1916/2729/1916
f 1916/2729/1916 1922/2745/1922 1917/2740/1917
f 1922/2745/1922 1923/2746/1923 1917/2740/1917
f 1917/2740/1917 1923/2746/1923 1918/2741/1918
f 1923/2746/1923 1924/2747/1924 1918/2741/1918
f 1918/2741/1918 1924/2747/1924 1919/2742/1919
f 1924/2747/1924 1925/2748/1925 1919/2742/1919
f 1919/2743/1919 1925/2749/1925 1920/2744/1920
f 1925/2750/1925 1926/2751/1926 1920/2752/1920
f 1920/2753/1920 1926/2754/1926 1312/2755/1312
f 1926/2754/1926 1311/2756/1311 1312/2755/1312
f 1303/1881/1303 1304/1880/1304 1921/2730/1921
f 1304/1880/1304 1305/2724/1305 1921/2730/1921
f 1921/2730/1921 1305/2724/1305 1922/2745/1922
f 1305/2724/1305 1306/2723/1306 1922/2745/1922
f 1922/2745/1922 1306/2723/1306 1923/2746/1923
f 1306/2723/1306 1307/2722/1307 1923/2746/1923
f 1923/2746/1923 1307/2722/1307 1924/2747/1924
f 1307/2722/1307 1308/2721/1308 1924/2747/1924
f 1924/2747/1924 1308/2721/1308 1925/2748/1925
f 1308/2721/1308 1309/2720/1309 1925/2748/1925
f 1925/2750/1925 1309/2718/1309 1926/2751/1926
f 1309/2718/1309 1310/2717/1310 1926/2751/1926
f 1926/2754/1926 1310/1883/1310 1311/2756/1311
f 1310/1883/1310 1286/1882/1286 1311/2756/1311
f 1927/2757/1927 1946/2758/1946 1945/2759/1945
f 1928/2760/1928 1952/2761/1952 1966/2762/1966
f 1927/2757/1927 1945/2759/1945 1980/2763/1980
f 1927/2757/1927 1980/2763/1980 1994/2764/1994
f 1927/2757/1927 1994/2764/1994 1967/2765/1967
f 1928/2766/1928 1966/2767/1966 2015/2768/2015
f 1929/2769/1929 1959/2770/1959 2029/2771/2029
f 1930/2772/1930 1987/2773/1987 2043/2774/2043
f 1931/2775/1931 2001/2776/2001 2057/2777/2057
f 1932/2778/1932 2008/2779/2008 2071/2780/2071
f 1928/2781/1928 2015/2782/2015 2030/2783/2030
f 1929/2769/1929 2029/2771/2029 2044/2784/2044
f 1930/2772/1930 2043/2774/2043 2058/2785/2058
f 1931/2775/1931 2057/2777/2057 2072/2786/2072
f 1932/2778/1932 2071/2780/2071 2016/2787/2016
f 1933/2788/1933 2085/2789/2085 2120/2790/2120
f 1934/2791/1934 2092/2792/2092 2134/2793/2134
f 1935/2794/1935 2099/2795/2099 2141/2796/2141
f 1936/2797/1936 2106/2798/2106 2148/2799/2148
f 1937/2800/1937 2113/2801/2113 2121/2802/2121
f 2127/2803/2127 2142/2804/2142 1938/2805/1938
f 2126/2806/2126 2149/2807/2149 2127/2803/2127
f 2125/2808/2125 2150/2809/2150 2126/2806/2126
f 2124/2810/2124 2152/2811/2152 2125/2808/2125
f 2123/2812/2123 2155/2813/2155 2124/2810/2124
f 2122/2814/2122 2159/2815/2159 2123/2812/2123
f 2121/2802/2121 2164/2816/2164 2122/2814/2122
f 2127/2803/2127 2149/2807/2149 2142/2804/2142
f 2149/2807/2149 2143/2817/2143 2142/2804/2142
f 2126/2806/2126 2150/2809/2150 2149/2807/2149
f 2150/2809/2150 2151/2818/2151 2149/2807/2149
f 2149/2807/2149 2151/2818/2151 2143/2817/2143
f 2151/2818/2151 2144/2819/2144 2143/2817/2143
f 2125/2808/2125 2152/2811/2152 2150/2809/2150
f 2152/2811/2152 2153/2820/2153 2150/2809/2150
f 2150/2809/2150 2153/2820/2153 2151/2818/2151
f 2153/2820/2153 2154/2821/2154 2151/2818/2151
f 2151/2818/2151 2154/2821/2154 2144/2819/2144
f 2154/2821/2154 2145/2822/2145 2144/2819/2144
f 2124/2810/2124 2155/2813/2155 2152/2811/2152
f 2155/2813/2155 2156/2823/2156 2152/2811/2152
f 2152/2811/2152 2156/2823/2156 2153/2820/2153
f 2156/2823/2156 2157/2824/2157 2153/2820/2153
f 2153/2820/2153 2157/2824/2157 2154/2821/2154
f 2157/2824/2157 2158/2825/2158 2154/2821/2154
f 2154/2821/2154 2158/2825/2158 2145/2822/2145
f 2158/2825/2158 2146/2826/2146 2145/2822/2145
f 2123/2812/2123 2159/2815/2159 2155/2813/2155
f 2159/2815/2159 2160/2827/2160 2155/2813/2155
f 2155/2813/2155 2160/2827/2160 2156/2823/2156
f 2160/2827/2160 2161/2828/2161 2156/2823/2156
f 2156/2823/2156 2161/2828/2161 2157/2824/2157
f 2161/2828/2161 2162/2829/2162 2157/2824/2157
f 2157/2824/2157 2162/2829/2162 2158/2825/2158
f 2162/2829/2162 2163/2830/2163 2158/2825/2158
f 2158/2825/2158 2163/2830/2163 2146/2826/2146
f 2163/2830/2163 2147/2831/2147 2146/2826/2146
f 2122/2814/2122 2164/2816/2164 2159/2815/2159
f 2164/2816/2164 2165/2832/2165 2159/2815/2159
f 2159/2815/2159 2165/2832/2165 2160/2827/2160
f 2165/2832/2165 2166/2833/2166 2160/2827/2160
f 2160/2827/2160 2166/2833/2166 2161/2828/2161
f 2166/2833/2166 2167/2834/2167 2161/2828/2161
f 2161/2828/2161 2167/2834/2167 2162/2829/2162
f 2167/2834/2167 2168/2835/2168 2162/2829/2162
f 2162/2829/2162 2168/2835/2168 2163/2830/2163
f 2168/2835/2168 2169/2836/2169 2163/2830/2163
f 2163/2830/2163 2169/2836/2169 2147/2831/2147
f 2169/2836/2169 2148/2799/2148 2147/2831/2147
f 2121/2802/2121 2113/2801/2113 2164/2816/2164
f 2113/2801/2113 2112/2837/2112 2164/2816/2164
f 2164/2816/2164 2112/2837/2112 2165/2832/2165
f 2112/2837/2112 2111/2838/2111 2165/2832/2165
f 2165/2832/2165 2111/2838/2111 2166/2833/2166
f 2111/2838/2111 2110/2839/2110 2166/2833/2166
f 2166/2833/2166 2110/2839/2110 2167/2834/2167
f 2110/2839/2110 2109/2840/2109 2167/2834/2167
f 2167/2834/2167 2109/2840/2109 2168/2835/2168
f 2109/2840/2109 2108/2841/2108 2168/2835/2168
f 2168/2835/2168 2108/2841/2108 2169/2836/2169
f 2108/2841/2108 2107/2842/2107 2169/2836/2169
f 2169/2836/2169 2107/2842/2107 2148/2799/2148
f 2107/2842/2107 1936/2797/1936 2148/2799/2148
f 2142/2804/2142 2135/2843/2135 1938/2805/1938
f 2143/2817/2143 2170/2844/2170 2142/2804/2142
f 2144/2819/2144 2171/2845/2171 2143/2817/2143
f 2145/2822/2145 2173/2846/2173 2144/2819/2144
f 2146/2826/2146 2176/2847/2176 2145/2822/2145
f 2147/2831/2147 2180/2848/2180 2146/2826/2146
f 2148/2799/2148 2185/2849/2185 2147/2831/2147
f 2142/2804/2142 2170/2844/2170 2135/2843/2135
f 2170/2844/2170 2136/2850/2136 2135/2843/2135
f 2143/2817/2143 2171/2845/2171 2170/2844/2170
f 2171/2845/2171 2172/2851/2172 2170/2844/2170
f 2170/2844/2170 2172/2851/2172 2136/2850/2136
f 2172/2851/2172 2137/2852/2137 2136/2850/2136
f 2144/2819/2144 2173/2846/2173 2171/2845/2171
f 2173/2846/2173 2174/2853/2174 2171/2845/2171
f 2171/2845/2171 2174/2853/2174 2172/2851/2172
f 2174/2853/2174 2175/2854/2175 2172/2851/2172
f 2172/2851/2172 2175/2854/2175 2137/2852/2137
f 2175/2854/2175 2138/2855/2138 2137/2852/2137
f 2145/2822/2145 2176/2847/2176 2173/2846/2173
f 2176/2847/2176 2177/2856/2177 2173/2846/2173
f 2173/2846/2173 2177/2856/2177 2174/2853/2174
f 2177/2856/2177 2178/2857/2178 2174/2853/2174
f 2174/2853/2174 2178/2857/2178 2175/2854/2175
f 2178/2857/2178 2179/2858/2179 2175/2854/2175
f 2175/2854/2175 2179/2858/2179 2138/2855/2138
f 2179/2858/2179 2139/2859/2139 2138/2855/2138
f 2146/2826/2146 2180/2848/2180 2176/2847/2176
f 2180/2848/2180 2181/2860/2181 2176/2847/2176
f 2176/2847/2176 2181/2860/2181 2177/2856/2177
f 2181/2860/2181 2182/2861/2182 2177/2856/2177
f 2177/2856/2177 2182/2861/2182 2178/2857/2178
f 2182/2861/2182 2183/2862/2183 2178/2857/2178
f 2178/2857/2178 2183/2862/2183 2179/2858/2179
f 2183/2862/2183 2184/2863/2184 2179/2858/2179
f 2179/2858/2179 2184/2863/2184 2139/2859/2139
f 2184/2863/2184 2140/2864/2140 2139/2859/2139
f 2147/2831/2147 2185/2849/2185 2180/2848/2180
f 2185/2849/2185 2186/2865/2186 2180/2848/2180
f 2180/2866/2180 2186/2867/2186 2181/2868/2181
f 2186/2865/2186 2187/2869/2187 2181/2860/2181
f 2181/2860/2181 2187/2869/2187 2182/2861/2182
f 2187/2869/2187 2188/2870/2188 2182/2861/2182
f 2182/2861/2182 2188/2870/2188 2183/2862/2183
f 2188/2870/2188 2189/2871/2189 2183/2862/2183
f 2183/2862/2183 2189/2871/2189 2184/2863/2184
f 2189/2871/2189 2190/2872/2190 2184/2863/2184
f 2184/2863/2184 2190/2872/2190 2140/2864/2140
f 2190/2872/2190 2141/2873/2141 2140/2864/2140
f 2148/2799/2148 2106/2798/2106 2185/2849/2185
f 2106/2874/2106 2105/2875/2105 2185/2876/2185
f 2185/2849/2185 2105/2877/2105 2186/2865/2186
f 2105/2877/2105 2104/2878/2104 2186/2865/2186
f 2186/2865/2186 2104/2878/2104 2187/2869/2187
f 2104/2878/2104 2103/2879/2103 2187/2869/2187
f 2187/2869/2187 2103/2879/2103 2188/2870/2188
f 2103/2880/2103 2102/2881/2102 2188/2882/2188
f 2188/2882/2188 2102/2881/2102 2189/2883/2189
f 2102/2881/2102 2101/2884/2101 2189/2883/2189
f 2189/2883/2189 2101/2884/2101 2190/2885/2190
f 2101/2884/2101 2100/2886/2100 2190/2885/2190
f 2190/2885/2190 2100/2886/2100 2141/2796/2141
f 2100/2886/2100 1935/2794/1935 2141/2796/2141
f 2135/2843/2135 2128/2887/2128 1938/2805/1938
f 2136/2850/2136 2191/2888/2191 2135/2843/2135
f 2137/2852/2137 2192/2889/2192 2136/2850/2136
f 2138/2855/2138 2194/2890/2194 2137/2852/2137
f 2139/2859/2139 2197/2891/2197 2138/2855/2138
f 2140/2864/2140 2201/2892/2201 2139/2859/2139
f 2141/2873/2141 2206/2893/2206 2140/2864/2140
f 2135/2843/2135 2191/2888/2191 2128/2887/2128
f 2191/2888/2191 2129/2894/2129 2128/2887/2128
f 2136/2850/2136 2192/2889/2192 2191/2888/2191
f 2192/2889/2192 2193/2895/2193 2191/2888/2191
f 2191/2888/2191 2193/2895/2193 2129/2894/2129
f 2193/2895/2193 2130/2896/2130 2129/2894/2129
f 2137/2852/2137 2194/2890/2194 2192/2889/2192
f 2194/2890/2194 2195/2897/2195 2192/2889/2192
f 2192/2889/2192 2195/2897/2195 2193/2895/2193
f 2195/2897/2195 2196/2898/2196 2193/2895/2193
f 2193/2895/2193 2196/2898/2196 2130/2896/2130
f 2196/2898/2196 2131/2899/2131 2130/2896/2130
f 2138/2855/2138 2197/2891/2197 2194/2890/2194
f 2197/2891/2197 2198/2900/2198 2194/2890/2194
f 2194/2890/2194 2198/2900/2198 2195/2897/2195
f 2198/2900/2198 2199/2901/2199 2195/2897/2195
f 2195/2897/2195 2199/2901/2199 2196/2898/2196
f 2199/2901/2199 2200/2902/2200 2196/2898/2196
f 2196/2898/2196 2200/2902/2200 2131/2899/2131
f 2200/2902/2200 2132/2903/2132 2131/2899/2131
f 2139/2859/2139 2201/2892/2201 2197/2891/2197
f 2201/2892/2201 2202/2904/2202 2197/2891/2197
f 2197/2891/2197 2202/2904/2202 2198/2900/2198
f 2202/2904/2202 2203/2905/2203 2198/2900/2198
f 2198/2900/2198 2203/2905/2203 2199/2901/2199
f 2203/2905/2203 2204/2906/2204 2199/2901/2199
f 2199/2901/2199 2204/2906/2204 2200/2902/2200
f 2204/2906/2204 2205/2907/2205 2200/2902/2200
f 2200/2902/2200 2205/2907/2205 2132/2903/2132
f 2205/2907/2205 2133/2908/2133 2132/2903/2132
f 2140/2864/2140 2206/2893/2206 2201/2892/2201
f 2206/2893/2206 2207/2909/2207 2201/2892/2201
f 2201/2892/2201 2207/2909/2207 2202/2904/2202
f 2207/2909/2207 2208/2910/2208 2202/2904/2202
f 2202/2904/2202 2208/2910/2208 2203/2905/2203
f 2208/2910/2208 2209/2911/2209 2203/2905/2203
f 2203/2905/2203 2209/2911/2209 2204/2906/2204
f 2209/2911/2209 2210/2912/2210 2204/2906/2204
f 2204/2906/2204 2210/2912/2210 2205/2907/2205
f 2210/2913/2210 2211/2914/2211 2205/2915/2205
f 2205/2915/2205 2211/2914/2211 2133/2916/2133
f 2211/2914/2211 2134/2793/2134 2133/2916/2133
f 2141/2873/2141 2099/2917/2099 2206/2893/2206
f 2099/2917/2099 2098/2918/2098 2206/2893/2206
f 2206/2893/2206 2098/2918/2098 2207/2909/2207
f 2098/2918/2098 2097/2919/2097 2207/2909/2207
f 2207/2909/2207 2097/2919/2097 2208/2910/2208
f 2097/2919/2097 2096/2920/2096 2208/2910/2208
f 2208/2910/2208 2096/2920/2096 2209/2911/2209
f 2096/2920/2096 2095/2921/2095 2209/2911/2209
f 2209/2911/2209 2095/2921/2095 2210/2912/2210
f 2095/2922/2095 2094/2923/2094 2210/2913/2210
f 2210/2913/2210 2094/2923/2094 2211/2914/2211
f 2094/2923/2094 2093/2924/2093 2211/2914/2211
f 2211/2914/2211 2093/2924/2093 2134/2793/2134
f 2093/2924/2093 1934/2791/1934 2134/2793/2134
f 2128/2887/2128 2114/2925/2114 1938/2805/1938
f 2129/2894/2129 2212/2926/2212 2128/2887/2128
f 2130/2896/2130 2213/2927/2213 2129/2894/2129
f 2131/2899/2131 2215/2928/2215 2130/2896/2130
f 2132/2903/2132 2218/2929/2218 2131/2899/2131
f 2133/2908/2133 2222/2930/2222 2132/2903/2132
f 2134/2793/2134 2227/2931/2227 2133/2916/2133
f 2128/2887/2128 2212/2926/2212 2114/2925/2114
f 2212/2926/2212 2115/2932/2115 2114/2925/2114
f 2129/2894/2129 2213/2927/2213 2212/2926/2212
f 2213/2927/2213 2214/2933/2214 2212/2926/2212
f 2212/2926/2212 2214/2933/2214 2115/2932/2115
f 2214/2933/2214 2116/2934/2116 2115/2932/2115
f 2130/2896/2130 2215/2928/2215 2213/2927/2213
f 2215/2928/2215 2216/2935/2216 2213/2927/2213
f 2213/2927/2213 2216/2935/2216 2214/2933/2214
f 2216/2935/2216 2217/2936/2217 2214/2933/2214
f 2214/2933/2214 2217/2936/2217 2116/2934/2116
f 2217/2936/2217 2117/2937/2117 2116/2934/2116
f 2131/2899/2131 2218/2929/2218 2215/2928/2215
f 2218/2929/2218 2219/2938/2219 2215/2928/2215
f 2215/2928/2215 2219/2938/2219 2216/2935/2216
f 2219/2938/2219 2220/2939/2220 2216/2935/2216
f 2216/2935/2216 2220/2939/2220 2217/2936/2217
f 2220/2939/2220 2221/2940/2221 2217/2936/2217
f 2217/2936/2217 2221/2940/2221 2117/2937/2117
f 2221/2940/2221 2118/2941/2118 2117/2937/2117
f 2132/2903/2132 2222/2930/2222 2218/2929/2218
f 2222/2930/2222 2223/2942/2223 2218/2929/2218
f 2218/2929/2218 2223/2942/2223 2219/2938/2219
f 2223/2943/2223 2224/2944/2224 2219/2945/2219
f 2219/2938/2219 2224/2946/2224 2220/2939/2220
f 2224/2946/2224 2225/2947/2225 2220/2939/2220
f 2220/2939/2220 2225/2947/2225 2221/2940/2221
f 2225/2947/2225 2226/2948/2226 2221/2940/2221
f 2221/2940/2221 2226/2948/2226 2118/2941/2118
f 2226/2948/2226 2119/2949/2119 2118/2941/2118
f 2133/2916/2133 2227/2931/2227 2222/2950/2222
f 2227/2931/2227 2228/2951/2228 2222/2950/2222
f 2222/2950/2222 2228/2951/2228 2223/2943/2223
f 2228/2951/2228 2229/2952/2229 2223/2943/2223
f 2223/2943/2223 2229/2952/2229 2224/2944/2224
f 2229/2952/2229 2230/2953/2230 2224/2944/2224
f 2224/2944/2224 2230/2953/2230 2225/2954/2225
f 2230/2953/2230 2231/2955/2231 2225/2954/2225
f 2225/2954/2225 2231/2955/2231 2226/2956/2226
f 2231/2955/2231 2232/2957/2232 2226/2956/2226
f 2226/2956/2226 2232/2957/2232 2119/2958/2119
f 2232/2957/2232 2120/2959/2120 2119/2958/2119
f 2134/2793/2134 2092/2792/2092 2227/2931/2227
f 2092/2792/2092 2091/2960/2091 2227/2931/2227
f 2227/2931/2227 2091/2960/2091 2228/2951/2228
f 2091/2960/2091 2090/2961/2090 2228/2951/2228
f 2228/2951/2228 2090/2961/2090 2229/2952/2229
f 2090/2961/2090 2089/2962/2089 2229/2952/2229
f 2229/2952/2229 2089/2962/2089 2230/2953/2230
f 2089/2962/2089 2088/2963/2088 2230/2953/2230
f 2230/2964/2230 2088/2965/2088 2231/2966/2231
f 2088/2965/2088 2087/2967/2087 2231/2966/2231
f 2231/2966/2231 2087/2967/2087 2232/2968/2232
f 2087/2969/2087 2086/2970/2086 2232/2971/2232
f 2232/2957/2232 2086/2972/2086 2120/2959/2120
f 2086/2973/2086 1933/2788/1933 2120/2790/2120
f 2114/2925/2114 2127/2803/2127 1938/2805/1938
f 2115/2932/2115 2233/2974/2233 2114/2925/2114
f 2116/2934/2116 2234/2975/2234 2115/2932/2115
f 2117/2937/2117 2236/2976/2236 2116/2934/2116
f 2118/2941/2118 2239/2977/2239 2117/2937/2117
f 2119/2949/2119 2243/2978/2243 2118/2941/2118
f 2120/2959/2120 2248/2979/2248 2119/2958/2119
f 2114/2925/2114 2233/2974/2233 2127/2803/2127
f 2233/2974/2233 2126/2806/2126 2127/2803/2127
f 2115/2932/2115 2234/2975/2234 2233/2974/2233
f 2234/2975/2234 2235/2980/2235 2233/2974/2233
f 2233/2974/2233 2235/2980/2235 2126/2806/2126
f 2235/2980/2235 2125/2808/2125 2126/2806/2126
f 2116/2934/2116 2236/2976/2236 2234/2975/2234
f 2236/2976/2236 2237/2981/2237 2234/2975/2234
f 2234/2975/2234 2237/2981/2237 2235/2980/2235
f 2237/2981/2237 2238/2982/2238 2235/2980/2235
f 2235/2980/2235 2238/2982/2238 2125/2808/2125
f 2238/2982/2238 2124/2810/2124 2125/2808/2125
f 2117/2937/2117 2239/2977/2239 2236/2976/2236
f 2239/2977/2239 2240/2983/2240 2236/2976/2236
f 2236/2976/2236 2240/2983/2240 2237/2981/2237
f 2240/2983/2240 2241/2984/2241 2237/2981/2237
f 2237/2981/2237 2241/2984/2241 2238/2982/2238
f 2241/2984/2241 2242/2985/2242 2238/2982/2238
f 2238/2982/2238 2242/2985/2242 2124/2810/2124
f 2242/2985/2242 2123/2812/2123 2124/2810/2124
f 2118/2941/2118 2243/2978/2243 2239/2977/2239
f 2243/2978/2243 2244/2986/2244 2239/2977/2239
f 2239/2977/2239 2244/2986/2244 2240/2983/2240
f 2244/2986/2244 2245/2987/2245 2240/2983/2240
f 2240/2983/2240 2245/2987/2245 2241/2984/2241
f 2245/2987/2245 2246/2988/2246 2241/2984/2241
f 2241/2984/2241 2246/2988/2246 2242/2985/2242
f 2246/2988/2246 2247/2989/2247 2242/2985/2242
f 2242/2985/2242 2247/2989/2247 2123/2812/2123
f 2247/2989/2247 2122/2814/2122 2123/2812/2123
f 2119/2949/2119 2248/2990/2248 2243/2978/2243
f 2248/2990/2248 2249/2991/2249 2243/2978/2243
f 2243/2978/2243 2249/2991/2249 2244/2986/2244
f 2249/2991/2249 2250/2992/2250 2244/2986/2244
f 2244/2986/2244 2250/2992/2250 2245/2987/2245
f 2250/2992/2250 2251/2993/2251 2245/2987/2245
f 2245/2987/2245 2251/2993/2251 2246/2988/2246
f 2251/2993/2251 2252/2994/2252 2246/2988/2246
f 2246/2988/2246 2252/2994/2252 2247/2989/2247
f 2252/2994/2252 2253/2995/2253 2247/2989/2247
f 2247/2989/2247 2253/2995/2253 2122/2814/2122
f 2253/2995/2253 2121/2802/2121 2122/2814/2122
f 2120/2959/2120 2085/2996/2085 2248/2979/2248
f 2085/2997/2085 2084/2998/2084 2248/2999/2248
f 2248/2990/2248 2084/3000/2084 2249/2991/2249
f 2084/3000/2084 2083/3001/2083 2249/2991/2249
f 2249/2991/2249 2083/3001/2083 2250/2992/2250
f 2083/3002/2083 2082/3003/2082 2250/3004/2250
f 2250/2992/2250 2082/3005/2082 2251/2993/2251
f 2082/3005/2082 2081/3006/2081 2251/2993/2251
f 2251/2993/2251 2081/3006/2081 2252/2994/2252
f 2081/3007/2081 2080/3008/2080 2252/3009/2252
f 2252/3009/2252 2080/3008/2080 2253/3010/2253
f 2080/3011/2080 2079/3012/2079 2253/2995/2253
f 2253/2995/2253 2079/3012/2079 2121/2802/2121
f 2079/3012/2079 1937/2800/1937 2121/2802/2121
f 2022/3013/2022 2113/3014/2113 1937/3015/1937
f 2021/3016/2021 2254/3017/2254 2022/3013/2022
f 2020/3018/2020 2255/3019/2255 2021/3016/2021
f 2019/3020/2019 2257/3021/2257 2020/3022/2020
f 2018/3023/2018 2260/3024/2260 2019/3020/2019
f 2017/3025/2017 2264/3026/2264 2018/3023/2018
f 2016/2787/2016 2269/3027/2269 2017/3025/2017
f 2022/3013/2022 2254/3017/2254 2113/3014/2113
f 2254/3028/2254 2112/2837/2112 2113/2801/2113
f 2021/3016/2021 2255/3019/2255 2254/3017/2254
f 2255/3029/2255 2256/3030/2256 2254/3031/2254
f 2254/3028/2254 2256/3032/2256 2112/2837/2112
f 2256/3032/2256 2111/2838/2111 2112/2837/2112
f 2020/3022/2020 2257/3021/2257 2255/3029/2255
f 2257/3021/2257 2258/3033/2258 2255/3029/2255
f 2255/3029/2255 2258/3033/2258 2256/3030/2256
f 2258/3033/2258 2259/3034/2259 2256/3030/2256
f 2256/3032/2256 2259/3035/2259 2111/2838/2111
f 2259/3035/2259 2110/2839/2110 2111/2838/2111
f 2019/3020/2019 2260/3024/2260 2257/3021/2257
f 2260/3024/2260 2261/3036/2261 2257/3021/2257
f 2257/3021/2257 2261/3036/2261 2258/3033/2258
f 2261/3036/2261 2262/3037/2262 2258/3033/2258
f 2258/3033/2258 2262/3037/2262 2259/3034/2259
f 2262/3037/2262 2263/3038/2263 2259/3034/2259
f 2259/3035/2259 2263/3039/2263 2110/2839/2110
f 2263/3039/2263 2109/2840/2109 2110/2839/2110
f 2018/3023/2018 2264/3026/2264 2260/3024/2260
f 2264/3026/2264 2265/3040/2265 2260/3024/2260
f 2260/3024/2260 2265/3040/2265 2261/3036/2261
f 2265/3040/2265 2266/3041/2266 2261/3036/2261
f 2261/3036/2261 2266/3041/2266 2262/3037/2262
f 2266/3041/2266 2267/3042/2267 2262/3037/2262
f 2262/3043/2262 2267/3044/2267 2263/3039/2263
f 2267/3044/2267 2268/3045/2268 2263/3039/2263
f 2263/3039/2263 2268/3045/2268 2109/2840/2109
f 2268/3045/2268 2108/2841/2108 2109/2840/2109
f 2017/3025/2017 2269/3027/2269 2264/3026/2264
f 2269/3027/2269 2270/3046/2270 2264/3026/2264
f 2264/3026/2264 2270/3046/2270 2265/3040/2265
f 2270/3046/2270 2271/3047/2271 2265/3040/2265
f 2265/3040/2265 2271/3047/2271 2266/3041/2266
f 2271/3047/2271 2272/3048/2272 2266/3041/2266
f 2266/3041/2266 2272/3048/2272 2267/3042/2267
f 2272/3048/2272 2273/3049/2273 2267/3042/2267
f 2267/3042/2267 2273/3049/2273 2268/3050/2268
f 2273/3049/2273 2274/3051/2274 2268/3050/2268
f 2268/3045/2268 2274/3052/2274 2108/2841/2108
f 2274/3052/2274 2107/2842/2107 2108/2841/2108
f 2016/2787/2016 2071/2780/2071 2269/3027/2269
f 2071/2780/2071 2070/3053/2070 2269/3027/2269
f 2269/3027/2269 2070/3053/2070 2270/3046/2270
f 2070/3053/2070 2069/3054/2069 2270/3046/2270
f 2270/3046/2270 2069/3054/2069 2271/3047/2271
f 2069/3054/2069 2068/3055/2068 2271/3047/2271
f 2271/3047/2271 2068/3055/2068 2272/3048/2272
f 2068/3055/2068 2067/3056/2067 2272/3048/2272
f 2272/3048/2272 2067/3056/2067 2273/3049/2273
f 2067/3056/2067 2066/3057/2066 2273/3049/2273
f 2273/3049/2273 2066/3057/2066 2274/3051/2274
f 2066/3057/2066 2065/3058/2065 2274/3051/2274
f 2274/3052/2274 2065/3059/2065 2107/2842/2107
f 2065/3059/2065 1936/2797/1936 2107/2842/2107
f 2078/3060/2078 2106/2798/2106 1936/2797/1936
f 2077/3061/2077 2275/3062/2275 2078/3063/2078
f 2076/3064/2076 2276/3065/2276 2077/3061/2077
f 2075/3066/2075 2278/3067/2278 2076/3064/2076
f 2074/3068/2074 2281/3069/2281 2075/3070/2075
f 2073/3071/2073 2285/3072/2285 2074/3068/2074
f 2072/2786/2072 2290/3073/2290 2073/3074/2073
f 2078/3060/2078 2275/3075/2275 2106/2798/2106
f 2275/3075/2275 2105/2877/2105 2106/2798/2106
f 2077/3061/2077 2276/3065/2276 2275/3062/2275
f 2276/3065/2276 2277/3076/2277 2275/3062/2275
f 2275/3062/2275 2277/3076/2277 2105/3077/2105
f 2277/3076/2277 2104/3078/2104 2105/3077/2105
f 2076/3064/2076 2278/3067/2278 2276/3065/2276
f 2278/3067/2278 2279/3079/2279 2276/3065/2276
f 2276/3080/2276 2279/3081/2279 2277/3082/2277
f 2279/3081/2279 2280/3083/2280 2277/3082/2277
f 2277/3082/2277 2280/3083/2280 2104/2878/2104
f 2280/3083/2280 2103/2879/2103 2104/2878/2104
f 2075/3070/2075 2281/3069/2281 2278/3084/2278
f 2281/3085/2281 2282/3086/2282 2278/3067/2278
f 2278/3067/2278 2282/3086/2282 2279/3079/2279
f 2282/3086/2282 2283/3087/2283 2279/3079/2279
f 2279/3079/2279 2283/3087/2283 2280/3088/2280
f 2283/3087/2283 2284/3089/2284 2280/3088/2280
f 2280/3088/2280 2284/3089/2284 2103/2880/2103
f 2284/3089/2284 2102/2881/2102 2103/2880/2103
f 2074/3068/2074 2285/3072/2285 2281/3069/2281
f 2285/3090/2285 2286/3091/2286 2281/3085/2281
f 2281/3085/2281 2286/3091/2286 2282/3086/2282
f 2286/3091/2286 2287/3092/2287 2282/3086/2282
f 2282/3086/2282 2287/3092/2287 2283/3087/2283
f 2287/3092/2287 2288/3093/2288 2283/3087/2283
f 2283/3087/2283 2288/3093/2288 2284/3089/2284
f 2288/3093/2288 2289/3094/2289 2284/3089/2284
f 2284/3095/2284 2289/3096/2289 2102/3097/2102
f 2289/3096/2289 2101/3098/2101 2102/3097/2102
f 2073/3074/2073 2290/3073/2290 2285/3090/2285
f 2290/3073/2290 2291/3099/2291 2285/3090/2285
f 2285/3090/2285 2291/3099/2291 2286/3091/2286
f 2291/3099/2291 2292/3100/2292 2286/3091/2286
f 2286/3091/2286 2292/3100/2292 2287/3092/2287
f 2292/3100/2292 2293/3101/2293 2287/3092/2287
f 2287/3092/2287 2293/3101/2293 2288/3093/2288
f 2293/3101/2293 2294/3102/2294 2288/3093/2288
f 2288/3093/2288 2294/3102/2294 2289/3094/2289
f 2294/3102/2294 2295/3103/2295 2289/3094/2289
f 2289/3094/2289 2295/3103/2295 2101/2884/2101
f 2295/3103/2295 2100/2886/2100 2101/2884/2101
f 2072/2786/2072 2057/2777/2057 2290/3073/2290
f 2057/2777/2057 2056/3104/2056 2290/3073/2290
f 2290/3073/2290 2056/3104/2056 2291/3099/2291
f 2056/3104/2056 2055/3105/2055 2291/3099/2291
f 2291/3099/2291 2055/3105/2055 2292/3100/2292
f 2055/3105/2055 2054/3106/2054 2292/3100/2292
f 2292/3100/2292 2054/3106/2054 2293/3101/2293
f 2054/3106/2054 2053/3107/2053 2293/3101/2293
f 2293/3101/2293 2053/3107/2053 2294/3102/2294
f 2053/3107/2053 2052/3108/2052 2294/3102/2294
f 2294/3102/2294 2052/3108/2052 2295/3103/2295
f 2052/3108/2052 2051/3109/2051 2295/3103/2295
f 2295/3103/2295 2051/3109/2051 2100/2886/2100
f 2051/3109/2051 1935/2794/1935 2100/2886/2100
f 2064/3110/2064 2099/2795/2099 1935/2794/1935
f 2063/3111/2063 2296/3112/2296 2064/3110/2064
f 2062/3113/2062 2297/3114/2297 2063/3111/2063
f 2061/3115/2061 2299/3116/2299 2062/3113/2062
f 2060/3117/2060 2302/3118/2302 2061/3115/2061
f 2059/3119/2059 2306/3120/2306 2060/3117/2060
f 2058/3121/2058 2311/3122/2311 2059/3123/2059
f 2064/3110/2064 2296/3112/2296 2099/2795/2099
f 2296/3112/2296 2098/3124/2098 2099/2795/2099
f 2063/3111/2063 2297/3114/2297 2296/3112/2296
f 2297/3114/2297 2298/3125/2298 2296/3112/2296
f 2296/3112/2296 2298/3125/2298 2098/3124/2098
f 2298/3126/2298 2097/2919/2097 2098/2918/2098
f 2062/3113/2062 2299/3116/2299 2297/3114/2297
f 2299/3116/2299 2300/3127/2300 2297/3114/2297
f 2297/3114/2297 2300/3127/2300 2298/3125/2298
f 2300/3127/2300 2301/3128/2301 2298/3125/2298
f 2298/3126/2298 2301/3129/2301 2097/2919/2097
f 2301/3129/2301 2096/2920/2096 2097/2919/2097
f 2061/3115/2061 2302/3118/2302 2299/3116/2299
f 2302/3118/2302 2303/3130/2303 2299/3116/2299
f 2299/3116/2299 2303/3130/2303 2300/3127/2300
f 2303/3131/2303 2304/3132/2304 2300/3133/2300
f 2300/3133/2300 2304/3132/2304 2301/3134/2301
f 2304/3132/2304 2305/3135/2305 2301/3134/2301
f 2301/3129/2301 2305/3136/2305 2096/2920/2096
f 2305/3136/2305 2095/2921/2095 2096/2920/2096
f 2060/3117/2060 2306/3120/2306 2302/3118/2302
f 2306/3120/2306 2307/3137/2307 2302/3118/2302
f 2302/3118/2302 2307/3137/2307 2303/3130/2303
f 2307/3138/2307 2308/3139/2308 2303/3131/2303
f 2303/3131/2303 2308/3139/2308 2304/3132/2304
f 2308/3139/2308 2309/3140/2309 2304/3132/2304
f 2304/3132/2304 2309/3140/2309 2305/3135/2305
f 2309/3140/2309 2310/3141/2310 2305/3135/2305
f 2305/3135/2305 2310/3141/2310 2095/2922/2095
f 2310/3141/2310 2094/2923/2094 2095/2922/2095
f 2059/3123/2059 2311/3122/2311 2306/3142/2306
f 2311/3122/2311 2312/3143/2312 2306/3142/2306
f 2306/3144/2306 2312/3145/2312 2307/3138/2307
f 2312/3145/2312 2313/3146/2313 2307/3138/2307
f 2307/3138/2307 2313/3146/2313 2308/3139/2308
f 2313/3146/2313 2314/3147/2314 2308/3139/2308
f 2308/3139/2308 2314/3147/2314 2309/3140/2309
f 2314/3147/2314 2315/3148/2315 2309/3140/2309
f 2309/3140/2309 2315/3148/2315 2310/3141/2310
f 2315/3148/2315 2316/3149/2316 2310/3141/2310
f 2310/3141/2310 2316/3149/2316 2094/2923/2094
f 2316/3149/2316 2093/2924/2093 2094/2923/2094
f 2058/3121/2058 2043/3150/2043 2311/3122/2311
f 2043/3150/2043 2042/3151/2042 2311/3122/2311
f 2311/3152/2311 2042/3153/2042 2312/3154/2312
f 2042/3155/2042 2041/3156/2041 2312/3145/2312
f 2312/3145/2312 2041/3156/2041 2313/3146/2313
f 2041/3156/2041 2040/3157/2040 2313/3146/2313
f 2313/3146/2313 2040/3157/2040 2314/3147/2314
f 2040/3157/2040 2039/3158/2039 2314/3147/2314
f 2314/3147/2314 2039/3158/2039 2315/3148/2315
f 2039/3158/2039 2038/3159/2038 2315/3148/2315
f 2315/3148/2315 2038/3159/2038 2316/3149/2316
f 2038/3159/2038 2037/3160/2037 2316/3149/2316
f 2316/3149/2316 2037/3160/2037 2093/2924/2093
f 2037/3160/2037 1934/2791/1934 2093/2924/2093
f 2050/3161/2050 2092/2792/2092 1934/2791/1934
f 2049/3162/2049 2317/3163/2317 2050/3161/2050
f 2048/3164/2048 2318/3165/2318 2049/3162/2049
f 2047/3166/2047 2320/3167/2320 2048/3164/2048
f 2046/3168/2046 2323/3169/2323 2047/3166/2047
f 2045/3170/2045 2327/3171/2327 2046/3172/2046
f 2044/3173/2044 2332/3174/2332 2045/3175/2045
f 2050/3161/2050 2317/3163/2317 2092/2792/2092
f 2317/3163/2317 2091/2960/2091 2092/2792/2092
f 2049/3162/2049 2318/3165/2318 2317/3163/2317
f 2318/3165/2318 2319/3176/2319 2317/3163/2317
f 2317/3163/2317 2319/3176/2319 2091/2960/2091
f 2319/3176/2319 2090/2961/2090 2091/2960/2091
f 2048/3164/2048 2320/3167/2320 2318/3165/2318
f 2320/3167/2320 2321/3177/2321 2318/3165/2318
f 2318/3165/2318 2321/3177/2321 2319/3176/2319
f 2321/3177/2321 2322/3178/2322 2319/3176/2319
f 2319/3176/2319 2322/3178/2322 2090/2961/2090
f 2322/3178/2322 2089/2962/2089 2090/2961/2090
f 2047/3166/2047 2323/3169/2323 2320/3167/2320
f 2323/3169/2323 2324/3179/2324 2320/3167/2320
f 2320/3167/2320 2324/3179/2324 2321/3177/2321
f 2324/3179/2324 2325/3180/2325 2321/3177/2321
f 2321/3177/2321 2325/3180/2325 2322/3178/2322
f 2325/3180/2325 2326/3181/2326 2322/3178/2322
f 2322/3178/2322 2326/3181/2326 2089/2962/2089
f 2326/3181/2326 2088/2963/2088 2089/2962/2089
f 2046/3168/2046 2327/3182/2327 2323/3169/2323
f 2327/3182/2327 2328/3183/2328 2323/3169/2323
f 2323/3169/2323 2328/3183/2328 2324/3179/2324
f 2328/3183/2328 2329/3184/2329 2324/3179/2324
f 2324/3179/2324 2329/3184/2329 2325/3180/2325
f 2329/3184/2329 2330/3185/2330 2325/3180/2325
f 2325/3180/2325 2330/3185/2330 2326/3181/2326
f 2330/3185/2330 2331/3186/2331 2326/3181/2326
f 2326/3181/2326 2331/3186/2331 2088/2963/2088
f 2331/3186/2331 2087/3187/2087 2088/2963/2088
f 2045/3170/2045 2332/3188/2332 2327/3171/2327
f 2332/3189/2332 2333/3190/2333 2327/3182/2327
f 2327/3182/2327 2333/3190/2333 2328/3183/2328
f 2333/3190/2333 2334/3191/2334 2328/3183/2328
f 2328/3183/2328 2334/3191/2334 2329/3184/2329
f 2334/3191/2334 2335/3192/2335 2329/3184/2329
f 2329/3184/2329 2335/3192/2335 2330/3185/2330
f 2335/3192/2335 2336/3193/2336 2330/3185/2330
f 2330/3185/2330 2336/3193/2336 2331/3186/2331
f 2336/3193/2336 2337/3194/2337 2331/3186/2331
f 2331/3186/2331 2337/3194/2337 2087/3187/2087
f 2337/3195/2337 2086/3196/2086 2087/3197/2087
f 2044/2784/2044 2029/2771/2029 2332/3188/2332
f 2029/2771/2029 2028/3198/2028 2332/3188/2332
f 2332/3188/2332 2028/3198/2028 2333/3199/2333
f 2028/3198/2028 2027/3200/2027 2333/3199/2333
f 2333/3199/2333 2027/3200/2027 2334/3201/2334
f 2027/3200/2027 2026/3202/2026 2334/3201/2334
f 2334/3191/2334 2026/3203/2026 2335/3192/2335
f 2026/3203/2026 2025/3204/2025 2335/3192/2335
f 2335/3192/2335 2025/3204/2025 2336/3193/2336
f 2025/3205/2025 2024/3206/2024 2336/3207/2336
f 2336/3208/2336 2024/3209/2024 2337/3210/2337
f 2024/3211/2024 2023/3212/2023 2337/3213/2337
f 2337/3213/2337 2023/3212/2023 2086/3214/2086
f 2023/3215/2023 1933/2788/1933 2086/2973/2086
f 2036/3216/2036 2085/3217/2085 1933/3218/1933
f 2035/3219/2035 2338/3220/2338 2036/3216/2036
f 2034/3221/2034 2339/3222/2339 2035/3223/2035
f 2033/3224/2033 2341/3225/2341 2034/3221/2034
f 2032/3226/2032 2344/3227/2344 2033/3224/2033
f 2031/3228/2031 2348/3229/2348 2032/3226/2032
f 2030/3230/2030 2353/3231/2353 2031/3228/2031
f 2036/3232/2036 2338/3233/2338 2085/3234/2085
f 2338/3235/2338 2084/2998/2084 2085/2997/2085
f 2035/3223/2035 2339/3222/2339 2338/3235/2338
f 2339/3236/2339 2340/3237/2340 2338/3238/2338
f 2338/3235/2338 2340/3239/2340 2084/2998/2084
f 2340/3239/2340 2083/3240/2083 2084/2998/2084
f 2034/3221/2034 2341/3225/2341 2339/3222/2339
f 2341/3225/2341 2342/3241/2342 2339/3222/2339
f 2339/3236/2339 2342/3242/2342 2340/3237/2340
f 2342/3241/2342 2343/3243/2343 2340/3239/2340
f 2340/3239/2340 2343/3243/2343 2083/3240/2083
f 2343/3244/2343 2082/3245/2082 2083/3246/2083
f 2033/3224/2033 2344/3227/2344 2341/3225/2341
f 2344/3227/2344 2345/3247/2345 2341/3225/2341
f 2341/3225/2341 2345/3247/2345 2342/3241/2342
f 2345/3247/2345 2346/3248/2346 2342/3241/2342
f 2342/3241/2342 2346/3248/2346 2343/3243/2343
f 2346/3248/2346 2347/3249/2347 2343/3243/2343
f 2343/3243/2343 2347/3249/2347 2082/3250/2082
f 2347/3251/2347 2081/3006/2081 2082/3005/2082
f 2032/3226/2032 2348/3229/2348 2344/3227/2344
f 2348/3229/2348 2349/3252/2349 2344/3227/2344
f 2344/3227/2344 2349/3252/2349 2345/3247/2345
f 2349/3252/2349 2350/3253/2350 2345/3247/2345
f 2345/3247/2345 2350/3253/2350 2346/3248/2346
f 2350/3253/2350 2351/3254/2351 2346/3248/2346
f 2346/3248/2346 2351/3254/2351 2347/3249/2347
f 2351/3254/2351 2352/3255/2352 2347/3249/2347
f 2347/3249/2347 2352/3255/2352 2081/3007/2081
f 2352/3255/2352 2080/3008/2080 2081/3007/2081
f 2031/3228/2031 2353/3231/2353 2348/3229/2348
f 2353/3231/2353 2354/3256/2354 2348/3229/2348
f 2348/3229/2348 2354/3256/2354 2349/3252/2349
f 2354/3256/2354 2355/3257/2355 2349/3252/2349
f 2349/3252/2349 2355/3257/2355 2350/3253/2350
f 2355/3257/2355 2356/3258/2356 2350/3253/2350
f 2350/3253/2350 2356/3258/2356 2351/3254/2351
f 2356/3258/2356 2357/3259/2357 2351/3254/2351
f 2351/3260/2351 2357/3261/2357 2352/3262/2352
f 2357/3261/2357 2358/3263/2358 2352/3262/2352
f 2352/3255/2352 2358/3264/2358 2080/3008/2080
f 2358/3264/2358 2079/3265/2079 2080/3008/2080
f 2030/3230/2030 2015/3266/2015 2353/3231/2353
f 2015/3266/2015 2014/3267/2014 2353/3231/2353
f 2353/3231/2353 2014/3267/2014 2354/3256/2354
f 2014/3267/2014 2013/3268/2013 2354/3256/2354
f 2354/3256/2354 2013/3268/2013 2355/3257/2355
f 2013/3268/2013 2012/3269/2012 2355/3257/2355
f 2355/3257/2355 2012/3269/2012 2356/3258/2356
f 2012/3269/2012 2011/3270/2011 2356/3258/2356
f 2356/3258/2356 2011/3270/2011 2357/3259/2357
f 2011/3270/2011 2010/3271/2010 2357/3259/2357
f 2357/3261/2357 2010/3272/2010 2358/3263/2358
f 2010/3272/2010 2009/3273/2009 2358/3263/2358
f 2358/3264/2358 2009/3274/2009 2079/3265/2079
f 2009/3275/2009 1937/2800/1937 2079/3012/2079
f 2065/3059/2065 2078/3060/2078 1936/2797/1936
f 2066/3057/2066 2359/3276/2359 2065/3058/2065
f 2067/3056/2067 2360/3277/2360 2066/3057/2066
f 2068/3055/2068 2362/3278/2362 2067/3056/2067
f 2069/3054/2069 2365/3279/2365 2068/3055/2068
f 2070/3053/2070 2369/3280/2369 2069/3054/2069
f 2071/2780/2071 2374/3281/2374 2070/3053/2070
f 2065/3058/2065 2359/3276/2359 2078/3282/2078
f 2359/3276/2359 2077/3283/2077 2078/3282/2078
f 2066/3057/2066 2360/3277/2360 2359/3276/2359
f 2360/3277/2360 2361/3284/2361 2359/3276/2359
f 2359/3276/2359 2361/3284/2361 2077/3283/2077
f 2361/3284/2361 2076/3285/2076 2077/3283/2077
f 2067/3056/2067 2362/3278/2362 2360/3277/2360
f 2362/3278/2362 2363/3286/2363 2360/3277/2360
f 2360/3277/2360 2363/3286/2363 2361/3284/2361
f 2363/3286/2363 2364/3287/2364 2361/3284/2361
f 2361/3284/2361 2364/3287/2364 2076/3285/2076
f 2364/3287/2364 2075/3070/2075 2076/3285/2076
f 2068/3055/2068 2365/3279/2365 2362/3278/2362
f 2365/3279/2365 2366/3288/2366 2362/3278/2362
f 2362/3278/2362 2366/3288/2366 2363/3286/2363
f 2366/3288/2366 2367/3289/2367 2363/3286/2363
f 2363/3286/2363 2367/3289/2367 2364/3287/2364
f 2367/3289/2367 2368/3290/2368 2364/3287/2364
f 2364/3287/2364 2368/3290/2368 2075/3070/2075
f 2368/3290/2368 2074/3068/2074 2075/3070/2075
f 2069/3054/2069 2369/3280/2369 2365/3279/2365
f 2369/3280/2369 2370/3291/2370 2365/3279/2365
f 2365/3279/2365 2370/3291/2370 2366/3288/2366
f 2370/3291/2370 2371/3292/2371 2366/3288/2366
f 2366/3288/2366 2371/3292/2371 2367/3289/2367
f 2371/3292/2371 2372/3293/2372 2367/3289/2367
f 2367/3289/2367 2372/3293/2372 2368/3290/2368
f 2372/3293/2372 2373/3294/2373 2368/3290/2368
f 2368/3290/2368 2373/3294/2373 2074/3068/2074
f 2373/3294/2373 2073/3071/2073 2074/3068/2074
f 2070/3053/2070 2374/3281/2374 2369/3280/2369
f 2374/3281/2374 2375/3295/2375 2369/3280/2369
f 2369/3280/2369 2375/3295/2375 2370/3291/2370
f 2375/3295/2375 2376/3296/2376 2370/3291/2370
f 2370/3291/2370 2376/3296/2376 2371/3292/2371
f 2376/3296/2376 2377/3297/2377 2371/3292/2371
f 2371/3292/2371 2377/3297/2377 2372/3293/2372
f 2377/3297/2377 2378/3298/2378 2372/3293/2372
f 2372/3293/2372 2378/3298/2378 2373/3294/2373
f 2378/3298/2378 2379/3299/2379 2373/3294/2373
f 2373/3294/2373 2379/3299/2379 2073/3071/2073
f 2379/3299/2379 2072/3300/2072 2073/3071/2073
f 2071/2780/2071 2008/2779/2008 2374/3281/2374
f 2008/2779/2008 2007/3301/2007 2374/3281/2374
f 2374/3281/2374 2007/3301/2007 2375/3295/2375
f 2007/3301/2007 2006/3302/2006 2375/3295/2375
f 2375/3295/2375 2006/3302/2006 2376/3296/2376
f 2006/3302/2006 2005/3303/2005 2376/3296/2376
f 2376/3296/2376 2005/3303/2005 2377/3297/2377
f 2005/3303/2005 2004/3304/2004 2377/3297/2377
f 2377/3297/2377 2004/3304/2004 2378/3298/2378
f 2004/3304/2004 2003/3305/2003 2378/3298/2378
f 2378/3298/2378 2003/3305/2003 2379/3299/2379
f 2003/3305/2003 2002/3306/2002 2379/3299/2379
f 2379/3299/2379 2002/3306/2002 2072/3300/2072
f 2002/3306/2002 1931/3307/1931 2072/3300/2072
f 2051/3109/2051 2064/3110/2064 1935/2794/1935
f 2052/3108/2052 2380/3308/2380 2051/3109/2051
f 2053/3107/2053 2381/3309/2381 2052/3108/2052
f 2054/3106/2054 2383/3310/2383 2053/3107/2053
f 2055/3105/2055 2386/3311/2386 2054/3106/2054
f 2056/3104/2056 2390/3312/2390 2055/3105/2055
f 2057/2777/2057 2395/3313/2395 2056/3104/2056
f 2051/3109/2051 2380/3308/2380 2064/3110/2064
f 2380/3308/2380 2063/3111/2063 2064/3110/2064
f 2052/3108/2052 2381/3309/2381 2380/3308/2380
f 2381/3309/2381 2382/3314/2382 2380/3308/2380
f 2380/3308/2380 2382/3314/2382 2063/3111/2063
f 2382/3314/2382 2062/3113/2062 2063/3111/2063
f 2053/3107/2053 2383/3310/2383 2381/3309/2381
f 2383/3310/2383 2384/3315/2384 2381/3309/2381
f 2381/3309/2381 2384/3315/2384 2382/3314/2382
f 2384/3315/2384 2385/3316/2385 2382/3314/2382
f 2382/3314/2382 2385/3316/2385 2062/3113/2062
f 2385/3316/2385 2061/3115/2061 2062/3113/2062
f 2054/3106/2054 2386/3311/2386 2383/3310/2383
f 2386/3311/2386 2387/3317/2387 2383/3310/2383
f 2383/3310/2383 2387/3317/2387 2384/3315/2384
f 2387/3317/2387 2388/3318/2388 2384/3315/2384
f 2384/3315/2384 2388/3318/2388 2385/3316/2385
f 2388/3318/2388 2389/3319/2389 2385/3316/2385
f 2385/3316/2385 2389/3319/2389 2061/3115/2061
f 2389/3319/2389 2060/3117/2060 2061/3115/2061
f 2055/3105/2055 2390/3312/2390 2386/3311/2386
f 2390/3312/2390 2391/3320/2391 2386/3311/2386
f 2386/3311/2386 2391/3320/2391 2387/3317/2387
f 2391/3320/2391 2392/3321/2392 2387/3317/2387
f 2387/3317/2387 2392/3321/2392 2388/3318/2388
f 2392/3321/2392 2393/3322/2393 2388/3318/2388
f 2388/3318/2388 2393/3322/2393 2389/3319/2389
f 2393/3322/2393 2394/3323/2394 2389/3319/2389
f 2389/3319/2389 2394/3323/2394 2060/3117/2060
f 2394/3323/2394 2059/3119/2059 2060/3117/2060
f 2056/3104/2056 2395/3313/2395 2390/3312/2390
f 2395/3313/2395 2396/3324/2396 2390/3312/2390
f 2390/3312/2390 2396/3324/2396 2391/3320/2391
f 2396/3324/2396 2397/3325/2397 2391/3320/2391
f 2391/3320/2391 2397/3325/2397 2392/3321/2392
f 2397/3325/2397 2398/3326/2398 2392/3321/2392
f 2392/3321/2392 2398/3326/2398 2393/3322/2393
f 2398/3327/2398 2399/3328/2399 2393/3329/2393
f 2393/3329/2393 2399/3328/2399 2394/3330/2394
f 2399/3328/2399 2400/3331/2400 2394/3330/2394
f 2394/3330/2394 2400/3331/2400 2059/3123/2059
f 2400/3331/2400 2058/3121/2058 2059/3123/2059
f 2057/3332/2057 2001/3333/2001 2395/3334/2395
f 2001/3333/2001 2000/3335/2000 2395/3334/2395
f 2395/3334/2395 2000/3335/2000 2396/3336/2396
f 2000/3337/2000 1999/3338/1999 2396/3324/2396
f 2396/3324/2396 1999/3338/1999 2397/3325/2397
f 1999/3339/1999 1998/3340/1998 2397/3341/2397
f 2397/3325/2397 1998/3342/1998 2398/3326/2398
f 1998/3340/1998 1997/3343/1997 2398/3327/2398
f 2398/3327/2398 1997/3343/1997 2399/3328/2399
f 1997/3343/1997 1996/3344/1996 2399/3328/2399
f 2399/3328/2399 1996/3344/1996 2400/3331/2400
f 1996/3344/1996 1995/3345/1995 2400/3331/2400
f 2400/3331/2400 1995/3345/1995 2058/3121/2058
f 1995/3345/1995 1930/3346/1930 2058/3121/2058
f 2037/3160/2037 2050/3161/2050 1934/2791/1934
f 2038/3159/2038 2401/3347/2401 2037/3160/2037
f 2039/3158/2039 2402/3348/2402 2038/3159/2038
f 2040/3157/2040 2404/3349/2404 2039/3158/2039
f 2041/3156/2041 2407/3350/2407 2040/3157/2040
f 2042/3155/2042 2411/3351/2411 2041/3156/2041
f 2043/3150/2043 2416/3352/2416 2042/3151/2042
f 2037/3160/2037 2401/3347/2401 2050/3161/2050
f 2401/3347/2401 2049/3162/2049 2050/3161/2050
f 2038/3159/2038 2402/3348/2402 2401/3347/2401
f 2402/3348/2402 2403/3353/2403 2401/3347/2401
f 2401/3347/2401 2403/3353/2403 2049/3162/2049
f 2403/3353/2403 2048/3164/2048 2049/3162/2049
f 2039/3158/2039 2404/3349/2404 2402/3348/2402
f 2404/3349/2404 2405/3354/2405 2402/3348/2402
f 2402/3348/2402 2405/3354/2405 2403/3353/2403
f 2405/3354/2405 2406/3355/2406 2403/3353/2403
f 2403/3353/2403 2406/3355/2406 2048/3164/2048
f 2406/3355/2406 2047/3166/2047 2048/3164/2048
f 2040/3157/2040 2407/3350/2407 2404/3349/2404
f 2407/3350/2407 2408/3356/2408 2404/3349/2404
f 2404/3349/2404 2408/3356/2408 2405/3354/2405
f 2408/3356/2408 2409/3357/2409 2405/3354/2405
f 2405/3354/2405 2409/3357/2409 2406/3355/2406
f 2409/3357/2409 2410/3358/2410 2406/3355/2406
f 2406/3355/2406 2410/3358/2410 2047/3166/2047
f 2410/3358/2410 2046/3168/2046 2047/3166/2047
f 2041/3156/2041 2411/3351/2411 2407/3350/2407
f 2411/3351/2411 2412/3359/2412 2407/3350/2407
f 2407/3350/2407 2412/3359/2412 2408/3356/2408
f 2412/3359/2412 2413/3360/2413 2408/3356/2408
f 2408/3356/2408 2413/3360/2413 2409/3357/2409
f 2413/3360/2413 2414/3361/2414 2409/3357/2409
f 2409/3357/2409 2414/3361/2414 2410/3358/2410
f 2414/3362/2414 2415/3363/2415 2410/3364/2410
f 2410/3364/2410 2415/3363/2415 2046/3172/2046
f 2415/3363/2415 2045/3170/2045 2046/3172/2046
f 2042/3151/2042 2416/3352/2416 2411/3365/2411
f 2416/3352/2416 2417/3366/2417 2411/3365/2411
f 2411/3365/2411 2417/3366/2417 2412/3367/2412
f 2417/3366/2417 2418/3368/2418 2412/3367/2412
f 2412/3359/2412 2418/3369/2418 2413/3360/2413
f 2418/3370/2418 2419/3371/2419 2413/3372/2413
f 2413/3372/2413 2419/3371/2419 2414/3362/2414
f 2419/3371/2419 2420/3373/2420 2414/3362/2414
f 2414/3362/2414 2420/3373/2420 2415/3363/2415
f 2420/3373/2420 2421/3374/2421 2415/3363/2415
f 2415/3363/2415 2421/3374/2421 2045/3170/2045
f 2421/3375/2421 2044/3173/2044 2045/3175/2045
f 2043/3150/2043 1987/3376/1987 2416/3352/2416
f 1987/3376/1987 1986/3377/1986 2416/3352/2416
f 2416/3352/2416 1986/3377/1986 2417/3366/2417
f 1986/3377/1986 1985/3378/1985 2417/3366/2417
f 2417/3366/2417 1985/3378/1985 2418/3368/2418
f 1985/3378/1985 1984/3379/1984 2418/3368/2418
f 2418/3368/2418 1984/3379/1984 2419/3380/2419
f 1984/3379/1984 1983/3381/1983 2419/3380/2419
f 2419/3371/2419 1983/3382/1983 2420/3373/2420
f 1983/3382/1983 1982/3383/1982 2420/3373/2420
f 2420/3373/2420 1982/3383/1982 2421/3374/2421
f 1982/3383/1982 1981/3384/1981 2421/3374/2421
f 2421/3374/2421 1981/3384/1981 2044/2784/2044
f 1981/3384/1981 1929/2769/1929 2044/2784/2044
f 2023/3385/2023 2036/3216/2036 1933/3218/1933
f 2024/3386/2024 2422/3387/2422 2023/3388/2023
f 2025/3389/2025 2423/3390/2423 2024/3391/2024
f 2026/3202/2026 2425/3392/2425 2025/3393/2025
f 2027/3200/2027 2428/3394/2428 2026/3202/2026
f 2028/3198/2028 2432/3395/2432 2027/3200/2027
f 2029/2771/2029 2437/3396/2437 2028/3198/2028
f 2023/3385/2023 2422/3397/2422 2036/3216/2036
f 2422/3397/2422 2035/3219/2035 2036/3216/2036
f 2024/3398/2024 2423/3399/2423 2422/3397/2422
f 2423/3399/2423 2424/3400/2424 2422/3397/2422
f 2422/3397/2422 2424/3400/2424 2035/3219/2035
f 2424/3401/2424 2034/3221/2034 2035/3223/2035
f 2025/3393/2025 2425/3392/2425 2423/3402/2423
f 2425/3403/2425 2426/3404/2426 2423/3405/2423
f 2423/3406/2423 2426/3407/2426 2424/3408/2424
f 2426/3409/2426 2427/3410/2427 2424/3401/2424
f 2424/3411/2424 2427/3412/2427 2034/3413/2034
f 2427/3410/2427 2033/3224/2033 2034/3221/2034
f 2026/3202/2026 2428/3394/2428 2425/3392/2425
f 2428/3394/2428 2429/3414/2429 2425/3392/2425
f 2425/3392/2425 2429/3414/2429 2426/3415/2426
f 2429/3414/2429 2430/3416/2430 2426/3415/2426
f 2426/3409/2426 2430/3417/2430 2427/3410/2427
f 2430/3417/2430 2431/3418/2431 2427/3410/2427
f 2427/3410/2427 2431/3418/2431 2033/3224/2033
f 2431/3418/2431 2032/3226/2032 2033/3224/2033
f 2027/3200/2027 2432/3395/2432 2428/3394/2428
f 2432/3395/2432 2433/3419/2433 2428/3394/2428
f 2428/3394/2428 2433/3419/2433 2429/3414/2429
f 2433/3419/2433 2434/3420/2434 2429/3414/2429
f 2429/3414/2429 2434/3420/2434 2430/3416/2430
f 2434/3420/2434 2435/3421/2435 2430/3416/2430
f 2430/3417/2430 2435/3422/2435 2431/3418/2431
f 2435/3421/2435 2436/3423/2436 2431/3424/2431
f 2431/3418/2431 2436/3425/2436 2032/3226/2032
f 2436/3425/2436 2031/3228/2031 2032/3226/2032
f 2028/3198/2028 2437/3396/2437 2432/3395/2432
f 2437/3396/2437 2438/3426/2438 2432/3395/2432
f 2432/3395/2432 2438/3426/2438 2433/3419/2433
f 2438/3426/2438 2439/3427/2439 2433/3419/2433
f 2433/3419/2433 2439/3427/2439 2434/3420/2434
f 2439/3427/2439 2440/3428/2440 2434/3420/2434
f 2434/3420/2434 2440/3428/2440 2435/3421/2435
f 2440/3428/2440 2441/3429/2441 2435/3421/2435
f 2435/3421/2435 2441/3429/2441 2436/3423/2436
f 2441/3429/2441 2442/3430/2442 2436/3423/2436
f 2436/3425/2436 2442/3431/2442 2031/3228/2031
f 2442/3431/2442 2030/3230/2030 2031/3228/2031
f 2029/2771/2029 1959/2770/1959 2437/3396/2437
f 1959/2770/1959 1958/3432/1958 2437/3396/2437
f 2437/3396/2437 1958/3432/1958 2438/3426/2438
f 1958/3432/1958 1957/3433/1957 2438/3426/2438
f 2438/3426/2438 1957/3433/1957 2439/3427/2439
f 1957/3433/1957 1956/3434/1956 2439/3427/2439
f 2439/3427/2439 1956/3434/1956 2440/3428/2440
f 1956/3434/1956 1955/3435/1955 2440/3428/2440
f 2440/3428/2440 1955/3435/1955 2441/3429/2441
f 1955/3435/1955 1954/3436/1954 2441/3429/2441
f 2441/3429/2441 1954/3436/1954 2442/3430/2442
f 1954/3436/1954 1953/3437/1953 2442/3430/2442
f 2442/3431/2442 1953/3438/1953 2030/3230/2030
f 1953/3438/1953 1928/2760/1928 2030/3230/2030
f 2009/3275/2009 2022/3439/2022 1937/2800/1937
f 2010/3271/2010 2443/3440/2443 2009/3274/2009
f 2011/3270/2011 2444/3441/2444 2010/3271/2010
f 2012/3269/2012 2446/3442/2446 2011/3270/2011
f 2013/3268/2013 2449/3443/2449 2012/3269/2012
f 2014/3267/2014 2453/3444/2453 2013/3268/2013
f 2015/3266/2015 2458/3445/2458 2014/3267/2014
f 2009/3275/2009 2443/3446/2443 2022/3439/2022
f 2443/3446/2443 2021/3447/2021 2022/3439/2022
f 2010/3271/2010 2444/3441/2444 2443/3440/2443
f 2444/3441/2444 2445/3448/2445 2443/3440/2443
f 2443/3449/2443 2445/3450/2445 2021/3451/2021
f 2445/3450/2445 2020/3022/2020 2021/3451/2021
f 2011/3270/2011 2446/3442/2446 2444/3441/2444
f 2446/3442/2446 2447/3452/2447 2444/3441/2444
f 2444/3441/2444 2447/3452/2447 2445/3448/2445
f 2447/3452/2447 2448/3453/2448 2445/3448/2445
f 2445/3450/2445 2448/3454/2448 2020/3022/2020
f 2448/3454/2448 2019/3020/2019 2020/3022/2020
f 2012/3269/2012 2449/3443/2449 2446/3442/2446
f 2449/3455/2449 2450/3456/2450 2446/3457/2446
f 2446/3442/2446 2450/3458/2450 2447/3452/2447
f 2450/3458/2450 2451/3459/2451 2447/3452/2447
f 2447/3452/2447 2451/3459/2451 2448/3453/2448
f 2451/3460/2451 2452/3461/2452 2448/3454/2448
f 2448/3454/2448 2452/3461/2452 2019/3020/2019
f 2452/3461/2452 2018/3023/2018 2019/3020/2019
f 2013/3268/2013 2453/3444/2453 2449/3443/2449
f 2453/3444/2453 2454/3462/2454 2449/3443/2449
f 2449/3455/2449 2454/3463/2454 2450/3456/2450
f 2454/3462/2454 2455/3464/2455 2450/3458/2450
f 2450/3458/2450 2455/3464/2455 2451/3459/2451
f 2455/3464/2455 2456/3465/2456 2451/3459/2451
f 2451/3460/2451 2456/3466/2456 2452/3461/2452
f 2456/3466/2456 2457/3467/2457 2452/3461/2452
f 2452/3461/2452 2457/3467/2457 2018/3023/2018
f 2457/3467/2457 2017/3025/2017 2018/3023/2018
f 2014/3267/2014 2458/3445/2458 2453/3444/2453
f 2458/3445/2458 2459/3468/2459 2453/3444/2453
f 2453/3444/2453 2459/3468/2459 2454/3462/2454
f 2459/3468/2459 2460/3469/2460 2454/3462/2454
f 2454/3462/2454 2460/3469/2460 2455/3464/2455
f 2460/3469/2460 2461/3470/2461 2455/3464/2455
f 2455/3464/2455 2461/3470/2461 2456/3465/2456
f 2461/3471/2461 2462/3472/2462 2456/3466/2456
f 2456/3466/2456 2462/3472/2462 2457/3467/2457
f 2462/3472/2462 2463/3473/2463 2457/3467/2457
f 2457/3467/2457 2463/3473/2463 2017/3025/2017
f 2463/3473/2463 2016/2787/2016 2017/3025/2017
f 2015/3266/2015 1966/2762/1966 2458/3445/2458
f 1966/2762/1966 1965/3474/1965 2458/3445/2458
f 2458/3445/2458 1965/3474/1965 2459/3468/2459
f 1965/3474/1965 1964/3475/1964 2459/3468/2459
f 2459/3468/2459 1964/3475/1964 2460/3469/2460
f 1964/3475/1964 1963/3476/1963 2460/3469/2460
f 2460/3469/2460 1963/3476/1963 2461/3470/2461
f 1963/3476/1963 1962/3477/1962 2461/3470/2461
f 2461/3471/2461 1962/3478/1962 2462/3472/2462
f 1962/3478/1962 1961/3479/1961 2462/3472/2462
f 2462/3472/2462 1961/3479/1961 2463/3473/2463
f 1961/3479/1961 1960/3480/1960 2463/3473/2463
f 2463/3473/2463 1960/3480/1960 2016/2787/2016
f 1960/3480/1960 1932/2778/1932 2016/2787/2016
f 1973/3481/1973 2008/2779/2008 1932/2778/1932
f 1972/3482/1972 2464/3483/2464 1973/3481/1973
f 1971/3484/1971 2465/3485/2465 1972/3482/1972
f 1970/3486/1970 2467/3487/2467 1971/3488/1971
f 1969/3489/1969 2470/3490/2470 1970/3486/1970
f 1968/3491/1968 2474/3492/2474 1969/3489/1969
f 1967/2765/1967 2479/3493/2479 1968/3491/1968
f 1973/3481/1973 2464/3483/2464 2008/2779/2008
f 2464/3483/2464 2007/3301/2007 2008/2779/2008
f 1972/3482/1972 2465/3485/2465 2464/3483/2464
f 2465/3485/2465 2466/3494/2466 2464/3483/2464
f 2464/3483/2464 2466/3494/2466 2007/3301/2007
f 2466/3494/2466 2006/3302/2006 2007/3301/2007
f 1971/3488/1971 2467/3487/2467 2465/3495/2465
f 2467/3487/2467 2468/3496/2468 2465/3495/2465
f 2465/3485/2465 2468/3497/2468 2466/3494/2466
f 2468/3497/2468 2469/3498/2469 2466/3494/2466
f 2466/3494/2466 2469/3498/2469 2006/3302/2006
f 2469/3498/2469 2005/3303/2005 2006/3302/2006
f 1970/3486/1970 2470/3490/2470 2467/3487/2467
f 2470/3490/2470 2471/3499/2471 2467/3487/2467
f 2467/3487/2467 2471/3499/2471 2468/3496/2468
f 2471/3499/2471 2472/3500/2472 2468/3496/2468
f 2468/3497/2468 2472/3501/2472 2469/3498/2469
f 2472/3501/2472 2473/3502/2473 2469/3498/2469
f 2469/3498/2469 2473/3502/2473 2005/3303/2005
f 2473/3502/2473 2004/3304/2004 2005/3303/2005
f 1969/3489/1969 2474/3492/2474 2470/3490/2470
f 2474/3492/2474 2475/3503/2475 2470/3490/2470
f 2470/3490/2470 2475/3503/2475 2471/3499/2471
f 2475/3503/2475 2476/3504/2476 2471/3499/2471
f 2471/3499/2471 2476/3504/2476 2472/3500/2472
f 2476/3504/2476 2477/3505/2477 2472/3500/2472
f 2472/3501/2472 2477/3506/2477 2473/3502/2473
f 2477/3506/2477 2478/3507/2478 2473/3502/2473
f 2473/3502/2473 2478/3507/2478 2004/3304/2004
f 2478/3507/2478 2003/3305/2003 2004/3304/2004
f 1968/3491/1968 2479/3493/2479 2474/3492/2474
f 2479/3493/2479 2480/3508/2480 2474/3492/2474
f 2474/3492/2474 2480/3508/2480 2475/3503/2475
f 2480/3508/2480 2481/3509/2481 2475/3503/2475
f 2475/3503/2475 2481/3509/2481 2476/3504/2476
f 2481/3509/2481 2482/3510/2482 2476/3504/2476
f 2476/3504/2476 2482/3510/2482 2477/3505/2477
f 2482/3510/2482 2483/3511/2483 2477/3505/2477
f 2477/3506/2477 2483/3512/2483 2478/3507/2478
f 2483/3513/2483 2484/3514/2484 2478/3515/2478
f 2478/3515/2478 2484/3514/2484 2003/3516/2003
f 2484/3514/2484 2002/3517/2002 2003/3516/2003
f 1967/2765/1967 1994/2764/1994 2479/3493/2479
f 1994/2764/1994 1993/3518/1993 2479/3493/2479
f 2479/3493/2479 1993/3518/1993 2480/3508/2480
f 1993/3518/1993 1992/3519/1992 2480/3508/2480
f 2480/3508/2480 1992/3519/1992 2481/3509/2481
f 1992/3519/1992 1991/3520/1991 2481/3509/2481
f 2481/3509/2481 1991/3520/1991 2482/3510/2482
f 1991/3520/1991 1990/3521/1990 2482/3510/2482
f 2482/3522/2482 1990/3523/1990 2483/3524/2483
f 1990/3523/1990 1989/3525/1989 2483/3524/2483
f 2483/3513/2483 1989/3526/1989 2484/3514/2484
f 1989/3527/1989 1988/3528/1988 2484/3529/2484
f 2484/3514/2484 1988/3530/1988 2002/3517/2002
f 1988/3530/1988 1931/3531/1931 2002/3517/2002
f 1988/3530/1988 2001/3532/2001 1931/3531/1931
f 1989/3527/1989 2485/3533/2485 1988/3528/1988
f 1990/3521/1990 2486/3534/2486 1989/3535/1989
f 1991/3520/1991 2488/3536/2488 1990/3521/1990
f 1992/3519/1992 2491/3537/2491 1991/3520/1991
f 1993/3518/1993 2495/3538/2495 1992/3519/1992
f 1994/2764/1994 2500/3539/2500 1993/3518/1993
f 1988/3528/1988 2485/3533/2485 2001/3540/2001
f 2485/3541/2485 2000/3542/2000 2001/3543/2001
f 1989/3535/1989 2486/3534/2486 2485/3544/2485
f 2486/3534/2486 2487/3545/2487 2485/3544/2485
f 2485/3544/2485 2487/3545/2487 2000/3546/2000
f 2487/3545/2487 1999/3339/1999 2000/3546/2000
f 1990/3521/1990 2488/3536/2488 2486/3534/2486
f 2488/3536/2488 2489/3547/2489 2486/3534/2486
f 2486/3534/2486 2489/3547/2489 2487/3545/2487
f 2489/3547/2489 2490/3548/2490 2487/3545/2487
f 2487/3545/2487 2490/3548/2490 1999/3339/1999
f 2490/3548/2490 1998/3340/1998 1999/3339/1999
f 1991/3520/1991 2491/3537/2491 2488/3536/2488
f 2491/3537/2491 2492/3549/2492 2488/3536/2488
f 2488/3536/2488 2492/3549/2492 2489/3547/2489
f 2492/3549/2492 2493/3550/2493 2489/3547/2489
f 2489/3547/2489 2493/3550/2493 2490/3548/2490
f 2493/3550/2493 2494/3551/2494 2490/3548/2490
f 2490/3548/2490 2494/3551/2494 1998/3340/1998
f 2494/3551/2494 1997/3343/1997 1998/3340/1998
f 1992/3519/1992 2495/3538/2495 2491/3537/2491
f 2495/3538/2495 2496/3552/2496 2491/3537/2491
f 2491/3537/2491 2496/3552/2496 2492/3549/2492
f 2496/3552/2496 2497/3553/2497 2492/3549/2492
f 2492/3549/2492 2497/3553/2497 2493/3550/2493
f 2497/3553/2497 2498/3554/2498 2493/3550/2493
f 2493/3550/2493 2498/3554/2498 2494/3551/2494
f 2498/3554/2498 2499/3555/2499 2494/3551/2494
f 2494/3551/2494 2499/3555/2499 1997/3343/1997
f 2499/3555/2499 1996/3344/1996 1997/3343/1997
f 1993/3518/1993 2500/3539/2500 2495/3538/2495
f 2500/3539/2500 2501/3556/2501 2495/3538/2495
f 2495/3538/2495 2501/3556/2501 2496/3552/2496
f 2501/3556/2501 2502/3557/2502 2496/3552/2496
f 2496/3552/2496 2502/3557/2502 2497/3553/2497
f 2502/3557/2502 2503/3558/2503 2497/3553/2497
f 2497/3553/2497 2503/3558/2503 2498/3554/2498
f 2503/3558/2503 2504/3559/2504 2498/3554/2498
f 2498/3554/2498 2504/3559/2504 2499/3555/2499
f 2504/3559/2504 2505/3560/2505 2499/3555/2499
f 2499/3555/2499 2505/3560/2505 1996/3344/1996
f 2505/3560/2505 1995/3345/1995 1996/3344/1996
f 1994/2764/1994 1980/2763/1980 2500/3539/2500
f 1980/2763/1980 1979/3561/1979 2500/3539/2500
f 2500/3539/2500 1979/3561/1979 2501/3556/2501
f 1979/3561/1979 1978/3562/1978 2501/3556/2501
f 2501/3556/2501 1978/3562/1978 2502/3557/2502
f 1978/3562/1978 1977/3563/1977 2502/3557/2502
f 2502/3557/2502 1977/3563/1977 2503/3558/2503
f 1977/3563/1977 1976/3564/1976 2503/3558/2503
f 2503/3558/2503 1976/3564/1976 2504/3559/2504
f 1976/3564/1976 1975/3565/1975 2504/3559/2504
f 2504/3559/2504 1975/3565/1975 2505/3560/2505
f 1975/3565/1975 1974/3566/1974 2505/3560/2505
f 2505/3560/2505 1974/3566/1974 1995/3345/1995
f 1974/3566/1974 1930/3346/1930 1995/3345/1995
f 1974/3566/1974 1987/3376/1987 1930/3346/1930
f 1975/3565/1975 2506/3567/2506 1974/3566/1974
f 1976/3564/1976 2507/3568/2507 1975/3565/1975
f 1977/3563/1977 2509/3569/2509 1976/3564/1976
f 1978/3562/1978 2512/3570/2512 1977/3563/1977
f 1979/3561/1979 2516/3571/2516 1978/3562/1978
f 1980/2763/1980 2521/3572/2521 1979/3561/1979
f 1974/3566/1974 2506/3567/2506 1987/3376/1987
f 2506/3567/2506 1986/3377/1986 1987/3376/1987
f 1975/3565/1975 2507/3568/2507 2506/3567/2506
f 2507/3568/2507 2508/3573/2508 2506/3567/2506
f 2506/3567/2506 2508/3573/2508 1986/3377/1986
f 2508/3573/2508 1985/3378/1985 1986/3377/1986
f 1976/3564/1976 2509/3569/2509 2507/3568/2507
f 2509/3569/2509 2510/3574/2510 2507/3568/2507
f 2507/3568/2507 2510/3574/2510 2508/3573/2508
f 2510/3574/2510 2511/3575/2511 2508/3573/2508
f 2508/3573/2508 2511/3575/2511 1985/3378/1985
f 2511/3575/2511 1984/3379/1984 1985/3378/1985
f 1977/3563/1977 2512/3570/2512 2509/3569/2509
f 2512/3570/2512 2513/3576/2513 2509/3569/2509
f 2509/3569/2509 2513/3576/2513 2510/3574/2510
f 2513/3576/2513 2514/3577/2514 2510/3574/2510
f 2510/3574/2510 2514/3577/2514 2511/3575/2511
f 2514/3577/2514 2515/3578/2515 2511/3575/2511
f 2511/3575/2511 2515/3578/2515 1984/3379/1984
f 2515/3578/2515 1983/3381/1983 1984/3379/1984
f 1978/3562/1978 2516/3571/2516 2512/3570/2512
f 2516/3571/2516 2517/3579/2517 2512/3570/2512
f 2512/3570/2512 2517/3579/2517 2513/3576/2513
f 2517/3579/2517 2518/3580/2518 2513/3576/2513
f 2513/3576/2513 2518/3580/2518 2514/3577/2514
f 2518/3580/2518 2519/3581/2519 2514/3577/2514
f 2514/3577/2514 2519/3581/2519 2515/3578/2515
f 2519/3582/2519 2520/3583/2520 2515/3584/2515
f 2515/3578/2515 2520/3585/2520 1983/3381/1983
f 2520/3583/2520 1982/3383/1982 1983/3382/1983
f 1979/3561/1979 2521/3572/2521 2516/3571/2516
f 2521/3572/2521 2522/3586/2522 2516/3571/2516
f 2516/3571/2516 2522/3586/2522 2517/3579/2517
f 2522/3586/2522 2523/3587/2523 2517/3579/2517
f 2517/3579/2517 2523/3587/2523 2518/3580/2518
f 2523/3587/2523 2524/3588/2524 2518/3580/2518
f 2518/3580/2518 2524/3588/2524 2519/3581/2519
f 2524/3589/2524 2525/3590/2525 2519/3582/2519
f 2519/3582/2519 2525/3590/2525 2520/3583/2520
f 2525/3590/2525 2526/3591/2526 2520/3583/2520
f 2520/3583/2520 2526/3591/2526 1982/3383/1982
f 2526/3591/2526 1981/3384/1981 1982/3383/1982
f 1980/2763/1980 1945/2759/1945 2521/3572/2521
f 1945/2759/1945 1944/3592/1944 2521/3572/2521
f 2521/3572/2521 1944/3592/1944 2522/3586/2522
f 1944/3592/1944 1943/3593/1943 2522/3586/2522
f 2522/3586/2522 1943/3593/1943 2523/3587/2523
f 1943/3593/1943 1942/3594/1942 2523/3587/2523
f 2523/3587/2523 1942/3594/1942 2524/3588/2524
f 1942/3594/1942 1941/3595/1941 2524/3588/2524
f 2524/3589/2524 1941/3596/1941 2525/3590/2525
f 1941/3596/1941 1940/3597/1940 2525/3590/2525
f 2525/3590/2525 1940/3597/1940 2526/3591/2526
f 1940/3597/1940 1939/3598/1939 2526/3591/2526
f 2526/3591/2526 1939/3598/1939 1981/3384/1981
f 1939/3598/1939 1929/2769/1929 1981/3384/1981
f 1960/3480/1960 1973/3481/1973 1932/2778/1932
f 1961/3479/1961 2527/3599/2527 1960/3480/1960
f 1962/3478/1962 2528/3600/2528 1961/3479/1961
f 1963/3601/1963 2530/3602/2530 1962/3603/1962
f 1964/3604/1964 2533/3605/2533 1963/3601/1963
f 1965/3606/1965 2537/3607/2537 1964/3604/1964
f 1966/2762/1966 2542/3608/2542 1965/3474/1965
f 1960/3480/1960 2527/3599/2527 1973/3481/1973
f 2527/3599/2527 1972/3482/1972 1973/3481/1973
f 1961/3479/1961 2528/3600/2528 2527/3599/2527
f 2528/3600/2528 2529/3609/2529 2527/3599/2527
f 2527/3599/2527 2529/3609/2529 1972/3482/1972
f 2529/3609/2529 1971/3484/1971 1972/3482/1972
f 1962/3603/1962 2530/3602/2530 2528/3610/2528
f 2530/3602/2530 2531/3611/2531 2528/3610/2528
f 2528/3610/2528 2531/3611/2531 2529/3612/2529
f 2531/3611/2531 2532/3613/2532 2529/3612/2529
f 2529/3612/2529 2532/3613/2532 1971/3488/1971
f 2532/3613/2532 1970/3486/1970 1971/3488/1971
f 1963/3601/1963 2533/3605/2533 2530/3602/2530
f 2533/3605/2533 2534/3614/2534 2530/3602/2530
f 2530/3602/2530 2534/3614/2534 2531/3611/2531
f 2534/3614/2534 2535/3615/2535 2531/3611/2531
f 2531/3611/2531 2535/3615/2535 2532/3613/2532
f 2535/3615/2535 2536/3616/2536 2532/3613/2532
f 2532/3613/2532 2536/3616/2536 1970/3486/1970
f 2536/3616/2536 1969/3489/1969 1970/3486/1970
f 1964/3604/1964 2537/3607/2537 2533/3605/2533
f 2537/3607/2537 2538/3617/2538 2533/3605/2533
f 2533/3605/2533 2538/3617/2538 2534/3614/2534
f 2538/3617/2538 2539/3618/2539 2534/3614/2534
f 2534/3614/2534 2539/3618/2539 2535/3615/2535
f 2539/3618/2539 2540/3619/2540 2535/3615/2535
f 2535/3615/2535 2540/3619/2540 2536/3616/2536
f 2540/3619/2540 2541/3620/2541 2536/3616/2536
f 2536/3616/2536 2541/3620/2541 1969/3489/1969
f 2541/3620/2541 1968/3491/1968 1969/3489/1969
f 1965/3606/1965 2542/3621/2542 2537/3607/2537
f 2542/3621/2542 2543/3622/2543 2537/3607/2537
f 2537/3607/2537 2543/3622/2543 2538/3617/2538
f 2543/3622/2543 2544/3623/2544 2538/3617/2538
f 2538/3617/2538 2544/3623/2544 2539/3618/2539
f 2544/3623/2544 2545/3624/2545 2539/3618/2539
f 2539/3618/2539 2545/3624/2545 2540/3619/2540
f 2545/3624/2545 2546/3625/2546 2540/3619/2540
f 2540/3619/2540 2546/3625/2546 2541/3620/2541
f 2546/3625/2546 2547/3626/2547 2541/3620/2541
f 2541/3620/2541 2547/3626/2547 1968/3491/1968
f 2547/3626/2547 1967/2765/1967 1968/3491/1968
f 1966/2762/1966 1952/2761/1952 2542/3608/2542
f 1952/2761/1952 1951/3627/1951 2542/3608/2542
f 2542/3621/2542 1951/3628/1951 2543/3622/2543
f 1951/3628/1951 1950/3629/1950 2543/3622/2543
f 2543/3622/2543 1950/3629/1950 2544/3623/2544
f 1950/3629/1950 1949/3630/1949 2544/3623/2544
f 2544/3623/2544 1949/3630/1949 2545/3624/2545
f 1949/3630/1949 1948/3631/1948 2545/3624/2545
f 2545/3624/2545 1948/3631/1948 2546/3625/2546
f 1948/3631/1948 1947/3632/1947 2546/3625/2546
f 2546/3625/2546 1947/3632/1947 2547/3626/2547
f 1947/3632/1947 1946/2758/1946 2547/3626/2547
f 2547/3626/2547 1946/2758/1946 1967/2765/1967
f 1946/2758/1946 1927/2757/1927 1967/2765/1967
f 1939/3598/1939 1959/2770/1959 1929/2769/1929
f 1940/3597/1940 2548/3633/2548 1939/3598/1939
f 1941/3596/1941 2549/3634/2549 1940/3597/1940
f 1942/3594/1942 2551/3635/2551 1941/3595/1941
f 1943/3593/1943 2554/3636/2554 1942/3594/1942
f 1944/3592/1944 2558/3637/2558 1943/3593/1943
f 1945/2759/1945 2563/3638/2563 1944/3592/1944
f 1939/3598/1939 2548/3633/2548 1959/2770/1959
f 2548/3633/2548 1958/3432/1958 1959/2770/1959
f 1940/3597/1940 2549/3634/2549 2548/3633/2548
f 2549/3634/2549 2550/3639/2550 2548/3633/2548
f 2548/3633/2548 2550/3639/2550 1958/3432/1958
f 2550/3639/2550 1957/3433/1957 1958/3432/1958
f 1941/3596/1941 2551/3640/2551 2549/3634/2549
f 2551/3640/2551 2552/3641/2552 2549/3634/2549
f 2549/3634/2549 2552/3641/2552 2550/3639/2550
f 2552/3641/2552 2553/3642/2553 2550/3639/2550
f 2550/3639/2550 2553/3642/2553 1957/3433/1957
f 2553/3642/2553 1956/3434/1956 1957/3433/1957
f 1942/3594/1942 2554/3636/2554 2551/3635/2551
f 2554/3636/2554 2555/3643/2555 2551/3635/2551
f 2551/3635/2551 2555/3643/2555 2552/3644/2552
f 2555/3643/2555 2556/3645/2556 2552/3644/2552
f 2552/3641/2552 2556/3646/2556 2553/3642/2553
f 2556/3646/2556 2557/3647/2557 2553/3642/2553
f 2553/3642/2553 2557/3647/2557 1956/3434/1956
f 2557/3647/2557 1955/3435/1955 1956/3434/1956
f 1943/3593/1943 2558/3637/2558 2554/3636/2554
f 2558/3637/2558 2559/3648/2559 2554/3636/2554
f 2554/3636/2554 2559/3648/2559 2555/3643/2555
f 2559/3648/2559 2560/3649/2560 2555/3643/2555
f 2555/3643/2555 2560/3649/2560 2556/3645/2556
f 2560/3649/2560 2561/3650/2561 2556/3645/2556
f 2556/3646/2556 2561/3651/2561 2557/3647/2557
f 2561/3651/2561 2562/3652/2562 2557/3647/2557
f 2557/3647/2557 2562/3652/2562 1955/3435/1955
f 2562/3652/2562 1954/3436/1954 1955/3435/1955
f 1944/3592/1944 2563/3638/2563 2558/3637/2558
f 2563/3638/2563 2564/3653/2564 2558/3637/2558
f 2558/3637/2558 2564/3653/2564 2559/3648/2559
f 2564/3653/2564 2565/3654/2565 2559/3648/2559
f 2559/3648/2559 2565/3654/2565 2560/3649/2560
f 2565/3654/2565 2566/3655/2566 2560/3649/2560
f 2560/3649/2560 2566/3655/2566 2561/3650/2561
f 2566/3655/2566 2567/3656/2567 2561/3650/2561
f 2561/3650/2561 2567/3656/2567 2562/3657/2562
f 2567/3658/2567 2568/3659/2568 2562/3660/2562
f 2562/3660/2562 2568/3659/2568 1954/3661/1954
f 2568/3662/2568 1953/3437/1953 1954/3436/1954
f 1945/2759/1945 1946/2758/1946 2563/3638/2563
f 1946/2758/1946 1947/3632/1947 2563/3638/2563
f 2563/3638/2563 1947/3632/1947 2564/3653/2564
f 1947/3632/1947 1948/3631/1948 2564/3653/2564
f 2564/3653/2564 1948/3631/1948 2565/3654/2565
f 1948/3631/1948 1949/3630/1949 2565/3654/2565
f 2565/3654/2565 1949/3630/1949 2566/3655/2566
f 1949/3630/1949 1950/3629/1950 2566/3655/2566
f 2566/3655/2566 1950/3629/1950 2567/3656/2567
f 1950/3629/1950 1951/3628/1951 2567/3656/2567
f 2567/3663/2567 1951/3664/1951 2568/3665/2568
f 1951/3627/1951 1952/2761/1952 2568/3666/2568
f 2568/3666/2568 1952/2761/1952 1953/3438/1953
f 1952/2761/1952 1928/2760/1928 1953/3438/1953
