# Blender 4.3.2
# www.blender.org
o sky_stone_1
v 0.000000 -0.097033 0.000000
v 0.226090 0.005388 0.151934
v -0.088090 0.003649 0.250770
v -0.267228 0.009181 0.000000
v -0.086872 0.004871 -0.247303
v 0.228359 0.004518 -0.153459
v 0.081235 0.173518 0.231255
v -0.227679 0.179266 0.153001
v -0.220652 0.176573 -0.148279
v 0.088282 0.180588 -0.251315
v 0.267995 0.175101 0.000000
v 0.000000 0.286536 0.000000
v -0.080857 -0.015007 0.230179
v -0.072748 -0.035357 0.207095
v -0.065157 -0.061042 0.185485
v -0.050918 -0.073282 0.144951
v -0.037945 -0.087911 0.108019
v -0.024631 -0.098446 0.070117
v -0.011363 -0.097810 0.032348
v 0.029655 -0.097203 0.019928
v 0.062462 -0.092471 0.041975
v 0.098416 -0.086231 0.066136
v 0.134688 -0.074992 0.090511
v 0.165932 -0.056866 0.111507
v 0.190199 -0.035182 0.127814
v 0.213548 -0.015946 0.143505
v 0.199451 -0.000364 0.174537
v 0.167522 -0.006054 0.198575
v 0.129877 -0.011279 0.223150
v 0.082341 -0.010081 0.234396
v 0.036291 -0.010021 0.248083
v -0.009332 -0.006029 0.251662
v -0.050915 -0.001231 0.251981
v 0.240411 -0.000100 -0.121168
v 0.252993 -0.004921 -0.085006
v 0.259252 -0.007319 -0.043555
v 0.263693 -0.009021 0.000000
v 0.263313 -0.008876 0.044237
v 0.263376 -0.008900 0.088495
v 0.246764 -0.002534 0.124370
v 0.029124 -0.093816 -0.019571
v 0.061182 -0.088688 -0.041114
v 0.097432 -0.084450 -0.065475
v 0.133866 -0.073973 -0.089958
v 0.166510 -0.057384 -0.111895
v 0.192386 -0.036645 -0.129284
v 0.209230 -0.013762 -0.140603
v -0.248699 -0.009702 0.000000
v -0.227243 -0.030930 0.000000
v -0.202428 -0.054923 0.000000
v -0.163604 -0.072103 0.000000
v -0.121928 -0.086639 0.000000
v -0.076776 -0.091437 0.000000
v -0.036729 -0.097581 0.000000
v -0.115593 0.001391 0.225029
v -0.143555 -0.000353 0.196594
v -0.178139 -0.005180 0.172389
v -0.208412 -0.006691 0.140055
v -0.228538 -0.003604 0.101756
v -0.245788 -0.000084 0.065340
v -0.264054 0.002426 0.031780
v -0.077766 -0.010914 -0.221379
v -0.068963 -0.028729 -0.196319
v -0.060298 -0.049627 -0.171652
v -0.048665 -0.065967 -0.138537
v -0.037033 -0.083588 -0.105424
v -0.023574 -0.090271 -0.067108
v -0.011419 -0.098735 -0.032506
v -0.261034 0.003451 -0.031416
v -0.246634 -0.000401 -0.065565
v -0.237745 -0.007456 -0.105856
v -0.213231 -0.008973 -0.143293
v -0.178880 -0.005584 -0.173106
v -0.144616 -0.001036 -0.198048
v -0.115286 0.001631 -0.224433
v -0.050594 -0.000643 -0.250393
v -0.009211 -0.004761 -0.248407
v 0.035677 -0.008296 -0.243890
v 0.082048 -0.009717 -0.233561
v 0.130404 -0.011699 -0.224057
v 0.171523 -0.008396 -0.203318
v 0.199291 -0.000290 -0.174397
v 0.278153 0.158275 0.019365
v 0.292703 0.139666 0.041777
v 0.295041 0.116652 0.064791
v 0.289882 0.092022 0.087118
v 0.283420 0.067080 0.109356
v 0.269237 0.043313 0.128134
v 0.247954 0.022806 0.141619
v 0.244339 0.023815 -0.139554
v 0.259086 0.045150 -0.123303
v 0.272031 0.068082 -0.104962
v 0.290156 0.092022 -0.087200
v 0.300974 0.117147 -0.066094
v 0.295932 0.140192 -0.042238
v 0.285591 0.160047 -0.019883
v 0.062944 0.155168 0.238913
v 0.044753 0.136919 0.254800
v 0.023786 0.115885 0.270851
v -0.000000 0.092022 0.288252
v -0.024955 0.066987 0.284162
v -0.049216 0.042648 0.280210
v -0.069354 0.022445 0.263244
v 0.222181 0.022824 0.174308
v 0.210875 0.044237 0.193503
v 0.198287 0.067297 0.213649
v 0.184339 0.092022 0.234678
v 0.158975 0.116837 0.241312
v 0.131979 0.139157 0.241956
v 0.104347 0.157326 0.235279
v -0.242413 0.159692 0.138454
v -0.262535 0.139519 0.124945
v -0.276488 0.116355 0.106682
v -0.288456 0.092022 0.086689
v -0.290964 0.067733 0.063896
v -0.287871 0.045165 0.041088
v -0.281229 0.025037 0.019579
v -0.111625 0.022164 0.251688
v -0.135723 0.043551 0.248819
v -0.158115 0.067342 0.240006
v -0.181329 0.092022 0.230845
v -0.195143 0.116356 0.210262
v -0.211807 0.140019 0.194358
v -0.219299 0.160323 0.172047
v -0.226226 0.162480 -0.177481
v -0.215305 0.140812 -0.197568
v -0.199266 0.116870 -0.214704
v -0.180901 0.092022 -0.230301
v -0.158688 0.067253 -0.240877
v -0.136469 0.043284 -0.250188
v -0.110925 0.022602 -0.250109
v -0.280224 0.025276 -0.019509
v -0.297283 0.043633 -0.042431
v -0.305270 0.066539 -0.067037
v -0.305347 0.092022 -0.091765
v -0.283175 0.116943 -0.109261
v -0.260578 0.139165 -0.124013
v -0.247445 0.161097 -0.141328
v 0.113007 0.162746 -0.254805
v 0.136929 0.140925 -0.251030
v 0.162234 0.117346 -0.246259
v 0.186674 0.092022 -0.237650
v 0.201238 0.066929 -0.216829
v 0.210617 0.044295 -0.193267
v 0.220368 0.023388 -0.172886
v -0.071419 0.020374 -0.271082
v -0.049366 0.042497 -0.281066
v -0.024767 0.067176 -0.282022
v 0.000000 0.092022 -0.277691
v 0.024696 0.116798 -0.281213
v 0.047823 0.139998 -0.272276
v 0.069871 0.162118 -0.265207
v 0.253386 0.177999 0.030496
v 0.237913 0.181177 0.063247
v 0.219690 0.183946 0.097817
v 0.200627 0.187048 0.134823
v 0.172907 0.186370 0.167326
v 0.144839 0.185223 0.198352
v 0.112037 0.179866 0.218108
v 0.047067 0.178228 0.232938
v 0.008620 0.182598 0.232476
v -0.033301 0.185659 0.227645
v -0.076344 0.186689 0.217323
v -0.120880 0.188168 0.207692
v -0.161383 0.186504 0.191298
v -0.201975 0.185578 0.176746
v -0.237441 0.183006 0.119671
v -0.249980 0.187811 0.083994
v -0.256071 0.190145 0.043020
v -0.262899 0.192761 -0.000000
v -0.261585 0.192258 -0.043947
v -0.256624 0.190357 -0.086226
v -0.239509 0.183799 -0.120713
v -0.198716 0.184068 -0.173894
v -0.166686 0.189609 -0.197584
v -0.127927 0.193773 -0.219801
v -0.080017 0.191244 -0.227780
v -0.035912 0.193002 -0.245497
v 0.009108 0.187724 -0.245632
v 0.051007 0.185444 -0.252439
v 0.120284 0.186332 -0.234162
v 0.153872 0.191036 -0.210723
v 0.186484 0.193778 -0.180465
v 0.210036 0.191504 -0.141146
v 0.225554 0.186400 -0.100428
v 0.244650 0.183701 -0.065038
v 0.258466 0.179722 -0.031107
v 0.011468 0.283613 0.032648
v 0.023687 0.275189 0.067429
v 0.035832 0.261937 0.102005
v 0.046788 0.243919 0.133194
v 0.058339 0.229069 0.166075
v 0.069592 0.213876 0.198111
v 0.076752 0.193617 0.218492
v 0.240612 0.190439 0.000000
v 0.225728 0.214156 0.000000
v 0.189885 0.229862 0.000000
v 0.155047 0.247563 0.000000
v 0.114671 0.260050 0.000000
v 0.076675 0.275241 0.000000
v 0.036933 0.282681 0.000000
v -0.030521 0.286777 0.020510
v -0.065082 0.284254 0.043736
v -0.098736 0.270856 0.066351
v -0.132342 0.256129 0.088935
v -0.156319 0.232285 0.105047
v -0.187095 0.217150 0.125729
v -0.206786 0.196571 0.138961
v -0.030471 0.286455 -0.020476
v -0.064476 0.282462 -0.043328
v -0.097622 0.268838 -0.065602
v -0.129549 0.252665 -0.087058
v -0.157095 0.232981 -0.105569
v -0.184768 0.215594 -0.124165
v -0.207318 0.196840 -0.139319
v 0.011127 0.277911 -0.031676
v 0.022936 0.269387 -0.065294
v 0.035648 0.261063 -0.101480
v 0.048486 0.249429 -0.138026
v 0.061527 0.236559 -0.175152
v 0.071005 0.216349 -0.202132
v 0.081425 0.199803 -0.231797
v 0.049499 0.272739 -0.033264
v 0.092205 0.267564 -0.035128
v 0.065568 0.270160 -0.071294
v 0.137229 0.258436 -0.036481
v 0.108611 0.258495 -0.072988
v 0.079340 0.257235 -0.108653
v 0.175317 0.239695 -0.035790
v 0.154732 0.247248 -0.075242
v 0.124310 0.246168 -0.112078
v 0.090439 0.238825 -0.142318
v 0.208425 0.219471 -0.034535
v 0.187326 0.223709 -0.071366
v 0.166846 0.229950 -0.112122
v 0.135198 0.227653 -0.147007
v 0.104272 0.225028 -0.180203
v 0.231826 0.197231 -0.032324
v 0.217349 0.202793 -0.068065
v 0.199137 0.207745 -0.106662
v 0.180582 0.214081 -0.150002
v 0.148154 0.211681 -0.183816
v 0.113102 0.205487 -0.209160
v -0.019237 0.275889 -0.054760
v -0.007728 0.269889 -0.093183
v -0.053317 0.271073 -0.080117
v 0.004926 0.259519 -0.132848
v -0.042185 0.261298 -0.120085
v -0.089994 0.262521 -0.106676
v 0.017901 0.244171 -0.170290
v -0.030190 0.250598 -0.162803
v -0.079379 0.251286 -0.148765
v -0.122865 0.244376 -0.128207
v 0.029788 0.223407 -0.200009
v -0.016388 0.231296 -0.197603
v -0.067034 0.237099 -0.190820
v -0.115087 0.234731 -0.172935
v -0.156659 0.228149 -0.150869
v 0.041650 0.206134 -0.232020
v -0.002984 0.209084 -0.224280
v -0.050302 0.212949 -0.217494
v -0.100714 0.216908 -0.209959
v -0.147271 0.215063 -0.192418
v -0.182293 0.206859 -0.166112
v -0.065359 0.285072 0.000000
v -0.101016 0.274986 -0.022628
v -0.102386 0.277467 0.022935
v -0.133794 0.257928 -0.044955
v -0.141878 0.267952 0.000000
v -0.139250 0.264694 0.046788
v -0.160482 0.236020 -0.064707
v -0.172459 0.246766 -0.023179
v -0.179940 0.253479 0.024184
v -0.169932 0.244499 0.068517
v -0.192202 0.220566 -0.086107
v -0.202095 0.227182 -0.045270
v -0.206858 0.230368 0.000000
v -0.208190 0.231259 0.046635
v -0.199382 0.225368 0.089324
v -0.220773 0.203643 -0.105972
v -0.235964 0.211323 -0.067958
v -0.238946 0.212831 -0.022939
v -0.237885 0.212295 0.022837
v -0.231532 0.209082 0.066682
v -0.219633 0.203066 0.105424
v -0.019683 0.280157 0.056031
v -0.054047 0.273523 0.081214
v -0.007764 0.270714 0.093615
v -0.091665 0.265688 0.108657
v -0.042311 0.261804 0.120444
v 0.004824 0.256043 0.130091
v -0.121570 0.242771 0.126856
v -0.076049 0.244605 0.142525
v -0.029288 0.245859 0.157938
v 0.017052 0.236961 0.162221
v -0.148146 0.220751 0.142671
v -0.107676 0.225541 0.161799
v -0.063438 0.229318 0.180585
v -0.015838 0.226627 0.190978
v 0.028335 0.216997 0.190251
v -0.179161 0.204886 0.163258
v -0.137012 0.206492 0.179014
v -0.090448 0.204179 0.188559
v -0.047313 0.205765 0.204574
v -0.002916 0.206409 0.219156
v 0.039117 0.199195 0.217911
v 0.051700 0.280777 0.034743
v 0.064775 0.268007 0.070433
v 0.091820 0.266831 0.034981
v 0.077474 0.253350 0.106098
v 0.105261 0.253360 0.070737
v 0.133968 0.254482 0.035614
v 0.091111 0.239915 0.143375
v 0.121277 0.242408 0.109344
v 0.149991 0.242492 0.072936
v 0.169858 0.235097 0.034676
v 0.099791 0.219313 0.172460
v 0.138728 0.231194 0.150845
v 0.164642 0.228128 0.110641
v 0.186239 0.222945 0.070952
v 0.207985 0.219202 0.034462
v 0.107186 0.199552 0.198220
v 0.140658 0.205626 0.174515
v 0.175681 0.210768 0.145930
v 0.203481 0.210270 0.108989
v 0.218550 0.203406 0.068442
v 0.231115 0.196908 0.032225
v 0.279030 0.164936 -0.055795
v 0.289150 0.143783 -0.082106
v 0.254840 0.165774 -0.091317
v 0.286572 0.118399 -0.106810
v 0.264814 0.144679 -0.120883
v 0.240101 0.169879 -0.133221
v 0.276358 0.092022 -0.128965
v 0.263275 0.119025 -0.147655
v 0.247869 0.147452 -0.166570
v 0.220347 0.173260 -0.177426
v 0.249234 0.067703 -0.141127
v 0.243238 0.092022 -0.163457
v 0.236063 0.119359 -0.188266
v 0.210259 0.145735 -0.199514
v 0.184423 0.170806 -0.209326
v 0.231963 0.045352 -0.155880
v 0.231800 0.066644 -0.183278
v 0.217187 0.092022 -0.202488
v 0.198208 0.118376 -0.218891
v 0.174058 0.143867 -0.229356
v 0.145699 0.166004 -0.231557
v 0.028976 0.165246 -0.263814
v 0.004809 0.142552 -0.273078
v -0.015772 0.168821 -0.262821
v -0.020787 0.117799 -0.278605
v -0.042027 0.144136 -0.267515
v -0.063479 0.170736 -0.255156
v -0.045723 0.092022 -0.274062
v -0.068712 0.118352 -0.270315
v -0.090061 0.144749 -0.256373
v -0.109673 0.169941 -0.238501
v -0.072577 0.066102 -0.280156
v -0.096107 0.092022 -0.273586
v -0.118726 0.118926 -0.261632
v -0.137887 0.144859 -0.242590
v -0.158416 0.170891 -0.227161
v -0.096252 0.041321 -0.274003
v -0.118647 0.066248 -0.264615
v -0.140724 0.092022 -0.252968
v -0.163870 0.118384 -0.242072
v -0.183658 0.144327 -0.225975
v -0.194247 0.166455 -0.200938
v -0.265654 0.166180 -0.108377
v -0.283740 0.143355 -0.090024
v -0.279144 0.169946 -0.068328
v -0.301024 0.118514 -0.069689
v -0.295117 0.145414 -0.046817
v -0.287893 0.172388 -0.023490
v -0.306602 0.092022 -0.046071
v -0.304482 0.118818 -0.023497
v -0.295807 0.145538 0.000000
v -0.272110 0.167982 0.022202
v -0.307896 0.066319 -0.022538
v -0.303084 0.092022 0.000000
v -0.301020 0.118514 0.023229
v -0.282069 0.143053 0.044747
v -0.269585 0.167277 0.065989
v -0.291063 0.044645 0.000000
v -0.302040 0.066808 0.022110
v -0.300315 0.092023 0.045127
v -0.287180 0.117296 0.066484
v -0.272674 0.141353 0.086513
v -0.254636 0.163105 0.103883
v -0.189731 0.164724 0.196267
v -0.179783 0.143223 0.221207
v -0.151016 0.167206 0.216548
v -0.161307 0.117972 0.238286
v -0.137431 0.144684 0.241787
v -0.107267 0.168231 0.233268
v -0.141178 0.092022 0.253784
v -0.118883 0.118962 0.261978
v -0.092561 0.146212 0.263489
v -0.059979 0.166396 0.241086
v -0.117994 0.066390 0.263158
v -0.097363 0.092022 0.277162
v -0.071100 0.119267 0.279709
v -0.041467 0.143441 0.263946
v -0.014540 0.162821 0.242287
v -0.094907 0.042029 0.270175
v -0.074265 0.065500 0.286671
v -0.048209 0.092022 0.288962
v -0.020565 0.117523 0.275629
v 0.004576 0.140101 0.259831
v 0.026664 0.159405 0.242769
v 0.136251 0.161207 0.216541
v 0.171762 0.143183 0.226331
v 0.174573 0.166598 0.198147
v 0.195857 0.118063 0.216294
v 0.200083 0.143135 0.189858
v 0.201812 0.166426 0.162501
v 0.214252 0.092022 0.199752
v 0.223092 0.117856 0.177921
v 0.220671 0.141369 0.148293
v 0.231045 0.166942 0.128196
v 0.231060 0.066725 0.182693
v 0.244700 0.092022 0.164440
v 0.245531 0.117205 0.137704
v 0.247167 0.141170 0.112828
v 0.249933 0.164354 0.089559
v 0.238006 0.044135 0.159942
v 0.254445 0.067194 0.144079
v 0.273775 0.092022 0.127760
v 0.271189 0.116983 0.101078
v 0.275883 0.141408 0.078340
v 0.262495 0.160615 0.052489
v 0.094582 0.141844 -0.269249
v 0.119572 0.117998 -0.266678
v 0.071170 0.117440 -0.274724
v 0.146184 0.092022 -0.262782
v 0.097328 0.092022 -0.277061
v 0.047551 0.092022 -0.285015
v 0.172273 0.064309 -0.254485
v 0.120096 0.064808 -0.264651
v 0.070325 0.065075 -0.276657
v 0.021114 0.065841 -0.282982
v 0.187328 0.038673 -0.230490
v 0.143782 0.036927 -0.252962
v 0.092602 0.037808 -0.263606
v 0.042823 0.038922 -0.272580
v -0.004771 0.041893 -0.270913
v 0.198944 0.015790 -0.205798
v 0.157773 0.013474 -0.226238
v 0.114447 0.010712 -0.248883
v 0.063860 0.012835 -0.256688
v 0.015779 0.015188 -0.262943
v -0.029207 0.018214 -0.265919
v -0.243313 0.140977 -0.163508
v -0.237706 0.118047 -0.187948
v -0.257994 0.117196 -0.146089
v -0.217779 0.092022 -0.203040
v -0.252520 0.092022 -0.169696
v -0.281449 0.092022 -0.131341
v -0.191571 0.066551 -0.211561
v -0.240747 0.064144 -0.192002
v -0.268458 0.064488 -0.150563
v -0.292865 0.065066 -0.109156
v -0.167586 0.042105 -0.220828
v -0.205485 0.039529 -0.194985
v -0.251893 0.035693 -0.169275
v -0.276713 0.036999 -0.126316
v -0.287482 0.040560 -0.081633
v -0.137521 0.022192 -0.218562
v -0.170187 0.019320 -0.193169
v -0.215295 0.012647 -0.173359
v -0.245248 0.012496 -0.136078
v -0.260692 0.016577 -0.093414
v -0.275163 0.020119 -0.055022
v -0.238427 0.139994 0.160225
v -0.251282 0.116541 0.142287
v -0.233059 0.117538 0.184274
v -0.276067 0.092022 0.128829
v -0.243653 0.092022 0.163737
v -0.215114 0.092022 0.200556
v -0.276289 0.066592 0.102978
v -0.258445 0.065515 0.144947
v -0.220465 0.066492 0.175826
v -0.189979 0.066763 0.209804
v -0.281385 0.041652 0.079902
v -0.254946 0.041327 0.116379
v -0.240478 0.038245 0.161604
v -0.194966 0.042217 0.185003
v -0.163739 0.043251 0.215758
v -0.272020 0.020941 0.054394
v -0.254012 0.018510 0.091021
v -0.239856 0.014244 0.133086
v -0.208707 0.015076 0.168054
v -0.170288 0.019277 0.193284
v -0.141960 0.019938 0.225616
v 0.087459 0.138092 0.248971
v 0.068040 0.116322 0.262644
v 0.115725 0.117162 0.258097
v 0.045599 0.092022 0.273315
v 0.093232 0.092022 0.265403
v 0.141512 0.092022 0.254383
v 0.020782 0.066252 0.278537
v 0.069084 0.065550 0.271776
v 0.117581 0.065378 0.259108
v 0.165326 0.065426 0.244224
v -0.004853 0.041026 0.275600
v 0.042698 0.039077 0.271781
v 0.094434 0.036736 0.268821
v 0.143403 0.037072 0.252294
v 0.180140 0.040720 0.221646
v -0.028823 0.019185 0.262423
v 0.016180 0.013237 0.269620
v 0.065423 0.010898 0.262969
v 0.112617 0.012012 0.244902
v 0.156657 0.014030 0.224638
v 0.190017 0.019210 0.196563
v 0.295430 0.140110 0.000000
v 0.301417 0.117184 0.022064
v 0.306476 0.117607 -0.022434
v 0.298382 0.092022 0.044836
v 0.300219 0.092022 0.000000
v 0.304403 0.092022 -0.045741
v 0.300719 0.065557 0.069619
v 0.304132 0.065257 0.023470
v 0.303456 0.065316 -0.023417
v 0.288773 0.066609 -0.066853
v 0.292190 0.039161 0.092705
v 0.296467 0.038387 0.047031
v 0.306654 0.036544 0.000000
v 0.291860 0.039220 -0.046300
v 0.277735 0.041776 -0.088119
v 0.270307 0.016566 0.110275
v 0.283610 0.012852 0.069422
v 0.285615 0.012292 0.023304
v 0.284018 0.012738 -0.023174
v 0.273976 0.015541 -0.067063
v 0.257504 0.020139 -0.105053
v 0.184508 -0.024210 -0.168131
v 0.158962 -0.046105 -0.153087
v 0.146212 -0.030134 -0.191035
v 0.127407 -0.065964 -0.132947
v 0.115454 -0.051142 -0.173487
v 0.101378 -0.033686 -0.211343
v 0.089406 -0.077363 -0.105980
v 0.077602 -0.063676 -0.145436
v 0.065093 -0.048855 -0.185297
v 0.051376 -0.031487 -0.222139
v 0.053994 -0.089301 -0.081135
v 0.042652 -0.079128 -0.121415
v 0.030243 -0.066836 -0.163094
v 0.016486 -0.048086 -0.198788
v 0.003003 -0.025805 -0.225749
v 0.019207 -0.091566 -0.054677
v 0.007824 -0.088059 -0.094344
v -0.004982 -0.077363 -0.134347
v -0.018278 -0.063333 -0.173880
v -0.029936 -0.040012 -0.200997
v -0.040563 -0.019111 -0.225965
v -0.107039 -0.015360 -0.197948
v -0.096889 -0.031566 -0.167443
v -0.140747 -0.021653 -0.174624
v -0.087840 -0.050561 -0.138227
v -0.132252 -0.040653 -0.143803
v -0.178728 -0.028782 -0.148460
v -0.078739 -0.071938 -0.107830
v -0.127056 -0.065528 -0.114553
v -0.170356 -0.048807 -0.114481
v -0.205112 -0.027172 -0.109861
v -0.066589 -0.088889 -0.072404
v -0.113663 -0.082194 -0.076383
v -0.158087 -0.066569 -0.076873
v -0.196077 -0.045816 -0.074700
v -0.227084 -0.023710 -0.071114
v -0.051556 -0.096205 -0.034646
v -0.094193 -0.087303 -0.035885
v -0.141553 -0.079634 -0.037630
v -0.182554 -0.061746 -0.037268
v -0.216262 -0.040218 -0.035833
v -0.237759 -0.015879 -0.033151
v -0.242223 -0.017905 0.033773
v -0.212479 -0.037905 0.035206
v -0.227705 -0.024026 0.071308
v -0.180822 -0.060288 0.036914
v -0.193804 -0.044218 0.073834
v -0.204853 -0.027022 0.109723
v -0.139580 -0.077242 0.037106
v -0.157443 -0.065923 0.076560
v -0.167477 -0.046427 0.112547
v -0.174550 -0.025958 0.144990
v -0.096237 -0.091194 0.036664
v -0.114378 -0.083289 0.076864
v -0.129706 -0.068814 0.116943
v -0.137857 -0.046275 0.149898
v -0.140257 -0.021258 0.174017
v -0.051445 -0.095800 0.034572
v -0.067142 -0.090392 0.073006
v -0.085634 -0.086297 0.117274
v -0.095938 -0.063704 0.150970
v -0.102931 -0.039273 0.177885
v -0.109372 -0.017700 0.202262
v 0.224884 -0.021677 -0.107945
v 0.234988 -0.026785 -0.067677
v 0.200884 -0.042328 -0.089997
v 0.236249 -0.027423 -0.022680
v 0.209372 -0.048004 -0.046900
v 0.171863 -0.062187 -0.069295
v 0.237546 -0.028079 0.022805
v 0.209259 -0.047929 0.000000
v 0.179376 -0.068928 -0.024108
v 0.137120 -0.078009 -0.046073
v 0.235943 -0.027268 0.067952
v 0.205304 -0.045284 0.045989
v 0.176467 -0.066318 0.023718
v 0.138702 -0.079970 0.000000
v 0.098583 -0.086535 -0.022083
v 0.233783 -0.026176 0.112217
v 0.204181 -0.044533 0.091474
v 0.174708 -0.064739 0.070443
v 0.136793 -0.077602 0.045963
v 0.098718 -0.086778 0.022113
v 0.062149 -0.091545 0.000000
v -0.041135 -0.020680 0.229155
v -0.030759 -0.043645 0.206528
v 0.003087 -0.029091 0.232044
v -0.018436 -0.064675 0.175382
v 0.016869 -0.051343 0.203409
v 0.051776 -0.032449 0.223870
v -0.005034 -0.079142 0.135757
v 0.029768 -0.064338 0.160529
v 0.068202 -0.055583 0.194147
v 0.100567 -0.032681 0.209653
v 0.007768 -0.086769 0.093668
v 0.042331 -0.077837 0.120499
v 0.079377 -0.067237 0.148762
v 0.112368 -0.047314 0.168848
v 0.143369 -0.027758 0.187320
v 0.019564 -0.094974 0.055692
v 0.054528 -0.091092 0.081936
v 0.091638 -0.081591 0.108625
v 0.123920 -0.061638 0.129307
v 0.153341 -0.041220 0.147673
v 0.181064 -0.022040 0.164992
v -0.287113 -0.107159 0.016172
v -0.071305 0.008006 0.142039
v -0.370115 0.007431 0.221244
v -0.581386 -0.000525 0.016172
v -0.368162 0.009391 -0.184075
v -0.063301 0.004939 -0.114363
v -0.203526 0.174556 0.222689
v -0.498094 0.171545 0.139223
v -0.505306 0.174309 -0.111086
v -0.204109 0.173972 -0.188907
v -0.022564 0.172711 0.016172
v -0.287113 0.280839 0.016172
v -0.365699 -0.013322 0.210332
v -0.359107 -0.035357 0.194045
v -0.350805 -0.058922 0.173535
v -0.339815 -0.080393 0.146380
v -0.325594 -0.091772 0.111245
v -0.312316 -0.104189 0.078439
v -0.298721 -0.103223 0.044852
v -0.256955 -0.101737 0.033761
v -0.223678 -0.096667 0.053169
v -0.188057 -0.088714 0.073945
v -0.152823 -0.075822 0.094494
v -0.118564 -0.060536 0.114476
v -0.096350 -0.036881 0.127431
v -0.086747 -0.010603 0.133032
v -0.091646 0.000160 0.164627
v -0.126261 -0.003471 0.181654
v -0.163706 -0.007455 0.200197
v -0.207390 -0.008156 0.213136
v -0.252374 -0.006982 0.222282
v -0.295946 -0.002111 0.222917
v -0.336169 0.000851 0.226885
v -0.048114 -0.000881 -0.088373
v -0.031212 -0.007357 -0.058453
v -0.016426 -0.013023 -0.023297
v -0.020035 -0.011640 0.016172
v -0.031672 -0.007181 0.053417
v -0.045994 -0.001693 0.086486
v -0.057946 0.002887 0.116415
v -0.256877 -0.102238 -0.001463
v -0.223939 -0.095894 -0.020673
v -0.184519 -0.095122 -0.043665
v -0.149915 -0.079427 -0.063847
v -0.115103 -0.063641 -0.084150
v -0.093024 -0.039106 -0.097028
v -0.075932 -0.016070 -0.106996
v -0.554671 -0.018738 0.016172
v -0.525850 -0.038471 0.016172
v -0.493729 -0.059284 0.016172
v -0.451836 -0.074547 0.016172
v -0.409394 -0.088478 0.016172
v -0.365071 -0.095584 0.016172
v -0.325130 -0.105555 0.016172
v -0.402268 0.000413 0.210734
v -0.431075 -0.001936 0.187279
v -0.471615 -0.009973 0.171132
v -0.504574 -0.012299 0.143003
v -0.537416 -0.014032 0.112897
v -0.555802 -0.009987 0.078164
v -0.566155 -0.003981 0.045319
v -0.364141 -0.011260 -0.174140
v -0.357256 -0.032117 -0.157129
v -0.349358 -0.055523 -0.137616
v -0.338493 -0.076102 -0.110772
v -0.324685 -0.087466 -0.076657
v -0.311574 -0.098454 -0.044263
v -0.298741 -0.103546 -0.012556
v -0.565850 -0.003878 -0.012944
v -0.543910 -0.005531 -0.043077
v -0.518316 -0.006041 -0.073172
v -0.485067 -0.003059 -0.099283
v -0.458175 -0.002640 -0.127500
v -0.429990 -0.001238 -0.153646
v -0.401449 0.001055 -0.177008
v -0.333516 0.005711 -0.183145
v -0.295795 -0.000517 -0.187023
v -0.252560 -0.006458 -0.188832
v -0.207858 -0.007576 -0.179636
v -0.161103 -0.009526 -0.171735
v -0.123972 -0.004811 -0.151665
v -0.092443 0.000529 -0.131679
v -0.015399 0.155419 0.032589
v 0.002241 0.137799 0.052016
v 0.012931 0.115748 0.073358
v 0.000900 0.090700 0.091294
v -0.012976 0.066575 0.107973
v -0.026145 0.043487 0.123964
v -0.047338 0.023767 0.135029
v -0.044853 0.023073 -0.103917
v -0.027524 0.043737 -0.091051
v -0.015850 0.066828 -0.074667
v 0.000037 0.090700 -0.058725
v -0.003443 0.114381 -0.037893
v -0.003433 0.136876 -0.018969
v -0.017680 0.154876 -0.000108
v -0.221276 0.156749 0.233055
v -0.240347 0.137617 0.247264
v -0.263012 0.114879 0.254358
v -0.287113 0.090700 0.262166
v -0.311795 0.065939 0.260098
v -0.333252 0.044414 0.244159
v -0.354028 0.023571 0.236605
v -0.067655 0.022350 0.165600
v -0.075857 0.042828 0.184417
v -0.089916 0.066110 0.200579
v -0.114393 0.090700 0.207011
v -0.137110 0.114114 0.213787
v -0.156880 0.137212 0.223388
v -0.181168 0.157004 0.223497
v -0.524270 0.156903 0.133731
v -0.547930 0.137886 0.123901
v -0.558916 0.114620 0.107192
v -0.576378 0.090700 0.091620
v -0.588431 0.065547 0.073600
v -0.593596 0.040813 0.054137
v -0.585929 0.019526 0.034227
v -0.395470 0.022888 0.228216
v -0.421170 0.042824 0.229471
v -0.443506 0.066289 0.222205
v -0.461413 0.090700 0.208757
v -0.478867 0.114611 0.195489
v -0.488381 0.136309 0.176462
v -0.493113 0.154859 0.156436
v -0.499697 0.156910 -0.128575
v -0.487008 0.135998 -0.143025
v -0.471749 0.113724 -0.156489
v -0.455826 0.090700 -0.170240
v -0.433367 0.067872 -0.176504
v -0.415823 0.044733 -0.188620
v -0.392318 0.024860 -0.189704
v -0.591552 0.018187 -0.002223
v -0.590466 0.041323 -0.021406
v -0.584298 0.065892 -0.040469
v -0.575003 0.090700 -0.058918
v -0.555228 0.114296 -0.073613
v -0.543511 0.137087 -0.089733
v -0.523836 0.156782 -0.101172
v -0.184568 0.154876 -0.184501
v -0.160218 0.136019 -0.185733
v -0.135559 0.114356 -0.183487
v -0.113802 0.090700 -0.175321
v -0.092484 0.066431 -0.165834
v -0.081359 0.044075 -0.147691
v -0.076456 0.025091 -0.127264
v -0.352758 0.024844 -0.200080
v -0.333118 0.044547 -0.211157
v -0.311485 0.066250 -0.224691
v -0.287113 0.090700 -0.221497
v -0.263143 0.114747 -0.220716
v -0.241397 0.136563 -0.209729
v -0.221786 0.156237 -0.199031
v -0.022248 0.180572 0.043838
v -0.034256 0.185455 0.074512
v -0.058931 0.186178 0.104349
v -0.082622 0.187557 0.135439
v -0.116342 0.183882 0.159601
v -0.146304 0.181309 0.183533
v -0.174819 0.178745 0.205901
v -0.237739 0.181132 0.228250
v -0.278085 0.185563 0.227488
v -0.321787 0.188196 0.221889
v -0.368331 0.191410 0.216827
v -0.413816 0.191477 0.205111
v -0.450313 0.186246 0.184069
v -0.477748 0.179003 0.160957
v -0.519782 0.179856 0.117947
v -0.529703 0.183657 0.086915
v -0.547062 0.190309 0.054074
v -0.552543 0.192409 0.016172
v -0.557309 0.194236 -0.023225
v -0.544093 0.189171 -0.058768
v -0.521405 0.180478 -0.086314
v -0.477933 0.179089 -0.128754
v -0.448418 0.185137 -0.149776
v -0.407152 0.186177 -0.162830
v -0.367099 0.189882 -0.181440
v -0.323325 0.192521 -0.198671
v -0.277983 0.186637 -0.197537
v -0.237541 0.181494 -0.196755
v -0.175724 0.178036 -0.172030
v -0.146233 0.181354 -0.151273
v -0.112642 0.185901 -0.130365
v -0.079490 0.189040 -0.104922
v -0.055472 0.187625 -0.073342
v -0.033588 0.185706 -0.042322
v -0.024999 0.179638 -0.011207
v -0.275916 0.277767 0.043838
v -0.264141 0.268345 0.072930
v -0.251779 0.258252 0.103471
v -0.240695 0.241397 0.130858
v -0.230193 0.224416 0.156805
v -0.219749 0.208653 0.182608
v -0.211409 0.190909 0.203214
v -0.033217 0.194551 0.016172
v -0.059504 0.213851 0.016172
v -0.088999 0.234514 0.016172
v -0.125002 0.253328 0.016172
v -0.165823 0.268428 0.016172
v -0.207332 0.281342 0.016172
v -0.249697 0.283854 0.016172
v -0.316370 0.277389 0.033235
v -0.350887 0.279068 0.053367
v -0.386217 0.270201 0.073973
v -0.418450 0.253560 0.092772
v -0.442089 0.229757 0.106559
v -0.466367 0.210584 0.120718
v -0.490521 0.193541 0.134806
v -0.316626 0.279017 -0.001041
v -0.351346 0.280423 -0.021291
v -0.387283 0.272131 -0.042251
v -0.419249 0.254550 -0.060894
v -0.445857 0.233138 -0.076413
v -0.471352 0.213918 -0.091282
v -0.491510 0.194042 -0.103040
v -0.275837 0.279077 -0.011688
v -0.263306 0.274803 -0.042649
v -0.251493 0.259610 -0.071835
v -0.237683 0.251175 -0.105956
v -0.225872 0.234565 -0.135135
v -0.215391 0.216283 -0.161031
v -0.209890 0.192919 -0.174622
v -0.234177 0.283967 -0.014703
v -0.190896 0.273880 -0.015642
v -0.221173 0.269850 -0.046056
v -0.145204 0.262790 -0.016570
v -0.174369 0.263508 -0.049585
v -0.208237 0.254949 -0.077578
v -0.106797 0.242584 -0.015777
v -0.130115 0.248200 -0.050087
v -0.163002 0.244600 -0.080945
v -0.194696 0.240714 -0.110047
v -0.072209 0.222111 -0.014733
v -0.092120 0.227777 -0.048302
v -0.116173 0.232013 -0.083528
v -0.150014 0.228238 -0.113210
v -0.182838 0.223711 -0.140232
v -0.045520 0.200342 -0.013064
v -0.058396 0.207265 -0.045992
v -0.081266 0.210323 -0.079520
v -0.109548 0.210719 -0.111840
v -0.144043 0.206253 -0.137888
v -0.179443 0.198716 -0.156641
v -0.306669 0.277615 -0.032142
v -0.294849 0.268741 -0.064781
v -0.341353 0.272848 -0.054565
v -0.282242 0.256321 -0.097836
v -0.330848 0.266197 -0.091880
v -0.376270 0.259613 -0.075551
v -0.269479 0.240586 -0.129425
v -0.317395 0.249757 -0.125554
v -0.365359 0.247691 -0.111099
v -0.409086 0.241948 -0.094292
v -0.257230 0.222504 -0.157970
v -0.303274 0.228048 -0.152957
v -0.350727 0.228376 -0.140992
v -0.395420 0.225001 -0.125076
v -0.435141 0.219327 -0.107553
v -0.246934 0.200783 -0.178089
v -0.290160 0.210232 -0.182589
v -0.336335 0.209032 -0.168541
v -0.383242 0.209900 -0.157756
v -0.423842 0.204933 -0.138874
v -0.461063 0.200282 -0.121399
v -0.351825 0.281837 0.016172
v -0.390497 0.277952 -0.003927
v -0.391368 0.279530 0.036440
v -0.427859 0.265227 -0.024872
v -0.427156 0.264356 0.016172
v -0.423859 0.260267 0.056049
v -0.456677 0.242847 -0.043166
v -0.460596 0.246363 -0.004064
v -0.459623 0.245491 0.036295
v -0.453481 0.239979 0.074391
v -0.488244 0.225216 -0.062032
v -0.500014 0.233087 -0.025218
v -0.495975 0.230386 0.016172
v -0.492169 0.227841 0.056037
v -0.475983 0.217015 0.089608
v -0.507951 0.202354 -0.075828
v -0.525820 0.211388 -0.043495
v -0.536046 0.216558 -0.004569
v -0.526192 0.211576 0.036092
v -0.518249 0.207560 0.073946
v -0.501948 0.199319 0.105671
v -0.306638 0.277324 0.064410
v -0.341024 0.271742 0.086479
v -0.294648 0.264117 0.095022
v -0.376887 0.260782 0.108529
v -0.328913 0.258432 0.119443
v -0.282437 0.249687 0.125613
v -0.406046 0.238178 0.123882
v -0.363677 0.244316 0.140706
v -0.316298 0.243996 0.152764
v -0.270035 0.235861 0.157179
v -0.435854 0.219946 0.140493
v -0.395210 0.224741 0.157146
v -0.351236 0.229478 0.174594
v -0.303334 0.228554 0.185922
v -0.257757 0.220178 0.187240
v -0.461917 0.200819 0.154417
v -0.423493 0.204642 0.170821
v -0.383450 0.210158 0.190476
v -0.336626 0.209731 0.201976
v -0.290025 0.204919 0.206098
v -0.246895 0.200890 0.210621
v -0.236077 0.277030 0.045938
v -0.223747 0.262859 0.075971
v -0.193383 0.269145 0.047163
v -0.211165 0.248851 0.106441
v -0.181436 0.252676 0.077807
v -0.153645 0.252553 0.046966
v -0.198656 0.234286 0.136982
v -0.166624 0.240109 0.110454
v -0.136361 0.241933 0.079795
v -0.110810 0.239204 0.047409
v -0.189877 0.214731 0.162016
v -0.158230 0.219996 0.137800
v -0.121865 0.227307 0.112551
v -0.091212 0.228415 0.080946
v -0.069711 0.223639 0.047436
v -0.184353 0.193790 0.181104
v -0.152313 0.199573 0.161326
v -0.115550 0.206663 0.139857
v -0.084305 0.208556 0.110450
v -0.057124 0.207913 0.078681
v -0.041190 0.202307 0.045932
v -0.022287 0.159902 -0.029788
v -0.017930 0.138887 -0.050168
v -0.038954 0.162519 -0.061004
v -0.020108 0.115276 -0.070200
v -0.039539 0.139929 -0.081913
v -0.057817 0.165054 -0.094248
v -0.026525 0.090700 -0.089370
v -0.038460 0.116203 -0.104861
v -0.059259 0.141654 -0.116722
v -0.084478 0.165408 -0.125438
v -0.035838 0.066182 -0.107316
v -0.051907 0.090700 -0.121009
v -0.068090 0.116063 -0.135430
v -0.093028 0.140281 -0.143666
v -0.115882 0.163849 -0.152507
v -0.055826 0.044165 -0.118723
v -0.058618 0.065684 -0.140627
v -0.082270 0.090700 -0.149579
v -0.100028 0.115575 -0.163142
v -0.126126 0.138652 -0.167938
v -0.153167 0.158715 -0.168587
v -0.258218 0.163720 -0.212155
v -0.282465 0.139544 -0.212924
v -0.302821 0.167185 -0.210998
v -0.307652 0.116168 -0.222735
v -0.328586 0.142126 -0.212941
v -0.349640 0.168233 -0.201955
v -0.332690 0.090700 -0.220924
v -0.353367 0.116088 -0.210041
v -0.376274 0.142900 -0.204111
v -0.394115 0.166721 -0.185783
v -0.356440 0.065941 -0.216086
v -0.378160 0.090700 -0.208772
v -0.396283 0.115439 -0.192622
v -0.419393 0.141388 -0.185810
v -0.435524 0.164587 -0.168529
v -0.375615 0.044082 -0.202487
v -0.399323 0.066324 -0.201028
v -0.418923 0.090700 -0.189472
v -0.436784 0.114778 -0.175719
v -0.457846 0.139324 -0.166150
v -0.472584 0.161770 -0.150344
v -0.546172 0.163017 -0.075554
v -0.564363 0.140859 -0.060173
v -0.570136 0.169707 -0.043955
v -0.576034 0.116127 -0.041880
v -0.574017 0.142606 -0.023330
v -0.567729 0.169035 -0.003700
v -0.584908 0.090700 -0.022665
v -0.584938 0.116911 -0.003775
v -0.581586 0.143975 0.016172
v -0.568438 0.169233 0.036094
v -0.588909 0.065507 -0.003001
v -0.595611 0.090700 0.016172
v -0.585464 0.116957 0.036154
v -0.573989 0.142601 0.055670
v -0.559924 0.166856 0.074129
v -0.593547 0.040821 0.016172
v -0.594779 0.065017 0.035718
v -0.591698 0.090701 0.055894
v -0.576593 0.116176 0.074336
v -0.565002 0.140975 0.092693
v -0.538983 0.161011 0.105352
v -0.471101 0.161202 0.181356
v -0.462393 0.140619 0.203349
v -0.438319 0.165979 0.204351
v -0.440298 0.115343 0.212567
v -0.423022 0.142779 0.223696
v -0.397086 0.168831 0.223732
v -0.426340 0.090700 0.233387
v -0.403538 0.117083 0.238840
v -0.378807 0.144383 0.242713
v -0.348897 0.167311 0.231705
v -0.402739 0.065582 0.239983
v -0.380286 0.090700 0.246368
v -0.356398 0.117249 0.252731
v -0.329732 0.143547 0.251616
v -0.302684 0.166520 0.241365
v -0.377911 0.042872 0.240504
v -0.357872 0.065430 0.253229
v -0.334573 0.090700 0.263062
v -0.308104 0.116729 0.260342
v -0.282284 0.141446 0.254189
v -0.259492 0.160502 0.234436
v -0.152512 0.159047 0.201833
v -0.127875 0.138131 0.198281
v -0.123785 0.160472 0.177065
v -0.101038 0.115441 0.194518
v -0.089270 0.141241 0.179105
v -0.083643 0.165716 0.158366
v -0.074493 0.090700 0.188216
v -0.068407 0.116026 0.167554
v -0.051008 0.143499 0.153877
v -0.048906 0.167943 0.130882
v -0.060246 0.065862 0.171854
v -0.043964 0.090700 0.157985
v -0.035128 0.116545 0.138827
v -0.024361 0.142947 0.120270
v -0.028668 0.165495 0.096547
v -0.049304 0.042853 0.154871
v -0.028308 0.065447 0.143361
v -0.019963 0.090700 0.124372
v -0.010505 0.116160 0.105650
v -0.003624 0.141447 0.086037
v -0.011848 0.162630 0.063943
v -0.199600 0.136799 -0.200046
v -0.178281 0.114343 -0.194490
v -0.218665 0.115146 -0.213145
v -0.150523 0.090700 -0.196929
v -0.193982 0.090700 -0.213922
v -0.241127 0.090700 -0.223053
v -0.127900 0.065088 -0.187953
v -0.169861 0.064130 -0.208080
v -0.217288 0.063944 -0.222234
v -0.266277 0.064863 -0.226199
v -0.114562 0.041559 -0.168091
v -0.150286 0.038270 -0.192754
v -0.197711 0.038359 -0.204708
v -0.246206 0.039975 -0.209817
v -0.291768 0.041795 -0.213212
v -0.104493 0.020723 -0.147785
v -0.132957 0.013953 -0.175679
v -0.178266 0.013369 -0.189265
v -0.225191 0.013917 -0.199846
v -0.271839 0.016327 -0.204726
v -0.314759 0.020837 -0.202284
v -0.517674 0.137089 -0.118299
v -0.506937 0.114767 -0.134677
v -0.531595 0.114556 -0.103978
v -0.492801 0.090700 -0.150264
v -0.525171 0.090700 -0.122673
v -0.550712 0.090700 -0.090589
v -0.474691 0.065760 -0.163615
v -0.509888 0.064903 -0.138027
v -0.541736 0.064585 -0.107768
v -0.568331 0.064816 -0.074798
v -0.447549 0.042913 -0.167307
v -0.482875 0.040691 -0.145048
v -0.514153 0.039929 -0.116247
v -0.542360 0.039946 -0.084953
v -0.574102 0.039326 -0.054556
v -0.427202 0.019567 -0.177060
v -0.455913 0.018591 -0.150113
v -0.487262 0.016909 -0.123702
v -0.517108 0.016120 -0.094585
v -0.548429 0.015074 -0.065097
v -0.570502 0.016648 -0.033010
v -0.517514 0.137057 0.150549
v -0.540305 0.115406 0.140602
v -0.508601 0.114949 0.168162
v -0.556852 0.090700 0.125420
v -0.535520 0.090700 0.161052
v -0.499510 0.090700 0.188035
v -0.570974 0.064573 0.107996
v -0.551250 0.063609 0.144742
v -0.521404 0.063569 0.178342
v -0.481805 0.064814 0.202777
v -0.579672 0.038329 0.088272
v -0.557484 0.036938 0.123289
v -0.526727 0.037117 0.155924
v -0.492681 0.038186 0.185467
v -0.454787 0.040757 0.207929
v -0.580903 0.013930 0.067158
v -0.560477 0.011587 0.101187
v -0.532257 0.011208 0.134224
v -0.501646 0.011606 0.166098
v -0.467749 0.013534 0.194116
v -0.428881 0.018714 0.211719
v -0.196519 0.138421 0.240000
v -0.217871 0.115429 0.248149
v -0.174158 0.115238 0.234814
v -0.242994 0.090700 0.245683
v -0.197759 0.090700 0.236934
v -0.148824 0.090700 0.231924
v -0.267122 0.065911 0.248716
v -0.223367 0.066274 0.233821
v -0.177359 0.065829 0.226084
v -0.129193 0.065296 0.218639
v -0.291733 0.042154 0.243870
v -0.248147 0.042382 0.231440
v -0.205315 0.042811 0.218264
v -0.158042 0.041242 0.213255
v -0.113057 0.041130 0.202043
v -0.315135 0.019886 0.237602
v -0.272169 0.017931 0.232306
v -0.226376 0.015386 0.228058
v -0.183248 0.016908 0.212206
v -0.138731 0.016828 0.200837
v -0.099358 0.018755 0.184738
v -0.000376 0.137373 0.016172
v 0.015870 0.115993 0.035420
v 0.006988 0.115252 -0.002513
v 0.011407 0.090700 0.055103
v 0.015427 0.090700 0.016172
v 0.011842 0.090700 -0.022816
v -0.002903 0.065688 0.073277
v 0.010566 0.064503 0.036109
v 0.010796 0.064483 -0.003781
v -0.001429 0.065559 -0.041229
v -0.014631 0.041404 0.091204
v -0.008490 0.040293 0.054533
v -0.002357 0.039184 0.016172
v 0.000547 0.038658 -0.023434
v -0.011158 0.040776 -0.059817
v -0.032185 0.019537 0.106435
v -0.017139 0.015337 0.073526
v -0.019385 0.015964 0.035131
v -0.009596 0.013231 -0.003481
v -0.011113 0.013654 -0.042463
v -0.028501 0.018508 -0.075396
v -0.107860 -0.022222 -0.125593
v -0.131404 -0.044600 -0.113974
v -0.144518 -0.028434 -0.145526
v -0.162093 -0.064327 -0.097052
v -0.174104 -0.049432 -0.131210
v -0.189025 -0.030930 -0.161302
v -0.194555 -0.084658 -0.079052
v -0.207429 -0.069175 -0.113439
v -0.221836 -0.050576 -0.145103
v -0.235568 -0.033217 -0.177260
v -0.232379 -0.093107 -0.055210
v -0.244122 -0.081810 -0.090042
v -0.255963 -0.072924 -0.129624
v -0.270574 -0.049859 -0.156911
v -0.284249 -0.021675 -0.170690
v -0.266967 -0.101862 -0.033602
v -0.279219 -0.091007 -0.066449
v -0.292234 -0.083415 -0.103684
v -0.305715 -0.067408 -0.137413
v -0.317238 -0.042167 -0.159376
v -0.326180 -0.016335 -0.172713
v -0.393998 -0.016526 -0.155379
v -0.389118 -0.039414 -0.136826
v -0.426601 -0.021959 -0.134029
v -0.380089 -0.060219 -0.110810
v -0.422247 -0.044865 -0.111354
v -0.452173 -0.020866 -0.102824
v -0.367213 -0.076096 -0.079032
v -0.412943 -0.065330 -0.082290
v -0.450221 -0.044137 -0.078959
v -0.486141 -0.024959 -0.076349
v -0.352338 -0.086506 -0.045381
v -0.395752 -0.075815 -0.047191
v -0.443383 -0.066067 -0.049779
v -0.479531 -0.044565 -0.047450
v -0.515675 -0.025785 -0.045949
v -0.338217 -0.095877 -0.013634
v -0.380791 -0.087644 -0.014802
v -0.428316 -0.080532 -0.016407
v -0.468867 -0.062394 -0.016031
v -0.507878 -0.044294 -0.015575
v -0.540157 -0.024137 -0.014449
v -0.541351 -0.024679 0.046937
v -0.512567 -0.047161 0.048593
v -0.526038 -0.031066 0.081109
v -0.473812 -0.066560 0.049251
v -0.497068 -0.056893 0.085593
v -0.510112 -0.038889 0.119836
v -0.431527 -0.084426 0.049491
v -0.452845 -0.075559 0.086116
v -0.467377 -0.058319 0.121309
v -0.472074 -0.034317 0.149514
v -0.383559 -0.092913 0.048061
v -0.404013 -0.088476 0.084352
v -0.419024 -0.072871 0.119392
v -0.427290 -0.049924 0.148458
v -0.432281 -0.026546 0.172490
v -0.339563 -0.100788 0.046762
v -0.355444 -0.094943 0.080656
v -0.371087 -0.084161 0.115980
v -0.383319 -0.065461 0.147564
v -0.391782 -0.042811 0.173165
v -0.396367 -0.018903 0.191525
v -0.057562 -0.025358 -0.079458
v -0.041382 -0.033539 -0.045251
v -0.074156 -0.051725 -0.066631
v -0.043882 -0.032275 -0.004094
v -0.071208 -0.053696 -0.025803
v -0.109173 -0.068963 -0.046097
v -0.049669 -0.029349 0.035955
v -0.073927 -0.051878 0.016172
v -0.104240 -0.073388 -0.005160
v -0.143898 -0.086889 -0.025592
v -0.058172 -0.025050 0.073397
v -0.078829 -0.048599 0.056665
v -0.108934 -0.069177 0.036956
v -0.144132 -0.086598 0.016172
v -0.183147 -0.097607 -0.004040
v -0.073941 -0.017077 0.104979
v -0.088288 -0.042273 0.093480
v -0.112937 -0.065584 0.077123
v -0.149727 -0.079659 0.056236
v -0.185797 -0.092805 0.035869
v -0.221738 -0.102394 0.016172
v -0.327806 -0.020791 0.212918
v -0.317758 -0.044463 0.194752
v -0.284117 -0.026857 0.211650
v -0.305726 -0.067500 0.169846
v -0.270331 -0.051926 0.191800
v -0.237740 -0.027995 0.201452
v -0.292168 -0.081187 0.134493
v -0.257117 -0.066858 0.156563
v -0.222138 -0.049920 0.176698
v -0.191670 -0.027650 0.188859
v -0.278933 -0.097572 0.101777
v -0.242460 -0.088480 0.126492
v -0.206907 -0.070222 0.146631
v -0.175765 -0.047372 0.161386
v -0.145655 -0.027483 0.176580
v -0.267034 -0.101222 0.065780
v -0.232922 -0.091283 0.086845
v -0.196192 -0.081555 0.109710
v -0.164309 -0.061577 0.127388
v -0.133608 -0.042685 0.144475
v -0.106626 -0.022999 0.158913
v 0.230677 -0.065911 0.119461
v 0.397277 0.003920 0.230165
v 0.167009 0.003885 0.298681
v 0.028617 0.005119 0.119461
v 0.169074 0.005957 -0.053945
v 0.385591 0.008398 0.016523
v 0.294116 0.131401 0.298034
v 0.062083 0.132361 0.231490
v 0.067406 0.130322 0.010969
v 0.293585 0.130868 -0.057618
v 0.443269 0.133662 0.119461
v 0.230677 0.215115 0.119461
v 0.170494 -0.011905 0.288871
v 0.177648 -0.025094 0.268734
v 0.185074 -0.039372 0.247831
v 0.194877 -0.048464 0.220234
v 0.204252 -0.057550 0.193846
v 0.213604 -0.064271 0.167522
v 0.222713 -0.065300 0.141881
v 0.251550 -0.065431 0.133331
v 0.275746 -0.065358 0.149408
v 0.301553 -0.060613 0.166557
v 0.327792 -0.052665 0.183993
v 0.348560 -0.038016 0.197793
v 0.368797 -0.024615 0.211240
v 0.386446 -0.010997 0.222968
v 0.381374 -0.002044 0.249859
v 0.355429 -0.005278 0.265684
v 0.327350 -0.009133 0.283703
v 0.292016 -0.008301 0.292116
v 0.257841 -0.008622 0.303079
v 0.223569 -0.006930 0.309015
v 0.193704 0.000040 0.300398
v 0.397931 0.003669 0.036108
v 0.409099 -0.000610 0.060181
v 0.413918 -0.002457 0.089021
v 0.416156 -0.003314 0.119461
v 0.413795 -0.002410 0.149881
v 0.412255 -0.001820 0.179789
v 0.407131 0.000144 0.207400
v 0.251460 -0.064854 0.105651
v 0.274905 -0.062877 0.090072
v 0.302051 -0.061516 0.072034
v 0.325799 -0.050193 0.056254
v 0.348376 -0.037850 0.041252
v 0.367049 -0.023446 0.028843
v 0.377131 -0.006287 0.022144
v 0.041541 -0.009604 0.119461
v 0.057987 -0.025678 0.119461
v 0.080915 -0.040956 0.119461
v 0.110971 -0.052329 0.119461
v 0.143078 -0.060601 0.119461
v 0.174225 -0.067136 0.119461
v 0.204501 -0.067370 0.119461
v 0.143298 -0.000752 0.287664
v 0.117004 -0.005388 0.273392
v 0.096386 -0.005518 0.247965
v 0.073798 -0.006547 0.223707
v 0.049823 -0.007915 0.199086
v 0.038306 -0.004330 0.170029
v 0.032557 0.000534 0.143039
v 0.174005 -0.007258 -0.040067
v 0.178757 -0.023152 -0.026690
v 0.185192 -0.039094 -0.008576
v 0.194533 -0.049581 0.017720
v 0.203876 -0.059335 0.044017
v 0.213630 -0.064067 0.071475
v 0.222593 -0.067290 0.096706
v 0.034229 0.001102 0.096082
v 0.038435 -0.004282 0.068927
v 0.052091 -0.006967 0.040835
v 0.074470 -0.006228 0.015662
v 0.097501 -0.004910 -0.007975
v 0.123840 -0.000990 -0.025213
v 0.146704 0.001918 -0.042186
v 0.194681 0.001830 -0.056695
v 0.223876 -0.003702 -0.061901
v 0.256423 -0.004633 -0.054566
v 0.289860 -0.005629 -0.047128
v 0.321582 -0.004546 -0.034982
v 0.349000 -0.001514 -0.019226
v 0.371032 0.002746 -0.001988
v 0.449310 0.119834 0.134512
v 0.451884 0.103765 0.150681
v 0.447194 0.085833 0.166476
v 0.442685 0.067758 0.182463
v 0.432682 0.049981 0.196532
v 0.422822 0.032996 0.209883
v 0.410639 0.017522 0.221097
v 0.401017 0.020208 0.023260
v 0.422047 0.033137 0.029404
v 0.439758 0.049358 0.039691
v 0.443464 0.067758 0.056228
v 0.450950 0.086147 0.071630
v 0.447529 0.103056 0.088856
v 0.449445 0.119866 0.104401
v 0.280914 0.118156 0.308008
v 0.265705 0.102899 0.316662
v 0.248475 0.085614 0.319860
v 0.230677 0.067758 0.321850
v 0.212699 0.049722 0.321891
v 0.193933 0.030896 0.326323
v 0.178463 0.015376 0.315432
v 0.396634 0.016071 0.248203
v 0.388062 0.032094 0.262265
v 0.380371 0.049092 0.278949
v 0.366278 0.067758 0.290161
v 0.346068 0.085770 0.292656
v 0.330477 0.103401 0.300377
v 0.310830 0.117921 0.298166
v 0.048844 0.118517 0.222154
v 0.035697 0.103033 0.211218
v 0.024641 0.085891 0.198070
v 0.016477 0.067758 0.183115
v 0.007471 0.049125 0.167929
v 0.014463 0.032565 0.149976
v 0.018791 0.017290 0.134048
v 0.147974 0.016000 0.303852
v 0.128855 0.031394 0.304043
v 0.107194 0.048484 0.304803
v 0.091449 0.067758 0.294728
v 0.080512 0.086484 0.279451
v 0.072666 0.103565 0.262834
v 0.068686 0.118211 0.245127
v 0.071528 0.117326 -0.004000
v 0.078052 0.102344 -0.019024
v 0.087972 0.085553 -0.032581
v 0.100817 0.067758 -0.044013
v 0.112235 0.049271 -0.058315
v 0.134265 0.033326 -0.055315
v 0.152186 0.018636 -0.055540
v 0.022240 0.018111 0.105112
v 0.013377 0.032388 0.088793
v 0.010574 0.049384 0.071667
v 0.018347 0.067758 0.056363
v 0.022787 0.086054 0.040145
v 0.034472 0.103255 0.027128
v 0.048740 0.118547 0.016710
v 0.310961 0.118002 -0.059535
v 0.332041 0.103959 -0.064289
v 0.349735 0.086342 -0.059238
v 0.364259 0.067758 -0.048697
v 0.377300 0.049475 -0.036754
v 0.390115 0.031629 -0.025206
v 0.391580 0.017645 -0.005360
v 0.181259 0.018181 -0.066017
v 0.196717 0.033689 -0.071731
v 0.212454 0.049476 -0.085731
v 0.230677 0.067758 -0.080561
v 0.248362 0.085499 -0.079656
v 0.265192 0.102384 -0.074852
v 0.280033 0.117273 -0.065783
v 0.435645 0.137306 0.143854
v 0.421588 0.139300 0.169645
v 0.405477 0.140899 0.196420
v 0.384332 0.140536 0.221564
v 0.362191 0.139519 0.245307
v 0.339861 0.138016 0.267313
v 0.316777 0.135266 0.285201
v 0.267680 0.135531 0.300545
v 0.237419 0.138596 0.299242
v 0.205355 0.138962 0.290632
v 0.175340 0.136376 0.275223
v 0.143389 0.137186 0.267760
v 0.117782 0.133853 0.251787
v 0.087854 0.133914 0.243046
v 0.050775 0.136694 0.209118
v 0.037147 0.141916 0.183760
v 0.032547 0.143679 0.152375
v 0.034395 0.142971 0.119461
v 0.037803 0.141665 0.087420
v 0.045943 0.138546 0.058084
v 0.053393 0.135691 0.031109
v 0.086852 0.134378 -0.004991
v 0.108896 0.139056 -0.023280
v 0.140119 0.139786 -0.034393
v 0.172646 0.139717 -0.043885
v 0.205371 0.138915 -0.051597
v 0.237202 0.136310 -0.054520
v 0.267709 0.135583 -0.061761
v 0.314971 0.133850 -0.042803
v 0.338615 0.137215 -0.026703
v 0.359749 0.138186 -0.004047
v 0.386921 0.141762 0.015638
v 0.412027 0.143640 0.039618
v 0.423915 0.140172 0.068665
v 0.435185 0.137150 0.095123
v 0.239250 0.210980 0.143594
v 0.248782 0.207760 0.170424
v 0.258373 0.199090 0.197422
v 0.267552 0.187472 0.223261
v 0.275705 0.173536 0.246210
v 0.283080 0.159514 0.266970
v 0.289652 0.145822 0.285470
v 0.427631 0.148318 0.119461
v 0.403277 0.161146 0.119461
v 0.376568 0.173662 0.119461
v 0.351256 0.188721 0.119461
v 0.322817 0.202771 0.119461
v 0.290258 0.210129 0.119461
v 0.258913 0.213517 0.119461
v 0.207650 0.214697 0.134763
v 0.182477 0.210125 0.151490
v 0.156238 0.202586 0.168925
v 0.131045 0.191304 0.185666
v 0.108756 0.177156 0.200476
v 0.091218 0.161028 0.212130
v 0.075845 0.146040 0.222346
v 0.208263 0.210783 0.104567
v 0.182824 0.209100 0.087663
v 0.154515 0.205706 0.068852
v 0.131046 0.191303 0.053257
v 0.109163 0.176791 0.038716
v 0.090059 0.161803 0.026022
v 0.078141 0.144879 0.018103
v 0.239317 0.212096 0.095141
v 0.249088 0.210125 0.067638
v 0.258489 0.199642 0.041173
v 0.267822 0.188347 0.014902
v 0.275652 0.173410 -0.007137
v 0.282354 0.158242 -0.026003
v 0.288844 0.144753 -0.044273
v 0.269949 0.211136 0.093365
v 0.303395 0.206198 0.092068
v 0.280551 0.203257 0.065838
v 0.338198 0.198145 0.091198
v 0.313970 0.195425 0.064113
v 0.289897 0.191075 0.039268
v 0.364417 0.180410 0.092464
v 0.349220 0.186679 0.062462
v 0.321653 0.180570 0.038354
v 0.297807 0.176724 0.015006
v 0.389707 0.165003 0.093405
v 0.374958 0.169185 0.065109
v 0.353675 0.169438 0.037729
v 0.325189 0.162572 0.017844
v 0.304707 0.162189 -0.007046
v 0.417760 0.152662 0.093668
v 0.400391 0.154252 0.066908
v 0.386995 0.158598 0.036671
v 0.357763 0.153658 0.015077
v 0.333164 0.150533 -0.006273
v 0.311869 0.149211 -0.029008
v 0.215859 0.209393 0.077751
v 0.224748 0.204238 0.048760
v 0.188770 0.208493 0.057193
v 0.234449 0.196016 0.018872
v 0.198367 0.197409 0.028515
v 0.163773 0.194512 0.041042
v 0.243682 0.178293 -0.002869
v 0.209023 0.181503 0.003990
v 0.174609 0.180252 0.015558
v 0.141975 0.177750 0.027937
v 0.252151 0.162472 -0.023109
v 0.219036 0.166691 -0.019336
v 0.184937 0.166751 -0.009288
v 0.151418 0.166041 0.001694
v 0.117750 0.165885 0.011924
v 0.260549 0.149602 -0.045088
v 0.228523 0.152268 -0.040641
v 0.194942 0.153668 -0.033325
v 0.162147 0.152736 -0.021807
v 0.129493 0.152295 -0.011264
v 0.102540 0.148480 0.004003
v 0.182622 0.209699 0.119461
v 0.153508 0.207529 0.102369
v 0.153348 0.207820 0.136589
v 0.125625 0.198025 0.084558
v 0.123973 0.200074 0.119461
v 0.124881 0.198947 0.154611
v 0.104723 0.180775 0.069244
v 0.098256 0.186577 0.101863
v 0.099539 0.185427 0.136889
v 0.100609 0.184467 0.171319
v 0.084883 0.165265 0.054875
v 0.077642 0.170107 0.085564
v 0.072243 0.173719 0.119461
v 0.071378 0.174297 0.154745
v 0.079563 0.168823 0.186404
v 0.064972 0.151537 0.040812
v 0.061815 0.153134 0.071372
v 0.055262 0.156447 0.102809
v 0.052041 0.158075 0.136419
v 0.049703 0.159257 0.170999
v 0.064351 0.151851 0.198405
v 0.215962 0.208407 0.160881
v 0.190114 0.203977 0.179732
v 0.224937 0.199880 0.187905
v 0.164951 0.192281 0.196500
v 0.200500 0.188852 0.204405
v 0.234222 0.188296 0.213995
v 0.138822 0.181660 0.214239
v 0.174844 0.179780 0.222929
v 0.209960 0.176582 0.229936
v 0.243496 0.176711 0.240041
v 0.115001 0.168273 0.229616
v 0.151294 0.166195 0.237413
v 0.185904 0.164658 0.245488
v 0.219164 0.165603 0.256731
v 0.252563 0.164287 0.264764
v 0.100822 0.149562 0.236467
v 0.132744 0.149579 0.245986
v 0.163803 0.150683 0.257315
v 0.195827 0.151539 0.268461
v 0.228562 0.150748 0.276685
v 0.260070 0.148289 0.281370
v 0.269893 0.210932 0.145520
v 0.280547 0.203246 0.173080
v 0.303583 0.206558 0.146926
v 0.292470 0.196433 0.203138
v 0.316307 0.199006 0.176362
v 0.338117 0.198048 0.147704
v 0.300730 0.181469 0.228465
v 0.327526 0.187853 0.205804
v 0.350716 0.188180 0.177180
v 0.364990 0.180892 0.146574
v 0.307421 0.165651 0.250607
v 0.334069 0.171481 0.230626
v 0.358665 0.173563 0.204509
v 0.379095 0.172094 0.175372
v 0.390933 0.165752 0.145718
v 0.314282 0.151631 0.272342
v 0.339368 0.155544 0.252806
v 0.363498 0.157534 0.228555
v 0.382727 0.156118 0.199991
v 0.401026 0.154576 0.172211
v 0.415493 0.151633 0.144942
v 0.440192 0.122507 0.078035
v 0.442732 0.105718 0.059920
v 0.428449 0.124995 0.049386
v 0.447884 0.087751 0.039410
v 0.427970 0.106989 0.030408
v 0.415847 0.127803 0.017868
v 0.442101 0.067758 0.021902
v 0.428090 0.088006 0.009982
v 0.412436 0.108404 -0.001316
v 0.389241 0.126218 -0.006788
v 0.422011 0.049089 0.012331
v 0.415275 0.067758 -0.003203
v 0.402383 0.087642 -0.015946
v 0.384619 0.107084 -0.024979
v 0.357608 0.121982 -0.022998
v 0.407429 0.032196 0.002011
v 0.403107 0.048881 -0.015349
v 0.393132 0.067758 -0.030305
v 0.377488 0.087278 -0.040855
v 0.357160 0.105432 -0.045341
v 0.334742 0.120600 -0.044078
v 0.251448 0.120248 -0.067534
v 0.234114 0.103871 -0.073516
v 0.219720 0.121110 -0.061078
v 0.215808 0.086197 -0.077603
v 0.200847 0.104748 -0.068295
v 0.185226 0.124118 -0.061187
v 0.196910 0.067758 -0.080675
v 0.181649 0.086545 -0.071260
v 0.165815 0.105732 -0.063117
v 0.151076 0.124312 -0.051709
v 0.179350 0.049427 -0.076455
v 0.162372 0.067758 -0.072808
v 0.149619 0.086127 -0.057167
v 0.133620 0.104950 -0.049387
v 0.117615 0.124047 -0.040851
v 0.166511 0.033959 -0.061158
v 0.146619 0.049498 -0.065916
v 0.131935 0.067758 -0.056054
v 0.115429 0.086298 -0.048882
v 0.102431 0.104282 -0.036570
v 0.092461 0.120721 -0.021918
v 0.038918 0.121288 0.042105
v 0.020506 0.105782 0.053524
v 0.029414 0.123941 0.070747
v 0.012601 0.086950 0.069540
v 0.016612 0.106486 0.085882
v 0.024092 0.125427 0.102794
v 0.007684 0.067758 0.086328
v 0.009283 0.087242 0.102567
v 0.013697 0.107014 0.119461
v 0.024900 0.125201 0.136063
v 0.004894 0.048910 0.103119
v -0.002713 0.067758 0.119461
v 0.009841 0.087193 0.136312
v 0.015655 0.106659 0.153191
v 0.026973 0.124623 0.168766
v 0.011482 0.032079 0.119461
v 0.004875 0.048909 0.135805
v 0.008963 0.067759 0.152405
v 0.013347 0.086885 0.169212
v 0.019690 0.105929 0.185654
v 0.035120 0.122349 0.198349
v 0.092632 0.120655 0.260665
v 0.099991 0.104977 0.278461
v 0.121349 0.122188 0.274479
v 0.111466 0.086936 0.293593
v 0.131045 0.105936 0.292787
v 0.152902 0.123015 0.286704
v 0.125125 0.067758 0.307082
v 0.145621 0.087032 0.304799
v 0.165796 0.105743 0.302090
v 0.185873 0.123315 0.297538
v 0.141158 0.048311 0.316881
v 0.159986 0.067758 0.318447
v 0.180331 0.087050 0.315309
v 0.199073 0.106948 0.318382
v 0.219266 0.123323 0.307488
v 0.160482 0.030783 0.317052
v 0.176875 0.048543 0.324824
v 0.196206 0.067758 0.323766
v 0.215629 0.086419 0.318896
v 0.234204 0.104813 0.317475
v 0.251752 0.121015 0.309190
v 0.334820 0.120639 0.283122
v 0.354737 0.104711 0.281107
v 0.360264 0.123117 0.264901
v 0.372311 0.086590 0.274125
v 0.381354 0.106250 0.260838
v 0.384670 0.124532 0.242071
v 0.391898 0.067758 0.268090
v 0.396893 0.087006 0.250539
v 0.407889 0.107387 0.237217
v 0.407738 0.125173 0.216605
v 0.403196 0.048871 0.254341
v 0.409757 0.067758 0.238458
v 0.418992 0.087072 0.223895
v 0.425888 0.106575 0.207575
v 0.425611 0.124173 0.188531
v 0.408739 0.031932 0.237782
v 0.416358 0.049640 0.223427
v 0.424986 0.067758 0.209123
v 0.432120 0.086299 0.193703
v 0.438203 0.104907 0.177731
v 0.437853 0.121895 0.160425
v 0.297536 0.102977 -0.068739
v 0.316991 0.086509 -0.070889
v 0.281675 0.085972 -0.075195
v 0.336213 0.067758 -0.068129
v 0.301829 0.067758 -0.080819
v 0.264671 0.067758 -0.082017
v 0.354368 0.047860 -0.061214
v 0.321200 0.047245 -0.077789
v 0.281300 0.048360 -0.077462
v 0.245970 0.048796 -0.083205
v 0.365417 0.029385 -0.044471
v 0.335080 0.027753 -0.062165
v 0.297454 0.028664 -0.068503
v 0.260592 0.030665 -0.068822
v 0.227194 0.031160 -0.076113
v 0.371982 0.013613 -0.025076
v 0.344111 0.011285 -0.041378
v 0.313723 0.008757 -0.059116
v 0.276149 0.011374 -0.061267
v 0.241919 0.013021 -0.065765
v 0.209362 0.013893 -0.072438
v 0.057565 0.102588 0.004430
v 0.064961 0.085901 -0.010101
v 0.041724 0.086196 0.013663
v 0.073281 0.067758 -0.025642
v 0.052741 0.067758 0.001224
v 0.031069 0.067758 0.027354
v 0.084966 0.048385 -0.039656
v 0.062650 0.048301 -0.013046
v 0.043194 0.048529 0.015489
v 0.024563 0.048787 0.043497
v 0.106119 0.030658 -0.042833
v 0.079989 0.029264 -0.021927
v 0.056007 0.028698 0.003393
v 0.035769 0.029002 0.031483
v 0.024519 0.030854 0.061575
v 0.129998 0.016636 -0.038758
v 0.101120 0.012412 -0.025947
v 0.073215 0.009705 -0.005912
v 0.051909 0.009789 0.021379
v 0.035961 0.011406 0.050468
v 0.025841 0.014233 0.078960
v 0.053177 0.103471 0.237408
v 0.035489 0.086804 0.228750
v 0.056871 0.086787 0.255348
v 0.030957 0.067758 0.211620
v 0.044352 0.067758 0.243273
v 0.068615 0.067758 0.268866
v 0.018895 0.048265 0.197514
v 0.036504 0.047843 0.227144
v 0.057373 0.047690 0.256130
v 0.080857 0.047838 0.283064
v 0.017571 0.029610 0.179298
v 0.031187 0.028091 0.209508
v 0.055385 0.028559 0.235942
v 0.074736 0.027922 0.265779
v 0.100406 0.028956 0.289200
v 0.023302 0.013569 0.160465
v 0.027448 0.008943 0.191470
v 0.047745 0.008439 0.219827
v 0.073336 0.009749 0.244738
v 0.095641 0.010072 0.271018
v 0.119784 0.011449 0.293732
v 0.296577 0.102471 0.304962
v 0.282094 0.086121 0.315716
v 0.314430 0.085952 0.304163
v 0.264491 0.067758 0.319870
v 0.301204 0.067758 0.317983
v 0.334528 0.067758 0.304057
v 0.246415 0.048244 0.328023
v 0.283371 0.047567 0.324440
v 0.319389 0.047656 0.312765
v 0.353348 0.048024 0.298646
v 0.227062 0.029775 0.322439
v 0.263369 0.027221 0.325224
v 0.301553 0.026264 0.318965
v 0.335570 0.027565 0.301939
v 0.362655 0.030172 0.280032
v 0.209151 0.013359 0.313261
v 0.242562 0.009891 0.315281
v 0.279644 0.007040 0.314083
v 0.313528 0.008896 0.297618
v 0.347120 0.009787 0.284566
v 0.374372 0.012696 0.266444
v 0.456115 0.104454 0.119461
v 0.455998 0.086568 0.135770
v 0.454074 0.086407 0.103291
v 0.452100 0.067758 0.152361
v 0.451633 0.067758 0.119461
v 0.450481 0.067758 0.086802
v 0.439099 0.049416 0.167173
v 0.445684 0.048837 0.135867
v 0.445166 0.048882 0.103094
v 0.441399 0.049214 0.071223
v 0.434730 0.030842 0.183478
v 0.438087 0.030235 0.151996
v 0.437834 0.030281 0.119461
v 0.441962 0.029534 0.086318
v 0.432246 0.031291 0.056223
v 0.420384 0.014801 0.195989
v 0.427920 0.012698 0.167202
v 0.427120 0.012921 0.135310
v 0.428256 0.012604 0.103520
v 0.422670 0.014163 0.072991
v 0.412309 0.017056 0.046191
v 0.356963 -0.011796 0.005672
v 0.339338 -0.026661 0.015986
v 0.331689 -0.016634 -0.011041
v 0.319440 -0.042309 0.027874
v 0.308747 -0.029048 0.003462
v 0.299789 -0.017941 -0.023006
v 0.295592 -0.055227 0.043373
v 0.286923 -0.045092 0.015228
v 0.277126 -0.032769 -0.011285
v 0.266472 -0.018294 -0.033579
v 0.269483 -0.062559 0.061802
v 0.261921 -0.057615 0.031515
v 0.252732 -0.048085 0.001858
v 0.242156 -0.029798 -0.017405
v 0.232877 -0.018535 -0.044021
v 0.244444 -0.063822 0.080711
v 0.236228 -0.059997 0.053279
v 0.227116 -0.053340 0.024487
v 0.217387 -0.045199 -0.005552
v 0.208917 -0.028219 -0.025012
v 0.202055 -0.010662 -0.038205
v 0.152144 -0.011027 -0.024147
v 0.157409 -0.025701 -0.005745
v 0.124886 -0.017685 -0.010327
v 0.163778 -0.040832 0.015365
v 0.129727 -0.033514 0.010922
v 0.100908 -0.019954 0.012874
v 0.172858 -0.052641 0.041166
v 0.140388 -0.044202 0.038967
v 0.105318 -0.035873 0.036160
v 0.077767 -0.021101 0.038476
v 0.182947 -0.061917 0.068143
v 0.149244 -0.057058 0.065349
v 0.118481 -0.044796 0.065514
v 0.085606 -0.034224 0.064811
v 0.059110 -0.019680 0.066334
v 0.193686 -0.067296 0.094880
v 0.161755 -0.063457 0.093497
v 0.129879 -0.054476 0.092965
v 0.100063 -0.042260 0.093095
v 0.064800 -0.033673 0.092284
v 0.045426 -0.016314 0.093920
v 0.048005 -0.015143 0.144646
v 0.066841 -0.032425 0.146304
v 0.059326 -0.019570 0.172521
v 0.097327 -0.044565 0.146380
v 0.084248 -0.035178 0.174623
v 0.078903 -0.020441 0.199845
v 0.129021 -0.055517 0.146183
v 0.116785 -0.046497 0.174224
v 0.105690 -0.035565 0.202515
v 0.098146 -0.021821 0.228317
v 0.161260 -0.064399 0.145612
v 0.149317 -0.056946 0.173525
v 0.139610 -0.045166 0.200649
v 0.129935 -0.033305 0.227777
v 0.122318 -0.019759 0.252399
v 0.193538 -0.067835 0.144140
v 0.182604 -0.062848 0.171148
v 0.172604 -0.053169 0.198101
v 0.162295 -0.043240 0.225866
v 0.152140 -0.032420 0.253670
v 0.146421 -0.016768 0.273534
v 0.387099 -0.011327 0.045218
v 0.396452 -0.016056 0.072252
v 0.377896 -0.030701 0.054244
v 0.394846 -0.015243 0.103877
v 0.378655 -0.031208 0.086685
v 0.355531 -0.044271 0.069683
v 0.400393 -0.018048 0.135572
v 0.377936 -0.030727 0.119461
v 0.355668 -0.044393 0.102850
v 0.332186 -0.058114 0.085735
v 0.396934 -0.016299 0.166808
v 0.376496 -0.029764 0.151759
v 0.354442 -0.043293 0.135909
v 0.331794 -0.057627 0.119461
v 0.303277 -0.063736 0.103381
v 0.392103 -0.013857 0.196079
v 0.375534 -0.029121 0.183632
v 0.352326 -0.041394 0.167962
v 0.330615 -0.056165 0.152665
v 0.302908 -0.063068 0.135460
v 0.275651 -0.065077 0.119461
v 0.200058 -0.016131 0.288125
v 0.208104 -0.031805 0.269333
v 0.232961 -0.021825 0.289177
v 0.217471 -0.044492 0.243691
v 0.242915 -0.036247 0.265375
v 0.268488 -0.023139 0.281118
v 0.227174 -0.051361 0.212883
v 0.251904 -0.043734 0.232646
v 0.278136 -0.034953 0.253048
v 0.303261 -0.022245 0.269084
v 0.236362 -0.063071 0.187235
v 0.261394 -0.055497 0.205921
v 0.287175 -0.045597 0.224161
v 0.312232 -0.033370 0.240639
v 0.334692 -0.019143 0.253843
v 0.244141 -0.060926 0.157358
v 0.269943 -0.064103 0.177804
v 0.298084 -0.059947 0.198469
v 0.321759 -0.045184 0.213440
v 0.342616 -0.029508 0.226056
v 0.368166 -0.018853 0.243344
v 0.094126 -0.095231 -0.241917
v 0.292343 0.008761 -0.122697
v 0.015765 0.006102 -0.042259
v -0.153450 0.007966 -0.241917
v 0.018939 0.009286 -0.433487
v 0.301224 0.005358 -0.366479
v 0.171276 0.162113 -0.045347
v -0.098158 0.158396 -0.126265
v -0.115765 0.165142 -0.368158
v 0.171877 0.162716 -0.440020
v 0.358665 0.166722 -0.241917
v 0.094126 0.269165 -0.241917
v 0.020606 -0.012602 -0.054595
v 0.027587 -0.031792 -0.072383
v 0.036318 -0.051085 -0.094628
v 0.047014 -0.068233 -0.121879
v 0.059772 -0.078192 -0.154385
v 0.071408 -0.090960 -0.184034
v 0.083407 -0.094360 -0.214605
v 0.121821 -0.092007 -0.225260
v 0.151130 -0.083655 -0.207631
v 0.183075 -0.076392 -0.188418
v 0.216296 -0.066777 -0.168437
v 0.245375 -0.050998 -0.150947
v 0.264811 -0.029438 -0.139257
v 0.281227 -0.009881 -0.129383
v 0.270168 0.003172 -0.104036
v 0.242310 -0.002040 -0.084703
v 0.208600 -0.006335 -0.065878
v 0.170050 -0.009431 -0.048476
v 0.127547 -0.009259 -0.037434
v 0.085517 -0.005744 -0.034114
v 0.047766 -0.000197 -0.036559
v 0.312441 0.001060 -0.340398
v 0.318311 -0.001189 -0.309336
v 0.326579 -0.004358 -0.276870
v 0.332850 -0.006761 -0.241917
v 0.333469 -0.006998 -0.205928
v 0.323259 -0.003085 -0.173010
v 0.306785 0.003227 -0.145987
v 0.121701 -0.091242 -0.258503
v 0.150283 -0.081155 -0.275694
v 0.181264 -0.073111 -0.294327
v 0.209812 -0.058737 -0.311498
v 0.235454 -0.042096 -0.326921
v 0.259997 -0.026218 -0.341682
v 0.284010 -0.011288 -0.356125
v -0.136436 -0.009591 -0.241917
v -0.112038 -0.026833 -0.241917
v -0.087375 -0.047038 -0.241917
v -0.052920 -0.062800 -0.241917
v -0.012045 -0.070858 -0.241917
v 0.022387 -0.086710 -0.241917
v 0.059957 -0.091673 -0.241917
v -0.013788 0.000104 -0.053888
v -0.046218 -0.005594 -0.069896
v -0.080570 -0.010609 -0.090606
v -0.101800 -0.008084 -0.124074
v -0.124155 -0.006619 -0.154930
v -0.141211 -0.003475 -0.185922
v -0.148144 0.002510 -0.215820
v 0.024180 -0.007872 -0.420134
v 0.031851 -0.024326 -0.400588
v 0.040521 -0.041212 -0.378498
v 0.049821 -0.059119 -0.354802
v 0.061014 -0.072303 -0.326285
v 0.072060 -0.085923 -0.298140
v 0.083580 -0.091468 -0.268788
v -0.154804 0.000251 -0.268732
v -0.147212 -0.005723 -0.299340
v -0.129377 -0.008804 -0.330985
v -0.110259 -0.012091 -0.364848
v -0.072303 -0.006097 -0.386067
v -0.036167 0.000874 -0.401619
v -0.008160 0.004517 -0.420139
v 0.051223 0.006136 -0.431959
v 0.086135 0.000753 -0.434796
v 0.125655 -0.003940 -0.434826
v 0.167568 -0.006353 -0.429033
v 0.205532 -0.003895 -0.413237
v 0.247252 -0.004933 -0.404374
v 0.274572 0.001132 -0.383247
v 0.371942 0.150887 -0.224606
v 0.376179 0.130626 -0.205886
v 0.370488 0.107785 -0.187599
v 0.366884 0.084715 -0.168550
v 0.356634 0.061613 -0.151262
v 0.335763 0.040999 -0.138990
v 0.312247 0.023826 -0.130415
v 0.315256 0.022986 -0.354957
v 0.334161 0.041289 -0.344162
v 0.343093 0.062805 -0.327896
v 0.362091 0.084715 -0.313995
v 0.367509 0.107537 -0.295650
v 0.377843 0.130896 -0.278161
v 0.368361 0.150034 -0.259005
v 0.156816 0.147606 -0.028946
v 0.138673 0.129405 -0.014913
v 0.117247 0.107910 -0.006276
v 0.094126 0.084715 -0.008307
v 0.071355 0.061870 -0.009838
v 0.050531 0.040980 -0.019765
v 0.032214 0.022604 -0.031588
v 0.294443 0.022326 -0.101259
v 0.283670 0.041763 -0.086246
v 0.276107 0.062023 -0.066421
v 0.260531 0.084715 -0.052309
v 0.240750 0.107602 -0.042716
v 0.219641 0.129541 -0.035967
v 0.195711 0.148290 -0.036911
v -0.117122 0.143685 -0.133928
v -0.136273 0.126398 -0.143777
v -0.166213 0.107626 -0.152011
v -0.176404 0.084715 -0.169150
v -0.176264 0.062143 -0.188772
v -0.171387 0.041497 -0.207999
v -0.159855 0.024220 -0.226091
v -0.006099 0.021991 -0.039655
v -0.026677 0.041572 -0.043697
v -0.046408 0.062779 -0.050990
v -0.067093 0.084715 -0.058218
v -0.086247 0.107207 -0.067970
v -0.094846 0.127537 -0.086715
v -0.096320 0.144029 -0.108191
v -0.116601 0.150346 -0.389885
v -0.109434 0.130843 -0.409099
v -0.094847 0.108279 -0.424157
v -0.077260 0.084715 -0.437201
v -0.051624 0.061965 -0.439930
v -0.029341 0.040620 -0.444507
v -0.002057 0.024521 -0.436022
v -0.164461 0.023123 -0.258030
v -0.171655 0.041453 -0.275870
v -0.180836 0.061761 -0.295960
v -0.170398 0.084715 -0.313069
v -0.168808 0.107855 -0.332719
v -0.155312 0.129842 -0.348167
v -0.138746 0.149722 -0.360960
v 0.193775 0.147078 -0.443016
v 0.215616 0.128103 -0.441263
v 0.235534 0.106787 -0.434031
v 0.258320 0.084715 -0.429006
v 0.272671 0.062451 -0.414100
v 0.287975 0.040788 -0.401124
v 0.295799 0.021904 -0.383527
v 0.032838 0.023230 -0.450126
v 0.050384 0.040832 -0.464820
v 0.071360 0.061876 -0.473943
v 0.094126 0.084715 -0.471516
v 0.116040 0.106700 -0.465258
v 0.137113 0.127840 -0.460972
v 0.156183 0.146971 -0.452738
v 0.347273 0.170610 -0.214648
v 0.334800 0.174904 -0.184653
v 0.314550 0.176946 -0.154076
v 0.287343 0.176231 -0.125703
v 0.261268 0.175916 -0.097150
v 0.229252 0.171666 -0.076292
v 0.199873 0.167626 -0.057665
v 0.139755 0.168287 -0.039801
v 0.102506 0.172766 -0.039645
v 0.061442 0.176617 -0.041942
v 0.018584 0.178387 -0.049450
v -0.021011 0.176293 -0.064858
v -0.054023 0.171450 -0.084740
v -0.074993 0.163051 -0.109458
v -0.112680 0.163960 -0.148627
v -0.130112 0.170640 -0.174482
v -0.145350 0.176479 -0.205908
v -0.142389 0.175344 -0.241917
v -0.136224 0.172982 -0.276554
v -0.128287 0.169941 -0.308804
v -0.124878 0.168634 -0.340709
v -0.090405 0.170190 -0.386447
v -0.055751 0.172461 -0.400927
v -0.018168 0.174031 -0.414603
v 0.022103 0.174024 -0.425420
v 0.063261 0.171502 -0.430761
v 0.101991 0.167351 -0.431750
v 0.137714 0.164548 -0.434992
v 0.197644 0.165878 -0.422285
v 0.232762 0.173924 -0.411844
v 0.261435 0.176008 -0.386830
v 0.290255 0.177610 -0.359882
v 0.308730 0.174510 -0.327439
v 0.330578 0.173322 -0.298177
v 0.347383 0.170647 -0.269198
v 0.104875 0.264278 -0.214531
v 0.116351 0.256579 -0.185290
v 0.128796 0.249119 -0.153581
v 0.138107 0.227498 -0.129857
v 0.148939 0.213479 -0.102259
v 0.161054 0.201903 -0.071391
v 0.167595 0.181964 -0.054725
v 0.333175 0.182493 -0.241917
v 0.304969 0.198794 -0.241917
v 0.277444 0.217788 -0.241917
v 0.239889 0.230942 -0.241917
v 0.205003 0.247183 -0.241917
v 0.167829 0.260833 -0.241917
v 0.128878 0.264112 -0.241917
v 0.065123 0.269784 -0.224473
v 0.033734 0.263092 -0.205594
v 0.005050 0.246053 -0.188341
v -0.025957 0.233620 -0.169691
v -0.050467 0.214456 -0.154950
v -0.068317 0.193356 -0.144214
v -0.086589 0.176083 -0.133224
v 0.065816 0.265363 -0.258945
v 0.036970 0.253535 -0.276294
v 0.005757 0.244772 -0.295068
v -0.024691 0.232050 -0.313381
v -0.054164 0.217773 -0.331108
v -0.073833 0.197045 -0.342938
v -0.092624 0.179134 -0.354240
v 0.104765 0.262451 -0.269025
v 0.116790 0.259975 -0.299663
v 0.128783 0.249056 -0.330219
v 0.141028 0.236981 -0.361419
v 0.151804 0.220209 -0.388874
v 0.159325 0.198876 -0.408037
v 0.166047 0.179915 -0.425165
v 0.142529 0.261431 -0.271030
v 0.183815 0.255466 -0.272499
v 0.156734 0.254813 -0.302847
v 0.222959 0.240947 -0.272571
v 0.198593 0.244836 -0.304751
v 0.170214 0.243156 -0.335178
v 0.262038 0.226151 -0.272598
v 0.238837 0.229887 -0.304899
v 0.214376 0.233827 -0.338954
v 0.184204 0.230931 -0.368786
v 0.293353 0.206539 -0.271463
v 0.272126 0.209845 -0.302612
v 0.251629 0.214919 -0.336650
v 0.226079 0.217089 -0.370333
v 0.192590 0.210313 -0.394220
v 0.323213 0.188680 -0.270506
v 0.298990 0.189123 -0.299338
v 0.280688 0.193130 -0.331354
v 0.254153 0.192880 -0.360891
v 0.229906 0.194380 -0.392696
v 0.198694 0.189618 -0.414995
v 0.075911 0.258819 -0.288326
v 0.086863 0.251886 -0.320303
v 0.044371 0.251803 -0.308834
v 0.098712 0.240642 -0.352607
v 0.055715 0.238848 -0.339782
v 0.013883 0.236740 -0.327050
v 0.111091 0.228913 -0.386367
v 0.067144 0.226443 -0.372149
v 0.022225 0.228975 -0.362523
v -0.016826 0.222297 -0.345540
v 0.122358 0.209234 -0.411575
v 0.079123 0.212217 -0.403828
v 0.034181 0.214450 -0.394646
v -0.005968 0.208832 -0.376534
v -0.043814 0.204576 -0.360815
v 0.131265 0.186467 -0.427088
v 0.091472 0.188851 -0.420489
v 0.050120 0.190506 -0.412217
v 0.007155 0.192560 -0.404194
v -0.033774 0.191572 -0.391485
v -0.067083 0.186270 -0.373396
v 0.033677 0.263263 -0.241917
v 0.002069 0.251452 -0.260373
v 0.001071 0.253259 -0.223261
v -0.027911 0.236043 -0.278617
v -0.029275 0.237734 -0.241917
v -0.026463 0.234247 -0.205652
v -0.057996 0.221212 -0.296815
v -0.063331 0.225998 -0.260858
v -0.057294 0.220582 -0.223702
v -0.056384 0.219765 -0.187601
v -0.079213 0.200643 -0.311422
v -0.088429 0.206807 -0.278517
v -0.092471 0.209510 -0.241917
v -0.093857 0.210437 -0.204229
v -0.082948 0.203141 -0.170915
v -0.097929 0.181816 -0.324427
v -0.107904 0.186859 -0.293994
v -0.120556 0.193256 -0.260363
v -0.124208 0.195102 -0.223157
v -0.121065 0.193513 -0.186447
v -0.099639 0.182681 -0.158672
v 0.075387 0.263822 -0.194174
v 0.042979 0.256475 -0.173129
v 0.086986 0.249043 -0.164864
v 0.010818 0.242547 -0.153533
v 0.055288 0.240562 -0.142964
v 0.098552 0.235193 -0.135095
v -0.019571 0.225700 -0.135731
v 0.023159 0.227101 -0.122878
v 0.067310 0.225569 -0.112488
v 0.109916 0.218920 -0.107477
v -0.045816 0.206315 -0.121294
v -0.008367 0.211807 -0.104074
v 0.034089 0.214650 -0.088953
v 0.079355 0.210251 -0.082502
v 0.121982 0.207577 -0.074516
v -0.062164 0.183171 -0.114450
v -0.035201 0.192764 -0.090682
v 0.002488 0.198347 -0.070931
v 0.047927 0.195780 -0.063129
v 0.091389 0.192081 -0.057805
v 0.132511 0.189882 -0.050531
v 0.143050 0.263332 -0.212491
v 0.157412 0.256655 -0.180327
v 0.184429 0.256635 -0.211126
v 0.167213 0.236907 -0.152334
v 0.201248 0.248904 -0.177487
v 0.224313 0.242589 -0.210941
v 0.176422 0.218298 -0.126009
v 0.208330 0.226329 -0.149760
v 0.235862 0.226903 -0.180230
v 0.257641 0.222447 -0.212040
v 0.189215 0.206008 -0.094834
v 0.218744 0.209731 -0.120639
v 0.245723 0.210036 -0.150736
v 0.270609 0.208779 -0.181740
v 0.289281 0.204049 -0.212975
v 0.197908 0.188829 -0.070140
v 0.226290 0.191459 -0.095153
v 0.258018 0.195492 -0.120070
v 0.280376 0.192948 -0.152630
v 0.301140 0.190219 -0.183894
v 0.322156 0.188201 -0.213460
v 0.358241 0.153731 -0.289186
v 0.363880 0.133003 -0.310475
v 0.334876 0.154389 -0.319129
v 0.353958 0.108631 -0.328595
v 0.341144 0.133833 -0.342840
v 0.314354 0.156128 -0.351284
v 0.341336 0.084715 -0.345170
v 0.329559 0.108862 -0.360097
v 0.311698 0.133369 -0.372779
v 0.288147 0.156247 -0.381745
v 0.326000 0.062090 -0.359432
v 0.317642 0.084715 -0.376354
v 0.307201 0.109389 -0.394011
v 0.279713 0.132125 -0.399533
v 0.260968 0.155988 -0.411409
v 0.315869 0.040100 -0.375287
v 0.302671 0.061883 -0.389499
v 0.286316 0.084715 -0.402290
v 0.271982 0.108363 -0.417714
v 0.251087 0.131467 -0.427033
v 0.225811 0.151581 -0.429233
v 0.119361 0.148486 -0.447555
v 0.098509 0.130763 -0.464648
v 0.080524 0.150945 -0.444779
v 0.075122 0.108280 -0.469886
v 0.056827 0.130966 -0.454414
v 0.037090 0.155440 -0.447109
v 0.051123 0.084715 -0.472619
v 0.030315 0.109166 -0.466599
v 0.010019 0.133956 -0.456209
v -0.007288 0.156766 -0.439307
v 0.027849 0.061045 -0.470901
v 0.007669 0.084715 -0.462199
v -0.014882 0.109417 -0.456919
v -0.035400 0.134347 -0.445877
v -0.051348 0.157140 -0.428622
v 0.009909 0.040353 -0.456492
v -0.012847 0.061477 -0.455452
v -0.035301 0.084715 -0.450155
v -0.056979 0.109023 -0.441701
v -0.071229 0.131807 -0.424015
v -0.088102 0.154542 -0.410635
v -0.148962 0.152573 -0.330678
v -0.169447 0.132399 -0.316764
v -0.159295 0.155458 -0.297437
v -0.181870 0.109004 -0.299105
v -0.188847 0.135909 -0.282095
v -0.165742 0.157258 -0.260895
v -0.189649 0.084715 -0.280082
v -0.196778 0.110316 -0.262009
v -0.184855 0.135187 -0.241917
v -0.167389 0.157717 -0.222819
v -0.179477 0.061875 -0.259842
v -0.193054 0.084715 -0.241917
v -0.183993 0.109191 -0.222708
v -0.176022 0.133589 -0.203560
v -0.149856 0.152823 -0.188465
v -0.172988 0.041236 -0.241917
v -0.178983 0.061916 -0.224024
v -0.184478 0.084715 -0.204447
v -0.179893 0.108830 -0.185139
v -0.157168 0.130178 -0.170557
v -0.133163 0.148163 -0.158925
v -0.074431 0.149304 -0.085856
v -0.066858 0.130562 -0.064633
v -0.046382 0.154668 -0.061586
v -0.048775 0.107703 -0.052980
v -0.031825 0.132977 -0.043587
v -0.006078 0.155906 -0.046882
v -0.031040 0.084715 -0.040535
v -0.009572 0.108213 -0.037389
v 0.010614 0.133607 -0.029141
v 0.035758 0.157091 -0.031935
v -0.008989 0.062315 -0.036084
v 0.009749 0.084715 -0.026936
v 0.031475 0.108722 -0.021320
v 0.054949 0.133294 -0.018725
v 0.079767 0.154632 -0.027764
v 0.010543 0.040687 -0.028958
v 0.029481 0.061628 -0.018575
v 0.051205 0.084715 -0.011658
v 0.074978 0.108458 -0.012224
v 0.098648 0.132226 -0.012107
v 0.120314 0.150895 -0.028510
v 0.225531 0.151439 -0.054999
v 0.251054 0.131457 -0.056841
v 0.255083 0.153474 -0.078404
v 0.275778 0.108867 -0.062368
v 0.278928 0.131924 -0.084967
v 0.290717 0.157194 -0.100237
v 0.296056 0.084715 -0.073416
v 0.311120 0.109843 -0.087026
v 0.309518 0.132882 -0.112366
v 0.313689 0.155912 -0.132880
v 0.304622 0.061669 -0.092955
v 0.324674 0.084715 -0.103250
v 0.334842 0.109403 -0.121085
v 0.340307 0.133667 -0.141336
v 0.333532 0.154000 -0.165136
v 0.312100 0.040859 -0.110814
v 0.338878 0.060833 -0.117875
v 0.342070 0.084715 -0.138358
v 0.358899 0.109085 -0.153591
v 0.355726 0.131544 -0.175431
v 0.352098 0.152125 -0.195748
v 0.176724 0.128224 -0.452368
v 0.198647 0.107421 -0.450557
v 0.156208 0.106887 -0.456406
v 0.218944 0.084715 -0.442738
v 0.176357 0.084715 -0.451430
v 0.134643 0.084715 -0.459281
v 0.241271 0.061044 -0.436464
v 0.197977 0.061182 -0.446745
v 0.155458 0.061214 -0.457868
v 0.113051 0.061249 -0.468929
v 0.257970 0.038053 -0.422350
v 0.220548 0.036272 -0.440988
v 0.175112 0.037301 -0.448257
v 0.132503 0.037128 -0.460554
v 0.089826 0.039535 -0.460452
v 0.269614 0.017471 -0.404394
v 0.236282 0.013942 -0.424363
v 0.194653 0.013295 -0.437579
v 0.150442 0.014883 -0.444518
v 0.108227 0.016053 -0.452225
v 0.068825 0.020776 -0.448097
v -0.138740 0.131567 -0.381978
v -0.130836 0.109344 -0.401117
v -0.157724 0.109289 -0.369556
v -0.114520 0.084715 -0.416023
v -0.149672 0.084715 -0.388553
v -0.165944 0.084715 -0.350541
v -0.086111 0.060750 -0.420068
v -0.125910 0.059235 -0.398980
v -0.151941 0.059477 -0.365435
v -0.174491 0.059991 -0.331526
v -0.064426 0.037489 -0.428910
v -0.100233 0.035064 -0.406984
v -0.136282 0.033190 -0.380501
v -0.161866 0.033812 -0.346507
v -0.174215 0.036679 -0.310116
v -0.033754 0.019781 -0.423821
v -0.067749 0.015563 -0.406364
v -0.107478 0.010387 -0.387211
v -0.135576 0.010230 -0.355990
v -0.153005 0.013194 -0.321176
v -0.165716 0.016816 -0.288421
v -0.114961 0.126783 -0.116159
v -0.139832 0.107544 -0.123346
v -0.116804 0.107808 -0.092648
v -0.160637 0.084715 -0.135509
v -0.131755 0.084715 -0.106058
v -0.103180 0.084715 -0.077274
v -0.169101 0.060487 -0.154106
v -0.145517 0.060136 -0.121623
v -0.114698 0.060533 -0.092857
v -0.080553 0.061490 -0.069261
v -0.164852 0.038355 -0.176098
v -0.149335 0.036304 -0.142447
v -0.114906 0.037970 -0.116191
v -0.095006 0.036400 -0.081290
v -0.057551 0.039537 -0.063033
v -0.156374 0.019257 -0.197085
v -0.142954 0.016103 -0.165882
v -0.123329 0.014201 -0.133926
v -0.101715 0.012512 -0.100776
v -0.074712 0.012589 -0.070396
v -0.041735 0.015728 -0.048660
v 0.181525 0.130753 -0.019235
v 0.161644 0.108828 -0.008647
v 0.203959 0.108575 -0.022673
v 0.138424 0.084715 -0.004273
v 0.182058 0.084715 -0.017878
v 0.222613 0.084715 -0.035193
v 0.114262 0.059746 -0.000374
v 0.159459 0.059680 -0.011877
v 0.203652 0.059896 -0.025896
v 0.241972 0.060931 -0.046443
v 0.089621 0.037379 -0.012956
v 0.134538 0.034604 -0.011687
v 0.178607 0.035255 -0.026673
v 0.217566 0.037414 -0.047541
v 0.254574 0.039021 -0.065223
v 0.067284 0.016882 -0.023179
v 0.108911 0.012724 -0.021411
v 0.153346 0.011282 -0.028868
v 0.194786 0.013200 -0.045996
v 0.231591 0.016277 -0.065492
v 0.262518 0.020190 -0.086010
v 0.380477 0.131325 -0.241917
v 0.382984 0.108829 -0.222992
v 0.384874 0.108986 -0.260966
v 0.384118 0.084715 -0.202916
v 0.385594 0.084715 -0.241917
v 0.374639 0.084715 -0.279643
v 0.378389 0.059698 -0.183017
v 0.383829 0.059220 -0.221908
v 0.384232 0.059184 -0.261954
v 0.359199 0.061387 -0.296841
v 0.356222 0.037298 -0.167489
v 0.368091 0.035150 -0.203018
v 0.376837 0.033568 -0.241917
v 0.365181 0.035677 -0.280403
v 0.344732 0.039376 -0.313082
v 0.333220 0.017972 -0.154615
v 0.352447 0.012604 -0.185323
v 0.353004 0.012449 -0.223012
v 0.352017 0.012724 -0.260750
v 0.343536 0.015092 -0.296559
v 0.326888 0.019739 -0.326908
v 0.252806 -0.015247 -0.371333
v 0.230849 -0.034088 -0.359765
v 0.224257 -0.024005 -0.394093
v 0.202335 -0.049466 -0.342979
v 0.194999 -0.040368 -0.377582
v 0.183357 -0.025932 -0.408411
v 0.172701 -0.064151 -0.325281
v 0.160879 -0.049216 -0.353888
v 0.152885 -0.042453 -0.391625
v 0.139845 -0.025194 -0.418845
v 0.141611 -0.074750 -0.305781
v 0.131592 -0.065626 -0.337375
v 0.120979 -0.056333 -0.371525
v 0.108438 -0.036920 -0.396379
v 0.096721 -0.017082 -0.416478
v 0.112269 -0.088701 -0.288143
v 0.101280 -0.079934 -0.319121
v 0.089678 -0.066534 -0.349287
v 0.078170 -0.050904 -0.377774
v 0.068523 -0.028209 -0.395778
v 0.059272 -0.010779 -0.415700
v -0.004974 -0.014703 -0.405945
v 0.003827 -0.030467 -0.381589
v -0.035396 -0.019895 -0.385746
v 0.011617 -0.049215 -0.358126
v -0.028522 -0.038325 -0.361278
v -0.071533 -0.027256 -0.365077
v 0.019886 -0.069879 -0.332914
v -0.018065 -0.054403 -0.332450
v -0.063859 -0.045887 -0.336940
v -0.099516 -0.027814 -0.334747
v 0.032793 -0.081917 -0.301606
v -0.008133 -0.072022 -0.303423
v -0.045683 -0.055540 -0.302765
v -0.088011 -0.043324 -0.304022
v -0.117131 -0.022951 -0.301129
v 0.046637 -0.088666 -0.270480
v 0.006541 -0.082029 -0.271782
v -0.032326 -0.068630 -0.272004
v -0.072431 -0.055579 -0.272350
v -0.103216 -0.035956 -0.271183
v -0.131586 -0.017719 -0.270085
v -0.130129 -0.017058 -0.213931
v -0.104406 -0.036684 -0.212475
v -0.122239 -0.025555 -0.181273
v -0.066801 -0.050837 -0.212513
v -0.084567 -0.040903 -0.180986
v -0.097010 -0.026358 -0.150288
v -0.032797 -0.069201 -0.211718
v -0.050152 -0.060023 -0.179123
v -0.066031 -0.047683 -0.145587
v -0.075133 -0.029690 -0.116080
v 0.006875 -0.081395 -0.212166
v -0.009333 -0.073860 -0.179690
v -0.022529 -0.059938 -0.147782
v -0.032704 -0.042520 -0.118486
v -0.042394 -0.025547 -0.090317
v 0.046864 -0.087834 -0.213490
v 0.031752 -0.084745 -0.181215
v 0.018074 -0.073651 -0.148699
v 0.008491 -0.054289 -0.121305
v -0.000112 -0.035491 -0.096152
v -0.008964 -0.018705 -0.071285
v 0.289923 -0.014278 -0.326034
v 0.304105 -0.021448 -0.296043
v 0.271113 -0.033653 -0.312884
v 0.312688 -0.025788 -0.260697
v 0.277821 -0.038139 -0.278746
v 0.247828 -0.053199 -0.297385
v 0.312009 -0.025445 -0.223196
v 0.288263 -0.045123 -0.241917
v 0.251870 -0.056826 -0.260892
v 0.217987 -0.068874 -0.279166
v 0.302553 -0.020663 -0.188191
v 0.277062 -0.037631 -0.205241
v 0.255928 -0.060467 -0.222453
v 0.221670 -0.073440 -0.241917
v 0.185293 -0.080409 -0.260195
v 0.287980 -0.013295 -0.158634
v 0.274075 -0.035633 -0.169762
v 0.248591 -0.053883 -0.186174
v 0.222142 -0.074026 -0.203418
v 0.184210 -0.078447 -0.223856
v 0.151434 -0.084553 -0.241917
v 0.055034 -0.022389 -0.047005
v 0.065939 -0.039609 -0.072524
v 0.096934 -0.025441 -0.053022
v 0.077210 -0.059067 -0.097884
v 0.109320 -0.044412 -0.077942
v 0.140414 -0.026562 -0.062788
v 0.089407 -0.075739 -0.128014
v 0.122162 -0.062546 -0.106600
v 0.153172 -0.043074 -0.091479
v 0.184577 -0.027445 -0.073147
v 0.101637 -0.088149 -0.160861
v 0.133877 -0.074792 -0.140640
v 0.167720 -0.062941 -0.118472
v 0.198082 -0.044190 -0.102107
v 0.223994 -0.023786 -0.090048
v 0.112331 -0.089291 -0.195534
v 0.144050 -0.082937 -0.174775
v 0.176658 -0.071645 -0.154357
v 0.209975 -0.058938 -0.133721
v 0.236105 -0.038654 -0.119539
v 0.258966 -0.019127 -0.107477
vn 0.0421 -0.9990 -0.0128
vn 0.6183 -0.5436 0.5677
vn -0.2830 -0.6070 0.7426
vn -0.7450 -0.6659 -0.0394
vn -0.2889 -0.7682 -0.5714
vn 0.6677 -0.5545 -0.4966
vn 0.1425 0.4586 0.8772
vn -0.7105 0.5511 0.4376
vn -0.5834 0.7018 -0.4087
vn 0.1894 0.6088 -0.7704
vn 0.6155 0.7817 0.1005
vn 0.0825 0.9944 -0.0666
vn -0.2692 -0.7661 0.5837
vn -0.2878 -0.7221 0.6291
vn -0.2166 -0.8294 0.5150
vn -0.0567 -0.9352 0.3497
vn -0.0001 -0.9657 0.2598
vn -0.0083 -0.9892 0.1465
vn 0.0085 -0.9999 0.0053
vn 0.0805 -0.9967 -0.0058
vn 0.1266 -0.9916 0.0267
vn 0.1913 -0.9788 0.0727
vn 0.2784 -0.9353 0.2184
vn 0.3650 -0.8545 0.3696
vn 0.3820 -0.8271 0.4122
vn 0.4918 -0.6950 0.5245
vn 0.5487 -0.5841 0.5981
vn 0.5159 -0.6224 0.5886
vn 0.3451 -0.6474 0.6795
vn 0.2105 -0.6659 0.7158
vn 0.0922 -0.6794 0.7279
vn -0.0985 -0.6243 0.7750
vn -0.0725 -0.6228 0.7790
vn 0.7309 -0.5748 -0.3680
vn 0.7421 -0.6108 -0.2761
vn 0.6829 -0.7205 -0.1203
vn 0.6455 -0.7629 -0.0380
vn 0.6455 -0.7635 0.0171
vn 0.6978 -0.6888 0.1965
vn 0.6561 -0.5347 0.5326
vn 0.1080 -0.9914 -0.0740
vn 0.0941 -0.9945 -0.0455
vn 0.1545 -0.9823 -0.1063
vn 0.2589 -0.9516 -0.1655
vn 0.4169 -0.8792 -0.2305
vn 0.5449 -0.7741 -0.3223
vn 0.5915 -0.6974 -0.4046
vn -0.6942 -0.7175 -0.0577
vn -0.6873 -0.7263 0.0014
vn -0.5604 -0.8271 0.0436
vn -0.3757 -0.9261 0.0334
vn -0.2279 -0.9737 -0.0052
vn -0.1364 -0.9902 -0.0291
vn -0.0709 -0.9974 0.0094
vn -0.4571 -0.7095 0.5364
vn -0.4589 -0.6765 0.5760
vn -0.4345 -0.6505 0.6230
vn -0.5572 -0.7091 0.4321
vn -0.6993 -0.6567 0.2825
vn -0.7241 -0.6287 0.2834
vn -0.7369 -0.6660 0.1159
vn -0.2392 -0.8429 -0.4820
vn -0.3075 -0.8115 -0.4969
vn -0.3532 -0.8259 -0.4394
vn -0.2717 -0.8910 -0.3638
vn -0.1299 -0.9470 -0.2937
vn -0.0171 -0.9841 -0.1766
vn 0.0326 -0.9943 -0.1018
vn -0.6878 -0.7209 -0.0851
vn -0.6998 -0.7049 -0.1160
vn -0.6550 -0.7258 -0.2100
vn -0.5095 -0.7491 -0.4233
vn -0.3685 -0.6395 -0.6747
vn -0.4271 -0.6254 -0.6530
vn -0.4342 -0.7167 -0.5457
vn -0.0922 -0.7662 -0.6360
vn -0.0235 -0.6895 -0.7239
vn 0.0606 -0.6483 -0.7589
vn 0.1247 -0.6460 -0.7531
vn 0.3064 -0.6506 -0.6948
vn 0.4685 -0.6520 -0.5962
vn 0.6440 -0.6159 -0.4539
vn 0.7095 0.6793 0.1875
vn 0.8274 0.5275 0.1928
vn 0.9228 0.2169 0.3186
vn 0.9093 0.2096 0.3595
vn 0.8701 0.0107 0.4927
vn 0.7648 -0.1621 0.6235
vn 0.6997 -0.3621 0.6158
vn 0.8335 -0.2378 -0.4987
vn 0.8381 -0.1855 -0.5129
vn 0.8621 -0.2810 -0.4216
vn 0.9112 -0.2425 -0.3329
vn 0.9663 0.1067 -0.2344
vn 0.8983 0.4329 -0.0755
vn 0.7718 0.6353 0.0262
vn 0.0992 0.4599 0.8824
vn 0.1372 0.5287 0.8376
vn 0.1764 0.4350 0.8830
vn 0.1423 0.1317 0.9810
vn 0.0698 -0.2120 0.9748
vn -0.0189 -0.4324 0.9015
vn -0.1281 -0.5085 0.8515
vn 0.6719 -0.3788 0.6365
vn 0.6627 -0.3122 0.6808
vn 0.6932 -0.1864 0.6962
vn 0.6117 0.0520 0.7894
vn 0.4105 0.2730 0.8700
vn 0.2490 0.5422 0.8025
vn 0.2006 0.5292 0.8244
vn -0.8031 0.4193 0.4234
vn -0.8461 0.3072 0.4356
vn -0.8929 0.2895 0.3447
vn -0.9570 0.0153 0.2898
vn -0.9415 -0.2161 0.2586
vn -0.8956 -0.4198 0.1473
vn -0.8549 -0.5162 0.0527
vn -0.4220 -0.5296 0.7358
vn -0.5608 -0.3432 0.7535
vn -0.5831 -0.2920 0.7581
vn -0.6205 -0.0406 0.7832
vn -0.6212 0.1526 0.7686
vn -0.6388 0.3262 0.6968
vn -0.7048 0.3571 0.6129
vn -0.6688 0.5283 -0.5231
vn -0.6391 0.2924 -0.7113
vn -0.6090 0.0733 -0.7898
vn -0.5834 -0.1098 -0.8047
vn -0.5749 -0.1998 -0.7934
vn -0.5441 -0.4355 -0.7172
vn -0.4762 -0.6144 -0.6291
vn -0.7852 -0.6191 0.0161
vn -0.8378 -0.5453 -0.0266
vn -0.9540 -0.2678 -0.1345
vn -0.9459 0.1058 -0.3067
vn -0.7887 0.3834 -0.4806
vn -0.8253 0.2773 -0.4919
vn -0.7559 0.4726 -0.4531
vn 0.3587 0.4323 -0.8273
vn 0.4343 0.3444 -0.8323
vn 0.4964 0.2719 -0.8244
vn 0.6704 0.1263 -0.7311
vn 0.7796 -0.1425 -0.6099
vn 0.8103 -0.2434 -0.5331
vn 0.7930 -0.2627 -0.5497
vn -0.1567 -0.5649 -0.8102
vn 0.0287 -0.2486 -0.9682
vn 0.0140 0.0010 -0.9999
vn -0.0794 0.0539 -0.9954
vn -0.0100 0.1718 -0.9851
vn 0.0552 0.2757 -0.9597
vn 0.0848 0.4035 -0.9110
vn 0.6403 0.7412 0.2016
vn 0.6881 0.6896 0.2259
vn 0.7217 0.6310 0.2847
vn 0.6588 0.5905 0.4662
vn 0.5494 0.6404 0.5367
vn 0.3853 0.6531 0.6519
vn 0.3154 0.5873 0.7454
vn 0.0880 0.4759 0.8751
vn 0.0221 0.4855 0.8740
vn -0.1122 0.6065 0.7871
vn -0.1435 0.7512 0.6443
vn -0.1866 0.7573 0.6259
vn -0.3003 0.6865 0.6623
vn -0.5053 0.6150 0.6054
vn -0.7146 0.6184 0.3270
vn -0.7304 0.6240 0.2777
vn -0.7643 0.6310 0.1330
vn -0.7161 0.6886 0.1141
vn -0.6602 0.7458 -0.0892
vn -0.6474 0.7057 -0.2880
vn -0.5662 0.6912 -0.4490
vn -0.5752 0.6723 -0.4660
vn -0.5038 0.6230 -0.5984
vn -0.2578 0.5850 -0.7689
vn -0.1904 0.6146 -0.7655
vn -0.0989 0.6805 -0.7261
vn -0.0083 0.6617 -0.7497
vn 0.0220 0.6224 -0.7824
vn 0.3402 0.6594 -0.6704
vn 0.3772 0.6775 -0.6314
vn 0.4851 0.7444 -0.4589
vn 0.6086 0.7662 -0.2063
vn 0.6146 0.7662 -0.1878
vn 0.5577 0.8041 -0.2057
vn 0.5465 0.8360 -0.0503
vn 0.0608 0.9892 0.1333
vn 0.0986 0.9591 0.2653
vn 0.1538 0.9179 0.3658
vn 0.1205 0.9043 0.4094
vn 0.0767 0.8923 0.4448
vn 0.1312 0.8305 0.5413
vn 0.1824 0.6546 0.7336
vn 0.6774 0.7347 0.0368
vn 0.6669 0.7451 0.0091
vn 0.4354 0.8987 0.0516
vn 0.4029 0.9116 0.0810
vn 0.2998 0.9532 0.0390
vn 0.2649 0.9632 -0.0462
vn 0.1304 0.9856 -0.1079
vn 0.0023 0.9973 0.0732
vn -0.1125 0.9796 0.1667
vn -0.2208 0.9557 0.1946
vn -0.3905 0.8635 0.3192
vn -0.3731 0.8484 0.3755
vn -0.3934 0.8524 0.3445
vn -0.5281 0.7854 0.3229
vn 0.0338 0.9896 -0.1395
vn -0.1118 0.9736 -0.1989
vn -0.2717 0.9424 -0.1951
vn -0.4310 0.8832 -0.1852
vn -0.4420 0.8856 -0.1429
vn -0.4746 0.8563 -0.2036
vn -0.5721 0.7303 -0.3734
vn 0.1173 0.9675 -0.2242
vn 0.0719 0.9825 -0.1716
vn 0.0890 0.9658 -0.2434
vn 0.1547 0.9414 -0.2996
vn 0.1558 0.8958 -0.4163
vn 0.1376 0.8550 -0.5001
vn 0.1645 0.8071 -0.5670
vn 0.1037 0.9827 -0.1535
vn 0.2103 0.9750 -0.0717
vn 0.0989 0.9801 -0.1719
vn 0.3055 0.9520 -0.0197
vn 0.2263 0.9567 -0.1830
vn 0.1524 0.9340 -0.3231
vn 0.4968 0.8665 -0.0483
vn 0.4123 0.8922 -0.1845
vn 0.2479 0.9138 -0.3219
vn 0.1988 0.9182 -0.3426
vn 0.5735 0.8058 -0.1475
vn 0.5719 0.7995 -0.1835
vn 0.4506 0.8599 -0.2398
vn 0.2478 0.9115 -0.3283
vn 0.1977 0.8919 -0.4068
vn 0.6481 0.7515 -0.1231
vn 0.6015 0.7751 -0.1934
vn 0.6087 0.7763 -0.1636
vn 0.4754 0.8292 -0.2940
vn 0.3026 0.8454 -0.4402
vn 0.2126 0.8275 -0.5196
vn 0.0769 0.9737 -0.2144
vn 0.0568 0.9793 -0.1945
vn -0.0467 0.9686 -0.2442
vn 0.0896 0.9572 -0.2754
vn -0.0452 0.9655 -0.2565
vn -0.1981 0.9492 -0.2443
vn 0.1060 0.8987 -0.4255
vn -0.0039 0.9317 -0.3632
vn -0.1547 0.9407 -0.3018
vn -0.3340 0.9136 -0.2320
vn 0.0838 0.8464 -0.5259
vn 0.0410 0.8208 -0.5698
vn -0.0845 0.8506 -0.5190
vn -0.2501 0.8949 -0.3696
vn -0.4199 0.8771 -0.2332
vn 0.0343 0.8022 -0.5960
vn 0.0129 0.7749 -0.6320
vn -0.0895 0.7241 -0.6839
vn -0.1699 0.6939 -0.6998
vn -0.4081 0.7209 -0.5601
vn -0.5700 0.7162 -0.4027
vn -0.1411 0.9897 -0.0260
vn -0.2718 0.9539 -0.1277
vn -0.2338 0.9708 0.0528
vn -0.4061 0.8857 -0.2251
vn -0.3321 0.9375 -0.1036
vn -0.3139 0.9321 0.1806
vn -0.4293 0.8780 -0.2117
vn -0.4411 0.8647 -0.2401
vn -0.4776 0.8779 0.0345
vn -0.4020 0.8632 0.3054
vn -0.3516 0.9129 -0.2074
vn -0.3727 0.9111 -0.1762
vn -0.5146 0.8537 -0.0792
vn -0.5422 0.8290 0.1366
vn -0.4556 0.8378 0.3009
vn -0.4460 0.8317 -0.3308
vn -0.4811 0.8556 -0.1911
vn -0.5441 0.8382 -0.0374
vn -0.6115 0.7874 0.0776
vn -0.6237 0.7531 0.2092
vn -0.5716 0.7514 0.3295
vn 0.0281 0.9757 0.2173
vn -0.0419 0.9644 0.2612
vn 0.0524 0.9535 0.2967
vn -0.1907 0.9094 0.3696
vn -0.0329 0.9230 0.3833
vn 0.1276 0.9060 0.4036
vn -0.3580 0.8094 0.4655
vn -0.1798 0.8537 0.4887
vn -0.0183 0.8920 0.4516
vn 0.1542 0.8689 0.4704
vn -0.2959 0.8676 0.3997
vn -0.2493 0.7968 0.5503
vn -0.2202 0.7577 0.6143
vn 0.0101 0.8205 0.5716
vn 0.1010 0.8522 0.5133
vn -0.3339 0.8234 0.4588
vn -0.2144 0.8016 0.5581
vn -0.2039 0.7321 0.6499
vn -0.2050 0.6854 0.6987
vn -0.0036 0.6939 0.7201
vn 0.0748 0.7126 0.6976
vn 0.1867 0.9731 0.1347
vn 0.2385 0.9327 0.2706
vn 0.3176 0.9378 0.1402
vn 0.1783 0.9359 0.3037
vn 0.2667 0.9393 0.2156
vn 0.3399 0.9346 0.1050
vn 0.0931 0.9125 0.3984
vn 0.2355 0.9521 0.1951
vn 0.3661 0.9172 0.1573
vn 0.4407 0.8919 0.1021
vn 0.1772 0.8171 0.5486
vn 0.2966 0.8428 0.4491
vn 0.4004 0.8945 0.1989
vn 0.4675 0.8756 0.1216
vn 0.5234 0.8391 0.1481
vn 0.2764 0.7547 0.5950
vn 0.3631 0.6945 0.6212
vn 0.5573 0.6584 0.5059
vn 0.6744 0.6777 0.2931
vn 0.6916 0.6943 0.1991
vn 0.7065 0.6899 0.1576
vn 0.6722 0.7218 -0.1646
vn 0.8081 0.5017 -0.3086
vn 0.6035 0.7469 -0.2790
vn 0.8999 0.1493 -0.4097
vn 0.7723 0.5338 -0.3444
vn 0.6757 0.7099 -0.1989
vn 0.8302 -0.2598 -0.4933
vn 0.8475 0.0780 -0.5251
vn 0.7826 0.3886 -0.4863
vn 0.6150 0.6169 -0.4911
vn 0.7920 -0.2996 -0.5320
vn 0.8144 -0.2006 -0.5446
vn 0.7424 0.0126 -0.6699
vn 0.6066 0.3086 -0.7327
vn 0.5037 0.5047 -0.7011
vn 0.8290 -0.2099 -0.5184
vn 0.8215 -0.2453 -0.5147
vn 0.7456 -0.0558 -0.6641
vn 0.6388 0.1988 -0.7433
vn 0.5128 0.3419 -0.7875
vn 0.4389 0.4683 -0.7669
vn -0.0077 0.4601 -0.8878
vn -0.0269 0.3190 -0.9474
vn -0.0375 0.4662 -0.8839
vn -0.1024 0.1113 -0.9885
vn -0.1538 0.2973 -0.9423
vn -0.2357 0.4805 -0.8447
vn -0.0749 0.1321 -0.9884
vn -0.1380 0.2280 -0.9638
vn -0.2348 0.3657 -0.9006
vn -0.2146 0.4968 -0.8409
vn -0.1333 0.0686 -0.9887
vn -0.2323 0.1200 -0.9652
vn -0.3083 0.2562 -0.9161
vn -0.2897 0.3651 -0.8848
vn -0.3775 0.5184 -0.7673
vn -0.3531 -0.2746 -0.8944
vn -0.4416 -0.0439 -0.8961
vn -0.4555 -0.0096 -0.8902
vn -0.4677 0.1179 -0.8760
vn -0.5487 0.2724 -0.7904
vn -0.5498 0.5658 -0.6145
vn -0.7788 0.4327 -0.4541
vn -0.8529 0.3435 -0.3931
vn -0.8143 0.5341 -0.2274
vn -0.9344 0.2973 -0.1964
vn -0.9297 0.3427 -0.1352
vn -0.8284 0.5595 0.0284
vn -0.9974 0.0698 -0.0173
vn -0.9854 0.1698 0.0136
vn -0.9043 0.3938 0.1645
vn -0.8307 0.5182 0.2035
vn -0.9750 -0.2117 0.0681
vn -0.9956 0.0426 0.0838
vn -0.9568 0.2257 0.1831
vn -0.8830 0.4153 0.2187
vn -0.8657 0.4561 0.2063
vn -0.8622 -0.5007 0.0775
vn -0.9577 -0.2534 0.1361
vn -0.9748 0.0307 0.2209
vn -0.9140 0.3111 0.2606
vn -0.8886 0.3721 0.2684
vn -0.8215 0.4651 0.3298
vn -0.4824 0.5226 0.7030
vn -0.5360 0.3492 0.7686
vn -0.3361 0.6433 0.6879
vn -0.5151 0.1999 0.8335
vn -0.3928 0.4798 0.7845
vn -0.2010 0.7175 0.6669
vn -0.4894 0.0013 0.8720
vn -0.4263 0.2407 0.8720
vn -0.2027 0.5649 0.7999
vn -0.0395 0.7095 0.7036
vn -0.4748 -0.1448 0.8681
vn -0.3824 0.0732 0.9211
vn -0.1212 0.3426 0.9316
vn 0.0678 0.6010 0.7964
vn 0.0285 0.5886 0.8079
vn -0.3361 -0.3890 0.8577
vn -0.2180 -0.1618 0.9624
vn -0.0249 0.1317 0.9910
vn 0.0833 0.4663 0.8807
vn 0.1084 0.5581 0.8226
vn 0.0909 0.4951 0.8641
vn 0.3080 0.6034 0.7355
vn 0.4590 0.5116 0.7264
vn 0.5034 0.6545 0.5641
vn 0.6991 0.2943 0.6516
vn 0.7278 0.4871 0.4827
vn 0.6746 0.5516 0.4905
vn 0.7535 0.0862 0.6517
vn 0.7662 0.4122 0.4929
vn 0.7713 0.3939 0.5000
vn 0.7313 0.5059 0.4573
vn 0.7634 -0.1562 0.6267
vn 0.8028 0.1802 0.5683
vn 0.7093 0.5145 0.4819
vn 0.7588 0.3906 0.5213
vn 0.6910 0.6490 0.3183
vn 0.7672 -0.2064 0.6073
vn 0.7791 -0.1136 0.6165
vn 0.8170 0.2152 0.5349
vn 0.7602 0.4284 0.4885
vn 0.7389 0.5352 0.4094
vn 0.6582 0.7189 0.2233
vn 0.2067 0.2510 -0.9457
vn 0.3117 0.2255 -0.9230
vn 0.1255 0.2062 -0.9704
vn 0.3611 0.0950 -0.9277
vn 0.2097 0.0041 -0.9778
vn 0.0635 0.0361 -0.9973
vn 0.5154 -0.1302 -0.8470
vn 0.2197 -0.2168 -0.9512
vn 0.1666 -0.2440 -0.9554
vn -0.0233 -0.1709 -0.9850
vn 0.6444 -0.3552 -0.6772
vn 0.3035 -0.4172 -0.8567
vn 0.1743 -0.3311 -0.9273
vn 0.0765 -0.3691 -0.9263
vn 0.0452 -0.3419 -0.9387
vn 0.6878 -0.4640 -0.5582
vn 0.4051 -0.5498 -0.7304
vn 0.2160 -0.5422 -0.8120
vn 0.1199 -0.5387 -0.8339
vn 0.0261 -0.4781 -0.8779
vn 0.0693 -0.5123 -0.8560
vn -0.8330 0.2913 -0.4704
vn -0.7360 0.1723 -0.6547
vn -0.8218 0.3205 -0.4710
vn -0.5637 -0.0158 -0.8259
vn -0.7983 0.1509 -0.5831
vn -0.8230 0.1804 -0.5387
vn -0.5229 -0.2719 -0.8079
vn -0.6114 -0.1125 -0.7833
vn -0.8397 -0.0656 -0.5391
vn -0.8957 -0.2404 -0.3740
vn -0.5214 -0.5249 -0.6728
vn -0.3738 -0.4681 -0.8007
vn -0.6638 -0.4644 -0.5862
vn -0.8032 -0.4998 -0.3243
vn -0.8001 -0.5721 -0.1802
vn -0.5317 -0.5957 -0.6020
vn -0.3994 -0.5715 -0.7168
vn -0.4112 -0.6421 -0.6470
vn -0.6185 -0.7138 -0.3286
vn -0.6933 -0.7067 -0.1414
vn -0.7006 -0.7036 -0.1188
vn -0.8034 0.3095 0.5086
vn -0.8187 0.1881 0.5425
vn -0.7725 0.1383 0.6198
vn -0.8730 0.0548 0.4846
vn -0.7765 -0.0702 0.6262
vn -0.6861 -0.1643 0.7087
vn -0.8722 -0.3121 0.3767
vn -0.7998 -0.2603 0.5409
vn -0.6322 -0.2705 0.7260
vn -0.6279 -0.4384 0.6431
vn -0.8461 -0.4200 0.3282
vn -0.8332 -0.4258 0.3530
vn -0.6935 -0.3163 0.6473
vn -0.5584 -0.3629 0.7460
vn -0.6481 -0.4439 0.6187
vn -0.7705 -0.5982 0.2200
vn -0.7229 -0.6190 0.3070
vn -0.7356 -0.5909 0.3311
vn -0.5083 -0.5190 0.6872
vn -0.5517 -0.4677 0.6905
vn -0.5824 -0.5622 0.5871
vn 0.0861 0.5198 0.8499
vn 0.1286 0.3666 0.9215
vn 0.2001 0.3173 0.9270
vn 0.1986 0.1616 0.9667
vn 0.1829 0.1039 0.9776
vn 0.3259 0.0665 0.9431
vn 0.1579 -0.1464 0.9765
vn 0.1550 0.0159 0.9878
vn 0.2731 0.0180 0.9618
vn 0.5161 -0.1318 0.8463
vn 0.0244 -0.2947 0.9553
vn 0.0922 -0.1688 0.9813
vn 0.2368 -0.2169 0.9470
vn 0.4192 -0.3148 0.8516
vn 0.6392 -0.3578 0.6807
vn -0.0584 -0.4906 0.8694
vn -0.0100 -0.4350 0.9004
vn 0.1649 -0.5235 0.8359
vn 0.2820 -0.5836 0.7615
vn 0.5193 -0.5168 0.6806
vn 0.5898 -0.4602 0.6636
vn 0.8802 0.4668 0.0862
vn 0.9886 0.1161 0.0954
vn 0.9897 0.1419 0.0200
vn 0.9897 0.0848 0.1149
vn 0.9983 -0.0057 0.0581
vn 0.9770 -0.1354 -0.1646
vn 0.9798 0.0185 0.1992
vn 0.9962 0.0442 0.0745
vn 0.9881 -0.0535 -0.1444
vn 0.9144 -0.2172 -0.3417
vn 0.9035 -0.2531 0.3458
vn 0.9419 -0.3167 0.1123
vn 0.9483 -0.3153 -0.0367
vn 0.9071 -0.2967 -0.2985
vn 0.8789 -0.2549 -0.4033
vn 0.7599 -0.4528 0.4664
vn 0.8315 -0.5416 0.1237
vn 0.7736 -0.6318 0.0482
vn 0.7641 -0.6259 -0.1561
vn 0.8110 -0.5134 -0.2805
vn 0.8235 -0.4096 -0.3925
vn 0.5713 -0.6921 -0.4412
vn 0.3857 -0.8380 -0.3859
vn 0.3468 -0.7859 -0.5119
vn 0.2066 -0.9282 -0.3093
vn 0.1756 -0.8893 -0.4222
vn 0.1624 -0.7800 -0.6043
vn 0.1317 -0.9549 -0.2660
vn 0.1120 -0.9268 -0.3585
vn 0.1030 -0.8964 -0.4312
vn 0.0749 -0.7629 -0.6422
vn 0.0909 -0.9859 -0.1406
vn 0.1008 -0.9490 -0.2988
vn 0.1017 -0.9134 -0.3942
vn 0.0033 -0.8343 -0.5512
vn -0.0652 -0.7603 -0.6463
vn 0.0607 -0.9929 -0.1024
vn -0.0020 -0.9829 -0.1840
vn -0.0593 -0.9514 -0.3023
vn -0.1479 -0.8824 -0.4466
vn -0.2014 -0.7881 -0.5817
vn -0.1778 -0.8034 -0.5683
vn -0.2536 -0.8500 -0.4617
vn -0.2592 -0.8540 -0.4511
vn -0.2273 -0.8051 -0.5479
vn -0.2306 -0.8400 -0.4912
vn -0.1611 -0.8273 -0.5382
vn -0.3725 -0.7844 -0.4960
vn -0.1640 -0.8848 -0.4361
vn -0.1996 -0.8585 -0.4724
vn -0.3987 -0.8387 -0.3709
vn -0.5322 -0.7963 -0.2875
vn -0.1159 -0.9685 -0.2204
vn -0.1871 -0.9559 -0.2262
vn -0.3924 -0.8923 -0.2232
vn -0.5333 -0.8161 -0.2226
vn -0.6738 -0.7236 -0.1499
vn -0.1137 -0.9898 -0.0856
vn -0.1589 -0.9852 -0.0645
vn -0.2983 -0.9505 -0.0872
vn -0.4618 -0.8788 -0.1203
vn -0.6498 -0.7523 -0.1086
vn -0.7084 -0.6992 -0.0966
vn -0.6631 -0.7415 0.1029
vn -0.5777 -0.8058 0.1303
vn -0.6690 -0.7062 0.2319
vn -0.4737 -0.8687 0.1445
vn -0.5143 -0.8322 0.2074
vn -0.5703 -0.7460 0.3439
vn -0.3449 -0.9344 0.0889
vn -0.4458 -0.8737 0.1946
vn -0.4855 -0.8040 0.3432
vn -0.4532 -0.7528 0.4773
vn -0.1769 -0.9832 0.0451
vn -0.2849 -0.9514 0.1165
vn -0.4102 -0.8484 0.3346
vn -0.4185 -0.7388 0.5282
vn -0.3938 -0.6987 0.5973
vn -0.1060 -0.9942 0.0187
vn -0.1241 -0.9871 0.1010
vn -0.1644 -0.9414 0.2945
vn -0.3044 -0.8255 0.4752
vn -0.4232 -0.7092 0.5639
vn -0.4317 -0.7332 0.5254
vn 0.5907 -0.7394 -0.3231
vn 0.6165 -0.7721 -0.1542
vn 0.5015 -0.8389 -0.2116
vn 0.6074 -0.7937 -0.0348
vn 0.5424 -0.8331 -0.1083
vn 0.3994 -0.9009 -0.1699
vn 0.5585 -0.8293 0.0207
vn 0.5606 -0.8271 0.0397
vn 0.4099 -0.9108 -0.0495
vn 0.2452 -0.9650 -0.0929
vn 0.5252 -0.8504 0.0300
vn 0.5264 -0.8485 0.0536
vn 0.4256 -0.9024 0.0671
vn 0.2331 -0.9723 0.0146
vn 0.1411 -0.9892 -0.0387
vn 0.5234 -0.7824 0.3376
vn 0.4573 -0.8702 0.1835
vn 0.4170 -0.9013 0.1175
vn 0.2601 -0.9641 0.0528
vn 0.1714 -0.9852 0.0085
vn 0.1261 -0.9909 -0.0469
vn -0.1268 -0.7473 0.6523
vn -0.0930 -0.7730 0.6276
vn -0.0538 -0.7321 0.6790
vn 0.0152 -0.9123 0.4093
vn 0.0018 -0.8668 0.4986
vn 0.1333 -0.7137 0.6876
vn 0.0593 -0.9506 0.3048
vn 0.0610 -0.9458 0.3191
vn 0.1619 -0.8773 0.4519
vn 0.2721 -0.7650 0.5837
vn 0.0724 -0.9663 0.2472
vn 0.0423 -0.9484 0.3142
vn 0.1597 -0.9270 0.3393
vn 0.3281 -0.8633 0.3836
vn 0.3692 -0.8134 0.4495
vn 0.0614 -0.9914 0.1156
vn 0.0539 -0.9812 0.1855
vn 0.1669 -0.9424 0.2898
vn 0.2936 -0.8661 0.4046
vn 0.3388 -0.8443 0.4151
vn 0.4308 -0.7726 0.4664
vn 0.0470 -0.9989 0.0078
vn 0.6028 -0.7019 0.3795
vn -0.1848 -0.5400 0.8211
vn -0.7594 -0.6490 0.0456
vn -0.0958 -0.5297 -0.8427
vn 0.6135 -0.3803 -0.6921
vn 0.2567 0.5724 0.7788
vn -0.6019 0.4481 0.6610
vn -0.6097 0.5147 -0.6028
vn 0.3553 0.4074 -0.8413
vn 0.9311 0.3602 -0.0580
vn -0.0598 0.9978 0.0297
vn -0.2289 -0.5854 0.7778
vn -0.2345 -0.6491 0.7237
vn -0.2017 -0.7525 0.6269
vn -0.1114 -0.8967 0.4284
vn -0.0744 -0.9468 0.3131
vn -0.0615 -0.9879 0.1426
vn 0.0056 -0.9983 0.0582
vn 0.0783 -0.9947 0.0671
vn 0.1282 -0.9802 0.1507
vn 0.1944 -0.9664 0.1683
vn 0.2526 -0.9305 0.2654
vn 0.3930 -0.8335 0.3883
vn 0.6495 -0.6253 0.4326
vn 0.7165 -0.5633 0.4115
vn 0.5713 -0.6039 0.5558
vn 0.4026 -0.5064 0.7625
vn 0.2873 -0.4823 0.8275
vn 0.2378 -0.5116 0.8256
vn 0.0871 -0.4890 0.8679
vn 0.0128 -0.4660 0.8847
vn -0.0926 -0.5190 0.8497
vn 0.7149 -0.4603 -0.5264
vn 0.7607 -0.4579 -0.4602
vn 0.8350 -0.5425 -0.0922
vn 0.8180 -0.5374 0.2053
vn 0.7514 -0.6104 0.2507
vn 0.6286 -0.6730 0.3898
vn 0.5944 -0.6970 0.4012
vn 0.0880 -0.9943 -0.0595
vn 0.0620 -0.9914 -0.1151
vn 0.1302 -0.9739 -0.1857
vn 0.2589 -0.9099 -0.3242
vn 0.3165 -0.8398 -0.4411
vn 0.4543 -0.6614 -0.5969
vn 0.5464 -0.5719 -0.6119
vn -0.5870 -0.8095 -0.0122
vn -0.5605 -0.8266 -0.0503
vn -0.4417 -0.8935 -0.0809
vn -0.3538 -0.9318 -0.0807
vn -0.2073 -0.9752 -0.0779
vn -0.1895 -0.9779 -0.0879
vn -0.1423 -0.9887 -0.0477
vn -0.3081 -0.6297 0.7131
vn -0.2935 -0.6248 0.7235
vn -0.3811 -0.5967 0.7062
vn -0.5534 -0.5102 0.6583
vn -0.6844 -0.5708 0.4537
vn -0.6790 -0.7013 0.2172
vn -0.6908 -0.7108 0.1322
vn -0.1281 -0.5821 -0.8030
vn -0.2217 -0.6415 -0.7344
vn -0.2583 -0.7477 -0.6117
vn -0.2209 -0.8980 -0.3805
vn -0.1540 -0.9595 -0.2360
vn -0.1282 -0.9694 -0.2093
vn -0.0605 -0.9904 -0.1240
vn -0.6406 -0.6929 -0.3310
vn -0.6039 -0.6677 -0.4353
vn -0.5151 -0.6507 -0.5579
vn -0.4669 -0.6744 -0.5720
vn -0.5111 -0.6758 -0.5311
vn -0.4586 -0.6514 -0.6045
vn -0.2678 -0.6103 -0.7456
vn -0.1000 -0.5802 -0.8083
vn -0.1154 -0.6254 -0.7717
vn -0.0248 -0.5392 -0.8418
vn 0.1899 -0.5108 -0.8385
vn 0.2748 -0.5793 -0.7674
vn 0.5261 -0.5153 -0.6765
vn 0.5390 -0.3939 -0.7445
vn 0.8608 0.4955 -0.1161
vn 0.8409 0.5411 -0.0111
vn 0.9463 0.1446 0.2893
vn 0.8930 -0.1553 0.4224
vn 0.9036 -0.2031 0.3771
vn 0.8157 -0.3913 0.4261
vn 0.6699 -0.5839 0.4585
vn 0.7067 -0.2938 -0.6437
vn 0.8042 -0.2054 -0.5577
vn 0.8569 -0.0921 -0.5072
vn 0.8846 0.0808 -0.4594
vn 0.8702 0.3533 -0.3433
vn 0.8681 0.4517 -0.2058
vn 0.8699 0.4898 -0.0577
vn 0.1499 0.4217 0.8942
vn 0.1417 0.3595 0.9223
vn 0.1984 0.0453 0.9791
vn 0.1859 -0.0686 0.9802
vn 0.0269 -0.3552 0.9344
vn -0.0618 -0.4064 0.9116
vn -0.1256 -0.4161 0.9006
vn 0.6370 -0.5290 0.5607
vn 0.5937 -0.2850 0.7526
vn 0.5085 -0.0771 0.8576
vn 0.4703 0.1848 0.8630
vn 0.5220 0.2723 0.8083
vn 0.4994 0.3304 0.8009
vn 0.3678 0.4820 0.7952
vn -0.5920 0.5037 0.6291
vn -0.7618 0.3458 0.5478
vn -0.8594 0.1812 0.4782
vn -0.8708 0.2058 0.4465
vn -0.9392 0.0299 0.3421
vn -0.9714 -0.1708 0.1649
vn -0.9007 -0.4167 0.1227
vn -0.2278 -0.4817 0.8462
vn -0.3792 -0.3011 0.8750
vn -0.4814 -0.1000 0.8708
vn -0.4778 0.1779 0.8603
vn -0.5592 0.2058 0.8031
vn -0.6676 0.3697 0.6463
vn -0.6338 0.4581 0.6233
vn -0.6303 0.3395 -0.6981
vn -0.5985 0.1479 -0.7874
vn -0.5190 0.1225 -0.8460
vn -0.4322 0.0751 -0.8986
vn -0.4707 -0.0939 -0.8773
vn -0.4520 -0.1638 -0.8768
vn -0.2326 -0.3947 -0.8889
vn -0.9085 -0.3738 -0.1865
vn -0.9508 -0.1222 -0.2847
vn -0.9516 0.0271 -0.3061
vn -0.8729 0.1812 -0.4531
vn -0.8001 0.1462 -0.5818
vn -0.7627 0.1386 -0.6317
vn -0.6858 0.3726 -0.6252
vn 0.3732 0.3690 -0.8512
vn 0.3343 0.3450 -0.8771
vn 0.4059 0.2716 -0.8726
vn 0.5391 0.1422 -0.8301
vn 0.5758 -0.0698 -0.8146
vn 0.5708 -0.4461 -0.6894
vn 0.5944 -0.3283 -0.7341
vn -0.1469 -0.5236 -0.8392
vn -0.1297 -0.4046 -0.9053
vn -0.0800 -0.1729 -0.9817
vn -0.0084 0.0733 -0.9973
vn 0.0695 0.2191 -0.9732
vn 0.1976 0.2391 -0.9507
vn 0.3077 0.2690 -0.9127
vn 0.8528 0.5221 0.0093
vn 0.7000 0.6341 0.3285
vn 0.6035 0.6669 0.4370
vn 0.4871 0.6679 0.5628
vn 0.3871 0.5818 0.7153
vn 0.4371 0.6279 0.6439
vn 0.3804 0.6789 0.6280
vn 0.1546 0.5162 0.8424
vn 0.0400 0.5904 0.8061
vn -0.0626 0.6333 0.7714
vn -0.1309 0.6152 0.7774
vn -0.3487 0.6502 0.6750
vn -0.4971 0.6120 0.6151
vn -0.6681 0.4700 0.5768
vn -0.6451 0.6035 0.4687
vn -0.6451 0.6319 0.4296
vn -0.6792 0.6852 0.2631
vn -0.7687 0.6269 0.1269
vn -0.7736 0.6258 -0.0996
vn -0.6115 0.6107 -0.5030
vn -0.5964 0.5364 -0.5972
vn -0.5337 0.5851 -0.6105
vn -0.3938 0.6136 -0.6844
vn -0.3439 0.5938 -0.7274
vn -0.2964 0.6129 -0.7325
vn -0.1526 0.6027 -0.7832
vn 0.1028 0.5831 -0.8058
vn 0.2382 0.5549 -0.7971
vn 0.4078 0.4759 -0.7792
vn 0.3816 0.4936 -0.7815
vn 0.4736 0.5195 -0.7112
vn 0.6243 0.5135 -0.5887
vn 0.7320 0.4953 -0.4679
vn 0.8112 0.4909 -0.3179
vn 0.8814 0.4627 -0.0948
vn 0.0123 0.9823 0.1870
vn 0.0893 0.9476 0.3068
vn 0.1166 0.9163 0.3832
vn 0.1435 0.8798 0.4532
vn 0.1917 0.8614 0.4704
vn 0.2888 0.8091 0.5118
vn 0.2917 0.7875 0.5429
vn 0.7483 0.6603 -0.0640
vn 0.5924 0.8037 -0.0557
vn 0.4866 0.8734 0.0190
vn 0.3956 0.9090 0.1311
vn 0.3142 0.9384 0.1438
vn 0.1952 0.9761 0.0957
vn -0.0222 0.9967 0.0787
vn 0.0192 0.9989 0.0420
vn -0.0209 0.9884 0.1505
vn -0.2203 0.9369 0.2714
vn -0.3983 0.8356 0.3782
vn -0.4576 0.7991 0.3899
vn -0.4389 0.8424 0.3127
vn -0.5638 0.6616 0.4944
vn 0.0206 0.9997 -0.0122
vn -0.0330 0.9911 -0.1290
vn -0.1896 0.9388 -0.2874
vn -0.3436 0.8561 -0.3859
vn -0.3696 0.8208 -0.4355
vn -0.3862 0.7771 -0.4969
vn -0.5037 0.6682 -0.5475
vn -0.0519 0.9933 -0.1029
vn 0.0299 0.9498 -0.3113
vn 0.0884 0.9399 -0.3299
vn 0.0997 0.9307 -0.3519
vn 0.1158 0.8630 -0.4918
vn 0.1977 0.6863 -0.7000
vn 0.2895 0.6014 -0.7446
vn 0.0585 0.9824 -0.1776
vn 0.2175 0.9632 -0.1580
vn 0.1024 0.9238 -0.3688
vn 0.3478 0.9320 -0.1020
vn 0.2052 0.9221 -0.3280
vn 0.1281 0.9251 -0.3575
vn 0.4807 0.8703 -0.1071
vn 0.3745 0.8887 -0.2644
vn 0.2224 0.8955 -0.3855
vn 0.1946 0.9033 -0.3823
vn 0.5655 0.8196 -0.0919
vn 0.5034 0.8376 -0.2119
vn 0.3967 0.8416 -0.3664
vn 0.2913 0.8318 -0.4724
vn 0.2693 0.7524 -0.6011
vn 0.6584 0.7469 -0.0928
vn 0.6118 0.7524 -0.2441
vn 0.5798 0.7150 -0.3906
vn 0.4734 0.6499 -0.5946
vn 0.3894 0.5697 -0.7237
vn 0.3491 0.5515 -0.7576
vn 0.0180 0.9877 -0.1550
vn 0.0843 0.9559 -0.2815
vn -0.0593 0.9680 -0.2438
vn 0.1170 0.9329 -0.3405
vn -0.0591 0.9406 -0.3343
vn -0.2225 0.9024 -0.3691
vn 0.0687 0.8711 -0.4863
vn -0.0294 0.8444 -0.5350
vn -0.2566 0.8231 -0.5067
vn -0.3330 0.8138 -0.4764
vn 0.0892 0.8038 -0.5881
vn -0.0500 0.8127 -0.5806
vn -0.1915 0.7754 -0.6017
vn -0.3089 0.7870 -0.5341
vn -0.3542 0.7916 -0.4980
vn 0.1593 0.6831 -0.7127
vn 0.0390 0.7427 -0.6685
vn -0.1821 0.7833 -0.5944
vn -0.2856 0.7185 -0.6341
vn -0.3269 0.7440 -0.5827
vn -0.4238 0.7273 -0.5398
vn 0.0117 0.9998 0.0131
vn -0.2078 0.9753 -0.0744
vn -0.2391 0.9648 0.1098
vn -0.3995 0.9030 -0.1584
vn -0.4287 0.9020 0.0513
vn -0.4209 0.8862 0.1934
vn -0.3847 0.8827 -0.2697
vn -0.4263 0.9045 -0.0130
vn -0.4326 0.8945 0.1133
vn -0.4646 0.8250 0.3216
vn -0.3984 0.8157 -0.4193
vn -0.3972 0.9081 -0.1326
vn -0.4090 0.9065 0.1052
vn -0.4356 0.8640 0.2526
vn -0.4228 0.8180 0.3899
vn -0.5041 0.6856 -0.5252
vn -0.5297 0.7713 -0.3529
vn -0.5884 0.8080 0.0283
vn -0.5581 0.8090 0.1845
vn -0.5457 0.7491 0.3755
vn -0.4935 0.7890 0.3660
vn 0.0607 0.9786 0.1965
vn -0.0185 0.9510 0.3087
vn 0.0937 0.9281 0.3604
vn -0.2004 0.8822 0.4260
vn 0.0186 0.9185 0.3949
vn 0.1099 0.9147 0.3889
vn -0.3357 0.8178 0.4675
vn -0.1934 0.8625 0.4676
vn 0.0147 0.9152 0.4027
vn 0.1749 0.9071 0.3828
vn -0.3624 0.8368 0.4103
vn -0.2998 0.8317 0.4674
vn -0.1675 0.8373 0.5205
vn 0.0299 0.8140 0.5801
vn 0.1880 0.8370 0.5139
vn -0.4588 0.7533 0.4712
vn -0.3250 0.8149 0.4799
vn -0.2334 0.8043 0.5465
vn -0.0780 0.7197 0.6899
vn 0.0140 0.7088 0.7052
vn 0.1755 0.7545 0.6324
vn 0.0814 0.9512 0.2977
vn 0.1600 0.9212 0.3547
vn 0.2589 0.9104 0.3226
vn 0.1599 0.9157 0.3686
vn 0.2289 0.9239 0.3066
vn 0.3081 0.9140 0.2640
vn 0.1629 0.8564 0.4900
vn 0.2131 0.8966 0.3883
vn 0.2560 0.9400 0.2257
vn 0.3378 0.9270 0.1633
vn 0.2485 0.7667 0.5919
vn 0.2515 0.7924 0.5558
vn 0.3007 0.8488 0.4349
vn 0.3985 0.8767 0.2693
vn 0.5081 0.8581 0.0740
vn 0.2833 0.7822 0.5548
vn 0.2802 0.7430 0.6078
vn 0.3500 0.7083 0.6131
vn 0.5197 0.7072 0.4793
vn 0.6109 0.7103 0.3496
vn 0.6758 0.7322 0.0852
vn 0.8772 0.4072 -0.2543
vn 0.8099 0.4068 -0.4226
vn 0.8111 0.3485 -0.4697
vn 0.8048 0.3344 -0.4904
vn 0.7933 0.4088 -0.4512
vn 0.7656 0.3993 -0.5044
vn 0.8100 0.0961 -0.5786
vn 0.7987 0.2228 -0.5589
vn 0.6968 0.3806 -0.6079
vn 0.5935 0.4334 -0.6782
vn 0.7974 -0.0498 -0.6014
vn 0.7435 0.1401 -0.6539
vn 0.6602 0.1869 -0.7275
vn 0.5801 0.3485 -0.7362
vn 0.4537 0.4581 -0.7644
vn 0.6732 -0.3437 -0.6547
vn 0.7208 -0.0752 -0.6890
vn 0.6370 0.1656 -0.7529
vn 0.5729 0.2361 -0.7849
vn 0.4355 0.3802 -0.8159
vn 0.3749 0.4492 -0.8110
vn 0.1449 0.2832 -0.9481
vn 0.0351 0.1960 -0.9800
vn -0.0271 0.2956 -0.9549
vn -0.0572 0.1615 -0.9852
vn -0.1478 0.1995 -0.9687
vn -0.2546 0.3771 -0.8905
vn -0.1789 0.0898 -0.9798
vn -0.2725 0.1323 -0.9530
vn -0.3206 0.1551 -0.9344
vn -0.3570 0.4835 -0.7993
vn -0.2417 -0.1766 -0.9541
vn -0.3454 0.1509 -0.9262
vn -0.3922 0.0836 -0.9161
vn -0.4089 0.1405 -0.9017
vn -0.3786 0.4400 -0.8143
vn -0.2634 -0.3364 -0.9041
vn -0.4233 -0.0994 -0.9005
vn -0.4658 0.0737 -0.8818
vn -0.4442 0.0608 -0.8939
vn -0.5123 0.1179 -0.8507
vn -0.5626 0.3722 -0.7382
vn -0.6924 0.3518 -0.6299
vn -0.8640 0.1047 -0.4924
vn -0.8967 0.3257 -0.2997
vn -0.9210 0.1900 -0.3401
vn -0.9635 0.2084 -0.1679
vn -0.9098 0.4149 0.0011
vn -0.9674 0.1119 -0.2272
vn -0.9605 0.2250 -0.1636
vn -0.9512 0.3084 -0.0059
vn -0.8583 0.4970 0.1277
vn -0.9877 0.0349 -0.1523
vn -0.9897 0.1161 -0.0840
vn -0.9503 0.2874 0.1201
vn -0.9275 0.3037 0.2182
vn -0.7598 0.5372 0.3662
vn -0.9971 -0.0732 -0.0214
vn -0.9997 -0.0032 0.0248
vn -0.9567 0.1864 0.2233
vn -0.9070 0.2558 0.3344
vn -0.8495 0.3142 0.4239
vn -0.6859 0.5753 0.4455
vn -0.6596 0.4166 0.6256
vn -0.5557 0.2416 0.7955
vn -0.4790 0.4189 0.7715
vn -0.5018 0.1386 0.8538
vn -0.4622 0.2299 0.8565
vn -0.2841 0.4516 0.8457
vn -0.4581 0.0999 0.8833
vn -0.3898 0.1322 0.9113
vn -0.2445 0.3473 0.9053
vn -0.1228 0.5308 0.8385
vn -0.3010 -0.1230 0.9457
vn -0.2957 0.0169 0.9551
vn -0.2362 0.1492 0.9602
vn -0.1249 0.3805 0.9163
vn -0.0082 0.5394 0.8420
vn -0.1874 -0.3384 0.9221
vn -0.2086 -0.2584 0.9432
vn -0.1579 0.0036 0.9875
vn -0.0089 0.1838 0.9829
vn 0.1193 0.3576 0.9262
vn 0.1209 0.4409 0.8894
vn 0.5326 0.4898 0.6902
vn 0.4810 0.4494 0.7528
vn 0.4385 0.5088 0.7408
vn 0.4760 0.2831 0.8326
vn 0.4548 0.3902 0.8005
vn 0.4009 0.5857 0.7045
vn 0.6066 0.1849 0.7732
vn 0.6174 0.2278 0.7529
vn 0.6301 0.2890 0.7207
vn 0.5977 0.6378 0.4857
vn 0.6966 -0.1013 0.7103
vn 0.7100 0.1560 0.6867
vn 0.7551 0.1329 0.6420
vn 0.7850 0.3326 0.5226
vn 0.6848 0.6235 0.3772
vn 0.7221 -0.3327 0.6065
vn 0.8064 -0.1265 0.5777
vn 0.8440 0.0678 0.5320
vn 0.8202 0.1211 0.5591
vn 0.8297 0.4307 0.3552
vn 0.8303 0.5491 0.0950
vn 0.3273 0.3075 -0.8935
vn 0.3315 0.2841 -0.8997
vn 0.2429 0.2931 -0.9247
vn 0.3872 0.2213 -0.8950
vn 0.3034 0.2384 -0.9226
vn 0.0987 0.1426 -0.9848
vn 0.5105 -0.0965 -0.8544
vn 0.3348 -0.1238 -0.9341
vn 0.1625 -0.2077 -0.9646
vn 0.0120 -0.1988 -0.9800
vn 0.5655 -0.3389 -0.7519
vn 0.3802 -0.3126 -0.8705
vn 0.1893 -0.3989 -0.8972
vn 0.0694 -0.4083 -0.9102
vn -0.0366 -0.4190 -0.9072
vn 0.5913 -0.3836 -0.7094
vn 0.5071 -0.4079 -0.7592
vn 0.2006 -0.4671 -0.8611
vn 0.1249 -0.4607 -0.8787
vn -0.0207 -0.4662 -0.8844
vn -0.1155 -0.5468 -0.8292
vn -0.7086 0.2030 -0.6757
vn -0.6388 0.1899 -0.7456
vn -0.7659 0.1509 -0.6250
vn -0.5579 0.1237 -0.8207
vn -0.7183 0.1476 -0.6799
vn -0.7684 0.2119 -0.6038
vn -0.4642 -0.1548 -0.8721
vn -0.6337 -0.2083 -0.7450
vn -0.7341 -0.1998 -0.6490
vn -0.8056 -0.1169 -0.5808
vn -0.5002 -0.2369 -0.8329
vn -0.5355 -0.4442 -0.7183
vn -0.6140 -0.4792 -0.6272
vn -0.6477 -0.4390 -0.6227
vn -0.7900 -0.3468 -0.5055
vn -0.4821 -0.3968 -0.7811
vn -0.5390 -0.4996 -0.6782
vn -0.5450 -0.5824 -0.6031
vn -0.5698 -0.5377 -0.6215
vn -0.6370 -0.5242 -0.5652
vn -0.7195 -0.5364 -0.4411
vn -0.5853 0.3899 0.7109
vn -0.7398 0.2897 0.6073
vn -0.6063 0.3572 0.7105
vn -0.8479 0.2176 0.4834
vn -0.7067 0.2505 0.6617
vn -0.5520 0.2287 0.8019
vn -0.8745 0.0089 0.4850
vn -0.8091 -0.0909 0.5805
vn -0.6308 -0.1408 0.7630
vn -0.4849 -0.0891 0.8700
vn -0.8707 -0.2036 0.4476
vn -0.7714 -0.3030 0.5596
vn -0.6528 -0.3863 0.6516
vn -0.5397 -0.3327 0.7733
vn -0.4475 -0.2914 0.8455
vn -0.8340 -0.4983 0.2368
vn -0.7605 -0.4405 0.4771
vn -0.6552 -0.4195 0.6283
vn -0.5875 -0.4467 0.6748
vn -0.3965 -0.4731 0.7868
vn -0.3694 -0.5389 0.7570
vn 0.2576 0.3260 0.9096
vn 0.1960 -0.0425 0.9797
vn 0.3233 0.0803 0.9429
vn 0.2477 -0.2157 0.9445
vn 0.1791 -0.2391 0.9543
vn 0.3499 0.0051 0.9368
vn 0.2829 -0.3298 0.9007
vn 0.2293 -0.3422 0.9112
vn 0.1183 -0.3719 0.9207
vn 0.3470 -0.2228 0.9110
vn 0.1404 -0.3894 0.9103
vn 0.2416 -0.2304 0.9426
vn 0.2220 -0.2071 0.9528
vn 0.1716 -0.3285 0.9288
vn 0.3476 -0.3726 0.8604
vn 0.0168 -0.3998 0.9165
vn 0.1024 -0.3156 0.9433
vn 0.2264 -0.1610 0.9606
vn 0.2448 -0.1916 0.9505
vn 0.3141 -0.3817 0.8693
vn 0.4177 -0.4918 0.7640
vn 0.8121 0.5748 -0.1005
vn 0.9676 0.2504 -0.0337
vn 0.9293 0.3211 -0.1826
vn 0.9609 -0.1965 0.1952
vn 0.9990 -0.0102 -0.0438
vn 0.9677 0.0715 -0.2418
vn 0.9069 -0.3252 0.2679
vn 0.9308 -0.3322 0.1524
vn 0.9594 -0.2649 -0.0968
vn 0.9213 -0.1985 -0.3343
vn 0.9041 -0.3137 0.2901
vn 0.9038 -0.4013 0.1486
vn 0.8862 -0.4477 0.1194
vn 0.9511 -0.2731 -0.1444
vn 0.8918 -0.1888 -0.4112
vn 0.7089 -0.5856 0.3930
vn 0.8399 -0.4975 0.2170
vn 0.9122 -0.3799 0.1533
vn 0.9427 -0.3187 0.0990
vn 0.8922 -0.3347 -0.3032
vn 0.7899 -0.3682 -0.4905
vn 0.4591 -0.6183 -0.6379
vn 0.3191 -0.7583 -0.5684
vn 0.3677 -0.6894 -0.6241
vn 0.2334 -0.8422 -0.4860
vn 0.2469 -0.8093 -0.5329
vn 0.2197 -0.6840 -0.6956
vn 0.1421 -0.9098 -0.3900
vn 0.1861 -0.8633 -0.4692
vn 0.1918 -0.7988 -0.5702
vn 0.0848 -0.6066 -0.7905
vn 0.0473 -0.9708 -0.2354
vn 0.0774 -0.9515 -0.2976
vn 0.1139 -0.8659 -0.4871
vn -0.0221 -0.6692 -0.7428
vn -0.1070 -0.5449 -0.8316
vn 0.0583 -0.9838 -0.1696
vn 0.0252 -0.9593 -0.2812
vn -0.0126 -0.9543 -0.2986
vn -0.0963 -0.8068 -0.5829
vn -0.1139 -0.5825 -0.8048
vn -0.0880 -0.5089 -0.8563
vn -0.3091 -0.7064 -0.6368
vn -0.3197 -0.7093 -0.6283
vn -0.4564 -0.6688 -0.5869
vn -0.2896 -0.8431 -0.4531
vn -0.4537 -0.7262 -0.5165
vn -0.5173 -0.6776 -0.5227
vn -0.2447 -0.9374 -0.2476
vn -0.3091 -0.8834 -0.3522
vn -0.4856 -0.7234 -0.4908
vn -0.4396 -0.7159 -0.5425
vn -0.2351 -0.9516 -0.1977
vn -0.1912 -0.9526 -0.2368
vn -0.3797 -0.8633 -0.3325
vn -0.4495 -0.8039 -0.3895
vn -0.4962 -0.7601 -0.4195
vn -0.2100 -0.9616 -0.1767
vn -0.1707 -0.9639 -0.2044
vn -0.2657 -0.9447 -0.1925
vn -0.4106 -0.8820 -0.2313
vn -0.4747 -0.8377 -0.2701
vn -0.5660 -0.7816 -0.2621
vn -0.6110 -0.7860 0.0943
vn -0.5605 -0.8268 0.0462
vn -0.6344 -0.7611 0.1353
vn -0.3989 -0.9170 -0.0028
vn -0.5060 -0.8532 0.1267
vn -0.5646 -0.6953 0.4448
vn -0.2846 -0.9586 -0.0024
vn -0.3231 -0.9309 0.1702
vn -0.3179 -0.8349 0.4494
vn -0.3631 -0.6650 0.6526
vn -0.1623 -0.9865 0.0214
vn -0.1853 -0.9666 0.1773
vn -0.2278 -0.8735 0.4302
vn -0.2545 -0.7582 0.6003
vn -0.2766 -0.6120 0.7409
vn -0.1565 -0.9866 0.0472
vn -0.1571 -0.9743 0.1614
vn -0.1749 -0.9299 0.3235
vn -0.2586 -0.8162 0.5166
vn -0.2872 -0.6953 0.6589
vn -0.3175 -0.6418 0.6980
vn 0.6397 -0.5549 -0.5319
vn 0.6716 -0.7063 -0.2236
vn 0.5046 -0.7949 -0.3369
vn 0.5936 -0.7993 0.0938
vn 0.5164 -0.8562 -0.0152
vn 0.3714 -0.9145 -0.1604
vn 0.6220 -0.7581 0.1957
vn 0.5596 -0.8206 0.1164
vn 0.4343 -0.9007 0.0085
vn 0.3068 -0.9453 -0.1105
vn 0.6574 -0.6665 0.3515
vn 0.5743 -0.7941 0.1989
vn 0.4213 -0.8959 0.1412
vn 0.2924 -0.9496 0.1132
vn 0.1526 -0.9883 -0.0015
vn 0.6782 -0.6080 0.4128
vn 0.6463 -0.7023 0.2985
vn 0.4358 -0.8839 0.1697
vn 0.2864 -0.9467 0.1476
vn 0.2062 -0.9684 0.1401
vn 0.0891 -0.9959 0.0151
vn -0.0887 -0.5809 0.8092
vn -0.0983 -0.6859 0.7210
vn 0.0132 -0.5489 0.8358
vn 0.0089 -0.8490 0.5284
vn 0.1072 -0.7476 0.6555
vn 0.1855 -0.6444 0.7419
vn 0.0285 -0.9041 0.4264
vn 0.0861 -0.8572 0.5078
vn 0.1920 -0.7479 0.6355
vn 0.2104 -0.6991 0.6834
vn 0.0507 -0.9601 0.2750
vn 0.1045 -0.9208 0.3757
vn 0.2322 -0.8320 0.5038
vn 0.2701 -0.7848 0.5578
vn 0.3185 -0.6821 0.6582
vn 0.1130 -0.9890 0.0955
vn 0.1565 -0.9741 0.1630
vn 0.2345 -0.9264 0.2946
vn 0.2657 -0.8486 0.4575
vn 0.2933 -0.8026 0.5194
vn 0.5276 -0.6293 0.5707
vn 0.0450 -0.9986 0.0265
vn 0.7186 -0.5798 0.3840
vn -0.2106 -0.6435 0.7359
vn -0.7934 -0.6057 -0.0601
vn -0.2419 -0.6295 -0.7384
vn 0.6556 -0.6631 -0.3612
vn 0.2583 0.5425 0.7994
vn -0.5742 0.5611 0.5962
vn -0.5567 0.6021 -0.5724
vn 0.2662 0.5645 -0.7813
vn 0.8013 0.5983 -0.0046
vn 0.0001 0.9998 -0.0177
vn -0.1705 -0.7060 0.6874
vn -0.1382 -0.8317 0.5377
vn -0.1233 -0.9127 0.3896
vn -0.0784 -0.9571 0.2791
vn -0.0668 -0.9536 0.2936
vn 0.0202 -0.9917 0.1268
vn 0.0763 -0.9942 0.0760
vn -0.0032 -0.9983 0.0589
vn 0.0247 -0.9985 0.0481
vn 0.1750 -0.9818 0.0742
vn 0.3745 -0.9090 0.1831
vn 0.4151 -0.8729 0.2563
vn 0.4375 -0.8689 0.2315
vn 0.6018 -0.7519 0.2691
vn 0.6083 -0.5845 0.5370
vn 0.4136 -0.6756 0.6103
vn 0.3117 -0.6906 0.6527
vn 0.2298 -0.7262 0.6479
vn 0.1067 -0.6987 0.7074
vn -0.1130 -0.5874 0.8014
vn -0.1695 -0.6371 0.7519
vn 0.6736 -0.5820 -0.4556
vn 0.7282 -0.6093 -0.3138
vn 0.6994 -0.7082 -0.0962
vn 0.7077 -0.7061 -0.0244
vn 0.7221 -0.6895 0.0567
vn 0.6935 -0.7051 0.1479
vn 0.7172 -0.6350 0.2872
vn 0.0490 -0.9981 -0.0375
vn 0.0269 -0.9983 -0.0512
vn 0.1395 -0.9761 -0.1668
vn 0.2836 -0.9113 -0.2987
vn 0.3299 -0.8665 -0.3747
vn 0.5122 -0.7103 -0.4828
vn 0.6432 -0.6109 -0.4616
vn -0.7384 -0.6741 0.0150
vn -0.6376 -0.7690 0.0459
vn -0.4023 -0.9154 -0.0103
vn -0.3212 -0.9461 -0.0425
vn -0.2425 -0.9699 -0.0218
vn -0.1143 -0.9933 -0.0159
vn 0.0285 -0.9995 0.0115
vn -0.2344 -0.6628 0.7112
vn -0.4109 -0.7308 0.5450
vn -0.5165 -0.7054 0.4854
vn -0.4911 -0.7363 0.4654
vn -0.5300 -0.7800 0.3328
vn -0.6815 -0.7271 0.0833
vn -0.7523 -0.6582 0.0285
vn -0.1872 -0.7413 -0.6445
vn -0.2312 -0.7191 -0.6553
vn -0.2379 -0.8446 -0.4797
vn -0.1511 -0.9414 -0.3014
vn -0.0635 -0.9671 -0.2464
vn 0.0064 -0.9876 -0.1571
vn 0.0476 -0.9975 -0.0529
vn -0.8262 -0.5623 -0.0346
vn -0.7643 -0.6150 -0.1940
vn -0.6357 -0.6739 -0.3763
vn -0.5043 -0.7231 -0.4720
vn -0.4148 -0.6952 -0.5871
vn -0.3254 -0.6153 -0.7180
vn -0.3653 -0.6414 -0.6747
vn -0.2042 -0.7336 -0.6481
vn -0.0369 -0.6578 -0.7523
vn 0.1461 -0.6413 -0.7533
vn 0.1399 -0.7600 -0.6347
vn 0.3043 -0.7928 -0.5281
vn 0.4214 -0.7666 -0.4846
vn 0.5392 -0.7580 -0.3670
vn 0.8886 0.4266 0.1683
vn 0.9257 0.2349 0.2965
vn 0.9220 0.0924 0.3761
vn 0.9141 -0.0760 0.3982
vn 0.8991 -0.1157 0.4223
vn 0.8653 -0.2434 0.4382
vn 0.8151 -0.4247 0.3940
vn 0.6516 -0.6779 -0.3404
vn 0.6840 -0.6281 -0.3710
vn 0.8868 -0.4016 -0.2286
vn 0.9683 -0.2256 -0.1072
vn 0.9897 0.0557 -0.1321
vn 0.9521 0.2332 -0.1978
vn 0.9119 0.3652 -0.1873
vn 0.2240 0.3389 0.9138
vn 0.1495 0.2519 0.9562
vn 0.0460 0.1015 0.9938
vn -0.0151 0.1510 0.9884
vn 0.0114 0.0356 0.9993
vn -0.0165 -0.2337 0.9722
vn -0.1680 -0.5944 0.7864
vn 0.7373 -0.3804 0.5583
vn 0.6541 -0.3093 0.6903
vn 0.6346 -0.2164 0.7419
vn 0.5406 0.2183 0.8124
vn 0.4676 0.2529 0.8470
vn 0.3784 0.2723 0.8847
vn 0.3062 0.3973 0.8651
vn -0.7645 0.3612 0.5340
vn -0.8193 0.3288 0.4698
vn -0.9065 0.0820 0.4141
vn -0.9262 0.1338 0.3525
vn -0.9760 -0.0948 0.1960
vn -0.9072 -0.4129 0.0804
vn -0.8634 -0.5042 0.0179
vn -0.2698 -0.5461 0.7930
vn -0.3385 -0.3910 0.8559
vn -0.4407 -0.1620 0.8829
vn -0.5487 0.1738 0.8178
vn -0.5823 0.3177 0.7483
vn -0.5818 0.4913 0.6482
vn -0.5750 0.5118 0.6383
vn -0.6404 0.4148 -0.6464
vn -0.6565 0.2824 -0.6995
vn -0.5803 0.2084 -0.7873
vn -0.4847 0.2265 -0.8448
vn -0.3880 -0.0632 -0.9195
vn -0.2686 -0.4956 -0.8260
vn -0.3437 -0.3756 -0.8607
vn -0.8313 -0.5508 -0.0743
vn -0.8774 -0.4521 -0.1607
vn -0.9304 -0.1761 -0.3214
vn -0.9261 -0.0250 -0.3765
vn -0.8926 0.0468 -0.4483
vn -0.7838 0.3059 -0.5405
vn -0.6965 0.4176 -0.5835
vn 0.2569 0.5475 -0.7964
vn 0.3408 0.4163 -0.8429
vn 0.5021 0.1591 -0.8500
vn 0.5958 0.0128 -0.8031
vn 0.6346 -0.1120 -0.7646
vn 0.6781 -0.3519 -0.6453
vn 0.6401 -0.6981 -0.3208
vn -0.2863 -0.3160 -0.9045
vn -0.2374 -0.3224 -0.9163
vn -0.0884 -0.1618 -0.9829
vn -0.0067 0.1557 -0.9878
vn 0.0012 0.1968 -0.9804
vn 0.0915 0.3022 -0.9488
vn 0.1559 0.3697 -0.9160
vn 0.7195 0.6491 0.2470
vn 0.6711 0.6760 0.3044
vn 0.6036 0.6941 0.3924
vn 0.5784 0.6510 0.4916
vn 0.5553 0.5869 0.5893
vn 0.4913 0.5574 0.6693
vn 0.3882 0.5485 0.7406
vn 0.0737 0.6527 0.7540
vn -0.0438 0.7150 0.6977
vn -0.2268 0.7408 0.6322
vn -0.2404 0.7395 0.6287
vn -0.2676 0.7477 0.6077
vn -0.3083 0.6993 0.6450
vn -0.3451 0.6519 0.6752
vn -0.6422 0.6095 0.4648
vn -0.7632 0.5528 0.3346
vn -0.8174 0.5755 0.0263
vn -0.7493 0.6594 -0.0608
vn -0.6900 0.7013 -0.1792
vn -0.6910 0.6812 -0.2416
vn -0.6648 0.6245 -0.4098
vn -0.5473 0.6374 -0.5424
vn -0.4304 0.6967 -0.5738
vn -0.2130 0.7422 -0.6354
vn -0.1865 0.7243 -0.6638
vn -0.0658 0.6307 -0.7732
vn -0.0981 0.5894 -0.8019
vn 0.0558 0.5733 -0.8174
vn 0.3570 0.6513 -0.6696
vn 0.4609 0.6841 -0.5652
vn 0.3621 0.7425 -0.5636
vn 0.3662 0.7573 -0.5407
vn 0.6112 0.7324 -0.2999
vn 0.6763 0.6981 -0.2351
vn 0.7376 0.6472 -0.1927
vn 0.0234 0.9897 0.1410
vn 0.0102 0.9716 0.2365
vn -0.0191 0.9361 0.3511
vn -0.0079 0.8843 0.4668
vn 0.0707 0.8551 0.5136
vn 0.0855 0.8200 0.5659
vn 0.1281 0.7526 0.6459
vn 0.5913 0.8063 0.0175
vn 0.4466 0.8947 0.0057
vn 0.4838 0.8750 -0.0182
vn 0.5013 0.8653 -0.0054
vn 0.3011 0.9536 -0.0022
vn 0.1572 0.9876 -0.0023
vn 0.0599 0.9981 0.0117
vn -0.0546 0.9967 0.0593
vn -0.0974 0.9852 0.1412
vn -0.1711 0.9455 0.2769
vn -0.2547 0.9076 0.3337
vn -0.3813 0.8525 0.3575
vn -0.4746 0.7583 0.4470
vn -0.4378 0.7465 0.5011
vn -0.0731 0.9932 -0.0900
vn -0.0572 0.9977 -0.0353
vn -0.2258 0.9482 -0.2235
vn -0.3447 0.8609 -0.3742
vn -0.3779 0.8646 -0.3311
vn -0.4772 0.7595 -0.4421
vn -0.5121 0.6681 -0.5398
vn -0.0142 0.9957 -0.0917
vn 0.0591 0.9757 -0.2111
vn 0.1597 0.9353 -0.3157
vn 0.2049 0.8721 -0.4443
vn 0.1860 0.8220 -0.5383
vn 0.1715 0.8286 -0.5329
vn 0.2292 0.7640 -0.6031
vn 0.1070 0.9873 -0.1171
vn 0.1917 0.9686 -0.1582
vn 0.1917 0.9397 -0.2834
vn 0.3815 0.9186 -0.1034
vn 0.2172 0.9122 -0.3475
vn 0.2568 0.8910 -0.3743
vn 0.5406 0.8387 -0.0657
vn 0.4085 0.8525 -0.3261
vn 0.2824 0.8180 -0.5011
vn 0.3568 0.8242 -0.4398
vn 0.4623 0.8795 -0.1126
vn 0.4943 0.8489 -0.1872
vn 0.2985 0.8246 -0.4805
vn 0.3226 0.8195 -0.4737
vn 0.3393 0.8425 -0.4184
vn 0.5300 0.8337 -0.1551
vn 0.4949 0.8547 -0.1567
vn 0.4143 0.8333 -0.3660
vn 0.2776 0.7982 -0.5347
vn 0.3566 0.8403 -0.4083
vn 0.3148 0.7844 -0.5344
vn -0.0232 0.9947 -0.1001
vn 0.0148 0.9657 -0.2592
vn -0.0806 0.9674 -0.2399
vn 0.0235 0.8882 -0.4589
vn -0.1415 0.8702 -0.4719
vn -0.2512 0.8349 -0.4897
vn 0.0281 0.8028 -0.5956
vn -0.1374 0.8024 -0.5807
vn -0.2345 0.8082 -0.5402
vn -0.2164 0.8416 -0.4949
vn 0.0401 0.8279 -0.5594
vn -0.0616 0.8221 -0.5660
vn -0.1904 0.8200 -0.5397
vn -0.1910 0.8349 -0.5162
vn -0.2906 0.7968 -0.5297
vn 0.0274 0.8007 -0.5984
vn -0.0339 0.7590 -0.6502
vn -0.1550 0.7889 -0.5946
vn -0.1921 0.8133 -0.5492
vn -0.2485 0.8105 -0.5304
vn -0.4287 0.7326 -0.5287
vn -0.0938 0.9950 -0.0347
vn -0.1737 0.9841 -0.0378
vn -0.1729 0.9831 0.0596
vn -0.3990 0.9022 -0.1639
vn -0.3727 0.9279 -0.0041
vn -0.3441 0.9278 0.1445
vn -0.4897 0.8415 -0.2282
vn -0.4776 0.8718 -0.1087
vn -0.4373 0.8988 0.0306
vn -0.4005 0.8910 0.2138
vn -0.5135 0.8360 -0.1937
vn -0.5539 0.8031 -0.2196
vn -0.5443 0.8355 -0.0756
vn -0.4784 0.8752 0.0722
vn -0.4477 0.8153 0.3672
vn -0.5756 0.7662 -0.2858
vn -0.5745 0.7966 -0.1879
vn -0.6009 0.7859 -0.1459
vn -0.6221 0.7801 -0.0663
vn -0.5891 0.7809 0.2076
vn -0.4933 0.7503 0.4401
vn 0.0009 0.9713 0.2379
vn -0.0505 0.9267 0.3725
vn -0.0589 0.9190 0.3899
vn -0.0944 0.9010 0.4233
vn -0.0478 0.8790 0.4744
vn -0.1114 0.8906 0.4410
vn -0.1608 0.8763 0.4542
vn -0.0535 0.8573 0.5121
vn -0.1025 0.8837 0.4567
vn -0.0768 0.8870 0.4553
vn -0.3269 0.7285 0.6020
vn -0.1438 0.7393 0.6578
vn -0.1412 0.8170 0.5591
vn -0.1410 0.8389 0.5257
vn -0.0144 0.8103 0.5859
vn -0.3703 0.6062 0.7039
vn -0.2732 0.6289 0.7279
vn -0.1966 0.7385 0.6450
vn -0.2259 0.7775 0.5870
vn -0.0952 0.8103 0.5783
vn 0.0119 0.8006 0.5991
vn 0.0772 0.9879 0.1348
vn 0.0973 0.9711 0.2178
vn 0.1729 0.9780 0.1165
vn 0.1047 0.9340 0.3415
vn 0.2046 0.9562 0.2094
vn 0.3881 0.9202 0.0516
vn 0.1509 0.8505 0.5038
vn 0.2857 0.8812 0.3766
vn 0.4228 0.8848 0.1958
vn 0.5154 0.8569 0.0060
vn 0.1771 0.8366 0.5184
vn 0.3117 0.8164 0.4862
vn 0.4830 0.7908 0.3760
vn 0.5637 0.8015 0.1996
vn 0.5092 0.8583 0.0643
vn 0.2760 0.7339 0.6206
vn 0.4217 0.6952 0.5822
vn 0.5506 0.6693 0.4989
vn 0.5896 0.7077 0.3893
vn 0.5877 0.7701 0.2479
vn 0.5358 0.8269 0.1705
vn 0.8625 0.4409 -0.2482
vn 0.8839 0.4091 -0.2267
vn 0.8214 0.4797 -0.3085
vn 0.9408 0.1978 -0.2751
vn 0.8161 0.4224 -0.3945
vn 0.6944 0.5502 -0.4637
vn 0.8694 -0.1656 -0.4656
vn 0.7629 0.2383 -0.6010
vn 0.6993 0.3537 -0.6211
vn 0.4018 0.6677 -0.6266
vn 0.7499 -0.3938 -0.5317
vn 0.7468 -0.0796 -0.6603
vn 0.7002 0.1611 -0.6956
vn 0.5179 0.4788 -0.7089
vn 0.4255 0.6661 -0.6126
vn 0.7482 -0.5339 -0.3939
vn 0.7570 -0.2072 -0.6197
vn 0.6679 -0.0449 -0.7429
vn 0.5863 0.1986 -0.7854
vn 0.4810 0.5537 -0.6798
vn 0.4168 0.6521 -0.6333
vn -0.0650 0.4405 -0.8954
vn -0.0909 0.3842 -0.9187
vn -0.0701 0.4770 -0.8761
vn -0.0920 0.2607 -0.9610
vn -0.1018 0.3528 -0.9301
vn -0.1201 0.4738 -0.8724
vn -0.1625 0.1841 -0.9694
vn -0.2311 0.2956 -0.9269
vn -0.2957 0.2089 -0.9321
vn -0.2798 0.4642 -0.8404
vn -0.2684 -0.2912 -0.9182
vn -0.3482 0.1822 -0.9196
vn -0.3661 0.2179 -0.9047
vn -0.3297 0.1805 -0.9267
vn -0.4010 0.3985 -0.8249
vn -0.2749 -0.3093 -0.9103
vn -0.2926 -0.1970 -0.9357
vn -0.3215 0.2505 -0.9132
vn -0.3711 0.1881 -0.9093
vn -0.5118 0.2585 -0.8193
vn -0.6007 0.4175 -0.6818
vn -0.7575 0.5573 -0.3400
vn -0.8674 0.3918 -0.3069
vn -0.7949 0.5667 -0.2165
vn -0.9667 0.1247 -0.2234
vn -0.9155 0.3856 -0.1150
vn -0.8578 0.5074 -0.0817
vn -0.9684 0.0741 -0.2383
vn -0.9470 0.3034 -0.1059
vn -0.9324 0.3614 0.0008
vn -0.8890 0.4573 0.0241
vn -0.9525 -0.2741 -0.1327
vn -0.9957 0.0914 0.0130
vn -0.9538 0.2759 0.1187
vn -0.9325 0.3500 0.0889
vn -0.8917 0.4251 0.1553
vn -0.8926 -0.4505 -0.0166
vn -0.9544 -0.2719 0.1234
vn -0.9704 0.1368 0.1991
vn -0.9702 0.1139 0.2140
vn -0.8995 0.2833 0.3326
vn -0.8029 0.3994 0.4426
vn -0.3626 0.6831 0.6339
vn -0.3922 0.5324 0.7502
vn -0.3334 0.7058 0.6251
vn -0.3433 0.4096 0.8452
vn -0.2999 0.4939 0.8162
vn -0.2230 0.6680 0.7100
vn -0.3106 0.3031 0.9009
vn -0.2693 0.3947 0.8785
vn -0.2945 0.4666 0.8340
vn -0.2888 0.6685 0.6853
vn -0.3099 -0.0876 0.9467
vn -0.2299 0.2786 0.9325
vn -0.2338 0.2889 0.9284
vn -0.1780 0.3569 0.9170
vn -0.0956 0.5779 0.8105
vn -0.2877 -0.3468 0.8927
vn -0.1371 0.0121 0.9905
vn -0.0244 0.1583 0.9871
vn -0.0136 0.1267 0.9918
vn 0.0142 0.2881 0.9575
vn 0.0325 0.4572 0.8888
vn 0.4633 0.5215 0.7165
vn 0.5408 0.3710 0.7549
vn 0.5113 0.5518 0.6589
vn 0.5925 0.3309 0.7345
vn 0.6046 0.3621 0.7094
vn 0.5417 0.6168 0.5711
vn 0.7270 0.1974 0.6576
vn 0.7343 0.1880 0.6523
vn 0.7196 0.3324 0.6097
vn 0.6435 0.6043 0.4698
vn 0.8219 -0.1148 0.5579
vn 0.8626 0.0619 0.5021
vn 0.8611 0.0261 0.5078
vn 0.8623 0.2643 0.4320
vn 0.7740 0.5154 0.3678
vn 0.8510 -0.2281 0.4731
vn 0.8895 -0.0391 0.4553
vn 0.8738 -0.0086 0.4862
vn 0.8884 0.0811 0.4519
vn 0.8801 0.2498 0.4038
vn 0.8112 0.4679 0.3507
vn 0.1417 0.3291 -0.9336
vn 0.2251 0.2382 -0.9448
vn 0.1120 0.2638 -0.9581
vn 0.4247 0.1502 -0.8928
vn 0.1246 0.1262 -0.9842
vn 0.0657 0.0767 -0.9949
vn 0.5739 -0.0993 -0.8129
vn 0.2416 -0.2086 -0.9477
vn 0.0383 -0.3176 -0.9474
vn 0.0910 -0.2224 -0.9707
vn 0.5633 -0.4149 -0.7145
vn 0.3609 -0.4925 -0.7920
vn 0.0339 -0.4218 -0.9061
vn 0.1020 -0.4217 -0.9010
vn 0.0606 -0.4002 -0.9144
vn 0.4975 -0.6993 -0.5133
vn 0.4067 -0.6896 -0.5993
vn 0.2148 -0.6041 -0.7674
vn 0.0651 -0.4633 -0.8838
vn 0.1633 -0.3861 -0.9079
vn -0.1147 -0.3837 -0.9163
vn -0.6869 0.2427 -0.6850
vn -0.7246 0.1946 -0.6611
vn -0.7469 0.1179 -0.6544
vn -0.7000 0.1457 -0.6991
vn -0.7779 0.0187 -0.6281
vn -0.8369 -0.0718 -0.5426
vn -0.6268 -0.1347 -0.7675
vn -0.7733 -0.1416 -0.6181
vn -0.8060 -0.1288 -0.5778
vn -0.8827 -0.1768 -0.4353
vn -0.3916 -0.5489 -0.7385
vn -0.6095 -0.4088 -0.6793
vn -0.7549 -0.2866 -0.5899
vn -0.8361 -0.2969 -0.4612
vn -0.8640 -0.3826 -0.3274
vn -0.3870 -0.5336 -0.7519
vn -0.3972 -0.5637 -0.7242
vn -0.5872 -0.5272 -0.6142
vn -0.7098 -0.4955 -0.5006
vn -0.8375 -0.4336 -0.3326
vn -0.8580 -0.4874 -0.1620
vn -0.7160 0.4297 0.5502
vn -0.8615 0.2057 0.4643
vn -0.7302 0.2409 0.6393
vn -0.9053 0.0411 0.4229
vn -0.8184 -0.0186 0.5744
vn -0.7357 0.0311 0.6766
vn -0.9014 -0.0460 0.4305
vn -0.8280 -0.1722 0.5337
vn -0.7613 -0.2370 0.6036
vn -0.6879 -0.2023 0.6971
vn -0.9156 -0.3395 0.2155
vn -0.8034 -0.2893 0.5205
vn -0.7126 -0.3896 0.5835
vn -0.6762 -0.4519 0.5818
vn -0.5389 -0.4243 0.7277
vn -0.8559 -0.5142 0.0554
vn -0.8110 -0.5112 0.2844
vn -0.6394 -0.5025 0.5820
vn -0.6072 -0.5879 0.5344
vn -0.5706 -0.5977 0.5631
vn -0.3758 -0.5244 0.7641
vn 0.2784 0.2171 0.9356
vn 0.2107 0.2321 0.9496
vn 0.2889 0.2453 0.9254
vn 0.0799 0.2083 0.9748
vn 0.2620 0.2341 0.9362
vn 0.3695 0.2332 0.8995
vn -0.0292 0.0735 0.9969
vn 0.1595 0.0749 0.9843
vn 0.3806 -0.0047 0.9247
vn 0.5029 -0.1470 0.8518
vn -0.0613 -0.2641 0.9626
vn 0.0368 -0.2798 0.9594
vn 0.3238 -0.3130 0.8929
vn 0.4475 -0.3728 0.8129
vn 0.5673 -0.3540 0.7435
vn -0.0817 -0.5004 0.8619
vn -0.0218 -0.4368 0.8993
vn 0.1813 -0.5826 0.7923
vn 0.3197 -0.5589 0.7652
vn 0.4943 -0.4430 0.7480
vn 0.5612 -0.3899 0.7301
vn 0.9832 0.1754 -0.0497
vn 0.9948 -0.0499 0.0885
vn 0.9932 -0.0107 -0.1156
vn 0.9583 -0.2175 0.1853
vn 0.9689 -0.2458 -0.0296
vn 0.9651 -0.2341 -0.1174
vn 0.9415 -0.2713 0.2001
vn 0.9363 -0.3479 0.0477
vn 0.9589 -0.2831 -0.0162
vn 0.9545 -0.2498 -0.1627
vn 0.9210 -0.2951 0.2543
vn 0.9254 -0.3726 0.0689
vn 0.8969 -0.4407 0.0368
vn 0.9003 -0.4197 -0.1153
vn 0.7858 -0.5625 -0.2571
vn 0.8116 -0.4986 0.3045
vn 0.8080 -0.5807 0.0999
vn 0.8206 -0.5712 0.0180
vn 0.7958 -0.6048 -0.0304
vn 0.7468 -0.6194 -0.2423
vn 0.7071 -0.5974 -0.3783
vn 0.4736 -0.7422 -0.4741
vn 0.3301 -0.8143 -0.4774
vn 0.3255 -0.8223 -0.4667
vn 0.2880 -0.8518 -0.4377
vn 0.2707 -0.8327 -0.4831
vn 0.2267 -0.8345 -0.5022
vn 0.2034 -0.9316 -0.3011
vn 0.2551 -0.8579 -0.4459
vn 0.2029 -0.8087 -0.5522
vn 0.1308 -0.8263 -0.5478
vn 0.0417 -0.9916 -0.1222
vn 0.0674 -0.9611 -0.2677
vn 0.0888 -0.8669 -0.4905
vn 0.0855 -0.8053 -0.5867
vn -0.0087 -0.8259 -0.5638
vn 0.0410 -0.9946 -0.0950
vn -0.0051 -0.9845 -0.1756
vn -0.0341 -0.9654 -0.2585
vn -0.0155 -0.8708 -0.4914
vn -0.0695 -0.7467 -0.6615
vn -0.1689 -0.7442 -0.6463
vn -0.2615 -0.7743 -0.5762
vn -0.2648 -0.8014 -0.5363
vn -0.2726 -0.7438 -0.6103
vn -0.2342 -0.8931 -0.3841
vn -0.2368 -0.8621 -0.4481
vn -0.4252 -0.7749 -0.4677
vn -0.1881 -0.9310 -0.3128
vn -0.2259 -0.9263 -0.3017
vn -0.3493 -0.8837 -0.3114
vn -0.4680 -0.8071 -0.3600
vn -0.1067 -0.9738 -0.2007
vn -0.2446 -0.9401 -0.2373
vn -0.3175 -0.9302 -0.1840
vn -0.3766 -0.9000 -0.2195
vn -0.5478 -0.7946 -0.2618
vn -0.0463 -0.9948 -0.0911
vn -0.1835 -0.9774 -0.1047
vn -0.3169 -0.9387 -0.1358
vn -0.3115 -0.9367 -0.1601
vn -0.4947 -0.8606 -0.1207
vn -0.7370 -0.6737 -0.0540
vn -0.6826 -0.7279 0.0650
vn -0.5412 -0.8335 0.1113
vn -0.5516 -0.8075 0.2091
vn -0.3429 -0.9309 0.1256
vn -0.4296 -0.8674 0.2510
vn -0.4652 -0.8183 0.3374
vn -0.2868 -0.9513 0.1132
vn -0.2995 -0.9300 0.2129
vn -0.3542 -0.8833 0.3070
vn -0.4489 -0.7901 0.4174
vn -0.1837 -0.9782 0.0965
vn -0.2269 -0.9445 0.2376
vn -0.2420 -0.9240 0.2962
vn -0.2953 -0.8952 0.3338
vn -0.3894 -0.8099 0.4386
vn -0.0104 -0.9972 0.0743
vn -0.0903 -0.9703 0.2246
vn -0.1393 -0.9449 0.2961
vn -0.1821 -0.9404 0.2873
vn -0.2293 -0.8679 0.4407
vn -0.2579 -0.7617 0.5944
vn 0.6667 -0.6278 -0.4018
vn 0.6657 -0.7350 -0.1288
vn 0.5896 -0.7591 -0.2759
vn 0.6078 -0.7929 -0.0444
vn 0.5878 -0.8090 0.0085
vn 0.4196 -0.8943 -0.1550
vn 0.6010 -0.7992 0.0055
vn 0.5416 -0.8406 -0.0004
vn 0.5022 -0.8645 0.0210
vn 0.3287 -0.9376 -0.1130
vn 0.5983 -0.7948 0.1016
vn 0.4866 -0.8717 0.0587
vn 0.5006 -0.8636 0.0609
vn 0.3584 -0.9329 0.0358
vn 0.1035 -0.9943 -0.0266
vn 0.5743 -0.7952 0.1943
vn 0.4937 -0.8564 0.1512
vn 0.4685 -0.8768 0.1083
vn 0.3602 -0.9283 0.0923
vn 0.1452 -0.9885 0.0429
vn 0.0317 -0.9991 -0.0281
vn -0.1780 -0.7548 0.6314
vn -0.1256 -0.8528 0.5070
vn -0.0159 -0.8238 0.5666
vn -0.0207 -0.9513 0.3077
vn 0.0658 -0.9100 0.4093
vn 0.1665 -0.8300 0.5323
vn -0.0135 -0.9447 0.3277
vn 0.0630 -0.9450 0.3210
vn 0.1465 -0.9128 0.3811
vn 0.2040 -0.8612 0.4655
vn -0.0208 -0.9795 0.2004
vn 0.0005 -0.9254 0.3789
vn 0.0962 -0.8935 0.4387
vn 0.2397 -0.8729 0.4251
vn 0.2623 -0.8675 0.4226
vn 0.0004 -0.9984 0.0573
vn 0.0066 -0.9937 0.1116
vn 0.1527 -0.9433 0.2948
vn 0.3136 -0.8607 0.4010
vn 0.3026 -0.8851 0.3535
vn 0.4105 -0.8140 0.4109
vn 0.0112 -0.9989 -0.0456
vn 0.6173 -0.6262 0.4763
vn -0.2172 -0.4820 0.8488
vn -0.8161 -0.5630 0.1307
vn -0.1968 -0.6294 -0.7517
vn 0.6496 -0.5614 -0.5126
vn 0.2137 0.5790 0.7868
vn -0.5951 0.5873 0.5486
vn -0.4965 0.7933 -0.3523
vn 0.1730 0.6250 -0.7612
vn 0.6729 0.7392 -0.0293
vn 0.0708 0.9958 -0.0574
vn -0.2639 -0.6370 0.7243
vn -0.2618 -0.7740 0.5765
vn -0.2374 -0.8203 0.5203
vn -0.1679 -0.9038 0.3936
vn -0.1225 -0.9471 0.2967
vn -0.0904 -0.9810 0.1716
vn -0.0335 -0.9970 0.0701
vn 0.1687 -0.9841 0.0557
vn 0.1910 -0.9797 0.0607
vn 0.1661 -0.9781 0.1255
vn 0.2944 -0.9304 0.2185
vn 0.4773 -0.8303 0.2876
vn 0.6106 -0.7137 0.3432
vn 0.6482 -0.6454 0.4040
vn 0.5677 -0.5335 0.6270
vn 0.4998 -0.4892 0.7148
vn 0.4104 -0.5530 0.7251
vn 0.2667 -0.6314 0.7282
vn 0.1094 -0.6638 0.7399
vn -0.0369 -0.5811 0.8130
vn -0.2268 -0.4563 0.8604
vn 0.7013 -0.6503 -0.2921
vn 0.6531 -0.6961 -0.2982
vn 0.6756 -0.7059 -0.2126
vn 0.6873 -0.7239 -0.0594
vn 0.6168 -0.7775 0.1225
vn 0.5055 -0.7715 0.3864
vn 0.5457 -0.6912 0.4737
vn 0.1692 -0.9810 -0.0948
vn 0.1762 -0.9667 -0.1855
vn 0.1806 -0.9427 -0.2807
vn 0.2791 -0.8922 -0.3551
vn 0.3489 -0.8661 -0.3581
vn 0.4063 -0.8493 -0.3371
vn 0.4260 -0.8348 -0.3488
vn -0.6492 -0.7581 0.0615
vn -0.5965 -0.8026 -0.0027
vn -0.4973 -0.8663 0.0475
vn -0.3401 -0.9390 0.0517
vn -0.3081 -0.9514 0.0001
vn -0.2417 -0.9703 0.0132
vn -0.1207 -0.9926 -0.0126
vn -0.2075 -0.6078 0.7665
vn -0.2952 -0.6618 0.6891
vn -0.5421 -0.6104 0.5775
vn -0.6876 -0.5947 0.4166
vn -0.7051 -0.5619 0.4327
vn -0.8060 -0.5525 0.2125
vn -0.8108 -0.5841 0.0383
vn -0.0916 -0.6974 -0.7108
vn -0.0751 -0.7972 -0.5990
vn -0.1466 -0.7928 -0.5916
vn -0.1189 -0.8631 -0.4908
vn -0.0626 -0.9173 -0.3933
vn -0.0588 -0.9590 -0.2772
vn -0.0343 -0.9908 -0.1309
vn -0.7640 -0.6391 0.0887
vn -0.6714 -0.7210 -0.1717
vn -0.6235 -0.7369 -0.2612
vn -0.4943 -0.7169 -0.4916
vn -0.2503 -0.6547 -0.7133
vn -0.2915 -0.6439 -0.7074
vn -0.2883 -0.6039 -0.7431
vn -0.0589 -0.6997 -0.7120
vn -0.1323 -0.6976 -0.7042
vn -0.0059 -0.6334 -0.7738
vn 0.1791 -0.5904 -0.7870
vn 0.2555 -0.6306 -0.7328
vn 0.4069 -0.6830 -0.6066
vn 0.4843 -0.6972 -0.5285
vn 0.8180 0.5485 0.1734
vn 0.8793 0.3160 0.3563
vn 0.8923 0.2260 0.3908
vn 0.8596 0.0878 0.5033
vn 0.8145 -0.1373 0.5637
vn 0.6722 -0.5196 0.5274
vn 0.6300 -0.5744 0.5227
vn 0.7795 -0.4567 -0.4287
vn 0.8607 -0.2901 -0.4184
vn 0.8596 -0.2455 -0.4480
vn 0.8851 -0.1731 -0.4321
vn 0.9181 -0.0249 -0.3956
vn 0.9191 0.2780 -0.2791
vn 0.8078 0.5728 -0.1392
vn 0.1202 0.5935 0.7958
vn 0.0696 0.4553 0.8876
vn -0.0279 0.1537 0.9877
vn -0.1257 0.0949 0.9875
vn -0.1744 -0.1246 0.9768
vn -0.2137 -0.2880 0.9335
vn -0.2251 -0.3645 0.9036
vn 0.5922 -0.5122 0.6221
vn 0.5546 -0.4119 0.7230
vn 0.5477 -0.3329 0.7676
vn 0.4778 -0.0645 0.8761
vn 0.4752 0.1139 0.8725
vn 0.4433 0.3728 0.8152
vn 0.2712 0.6156 0.7400
vn -0.6759 0.5070 0.5350
vn -0.6309 0.5689 0.5276
vn -0.7778 0.3969 0.4874
vn -0.9498 -0.0268 0.3116
vn -0.9481 -0.2782 0.1540
vn -0.8977 -0.4341 0.0747
vn -0.8552 -0.5135 0.0697
vn -0.2437 -0.3286 0.9125
vn -0.3899 -0.0462 0.9197
vn -0.4421 -0.1520 0.8840
vn -0.4382 -0.0321 0.8983
vn -0.5143 0.1979 0.8345
vn -0.6248 0.5085 0.5925
vn -0.6369 0.5872 0.4996
vn -0.5739 0.5922 -0.5657
vn -0.5153 0.3475 -0.7834
vn -0.4489 0.2356 -0.8620
vn -0.4216 -0.1157 -0.8994
vn -0.3835 -0.2139 -0.8984
vn -0.2950 -0.4505 -0.8426
vn -0.2517 -0.6267 -0.7375
vn -0.8996 -0.4256 0.0979
vn -0.9418 -0.3324 0.0504
vn -0.9782 -0.1562 -0.1369
vn -0.9535 0.0308 -0.2999
vn -0.9484 0.1085 -0.2979
vn -0.8373 0.4220 -0.3475
vn -0.7057 0.6047 -0.3692
vn 0.2857 0.4431 -0.8497
vn 0.3436 0.1903 -0.9196
vn 0.3795 0.0792 -0.9218
vn 0.5124 0.0206 -0.8585
vn 0.6213 -0.0581 -0.7814
vn 0.6261 -0.2052 -0.7523
vn 0.6317 -0.4569 -0.6263
vn -0.1338 -0.6493 -0.7487
vn -0.0382 -0.5032 -0.8633
vn 0.0379 -0.1997 -0.9791
vn 0.1394 0.0741 -0.9875
vn 0.1817 0.0424 -0.9824
vn 0.1197 0.2371 -0.9641
vn 0.0729 0.4583 -0.8858
vn 0.6514 0.7306 0.2045
vn 0.6676 0.6711 0.3224
vn 0.5967 0.6927 0.4050
vn 0.5439 0.7135 0.4418
vn 0.4342 0.6422 0.6317
vn 0.4154 0.6088 0.6759
vn 0.3160 0.5849 0.7470
vn 0.1364 0.5016 0.8543
vn 0.0122 0.5691 0.8222
vn -0.0442 0.6301 0.7753
vn -0.2137 0.5797 0.7863
vn -0.3891 0.5670 0.7260
vn -0.5966 0.6080 0.5238
vn -0.6258 0.6078 0.4888
vn -0.6139 0.5838 0.5313
vn -0.6733 0.5188 0.5267
vn -0.7215 0.6565 0.2199
vn -0.6367 0.7644 -0.1018
vn -0.5615 0.8011 -0.2072
vn -0.4913 0.8511 -0.1849
vn -0.5004 0.8453 -0.1873
vn -0.3905 0.8084 -0.4404
vn -0.2991 0.7822 -0.5466
vn -0.2009 0.7410 -0.6407
vn -0.1060 0.7191 -0.6868
vn -0.0083 0.6357 -0.7719
vn -0.0305 0.5213 -0.8528
vn -0.0253 0.5422 -0.8398
vn 0.2420 0.5245 -0.8163
vn 0.3428 0.5891 -0.7317
vn 0.4932 0.7043 -0.5106
vn 0.5498 0.7102 -0.4398
vn 0.5906 0.7424 -0.3162
vn 0.5553 0.7486 -0.3623
vn 0.6364 0.7496 -0.1819
vn 0.0862 0.9841 0.1554
vn 0.0068 0.9644 0.2642
vn 0.0538 0.8811 0.4698
vn 0.1317 0.8432 0.5213
vn 0.1161 0.9313 0.3452
vn 0.1749 0.8342 0.5230
vn 0.2447 0.5556 0.7947
vn 0.5363 0.8440 0.0105
vn 0.5145 0.8562 0.0474
vn 0.4750 0.8763 0.0803
vn 0.3990 0.9166 0.0236
vn 0.3680 0.9294 -0.0271
vn 0.1988 0.9797 -0.0263
vn 0.0777 0.9964 -0.0333
vn -0.0549 0.9973 0.0478
vn -0.2458 0.9556 0.1625
vn -0.3625 0.9154 0.1751
vn -0.4071 0.8985 0.1643
vn -0.5155 0.8041 0.2960
vn -0.5603 0.7159 0.4166
vn -0.5476 0.6727 0.4977
vn -0.1083 0.9706 -0.2150
vn -0.1904 0.9606 -0.2025
vn -0.2507 0.9441 -0.2141
vn -0.2903 0.9288 -0.2305
vn -0.4549 0.8367 -0.3049
vn -0.5601 0.7689 -0.3085
vn -0.4602 0.8516 -0.2510
vn 0.0244 0.9893 -0.1438
vn 0.0132 0.9775 -0.2105
vn 0.0451 0.9434 -0.3284
vn 0.0684 0.9189 -0.3884
vn 0.1287 0.7921 -0.5967
vn 0.1365 0.6831 -0.7174
vn 0.1238 0.6084 -0.7839
vn 0.0876 0.9910 -0.1014
vn 0.2594 0.9607 -0.0987
vn 0.1461 0.9630 -0.2263
vn 0.3629 0.9308 -0.0430
vn 0.2746 0.9431 -0.1876
vn 0.1416 0.9491 -0.2815
vn 0.4413 0.8928 -0.0905
vn 0.4212 0.8877 -0.1858
vn 0.3192 0.9124 -0.2562
vn 0.1579 0.8808 -0.4465
vn 0.5424 0.8221 -0.1730
vn 0.5621 0.7845 -0.2618
vn 0.5530 0.7633 -0.3341
vn 0.4514 0.7531 -0.4786
vn 0.1862 0.7424 -0.6435
vn 0.5299 0.8308 -0.1702
vn 0.5246 0.7935 -0.3084
vn 0.5517 0.7770 -0.3031
vn 0.5344 0.7206 -0.4417
vn 0.4541 0.6797 -0.5760
vn 0.2130 0.5553 -0.8039
vn -0.0884 0.9756 -0.2010
vn -0.0808 0.9434 -0.3217
vn -0.1699 0.9487 -0.2666
vn -0.0809 0.9286 -0.3620
vn -0.1200 0.9183 -0.3773
vn -0.2192 0.9265 -0.3060
vn -0.0193 0.8744 -0.4849
vn -0.1056 0.9057 -0.4106
vn -0.1980 0.9025 -0.3824
vn -0.2761 0.8771 -0.3930
vn 0.0583 0.6786 -0.7322
vn -0.1273 0.7138 -0.6887
vn -0.1732 0.7524 -0.6355
vn -0.2987 0.8069 -0.5095
vn -0.3557 0.8157 -0.4561
vn 0.0471 0.4923 -0.8692
vn -0.0912 0.5157 -0.8519
vn -0.1144 0.6041 -0.7887
vn -0.2155 0.6971 -0.6838
vn -0.2986 0.7632 -0.5731
vn -0.4032 0.8087 -0.4283
vn -0.2269 0.9659 -0.1249
vn -0.3132 0.9386 -0.1448
vn -0.4034 0.9115 0.0805
vn -0.3504 0.9279 -0.1270
vn -0.4258 0.9037 0.0447
vn -0.4396 0.8937 0.0900
vn -0.4682 0.8648 -0.1813
vn -0.4277 0.9036 -0.0241
vn -0.3727 0.9233 0.0922
vn -0.3989 0.9066 0.1377
vn -0.5973 0.7647 -0.2417
vn -0.5247 0.8198 -0.2292
vn -0.4252 0.9044 -0.0360
vn -0.3682 0.9227 0.1143
vn -0.4245 0.8024 0.4194
vn -0.5104 0.8351 -0.2054
vn -0.5344 0.7893 -0.3024
vn -0.5750 0.7939 -0.1979
vn -0.5718 0.8200 -0.0244
vn -0.5598 0.7400 0.3728
vn -0.5051 0.6785 0.5334
vn 0.0399 0.9581 0.2837
vn -0.1164 0.9311 0.3456
vn 0.0124 0.9127 0.4085
vn -0.2201 0.9137 0.3417
vn -0.0139 0.8911 0.4535
vn 0.0273 0.8743 0.4846
vn -0.3343 0.8630 0.3787
vn -0.1248 0.8900 0.4385
vn 0.0171 0.8997 0.4361
vn 0.0722 0.9117 0.4045
vn -0.5433 0.7395 0.3974
vn -0.2680 0.8537 0.4465
vn -0.0836 0.8726 0.4812
vn 0.0090 0.8631 0.5049
vn 0.0238 0.8858 0.4635
vn -0.6462 0.6198 0.4453
vn -0.4746 0.7014 0.5318
vn -0.2574 0.7425 0.6184
vn -0.0456 0.7593 0.6492
vn -0.0361 0.7453 0.6658
vn 0.0728 0.6570 0.7504
vn 0.0661 0.9921 0.1065
vn 0.1105 0.9439 0.3112
vn 0.2498 0.9674 0.0428
vn 0.1771 0.8167 0.5492
vn 0.3178 0.8826 0.3466
vn 0.4498 0.8920 0.0438
vn 0.1492 0.8920 0.4266
vn 0.2902 0.8344 0.4686
vn 0.4747 0.8279 0.2988
vn 0.4683 0.8735 0.1332
vn 0.2213 0.8904 0.3977
vn 0.2709 0.8705 0.4110
vn 0.4008 0.8610 0.3132
vn 0.4808 0.8425 0.2430
vn 0.4903 0.8545 0.1715
vn 0.3424 0.6741 0.6545
vn 0.3535 0.7538 0.5539
vn 0.4301 0.8019 0.4147
vn 0.4628 0.8348 0.2982
vn 0.4503 0.8646 0.2229
vn 0.4905 0.8624 0.1248
vn 0.7014 0.6401 -0.3136
vn 0.8389 0.3037 -0.4516
vn 0.6278 0.6525 -0.4244
vn 0.8497 0.0168 -0.5269
vn 0.7368 0.3699 -0.5659
vn 0.6599 0.5799 -0.4777
vn 0.8163 -0.1413 -0.5601
vn 0.7861 0.0845 -0.6123
vn 0.6729 0.3882 -0.6296
vn 0.6261 0.4608 -0.6290
vn 0.8310 -0.0952 -0.5481
vn 0.7602 -0.1023 -0.6415
vn 0.6777 0.1242 -0.7248
vn 0.6201 0.3310 -0.7113
vn 0.5501 0.4516 -0.7024
vn 0.7692 -0.2564 -0.5853
vn 0.6904 -0.0211 -0.7231
vn 0.6334 -0.0871 -0.7689
vn 0.5722 0.1265 -0.8103
vn 0.4726 0.2047 -0.8572
vn 0.2775 0.4734 -0.8360
vn -0.0074 0.6263 -0.7795
vn 0.0012 0.4325 -0.9016
vn -0.0094 0.5927 -0.8054
vn -0.0284 0.2620 -0.9647
vn -0.0315 0.4488 -0.8931
vn -0.0028 0.5556 -0.8314
vn -0.0880 0.0908 -0.9920
vn -0.1142 0.2438 -0.9631
vn -0.1191 0.3814 -0.9167
vn -0.1607 0.6406 -0.7509
vn -0.2131 -0.1581 -0.9642
vn -0.2662 0.0297 -0.9635
vn -0.2606 0.1027 -0.9600
vn -0.3261 0.3242 -0.8880
vn -0.3392 0.5908 -0.7321
vn -0.2672 -0.5016 -0.8228
vn -0.3211 -0.1523 -0.9347
vn -0.3168 -0.0611 -0.9465
vn -0.3901 0.1891 -0.9011
vn -0.4294 0.2948 -0.8536
vn -0.4181 0.5591 -0.7160
vn -0.6840 0.6763 -0.2734
vn -0.8266 0.3952 -0.4007
vn -0.5905 0.7695 -0.2430
vn -0.9054 -0.0111 -0.4243
vn -0.8654 0.4436 -0.2331
vn -0.6291 0.7744 -0.0679
vn -0.9476 -0.1976 -0.2511
vn -0.9965 0.0811 -0.0196
vn -0.8887 0.4313 0.1556
vn -0.7422 0.6513 0.1577
vn -0.9176 -0.3974 -0.0100
vn -0.9692 -0.2187 0.1129
vn -0.9633 0.1599 0.2157
vn -0.8468 0.4240 0.3211
vn -0.7158 0.5267 0.4586
vn -0.9114 -0.4100 0.0347
vn -0.9314 -0.3555 0.0787
vn -0.9804 -0.1003 0.1696
vn -0.9224 0.2555 0.2896
vn -0.6761 0.5692 0.4679
vn -0.6825 0.4999 0.5332
vn -0.6283 0.5704 0.5291
vn -0.5366 0.3220 0.7800
vn -0.4839 0.4918 0.7239
vn -0.4189 0.0890 0.9037
vn -0.3930 0.1947 0.8987
vn -0.3155 0.4597 0.8302
vn -0.3766 0.0162 0.9263
vn -0.3446 0.0540 0.9372
vn -0.3063 0.2178 0.9267
vn -0.1782 0.4597 0.8700
vn -0.3680 -0.0746 0.9268
vn -0.3591 0.0440 0.9323
vn -0.2851 0.1038 0.9529
vn -0.1579 0.2756 0.9482
vn -0.0230 0.5213 0.8531
vn -0.2986 -0.2198 0.9287
vn -0.2971 -0.1155 0.9478
vn -0.2083 0.0612 0.9761
vn -0.1425 0.1215 0.9823
vn -0.0270 0.3858 0.9222
vn 0.0702 0.5437 0.8364
vn 0.4155 0.5865 0.6952
vn 0.5254 0.4404 0.7280
vn 0.4898 0.5010 0.7135
vn 0.5353 0.2814 0.7964
vn 0.5514 0.4515 0.7015
vn 0.6088 0.4563 0.6490
vn 0.6190 -0.1259 0.7752
vn 0.6654 0.3288 0.6702
vn 0.6591 0.4501 0.6025
vn 0.6727 0.5224 0.5239
vn 0.6153 -0.3465 0.7080
vn 0.7733 -0.0377 0.6330
vn 0.7945 0.1947 0.5752
vn 0.7223 0.4879 0.4901
vn 0.7555 0.5066 0.4154
vn 0.6334 -0.4734 0.6121
vn 0.7818 -0.2104 0.5870
vn 0.8408 0.0507 0.5389
vn 0.8625 0.1640 0.4787
vn 0.7911 0.4723 0.3887
vn 0.7399 0.5329 0.4107
vn 0.2151 0.1529 -0.9645
vn 0.2590 0.0229 -0.9656
vn 0.1871 -0.0358 -0.9817
vn 0.2916 0.0055 -0.9565
vn 0.1938 -0.0286 -0.9806
vn 0.2354 0.0406 -0.9710
vn 0.4050 -0.0762 -0.9111
vn 0.2113 -0.0490 -0.9762
vn 0.2428 -0.0262 -0.9697
vn 0.1632 -0.1137 -0.9800
vn 0.5280 -0.2369 -0.8155
vn 0.2846 -0.2335 -0.9298
vn 0.2015 -0.2441 -0.9486
vn 0.1590 -0.3219 -0.9333
vn 0.0054 -0.4441 -0.8960
vn 0.5588 -0.4640 -0.6874
vn 0.3436 -0.5189 -0.7828
vn 0.2090 -0.5210 -0.8276
vn 0.1493 -0.4843 -0.8621
vn -0.0269 -0.5354 -0.8442
vn -0.0635 -0.6221 -0.7804
vn -0.7174 0.4304 -0.5478
vn -0.6351 0.2221 -0.7398
vn -0.8677 0.2485 -0.4305
vn -0.5293 -0.1115 -0.8411
vn -0.7836 -0.1049 -0.6124
vn -0.9438 -0.0169 -0.3301
vn -0.4694 -0.2781 -0.8380
vn -0.5961 -0.2890 -0.7491
vn -0.8187 -0.2018 -0.5377
vn -0.9511 -0.0199 -0.3083
vn -0.4001 -0.4208 -0.8142
vn -0.4510 -0.3826 -0.8064
vn -0.6803 -0.3686 -0.6335
vn -0.8150 -0.3917 -0.4270
vn -0.9160 -0.3808 -0.1262
vn -0.2526 -0.6712 -0.6970
vn -0.2766 -0.6452 -0.7122
vn -0.4444 -0.5636 -0.6963
vn -0.6747 -0.6038 -0.4244
vn -0.7467 -0.6058 -0.2747
vn -0.8836 -0.4670 -0.0356
vn -0.6662 0.5617 0.4906
vn -0.6768 0.4569 0.5772
vn -0.6940 0.3457 0.6315
vn -0.8022 0.0697 0.5930
vn -0.7252 0.0433 0.6872
vn -0.5968 -0.0555 0.8005
vn -0.8851 -0.2596 0.3862
vn -0.6815 -0.2986 0.6681
vn -0.6738 -0.2811 0.6833
vn -0.4783 -0.1701 0.8616
vn -0.8417 -0.4896 0.2276
vn -0.6953 -0.5096 0.5069
vn -0.7106 -0.3714 0.5976
vn -0.6598 -0.1959 0.7255
vn -0.4952 -0.0502 0.8673
vn -0.8424 -0.5211 0.1372
vn -0.7694 -0.5322 0.3533
vn -0.7217 -0.4283 0.5438
vn -0.7834 -0.3303 0.5264
vn -0.5396 -0.2877 0.7912
vn -0.3899 -0.2790 0.8776
vn 0.2354 0.4228 0.8751
vn 0.1901 0.1349 0.9724
vn 0.3997 0.0460 0.9155
vn 0.1269 0.0228 0.9917
vn 0.3271 -0.0709 0.9423
vn 0.4354 -0.0607 0.8982
vn -0.0236 -0.1137 0.9932
vn 0.2877 -0.1725 0.9421
vn 0.4040 -0.2209 0.8877
vn 0.4479 -0.2783 0.8496
vn -0.1334 -0.3326 0.9336
vn 0.1551 -0.3813 0.9113
vn 0.3533 -0.3879 0.8513
vn 0.4326 -0.4293 0.7928
vn 0.4830 -0.4673 0.7405
vn -0.1703 -0.3928 0.9037
vn 0.0047 -0.4750 0.8800
vn 0.2475 -0.4929 0.8342
vn 0.4127 -0.4436 0.7955
vn 0.4677 -0.4552 0.7577
vn 0.4987 -0.4968 0.7102
vn 0.9480 0.3183 0.0022
vn 0.9790 0.1442 0.1442
vn 0.9809 0.0332 -0.1916
vn 0.9651 0.1024 0.2408
vn 0.9983 0.0039 -0.0579
vn 0.9112 -0.0724 -0.4055
vn 0.9018 -0.2241 0.3696
vn 0.9682 -0.2310 0.0958
vn 0.9442 -0.1582 -0.2889
vn 0.8397 -0.2457 -0.4842
vn 0.7608 -0.4406 0.4764
vn 0.8370 -0.5151 0.1849
vn 0.8417 -0.5395 -0.0222
vn 0.8085 -0.4188 -0.4135
vn 0.8401 -0.3050 -0.4485
vn 0.6109 -0.5705 0.5489
vn 0.7421 -0.6101 0.2778
vn 0.7233 -0.6899 0.0303
vn 0.6868 -0.7108 -0.1517
vn 0.7153 -0.5972 -0.3629
vn 0.7853 -0.5019 -0.3625
vn 0.4314 -0.8172 -0.3821
vn 0.3929 -0.8629 -0.3178
vn 0.3353 -0.7712 -0.5412
vn 0.2434 -0.9113 -0.3320
vn 0.2015 -0.9148 -0.3501
vn 0.2424 -0.7130 -0.6580
vn 0.1758 -0.9042 -0.3894
vn 0.1784 -0.9196 -0.3501
vn 0.1133 -0.8932 -0.4352
vn 0.0026 -0.7264 -0.6873
vn 0.1840 -0.9359 -0.3003
vn 0.1910 -0.9102 -0.3675
vn 0.0946 -0.8938 -0.4383
vn -0.0998 -0.7719 -0.6279
vn -0.1458 -0.7411 -0.6553
vn 0.1275 -0.9667 -0.2221
vn 0.0671 -0.9286 -0.3651
vn -0.0256 -0.9134 -0.4062
vn -0.1143 -0.7900 -0.6024
vn -0.1079 -0.7295 -0.6755
vn -0.0660 -0.7432 -0.6658
vn -0.2461 -0.7253 -0.6429
vn -0.1718 -0.8228 -0.5418
vn -0.2276 -0.7260 -0.6490
vn -0.2040 -0.8104 -0.5492
vn -0.1628 -0.8426 -0.5133
vn -0.2792 -0.7881 -0.5486
vn -0.1777 -0.8800 -0.4404
vn -0.2602 -0.8792 -0.3992
vn -0.2787 -0.9011 -0.3322
vn -0.4838 -0.8341 -0.2650
vn -0.1210 -0.9579 -0.2603
vn -0.3182 -0.9083 -0.2717
vn -0.2917 -0.9283 -0.2308
vn -0.4551 -0.8755 -0.1627
vn -0.5393 -0.8306 -0.1388
vn -0.1124 -0.9876 -0.1100
vn -0.2737 -0.9601 -0.0577
vn -0.3086 -0.9482 -0.0750
vn -0.3989 -0.9122 -0.0937
vn -0.5613 -0.8273 -0.0212
vn -0.5648 -0.8248 0.0264
vn -0.6725 -0.7392 -0.0371
vn -0.4927 -0.8701 0.0112
vn -0.6042 -0.7708 0.2021
vn -0.4274 -0.8999 0.0870
vn -0.4415 -0.8889 0.1220
vn -0.5574 -0.7676 0.3163
vn -0.3397 -0.9405 0.0101
vn -0.3911 -0.9133 0.1138
vn -0.4043 -0.8702 0.2815
vn -0.4572 -0.7866 0.4149
vn -0.2670 -0.9635 0.0169
vn -0.2875 -0.9418 0.1744
vn -0.2631 -0.8956 0.3588
vn -0.2062 -0.8621 0.4628
vn -0.2255 -0.8023 0.5526
vn -0.1570 -0.9863 0.0498
vn -0.1644 -0.9720 0.1682
vn -0.2125 -0.9130 0.3482
vn -0.2763 -0.8327 0.4799
vn -0.2455 -0.8277 0.5046
vn -0.2196 -0.7593 0.6125
vn 0.4998 -0.8144 -0.2947
vn 0.5651 -0.7694 -0.2977
vn 0.4592 -0.8205 -0.3404
vn 0.6264 -0.7641 -0.1542
vn 0.4618 -0.8583 -0.2237
vn 0.4036 -0.8664 -0.2939
vn 0.5681 -0.8114 0.1374
vn 0.4987 -0.8668 -0.0064
vn 0.4208 -0.8929 -0.1601
vn 0.2962 -0.9275 -0.2282
vn 0.4925 -0.8223 0.2851
vn 0.5212 -0.8245 0.2202
vn 0.4769 -0.8737 0.0957
vn 0.2905 -0.9544 -0.0694
vn 0.1619 -0.9821 -0.0958
vn 0.5805 -0.7316 0.3574
vn 0.6010 -0.7610 0.2445
vn 0.5091 -0.8414 0.1811
vn 0.2913 -0.9478 0.1295
vn 0.1456 -0.9884 0.0435
vn 0.1920 -0.9812 -0.0210
vn -0.1524 -0.6798 0.7174
vn -0.0724 -0.8151 0.5748
vn 0.0439 -0.7559 0.6532
vn -0.0468 -0.8463 0.5307
vn 0.0895 -0.8003 0.5929
vn 0.1431 -0.7934 0.5917
vn -0.0248 -0.9235 0.3829
vn 0.1148 -0.8576 0.5014
vn 0.1494 -0.7988 0.5827
vn 0.2342 -0.7518 0.6164
vn 0.0379 -0.9697 0.2411
vn 0.1448 -0.9340 0.3266
vn 0.1640 -0.8752 0.4552
vn 0.2577 -0.7971 0.5461
vn 0.3886 -0.6723 0.6300
vn 0.1206 -0.9878 0.0989
vn 0.1796 -0.9709 0.1582
vn 0.1861 -0.9542 0.2342
vn 0.2906 -0.8803 0.3749
vn 0.4146 -0.7803 0.4683
vn 0.5564 -0.6200 0.5531
vt 0.524515 0.338630
vt 0.525295 0.348606
vt 0.515520 0.341557
vt 0.660125 0.805106
vt 0.662490 0.799602
vt 0.669581 0.804689
vt 0.518191 0.330432
vt 0.529715 0.330519
vt 0.533682 0.341906
vt 0.663699 0.810692
vt 0.076991 0.591649
vt 0.066913 0.592010
vt 0.071025 0.586686
vt 0.090172 0.774636
vt 0.083344 0.776182
vt 0.084022 0.769360
vt 0.175571 0.786839
vt 0.165576 0.786243
vt 0.172817 0.780957
vt 0.818807 0.231059
vt 0.818083 0.241014
vt 0.811913 0.234537
vt 0.652917 0.808591
vt 0.083350 0.587284
vt 0.092948 0.769907
vt 0.184045 0.783502
vt 0.815067 0.224685
vt 0.034956 0.539130
vt 0.027964 0.535757
vt 0.037469 0.533000
vt 0.407322 0.706938
vt 0.407156 0.696921
vt 0.413379 0.704525
vt 0.357517 0.227785
vt 0.354343 0.236855
vt 0.352285 0.226829
vt 0.345870 0.594950
vt 0.351272 0.585935
vt 0.352477 0.596659
vt 0.378767 0.673849
vt 0.373055 0.667278
vt 0.383547 0.667709
vt 0.417954 0.621362
vt 0.413979 0.610485
vt 0.423518 0.612558
vt 0.411793 0.630733
vt 0.407762 0.619371
vt 0.405480 0.639442
vt 0.400850 0.629265
vt 0.398963 0.648809
vt 0.393515 0.639668
vt 0.392978 0.656677
vt 0.387166 0.648386
vt 0.386950 0.664850
vt 0.381595 0.655936
vt 0.690581 0.865033
vt 0.697919 0.868696
vt 0.687943 0.871447
vt 0.403888 0.608306
vt 0.396323 0.617779
vt 0.393071 0.605986
vt 0.389063 0.627577
vt 0.384834 0.615406
vt 0.381977 0.603542
vt 0.381245 0.638051
vt 0.376917 0.625442
vt 0.374318 0.612741
vt 0.370652 0.601028
vt 0.376193 0.645745
vt 0.369881 0.635210
vt 0.366127 0.622543
vt 0.362650 0.610281
vt 0.361854 0.598863
vt 0.377554 0.661212
vt 0.371517 0.652818
vt 0.365317 0.643097
vt 0.358120 0.632663
vt 0.354727 0.619957
vt 0.353514 0.607700
vt 0.367267 0.659250
vt 0.361833 0.649701
vt 0.354749 0.640334
vt 0.349014 0.629137
vt 0.346468 0.616880
vt 0.345570 0.605294
vt 0.423109 0.602288
vt 0.412837 0.599812
vt 0.401789 0.596956
vt 0.390052 0.594065
vt 0.378533 0.591412
vt 0.368709 0.589424
vt 0.358531 0.587213
vt 0.422447 0.590707
vt 0.411552 0.587831
vt 0.421292 0.579115
vt 0.399997 0.584548
vt 0.410165 0.574936
vt 0.420020 0.567855
vt 0.387618 0.581055
vt 0.398108 0.571182
vt 0.408909 0.563376
vt 0.418623 0.557962
vt 0.376395 0.578854
vt 0.385652 0.567759
vt 0.396724 0.558611
vt 0.407621 0.551492
vt 0.417344 0.548098
vt 0.366992 0.577618
vt 0.375666 0.567268
vt 0.384971 0.556279
vt 0.395772 0.547460
vt 0.406632 0.542475
vt 0.416061 0.539917
vt 0.359081 0.576848
vt 0.365926 0.566153
vt 0.376418 0.557955
vt 0.385389 0.547589
vt 0.357517 0.195623
vt 0.356783 0.207239
vt 0.350408 0.204228
vt 0.350894 0.216279
vt 0.356687 0.218107
vt 0.432801 0.608100
vt 0.432932 0.596720
vt 0.432244 0.584581
vt 0.430843 0.572965
vt 0.428912 0.563034
vt 0.427660 0.551854
vt 0.426237 0.541607
vt 0.443165 0.602965
vt 0.443320 0.590790
vt 0.452684 0.597625
vt 0.443146 0.577700
vt 0.453630 0.584870
vt 0.462120 0.592251
vt 0.441009 0.566365
vt 0.453619 0.571483
vt 0.462152 0.579911
vt 0.873360 0.440192
vt 0.866815 0.434506
vt 0.873681 0.428029
vt 0.439076 0.555462
vt 0.450613 0.560831
vt 0.461853 0.567152
vt 0.470334 0.575152
vt 0.468153 0.588002
vt 0.476707 0.583029
vt 0.437811 0.543568
vt 0.448942 0.549279
vt 0.459558 0.556012
vt 0.468809 0.563666
vt 0.475904 0.571850
vt 0.017876 0.288870
vt 0.011473 0.294472
vt 0.012292 0.283500
vt 0.006554 0.289053
vt 0.424441 0.534373
vt 0.435404 0.535333
vt 0.446197 0.540190
vt 0.456780 0.546122
vt 0.465799 0.553793
vt 0.474457 0.561003
vt 0.480800 0.568944
vt 0.005716 0.299420
vt 0.412023 0.715033
vt 0.429401 0.619869
vt 0.439258 0.615551
vt 0.449841 0.610614
vt 0.461366 0.605174
vt 0.866815 0.423058
vt 0.475236 0.594955
vt 0.005716 0.279457
vt 0.435390 0.627493
vt 0.445898 0.623469
vt 0.441087 0.634920
vt 0.456776 0.618650
vt 0.451906 0.631228
vt 0.445909 0.641431
vt 0.468800 0.599817
vt 0.617881 0.511696
vt 0.617881 0.498118
vt 0.625654 0.505021
vt 0.624374 0.490802
vt 0.465983 0.613096
vt 0.462894 0.626619
vt 0.456709 0.638147
vt 0.451210 0.648424
vt 0.983171 0.203338
vt 0.973781 0.194998
vt 0.983171 0.193873
vt 0.474123 0.607595
vt 0.472328 0.621066
vt 0.467727 0.633958
vt 0.460637 0.644229
vt 0.456337 0.655215
vt 0.483765 0.589888
vt 0.481445 0.602357
vt 0.098213 0.533201
vt 0.084901 0.533077
vt 0.092086 0.526148
vt 0.078616 0.524955
vt 0.071956 0.532355
vt 0.064947 0.524955
vt 0.058794 0.531773
vt 0.471438 0.640449
vt 0.464663 0.650204
vt 0.053134 0.526310
vt 0.047619 0.532496
vt 0.041383 0.526460
vt 0.413379 0.693924
vt 0.115590 0.540639
vt 0.103450 0.540085
vt 0.110872 0.533915
vt 0.091174 0.539438
vt 0.078402 0.539148
vt 0.065971 0.538816
vt 0.054316 0.538755
vt 0.043970 0.538898
vt 0.423905 0.629799
vt 0.429755 0.637623
vt 0.435556 0.645295
vt 0.441665 0.653460
vt 0.446186 0.659043
vt 0.031213 0.529338
vt 0.417405 0.639093
vt 0.423181 0.646994
vt 0.410787 0.648983
vt 0.429388 0.655999
vt 0.416636 0.657776
vt 0.404339 0.656919
vt 0.840164 0.730307
vt 0.832739 0.737103
vt 0.834473 0.723671
vt 0.436056 0.665754
vt 0.422650 0.666217
vt 0.409881 0.665645
vt 0.397920 0.665608
vt 0.450153 0.663869
vt 0.440020 0.668783
vt 0.840164 0.741847
vt 0.635370 0.858298
vt 0.645569 0.861664
vt 0.639944 0.866698
vt 0.428461 0.673351
vt 0.415685 0.674813
vt 0.403573 0.672489
vt 0.669991 0.864472
vt 0.680942 0.864877
vt 0.677093 0.870698
vt 0.021025 0.532216
vt 0.024455 0.525352
vt 0.630647 0.851331
vt 0.641123 0.853677
vt 0.651983 0.855977
vt 0.657669 0.863896
vt 0.663501 0.857420
vt 0.674289 0.858806
vt 0.684388 0.859952
vt 0.392866 0.670186
vt 0.388233 0.674735
vt 0.370734 0.674813
vt 0.709286 0.854086
vt 0.709974 0.861547
vt 0.701394 0.858183
vt 0.717303 0.849149
vt 0.718960 0.857318
vt 0.723361 0.843345
vt 0.726681 0.851721
vt 0.806799 0.212064
vt 0.798053 0.212696
vt 0.802218 0.204536
vt 0.811033 0.218290
vt 0.803340 0.221927
vt 0.807804 0.228842
vt 0.363472 0.668285
vt 0.354688 0.666341
vt 0.358649 0.657428
vt 0.727000 0.859595
vt 0.349122 0.654989
vt 0.726673 0.867045
vt 0.717176 0.863621
vt 0.351120 0.648051
vt 0.733138 0.845637
vt 0.789116 0.217088
vt 0.793311 0.206617
vt 0.735369 0.854051
vt 0.737378 0.862850
vt 0.340951 0.644500
vt 0.343739 0.637113
vt 0.794710 0.225006
vt 0.785040 0.228547
vt 0.779793 0.222045
vt 0.777079 0.235401
vt 0.772028 0.229318
vt 0.769606 0.242154
vt 0.341302 0.623832
vt 0.799431 0.231103
vt 0.725418 0.661406
vt 0.720210 0.653066
vt 0.728440 0.653066
vt 0.790876 0.236006
vt 0.782368 0.241681
vt 0.774711 0.248058
vt 0.768792 0.254728
vt 0.341430 0.611172
vt 0.763295 0.260757
vt 0.764280 0.249370
vt 0.804394 0.238494
vt 0.796097 0.242642
vt 0.787454 0.247722
vt 0.780030 0.253974
vt 0.773458 0.260090
vt 0.767443 0.265808
vt 0.340522 0.599875
vt 0.344300 0.587957
vt 0.771951 0.285327
vt 0.766250 0.288258
vt 0.766749 0.278045
vt 0.777253 0.293133
vt 0.771391 0.296348
vt 0.784238 0.300022
vt 0.777458 0.304469
vt 0.790447 0.307802
vt 0.784810 0.311346
vt 0.797145 0.314948
vt 0.791132 0.319897
vt 0.804075 0.320343
vt 0.798380 0.326234
vt 0.350730 0.578371
vt 0.765611 0.299487
vt 0.357649 0.567811
vt 0.771747 0.307682
vt 0.192670 0.750181
vt 0.187279 0.741714
vt 0.196914 0.744312
vt 0.366485 0.557430
vt 0.778366 0.315820
vt 0.197751 0.758549
vt 0.187891 0.756312
vt 0.182155 0.747882
vt 0.175787 0.739801
vt 0.377079 0.548607
vt 0.785084 0.324213
vt 0.183078 0.762572
vt 0.177593 0.753978
vt 0.171066 0.745692
vt 0.165121 0.737375
vt 0.386881 0.538467
vt 0.396039 0.541246
vt 0.181303 0.776694
vt 0.176358 0.768697
vt 0.187546 0.770851
vt 0.170992 0.760444
vt 0.165636 0.751995
vt 0.159663 0.743724
vt 0.153091 0.736760
vt 0.398037 0.533391
vt 0.405988 0.536695
vt 0.169309 0.774152
vt 0.164376 0.766431
vt 0.159190 0.758468
vt 0.153528 0.750567
vt 0.147877 0.742991
vt 0.142340 0.736215
vt 0.408005 0.528868
vt 0.414822 0.534795
vt 0.419541 0.528826
vt 0.123772 0.740520
vt 0.120405 0.732559
vt 0.130645 0.735203
vt 0.115878 0.745569
vt 0.112438 0.737907
vt 0.107342 0.751346
vt 0.104088 0.743821
vt 0.100893 0.758085
vt 0.096904 0.750626
vt 0.095890 0.764431
vt 0.090485 0.757387
vt 0.087471 0.763783
vt 0.128185 0.728903
vt 0.430224 0.529258
vt 0.109319 0.730372
vt 0.117838 0.725870
vt 0.441827 0.531796
vt 0.100936 0.736236
vt 0.097906 0.728677
vt 0.453801 0.536118
vt 0.093181 0.742918
vt 0.090346 0.735487
vt 0.156190 0.544016
vt 0.148056 0.538477
vt 0.156413 0.535062
vt 0.147800 0.530130
vt 0.218979 0.497869
vt 0.213728 0.495099
vt 0.218853 0.488206
vt 0.087181 0.750095
vt 0.083291 0.742461
vt 0.155268 0.552927
vt 0.148480 0.546907
vt 0.218979 0.507697
vt 0.212776 0.504946
vt 0.471981 0.553075
vt 0.081490 0.756837
vt 0.077544 0.749548
vt 0.152889 0.561447
vt 0.147675 0.555381
vt 0.142205 0.549532
vt 0.214221 0.513930
vt 0.136010 0.544062
vt 0.143442 0.541140
vt 0.136762 0.535998
vt 0.130168 0.539033
vt 0.078827 0.763167
vt 0.074025 0.756421
vt 0.070226 0.749424
vt 0.145988 0.563524
vt 0.141201 0.557670
vt 0.136029 0.551979
vt 0.129611 0.546660
vt 0.124535 0.541718
vt 0.120426 0.547785
vt 0.116249 0.554440
vt 0.110390 0.547149
vt 0.110171 0.561387
vt 0.105312 0.554216
vt 0.104427 0.568869
vt 0.098630 0.561616
vt 0.097196 0.575519
vt 0.091643 0.569068
vt 0.090224 0.581928
vt 0.084394 0.575993
vt 0.077392 0.582434
vt 0.098250 0.546554
vt 0.092164 0.553816
vt 0.085073 0.546009
vt 0.085180 0.561523
vt 0.078245 0.553391
vt 0.071726 0.545634
vt 0.077842 0.569190
vt 0.070829 0.561121
vt 0.064535 0.552738
vt 0.059453 0.545404
vt 0.070595 0.576369
vt 0.063654 0.568490
vt 0.057685 0.559939
vt 0.052580 0.552118
vt 0.048377 0.545209
vt 0.953826 0.167586
vt 0.953826 0.155245
vt 0.958591 0.161423
vt 0.064293 0.581559
vt 0.057664 0.574426
vt 0.050843 0.567090
vt 0.046255 0.558862
vt 0.042275 0.551567
vt 0.038998 0.545125
vt 0.028286 0.543155
vt 0.020153 0.547750
vt 0.021481 0.540104
vt 0.012813 0.553077
vt 0.010966 0.544617
vt 0.629858 0.823868
vt 0.634169 0.832210
vt 0.624520 0.830112
vt 0.637992 0.818382
vt 0.641581 0.826139
vt 0.645681 0.813292
vt 0.648950 0.820291
vt 0.656813 0.815433
vt 0.012945 0.536478
vt 0.319530 0.962536
vt 0.314212 0.967529
vt 0.314212 0.955941
vt 0.628029 0.838352
vt 0.640024 0.840686
vt 0.634317 0.846460
vt 0.646009 0.848703
vt 0.646578 0.834600
vt 0.652791 0.842773
vt 0.657480 0.851074
vt 0.665875 0.359402
vt 0.659656 0.364432
vt 0.659656 0.352749
vt 0.653450 0.828437
vt 0.659087 0.836932
vt 0.664374 0.844991
vt 0.669382 0.852751
vt 0.665638 0.371433
vt 0.659763 0.375392
vt 0.661055 0.822848
vt 0.665561 0.830802
vt 0.670904 0.839204
vt 0.675866 0.847292
vt 0.680398 0.853966
vt 0.667877 0.817308
vt 0.672650 0.825068
vt 0.677602 0.833285
vt 0.682484 0.841410
vt 0.686998 0.849065
vt 0.864743 0.940075
vt 0.864743 0.951294
vt 0.858803 0.943866
vt 0.858891 0.954122
vt 0.690562 0.855366
vt 0.693806 0.861037
vt 0.763214 0.271081
vt 0.771562 0.272930
vt 0.777983 0.267149
vt 0.785091 0.260886
vt 0.793104 0.254337
vt 0.802209 0.248800
vt 0.810676 0.243963
vt 0.777533 0.280473
vt 0.783865 0.274995
vt 0.783283 0.288639
vt 0.792178 0.268823
vt 0.791116 0.282904
vt 0.790495 0.296194
vt 0.800589 0.262521
vt 0.799510 0.276789
vt 0.798532 0.290505
vt 0.798132 0.302411
vt 0.809401 0.256872
vt 0.808030 0.270593
vt 0.806908 0.284348
vt 0.805872 0.297280
vt 0.804976 0.309030
vt 0.817413 0.251645
vt 0.816366 0.264610
vt 0.815100 0.277987
vt 0.813889 0.290966
vt 0.812703 0.302842
vt 0.811604 0.313516
vt 0.810629 0.322267
vt 0.135569 0.741300
vt 0.141145 0.748274
vt 0.146913 0.756559
vt 0.152282 0.764851
vt 0.157484 0.772777
vt 0.161287 0.779521
vt 0.128347 0.747068
vt 0.133632 0.754649
vt 0.120203 0.752904
vt 0.139582 0.763223
vt 0.125679 0.761386
vt 0.112345 0.759620
vt 0.145259 0.771565
vt 0.131594 0.770358
vt 0.117869 0.768349
vt 0.106194 0.766262
vt 0.150028 0.778612
vt 0.957900 0.615716
vt 0.949851 0.609109
vt 0.958591 0.605718
vt 0.137798 0.778334
vt 0.124432 0.776605
vt 0.229891 0.766426
vt 0.229891 0.753643
vt 0.236855 0.759599
vt 0.235435 0.746766
vt 0.112445 0.774211
vt 0.101557 0.772070
vt 0.973193 0.178758
vt 0.973193 0.168556
vt 0.978702 0.173158
vt 0.154662 0.785399
vt 0.143176 0.784899
vt 0.949851 0.618951
vt 0.130628 0.784000
vt 0.118198 0.782026
vt 0.107948 0.779107
vt 0.494912 0.268561
vt 0.491999 0.275841
vt 0.483872 0.271966
vt 0.481885 0.278553
vt 0.098033 0.776945
vt 0.126425 0.553217
vt 0.131272 0.558974
vt 0.138893 0.565620
vt 0.802717 0.379100
vt 0.798338 0.385493
vt 0.797342 0.376507
vt 0.071098 0.763843
vt 0.077622 0.770368
vt 0.122642 0.560623
vt 0.127101 0.566732
vt 0.116171 0.568064
vt 0.992109 0.046248
vt 0.989685 0.053627
vt 0.984750 0.046248
vt 0.141061 0.571105
vt 0.132515 0.573333
vt 0.119607 0.573786
vt 0.108415 0.574824
vt 0.804412 0.387817
vt 0.797342 0.395503
vt 0.093848 0.616716
vt 0.089254 0.612189
vt 0.093848 0.604123
vt 0.415613 0.847396
vt 0.408988 0.843181
vt 0.415337 0.837887
vt 0.125991 0.581276
vt 0.111768 0.580261
vt 0.100674 0.580882
vt 0.460483 0.291241
vt 0.455702 0.301379
vt 0.452392 0.294177
vt 0.449009 0.306238
vt 0.415357 0.855805
vt 0.408988 0.852254
vt 0.449147 0.311519
vt 0.446858 0.324412
vt 0.441766 0.317023
vt 0.116731 0.587113
vt 0.104240 0.586341
vt 0.093775 0.587237
vt 0.467605 0.288559
vt 0.463542 0.298232
vt 0.458724 0.308128
vt 0.453972 0.318999
vt 0.452076 0.331272
vt 0.108007 0.592062
vt 0.096637 0.591167
vt 0.447804 0.337386
vt 0.452557 0.343240
vt 0.445610 0.349198
vt 0.451103 0.354346
vt 0.445062 0.360448
vt 0.450136 0.364911
vt 0.031403 0.549704
vt 0.035178 0.557018
vt 0.040007 0.564938
vt 0.045949 0.573012
vt 0.052846 0.580487
vt 0.149710 0.822153
vt 0.149710 0.833586
vt 0.143709 0.827618
vt 0.022858 0.555180
vt 0.027997 0.563137
vt 0.016093 0.561137
vt 0.006426 0.558787
vt 0.033650 0.571451
vt 0.021835 0.569397
vt 0.010422 0.567175
vt 0.627258 0.815820
vt 0.040474 0.579460
vt 0.026903 0.578473
vt 0.015313 0.576042
vt 0.624897 0.807347
vt 0.635870 0.810435
vt 0.144628 0.840164
vt 0.060247 0.586391
vt 0.047532 0.587173
vt 0.034959 0.586041
vt 0.473688 0.401410
vt 0.485742 0.408895
vt 0.476298 0.409732
vt 0.488356 0.417847
vt 0.497691 0.415336
vt 0.634613 0.802701
vt 0.644534 0.806035
vt 0.055796 0.592137
vt 0.463975 0.382276
vt 0.472815 0.391695
vt 0.463623 0.391650
vt 0.483766 0.399628
vt 0.494490 0.408268
vt 0.506135 0.412661
vt 0.643536 0.798759
vt 0.652246 0.801988
vt 0.698166 0.851622
vt 0.694209 0.844077
vt 0.689422 0.835797
vt 0.684643 0.827089
vt 0.679375 0.818404
vt 0.674194 0.810971
vt 0.706292 0.846804
vt 0.701343 0.838400
vt 0.713702 0.841075
vt 0.697060 0.829698
vt 0.709301 0.832414
vt 0.719366 0.835151
vt 0.810969 0.203610
vt 0.691769 0.820862
vt 0.705086 0.823155
vt 0.715814 0.826438
vt 0.725431 0.829434
vt 0.727848 0.837612
vt 0.815399 0.209743
vt 0.686264 0.812418
vt 0.698567 0.814941
vt 0.710599 0.817732
vt 0.916136 0.966356
vt 0.916136 0.976467
vt 0.907748 0.972329
vt 0.833461 0.978702
vt 0.826112 0.970546
vt 0.833461 0.968554
vt 0.820240 0.201590
vt 0.824448 0.209379
vt 0.819467 0.217631
vt 0.680780 0.805145
vt 0.692386 0.807705
vt 0.553582 0.417256
vt 0.556521 0.407735
vt 0.564025 0.409866
vt 0.566255 0.400316
vt 0.573880 0.401646
vt 0.574925 0.392001
vt 0.829583 0.202054
vt 0.832907 0.211426
vt 0.828109 0.217527
vt 0.823236 0.224571
vt 0.825003 0.235240
vt 0.832244 0.239181
vt 0.825076 0.245025
vt 0.576003 0.358077
vt 0.583203 0.349793
vt 0.583369 0.361590
vt 0.566293 0.353968
vt 0.574216 0.345512
vt 0.555105 0.349652
vt 0.562256 0.341237
vt 0.543704 0.345566
vt 0.551229 0.337160
vt 0.539538 0.333822
vt 0.832473 0.250748
vt 0.824488 0.257607
vt 0.580359 0.336476
vt 0.831928 0.264355
vt 0.823568 0.271487
vt 0.568237 0.332380
vt 0.574135 0.323336
vt 0.585433 0.327511
vt 0.579054 0.314620
vt 0.822120 0.285420
vt 0.557623 0.328149
vt 0.564046 0.318733
vt 0.322911 0.947677
vt 0.330703 0.940129
vt 0.330703 0.954122
vt 0.568647 0.310250
vt 0.829007 0.292417
vt 0.820477 0.298006
vt 0.546081 0.324681
vt 0.552138 0.315408
vt 0.557863 0.306217
vt 0.835695 0.299157
vt 0.826868 0.304257
vt 0.818890 0.308946
vt 0.534802 0.322231
vt 0.540553 0.312963
vt 0.545007 0.305353
vt 0.549517 0.297698
vt 0.560755 0.299809
vt 0.552496 0.292290
vt 0.563460 0.293913
vt 0.555672 0.286681
vt 0.566258 0.288159
vt 0.559072 0.280789
vt 0.549308 0.278229
vt 0.545689 0.283984
vt 0.182414 0.987639
vt 0.182414 0.978445
vt 0.189931 0.986842
vt 0.537498 0.297199
vt 0.533363 0.303660
vt 0.528465 0.311800
vt 0.523135 0.321303
vt 0.538593 0.276081
vt 0.541487 0.290871
vt 0.535044 0.280220
vt 0.160411 0.790926
vt 0.149317 0.790957
vt 0.530608 0.286697
vt 0.523076 0.275957
vt 0.136841 0.791005
vt 0.812873 0.355282
vt 0.811764 0.342262
vt 0.820054 0.348409
vt 0.820054 0.336408
vt 0.093848 0.136487
vt 0.087277 0.143007
vt 0.087277 0.129763
vt 0.517974 0.282907
vt 0.510016 0.276678
vt 0.515122 0.269815
vt 0.502642 0.270753
vt 0.520906 0.300868
vt 0.526202 0.291975
vt 0.512655 0.291417
vt 0.504710 0.284024
vt 0.497605 0.278470
vt 0.111615 0.786481
vt 0.515649 0.311897
vt 0.507511 0.301312
vt 0.499566 0.292845
vt 0.492490 0.286305
vt 0.104930 0.791005
vt 0.101615 0.783307
vt 0.487128 0.282792
vt 0.511002 0.321720
vt 0.502989 0.311826
vt 0.495153 0.303034
vt 0.487695 0.294966
vt 0.482361 0.290247
vt 0.095409 0.787444
vt 0.477728 0.286183
vt 0.473703 0.282692
vt 0.471829 0.293075
vt 0.477528 0.299268
vt 0.483601 0.305855
vt 0.491425 0.314501
vt 0.499621 0.323610
vt 0.508019 0.333075
vt 0.466407 0.302465
vt 0.472594 0.309763
vt 0.462097 0.313965
vt 0.479228 0.317592
vt 0.468785 0.322114
vt 0.459586 0.326728
vt 0.487361 0.326650
vt 0.475329 0.330518
vt 0.465741 0.335048
vt 0.458968 0.339444
vt 0.496677 0.336277
vt 0.483635 0.339800
vt 0.473511 0.343978
vt 0.465359 0.347806
vt 0.457982 0.351230
vt 0.505006 0.344983
vt 0.493968 0.348798
vt 0.483023 0.352662
vt 0.471176 0.356774
vt 0.464026 0.359611
vt 0.456696 0.362403
vt 0.830321 0.227914
vt 0.576848 0.381853
vt 0.582792 0.383661
vt 0.567266 0.389740
vt 0.557585 0.397718
vt 0.546867 0.415251
vt 0.547413 0.405042
vt 0.673019 0.798759
vt 0.835695 0.221062
vt 0.576505 0.369951
vt 0.583673 0.372948
vt 0.568807 0.378956
vt 0.567834 0.366329
vt 0.558542 0.386884
vt 0.559557 0.375436
vt 0.557446 0.361997
vt 0.547699 0.393889
vt 0.548495 0.382983
vt 0.547743 0.370093
vt 0.545918 0.357194
vt 0.537324 0.412101
vt 0.537538 0.401375
vt 0.537918 0.390566
vt 0.537272 0.377539
vt 0.536300 0.364708
vt 0.535017 0.352655
vt 0.535884 0.417847
vt 0.526548 0.413243
vt 0.526778 0.404736
vt 0.527090 0.395838
vt 0.527065 0.384710
vt 0.526609 0.372122
vt 0.525944 0.359809
vt 0.456509 0.373231
vt 0.464032 0.370885
vt 0.471767 0.368587
vt 0.481616 0.365344
vt 0.493216 0.361124
vt 0.504953 0.356584
vt 0.515643 0.352497
vt 0.471411 0.380940
vt 0.481016 0.378406
vt 0.481757 0.390284
vt 0.493176 0.373572
vt 0.492095 0.388125
vt 0.493304 0.398732
vt 0.504677 0.369130
vt 0.504446 0.382528
vt 0.504893 0.393950
vt 0.505365 0.404644
vt 0.515785 0.364863
vt 0.515956 0.377971
vt 0.516149 0.389338
vt 0.516333 0.399691
vt 0.516507 0.409446
vt 0.516656 0.415888
vt 0.286140 0.557366
vt 0.276450 0.555125
vt 0.286698 0.548606
vt 0.238693 0.030835
vt 0.244264 0.031325
vt 0.239676 0.039049
vt 0.296291 0.553929
vt 0.291677 0.563695
vt 0.279486 0.564407
vt 0.233684 0.035491
vt 0.673602 0.079804
vt 0.675420 0.089332
vt 0.669991 0.085599
vt 0.363103 0.525828
vt 0.356562 0.519699
vt 0.362414 0.519637
vt 0.502466 0.854883
vt 0.495546 0.860044
vt 0.495233 0.852241
vt 0.586765 0.837892
vt 0.577450 0.840077
vt 0.581088 0.832705
vt 0.233766 0.025347
vt 0.006120 0.595901
vt 0.009399 0.589887
vt 0.011172 0.601672
vt 0.812177 0.597172
vt 0.817254 0.591954
vt 0.818054 0.599110
vt 0.503545 0.848589
vt 0.592047 0.832432
vt 0.363536 0.696538
vt 0.366152 0.705350
vt 0.358871 0.698039
vt 0.624643 0.040062
vt 0.623778 0.047460
vt 0.618248 0.041935
vt 0.864680 0.634840
vt 0.865728 0.626433
vt 0.869873 0.635011
vt 0.283109 0.776373
vt 0.275250 0.770894
vt 0.285558 0.771625
vt 0.935894 0.563044
vt 0.932804 0.569807
vt 0.929848 0.561216
vt 0.318757 0.722695
vt 0.307917 0.723090
vt 0.311184 0.715352
vt 0.327077 0.731264
vt 0.315827 0.731785
vt 0.334781 0.740113
vt 0.323821 0.741047
vt 0.342254 0.748919
vt 0.332254 0.750833
vt 0.348609 0.756922
vt 0.339183 0.759223
vt 0.353590 0.763707
vt 0.345389 0.766813
vt 0.357992 0.769791
vt 0.350090 0.772761
vt 0.304188 0.731790
vt 0.311692 0.741080
vt 0.300193 0.740473
vt 0.320043 0.751388
vt 0.307478 0.750429
vt 0.295923 0.750222
vt 0.328092 0.760985
vt 0.315376 0.760565
vt 0.303228 0.760054
vt 0.291868 0.758965
vt 0.335123 0.769110
vt 0.323648 0.770963
vt 0.310964 0.770132
vt 0.298969 0.769019
vt 0.288117 0.766877
vt 0.341402 0.776284
vt 0.330444 0.778094
vt 0.318530 0.778705
vt 0.306395 0.777067
vt 0.295372 0.773964
vt 0.353646 0.777394
vt 0.346128 0.781458
vt 0.335807 0.783028
vt 0.324929 0.784302
vt 0.214510 0.006404
vt 0.214114 0.017946
vt 0.209076 0.014663
vt 0.209020 0.026633
vt 0.214510 0.029067
vt 0.210459 0.037986
vt 0.302280 0.780305
vt 0.292222 0.778589
vt 0.301877 0.712879
vt 0.297731 0.720967
vt 0.293335 0.730050
vt 0.288863 0.739523
vt 0.284565 0.748887
vt 0.280658 0.757658
vt 0.277850 0.764560
vt 0.291080 0.709816
vt 0.286253 0.718601
vt 0.279487 0.707067
vt 0.280779 0.728232
vt 0.274645 0.716274
vt 0.268737 0.705063
vt 0.276181 0.738169
vt 0.269370 0.725872
vt 0.263703 0.714123
vt 0.259498 0.703688
vt 0.272714 0.747248
vt 0.265622 0.735434
vt 0.259690 0.723563
vt 0.254963 0.712472
vt 0.250701 0.702314
vt 0.268778 0.756392
vt 0.262281 0.744494
vt 0.255091 0.732994
vt 0.250484 0.721433
vt 0.246288 0.710807
vt 0.243545 0.701430
vt 0.267273 0.762747
vt 0.258284 0.753657
vt 0.252823 0.741682
vt 0.811116 0.124015
vt 0.811116 0.135057
vt 0.805133 0.131792
vt 0.805473 0.143007
vt 0.248326 0.730229
vt 0.242619 0.719497
vt 0.240588 0.709782
vt 0.238384 0.701091
vt 0.308544 0.706344
vt 0.298353 0.702384
vt 0.286573 0.698732
vt 0.274509 0.695887
vt 0.264247 0.694651
vt 0.253531 0.692772
vt 0.245938 0.692504
vt 0.305676 0.695469
vt 0.294341 0.690651
vt 0.302287 0.684795
vt 0.282617 0.688095
vt 0.290876 0.681186
vt 0.298827 0.675426
vt 0.271245 0.686124
vt 0.279274 0.678518
vt 0.287690 0.672586
vt 0.190986 0.036833
vt 0.185425 0.031911
vt 0.192165 0.025407
vt 0.258708 0.682933
vt 0.267469 0.675819
vt 0.275893 0.668948
vt 0.190306 0.049159
vt 0.184328 0.042883
vt 0.285197 0.666129
vt 0.292903 0.662287
vt 0.295793 0.669056
vt 0.249078 0.682265
vt 0.254858 0.672441
vt 0.264536 0.666729
vt 0.273328 0.661138
vt 0.282406 0.658589
vt 0.290114 0.655464
vt 0.871447 0.625959
vt 0.240278 0.692798
vt 0.241511 0.682542
vt 0.246032 0.672782
vt 0.254586 0.666163
vt 0.262980 0.659988
vt 0.614555 0.019807
vt 0.618301 0.027215
vt 0.610797 0.029415
vt 0.614918 0.036428
vt 0.231397 0.989874
vt 0.231397 0.981105
vt 0.236855 0.981581
vt 0.621225 0.032501
vt 0.318676 0.712349
vt 0.316558 0.702237
vt 0.313783 0.691325
vt 0.310480 0.680355
vt 0.185263 0.020561
vt 0.303232 0.664136
vt 0.299942 0.657054
vt 0.326289 0.709459
vt 0.324348 0.699259
vt 0.334273 0.706433
vt 0.322051 0.687919
vt 0.332125 0.696381
vt 0.341097 0.704058
vt 0.191629 0.012764
vt 0.184328 0.007679
vt 0.318677 0.677457
vt 0.330441 0.684592
vt 0.340157 0.693326
vt 0.347519 0.701851
vt 0.306704 0.672527
vt 0.314771 0.668813
vt 0.327126 0.674002
vt 0.338826 0.681410
vt 0.347790 0.690618
vt 0.353954 0.699607
vt 0.617212 0.051365
vt 0.616818 0.063121
vt 0.610808 0.057356
vt 0.610140 0.069738
vt 0.616151 0.075607
vt 0.322986 0.665320
vt 0.616523 0.089154
vt 0.609505 0.083082
vt 0.609993 0.096899
vt 0.617630 0.101965
vt 0.611908 0.109159
vt 0.618583 0.113887
vt 0.353684 0.689082
vt 0.622986 0.056877
vt 0.827783 0.565323
vt 0.827005 0.553383
vt 0.833461 0.559738
vt 0.833461 0.547072
vt 0.622522 0.068527
vt 0.622824 0.081737
vt 0.623552 0.094629
vt 0.624185 0.106811
vt 0.625037 0.117659
vt 0.620485 0.122675
vt 0.358097 0.688341
vt 0.326980 0.719930
vt 0.334683 0.717173
vt 0.342529 0.714374
vt 0.350350 0.711572
vt 0.356140 0.709309
vt 0.360064 0.707611
vt 0.335374 0.728559
vt 0.343021 0.725707
vt 0.342529 0.737252
vt 0.351797 0.722869
vt 0.351915 0.734788
vt 0.350564 0.746298
vt 0.963060 0.786246
vt 0.963060 0.797709
vt 0.957330 0.791966
vt 0.357938 0.720105
vt 0.360561 0.731954
vt 0.360542 0.744166
vt 0.358078 0.755174
vt 0.218853 0.725653
vt 0.218979 0.735558
vt 0.213545 0.730393
vt 0.213545 0.740945
vt 0.362828 0.717601
vt 0.333786 0.201442
vt 0.324997 0.200057
vt 0.335172 0.193741
vt 0.366258 0.728806
vt 0.366819 0.740675
vt 0.366002 0.752300
vt 0.362543 0.762084
vt 0.367572 0.715279
vt 0.218324 0.746316
vt 0.976467 0.627568
vt 0.971279 0.636826
vt 0.971279 0.626580
vt 0.325808 0.207638
vt 0.318274 0.206729
vt 0.932059 0.520834
vt 0.937072 0.525633
vt 0.930160 0.531238
vt 0.936041 0.535971
vt 0.928883 0.542025
vt 0.934878 0.546034
vt 0.928988 0.552314
vt 0.934884 0.555404
vt 0.940150 0.568526
vt 0.944308 0.575504
vt 0.937500 0.575792
vt 0.949767 0.581462
vt 0.942468 0.582449
vt 0.955463 0.588276
vt 0.948199 0.588562
vt 0.601528 0.820690
vt 0.596085 0.814218
vt 0.606714 0.814278
vt 0.597288 0.826551
vt 0.592265 0.820174
vt 0.586616 0.826707
vt 0.929817 0.577068
vt 0.935499 0.582530
vt 0.164293 0.978466
vt 0.169820 0.971289
vt 0.169820 0.980936
vt 0.144226 0.980936
vt 0.144727 0.971676
vt 0.149710 0.979918
vt 0.149710 0.970728
vt 0.568528 0.436503
vt 0.564739 0.430044
vt 0.572027 0.428860
vt 0.568099 0.422465
vt 0.392458 0.247765
vt 0.397737 0.240070
vt 0.397224 0.250262
vt 0.599356 0.808546
vt 0.590168 0.807358
vt 0.572027 0.442920
vt 0.564464 0.444661
vt 0.560971 0.437994
vt 0.138538 0.146532
vt 0.133817 0.151945
vt 0.133817 0.140549
vt 0.392458 0.237024
vt 0.481566 0.012846
vt 0.477084 0.019409
vt 0.476574 0.007626
vt 0.585611 0.814003
vt 0.578801 0.807569
vt 0.582567 0.801418
vt 0.570715 0.802507
vt 0.574364 0.796466
vt 0.563082 0.797418
vt 0.482647 0.024429
vt 0.476574 0.030625
vt 0.582223 0.819783
vt 0.574327 0.814366
vt 0.567264 0.808236
vt 0.559396 0.803791
vt 0.551960 0.800487
vt 0.480480 0.035752
vt 0.545276 0.796856
vt 0.555178 0.795162
vt 0.576467 0.826706
vt 0.570505 0.820437
vt 0.563137 0.815006
vt 0.555860 0.809857
vt 0.548738 0.805847
vt 0.978702 0.819117
vt 0.974207 0.824523
vt 0.974207 0.814540
vt 0.542258 0.802785
vt 0.536193 0.798924
vt 0.531129 0.804242
vt 0.526670 0.798921
vt 0.525584 0.810177
vt 0.520164 0.804121
vt 0.519552 0.816818
vt 0.514975 0.812253
vt 0.514425 0.824895
vt 0.508313 0.819641
vt 0.508889 0.832946
vt 0.503322 0.828345
vt 0.506173 0.841188
vt 0.499028 0.836969
vt 0.496929 0.845072
vt 0.267370 0.770523
vt 0.509255 0.806625
vt 0.258871 0.761241
vt 0.503567 0.815025
vt 0.857810 0.688591
vt 0.864902 0.681970
vt 0.864615 0.692067
vt 0.871447 0.685260
vt 0.870427 0.673947
vt 0.843680 0.690747
vt 0.850572 0.684229
vt 0.850722 0.694923
vt 0.487116 0.976467
vt 0.479686 0.974824
vt 0.487116 0.966366
vt 0.858032 0.678398
vt 0.864236 0.670748
vt 0.245608 0.738131
vt 0.836734 0.686105
vt 0.843569 0.680214
vt 0.850099 0.672980
vt 0.857291 0.666936
vt 0.863343 0.659827
vt 0.240644 0.726603
vt 0.830299 0.680244
vt 0.836624 0.675365
vt 0.843206 0.668905
vt 0.849625 0.662262
vt 0.856324 0.655988
vt 0.862204 0.649463
vt 0.868588 0.653005
vt 0.866410 0.643379
vt 0.824614 0.674935
vt 0.830286 0.670224
vt 0.836491 0.664020
vt 0.842822 0.658275
vt 0.848934 0.651990
vt 0.854841 0.645898
vt 0.860321 0.640060
vt 0.859570 0.629817
vt 0.853812 0.624304
vt 0.860647 0.620147
vt 0.846993 0.619188
vt 0.854066 0.614066
vt 0.840041 0.613017
vt 0.846636 0.608516
vt 0.832570 0.607843
vt 0.838965 0.603258
vt 0.825128 0.603067
vt 0.831316 0.598735
vt 0.823829 0.594200
vt 0.867434 0.616222
vt 0.861673 0.608857
vt 0.238384 0.675306
vt 0.853459 0.604182
vt 0.860210 0.600345
vt 0.867818 0.605943
vt 0.866045 0.598052
vt 0.845714 0.598502
vt 0.852651 0.594075
vt 0.859023 0.591380
vt 0.254316 0.660121
vt 0.837812 0.592788
vt 0.844480 0.589541
vt 0.850984 0.586640
vt 0.628022 0.012242
vt 0.622403 0.017841
vt 0.619407 0.012319
vt 0.830001 0.589134
vt 0.836545 0.584639
vt 0.642457 0.006993
vt 0.636491 0.012881
vt 0.633928 0.007234
vt 0.843014 0.582605
vt 0.849316 0.579999
vt 0.630742 0.017813
vt 0.625787 0.026080
vt 0.822638 0.585759
vt 0.828926 0.581802
vt 0.650457 0.009137
vt 0.644584 0.014167
vt 0.638837 0.020427
vt 0.633409 0.025040
vt 0.628577 0.032421
vt 0.630270 0.042709
vt 0.636591 0.045511
vt 0.629897 0.050816
vt 0.643662 0.049480
vt 0.636861 0.054834
vt 0.650892 0.055063
vt 0.644158 0.061302
vt 0.658266 0.060778
vt 0.652107 0.066587
vt 0.664940 0.067162
vt 0.659178 0.073236
vt 0.670066 0.073752
vt 0.665189 0.079717
vt 0.629720 0.061632
vt 0.637165 0.067165
vt 0.629754 0.074388
vt 0.644984 0.073437
vt 0.637488 0.080677
vt 0.630187 0.087988
vt 0.652465 0.080059
vt 0.645343 0.087280
vt 0.637784 0.094602
vt 0.630549 0.101210
vt 0.659608 0.086410
vt 0.653064 0.093758
vt 0.645478 0.100887
vt 0.638039 0.107534
vt 0.631315 0.112146
vt 0.664542 0.092030
vt 0.659435 0.099369
vt 0.652521 0.106417
vt 0.645141 0.112456
vt 0.638218 0.118156
vt 0.631865 0.122246
vt 0.626136 0.126297
vt 0.630774 0.132192
vt 0.623620 0.132603
vt 0.223524 0.345041
vt 0.220613 0.336817
vt 0.227917 0.340712
vt 0.216808 0.349220
vt 0.215225 0.341016
vt 0.329952 0.236147
vt 0.325221 0.229448
vt 0.333494 0.229182
vt 0.326025 0.243558
vt 0.320758 0.237038
vt 0.979463 0.519271
vt 0.972451 0.522981
vt 0.973718 0.512804
vt 0.984334 0.525822
vt 0.978096 0.529387
vt 0.225788 0.332923
vt 0.218389 0.328817
vt 0.212479 0.332711
vt 0.210495 0.324482
vt 0.330097 0.222162
vt 0.321008 0.222126
vt 0.328558 0.214776
vt 0.318858 0.214319
vt 0.966282 0.516380
vt 0.958321 0.521325
vt 0.959755 0.511395
vt 0.951866 0.515416
vt 0.950018 0.525299
vt 0.944140 0.520377
vt 0.942218 0.530557
vt 0.375392 0.248027
vt 0.368689 0.246826
vt 0.375392 0.238206
vt 0.964879 0.527020
vt 0.956827 0.531780
vt 0.948639 0.536524
vt 0.941359 0.541504
vt 0.971232 0.533299
vt 0.963355 0.537997
vt 0.955427 0.542711
vt 0.947519 0.547447
vt 0.940704 0.551715
vt 0.982560 0.535616
vt 0.976515 0.539547
vt 0.969351 0.543954
vt 0.961865 0.548562
vt 0.954077 0.553305
vt 0.947061 0.557126
vt 0.941387 0.560027
vt 0.537128 0.807633
vt 0.543904 0.812324
vt 0.551228 0.816310
vt 0.558896 0.821964
vt 0.565673 0.828491
vt 0.571612 0.834583
vt 0.531465 0.813889
vt 0.538287 0.818428
vt 0.525496 0.821347
vt 0.545935 0.824012
vt 0.532408 0.826665
vt 0.519826 0.829826
vt 0.553716 0.830383
vt 0.540475 0.833111
vt 0.527835 0.835974
vt 0.516139 0.838679
vt 0.561126 0.836633
vt 0.548209 0.839271
vt 0.535258 0.841932
vt 0.523074 0.844464
vt 0.512713 0.846652
vt 0.567223 0.842508
vt 0.555588 0.845188
vt 0.542989 0.847647
vt 0.530749 0.850085
vt 0.520175 0.851878
vt 0.511220 0.853321
vt 0.854554 0.635100
vt 0.848751 0.641061
vt 0.842415 0.647468
vt 0.835740 0.654082
vt 0.829296 0.660063
vt 0.822942 0.666229
vt 0.847877 0.629998
vt 0.841743 0.635763
vt 0.840889 0.624237
vt 0.834907 0.642353
vt 0.834059 0.630152
vt 0.833249 0.618242
vt 0.828186 0.649079
vt 0.827256 0.637310
vt 0.826447 0.625499
vt 0.825510 0.613292
vt 0.821995 0.655318
vt 0.820882 0.644086
vt 0.819926 0.632494
vt 0.818895 0.620570
vt 0.818462 0.609607
vt 0.817603 0.671046
vt 0.816398 0.660989
vt 0.815354 0.650355
vt 0.814512 0.639464
vt 0.813056 0.627999
vt 0.812408 0.616894
vt 0.812057 0.606386
vt 0.635028 0.035479
vt 0.640566 0.028294
vt 0.646544 0.022306
vt 0.652743 0.016761
vt 0.656052 0.005836
vt 0.658772 0.012475
vt 0.814626 0.585624
vt 0.642128 0.039161
vt 0.648602 0.031086
vt 0.649958 0.043063
vt 0.655154 0.025196
vt 0.657006 0.036086
vt 0.657821 0.048820
vt 0.661164 0.021418
vt 0.662886 0.032472
vt 0.664132 0.044152
vt 0.664474 0.056273
vt 0.664130 0.010091
vt 0.666738 0.018467
vt 0.668664 0.028869
vt 0.670279 0.039820
vt 0.671193 0.051339
vt 0.670499 0.063330
vt 0.810206 0.593395
vt 0.351050 0.512302
vt 0.358314 0.511726
vt 0.349940 0.504716
vt 0.343191 0.505016
vt 0.674279 0.025404
vt 0.675392 0.036816
vt 0.331763 0.499917
vt 0.320464 0.495317
vt 0.328571 0.492861
vt 0.317038 0.488393
vt 0.308075 0.494233
vt 0.305020 0.486929
vt 0.298293 0.490492
vt 0.675185 0.070205
vt 0.006120 0.605544
vt 0.637084 0.129302
vt 0.644132 0.124042
vt 0.651016 0.116843
vt 0.658258 0.110381
vt 0.960826 0.828458
vt 0.960826 0.840164
vt 0.955130 0.834406
vt 0.670667 0.096085
vt 0.635949 0.138503
vt 0.642884 0.134627
vt 0.225022 0.352473
vt 0.649994 0.128231
vt 0.649173 0.140933
vt 0.219299 0.357651
vt 0.210495 0.353728
vt 0.656759 0.120849
vt 0.655916 0.132528
vt 0.655093 0.144809
vt 0.211425 0.361986
vt 0.335172 0.242857
vt 0.664719 0.103124
vt 0.663416 0.113757
vt 0.662017 0.124126
vt 0.661644 0.136366
vt 0.660498 0.147476
vt 0.974860 0.504675
vt 0.980825 0.511472
vt 0.670425 0.107142
vt 0.670383 0.119041
vt 0.668511 0.129270
vt 0.667351 0.140240
vt 0.987640 0.510602
vt 0.986270 0.518173
vt 0.279190 0.492060
vt 0.268815 0.496805
vt 0.272306 0.490105
vt 0.261294 0.495389
vt 0.675567 0.099756
vt 0.676417 0.111346
vt 0.675695 0.122621
vt 0.674228 0.133241
vt 0.746839 0.508634
vt 0.753019 0.503208
vt 0.753019 0.511696
vt 0.245131 0.006339
vt 0.245793 0.013630
vt 0.238342 0.016135
vt 0.240209 0.022813
vt 0.945658 0.566426
vt 0.952377 0.563609
vt 0.960281 0.559063
vt 0.968079 0.554059
vt 0.975654 0.549311
vt 0.982461 0.544678
vt 0.950997 0.572938
vt 0.958604 0.569733
vt 0.956952 0.579766
vt 0.966772 0.565123
vt 0.965074 0.575723
vt 0.963220 0.584560
vt 0.609600 0.822181
vt 0.974375 0.559611
vt 0.973023 0.570358
vt 0.971468 0.581134
vt 0.969367 0.589690
vt 0.961492 0.592137
vt 0.605601 0.828194
vt 0.982171 0.554874
vt 0.980365 0.564838
vt 0.979442 0.576033
vt 0.977664 0.586224
vt 0.608909 0.836496
vt 0.600049 0.834317
vt 0.234678 0.044628
vt 0.241635 0.048006
vt 0.236361 0.054737
vt 0.243552 0.058096
vt 0.987640 0.559899
vt 0.987249 0.570964
vt 0.985935 0.581799
vt 0.611130 0.845202
vt 0.602581 0.842466
vt 0.594188 0.840025
vt 0.585405 0.844864
vt 0.583372 0.852878
vt 0.575296 0.847631
vt 0.580559 0.861855
vt 0.571878 0.856066
vt 0.255857 0.589029
vt 0.261732 0.595884
vt 0.248023 0.596606
vt 0.263644 0.581499
vt 0.269214 0.589358
vt 0.272221 0.572025
vt 0.277422 0.580203
vt 0.284962 0.571936
vt 0.563849 0.850680
vt 0.567325 0.864691
vt 0.559262 0.859383
vt 0.550903 0.853615
vt 0.575308 0.869978
vt 0.562503 0.873681
vt 0.554177 0.868267
vt 0.545729 0.862330
vt 0.537425 0.856635
vt 0.283387 0.587722
vt 0.275372 0.596441
vt 0.289831 0.596606
vt 0.540232 0.871807
vt 0.532163 0.865000
vt 0.525954 0.857679
vt 0.290900 0.578912
vt 0.297477 0.587144
vt 0.303731 0.593973
vt 0.526786 0.873558
vt 0.520111 0.866303
vt 0.515206 0.859277
vt 0.297770 0.570622
vt 0.303896 0.577396
vt 0.310350 0.584541
vt 0.315230 0.589555
vt 0.515629 0.873681
vt 0.510238 0.866802
vt 0.505522 0.860686
vt 0.807428 0.674947
vt 0.811957 0.667898
vt 0.813843 0.677098
vt 0.800215 0.672470
vt 0.804937 0.665103
vt 0.321219 0.580051
vt 0.315293 0.573673
vt 0.308576 0.566694
vt 0.302208 0.560094
vt 0.798472 0.185462
vt 0.794702 0.176485
vt 0.799943 0.175046
vt 0.794702 0.166251
vt 0.809960 0.657654
vt 0.325532 0.584997
vt 0.332290 0.575672
vt 0.802809 0.653854
vt 0.809441 0.646294
vt 0.327634 0.569931
vt 0.336964 0.564659
vt 0.802164 0.641823
vt 0.807666 0.634649
vt 0.320173 0.562780
vt 0.332983 0.558748
vt 0.773051 0.490265
vt 0.773130 0.502758
vt 0.766428 0.497386
vt 0.766428 0.509461
vt 0.342092 0.553823
vt 0.346027 0.559802
vt 0.351318 0.549258
vt 0.806658 0.622826
vt 0.313567 0.556215
vt 0.326309 0.552071
vt 0.336823 0.547446
vt 0.346918 0.542938
vt 0.355118 0.538741
vt 0.806278 0.611577
vt 0.306814 0.549884
vt 0.318559 0.545602
vt 0.329684 0.541129
vt 0.340639 0.536635
vt 0.348883 0.532712
vt 0.356262 0.529137
vt 0.361520 0.535019
vt 0.350135 0.522545
vt 0.342670 0.525826
vt 0.332568 0.530087
vt 0.321532 0.534688
vt 0.308958 0.539740
vt 0.297426 0.544374
vt 0.343187 0.515257
vt 0.335484 0.517987
vt 0.335705 0.506903
vt 0.681263 0.033078
vt 0.323918 0.522727
vt 0.324469 0.511303
vt 0.322874 0.502226
vt 0.681516 0.045877
vt 0.311218 0.528174
vt 0.311938 0.516833
vt 0.311243 0.507271
vt 0.310099 0.499297
vt 0.119547 0.244750
vt 0.125131 0.242287
vt 0.124902 0.254731
vt 0.298645 0.533767
vt 0.299591 0.522548
vt 0.299813 0.512197
vt 0.299476 0.503544
vt 0.298706 0.497067
vt 0.119547 0.233335
vt 0.287448 0.538638
vt 0.287951 0.528203
vt 0.288523 0.517127
vt 0.288749 0.507904
vt 0.288793 0.500554
vt 0.288771 0.494543
vt 0.678553 0.079847
vt 0.593939 0.847776
vt 0.602792 0.851007
vt 0.212998 0.575929
vt 0.221490 0.580227
vt 0.215471 0.586684
vt 0.212815 0.564890
vt 0.219523 0.569047
vt 0.042407 0.039010
vt 0.048765 0.041668
vt 0.043698 0.049159
vt 0.245793 0.040072
vt 0.592531 0.856822
vt 0.224404 0.591320
vt 0.231051 0.584637
vt 0.235340 0.594994
vt 0.243233 0.587415
vt 0.228116 0.573280
vt 0.238446 0.577333
vt 0.251063 0.579906
vt 0.218486 0.558241
vt 0.225868 0.562044
vt 0.235986 0.565640
vt 0.247506 0.568904
vt 0.259889 0.571345
vt 0.046749 0.031775
vt 0.053628 0.033834
vt 0.225106 0.551212
vt 0.233520 0.554552
vt 0.245418 0.557527
vt 0.257063 0.560381
vt 0.268555 0.562884
vt 0.045137 0.023095
vt 0.052414 0.023986
vt 0.224234 0.541304
vt 0.231708 0.543984
vt 0.242871 0.547008
vt 0.254303 0.549970
vt 0.265774 0.552699
vt 0.278530 0.497597
vt 0.277817 0.504492
vt 0.277145 0.513298
vt 0.276809 0.524493
vt 0.276377 0.535108
vt 0.276369 0.545801
vt 0.267046 0.502102
vt 0.680380 0.090163
vt 0.681516 0.101718
vt 0.265502 0.509841
vt 0.255532 0.508930
vt 0.257287 0.501070
vt 0.246055 0.507501
vt 0.265269 0.521041
vt 0.253872 0.517953
vt 0.244281 0.516282
vt 0.235467 0.514716
vt 0.264317 0.531361
vt 0.252743 0.528254
vt 0.242738 0.525931
vt 0.233021 0.523557
vt 0.226978 0.522680
vt 0.265243 0.542759
vt 0.253264 0.539487
vt 0.242856 0.536612
vt 0.232834 0.533845
vt 0.224023 0.531405
vt 0.048769 0.014543
vt 0.042407 0.014107
vt 0.043379 0.006599
vt 0.868728 0.355495
vt 0.869650 0.348517
vt 0.875317 0.354809
vt 0.879358 0.298233
vt 0.878152 0.302203
vt 0.872295 0.298556
vt 0.871862 0.362176
vt 0.863984 0.360314
vt 0.862797 0.351852
vt 0.531111 0.954971
vt 0.529333 0.948157
vt 0.534471 0.951037
vt 0.924617 0.348470
vt 0.921584 0.341577
vt 0.927955 0.343276
vt 0.926541 0.223596
vt 0.924779 0.219015
vt 0.929871 0.218604
vt 0.927439 0.286472
vt 0.926474 0.280019
vt 0.931310 0.283886
vt 0.965295 0.871345
vt 0.965295 0.878150
vt 0.960608 0.874748
vt 0.534961 0.959509
vt 0.928837 0.352393
vt 0.930546 0.225664
vt 0.930878 0.291218
vt 0.963342 0.866719
vt 0.832961 0.887749
vt 0.828306 0.884923
vt 0.835761 0.883399
vt 0.900501 0.895611
vt 0.892658 0.894495
vt 0.898147 0.890734
vt 0.392649 0.845322
vt 0.395067 0.851972
vt 0.389029 0.847359
vt 0.335326 0.811653
vt 0.342612 0.812585
vt 0.335536 0.816361
vt 0.282565 0.848934
vt 0.286344 0.843190
vt 0.286632 0.850865
vt 0.331853 0.866199
vt 0.338850 0.860952
vt 0.339554 0.868214
vt 0.323326 0.863866
vt 0.330602 0.858337
vt 0.314525 0.861217
vt 0.321610 0.855424
vt 0.306946 0.858451
vt 0.312262 0.852348
vt 0.300238 0.855838
vt 0.305260 0.849853
vt 0.293111 0.853281
vt 0.298500 0.847473
vt 0.290985 0.844904
vt 0.338034 0.852825
vt 0.329645 0.849798
vt 0.337372 0.844496
vt 0.320730 0.846601
vt 0.329029 0.841344
vt 0.336727 0.836177
vt 0.311322 0.843245
vt 0.320553 0.838319
vt 0.328684 0.833477
vt 0.336265 0.828873
vt 0.304356 0.841166
vt 0.311995 0.835315
vt 0.321208 0.831535
vt 0.328471 0.826257
vt 0.335903 0.822481
vt 0.297493 0.839033
vt 0.303105 0.832125
vt 0.312609 0.828053
vt 0.320802 0.823839
vt 0.328158 0.819136
vt 0.291143 0.837069
vt 0.296276 0.830324
vt 0.304765 0.825516
vt 0.313559 0.821894
vt 0.320860 0.817223
vt 0.328447 0.814332
vt 0.346738 0.865503
vt 0.346463 0.857742
vt 0.346032 0.849090
vt 0.345483 0.839960
vt 0.344657 0.832476
vt 0.343913 0.825558
vt 0.343261 0.818355
vt 0.354845 0.862619
vt 0.355253 0.854041
vt 0.363889 0.859319
vt 0.354693 0.845072
vt 0.363366 0.850599
vt 0.371553 0.855898
vt 0.353637 0.836856
vt 0.362300 0.842212
vt 0.370441 0.847589
vt 0.378714 0.852643
vt 0.352661 0.829068
vt 0.361320 0.834074
vt 0.369770 0.839245
vt 0.378303 0.844258
vt 0.385000 0.849665
vt 0.351689 0.821878
vt 0.360369 0.826199
vt 0.368588 0.831451
vt 0.376827 0.836462
vt 0.383240 0.842147
vt 0.350466 0.816637
vt 0.358942 0.819737
vt 0.367371 0.824069
vt 0.375637 0.828821
vt 0.383450 0.833869
vt 0.388332 0.839977
vt 0.344842 0.873842
vt 0.352778 0.871161
vt 0.361910 0.868447
vt 0.370859 0.865024
vt 0.377842 0.861335
vt 0.384448 0.857928
vt 0.391027 0.854714
vt 0.350682 0.879751
vt 0.359675 0.877616
vt 0.356810 0.885746
vt 0.368961 0.874580
vt 0.366392 0.883840
vt 0.362751 0.891263
vt 0.377360 0.870830
vt 0.374697 0.880030
vt 0.372129 0.889096
vt 0.368067 0.895897
vt 0.384319 0.866904
vt 0.383491 0.876538
vt 0.381373 0.886055
vt 0.377108 0.893630
vt 0.901245 0.882514
vt 0.895508 0.885366
vt 0.892467 0.879507
vt 0.389836 0.863185
vt 0.389491 0.872223
vt 0.388115 0.881516
vt 0.386438 0.890981
vt 0.910286 0.885823
vt 0.903613 0.888506
vt 0.395271 0.859852
vt 0.395503 0.868426
vt 0.394286 0.877292
vt 0.392593 0.886251
vt 0.389274 0.894217
vt 0.911870 0.891822
vt 0.905725 0.893856
vt 0.335664 0.873831
vt 0.340922 0.879880
vt 0.346804 0.886411
vt 0.352741 0.891908
vt 0.358862 0.897795
vt 0.372321 0.899248
vt 0.364549 0.902729
vt 0.890331 0.889251
vt 0.331319 0.880158
vt 0.336793 0.885983
vt 0.327024 0.886204
vt 0.342540 0.891399
vt 0.332685 0.891634
vt 0.322962 0.891793
vt 0.348457 0.897554
vt 0.338431 0.896848
vt 0.328582 0.897274
vt 0.319406 0.896543
vt 0.887804 0.883096
vt 0.877427 0.882260
vt 0.883373 0.877485
vt 0.872989 0.876654
vt 0.867484 0.881374
vt 0.862963 0.876142
vt 0.344148 0.901932
vt 0.334289 0.902729
vt 0.324637 0.902526
vt 0.316210 0.900757
vt 0.881010 0.888147
vt 0.871778 0.886881
vt 0.862302 0.885625
vt 0.857675 0.880038
vt 0.852863 0.884636
vt 0.848063 0.879150
vt 0.844030 0.883984
vt 0.839655 0.879052
vt 0.883933 0.893472
vt 0.875772 0.892103
vt 0.866611 0.891120
vt 0.857316 0.889708
vt 0.465313 0.853571
vt 0.464135 0.844306
vt 0.469241 0.847484
vt 0.469241 0.838528
vt 0.465050 0.835822
vt 0.839827 0.888058
vt 0.327153 0.872259
vt 0.322517 0.878440
vt 0.317355 0.885255
vt 0.313626 0.890571
vt 0.310551 0.895094
vt 0.830674 0.879930
vt 0.317906 0.870084
vt 0.312577 0.876634
vt 0.308529 0.867440
vt 0.307710 0.883074
vt 0.303265 0.873872
vt 0.301499 0.864295
vt 0.304505 0.888290
vt 0.299483 0.879765
vt 0.295852 0.870507
vt 0.294676 0.861406
vt 0.307430 0.899603
vt 0.301810 0.892911
vt 0.296792 0.884910
vt 0.574728 0.953054
vt 0.573308 0.943833
vt 0.578730 0.946575
vt 0.577259 0.937102
vt 0.571887 0.934904
vt 0.290314 0.867134
vt 0.288211 0.858693
vt 0.570667 0.972770
vt 0.570603 0.965963
vt 0.574990 0.969078
vt 0.575177 0.961630
vt 0.570103 0.958154
vt 0.569429 0.949910
vt 0.568555 0.941392
vt 0.976654 0.392905
vt 0.980936 0.398053
vt 0.976654 0.402206
vt 0.567181 0.932918
vt 0.285079 0.864146
vt 0.282976 0.856183
vt 0.565756 0.924890
vt 0.564016 0.917825
vt 0.568399 0.918728
vt 0.559678 0.913664
vt 0.564552 0.911895
vt 0.554627 0.910140
vt 0.559949 0.907314
vt 0.549414 0.905719
vt 0.554764 0.902726
vt 0.544021 0.902746
vt 0.549144 0.897311
vt 0.538532 0.899152
vt 0.543222 0.893677
vt 0.944514 0.488130
vt 0.950043 0.485643
vt 0.949052 0.493609
vt 0.940344 0.482300
vt 0.945510 0.480952
vt 0.564963 0.905679
vt 0.560166 0.900566
vt 0.565447 0.898809
vt 0.797709 0.884046
vt 0.793317 0.887790
vt 0.793317 0.878731
vt 0.554672 0.896036
vt 0.560419 0.893115
vt 0.296904 0.823318
vt 0.955422 0.491582
vt 0.960895 0.486195
vt 0.959724 0.494950
vt 0.796467 0.893791
vt 0.548858 0.891096
vt 0.554581 0.888815
vt 0.299391 0.817278
vt 0.305845 0.818448
vt 0.955792 0.481633
vt 0.961296 0.476425
vt 0.966267 0.480475
vt 0.966120 0.470486
vt 0.308593 0.812771
vt 0.315637 0.816019
vt 0.951009 0.477344
vt 0.956583 0.472596
vt 0.961665 0.466990
vt 0.965655 0.461020
vt 0.317482 0.809103
vt 0.323314 0.811862
vt 0.941301 0.476286
vt 0.946437 0.473117
vt 0.951314 0.468118
vt 0.956324 0.463003
vt 0.961222 0.457694
vt 0.965263 0.452318
vt 0.325635 0.805663
vt 0.330884 0.809197
vt 0.965921 0.438898
vt 0.969764 0.436025
vt 0.969684 0.443109
vt 0.961809 0.434271
vt 0.965201 0.431476
vt 0.956729 0.429731
vt 0.960316 0.426650
vt 0.951075 0.425496
vt 0.954887 0.421847
vt 0.945572 0.420585
vt 0.949144 0.417041
vt 0.939414 0.418729
vt 0.942951 0.413510
vt 0.935472 0.287545
vt 0.935075 0.295092
vt 0.347665 0.811241
vt 0.353039 0.809853
vt 0.355903 0.815175
vt 0.949606 0.299491
vt 0.954905 0.294776
vt 0.954193 0.301655
vt 0.361780 0.813562
vt 0.945185 0.322320
vt 0.940759 0.324578
vt 0.941846 0.315879
vt 0.365303 0.817670
vt 0.944796 0.297003
vt 0.950164 0.292211
vt 0.955676 0.287604
vt 0.945185 0.330703
vt 0.960943 0.282457
vt 0.960482 0.290436
vt 0.374013 0.822535
vt 0.939489 0.300866
vt 0.939867 0.293112
vt 0.945236 0.289318
vt 0.950337 0.283565
vt 0.955756 0.279012
vt 0.961239 0.274289
vt 0.382449 0.827695
vt 0.559604 0.263352
vt 0.559680 0.256614
vt 0.565323 0.261280
vt 0.940251 0.285139
vt 0.945454 0.280349
vt 0.950812 0.275846
vt 0.955866 0.270797
vt 0.960396 0.265751
vt 0.965295 0.268809
vt 0.964032 0.260953
vt 0.553698 0.263668
vt 0.553904 0.258175
vt 0.553698 0.251235
vt 0.940629 0.277541
vt 0.945764 0.272317
vt 0.950778 0.267492
vt 0.955425 0.262698
vt 0.959481 0.258164
vt 0.962940 0.254062
vt 0.959845 0.249618
vt 0.964333 0.247135
vt 0.955608 0.244896
vt 0.960339 0.242244
vt 0.950746 0.240042
vt 0.956093 0.236587
vt 0.945400 0.235719
vt 0.950658 0.231717
vt 0.940104 0.231029
vt 0.945059 0.227188
vt 0.934986 0.227741
vt 0.939520 0.223023
vt 0.934400 0.220559
vt 0.964792 0.239813
vt 0.960746 0.234198
vt 0.965295 0.231845
vt 0.955795 0.228680
vt 0.960696 0.226113
vt 0.965163 0.224090
vt 0.950223 0.223760
vt 0.955409 0.220668
vt 0.960042 0.218812
vt 0.964822 0.216409
vt 0.944658 0.217994
vt 0.949614 0.216310
vt 0.954692 0.213462
vt 0.959278 0.211856
vt 0.963705 0.210186
vt 0.938953 0.215709
vt 0.364220 0.799943
vt 0.359883 0.797540
vt 0.364220 0.792997
vt 0.357743 0.791466
vt 0.943891 0.212630
vt 0.948899 0.209554
vt 0.953857 0.206897
vt 0.915204 0.902602
vt 0.910436 0.898000
vt 0.915442 0.896286
vt 0.933957 0.214244
vt 0.938414 0.208969
vt 0.943233 0.207051
vt 0.915130 0.913048
vt 0.912118 0.908453
vt 0.917848 0.907280
vt 0.908483 0.903894
vt 0.904454 0.899571
vt 0.897043 0.899835
vt 0.893879 0.904530
vt 0.889334 0.898768
vt 0.889723 0.909644
vt 0.885238 0.903583
vt 0.884827 0.914985
vt 0.880234 0.908703
vt 0.879136 0.919974
vt 0.874775 0.913942
vt 0.872970 0.923526
vt 0.869028 0.918950
vt 0.867473 0.926769
vt 0.863378 0.922784
vt 0.880499 0.897627
vt 0.398820 0.984837
vt 0.404441 0.991845
vt 0.398820 0.992109
vt 0.875721 0.902508
vt 0.871045 0.896458
vt 0.870167 0.907552
vt 0.865666 0.901311
vt 0.861331 0.895291
vt 0.864503 0.912791
vt 0.860016 0.906360
vt 0.855385 0.900159
vt 0.851580 0.894139
vt 0.848030 0.888655
vt 0.858860 0.917520
vt 0.854442 0.911266
vt 0.850342 0.904966
vt 0.846133 0.898955
vt 0.842775 0.893246
vt 0.858316 0.926016
vt 0.853679 0.921566
vt 0.849717 0.915276
vt 0.845524 0.909462
vt 0.841557 0.903608
vt 0.837837 0.897876
vt 0.835103 0.892522
vt 0.828126 0.890606
vt 0.822291 0.893707
vt 0.823295 0.887915
vt 0.556456 0.973694
vt 0.561336 0.969341
vt 0.561858 0.976575
vt 0.550991 0.971834
vt 0.555779 0.966505
vt 0.545241 0.968174
vt 0.550011 0.963772
vt 0.539941 0.963542
vt 0.544187 0.959675
vt 0.538944 0.955255
vt 0.566200 0.971107
vt 0.566009 0.964021
vt 0.560812 0.961635
vt 0.565429 0.955819
vt 0.554897 0.958114
vt 0.560097 0.953050
vt 0.564592 0.947046
vt 0.548986 0.954341
vt 0.553888 0.949123
vt 0.558842 0.943627
vt 0.563323 0.938058
vt 0.543430 0.950274
vt 0.548014 0.945211
vt 0.552716 0.939962
vt 0.557442 0.934652
vt 0.561795 0.929573
vt 0.538326 0.946576
vt 0.542593 0.941695
vt 0.547063 0.936588
vt 0.551667 0.931422
vt 0.556232 0.926296
vt 0.560394 0.921733
vt 0.967415 0.447424
vt 0.963359 0.443135
vt 0.960272 0.448001
vt 0.956192 0.453482
vt 0.951430 0.459253
vt 0.945890 0.464493
vt 0.940606 0.468909
vt 0.958428 0.438626
vt 0.955183 0.443247
vt 0.953139 0.433805
vt 0.950624 0.448831
vt 0.948602 0.438881
vt 0.947125 0.429300
vt 0.945061 0.454651
vt 0.943623 0.444412
vt 0.942060 0.435123
vt 0.940828 0.425824
vt 0.939629 0.459876
vt 0.938563 0.450031
vt 0.937262 0.440316
vt 0.936075 0.431151
vt 0.934943 0.422136
vt 0.929316 0.297492
vt 0.935911 0.471840
vt 0.934828 0.464178
vt 0.933648 0.455341
vt 0.932463 0.445861
vt 0.931372 0.436525
vt 0.930308 0.427426
vt 0.929701 0.420707
vt 0.933977 0.415868
vt 0.929116 0.414591
vt 0.955429 0.253937
vt 0.950870 0.258515
vt 0.945905 0.263484
vt 0.940512 0.268693
vt 0.935731 0.280707
vt 0.935235 0.273097
vt 0.930827 0.276333
vt 0.950929 0.249213
vt 0.945782 0.253952
vt 0.945691 0.244390
vt 0.940399 0.258913
vt 0.940293 0.249193
vt 0.940191 0.239731
vt 0.934917 0.263943
vt 0.934719 0.254168
vt 0.934655 0.244412
vt 0.934842 0.235746
vt 0.103366 0.706464
vt 0.109139 0.708390
vt 0.103366 0.712759
vt 0.109489 0.715033
vt 0.929901 0.268528
vt 0.929259 0.259270
vt 0.929165 0.249511
vt 0.929381 0.240263
vt 0.929850 0.232145
vt 0.925745 0.272311
vt 0.924785 0.263951
vt 0.924389 0.254718
vt 0.924118 0.245251
vt 0.924613 0.236616
vt 0.925725 0.229802
vt 0.901415 0.904234
vt 0.906392 0.909220
vt 0.908623 0.913774
vt 0.918371 0.917809
vt 0.912542 0.918976
vt 0.932567 0.208230
vt 0.928292 0.213484
vt 0.898243 0.909512
vt 0.902105 0.914712
vt 0.893290 0.914806
vt 0.905090 0.919719
vt 0.896847 0.920194
vt 0.888115 0.920354
vt 0.937468 0.204316
vt 0.914040 0.923209
vt 0.907554 0.924479
vt 0.898691 0.924491
vt 0.890753 0.925216
vt 0.881803 0.924849
vt 0.926386 0.207277
vt 0.909657 0.928976
vt 0.901613 0.929543
vt 0.892552 0.929179
vt 0.923889 0.383761
vt 0.922947 0.378594
vt 0.928917 0.375279
vt 0.926775 0.369766
vt 0.884199 0.929317
vt 0.875729 0.928895
vt 0.922848 0.213983
vt 0.907935 0.396798
vt 0.913582 0.390469
vt 0.915263 0.396664
vt 0.919813 0.388116
vt 0.916845 0.381391
vt 0.920170 0.372718
vt 0.923983 0.364425
vt 0.929543 0.360875
vt 0.924547 0.355924
vt 0.830778 0.895871
vt 0.833090 0.901594
vt 0.836786 0.907687
vt 0.840195 0.914319
vt 0.845267 0.920035
vt 0.923556 0.335793
vt 0.929543 0.337670
vt 0.825638 0.899454
vt 0.818366 0.897355
vt 0.827274 0.905773
vt 0.819790 0.903418
vt 0.812719 0.901142
vt 0.830758 0.912493
vt 0.822354 0.910093
vt 0.814732 0.907596
vt 0.545890 0.975748
vt 0.835344 0.919074
vt 0.825826 0.917127
vt 0.989874 0.835695
vt 0.983348 0.832035
vt 0.989874 0.829003
vt 0.818491 0.914226
vt 0.540547 0.978702
vt 0.540276 0.970487
vt 0.924463 0.329752
vt 0.850360 0.924936
vt 0.841245 0.924330
vt 0.831484 0.923211
vt 0.914815 0.317946
vt 0.906657 0.311276
vt 0.914301 0.311339
vt 0.905961 0.304716
vt 0.899338 0.304294
vt 0.534943 0.973582
vt 0.534845 0.966358
vt 0.855243 0.928684
vt 0.846337 0.929543
vt 0.837798 0.928007
vt 0.919796 0.327149
vt 0.913967 0.325176
vt 0.907068 0.317808
vt 0.900605 0.309867
vt 0.522868 0.987640
vt 0.518600 0.986034
vt 0.522868 0.979609
vt 0.892871 0.304811
vt 0.891632 0.299482
vt 0.885913 0.300047
vt 0.530191 0.961747
vt 0.555602 0.917567
vt 0.550981 0.922444
vt 0.546175 0.927741
vt 0.541618 0.933315
vt 0.536879 0.938569
vt 0.532935 0.943576
vt 0.550191 0.913921
vt 0.545394 0.918978
vt 0.544631 0.910336
vt 0.540588 0.924401
vt 0.539824 0.915675
vt 0.539219 0.907455
vt 0.535894 0.929880
vt 0.535131 0.921195
vt 0.534054 0.912001
vt 0.533996 0.904717
vt 0.942569 0.494176
vt 0.531522 0.935299
vt 0.530834 0.926827
vt 0.529962 0.918234
vt 0.616716 0.145677
vt 0.616716 0.154179
vt 0.612213 0.148719
vt 0.940370 0.500523
vt 0.936199 0.494241
vt 0.938411 0.488139
vt 0.528030 0.940394
vt 0.864695 0.300618
vt 0.857030 0.303834
vt 0.860363 0.297808
vt 0.527120 0.932278
vt 0.526095 0.923966
vt 0.525645 0.915985
vt 0.529765 0.910492
vt 0.525556 0.908623
vt 0.932475 0.489446
vt 0.934801 0.483470
vt 0.936838 0.477775
vt 0.932028 0.476637
vt 0.926387 0.475275
vt 0.930662 0.469561
vt 0.920549 0.472457
vt 0.924921 0.466742
vt 0.842121 0.338562
vt 0.836224 0.343398
vt 0.836233 0.334338
vt 0.848396 0.342965
vt 0.842362 0.347898
vt 0.856144 0.347723
vt 0.849785 0.352488
vt 0.857497 0.356604
vt 0.929199 0.461167
vt 0.918722 0.463571
vt 0.923484 0.457518
vt 0.361986 0.937633
vt 0.361986 0.946976
vt 0.356428 0.942287
vt 0.356767 0.951888
vt 0.927931 0.451669
vt 0.836919 0.353239
vt 0.917079 0.453857
vt 0.921803 0.447772
vt 0.926728 0.441981
vt 0.843414 0.357929
vt 0.837628 0.363598
vt 0.915338 0.443634
vt 0.921048 0.438190
vt 0.319530 0.640648
vt 0.313493 0.644625
vt 0.314336 0.634756
vt 0.925529 0.432239
vt 0.851862 0.361895
vt 0.846139 0.367509
vt 0.840255 0.373394
vt 0.914637 0.433793
vt 0.920136 0.428871
vt 0.319530 0.650233
vt 0.392192 0.178357
vt 0.397737 0.178357
vt 0.397281 0.185462
vt 0.207712 0.882619
vt 0.207516 0.873695
vt 0.212275 0.880990
vt 0.212275 0.872577
vt 0.858959 0.365544
vt 0.853551 0.371206
vt 0.848631 0.376505
vt 0.843747 0.381786
vt 0.914637 0.425251
vt 0.919875 0.421030
vt 0.925404 0.425152
vt 0.924837 0.417842
vt 0.209475 0.866027
vt 0.925864 0.410588
vt 0.417414 0.966327
vt 0.410990 0.966168
vt 0.416420 0.961198
vt 0.417848 0.971998
vt 0.410990 0.971690
vt 0.852245 0.384388
vt 0.856972 0.379265
vt 0.861993 0.373683
vt 0.867069 0.367873
vt 0.685656 0.949653
vt 0.681663 0.943359
vt 0.685985 0.941963
vt 0.681663 0.935375
vt 0.131675 0.815320
vt 0.125253 0.809190
vt 0.131834 0.808961
vt 0.126872 0.803380
vt 0.920780 0.269221
vt 0.848519 0.388182
vt 0.131834 0.822288
vt 0.124960 0.816150
vt 0.915885 0.265357
vt 0.920141 0.259927
vt 0.860819 0.387573
vt 0.855672 0.393394
vt 0.864829 0.396616
vt 0.860360 0.400154
vt 0.915192 0.255533
vt 0.919761 0.250235
vt 0.865666 0.382461
vt 0.870083 0.389960
vt 0.874459 0.398140
vt 0.869512 0.402981
vt 0.878805 0.404338
vt 0.873946 0.408881
vt 0.882746 0.408910
vt 0.870825 0.376055
vt 0.875042 0.383999
vt 0.879332 0.391263
vt 0.883875 0.400109
vt 0.762272 0.985614
vt 0.768661 0.985614
vt 0.763088 0.992108
vt 0.887517 0.404419
vt 0.920684 0.232269
vt 0.875581 0.369857
vt 0.879720 0.377610
vt 0.884062 0.385566
vt 0.888307 0.392926
vt 0.891873 0.398384
vt 0.894685 0.402177
vt 0.922190 0.225867
vt 0.899890 0.397642
vt 0.897138 0.393072
vt 0.892821 0.385611
vt 0.888347 0.377848
vt 0.883816 0.369943
vt 0.879326 0.362006
vt 0.902160 0.401385
vt 0.905225 0.391525
vt 0.901922 0.385316
vt 0.909588 0.383292
vt 0.897276 0.377372
vt 0.906222 0.376530
vt 0.914253 0.375019
vt 0.892599 0.369445
vt 0.901127 0.368370
vt 0.909655 0.367286
vt 0.917391 0.365940
vt 0.887638 0.361419
vt 0.896055 0.360490
vt 0.904723 0.359536
vt 0.913428 0.358516
vt 0.919851 0.357210
vt 0.882868 0.354017
vt 0.890902 0.353069
vt 0.899072 0.352063
vt 0.907595 0.351021
vt 0.914418 0.350056
vt 0.920963 0.349139
vt 0.929508 0.482196
vt 0.930067 0.494408
vt 0.926732 0.488108
vt 0.849121 0.306911
vt 0.847258 0.314477
vt 0.841858 0.311115
vt 0.854332 0.309328
vt 0.862620 0.306413
vt 0.870622 0.304065
vt 0.923152 0.481392
vt 0.839146 0.317888
vt 0.844167 0.321034
vt 0.836208 0.325111
vt 0.842117 0.329258
vt 0.852441 0.317267
vt 0.850353 0.325242
vt 0.848286 0.333587
vt 0.860708 0.313730
vt 0.858790 0.321556
vt 0.856756 0.329623
vt 0.855941 0.338941
vt 0.868794 0.310130
vt 0.867125 0.318198
vt 0.865241 0.325899
vt 0.864008 0.335165
vt 0.863262 0.344056
vt 0.876717 0.308417
vt 0.875182 0.315490
vt 0.873562 0.322769
vt 0.872039 0.331715
vt 0.870694 0.340441
vt 0.916947 0.341823
vt 0.910505 0.342411
vt 0.902343 0.343414
vt 0.893142 0.344815
vt 0.885049 0.345842
vt 0.876764 0.347405
vt 0.919727 0.333125
vt 0.912897 0.333478
vt 0.905036 0.334153
vt 0.906474 0.325457
vt 0.895413 0.335981
vt 0.897717 0.326660
vt 0.899264 0.318052
vt 0.887013 0.337061
vt 0.888889 0.328089
vt 0.890530 0.319456
vt 0.891774 0.311828
vt 0.878537 0.338473
vt 0.880443 0.328747
vt 0.882004 0.320586
vt 0.883370 0.313401
vt 0.885074 0.304584
vt 0.525556 0.961589
vt 0.526948 0.954377
vt 0.556922 0.076504
vt 0.552477 0.084508
vt 0.549201 0.073810
vt 0.974310 0.718236
vt 0.979159 0.720117
vt 0.974361 0.725901
vt 0.556314 0.066889
vt 0.564010 0.073224
vt 0.561616 0.084083
vt 0.969537 0.721092
vt 0.729575 0.583542
vt 0.728858 0.574385
vt 0.734194 0.578546
vt 0.864936 0.726514
vt 0.862959 0.721567
vt 0.869425 0.721904
vt 0.504992 0.938202
vt 0.501749 0.945185
vt 0.499390 0.938222
vt 0.840170 0.446282
vt 0.838758 0.455033
vt 0.833867 0.448264
vt 0.824523 0.381334
vt 0.822114 0.386565
vt 0.818889 0.377709
vt 0.732887 0.589447
vt 0.869622 0.728266
vt 0.504992 0.930960
vt 0.837251 0.440389
vt 0.778818 0.545933
vt 0.782161 0.539602
vt 0.784603 0.548207
vt 0.771088 0.624846
vt 0.772411 0.617244
vt 0.776777 0.622802
vt 0.711719 0.208885
vt 0.719172 0.212259
vt 0.710746 0.216853
vt 0.642129 0.255020
vt 0.649754 0.248950
vt 0.647024 0.257288
vt 0.646730 0.330866
vt 0.643540 0.323599
vt 0.652308 0.326227
vt 0.695002 0.287215
vt 0.694046 0.277091
vt 0.701867 0.280217
vt 0.687415 0.295157
vt 0.686382 0.284505
vt 0.679701 0.302305
vt 0.677931 0.292547
vt 0.672306 0.308872
vt 0.669786 0.300054
vt 0.664541 0.316119
vt 0.661651 0.307545
vt 0.658429 0.321048
vt 0.655017 0.313445
vt 0.648703 0.319083
vt 0.685437 0.273768
vt 0.676931 0.281244
vt 0.676471 0.270107
vt 0.668102 0.289159
vt 0.667288 0.277530
vt 0.667274 0.266331
vt 0.659713 0.296862
vt 0.657670 0.285600
vt 0.657264 0.273661
vt 0.658904 0.262756
vt 0.652916 0.303369
vt 0.650170 0.292978
vt 0.648330 0.281487
vt 0.649586 0.269810
vt 0.652628 0.259866
vt 0.647514 0.308700
vt 0.644711 0.299098
vt 0.643789 0.288076
vt 0.642050 0.277178
vt 0.643284 0.266351
vt 0.641005 0.314818
vt 0.639309 0.304879
vt 0.636410 0.295124
vt 0.636389 0.284056
vt 0.636709 0.273359
vt 0.840164 0.165300
vt 0.840164 0.175839
vt 0.834918 0.173233
vt 0.835437 0.183227
vt 0.640940 0.263801
vt 0.703656 0.271015
vt 0.695487 0.267359
vt 0.686611 0.263381
vt 0.677304 0.259351
vt 0.667579 0.255139
vt 0.659439 0.251966
vt 0.653573 0.249986
vt 0.705121 0.261313
vt 0.697044 0.256707
vt 0.706888 0.250980
vt 0.688031 0.252755
vt 0.698502 0.246370
vt 0.708424 0.240729
vt 0.678738 0.248578
vt 0.689379 0.241164
vt 0.699974 0.235961
vt 0.709822 0.230726
vt 0.669398 0.244570
vt 0.679941 0.237056
vt 0.691021 0.231879
vt 0.701239 0.226790
vt 0.710251 0.223592
vt 0.662616 0.243064
vt 0.672262 0.236101
vt 0.682184 0.228773
vt 0.692529 0.222617
vt 0.702312 0.218868
vt 0.858040 0.125409
vt 0.858040 0.134897
vt 0.853407 0.133189
vt 0.854895 0.143007
vt 0.364220 0.994343
vt 0.358029 0.994343
vt 0.359915 0.987129
vt 0.657359 0.242263
vt 0.665143 0.234587
vt 0.674199 0.227153
vt 0.684079 0.220822
vt 0.693954 0.215516
vt 0.703401 0.210939
vt 0.710964 0.277483
vt 0.713146 0.267442
vt 0.714915 0.256961
vt 0.716255 0.246710
vt 0.717650 0.236470
vt 0.717819 0.228503
vt 0.717914 0.221424
vt 0.720479 0.274222
vt 0.722698 0.263751
vt 0.728681 0.270794
vt 0.724019 0.253343
vt 0.730665 0.260547
vt 0.737818 0.267334
vt 0.726161 0.242267
vt 0.732284 0.250227
vt 0.739380 0.257117
vt 0.744619 0.264216
vt 0.726517 0.232982
vt 0.734818 0.239082
vt 0.742752 0.245863
vt 0.747082 0.254040
vt 0.786353 0.625909
vt 0.782843 0.619344
vt 0.789926 0.616057
vt 0.726205 0.225239
vt 0.735716 0.229152
vt 0.744027 0.235411
vt 0.750785 0.242845
vt 0.782987 0.637254
vt 0.779412 0.628763
vt 0.726339 0.217557
vt 0.734519 0.222052
vt 0.742813 0.227331
vt 0.750717 0.233481
vt 0.778372 0.645132
vt 0.775714 0.638053
vt 0.773214 0.630890
vt 0.705136 0.287354
vt 0.714867 0.285018
vt 0.724985 0.281923
vt 0.734466 0.278339
vt 0.743115 0.274669
vt 0.749251 0.261653
vt 0.750176 0.271125
vt 0.600088 0.986869
vt 0.605544 0.979870
vt 0.605544 0.987640
vt 0.708516 0.294872
vt 0.717919 0.292285
vt 0.712221 0.303061
vt 0.728023 0.289450
vt 0.721111 0.299668
vt 0.592137 0.906576
vt 0.592137 0.917752
vt 0.585696 0.912164
vt 0.737618 0.285983
vt 0.731220 0.297013
vt 0.723797 0.306508
vt 0.714270 0.308531
vt 0.717156 0.315350
vt 0.786084 0.611532
vt 0.788199 0.600119
vt 0.793240 0.606322
vt 0.746756 0.282327
vt 0.741836 0.294067
vt 0.734298 0.304475
vt 0.727653 0.314693
vt 0.720568 0.323145
vt 0.778712 0.614736
vt 0.781169 0.605589
vt 0.783184 0.593880
vt 0.750785 0.290208
vt 0.783927 0.581043
vt 0.789908 0.587514
vt 0.790215 0.574808
vt 0.784412 0.568936
vt 0.790804 0.562698
vt 0.785106 0.557301
vt 0.790686 0.551917
vt 0.774245 0.609573
vt 0.775858 0.599077
vt 0.777229 0.587188
vt 0.778100 0.575081
vt 0.778607 0.563887
vt 0.778918 0.553918
vt 0.698216 0.295611
vt 0.701681 0.304315
vt 0.586802 0.922840
vt 0.707317 0.316815
vt 0.710630 0.324779
vt 0.788552 0.541737
vt 0.690287 0.304170
vt 0.704586 0.310758
vt 0.693535 0.313615
vt 0.682075 0.311898
vt 0.696778 0.319330
vt 0.965295 0.395216
vt 0.965295 0.406675
vt 0.958551 0.400909
vt 0.967529 0.653102
vt 0.967529 0.663640
vt 0.961024 0.659944
vt 0.685378 0.319378
vt 0.674580 0.317777
vt 0.699935 0.326241
vt 0.688705 0.326233
vt 0.677621 0.325558
vt 0.667520 0.323409
vt 0.713194 0.330483
vt 0.702829 0.331810
vt 0.691908 0.333906
vt 0.680934 0.332364
vt 0.670518 0.330725
vt 0.660429 0.329485
vt 0.785470 0.533616
vt 0.983171 0.259200
vt 0.977815 0.255185
vt 0.983171 0.250037
vt 0.821861 0.755566
vt 0.815844 0.759884
vt 0.817424 0.750195
vt 0.695045 0.338052
vt 0.929969 0.699211
vt 0.928002 0.708913
vt 0.923270 0.703813
vt 0.684300 0.338145
vt 0.673394 0.338524
vt 0.663246 0.336935
vt 0.654600 0.333750
vt 0.640668 0.329004
vt 0.930882 0.759266
vt 0.924116 0.759161
vt 0.926798 0.752324
vt 0.294831 0.921476
vt 0.296094 0.913234
vt 0.301481 0.919168
vt 0.080051 0.941156
vt 0.080432 0.933590
vt 0.086969 0.937676
vt 0.830684 0.427959
vt 0.823060 0.428671
vt 0.827044 0.420277
vt 0.834188 0.433278
vt 0.826927 0.435500
vt 0.830572 0.441116
vt 0.636659 0.321428
vt 0.928549 0.766426
vt 0.630340 0.317776
vt 0.635091 0.311025
vt 0.087145 0.929551
vt 0.819058 0.422220
vt 0.810672 0.425239
vt 0.815050 0.416276
vt 0.628169 0.307059
vt 0.632581 0.300843
vt 0.814893 0.431562
vt 0.806746 0.435761
vt 0.627713 0.295350
vt 0.799305 0.441152
vt 0.803366 0.431444
vt 0.631426 0.289732
vt 0.819006 0.437817
vt 0.810427 0.440602
vt 0.803320 0.446667
vt 0.795409 0.451054
vt 0.630602 0.278553
vt 0.823061 0.444455
vt 0.815368 0.448391
vt 0.807215 0.452017
vt 0.799737 0.456750
vt 0.793730 0.462094
vt 0.633511 0.267758
vt 0.826846 0.450758
vt 0.819457 0.454521
vt 0.811718 0.458192
vt 0.804946 0.463050
vt 0.798186 0.467445
vt 0.792601 0.471942
vt 0.636637 0.258360
vt 0.641844 0.248748
vt 0.642958 0.242474
vt 0.649993 0.242143
vt 0.798705 0.496676
vt 0.792176 0.499502
vt 0.794230 0.489469
vt 0.803157 0.504350
vt 0.796836 0.507483
vt 0.808240 0.511917
vt 0.802043 0.515444
vt 0.814201 0.517763
vt 0.807795 0.522785
vt 0.819982 0.521952
vt 0.814330 0.527307
vt 0.649719 0.233904
vt 0.658084 0.234709
vt 0.972711 0.290317
vt 0.978702 0.283258
vt 0.978702 0.292717
vt 0.659760 0.227179
vt 0.770895 0.036714
vt 0.764380 0.036901
vt 0.770884 0.027672
vt 0.666110 0.225453
vt 0.795947 0.518544
vt 0.535511 0.444661
vt 0.535511 0.431994
vt 0.540744 0.439085
vt 0.770591 0.046808
vt 0.764380 0.046924
vt 0.668471 0.217262
vt 0.676224 0.217761
vt 0.879163 0.808935
vt 0.886104 0.803577
vt 0.885366 0.813350
vt 0.892574 0.808487
vt 0.893427 0.798582
vt 0.899811 0.802733
vt 0.900699 0.792644
vt 0.679254 0.209788
vt 0.686818 0.210635
vt 0.873525 0.802597
vt 0.879902 0.798509
vt 0.886811 0.793523
vt 0.893965 0.787966
vt 0.900422 0.781609
vt 0.907198 0.786094
vt 0.906974 0.775768
vt 0.697361 0.206263
vt 0.499148 0.930201
vt 0.192312 0.494304
vt 0.183653 0.492481
vt 0.191228 0.487950
vt 0.874233 0.793193
vt 0.880617 0.788395
vt 0.887487 0.783439
vt 0.894290 0.777552
vt 0.900726 0.771726
vt 0.906100 0.766234
vt 0.706815 0.204052
vt 0.716870 0.204830
vt 0.900579 0.750225
vt 0.906610 0.747439
vt 0.905995 0.755964
vt 0.894474 0.744412
vt 0.901175 0.740777
vt 0.887753 0.739694
vt 0.894625 0.734650
vt 0.881294 0.734032
vt 0.887713 0.729011
vt 0.875146 0.731065
vt 0.880832 0.726176
vt 0.874673 0.723233
vt 0.725078 0.208478
vt 0.907198 0.738232
vt 0.733909 0.212654
vt 0.902103 0.729699
vt 0.730898 0.205999
vt 0.741778 0.208587
vt 0.742618 0.218208
vt 0.894814 0.723793
vt 0.901300 0.721383
vt 0.749115 0.216880
vt 0.750659 0.224988
vt 0.887288 0.719882
vt 0.383483 0.520634
vt 0.378177 0.515978
vt 0.384330 0.512045
vt 0.378177 0.507471
vt 0.893733 0.717179
vt 0.900178 0.714303
vt 0.767381 0.658054
vt 0.765249 0.652126
vt 0.773240 0.652139
vt 0.770777 0.644201
vt 0.880371 0.718240
vt 0.886632 0.712959
vt 0.893064 0.709467
vt 0.757327 0.650913
vt 0.763320 0.643994
vt 0.768603 0.636937
vt 0.874276 0.715912
vt 0.879924 0.710811
vt 0.886014 0.706437
vt 0.750012 0.647985
vt 0.755782 0.644191
vt 0.761706 0.635889
vt 0.766695 0.630270
vt 0.766262 0.622375
vt 0.760657 0.619640
vt 0.767406 0.614613
vt 0.754441 0.615183
vt 0.761449 0.610234
vt 0.748548 0.608710
vt 0.755310 0.603862
vt 0.743005 0.602077
vt 0.749078 0.597506
vt 0.737619 0.595706
vt 0.743613 0.590757
vt 0.738113 0.584445
vt 0.768723 0.605039
vt 0.762419 0.599041
vt 0.769927 0.593009
vt 0.756222 0.592026
vt 0.763557 0.586455
vt 0.771166 0.580549
vt 0.750022 0.585422
vt 0.757183 0.579656
vt 0.764732 0.573718
vt 0.772075 0.568430
vt 0.744065 0.578912
vt 0.750904 0.573006
vt 0.758407 0.567263
vt 0.765877 0.561485
vt 0.772755 0.557657
vt 0.739341 0.572988
vt 0.745380 0.566996
vt 0.752484 0.561305
vt 0.759672 0.555483
vt 0.766897 0.551061
vt 0.773375 0.547939
vt 0.775585 0.538368
vt 0.771385 0.531524
vt 0.778640 0.532195
vt 0.952138 0.687128
vt 0.944653 0.690335
vt 0.946663 0.682283
vt 0.957722 0.692659
vt 0.950347 0.695206
vt 0.963027 0.699006
vt 0.956192 0.701235
vt 0.967398 0.706024
vt 0.961339 0.708425
vt 0.971794 0.712008
vt 0.965978 0.714953
vt 0.939470 0.686513
vt 0.937297 0.695062
vt 0.932627 0.691247
vt 0.822288 0.763570
vt 0.627889 0.983360
vt 0.621162 0.987640
vt 0.621162 0.979485
vt 0.942653 0.700070
vt 0.934698 0.703622
vt 0.815844 0.768661
vt 0.948344 0.704640
vt 0.940536 0.709818
vt 0.932961 0.714224
vt 0.925925 0.718641
vt 0.954215 0.711508
vt 0.946286 0.715629
vt 0.938374 0.720005
vt 0.931446 0.724493
vt 0.924540 0.728512
vt 0.959829 0.717940
vt 0.952029 0.722205
vt 0.944281 0.726231
vt 0.936850 0.730390
vt 0.930028 0.734219
vt 0.923878 0.737695
vt 0.964101 0.724360
vt 0.900214 0.982280
vt 0.907198 0.989781
vt 0.900214 0.989874
vt 0.957526 0.728172
vt 0.950065 0.732247
vt 0.942568 0.736218
vt 0.935161 0.740181
vt 0.928526 0.743558
vt 0.923270 0.746047
vt 0.790670 0.482516
vt 0.788408 0.476203
vt 0.796011 0.478473
vt 0.802075 0.474070
vt 0.809267 0.469612
vt 0.816581 0.464853
vt 0.824472 0.460709
vt 0.832059 0.457316
vt 0.800577 0.485526
vt 0.807309 0.481353
vt 0.805466 0.492786
vt 0.814392 0.476923
vt 0.812154 0.488885
vt 0.809925 0.500812
vt 0.821972 0.472235
vt 0.819844 0.484493
vt 0.817525 0.496609
vt 0.815934 0.507340
vt 0.829954 0.468044
vt 0.827675 0.480032
vt 0.825468 0.491908
vt 0.823329 0.503378
vt 0.821670 0.512721
vt 0.837314 0.464509
vt 0.835090 0.475976
vt 0.833072 0.487403
vt 0.830834 0.498523
vt 0.828720 0.508305
vt 0.826850 0.516585
vt 0.825124 0.524775
vt 0.901168 0.760637
vt 0.895014 0.766233
vt 0.887961 0.772317
vt 0.880712 0.778040
vt 0.873857 0.783688
vt 0.186869 0.499372
vt 0.895131 0.754562
vt 0.888312 0.760147
vt 0.888148 0.748849
vt 0.880813 0.766501
vt 0.880970 0.754532
vt 0.881129 0.743079
vt 0.873611 0.772642
vt 0.873467 0.760536
vt 0.873716 0.748545
vt 0.874299 0.738287
vt 0.177786 0.497654
vt 0.181591 0.504810
vt 0.867474 0.778027
vt 0.866570 0.766926
vt 0.866687 0.755124
vt 0.867419 0.744349
vt 0.868268 0.734845
vt 0.194400 0.500903
vt 0.944699 0.385711
vt 0.937278 0.390763
vt 0.939230 0.383254
vt 0.190645 0.505640
vt 0.184772 0.511907
vt 0.175262 0.511165
vt 0.861219 0.772660
vt 0.860023 0.761399
vt 0.860893 0.750549
vt 0.861707 0.740414
vt 0.863142 0.732272
vt 0.761205 0.627686
vt 0.755304 0.634535
vt 0.748855 0.640688
vt 0.878867 0.704271
vt 0.872850 0.709881
vt 0.867586 0.715995
vt 0.754675 0.625589
vt 0.748461 0.630298
vt 0.748089 0.620051
vt 0.742874 0.644131
vt 0.742004 0.634858
vt 0.741834 0.624026
vt 0.742231 0.612801
vt 0.011108 0.515749
vt 0.011642 0.505584
vt 0.015641 0.509905
vt 0.736441 0.637282
vt 0.736901 0.625752
vt 0.728440 0.965295
vt 0.722811 0.958745
vt 0.728440 0.953501
vt 0.735416 0.617207
vt 0.736832 0.605645
vt 0.005738 0.520634
vt 0.006441 0.511399
vt 0.005738 0.501087
vt 0.731001 0.629114
vt 0.729648 0.620274
vt 0.729148 0.610298
vt 0.730194 0.599602
vt 0.860753 0.716047
vt 0.866028 0.711299
vt 0.533573 0.011092
vt 0.525391 0.016256
vt 0.526939 0.010882
vt 0.584822 0.879606
vt 0.585433 0.888451
vt 0.580775 0.886887
vt 0.580775 0.896026
vt 0.518454 0.016783
vt 0.517218 0.022914
vt 0.509651 0.023259
vt 0.508368 0.029283
vt 0.723642 0.613220
vt 0.502786 0.039215
vt 0.501580 0.031224
vt 0.495801 0.040776
vt 0.498441 0.048550
vt 0.727345 0.592331
vt 0.769256 0.540118
vt 0.761872 0.543939
vt 0.754085 0.549175
vt 0.746051 0.554686
vt 0.739594 0.561906
vt 0.733615 0.568337
vt 0.764290 0.534002
vt 0.953350 0.678667
vt 0.756604 0.538854
vt 0.759196 0.529693
vt 0.959042 0.684927
vt 0.971858 0.314837
vt 0.965427 0.308781
vt 0.971998 0.306589
vt 0.748504 0.543754
vt 0.751127 0.533328
vt 0.966588 0.682301
vt 0.964781 0.690909
vt 0.965427 0.317296
vt 0.740608 0.549808
vt 0.743398 0.539513
vt 0.973554 0.681788
vt 0.971412 0.690469
vt 0.969625 0.698180
vt 0.734090 0.557035
vt 0.490255 0.083520
vt 0.492930 0.095943
vt 0.486675 0.090902
vt 0.735918 0.545901
vt 0.498055 0.107416
vt 0.491309 0.103137
vt 0.978375 0.689515
vt 0.976079 0.697600
vt 0.973543 0.705401
vt 0.728757 0.564020
vt 0.494498 0.076740
vt 0.496115 0.088530
vt 0.499686 0.100369
vt 0.504787 0.111027
vt 0.982490 0.697042
vt 0.979923 0.704615
vt 0.977125 0.711767
vt 0.821169 0.368087
vt 0.824523 0.373422
vt 0.932842 0.749960
vt 0.940121 0.746511
vt 0.947924 0.742736
vt 0.956025 0.738473
vt 0.963293 0.733799
vt 0.969567 0.729572
vt 0.937860 0.756624
vt 0.301655 0.927170
vt 0.945650 0.753093
vt 0.943558 0.762051
vt 0.294831 0.929543
vt 0.087145 0.945185
vt 0.953855 0.749167
vt 0.951540 0.759708
vt 0.839981 0.411150
vt 0.834913 0.420859
vt 0.831198 0.413665
vt 0.961723 0.744258
vt 0.959829 0.755301
vt 0.848660 0.412746
vt 0.843519 0.419401
vt 0.838420 0.427621
vt 0.467455 0.992109
vt 0.467455 0.984628
vt 0.473709 0.987642
vt 0.969101 0.739582
vt 0.966954 0.749525
vt 0.548897 0.149878
vt 0.559294 0.149154
vt 0.553245 0.156414
vt 0.851336 0.422334
vt 0.846503 0.427895
vt 0.841510 0.434850
vt 0.522203 0.139521
vt 0.527572 0.137752
vt 0.529463 0.145128
vt 0.535582 0.142058
vt 0.538472 0.150168
vt 0.545012 0.144535
vt 0.554933 0.143935
vt 0.564379 0.141760
vt 0.568952 0.146346
vt 0.573073 0.139054
vt 0.848677 0.436683
vt 0.985405 0.491585
vt 0.980189 0.485678
vt 0.985405 0.483574
vt 0.844469 0.441115
vt 0.845224 0.450754
vt 0.502758 0.610960
vt 0.497406 0.616716
vt 0.496473 0.606915
vt 0.579182 0.115419
vt 0.587758 0.113751
vt 0.582681 0.122192
vt 0.575528 0.108343
vt 0.583623 0.105885
vt 0.571232 0.100474
vt 0.579186 0.097716
vt 0.566154 0.091951
vt 0.574008 0.089167
vt 0.569550 0.081081
vt 0.843814 0.460495
vt 0.980936 0.768782
vt 0.975233 0.775364
vt 0.975233 0.765493
vt 0.850140 0.456443
vt 0.849461 0.466203
vt 0.842852 0.470625
vt 0.592593 0.103429
vt 0.596606 0.111510
vt 0.848248 0.477543
vt 0.840796 0.482620
vt 0.851336 0.274059
vt 0.844882 0.280047
vt 0.845219 0.268182
vt 0.586124 0.094081
vt 0.596079 0.091397
vt 0.846236 0.489832
vt 0.838430 0.494720
vt 0.582112 0.085991
vt 0.851336 0.286013
vt 0.590906 0.082619
vt 0.851336 0.496907
vt 0.843254 0.501290
vt 0.211444 0.971998
vt 0.218443 0.961556
vt 0.218979 0.971998
vt 0.835616 0.504964
vt 0.577492 0.077638
vt 0.584947 0.074044
vt 0.591817 0.070500
vt 0.848251 0.508102
vt 0.840160 0.510850
vt 0.833219 0.514036
vt 0.571674 0.069644
vt 0.578565 0.066230
vt 0.585582 0.062770
vt 0.591031 0.059910
vt 0.844807 0.517150
vt 0.837775 0.520438
vt 0.831164 0.523247
vt 0.827229 0.530689
vt 0.833848 0.529739
vt 0.590851 0.049563
vt 0.596099 0.057244
vt 0.585495 0.051993
vt 0.579768 0.054574
vt 0.571937 0.058553
vt 0.563878 0.062805
vt 0.945184 0.391938
vt 0.596606 0.046831
vt 0.590945 0.038490
vt 0.937278 0.397737
vt 0.194400 0.511738
vt 0.484660 0.947419
vt 0.478998 0.943388
vt 0.484882 0.937618
vt 0.478998 0.932731
vt 0.585283 0.040675
vt 0.585206 0.028541
vt 0.189272 0.518370
vt 0.179204 0.518399
vt 0.985405 0.894034
vt 0.977991 0.896026
vt 0.977991 0.887071
vt 0.578331 0.043926
vt 0.578551 0.030994
vt 0.576522 0.021018
vt 0.583842 0.017671
vt 0.574077 0.012695
vt 0.571402 0.047027
vt 0.569861 0.036496
vt 0.569026 0.024587
vt 0.566756 0.016466
vt 0.564952 0.008054
vt 0.563389 0.051512
vt 0.562245 0.040593
vt 0.561140 0.029323
vt 0.559367 0.020711
vt 0.557719 0.012774
vt 0.556077 0.006291
vt 0.555589 0.056318
vt 0.554302 0.046656
vt 0.553366 0.035162
vt 0.552084 0.025494
vt 0.550676 0.018593
vt 0.549433 0.011760
vt 0.548263 0.007007
vt 0.541418 0.008798
vt 0.542190 0.013851
vt 0.543177 0.021069
vt 0.544419 0.031628
vt 0.545619 0.041173
vt 0.546892 0.052314
vt 0.548093 0.063546
vt 0.533731 0.016441
vt 0.985405 0.467006
vt 0.980241 0.462777
vt 0.985405 0.458071
vt 0.534950 0.027020
vt 0.525521 0.023911
vt 0.535902 0.036692
vt 0.525769 0.032644
vt 0.516519 0.030470
vt 0.537311 0.048150
vt 0.527573 0.044843
vt 0.518401 0.042363
vt 0.509570 0.040005
vt 0.538826 0.059679
vt 0.529070 0.056237
vt 0.520323 0.053905
vt 0.512238 0.051822
vt 0.504339 0.049661
vt 0.540425 0.070801
vt 0.531393 0.067903
vt 0.521713 0.064717
vt 0.513113 0.062066
vt 0.505803 0.059913
vt 0.499750 0.058201
vt 0.495256 0.057025
vt 0.502758 0.591552
vt 0.502493 0.601166
vt 0.496470 0.597455
vt 0.448342 0.409578
vt 0.444210 0.401648
vt 0.451365 0.403348
vt 0.445225 0.415613
vt 0.440662 0.408334
vt 0.550538 0.138246
vt 0.540492 0.136008
vt 0.531747 0.132270
vt 0.447801 0.394209
vt 0.440662 0.391325
vt 0.444382 0.384805
vt 0.575270 0.125647
vt 0.560923 0.137992
vt 0.566168 0.127931
vt 0.570345 0.135165
vt 0.571783 0.119229
vt 0.871795 0.132639
vt 0.878150 0.138214
vt 0.871795 0.143701
vt 0.877348 0.149710
vt 0.556505 0.131292
vt 0.561952 0.120792
vt 0.567253 0.111006
vt 0.545828 0.128588
vt 0.551583 0.122382
vt 0.557260 0.112474
vt 0.562254 0.101997
vt 0.392057 0.931294
vt 0.397737 0.934229
vt 0.392394 0.940716
vt 0.535882 0.128172
vt 0.541112 0.120759
vt 0.546664 0.113061
vt 0.552095 0.102126
vt 0.557025 0.092668
vt 0.523398 0.130722
vt 0.527004 0.125938
vt 0.397737 0.925075
vt 0.531184 0.120277
vt 0.536532 0.111845
vt 0.542180 0.102231
vt 0.547502 0.092990
vt 0.494413 0.066091
vt 0.498607 0.067965
vt 0.506734 0.070695
vt 0.514945 0.073526
vt 0.524331 0.076567
vt 0.534234 0.079595
vt 0.544003 0.082194
vt 0.725316 0.582993
vt 0.723642 0.572942
vt 0.500941 0.079687
vt 0.509017 0.082838
vt 0.504224 0.091815
vt 0.518085 0.086075
vt 0.513211 0.095031
vt 0.507666 0.104128
vt 0.528302 0.088944
vt 0.521935 0.098765
vt 0.516749 0.107551
vt 0.512609 0.115038
vt 0.510157 0.120308
vt 0.538301 0.091387
vt 0.532433 0.100837
vt 0.526436 0.110494
vt 0.521718 0.118066
vt 0.517588 0.124691
vt 0.983171 0.713001
s 1
f 1/1/1 20/2/20 19/3/19
f 2/4/2 26/5/26 40/6/40
f 1/1/1 19/3/19 54/7/54
f 1/1/1 54/7/54 68/8/68
f 1/1/1 68/8/68 41/9/41
f 2/4/2 40/6/40 89/10/89
f 3/11/3 33/12/33 103/13/103
f 4/14/4 61/15/61 117/16/117
f 5/17/5 75/18/75 131/19/131
f 6/20/6 82/21/82 145/22/145
f 2/4/2 89/10/89 104/23/104
f 3/11/3 103/13/103 118/24/118
f 4/14/4 117/16/117 132/25/132
f 5/17/5 131/19/131 146/26/146
f 6/20/6 145/22/145 90/27/90
f 7/28/7 159/29/159 194/30/194
f 8/31/8 166/32/166 208/33/208
f 9/34/9 173/35/173 215/36/215
f 10/37/10 180/38/180 222/39/222
f 11/40/11 187/41/187 195/42/195
f 201/43/201 216/44/216 12/45/12
f 200/46/200 223/47/223 201/43/201
f 199/48/199 224/49/224 200/46/200
f 198/50/198 226/51/226 199/48/199
f 197/52/197 229/53/229 198/50/198
f 196/54/196 233/55/233 197/52/197
f 195/56/195 238/57/238 196/58/196
f 201/43/201 223/47/223 216/44/216
f 223/47/223 217/59/217 216/44/216
f 200/46/200 224/49/224 223/47/223
f 224/49/224 225/60/225 223/47/223
f 223/47/223 225/60/225 217/59/217
f 225/60/225 218/61/218 217/59/217
f 199/48/199 226/51/226 224/49/224
f 226/51/226 227/62/227 224/49/224
f 224/49/224 227/62/227 225/60/225
f 227/62/227 228/63/228 225/60/225
f 225/60/225 228/63/228 218/61/218
f 228/63/228 219/64/219 218/61/218
f 198/50/198 229/53/229 226/51/226
f 229/53/229 230/65/230 226/51/226
f 226/51/226 230/65/230 227/62/227
f 230/65/230 231/66/231 227/62/227
f 227/62/227 231/66/231 228/63/228
f 231/66/231 232/67/232 228/63/228
f 228/63/228 232/67/232 219/64/219
f 232/67/232 220/68/220 219/64/219
f 197/52/197 233/55/233 229/53/229
f 233/55/233 234/69/234 229/53/229
f 229/53/229 234/69/234 230/65/230
f 234/69/234 235/70/235 230/65/230
f 230/65/230 235/70/235 231/66/231
f 235/70/235 236/71/236 231/66/231
f 231/66/231 236/71/236 232/67/232
f 236/71/236 237/72/237 232/67/232
f 232/67/232 237/72/237 220/68/220
f 237/72/237 221/73/221 220/68/220
f 196/54/196 238/74/238 233/55/233
f 238/74/238 239/75/239 233/55/233
f 233/55/233 239/75/239 234/69/234
f 239/75/239 240/76/240 234/69/234
f 234/69/234 240/76/240 235/70/235
f 240/76/240 241/77/241 235/70/235
f 235/70/235 241/77/241 236/71/236
f 241/77/241 242/78/242 236/71/236
f 236/71/236 242/78/242 237/72/237
f 242/78/242 243/79/243 237/72/237
f 237/72/237 243/79/243 221/73/221
f 243/79/243 222/39/222 221/73/221
f 195/42/195 187/41/187 238/74/238
f 187/41/187 186/80/186 238/74/238
f 238/74/238 186/80/186 239/75/239
f 186/80/186 185/81/185 239/75/239
f 239/75/239 185/81/185 240/76/240
f 185/81/185 184/82/184 240/76/240
f 240/76/240 184/82/184 241/77/241
f 184/82/184 183/83/183 241/77/241
f 241/77/241 183/83/183 242/78/242
f 183/83/183 182/84/182 242/78/242
f 242/78/242 182/84/182 243/79/243
f 182/84/182 181/85/181 243/79/243
f 243/79/243 181/85/181 222/39/222
f 181/85/181 10/37/10 222/39/222
f 216/44/216 209/86/209 12/45/12
f 217/59/217 244/87/244 216/44/216
f 218/61/218 245/88/245 217/59/217
f 219/64/219 247/89/247 218/61/218
f 220/68/220 250/90/250 219/64/219
f 221/73/221 254/91/254 220/68/220
f 222/39/222 259/92/259 221/73/221
f 216/44/216 244/87/244 209/86/209
f 244/87/244 210/93/210 209/86/209
f 217/59/217 245/88/245 244/87/244
f 245/88/245 246/94/246 244/87/244
f 244/87/244 246/94/246 210/93/210
f 246/94/246 211/95/211 210/93/210
f 218/61/218 247/89/247 245/88/245
f 247/89/247 248/96/248 245/88/245
f 245/88/245 248/96/248 246/94/246
f 248/96/248 249/97/249 246/94/246
f 246/94/246 249/97/249 211/95/211
f 249/97/249 212/98/212 211/95/211
f 219/64/219 250/90/250 247/89/247
f 250/90/250 251/99/251 247/89/247
f 247/89/247 251/99/251 248/96/248
f 251/99/251 252/100/252 248/96/248
f 248/96/248 252/100/252 249/97/249
f 252/100/252 253/101/253 249/97/249
f 249/97/249 253/101/253 212/98/212
f 253/101/253 213/102/213 212/98/212
f 220/68/220 254/91/254 250/90/250
f 254/91/254 255/103/255 250/90/250
f 250/90/250 255/103/255 251/99/251
f 255/103/255 256/104/256 251/99/251
f 251/99/251 256/104/256 252/100/252
f 256/104/256 257/105/257 252/100/252
f 252/100/252 257/105/257 253/101/253
f 257/105/257 258/106/258 253/101/253
f 253/101/253 258/106/258 213/102/213
f 258/106/258 214/107/214 213/102/213
f 221/73/221 259/92/259 254/91/254
f 259/92/259 260/108/260 254/91/254
f 254/91/254 260/108/260 255/103/255
f 260/108/260 261/109/261 255/103/255
f 255/103/255 261/109/261 256/104/256
f 261/109/261 262/110/262 256/104/256
f 256/104/256 262/110/262 257/105/257
f 262/110/262 263/111/263 257/105/257
f 257/105/257 263/111/263 258/106/258
f 263/111/263 264/112/264 258/106/258
f 258/106/258 264/112/264 214/107/214
f 264/112/264 215/113/215 214/107/214
f 222/39/222 180/38/180 259/92/259
f 180/38/180 179/114/179 259/92/259
f 259/92/259 179/114/179 260/108/260
f 179/114/179 178/115/178 260/108/260
f 260/108/260 178/115/178 261/109/261
f 178/115/178 177/116/177 261/109/261
f 261/109/261 177/116/177 262/110/262
f 177/116/177 176/117/176 262/110/262
f 262/110/262 176/117/176 263/111/263
f 176/118/176 175/119/175 263/120/263
f 263/120/263 175/119/175 264/121/264
f 175/119/175 174/122/174 264/121/264
f 264/121/264 174/122/174 215/36/215
f 174/122/174 9/34/9 215/36/215
f 209/86/209 202/123/202 12/45/12
f 210/93/210 265/124/265 209/86/209
f 211/95/211 266/125/266 210/93/210
f 212/98/212 268/126/268 211/95/211
f 213/102/213 271/127/271 212/98/212
f 214/107/214 275/128/275 213/102/213
f 215/113/215 280/129/280 214/107/214
f 209/86/209 265/124/265 202/123/202
f 265/124/265 203/130/203 202/123/202
f 210/93/210 266/125/266 265/124/265
f 266/125/266 267/131/267 265/124/265
f 265/124/265 267/131/267 203/130/203
f 267/131/267 204/132/204 203/130/203
f 211/95/211 268/126/268 266/125/266
f 268/126/268 269/133/269 266/125/266
f 266/125/266 269/133/269 267/131/267
f 269/133/269 270/134/270 267/131/267
f 267/131/267 270/134/270 204/132/204
f 270/134/270 205/135/205 204/132/204
f 212/98/212 271/127/271 268/126/268
f 271/127/271 272/136/272 268/126/268
f 268/126/268 272/136/272 269/133/269
f 272/136/272 273/137/273 269/133/269
f 269/133/269 273/137/273 270/134/270
f 273/137/273 274/138/274 270/134/270
f 270/134/270 274/138/274 205/135/205
f 274/139/274 206/140/206 205/141/205
f 213/102/213 275/128/275 271/127/271
f 275/128/275 276/142/276 271/127/271
f 271/127/271 276/142/276 272/136/272
f 276/142/276 277/143/277 272/136/272
f 272/136/272 277/143/277 273/137/273
f 277/143/277 278/144/278 273/137/273
f 273/137/273 278/144/278 274/138/274
f 278/144/278 279/145/279 274/138/274
f 274/138/274 279/145/279 206/146/206
f 279/145/279 207/147/207 206/146/206
f 214/107/214 280/129/280 275/128/275
f 280/129/280 281/148/281 275/128/275
f 275/128/275 281/148/281 276/142/276
f 281/148/281 282/149/282 276/142/276
f 276/142/276 282/149/282 277/143/277
f 282/149/282 283/150/283 277/143/277
f 277/143/277 283/150/283 278/144/278
f 283/150/283 284/151/284 278/144/278
f 278/144/278 284/151/284 279/145/279
f 284/151/284 285/152/285 279/145/279
f 279/153/279 285/154/285 207/155/207
f 285/154/285 208/156/208 207/155/207
f 215/113/215 173/157/173 280/129/280
f 173/157/173 172/158/172 280/129/280
f 280/129/280 172/158/172 281/148/281
f 172/158/172 171/159/171 281/148/281
f 281/148/281 171/159/171 282/149/282
f 171/159/171 170/160/170 282/149/282
f 282/149/282 170/160/170 283/150/283
f 170/160/170 169/161/169 283/150/283
f 283/150/283 169/161/169 284/151/284
f 169/161/169 168/162/168 284/151/284
f 284/151/284 168/162/168 285/152/285
f 168/162/168 167/163/167 285/152/285
f 285/154/285 167/164/167 208/156/208
f 167/165/167 8/31/8 208/33/208
f 202/123/202 188/166/188 12/45/12
f 203/130/203 286/167/286 202/123/202
f 204/132/204 287/168/287 203/130/203
f 205/135/205 289/169/289 204/132/204
f 206/140/206 292/170/292 205/141/205
f 207/147/207 296/171/296 206/146/206
f 208/156/208 301/172/301 207/155/207
f 202/123/202 286/167/286 188/166/188
f 286/167/286 189/173/189 188/166/188
f 203/130/203 287/168/287 286/167/286
f 287/168/287 288/174/288 286/167/286
f 286/167/286 288/174/288 189/173/189
f 288/174/288 190/175/190 189/173/189
f 204/132/204 289/169/289 287/168/287
f 289/169/289 290/176/290 287/168/287
f 287/168/287 290/176/290 288/174/288
f 290/176/290 291/177/291 288/174/288
f 288/174/288 291/177/291 190/175/190
f 291/177/291 191/178/191 190/175/190
f 205/135/205 292/179/292 289/169/289
f 292/180/292 293/181/293 289/182/289
f 289/182/289 293/181/293 290/183/290
f 293/184/293 294/185/294 290/176/290
f 290/176/290 294/185/294 291/177/291
f 294/185/294 295/186/295 291/177/291
f 291/177/291 295/186/295 191/178/191
f 295/186/295 192/187/192 191/178/191
f 206/146/206 296/171/296 292/179/292
f 296/188/296 297/189/297 292/190/292
f 292/179/292 297/191/297 293/184/293
f 297/191/297 298/192/298 293/184/293
f 293/184/293 298/192/298 294/185/294
f 298/192/298 299/193/299 294/185/294
f 294/185/294 299/193/299 295/186/295
f 299/193/299 300/194/300 295/186/295
f 295/186/295 300/194/300 192/187/192
f 300/194/300 193/195/193 192/187/192
f 207/147/207 301/196/301 296/171/296
f 301/196/301 302/197/302 296/171/296
f 296/171/296 302/197/302 297/191/297
f 302/198/302 303/199/303 297/200/297
f 297/200/297 303/199/303 298/201/298
f 303/199/303 304/202/304 298/201/298
f 298/201/298 304/202/304 299/203/299
f 304/202/304 305/204/305 299/203/299
f 299/193/299 305/205/305 300/194/300
f 305/205/305 306/206/306 300/194/300
f 300/207/300 306/208/306 193/209/193
f 306/208/306 194/30/194 193/209/193
f 208/33/208 166/32/166 301/210/301
f 166/211/166 165/212/165 301/213/301
f 301/213/301 165/212/165 302/198/302
f 165/212/165 164/214/164 302/198/302
f 302/198/302 164/214/164 303/199/303
f 164/214/164 163/215/163 303/199/303
f 303/199/303 163/215/163 304/202/304
f 163/215/163 162/216/162 304/202/304
f 304/202/304 162/216/162 305/204/305
f 162/216/162 161/217/161 305/204/305
f 305/204/305 161/217/161 306/208/306
f 161/217/161 160/218/160 306/208/306
f 306/208/306 160/218/160 194/30/194
f 160/218/160 7/28/7 194/30/194
f 188/166/188 201/43/201 12/45/12
f 189/173/189 307/219/307 188/166/188
f 190/175/190 308/220/308 189/173/189
f 191/178/191 310/221/310 190/175/190
f 192/187/192 313/222/313 191/178/191
f 193/195/193 317/223/317 192/187/192
f 194/30/194 322/224/322 193/209/193
f 188/166/188 307/219/307 201/43/201
f 307/219/307 200/46/200 201/43/201
f 189/173/189 308/220/308 307/219/307
f 308/220/308 309/225/309 307/219/307
f 307/219/307 309/225/309 200/46/200
f 309/225/309 199/48/199 200/46/200
f 190/175/190 310/221/310 308/220/308
f 310/221/310 311/226/311 308/220/308
f 308/220/308 311/226/311 309/225/309
f 311/226/311 312/227/312 309/225/309
f 309/225/309 312/227/312 199/48/199
f 312/227/312 198/50/198 199/48/199
f 191/178/191 313/222/313 310/221/310
f 313/222/313 314/228/314 310/221/310
f 310/221/310 314/228/314 311/226/311
f 314/228/314 315/229/315 311/226/311
f 311/226/311 315/229/315 312/227/312
f 315/229/315 316/230/316 312/227/312
f 312/227/312 316/230/316 198/50/198
f 316/230/316 197/52/197 198/50/198
f 192/187/192 317/223/317 313/222/313
f 317/231/317 318/232/318 313/233/313
f 313/222/313 318/234/318 314/228/314
f 318/234/318 319/235/319 314/228/314
f 314/228/314 319/235/319 315/229/315
f 319/235/319 320/236/320 315/229/315
f 315/229/315 320/236/320 316/230/316
f 320/236/320 321/237/321 316/230/316
f 316/230/316 321/237/321 197/52/197
f 321/237/321 196/54/196 197/52/197
f 193/195/193 322/238/322 317/223/317
f 322/238/322 323/239/323 317/223/317
f 317/231/317 323/240/323 318/232/318
f 323/241/323 324/242/324 318/243/318
f 318/234/318 324/244/324 319/235/319
f 324/244/324 325/245/325 319/235/319
f 319/235/319 325/245/325 320/236/320
f 325/245/325 326/246/326 320/236/320
f 320/236/320 326/246/326 321/237/321
f 326/247/326 327/248/327 321/249/321
f 321/249/321 327/248/327 196/58/196
f 327/248/327 195/56/195 196/58/196
f 194/30/194 159/29/159 322/224/322
f 159/29/159 158/250/158 322/224/322
f 322/224/322 158/250/158 323/251/323
f 158/252/158 157/253/157 323/241/323
f 323/241/323 157/253/157 324/242/324
f 157/253/157 156/254/156 324/242/324
f 324/242/324 156/254/156 325/255/325
f 156/254/156 155/256/155 325/255/325
f 325/255/325 155/256/155 326/247/326
f 155/256/155 154/257/154 326/247/326
f 326/247/326 154/257/154 327/248/327
f 154/257/154 153/258/153 327/248/327
f 327/259/327 153/260/153 195/42/195
f 153/260/153 11/40/11 195/42/195
f 96/261/96 187/41/187 11/40/11
f 95/262/95 328/263/328 96/264/96
f 94/265/94 329/266/329 95/262/95
f 93/267/93 331/268/331 94/265/94
f 92/269/92 334/270/334 93/271/93
f 91/272/91 338/273/338 92/269/92
f 90/27/90 343/274/343 91/272/91
f 96/261/96 328/275/328 187/41/187
f 328/275/328 186/80/186 187/41/187
f 95/262/95 329/266/329 328/263/328
f 329/276/329 330/277/330 328/275/328
f 328/275/328 330/277/330 186/80/186
f 330/277/330 185/81/185 186/80/186
f 94/265/94 331/268/331 329/266/329
f 331/268/331 332/278/332 329/266/329
f 329/276/329 332/279/332 330/277/330
f 332/278/332 333/280/333 330/281/330
f 330/277/330 333/282/333 185/81/185
f 333/282/333 184/82/184 185/81/185
f 93/267/93 334/283/334 331/268/331
f 334/270/334 335/284/335 331/285/331
f 331/268/331 335/286/335 332/278/332
f 335/286/335 336/287/336 332/278/332
f 332/278/332 336/287/336 333/280/333
f 336/288/336 337/289/337 333/282/333
f 333/282/333 337/289/337 184/82/184
f 337/289/337 183/83/183 184/82/184
f 92/269/92 338/273/338 334/270/334
f 338/273/338 339/290/339 334/270/334
f 334/270/334 339/290/339 335/284/335
f 339/290/339 340/291/340 335/284/335
f 335/284/335 340/291/340 336/292/336
f 340/291/340 341/293/341 336/292/336
f 336/292/336 341/293/341 337/294/337
f 341/293/341 342/295/342 337/294/337
f 337/289/337 342/296/342 183/83/183
f 342/296/342 182/84/182 183/83/183
f 91/272/91 343/274/343 338/273/338
f 343/274/343 344/297/344 338/273/338
f 338/298/338 344/299/344 339/300/339
f 344/297/344 345/301/345 339/290/339
f 339/290/339 345/301/345 340/291/340
f 345/301/345 346/302/346 340/291/340
f 340/291/340 346/302/346 341/293/341
f 346/302/346 347/303/347 341/293/341
f 341/293/341 347/303/347 342/295/342
f 347/303/347 348/304/348 342/295/342
f 342/296/342 348/305/348 182/84/182
f 348/304/348 181/306/181 182/307/182
f 90/27/90 145/22/145 343/274/343
f 145/22/145 144/308/144 343/274/343
f 343/274/343 144/308/144 344/297/344
f 144/308/144 143/309/143 344/297/344
f 344/297/344 143/309/143 345/301/345
f 143/309/143 142/310/142 345/301/345
f 345/301/345 142/310/142 346/302/346
f 142/310/142 141/311/141 346/302/346
f 346/302/346 141/311/141 347/303/347
f 141/311/141 140/312/140 347/303/347
f 347/303/347 140/312/140 348/304/348
f 140/312/140 139/313/139 348/304/348
f 348/304/348 139/313/139 181/306/181
f 139/314/139 10/37/10 181/85/181
f 152/315/152 180/38/180 10/37/10
f 151/316/151 349/317/349 152/318/152
f 150/319/150 350/320/350 151/316/151
f 149/321/149 352/322/352 150/319/150
f 148/323/148 355/324/355 149/321/149
f 147/325/147 359/326/359 148/323/148
f 146/327/146 364/328/364 147/325/147
f 152/315/152 349/329/349 180/38/180
f 349/329/349 179/114/179 180/38/180
f 151/316/151 350/320/350 349/317/349
f 350/320/350 351/330/351 349/317/349
f 349/329/349 351/331/351 179/114/179
f 351/331/351 178/115/178 179/114/179
f 150/319/150 352/322/352 350/320/350
f 352/322/352 353/332/353 350/320/350
f 350/320/350 353/332/353 351/330/351
f 353/333/353 354/334/354 351/335/351
f 351/331/351 354/336/354 178/115/178
f 354/336/354 177/116/177 178/115/178
f 149/321/149 355/324/355 352/322/352
f 355/324/355 356/337/356 352/322/352
f 352/338/352 356/339/356 353/333/353
f 356/339/356 357/340/357 353/333/353
f 353/333/353 357/340/357 354/334/354
f 357/340/357 358/341/358 354/334/354
f 354/336/354 358/342/358 177/116/177
f 358/342/358 176/117/176 177/116/177
f 148/323/148 359/326/359 355/324/355
f 359/326/359 360/343/360 355/324/355
f 355/324/355 360/343/360 356/337/356
f 360/344/360 361/345/361 356/339/356
f 356/339/356 361/345/361 357/340/357
f 361/345/361 362/346/362 357/340/357
f 357/340/357 362/346/362 358/341/358
f 362/346/362 363/347/363 358/341/358
f 358/342/358 363/348/363 176/117/176
f 363/348/363 175/349/175 176/117/176
f 147/325/147 364/328/364 359/326/359
f 364/350/364 365/351/365 359/352/359
f 359/352/359 365/351/365 360/344/360
f 365/351/365 366/353/366 360/344/360
f 360/344/360 366/353/366 361/345/361
f 366/353/366 367/354/367 361/345/361
f 361/345/361 367/354/367 362/346/362
f 367/354/367 368/355/368 362/346/362
f 362/346/362 368/355/368 363/347/363
f 368/355/368 369/356/369 363/347/363
f 363/348/363 369/357/369 175/349/175
f 369/357/369 174/358/174 175/349/175
f 146/26/146 131/19/131 364/350/364
f 131/19/131 130/359/130 364/350/364
f 364/350/364 130/359/130 365/351/365
f 130/359/130 129/360/129 365/351/365
f 365/351/365 129/360/129 366/353/366
f 129/360/129 128/361/128 366/353/366
f 366/353/366 128/361/128 367/354/367
f 128/361/128 127/362/127 367/354/367
f 367/354/367 127/362/127 368/355/368
f 127/362/127 126/363/126 368/355/368
f 368/355/368 126/363/126 369/356/369
f 126/363/126 125/364/125 369/356/369
f 369/357/369 125/365/125 174/358/174
f 125/365/125 9/366/9 174/358/174
f 138/367/138 173/157/173 9/366/9
f 137/368/137 370/369/370 138/370/138
f 136/371/136 371/372/371 137/368/137
f 135/373/135 373/374/373 136/371/136
f 134/375/134 376/376/376 135/373/135
f 133/377/133 380/378/380 134/375/134
f 132/25/132 385/379/385 133/377/133
f 138/370/138 370/369/370 173/380/173
f 370/381/370 172/158/172 173/157/173
f 137/368/137 371/372/371 370/369/370
f 371/372/371 372/382/372 370/369/370
f 370/369/370 372/382/372 172/383/172
f 372/384/372 171/159/171 172/158/172
f 136/371/136 373/374/373 371/372/371
f 373/374/373 374/385/374 371/372/371
f 371/372/371 374/385/374 372/382/372
f 374/385/374 375/386/375 372/382/372
f 372/384/372 375/387/375 171/159/171
f 375/387/375 170/160/170 171/159/171
f 135/373/135 376/376/376 373/374/373
f 376/376/376 377/388/377 373/374/373
f 373/374/373 377/388/377 374/385/374
f 377/388/377 378/389/378 374/385/374
f 374/385/374 378/389/378 375/386/375
f 378/390/378 379/391/379 375/392/375
f 375/392/375 379/391/379 170/393/170
f 379/394/379 169/395/169 170/396/170
f 134/375/134 380/378/380 376/376/376
f 380/378/380 381/397/381 376/376/376
f 376/376/376 381/397/381 377/388/377
f 381/397/381 382/398/382 377/388/377
f 377/388/377 382/398/382 378/389/378
f 382/399/382 383/400/383 378/390/378
f 378/390/378 383/400/383 379/391/379
f 383/401/383 384/402/384 379/394/379
f 379/394/379 384/402/384 169/395/169
f 384/403/384 168/162/168 169/161/169
f 133/377/133 385/379/385 380/378/380
f 385/379/385 386/404/386 380/378/380
f 380/378/380 386/404/386 381/397/381
f 386/404/386 387/405/387 381/397/381
f 381/397/381 387/405/387 382/398/382
f 387/406/387 388/407/388 382/399/382
f 382/399/382 388/407/388 383/400/383
f 388/407/388 389/408/389 383/400/383
f 383/401/383 389/409/389 384/402/384
f 389/408/389 390/410/390 384/411/384
f 384/411/384 390/410/390 168/412/168
f 390/410/390 167/413/167 168/412/168
f 132/25/132 117/16/117 385/379/385
f 117/16/117 116/414/116 385/379/385
f 385/379/385 116/414/116 386/404/386
f 116/414/116 115/415/115 386/404/386
f 386/404/386 115/415/115 387/405/387
f 115/415/115 114/416/114 387/405/387
f 387/406/387 114/417/114 388/407/388
f 114/417/114 113/418/113 388/407/388
f 388/407/388 113/418/113 389/408/389
f 113/418/113 112/419/112 389/408/389
f 389/408/389 112/419/112 390/410/390
f 112/419/112 111/420/111 390/410/390
f 390/410/390 111/420/111 167/413/167
f 111/420/111 8/421/8 167/413/167
f 124/422/124 166/211/166 8/421/8
f 123/423/123 391/424/391 124/422/124
f 122/425/122 392/426/392 123/423/123
f 121/427/121 394/428/394 122/425/122
f 120/429/120 397/430/397 121/427/121
f 119/431/119 401/432/401 120/429/120
f 118/24/118 406/433/406 119/431/119
f 124/422/124 391/424/391 166/211/166
f 391/424/391 165/212/165 166/211/166
f 123/423/123 392/426/392 391/424/391
f 392/426/392 393/434/393 391/424/391
f 391/424/391 393/434/393 165/212/165
f 393/434/393 164/214/164 165/212/165
f 122/425/122 394/428/394 392/426/392
f 394/428/394 395/435/395 392/426/392
f 392/426/392 395/435/395 393/434/393
f 395/435/395 396/436/396 393/434/393
f 393/434/393 396/436/396 164/214/164
f 396/436/396 163/215/163 164/214/164
f 121/427/121 397/430/397 394/428/394
f 397/430/397 398/437/398 394/428/394
f 394/428/394 398/437/398 395/435/395
f 398/437/398 399/438/399 395/435/395
f 395/435/395 399/438/399 396/436/396
f 399/438/399 400/439/400 396/436/396
f 396/436/396 400/439/400 163/215/163
f 400/439/400 162/216/162 163/215/163
f 120/429/120 401/432/401 397/430/397
f 401/432/401 402/440/402 397/430/397
f 397/430/397 402/440/402 398/437/398
f 402/440/402 403/441/403 398/437/398
f 398/437/398 403/441/403 399/438/399
f 403/441/403 404/442/404 399/438/399
f 399/438/399 404/442/404 400/439/400
f 404/442/404 405/443/405 400/439/400
f 400/439/400 405/443/405 162/216/162
f 405/443/405 161/217/161 162/216/162
f 119/431/119 406/433/406 401/432/401
f 406/433/406 407/444/407 401/432/401
f 401/432/401 407/444/407 402/440/402
f 407/444/407 408/445/408 402/440/402
f 402/440/402 408/445/408 403/441/403
f 408/445/408 409/446/409 403/441/403
f 403/441/403 409/446/409 404/442/404
f 409/446/409 410/447/410 404/442/404
f 404/442/404 410/447/410 405/443/405
f 410/447/410 411/448/411 405/443/405
f 405/443/405 411/448/411 161/217/161
f 411/448/411 160/218/160 161/217/161
f 118/449/118 103/450/103 406/451/406
f 103/13/103 102/452/102 406/433/406
f 406/433/406 102/452/102 407/444/407
f 102/452/102 101/453/101 407/444/407
f 407/444/407 101/453/101 408/445/408
f 101/453/101 100/454/100 408/445/408
f 408/445/408 100/454/100 409/446/409
f 100/454/100 99/455/99 409/446/409
f 409/446/409 99/455/99 410/447/410
f 99/455/99 98/456/98 410/447/410
f 410/447/410 98/456/98 411/448/411
f 98/456/98 97/457/97 411/448/411
f 411/448/411 97/457/97 160/218/160
f 97/457/97 7/28/7 160/218/160
f 110/458/110 159/29/159 7/28/7
f 109/459/109 412/460/412 110/458/110
f 108/461/108 413/462/413 109/459/109
f 107/463/107 415/464/415 108/465/108
f 106/466/106 418/467/418 107/463/107
f 105/468/105 422/469/422 106/466/106
f 104/23/104 427/470/427 105/468/105
f 110/458/110 412/460/412 159/29/159
f 412/460/412 158/250/158 159/29/159
f 109/459/109 413/462/413 412/460/412
f 413/462/413 414/471/414 412/460/412
f 412/460/412 414/471/414 158/250/158
f 414/472/414 157/473/157 158/474/158
f 108/465/108 415/464/415 413/475/413
f 415/464/415 416/476/416 413/475/413
f 413/475/413 416/476/416 414/477/414
f 416/476/416 417/478/417 414/477/414
f 414/477/414 417/478/417 157/253/157
f 417/478/417 156/254/156 157/253/157
f 107/463/107 418/467/418 415/464/415
f 418/467/418 419/479/419 415/464/415
f 415/464/415 419/479/419 416/476/416
f 419/479/419 420/480/420 416/476/416
f 416/476/416 420/480/420 417/478/417
f 420/480/420 421/481/421 417/478/417
f 417/478/417 421/481/421 156/254/156
f 421/482/421 155/483/155 156/484/156
f 106/466/106 422/469/422 418/467/418
f 422/469/422 423/485/423 418/467/418
f 418/467/418 423/485/423 419/479/419
f 423/485/423 424/486/424 419/479/419
f 419/479/419 424/486/424 420/480/420
f 424/486/424 425/487/425 420/480/420
f 420/480/420 425/487/425 421/481/421
f 425/487/425 426/488/426 421/481/421
f 421/482/421 426/489/426 155/483/155
f 426/489/426 154/490/154 155/483/155
f 105/468/105 427/470/427 422/469/422
f 427/470/427 428/491/428 422/469/422
f 422/469/422 428/491/428 423/485/423
f 428/491/428 429/492/429 423/485/423
f 423/485/423 429/492/429 424/486/424
f 429/492/429 430/493/430 424/486/424
f 424/486/424 430/493/430 425/487/425
f 430/493/430 431/494/431 425/487/425
f 425/487/425 431/494/431 426/488/426
f 431/494/431 432/495/432 426/488/426
f 426/488/426 432/495/432 154/257/154
f 432/495/432 153/258/153 154/257/154
f 104/23/104 89/10/89 427/470/427
f 89/10/89 88/496/88 427/470/427
f 427/470/427 88/496/88 428/491/428
f 88/496/88 87/497/87 428/491/428
f 428/491/428 87/497/87 429/492/429
f 87/497/87 86/498/86 429/492/429
f 429/492/429 86/498/86 430/493/430
f 86/498/86 85/499/85 430/493/430
f 430/493/430 85/499/85 431/494/431
f 85/499/85 84/500/84 431/494/431
f 431/501/431 84/502/84 432/503/432
f 84/502/84 83/504/83 432/503/432
f 432/495/432 83/505/83 153/258/153
f 83/505/83 11/506/11 153/258/153
f 139/313/139 152/318/152 10/507/10
f 140/312/140 433/508/433 139/313/139
f 141/311/141 434/509/434 140/312/140
f 142/310/142 436/510/436 141/311/141
f 143/309/143 439/511/439 142/310/142
f 144/308/144 443/512/443 143/309/143
f 145/22/145 448/513/448 144/308/144
f 139/313/139 433/508/433 152/318/152
f 433/508/433 151/316/151 152/318/152
f 140/312/140 434/509/434 433/508/433
f 434/509/434 435/514/435 433/508/433
f 433/508/433 435/514/435 151/316/151
f 435/514/435 150/319/150 151/316/151
f 141/311/141 436/510/436 434/509/434
f 436/510/436 437/515/437 434/509/434
f 434/509/434 437/515/437 435/514/435
f 437/515/437 438/516/438 435/514/435
f 435/514/435 438/516/438 150/319/150
f 438/516/438 149/321/149 150/319/150
f 142/310/142 439/511/439 436/510/436
f 439/511/439 440/517/440 436/510/436
f 436/510/436 440/517/440 437/515/437
f 440/517/440 441/518/441 437/515/437
f 437/515/437 441/518/441 438/516/438
f 441/518/441 442/519/442 438/516/438
f 438/516/438 442/519/442 149/321/149
f 442/519/442 148/323/148 149/321/149
f 143/309/143 443/512/443 439/511/439
f 443/512/443 444/520/444 439/511/439
f 439/511/439 444/520/444 440/517/440
f 444/520/444 445/521/445 440/517/440
f 440/517/440 445/521/445 441/518/441
f 445/521/445 446/522/446 441/518/441
f 441/518/441 446/522/446 442/519/442
f 446/522/446 447/523/447 442/519/442
f 442/519/442 447/523/447 148/323/148
f 447/523/447 147/325/147 148/323/148
f 144/308/144 448/513/448 443/512/443
f 448/513/448 449/524/449 443/512/443
f 443/512/443 449/524/449 444/520/444
f 449/524/449 450/525/450 444/520/444
f 444/520/444 450/525/450 445/521/445
f 450/525/450 451/526/451 445/521/445
f 445/521/445 451/526/451 446/522/446
f 451/526/451 452/527/452 446/522/446
f 446/522/446 452/527/452 447/523/447
f 452/527/452 453/528/453 447/523/447
f 447/523/447 453/528/453 147/325/147
f 453/528/453 146/327/146 147/325/147
f 145/22/145 82/21/82 448/513/448
f 82/21/82 81/529/81 448/513/448
f 448/513/448 81/529/81 449/524/449
f 81/529/81 80/530/80 449/524/449
f 449/524/449 80/530/80 450/525/450
f 80/530/80 79/531/79 450/525/450
f 450/525/450 79/531/79 451/526/451
f 79/531/79 78/532/78 451/526/451
f 451/526/451 78/532/78 452/527/452
f 78/532/78 77/533/77 452/527/452
f 452/527/452 77/533/77 453/528/453
f 77/533/77 76/534/76 453/528/453
f 453/528/453 76/534/76 146/327/146
f 76/534/76 5/535/5 146/327/146
f 125/365/125 138/367/138 9/366/9
f 126/363/126 454/536/454 125/364/125
f 127/362/127 455/537/455 126/363/126
f 128/361/128 457/538/457 127/362/127
f 129/360/129 460/539/460 128/361/128
f 130/359/130 464/540/464 129/360/129
f 131/19/131 469/541/469 130/359/130
f 125/364/125 454/536/454 138/370/138
f 454/536/454 137/368/137 138/370/138
f 126/363/126 455/537/455 454/536/454
f 455/537/455 456/542/456 454/536/454
f 454/536/454 456/542/456 137/368/137
f 456/542/456 136/371/136 137/368/137
f 127/362/127 457/538/457 455/537/455
f 457/538/457 458/543/458 455/537/455
f 455/537/455 458/543/458 456/542/456
f 458/543/458 459/544/459 456/542/456
f 456/542/456 459/544/459 136/371/136
f 459/544/459 135/373/135 136/371/136
f 128/361/128 460/539/460 457/538/457
f 460/539/460 461/545/461 457/538/457
f 457/538/457 461/545/461 458/543/458
f 461/545/461 462/546/462 458/543/458
f 458/543/458 462/546/462 459/544/459
f 462/546/462 463/547/463 459/544/459
f 459/544/459 463/547/463 135/373/135
f 463/547/463 134/375/134 135/373/135
f 129/360/129 464/540/464 460/539/460
f 464/540/464 465/548/465 460/539/460
f 460/539/460 465/548/465 461/545/461
f 465/548/465 466/549/466 461/545/461
f 461/545/461 466/549/466 462/546/462
f 466/549/466 467/550/467 462/546/462
f 462/546/462 467/550/467 463/547/463
f 467/550/467 468/551/468 463/547/463
f 463/547/463 468/551/468 134/375/134
f 468/551/468 133/377/133 134/375/134
f 130/359/130 469/541/469 464/540/464
f 469/541/469 470/552/470 464/540/464
f 464/540/464 470/552/470 465/548/465
f 470/553/470 471/554/471 465/555/465
f 465/548/465 471/556/471 466/549/466
f 471/556/471 472/557/472 466/549/466
f 466/549/466 472/557/472 467/550/467
f 472/558/472 473/559/473 467/560/467
f 467/560/467 473/559/473 468/561/468
f 473/562/473 474/563/474 468/551/468
f 468/551/468 474/563/474 133/377/133
f 474/564/474 132/565/132 133/566/133
f 131/19/131 75/18/75 469/541/469
f 75/18/75 74/567/74 469/541/469
f 469/541/469 74/567/74 470/552/470
f 74/567/74 73/568/73 470/552/470
f 470/553/470 73/569/73 471/554/471
f 73/568/73 72/570/72 471/556/471
f 471/556/471 72/570/72 472/557/472
f 72/570/72 71/571/71 472/557/472
f 472/557/472 71/571/71 473/562/473
f 71/571/71 70/572/70 473/562/473
f 473/573/473 70/574/70 474/575/474
f 70/574/70 69/576/69 474/575/474
f 474/563/474 69/577/69 132/25/132
f 69/577/69 4/14/4 132/25/132
f 111/420/111 124/422/124 8/421/8
f 112/419/112 475/578/475 111/420/111
f 113/418/113 476/579/476 112/419/112
f 114/417/114 478/580/478 113/418/113
f 115/581/115 481/582/481 114/583/114
f 116/414/116 485/584/485 115/415/115
f 117/16/117 490/585/490 116/414/116
f 111/420/111 475/578/475 124/422/124
f 475/578/475 123/423/123 124/422/124
f 112/419/112 476/579/476 475/578/475
f 476/579/476 477/586/477 475/578/475
f 475/578/475 477/586/477 123/423/123
f 477/586/477 122/425/122 123/423/123
f 113/418/113 478/580/478 476/579/476
f 478/580/478 479/587/479 476/579/476
f 476/579/476 479/587/479 477/586/477
f 479/587/479 480/588/480 477/586/477
f 477/586/477 480/588/480 122/425/122
f 480/588/480 121/427/121 122/425/122
f 114/589/114 481/590/481 478/591/478
f 481/592/481 482/593/482 478/580/478
f 478/580/478 482/593/482 479/587/479
f 482/593/482 483/594/483 479/587/479
f 479/587/479 483/594/483 480/588/480
f 483/594/483 484/595/484 480/588/480
f 480/588/480 484/595/484 121/427/121
f 484/595/484 120/429/120 121/427/121
f 115/581/115 485/596/485 481/582/481
f 485/596/485 486/597/486 481/582/481
f 481/598/481 486/599/486 482/600/482
f 486/601/486 487/602/487 482/603/482
f 482/593/482 487/604/487 483/594/483
f 487/604/487 488/605/488 483/594/483
f 483/594/483 488/605/488 484/595/484
f 488/605/488 489/606/489 484/595/484
f 484/595/484 489/606/489 120/429/120
f 489/606/489 119/431/119 120/429/120
f 116/414/116 490/585/490 485/584/485
f 490/607/490 491/608/491 485/609/485
f 485/609/485 491/608/491 486/610/486
f 491/611/491 492/612/492 486/601/486
f 486/601/486 492/612/492 487/602/487
f 492/613/492 493/614/493 487/615/487
f 487/604/487 493/616/493 488/605/488
f 493/616/493 494/617/494 488/605/488
f 488/605/488 494/617/494 489/606/489
f 494/617/494 495/618/495 489/606/489
f 489/606/489 495/618/495 119/431/119
f 495/618/495 118/24/118 119/431/119
f 117/16/117 61/15/61 490/585/490
f 61/619/61 60/620/60 490/607/490
f 490/607/490 60/620/60 491/608/491
f 60/620/60 59/621/59 491/608/491
f 491/608/491 59/621/59 492/613/492
f 59/621/59 58/622/58 492/613/492
f 492/613/492 58/622/58 493/614/493
f 58/622/58 57/623/57 493/614/493
f 493/616/493 57/624/57 494/617/494
f 57/624/57 56/625/56 494/617/494
f 494/626/494 56/627/56 495/628/495
f 56/627/56 55/629/55 495/628/495
f 495/628/495 55/629/55 118/630/118
f 55/629/55 3/631/3 118/630/118
f 97/457/97 110/458/110 7/28/7
f 98/456/98 496/632/496 97/457/97
f 99/455/99 497/633/497 98/456/98
f 100/454/100 499/634/499 99/455/99
f 101/453/101 502/635/502 100/454/100
f 102/452/102 506/636/506 101/453/101
f 103/637/103 511/638/511 102/639/102
f 97/457/97 496/632/496 110/458/110
f 496/632/496 109/459/109 110/458/110
f 98/456/98 497/633/497 496/632/496
f 497/633/497 498/640/498 496/632/496
f 496/632/496 498/640/498 109/459/109
f 498/640/498 108/461/108 109/459/109
f 99/455/99 499/634/499 497/633/497
f 499/634/499 500/641/500 497/633/497
f 497/633/497 500/641/500 498/640/498
f 500/641/500 501/642/501 498/640/498
f 498/640/498 501/642/501 108/461/108
f 501/642/501 107/643/107 108/461/108
f 100/454/100 502/635/502 499/634/499
f 502/635/502 503/644/503 499/634/499
f 499/634/499 503/644/503 500/641/500
f 503/644/503 504/645/504 500/641/500
f 500/641/500 504/645/504 501/642/501
f 504/645/504 505/646/505 501/642/501
f 501/642/501 505/646/505 107/643/107
f 505/647/505 106/466/106 107/463/107
f 101/453/101 506/636/506 502/635/502
f 506/636/506 507/648/507 502/635/502
f 502/635/502 507/648/507 503/644/503
f 507/648/507 508/649/508 503/644/503
f 503/644/503 508/649/508 504/645/504
f 508/649/508 509/650/509 504/645/504
f 504/645/504 509/650/509 505/646/505
f 509/651/509 510/652/510 505/647/505
f 505/647/505 510/652/510 106/466/106
f 510/652/510 105/468/105 106/466/106
f 102/639/102 511/638/511 506/653/506
f 511/654/511 512/655/512 506/636/506
f 506/636/506 512/655/512 507/648/507
f 512/655/512 513/656/513 507/648/507
f 507/648/507 513/656/513 508/649/508
f 513/657/513 514/658/514 508/659/508
f 508/659/508 514/658/514 509/660/509
f 514/658/514 515/661/515 509/660/509
f 509/651/509 515/662/515 510/652/510
f 515/662/515 516/663/516 510/652/510
f 510/652/510 516/663/516 105/468/105
f 516/663/516 104/23/104 105/468/105
f 103/13/103 33/12/33 511/654/511
f 33/12/33 32/664/32 511/654/511
f 511/654/511 32/664/32 512/655/512
f 32/665/32 31/666/31 512/667/512
f 512/667/512 31/666/31 513/657/513
f 31/666/31 30/668/30 513/657/513
f 513/657/513 30/668/30 514/658/514
f 30/668/30 29/669/29 514/658/514
f 514/658/514 29/669/29 515/661/515
f 29/669/29 28/670/28 515/661/515
f 515/662/515 28/671/28 516/663/516
f 28/671/28 27/672/27 516/663/516
f 516/663/516 27/672/27 104/23/104
f 27/672/27 2/4/2 104/23/104
f 83/505/83 96/264/96 11/506/11
f 84/500/84 517/673/517 83/505/83
f 85/499/85 518/674/518 84/500/84
f 86/498/86 520/675/520 85/499/85
f 87/497/87 523/676/523 86/498/86
f 88/496/88 527/677/527 87/497/87
f 89/10/89 532/678/532 88/496/88
f 83/505/83 517/673/517 96/264/96
f 517/673/517 95/262/95 96/264/96
f 84/500/84 518/674/518 517/673/517
f 518/674/518 519/679/519 517/673/517
f 517/673/517 519/679/519 95/262/95
f 519/679/519 94/265/94 95/262/95
f 85/499/85 520/675/520 518/674/518
f 520/675/520 521/680/521 518/674/518
f 518/674/518 521/680/521 519/679/519
f 521/680/521 522/681/522 519/679/519
f 519/679/519 522/681/522 94/265/94
f 522/681/522 93/267/93 94/265/94
f 86/498/86 523/676/523 520/675/520
f 523/676/523 524/682/524 520/675/520
f 520/675/520 524/682/524 521/680/521
f 524/682/524 525/683/525 521/680/521
f 521/680/521 525/683/525 522/681/522
f 525/683/525 526/684/526 522/681/522
f 522/681/522 526/684/526 93/267/93
f 526/685/526 92/269/92 93/271/93
f 87/497/87 527/677/527 523/676/523
f 527/677/527 528/686/528 523/676/523
f 523/676/523 528/686/528 524/682/524
f 528/686/528 529/687/529 524/682/524
f 524/682/524 529/687/529 525/683/525
f 529/687/529 530/688/530 525/683/525
f 525/683/525 530/688/530 526/684/526
f 530/688/530 531/689/531 526/684/526
f 526/684/526 531/689/531 92/690/92
f 531/691/531 91/272/91 92/269/92
f 88/496/88 532/678/532 527/677/527
f 532/678/532 533/692/533 527/677/527
f 527/677/527 533/692/533 528/686/528
f 533/692/533 534/693/534 528/686/528
f 528/686/528 534/693/534 529/687/529
f 534/693/534 535/694/535 529/687/529
f 529/695/529 535/696/535 530/697/530
f 535/698/535 536/699/536 530/700/530
f 530/701/530 536/702/536 531/691/531
f 536/702/536 537/703/537 531/691/531
f 531/691/531 537/703/537 91/272/91
f 537/703/537 90/27/90 91/272/91
f 89/10/89 40/6/40 532/678/532
f 40/6/40 39/704/39 532/678/532
f 532/678/532 39/704/39 533/692/533
f 39/704/39 38/705/38 533/692/533
f 533/706/533 38/707/38 534/708/534
f 38/707/38 37/709/37 534/708/534
f 534/708/534 37/709/37 535/710/535
f 37/709/37 36/711/36 535/710/535
f 535/712/535 36/713/36 536/702/536
f 36/713/36 35/714/35 536/702/536
f 536/702/536 35/714/35 537/703/537
f 35/714/35 34/715/34 537/703/537
f 537/703/537 34/715/34 90/27/90
f 34/715/34 6/20/6 90/27/90
f 47/716/47 82/21/82 6/20/6
f 46/717/46 538/718/538 47/716/47
f 45/719/45 539/720/539 46/721/46
f 44/722/44 541/723/541 45/719/45
f 43/724/43 544/725/544 44/722/44
f 42/726/42 548/727/548 43/724/43
f 41/9/41 553/728/553 42/726/42
f 47/716/47 538/718/538 82/21/82
f 538/718/538 81/529/81 82/21/82
f 46/717/46 539/729/539 538/718/538
f 539/729/539 540/730/540 538/718/538
f 538/718/538 540/730/540 81/529/81
f 540/730/540 80/530/80 81/529/81
f 45/719/45 541/723/541 539/720/539
f 541/723/541 542/731/542 539/720/539
f 539/729/539 542/732/542 540/730/540
f 542/732/542 543/733/543 540/730/540
f 540/730/540 543/733/543 80/530/80
f 543/733/543 79/531/79 80/530/80
f 44/722/44 544/725/544 541/723/541
f 544/725/544 545/734/545 541/723/541
f 541/723/541 545/734/545 542/731/542
f 545/734/545 546/735/546 542/731/542
f 542/731/542 546/735/546 543/736/543
f 546/735/546 547/737/547 543/736/543
f 543/733/543 547/738/547 79/531/79
f 547/738/547 78/532/78 79/531/79
f 43/724/43 548/727/548 544/725/544
f 548/727/548 549/739/549 544/725/544
f 544/725/544 549/739/549 545/734/545
f 549/739/549 550/740/550 545/734/545
f 545/734/545 550/740/550 546/735/546
f 550/741/550 551/742/551 546/743/546
f 546/735/546 551/744/551 547/737/547
f 551/745/551 552/746/552 547/738/547
f 547/738/547 552/746/552 78/532/78
f 552/746/552 77/533/77 78/532/78
f 42/726/42 553/728/553 548/727/548
f 553/728/553 554/747/554 548/727/548
f 548/727/548 554/747/554 549/739/549
f 554/747/554 555/748/555 549/739/549
f 549/739/549 555/748/555 550/740/550
f 555/748/555 556/749/556 550/740/550
f 550/740/550 556/749/556 551/744/551
f 556/750/556 557/751/557 551/745/551
f 551/745/551 557/751/557 552/746/552
f 557/751/557 558/752/558 552/746/552
f 552/746/552 558/752/558 77/533/77
f 558/752/558 76/534/76 77/533/77
f 41/9/41 68/8/68 553/728/553
f 68/8/68 67/753/67 553/728/553
f 553/728/553 67/753/67 554/747/554
f 67/753/67 66/754/66 554/747/554
f 554/747/554 66/754/66 555/748/555
f 66/754/66 65/755/65 555/748/555
f 555/748/555 65/755/65 556/749/556
f 65/755/65 64/756/64 556/749/556
f 556/749/556 64/756/64 557/757/557
f 64/756/64 63/758/63 557/757/557
f 557/757/557 63/758/63 558/759/558
f 63/758/63 62/760/62 558/759/558
f 558/759/558 62/760/62 76/761/76
f 62/760/62 5/762/5 76/761/76
f 62/760/62 75/763/75 5/762/5
f 63/758/63 559/764/559 62/760/62
f 64/765/64 560/766/560 63/767/63
f 65/755/65 562/768/562 64/756/64
f 66/754/66 565/769/565 65/755/65
f 67/753/67 569/770/569 66/754/66
f 68/8/68 574/771/574 67/753/67
f 62/760/62 559/764/559 75/763/75
f 559/764/559 74/772/74 75/763/75
f 63/758/63 560/773/560 559/764/559
f 560/773/560 561/774/561 559/764/559
f 559/775/559 561/776/561 74/567/74
f 561/776/561 73/568/73 74/567/74
f 64/756/64 562/768/562 560/773/560
f 562/768/562 563/777/563 560/773/560
f 560/773/560 563/777/563 561/774/561
f 563/777/563 564/778/564 561/774/561
f 561/776/561 564/779/564 73/568/73
f 564/779/564 72/570/72 73/568/73
f 65/755/65 565/769/565 562/768/562
f 565/780/565 566/781/566 562/782/562
f 562/782/562 566/781/566 563/783/563
f 566/784/566 567/785/567 563/786/563
f 563/777/563 567/787/567 564/778/564
f 567/787/567 568/788/568 564/778/564
f 564/778/564 568/788/568 72/789/72
f 568/788/568 71/790/71 72/789/72
f 66/754/66 569/770/569 565/769/565
f 569/770/569 570/791/570 565/769/565
f 565/769/565 570/791/570 566/792/566
f 570/791/570 571/793/571 566/792/566
f 566/792/566 571/793/571 567/787/567
f 571/793/571 572/794/572 567/787/567
f 567/787/567 572/794/572 568/788/568
f 572/794/572 573/795/573 568/788/568
f 568/788/568 573/795/573 71/790/71
f 573/796/573 70/572/70 71/571/71
f 67/753/67 574/771/574 569/770/569
f 574/771/574 575/797/575 569/770/569
f 569/770/569 575/797/575 570/791/570
f 575/797/575 576/798/576 570/791/570
f 570/791/570 576/798/576 571/793/571
f 576/798/576 577/799/577 571/793/571
f 571/793/571 577/799/577 572/794/572
f 577/799/577 578/800/578 572/794/572
f 572/794/572 578/800/578 573/795/573
f 578/801/578 579/802/579 573/796/573
f 573/796/573 579/802/579 70/572/70
f 579/803/579 69/576/69 70/574/70
f 68/8/68 54/7/54 574/771/574
f 54/7/54 53/804/53 574/771/574
f 574/771/574 53/804/53 575/797/575
f 53/804/53 52/805/52 575/797/575
f 575/797/575 52/805/52 576/798/576
f 52/805/52 51/806/51 576/798/576
f 576/798/576 51/806/51 577/799/577
f 51/806/51 50/807/50 577/799/577
f 577/799/577 50/807/50 578/800/578
f 50/807/50 49/808/49 578/800/578
f 578/801/578 49/809/49 579/802/579
f 49/808/49 48/810/48 579/803/579
f 579/803/579 48/810/48 69/576/69
f 48/810/48 4/811/4 69/576/69
f 48/810/48 61/619/61 4/811/4
f 49/808/49 580/812/580 48/810/48
f 50/807/50 581/813/581 49/808/49
f 51/806/51 583/814/583 50/807/50
f 52/805/52 586/815/586 51/806/51
f 53/804/53 590/816/590 52/805/52
f 54/7/54 595/817/595 53/804/53
f 48/810/48 580/812/580 61/619/61
f 580/812/580 60/620/60 61/619/61
f 49/808/49 581/813/581 580/812/580
f 581/813/581 582/818/582 580/812/580
f 580/812/580 582/818/582 60/620/60
f 582/818/582 59/621/59 60/620/60
f 50/807/50 583/814/583 581/813/581
f 583/814/583 584/819/584 581/813/581
f 581/813/581 584/819/584 582/818/582
f 584/819/584 585/820/585 582/818/582
f 582/818/582 585/820/585 59/621/59
f 585/820/585 58/622/58 59/621/59
f 51/806/51 586/815/586 583/814/583
f 586/815/586 587/821/587 583/814/583
f 583/814/583 587/821/587 584/819/584
f 587/821/587 588/822/588 584/819/584
f 584/819/584 588/822/588 585/820/585
f 588/822/588 589/823/589 585/820/585
f 585/820/585 589/823/589 58/622/58
f 589/823/589 57/623/57 58/622/58
f 52/805/52 590/816/590 586/815/586
f 590/816/590 591/824/591 586/815/586
f 586/815/586 591/824/591 587/821/587
f 591/824/591 592/825/592 587/821/587
f 587/821/587 592/825/592 588/822/588
f 592/825/592 593/826/593 588/822/588
f 588/822/588 593/826/593 589/823/589
f 593/826/593 594/827/594 589/823/589
f 589/823/589 594/827/594 57/623/57
f 594/827/594 56/627/56 57/623/57
f 53/804/53 595/817/595 590/816/590
f 595/817/595 596/828/596 590/816/590
f 590/816/590 596/828/596 591/824/591
f 596/828/596 597/829/597 591/824/591
f 591/824/591 597/829/597 592/825/592
f 597/829/597 598/830/598 592/825/592
f 592/825/592 598/830/598 593/826/593
f 598/830/598 599/831/599 593/826/593
f 593/826/593 599/831/599 594/827/594
f 599/831/599 600/832/600 594/827/594
f 594/827/594 600/832/600 56/627/56
f 600/832/600 55/629/55 56/627/56
f 54/7/54 19/3/19 595/817/595
f 19/3/19 18/833/18 595/817/595
f 595/817/595 18/833/18 596/828/596
f 18/833/18 17/834/17 596/828/596
f 596/828/596 17/834/17 597/829/597
f 17/834/17 16/835/16 597/829/597
f 597/829/597 16/835/16 598/830/598
f 16/835/16 15/836/15 598/830/598
f 598/830/598 15/836/15 599/831/599
f 15/836/15 14/837/14 599/831/599
f 599/831/599 14/837/14 600/832/600
f 14/837/14 13/838/13 600/832/600
f 600/832/600 13/838/13 55/629/55
f 13/838/13 3/631/3 55/629/55
f 34/715/34 47/716/47 6/20/6
f 35/714/35 601/839/601 34/715/34
f 36/711/36 602/840/602 35/841/35
f 37/709/37 604/842/604 36/711/36
f 38/707/38 607/843/607 37/709/37
f 39/844/39 611/845/611 38/707/38
f 40/6/40 616/846/616 39/704/39
f 34/715/34 601/839/601 47/716/47
f 601/839/601 46/717/46 47/716/47
f 35/714/35 602/847/602 601/839/601
f 602/840/602 603/848/603 601/849/601
f 601/849/601 603/848/603 46/721/46
f 603/848/603 45/719/45 46/721/46
f 36/711/36 604/842/604 602/840/602
f 604/842/604 605/850/605 602/840/602
f 602/840/602 605/850/605 603/848/603
f 605/850/605 606/851/606 603/848/603
f 603/848/603 606/851/606 45/719/45
f 606/851/606 44/722/44 45/719/45
f 37/709/37 607/843/607 604/842/604
f 607/843/607 608/852/608 604/842/604
f 604/842/604 608/852/608 605/850/605
f 608/852/608 609/853/609 605/850/605
f 605/850/605 609/853/609 606/851/606
f 609/853/609 610/854/610 606/851/606
f 606/851/606 610/854/610 44/722/44
f 610/854/610 43/724/43 44/722/44
f 38/707/38 611/845/611 607/843/607
f 611/845/611 612/855/612 607/843/607
f 607/843/607 612/855/612 608/852/608
f 612/855/612 613/856/613 608/852/608
f 608/852/608 613/856/613 609/853/609
f 613/856/613 614/857/614 609/853/609
f 609/853/609 614/857/614 610/854/610
f 614/857/614 615/858/615 610/854/610
f 610/854/610 615/858/615 43/724/43
f 615/858/615 42/726/42 43/724/43
f 39/844/39 616/859/616 611/845/611
f 616/859/616 617/860/617 611/845/611
f 611/845/611 617/860/617 612/855/612
f 617/860/617 618/861/618 612/855/612
f 612/855/612 618/861/618 613/856/613
f 618/861/618 619/862/619 613/856/613
f 613/856/613 619/862/619 614/857/614
f 619/862/619 620/863/620 614/857/614
f 614/857/614 620/863/620 615/858/615
f 620/863/620 621/864/621 615/858/615
f 615/858/615 621/864/621 42/726/42
f 621/864/621 41/9/41 42/726/42
f 40/865/40 26/866/26 616/859/616
f 26/866/26 25/867/25 616/859/616
f 616/859/616 25/867/25 617/860/617
f 25/867/25 24/868/24 617/860/617
f 617/860/617 24/868/24 618/861/618
f 24/868/24 23/869/23 618/861/618
f 618/861/618 23/869/23 619/862/619
f 23/869/23 22/870/22 619/862/619
f 619/862/619 22/870/22 620/863/620
f 22/870/22 21/871/21 620/863/620
f 620/863/620 21/871/21 621/864/621
f 21/871/21 20/2/20 621/864/621
f 621/864/621 20/2/20 41/9/41
f 20/2/20 1/1/1 41/9/41
f 13/838/13 33/872/33 3/631/3
f 14/837/14 622/873/622 13/838/13
f 15/836/15 623/874/623 14/837/14
f 16/835/16 625/875/625 15/836/15
f 17/834/17 628/876/628 16/835/16
f 18/833/18 632/877/632 17/834/17
f 19/3/19 637/878/637 18/833/18
f 13/838/13 622/873/622 33/872/33
f 622/873/622 32/665/32 33/872/33
f 14/837/14 623/874/623 622/873/622
f 623/874/623 624/879/624 622/873/622
f 622/873/622 624/879/624 32/665/32
f 624/879/624 31/666/31 32/665/32
f 15/836/15 625/875/625 623/874/623
f 625/875/625 626/880/626 623/874/623
f 623/874/623 626/880/626 624/879/624
f 626/880/626 627/881/627 624/879/624
f 624/879/624 627/881/627 31/666/31
f 627/881/627 30/668/30 31/666/31
f 16/835/16 628/876/628 625/875/625
f 628/876/628 629/882/629 625/875/625
f 625/875/625 629/882/629 626/880/626
f 629/882/629 630/883/630 626/880/626
f 626/880/626 630/883/630 627/881/627
f 630/883/630 631/884/631 627/881/627
f 627/881/627 631/884/631 30/668/30
f 631/884/631 29/669/29 30/668/30
f 17/834/17 632/877/632 628/876/628
f 632/877/632 633/885/633 628/876/628
f 628/876/628 633/885/633 629/882/629
f 633/885/633 634/886/634 629/882/629
f 629/882/629 634/886/634 630/883/630
f 634/886/634 635/887/635 630/883/630
f 630/883/630 635/887/635 631/884/631
f 635/887/635 636/888/636 631/884/631
f 631/884/631 636/888/636 29/669/29
f 636/888/636 28/670/28 29/669/29
f 18/833/18 637/878/637 632/877/632
f 637/878/637 638/889/638 632/877/632
f 632/877/632 638/889/638 633/885/633
f 638/889/638 639/890/639 633/885/633
f 633/885/633 639/890/639 634/886/634
f 639/890/639 640/891/640 634/886/634
f 634/886/634 640/891/640 635/887/635
f 640/891/640 641/892/641 635/887/635
f 635/887/635 641/892/641 636/888/636
f 641/892/641 642/893/642 636/888/636
f 636/888/636 642/893/642 28/670/28
f 642/893/642 27/894/27 28/670/28
f 19/3/19 20/2/20 637/878/637
f 20/2/20 21/871/21 637/878/637
f 637/878/637 21/871/21 638/889/638
f 21/871/21 22/870/22 638/889/638
f 638/889/638 22/870/22 639/890/639
f 22/870/22 23/869/23 639/890/639
f 639/890/639 23/869/23 640/891/640
f 23/869/23 24/868/24 640/891/640
f 640/891/640 24/868/24 641/892/641
f 24/868/24 25/867/25 641/892/641
f 641/892/641 25/867/25 642/893/642
f 25/867/25 26/866/26 642/893/642
f 642/893/642 26/866/26 27/894/27
f 26/5/26 2/4/2 27/672/27
f 643/895/643 662/896/662 661/897/661
f 644/898/644 668/899/668 682/900/682
f 643/895/643 661/897/661 696/901/696
f 643/895/643 696/901/696 710/902/710
f 643/895/643 710/902/710 683/903/683
f 644/898/644 682/900/682 731/904/731
f 645/905/645 675/906/675 745/907/745
f 646/908/646 703/909/703 759/910/759
f 647/911/647 717/912/717 773/913/773
f 648/914/648 724/915/724 787/916/787
f 644/898/644 731/904/731 746/917/746
f 645/918/645 745/919/745 760/920/760
f 646/921/646 759/922/759 774/923/774
f 647/911/647 773/913/773 788/924/788
f 648/914/648 787/916/787 732/925/732
f 649/926/649 801/927/801 836/928/836
f 650/929/650 808/930/808 850/931/850
f 651/932/651 815/933/815 857/934/857
f 652/935/652 822/936/822 864/937/864
f 653/938/653 829/939/829 837/940/837
f 843/941/843 858/942/858 654/943/654
f 842/944/842 865/945/865 843/941/843
f 841/946/841 866/947/866 842/944/842
f 840/948/840 868/949/868 841/946/841
f 839/950/839 871/951/871 840/948/840
f 838/952/838 875/953/875 839/950/839
f 837/954/837 880/955/880 838/952/838
f 843/941/843 865/945/865 858/942/858
f 865/945/865 859/956/859 858/942/858
f 842/944/842 866/947/866 865/945/865
f 866/947/866 867/957/867 865/945/865
f 865/945/865 867/957/867 859/956/859
f 867/957/867 860/958/860 859/956/859
f 841/946/841 868/949/868 866/947/866
f 868/949/868 869/959/869 866/947/866
f 866/947/866 869/959/869 867/957/867
f 869/959/869 870/960/870 867/957/867
f 867/957/867 870/960/870 860/958/860
f 870/960/870 861/961/861 860/958/860
f 840/948/840 871/951/871 868/949/868
f 871/951/871 872/962/872 868/949/868
f 868/949/868 872/962/872 869/959/869
f 872/962/872 873/963/873 869/959/869
f 869/959/869 873/963/873 870/960/870
f 873/963/873 874/964/874 870/960/870
f 870/960/870 874/964/874 861/961/861
f 874/964/874 862/965/862 861/961/861
f 839/950/839 875/953/875 871/951/871
f 875/953/875 876/966/876 871/951/871
f 871/951/871 876/966/876 872/962/872
f 876/966/876 877/967/877 872/962/872
f 872/962/872 877/967/877 873/963/873
f 877/967/877 878/968/878 873/963/873
f 873/963/873 878/968/878 874/964/874
f 878/968/878 879/969/879 874/964/874
f 874/964/874 879/969/879 862/965/862
f 879/969/879 863/970/863 862/965/862
f 838/952/838 880/955/880 875/953/875
f 880/955/880 881/971/881 875/953/875
f 875/953/875 881/971/881 876/966/876
f 881/971/881 882/972/882 876/966/876
f 876/966/876 882/972/882 877/967/877
f 882/972/882 883/973/883 877/967/877
f 877/967/877 883/973/883 878/968/878
f 883/973/883 884/974/884 878/968/878
f 878/968/878 884/974/884 879/969/879
f 884/974/884 885/975/885 879/969/879
f 879/969/879 885/975/885 863/970/863
f 885/975/885 864/937/864 863/970/863
f 837/954/837 829/976/829 880/955/880
f 829/976/829 828/977/828 880/955/880
f 880/955/880 828/977/828 881/971/881
f 828/977/828 827/978/827 881/971/881
f 881/971/881 827/978/827 882/972/882
f 827/978/827 826/979/826 882/972/882
f 882/972/882 826/979/826 883/973/883
f 826/980/826 825/981/825 883/982/883
f 883/982/883 825/981/825 884/983/884
f 825/981/825 824/984/824 884/983/884
f 884/983/884 824/984/824 885/985/885
f 824/986/824 823/987/823 885/975/885
f 885/975/885 823/987/823 864/937/864
f 823/987/823 652/935/652 864/937/864
f 858/942/858 851/988/851 654/943/654
f 859/956/859 886/989/886 858/942/858
f 860/958/860 887/990/887 859/956/859
f 861/961/861 889/991/889 860/958/860
f 862/965/862 892/992/892 861/961/861
f 863/970/863 896/993/896 862/965/862
f 864/937/864 901/994/901 863/970/863
f 858/942/858 886/989/886 851/988/851
f 886/989/886 852/995/852 851/988/851
f 859/956/859 887/990/887 886/989/886
f 887/990/887 888/996/888 886/989/886
f 886/989/886 888/996/888 852/995/852
f 888/996/888 853/997/853 852/995/852
f 860/958/860 889/991/889 887/990/887
f 889/991/889 890/998/890 887/990/887
f 887/990/887 890/998/890 888/996/888
f 890/998/890 891/999/891 888/996/888
f 888/996/888 891/999/891 853/997/853
f 891/999/891 854/1000/854 853/997/853
f 861/961/861 892/992/892 889/991/889
f 892/992/892 893/1001/893 889/991/889
f 889/991/889 893/1001/893 890/998/890
f 893/1001/893 894/1002/894 890/998/890
f 890/998/890 894/1002/894 891/999/891
f 894/1002/894 895/1003/895 891/999/891
f 891/999/891 895/1003/895 854/1000/854
f 895/1003/895 855/1004/855 854/1000/854
f 862/965/862 896/993/896 892/992/892
f 896/993/896 897/1005/897 892/992/892
f 892/992/892 897/1005/897 893/1001/893
f 897/1005/897 898/1006/898 893/1001/893
f 893/1001/893 898/1006/898 894/1002/894
f 898/1006/898 899/1007/899 894/1002/894
f 894/1002/894 899/1007/899 895/1003/895
f 899/1007/899 900/1008/900 895/1003/895
f 895/1003/895 900/1008/900 855/1004/855
f 900/1008/900 856/1009/856 855/1004/855
f 863/970/863 901/994/901 896/993/896
f 901/994/901 902/1010/902 896/993/896
f 896/993/896 902/1010/902 897/1005/897
f 902/1010/902 903/1011/903 897/1005/897
f 897/1005/897 903/1011/903 898/1006/898
f 903/1011/903 904/1012/904 898/1006/898
f 898/1006/898 904/1012/904 899/1007/899
f 904/1012/904 905/1013/905 899/1007/899
f 899/1007/899 905/1013/905 900/1008/900
f 905/1013/905 906/1014/906 900/1008/900
f 900/1008/900 906/1014/906 856/1009/856
f 906/1014/906 857/1015/857 856/1009/856
f 864/937/864 822/936/822 901/994/901
f 822/936/822 821/1016/821 901/994/901
f 901/994/901 821/1016/821 902/1010/902
f 821/1016/821 820/1017/820 902/1010/902
f 902/1010/902 820/1017/820 903/1011/903
f 820/1017/820 819/1018/819 903/1011/903
f 903/1011/903 819/1018/819 904/1012/904
f 819/1019/819 818/1020/818 904/1021/904
f 904/1021/904 818/1020/818 905/1022/905
f 818/1023/818 817/1024/817 905/1013/905
f 905/1013/905 817/1024/817 906/1014/906
f 817/1024/817 816/1025/816 906/1014/906
f 906/1014/906 816/1025/816 857/1015/857
f 816/1025/816 651/1026/651 857/1015/857
f 851/988/851 844/1027/844 654/943/654
f 852/995/852 907/1028/907 851/988/851
f 853/997/853 908/1029/908 852/995/852
f 854/1000/854 910/1030/910 853/997/853
f 855/1004/855 913/1031/913 854/1000/854
f 856/1009/856 917/1032/917 855/1004/855
f 857/1015/857 922/1033/922 856/1009/856
f 851/988/851 907/1028/907 844/1027/844
f 907/1028/907 845/1034/845 844/1027/844
f 852/995/852 908/1029/908 907/1028/907
f 908/1029/908 909/1035/909 907/1028/907
f 907/1028/907 909/1035/909 845/1034/845
f 909/1035/909 846/1036/846 845/1034/845
f 853/997/853 910/1030/910 908/1029/908
f 910/1030/910 911/1037/911 908/1029/908
f 908/1029/908 911/1037/911 909/1035/909
f 911/1037/911 912/1038/912 909/1035/909
f 909/1035/909 912/1038/912 846/1036/846
f 912/1038/912 847/1039/847 846/1036/846
f 854/1000/854 913/1031/913 910/1030/910
f 913/1031/913 914/1040/914 910/1030/910
f 910/1030/910 914/1040/914 911/1037/911
f 914/1040/914 915/1041/915 911/1037/911
f 911/1037/911 915/1041/915 912/1038/912
f 915/1041/915 916/1042/916 912/1038/912
f 912/1038/912 916/1042/916 847/1039/847
f 916/1043/916 848/1044/848 847/1045/847
f 855/1004/855 917/1032/917 913/1031/913
f 917/1032/917 918/1046/918 913/1031/913
f 913/1031/913 918/1046/918 914/1040/914
f 918/1046/918 919/1047/919 914/1040/914
f 914/1040/914 919/1047/919 915/1041/915
f 919/1047/919 920/1048/920 915/1041/915
f 915/1041/915 920/1048/920 916/1042/916
f 920/1049/920 921/1050/921 916/1043/916
f 916/1043/916 921/1050/921 848/1044/848
f 921/1051/921 849/1052/849 848/1053/848
f 856/1009/856 922/1033/922 917/1032/917
f 922/1033/922 923/1054/923 917/1032/917
f 917/1032/917 923/1054/923 918/1046/918
f 923/1054/923 924/1055/924 918/1046/918
f 918/1046/918 924/1055/924 919/1047/919
f 924/1055/924 925/1056/925 919/1047/919
f 919/1047/919 925/1056/925 920/1048/920
f 925/1056/925 926/1057/926 920/1048/920
f 920/1048/920 926/1057/926 921/1051/921
f 926/1057/926 927/1058/927 921/1051/921
f 921/1051/921 927/1058/927 849/1052/849
f 927/1058/927 850/1059/850 849/1052/849
f 857/934/857 815/933/815 922/1060/922
f 815/1061/815 814/1062/814 922/1033/922
f 922/1033/922 814/1062/814 923/1054/923
f 814/1062/814 813/1063/813 923/1054/923
f 923/1054/923 813/1063/813 924/1055/924
f 813/1063/813 812/1064/812 924/1055/924
f 924/1055/924 812/1064/812 925/1056/925
f 812/1064/812 811/1065/811 925/1056/925
f 925/1056/925 811/1065/811 926/1057/926
f 811/1066/811 810/1067/810 926/1068/926
f 926/1068/926 810/1067/810 927/1069/927
f 810/1070/810 809/1071/809 927/1072/927
f 927/1069/927 809/1073/809 850/931/850
f 809/1073/809 650/929/650 850/931/850
f 844/1027/844 830/1074/830 654/943/654
f 845/1034/845 928/1075/928 844/1027/844
f 846/1036/846 929/1076/929 845/1034/845
f 847/1039/847 931/1077/931 846/1036/846
f 848/1044/848 934/1078/934 847/1045/847
f 849/1052/849 938/1079/938 848/1053/848
f 850/1059/850 943/1080/943 849/1052/849
f 844/1027/844 928/1075/928 830/1074/830
f 928/1075/928 831/1081/831 830/1074/830
f 845/1034/845 929/1076/929 928/1075/928
f 929/1076/929 930/1082/930 928/1075/928
f 928/1075/928 930/1082/930 831/1081/831
f 930/1082/930 832/1083/832 831/1081/831
f 846/1036/846 931/1077/931 929/1076/929
f 931/1077/931 932/1084/932 929/1076/929
f 929/1076/929 932/1084/932 930/1082/930
f 932/1084/932 933/1085/933 930/1082/930
f 930/1082/930 933/1085/933 832/1083/832
f 933/1085/933 833/1086/833 832/1083/832
f 847/1045/847 934/1078/934 931/1087/931
f 934/1078/934 935/1088/935 931/1087/931
f 931/1077/931 935/1089/935 932/1084/932
f 935/1089/935 936/1090/936 932/1084/932
f 932/1084/932 936/1090/936 933/1085/933
f 936/1090/936 937/1091/937 933/1085/933
f 933/1085/933 937/1091/937 833/1086/833
f 937/1091/937 834/1092/834 833/1086/833
f 848/1053/848 938/1079/938 934/1093/934
f 938/1079/938 939/1094/939 934/1093/934
f 934/1093/934 939/1094/939 935/1089/935
f 939/1094/939 940/1095/940 935/1089/935
f 935/1089/935 940/1095/940 936/1090/936
f 940/1095/940 941/1096/941 936/1090/936
f 936/1090/936 941/1096/941 937/1091/937
f 941/1096/941 942/1097/942 937/1091/937
f 937/1091/937 942/1097/942 834/1092/834
f 942/1097/942 835/1098/835 834/1092/834
f 849/1052/849 943/1080/943 938/1079/938
f 943/1099/943 944/1100/944 938/1101/938
f 938/1101/938 944/1100/944 939/1102/939
f 944/1100/944 945/1103/945 939/1102/939
f 939/1094/939 945/1104/945 940/1095/940
f 945/1103/945 946/1105/946 940/1106/940
f 940/1106/940 946/1105/946 941/1107/941
f 946/1105/946 947/1108/947 941/1107/941
f 941/1107/941 947/1108/947 942/1109/942
f 947/1108/947 948/1110/948 942/1109/942
f 942/1097/942 948/1111/948 835/1098/835
f 948/1111/948 836/928/836 835/1098/835
f 850/931/850 808/930/808 943/1099/943
f 808/930/808 807/1112/807 943/1099/943
f 943/1099/943 807/1112/807 944/1100/944
f 807/1113/807 806/1114/806 944/1115/944
f 944/1115/944 806/1114/806 945/1116/945
f 806/1117/806 805/1118/805 945/1103/945
f 945/1103/945 805/1118/805 946/1105/946
f 805/1118/805 804/1119/804 946/1105/946
f 946/1105/946 804/1119/804 947/1108/947
f 804/1119/804 803/1120/803 947/1108/947
f 947/1108/947 803/1120/803 948/1110/948
f 803/1120/803 802/1121/802 948/1110/948
f 948/1110/948 802/1121/802 836/1122/836
f 802/1123/802 649/926/649 836/928/836
f 830/1074/830 843/941/843 654/943/654
f 831/1081/831 949/1124/949 830/1074/830
f 832/1083/832 950/1125/950 831/1081/831
f 833/1086/833 952/1126/952 832/1083/832
f 834/1092/834 955/1127/955 833/1086/833
f 835/1098/835 959/1128/959 834/1092/834
f 836/928/836 964/1129/964 835/1098/835
f 830/1074/830 949/1124/949 843/941/843
f 949/1124/949 842/944/842 843/941/843
f 831/1081/831 950/1125/950 949/1124/949
f 950/1125/950 951/1130/951 949/1124/949
f 949/1124/949 951/1130/951 842/944/842
f 951/1130/951 841/946/841 842/944/842
f 832/1083/832 952/1126/952 950/1125/950
f 952/1126/952 953/1131/953 950/1125/950
f 950/1125/950 953/1131/953 951/1130/951
f 953/1131/953 954/1132/954 951/1130/951
f 951/1130/951 954/1132/954 841/946/841
f 954/1132/954 840/948/840 841/946/841
f 833/1086/833 955/1127/955 952/1126/952
f 955/1127/955 956/1133/956 952/1126/952
f 952/1126/952 956/1133/956 953/1131/953
f 956/1133/956 957/1134/957 953/1131/953
f 953/1131/953 957/1134/957 954/1132/954
f 957/1134/957 958/1135/958 954/1132/954
f 954/1132/954 958/1135/958 840/948/840
f 958/1135/958 839/950/839 840/948/840
f 834/1136/834 959/1137/959 955/1138/955
f 959/1128/959 960/1139/960 955/1127/955
f 955/1127/955 960/1139/960 956/1133/956
f 960/1139/960 961/1140/961 956/1133/956
f 956/1133/956 961/1140/961 957/1134/957
f 961/1140/961 962/1141/962 957/1134/957
f 957/1134/957 962/1141/962 958/1135/958
f 962/1141/962 963/1142/963 958/1135/958
f 958/1135/958 963/1142/963 839/950/839
f 963/1142/963 838/952/838 839/950/839
f 835/1143/835 964/1144/964 959/1145/959
f 964/1144/964 965/1146/965 959/1145/959
f 959/1128/959 965/1147/965 960/1139/960
f 965/1148/965 966/1149/966 960/1150/960
f 960/1139/960 966/1151/966 961/1140/961
f 966/1151/966 967/1152/967 961/1140/961
f 961/1140/961 967/1152/967 962/1141/962
f 967/1152/967 968/1153/968 962/1141/962
f 962/1141/962 968/1153/968 963/1142/963
f 968/1153/968 969/1154/969 963/1142/963
f 963/1142/963 969/1154/969 838/952/838
f 969/1154/969 837/954/837 838/952/838
f 836/928/836 801/927/801 964/1129/964
f 801/927/801 800/1155/800 964/1129/964
f 964/1144/964 800/1156/800 965/1146/965
f 800/1157/800 799/1158/799 965/1159/965
f 965/1148/965 799/1160/799 966/1149/966
f 799/1160/799 798/1161/798 966/1149/966
f 966/1162/966 798/1163/798 967/1164/967
f 798/1163/798 797/1165/797 967/1164/967
f 967/1164/967 797/1165/797 968/1166/968
f 797/1165/797 796/1167/796 968/1166/968
f 968/1166/968 796/1167/796 969/1168/969
f 796/1167/796 795/1169/795 969/1168/969
f 969/1168/969 795/1169/795 837/940/837
f 795/1169/795 653/938/653 837/940/837
f 738/1170/738 829/939/829 653/938/653
f 737/1171/737 970/1172/970 738/1170/738
f 736/1173/736 971/1174/971 737/1171/737
f 735/1175/735 973/1176/973 736/1173/736
f 734/1177/734 976/1178/976 735/1179/735
f 733/1180/733 980/1181/980 734/1177/734
f 732/925/732 985/1182/985 733/1180/733
f 738/1170/738 970/1172/970 829/939/829
f 970/1172/970 828/1183/828 829/939/829
f 737/1171/737 971/1174/971 970/1172/970
f 971/1174/971 972/1184/972 970/1172/970
f 970/1172/970 972/1184/972 828/1183/828
f 972/1185/972 827/1186/827 828/1187/828
f 736/1173/736 973/1176/973 971/1174/971
f 973/1188/973 974/1189/974 971/1190/971
f 971/1190/971 974/1189/974 972/1191/972
f 974/1192/974 975/1193/975 972/1194/972
f 972/1194/972 975/1193/975 827/1195/827
f 975/1196/975 826/1197/826 827/1198/827
f 735/1179/735 976/1178/976 973/1199/973
f 976/1178/976 977/1200/977 973/1199/973
f 973/1201/973 977/1202/977 974/1192/974
f 977/1202/977 978/1203/978 974/1192/974
f 974/1192/974 978/1203/978 975/1193/975
f 978/1204/978 979/1205/979 975/1206/975
f 975/1196/975 979/1207/979 826/1197/826
f 979/1208/979 825/1209/825 826/1210/826
f 734/1177/734 980/1181/980 976/1178/976
f 980/1181/980 981/1211/981 976/1178/976
f 976/1178/976 981/1211/981 977/1200/977
f 981/1211/981 982/1212/982 977/1200/977
f 977/1200/977 982/1212/982 978/1213/978
f 982/1212/982 983/1214/983 978/1213/978
f 978/1213/978 983/1214/983 979/1215/979
f 983/1214/983 984/1216/984 979/1215/979
f 979/1208/979 984/1217/984 825/1209/825
f 984/1217/984 824/1218/824 825/1209/825
f 733/1180/733 985/1182/985 980/1181/980
f 985/1182/985 986/1219/986 980/1181/980
f 980/1181/980 986/1219/986 981/1211/981
f 986/1219/986 987/1220/987 981/1211/981
f 981/1211/981 987/1220/987 982/1212/982
f 987/1220/987 988/1221/988 982/1212/982
f 982/1212/982 988/1221/988 983/1214/983
f 988/1221/988 989/1222/989 983/1214/983
f 983/1214/983 989/1222/989 984/1216/984
f 989/1222/989 990/1223/990 984/1216/984
f 984/1217/984 990/1224/990 824/1218/824
f 990/1223/990 823/1225/823 824/1226/824
f 732/925/732 787/916/787 985/1182/985
f 787/916/787 786/1227/786 985/1182/985
f 985/1182/985 786/1227/786 986/1219/986
f 786/1227/786 785/1228/785 986/1219/986
f 986/1219/986 785/1228/785 987/1220/987
f 785/1228/785 784/1229/784 987/1220/987
f 987/1220/987 784/1229/784 988/1221/988
f 784/1229/784 783/1230/783 988/1221/988
f 988/1221/988 783/1230/783 989/1222/989
f 783/1230/783 782/1231/782 989/1222/989
f 989/1222/989 782/1231/782 990/1223/990
f 782/1232/782 781/1233/781 990/1234/990
f 990/1223/990 781/1235/781 823/1225/823
f 781/1235/781 652/1236/652 823/1225/823
f 794/1237/794 822/1238/822 652/1236/652
f 793/1239/793 991/1240/991 794/1237/794
f 792/1241/792 992/1242/992 793/1239/793
f 791/1243/791 994/1244/994 792/1241/792
f 790/1245/790 997/1246/997 791/1243/791
f 789/1247/789 1001/1248/1001 790/1245/790
f 788/924/788 1006/1249/1006 789/1247/789
f 794/1237/794 991/1240/991 822/1238/822
f 991/1250/991 821/1016/821 822/936/822
f 793/1239/793 992/1242/992 991/1240/991
f 992/1242/992 993/1251/993 991/1240/991
f 991/1250/991 993/1252/993 821/1016/821
f 993/1252/993 820/1017/820 821/1016/821
f 792/1241/792 994/1244/994 992/1242/992
f 994/1244/994 995/1253/995 992/1242/992
f 992/1242/992 995/1253/995 993/1251/993
f 995/1254/995 996/1255/996 993/1256/993
f 993/1256/993 996/1255/996 820/1257/820
f 996/1255/996 819/1258/819 820/1257/820
f 791/1243/791 997/1246/997 994/1244/994
f 997/1259/997 998/1260/998 994/1261/994
f 994/1261/994 998/1260/998 995/1254/995
f 998/1262/998 999/1263/999 995/1264/995
f 995/1254/995 999/1265/999 996/1255/996
f 999/1265/999 1000/1266/1000 996/1255/996
f 996/1255/996 1000/1266/1000 819/1258/819
f 1000/1267/1000 818/1023/818 819/1018/819
f 790/1245/790 1001/1248/1001 997/1246/997
f 1001/1268/1001 1002/1269/1002 997/1259/997
f 997/1259/997 1002/1269/1002 998/1260/998
f 1002/1269/1002 1003/1270/1003 998/1260/998
f 998/1260/998 1003/1270/1003 999/1265/999
f 1003/1270/1003 1004/1271/1004 999/1265/999
f 999/1265/999 1004/1271/1004 1000/1266/1000
f 1004/1271/1004 1005/1272/1005 1000/1266/1000
f 1000/1267/1000 1005/1273/1005 818/1023/818
f 1005/1273/1005 817/1024/817 818/1023/818
f 789/1247/789 1006/1249/1006 1001/1248/1001
f 1006/1274/1006 1007/1275/1007 1001/1268/1001
f 1001/1268/1001 1007/1275/1007 1002/1269/1002
f 1007/1275/1007 1008/1276/1008 1002/1269/1002
f 1002/1269/1002 1008/1276/1008 1003/1270/1003
f 1008/1276/1008 1009/1277/1009 1003/1270/1003
f 1003/1270/1003 1009/1277/1009 1004/1271/1004
f 1009/1277/1009 1010/1278/1010 1004/1271/1004
f 1004/1271/1004 1010/1278/1010 1005/1272/1005
f 1010/1278/1010 1011/1279/1011 1005/1272/1005
f 1005/1272/1005 1011/1279/1011 817/1280/817
f 1011/1279/1011 816/1281/816 817/1280/817
f 788/924/788 773/913/773 1006/1249/1006
f 773/1282/773 772/1283/772 1006/1274/1006
f 1006/1274/1006 772/1283/772 1007/1275/1007
f 772/1283/772 771/1284/771 1007/1275/1007
f 1007/1275/1007 771/1284/771 1008/1276/1008
f 771/1284/771 770/1285/770 1008/1276/1008
f 1008/1276/1008 770/1285/770 1009/1277/1009
f 770/1285/770 769/1286/769 1009/1277/1009
f 1009/1277/1009 769/1286/769 1010/1278/1010
f 769/1286/769 768/1287/768 1010/1278/1010
f 1010/1278/1010 768/1287/768 1011/1279/1011
f 768/1287/768 767/1288/767 1011/1279/1011
f 1011/1279/1011 767/1288/767 816/1281/816
f 767/1288/767 651/932/651 816/1281/816
f 780/1289/780 815/933/815 651/932/651
f 779/1290/779 1012/1291/1012 780/1289/780
f 778/1292/778 1013/1293/1013 779/1290/779
f 777/1294/777 1015/1295/1015 778/1292/778
f 776/1296/776 1018/1297/1018 777/1294/777
f 775/1298/775 1022/1299/1022 776/1296/776
f 774/923/774 1027/1300/1027 775/1298/775
f 780/1289/780 1012/1291/1012 815/933/815
f 1012/1291/1012 814/1301/814 815/933/815
f 779/1290/779 1013/1293/1013 1012/1291/1012
f 1013/1293/1013 1014/1302/1014 1012/1291/1012
f 1012/1291/1012 1014/1302/1014 814/1301/814
f 1014/1303/1014 813/1063/813 814/1062/814
f 778/1292/778 1015/1295/1015 1013/1293/1013
f 1015/1295/1015 1016/1304/1016 1013/1293/1013
f 1013/1293/1013 1016/1304/1016 1014/1302/1014
f 1016/1304/1016 1017/1305/1017 1014/1302/1014
f 1014/1302/1014 1017/1305/1017 813/1306/813
f 1017/1305/1017 812/1307/812 813/1306/813
f 777/1294/777 1018/1297/1018 1015/1295/1015
f 1018/1297/1018 1019/1308/1019 1015/1295/1015
f 1015/1295/1015 1019/1308/1019 1016/1304/1016
f 1019/1308/1019 1020/1309/1020 1016/1304/1016
f 1016/1304/1016 1020/1309/1020 1017/1305/1017
f 1020/1309/1020 1021/1310/1021 1017/1305/1017
f 1017/1305/1017 1021/1310/1021 812/1307/812
f 1021/1311/1021 811/1065/811 812/1064/812
f 776/1296/776 1022/1299/1022 1018/1297/1018
f 1022/1299/1022 1023/1312/1023 1018/1297/1018
f 1018/1297/1018 1023/1312/1023 1019/1308/1019
f 1023/1312/1023 1024/1313/1024 1019/1308/1019
f 1019/1308/1019 1024/1313/1024 1020/1309/1020
f 1024/1313/1024 1025/1314/1025 1020/1309/1020
f 1020/1309/1020 1025/1314/1025 1021/1310/1021
f 1025/1315/1025 1026/1316/1026 1021/1317/1021
f 1021/1317/1021 1026/1316/1026 811/1066/811
f 1026/1316/1026 810/1067/810 811/1066/811
f 775/1298/775 1027/1300/1027 1022/1299/1022
f 1027/1300/1027 1028/1318/1028 1022/1299/1022
f 1022/1299/1022 1028/1318/1028 1023/1312/1023
f 1028/1318/1028 1029/1319/1029 1023/1312/1023
f 1023/1312/1023 1029/1319/1029 1024/1313/1024
f 1029/1320/1029 1030/1321/1030 1024/1322/1024
f 1024/1313/1024 1030/1323/1030 1025/1314/1025
f 1030/1323/1030 1031/1324/1031 1025/1314/1025
f 1025/1315/1025 1031/1325/1031 1026/1316/1026
f 1031/1325/1031 1032/1326/1032 1026/1316/1026
f 1026/1316/1026 1032/1326/1032 810/1067/810
f 1032/1326/1032 809/1073/809 810/1067/810
f 774/923/774 759/922/759 1027/1300/1027
f 759/922/759 758/1327/758 1027/1300/1027
f 1027/1300/1027 758/1327/758 1028/1318/1028
f 758/1327/758 757/1328/757 1028/1318/1028
f 1028/1318/1028 757/1328/757 1029/1319/1029
f 757/1329/757 756/1330/756 1029/1320/1029
f 1029/1320/1029 756/1330/756 1030/1321/1030
f 756/1330/756 755/1331/755 1030/1321/1030
f 1030/1321/1030 755/1331/755 1031/1325/1031
f 755/1331/755 754/1332/754 1031/1325/1031
f 1031/1325/1031 754/1332/754 1032/1326/1032
f 754/1332/754 753/1333/753 1032/1326/1032
f 1032/1326/1032 753/1333/753 809/1073/809
f 753/1333/753 650/929/650 809/1073/809
f 766/1334/766 808/930/808 650/929/650
f 765/1335/765 1033/1336/1033 766/1334/766
f 764/1337/764 1034/1338/1034 765/1335/765
f 763/1339/763 1036/1340/1036 764/1337/764
f 762/1341/762 1039/1342/1039 763/1339/763
f 761/1343/761 1043/1344/1043 762/1341/762
f 760/1345/760 1048/1346/1048 761/1343/761
f 766/1334/766 1033/1336/1033 808/930/808
f 1033/1336/1033 807/1112/807 808/930/808
f 765/1335/765 1034/1338/1034 1033/1336/1033
f 1034/1338/1034 1035/1347/1035 1033/1336/1033
f 1033/1336/1033 1035/1347/1035 807/1112/807
f 1035/1347/1035 806/1117/806 807/1112/807
f 764/1337/764 1036/1340/1036 1034/1338/1034
f 1036/1340/1036 1037/1348/1037 1034/1338/1034
f 1034/1338/1034 1037/1348/1037 1035/1347/1035
f 1037/1348/1037 1038/1349/1038 1035/1347/1035
f 1035/1347/1035 1038/1349/1038 806/1117/806
f 1038/1349/1038 805/1118/805 806/1117/806
f 763/1339/763 1039/1342/1039 1036/1340/1036
f 1039/1342/1039 1040/1350/1040 1036/1340/1036
f 1036/1340/1036 1040/1350/1040 1037/1348/1037
f 1040/1350/1040 1041/1351/1041 1037/1348/1037
f 1037/1348/1037 1041/1351/1041 1038/1349/1038
f 1041/1351/1041 1042/1352/1042 1038/1349/1038
f 1038/1349/1038 1042/1352/1042 805/1118/805
f 1042/1352/1042 804/1119/804 805/1118/805
f 762/1341/762 1043/1344/1043 1039/1342/1039
f 1043/1344/1043 1044/1353/1044 1039/1342/1039
f 1039/1342/1039 1044/1353/1044 1040/1350/1040
f 1044/1353/1044 1045/1354/1045 1040/1350/1040
f 1040/1350/1040 1045/1354/1045 1041/1351/1041
f 1045/1354/1045 1046/1355/1046 1041/1351/1041
f 1041/1351/1041 1046/1355/1046 1042/1352/1042
f 1046/1355/1046 1047/1356/1047 1042/1352/1042
f 1042/1352/1042 1047/1356/1047 804/1119/804
f 1047/1356/1047 803/1120/803 804/1119/804
f 761/1343/761 1048/1346/1048 1043/1344/1043
f 1048/1346/1048 1049/1357/1049 1043/1344/1043
f 1043/1344/1043 1049/1357/1049 1044/1353/1044
f 1049/1357/1049 1050/1358/1050 1044/1353/1044
f 1044/1353/1044 1050/1358/1050 1045/1354/1045
f 1050/1358/1050 1051/1359/1051 1045/1354/1045
f 1045/1354/1045 1051/1359/1051 1046/1355/1046
f 1051/1359/1051 1052/1360/1052 1046/1355/1046
f 1046/1355/1046 1052/1360/1052 1047/1356/1047
f 1052/1360/1052 1053/1361/1053 1047/1356/1047
f 1047/1356/1047 1053/1361/1053 803/1120/803
f 1053/1361/1053 802/1121/802 803/1120/803
f 760/1345/760 745/907/745 1048/1346/1048
f 745/907/745 744/1362/744 1048/1346/1048
f 1048/1346/1048 744/1362/744 1049/1357/1049
f 744/1362/744 743/1363/743 1049/1357/1049
f 1049/1357/1049 743/1363/743 1050/1358/1050
f 743/1363/743 742/1364/742 1050/1358/1050
f 1050/1358/1050 742/1364/742 1051/1359/1051
f 742/1364/742 741/1365/741 1051/1359/1051
f 1051/1359/1051 741/1365/741 1052/1360/1052
f 741/1365/741 740/1366/740 1052/1360/1052
f 1052/1360/1052 740/1366/740 1053/1361/1053
f 740/1366/740 739/1367/739 1053/1361/1053
f 1053/1361/1053 739/1367/739 802/1121/802
f 739/1367/739 649/1368/649 802/1121/802
f 752/1369/752 801/1370/801 649/1368/649
f 751/1371/751 1054/1372/1054 752/1373/752
f 750/1374/750 1055/1375/1055 751/1371/751
f 749/1376/749 1057/1377/1057 750/1378/750
f 748/1379/748 1060/1380/1060 749/1376/749
f 747/1381/747 1064/1382/1064 748/1383/748
f 746/1384/746 1069/1385/1069 747/1381/747
f 752/1373/752 1054/1372/1054 801/1386/801
f 1054/1372/1054 800/1387/800 801/1386/801
f 751/1371/751 1055/1375/1055 1054/1372/1054
f 1055/1375/1055 1056/1388/1056 1054/1372/1054
f 1054/1372/1054 1056/1388/1056 800/1387/800
f 1056/1388/1056 799/1389/799 800/1387/800
f 750/1378/750 1057/1377/1057 1055/1390/1055
f 1057/1377/1057 1058/1391/1058 1055/1390/1055
f 1055/1390/1055 1058/1391/1058 1056/1392/1056
f 1058/1391/1058 1059/1393/1059 1056/1392/1056
f 1056/1392/1056 1059/1393/1059 799/1160/799
f 1059/1393/1059 798/1161/798 799/1160/799
f 749/1376/749 1060/1380/1060 1057/1377/1057
f 1060/1394/1060 1061/1395/1061 1057/1396/1057
f 1057/1396/1057 1061/1395/1061 1058/1397/1058
f 1061/1395/1061 1062/1398/1062 1058/1397/1058
f 1058/1397/1058 1062/1398/1062 1059/1399/1059
f 1062/1398/1062 1063/1400/1063 1059/1399/1059
f 1059/1399/1059 1063/1400/1063 798/1163/798
f 1063/1401/1063 797/1402/797 798/1403/798
f 748/1383/748 1064/1382/1064 1060/1394/1060
f 1064/1382/1064 1065/1404/1065 1060/1394/1060
f 1060/1394/1060 1065/1404/1065 1061/1395/1061
f 1065/1404/1065 1066/1405/1066 1061/1395/1061
f 1061/1395/1061 1066/1405/1066 1062/1398/1062
f 1066/1405/1066 1067/1406/1067 1062/1398/1062
f 1062/1398/1062 1067/1406/1067 1063/1400/1063
f 1067/1406/1067 1068/1407/1068 1063/1400/1063
f 1063/1400/1063 1068/1407/1068 797/1165/797
f 1068/1407/1068 796/1167/796 797/1165/797
f 747/1381/747 1069/1385/1069 1064/1382/1064
f 1069/1385/1069 1070/1408/1070 1064/1382/1064
f 1064/1382/1064 1070/1408/1070 1065/1404/1065
f 1070/1408/1070 1071/1409/1071 1065/1404/1065
f 1065/1404/1065 1071/1409/1071 1066/1405/1066
f 1071/1409/1071 1072/1410/1072 1066/1405/1066
f 1066/1405/1066 1072/1410/1072 1067/1406/1067
f 1072/1410/1072 1073/1411/1073 1067/1406/1067
f 1067/1406/1067 1073/1411/1073 1068/1407/1068
f 1073/1411/1073 1074/1412/1074 1068/1407/1068
f 1068/1407/1068 1074/1412/1074 796/1167/796
f 1074/1412/1074 795/1169/795 796/1167/796
f 746/1384/746 731/1413/731 1069/1385/1069
f 731/1413/731 730/1414/730 1069/1385/1069
f 1069/1385/1069 730/1414/730 1070/1408/1070
f 730/1414/730 729/1415/729 1070/1408/1070
f 1070/1408/1070 729/1415/729 1071/1409/1071
f 729/1415/729 728/1416/728 1071/1409/1071
f 1071/1409/1071 728/1416/728 1072/1410/1072
f 728/1416/728 727/1417/727 1072/1410/1072
f 1072/1410/1072 727/1417/727 1073/1411/1073
f 727/1417/727 726/1418/726 1073/1411/1073
f 1073/1411/1073 726/1418/726 1074/1412/1074
f 726/1418/726 725/1419/725 1074/1412/1074
f 1074/1412/1074 725/1419/725 795/1169/795
f 725/1419/725 653/938/653 795/1169/795
f 781/1235/781 794/1237/794 652/1236/652
f 782/1231/782 1075/1420/1075 781/1235/781
f 783/1230/783 1076/1421/1076 782/1231/782
f 784/1229/784 1078/1422/1078 783/1230/783
f 785/1228/785 1081/1423/1081 784/1229/784
f 786/1227/786 1085/1424/1085 785/1228/785
f 787/916/787 1090/1425/1090 786/1227/786
f 781/1235/781 1075/1420/1075 794/1237/794
f 1075/1420/1075 793/1239/793 794/1237/794
f 782/1231/782 1076/1421/1076 1075/1420/1075
f 1076/1421/1076 1077/1426/1077 1075/1420/1075
f 1075/1420/1075 1077/1426/1077 793/1239/793
f 1077/1426/1077 792/1241/792 793/1239/793
f 783/1230/783 1078/1422/1078 1076/1421/1076
f 1078/1422/1078 1079/1427/1079 1076/1421/1076
f 1076/1421/1076 1079/1427/1079 1077/1426/1077
f 1079/1427/1079 1080/1428/1080 1077/1426/1077
f 1077/1426/1077 1080/1428/1080 792/1241/792
f 1080/1428/1080 791/1243/791 792/1241/792
f 784/1229/784 1081/1423/1081 1078/1422/1078
f 1081/1423/1081 1082/1429/1082 1078/1422/1078
f 1078/1422/1078 1082/1429/1082 1079/1427/1079
f 1082/1429/1082 1083/1430/1083 1079/1427/1079
f 1079/1427/1079 1083/1430/1083 1080/1428/1080
f 1083/1430/1083 1084/1431/1084 1080/1428/1080
f 1080/1428/1080 1084/1431/1084 791/1243/791
f 1084/1431/1084 790/1245/790 791/1243/791
f 785/1228/785 1085/1424/1085 1081/1423/1081
f 1085/1424/1085 1086/1432/1086 1081/1423/1081
f 1081/1423/1081 1086/1432/1086 1082/1429/1082
f 1086/1432/1086 1087/1433/1087 1082/1429/1082
f 1082/1429/1082 1087/1433/1087 1083/1430/1083
f 1087/1433/1087 1088/1434/1088 1083/1430/1083
f 1083/1430/1083 1088/1434/1088 1084/1431/1084
f 1088/1434/1088 1089/1435/1089 1084/1431/1084
f 1084/1431/1084 1089/1435/1089 790/1245/790
f 1089/1435/1089 789/1247/789 790/1245/790
f 786/1227/786 1090/1425/1090 1085/1424/1085
f 1090/1425/1090 1091/1436/1091 1085/1424/1085
f 1085/1424/1085 1091/1436/1091 1086/1432/1086
f 1091/1436/1091 1092/1437/1092 1086/1432/1086
f 1086/1432/1086 1092/1437/1092 1087/1433/1087
f 1092/1437/1092 1093/1438/1093 1087/1433/1087
f 1087/1433/1087 1093/1438/1093 1088/1434/1088
f 1093/1438/1093 1094/1439/1094 1088/1434/1088
f 1088/1434/1088 1094/1439/1094 1089/1435/1089
f 1094/1439/1094 1095/1440/1095 1089/1435/1089
f 1089/1435/1089 1095/1440/1095 789/1247/789
f 1095/1440/1095 788/924/788 789/1247/789
f 787/916/787 724/915/724 1090/1425/1090
f 724/915/724 723/1441/723 1090/1425/1090
f 1090/1425/1090 723/1441/723 1091/1436/1091
f 723/1441/723 722/1442/722 1091/1436/1091
f 1091/1436/1091 722/1442/722 1092/1437/1092
f 722/1442/722 721/1443/721 1092/1437/1092
f 1092/1437/1092 721/1443/721 1093/1438/1093
f 721/1443/721 720/1444/720 1093/1438/1093
f 1093/1438/1093 720/1444/720 1094/1439/1094
f 720/1444/720 719/1445/719 1094/1439/1094
f 1094/1439/1094 719/1445/719 1095/1440/1095
f 719/1445/719 718/1446/718 1095/1440/1095
f 1095/1440/1095 718/1446/718 788/924/788
f 718/1446/718 647/911/647 788/924/788
f 767/1288/767 780/1289/780 651/932/651
f 768/1287/768 1096/1447/1096 767/1288/767
f 769/1286/769 1097/1448/1097 768/1287/768
f 770/1285/770 1099/1449/1099 769/1286/769
f 771/1284/771 1102/1450/1102 770/1285/770
f 772/1283/772 1106/1451/1106 771/1284/771
f 773/1282/773 1111/1452/1111 772/1283/772
f 767/1288/767 1096/1447/1096 780/1289/780
f 1096/1447/1096 779/1290/779 780/1289/780
f 768/1287/768 1097/1448/1097 1096/1447/1096
f 1097/1448/1097 1098/1453/1098 1096/1447/1096
f 1096/1447/1096 1098/1453/1098 779/1290/779
f 1098/1453/1098 778/1292/778 779/1290/779
f 769/1286/769 1099/1449/1099 1097/1448/1097
f 1099/1449/1099 1100/1454/1100 1097/1448/1097
f 1097/1448/1097 1100/1454/1100 1098/1453/1098
f 1100/1454/1100 1101/1455/1101 1098/1453/1098
f 1098/1453/1098 1101/1455/1101 778/1292/778
f 1101/1455/1101 777/1294/777 778/1292/778
f 770/1285/770 1102/1450/1102 1099/1449/1099
f 1102/1450/1102 1103/1456/1103 1099/1449/1099
f 1099/1449/1099 1103/1456/1103 1100/1454/1100
f 1103/1456/1103 1104/1457/1104 1100/1454/1100
f 1100/1454/1100 1104/1457/1104 1101/1455/1101
f 1104/1457/1104 1105/1458/1105 1101/1455/1101
f 1101/1455/1101 1105/1458/1105 777/1294/777
f 1105/1458/1105 776/1296/776 777/1294/777
f 771/1284/771 1106/1451/1106 1102/1450/1102
f 1106/1451/1106 1107/1459/1107 1102/1450/1102
f 1102/1450/1102 1107/1459/1107 1103/1456/1103
f 1107/1459/1107 1108/1460/1108 1103/1456/1103
f 1103/1456/1103 1108/1460/1108 1104/1457/1104
f 1108/1460/1108 1109/1461/1109 1104/1457/1104
f 1104/1457/1104 1109/1461/1109 1105/1458/1105
f 1109/1461/1109 1110/1462/1110 1105/1458/1105
f 1105/1458/1105 1110/1462/1110 776/1296/776
f 1110/1462/1110 775/1298/775 776/1296/776
f 772/1283/772 1111/1452/1111 1106/1451/1106
f 1111/1452/1111 1112/1463/1112 1106/1451/1106
f 1106/1451/1106 1112/1463/1112 1107/1459/1107
f 1112/1463/1112 1113/1464/1113 1107/1459/1107
f 1107/1459/1107 1113/1464/1113 1108/1460/1108
f 1113/1464/1113 1114/1465/1114 1108/1460/1108
f 1108/1460/1108 1114/1465/1114 1109/1461/1109
f 1114/1465/1114 1115/1466/1115 1109/1461/1109
f 1109/1461/1109 1115/1466/1115 1110/1462/1110
f 1115/1466/1115 1116/1467/1116 1110/1462/1110
f 1110/1462/1110 1116/1467/1116 775/1298/775
f 1116/1467/1116 774/923/774 775/1298/775
f 773/1282/773 717/1468/717 1111/1452/1111
f 717/1468/717 716/1469/716 1111/1452/1111
f 1111/1452/1111 716/1469/716 1112/1463/1112
f 716/1469/716 715/1470/715 1112/1463/1112
f 1112/1463/1112 715/1470/715 1113/1464/1113
f 715/1470/715 714/1471/714 1113/1464/1113
f 1113/1464/1113 714/1471/714 1114/1465/1114
f 714/1471/714 713/1472/713 1114/1465/1114
f 1114/1465/1114 713/1472/713 1115/1466/1115
f 713/1472/713 712/1473/712 1115/1466/1115
f 1115/1466/1115 712/1473/712 1116/1467/1116
f 712/1473/712 711/1474/711 1116/1467/1116
f 1116/1467/1116 711/1474/711 774/923/774
f 711/1474/711 646/921/646 774/923/774
f 753/1333/753 766/1334/766 650/929/650
f 754/1332/754 1117/1475/1117 753/1333/753
f 755/1331/755 1118/1476/1118 754/1332/754
f 756/1330/756 1120/1477/1120 755/1331/755
f 757/1329/757 1123/1478/1123 756/1330/756
f 758/1479/758 1127/1480/1127 757/1329/757
f 759/922/759 1132/1481/1132 758/1327/758
f 753/1333/753 1117/1475/1117 766/1334/766
f 1117/1475/1117 765/1335/765 766/1334/766
f 754/1332/754 1118/1476/1118 1117/1475/1117
f 1118/1476/1118 1119/1482/1119 1117/1475/1117
f 1117/1475/1117 1119/1482/1119 765/1335/765
f 1119/1482/1119 764/1337/764 765/1335/765
f 755/1331/755 1120/1477/1120 1118/1476/1118
f 1120/1477/1120 1121/1483/1121 1118/1476/1118
f 1118/1476/1118 1121/1483/1121 1119/1482/1119
f 1121/1483/1121 1122/1484/1122 1119/1482/1119
f 1119/1482/1119 1122/1484/1122 764/1337/764
f 1122/1484/1122 763/1339/763 764/1337/764
f 756/1330/756 1123/1478/1123 1120/1477/1120
f 1123/1478/1123 1124/1485/1124 1120/1477/1120
f 1120/1477/1120 1124/1485/1124 1121/1483/1121
f 1124/1485/1124 1125/1486/1125 1121/1483/1121
f 1121/1483/1121 1125/1486/1125 1122/1484/1122
f 1125/1486/1125 1126/1487/1126 1122/1484/1122
f 1122/1484/1122 1126/1487/1126 763/1339/763
f 1126/1487/1126 762/1341/762 763/1339/763
f 757/1329/757 1127/1480/1127 1123/1478/1123
f 1127/1480/1127 1128/1488/1128 1123/1478/1123
f 1123/1478/1123 1128/1488/1128 1124/1485/1124
f 1128/1488/1128 1129/1489/1129 1124/1485/1124
f 1124/1485/1124 1129/1489/1129 1125/1486/1125
f 1129/1489/1129 1130/1490/1130 1125/1486/1125
f 1125/1486/1125 1130/1490/1130 1126/1487/1126
f 1130/1490/1130 1131/1491/1131 1126/1487/1126
f 1126/1487/1126 1131/1491/1131 762/1341/762
f 1131/1491/1131 761/1343/761 762/1341/762
f 758/1479/758 1132/1492/1132 1127/1480/1127
f 1132/1492/1132 1133/1493/1133 1127/1480/1127
f 1127/1480/1127 1133/1493/1133 1128/1488/1128
f 1133/1493/1133 1134/1494/1134 1128/1488/1128
f 1128/1488/1128 1134/1494/1134 1129/1489/1129
f 1134/1494/1134 1135/1495/1135 1129/1489/1129
f 1129/1489/1129 1135/1495/1135 1130/1490/1130
f 1135/1495/1135 1136/1496/1136 1130/1490/1130
f 1130/1490/1130 1136/1496/1136 1131/1491/1131
f 1136/1496/1136 1137/1497/1137 1131/1491/1131
f 1131/1491/1131 1137/1497/1137 761/1343/761
f 1137/1497/1137 760/1345/760 761/1343/761
f 759/922/759 703/1498/703 1132/1481/1132
f 703/909/703 702/1499/702 1132/1500/1132
f 1132/1500/1132 702/1499/702 1133/1501/1133
f 702/1499/702 701/1502/701 1133/1501/1133
f 1133/1493/1133 701/1503/701 1134/1494/1134
f 701/1503/701 700/1504/700 1134/1494/1134
f 1134/1494/1134 700/1504/700 1135/1495/1135
f 700/1505/700 699/1506/699 1135/1507/1135
f 1135/1507/1135 699/1506/699 1136/1508/1136
f 699/1506/699 698/1509/698 1136/1508/1136
f 1136/1508/1136 698/1509/698 1137/1510/1137
f 698/1509/698 697/1511/697 1137/1510/1137
f 1137/1497/1137 697/1512/697 760/1345/760
f 697/1513/697 645/918/645 760/920/760
f 739/1367/739 752/1369/752 649/1368/649
f 740/1366/740 1138/1514/1138 739/1367/739
f 741/1365/741 1139/1515/1139 740/1366/740
f 742/1364/742 1141/1516/1141 741/1365/741
f 743/1363/743 1144/1517/1144 742/1364/742
f 744/1518/744 1148/1519/1148 743/1520/743
f 745/907/745 1153/1521/1153 744/1362/744
f 739/1367/739 1138/1514/1138 752/1369/752
f 1138/1514/1138 751/1522/751 752/1369/752
f 740/1366/740 1139/1515/1139 1138/1514/1138
f 1139/1515/1139 1140/1523/1140 1138/1514/1138
f 1138/1514/1138 1140/1523/1140 751/1522/751
f 1140/1524/1140 750/1374/750 751/1371/751
f 741/1365/741 1141/1516/1141 1139/1515/1139
f 1141/1516/1141 1142/1525/1142 1139/1515/1139
f 1139/1515/1139 1142/1525/1142 1140/1523/1140
f 1142/1525/1142 1143/1526/1143 1140/1523/1140
f 1140/1524/1140 1143/1527/1143 750/1374/750
f 1143/1527/1143 749/1528/749 750/1374/750
f 742/1364/742 1144/1517/1144 1141/1516/1141
f 1144/1517/1144 1145/1529/1145 1141/1516/1141
f 1141/1516/1141 1145/1529/1145 1142/1525/1142
f 1145/1529/1145 1146/1530/1146 1142/1525/1142
f 1142/1525/1142 1146/1530/1146 1143/1526/1143
f 1146/1530/1146 1147/1531/1147 1143/1526/1143
f 1143/1527/1143 1147/1532/1147 749/1528/749
f 1147/1533/1147 748/1379/748 749/1376/749
f 743/1363/743 1148/1534/1148 1144/1517/1144
f 1148/1534/1148 1149/1535/1149 1144/1517/1144
f 1144/1517/1144 1149/1535/1149 1145/1529/1145
f 1149/1535/1149 1150/1536/1150 1145/1529/1145
f 1145/1529/1145 1150/1536/1150 1146/1530/1146
f 1150/1536/1150 1151/1537/1151 1146/1530/1146
f 1146/1530/1146 1151/1537/1151 1147/1531/1147
f 1151/1537/1151 1152/1538/1152 1147/1531/1147
f 1147/1539/1147 1152/1540/1152 748/1383/748
f 1152/1540/1152 747/1381/747 748/1383/748
f 744/1362/744 1153/1521/1153 1148/1534/1148
f 1153/1521/1153 1154/1541/1154 1148/1534/1148
f 1148/1534/1148 1154/1541/1154 1149/1535/1149
f 1154/1541/1154 1155/1542/1155 1149/1535/1149
f 1149/1535/1149 1155/1542/1155 1150/1536/1150
f 1155/1542/1155 1156/1543/1156 1150/1536/1150
f 1150/1536/1150 1156/1543/1156 1151/1537/1151
f 1156/1543/1156 1157/1544/1157 1151/1537/1151
f 1151/1537/1151 1157/1544/1157 1152/1538/1152
f 1157/1545/1157 1158/1546/1158 1152/1540/1152
f 1152/1540/1152 1158/1546/1158 747/1381/747
f 1158/1546/1158 746/1384/746 747/1381/747
f 745/907/745 675/906/675 1153/1521/1153
f 675/1547/675 674/1548/674 1153/1549/1153
f 1153/1549/1153 674/1548/674 1154/1550/1154
f 674/1551/674 673/1552/673 1154/1541/1154
f 1154/1541/1154 673/1552/673 1155/1542/1155
f 673/1552/673 672/1553/672 1155/1542/1155
f 1155/1542/1155 672/1553/672 1156/1543/1156
f 672/1553/672 671/1554/671 1156/1543/1156
f 1156/1543/1156 671/1554/671 1157/1544/1157
f 671/1555/671 670/1556/670 1157/1557/1157
f 1157/1558/1157 670/1559/670 1158/1560/1158
f 670/1559/670 669/1561/669 1158/1560/1158
f 1158/1560/1158 669/1561/669 746/917/746
f 669/1561/669 644/898/644 746/917/746
f 725/1419/725 738/1170/738 653/938/653
f 726/1418/726 1159/1562/1159 725/1419/725
f 727/1417/727 1160/1563/1160 726/1418/726
f 728/1416/728 1162/1564/1162 727/1417/727
f 729/1415/729 1165/1565/1165 728/1416/728
f 730/1414/730 1169/1566/1169 729/1415/729
f 731/1413/731 1174/1567/1174 730/1414/730
f 725/1419/725 1159/1562/1159 738/1170/738
f 1159/1562/1159 737/1171/737 738/1170/738
f 726/1418/726 1160/1563/1160 1159/1562/1159
f 1160/1563/1160 1161/1568/1161 1159/1562/1159
f 1159/1562/1159 1161/1568/1161 737/1171/737
f 1161/1568/1161 736/1173/736 737/1171/737
f 727/1417/727 1162/1564/1162 1160/1563/1160
f 1162/1564/1162 1163/1569/1163 1160/1563/1160
f 1160/1563/1160 1163/1569/1163 1161/1568/1161
f 1163/1569/1163 1164/1570/1164 1161/1568/1161
f 1161/1568/1161 1164/1570/1164 736/1173/736
f 1164/1570/1164 735/1175/735 736/1173/736
f 728/1416/728 1165/1565/1165 1162/1564/1162
f 1165/1565/1165 1166/1571/1166 1162/1564/1162
f 1162/1564/1162 1166/1571/1166 1163/1569/1163
f 1166/1571/1166 1167/1572/1167 1163/1569/1163
f 1163/1569/1163 1167/1572/1167 1164/1570/1164
f 1167/1572/1167 1168/1573/1168 1164/1570/1164
f 1164/1570/1164 1168/1573/1168 735/1175/735
f 1168/1574/1168 734/1177/734 735/1179/735
f 729/1415/729 1169/1566/1169 1165/1565/1165
f 1169/1566/1169 1170/1575/1170 1165/1565/1165
f 1165/1565/1165 1170/1575/1170 1166/1571/1166
f 1170/1575/1170 1171/1576/1171 1166/1571/1166
f 1166/1571/1166 1171/1576/1171 1167/1572/1167
f 1171/1576/1171 1172/1577/1172 1167/1572/1167
f 1167/1572/1167 1172/1577/1172 1168/1573/1168
f 1172/1577/1172 1173/1578/1173 1168/1573/1168
f 1168/1573/1168 1173/1578/1173 734/1579/734
f 1173/1580/1173 733/1180/733 734/1177/734
f 730/1414/730 1174/1567/1174 1169/1566/1169
f 1174/1567/1174 1175/1581/1175 1169/1566/1169
f 1169/1566/1169 1175/1581/1175 1170/1575/1170
f 1175/1581/1175 1176/1582/1176 1170/1575/1170
f 1170/1575/1170 1176/1582/1176 1171/1576/1171
f 1176/1582/1176 1177/1583/1177 1171/1576/1171
f 1171/1576/1171 1177/1583/1177 1172/1577/1172
f 1177/1583/1177 1178/1584/1178 1172/1577/1172
f 1172/1577/1172 1178/1584/1178 1173/1578/1173
f 1178/1585/1178 1179/1586/1179 1173/1580/1173
f 1173/1580/1173 1179/1586/1179 733/1180/733
f 1179/1586/1179 732/925/732 733/1180/733
f 731/904/731 682/900/682 1174/1587/1174
f 682/900/682 681/1588/681 1174/1587/1174
f 1174/1587/1174 681/1588/681 1175/1589/1175
f 681/1588/681 680/1590/680 1175/1589/1175
f 1175/1581/1175 680/1591/680 1176/1582/1176
f 680/1591/680 679/1592/679 1176/1582/1176
f 1176/1582/1176 679/1592/679 1177/1583/1177
f 679/1592/679 678/1593/678 1177/1583/1177
f 1177/1583/1177 678/1593/678 1178/1584/1178
f 678/1594/678 677/1595/677 1178/1585/1178
f 1178/1585/1178 677/1595/677 1179/1586/1179
f 677/1595/677 676/1596/676 1179/1586/1179
f 1179/1586/1179 676/1596/676 732/925/732
f 676/1596/676 648/914/648 732/925/732
f 689/1597/689 724/915/724 648/914/648
f 688/1598/688 1180/1599/1180 689/1597/689
f 687/1600/687 1181/1601/1181 688/1598/688
f 686/1602/686 1183/1603/1183 687/1604/687
f 685/1605/685 1186/1606/1186 686/1602/686
f 684/1607/684 1190/1608/1190 685/1605/685
f 683/903/683 1195/1609/1195 684/1607/684
f 689/1597/689 1180/1599/1180 724/915/724
f 1180/1599/1180 723/1441/723 724/915/724
f 688/1598/688 1181/1601/1181 1180/1599/1180
f 1181/1601/1181 1182/1610/1182 1180/1599/1180
f 1180/1599/1180 1182/1610/1182 723/1441/723
f 1182/1610/1182 722/1442/722 723/1441/723
f 687/1600/687 1183/1611/1183 1181/1601/1181
f 1183/1611/1183 1184/1612/1184 1181/1601/1181
f 1181/1601/1181 1184/1612/1184 1182/1610/1182
f 1184/1612/1184 1185/1613/1185 1182/1610/1182
f 1182/1610/1182 1185/1613/1185 722/1442/722
f 1185/1613/1185 721/1443/721 722/1442/722
f 686/1614/686 1186/1615/1186 1183/1611/1183
f 1186/1615/1186 1187/1616/1187 1183/1611/1183
f 1183/1611/1183 1187/1616/1187 1184/1612/1184
f 1187/1616/1187 1188/1617/1188 1184/1612/1184
f 1184/1612/1184 1188/1617/1188 1185/1613/1185
f 1188/1617/1188 1189/1618/1189 1185/1613/1185
f 1185/1613/1185 1189/1618/1189 721/1443/721
f 1189/1618/1189 720/1444/720 721/1443/721
f 685/1605/685 1190/1608/1190 1186/1606/1186
f 1190/1608/1190 1191/1619/1191 1186/1606/1186
f 1186/1606/1186 1191/1619/1191 1187/1620/1187
f 1191/1619/1191 1192/1621/1192 1187/1620/1187
f 1187/1616/1187 1192/1622/1192 1188/1617/1188
f 1192/1622/1192 1193/1623/1193 1188/1617/1188
f 1188/1617/1188 1193/1623/1193 1189/1618/1189
f 1193/1623/1193 1194/1624/1194 1189/1618/1189
f 1189/1618/1189 1194/1624/1194 720/1444/720
f 1194/1624/1194 719/1445/719 720/1444/720
f 684/1607/684 1195/1609/1195 1190/1608/1190
f 1195/1609/1195 1196/1625/1196 1190/1608/1190
f 1190/1608/1190 1196/1625/1196 1191/1619/1191
f 1196/1625/1196 1197/1626/1197 1191/1619/1191
f 1191/1619/1191 1197/1626/1197 1192/1621/1192
f 1197/1626/1197 1198/1627/1198 1192/1621/1192
f 1192/1622/1192 1198/1628/1198 1193/1623/1193
f 1198/1628/1198 1199/1629/1199 1193/1623/1193
f 1193/1623/1193 1199/1629/1199 1194/1624/1194
f 1199/1629/1199 1200/1630/1200 1194/1624/1194
f 1194/1624/1194 1200/1630/1200 719/1445/719
f 1200/1630/1200 718/1446/718 719/1445/719
f 683/903/683 710/902/710 1195/1609/1195
f 710/902/710 709/1631/709 1195/1609/1195
f 1195/1609/1195 709/1631/709 1196/1625/1196
f 709/1631/709 708/1632/708 1196/1625/1196
f 1196/1625/1196 708/1632/708 1197/1626/1197
f 708/1632/708 707/1633/707 1197/1626/1197
f 1197/1626/1197 707/1633/707 1198/1627/1198
f 707/1633/707 706/1634/706 1198/1627/1198
f 1198/1628/1198 706/1635/706 1199/1629/1199
f 706/1635/706 705/1636/705 1199/1629/1199
f 1199/1629/1199 705/1636/705 1200/1630/1200
f 705/1636/705 704/1637/704 1200/1630/1200
f 1200/1630/1200 704/1637/704 718/1446/718
f 704/1637/704 647/911/647 718/1446/718
f 704/1637/704 717/912/717 647/911/647
f 705/1638/705 1201/1639/1201 704/1640/704
f 706/1641/706 1202/1642/1202 705/1638/705
f 707/1633/707 1204/1643/1204 706/1634/706
f 708/1632/708 1207/1644/1207 707/1633/707
f 709/1631/709 1211/1645/1211 708/1632/708
f 710/902/710 1216/1646/1216 709/1631/709
f 704/1647/704 1201/1648/1201 717/1649/717
f 1201/1648/1201 716/1650/716 717/1649/717
f 705/1638/705 1202/1642/1202 1201/1639/1201
f 1202/1642/1202 1203/1651/1203 1201/1639/1201
f 1201/1639/1201 1203/1651/1203 716/1469/716
f 1203/1651/1203 715/1470/715 716/1469/716
f 706/1634/706 1204/1643/1204 1202/1652/1202
f 1204/1643/1204 1205/1653/1205 1202/1652/1202
f 1202/1642/1202 1205/1654/1205 1203/1651/1203
f 1205/1654/1205 1206/1655/1206 1203/1651/1203
f 1203/1651/1203 1206/1655/1206 715/1470/715
f 1206/1655/1206 714/1471/714 715/1470/715
f 707/1633/707 1207/1644/1207 1204/1643/1204
f 1207/1644/1207 1208/1656/1208 1204/1643/1204
f 1204/1643/1204 1208/1656/1208 1205/1653/1205
f 1208/1656/1208 1209/1657/1209 1205/1653/1205
f 1205/1654/1205 1209/1658/1209 1206/1655/1206
f 1209/1658/1209 1210/1659/1210 1206/1655/1206
f 1206/1655/1206 1210/1659/1210 714/1471/714
f 1210/1659/1210 713/1472/713 714/1471/714
f 708/1632/708 1211/1645/1211 1207/1644/1207
f 1211/1645/1211 1212/1660/1212 1207/1644/1207
f 1207/1644/1207 1212/1660/1212 1208/1656/1208
f 1212/1660/1212 1213/1661/1213 1208/1656/1208
f 1208/1662/1208 1213/1663/1213 1209/1664/1209
f 1213/1663/1213 1214/1665/1214 1209/1664/1209
f 1209/1657/1209 1214/1666/1214 1210/1667/1210
f 1214/1666/1214 1215/1668/1215 1210/1667/1210
f 1210/1659/1210 1215/1669/1215 713/1472/713
f 1215/1669/1215 712/1473/712 713/1472/713
f 709/1631/709 1216/1646/1216 1211/1645/1211
f 1216/1646/1216 1217/1670/1217 1211/1645/1211
f 1211/1645/1211 1217/1670/1217 1212/1660/1212
f 1217/1670/1217 1218/1671/1218 1212/1660/1212
f 1212/1660/1212 1218/1671/1218 1213/1661/1213
f 1218/1671/1218 1219/1672/1219 1213/1661/1213
f 1213/1661/1213 1219/1672/1219 1214/1666/1214
f 1219/1672/1219 1220/1673/1220 1214/1666/1214
f 1214/1666/1214 1220/1673/1220 1215/1668/1215
f 1220/1673/1220 1221/1674/1221 1215/1668/1215
f 1215/1669/1215 1221/1675/1221 712/1473/712
f 1221/1675/1221 711/1474/711 712/1473/712
f 710/902/710 696/901/696 1216/1646/1216
f 696/901/696 695/1676/695 1216/1646/1216
f 1216/1646/1216 695/1676/695 1217/1670/1217
f 695/1676/695 694/1677/694 1217/1670/1217
f 1217/1670/1217 694/1677/694 1218/1671/1218
f 694/1677/694 693/1678/693 1218/1671/1218
f 1218/1671/1218 693/1678/693 1219/1672/1219
f 693/1678/693 692/1679/692 1219/1672/1219
f 1219/1672/1219 692/1679/692 1220/1673/1220
f 692/1679/692 691/1680/691 1220/1673/1220
f 1220/1673/1220 691/1680/691 1221/1674/1221
f 691/1680/691 690/1681/690 1221/1674/1221
f 1221/1674/1221 690/1681/690 711/1682/711
f 690/1681/690 646/908/646 711/1682/711
f 690/1681/690 703/909/703 646/908/646
f 691/1680/691 1222/1683/1222 690/1681/690
f 692/1679/692 1223/1684/1223 691/1680/691
f 693/1678/693 1225/1685/1225 692/1679/692
f 694/1677/694 1228/1686/1228 693/1678/693
f 695/1676/695 1232/1687/1232 694/1677/694
f 696/901/696 1237/1688/1237 695/1676/695
f 690/1681/690 1222/1683/1222 703/909/703
f 1222/1683/1222 702/1499/702 703/909/703
f 691/1680/691 1223/1684/1223 1222/1683/1222
f 1223/1684/1223 1224/1689/1224 1222/1683/1222
f 1222/1683/1222 1224/1689/1224 702/1499/702
f 1224/1689/1224 701/1502/701 702/1499/702
f 692/1679/692 1225/1685/1225 1223/1684/1223
f 1225/1685/1225 1226/1690/1226 1223/1684/1223
f 1223/1684/1223 1226/1690/1226 1224/1689/1224
f 1226/1690/1226 1227/1691/1227 1224/1689/1224
f 1224/1689/1224 1227/1691/1227 701/1502/701
f 1227/1692/1227 700/1504/700 701/1503/701
f 693/1678/693 1228/1686/1228 1225/1685/1225
f 1228/1686/1228 1229/1693/1229 1225/1685/1225
f 1225/1685/1225 1229/1693/1229 1226/1690/1226
f 1229/1693/1229 1230/1694/1230 1226/1690/1226
f 1226/1690/1226 1230/1694/1230 1227/1691/1227
f 1230/1694/1230 1231/1695/1231 1227/1691/1227
f 1227/1692/1227 1231/1696/1231 700/1504/700
f 1231/1695/1231 699/1506/699 700/1505/700
f 694/1677/694 1232/1687/1232 1228/1686/1228
f 1232/1687/1232 1233/1697/1233 1228/1686/1228
f 1228/1686/1228 1233/1697/1233 1229/1693/1229
f 1233/1697/1233 1234/1698/1234 1229/1693/1229
f 1229/1693/1229 1234/1698/1234 1230/1694/1230
f 1234/1698/1234 1235/1699/1235 1230/1694/1230
f 1230/1694/1230 1235/1699/1235 1231/1695/1231
f 1235/1699/1235 1236/1700/1236 1231/1695/1231
f 1231/1695/1231 1236/1700/1236 699/1506/699
f 1236/1701/1236 698/1702/698 699/1703/699
f 695/1676/695 1237/1688/1237 1232/1687/1232
f 1237/1688/1237 1238/1704/1238 1232/1687/1232
f 1232/1687/1232 1238/1704/1238 1233/1697/1233
f 1238/1704/1238 1239/1705/1239 1233/1697/1233
f 1233/1697/1233 1239/1705/1239 1234/1698/1234
f 1239/1705/1239 1240/1706/1240 1234/1698/1234
f 1234/1698/1234 1240/1706/1240 1235/1699/1235
f 1240/1706/1240 1241/1707/1241 1235/1699/1235
f 1235/1699/1235 1241/1707/1241 1236/1700/1236
f 1241/1707/1241 1242/1708/1242 1236/1700/1236
f 1236/1701/1236 1242/1709/1242 698/1702/698
f 1242/1708/1242 697/1511/697 698/1509/698
f 696/901/696 661/897/661 1237/1688/1237
f 661/897/661 660/1710/660 1237/1688/1237
f 1237/1688/1237 660/1710/660 1238/1704/1238
f 660/1710/660 659/1711/659 1238/1704/1238
f 1238/1704/1238 659/1711/659 1239/1705/1239
f 659/1711/659 658/1712/658 1239/1705/1239
f 1239/1705/1239 658/1712/658 1240/1706/1240
f 658/1712/658 657/1713/657 1240/1706/1240
f 1240/1706/1240 657/1713/657 1241/1707/1241
f 657/1713/657 656/1714/656 1241/1707/1241
f 1241/1707/1241 656/1714/656 1242/1708/1242
f 656/1714/656 655/1715/655 1242/1708/1242
f 1242/1708/1242 655/1715/655 697/1511/697
f 655/1716/655 645/905/645 697/1512/697
f 676/1596/676 689/1597/689 648/914/648
f 677/1595/677 1243/1717/1243 676/1596/676
f 678/1594/678 1244/1718/1244 677/1595/677
f 679/1719/679 1246/1720/1246 678/1721/678
f 680/1722/680 1249/1723/1249 679/1719/679
f 681/1724/681 1253/1725/1253 680/1726/680
f 682/900/682 1258/1727/1258 681/1588/681
f 676/1596/676 1243/1717/1243 689/1597/689
f 1243/1717/1243 688/1598/688 689/1597/689
f 677/1595/677 1244/1718/1244 1243/1717/1243
f 1244/1718/1244 1245/1728/1245 1243/1717/1243
f 1243/1717/1243 1245/1728/1245 688/1598/688
f 1245/1728/1245 687/1600/687 688/1598/688
f 678/1721/678 1246/1720/1246 1244/1729/1244
f 1246/1720/1246 1247/1730/1247 1244/1729/1244
f 1244/1729/1244 1247/1730/1247 1245/1731/1245
f 1247/1730/1247 1248/1732/1248 1245/1731/1245
f 1245/1731/1245 1248/1732/1248 687/1604/687
f 1248/1732/1248 686/1602/686 687/1604/687
f 679/1719/679 1249/1723/1249 1246/1720/1246
f 1249/1723/1249 1250/1733/1250 1246/1720/1246
f 1246/1720/1246 1250/1733/1250 1247/1730/1247
f 1250/1733/1250 1251/1734/1251 1247/1730/1247
f 1247/1730/1247 1251/1734/1251 1248/1732/1248
f 1251/1734/1251 1252/1735/1252 1248/1732/1248
f 1248/1732/1248 1252/1735/1252 686/1602/686
f 1252/1735/1252 685/1605/685 686/1602/686
f 680/1722/680 1253/1736/1253 1249/1723/1249
f 1253/1736/1253 1254/1737/1254 1249/1723/1249
f 1249/1723/1249 1254/1737/1254 1250/1733/1250
f 1254/1737/1254 1255/1738/1255 1250/1733/1250
f 1250/1733/1250 1255/1738/1255 1251/1734/1251
f 1255/1738/1255 1256/1739/1256 1251/1734/1251
f 1251/1734/1251 1256/1739/1256 1252/1735/1252
f 1256/1739/1256 1257/1740/1257 1252/1735/1252
f 1252/1735/1252 1257/1740/1257 685/1605/685
f 1257/1740/1257 684/1607/684 685/1605/685
f 681/1724/681 1258/1741/1258 1253/1725/1253
f 1258/1741/1258 1259/1742/1259 1253/1725/1253
f 1253/1736/1253 1259/1743/1259 1254/1737/1254
f 1259/1743/1259 1260/1744/1260 1254/1737/1254
f 1254/1737/1254 1260/1744/1260 1255/1738/1255
f 1260/1744/1260 1261/1745/1261 1255/1738/1255
f 1255/1738/1255 1261/1745/1261 1256/1739/1256
f 1261/1745/1261 1262/1746/1262 1256/1739/1256
f 1256/1739/1256 1262/1746/1262 1257/1740/1257
f 1262/1746/1262 1263/1747/1263 1257/1740/1257
f 1257/1740/1257 1263/1747/1263 684/1607/684
f 1263/1747/1263 683/903/683 684/1607/684
f 682/900/682 668/899/668 1258/1727/1258
f 668/1748/668 667/1749/667 1258/1741/1258
f 1258/1741/1258 667/1749/667 1259/1742/1259
f 667/1750/667 666/1751/666 1259/1743/1259
f 1259/1743/1259 666/1751/666 1260/1744/1260
f 666/1751/666 665/1752/665 1260/1744/1260
f 1260/1744/1260 665/1752/665 1261/1745/1261
f 665/1752/665 664/1753/664 1261/1745/1261
f 1261/1745/1261 664/1753/664 1262/1746/1262
f 664/1753/664 663/1754/663 1262/1746/1262
f 1262/1746/1262 663/1754/663 1263/1747/1263
f 663/1754/663 662/896/662 1263/1747/1263
f 1263/1747/1263 662/896/662 683/903/683
f 662/896/662 643/895/643 683/903/683
f 655/1716/655 675/906/675 645/905/645
f 656/1714/656 1264/1755/1264 655/1715/655
f 657/1713/657 1265/1756/1265 656/1714/656
f 658/1712/658 1267/1757/1267 657/1713/657
f 659/1711/659 1270/1758/1270 658/1712/658
f 660/1710/660 1274/1759/1274 659/1711/659
f 661/897/661 1279/1760/1279 660/1710/660
f 655/1715/655 1264/1755/1264 675/1547/675
f 1264/1755/1264 674/1548/674 675/1547/675
f 656/1714/656 1265/1756/1265 1264/1755/1264
f 1265/1756/1265 1266/1761/1266 1264/1755/1264
f 1264/1762/1264 1266/1763/1266 674/1551/674
f 1266/1763/1266 673/1552/673 674/1551/674
f 657/1713/657 1267/1757/1267 1265/1756/1265
f 1267/1757/1267 1268/1764/1268 1265/1756/1265
f 1265/1756/1265 1268/1764/1268 1266/1761/1266
f 1268/1764/1268 1269/1765/1269 1266/1761/1266
f 1266/1761/1266 1269/1765/1269 673/1766/673
f 1269/1765/1269 672/1767/672 673/1766/673
f 658/1712/658 1270/1758/1270 1267/1757/1267
f 1270/1758/1270 1271/1768/1271 1267/1757/1267
f 1267/1757/1267 1271/1768/1271 1268/1764/1268
f 1271/1768/1271 1272/1769/1272 1268/1764/1268
f 1268/1764/1268 1272/1769/1272 1269/1765/1269
f 1272/1769/1272 1273/1770/1273 1269/1765/1269
f 1269/1765/1269 1273/1770/1273 672/1767/672
f 1273/1770/1273 671/1771/671 672/1767/672
f 659/1711/659 1274/1759/1274 1270/1758/1270
f 1274/1759/1274 1275/1772/1275 1270/1758/1270
f 1270/1758/1270 1275/1772/1275 1271/1768/1271
f 1275/1772/1275 1276/1773/1276 1271/1768/1271
f 1271/1768/1271 1276/1773/1276 1272/1769/1272
f 1276/1773/1276 1277/1774/1277 1272/1769/1272
f 1272/1769/1272 1277/1774/1277 1273/1770/1273
f 1277/1774/1277 1278/1775/1278 1273/1770/1273
f 1273/1770/1273 1278/1775/1278 671/1771/671
f 1278/1775/1278 670/1776/670 671/1771/671
f 660/1710/660 1279/1760/1279 1274/1759/1274
f 1279/1760/1279 1280/1777/1280 1274/1759/1274
f 1274/1759/1274 1280/1777/1280 1275/1772/1275
f 1280/1777/1280 1281/1778/1281 1275/1772/1275
f 1275/1772/1275 1281/1778/1281 1276/1773/1276
f 1281/1778/1281 1282/1779/1282 1276/1773/1276
f 1276/1773/1276 1282/1779/1282 1277/1774/1277
f 1282/1779/1282 1283/1780/1283 1277/1774/1277
f 1277/1774/1277 1283/1780/1283 1278/1775/1278
f 1283/1780/1283 1284/1781/1284 1278/1775/1278
f 1278/1775/1278 1284/1781/1284 670/1776/670
f 1284/1782/1284 669/1783/669 670/1784/670
f 661/897/661 662/896/662 1279/1760/1279
f 662/896/662 663/1754/663 1279/1760/1279
f 1279/1760/1279 663/1754/663 1280/1777/1280
f 663/1754/663 664/1753/664 1280/1777/1280
f 1280/1777/1280 664/1753/664 1281/1778/1281
f 664/1753/664 665/1752/665 1281/1778/1281
f 1281/1778/1281 665/1752/665 1282/1779/1282
f 665/1752/665 666/1751/666 1282/1779/1282
f 1282/1779/1282 666/1751/666 1283/1780/1283
f 666/1751/666 667/1750/667 1283/1780/1283
f 1283/1780/1283 667/1750/667 1284/1781/1284
f 667/1749/667 668/1748/668 1284/1782/1284
f 1284/1782/1284 668/1748/668 669/1783/669
f 668/899/668 644/898/644 669/1561/669
f 1285/1785/1285 1304/1786/1304 1303/1787/1303
f 1286/1788/1286 1310/1789/1310 1324/1790/1324
f 1285/1785/1285 1303/1787/1303 1338/1791/1338
f 1285/1785/1285 1338/1791/1338 1352/1792/1352
f 1285/1785/1285 1352/1792/1352 1325/1793/1325
f 1286/1794/1286 1324/1795/1324 1373/1796/1373
f 1287/1797/1287 1317/1798/1317 1387/1799/1387
f 1288/1800/1288 1345/1801/1345 1401/1802/1401
f 1289/1803/1289 1359/1804/1359 1415/1805/1415
f 1290/1806/1290 1366/1807/1366 1429/1808/1429
f 1286/1794/1286 1373/1796/1373 1388/1809/1388
f 1287/1797/1287 1387/1799/1387 1402/1810/1402
f 1288/1800/1288 1401/1802/1401 1416/1811/1416
f 1289/1803/1289 1415/1805/1415 1430/1812/1430
f 1290/1806/1290 1429/1808/1429 1374/1813/1374
f 1291/1814/1291 1443/1815/1443 1478/1816/1478
f 1292/1817/1292 1450/1818/1450 1492/1819/1492
f 1293/1820/1293 1457/1821/1457 1499/1822/1499
f 1294/1823/1294 1464/1824/1464 1506/1825/1506
f 1295/1826/1295 1471/1827/1471 1479/1828/1479
f 1485/1829/1485 1500/1830/1500 1296/1831/1296
f 1484/1832/1484 1507/1833/1507 1485/1829/1485
f 1483/1834/1483 1508/1835/1508 1484/1832/1484
f 1482/1836/1482 1510/1837/1510 1483/1834/1483
f 1481/1838/1481 1513/1839/1513 1482/1836/1482
f 1480/1840/1480 1517/1841/1517 1481/1838/1481
f 1479/1828/1479 1522/1842/1522 1480/1840/1480
f 1485/1829/1485 1507/1833/1507 1500/1830/1500
f 1507/1833/1507 1501/1843/1501 1500/1830/1500
f 1484/1832/1484 1508/1835/1508 1507/1833/1507
f 1508/1835/1508 1509/1844/1509 1507/1833/1507
f 1507/1833/1507 1509/1844/1509 1501/1843/1501
f 1509/1844/1509 1502/1845/1502 1501/1843/1501
f 1483/1834/1483 1510/1837/1510 1508/1835/1508
f 1510/1837/1510 1511/1846/1511 1508/1835/1508
f 1508/1835/1508 1511/1846/1511 1509/1844/1509
f 1511/1846/1511 1512/1847/1512 1509/1844/1509
f 1509/1844/1509 1512/1847/1512 1502/1845/1502
f 1512/1847/1512 1503/1848/1503 1502/1845/1502
f 1482/1836/1482 1513/1839/1513 1510/1837/1510
f 1513/1839/1513 1514/1849/1514 1510/1837/1510
f 1510/1837/1510 1514/1849/1514 1511/1846/1511
f 1514/1849/1514 1515/1850/1515 1511/1846/1511
f 1511/1846/1511 1515/1850/1515 1512/1847/1512
f 1515/1850/1515 1516/1851/1516 1512/1847/1512
f 1512/1847/1512 1516/1851/1516 1503/1848/1503
f 1516/1851/1516 1504/1852/1504 1503/1848/1503
f 1481/1838/1481 1517/1841/1517 1513/1839/1513
f 1517/1841/1517 1518/1853/1518 1513/1839/1513
f 1513/1839/1513 1518/1853/1518 1514/1849/1514
f 1518/1853/1518 1519/1854/1519 1514/1849/1514
f 1514/1849/1514 1519/1854/1519 1515/1850/1515
f 1519/1854/1519 1520/1855/1520 1515/1850/1515
f 1515/1850/1515 1520/1855/1520 1516/1851/1516
f 1520/1855/1520 1521/1856/1521 1516/1851/1516
f 1516/1851/1516 1521/1856/1521 1504/1852/1504
f 1521/1856/1521 1505/1857/1505 1504/1852/1504
f 1480/1840/1480 1522/1842/1522 1517/1841/1517
f 1522/1842/1522 1523/1858/1523 1517/1841/1517
f 1517/1841/1517 1523/1858/1523 1518/1853/1518
f 1523/1858/1523 1524/1859/1524 1518/1853/1518
f 1518/1853/1518 1524/1859/1524 1519/1854/1519
f 1524/1859/1524 1525/1860/1525 1519/1854/1519
f 1519/1854/1519 1525/1860/1525 1520/1855/1520
f 1525/1860/1525 1526/1861/1526 1520/1855/1520
f 1520/1855/1520 1526/1861/1526 1521/1856/1521
f 1526/1861/1526 1527/1862/1527 1521/1856/1521
f 1521/1856/1521 1527/1862/1527 1505/1857/1505
f 1527/1862/1527 1506/1825/1506 1505/1857/1505
f 1479/1828/1479 1471/1827/1471 1522/1842/1522
f 1471/1827/1471 1470/1863/1470 1522/1842/1522
f 1522/1842/1522 1470/1863/1470 1523/1858/1523
f 1470/1863/1470 1469/1864/1469 1523/1858/1523
f 1523/1858/1523 1469/1864/1469 1524/1859/1524
f 1469/1864/1469 1468/1865/1468 1524/1859/1524
f 1524/1859/1524 1468/1865/1468 1525/1860/1525
f 1468/1865/1468 1467/1866/1467 1525/1860/1525
f 1525/1860/1525 1467/1866/1467 1526/1861/1526
f 1467/1866/1467 1466/1867/1466 1526/1861/1526
f 1526/1861/1526 1466/1867/1466 1527/1862/1527
f 1466/1867/1466 1465/1868/1465 1527/1862/1527
f 1527/1862/1527 1465/1868/1465 1506/1825/1506
f 1465/1868/1465 1294/1823/1294 1506/1825/1506
f 1500/1830/1500 1493/1869/1493 1296/1831/1296
f 1501/1843/1501 1528/1870/1528 1500/1830/1500
f 1502/1845/1502 1529/1871/1529 1501/1843/1501
f 1503/1848/1503 1531/1872/1531 1502/1845/1502
f 1504/1852/1504 1534/1873/1534 1503/1848/1503
f 1505/1857/1505 1538/1874/1538 1504/1852/1504
f 1506/1825/1506 1543/1875/1543 1505/1857/1505
f 1500/1830/1500 1528/1870/1528 1493/1869/1493
f 1528/1870/1528 1494/1876/1494 1493/1869/1493
f 1501/1843/1501 1529/1871/1529 1528/1870/1528
f 1529/1871/1529 1530/1877/1530 1528/1870/1528
f 1528/1870/1528 1530/1877/1530 1494/1876/1494
f 1530/1877/1530 1495/1878/1495 1494/1876/1494
f 1502/1845/1502 1531/1872/1531 1529/1871/1529
f 1531/1872/1531 1532/1879/1532 1529/1871/1529
f 1529/1871/1529 1532/1879/1532 1530/1877/1530
f 1532/1879/1532 1533/1880/1533 1530/1877/1530
f 1530/1877/1530 1533/1880/1533 1495/1878/1495
f 1533/1880/1533 1496/1881/1496 1495/1878/1495
f 1503/1848/1503 1534/1873/1534 1531/1872/1531
f 1534/1873/1534 1535/1882/1535 1531/1872/1531
f 1531/1872/1531 1535/1882/1535 1532/1879/1532
f 1535/1882/1535 1536/1883/1536 1532/1879/1532
f 1532/1879/1532 1536/1883/1536 1533/1880/1533
f 1536/1883/1536 1537/1884/1537 1533/1880/1533
f 1533/1880/1533 1537/1884/1537 1496/1881/1496
f 1537/1884/1537 1497/1885/1497 1496/1881/1496
f 1504/1852/1504 1538/1874/1538 1534/1873/1534
f 1538/1874/1538 1539/1886/1539 1534/1873/1534
f 1534/1873/1534 1539/1886/1539 1535/1882/1535
f 1539/1886/1539 1540/1887/1540 1535/1882/1535
f 1535/1882/1535 1540/1887/1540 1536/1883/1536
f 1540/1887/1540 1541/1888/1541 1536/1883/1536
f 1536/1883/1536 1541/1888/1541 1537/1884/1537
f 1541/1888/1541 1542/1889/1542 1537/1884/1537
f 1537/1884/1537 1542/1889/1542 1497/1885/1497
f 1542/1889/1542 1498/1890/1498 1497/1885/1497
f 1505/1857/1505 1543/1875/1543 1538/1874/1538
f 1543/1875/1543 1544/1891/1544 1538/1874/1538
f 1538/1874/1538 1544/1891/1544 1539/1886/1539
f 1544/1891/1544 1545/1892/1545 1539/1886/1539
f 1539/1886/1539 1545/1892/1545 1540/1887/1540
f 1545/1892/1545 1546/1893/1546 1540/1887/1540
f 1540/1887/1540 1546/1893/1546 1541/1888/1541
f 1546/1893/1546 1547/1894/1547 1541/1888/1541
f 1541/1888/1541 1547/1894/1547 1542/1889/1542
f 1547/1894/1547 1548/1895/1548 1542/1889/1542
f 1542/1889/1542 1548/1895/1548 1498/1890/1498
f 1548/1895/1548 1499/1822/1499 1498/1890/1498
f 1506/1825/1506 1464/1824/1464 1543/1875/1543
f 1464/1824/1464 1463/1896/1463 1543/1875/1543
f 1543/1875/1543 1463/1896/1463 1544/1891/1544
f 1463/1896/1463 1462/1897/1462 1544/1891/1544
f 1544/1891/1544 1462/1897/1462 1545/1892/1545
f 1462/1897/1462 1461/1898/1461 1545/1892/1545
f 1545/1892/1545 1461/1898/1461 1546/1893/1546
f 1461/1898/1461 1460/1899/1460 1546/1893/1546
f 1546/1893/1546 1460/1899/1460 1547/1894/1547
f 1460/1899/1460 1459/1900/1459 1547/1894/1547
f 1547/1894/1547 1459/1900/1459 1548/1895/1548
f 1459/1900/1459 1458/1901/1458 1548/1895/1548
f 1548/1895/1548 1458/1901/1458 1499/1822/1499
f 1458/1901/1458 1293/1820/1293 1499/1822/1499
f 1493/1869/1493 1486/1902/1486 1296/1831/1296
f 1494/1876/1494 1549/1903/1549 1493/1869/1493
f 1495/1878/1495 1550/1904/1550 1494/1876/1494
f 1496/1881/1496 1552/1905/1552 1495/1878/1495
f 1497/1885/1497 1555/1906/1555 1496/1881/1496
f 1498/1890/1498 1559/1907/1559 1497/1885/1497
f 1499/1822/1499 1564/1908/1564 1498/1890/1498
f 1493/1869/1493 1549/1903/1549 1486/1902/1486
f 1549/1903/1549 1487/1909/1487 1486/1902/1486
f 1494/1876/1494 1550/1904/1550 1549/1903/1549
f 1550/1904/1550 1551/1910/1551 1549/1903/1549
f 1549/1903/1549 1551/1910/1551 1487/1909/1487
f 1551/1910/1551 1488/1911/1488 1487/1909/1487
f 1495/1878/1495 1552/1905/1552 1550/1904/1550
f 1552/1905/1552 1553/1912/1553 1550/1904/1550
f 1550/1904/1550 1553/1912/1553 1551/1910/1551
f 1553/1912/1553 1554/1913/1554 1551/1910/1551
f 1551/1910/1551 1554/1913/1554 1488/1911/1488
f 1554/1913/1554 1489/1914/1489 1488/1911/1488
f 1496/1881/1496 1555/1906/1555 1552/1905/1552
f 1555/1906/1555 1556/1915/1556 1552/1905/1552
f 1552/1905/1552 1556/1915/1556 1553/1912/1553
f 1556/1915/1556 1557/1916/1557 1553/1912/1553
f 1553/1912/1553 1557/1916/1557 1554/1913/1554
f 1557/1916/1557 1558/1917/1558 1554/1913/1554
f 1554/1913/1554 1558/1917/1558 1489/1914/1489
f 1558/1917/1558 1490/1918/1490 1489/1914/1489
f 1497/1885/1497 1559/1907/1559 1555/1906/1555
f 1559/1907/1559 1560/1919/1560 1555/1906/1555
f 1555/1906/1555 1560/1919/1560 1556/1915/1556
f 1560/1919/1560 1561/1920/1561 1556/1915/1556
f 1556/1915/1556 1561/1920/1561 1557/1916/1557
f 1561/1920/1561 1562/1921/1562 1557/1916/1557
f 1557/1916/1557 1562/1921/1562 1558/1917/1558
f 1562/1921/1562 1563/1922/1563 1558/1917/1558
f 1558/1917/1558 1563/1922/1563 1490/1918/1490
f 1563/1923/1563 1491/1924/1491 1490/1925/1490
f 1498/1890/1498 1564/1908/1564 1559/1907/1559
f 1564/1908/1564 1565/1926/1565 1559/1907/1559
f 1559/1907/1559 1565/1926/1565 1560/1919/1560
f 1565/1926/1565 1566/1927/1566 1560/1919/1560
f 1560/1919/1560 1566/1927/1566 1561/1920/1561
f 1566/1927/1566 1567/1928/1567 1561/1920/1561
f 1561/1920/1561 1567/1928/1567 1562/1921/1562
f 1567/1928/1567 1568/1929/1568 1562/1921/1562
f 1562/1921/1562 1568/1929/1568 1563/1922/1563
f 1568/1930/1568 1569/1931/1569 1563/1923/1563
f 1563/1923/1563 1569/1931/1569 1491/1924/1491
f 1569/1931/1569 1492/1819/1492 1491/1924/1491
f 1499/1822/1499 1457/1821/1457 1564/1908/1564
f 1457/1821/1457 1456/1932/1456 1564/1908/1564
f 1564/1908/1564 1456/1932/1456 1565/1926/1565
f 1456/1932/1456 1455/1933/1455 1565/1926/1565
f 1565/1926/1565 1455/1933/1455 1566/1927/1566
f 1455/1933/1455 1454/1934/1454 1566/1927/1566
f 1566/1927/1566 1454/1934/1454 1567/1928/1567
f 1454/1934/1454 1453/1935/1453 1567/1928/1567
f 1567/1928/1567 1453/1935/1453 1568/1929/1568
f 1453/1935/1453 1452/1936/1452 1568/1929/1568
f 1568/1930/1568 1452/1937/1452 1569/1931/1569
f 1452/1937/1452 1451/1938/1451 1569/1931/1569
f 1569/1931/1569 1451/1938/1451 1492/1819/1492
f 1451/1938/1451 1292/1817/1292 1492/1819/1492
f 1486/1902/1486 1472/1939/1472 1296/1831/1296
f 1487/1909/1487 1570/1940/1570 1486/1902/1486
f 1488/1911/1488 1571/1941/1571 1487/1909/1487
f 1489/1914/1489 1573/1942/1573 1488/1911/1488
f 1490/1918/1490 1576/1943/1576 1489/1914/1489
f 1491/1944/1491 1580/1945/1580 1490/1918/1490
f 1492/1819/1492 1585/1946/1585 1491/1924/1491
f 1486/1902/1486 1570/1940/1570 1472/1939/1472
f 1570/1940/1570 1473/1947/1473 1472/1939/1472
f 1487/1909/1487 1571/1941/1571 1570/1940/1570
f 1571/1941/1571 1572/1948/1572 1570/1940/1570
f 1570/1940/1570 1572/1948/1572 1473/1947/1473
f 1572/1948/1572 1474/1949/1474 1473/1947/1473
f 1488/1911/1488 1573/1942/1573 1571/1941/1571
f 1573/1942/1573 1574/1950/1574 1571/1941/1571
f 1571/1941/1571 1574/1950/1574 1572/1948/1572
f 1574/1950/1574 1575/1951/1575 1572/1948/1572
f 1572/1948/1572 1575/1951/1575 1474/1949/1474
f 1575/1951/1575 1475/1952/1475 1474/1949/1474
f 1489/1914/1489 1576/1943/1576 1573/1942/1573
f 1576/1943/1576 1577/1953/1577 1573/1942/1573
f 1573/1942/1573 1577/1953/1577 1574/1950/1574
f 1577/1953/1577 1578/1954/1578 1574/1950/1574
f 1574/1950/1574 1578/1954/1578 1575/1951/1575
f 1578/1954/1578 1579/1955/1579 1575/1951/1575
f 1575/1951/1575 1579/1955/1579 1475/1952/1475
f 1579/1955/1579 1476/1956/1476 1475/1952/1475
f 1490/1918/1490 1580/1945/1580 1576/1943/1576
f 1580/1957/1580 1581/1958/1581 1576/1959/1576
f 1576/1959/1576 1581/1958/1581 1577/1960/1577
f 1581/1958/1581 1582/1961/1582 1577/1960/1577
f 1577/1960/1577 1582/1961/1582 1578/1962/1578
f 1582/1963/1582 1583/1964/1583 1578/1954/1578
f 1578/1954/1578 1583/1964/1583 1579/1955/1579
f 1583/1964/1583 1584/1965/1584 1579/1955/1579
f 1579/1955/1579 1584/1965/1584 1476/1956/1476
f 1584/1965/1584 1477/1966/1477 1476/1956/1476
f 1491/1924/1491 1585/1946/1585 1580/1957/1580
f 1585/1946/1585 1586/1967/1586 1580/1957/1580
f 1580/1957/1580 1586/1967/1586 1581/1958/1581
f 1586/1967/1586 1587/1968/1587 1581/1958/1581
f 1581/1958/1581 1587/1968/1587 1582/1961/1582
f 1587/1968/1587 1588/1969/1588 1582/1961/1582
f 1582/1961/1582 1588/1969/1588 1583/1970/1583
f 1588/1969/1588 1589/1971/1589 1583/1970/1583
f 1583/1970/1583 1589/1971/1589 1584/1972/1584
f 1589/1971/1589 1590/1973/1590 1584/1972/1584
f 1584/1972/1584 1590/1973/1590 1477/1974/1477
f 1590/1973/1590 1478/1816/1478 1477/1974/1477
f 1492/1819/1492 1450/1818/1450 1585/1946/1585
f 1450/1818/1450 1449/1975/1449 1585/1946/1585
f 1585/1946/1585 1449/1975/1449 1586/1967/1586
f 1449/1975/1449 1448/1976/1448 1586/1967/1586
f 1586/1967/1586 1448/1976/1448 1587/1968/1587
f 1448/1976/1448 1447/1977/1447 1587/1968/1587
f 1587/1968/1587 1447/1977/1447 1588/1969/1588
f 1447/1977/1447 1446/1978/1446 1588/1969/1588
f 1588/1969/1588 1446/1978/1446 1589/1971/1589
f 1446/1979/1446 1445/1980/1445 1589/1981/1589
f 1589/1981/1589 1445/1980/1445 1590/1982/1590
f 1445/1980/1445 1444/1983/1444 1590/1982/1590
f 1590/1973/1590 1444/1984/1444 1478/1816/1478
f 1444/1984/1444 1291/1814/1291 1478/1816/1478
f 1472/1939/1472 1485/1829/1485 1296/1831/1296
f 1473/1947/1473 1591/1985/1591 1472/1939/1472
f 1474/1949/1474 1592/1986/1592 1473/1947/1473
f 1475/1952/1475 1594/1987/1594 1474/1949/1474
f 1476/1956/1476 1597/1988/1597 1475/1952/1475
f 1477/1966/1477 1601/1989/1601 1476/1956/1476
f 1478/1816/1478 1606/1990/1606 1477/1974/1477
f 1472/1939/1472 1591/1985/1591 1485/1829/1485
f 1591/1985/1591 1484/1832/1484 1485/1829/1485
f 1473/1947/1473 1592/1986/1592 1591/1985/1591
f 1592/1986/1592 1593/1991/1593 1591/1985/1591
f 1591/1985/1591 1593/1991/1593 1484/1832/1484
f 1593/1991/1593 1483/1834/1483 1484/1832/1484
f 1474/1949/1474 1594/1987/1594 1592/1986/1592
f 1594/1987/1594 1595/1992/1595 1592/1986/1592
f 1592/1986/1592 1595/1992/1595 1593/1991/1593
f 1595/1992/1595 1596/1993/1596 1593/1991/1593
f 1593/1991/1593 1596/1993/1596 1483/1834/1483
f 1596/1993/1596 1482/1836/1482 1483/1834/1483
f 1475/1952/1475 1597/1988/1597 1594/1987/1594
f 1597/1988/1597 1598/1994/1598 1594/1987/1594
f 1594/1987/1594 1598/1994/1598 1595/1992/1595
f 1598/1994/1598 1599/1995/1599 1595/1992/1595
f 1595/1992/1595 1599/1995/1599 1596/1993/1596
f 1599/1995/1599 1600/1996/1600 1596/1993/1596
f 1596/1993/1596 1600/1996/1600 1482/1836/1482
f 1600/1996/1600 1481/1838/1481 1482/1836/1482
f 1476/1956/1476 1601/1989/1601 1597/1988/1597
f 1601/1989/1601 1602/1997/1602 1597/1988/1597
f 1597/1988/1597 1602/1997/1602 1598/1994/1598
f 1602/1997/1602 1603/1998/1603 1598/1994/1598
f 1598/1994/1598 1603/1998/1603 1599/1995/1599
f 1603/1998/1603 1604/1999/1604 1599/1995/1599
f 1599/1995/1599 1604/1999/1604 1600/1996/1600
f 1604/1999/1604 1605/2000/1605 1600/1996/1600
f 1600/1996/1600 1605/2000/1605 1481/1838/1481
f 1605/2000/1605 1480/1840/1480 1481/1838/1481
f 1477/1966/1477 1606/2001/1606 1601/1989/1601
f 1606/2001/1606 1607/2002/1607 1601/1989/1601
f 1601/1989/1601 1607/2002/1607 1602/1997/1602
f 1607/2002/1607 1608/2003/1608 1602/1997/1602
f 1602/1997/1602 1608/2003/1608 1603/1998/1603
f 1608/2004/1608 1609/2005/1609 1603/2006/1603
f 1603/2006/1603 1609/2005/1609 1604/2007/1604
f 1609/2005/1609 1610/2008/1610 1604/2007/1604
f 1604/1999/1604 1610/2009/1610 1605/2000/1605
f 1610/2009/1610 1611/2010/1611 1605/2000/1605
f 1605/2000/1605 1611/2010/1611 1480/1840/1480
f 1611/2010/1611 1479/1828/1479 1480/1840/1480
f 1478/1816/1478 1443/1815/1443 1606/1990/1606
f 1443/2011/1443 1442/2012/1442 1606/2013/1606
f 1606/2013/1606 1442/2012/1442 1607/2014/1607
f 1442/2012/1442 1441/2015/1441 1607/2014/1607
f 1607/2014/1607 1441/2015/1441 1608/2004/1608
f 1441/2015/1441 1440/2016/1440 1608/2004/1608
f 1608/2004/1608 1440/2016/1440 1609/2005/1609
f 1440/2016/1440 1439/2017/1439 1609/2005/1609
f 1609/2018/1609 1439/2019/1439 1610/2020/1610
f 1439/2017/1439 1438/2021/1438 1610/2008/1610
f 1610/2009/1610 1438/2022/1438 1611/2010/1611
f 1438/2022/1438 1437/2023/1437 1611/2010/1611
f 1611/2010/1611 1437/2023/1437 1479/1828/1479
f 1437/2024/1437 1295/2025/1295 1479/2026/1479
f 1380/2027/1380 1471/2028/1471 1295/2025/1295
f 1379/2029/1379 1612/2030/1612 1380/2027/1380
f 1378/2031/1378 1613/2032/1613 1379/2029/1379
f 1377/2033/1377 1615/2034/1615 1378/2031/1378
f 1376/2035/1376 1618/2036/1618 1377/2033/1377
f 1375/2037/1375 1622/2038/1622 1376/2039/1376
f 1374/2040/1374 1627/2041/1627 1375/2037/1375
f 1380/2027/1380 1612/2030/1612 1471/2028/1471
f 1612/2030/1612 1470/2042/1470 1471/2028/1471
f 1379/2029/1379 1613/2032/1613 1612/2030/1612
f 1613/2032/1613 1614/2043/1614 1612/2030/1612
f 1612/2030/1612 1614/2043/1614 1470/2042/1470
f 1614/2043/1614 1469/2044/1469 1470/2042/1470
f 1378/2031/1378 1615/2034/1615 1613/2032/1613
f 1615/2045/1615 1616/2046/1616 1613/2047/1613
f 1613/2032/1613 1616/2048/1616 1614/2043/1614
f 1616/2048/1616 1617/2049/1617 1614/2043/1614
f 1614/2043/1614 1617/2049/1617 1469/2044/1469
f 1617/2050/1617 1468/1865/1468 1469/1864/1469
f 1377/2033/1377 1618/2036/1618 1615/2034/1615
f 1618/2051/1618 1619/2052/1619 1615/2053/1615
f 1615/2045/1615 1619/2054/1619 1616/2046/1616
f 1619/2055/1619 1620/2056/1620 1616/2048/1616
f 1616/2048/1616 1620/2056/1620 1617/2049/1617
f 1620/2057/1620 1621/2058/1621 1617/2050/1617
f 1617/2050/1617 1621/2058/1621 1468/1865/1468
f 1621/2058/1621 1467/1866/1467 1468/1865/1468
f 1376/2039/1376 1622/2038/1622 1618/2051/1618
f 1622/2038/1622 1623/2059/1623 1618/2051/1618
f 1618/2051/1618 1623/2059/1623 1619/2052/1619
f 1623/2059/1623 1624/2060/1624 1619/2052/1619
f 1619/2052/1619 1624/2060/1624 1620/2061/1620
f 1624/2060/1624 1625/2062/1625 1620/2061/1620
f 1620/2057/1620 1625/2063/1625 1621/2058/1621
f 1625/2063/1625 1626/2064/1626 1621/2058/1621
f 1621/2058/1621 1626/2064/1626 1467/1866/1467
f 1626/2064/1626 1466/1867/1466 1467/1866/1467
f 1375/2037/1375 1627/2041/1627 1622/2038/1622
f 1627/2041/1627 1628/2065/1628 1622/2038/1622
f 1622/2038/1622 1628/2065/1628 1623/2059/1623
f 1628/2065/1628 1629/2066/1629 1623/2059/1623
f 1623/2059/1623 1629/2066/1629 1624/2060/1624
f 1629/2066/1629 1630/2067/1630 1624/2060/1624
f 1624/2060/1624 1630/2067/1630 1625/2062/1625
f 1630/2067/1630 1631/2068/1631 1625/2062/1625
f 1625/2063/1625 1631/2069/1631 1626/2064/1626
f 1631/2069/1631 1632/2070/1632 1626/2064/1626
f 1626/2064/1626 1632/2070/1632 1466/1867/1466
f 1632/2070/1632 1465/1868/1465 1466/1867/1466
f 1374/2040/1374 1429/2071/1429 1627/2041/1627
f 1429/2071/1429 1428/2072/1428 1627/2041/1627
f 1627/2041/1627 1428/2072/1428 1628/2065/1628
f 1428/2072/1428 1427/2073/1427 1628/2065/1628
f 1628/2065/1628 1427/2073/1427 1629/2066/1629
f 1427/2073/1427 1426/2074/1426 1629/2066/1629
f 1629/2066/1629 1426/2074/1426 1630/2067/1630
f 1426/2074/1426 1425/2075/1425 1630/2067/1630
f 1630/2067/1630 1425/2075/1425 1631/2068/1631
f 1425/2075/1425 1424/2076/1424 1631/2068/1631
f 1631/2069/1631 1424/2077/1424 1632/2070/1632
f 1424/2077/1424 1423/2078/1423 1632/2070/1632
f 1632/2070/1632 1423/2078/1423 1465/1868/1465
f 1423/2078/1423 1294/1823/1294 1465/1868/1465
f 1436/2079/1436 1464/2080/1464 1294/2081/1294
f 1435/2082/1435 1633/2083/1633 1436/2079/1436
f 1434/2084/1434 1634/2085/1634 1435/2082/1435
f 1433/2086/1433 1636/2087/1636 1434/2084/1434
f 1432/2088/1432 1639/2089/1639 1433/2086/1433
f 1431/2090/1431 1643/2091/1643 1432/2088/1432
f 1430/1812/1430 1648/2092/1648 1431/2093/1431
f 1436/2079/1436 1633/2083/1633 1464/2080/1464
f 1633/2094/1633 1463/1896/1463 1464/1824/1464
f 1435/2082/1435 1634/2085/1634 1633/2083/1633
f 1634/2095/1634 1635/2096/1635 1633/2094/1633
f 1633/2094/1633 1635/2096/1635 1463/1896/1463
f 1635/2096/1635 1462/1897/1462 1463/1896/1463
f 1434/2084/1434 1636/2087/1636 1634/2085/1634
f 1636/2097/1636 1637/2098/1637 1634/2099/1634
f 1634/2095/1634 1637/2100/1637 1635/2096/1635
f 1637/2101/1637 1638/2102/1638 1635/2103/1635
f 1635/2096/1635 1638/2104/1638 1462/1897/1462
f 1638/2104/1638 1461/1898/1461 1462/1897/1462
f 1433/2086/1433 1639/2089/1639 1636/2087/1636
f 1639/2105/1639 1640/2106/1640 1636/2097/1636
f 1636/2097/1636 1640/2106/1640 1637/2098/1637
f 1640/2106/1640 1641/2107/1641 1637/2098/1637
f 1637/2101/1637 1641/2108/1641 1638/2102/1638
f 1641/2107/1641 1642/2109/1642 1638/2110/1638
f 1638/2104/1638 1642/2111/1642 1461/1898/1461
f 1642/2111/1642 1460/1899/1460 1461/1898/1461
f 1432/2112/1432 1643/2113/1643 1639/2105/1639
f 1643/2113/1643 1644/2114/1644 1639/2105/1639
f 1639/2105/1639 1644/2114/1644 1640/2106/1640
f 1644/2114/1644 1645/2115/1645 1640/2106/1640
f 1640/2106/1640 1645/2115/1645 1641/2107/1641
f 1645/2115/1645 1646/2116/1646 1641/2107/1641
f 1641/2107/1641 1646/2116/1646 1642/2109/1642
f 1646/2116/1646 1647/2117/1647 1642/2109/1642
f 1642/2111/1642 1647/2118/1647 1460/1899/1460
f 1647/2118/1647 1459/1900/1459 1460/1899/1460
f 1431/2093/1431 1648/2092/1648 1643/2113/1643
f 1648/2119/1648 1649/2120/1649 1643/2121/1643
f 1643/2113/1643 1649/2122/1649 1644/2114/1644
f 1649/2122/1649 1650/2123/1650 1644/2114/1644
f 1644/2114/1644 1650/2123/1650 1645/2115/1645
f 1650/2123/1650 1651/2124/1651 1645/2115/1645
f 1645/2115/1645 1651/2124/1651 1646/2116/1646
f 1651/2124/1651 1652/2125/1652 1646/2116/1646
f 1646/2116/1646 1652/2125/1652 1647/2117/1647
f 1652/2125/1652 1653/2126/1653 1647/2117/1647
f 1647/2117/1647 1653/2126/1653 1459/2127/1459
f 1653/2126/1653 1458/2128/1458 1459/2127/1459
f 1430/1812/1430 1415/1805/1415 1648/2092/1648
f 1415/2129/1415 1414/2130/1414 1648/2119/1648
f 1648/2119/1648 1414/2130/1414 1649/2120/1649
f 1414/2130/1414 1413/2131/1413 1649/2120/1649
f 1649/2122/1649 1413/2132/1413 1650/2123/1650
f 1413/2132/1413 1412/2133/1412 1650/2123/1650
f 1650/2123/1650 1412/2133/1412 1651/2124/1651
f 1412/2133/1412 1411/2134/1411 1651/2124/1651
f 1651/2124/1651 1411/2134/1411 1652/2125/1652
f 1411/2134/1411 1410/2135/1410 1652/2125/1652
f 1652/2125/1652 1410/2135/1410 1653/2126/1653
f 1410/2135/1410 1409/2136/1409 1653/2126/1653
f 1653/2126/1653 1409/2136/1409 1458/2128/1458
f 1409/2136/1409 1293/2137/1293 1458/2128/1458
f 1422/2138/1422 1457/2139/1457 1293/2137/1293
f 1421/2140/1421 1654/2141/1654 1422/2138/1422
f 1420/2142/1420 1655/2143/1655 1421/2140/1421
f 1419/2144/1419 1657/2145/1657 1420/2142/1420
f 1418/2146/1418 1660/2147/1660 1419/2144/1419
f 1417/2148/1417 1664/2149/1664 1418/2146/1418
f 1416/1811/1416 1669/2150/1669 1417/2148/1417
f 1422/2138/1422 1654/2141/1654 1457/2139/1457
f 1654/2141/1654 1456/2151/1456 1457/2139/1457
f 1421/2140/1421 1655/2143/1655 1654/2141/1654
f 1655/2143/1655 1656/2152/1656 1654/2141/1654
f 1654/2141/1654 1656/2152/1656 1456/2151/1456
f 1656/2152/1656 1455/2153/1455 1456/2151/1456
f 1420/2142/1420 1657/2145/1657 1655/2143/1655
f 1657/2145/1657 1658/2154/1658 1655/2143/1655
f 1655/2143/1655 1658/2154/1658 1656/2152/1656
f 1658/2154/1658 1659/2155/1659 1656/2152/1656
f 1656/2152/1656 1659/2155/1659 1455/2153/1455
f 1659/2155/1659 1454/2156/1454 1455/2153/1455
f 1419/2144/1419 1660/2147/1660 1657/2145/1657
f 1660/2147/1660 1661/2157/1661 1657/2145/1657
f 1657/2145/1657 1661/2157/1661 1658/2154/1658
f 1661/2157/1661 1662/2158/1662 1658/2154/1658
f 1658/2154/1658 1662/2158/1662 1659/2155/1659
f 1662/2158/1662 1663/2159/1663 1659/2155/1659
f 1659/2155/1659 1663/2159/1663 1454/2156/1454
f 1663/2159/1663 1453/2160/1453 1454/2156/1454
f 1418/2146/1418 1664/2149/1664 1660/2147/1660
f 1664/2149/1664 1665/2161/1665 1660/2147/1660
f 1660/2147/1660 1665/2161/1665 1661/2157/1661
f 1665/2161/1665 1666/2162/1666 1661/2157/1661
f 1661/2157/1661 1666/2162/1666 1662/2158/1662
f 1666/2162/1666 1667/2163/1667 1662/2158/1662
f 1662/2158/1662 1667/2163/1667 1663/2159/1663
f 1667/2163/1667 1668/2164/1668 1663/2159/1663
f 1663/2159/1663 1668/2164/1668 1453/2160/1453
f 1668/2164/1668 1452/2165/1452 1453/2160/1453
f 1417/2148/1417 1669/2150/1669 1664/2149/1664
f 1669/2150/1669 1670/2166/1670 1664/2149/1664
f 1664/2149/1664 1670/2166/1670 1665/2161/1665
f 1670/2167/1670 1671/2168/1671 1665/2169/1665
f 1665/2169/1665 1671/2168/1671 1666/2170/1666
f 1671/2171/1671 1672/2172/1672 1666/2162/1666
f 1666/2162/1666 1672/2172/1672 1667/2163/1667
f 1672/2172/1672 1673/2173/1673 1667/2163/1667
f 1667/2163/1667 1673/2173/1673 1668/2164/1668
f 1673/2174/1673 1674/2175/1674 1668/2176/1668
f 1668/2176/1668 1674/2175/1674 1452/1937/1452
f 1674/2175/1674 1451/1938/1451 1452/1937/1452
f 1416/1811/1416 1401/1802/1401 1669/2150/1669
f 1401/1802/1401 1400/2177/1400 1669/2150/1669
f 1669/2150/1669 1400/2177/1400 1670/2166/1670
f 1400/2177/1400 1399/2178/1399 1670/2166/1670
f 1670/2166/1670 1399/2178/1399 1671/2171/1671
f 1399/2178/1399 1398/2179/1398 1671/2171/1671
f 1671/2171/1671 1398/2179/1398 1672/2172/1672
f 1398/2180/1398 1397/2181/1397 1672/2182/1672
f 1672/2182/1672 1397/2181/1397 1673/2174/1673
f 1397/2181/1397 1396/2183/1396 1673/2174/1673
f 1673/2174/1673 1396/2183/1396 1674/2175/1674
f 1396/2183/1396 1395/2184/1395 1674/2175/1674
f 1674/2175/1674 1395/2184/1395 1451/1938/1451
f 1395/2184/1395 1292/1817/1292 1451/1938/1451
f 1408/2185/1408 1450/1818/1450 1292/1817/1292
f 1407/2186/1407 1675/2187/1675 1408/2185/1408
f 1406/2188/1406 1676/2189/1676 1407/2186/1407
f 1405/2190/1405 1678/2191/1678 1406/2188/1406
f 1404/2192/1404 1681/2193/1681 1405/2190/1405
f 1403/2194/1403 1685/2195/1685 1404/2192/1404
f 1402/2196/1402 1690/2197/1690 1403/2194/1403
f 1408/2185/1408 1675/2187/1675 1450/1818/1450
f 1675/2187/1675 1449/1975/1449 1450/1818/1450
f 1407/2186/1407 1676/2189/1676 1675/2187/1675
f 1676/2189/1676 1677/2198/1677 1675/2187/1675
f 1675/2199/1675 1677/2200/1677 1449/2201/1449
f 1677/2198/1677 1448/1976/1448 1449/1975/1449
f 1406/2188/1406 1678/2191/1678 1676/2189/1676
f 1678/2191/1678 1679/2202/1679 1676/2189/1676
f 1676/2189/1676 1679/2202/1679 1677/2198/1677
f 1679/2202/1679 1680/2203/1680 1677/2198/1677
f 1677/2198/1677 1680/2203/1680 1448/1976/1448
f 1680/2203/1680 1447/1977/1447 1448/1976/1448
f 1405/2190/1405 1681/2193/1681 1678/2191/1678
f 1681/2193/1681 1682/2204/1682 1678/2191/1678
f 1678/2191/1678 1682/2204/1682 1679/2202/1679
f 1682/2204/1682 1683/2205/1683 1679/2202/1679
f 1679/2202/1679 1683/2205/1683 1680/2203/1680
f 1683/2205/1683 1684/2206/1684 1680/2203/1680
f 1680/2203/1680 1684/2206/1684 1447/1977/1447
f 1684/2206/1684 1446/1978/1446 1447/1977/1447
f 1404/2192/1404 1685/2195/1685 1681/2193/1681
f 1685/2195/1685 1686/2207/1686 1681/2193/1681
f 1681/2193/1681 1686/2207/1686 1682/2204/1682
f 1686/2207/1686 1687/2208/1687 1682/2204/1682
f 1682/2204/1682 1687/2208/1687 1683/2205/1683
f 1687/2208/1687 1688/2209/1688 1683/2205/1683
f 1683/2205/1683 1688/2209/1688 1684/2206/1684
f 1688/2209/1688 1689/2210/1689 1684/2206/1684
f 1684/2206/1684 1689/2210/1689 1446/1978/1446
f 1689/2210/1689 1445/2211/1445 1446/1978/1446
f 1403/2194/1403 1690/2197/1690 1685/2195/1685
f 1690/2197/1690 1691/2212/1691 1685/2195/1685
f 1685/2195/1685 1691/2212/1691 1686/2207/1686
f 1691/2212/1691 1692/2213/1692 1686/2207/1686
f 1686/2207/1686 1692/2213/1692 1687/2208/1687
f 1692/2213/1692 1693/2214/1693 1687/2208/1687
f 1687/2208/1687 1693/2214/1693 1688/2209/1688
f 1693/2214/1693 1694/2215/1694 1688/2209/1688
f 1688/2209/1688 1694/2215/1694 1689/2210/1689
f 1694/2215/1694 1695/2216/1695 1689/2210/1689
f 1689/2210/1689 1695/2216/1695 1445/2211/1445
f 1695/2216/1695 1444/1984/1444 1445/2211/1445
f 1402/2196/1402 1387/2217/1387 1690/2197/1690
f 1387/2217/1387 1386/2218/1386 1690/2197/1690
f 1690/2197/1690 1386/2218/1386 1691/2212/1691
f 1386/2218/1386 1385/2219/1385 1691/2212/1691
f 1691/2212/1691 1385/2219/1385 1692/2213/1692
f 1385/2219/1385 1384/2220/1384 1692/2213/1692
f 1692/2213/1692 1384/2220/1384 1693/2214/1693
f 1384/2220/1384 1383/2221/1383 1693/2214/1693
f 1693/2214/1693 1383/2221/1383 1694/2215/1694
f 1383/2221/1383 1382/2222/1382 1694/2215/1694
f 1694/2215/1694 1382/2222/1382 1695/2216/1695
f 1382/2222/1382 1381/2223/1381 1695/2216/1695
f 1695/2216/1695 1381/2223/1381 1444/1984/1444
f 1381/2223/1381 1291/1814/1291 1444/1984/1444
f 1394/2224/1394 1443/1815/1443 1291/1814/1291
f 1393/2225/1393 1696/2226/1696 1394/2224/1394
f 1392/2227/1392 1697/2228/1697 1393/2229/1393
f 1391/2230/1391 1699/2231/1699 1392/2227/1392
f 1390/2232/1390 1702/2233/1702 1391/2230/1391
f 1389/2234/1389 1706/2235/1706 1390/2232/1390
f 1388/1809/1388 1711/2236/1711 1389/2234/1389
f 1394/2224/1394 1696/2226/1696 1443/1815/1443
f 1696/2237/1696 1442/2012/1442 1443/2011/1443
f 1393/2229/1393 1697/2228/1697 1696/2237/1696
f 1697/2228/1697 1698/2238/1698 1696/2237/1696
f 1696/2237/1696 1698/2238/1698 1442/2012/1442
f 1698/2238/1698 1441/2015/1441 1442/2012/1442
f 1392/2227/1392 1699/2231/1699 1697/2228/1697
f 1699/2231/1699 1700/2239/1700 1697/2228/1697
f 1697/2228/1697 1700/2239/1700 1698/2238/1698
f 1700/2239/1700 1701/2240/1701 1698/2238/1698
f 1698/2238/1698 1701/2240/1701 1441/2015/1441
f 1701/2240/1701 1440/2016/1440 1441/2015/1441
f 1391/2230/1391 1702/2233/1702 1699/2231/1699
f 1702/2233/1702 1703/2241/1703 1699/2231/1699
f 1699/2231/1699 1703/2241/1703 1700/2239/1700
f 1703/2241/1703 1704/2242/1704 1700/2239/1700
f 1700/2239/1700 1704/2242/1704 1701/2240/1701
f 1704/2242/1704 1705/2243/1705 1701/2240/1701
f 1701/2240/1701 1705/2243/1705 1440/2016/1440
f 1705/2243/1705 1439/2017/1439 1440/2016/1440
f 1390/2232/1390 1706/2235/1706 1702/2233/1702
f 1706/2235/1706 1707/2244/1707 1702/2233/1702
f 1702/2233/1702 1707/2244/1707 1703/2241/1703
f 1707/2244/1707 1708/2245/1708 1703/2241/1703
f 1703/2241/1703 1708/2245/1708 1704/2242/1704
f 1708/2245/1708 1709/2246/1709 1704/2242/1704
f 1704/2242/1704 1709/2246/1709 1705/2243/1705
f 1709/2246/1709 1710/2247/1710 1705/2243/1705
f 1705/2243/1705 1710/2247/1710 1439/2017/1439
f 1710/2247/1710 1438/2021/1438 1439/2017/1439
f 1389/2234/1389 1711/2236/1711 1706/2235/1706
f 1711/2236/1711 1712/2248/1712 1706/2235/1706
f 1706/2235/1706 1712/2248/1712 1707/2244/1707
f 1712/2248/1712 1713/2249/1713 1707/2244/1707
f 1707/2244/1707 1713/2249/1713 1708/2245/1708
f 1713/2249/1713 1714/2250/1714 1708/2245/1708
f 1708/2245/1708 1714/2250/1714 1709/2246/1709
f 1714/2250/1714 1715/2251/1715 1709/2246/1709
f 1709/2246/1709 1715/2251/1715 1710/2247/1710
f 1715/2251/1715 1716/2252/1716 1710/2247/1710
f 1710/2247/1710 1716/2252/1716 1438/2021/1438
f 1716/2252/1716 1437/2024/1437 1438/2021/1438
f 1388/1809/1388 1373/1796/1373 1711/2236/1711
f 1373/1796/1373 1372/2253/1372 1711/2236/1711
f 1711/2236/1711 1372/2253/1372 1712/2248/1712
f 1372/2253/1372 1371/2254/1371 1712/2248/1712
f 1712/2248/1712 1371/2254/1371 1713/2249/1713
f 1371/2254/1371 1370/2255/1370 1713/2249/1713
f 1713/2249/1713 1370/2255/1370 1714/2250/1714
f 1370/2255/1370 1369/2256/1369 1714/2250/1714
f 1714/2250/1714 1369/2256/1369 1715/2251/1715
f 1369/2256/1369 1368/2257/1368 1715/2251/1715
f 1715/2251/1715 1368/2257/1368 1716/2252/1716
f 1368/2257/1368 1367/2258/1367 1716/2252/1716
f 1716/2252/1716 1367/2258/1367 1437/2024/1437
f 1367/2258/1367 1295/2025/1295 1437/2024/1437
f 1423/2259/1423 1436/2079/1436 1294/2081/1294
f 1424/2076/1424 1717/2260/1717 1423/2259/1423
f 1425/2075/1425 1718/2261/1718 1424/2076/1424
f 1426/2074/1426 1720/2262/1720 1425/2075/1425
f 1427/2073/1427 1723/2263/1723 1426/2074/1426
f 1428/2072/1428 1727/2264/1727 1427/2073/1427
f 1429/2071/1429 1732/2265/1732 1428/2072/1428
f 1423/2259/1423 1717/2260/1717 1436/2079/1436
f 1717/2260/1717 1435/2082/1435 1436/2079/1436
f 1424/2076/1424 1718/2261/1718 1717/2260/1717
f 1718/2261/1718 1719/2266/1719 1717/2260/1717
f 1717/2260/1717 1719/2266/1719 1435/2082/1435
f 1719/2266/1719 1434/2084/1434 1435/2082/1435
f 1425/2075/1425 1720/2262/1720 1718/2261/1718
f 1720/2262/1720 1721/2267/1721 1718/2261/1718
f 1718/2261/1718 1721/2267/1721 1719/2266/1719
f 1721/2267/1721 1722/2268/1722 1719/2266/1719
f 1719/2266/1719 1722/2268/1722 1434/2084/1434
f 1722/2268/1722 1433/2086/1433 1434/2084/1434
f 1426/2074/1426 1723/2263/1723 1720/2262/1720
f 1723/2263/1723 1724/2269/1724 1720/2262/1720
f 1720/2262/1720 1724/2269/1724 1721/2267/1721
f 1724/2269/1724 1725/2270/1725 1721/2267/1721
f 1721/2267/1721 1725/2270/1725 1722/2268/1722
f 1725/2270/1725 1726/2271/1726 1722/2268/1722
f 1722/2268/1722 1726/2271/1726 1433/2086/1433
f 1726/2271/1726 1432/2088/1432 1433/2086/1433
f 1427/2073/1427 1727/2264/1727 1723/2263/1723
f 1727/2264/1727 1728/2272/1728 1723/2263/1723
f 1723/2263/1723 1728/2272/1728 1724/2269/1724
f 1728/2272/1728 1729/2273/1729 1724/2269/1724
f 1724/2269/1724 1729/2273/1729 1725/2270/1725
f 1729/2273/1729 1730/2274/1730 1725/2270/1725
f 1725/2270/1725 1730/2274/1730 1726/2271/1726
f 1730/2274/1730 1731/2275/1731 1726/2271/1726
f 1726/2271/1726 1731/2275/1731 1432/2088/1432
f 1731/2275/1731 1431/2090/1431 1432/2088/1432
f 1428/2072/1428 1732/2265/1732 1727/2264/1727
f 1732/2265/1732 1733/2276/1733 1727/2264/1727
f 1727/2264/1727 1733/2276/1733 1728/2272/1728
f 1733/2276/1733 1734/2277/1734 1728/2272/1728
f 1728/2272/1728 1734/2277/1734 1729/2273/1729
f 1734/2277/1734 1735/2278/1735 1729/2273/1729
f 1729/2273/1729 1735/2278/1735 1730/2274/1730
f 1735/2278/1735 1736/2279/1736 1730/2274/1730
f 1730/2274/1730 1736/2279/1736 1731/2275/1731
f 1736/2279/1736 1737/2280/1737 1731/2275/1731
f 1731/2275/1731 1737/2280/1737 1431/2090/1431
f 1737/2281/1737 1430/1812/1430 1431/2093/1431
f 1429/2071/1429 1366/2282/1366 1732/2265/1732
f 1366/2282/1366 1365/2283/1365 1732/2265/1732
f 1732/2265/1732 1365/2283/1365 1733/2276/1733
f 1365/2283/1365 1364/2284/1364 1733/2276/1733
f 1733/2276/1733 1364/2284/1364 1734/2277/1734
f 1364/2284/1364 1363/2285/1363 1734/2277/1734
f 1734/2277/1734 1363/2285/1363 1735/2278/1735
f 1363/2285/1363 1362/2286/1362 1735/2278/1735
f 1735/2278/1735 1362/2286/1362 1736/2279/1736
f 1362/2286/1362 1361/2287/1361 1736/2279/1736
f 1736/2279/1736 1361/2287/1361 1737/2280/1737
f 1361/2287/1361 1360/2288/1360 1737/2280/1737
f 1737/2280/1737 1360/2288/1360 1430/2289/1430
f 1360/2288/1360 1289/2290/1289 1430/2289/1430
f 1409/2136/1409 1422/2138/1422 1293/2137/1293
f 1410/2135/1410 1738/2291/1738 1409/2136/1409
f 1411/2134/1411 1739/2292/1739 1410/2135/1410
f 1412/2133/1412 1741/2293/1741 1411/2134/1411
f 1413/2132/1413 1744/2294/1744 1412/2133/1412
f 1414/2295/1414 1748/2296/1748 1413/2132/1413
f 1415/1805/1415 1753/2297/1753 1414/2295/1414
f 1409/2136/1409 1738/2291/1738 1422/2138/1422
f 1738/2291/1738 1421/2140/1421 1422/2138/1422
f 1410/2135/1410 1739/2292/1739 1738/2291/1738
f 1739/2292/1739 1740/2298/1740 1738/2291/1738
f 1738/2291/1738 1740/2298/1740 1421/2140/1421
f 1740/2298/1740 1420/2142/1420 1421/2140/1421
f 1411/2134/1411 1741/2293/1741 1739/2292/1739
f 1741/2293/1741 1742/2299/1742 1739/2292/1739
f 1739/2292/1739 1742/2299/1742 1740/2298/1740
f 1742/2299/1742 1743/2300/1743 1740/2298/1740
f 1740/2298/1740 1743/2300/1743 1420/2142/1420
f 1743/2300/1743 1419/2144/1419 1420/2142/1420
f 1412/2133/1412 1744/2294/1744 1741/2293/1741
f 1744/2294/1744 1745/2301/1745 1741/2293/1741
f 1741/2293/1741 1745/2301/1745 1742/2299/1742
f 1745/2301/1745 1746/2302/1746 1742/2299/1742
f 1742/2299/1742 1746/2302/1746 1743/2300/1743
f 1746/2302/1746 1747/2303/1747 1743/2300/1743
f 1743/2300/1743 1747/2303/1747 1419/2144/1419
f 1747/2303/1747 1418/2146/1418 1419/2144/1419
f 1413/2132/1413 1748/2296/1748 1744/2294/1744
f 1748/2296/1748 1749/2304/1749 1744/2294/1744
f 1744/2294/1744 1749/2304/1749 1745/2301/1745
f 1749/2304/1749 1750/2305/1750 1745/2301/1745
f 1745/2301/1745 1750/2305/1750 1746/2302/1746
f 1750/2305/1750 1751/2306/1751 1746/2302/1746
f 1746/2302/1746 1751/2306/1751 1747/2303/1747
f 1751/2306/1751 1752/2307/1752 1747/2303/1747
f 1747/2303/1747 1752/2307/1752 1418/2146/1418
f 1752/2307/1752 1417/2148/1417 1418/2146/1418
f 1414/2308/1414 1753/2309/1753 1748/2310/1748
f 1753/2309/1753 1754/2311/1754 1748/2310/1748
f 1748/2296/1748 1754/2312/1754 1749/2304/1749
f 1754/2312/1754 1755/2313/1755 1749/2304/1749
f 1749/2304/1749 1755/2313/1755 1750/2305/1750
f 1755/2313/1755 1756/2314/1756 1750/2305/1750
f 1750/2305/1750 1756/2314/1756 1751/2306/1751
f 1756/2314/1756 1757/2315/1757 1751/2306/1751
f 1751/2306/1751 1757/2315/1757 1752/2307/1752
f 1757/2315/1757 1758/2316/1758 1752/2307/1752
f 1752/2307/1752 1758/2316/1758 1417/2148/1417
f 1758/2316/1758 1416/1811/1416 1417/2148/1417
f 1415/1805/1415 1359/1804/1359 1753/2297/1753
f 1359/1804/1359 1358/2317/1358 1753/2297/1753
f 1753/2297/1753 1358/2317/1358 1754/2312/1754
f 1358/2317/1358 1357/2318/1357 1754/2312/1754
f 1754/2312/1754 1357/2318/1357 1755/2313/1755
f 1357/2318/1357 1356/2319/1356 1755/2313/1755
f 1755/2313/1755 1356/2319/1356 1756/2314/1756
f 1356/2319/1356 1355/2320/1355 1756/2314/1756
f 1756/2314/1756 1355/2320/1355 1757/2315/1757
f 1355/2320/1355 1354/2321/1354 1757/2315/1757
f 1757/2315/1757 1354/2321/1354 1758/2316/1758
f 1354/2321/1354 1353/2322/1353 1758/2316/1758
f 1758/2316/1758 1353/2322/1353 1416/1811/1416
f 1353/2322/1353 1288/1800/1288 1416/1811/1416
f 1395/2184/1395 1408/2185/1408 1292/1817/1292
f 1396/2183/1396 1759/2323/1759 1395/2184/1395
f 1397/2181/1397 1760/2324/1760 1396/2183/1396
f 1398/2180/1398 1762/2325/1762 1397/2181/1397
f 1399/2326/1399 1765/2327/1765 1398/2180/1398
f 1400/2177/1400 1769/2328/1769 1399/2178/1399
f 1401/1802/1401 1774/2329/1774 1400/2177/1400
f 1395/2184/1395 1759/2323/1759 1408/2185/1408
f 1759/2323/1759 1407/2186/1407 1408/2185/1408
f 1396/2183/1396 1760/2324/1760 1759/2323/1759
f 1760/2324/1760 1761/2330/1761 1759/2323/1759
f 1759/2323/1759 1761/2330/1761 1407/2186/1407
f 1761/2330/1761 1406/2188/1406 1407/2186/1407
f 1397/2181/1397 1762/2325/1762 1760/2324/1760
f 1762/2325/1762 1763/2331/1763 1760/2324/1760
f 1760/2324/1760 1763/2331/1763 1761/2330/1761
f 1763/2331/1763 1764/2332/1764 1761/2330/1761
f 1761/2330/1761 1764/2332/1764 1406/2188/1406
f 1764/2332/1764 1405/2190/1405 1406/2188/1406
f 1398/2180/1398 1765/2327/1765 1762/2325/1762
f 1765/2327/1765 1766/2333/1766 1762/2325/1762
f 1762/2325/1762 1766/2333/1766 1763/2331/1763
f 1766/2333/1766 1767/2334/1767 1763/2331/1763
f 1763/2331/1763 1767/2334/1767 1764/2332/1764
f 1767/2334/1767 1768/2335/1768 1764/2332/1764
f 1764/2332/1764 1768/2335/1768 1405/2190/1405
f 1768/2335/1768 1404/2192/1404 1405/2190/1405
f 1399/2178/1399 1769/2328/1769 1765/2336/1765
f 1769/2337/1769 1770/2338/1770 1765/2327/1765
f 1765/2327/1765 1770/2338/1770 1766/2333/1766
f 1770/2338/1770 1771/2339/1771 1766/2333/1766
f 1766/2333/1766 1771/2339/1771 1767/2334/1767
f 1771/2339/1771 1772/2340/1772 1767/2334/1767
f 1767/2334/1767 1772/2340/1772 1768/2335/1768
f 1772/2340/1772 1773/2341/1773 1768/2335/1768
f 1768/2335/1768 1773/2341/1773 1404/2192/1404
f 1773/2341/1773 1403/2194/1403 1404/2192/1404
f 1400/2177/1400 1774/2329/1774 1769/2328/1769
f 1774/2329/1774 1775/2342/1775 1769/2328/1769
f 1769/2337/1769 1775/2343/1775 1770/2338/1770
f 1775/2343/1775 1776/2344/1776 1770/2338/1770
f 1770/2338/1770 1776/2344/1776 1771/2339/1771
f 1776/2344/1776 1777/2345/1777 1771/2339/1771
f 1771/2346/1771 1777/2347/1777 1772/2348/1772
f 1777/2347/1777 1778/2349/1778 1772/2348/1772
f 1772/2340/1772 1778/2350/1778 1773/2341/1773
f 1778/2350/1778 1779/2351/1779 1773/2341/1773
f 1773/2341/1773 1779/2351/1779 1403/2194/1403
f 1779/2351/1779 1402/2196/1402 1403/2194/1403
f 1401/1802/1401 1345/1801/1345 1774/2329/1774
f 1345/1801/1345 1344/2352/1344 1774/2329/1774
f 1774/2329/1774 1344/2352/1344 1775/2342/1775
f 1344/2353/1344 1343/2354/1343 1775/2355/1775
f 1775/2355/1775 1343/2354/1343 1776/2356/1776
f 1343/2354/1343 1342/2357/1342 1776/2356/1776
f 1776/2356/1776 1342/2357/1342 1777/2347/1777
f 1342/2357/1342 1341/2358/1341 1777/2347/1777
f 1777/2347/1777 1341/2358/1341 1778/2349/1778
f 1341/2358/1341 1340/2359/1340 1778/2349/1778
f 1778/2349/1778 1340/2359/1340 1779/2360/1779
f 1340/2359/1340 1339/2361/1339 1779/2360/1779
f 1779/2360/1779 1339/2361/1339 1402/1810/1402
f 1339/2361/1339 1287/1797/1287 1402/1810/1402
f 1381/2223/1381 1394/2224/1394 1291/1814/1291
f 1382/2222/1382 1780/2362/1780 1381/2223/1381
f 1383/2221/1383 1781/2363/1781 1382/2222/1382
f 1384/2220/1384 1783/2364/1783 1383/2221/1383
f 1385/2219/1385 1786/2365/1786 1384/2220/1384
f 1386/2218/1386 1790/2366/1790 1385/2219/1385
f 1387/1799/1387 1795/2367/1795 1386/2368/1386
f 1381/2223/1381 1780/2362/1780 1394/2224/1394
f 1780/2362/1780 1393/2225/1393 1394/2224/1394
f 1382/2222/1382 1781/2363/1781 1780/2362/1780
f 1781/2363/1781 1782/2369/1782 1780/2362/1780
f 1780/2362/1780 1782/2369/1782 1393/2225/1393
f 1782/2369/1782 1392/2370/1392 1393/2225/1393
f 1383/2221/1383 1783/2364/1783 1781/2363/1781
f 1783/2364/1783 1784/2371/1784 1781/2363/1781
f 1781/2363/1781 1784/2371/1784 1782/2369/1782
f 1784/2371/1784 1785/2372/1785 1782/2369/1782
f 1782/2369/1782 1785/2372/1785 1392/2370/1392
f 1785/2372/1785 1391/2373/1391 1392/2370/1392
f 1384/2220/1384 1786/2365/1786 1783/2364/1783
f 1786/2365/1786 1787/2374/1787 1783/2364/1783
f 1783/2364/1783 1787/2374/1787 1784/2371/1784
f 1787/2374/1787 1788/2375/1788 1784/2371/1784
f 1784/2371/1784 1788/2375/1788 1785/2372/1785
f 1788/2375/1788 1789/2376/1789 1785/2372/1785
f 1785/2372/1785 1789/2376/1789 1391/2373/1391
f 1789/2377/1789 1390/2232/1390 1391/2230/1391
f 1385/2219/1385 1790/2366/1790 1786/2365/1786
f 1790/2366/1790 1791/2378/1791 1786/2365/1786
f 1786/2365/1786 1791/2378/1791 1787/2374/1787
f 1791/2378/1791 1792/2379/1792 1787/2374/1787
f 1787/2374/1787 1792/2379/1792 1788/2375/1788
f 1792/2380/1792 1793/2381/1793 1788/2382/1788
f 1788/2375/1788 1793/2383/1793 1789/2376/1789
f 1793/2384/1793 1794/2385/1794 1789/2377/1789
f 1789/2377/1789 1794/2385/1794 1390/2232/1390
f 1794/2385/1794 1389/2234/1389 1390/2232/1390
f 1386/2368/1386 1795/2367/1795 1790/2386/1790
f 1795/2387/1795 1796/2388/1796 1790/2366/1790
f 1790/2366/1790 1796/2388/1796 1791/2378/1791
f 1796/2388/1796 1797/2389/1797 1791/2378/1791
f 1791/2378/1791 1797/2389/1797 1792/2379/1792
f 1797/2390/1797 1798/2391/1798 1792/2392/1792
f 1792/2392/1792 1798/2391/1798 1793/2393/1793
f 1798/2391/1798 1799/2394/1799 1793/2393/1793
f 1793/2384/1793 1799/2395/1799 1794/2385/1794
f 1799/2395/1799 1800/2396/1800 1794/2385/1794
f 1794/2385/1794 1800/2396/1800 1389/2234/1389
f 1800/2396/1800 1388/1809/1388 1389/2234/1389
f 1387/1799/1387 1317/1798/1317 1795/2367/1795
f 1317/2397/1317 1316/2398/1316 1795/2387/1795
f 1795/2387/1795 1316/2398/1316 1796/2388/1796
f 1316/2398/1316 1315/2399/1315 1796/2388/1796
f 1796/2400/1796 1315/2401/1315 1797/2390/1797
f 1315/2401/1315 1314/2402/1314 1797/2390/1797
f 1797/2390/1797 1314/2402/1314 1798/2391/1798
f 1314/2402/1314 1313/2403/1313 1798/2391/1798
f 1798/2404/1798 1313/2405/1313 1799/2406/1799
f 1313/2403/1313 1312/2407/1312 1799/2394/1799
f 1799/2394/1799 1312/2407/1312 1800/2408/1800
f 1312/2407/1312 1311/2409/1311 1800/2408/1800
f 1800/2396/1800 1311/2410/1311 1388/1809/1388
f 1311/2410/1311 1286/1794/1286 1388/1809/1388
f 1367/2258/1367 1380/2027/1380 1295/2025/1295
f 1368/2257/1368 1801/2411/1801 1367/2258/1367
f 1369/2256/1369 1802/2412/1802 1368/2257/1368
f 1370/2255/1370 1804/2413/1804 1369/2256/1369
f 1371/2254/1371 1807/2414/1807 1370/2255/1370
f 1372/2253/1372 1811/2415/1811 1371/2254/1371
f 1373/1796/1373 1816/2416/1816 1372/2253/1372
f 1367/2258/1367 1801/2411/1801 1380/2027/1380
f 1801/2411/1801 1379/2029/1379 1380/2027/1380
f 1368/2257/1368 1802/2412/1802 1801/2411/1801
f 1802/2412/1802 1803/2417/1803 1801/2411/1801
f 1801/2411/1801 1803/2417/1803 1379/2029/1379
f 1803/2417/1803 1378/2031/1378 1379/2029/1379
f 1369/2256/1369 1804/2413/1804 1802/2412/1802
f 1804/2413/1804 1805/2418/1805 1802/2412/1802
f 1802/2412/1802 1805/2418/1805 1803/2417/1803
f 1805/2418/1805 1806/2419/1806 1803/2417/1803
f 1803/2417/1803 1806/2419/1806 1378/2031/1378
f 1806/2419/1806 1377/2033/1377 1378/2031/1378
f 1370/2255/1370 1807/2414/1807 1804/2413/1804
f 1807/2414/1807 1808/2420/1808 1804/2413/1804
f 1804/2413/1804 1808/2420/1808 1805/2418/1805
f 1808/2420/1808 1809/2421/1809 1805/2418/1805
f 1805/2418/1805 1809/2421/1809 1806/2419/1806
f 1809/2421/1809 1810/2422/1810 1806/2419/1806
f 1806/2419/1806 1810/2422/1810 1377/2033/1377
f 1810/2422/1810 1376/2035/1376 1377/2033/1377
f 1371/2254/1371 1811/2415/1811 1807/2414/1807
f 1811/2415/1811 1812/2423/1812 1807/2414/1807
f 1807/2414/1807 1812/2423/1812 1808/2420/1808
f 1812/2423/1812 1813/2424/1813 1808/2420/1808
f 1808/2420/1808 1813/2424/1813 1809/2421/1809
f 1813/2424/1813 1814/2425/1814 1809/2421/1809
f 1809/2421/1809 1814/2425/1814 1810/2422/1810
f 1814/2425/1814 1815/2426/1815 1810/2422/1810
f 1810/2422/1810 1815/2426/1815 1376/2035/1376
f 1815/2427/1815 1375/2037/1375 1376/2039/1376
f 1372/2253/1372 1816/2416/1816 1811/2415/1811
f 1816/2416/1816 1817/2428/1817 1811/2415/1811
f 1811/2415/1811 1817/2428/1817 1812/2423/1812
f 1817/2428/1817 1818/2429/1818 1812/2423/1812
f 1812/2423/1812 1818/2429/1818 1813/2424/1813
f 1818/2429/1818 1819/2430/1819 1813/2424/1813
f 1813/2424/1813 1819/2430/1819 1814/2425/1814
f 1819/2431/1819 1820/2432/1820 1814/2433/1814
f 1814/2434/1814 1820/2435/1820 1815/2427/1815
f 1820/2435/1820 1821/2436/1821 1815/2427/1815
f 1815/2427/1815 1821/2436/1821 1375/2037/1375
f 1821/2436/1821 1374/2040/1374 1375/2037/1375
f 1373/1796/1373 1324/1795/1324 1816/2416/1816
f 1324/1795/1324 1323/2437/1323 1816/2416/1816
f 1816/2416/1816 1323/2437/1323 1817/2428/1817
f 1323/2438/1323 1322/2439/1322 1817/2440/1817
f 1817/2428/1817 1322/2441/1322 1818/2429/1818
f 1322/2441/1322 1321/2442/1321 1818/2429/1818
f 1818/2429/1818 1321/2442/1321 1819/2430/1819
f 1321/2442/1321 1320/2443/1320 1819/2430/1819
f 1819/2430/1819 1320/2443/1320 1820/2444/1820
f 1320/2443/1320 1319/2445/1319 1820/2444/1820
f 1820/2435/1820 1319/2446/1319 1821/2436/1821
f 1319/2446/1319 1318/2447/1318 1821/2436/1821
f 1821/2436/1821 1318/2447/1318 1374/2040/1374
f 1318/2447/1318 1290/2448/1290 1374/2040/1374
f 1331/2449/1331 1366/2282/1366 1290/2448/1290
f 1330/2450/1330 1822/2451/1822 1331/2449/1331
f 1329/2452/1329 1823/2453/1823 1330/2450/1330
f 1328/2454/1328 1825/2455/1825 1329/2456/1329
f 1327/2457/1327 1828/2458/1828 1328/2454/1328
f 1326/2459/1326 1832/2460/1832 1327/2457/1327
f 1325/1793/1325 1837/2461/1837 1326/2459/1326
f 1331/2449/1331 1822/2451/1822 1366/2282/1366
f 1822/2451/1822 1365/2283/1365 1366/2282/1366
f 1330/2450/1330 1823/2453/1823 1822/2451/1822
f 1823/2453/1823 1824/2462/1824 1822/2451/1822
f 1822/2451/1822 1824/2462/1824 1365/2283/1365
f 1824/2462/1824 1364/2284/1364 1365/2283/1365
f 1329/2452/1329 1825/2463/1825 1823/2453/1823
f 1825/2463/1825 1826/2464/1826 1823/2453/1823
f 1823/2465/1823 1826/2466/1826 1824/2467/1824
f 1826/2466/1826 1827/2468/1827 1824/2467/1824
f 1824/2462/1824 1827/2469/1827 1364/2284/1364
f 1827/2469/1827 1363/2285/1363 1364/2284/1364
f 1328/2454/1328 1828/2458/1828 1825/2455/1825
f 1828/2458/1828 1829/2470/1829 1825/2455/1825
f 1825/2463/1825 1829/2471/1829 1826/2464/1826
f 1829/2471/1829 1830/2472/1830 1826/2464/1826
f 1826/2464/1826 1830/2472/1830 1827/2469/1827
f 1830/2472/1830 1831/2473/1831 1827/2469/1827
f 1827/2469/1827 1831/2473/1831 1363/2285/1363
f 1831/2473/1831 1362/2286/1362 1363/2285/1363
f 1327/2457/1327 1832/2460/1832 1828/2458/1828
f 1832/2460/1832 1833/2474/1833 1828/2458/1828
f 1828/2458/1828 1833/2474/1833 1829/2470/1829
f 1833/2474/1833 1834/2475/1834 1829/2470/1829
f 1829/2471/1829 1834/2476/1834 1830/2472/1830
f 1834/2476/1834 1835/2477/1835 1830/2472/1830
f 1830/2472/1830 1835/2477/1835 1831/2473/1831
f 1835/2478/1835 1836/2479/1836 1831/2480/1831
f 1831/2473/1831 1836/2481/1836 1362/2286/1362
f 1836/2481/1836 1361/2287/1361 1362/2286/1362
f 1326/2459/1326 1837/2461/1837 1832/2460/1832
f 1837/2461/1837 1838/2482/1838 1832/2460/1832
f 1832/2460/1832 1838/2482/1838 1833/2474/1833
f 1838/2482/1838 1839/2483/1839 1833/2474/1833
f 1833/2474/1833 1839/2483/1839 1834/2475/1834
f 1839/2483/1839 1840/2484/1840 1834/2475/1834
f 1834/2476/1834 1840/2485/1840 1835/2477/1835
f 1840/2485/1840 1841/2486/1841 1835/2477/1835
f 1835/2478/1835 1841/2487/1841 1836/2479/1836
f 1841/2488/1841 1842/2489/1842 1836/2490/1836
f 1836/2491/1836 1842/2492/1842 1361/2493/1361
f 1842/2492/1842 1360/2494/1360 1361/2493/1361
f 1325/1793/1325 1352/1792/1352 1837/2461/1837
f 1352/1792/1352 1351/2495/1351 1837/2461/1837
f 1837/2461/1837 1351/2495/1351 1838/2482/1838
f 1351/2495/1351 1350/2496/1350 1838/2482/1838
f 1838/2482/1838 1350/2496/1350 1839/2483/1839
f 1350/2496/1350 1349/2497/1349 1839/2483/1839
f 1839/2483/1839 1349/2497/1349 1840/2484/1840
f 1349/2497/1349 1348/2498/1348 1840/2484/1840
f 1840/2485/1840 1348/2499/1348 1841/2486/1841
f 1348/2499/1348 1347/2500/1347 1841/2486/1841
f 1841/2486/1841 1347/2500/1347 1842/2501/1842
f 1347/2500/1347 1346/2502/1346 1842/2501/1842
f 1842/2492/1842 1346/2503/1346 1360/2494/1360
f 1346/2502/1346 1289/2290/1289 1360/2288/1360
f 1346/2502/1346 1359/2504/1359 1289/2290/1289
f 1347/2505/1347 1843/2506/1843 1346/2507/1346
f 1348/2508/1348 1844/2509/1844 1347/2505/1347
f 1349/2497/1349 1846/2510/1846 1348/2498/1348
f 1350/2496/1350 1849/2511/1849 1349/2497/1349
f 1351/2495/1351 1853/2512/1853 1350/2496/1350
f 1352/1792/1352 1858/2513/1858 1351/2495/1351
f 1346/2514/1346 1843/2515/1843 1359/2516/1359
f 1843/2515/1843 1358/2517/1358 1359/2516/1359
f 1347/2505/1347 1844/2509/1844 1843/2506/1843
f 1844/2518/1844 1845/2519/1845 1843/2520/1843
f 1843/2520/1843 1845/2519/1845 1358/2521/1358
f 1845/2522/1845 1357/2318/1357 1358/2317/1358
f 1348/2498/1348 1846/2510/1846 1844/2523/1844
f 1846/2524/1846 1847/2525/1847 1844/2518/1844
f 1844/2518/1844 1847/2525/1847 1845/2519/1845
f 1847/2526/1847 1848/2527/1848 1845/2522/1845
f 1845/2522/1845 1848/2527/1848 1357/2318/1357
f 1848/2527/1848 1356/2319/1356 1357/2318/1357
f 1349/2497/1349 1849/2511/1849 1846/2510/1846
f 1849/2511/1849 1850/2528/1850 1846/2510/1846
f 1846/2510/1846 1850/2528/1850 1847/2529/1847
f 1850/2528/1850 1851/2530/1851 1847/2529/1847
f 1847/2529/1847 1851/2530/1851 1848/2531/1848
f 1851/2532/1851 1852/2533/1852 1848/2527/1848
f 1848/2527/1848 1852/2533/1852 1356/2319/1356
f 1852/2533/1852 1355/2320/1355 1356/2319/1356
f 1350/2496/1350 1853/2512/1853 1849/2511/1849
f 1853/2512/1853 1854/2534/1854 1849/2511/1849
f 1849/2511/1849 1854/2534/1854 1850/2528/1850
f 1854/2534/1854 1855/2535/1855 1850/2528/1850
f 1850/2528/1850 1855/2535/1855 1851/2530/1851
f 1855/2535/1855 1856/2536/1856 1851/2530/1851
f 1851/2530/1851 1856/2536/1856 1852/2537/1852
f 1856/2536/1856 1857/2538/1857 1852/2537/1852
f 1852/2537/1852 1857/2538/1857 1355/2539/1355
f 1857/2538/1857 1354/2540/1354 1355/2539/1355
f 1351/2495/1351 1858/2513/1858 1853/2512/1853
f 1858/2513/1858 1859/2541/1859 1853/2512/1853
f 1853/2512/1853 1859/2541/1859 1854/2534/1854
f 1859/2541/1859 1860/2542/1860 1854/2534/1854
f 1854/2534/1854 1860/2542/1860 1855/2535/1855
f 1860/2542/1860 1861/2543/1861 1855/2535/1855
f 1855/2535/1855 1861/2543/1861 1856/2536/1856
f 1861/2543/1861 1862/2544/1862 1856/2536/1856
f 1856/2536/1856 1862/2544/1862 1857/2538/1857
f 1862/2545/1862 1863/2546/1863 1857/2547/1857
f 1857/2538/1857 1863/2548/1863 1354/2540/1354
f 1863/2549/1863 1353/2322/1353 1354/2321/1354
f 1352/1792/1352 1338/1791/1338 1858/2513/1858
f 1338/1791/1338 1337/2550/1337 1858/2513/1858
f 1858/2513/1858 1337/2550/1337 1859/2541/1859
f 1337/2550/1337 1336/2551/1336 1859/2541/1859
f 1859/2541/1859 1336/2551/1336 1860/2542/1860
f 1336/2551/1336 1335/2552/1335 1860/2542/1860
f 1860/2542/1860 1335/2552/1335 1861/2543/1861
f 1335/2552/1335 1334/2553/1334 1861/2543/1861
f 1861/2543/1861 1334/2553/1334 1862/2544/1862
f 1334/2553/1334 1333/2554/1333 1862/2544/1862
f 1862/2544/1862 1333/2554/1333 1863/2548/1863
f 1333/2554/1333 1332/2555/1332 1863/2548/1863
f 1863/2549/1863 1332/2556/1332 1353/2322/1353
f 1332/2556/1332 1288/1800/1288 1353/2322/1353
f 1332/2556/1332 1345/1801/1345 1288/1800/1288
f 1333/2554/1333 1864/2557/1864 1332/2555/1332
f 1334/2553/1334 1865/2558/1865 1333/2554/1333
f 1335/2552/1335 1867/2559/1867 1334/2553/1334
f 1336/2551/1336 1870/2560/1870 1335/2552/1335
f 1337/2550/1337 1874/2561/1874 1336/2551/1336
f 1338/1791/1338 1879/2562/1879 1337/2550/1337
f 1332/2555/1332 1864/2557/1864 1345/2563/1345
f 1864/2557/1864 1344/2353/1344 1345/2563/1345
f 1333/2554/1333 1865/2558/1865 1864/2557/1864
f 1865/2558/1865 1866/2564/1866 1864/2557/1864
f 1864/2557/1864 1866/2564/1866 1344/2353/1344
f 1866/2564/1866 1343/2354/1343 1344/2353/1344
f 1334/2553/1334 1867/2559/1867 1865/2558/1865
f 1867/2559/1867 1868/2565/1868 1865/2558/1865
f 1865/2558/1865 1868/2565/1868 1866/2564/1866
f 1868/2565/1868 1869/2566/1869 1866/2564/1866
f 1866/2564/1866 1869/2566/1869 1343/2354/1343
f 1869/2566/1869 1342/2357/1342 1343/2354/1343
f 1335/2552/1335 1870/2560/1870 1867/2559/1867
f 1870/2560/1870 1871/2567/1871 1867/2559/1867
f 1867/2559/1867 1871/2567/1871 1868/2565/1868
f 1871/2567/1871 1872/2568/1872 1868/2565/1868
f 1868/2565/1868 1872/2568/1872 1869/2566/1869
f 1872/2568/1872 1873/2569/1873 1869/2566/1869
f 1869/2566/1869 1873/2569/1873 1342/2357/1342
f 1873/2569/1873 1341/2358/1341 1342/2357/1342
f 1336/2551/1336 1874/2561/1874 1870/2560/1870
f 1874/2561/1874 1875/2570/1875 1870/2560/1870
f 1870/2560/1870 1875/2570/1875 1871/2567/1871
f 1875/2570/1875 1876/2571/1876 1871/2567/1871
f 1871/2567/1871 1876/2571/1876 1872/2568/1872
f 1876/2571/1876 1877/2572/1877 1872/2568/1872
f 1872/2568/1872 1877/2572/1877 1873/2569/1873
f 1877/2572/1877 1878/2573/1878 1873/2569/1873
f 1873/2569/1873 1878/2573/1878 1341/2358/1341
f 1878/2573/1878 1340/2359/1340 1341/2358/1341
f 1337/2550/1337 1879/2562/1879 1874/2561/1874
f 1879/2562/1879 1880/2574/1880 1874/2561/1874
f 1874/2561/1874 1880/2574/1880 1875/2570/1875
f 1880/2574/1880 1881/2575/1881 1875/2570/1875
f 1875/2570/1875 1881/2575/1881 1876/2571/1876
f 1881/2575/1881 1882/2576/1882 1876/2571/1876
f 1876/2571/1876 1882/2576/1882 1877/2572/1877
f 1882/2576/1882 1883/2577/1883 1877/2572/1877
f 1877/2572/1877 1883/2577/1883 1878/2573/1878
f 1883/2577/1883 1884/2578/1884 1878/2573/1878
f 1878/2573/1878 1884/2578/1884 1340/2359/1340
f 1884/2578/1884 1339/2361/1339 1340/2359/1340
f 1338/1791/1338 1303/1787/1303 1879/2562/1879
f 1303/1787/1303 1302/2579/1302 1879/2562/1879
f 1879/2562/1879 1302/2579/1302 1880/2574/1880
f 1302/2579/1302 1301/2580/1301 1880/2574/1880
f 1880/2574/1880 1301/2580/1301 1881/2575/1881
f 1301/2580/1301 1300/2581/1300 1881/2575/1881
f 1881/2575/1881 1300/2581/1300 1882/2576/1882
f 1300/2581/1300 1299/2582/1299 1882/2576/1882
f 1882/2576/1882 1299/2582/1299 1883/2577/1883
f 1299/2582/1299 1298/2583/1298 1883/2577/1883
f 1883/2577/1883 1298/2583/1298 1884/2578/1884
f 1298/2583/1298 1297/2584/1297 1884/2578/1884
f 1884/2578/1884 1297/2584/1297 1339/2361/1339
f 1297/2584/1297 1287/1797/1287 1339/2361/1339
f 1318/2447/1318 1331/2449/1331 1290/2448/1290
f 1319/2446/1319 1885/2585/1885 1318/2447/1318
f 1320/2586/1320 1886/2587/1886 1319/2446/1319
f 1321/2588/1321 1888/2589/1888 1320/2590/1320
f 1322/2439/1322 1891/2591/1891 1321/2588/1321
f 1323/2438/1323 1895/2592/1895 1322/2439/1322
f 1324/1790/1324 1900/2593/1900 1323/2438/1323
f 1318/2447/1318 1885/2585/1885 1331/2449/1331
f 1885/2585/1885 1330/2450/1330 1331/2449/1331
f 1319/2446/1319 1886/2587/1886 1885/2585/1885
f 1886/2587/1886 1887/2594/1887 1885/2585/1885
f 1885/2585/1885 1887/2594/1887 1330/2450/1330
f 1887/2594/1887 1329/2452/1329 1330/2450/1330
f 1320/2590/1320 1888/2589/1888 1886/2595/1886
f 1888/2589/1888 1889/2596/1889 1886/2595/1886
f 1886/2595/1886 1889/2596/1889 1887/2597/1887
f 1889/2596/1889 1890/2598/1890 1887/2597/1887
f 1887/2597/1887 1890/2598/1890 1329/2456/1329
f 1890/2598/1890 1328/2454/1328 1329/2456/1329
f 1321/2588/1321 1891/2591/1891 1888/2589/1888
f 1891/2591/1891 1892/2599/1892 1888/2589/1888
f 1888/2589/1888 1892/2599/1892 1889/2596/1889
f 1892/2599/1892 1893/2600/1893 1889/2596/1889
f 1889/2596/1889 1893/2600/1893 1890/2598/1890
f 1893/2600/1893 1894/2601/1894 1890/2598/1890
f 1890/2598/1890 1894/2601/1894 1328/2454/1328
f 1894/2601/1894 1327/2457/1327 1328/2454/1328
f 1322/2439/1322 1895/2592/1895 1891/2591/1891
f 1895/2592/1895 1896/2602/1896 1891/2591/1891
f 1891/2591/1891 1896/2602/1896 1892/2599/1892
f 1896/2602/1896 1897/2603/1897 1892/2599/1892
f 1892/2599/1892 1897/2603/1897 1893/2600/1893
f 1897/2603/1897 1898/2604/1898 1893/2600/1893
f 1893/2600/1893 1898/2604/1898 1894/2601/1894
f 1898/2604/1898 1899/2605/1899 1894/2601/1894
f 1894/2601/1894 1899/2605/1899 1327/2457/1327
f 1899/2605/1899 1326/2459/1326 1327/2457/1327
f 1323/2438/1323 1900/2593/1900 1895/2592/1895
f 1900/2593/1900 1901/2606/1901 1895/2592/1895
f 1895/2592/1895 1901/2606/1901 1896/2602/1896
f 1901/2606/1901 1902/2607/1902 1896/2602/1896
f 1896/2602/1896 1902/2607/1902 1897/2603/1897
f 1902/2607/1902 1903/2608/1903 1897/2603/1897
f 1897/2603/1897 1903/2608/1903 1898/2604/1898
f 1903/2608/1903 1904/2609/1904 1898/2604/1898
f 1898/2604/1898 1904/2609/1904 1899/2605/1899
f 1904/2609/1904 1905/2610/1905 1899/2605/1899
f 1899/2605/1899 1905/2610/1905 1326/2459/1326
f 1905/2610/1905 1325/1793/1325 1326/2459/1326
f 1324/1790/1324 1310/1789/1310 1900/2593/1900
f 1310/1789/1310 1309/2611/1309 1900/2593/1900
f 1900/2593/1900 1309/2611/1309 1901/2606/1901
f 1309/2611/1309 1308/2612/1308 1901/2606/1901
f 1901/2606/1901 1308/2612/1308 1902/2607/1902
f 1308/2612/1308 1307/2613/1307 1902/2607/1902
f 1902/2607/1902 1307/2613/1307 1903/2608/1903
f 1307/2613/1307 1306/2614/1306 1903/2608/1903
f 1903/2608/1903 1306/2614/1306 1904/2609/1904
f 1306/2614/1306 1305/2615/1305 1904/2609/1904
f 1904/2609/1904 1305/2615/1305 1905/2610/1905
f 1305/2615/1305 1304/1786/1304 1905/2610/1905
f 1905/2610/1905 1304/1786/1304 1325/1793/1325
f 1304/1786/1304 1285/1785/1285 1325/1793/1325
f 1297/2584/1297 1317/1798/1317 1287/1797/1287
f 1298/2583/1298 1906/2616/1906 1297/2584/1297
f 1299/2582/1299 1907/2617/1907 1298/2583/1298
f 1300/2581/1300 1909/2618/1909 1299/2582/1299
f 1301/2580/1301 1912/2619/1912 1300/2581/1300
f 1302/2579/1302 1916/2620/1916 1301/2580/1301
f 1303/1787/1303 1921/2621/1921 1302/2579/1302
f 1297/2584/1297 1906/2616/1906 1317/1798/1317
f 1906/2616/1906 1316/2622/1316 1317/1798/1317
f 1298/2583/1298 1907/2617/1907 1906/2616/1906
f 1907/2617/1907 1908/2623/1908 1906/2616/1906
f 1906/2616/1906 1908/2623/1908 1316/2622/1316
f 1908/2623/1908 1315/2401/1315 1316/2622/1316
f 1299/2582/1299 1909/2618/1909 1907/2617/1907
f 1909/2618/1909 1910/2624/1910 1907/2617/1907
f 1907/2617/1907 1910/2624/1910 1908/2623/1908
f 1910/2624/1910 1911/2625/1911 1908/2623/1908
f 1908/2623/1908 1911/2625/1911 1315/2401/1315
f 1911/2625/1911 1314/2402/1314 1315/2401/1315
f 1300/2581/1300 1912/2619/1912 1909/2618/1909
f 1912/2619/1912 1913/2626/1913 1909/2618/1909
f 1909/2618/1909 1913/2626/1913 1910/2624/1910
f 1913/2626/1913 1914/2627/1914 1910/2624/1910
f 1910/2624/1910 1914/2627/1914 1911/2625/1911
f 1914/2627/1914 1915/2628/1915 1911/2625/1911
f 1911/2625/1911 1915/2628/1915 1314/2402/1314
f 1915/2628/1915 1313/2403/1313 1314/2402/1314
f 1301/2580/1301 1916/2620/1916 1912/2619/1912
f 1916/2620/1916 1917/2629/1917 1912/2619/1912
f 1912/2619/1912 1917/2629/1917 1913/2626/1913
f 1917/2629/1917 1918/2630/1918 1913/2626/1913
f 1913/2626/1913 1918/2630/1918 1914/2627/1914
f 1918/2630/1918 1919/2631/1919 1914/2627/1914
f 1914/2627/1914 1919/2631/1919 1915/2628/1915
f 1919/2631/1919 1920/2632/1920 1915/2628/1915
f 1915/2628/1915 1920/2632/1920 1313/2403/1313
f 1920/2632/1920 1312/2407/1312 1313/2403/1313
f 1302/2579/1302 1921/2621/1921 1916/2620/1916
f 1921/2621/1921 1922/2633/1922 1916/2620/1916
f 1916/2620/1916 1922/2633/1922 1917/2629/1917
f 1922/2633/1922 1923/2634/1923 1917/2629/1917
f 1917/2629/1917 1923/2634/1923 1918/2630/1918
f 1923/2634/1923 1924/2635/1924 1918/2630/1918
f 1918/2630/1918 1924/2635/1924 1919/2631/1919
f 1924/2635/1924 1925/2636/1925 1919/2631/1919
f 1919/2631/1919 1925/2636/1925 1920/2632/1920
f 1925/2636/1925 1926/2637/1926 1920/2632/1920
f 1920/2632/1920 1926/2637/1926 1312/2407/1312
f 1926/2637/1926 1311/2409/1311 1312/2407/1312
f 1303/1787/1303 1304/1786/1304 1921/2621/1921
f 1304/1786/1304 1305/2615/1305 1921/2621/1921
f 1921/2621/1921 1305/2615/1305 1922/2633/1922
f 1305/2615/1305 1306/2614/1306 1922/2633/1922
f 1922/2633/1922 1306/2614/1306 1923/2634/1923
f 1306/2614/1306 1307/2613/1307 1923/2634/1923
f 1923/2634/1923 1307/2613/1307 1924/2635/1924
f 1307/2613/1307 1308/2612/1308 1924/2635/1924
f 1924/2635/1924 1308/2612/1308 1925/2636/1925
f 1308/2612/1308 1309/2611/1309 1925/2636/1925
f 1925/2636/1925 1309/2611/1309 1926/2637/1926
f 1309/2611/1309 1310/1789/1310 1926/2637/1926
f 1926/2638/1926 1310/2639/1310 1311/2410/1311
f 1310/2639/1310 1286/1794/1286 1311/2410/1311
f 1927/2640/1927 1946/2641/1946 1945/2642/1945
f 1928/2643/1928 1952/2644/1952 1966/2645/1966
f 1927/2640/1927 1945/2642/1945 1980/2646/1980
f 1927/2640/1927 1980/2646/1980 1994/2647/1994
f 1927/2640/1927 1994/2647/1994 1967/2648/1967
f 1928/2643/1928 1966/2645/1966 2015/2649/2015
f 1929/2650/1929 1959/2651/1959 2029/2652/2029
f 1930/2653/1930 1987/2654/1987 2043/2655/2043
f 1931/2656/1931 2001/2657/2001 2057/2658/2057
f 1932/2659/1932 2008/2660/2008 2071/2661/2071
f 1928/2662/1928 2015/2663/2015 2030/2664/2030
f 1929/2650/1929 2029/2652/2029 2044/2665/2044
f 1930/2653/1930 2043/2655/2043 2058/2666/2058
f 1931/2656/1931 2057/2658/2057 2072/2667/2072
f 1932/2659/1932 2071/2661/2071 2016/2668/2016
f 1933/2669/1933 2085/2670/2085 2120/2671/2120
f 1934/2672/1934 2092/2673/2092 2134/2674/2134
f 1935/2675/1935 2099/2676/2099 2141/2677/2141
f 1936/2678/1936 2106/2679/2106 2148/2680/2148
f 1937/2681/1937 2113/2682/2113 2121/2683/2121
f 2127/2684/2127 2142/2685/2142 1938/2686/1938
f 2126/2687/2126 2149/2688/2149 2127/2684/2127
f 2125/2689/2125 2150/2690/2150 2126/2687/2126
f 2124/2691/2124 2152/2692/2152 2125/2689/2125
f 2123/2693/2123 2155/2694/2155 2124/2691/2124
f 2122/2695/2122 2159/2696/2159 2123/2693/2123
f 2121/2683/2121 2164/2697/2164 2122/2695/2122
f 2127/2684/2127 2149/2688/2149 2142/2685/2142
f 2149/2688/2149 2143/2698/2143 2142/2685/2142
f 2126/2687/2126 2150/2690/2150 2149/2688/2149
f 2150/2690/2150 2151/2699/2151 2149/2688/2149
f 2149/2688/2149 2151/2699/2151 2143/2698/2143
f 2151/2699/2151 2144/2700/2144 2143/2698/2143
f 2125/2689/2125 2152/2692/2152 2150/2690/2150
f 2152/2692/2152 2153/2701/2153 2150/2690/2150
f 2150/2690/2150 2153/2701/2153 2151/2699/2151
f 2153/2701/2153 2154/2702/2154 2151/2699/2151
f 2151/2699/2151 2154/2702/2154 2144/2700/2144
f 2154/2702/2154 2145/2703/2145 2144/2700/2144
f 2124/2691/2124 2155/2694/2155 2152/2692/2152
f 2155/2694/2155 2156/2704/2156 2152/2692/2152
f 2152/2692/2152 2156/2704/2156 2153/2701/2153
f 2156/2704/2156 2157/2705/2157 2153/2701/2153
f 2153/2701/2153 2157/2705/2157 2154/2702/2154
f 2157/2705/2157 2158/2706/2158 2154/2702/2154
f 2154/2702/2154 2158/2706/2158 2145/2703/2145
f 2158/2706/2158 2146/2707/2146 2145/2703/2145
f 2123/2693/2123 2159/2696/2159 2155/2694/2155
f 2159/2696/2159 2160/2708/2160 2155/2694/2155
f 2155/2694/2155 2160/2708/2160 2156/2704/2156
f 2160/2708/2160 2161/2709/2161 2156/2704/2156
f 2156/2704/2156 2161/2709/2161 2157/2705/2157
f 2161/2709/2161 2162/2710/2162 2157/2705/2157
f 2157/2705/2157 2162/2710/2162 2158/2706/2158
f 2162/2710/2162 2163/2711/2163 2158/2706/2158
f 2158/2706/2158 2163/2711/2163 2146/2707/2146
f 2163/2711/2163 2147/2712/2147 2146/2707/2146
f 2122/2695/2122 2164/2697/2164 2159/2696/2159
f 2164/2697/2164 2165/2713/2165 2159/2696/2159
f 2159/2696/2159 2165/2713/2165 2160/2708/2160
f 2165/2713/2165 2166/2714/2166 2160/2708/2160
f 2160/2708/2160 2166/2714/2166 2161/2709/2161
f 2166/2714/2166 2167/2715/2167 2161/2709/2161
f 2161/2709/2161 2167/2715/2167 2162/2710/2162
f 2167/2715/2167 2168/2716/2168 2162/2710/2162
f 2162/2710/2162 2168/2716/2168 2163/2711/2163
f 2168/2716/2168 2169/2717/2169 2163/2711/2163
f 2163/2711/2163 2169/2717/2169 2147/2712/2147
f 2169/2717/2169 2148/2680/2148 2147/2712/2147
f 2121/2683/2121 2113/2682/2113 2164/2697/2164
f 2113/2682/2113 2112/2718/2112 2164/2697/2164
f 2164/2697/2164 2112/2718/2112 2165/2713/2165
f 2112/2718/2112 2111/2719/2111 2165/2713/2165
f 2165/2713/2165 2111/2719/2111 2166/2714/2166
f 2111/2719/2111 2110/2720/2110 2166/2714/2166
f 2166/2714/2166 2110/2720/2110 2167/2715/2167
f 2110/2720/2110 2109/2721/2109 2167/2715/2167
f 2167/2715/2167 2109/2721/2109 2168/2716/2168
f 2109/2721/2109 2108/2722/2108 2168/2716/2168
f 2168/2716/2168 2108/2722/2108 2169/2717/2169
f 2108/2723/2108 2107/2724/2107 2169/2725/2169
f 2169/2725/2169 2107/2724/2107 2148/2726/2148
f 2107/2727/2107 1936/2678/1936 2148/2680/2148
f 2142/2685/2142 2135/2728/2135 1938/2686/1938
f 2143/2698/2143 2170/2729/2170 2142/2685/2142
f 2144/2700/2144 2171/2730/2171 2143/2698/2143
f 2145/2703/2145 2173/2731/2173 2144/2700/2144
f 2146/2707/2146 2176/2732/2176 2145/2703/2145
f 2147/2712/2147 2180/2733/2180 2146/2707/2146
f 2148/2680/2148 2185/2734/2185 2147/2712/2147
f 2142/2685/2142 2170/2729/2170 2135/2728/2135
f 2170/2729/2170 2136/2735/2136 2135/2728/2135
f 2143/2698/2143 2171/2730/2171 2170/2729/2170
f 2171/2730/2171 2172/2736/2172 2170/2729/2170
f 2170/2729/2170 2172/2736/2172 2136/2735/2136
f 2172/2736/2172 2137/2737/2137 2136/2735/2136
f 2144/2700/2144 2173/2731/2173 2171/2730/2171
f 2173/2731/2173 2174/2738/2174 2171/2730/2171
f 2171/2730/2171 2174/2738/2174 2172/2736/2172
f 2174/2738/2174 2175/2739/2175 2172/2736/2172
f 2172/2736/2172 2175/2739/2175 2137/2737/2137
f 2175/2739/2175 2138/2740/2138 2137/2737/2137
f 2145/2703/2145 2176/2732/2176 2173/2731/2173
f 2176/2732/2176 2177/2741/2177 2173/2731/2173
f 2173/2731/2173 2177/2741/2177 2174/2738/2174
f 2177/2741/2177 2178/2742/2178 2174/2738/2174
f 2174/2738/2174 2178/2742/2178 2175/2739/2175
f 2178/2742/2178 2179/2743/2179 2175/2739/2175
f 2175/2739/2175 2179/2743/2179 2138/2740/2138
f 2179/2743/2179 2139/2744/2139 2138/2740/2138
f 2146/2707/2146 2180/2733/2180 2176/2732/2176
f 2180/2733/2180 2181/2745/2181 2176/2732/2176
f 2176/2732/2176 2181/2745/2181 2177/2741/2177
f 2181/2745/2181 2182/2746/2182 2177/2741/2177
f 2177/2741/2177 2182/2746/2182 2178/2742/2178
f 2182/2746/2182 2183/2747/2183 2178/2742/2178
f 2178/2742/2178 2183/2747/2183 2179/2743/2179
f 2183/2747/2183 2184/2748/2184 2179/2743/2179
f 2179/2743/2179 2184/2748/2184 2139/2744/2139
f 2184/2748/2184 2140/2749/2140 2139/2744/2139
f 2147/2712/2147 2185/2734/2185 2180/2733/2180
f 2185/2734/2185 2186/2750/2186 2180/2733/2180
f 2180/2733/2180 2186/2750/2186 2181/2745/2181
f 2186/2750/2186 2187/2751/2187 2181/2745/2181
f 2181/2745/2181 2187/2751/2187 2182/2746/2182
f 2187/2751/2187 2188/2752/2188 2182/2746/2182
f 2182/2746/2182 2188/2752/2188 2183/2747/2183
f 2188/2752/2188 2189/2753/2189 2183/2747/2183
f 2183/2747/2183 2189/2753/2189 2184/2748/2184
f 2189/2753/2189 2190/2754/2190 2184/2748/2184
f 2184/2748/2184 2190/2754/2190 2140/2749/2140
f 2190/2754/2190 2141/2677/2141 2140/2749/2140
f 2148/2755/2148 2106/2756/2106 2185/2757/2185
f 2106/2756/2106 2105/2758/2105 2185/2757/2185
f 2185/2759/2185 2105/2760/2105 2186/2761/2186
f 2105/2762/2105 2104/2763/2104 2186/2750/2186
f 2186/2750/2186 2104/2763/2104 2187/2751/2187
f 2104/2763/2104 2103/2764/2103 2187/2751/2187
f 2187/2751/2187 2103/2764/2103 2188/2752/2188
f 2103/2764/2103 2102/2765/2102 2188/2752/2188
f 2188/2752/2188 2102/2765/2102 2189/2753/2189
f 2102/2765/2102 2101/2766/2101 2189/2753/2189
f 2189/2753/2189 2101/2766/2101 2190/2754/2190
f 2101/2766/2101 2100/2767/2100 2190/2754/2190
f 2190/2754/2190 2100/2767/2100 2141/2677/2141
f 2100/2767/2100 1935/2675/1935 2141/2677/2141
f 2135/2728/2135 2128/2768/2128 1938/2686/1938
f 2136/2735/2136 2191/2769/2191 2135/2728/2135
f 2137/2737/2137 2192/2770/2192 2136/2735/2136
f 2138/2740/2138 2194/2771/2194 2137/2737/2137
f 2139/2744/2139 2197/2772/2197 2138/2740/2138
f 2140/2749/2140 2201/2773/2201 2139/2744/2139
f 2141/2677/2141 2206/2774/2206 2140/2749/2140
f 2135/2728/2135 2191/2769/2191 2128/2768/2128
f 2191/2769/2191 2129/2775/2129 2128/2768/2128
f 2136/2735/2136 2192/2770/2192 2191/2769/2191
f 2192/2770/2192 2193/2776/2193 2191/2769/2191
f 2191/2769/2191 2193/2776/2193 2129/2775/2129
f 2193/2776/2193 2130/2777/2130 2129/2775/2129
f 2137/2737/2137 2194/2771/2194 2192/2770/2192
f 2194/2771/2194 2195/2778/2195 2192/2770/2192
f 2192/2770/2192 2195/2778/2195 2193/2776/2193
f 2195/2778/2195 2196/2779/2196 2193/2776/2193
f 2193/2776/2193 2196/2779/2196 2130/2777/2130
f 2196/2779/2196 2131/2780/2131 2130/2777/2130
f 2138/2740/2138 2197/2772/2197 2194/2771/2194
f 2197/2772/2197 2198/2781/2198 2194/2771/2194
f 2194/2771/2194 2198/2781/2198 2195/2778/2195
f 2198/2781/2198 2199/2782/2199 2195/2778/2195
f 2195/2778/2195 2199/2782/2199 2196/2779/2196
f 2199/2782/2199 2200/2783/2200 2196/2779/2196
f 2196/2779/2196 2200/2783/2200 2131/2780/2131
f 2200/2783/2200 2132/2784/2132 2131/2780/2131
f 2139/2744/2139 2201/2773/2201 2197/2772/2197
f 2201/2773/2201 2202/2785/2202 2197/2772/2197
f 2197/2772/2197 2202/2785/2202 2198/2781/2198
f 2202/2785/2202 2203/2786/2203 2198/2781/2198
f 2198/2781/2198 2203/2786/2203 2199/2782/2199
f 2203/2786/2203 2204/2787/2204 2199/2782/2199
f 2199/2782/2199 2204/2787/2204 2200/2783/2200
f 2204/2787/2204 2205/2788/2205 2200/2783/2200
f 2200/2783/2200 2205/2788/2205 2132/2784/2132
f 2205/2789/2205 2133/2790/2133 2132/2791/2132
f 2140/2749/2140 2206/2774/2206 2201/2773/2201
f 2206/2774/2206 2207/2792/2207 2201/2773/2201
f 2201/2773/2201 2207/2792/2207 2202/2785/2202
f 2207/2792/2207 2208/2793/2208 2202/2785/2202
f 2202/2785/2202 2208/2793/2208 2203/2786/2203
f 2208/2793/2208 2209/2794/2209 2203/2786/2203
f 2203/2786/2203 2209/2794/2209 2204/2787/2204
f 2209/2794/2209 2210/2795/2210 2204/2787/2204
f 2204/2787/2204 2210/2795/2210 2205/2788/2205
f 2210/2796/2210 2211/2797/2211 2205/2789/2205
f 2205/2789/2205 2211/2797/2211 2133/2790/2133
f 2211/2797/2211 2134/2674/2134 2133/2790/2133
f 2141/2677/2141 2099/2676/2099 2206/2774/2206
f 2099/2676/2099 2098/2798/2098 2206/2774/2206
f 2206/2774/2206 2098/2798/2098 2207/2792/2207
f 2098/2798/2098 2097/2799/2097 2207/2792/2207
f 2207/2792/2207 2097/2799/2097 2208/2793/2208
f 2097/2799/2097 2096/2800/2096 2208/2793/2208
f 2208/2793/2208 2096/2800/2096 2209/2794/2209
f 2096/2800/2096 2095/2801/2095 2209/2794/2209
f 2209/2794/2209 2095/2801/2095 2210/2795/2210
f 2095/2802/2095 2094/2803/2094 2210/2796/2210
f 2210/2796/2210 2094/2803/2094 2211/2797/2211
f 2094/2803/2094 2093/2804/2093 2211/2797/2211
f 2211/2797/2211 2093/2804/2093 2134/2674/2134
f 2093/2804/2093 1934/2672/1934 2134/2674/2134
f 2128/2768/2128 2114/2805/2114 1938/2686/1938
f 2129/2775/2129 2212/2806/2212 2128/2768/2128
f 2130/2777/2130 2213/2807/2213 2129/2775/2129
f 2131/2780/2131 2215/2808/2215 2130/2777/2130
f 2132/2784/2132 2218/2809/2218 2131/2780/2131
f 2133/2810/2133 2222/2811/2222 2132/2784/2132
f 2134/2812/2134 2227/2813/2227 2133/2814/2133
f 2128/2768/2128 2212/2806/2212 2114/2805/2114
f 2212/2806/2212 2115/2815/2115 2114/2805/2114
f 2129/2775/2129 2213/2807/2213 2212/2806/2212
f 2213/2807/2213 2214/2816/2214 2212/2806/2212
f 2212/2806/2212 2214/2816/2214 2115/2815/2115
f 2214/2816/2214 2116/2817/2116 2115/2815/2115
f 2130/2777/2130 2215/2808/2215 2213/2807/2213
f 2215/2808/2215 2216/2818/2216 2213/2807/2213
f 2213/2807/2213 2216/2818/2216 2214/2816/2214
f 2216/2818/2216 2217/2819/2217 2214/2816/2214
f 2214/2816/2214 2217/2819/2217 2116/2817/2116
f 2217/2820/2217 2117/2821/2117 2116/2822/2116
f 2131/2780/2131 2218/2809/2218 2215/2808/2215
f 2218/2809/2218 2219/2823/2219 2215/2808/2215
f 2215/2808/2215 2219/2823/2219 2216/2818/2216
f 2219/2823/2219 2220/2824/2220 2216/2818/2216
f 2216/2818/2216 2220/2824/2220 2217/2819/2217
f 2220/2824/2220 2221/2825/2221 2217/2819/2217
f 2217/2819/2217 2221/2825/2221 2117/2826/2117
f 2221/2825/2221 2118/2827/2118 2117/2826/2117
f 2132/2784/2132 2222/2811/2222 2218/2809/2218
f 2222/2828/2222 2223/2829/2223 2218/2830/2218
f 2218/2809/2218 2223/2831/2223 2219/2823/2219
f 2223/2831/2223 2224/2832/2224 2219/2823/2219
f 2219/2823/2219 2224/2832/2224 2220/2824/2220
f 2224/2832/2224 2225/2833/2225 2220/2824/2220
f 2220/2824/2220 2225/2833/2225 2221/2825/2221
f 2225/2833/2225 2226/2834/2226 2221/2825/2221
f 2221/2825/2221 2226/2834/2226 2118/2827/2118
f 2226/2834/2226 2119/2835/2119 2118/2827/2118
f 2133/2790/2133 2227/2836/2227 2222/2828/2222
f 2227/2836/2227 2228/2837/2228 2222/2828/2222
f 2222/2828/2222 2228/2837/2228 2223/2829/2223
f 2228/2837/2228 2229/2838/2229 2223/2829/2223
f 2223/2831/2223 2229/2839/2229 2224/2832/2224
f 2229/2838/2229 2230/2840/2230 2224/2841/2224
f 2224/2841/2224 2230/2840/2230 2225/2842/2225
f 2230/2840/2230 2231/2843/2231 2225/2842/2225
f 2225/2842/2225 2231/2843/2231 2226/2844/2226
f 2231/2843/2231 2232/2845/2232 2226/2844/2226
f 2226/2844/2226 2232/2845/2232 2119/2846/2119
f 2232/2845/2232 2120/2671/2120 2119/2846/2119
f 2134/2674/2134 2092/2673/2092 2227/2836/2227
f 2092/2673/2092 2091/2847/2091 2227/2836/2227
f 2227/2836/2227 2091/2847/2091 2228/2837/2228
f 2091/2847/2091 2090/2848/2090 2228/2837/2228
f 2228/2837/2228 2090/2848/2090 2229/2838/2229
f 2090/2848/2090 2089/2849/2089 2229/2838/2229
f 2229/2838/2229 2089/2849/2089 2230/2840/2230
f 2089/2849/2089 2088/2850/2088 2230/2840/2230
f 2230/2840/2230 2088/2850/2088 2231/2843/2231
f 2088/2850/2088 2087/2851/2087 2231/2843/2231
f 2231/2843/2231 2087/2851/2087 2232/2845/2232
f 2087/2851/2087 2086/2852/2086 2232/2845/2232
f 2232/2845/2232 2086/2852/2086 2120/2671/2120
f 2086/2852/2086 1933/2669/1933 2120/2671/2120
f 2114/2805/2114 2127/2684/2127 1938/2686/1938
f 2115/2815/2115 2233/2853/2233 2114/2805/2114
f 2116/2817/2116 2234/2854/2234 2115/2815/2115
f 2117/2821/2117 2236/2855/2236 2116/2822/2116
f 2118/2827/2118 2239/2856/2239 2117/2826/2117
f 2119/2835/2119 2243/2857/2243 2118/2827/2118
f 2120/2671/2120 2248/2858/2248 2119/2846/2119
f 2114/2805/2114 2233/2853/2233 2127/2684/2127
f 2233/2853/2233 2126/2687/2126 2127/2684/2127
f 2115/2815/2115 2234/2854/2234 2233/2853/2233
f 2234/2854/2234 2235/2859/2235 2233/2853/2233
f 2233/2853/2233 2235/2859/2235 2126/2687/2126
f 2235/2859/2235 2125/2689/2125 2126/2687/2126
f 2116/2817/2116 2236/2860/2236 2234/2854/2234
f 2236/2860/2236 2237/2861/2237 2234/2854/2234
f 2234/2854/2234 2237/2861/2237 2235/2859/2235
f 2237/2861/2237 2238/2862/2238 2235/2859/2235
f 2235/2859/2235 2238/2862/2238 2125/2689/2125
f 2238/2862/2238 2124/2691/2124 2125/2689/2125
f 2117/2826/2117 2239/2856/2239 2236/2860/2236
f 2239/2856/2239 2240/2863/2240 2236/2860/2236
f 2236/2864/2236 2240/2865/2240 2237/2866/2237
f 2240/2867/2240 2241/2868/2241 2237/2869/2237
f 2237/2861/2237 2241/2870/2241 2238/2862/2238
f 2241/2870/2241 2242/2871/2242 2238/2862/2238
f 2238/2862/2238 2242/2871/2242 2124/2691/2124
f 2242/2871/2242 2123/2693/2123 2124/2691/2124
f 2118/2827/2118 2243/2857/2243 2239/2856/2239
f 2243/2857/2243 2244/2872/2244 2239/2856/2239
f 2239/2856/2239 2244/2872/2244 2240/2863/2240
f 2244/2872/2244 2245/2873/2245 2240/2863/2240
f 2240/2863/2240 2245/2873/2245 2241/2870/2241
f 2245/2873/2245 2246/2874/2246 2241/2870/2241
f 2241/2870/2241 2246/2874/2246 2242/2871/2242
f 2246/2874/2246 2247/2875/2247 2242/2871/2242
f 2242/2871/2242 2247/2875/2247 2123/2693/2123
f 2247/2875/2247 2122/2695/2122 2123/2693/2123
f 2119/2835/2119 2248/2876/2248 2243/2857/2243
f 2248/2876/2248 2249/2877/2249 2243/2857/2243
f 2243/2857/2243 2249/2877/2249 2244/2872/2244
f 2249/2877/2249 2250/2878/2250 2244/2872/2244
f 2244/2872/2244 2250/2878/2250 2245/2873/2245
f 2250/2878/2250 2251/2879/2251 2245/2873/2245
f 2245/2873/2245 2251/2879/2251 2246/2874/2246
f 2251/2879/2251 2252/2880/2252 2246/2874/2246
f 2246/2874/2246 2252/2880/2252 2247/2875/2247
f 2252/2880/2252 2253/2881/2253 2247/2875/2247
f 2247/2875/2247 2253/2881/2253 2122/2695/2122
f 2253/2881/2253 2121/2683/2121 2122/2695/2122
f 2120/2671/2120 2085/2670/2085 2248/2858/2248
f 2085/2670/2085 2084/2882/2084 2248/2858/2248
f 2248/2883/2248 2084/2884/2084 2249/2885/2249
f 2084/2886/2084 2083/2887/2083 2249/2888/2249
f 2249/2877/2249 2083/2889/2083 2250/2878/2250
f 2083/2890/2083 2082/2891/2082 2250/2892/2250
f 2250/2878/2250 2082/2893/2082 2251/2879/2251
f 2082/2893/2082 2081/2894/2081 2251/2879/2251
f 2251/2879/2251 2081/2894/2081 2252/2880/2252
f 2081/2894/2081 2080/2895/2080 2252/2880/2252
f 2252/2880/2252 2080/2895/2080 2253/2881/2253
f 2080/2895/2080 2079/2896/2079 2253/2881/2253
f 2253/2881/2253 2079/2896/2079 2121/2683/2121
f 2079/2896/2079 1937/2681/1937 2121/2683/2121
f 2022/2897/2022 2113/2682/2113 1937/2681/1937
f 2021/2898/2021 2254/2899/2254 2022/2900/2022
f 2020/2901/2020 2255/2902/2255 2021/2903/2021
f 2019/2904/2019 2257/2905/2257 2020/2906/2020
f 2018/2907/2018 2260/2908/2260 2019/2909/2019
f 2017/2910/2017 2264/2911/2264 2018/2907/2018
f 2016/2668/2016 2269/2912/2269 2017/2910/2017
f 2022/2897/2022 2254/2913/2254 2113/2682/2113
f 2254/2913/2254 2112/2718/2112 2113/2682/2113
f 2021/2898/2021 2255/2914/2255 2254/2899/2254
f 2255/2915/2255 2256/2916/2256 2254/2913/2254
f 2254/2913/2254 2256/2916/2256 2112/2718/2112
f 2256/2916/2256 2111/2719/2111 2112/2718/2112
f 2020/2906/2020 2257/2905/2257 2255/2917/2255
f 2257/2918/2257 2258/2919/2258 2255/2920/2255
f 2255/2915/2255 2258/2921/2258 2256/2916/2256
f 2258/2921/2258 2259/2922/2259 2256/2916/2256
f 2256/2916/2256 2259/2922/2259 2111/2719/2111
f 2259/2922/2259 2110/2720/2110 2111/2719/2111
f 2019/2909/2019 2260/2908/2260 2257/2918/2257
f 2260/2908/2260 2261/2923/2261 2257/2918/2257
f 2257/2918/2257 2261/2923/2261 2258/2919/2258
f 2261/2923/2261 2262/2924/2262 2258/2919/2258
f 2258/2921/2258 2262/2925/2262 2259/2922/2259
f 2262/2924/2262 2263/2926/2263 2259/2927/2259
f 2259/2922/2259 2263/2928/2263 2110/2720/2110
f 2263/2928/2263 2109/2721/2109 2110/2720/2110
f 2018/2907/2018 2264/2911/2264 2260/2908/2260
f 2264/2911/2264 2265/2929/2265 2260/2908/2260
f 2260/2908/2260 2265/2929/2265 2261/2923/2261
f 2265/2929/2265 2266/2930/2266 2261/2923/2261
f 2261/2923/2261 2266/2930/2266 2262/2924/2262
f 2266/2930/2266 2267/2931/2267 2262/2924/2262
f 2262/2924/2262 2267/2931/2267 2263/2926/2263
f 2267/2931/2267 2268/2932/2268 2263/2926/2263
f 2263/2928/2263 2268/2933/2268 2109/2721/2109
f 2268/2933/2268 2108/2722/2108 2109/2721/2109
f 2017/2910/2017 2269/2912/2269 2264/2911/2264
f 2269/2912/2269 2270/2934/2270 2264/2911/2264
f 2264/2911/2264 2270/2934/2270 2265/2929/2265
f 2270/2934/2270 2271/2935/2271 2265/2929/2265
f 2265/2929/2265 2271/2935/2271 2266/2930/2266
f 2271/2935/2271 2272/2936/2272 2266/2930/2266
f 2266/2930/2266 2272/2936/2272 2267/2931/2267
f 2272/2936/2272 2273/2937/2273 2267/2931/2267
f 2267/2931/2267 2273/2937/2273 2268/2932/2268
f 2273/2937/2273 2274/2938/2274 2268/2932/2268
f 2268/2933/2268 2274/2939/2274 2108/2722/2108
f 2274/2939/2274 2107/2727/2107 2108/2722/2108
f 2016/2668/2016 2071/2661/2071 2269/2912/2269
f 2071/2661/2071 2070/2940/2070 2269/2912/2269
f 2269/2912/2269 2070/2940/2070 2270/2934/2270
f 2070/2940/2070 2069/2941/2069 2270/2934/2270
f 2270/2934/2270 2069/2941/2069 2271/2935/2271
f 2069/2941/2069 2068/2942/2068 2271/2935/2271
f 2271/2935/2271 2068/2942/2068 2272/2936/2272
f 2068/2942/2068 2067/2943/2067 2272/2936/2272
f 2272/2936/2272 2067/2943/2067 2273/2937/2273
f 2067/2943/2067 2066/2944/2066 2273/2937/2273
f 2273/2937/2273 2066/2944/2066 2274/2938/2274
f 2066/2944/2066 2065/2945/2065 2274/2938/2274
f 2274/2939/2274 2065/2946/2065 2107/2727/2107
f 2065/2946/2065 1936/2678/1936 2107/2727/2107
f 2078/2947/2078 2106/2679/2106 1936/2678/1936
f 2077/2948/2077 2275/2949/2275 2078/2947/2078
f 2076/2950/2076 2276/2951/2276 2077/2952/2077
f 2075/2953/2075 2278/2954/2278 2076/2950/2076
f 2074/2955/2074 2281/2956/2281 2075/2953/2075
f 2073/2957/2073 2285/2958/2285 2074/2955/2074
f 2072/2959/2072 2290/2960/2290 2073/2957/2073
f 2078/2947/2078 2275/2949/2275 2106/2679/2106
f 2275/2949/2275 2105/2762/2105 2106/2679/2106
f 2077/2948/2077 2276/2961/2276 2275/2949/2275
f 2276/2961/2276 2277/2962/2277 2275/2949/2275
f 2275/2949/2275 2277/2962/2277 2105/2762/2105
f 2277/2962/2277 2104/2763/2104 2105/2762/2105
f 2076/2950/2076 2278/2954/2278 2276/2951/2276
f 2278/2963/2278 2279/2964/2279 2276/2965/2276
f 2276/2961/2276 2279/2966/2279 2277/2962/2277
f 2279/2967/2279 2280/2968/2280 2277/2969/2277
f 2277/2962/2277 2280/2970/2280 2104/2763/2104
f 2280/2970/2280 2103/2764/2103 2104/2763/2104
f 2075/2953/2075 2281/2956/2281 2278/2954/2278
f 2281/2956/2281 2282/2971/2282 2278/2954/2278
f 2278/2972/2278 2282/2973/2282 2279/2974/2279
f 2282/2975/2282 2283/2976/2283 2279/2967/2279
f 2279/2967/2279 2283/2976/2283 2280/2968/2280
f 2283/2977/2283 2284/2978/2284 2280/2970/2280
f 2280/2970/2280 2284/2978/2284 2103/2764/2103
f 2284/2978/2284 2102/2765/2102 2103/2764/2103
f 2074/2955/2074 2285/2958/2285 2281/2956/2281
f 2285/2979/2285 2286/2980/2286 2281/2981/2281
f 2281/2981/2281 2286/2980/2286 2282/2982/2282
f 2286/2980/2286 2287/2983/2287 2282/2982/2282
f 2282/2982/2282 2287/2983/2287 2283/2984/2283
f 2287/2983/2287 2288/2985/2288 2283/2984/2283
f 2283/2977/2283 2288/2986/2288 2284/2978/2284
f 2288/2986/2288 2289/2987/2289 2284/2978/2284
f 2284/2978/2284 2289/2987/2289 2102/2765/2102
f 2289/2987/2289 2101/2766/2101 2102/2765/2102
f 2073/2957/2073 2290/2960/2290 2285/2958/2285
f 2290/2988/2290 2291/2989/2291 2285/2979/2285
f 2285/2979/2285 2291/2989/2291 2286/2980/2286
f 2291/2989/2291 2292/2990/2292 2286/2980/2286
f 2286/2980/2286 2292/2990/2292 2287/2983/2287
f 2292/2990/2292 2293/2991/2293 2287/2983/2287
f 2287/2983/2287 2293/2991/2293 2288/2985/2288
f 2293/2991/2293 2294/2992/2294 2288/2985/2288
f 2288/2985/2288 2294/2992/2294 2289/2993/2289
f 2294/2992/2294 2295/2994/2295 2289/2993/2289
f 2289/2987/2289 2295/2995/2295 2101/2766/2101
f 2295/2995/2295 2100/2767/2100 2101/2766/2101
f 2072/2667/2072 2057/2658/2057 2290/2996/2290
f 2057/2997/2057 2056/2998/2056 2290/2999/2290
f 2290/2988/2290 2056/3000/2056 2291/2989/2291
f 2056/3000/2056 2055/3001/2055 2291/2989/2291
f 2291/2989/2291 2055/3001/2055 2292/2990/2292
f 2055/3001/2055 2054/3002/2054 2292/2990/2292
f 2292/2990/2292 2054/3002/2054 2293/2991/2293
f 2054/3002/2054 2053/3003/2053 2293/2991/2293
f 2293/2991/2293 2053/3003/2053 2294/2992/2294
f 2053/3003/2053 2052/3004/2052 2294/2992/2294
f 2294/2992/2294 2052/3004/2052 2295/2994/2295
f 2052/3004/2052 2051/3005/2051 2295/2994/2295
f 2295/2995/2295 2051/3006/2051 2100/2767/2100
f 2051/3006/2051 1935/2675/1935 2100/2767/2100
f 2064/3007/2064 2099/2676/2099 1935/2675/1935
f 2063/3008/2063 2296/3009/2296 2064/3010/2064
f 2062/3011/2062 2297/3012/2297 2063/3008/2063
f 2061/3013/2061 2299/3014/2299 2062/3011/2062
f 2060/3015/2060 2302/3016/2302 2061/3013/2061
f 2059/3017/2059 2306/3018/2306 2060/3015/2060
f 2058/2666/2058 2311/3019/2311 2059/3017/2059
f 2064/3007/2064 2296/3020/2296 2099/2676/2099
f 2296/3020/2296 2098/2798/2098 2099/2676/2099
f 2063/3008/2063 2297/3012/2297 2296/3009/2296
f 2297/3012/2297 2298/3021/2298 2296/3009/2296
f 2296/3020/2296 2298/3022/2298 2098/2798/2098
f 2298/3022/2298 2097/2799/2097 2098/2798/2098
f 2062/3011/2062 2299/3014/2299 2297/3012/2297
f 2299/3014/2299 2300/3023/2300 2297/3012/2297
f 2297/3024/2297 2300/3025/2300 2298/3022/2298
f 2300/3025/2300 2301/3026/2301 2298/3022/2298
f 2298/3022/2298 2301/3026/2301 2097/2799/2097
f 2301/3026/2301 2096/2800/2096 2097/2799/2097
f 2061/3013/2061 2302/3016/2302 2299/3014/2299
f 2302/3016/2302 2303/3027/2303 2299/3014/2299
f 2299/3014/2299 2303/3027/2303 2300/3023/2300
f 2303/3027/2303 2304/3028/2304 2300/3023/2300
f 2300/3025/2300 2304/3029/2304 2301/3026/2301
f 2304/3029/2304 2305/3030/2305 2301/3026/2301
f 2301/3026/2301 2305/3030/2305 2096/2800/2096
f 2305/3030/2305 2095/2801/2095 2096/2800/2096
f 2060/3015/2060 2306/3018/2306 2302/3016/2302
f 2306/3018/2306 2307/3031/2307 2302/3016/2302
f 2302/3016/2302 2307/3031/2307 2303/3027/2303
f 2307/3032/2307 2308/3033/2308 2303/3034/2303
f 2303/3034/2303 2308/3033/2308 2304/3035/2304
f 2308/3036/2308 2309/3037/2309 2304/3028/2304
f 2304/3038/2304 2309/3039/2309 2305/3040/2305
f 2309/3039/2309 2310/3041/2310 2305/3040/2305
f 2305/3040/2305 2310/3041/2310 2095/2802/2095
f 2310/3041/2310 2094/2803/2094 2095/2802/2095
f 2059/3017/2059 2311/3019/2311 2306/3018/2306
f 2311/3019/2311 2312/3042/2312 2306/3018/2306
f 2306/3018/2306 2312/3042/2312 2307/3031/2307
f 2312/3042/2312 2313/3043/2313 2307/3031/2307
f 2307/3031/2307 2313/3043/2313 2308/3036/2308
f 2313/3043/2313 2314/3044/2314 2308/3036/2308
f 2308/3036/2308 2314/3044/2314 2309/3037/2309
f 2314/3045/2314 2315/3046/2315 2309/3039/2309
f 2309/3039/2309 2315/3046/2315 2310/3041/2310
f 2315/3046/2315 2316/3047/2316 2310/3041/2310
f 2310/3041/2310 2316/3047/2316 2094/2803/2094
f 2316/3047/2316 2093/2804/2093 2094/2803/2094
f 2058/2666/2058 2043/2655/2043 2311/3019/2311
f 2043/2655/2043 2042/3048/2042 2311/3019/2311
f 2311/3019/2311 2042/3048/2042 2312/3042/2312
f 2042/3048/2042 2041/3049/2041 2312/3042/2312
f 2312/3042/2312 2041/3049/2041 2313/3043/2313
f 2041/3049/2041 2040/3050/2040 2313/3043/2313
f 2313/3043/2313 2040/3050/2040 2314/3044/2314
f 2040/3051/2040 2039/3052/2039 2314/3045/2314
f 2314/3045/2314 2039/3052/2039 2315/3046/2315
f 2039/3052/2039 2038/3053/2038 2315/3046/2315
f 2315/3046/2315 2038/3053/2038 2316/3047/2316
f 2038/3053/2038 2037/3054/2037 2316/3047/2316
f 2316/3047/2316 2037/3054/2037 2093/2804/2093
f 2037/3054/2037 1934/2672/1934 2093/2804/2093
f 2050/3055/2050 2092/2673/2092 1934/2672/1934
f 2049/3056/2049 2317/3057/2317 2050/3055/2050
f 2048/3058/2048 2318/3059/2318 2049/3056/2049
f 2047/3060/2047 2320/3061/2320 2048/3058/2048
f 2046/3062/2046 2323/3063/2323 2047/3060/2047
f 2045/3064/2045 2327/3065/2327 2046/3062/2046
f 2044/2665/2044 2332/3066/2332 2045/3064/2045
f 2050/3055/2050 2317/3057/2317 2092/2673/2092
f 2317/3057/2317 2091/2847/2091 2092/2673/2092
f 2049/3056/2049 2318/3059/2318 2317/3057/2317
f 2318/3059/2318 2319/3067/2319 2317/3057/2317
f 2317/3057/2317 2319/3067/2319 2091/2847/2091
f 2319/3067/2319 2090/2848/2090 2091/2847/2091
f 2048/3058/2048 2320/3061/2320 2318/3059/2318
f 2320/3061/2320 2321/3068/2321 2318/3059/2318
f 2318/3059/2318 2321/3068/2321 2319/3067/2319
f 2321/3068/2321 2322/3069/2322 2319/3067/2319
f 2319/3067/2319 2322/3069/2322 2090/2848/2090
f 2322/3069/2322 2089/2849/2089 2090/2848/2090
f 2047/3060/2047 2323/3063/2323 2320/3061/2320
f 2323/3063/2323 2324/3070/2324 2320/3061/2320
f 2320/3061/2320 2324/3070/2324 2321/3068/2321
f 2324/3070/2324 2325/3071/2325 2321/3068/2321
f 2321/3068/2321 2325/3071/2325 2322/3069/2322
f 2325/3071/2325 2326/3072/2326 2322/3069/2322
f 2322/3069/2322 2326/3072/2326 2089/2849/2089
f 2326/3072/2326 2088/2850/2088 2089/2849/2089
f 2046/3062/2046 2327/3065/2327 2323/3063/2323
f 2327/3065/2327 2328/3073/2328 2323/3063/2323
f 2323/3063/2323 2328/3073/2328 2324/3070/2324
f 2328/3073/2328 2329/3074/2329 2324/3070/2324
f 2324/3070/2324 2329/3074/2329 2325/3071/2325
f 2329/3074/2329 2330/3075/2330 2325/3071/2325
f 2325/3071/2325 2330/3075/2330 2326/3072/2326
f 2330/3075/2330 2331/3076/2331 2326/3072/2326
f 2326/3072/2326 2331/3076/2331 2088/2850/2088
f 2331/3076/2331 2087/2851/2087 2088/2850/2088
f 2045/3064/2045 2332/3066/2332 2327/3065/2327
f 2332/3066/2332 2333/3077/2333 2327/3065/2327
f 2327/3065/2327 2333/3077/2333 2328/3073/2328
f 2333/3077/2333 2334/3078/2334 2328/3073/2328
f 2328/3073/2328 2334/3078/2334 2329/3074/2329
f 2334/3078/2334 2335/3079/2335 2329/3074/2329
f 2329/3074/2329 2335/3079/2335 2330/3075/2330
f 2335/3079/2335 2336/3080/2336 2330/3075/2330
f 2330/3075/2330 2336/3080/2336 2331/3076/2331
f 2336/3080/2336 2337/3081/2337 2331/3076/2331
f 2331/3076/2331 2337/3081/2337 2087/2851/2087
f 2337/3081/2337 2086/2852/2086 2087/2851/2087
f 2044/2665/2044 2029/2652/2029 2332/3066/2332
f 2029/2652/2029 2028/3082/2028 2332/3066/2332
f 2332/3066/2332 2028/3082/2028 2333/3077/2333
f 2028/3082/2028 2027/3083/2027 2333/3077/2333
f 2333/3077/2333 2027/3083/2027 2334/3078/2334
f 2027/3083/2027 2026/3084/2026 2334/3078/2334
f 2334/3078/2334 2026/3084/2026 2335/3079/2335
f 2026/3084/2026 2025/3085/2025 2335/3079/2335
f 2335/3079/2335 2025/3085/2025 2336/3080/2336
f 2025/3085/2025 2024/3086/2024 2336/3080/2336
f 2336/3080/2336 2024/3086/2024 2337/3081/2337
f 2024/3086/2024 2023/3087/2023 2337/3081/2337
f 2337/3081/2337 2023/3087/2023 2086/2852/2086
f 2023/3087/2023 1933/2669/1933 2086/2852/2086
f 2036/3088/2036 2085/2670/2085 1933/2669/1933
f 2035/3089/2035 2338/3090/2338 2036/3088/2036
f 2034/3091/2034 2339/3092/2339 2035/3093/2035
f 2033/3094/2033 2341/3095/2341 2034/3091/2034
f 2032/3096/2032 2344/3097/2344 2033/3094/2033
f 2031/3098/2031 2348/3099/2348 2032/3096/2032
f 2030/3100/2030 2353/3101/2353 2031/3098/2031
f 2036/3088/2036 2338/3090/2338 2085/2670/2085
f 2338/3090/2338 2084/2882/2084 2085/2670/2085
f 2035/3093/2035 2339/3092/2339 2338/3102/2338
f 2339/3092/2339 2340/3103/2340 2338/3102/2338
f 2338/3102/2338 2340/3103/2340 2084/3104/2084
f 2340/3105/2340 2083/2887/2083 2084/2886/2084
f 2034/3106/2034 2341/3107/2341 2339/3108/2339
f 2341/3095/2341 2342/3109/2342 2339/3092/2339
f 2339/3092/2339 2342/3109/2342 2340/3103/2340
f 2342/3109/2342 2343/3110/2343 2340/3103/2340
f 2340/3105/2340 2343/3111/2343 2083/2887/2083
f 2343/3110/2343 2082/2891/2082 2083/2890/2083
f 2033/3094/2033 2344/3097/2344 2341/3095/2341
f 2344/3097/2344 2345/3112/2345 2341/3095/2341
f 2341/3095/2341 2345/3112/2345 2342/3109/2342
f 2345/3112/2345 2346/3113/2346 2342/3109/2342
f 2342/3109/2342 2346/3113/2346 2343/3110/2343
f 2346/3113/2346 2347/3114/2347 2343/3110/2343
f 2343/3110/2343 2347/3114/2347 2082/2891/2082
f 2347/3114/2347 2081/3115/2081 2082/2891/2082
f 2032/3096/2032 2348/3099/2348 2344/3097/2344
f 2348/3099/2348 2349/3116/2349 2344/3097/2344
f 2344/3097/2344 2349/3116/2349 2345/3112/2345
f 2349/3116/2349 2350/3117/2350 2345/3112/2345
f 2345/3112/2345 2350/3117/2350 2346/3113/2346
f 2350/3117/2350 2351/3118/2351 2346/3113/2346
f 2346/3113/2346 2351/3118/2351 2347/3114/2347
f 2351/3118/2351 2352/3119/2352 2347/3114/2347
f 2347/3114/2347 2352/3119/2352 2081/3115/2081
f 2352/3119/2352 2080/3120/2080 2081/3115/2081
f 2031/3098/2031 2353/3101/2353 2348/3099/2348
f 2353/3101/2353 2354/3121/2354 2348/3099/2348
f 2348/3099/2348 2354/3121/2354 2349/3116/2349
f 2354/3121/2354 2355/3122/2355 2349/3116/2349
f 2349/3116/2349 2355/3122/2355 2350/3117/2350
f 2355/3122/2355 2356/3123/2356 2350/3117/2350
f 2350/3117/2350 2356/3123/2356 2351/3118/2351
f 2356/3123/2356 2357/3124/2357 2351/3118/2351
f 2351/3118/2351 2357/3124/2357 2352/3119/2352
f 2357/3124/2357 2358/3125/2358 2352/3119/2352
f 2352/3119/2352 2358/3125/2358 2080/3120/2080
f 2358/3125/2358 2079/3126/2079 2080/3120/2080
f 2030/3100/2030 2015/2649/2015 2353/3101/2353
f 2015/2649/2015 2014/3127/2014 2353/3101/2353
f 2353/3128/2353 2014/3129/2014 2354/3130/2354
f 2014/3127/2014 2013/3131/2013 2354/3121/2354
f 2354/3121/2354 2013/3131/2013 2355/3122/2355
f 2013/3131/2013 2012/3132/2012 2355/3122/2355
f 2355/3122/2355 2012/3132/2012 2356/3123/2356
f 2012/3132/2012 2011/3133/2011 2356/3123/2356
f 2356/3123/2356 2011/3133/2011 2357/3124/2357
f 2011/3133/2011 2010/3134/2010 2357/3124/2357
f 2357/3124/2357 2010/3134/2010 2358/3125/2358
f 2010/3134/2010 2009/3135/2009 2358/3125/2358
f 2358/3125/2358 2009/3135/2009 2079/3126/2079
f 2009/3135/2009 1937/3136/1937 2079/3126/2079
f 2065/2945/2065 2078/3137/2078 1936/3138/1936
f 2066/2944/2066 2359/3139/2359 2065/2945/2065
f 2067/2943/2067 2360/3140/2360 2066/2944/2066
f 2068/2942/2068 2362/3141/2362 2067/2943/2067
f 2069/2941/2069 2365/3142/2365 2068/2942/2068
f 2070/2940/2070 2369/3143/2369 2069/2941/2069
f 2071/2661/2071 2374/3144/2374 2070/2940/2070
f 2065/2945/2065 2359/3139/2359 2078/3137/2078
f 2359/3139/2359 2077/2952/2077 2078/3137/2078
f 2066/2944/2066 2360/3140/2360 2359/3139/2359
f 2360/3140/2360 2361/3145/2361 2359/3139/2359
f 2359/3139/2359 2361/3145/2361 2077/2952/2077
f 2361/3145/2361 2076/2950/2076 2077/2952/2077
f 2067/2943/2067 2362/3141/2362 2360/3140/2360
f 2362/3141/2362 2363/3146/2363 2360/3140/2360
f 2360/3140/2360 2363/3146/2363 2361/3145/2361
f 2363/3146/2363 2364/3147/2364 2361/3145/2361
f 2361/3145/2361 2364/3147/2364 2076/2950/2076
f 2364/3147/2364 2075/2953/2075 2076/2950/2076
f 2068/2942/2068 2365/3142/2365 2362/3141/2362
f 2365/3142/2365 2366/3148/2366 2362/3141/2362
f 2362/3141/2362 2366/3148/2366 2363/3146/2363
f 2366/3148/2366 2367/3149/2367 2363/3146/2363
f 2363/3146/2363 2367/3149/2367 2364/3147/2364
f 2367/3149/2367 2368/3150/2368 2364/3147/2364
f 2364/3147/2364 2368/3150/2368 2075/2953/2075
f 2368/3150/2368 2074/2955/2074 2075/2953/2075
f 2069/2941/2069 2369/3143/2369 2365/3142/2365
f 2369/3143/2369 2370/3151/2370 2365/3142/2365
f 2365/3142/2365 2370/3151/2370 2366/3148/2366
f 2370/3151/2370 2371/3152/2371 2366/3148/2366
f 2366/3148/2366 2371/3152/2371 2367/3149/2367
f 2371/3152/2371 2372/3153/2372 2367/3149/2367
f 2367/3149/2367 2372/3153/2372 2368/3150/2368
f 2372/3153/2372 2373/3154/2373 2368/3150/2368
f 2368/3150/2368 2373/3154/2373 2074/2955/2074
f 2373/3154/2373 2073/2957/2073 2074/2955/2074
f 2070/2940/2070 2374/3144/2374 2369/3143/2369
f 2374/3144/2374 2375/3155/2375 2369/3143/2369
f 2369/3143/2369 2375/3155/2375 2370/3151/2370
f 2375/3155/2375 2376/3156/2376 2370/3151/2370
f 2370/3151/2370 2376/3156/2376 2371/3152/2371
f 2376/3156/2376 2377/3157/2377 2371/3152/2371
f 2371/3152/2371 2377/3157/2377 2372/3153/2372
f 2377/3157/2377 2378/3158/2378 2372/3153/2372
f 2372/3153/2372 2378/3158/2378 2373/3154/2373
f 2378/3158/2378 2379/3159/2379 2373/3154/2373
f 2373/3154/2373 2379/3159/2379 2073/2957/2073
f 2379/3159/2379 2072/2959/2072 2073/2957/2073
f 2071/2661/2071 2008/2660/2008 2374/3144/2374
f 2008/2660/2008 2007/3160/2007 2374/3144/2374
f 2374/3144/2374 2007/3160/2007 2375/3155/2375
f 2007/3160/2007 2006/3161/2006 2375/3155/2375
f 2375/3155/2375 2006/3161/2006 2376/3156/2376
f 2006/3161/2006 2005/3162/2005 2376/3156/2376
f 2376/3156/2376 2005/3162/2005 2377/3157/2377
f 2005/3162/2005 2004/3163/2004 2377/3157/2377
f 2377/3157/2377 2004/3163/2004 2378/3158/2378
f 2004/3163/2004 2003/3164/2003 2378/3158/2378
f 2378/3158/2378 2003/3164/2003 2379/3159/2379
f 2003/3164/2003 2002/3165/2002 2379/3159/2379
f 2379/3159/2379 2002/3165/2002 2072/2959/2072
f 2002/3165/2002 1931/3166/1931 2072/2959/2072
f 2051/3006/2051 2064/3007/2064 1935/2675/1935
f 2052/3004/2052 2380/3167/2380 2051/3005/2051
f 2053/3003/2053 2381/3168/2381 2052/3004/2052
f 2054/3002/2054 2383/3169/2383 2053/3003/2053
f 2055/3001/2055 2386/3170/2386 2054/3002/2054
f 2056/3000/2056 2390/3171/2390 2055/3001/2055
f 2057/2997/2057 2395/3172/2395 2056/2998/2056
f 2051/3005/2051 2380/3167/2380 2064/3010/2064
f 2380/3167/2380 2063/3008/2063 2064/3010/2064
f 2052/3004/2052 2381/3168/2381 2380/3167/2380
f 2381/3168/2381 2382/3173/2382 2380/3167/2380
f 2380/3167/2380 2382/3173/2382 2063/3008/2063
f 2382/3173/2382 2062/3011/2062 2063/3008/2063
f 2053/3003/2053 2383/3169/2383 2381/3168/2381
f 2383/3169/2383 2384/3174/2384 2381/3168/2381
f 2381/3168/2381 2384/3174/2384 2382/3173/2382
f 2384/3174/2384 2385/3175/2385 2382/3173/2382
f 2382/3173/2382 2385/3175/2385 2062/3011/2062
f 2385/3175/2385 2061/3013/2061 2062/3011/2062
f 2054/3002/2054 2386/3170/2386 2383/3169/2383
f 2386/3170/2386 2387/3176/2387 2383/3169/2383
f 2383/3169/2383 2387/3176/2387 2384/3174/2384
f 2387/3176/2387 2388/3177/2388 2384/3174/2384
f 2384/3174/2384 2388/3177/2388 2385/3175/2385
f 2388/3177/2388 2389/3178/2389 2385/3175/2385
f 2385/3175/2385 2389/3178/2389 2061/3013/2061
f 2389/3178/2389 2060/3015/2060 2061/3013/2061
f 2055/3001/2055 2390/3171/2390 2386/3170/2386
f 2390/3171/2390 2391/3179/2391 2386/3170/2386
f 2386/3170/2386 2391/3179/2391 2387/3176/2387
f 2391/3179/2391 2392/3180/2392 2387/3176/2387
f 2387/3176/2387 2392/3180/2392 2388/3177/2388
f 2392/3180/2392 2393/3181/2393 2388/3177/2388
f 2388/3177/2388 2393/3181/2393 2389/3178/2389
f 2393/3181/2393 2394/3182/2394 2389/3178/2389
f 2389/3178/2389 2394/3182/2394 2060/3015/2060
f 2394/3182/2394 2059/3017/2059 2060/3015/2060
f 2056/2998/2056 2395/3172/2395 2390/3183/2390
f 2395/3172/2395 2396/3184/2396 2390/3183/2390
f 2390/3171/2390 2396/3185/2396 2391/3179/2391
f 2396/3185/2396 2397/3186/2397 2391/3179/2391
f 2391/3179/2391 2397/3186/2397 2392/3180/2392
f 2397/3186/2397 2398/3187/2398 2392/3180/2392
f 2392/3180/2392 2398/3187/2398 2393/3181/2393
f 2398/3187/2398 2399/3188/2399 2393/3181/2393
f 2393/3181/2393 2399/3188/2399 2394/3182/2394
f 2399/3188/2399 2400/3189/2400 2394/3182/2394
f 2394/3182/2394 2400/3189/2400 2059/3017/2059
f 2400/3189/2400 2058/2666/2058 2059/3017/2059
f 2057/2997/2057 2001/3190/2001 2395/3172/2395
f 2001/3191/2001 2000/3192/2000 2395/3193/2395
f 2395/3172/2395 2000/3194/2000 2396/3184/2396
f 2000/3194/2000 1999/3195/1999 2396/3184/2396
f 2396/3184/2396 1999/3195/1999 2397/3196/2397
f 1999/3197/1999 1998/3198/1998 2397/3186/2397
f 2397/3186/2397 1998/3198/1998 2398/3187/2398
f 1998/3198/1998 1997/3199/1997 2398/3187/2398
f 2398/3187/2398 1997/3199/1997 2399/3188/2399
f 1997/3199/1997 1996/3200/1996 2399/3188/2399
f 2399/3188/2399 1996/3200/1996 2400/3189/2400
f 1996/3200/1996 1995/3201/1995 2400/3189/2400
f 2400/3189/2400 1995/3201/1995 2058/2666/2058
f 1995/3201/1995 1930/2653/1930 2058/2666/2058
f 2037/3054/2037 2050/3055/2050 1934/2672/1934
f 2038/3053/2038 2401/3202/2401 2037/3054/2037
f 2039/3052/2039 2402/3203/2402 2038/3053/2038
f 2040/3051/2040 2404/3204/2404 2039/3052/2039
f 2041/3049/2041 2407/3205/2407 2040/3050/2040
f 2042/3048/2042 2411/3206/2411 2041/3049/2041
f 2043/2655/2043 2416/3207/2416 2042/3048/2042
f 2037/3054/2037 2401/3202/2401 2050/3055/2050
f 2401/3202/2401 2049/3056/2049 2050/3055/2050
f 2038/3053/2038 2402/3203/2402 2401/3202/2401
f 2402/3203/2402 2403/3208/2403 2401/3202/2401
f 2401/3202/2401 2403/3208/2403 2049/3056/2049
f 2403/3208/2403 2048/3058/2048 2049/3056/2049
f 2039/3052/2039 2404/3204/2404 2402/3203/2402
f 2404/3204/2404 2405/3209/2405 2402/3203/2402
f 2402/3203/2402 2405/3209/2405 2403/3208/2403
f 2405/3209/2405 2406/3210/2406 2403/3208/2403
f 2403/3208/2403 2406/3210/2406 2048/3058/2048
f 2406/3210/2406 2047/3060/2047 2048/3058/2048
f 2040/3051/2040 2407/3211/2407 2404/3204/2404
f 2407/3211/2407 2408/3212/2408 2404/3204/2404
f 2404/3204/2404 2408/3212/2408 2405/3209/2405
f 2408/3212/2408 2409/3213/2409 2405/3209/2405
f 2405/3209/2405 2409/3213/2409 2406/3210/2406
f 2409/3213/2409 2410/3214/2410 2406/3210/2406
f 2406/3210/2406 2410/3214/2410 2047/3060/2047
f 2410/3214/2410 2046/3062/2046 2047/3060/2047
f 2041/3049/2041 2411/3206/2411 2407/3205/2407
f 2411/3215/2411 2412/3216/2412 2407/3217/2407
f 2407/3211/2407 2412/3218/2412 2408/3212/2408
f 2412/3218/2412 2413/3219/2413 2408/3212/2408
f 2408/3220/2408 2413/3221/2413 2409/3222/2409
f 2413/3219/2413 2414/3223/2414 2409/3213/2409
f 2409/3213/2409 2414/3223/2414 2410/3214/2410
f 2414/3223/2414 2415/3224/2415 2410/3214/2410
f 2410/3214/2410 2415/3224/2415 2046/3062/2046
f 2415/3224/2415 2045/3064/2045 2046/3062/2046
f 2042/3048/2042 2416/3207/2416 2411/3206/2411
f 2416/3225/2416 2417/3226/2417 2411/3215/2411
f 2411/3215/2411 2417/3226/2417 2412/3216/2412
f 2417/3226/2417 2418/3227/2418 2412/3216/2412
f 2412/3218/2412 2418/3228/2418 2413/3219/2413
f 2418/3228/2418 2419/3229/2419 2413/3219/2413
f 2413/3219/2413 2419/3229/2419 2414/3223/2414
f 2419/3229/2419 2420/3230/2420 2414/3223/2414
f 2414/3223/2414 2420/3230/2420 2415/3224/2415
f 2420/3230/2420 2421/3231/2421 2415/3224/2415
f 2415/3224/2415 2421/3231/2421 2045/3064/2045
f 2421/3231/2421 2044/2665/2044 2045/3064/2045
f 2043/2655/2043 1987/2654/1987 2416/3207/2416
f 1987/2654/1987 1986/3232/1986 2416/3207/2416
f 2416/3207/2416 1986/3232/1986 2417/3233/2417
f 1986/3234/1986 1985/3235/1985 2417/3236/2417
f 2417/3237/2417 1985/3238/1985 2418/3239/2418
f 1985/3238/1985 1984/3240/1984 2418/3239/2418
f 2418/3241/2418 1984/3242/1984 2419/3243/2419
f 1984/3242/1984 1983/3244/1983 2419/3243/2419
f 2419/3229/2419 1983/3245/1983 2420/3230/2420
f 1983/3244/1983 1982/3246/1982 2420/3247/2420
f 2420/3247/2420 1982/3246/1982 2421/3248/2421
f 1982/3246/1982 1981/3249/1981 2421/3248/2421
f 2421/3231/2421 1981/3250/1981 2044/2665/2044
f 1981/3250/1981 1929/2650/1929 2044/2665/2044
f 2023/3087/2023 2036/3088/2036 1933/2669/1933
f 2024/3086/2024 2422/3251/2422 2023/3087/2023
f 2025/3085/2025 2423/3252/2423 2024/3086/2024
f 2026/3084/2026 2425/3253/2425 2025/3085/2025
f 2027/3083/2027 2428/3254/2428 2026/3084/2026
f 2028/3082/2028 2432/3255/2432 2027/3083/2027
f 2029/2652/2029 2437/3256/2437 2028/3082/2028
f 2023/3087/2023 2422/3251/2422 2036/3088/2036
f 2422/3251/2422 2035/3089/2035 2036/3088/2036
f 2024/3086/2024 2423/3252/2423 2422/3251/2422
f 2423/3252/2423 2424/3257/2424 2422/3251/2422
f 2422/3251/2422 2424/3257/2424 2035/3089/2035
f 2424/3258/2424 2034/3091/2034 2035/3093/2035
f 2025/3085/2025 2425/3253/2425 2423/3252/2423
f 2425/3253/2425 2426/3259/2426 2423/3252/2423
f 2423/3252/2423 2426/3259/2426 2424/3257/2424
f 2426/3259/2426 2427/3260/2427 2424/3257/2424
f 2424/3258/2424 2427/3261/2427 2034/3091/2034
f 2427/3262/2427 2033/3263/2033 2034/3264/2034
f 2026/3084/2026 2428/3254/2428 2425/3253/2425
f 2428/3254/2428 2429/3265/2429 2425/3253/2425
f 2425/3253/2425 2429/3265/2429 2426/3259/2426
f 2429/3265/2429 2430/3266/2430 2426/3259/2426
f 2426/3259/2426 2430/3266/2430 2427/3260/2427
f 2430/3267/2430 2431/3268/2431 2427/3261/2427
f 2427/3262/2427 2431/3269/2431 2033/3263/2033
f 2431/3268/2431 2032/3096/2032 2033/3094/2033
f 2027/3083/2027 2432/3255/2432 2428/3254/2428
f 2432/3255/2432 2433/3270/2433 2428/3254/2428
f 2428/3254/2428 2433/3270/2433 2429/3265/2429
f 2433/3270/2433 2434/3271/2434 2429/3265/2429
f 2429/3265/2429 2434/3271/2434 2430/3266/2430
f 2434/3272/2434 2435/3273/2435 2430/3267/2430
f 2430/3267/2430 2435/3273/2435 2431/3268/2431
f 2435/3273/2435 2436/3274/2436 2431/3268/2431
f 2431/3268/2431 2436/3274/2436 2032/3096/2032
f 2436/3274/2436 2031/3098/2031 2032/3096/2032
f 2028/3082/2028 2437/3256/2437 2432/3255/2432
f 2437/3256/2437 2438/3275/2438 2432/3255/2432
f 2432/3255/2432 2438/3275/2438 2433/3270/2433
f 2438/3276/2438 2439/3277/2439 2433/3278/2433
f 2433/3270/2433 2439/3279/2439 2434/3271/2434
f 2439/3277/2439 2440/3280/2440 2434/3281/2434
f 2434/3272/2434 2440/3282/2440 2435/3273/2435
f 2440/3282/2440 2441/3283/2441 2435/3273/2435
f 2435/3273/2435 2441/3283/2441 2436/3274/2436
f 2441/3283/2441 2442/3284/2442 2436/3274/2436
f 2436/3274/2436 2442/3284/2442 2031/3098/2031
f 2442/3284/2442 2030/3100/2030 2031/3098/2031
f 2029/2652/2029 1959/2651/1959 2437/3256/2437
f 1959/2651/1959 1958/3285/1958 2437/3256/2437
f 2437/3256/2437 1958/3285/1958 2438/3275/2438
f 1958/3286/1958 1957/3287/1957 2438/3276/2438
f 2438/3276/2438 1957/3287/1957 2439/3277/2439
f 1957/3287/1957 1956/3288/1956 2439/3277/2439
f 2439/3277/2439 1956/3288/1956 2440/3280/2440
f 1956/3288/1956 1955/3289/1955 2440/3280/2440
f 2440/3282/2440 1955/3290/1955 2441/3283/2441
f 1955/3290/1955 1954/3291/1954 2441/3283/2441
f 2441/3283/2441 1954/3291/1954 2442/3284/2442
f 1954/3291/1954 1953/3292/1953 2442/3284/2442
f 2442/3293/2442 1953/3294/1953 2030/2664/2030
f 1953/3294/1953 1928/2662/1928 2030/2664/2030
f 2009/3135/2009 2022/2900/2022 1937/3136/1937
f 2010/3134/2010 2443/3295/2443 2009/3135/2009
f 2011/3133/2011 2444/3296/2444 2010/3134/2010
f 2012/3132/2012 2446/3297/2446 2011/3133/2011
f 2013/3131/2013 2449/3298/2449 2012/3132/2012
f 2014/3127/2014 2453/3299/2453 2013/3131/2013
f 2015/2649/2015 2458/3300/2458 2014/3127/2014
f 2009/3135/2009 2443/3295/2443 2022/2900/2022
f 2443/3295/2443 2021/2898/2021 2022/2900/2022
f 2010/3134/2010 2444/3296/2444 2443/3295/2443
f 2444/3296/2444 2445/3301/2445 2443/3295/2443
f 2443/3295/2443 2445/3301/2445 2021/2898/2021
f 2445/3302/2445 2020/2901/2020 2021/2903/2021
f 2011/3133/2011 2446/3297/2446 2444/3296/2444
f 2446/3297/2446 2447/3303/2447 2444/3296/2444
f 2444/3296/2444 2447/3303/2447 2445/3301/2445
f 2447/3303/2447 2448/3304/2448 2445/3301/2445
f 2445/3302/2445 2448/3305/2448 2020/2901/2020
f 2448/3306/2448 2019/2904/2019 2020/2906/2020
f 2012/3132/2012 2449/3298/2449 2446/3297/2446
f 2449/3298/2449 2450/3307/2450 2446/3297/2446
f 2446/3297/2446 2450/3307/2450 2447/3303/2447
f 2450/3307/2450 2451/3308/2451 2447/3303/2447
f 2447/3303/2447 2451/3308/2451 2448/3304/2448
f 2451/3309/2451 2452/3310/2452 2448/3311/2448
f 2448/3311/2448 2452/3310/2452 2019/2909/2019
f 2452/3310/2452 2018/2907/2018 2019/2909/2019
f 2013/3131/2013 2453/3299/2453 2449/3298/2449
f 2453/3299/2453 2454/3312/2454 2449/3298/2449
f 2449/3298/2449 2454/3312/2454 2450/3307/2450
f 2454/3312/2454 2455/3313/2455 2450/3307/2450
f 2450/3307/2450 2455/3313/2455 2451/3308/2451
f 2455/3314/2455 2456/3315/2456 2451/3309/2451
f 2451/3309/2451 2456/3315/2456 2452/3310/2452
f 2456/3315/2456 2457/3316/2457 2452/3310/2452
f 2452/3310/2452 2457/3316/2457 2018/2907/2018
f 2457/3317/2457 2017/3318/2017 2018/3319/2018
f 2014/3127/2014 2458/3300/2458 2453/3299/2453
f 2458/3300/2458 2459/3320/2459 2453/3299/2453
f 2453/3299/2453 2459/3320/2459 2454/3312/2454
f 2459/3320/2459 2460/3321/2460 2454/3312/2454
f 2454/3312/2454 2460/3321/2460 2455/3313/2455
f 2460/3322/2460 2461/3323/2461 2455/3324/2455
f 2455/3314/2455 2461/3325/2461 2456/3315/2456
f 2461/3325/2461 2462/3326/2462 2456/3315/2456
f 2456/3315/2456 2462/3326/2462 2457/3316/2457
f 2462/3326/2462 2463/3327/2463 2457/3316/2457
f 2457/3316/2457 2463/3327/2463 2017/2910/2017
f 2463/3327/2463 2016/2668/2016 2017/2910/2017
f 2015/3328/2015 1966/3329/1966 2458/3330/2458
f 1966/3329/1966 1965/3331/1965 2458/3330/2458
f 2458/3330/2458 1965/3331/1965 2459/3332/2459
f 1965/3331/1965 1964/3333/1964 2459/3332/2459
f 2459/3332/2459 1964/3333/1964 2460/3322/2460
f 1964/3333/1964 1963/3334/1963 2460/3322/2460
f 2460/3322/2460 1963/3334/1963 2461/3323/2461
f 1963/3334/1963 1962/3335/1962 2461/3323/2461
f 2461/3323/2461 1962/3335/1962 2462/3336/2462
f 1962/3335/1962 1961/3337/1961 2462/3336/2462
f 2462/3326/2462 1961/3338/1961 2463/3327/2463
f 1961/3339/1961 1960/3340/1960 2463/3341/2463
f 2463/3327/2463 1960/3342/1960 2016/2668/2016
f 1960/3342/1960 1932/2659/1932 2016/2668/2016
f 1973/3343/1973 2008/2660/2008 1932/2659/1932
f 1972/3344/1972 2464/3345/2464 1973/3346/1973
f 1971/3347/1971 2465/3348/2465 1972/3349/1972
f 1970/3350/1970 2467/3351/2467 1971/3347/1971
f 1969/3352/1969 2470/3353/2470 1970/3350/1970
f 1968/3354/1968 2474/3355/2474 1969/3352/1969
f 1967/2648/1967 2479/3356/2479 1968/3354/1968
f 1973/3343/1973 2464/3357/2464 2008/2660/2008
f 2464/3358/2464 2007/3359/2007 2008/3360/2008
f 1972/3361/1972 2465/3362/2465 2464/3357/2464
f 2465/3362/2465 2466/3363/2466 2464/3357/2464
f 2464/3357/2464 2466/3363/2466 2007/3160/2007
f 2466/3363/2466 2006/3161/2006 2007/3160/2007
f 1971/3347/1971 2467/3351/2467 2465/3348/2465
f 2467/3351/2467 2468/3364/2468 2465/3348/2465
f 2465/3348/2465 2468/3364/2468 2466/3365/2466
f 2468/3366/2468 2469/3367/2469 2466/3363/2466
f 2466/3363/2466 2469/3367/2469 2006/3161/2006
f 2469/3367/2469 2005/3162/2005 2006/3161/2006
f 1970/3350/1970 2470/3353/2470 2467/3351/2467
f 2470/3368/2470 2471/3369/2471 2467/3370/2467
f 2467/3351/2467 2471/3371/2471 2468/3364/2468
f 2471/3371/2471 2472/3372/2472 2468/3364/2468
f 2468/3366/2468 2472/3373/2472 2469/3367/2469
f 2472/3373/2472 2473/3374/2473 2469/3367/2469
f 2469/3367/2469 2473/3374/2473 2005/3162/2005
f 2473/3374/2473 2004/3163/2004 2005/3162/2005
f 1969/3352/1969 2474/3355/2474 2470/3353/2470
f 2474/3355/2474 2475/3375/2475 2470/3353/2470
f 2470/3368/2470 2475/3376/2475 2471/3369/2471
f 2475/3375/2475 2476/3377/2476 2471/3371/2471
f 2471/3371/2471 2476/3377/2476 2472/3372/2472
f 2476/3378/2476 2477/3379/2477 2472/3373/2472
f 2472/3380/2472 2477/3381/2477 2473/3382/2473
f 2477/3379/2477 2478/3383/2478 2473/3374/2473
f 2473/3374/2473 2478/3383/2478 2004/3163/2004
f 2478/3383/2478 2003/3164/2003 2004/3163/2004
f 1968/3354/1968 2479/3356/2479 2474/3355/2474
f 2479/3356/2479 2480/3384/2480 2474/3355/2474
f 2474/3355/2474 2480/3384/2480 2475/3375/2475
f 2480/3384/2480 2481/3385/2481 2475/3375/2475
f 2475/3375/2475 2481/3385/2481 2476/3377/2476
f 2481/3385/2481 2482/3386/2482 2476/3377/2476
f 2476/3378/2476 2482/3387/2482 2477/3379/2477
f 2482/3387/2482 2483/3388/2483 2477/3379/2477
f 2477/3379/2477 2483/3388/2483 2478/3383/2478
f 2483/3388/2483 2484/3389/2484 2478/3383/2478
f 2478/3383/2478 2484/3389/2484 2003/3164/2003
f 2484/3389/2484 2002/3165/2002 2003/3164/2003
f 1967/2648/1967 1994/2647/1994 2479/3356/2479
f 1994/2647/1994 1993/3390/1993 2479/3356/2479
f 2479/3356/2479 1993/3390/1993 2480/3384/2480
f 1993/3390/1993 1992/3391/1992 2480/3384/2480
f 2480/3384/2480 1992/3391/1992 2481/3385/2481
f 1992/3391/1992 1991/3392/1991 2481/3385/2481
f 2481/3385/2481 1991/3392/1991 2482/3386/2482
f 1991/3392/1991 1990/3393/1990 2482/3386/2482
f 2482/3387/2482 1990/3394/1990 2483/3388/2483
f 1990/3394/1990 1989/3395/1989 2483/3388/2483
f 2483/3388/2483 1989/3395/1989 2484/3389/2484
f 1989/3395/1989 1988/3396/1988 2484/3389/2484
f 2484/3389/2484 1988/3396/1988 2002/3165/2002
f 1988/3396/1988 1931/3166/1931 2002/3165/2002
f 1988/3396/1988 2001/3397/2001 1931/3166/1931
f 1989/3395/1989 2485/3398/2485 1988/3396/1988
f 1990/3393/1990 2486/3399/2486 1989/3400/1989
f 1991/3392/1991 2488/3401/2488 1990/3393/1990
f 1992/3391/1992 2491/3402/2491 1991/3392/1991
f 1993/3390/1993 2495/3403/2495 1992/3391/1992
f 1994/2647/1994 2500/3404/2500 1993/3390/1993
f 1988/3396/1988 2485/3398/2485 2001/3397/2001
f 2485/3405/2485 2000/3192/2000 2001/3191/2001
f 1989/3400/1989 2486/3399/2486 2485/3406/2485
f 2486/3399/2486 2487/3407/2487 2485/3406/2485
f 2485/3405/2485 2487/3408/2487 2000/3192/2000
f 2487/3409/2487 1999/3195/1999 2000/3194/2000
f 1990/3410/1990 2488/3411/2488 2486/3412/2486
f 2488/3411/2488 2489/3413/2489 2486/3412/2486
f 2486/3399/2486 2489/3414/2489 2487/3407/2487
f 2489/3414/2489 2490/3415/2490 2487/3407/2487
f 2487/3409/2487 2490/3416/2490 1999/3195/1999
f 2490/3416/2490 1998/3417/1998 1999/3195/1999
f 1991/3418/1991 2491/3419/2491 2488/3420/2488
f 2491/3402/2491 2492/3421/2492 2488/3401/2488
f 2488/3401/2488 2492/3421/2492 2489/3414/2489
f 2492/3421/2492 2493/3422/2493 2489/3414/2489
f 2489/3414/2489 2493/3422/2493 2490/3415/2490
f 2493/3422/2493 2494/3423/2494 2490/3415/2490
f 2490/3415/2490 2494/3423/2494 1998/3424/1998
f 2494/3423/2494 1997/3425/1997 1998/3424/1998
f 1992/3391/1992 2495/3403/2495 2491/3402/2491
f 2495/3403/2495 2496/3426/2496 2491/3402/2491
f 2491/3402/2491 2496/3426/2496 2492/3421/2492
f 2496/3426/2496 2497/3427/2497 2492/3421/2492
f 2492/3421/2492 2497/3427/2497 2493/3422/2493
f 2497/3427/2497 2498/3428/2498 2493/3422/2493
f 2493/3422/2493 2498/3428/2498 2494/3423/2494
f 2498/3428/2498 2499/3429/2499 2494/3423/2494
f 2494/3423/2494 2499/3429/2499 1997/3425/1997
f 2499/3429/2499 1996/3430/1996 1997/3425/1997
f 1993/3390/1993 2500/3404/2500 2495/3403/2495
f 2500/3404/2500 2501/3431/2501 2495/3403/2495
f 2495/3403/2495 2501/3431/2501 2496/3426/2496
f 2501/3431/2501 2502/3432/2502 2496/3426/2496
f 2496/3426/2496 2502/3432/2502 2497/3427/2497
f 2502/3432/2502 2503/3433/2503 2497/3427/2497
f 2497/3427/2497 2503/3433/2503 2498/3428/2498
f 2503/3433/2503 2504/3434/2504 2498/3428/2498
f 2498/3428/2498 2504/3434/2504 2499/3429/2499
f 2504/3434/2504 2505/3435/2505 2499/3429/2499
f 2499/3429/2499 2505/3435/2505 1996/3430/1996
f 2505/3435/2505 1995/3436/1995 1996/3430/1996
f 1994/2647/1994 1980/2646/1980 2500/3404/2500
f 1980/2646/1980 1979/3437/1979 2500/3404/2500
f 2500/3404/2500 1979/3437/1979 2501/3431/2501
f 1979/3437/1979 1978/3438/1978 2501/3431/2501
f 2501/3431/2501 1978/3438/1978 2502/3432/2502
f 1978/3438/1978 1977/3439/1977 2502/3432/2502
f 2502/3432/2502 1977/3439/1977 2503/3433/2503
f 1977/3439/1977 1976/3440/1976 2503/3433/2503
f 2503/3433/2503 1976/3440/1976 2504/3434/2504
f 1976/3440/1976 1975/3441/1975 2504/3434/2504
f 2504/3434/2504 1975/3441/1975 2505/3435/2505
f 1975/3441/1975 1974/3442/1974 2505/3435/2505
f 2505/3435/2505 1974/3442/1974 1995/3436/1995
f 1974/3442/1974 1930/3443/1930 1995/3436/1995
f 1974/3442/1974 1987/3444/1987 1930/3443/1930
f 1975/3441/1975 2506/3445/2506 1974/3442/1974
f 1976/3440/1976 2507/3446/2507 1975/3441/1975
f 1977/3439/1977 2509/3447/2509 1976/3440/1976
f 1978/3438/1978 2512/3448/2512 1977/3439/1977
f 1979/3437/1979 2516/3449/2516 1978/3438/1978
f 1980/2646/1980 2521/3450/2521 1979/3437/1979
f 1974/3442/1974 2506/3445/2506 1987/3444/1987
f 2506/3445/2506 1986/3234/1986 1987/3444/1987
f 1975/3441/1975 2507/3446/2507 2506/3445/2506
f 2507/3446/2507 2508/3451/2508 2506/3445/2506
f 2506/3452/2506 2508/3453/2508 1986/3454/1986
f 2508/3451/2508 1985/3235/1985 1986/3234/1986
f 1976/3440/1976 2509/3447/2509 2507/3446/2507
f 2509/3447/2509 2510/3455/2510 2507/3446/2507
f 2507/3446/2507 2510/3455/2510 2508/3451/2508
f 2510/3455/2510 2511/3456/2511 2508/3451/2508
f 2508/3451/2508 2511/3456/2511 1985/3235/1985
f 2511/3456/2511 1984/3242/1984 1985/3235/1985
f 1977/3439/1977 2512/3448/2512 2509/3447/2509
f 2512/3448/2512 2513/3457/2513 2509/3447/2509
f 2509/3447/2509 2513/3457/2513 2510/3455/2510
f 2513/3457/2513 2514/3458/2514 2510/3455/2510
f 2510/3455/2510 2514/3458/2514 2511/3456/2511
f 2514/3458/2514 2515/3459/2515 2511/3456/2511
f 2511/3456/2511 2515/3459/2515 1984/3242/1984
f 2515/3459/2515 1983/3244/1983 1984/3242/1984
f 1978/3438/1978 2516/3449/2516 2512/3448/2512
f 2516/3449/2516 2517/3460/2517 2512/3448/2512
f 2512/3448/2512 2517/3460/2517 2513/3457/2513
f 2517/3460/2517 2518/3461/2518 2513/3457/2513
f 2513/3457/2513 2518/3461/2518 2514/3458/2514
f 2518/3461/2518 2519/3462/2519 2514/3458/2514
f 2514/3458/2514 2519/3462/2519 2515/3459/2515
f 2519/3462/2519 2520/3463/2520 2515/3459/2515
f 2515/3459/2515 2520/3463/2520 1983/3244/1983
f 2520/3463/2520 1982/3246/1982 1983/3244/1983
f 1979/3437/1979 2521/3450/2521 2516/3449/2516
f 2521/3450/2521 2522/3464/2522 2516/3449/2516
f 2516/3449/2516 2522/3464/2522 2517/3460/2517
f 2522/3464/2522 2523/3465/2523 2517/3460/2517
f 2517/3460/2517 2523/3465/2523 2518/3461/2518
f 2523/3465/2523 2524/3466/2524 2518/3461/2518
f 2518/3461/2518 2524/3466/2524 2519/3462/2519
f 2524/3466/2524 2525/3467/2525 2519/3462/2519
f 2519/3462/2519 2525/3467/2525 2520/3463/2520
f 2525/3467/2525 2526/3468/2526 2520/3463/2520
f 2520/3463/2520 2526/3468/2526 1982/3246/1982
f 2526/3468/2526 1981/3249/1981 1982/3246/1982
f 1980/2646/1980 1945/2642/1945 2521/3450/2521
f 1945/2642/1945 1944/3469/1944 2521/3450/2521
f 2521/3450/2521 1944/3469/1944 2522/3464/2522
f 1944/3469/1944 1943/3470/1943 2522/3464/2522
f 2522/3464/2522 1943/3470/1943 2523/3465/2523
f 1943/3470/1943 1942/3471/1942 2523/3465/2523
f 2523/3465/2523 1942/3471/1942 2524/3466/2524
f 1942/3471/1942 1941/3472/1941 2524/3466/2524
f 2524/3466/2524 1941/3472/1941 2525/3467/2525
f 1941/3472/1941 1940/3473/1940 2525/3467/2525
f 2525/3467/2525 1940/3473/1940 2526/3468/2526
f 1940/3473/1940 1939/3474/1939 2526/3468/2526
f 2526/3468/2526 1939/3474/1939 1981/3249/1981
f 1939/3474/1939 1929/3475/1929 1981/3249/1981
f 1960/3342/1960 1973/3343/1973 1932/2659/1932
f 1961/3476/1961 2527/3477/2527 1960/3478/1960
f 1962/3479/1962 2528/3480/2528 1961/3481/1961
f 1963/3482/1963 2530/3483/2530 1962/3479/1962
f 1964/3333/1964 2533/3484/2533 1963/3334/1963
f 1965/3331/1965 2537/3485/2537 1964/3333/1964
f 1966/3329/1966 2542/3486/2542 1965/3331/1965
f 1960/3478/1960 2527/3477/2527 1973/3346/1973
f 2527/3477/2527 1972/3344/1972 1973/3346/1973
f 1961/3481/1961 2528/3480/2528 2527/3487/2527
f 2528/3480/2528 2529/3488/2529 2527/3487/2527
f 2527/3487/2527 2529/3488/2529 1972/3489/1972
f 2529/3490/2529 1971/3347/1971 1972/3349/1972
f 1962/3479/1962 2530/3483/2530 2528/3480/2528
f 2530/3491/2530 2531/3492/2531 2528/3493/2528
f 2528/3493/2528 2531/3492/2531 2529/3490/2529
f 2531/3492/2531 2532/3494/2532 2529/3490/2529
f 2529/3495/2529 2532/3496/2532 1971/3497/1971
f 2532/3496/2532 1970/3498/1970 1971/3497/1971
f 1963/3334/1963 2533/3484/2533 2530/3491/2530
f 2533/3484/2533 2534/3499/2534 2530/3491/2530
f 2530/3491/2530 2534/3499/2534 2531/3492/2531
f 2534/3499/2534 2535/3500/2535 2531/3492/2531
f 2531/3492/2531 2535/3500/2535 2532/3494/2532
f 2535/3500/2535 2536/3501/2536 2532/3494/2532
f 2532/3494/2532 2536/3501/2536 1970/3350/1970
f 2536/3501/2536 1969/3352/1969 1970/3350/1970
f 1964/3333/1964 2537/3485/2537 2533/3484/2533
f 2537/3485/2537 2538/3502/2538 2533/3484/2533
f 2533/3484/2533 2538/3502/2538 2534/3499/2534
f 2538/3502/2538 2539/3503/2539 2534/3499/2534
f 2534/3499/2534 2539/3503/2539 2535/3500/2535
f 2539/3503/2539 2540/3504/2540 2535/3500/2535
f 2535/3500/2535 2540/3504/2540 2536/3501/2536
f 2540/3504/2540 2541/3505/2541 2536/3501/2536
f 2536/3501/2536 2541/3505/2541 1969/3352/1969
f 2541/3505/2541 1968/3354/1968 1969/3352/1969
f 1965/3331/1965 2542/3486/2542 2537/3485/2537
f 2542/3506/2542 2543/3507/2543 2537/3508/2537
f 2537/3485/2537 2543/3509/2543 2538/3502/2538
f 2543/3509/2543 2544/3510/2544 2538/3502/2538
f 2538/3502/2538 2544/3510/2544 2539/3503/2539
f 2544/3510/2544 2545/3511/2545 2539/3503/2539
f 2539/3503/2539 2545/3511/2545 2540/3504/2540
f 2545/3511/2545 2546/3512/2546 2540/3504/2540
f 2540/3504/2540 2546/3512/2546 2541/3505/2541
f 2546/3512/2546 2547/3513/2547 2541/3505/2541
f 2541/3505/2541 2547/3513/2547 1968/3354/1968
f 2547/3513/2547 1967/2648/1967 1968/3354/1968
f 1966/3329/1966 1952/3514/1952 2542/3486/2542
f 1952/3514/1952 1951/3515/1951 2542/3486/2542
f 2542/3506/2542 1951/3516/1951 2543/3507/2543
f 1951/3515/1951 1950/3517/1950 2543/3509/2543
f 2543/3509/2543 1950/3517/1950 2544/3510/2544
f 1950/3517/1950 1949/3518/1949 2544/3510/2544
f 2544/3510/2544 1949/3518/1949 2545/3511/2545
f 1949/3518/1949 1948/3519/1948 2545/3511/2545
f 2545/3511/2545 1948/3519/1948 2546/3512/2546
f 1948/3519/1948 1947/3520/1947 2546/3512/2546
f 2546/3512/2546 1947/3520/1947 2547/3513/2547
f 1947/3520/1947 1946/2641/1946 2547/3513/2547
f 2547/3513/2547 1946/2641/1946 1967/2648/1967
f 1946/2641/1946 1927/2640/1927 1967/2648/1967
f 1939/3474/1939 1959/3521/1959 1929/3475/1929
f 1940/3473/1940 2548/3522/2548 1939/3474/1939
f 1941/3472/1941 2549/3523/2549 1940/3473/1940
f 1942/3471/1942 2551/3524/2551 1941/3472/1941
f 1943/3470/1943 2554/3525/2554 1942/3471/1942
f 1944/3469/1944 2558/3526/2558 1943/3470/1943
f 1945/2642/1945 2563/3527/2563 1944/3469/1944
f 1939/3528/1939 2548/3529/2548 1959/2651/1959
f 2548/3529/2548 1958/3285/1958 1959/2651/1959
f 1940/3473/1940 2549/3523/2549 2548/3522/2548
f 2549/3523/2549 2550/3530/2550 2548/3522/2548
f 2548/3522/2548 2550/3530/2550 1958/3286/1958
f 2550/3530/2550 1957/3287/1957 1958/3286/1958
f 1941/3472/1941 2551/3524/2551 2549/3523/2549
f 2551/3524/2551 2552/3531/2552 2549/3523/2549
f 2549/3523/2549 2552/3531/2552 2550/3530/2550
f 2552/3531/2552 2553/3532/2553 2550/3530/2550
f 2550/3530/2550 2553/3532/2553 1957/3287/1957
f 2553/3532/2553 1956/3288/1956 1957/3287/1957
f 1942/3471/1942 2554/3525/2554 2551/3524/2551
f 2554/3525/2554 2555/3533/2555 2551/3524/2551
f 2551/3524/2551 2555/3533/2555 2552/3531/2552
f 2555/3533/2555 2556/3534/2556 2552/3531/2552
f 2552/3531/2552 2556/3534/2556 2553/3532/2553
f 2556/3534/2556 2557/3535/2557 2553/3532/2553
f 2553/3532/2553 2557/3535/2557 1956/3288/1956
f 2557/3535/2557 1955/3289/1955 1956/3288/1956
f 1943/3470/1943 2558/3526/2558 2554/3525/2554
f 2558/3526/2558 2559/3536/2559 2554/3525/2554
f 2554/3525/2554 2559/3536/2559 2555/3533/2555
f 2559/3536/2559 2560/3537/2560 2555/3533/2555
f 2555/3533/2555 2560/3537/2560 2556/3534/2556
f 2560/3537/2560 2561/3538/2561 2556/3534/2556
f 2556/3534/2556 2561/3538/2561 2557/3535/2557
f 2561/3538/2561 2562/3539/2562 2557/3535/2557
f 2557/3535/2557 2562/3539/2562 1955/3289/1955
f 2562/3539/2562 1954/3540/1954 1955/3289/1955
f 1944/3469/1944 2563/3527/2563 2558/3526/2558
f 2563/3527/2563 2564/3541/2564 2558/3526/2558
f 2558/3526/2558 2564/3541/2564 2559/3536/2559
f 2564/3541/2564 2565/3542/2565 2559/3536/2559
f 2559/3536/2559 2565/3542/2565 2560/3537/2560
f 2565/3542/2565 2566/3543/2566 2560/3537/2560
f 2560/3537/2560 2566/3543/2566 2561/3538/2561
f 2566/3543/2566 2567/3544/2567 2561/3538/2561
f 2561/3538/2561 2567/3544/2567 2562/3539/2562
f 2567/3544/2567 2568/3545/2568 2562/3539/2562
f 2562/3539/2562 2568/3545/2568 1954/3540/1954
f 2568/3546/2568 1953/3292/1953 1954/3291/1954
f 1945/2642/1945 1946/2641/1946 2563/3527/2563
f 1946/2641/1946 1947/3520/1947 2563/3527/2563
f 2563/3527/2563 1947/3520/1947 2564/3541/2564
f 1947/3520/1947 1948/3519/1948 2564/3541/2564
f 2564/3541/2564 1948/3519/1948 2565/3542/2565
f 1948/3519/1948 1949/3518/1949 2565/3542/2565
f 2565/3542/2565 1949/3518/1949 2566/3543/2566
f 1949/3518/1949 1950/3517/1950 2566/3543/2566
f 2566/3543/2566 1950/3517/1950 2567/3544/2567
f 1950/3517/1950 1951/3515/1951 2567/3544/2567
f 2567/3544/2567 1951/3515/1951 2568/3545/2568
f 1951/3515/1951 1952/3514/1952 2568/3545/2568
f 2568/3546/2568 1952/2644/1952 1953/3292/1953
f 1952/2644/1952 1928/2643/1928 1953/3292/1953
