# Blender 4.3.2
# www.blender.org
o tumbleweed_1
v -0.098724 0.782005 -0.057471
v -0.110324 0.775918 -0.077633
v -0.105893 0.752698 -0.082032
v -0.091555 0.744435 -0.064589
v -0.087124 0.762548 -0.049409
v -0.171048 0.758844 -0.008791
v -0.182788 0.752793 -0.028882
v -0.176278 0.730428 -0.034844
v -0.160513 0.722656 -0.018436
v -0.157281 0.740218 -0.002334
v -0.234347 0.715488 0.042192
v -0.246497 0.709581 0.022302
v -0.236457 0.689781 0.013068
v -0.218102 0.683451 0.027251
v -0.216798 0.699339 0.045251
v -0.283411 0.654985 0.091277
v -0.296016 0.649059 0.071678
v -0.283324 0.632806 0.059313
v -0.262874 0.628687 0.071271
v -0.262928 0.642394 0.091025
v -0.315354 0.580923 0.135581
v -0.328406 0.574787 0.116342
v -0.314095 0.562835 0.101160
v -0.292200 0.561584 0.111016
v -0.292978 0.572763 0.132290
v -0.328306 0.497688 0.172510
v -0.341733 0.491143 0.153668
v -0.326930 0.483975 0.136128
v -0.304355 0.486091 0.144129
v -0.305205 0.494566 0.166615
v -0.321515 0.410202 0.199904
v -0.335188 0.403059 0.181460
v -0.321044 0.400862 0.162140
v -0.298630 0.406648 0.168643
v -0.298922 0.412420 0.191983
v -0.295400 0.323631 0.216169
v -0.309134 0.315735 0.198081
v -0.296753 0.318392 0.177642
v -0.275366 0.327932 0.183097
v -0.274530 0.331170 0.206908
v -0.251514 0.243083 0.220369
v -0.265087 0.234328 0.202557
v -0.255461 0.241431 0.181700
v -0.235938 0.254576 0.186622
v -0.233499 0.255597 0.210520
v -0.192461 0.173303 0.212281
v -0.205626 0.163654 0.194627
v -0.199578 0.174529 0.174053
v -0.182674 0.190899 0.178992
v -0.178275 0.190142 0.202619
v -0.123240 0.119178 0.192783
v -0.136076 0.109153 0.175095
v -0.132004 0.121646 0.154959
v -0.116651 0.139392 0.160202
v -0.111234 0.137867 0.183579
v 0.069482 0.466800 -0.406998
v 0.073086 0.482260 -0.385185
v 0.080342 0.506871 -0.393517
v 0.081222 0.506622 -0.420479
v 0.074509 0.481857 -0.428811
v -0.007586 0.488606 -0.409756
v -0.002311 0.503590 -0.387952
v 0.003697 0.528549 -0.396242
v 0.002135 0.528991 -0.423171
v -0.004838 0.504305 -0.431523
v -0.084173 0.506978 -0.397599
v -0.075567 0.521078 -0.376271
v -0.072016 0.546658 -0.384071
v -0.078426 0.548367 -0.410220
v -0.085939 0.523843 -0.418581
v -0.157900 0.521367 -0.370941
v -0.146063 0.534754 -0.350730
v -0.144843 0.560818 -0.357582
v -0.155926 0.563540 -0.382027
v -0.163995 0.539157 -0.390283
v -0.226046 0.531240 -0.330759
v -0.211200 0.544110 -0.312272
v -0.212104 0.570508 -0.317758
v -0.227508 0.573954 -0.339635
v -0.236125 0.549685 -0.347670
v -0.286094 0.536231 -0.278532
v -0.268575 0.548796 -0.262316
v -0.271319 0.575370 -0.266073
v -0.290534 0.579227 -0.284612
v -0.299666 0.555038 -0.292312
v -0.335827 0.536153 -0.216182
v -0.316074 0.548639 -0.202702
v -0.320311 0.575225 -0.204436
v -0.342682 0.579170 -0.218987
v -0.352271 0.555022 -0.226247
v -0.373404 0.531006 -0.146007
v -0.351944 0.543640 -0.135632
v -0.357275 0.570080 -0.135123
v -0.382031 0.573788 -0.145184
v -0.391998 0.549639 -0.151910
v -0.397435 0.520978 -0.070591
v -0.374863 0.533980 -0.063577
v -0.380855 0.560125 -0.060693
v -0.407132 0.563282 -0.065924
v -0.417379 0.539088 -0.072042
v -0.407029 0.506437 0.007283
v -0.383985 0.520014 0.010803
v -0.390186 0.545728 0.016109
v -0.417062 0.548043 0.015867
v -0.427473 0.523760 0.010413
v -0.401728 0.487819 0.085113
v -0.378707 0.501772 0.086882
v -0.384862 0.527220 0.093388
v -0.411687 0.528993 0.095640
v -0.422110 0.504642 0.090525
v 0.000459 0.664095 0.263733
v -0.008833 0.670554 0.243787
v -0.005284 0.653783 0.228555
v 0.006201 0.636959 0.239087
v 0.009750 0.643332 0.260828
v -0.059928 0.634396 0.282212
v -0.068358 0.641332 0.262045
v -0.062868 0.625606 0.246284
v -0.051045 0.608950 0.256710
v -0.049229 0.614383 0.278915
v -0.119504 0.595293 0.290144
v -0.126299 0.603384 0.269791
v -0.117079 0.590168 0.253476
v -0.104585 0.573910 0.263745
v -0.106084 0.577078 0.286408
v -0.174253 0.549131 0.286611
v -0.179571 0.558556 0.266394
v -0.166923 0.548301 0.250247
v -0.153787 0.532537 0.260486
v -0.158317 0.533050 0.282960
v -0.221994 0.497744 0.271755
v -0.226052 0.508631 0.251984
v -0.210416 0.501670 0.236722
v -0.196694 0.486481 0.247061
v -0.203850 0.484055 0.268712
v -0.260827 0.443177 0.246170
v -0.263888 0.455591 0.227133
v -0.245825 0.452130 0.213435
v -0.231600 0.437578 0.224006
v -0.240872 0.432044 0.244237
v -0.289205 0.387600 0.210876
v -0.291571 0.401546 0.192827
v -0.271742 0.401654 0.181309
v -0.257121 0.387775 0.192239
v -0.267914 0.379089 0.210513
v -0.305999 0.333223 0.167281
v -0.307993 0.348645 0.150428
v -0.287131 0.352250 0.141616
v -0.272243 0.339056 0.153024
v -0.283904 0.327297 0.168886
v -0.310539 0.282208 0.117123
v -0.312497 0.298993 0.101621
v -0.291379 0.305887 0.095935
v -0.276368 0.293363 0.107922
v -0.288209 0.278728 0.121017
v -0.302644 0.236584 0.062399
v -0.304899 0.254566 0.048348
v -0.284313 0.264411 0.046078
v -0.269335 0.252513 0.058726
v -0.280664 0.235315 0.068813
v -0.283275 0.199160 0.006784
v -0.285777 0.217670 -0.006520
v -0.265739 0.228811 -0.007001
v -0.250853 0.217187 0.006005
v -0.261691 0.198861 0.014525
v -0.408104 0.454104 0.150171
v -0.425617 0.446276 0.139472
v -0.418928 0.439153 0.119800
v -0.397281 0.442579 0.118342
v -0.390592 0.451819 0.137113
v -0.393673 0.377179 0.182905
v -0.410931 0.368213 0.172697
v -0.404543 0.362227 0.152552
v -0.383338 0.367493 0.150310
v -0.376619 0.376734 0.169069
v -0.363777 0.301709 0.209411
v -0.380215 0.290508 0.200096
v -0.374818 0.286700 0.179148
v -0.355044 0.295547 0.175517
v -0.348221 0.304823 0.194221
v -0.319723 0.231102 0.228450
v -0.334899 0.217778 0.219813
v -0.330891 0.215972 0.198293
v -0.313237 0.228181 0.193629
v -0.306335 0.237532 0.212267
v -0.263206 0.168065 0.239294
v -0.276721 0.152815 0.231096
v -0.274442 0.152763 0.209250
v -0.259518 0.167981 0.203946
v -0.252574 0.177439 0.222515
v -0.196402 0.115016 0.241533
v -0.207915 0.098117 0.233513
v -0.207635 0.099505 0.211594
v -0.195948 0.117262 0.206067
v -0.189006 0.126848 0.224570
v -0.121879 0.073985 0.235085
v -0.131122 0.055785 0.226976
v -0.133031 0.058249 0.205234
v -0.124967 0.077973 0.199905
v -0.118074 0.087698 0.218354
v -0.042499 0.046543 0.220202
v -0.049289 0.027446 0.211739
v -0.053492 0.030586 0.190410
v -0.049299 0.051624 0.185691
v -0.042504 0.061486 0.204104
v 0.038690 0.033738 0.197461
v 0.034441 0.014190 0.188390
v 0.027928 0.017585 0.167690
v 0.028150 0.039230 0.163968
v 0.034801 0.049214 0.182367
v 0.118569 0.036056 0.167738
v 0.116856 0.016528 0.157830
v 0.108102 0.019751 0.137945
v 0.104404 0.041271 0.135563
v 0.110873 0.051348 0.153977
v 0.193674 0.053216 0.132392
v 0.193182 0.033889 0.121967
v 0.183357 0.036896 0.102554
v 0.177776 0.058081 0.100981
v 0.184152 0.068168 0.119421
v -0.065971 0.406275 0.386003
v -0.080567 0.421387 0.376225
v -0.074992 0.423248 0.353809
v -0.056951 0.409286 0.349734
v -0.051376 0.398797 0.369631
v -0.107816 0.356401 0.371374
v -0.122026 0.371995 0.361785
v -0.115221 0.375376 0.339893
v -0.096806 0.361872 0.335951
v -0.092230 0.350145 0.355407
v -0.147237 0.307079 0.345164
v -0.160764 0.323594 0.336150
v -0.151700 0.329956 0.315794
v -0.132571 0.317373 0.312227
v -0.129812 0.303234 0.330379
v -0.182034 0.261079 0.308473
v -0.194985 0.278431 0.300214
v -0.183935 0.287579 0.282015
v -0.164155 0.275881 0.279026
v -0.162980 0.259504 0.295378
v -0.211148 0.219801 0.262420
v -0.223642 0.237879 0.255068
v -0.210944 0.249536 0.239579
v -0.190601 0.238661 0.237359
v -0.190727 0.220284 0.251475
v -0.233690 0.184498 0.208408
v -0.245861 0.203176 0.202082
v -0.231904 0.216987 0.189776
v -0.211107 0.206845 0.188496
v -0.212211 0.186766 0.200012
v -0.248974 0.156243 0.148083
v -0.260961 0.175377 0.142867
v -0.246176 0.190927 0.134117
v -0.225050 0.181405 0.133925
v -0.226779 0.159968 0.142557
v -0.256533 0.135893 0.083283
v -0.268480 0.155330 0.079223
v -0.253324 0.172153 0.074293
v -0.232010 0.163113 0.075307
v -0.233994 0.140703 0.080863
v -0.256137 0.124065 0.015981
v -0.268183 0.143649 0.013085
v -0.253128 0.161240 0.012125
v -0.231779 0.152528 0.014427
v -0.233638 0.129553 0.016810
v -0.247797 0.121115 -0.051773
v -0.260075 0.140689 -0.053533
v -0.245594 0.158524 -0.050499
v -0.224365 0.149973 -0.046863
v -0.225726 0.126853 -0.047651
v -0.232253 0.126961 -0.116378
v -0.244672 0.146489 -0.117585
v -0.230628 0.164228 -0.112578
v -0.209529 0.155665 -0.108277
v -0.210533 0.132633 -0.110625
v -0.057559 -0.022693 -0.079609
v -0.078017 -0.010582 -0.067260
v -0.070202 0.014170 -0.060631
v -0.044915 0.017357 -0.068882
v -0.037101 -0.005426 -0.080611
v -0.099099 0.020397 -0.190562
v -0.119079 0.031814 -0.176846
v -0.110110 0.055032 -0.166938
v -0.084587 0.057965 -0.174530
v -0.077781 0.036559 -0.189131
v -0.133217 0.096780 -0.289080
v -0.152493 0.106175 -0.273021
v -0.141704 0.124946 -0.257243
v -0.115761 0.127152 -0.263550
v -0.110516 0.109745 -0.283227
v -0.156162 0.199364 -0.364259
v -0.175033 0.206173 -0.346504
v -0.163085 0.218948 -0.326213
v -0.136830 0.220034 -0.331426
v -0.132551 0.207930 -0.354940
v -0.166058 0.319814 -0.410002
v -0.184855 0.323710 -0.391316
v -0.172521 0.329427 -0.368232
v -0.146101 0.329064 -0.372651
v -0.142106 0.323123 -0.398467
v -0.162089 0.448347 -0.422609
v -0.181144 0.449259 -0.403800
v -0.169247 0.447429 -0.379867
v -0.142839 0.445386 -0.383883
v -0.138415 0.445953 -0.410299
v -0.144565 0.574524 -0.401067
v -0.164182 0.572634 -0.382921
v -0.153531 0.563383 -0.360147
v -0.127330 0.559556 -0.364218
v -0.121789 0.566442 -0.389508
v -0.114896 0.688101 -0.347140
v -0.135327 0.683819 -0.330349
v -0.126647 0.667879 -0.310644
v -0.100851 0.662310 -0.315256
v -0.093589 0.674808 -0.337812
v -0.075477 0.779857 -0.265219
v -0.096901 0.773776 -0.250328
v -0.090780 0.752427 -0.235347
v -0.065573 0.745313 -0.240979
v -0.056115 0.762266 -0.259441
v -0.029495 0.842346 -0.161972
v -0.052005 0.835185 -0.149335
v -0.048843 0.810148 -0.140341
v -0.024379 0.801837 -0.147419
v -0.012420 0.821736 -0.160787
v 0.017986 0.870099 -0.048595
v -0.005050 0.862618 -0.037146
v -0.003382 0.836484 -0.031496
v 0.020684 0.827813 -0.039452
v 0.033891 0.848588 -0.050020
v -0.102496 0.167517 -0.223055
v -0.116030 0.142403 -0.224817
v -0.110860 0.131380 -0.250677
v -0.094132 0.149680 -0.264896
v -0.088962 0.172014 -0.247825
v -0.029451 0.125673 -0.190758
v -0.040624 0.099374 -0.191449
v -0.033046 0.087205 -0.216177
v -0.017189 0.105984 -0.230768
v -0.014968 0.129758 -0.215059
v 0.042778 0.103100 -0.147238
v 0.036460 0.075292 -0.145313
v 0.048923 0.061863 -0.167251
v 0.062943 0.081372 -0.182736
v 0.059145 0.106859 -0.170367
v 0.112142 0.099818 -0.094311
v 0.110556 0.071756 -0.089116
v 0.127653 0.058355 -0.107691
v 0.139806 0.078133 -0.124366
v 0.130220 0.103759 -0.116097
v 0.174367 0.116029 -0.035220
v 0.177102 0.089010 -0.026306
v 0.198307 0.076909 -0.041168
v 0.208677 0.096449 -0.059268
v 0.193882 0.120626 -0.055592
v 0.225616 0.150739 0.026413
v 0.231996 0.126018 0.039263
v 0.256541 0.116399 0.028217
v 0.265330 0.135176 0.008541
v 0.246217 0.156399 0.007426
v 0.262723 0.201816 0.086808
v 0.271846 0.180528 0.103558
v 0.298774 0.174407 0.096185
v 0.306294 0.191913 0.074879
v 0.284014 0.208852 0.069084
v 0.283393 0.266119 0.142260
v 0.294180 0.249209 0.162623
v 0.322410 0.247375 0.158543
v 0.329070 0.263153 0.135659
v 0.304956 0.274737 0.125596
v 0.286337 0.339694 0.189366
v 0.297602 0.327855 0.212816
v 0.325997 0.330825 0.211440
v 0.332280 0.344500 0.187140
v 0.307768 0.349982 0.173498
v 0.271357 0.418014 0.225235
v 0.281877 0.411640 0.251035
v 0.309314 0.419630 0.251606
v 0.315751 0.430941 0.226159
v 0.292292 0.429943 0.209860
v 0.238259 0.498803 0.248075
v 0.247888 0.495175 0.274741
v 0.274455 0.505638 0.276038
v 0.281245 0.515732 0.250174
v 0.258874 0.511508 0.232892
v 0.015181 0.823115 0.209717
v 0.000784 0.802400 0.211807
v 0.006283 0.787066 0.192433
v 0.024079 0.798303 0.178370
v 0.029578 0.820583 0.189052
v 0.089367 0.777178 0.266974
v 0.073480 0.757494 0.267932
v 0.077147 0.743465 0.247185
v 0.095301 0.754477 0.233404
v 0.102853 0.775313 0.245634
v 0.160210 0.710458 0.311109
v 0.141521 0.693410 0.310194
v 0.141792 0.682730 0.287245
v 0.160649 0.693178 0.273978
v 0.172031 0.710315 0.288727
v 0.222055 0.627643 0.338203
v 0.200902 0.613904 0.336081
v 0.198238 0.607349 0.311777
v 0.217745 0.617036 0.298879
v 0.232465 0.629579 0.315211
v 0.271485 0.533305 0.346765
v 0.248347 0.523374 0.344173
v 0.243373 0.521485 0.319425
v 0.263437 0.530250 0.306723
v 0.280811 0.537555 0.323619
v 0.305768 0.432653 0.336327
v 0.281243 0.426823 0.334032
v 0.274712 0.429885 0.309769
v 0.295201 0.437607 0.297068
v 0.314395 0.439318 0.313482
v 0.323007 0.331241 0.307472
v 0.297780 0.329585 0.306228
v 0.290533 0.337607 0.283340
v 0.311282 0.344221 0.270438
v 0.331353 0.340286 0.285352
v 0.322249 0.234668 0.261798
v 0.297052 0.237030 0.262306
v 0.289969 0.249749 0.241599
v 0.310789 0.255248 0.228293
v 0.330739 0.245927 0.240777
v 0.303532 0.148263 0.201834
v 0.279109 0.154265 0.204700
v 0.273060 0.171162 0.186849
v 0.293744 0.175602 0.172950
v 0.312577 0.161450 0.182212
v 0.267887 0.076795 0.130895
v 0.244950 0.085856 0.136598
v 0.240747 0.106184 0.122112
v 0.261086 0.109686 0.107457
v 0.277860 0.091523 0.112885
v 0.218603 0.025313 0.054682
v 0.196649 0.035600 0.061957
v 0.193610 0.057311 0.049302
v 0.213685 0.060442 0.034205
v 0.229132 0.040666 0.037530
v -0.128632 0.382423 0.288240
v -0.146973 0.383396 0.301538
v -0.139968 0.384242 0.323088
v -0.117296 0.383792 0.323108
v -0.110290 0.382667 0.301571
v -0.126745 0.485997 0.283711
v -0.144869 0.490041 0.296725
v -0.137627 0.493590 0.317918
v -0.115027 0.491739 0.318003
v -0.108301 0.487046 0.296862
v -0.113009 0.580156 0.250177
v -0.130003 0.590064 0.261456
v -0.121609 0.598546 0.280738
v -0.099428 0.593880 0.281376
v -0.094112 0.582514 0.262488
v -0.088596 0.658247 0.191059
v -0.103758 0.673138 0.198969
v -0.093673 0.685529 0.215061
v -0.072279 0.678296 0.217097
v -0.069141 0.661435 0.202263
v -0.055989 0.712380 0.112282
v -0.068752 0.730843 0.115510
v -0.056598 0.745752 0.127518
v -0.036323 0.736503 0.131711
v -0.035947 0.715879 0.122295
v -0.018499 0.737072 0.021753
v -0.028492 0.757297 0.019454
v -0.014088 0.773124 0.026951
v 0.004809 0.762681 0.033884
v 0.002082 0.740400 0.030671
v 0.020068 0.729801 -0.071427
v 0.012978 0.749757 -0.079533
v 0.029605 0.764869 -0.076476
v 0.046972 0.754253 -0.066481
v 0.041078 0.732580 -0.063361
v 0.055791 0.691261 -0.157882
v 0.051483 0.708901 -0.171464
v 0.070108 0.721808 -0.172306
v 0.085926 0.712145 -0.159245
v 0.077078 0.693266 -0.150330
v 0.085031 0.625295 -0.228899
v 0.083138 0.638769 -0.247039
v 0.103368 0.648279 -0.250846
v 0.117764 0.640683 -0.235058
v 0.106431 0.626478 -0.221494
v 0.104796 0.538519 -0.277311
v 0.104739 0.546367 -0.298585
v 0.126067 0.551698 -0.304145
v 0.139305 0.547144 -0.286306
v 0.126159 0.538999 -0.269722
v 0.113378 0.437084 -0.298266
v 0.113835 0.441730 -0.320456
v 0.135461 0.444849 -0.326518
v 0.148370 0.442131 -0.308075
v 0.134722 0.437332 -0.290614
v 0.131077 0.132837 0.031683
v 0.113468 0.121179 0.037801
v 0.120194 0.100871 0.042878
v 0.141960 0.099978 0.039898
v 0.148686 0.119735 0.032979
v 0.140233 0.150999 0.092600
v 0.122652 0.139515 0.099119
v 0.129602 0.119903 0.106227
v 0.151477 0.119266 0.104101
v 0.158047 0.138485 0.095679
v 0.144037 0.179334 0.148235
v 0.126410 0.168355 0.155457
v 0.133457 0.150652 0.166429
v 0.155440 0.150690 0.165987
v 0.161979 0.168417 0.154742
v 0.142516 0.217154 0.198048
v 0.124769 0.206774 0.205840
v 0.131544 0.191628 0.220267
v 0.153479 0.192647 0.221390
v 0.160260 0.208423 0.207658
v 0.135731 0.262993 0.240098
v 0.117800 0.253274 0.248312
v 0.123940 0.241230 0.265652
v 0.145666 0.243504 0.268155
v 0.152953 0.256955 0.252362
v 0.123949 0.315072 0.272747
v 0.105783 0.306041 0.281225
v 0.110943 0.297519 0.300825
v 0.132299 0.301283 0.304461
v 0.140336 0.312132 0.287107
v 0.107629 0.371371 0.294718
v 0.089190 0.363021 0.303303
v 0.093060 0.358300 0.324426
v 0.113891 0.363733 0.328895
v 0.122896 0.371811 0.310535
v 0.087410 0.429703 0.305151
v 0.068673 0.421995 0.313694
v 0.070988 0.421203 0.335545
v 0.091155 0.428422 0.340507
v 0.101304 0.433675 0.321723
v 0.064081 0.487801 0.303636
v 0.045038 0.480669 0.312000
v 0.045587 0.483779 0.333760
v 0.064968 0.492832 0.338843
v 0.076398 0.495318 0.320226
v 0.038553 0.543407 0.290223
v 0.019210 0.536764 0.298295
v 0.017845 0.543591 0.319151
v 0.036344 0.554454 0.323969
v 0.049143 0.554340 0.306091
v 0.011029 0.595577 0.264692
v -0.008450 0.589162 0.272620
v -0.010765 0.597753 0.292727
v 0.007284 0.609477 0.297226
v 0.020753 0.608132 0.279899
v -0.044899 0.289432 0.275373
v -0.055398 0.301816 0.295899
v -0.051388 0.287080 0.317153
v -0.038410 0.265589 0.309761
v -0.034400 0.267042 0.283940
v 0.048763 0.339888 0.293065
v 0.040448 0.353534 0.313791
v 0.048132 0.340916 0.335393
v 0.061196 0.319471 0.328018
v 0.061586 0.318836 0.301858
v 0.133613 0.397791 0.276292
v 0.129385 0.414261 0.296186
v 0.143967 0.406388 0.316443
v 0.157207 0.385052 0.309068
v 0.150808 0.379739 0.284253
v 0.203207 0.458184 0.227887
v 0.202311 0.477588 0.245425
v 0.222552 0.474670 0.261757
v 0.235958 0.453462 0.254312
v 0.224002 0.443272 0.233379
v 0.249583 0.514154 0.153387
v 0.250885 0.536269 0.167322
v 0.274896 0.537950 0.177598
v 0.288433 0.516875 0.170014
v 0.272789 0.502168 0.155051
v 0.267437 0.559295 0.061315
v 0.269555 0.583587 0.070819
v 0.295011 0.588992 0.073600
v 0.308625 0.568039 0.065816
v 0.291583 0.549686 0.058223
v 0.254727 0.588437 -0.037797
v 0.256191 0.614131 -0.033039
v 0.280597 0.621958 -0.038333
v 0.294217 0.601102 -0.046362
v 0.278228 0.580385 -0.046030
v 0.212911 0.598243 -0.132608
v 0.212330 0.624406 -0.132366
v 0.233307 0.633082 -0.145391
v 0.246852 0.612280 -0.153683
v 0.234246 0.590748 -0.145782
v 0.146775 0.587586 -0.212272
v 0.143000 0.613242 -0.215798
v 0.158555 0.621097 -0.235324
v 0.171943 0.600295 -0.243866
v 0.164663 0.579584 -0.229619
v 0.063888 0.557681 -0.267676
v 0.056139 0.581919 -0.273793
v 0.064896 0.587382 -0.297843
v 0.078056 0.566520 -0.306591
v 0.077433 0.548164 -0.287947
v -0.029561 0.510202 -0.293070
v -0.039442 0.533437 -0.299956
v -0.034357 0.537181 -0.325354
v -0.021334 0.516260 -0.334165
v -0.018369 0.499586 -0.314212
v -0.049245 0.298090 0.393105
v -0.050831 0.284301 0.412181
v -0.054604 0.262182 0.404895
v -0.055349 0.262301 0.381316
v -0.052037 0.284493 0.374030
v 0.032858 0.284950 0.390509
v 0.033505 0.270813 0.409384
v 0.029839 0.248692 0.402052
v 0.026926 0.249158 0.378646
v 0.028792 0.271567 0.371512
v 0.113120 0.277976 0.372763
v 0.118139 0.263334 0.390567
v 0.114641 0.241248 0.383049
v 0.107459 0.242240 0.360600
v 0.106519 0.264939 0.354243
v 0.189058 0.277322 0.340473
v 0.198195 0.262526 0.356415
v 0.194796 0.240493 0.348701
v 0.183559 0.241671 0.327991
v 0.180013 0.264433 0.322906
v 0.257655 0.283021 0.294913
v 0.270490 0.268420 0.308277
v 0.267126 0.246449 0.300373
v 0.252212 0.247471 0.282123
v 0.246358 0.270074 0.278749
v 0.316182 0.294852 0.237886
v 0.332152 0.280781 0.248059
v 0.328764 0.258875 0.239985
v 0.310700 0.259407 0.224821
v 0.302924 0.281642 0.223524
v 0.362311 0.312349 0.171648
v 0.380729 0.299116 0.178145
v 0.377267 0.277272 0.169936
v 0.356709 0.277004 0.158366
v 0.347466 0.298683 0.159424
v 0.394204 0.334823 0.098826
v 0.414286 0.322696 0.101306
v 0.410714 0.300903 0.093007
v 0.388424 0.299562 0.085399
v 0.378220 0.320526 0.088995
v 0.410586 0.361386 0.022308
v 0.431487 0.350583 0.020588
v 0.427784 0.328827 0.012250
v 0.404594 0.326185 0.008816
v 0.393965 0.346308 0.015032
v 0.410799 0.390987 -0.054870
v 0.431643 0.381667 -0.060806
v 0.427804 0.359931 -0.069132
v 0.404587 0.355817 -0.068342
v 0.394078 0.375011 -0.059528
v 0.394597 0.422666 -0.130168
v 0.415098 0.414157 -0.138157
v 0.411228 0.392420 -0.146467
v 0.388334 0.387494 -0.143613
v 0.378055 0.406187 -0.133540
v -0.042464 0.721924 -0.316160
v -0.044696 0.706533 -0.295366
v -0.042346 0.681924 -0.303309
v -0.038662 0.682105 -0.329012
v -0.038734 0.706826 -0.336955
v 0.102827 0.728912 -0.294960
v 0.096297 0.713411 -0.275178
v 0.096909 0.688879 -0.283666
v 0.103816 0.689218 -0.308694
v 0.107474 0.713960 -0.315674
v 0.238137 0.701753 -0.237674
v 0.223691 0.687248 -0.221700
v 0.221477 0.663581 -0.232151
v 0.234555 0.663459 -0.254583
v 0.244851 0.687051 -0.257997
v 0.345294 0.643431 -0.151689
v 0.324558 0.631795 -0.141255
v 0.320532 0.609572 -0.154070
v 0.338781 0.607474 -0.172423
v 0.354084 0.628400 -0.170952
v 0.411939 0.560810 -0.047005
v 0.387302 0.553519 -0.043248
v 0.382581 0.533038 -0.058497
v 0.404301 0.527673 -0.071678
v 0.422444 0.544837 -0.064576
v 0.430438 0.463555 0.064234
v 0.404767 0.461507 0.060908
v 0.400406 0.442780 0.043457
v 0.423381 0.433255 0.035997
v 0.441942 0.446094 0.048838
v 0.398757 0.362997 0.169153
v 0.375051 0.366409 0.159121
v 0.371904 0.349199 0.139933
v 0.393665 0.335150 0.138107
v 0.410261 0.343677 0.156165
v 0.320679 0.270822 0.255639
v 0.301711 0.279206 0.240014
v 0.300341 0.263095 0.219697
v 0.318463 0.244753 0.222765
v 0.331032 0.249528 0.244979
v 0.205351 0.197715 0.313745
v 0.193336 0.209939 0.294239
v 0.193977 0.194415 0.273434
v 0.206388 0.172597 0.280082
v 0.213418 0.174636 0.304995
v 0.066212 0.152123 0.336830
v 0.062549 0.166550 0.315554
v 0.065117 0.151099 0.294843
v 0.070368 0.127124 0.303319
v 0.071045 0.127757 0.329269
v -0.078824 0.138955 0.322744
v -0.078111 0.153900 0.301521
v -0.074696 0.138446 0.280936
v -0.073297 0.113950 0.289436
v -0.075849 0.114265 0.315274
v -0.365303 0.280815 -0.140476
v -0.381416 0.276276 -0.157742
v -0.375261 0.289020 -0.177186
v -0.355346 0.301435 -0.171936
v -0.349191 0.296364 -0.149249
v -0.305973 0.199955 -0.174676
v -0.320342 0.193371 -0.192801
v -0.314310 0.206319 -0.212147
v -0.296214 0.220907 -0.205979
v -0.291061 0.216974 -0.182821
v -0.227508 0.133022 -0.196354
v -0.237614 0.122992 -0.215734
v -0.231875 0.136373 -0.234873
v -0.218222 0.154673 -0.227323
v -0.215523 0.152603 -0.203516
v -0.134554 0.083921 -0.204289
v -0.139658 0.071412 -0.224183
v -0.134361 0.085175 -0.243179
v -0.125983 0.106190 -0.235025
v -0.126103 0.105415 -0.210989
v -0.033102 0.055833 -0.197958
v -0.032789 0.041970 -0.217606
v -0.028060 0.056021 -0.236540
v -0.025451 0.078568 -0.228594
v -0.028567 0.078452 -0.204749
v 0.070305 0.050581 -0.177759
v 0.076103 0.036575 -0.196428
v 0.080173 0.050784 -0.215397
v 0.076891 0.073573 -0.208452
v 0.070793 0.073447 -0.185190
v 0.168995 0.068520 -0.144985
v 0.179993 0.055587 -0.162018
v 0.183361 0.069796 -0.181124
v 0.174445 0.091511 -0.175900
v 0.165567 0.090723 -0.153565
v 0.256595 0.108504 -0.101742
v 0.272178 0.097790 -0.116598
v 0.274855 0.111825 -0.135942
v 0.260926 0.131213 -0.133042
v 0.249641 0.129160 -0.111905
v 0.327444 0.167966 -0.050814
v 0.346710 0.160471 -0.063103
v 0.348762 0.174153 -0.082772
v 0.330766 0.190104 -0.082641
v 0.317591 0.186280 -0.062890
v 0.376961 0.243077 0.004518
v 0.398775 0.239595 -0.004986
v 0.400327 0.252760 -0.025051
v 0.379472 0.264378 -0.027948
v 0.365031 0.258394 -0.009673
v 0.401936 0.329405 0.060908
v 0.424556 0.328126 0.052845
v 0.425952 0.340970 0.032562
v 0.404195 0.350186 0.028089
v 0.389352 0.343038 0.045608
v -0.020680 0.753573 -0.166012
v -0.036074 0.758349 -0.189836
v -0.030194 0.784961 -0.199032
v -0.011167 0.796632 -0.180892
v -0.005287 0.777233 -0.160485
v 0.041184 0.724172 -0.211969
v 0.027060 0.728254 -0.236691
v 0.035155 0.753666 -0.247461
v 0.054283 0.765289 -0.229396
v 0.058008 0.747061 -0.207460
v 0.099238 0.681668 -0.246637
v 0.087568 0.683917 -0.272831
v 0.099959 0.706166 -0.286201
v 0.119287 0.717667 -0.268271
v 0.118841 0.702527 -0.243820
v 0.152776 0.627187 -0.269967
v 0.143362 0.627099 -0.297145
v 0.159714 0.645292 -0.312275
v 0.179236 0.656624 -0.294447
v 0.174947 0.645434 -0.268299
v 0.199345 0.563227 -0.280887
v 0.191882 0.560407 -0.308522
v 0.211681 0.573837 -0.324490
v 0.231380 0.584957 -0.306724
v 0.223756 0.578400 -0.279776
v 0.236811 0.492720 -0.278897
v 0.230908 0.486900 -0.306439
v 0.253476 0.495077 -0.322286
v 0.273327 0.505951 -0.304538
v 0.263028 0.504494 -0.277722
v 0.263457 0.418899 -0.264086
v 0.258650 0.409948 -0.290995
v 0.283184 0.412622 -0.305768
v 0.303154 0.423225 -0.287989
v 0.290962 0.427105 -0.262228
v 0.278062 0.345148 -0.237133
v 0.273839 0.333081 -0.262898
v 0.299444 0.330253 -0.275693
v 0.319492 0.340573 -0.257835
v 0.306277 0.349779 -0.234004
v 0.279957 0.274849 -0.199272
v 0.275780 0.259820 -0.223439
v 0.301510 0.251745 -0.233443
v 0.321589 0.261782 -0.215459
v 0.308269 0.276061 -0.194341
v 0.269057 0.211224 -0.152238
v 0.264387 0.193526 -0.174426
v 0.289288 0.180696 -0.180955
v 0.309348 0.190464 -0.162803
v 0.296844 0.209332 -0.145055
v 0.244988 0.155504 -0.096384
v 0.239885 0.136616 -0.117468
v 0.264028 0.121667 -0.122046
v 0.284053 0.131316 -0.103791
v 0.272285 0.152228 -0.087931
v -0.033152 0.718045 0.239904
v -0.042735 0.726736 0.262082
v -0.039075 0.752137 0.262895
v -0.027230 0.759144 0.241219
v -0.023569 0.738074 0.227010
v -0.091289 0.727390 0.211213
v -0.102419 0.736299 0.232566
v -0.100230 0.761882 0.232574
v -0.087747 0.768783 0.211225
v -0.082221 0.747466 0.198023
v -0.145510 0.727809 0.177596
v -0.159621 0.736850 0.197048
v -0.160227 0.762451 0.195182
v -0.146490 0.769232 0.174577
v -0.137394 0.747822 0.163708
v -0.195812 0.719607 0.139214
v -0.212703 0.728302 0.156486
v -0.215877 0.753468 0.152509
v -0.200948 0.760328 0.132778
v -0.188547 0.739401 0.124561
v -0.240808 0.703009 0.097125
v -0.260198 0.710886 0.111998
v -0.265643 0.735182 0.105730
v -0.249618 0.742321 0.086983
v -0.234268 0.722437 0.081664
v -0.279254 0.678469 0.052494
v -0.300791 0.685078 0.064811
v -0.308148 0.708097 0.056135
v -0.291156 0.715714 0.038456
v -0.273299 0.697403 0.036206
v -0.310090 0.646661 0.006554
v -0.333359 0.651588 0.016225
v -0.342215 0.672962 0.005091
v -0.324420 0.681245 -0.011461
v -0.304566 0.664990 -0.010557
v -0.332464 0.608462 -0.039425
v -0.356997 0.611337 -0.032418
v -0.366903 0.630749 -0.045994
v -0.348492 0.639870 -0.061391
v -0.327207 0.626096 -0.057332
v -0.345757 0.564922 -0.084172
v -0.371048 0.565432 -0.079775
v -0.381527 0.582622 -0.095711
v -0.362711 0.592736 -0.109957
v -0.340604 0.581797 -0.102825
v -0.349602 0.517243 -0.126449
v -0.375120 0.515139 -0.124538
v -0.385680 0.529914 -0.142689
v -0.366688 0.541148 -0.155817
v -0.344391 0.533317 -0.145780
v -0.343617 0.465432 -0.166115
v -0.369042 0.461932 -0.165355
v -0.379487 0.475438 -0.184532
v -0.360517 0.487285 -0.197144
v -0.338349 0.481101 -0.185761
vn 0.4776 0.8783 0.0229
vn 0.0224 0.6394 -0.7685
vn 0.1968 -0.2733 -0.9416
vn 0.7595 -0.5980 -0.2561
vn 0.9336 0.1134 0.3398
vn -0.0888 0.8816 0.4635
vn -0.6421 0.5944 -0.4842
vn -0.3522 -0.4810 -0.8029
vn 0.4428 -0.8966 0.0086
vn 0.5898 0.0033 0.8075
vn -0.2120 0.7873 0.5790
vn -0.7836 0.5066 -0.3596
vn -0.3265 -0.4459 -0.8334
vn 0.6017 -0.7868 -0.1376
vn 0.6482 0.0264 0.7610
vn -0.3025 0.6596 0.6880
vn -0.8948 0.3781 -0.2374
vn -0.3124 -0.4053 -0.8591
vn 0.7234 -0.6316 -0.2789
vn 0.6993 0.0686 0.7115
vn -0.3558 0.5070 0.7851
vn -0.9685 0.2159 -0.1241
vn -0.3100 -0.3629 -0.8788
vn 0.7997 -0.4409 -0.4075
vn 0.7379 0.1280 0.6627
vn -0.3694 0.3393 0.8651
vn -0.9992 0.0296 -0.0260
vn -0.3181 -0.3222 -0.8916
vn 0.8258 -0.2264 -0.5165
vn 0.7602 0.2019 0.6175
vn -0.3431 0.1670 0.9243
vn -0.9841 -0.1699 0.0512
vn -0.3348 -0.2862 -0.8978
vn 0.7999 -0.0013 -0.6002
vn 0.7634 0.2863 0.5791
vn -0.2791 0.0007 0.9603
vn -0.9230 -0.3706 0.1033
vn -0.3576 -0.2574 -0.8977
vn 0.7232 0.2207 -0.6544
vn 0.7455 0.3762 0.5501
vn -0.1819 -0.1496 0.9719
vn -0.8186 -0.5601 0.1273
vn -0.3838 -0.2371 -0.8925
vn 0.6002 0.4262 -0.6768
vn 0.7063 0.4660 0.5330
vn -0.0576 -0.2754 0.9596
vn -0.6760 -0.7268 0.1217
vn -0.4097 -0.2267 -0.8836
vn 0.4383 0.6021 -0.6674
vn 0.6468 0.5492 0.5291
vn 0.4815 -0.6045 0.6347
vn -0.0227 -0.9980 -0.0598
vn 0.1373 -0.5069 -0.8510
vn 0.7401 0.1902 -0.6451
vn 0.9532 0.1300 0.2729
vn 0.3541 -0.9350 0.0204
vn 0.4799 -0.3937 0.7840
vn 0.7341 0.4676 0.4924
vn 0.7649 0.4589 -0.4520
vn 0.5301 -0.4076 -0.7435
vn -0.2548 -0.9663 -0.0367
vn -0.0241 -0.3182 0.9477
vn 0.2422 0.7921 0.5603
vn 0.1660 0.7794 -0.6042
vn -0.1296 -0.2675 -0.9548
vn -0.2239 -0.9735 -0.0454
vn 0.1582 -0.3657 0.9172
vn 0.3117 0.7732 0.5522
vn 0.0273 0.8148 -0.5791
vn -0.2903 -0.2253 -0.9300
vn -0.1955 -0.9789 -0.0596
vn 0.3335 -0.4036 0.8520
vn 0.3801 0.7577 0.5305
vn -0.1052 0.8428 -0.5278
vn -0.4458 -0.1915 -0.8744
vn -0.1705 -0.9822 -0.0785
vn 0.4952 -0.4306 0.7546
vn 0.4445 0.7462 0.4956
vn -0.2269 0.8625 -0.4524
vn -0.5900 -0.1672 -0.7899
vn -0.1498 -0.9835 -0.1013
vn 0.6374 -0.4458 0.6285
vn 0.5023 0.7391 0.4488
vn -0.3332 0.8732 -0.3558
vn -0.7175 -0.1532 -0.6795
vn -0.1338 -0.9829 -0.1269
vn 0.7548 -0.4488 0.4784
vn 0.5512 0.7368 0.3915
vn -0.4202 0.8746 -0.2417
vn -0.8234 -0.1500 -0.5473
vn -0.1230 -0.9804 -0.1542
vn 0.8430 -0.4397 0.3099
vn 0.5892 0.7394 0.3258
vn -0.4850 0.8670 -0.1142
vn -0.9038 -0.1577 -0.3979
vn -0.1176 -0.9762 -0.1822
vn 0.8988 -0.4188 0.1291
vn 0.6147 0.7468 0.2540
vn -0.5252 0.8507 0.0217
vn -0.9555 -0.1759 -0.2369
vn -0.1175 -0.9707 -0.2097
vn 0.9202 -0.3873 -0.0573
vn 0.6264 0.7587 0.1787
vn -0.5394 0.8265 0.1610
vn -0.9764 -0.2040 -0.0704
vn -0.0272 -0.9179 0.3960
vn 0.7786 -0.4294 0.4576
vn 0.5632 0.4612 0.6856
vn -0.3763 0.5234 0.7645
vn -0.7411 -0.3287 0.5855
vn 0.5154 0.6791 0.5227
vn 0.1329 0.9451 -0.2986
vn 0.2790 0.2541 -0.9261
vn 0.7517 -0.4387 -0.4924
vn 0.8981 -0.1761 0.4030
vn -0.0876 0.4892 0.8677
vn -0.5137 0.8477 -0.1324
vn -0.2479 0.0589 -0.9670
vn 0.3775 -0.8245 -0.4214
vn 0.4553 -0.5154 0.7260
vn -0.2491 0.3800 0.8908
vn -0.5959 0.7944 -0.1179
vn -0.1377 0.1350 -0.9812
vn 0.5241 -0.7265 -0.4444
vn 0.4271 -0.5367 0.7277
vn -0.3974 0.2512 0.8826
vn -0.6725 0.7304 -0.1195
vn -0.0375 0.2239 -0.9739
vn 0.6592 -0.6107 -0.4388
vn 0.4025 -0.5607 0.7236
vn -0.5264 0.1082 0.8433
vn -0.7402 0.6583 -0.1370
vn 0.0487 0.3219 -0.9455
vn 0.7773 -0.4814 -0.4050
vn 0.3823 -0.5862 0.7143
vn -0.6307 -0.0434 0.7748
vn -0.7961 0.5809 -0.1698
vn 0.1178 0.4250 -0.8975
vn 0.8737 -0.3436 -0.3443
vn 0.3671 -0.6123 0.7003
vn -0.7063 -0.1976 0.6798
vn -0.8379 0.5010 -0.2168
vn 0.1668 0.5292 -0.8319
vn 0.9443 -0.2027 -0.2592
vn 0.3573 -0.6377 0.6824
vn -0.7500 -0.3483 0.5622
vn -0.8636 0.4218 -0.2762
vn 0.1942 0.6303 -0.7517
vn 0.9861 -0.0643 -0.1530
vn 0.3533 -0.6614 0.6616
vn -0.7602 -0.4897 0.4269
vn -0.8720 0.3465 -0.3458
vn 0.1987 0.7244 -0.6602
vn 0.9974 0.0663 -0.0300
vn 0.3548 -0.6826 0.6389
vn -0.7364 -0.6161 0.2796
vn -0.8624 0.2781 -0.4230
vn 0.1804 0.8077 -0.5613
vn 0.9774 0.1837 0.1050
vn 0.3619 -0.7003 0.6153
vn -0.4030 -0.8614 -0.3091
vn -0.5059 -0.0994 -0.8569
vn 0.3197 0.3597 -0.8766
vn 0.9325 -0.1188 -0.3410
vn 0.4862 -0.8738 0.0096
vn -0.1010 0.8546 0.5093
vn -0.8539 0.5181 0.0493
vn -0.5663 0.2120 -0.7965
vn 0.3645 0.3592 -0.8591
vn 0.6521 0.7563 -0.0522
vn -0.0251 0.3563 0.9341
vn -0.9157 -0.1155 0.3849
vn -0.6001 -0.4348 -0.6715
vn 0.5431 -0.1631 -0.8237
vn 0.9137 0.3469 0.2115
vn 0.0032 0.2991 0.9542
vn -0.8457 -0.2864 0.4503
vn -0.5807 -0.4947 -0.6466
vn 0.4844 -0.0282 -0.8744
vn 0.8610 0.4836 0.1574
vn 0.0415 0.2477 0.9679
vn -0.7431 -0.4463 0.4986
vn -0.5490 -0.5524 -0.6273
vn 0.4005 0.0968 -0.9112
vn 0.7816 0.6128 0.1168
vn 0.0881 0.2035 0.9751
vn -0.6119 -0.5889 0.5281
vn -0.5059 -0.6056 -0.6142
vn 0.2948 0.2071 -0.9329
vn 0.6783 0.7291 0.0912
vn 0.1410 0.1681 0.9756
vn -0.4570 -0.7086 0.5377
vn -0.4529 -0.6519 -0.6082
vn 0.1715 0.2985 -0.9389
vn 0.5549 0.8279 0.0815
vn 0.1978 0.1426 0.9698
vn -0.2844 -0.8007 0.5272
vn -0.3919 -0.6892 -0.6094
vn 0.0355 0.3678 -0.9292
vn 0.4161 0.9051 0.0880
vn 0.2564 0.1275 0.9581
vn -0.1006 -0.8617 0.4973
vn -0.3250 -0.7158 -0.6181
vn -0.1080 0.4123 -0.9046
vn 0.2670 0.9573 0.1105
vn 0.3146 0.1233 0.9412
vn 0.0874 -0.8891 0.4493
vn -0.2547 -0.7303 -0.6339
vn -0.2535 0.4305 -0.8663
vn 0.1133 0.9825 0.1481
vn 0.3700 0.1300 0.9199
vn 0.2721 -0.8818 0.3852
vn -0.1838 -0.7316 -0.6565
vn -0.3953 0.4217 -0.8160
vn -0.0389 0.9792 0.1994
vn 0.8393 0.2567 0.4793
vn 0.8180 -0.5743 0.0312
vn 0.3956 -0.4450 -0.8034
vn 0.1555 0.4660 -0.8710
vn 0.4296 0.8996 -0.0783
vn 0.3737 0.2200 0.9011
vn -0.2209 0.8358 0.5027
vn 0.0063 0.9116 -0.4111
vn 0.7413 0.3425 -0.5772
vn 0.9686 -0.0848 0.2337
vn -0.0580 -0.3375 0.9396
vn -0.7661 0.4351 0.4731
vn -0.4442 0.6270 -0.6400
vn 0.5148 -0.0726 -0.8542
vn 0.7304 -0.6643 0.1589
vn -0.1509 -0.4599 0.8750
vn -0.8260 0.3568 0.4364
vn -0.3897 0.6997 -0.5988
vn 0.6072 0.0494 -0.7930
vn 0.7277 -0.6688 0.1522
vn -0.2322 -0.5742 0.7851
vn -0.8794 0.2829 0.3829
vn -0.3427 0.7668 -0.5428
vn 0.6888 0.1639 -0.7062
vn 0.7266 -0.6716 0.1451
vn -0.2995 -0.6768 0.6725
vn -0.9246 0.2154 0.3142
vn -0.3045 0.8262 -0.4740
vn 0.7570 0.2672 -0.5963
vn 0.7267 -0.6729 0.1382
vn -0.3506 -0.7645 0.5410
vn -0.9600 0.1565 0.2321
vn -0.2763 0.8763 -0.3947
vn 0.8093 0.3565 -0.4668
vn 0.7279 -0.6729 0.1318
vn -0.3838 -0.8349 0.3944
vn -0.9844 0.1080 0.1392
vn -0.2589 0.9157 -0.3075
vn 0.8442 0.4289 -0.3216
vn 0.7300 -0.6717 0.1263
vn -0.3982 -0.8860 0.2374
vn -0.9967 0.0714 0.0380
vn -0.2527 0.9433 -0.2152
vn 0.8603 0.4824 -0.1650
vn 0.7328 -0.6694 0.1220
vn -0.3932 -0.9164 0.0748
vn -0.9965 0.0481 -0.0684
vn -0.2578 0.9586 -0.1207
vn 0.8570 0.5152 -0.0018
vn 0.7360 -0.6664 0.1192
vn -0.3690 -0.9252 -0.0882
vn -0.9834 0.0389 -0.1770
vn -0.2740 0.9614 -0.0273
vn 0.8344 0.5266 0.1629
vn 0.7394 -0.6628 0.1179
vn -0.1355 -0.6902 -0.7108
vn -0.6414 0.1053 -0.7599
vn -0.0689 0.8285 -0.5557
vn 0.7908 0.4797 -0.3803
vn 0.7499 -0.4590 -0.4764
vn 0.1965 -0.9520 0.2348
vn -0.5245 -0.5251 0.6702
vn -0.2489 0.3480 0.9039
vn 0.6423 0.4604 0.6128
vn 0.9179 -0.3430 0.1996
vn -0.0517 -0.8765 -0.4786
vn -0.9070 -0.4099 0.0964
vn -0.5583 0.6185 0.5530
vn 0.6124 0.7621 0.2101
vn 0.8743 -0.2117 -0.4368
vn -0.1185 -0.7108 -0.6934
vn -0.9449 -0.3264 -0.0238
vn -0.5161 0.5053 0.6916
vn 0.6740 0.6143 0.4102
vn 0.8650 -0.1777 -0.4693
vn -0.1608 -0.4886 -0.8576
vn -0.9705 -0.2093 -0.1194
vn -0.4909 0.3574 0.7946
vn 0.7140 0.4128 0.5656
vn 0.8608 -0.1373 -0.4900
vn -0.1744 -0.2286 -0.9578
vn -0.9810 -0.0676 -0.1820
vn -0.4847 0.1876 0.8543
vn 0.7279 0.1737 0.6634
vn 0.8618 -0.0947 -0.4983
vn -0.1578 0.0479 -0.9863
vn -0.9746 0.0879 -0.2058
vn -0.4980 0.0105 0.8671
vn 0.7137 -0.0836 0.6954
vn 0.8675 -0.0543 -0.4945
vn -0.1118 0.3183 -0.9414
vn -0.9512 0.2447 -0.1880
vn -0.5297 -0.1591 0.8331
vn 0.6718 -0.3386 0.6589
vn 0.8768 -0.0197 -0.4804
vn -0.0396 0.5606 -0.8272
vn -0.9118 0.3900 -0.1289
vn -0.5774 -0.3076 0.7563
vn 0.6046 -0.5701 0.5563
vn 0.8887 0.0063 -0.4584
vn 0.0535 0.7550 -0.6536
vn -0.8586 0.5115 -0.0325
vn -0.6369 -0.4230 0.6445
vn 0.5165 -0.7593 0.3958
vn 0.9017 0.0221 -0.4319
vn 0.1604 0.8858 -0.4355
vn -0.7954 0.5986 0.0946
vn -0.7037 -0.4964 0.5083
vn 0.4142 -0.8901 0.1903
vn 0.9144 0.0270 -0.4040
vn 0.4057 0.8699 0.2804
vn -0.4060 0.6062 0.6838
vn -0.3472 -0.3158 0.8830
vn 0.5008 -0.6214 0.6025
vn 0.9667 0.1113 0.2304
vn -0.4822 0.7684 0.4208
vn -0.9300 -0.0613 0.3624
vn -0.7589 -0.4260 -0.4925
vn -0.2065 0.1784 -0.9621
vn -0.0354 0.9169 -0.3975
vn -0.1070 0.6513 0.7512
vn -0.5612 -0.4585 0.6890
vn -0.2391 -0.9190 -0.3134
vn 0.3914 -0.1812 -0.9022
vn 0.5068 0.8118 -0.2900
vn -0.3066 0.7053 0.6392
vn -0.5522 -0.4689 0.6893
vn -0.0386 -0.9784 -0.2030
vn 0.5220 -0.2129 -0.8260
vn 0.3909 0.8513 -0.3501
vn -0.4975 0.7069 0.5029
vn -0.5399 -0.4775 0.6932
vn 0.1554 -0.9856 -0.0666
vn 0.6446 -0.2096 -0.7353
vn 0.2758 0.8610 -0.4273
vn -0.6680 0.6561 0.3512
vn -0.5251 -0.4828 0.7009
vn 0.3311 -0.9396 0.0872
vn 0.7520 -0.1725 -0.6362
vn 0.1690 0.8394 -0.5166
vn -0.8080 0.5563 0.1941
vn -0.5090 -0.4834 0.7122
vn 0.4777 -0.8426 0.2486
vn 0.8381 -0.1047 -0.5354
vn 0.0773 0.7866 -0.6127
vn -0.9095 0.4136 0.0417
vn -0.4933 -0.4784 0.7265
vn 0.5864 -0.7002 0.4073
vn 0.8982 -0.0108 -0.4395
vn 0.0065 0.7049 -0.7093
vn -0.9667 0.2370 -0.0960
vn -0.4795 -0.4670 0.7429
vn 0.6506 -0.5206 0.5529
vn 0.9294 0.1026 -0.3546
vn -0.0385 0.5984 -0.8003
vn -0.9769 0.0375 -0.2103
vn -0.4696 -0.4492 0.7601
vn 0.6663 -0.3146 0.6761
vn 0.9307 0.2281 -0.2860
vn -0.0543 0.4729 -0.8794
vn -0.9404 -0.1724 -0.2932
vn -0.4654 -0.4248 0.7765
vn 0.6326 -0.0947 0.7687
vn 0.9030 0.3578 -0.2380
vn -0.0392 0.3358 -0.9411
vn -0.9407 0.3158 -0.1237
vn -0.6226 0.1963 0.7575
vn 0.2555 0.5421 0.8005
vn 0.4797 0.8758 -0.0538
vn -0.2598 0.7359 -0.6252
vn -0.4234 0.8890 0.1745
vn -0.9607 0.1160 0.2523
vn -0.7553 -0.4563 -0.4704
vn -0.0916 -0.0370 -0.9951
vn 0.1135 0.7945 -0.5965
vn 0.0860 0.7269 0.6813
vn -0.6438 -0.1544 0.7495
vn -0.4978 -0.8398 -0.2165
vn 0.3769 -0.3041 -0.8749
vn 0.7012 0.6578 -0.2751
vn 0.2362 0.5807 0.7791
vn -0.6171 -0.1846 0.7649
vn -0.6340 -0.7097 -0.3072
vn 0.2755 -0.2023 -0.9398
vn 0.7788 0.5866 -0.2222
vn 0.3668 0.3995 0.8402
vn -0.5956 -0.2198 0.7726
vn -0.7532 -0.5473 -0.3649
vn 0.1886 -0.0778 -0.9790
vn 0.8478 0.4960 -0.1876
vn 0.4702 0.1936 0.8610
vn -0.5801 -0.2576 0.7727
vn -0.8486 -0.3613 -0.3864
vn 0.1209 0.0622 -0.9907
vn 0.9040 0.3908 -0.1732
vn 0.5406 -0.0257 0.8409
vn -0.5713 -0.2956 0.7657
vn -0.9146 -0.1618 -0.3707
vn 0.0761 0.2097 -0.9748
vn 0.9439 0.2768 -0.1802
vn 0.5740 -0.2462 0.7810
vn -0.5693 -0.3317 0.7522
vn -0.9471 0.0403 -0.3185
vn 0.0565 0.3565 -0.9326
vn 0.9649 0.1599 -0.2083
vn 0.5683 -0.4559 0.6850
vn -0.5740 -0.3637 0.7337
vn -0.9440 0.2340 -0.2327
vn 0.0630 0.4946 -0.8668
vn 0.9655 0.0465 -0.2564
vn 0.5238 -0.6433 0.5584
vn -0.5846 -0.3901 0.7114
vn -0.9051 0.4086 -0.1180
vn 0.0951 0.6164 -0.7817
vn 0.9451 -0.0571 -0.3219
vn 0.4429 -0.7980 0.4087
vn -0.6003 -0.4094 0.6871
vn -0.8321 0.5543 0.0191
vn 0.1509 0.7152 -0.6824
vn 0.9043 -0.1448 -0.4016
vn 0.0271 -0.9853 -0.1687
vn -0.7923 -0.6014 0.1027
vn -0.9055 0.2089 -0.3693
vn -0.1568 0.3256 -0.9324
vn 0.4197 -0.4126 -0.8084
vn -0.0113 -0.6309 -0.7758
vn -0.7756 -0.5911 -0.2217
vn -0.4836 -0.5555 0.6764
vn 0.4602 -0.5742 0.6772
vn 0.7522 -0.6208 -0.2207
vn -0.0372 -0.1896 -0.9812
vn -0.9674 0.0303 -0.2516
vn -0.5659 0.2032 0.7990
vn 0.5560 0.1145 0.8232
vn 0.9583 -0.1300 -0.2544
vn -0.0971 -0.4546 -0.8854
vn -0.9645 0.0828 -0.2508
vn -0.5077 0.4943 0.7056
vn 0.5949 0.2726 0.7562
vn 0.9247 -0.3200 -0.2065
vn -0.1869 -0.6692 -0.7192
vn -0.9536 0.1370 -0.2681
vn -0.4154 0.7376 0.5324
vn 0.6506 0.3936 0.6495
vn 0.8672 -0.4872 -0.1032
vn -0.2985 -0.8119 -0.5017
vn -0.9342 0.1860 -0.3046
vn -0.2965 0.9076 0.2972
vn 0.7170 0.4675 0.5171
vn 0.7895 -0.6120 0.0464
vn -0.4218 -0.8694 -0.2572
vn -0.9068 0.2216 -0.3586
vn -0.1611 0.9866 0.0244
vn 0.7875 0.4892 0.3749
vn 0.6974 -0.6793 0.2285
vn -0.5457 -0.8379 -0.0121
vn -0.8733 0.2365 -0.4259
vn -0.0213 0.9660 -0.2577
vn 0.8552 0.4599 0.2390
vn 0.5985 -0.6791 0.4251
vn -0.6591 -0.7228 0.2076
vn -0.8366 0.2249 -0.4996
vn 0.1106 0.8472 -0.5196
vn 0.9141 0.3861 0.1239
vn 0.5012 -0.6082 0.6156
vn -0.7526 -0.5383 0.3793
vn -0.8002 0.1841 -0.5708
vn 0.2231 0.6420 -0.7336
vn 0.9594 0.2791 0.0408
vn 0.4144 -0.4706 0.7789
vn -0.8192 -0.3060 0.4851
vn -0.7683 0.1134 -0.6299
vn 0.3063 0.3708 -0.8768
vn 0.9883 0.1526 -0.0033
vn 0.3465 -0.2783 0.8958
vn -0.6073 -0.7281 0.3178
vn -0.5882 -0.5348 -0.6067
vn 0.3125 -0.4049 -0.8593
vn 0.8502 -0.5185 -0.0911
vn 0.2816 -0.7181 0.6364
vn -0.0845 0.6008 -0.7950
vn -0.8406 0.1001 -0.5323
vn -0.5516 -0.7727 -0.3142
vn 0.3830 -0.8110 -0.4422
vn 0.6719 0.0377 -0.7397
vn 0.0070 0.9278 -0.3731
vn -0.9572 0.2893 -0.0124
vn -0.5520 -0.7516 0.3611
vn 0.5865 -0.7718 0.2457
vn 0.9542 0.2267 -0.1951
vn 0.0042 0.8471 -0.5315
vn -0.9626 0.2374 -0.1306
vn -0.5519 -0.7016 0.4507
vn 0.5921 -0.6877 0.4201
vn 0.9582 0.2339 -0.1650
vn 0.0167 0.7400 -0.6724
vn -0.9570 0.1643 -0.2391
vn -0.5607 -0.6376 0.5282
vn 0.5810 -0.5740 0.5770
vn 0.9594 0.2473 -0.1355
vn 0.0441 0.6112 -0.7902
vn -0.9401 0.0730 -0.3330
vn -0.5778 -0.5624 0.5914
vn 0.5535 -0.4351 0.7101
vn 0.9577 0.2667 -0.1078
vn 0.0854 0.4660 -0.8806
vn -0.9122 -0.0332 -0.4084
vn -0.6025 -0.4793 0.6382
vn 0.5103 -0.2765 0.8143
vn 0.9529 0.2916 -0.0834
vn 0.1392 0.3103 -0.9404
vn -0.8740 -0.1504 -0.4621
vn -0.6336 -0.3920 0.6670
vn 0.4528 -0.1045 0.8855
vn 0.9448 0.3215 -0.0636
vn 0.2035 0.1503 -0.9675
vn -0.8266 -0.2740 -0.4915
vn -0.6700 -0.3039 0.6773
vn 0.3829 0.0742 0.9208
vn 0.9334 0.3553 -0.0496
vn 0.2760 -0.0076 -0.9611
vn -0.7716 -0.3991 -0.4953
vn -0.7102 -0.2188 0.6692
vn 0.3032 0.2524 0.9189
vn 0.9191 0.3918 -0.0427
vn 0.3540 -0.1564 -0.9221
vn -0.7110 -0.5206 -0.4727
vn -0.7527 -0.1399 0.6434
vn 0.2164 0.4232 0.8798
vn 0.9018 0.4299 -0.0439
vn 0.0481 0.2925 -0.9551
vn -0.7886 0.0172 -0.6147
vn -0.8881 0.3863 0.2491
vn -0.1128 0.8897 0.4424
vn 0.4657 0.8319 -0.3019
vn -0.5163 -0.0173 -0.8562
vn -0.8958 0.4292 -0.1156
vn -0.7508 -0.1032 0.6524
vn -0.2829 -0.8781 0.3859
vn -0.1381 -0.8256 -0.5472
vn -0.1453 0.2397 -0.9599
vn -0.5197 0.8537 0.0333
vn -0.1567 0.2586 0.9532
vn 0.4019 -0.6582 0.6366
vn 0.4472 -0.7334 -0.5119
vn -0.4206 0.0501 -0.9059
vn -0.5952 0.8023 0.0467
vn 0.0671 0.4126 0.9084
vn 0.6326 -0.4994 0.5919
vn 0.3850 -0.7768 -0.4984
vn -0.6459 -0.1475 -0.7491
vn -0.6575 0.7482 0.0885
vn 0.2505 0.5737 0.7798
vn 0.8227 -0.3332 0.4605
vn 0.3350 -0.8212 -0.4619
vn -0.7956 -0.3307 -0.5075
vn -0.6998 0.6975 0.1539
vn 0.3721 0.7227 0.5824
vn 0.9496 -0.1787 0.2574
vn 0.3025 -0.8619 -0.4069
vn -0.8527 -0.4788 -0.2090
vn -0.7170 0.6560 0.2360
vn 0.4179 0.8429 0.3390
vn 0.9985 -0.0536 0.0058
vn 0.2912 -0.8942 -0.3400
vn -0.8104 -0.5751 0.1124
vn -0.7066 0.6284 0.3253
vn 0.3828 0.9206 0.0775
vn 0.9637 0.0280 -0.2656
vn 0.3020 -0.9146 -0.2690
vn -0.6734 -0.6086 0.4197
vn -0.6697 0.6180 0.4118
vn 0.2709 0.9471 -0.1720
vn 0.8488 0.0567 -0.5257
vn 0.3333 -0.9209 -0.2022
vn -0.4575 -0.5757 0.6777
vn -0.6100 0.6262 0.4856
vn 0.0952 0.9197 -0.3808
vn 0.6667 0.0293 -0.7447
vn 0.3813 -0.9127 -0.1472
vn -0.1867 -0.4803 0.8570
vn -0.5337 0.6524 0.5381
vn -0.1236 0.8422 -0.5247
vn 0.4388 -0.0509 -0.8971
vn 0.4403 -0.8911 -0.1101
vn -0.5494 -0.5908 0.5909
vn -0.9065 0.2472 0.3422
vn -0.7228 0.3826 -0.5755
vn -0.2531 -0.3717 -0.8932
vn -0.1461 -0.9742 -0.1722
vn -0.4610 0.8872 0.0188
vn -0.5245 0.3350 0.7827
vn -0.6754 -0.5501 0.4911
vn -0.7052 -0.5453 -0.4531
vn -0.5724 0.3429 -0.7448
vn 0.1274 0.9911 0.0397
vn 0.1538 0.2667 0.9514
vn -0.0238 -0.8033 0.5952
vn -0.1716 -0.8125 -0.5571
vn -0.0799 0.3237 -0.9428
vn 0.0678 0.9959 0.0598
vn 0.3079 0.2471 0.9188
vn 0.1383 -0.8210 0.5539
vn -0.2171 -0.8048 -0.5524
vn -0.2721 0.3469 -0.8975
vn 0.0137 0.9959 0.0899
vn 0.4552 0.2397 0.8575
vn 0.2903 -0.8259 0.4834
vn -0.2630 -0.8006 -0.5384
vn -0.4542 0.3548 -0.8172
vn -0.0328 0.9912 0.1286
vn 0.5894 0.2448 0.7699
vn 0.4261 -0.8178 0.3868
vn -0.3067 -0.8001 -0.5155
vn -0.6186 0.3472 -0.7049
vn -0.0703 0.9822 0.1740
vn 0.7050 0.2621 0.6590
vn 0.5405 -0.7975 0.2680
vn -0.3462 -0.8037 -0.4840
vn -0.7586 0.3247 -0.5649
vn -0.0974 0.9697 0.2240
vn 0.7971 0.2908 0.5292
vn 0.6292 -0.7659 0.1318
vn -0.3794 -0.8111 -0.4451
vn -0.8686 0.2884 -0.4028
vn -0.1137 0.9543 0.2765
vn 0.8619 0.3296 0.3853
vn 0.6889 -0.7247 -0.0163
vn -0.4047 -0.8223 -0.4000
vn -0.9443 0.2401 -0.2249
vn -0.1188 0.9367 0.3294
vn 0.8965 0.3769 0.2331
vn 0.7173 -0.6757 -0.1704
vn -0.4206 -0.8368 -0.3504
vn -0.9826 0.1818 -0.0382
vn -0.1130 0.9180 0.3802
vn 0.8990 0.4308 0.0784
vn 0.7134 -0.6211 -0.3244
vn -0.4261 -0.8541 -0.2984
vn -0.9819 0.1163 0.1498
vn -0.2308 0.9502 -0.2093
vn 0.5902 0.6095 -0.5293
vn 0.4354 -0.2603 -0.8618
vn -0.4815 -0.4575 -0.7476
vn -0.8929 0.2906 -0.3440
vn -0.6277 0.7738 -0.0849
vn -0.7089 0.2133 0.6723
vn -0.6234 -0.6814 0.3836
vn -0.4901 -0.6749 -0.5516
vn -0.4924 0.2251 -0.8408
vn 0.0725 0.9973 -0.0126
vn -0.2268 0.3508 0.9086
vn -0.2047 -0.8230 0.5298
vn 0.1216 -0.7595 -0.6390
vn 0.2710 0.3432 -0.8993
vn 0.2762 0.9556 0.1026
vn -0.3774 0.3515 0.8568
vn -0.4966 -0.7807 0.3794
vn 0.1266 -0.7394 -0.6613
vn 0.5590 0.3114 -0.7685
vn 0.4241 0.8688 0.2556
vn -0.5134 0.3915 0.7636
vn -0.7232 -0.6700 0.1676
vn 0.1474 -0.7240 -0.6739
vn 0.7923 0.2107 -0.5726
vn 0.5029 0.7512 0.4275
vn -0.6129 0.4678 0.6368
vn -0.8576 -0.5077 -0.0817
vn 0.1776 -0.7186 -0.6724
vn 0.9418 0.0540 -0.3317
vn 0.5073 0.6201 0.5984
vn -0.6583 0.5723 0.4889
vn -0.8854 -0.3165 -0.3406
vn 0.2074 -0.7261 -0.6555
vn 0.9877 -0.1388 -0.0720
vn 0.4415 0.4930 0.7496
vn -0.6386 0.6921 0.3365
vn -0.8050 -0.1216 -0.5807
vn 0.2269 -0.7464 -0.6256
vn 0.9223 -0.3430 0.1778
vn 0.3178 0.3859 0.8661
vn -0.5506 0.8109 0.1981
vn -0.6279 0.0517 -0.7766
vn 0.2278 -0.7762 -0.5878
vn 0.7516 -0.5322 0.3896
vn 0.1542 0.3110 0.9378
vn -0.4003 0.9118 0.0915
vn -0.3768 0.1815 -0.9083
vn 0.2051 -0.8097 -0.5499
vn 0.4942 -0.6816 0.5397
vn -0.0278 0.2761 0.9607
vn -0.2032 0.9786 0.0317
vn -0.0832 0.2510 -0.9644
vn 0.1573 -0.8395 -0.5201
vn 0.1793 -0.7709 0.6112
vn -0.6875 0.2025 0.6974
vn -0.6613 0.7464 -0.0748
vn -0.5367 0.1844 -0.8234
vn -0.4860 -0.7067 -0.5142
vn -0.5789 -0.6953 0.4258
vn -0.3335 0.1416 0.9320
vn -0.9666 -0.0369 0.2535
vn -0.7250 0.4633 -0.5096
vn 0.0576 0.9512 -0.3033
vn 0.2995 0.7519 0.5874
vn -0.0546 -0.3971 0.9161
vn -0.7263 -0.6871 0.0208
vn -0.4448 -0.0787 -0.8922
vn 0.4302 0.6423 -0.6343
vn 0.7086 0.4606 0.5345
vn -0.0931 -0.3733 0.9230
vn -0.5629 -0.8259 -0.0312
vn -0.2946 -0.1982 -0.9348
vn 0.3682 0.7011 -0.6106
vn 0.5183 0.6168 0.5924
vn -0.1347 -0.3587 0.9237
vn -0.3677 -0.9283 -0.0544
vn -0.1195 -0.2833 -0.9516
vn 0.2908 0.7467 -0.5983
vn 0.2936 0.7300 0.6171
vn -0.1764 -0.3536 0.9186
vn -0.1533 -0.9870 -0.0474
vn 0.0693 -0.3288 -0.9418
vn 0.2029 0.7751 -0.5984
vn 0.0492 0.7928 0.6074
vn -0.2156 -0.3578 0.9086
vn 0.0667 -0.9977 -0.0108
vn 0.2593 -0.3323 -0.9068
vn 0.1103 0.7837 -0.6112
vn -0.1994 0.8010 0.5644
vn -0.2499 -0.3702 0.8947
vn 0.2779 -0.9592 0.0530
vn 0.4387 -0.2937 -0.8493
vn 0.0191 0.7713 -0.6362
vn -0.4362 0.7539 0.4913
vn -0.2775 -0.3894 0.8783
vn 0.4666 -0.8734 0.1397
vn 0.5961 -0.2158 -0.7734
vn -0.0646 0.7379 -0.6718
vn -0.6459 0.6544 0.3933
vn -0.2971 -0.4137 0.8606
vn 0.6204 -0.7455 0.2435
vn 0.7216 -0.1039 -0.6845
vn -0.1349 0.6850 -0.7159
vn -0.8151 0.5088 0.2769
vn -0.3081 -0.4409 0.8430
vn 0.7291 -0.5837 0.3574
vn 0.8076 0.0346 -0.5887
vn -0.1865 0.6157 -0.7656
vn -0.9332 0.3263 0.1504
vn -0.1453 0.1335 0.9803
vn 0.7435 0.0833 0.6636
vn 0.7983 0.5875 -0.1326
vn -0.0566 0.9496 -0.3083
vn -0.6396 0.6686 0.3794
vn -0.4463 -0.4629 0.7659
vn -0.9519 -0.3059 -0.0160
vn -0.7587 0.5684 -0.3182
vn -0.1343 0.9514 0.2771
vn 0.0588 0.3141 0.9476
vn -0.0784 -0.7971 0.5988
vn -0.6615 -0.6061 -0.4416
vn -0.3120 0.4263 -0.8491
vn 0.4454 0.8854 -0.1327
vn 0.6184 0.1723 0.7667
vn -0.2334 -0.6826 0.6925
vn -0.7105 -0.5709 -0.4115
vn -0.1888 0.3351 -0.9231
vn 0.5761 0.7894 -0.2120
vn 0.5830 0.1993 0.7876
vn -0.3760 -0.5363 0.7557
vn -0.7558 -0.5253 -0.3909
vn -0.0753 0.2180 -0.9730
vn 0.6971 0.6658 -0.2659
vn 0.5508 0.2334 0.8013
vn -0.4999 -0.3646 0.7856
vn -0.7955 -0.4715 -0.3807
vn 0.0232 0.0809 -0.9964
vn 0.8024 0.5206 -0.2917
vn 0.5231 0.2729 0.8074
vn -0.5994 -0.1753 0.7810
vn -0.8277 -0.4117 -0.3813
vn 0.1022 -0.0699 -0.9923
vn 0.8872 0.3603 -0.2882
vn 0.5012 0.3161 0.8056
vn -0.6698 0.0228 0.7422
vn -0.8509 -0.3487 -0.3929
vn 0.1579 -0.2276 -0.9609
vn 0.9475 0.1923 -0.2556
vn 0.4860 0.3608 0.7960
vn -0.7081 0.2207 0.6708
vn -0.8639 -0.2853 -0.4150
vn 0.1879 -0.3848 -0.9037
vn 0.9804 0.0242 -0.1953
vn 0.4783 0.4050 0.7792
vn -0.7122 0.4094 0.5702
vn -0.8661 -0.2245 -0.4466
vn 0.1908 -0.5345 -0.8234
vn 0.9845 -0.1363 -0.1102
vn 0.4782 0.4468 0.7562
vn -0.6820 0.5803 0.4450
vn -0.8572 -0.1688 -0.4864
vn 0.1664 -0.6694 -0.7240
vn 0.9596 -0.2814 -0.0043
vn 0.4857 0.4842 0.7278
vn -0.7005 0.1241 0.7028
vn -0.8681 -0.4962 0.0109
vn -0.0749 -0.9874 -0.1396
vn 0.5823 -0.6707 0.4595
vn 0.1956 0.0163 0.9806
vn 0.5283 -0.8490 0.0140
vn 0.1761 -0.5293 0.8300
vn 0.3106 0.4052 0.8598
vn 0.7461 0.6628 0.0628
vn 0.8807 -0.1124 -0.4601
vn 0.0631 -0.9632 -0.2612
vn -0.4476 -0.5264 0.7228
vn -0.3382 0.6254 0.7032
vn 0.2198 0.9432 -0.2490
vn 0.4858 -0.0159 -0.8739
vn 0.1927 -0.9655 -0.1754
vn -0.4582 -0.5225 0.7191
vn -0.4726 0.6298 0.6164
vn 0.1399 0.9425 -0.3034
vn 0.5694 -0.0212 -0.8218
vn 0.3123 -0.9468 -0.0781
vn -0.4692 -0.5202 0.7136
vn -0.5975 0.6127 0.5173
vn 0.0671 0.9288 -0.3644
vn 0.6482 -0.0130 -0.7613
vn 0.4186 -0.9077 0.0278
vn -0.4803 -0.5197 0.7065
vn -0.7093 0.5744 0.4087
vn 0.0033 0.9028 -0.4301
vn 0.7196 0.0086 -0.6943
vn 0.5086 -0.8496 0.1395
vn -0.4911 -0.5213 0.6979
vn -0.8048 0.5160 0.2933
vn -0.0500 0.8653 -0.4988
vn 0.7815 0.0430 -0.6224
vn 0.5797 -0.7742 0.2540
vn -0.5012 -0.5250 0.6879
vn -0.8813 0.4392 0.1744
vn -0.0913 0.8176 -0.5686
vn 0.8320 0.0893 -0.5475
vn 0.6301 -0.6837 0.3682
vn -0.5100 -0.5310 0.6767
vn -0.9366 0.3460 0.0551
vn -0.1196 0.7612 -0.6374
vn 0.8695 0.1466 -0.4717
vn 0.6584 -0.5806 0.4790
vn -0.5172 -0.5392 0.6647
vn -0.9690 0.2393 -0.0613
vn -0.1343 0.6978 -0.7036
vn 0.8928 0.2131 -0.3969
vn 0.6636 -0.4684 0.5833
vn -0.5221 -0.5498 0.6520
vn -0.9776 0.1218 -0.1717
vn -0.1349 0.6293 -0.7653
vn 0.9010 0.2871 -0.3254
vn 0.5905 -0.7944 0.1420
vn -0.3446 -0.9233 0.1698
vn -0.7289 -0.4265 -0.5356
vn -0.0313 0.0091 -0.9995
vn 0.7843 -0.2184 -0.5807
vt 0.880415 0.457186
vt 0.876560 0.470119
vt 0.876581 0.457272
vt 0.522513 0.412263
vt 0.511726 0.421677
vt 0.509705 0.418868
vt 0.827349 0.008558
vt 0.827841 0.020416
vt 0.824364 0.019066
vt 0.830951 0.488634
vt 0.833783 0.499485
vt 0.827535 0.489946
vt 0.495911 0.190756
vt 0.505213 0.200056
vt 0.493947 0.194027
vt 0.880362 0.484422
vt 0.876532 0.484455
vt 0.501257 0.430760
vt 0.498597 0.428541
vt 0.825832 0.032236
vt 0.822290 0.031390
vt 0.841682 0.510119
vt 0.838003 0.510777
vt 0.517545 0.206377
vt 0.514632 0.208874
vt 0.880351 0.499187
vt 0.876525 0.499153
vt 0.493291 0.442093
vt 0.490155 0.440598
vt 0.824806 0.045178
vt 0.821240 0.044906
vt 0.843914 0.523245
vt 0.840163 0.523418
vt 0.525144 0.218194
vt 0.521775 0.219976
vt 0.880358 0.513471
vt 0.876537 0.513346
vt 0.488302 0.455012
vt 0.484881 0.454329
vt 0.824821 0.058481
vt 0.821279 0.058819
vt 0.843872 0.536975
vt 0.840133 0.536664
vt 0.529875 0.231753
vt 0.526223 0.232706
vt 0.880381 0.526431
vt 0.876565 0.526197
vt 0.486588 0.468758
vt 0.483088 0.468926
vt 0.825873 0.071360
vt 0.822405 0.072309
vt 0.841563 0.550499
vt 0.837912 0.549733
vt 0.531461 0.246251
vt 0.527720 0.246310
vt 0.880415 0.537302
vt 0.876606 0.536951
vt 0.488257 0.482520
vt 0.484885 0.483527
vt 0.827897 0.083056
vt 0.824552 0.084579
vt 0.837125 0.563021
vt 0.833630 0.561855
vt 0.529811 0.260834
vt 0.526184 0.259987
vt 0.588060 0.353332
vt 0.592562 0.364106
vt 0.588726 0.364236
vt 0.493215 0.495486
vt 0.490168 0.497271
vt 0.830773 0.092880
vt 0.827597 0.094904
vt 0.830822 0.573803
vt 0.827535 0.572317
vt 0.525025 0.274640
vt 0.521708 0.272930
vt 0.592784 0.377133
vt 0.588946 0.377171
vt 0.501176 0.506891
vt 0.498629 0.509348
vt 0.985184 0.804710
vt 0.987852 0.818280
vt 0.984928 0.817593
vt 0.988133 0.805984
vt 0.991122 0.817769
vt 0.517387 0.286857
vt 0.514563 0.284377
vt 0.592540 0.391463
vt 0.588705 0.391372
vt 0.511675 0.516058
vt 0.509770 0.519042
vt 0.987816 0.831443
vt 0.984930 0.831402
vt 0.991116 0.831355
vt 0.507351 0.296766
vt 0.505174 0.293658
vt 0.591891 0.405896
vt 0.588060 0.405728
vt 0.522615 0.525621
vt 0.985199 0.845374
vt 0.991380 0.845199
vt 0.988070 0.845080
vt 0.495758 0.303692
vt 0.493947 0.300337
vt 0.634136 0.970217
vt 0.639506 0.970217
vt 0.638351 0.973859
vt 0.847603 0.021901
vt 0.844123 0.016764
vt 0.847603 0.015768
vt 0.693097 0.965099
vt 0.693217 0.952006
vt 0.697361 0.953175
vt 0.978356 0.718349
vt 0.980844 0.705348
vt 0.982619 0.717740
vt 0.127996 0.961780
vt 0.126962 0.949705
vt 0.131405 0.961183
vt 0.124887 0.963639
vt 0.123427 0.949934
vt 0.543045 0.282047
vt 0.539462 0.294644
vt 0.536256 0.292240
vt 0.695706 0.940616
vt 0.699964 0.941260
vt 0.975971 0.693360
vt 0.980278 0.693359
vt 0.120569 0.937945
vt 0.124270 0.938447
vt 0.117414 0.939681
vt 0.534086 0.305775
vt 0.530555 0.304032
vt 0.696531 0.929592
vt 0.700828 0.929724
vt 0.976589 0.681491
vt 0.980877 0.681871
vt 0.119618 0.926494
vt 0.123369 0.927697
vt 0.527672 0.303439
vt 0.526322 0.316767
vt 0.523479 0.316092
vt 0.530097 0.317799
vt 0.695663 0.919339
vt 0.699921 0.918992
vt 0.978390 0.670582
vt 0.982619 0.671307
vt 0.120608 0.916003
vt 0.124293 0.917850
vt 0.523715 0.329976
vt 0.520901 0.329209
vt 0.527640 0.330272
vt 0.693133 0.910237
vt 0.697274 0.909459
vt 0.615620 0.865664
vt 0.620931 0.875284
vt 0.616839 0.876134
vt 0.123503 0.906860
vt 0.127005 0.909269
vt 0.522829 0.343171
vt 0.520033 0.342307
vt 0.526809 0.342735
vt 0.689036 0.902622
vt 0.692986 0.901480
vt 0.621714 0.887129
vt 0.617592 0.887597
vt 0.128195 0.899400
vt 0.131405 0.902270
vt 0.427067 0.908336
vt 0.434094 0.919298
vt 0.430182 0.919165
vt 0.527635 0.354728
vt 0.523698 0.355865
vt 0.668934 0.905718
vt 0.670979 0.915101
vt 0.666730 0.914396
vt 0.621985 0.899558
vt 0.617850 0.899630
vt 0.427441 0.921204
vt 0.432054 0.931277
vt 0.429210 0.932584
vt 0.435986 0.931498
vt 0.530087 0.365807
vt 0.526288 0.367590
vt 0.670255 0.924773
vt 0.665974 0.924510
vt 0.621735 0.912112
vt 0.617603 0.911789
vt 0.432615 0.944225
vt 0.429747 0.944746
vt 0.436558 0.944544
vt 0.534075 0.375564
vt 0.530506 0.377912
vt 0.670940 0.935457
vt 0.666694 0.935688
vt 0.620973 0.924329
vt 0.616861 0.923625
vt 0.431844 0.957530
vt 0.429033 0.957244
vt 0.435786 0.957958
vt 0.539454 0.383638
vt 0.536194 0.386452
vt 0.668882 0.947578
vt 0.619715 0.935898
vt 0.615620 0.935012
vt 0.429824 0.970457
vt 0.427067 0.969767
vt 0.433759 0.970939
vt 0.542984 0.392756
vt 0.225362 0.258774
vt 0.229229 0.264482
vt 0.225362 0.265731
vt 0.725564 0.316753
vt 0.731489 0.319591
vt 0.729226 0.322673
vt 0.588513 0.693617
vt 0.585149 0.703461
vt 0.582097 0.701898
vt 0.591477 0.695305
vt 0.586658 0.705396
vt 0.243299 0.430640
vt 0.246750 0.440938
vt 0.243300 0.440561
vt 0.157124 0.598447
vt 0.156348 0.609335
vt 0.154497 0.599938
vt 0.552964 0.939013
vt 0.550950 0.950310
vt 0.549594 0.939558
vt 0.579866 0.712964
vt 0.576664 0.711680
vt 0.581727 0.714285
vt 0.153200 0.609148
vt 0.157448 0.619236
vt 0.154320 0.619167
vt 0.160207 0.618663
vt 0.554822 0.961415
vt 0.551408 0.961175
vt 0.575930 0.723341
vt 0.572619 0.722356
vt 0.578056 0.723990
vt 0.157816 0.629486
vt 0.154699 0.629545
vt 0.160606 0.629556
vt 0.554338 0.972426
vt 0.550950 0.971676
vt 0.573498 0.734179
vt 0.570124 0.733502
vt 0.575792 0.734125
vt 0.157435 0.639677
vt 0.154321 0.639868
vt 0.178512 0.893684
vt 0.186268 0.898758
vt 0.182984 0.900375
vt 0.552911 0.982619
vt 0.549594 0.981394
vt 0.572668 0.745046
vt 0.569276 0.744673
vt 0.575026 0.744288
vt 0.156322 0.649404
vt 0.153200 0.649726
vt 0.189555 0.907275
vt 0.186075 0.908385
vt 0.953969 0.726534
vt 0.960781 0.734155
vt 0.957283 0.735231
vt 0.573473 0.755511
vt 0.570108 0.755425
vt 0.575788 0.754074
vt 0.095928 0.934068
vt 0.097126 0.943399
vt 0.093737 0.943314
vt 0.191244 0.916851
vt 0.187662 0.917394
vt 0.962920 0.744435
vt 0.959324 0.745038
vt 0.575882 0.765155
vt 0.572589 0.765330
vt 0.578049 0.763093
vt 0.096018 0.953278
vt 0.092610 0.953323
vt 0.191268 0.927107
vt 0.187681 0.927045
vt 0.963639 0.755475
vt 0.960011 0.755566
vt 0.579798 0.773596
vt 0.576617 0.773994
vt 0.581720 0.770986
vt 0.096004 0.963511
vt 0.092590 0.963697
vt 0.189626 0.937633
vt 0.186132 0.936953
vt 0.962909 0.766834
vt 0.959316 0.766394
vt 0.585067 0.780496
vt 0.582033 0.781071
vt 0.586656 0.777439
vt 0.097083 0.973691
vt 0.093680 0.974022
vt 0.186385 0.948010
vt 0.183076 0.946722
vt 0.960759 0.778061
vt 0.957270 0.777093
vt 0.535841 0.493813
vt 0.532328 0.502260
vt 0.532332 0.494445
vt 0.591393 0.785512
vt 0.095893 0.984079
vt 0.181695 0.957798
vt 0.178512 0.956219
vt 0.957384 0.788432
vt 0.953969 0.787208
vt 0.177772 0.981159
vt 0.174835 0.976404
vt 0.177772 0.975236
vt 0.984494 0.310327
vt 0.988665 0.306888
vt 0.989920 0.310327
vt 0.179587 0.474658
vt 0.168760 0.482709
vt 0.177675 0.472634
vt 0.194682 0.464279
vt 0.205307 0.473161
vt 0.203456 0.474853
vt 0.196672 0.462734
vt 0.207442 0.470901
vt 0.643910 0.282686
vt 0.646806 0.294184
vt 0.643913 0.294932
vt 0.166664 0.480730
vt 0.175351 0.470887
vt 0.159447 0.493449
vt 0.157985 0.491023
vt 0.215831 0.481788
vt 0.214299 0.483722
vt 0.217467 0.479108
vt 0.031546 0.677269
vt 0.034385 0.687643
vt 0.030888 0.687625
vt 0.156410 0.488655
vt 0.146934 0.499816
vt 0.145831 0.497195
vt 0.227799 0.488202
vt 0.226623 0.490311
vt 0.228865 0.485208
vt 0.033898 0.699332
vt 0.030400 0.699311
vt 0.144843 0.494541
vt 0.886674 0.107451
vt 0.890336 0.119588
vt 0.887345 0.120183
vt 0.889654 0.106476
vt 0.892997 0.120081
vt 0.241198 0.488966
vt 0.240750 0.492157
vt 0.033600 0.711895
vt 0.030100 0.711879
vt 0.132766 0.500989
vt 0.132405 0.498164
vt 0.890752 0.133425
vt 0.887759 0.133614
vt 0.893413 0.133528
vt 0.253992 0.490238
vt 0.254189 0.493500
vt 0.033500 0.724850
vt 0.029999 0.724845
vt 0.119291 0.502260
vt 0.119575 0.499385
vt 0.890887 0.147459
vt 0.887899 0.147229
vt 0.893556 0.147172
vt 0.266756 0.488973
vt 0.267598 0.492177
vt 0.033603 0.737698
vt 0.030101 0.737713
vt 0.105924 0.500961
vt 0.106846 0.498158
vt 0.890733 0.161148
vt 0.887759 0.160506
vt 0.893418 0.160487
vt 0.279000 0.485220
vt 0.280462 0.488239
vt 0.033903 0.749947
vt 0.030401 0.749987
vt 0.093178 0.497144
vt 0.094706 0.494531
vt 0.890298 0.173969
vt 0.887346 0.172934
vt 0.893006 0.172963
vt 0.290254 0.479121
vt 0.292288 0.481836
vt 0.034389 0.761127
vt 0.030887 0.761197
vt 0.081541 0.490954
vt 0.083620 0.488644
vt 0.889596 0.185427
vt 0.886674 0.184037
vt 0.356746 0.411517
vt 0.354277 0.402636
vt 0.357714 0.402149
vt 0.300085 0.470910
vt 0.302619 0.473212
vt 0.035041 0.770808
vt 0.031540 0.770911
vt 0.071460 0.482631
vt 0.074015 0.480724
vt 0.515401 0.040882
vt 0.511918 0.030631
vt 0.515401 0.030909
vt 0.356761 0.391664
vt 0.310993 0.462774
vt 0.044809 0.269588
vt 0.048181 0.258911
vt 0.048182 0.270111
vt 0.063356 0.472563
vt 0.066116 0.470887
vt 0.386916 0.571772
vt 0.382631 0.571772
vt 0.383077 0.568485
vt 0.654106 0.242093
vt 0.650828 0.245290
vt 0.649397 0.242093
vt 0.008124 0.459251
vt 0.011641 0.468191
vt 0.008084 0.468732
vt 0.788748 0.539694
vt 0.784138 0.549318
vt 0.781317 0.547081
vt 0.747993 0.632026
vt 0.750493 0.640317
vt 0.746874 0.639620
vt 0.261248 0.937174
vt 0.260620 0.947780
vt 0.257704 0.938231
vt 0.505180 0.317570
vt 0.501947 0.327053
vt 0.501947 0.318623
vt 0.011680 0.476745
vt 0.008119 0.477439
vt 0.778378 0.557426
vt 0.775186 0.555704
vt 0.749607 0.648691
vt 0.745974 0.648151
vt 0.265731 0.956861
vt 0.262045 0.957174
vt 0.153326 0.861439
vt 0.157508 0.869104
vt 0.154687 0.870389
vt 0.161581 0.879637
vt 0.158476 0.879319
vt 0.774132 0.566355
vt 0.770667 0.565203
vt 0.748950 0.657844
vt 0.745307 0.657482
vt 0.265710 0.966536
vt 0.262026 0.966368
vt 0.155618 0.880119
vt 0.162067 0.890166
vt 0.158961 0.890046
vt 0.771529 0.575836
vt 0.767897 0.575288
vt 0.748542 0.667499
vt 0.744894 0.667329
vt 0.264171 0.975702
vt 0.260564 0.975081
vt 0.156090 0.890334
vt 0.162065 0.900882
vt 0.158950 0.900958
vt 0.770650 0.585581
vt 0.766961 0.585652
vt 0.748396 0.677362
vt 0.744748 0.677394
vt 0.261160 0.984079
vt 0.257704 0.983048
vt 0.156090 0.900722
vt 0.161575 0.911460
vt 0.158443 0.911723
vt 0.771522 0.595291
vt 0.767888 0.595980
vt 0.748514 0.687131
vt 0.744871 0.687370
vt 0.047468 0.937129
vt 0.053931 0.944773
vt 0.050328 0.945420
vt 0.155617 0.910967
vt 0.160611 0.921577
vt 0.157453 0.922014
vt 0.774119 0.604673
vt 0.770651 0.605958
vt 0.748893 0.696511
vt 0.745262 0.696953
vt 0.055467 0.954238
vt 0.051788 0.954407
vt 0.154686 0.920757
vt 0.159203 0.930925
vt 0.156012 0.931517
vt 0.778363 0.613440
vt 0.775166 0.615282
vt 0.749520 0.705215
vt 0.745907 0.705851
vt 0.055482 0.964144
vt 0.051803 0.963817
vt 0.153326 0.929794
vt 0.617360 0.137246
vt 0.613906 0.129933
vt 0.617605 0.130004
vt 0.784126 0.621325
vt 0.781297 0.623667
vt 0.750378 0.712978
vt 0.746786 0.713794
vt 0.053978 0.974190
vt 0.050374 0.973363
vt 0.229229 0.527081
vt 0.225008 0.517990
vt 0.228339 0.518970
vt 0.617363 0.121707
vt 0.788741 0.630745
vt 0.747899 0.720630
vt 0.051008 0.984079
vt 0.047468 0.983006
vt 0.225908 0.509500
vt 0.229229 0.510690
vt 0.751602 0.632795
vt 0.747551 0.629550
vt 0.750886 0.628789
vt 0.747599 0.723383
vt 0.751478 0.719735
vt 0.753390 0.721935
vt 0.597488 0.205928
vt 0.601544 0.221929
vt 0.597503 0.221229
vt 0.197766 0.495907
vt 0.202698 0.512866
vt 0.199172 0.514462
vt 0.201373 0.494865
vt 0.205971 0.513499
vt 0.595704 0.132968
vt 0.591544 0.148003
vt 0.591517 0.132457
vt 0.113001 0.800112
vt 0.107920 0.780685
vt 0.116805 0.798211
vt 0.011213 0.753390
vt 0.008418 0.734870
vt 0.012471 0.735544
vt 0.208069 0.528366
vt 0.204907 0.530964
vt 0.818349 0.369395
vt 0.817501 0.353942
vt 0.821717 0.354250
vt 0.484428 0.063945
vt 0.498660 0.072666
vt 0.495154 0.075116
vt 0.099082 0.762255
vt 0.103283 0.761633
vt 0.009051 0.715318
vt 0.013131 0.715502
vt 0.217079 0.540444
vt 0.214516 0.543826
vt 0.819230 0.336436
vt 0.823472 0.336519
vt 0.506778 0.088437
vt 0.502828 0.090030
vt 0.099076 0.742410
vt 0.103283 0.742669
vt 0.009050 0.695193
vt 0.013141 0.694892
vt 0.228997 0.548117
vt 0.227222 0.552001
vt 0.819227 0.317816
vt 0.823473 0.317640
vt 0.511012 0.106874
vt 0.506827 0.107476
vt 0.103919 0.724254
vt 0.107917 0.725331
vt 0.008416 0.676128
vt 0.012502 0.675387
vt 0.242858 0.550758
vt 0.241996 0.554822
vt 0.817495 0.299593
vt 0.821719 0.299143
vt 0.511021 0.126477
vt 0.506828 0.126036
vt 0.113218 0.709257
vt 0.116805 0.711026
vt 0.007201 0.659670
vt 0.011270 0.658571
vt 0.257537 0.548149
vt 0.257642 0.552057
vt 0.814179 0.283248
vt 0.818354 0.282531
vt 0.506808 0.145654
vt 0.502829 0.144203
vt 0.236529 0.097187
vt 0.225797 0.084519
vt 0.229814 0.083064
vt 0.260252 0.554484
vt 0.272891 0.543926
vt 0.275849 0.546138
vt 0.271842 0.540498
vt 0.927324 0.445318
vt 0.927452 0.428816
vt 0.931510 0.428966
vt 0.498719 0.162849
vt 0.495155 0.160503
vt 0.222146 0.066390
vt 0.226320 0.065739
vt 0.286507 0.531085
vt 0.289758 0.532988
vt 0.284610 0.528420
vt 0.928883 0.410723
vt 0.932977 0.410585
vt 0.487416 0.176667
vt 0.484428 0.173612
vt 0.222162 0.046370
vt 0.226329 0.046623
vt 0.297384 0.514571
vt 0.300854 0.516102
vt 0.294803 0.512893
vt 0.927522 0.392123
vt 0.931605 0.391666
vt 0.712509 0.339471
vt 0.705863 0.323192
vt 0.710117 0.323373
vt 0.225848 0.026085
vt 0.229836 0.027270
vt 0.308072 0.497323
vt 0.304520 0.495991
vt 0.927396 0.373457
vt 0.708287 0.305095
vt 0.712509 0.305745
vt 0.232689 0.007619
vt 0.236529 0.009255
vt 0.030066 0.959182
vt 0.033413 0.965099
vt 0.029793 0.965099
vt 0.553362 0.108402
vt 0.549516 0.113885
vt 0.547139 0.110372
vt 0.247175 0.155139
vt 0.243899 0.168954
vt 0.242877 0.155050
vt 0.451158 0.455623
vt 0.440718 0.465907
vt 0.447586 0.453243
vt 0.683172 0.554569
vt 0.687685 0.567499
vt 0.683172 0.567963
vt 0.452668 0.303692
vt 0.463533 0.292991
vt 0.465938 0.296680
vt 0.240122 0.156148
vt 0.241142 0.170223
vt 0.248210 0.169479
vt 0.242953 0.181410
vt 0.444047 0.468669
vt 0.430867 0.476712
vt 0.047293 0.919006
vt 0.055139 0.905823
vt 0.051667 0.919837
vt 0.477427 0.286442
vt 0.216392 0.813536
vt 0.218679 0.804529
vt 0.220469 0.814713
vt 0.247186 0.182767
vt 0.240122 0.192105
vt 0.433571 0.480138
vt 0.418608 0.484987
vt 0.050684 0.905280
vt 0.056936 0.890459
vt 0.474168 0.283497
vt 0.486174 0.273744
vt 0.214628 0.803633
vt 0.217424 0.792195
vt 0.210138 0.793066
vt 0.212735 0.778230
vt 0.213384 0.791618
vt 0.420547 0.488913
vt 0.404693 0.490222
vt 0.052434 0.890252
vt 0.056942 0.874689
vt 0.482262 0.271724
vt 0.491642 0.259372
vt 0.216780 0.778474
vt 0.209478 0.778797
vt 0.212718 0.764292
vt 0.405778 0.494454
vt 0.389977 0.492090
vt 0.052433 0.874846
vt 0.055156 0.859483
vt 0.487318 0.258401
vt 0.493500 0.244211
vt 0.216785 0.764209
vt 0.209495 0.763931
vt 0.213334 0.750661
vt 0.390172 0.496420
vt 0.375362 0.490473
vt 0.050683 0.860012
vt 0.051685 0.845778
vt 0.489028 0.244346
vt 0.491636 0.229195
vt 0.217435 0.750280
vt 0.210187 0.749379
vt 0.214542 0.738175
vt 0.374689 0.494689
vt 0.361749 0.485464
vt 0.929514 0.967263
vt 0.935426 0.953336
vt 0.934007 0.968019
vt 0.487290 0.230427
vt 0.486169 0.215248
vt 0.218690 0.737543
vt 0.352937 0.475495
vt 0.363950 0.483106
vt 0.360282 0.489366
vt 0.349977 0.477368
vt 0.930903 0.952932
vt 0.935898 0.937677
vt 0.482215 0.217499
vt 0.477440 0.203228
vt 0.220469 0.726781
vt 0.344335 0.465464
vt 0.347839 0.480780
vt 0.340772 0.466679
vt 0.931367 0.937671
vt 0.935390 0.922006
vt 0.474117 0.206356
vt 0.465990 0.193873
vt 0.986573 0.152844
vt 0.991380 0.141834
vt 0.991108 0.153306
vt 0.334746 0.454071
vt 0.338535 0.453243
vt 0.643868 0.222532
vt 0.639436 0.209976
vt 0.643886 0.209495
vt 0.930878 0.922420
vt 0.934008 0.907716
vt 0.463498 0.197680
vt 0.452762 0.187815
vt 0.986834 0.141626
vt 0.991118 0.128372
vt 0.440938 0.030762
vt 0.435459 0.035041
vt 0.434629 0.030762
vt 0.348596 0.289472
vt 0.350292 0.296392
vt 0.346036 0.296392
vt 0.758503 0.009859
vt 0.757580 0.025410
vt 0.753848 0.024137
vt 0.443669 0.822361
vt 0.437983 0.836718
vt 0.434664 0.834499
vt 0.748849 0.513583
vt 0.745628 0.526732
vt 0.744837 0.514009
vt 0.374246 0.303787
vt 0.386120 0.313412
vt 0.372241 0.306823
vt 0.374759 0.300871
vt 0.388520 0.310590
vt 0.750880 0.040395
vt 0.429061 0.848063
vt 0.749643 0.526371
vt 0.746173 0.541008
vt 0.397596 0.322712
vt 0.389206 0.307773
vt 0.400682 0.320437
vt 0.754726 0.041021
vt 0.749875 0.057406
vt 0.432660 0.849594
vt 0.427193 0.862256
vt 0.750191 0.540790
vt 0.746451 0.556319
vt 0.406280 0.334318
vt 0.659303 0.480277
vt 0.659952 0.492396
vt 0.655495 0.481486
vt 0.753756 0.057348
vt 0.750888 0.074230
vt 0.430881 0.863069
vt 0.429162 0.876293
vt 0.750470 0.556265
vt 0.746447 0.571823
vt 0.409886 0.332729
vt 0.411694 0.347590
vt 0.663872 0.491471
vt 0.663067 0.505930
vt 0.754724 0.073489
vt 0.753866 0.089938
vt 0.432742 0.876402
vt 0.434858 0.889401
vt 0.750464 0.571943
vt 0.746164 0.586661
vt 0.415624 0.346788
vt 0.413536 0.361797
vt 0.667065 0.505348
vt 0.664670 0.521342
vt 0.757575 0.088554
vt 0.758643 0.103664
vt 0.438141 0.888856
vt 0.443963 0.900856
vt 0.750175 0.586958
vt 0.745617 0.600015
vt 0.417577 0.361837
vt 0.411705 0.376154
vt 0.668706 0.521141
vt 0.664670 0.537783
vt 0.532921 0.905576
vt 0.524054 0.919423
vt 0.529328 0.904583
vt 0.405179 0.923735
vt 0.399426 0.932767
vt 0.402242 0.921238
vt 0.749618 0.600481
vt 0.744837 0.611149
vt 0.415635 0.377047
vt 0.406300 0.389870
vt 0.668707 0.537979
vt 0.663069 0.554344
vt 0.527870 0.919817
vt 0.522265 0.935602
vt 0.402519 0.934672
vt 0.397973 0.946642
vt 0.405896 0.933687
vt 0.401154 0.947839
vt 0.409905 0.391578
vt 0.397617 0.402188
vt 0.667067 0.554932
vt 0.659953 0.570113
vt 0.526160 0.935337
vt 0.524058 0.952229
vt 0.397962 0.962093
vt 0.404501 0.947008
vt 0.401158 0.962508
vt 0.400700 0.404627
vt 0.386135 0.412427
vt 0.663879 0.571064
vt 0.655495 0.584218
vt 0.527885 0.951278
vt 0.529184 0.968019
vt 0.399386 0.978229
vt 0.405896 0.977689
vt 0.402559 0.978239
vt 0.374235 0.423417
vt 0.372241 0.420124
vt 0.606416 0.496846
vt 0.610304 0.512481
vt 0.606416 0.512057
vt 0.840994 0.989282
vt 0.835656 0.989234
vt 0.837695 0.985811
vt 0.789557 0.352417
vt 0.795732 0.354450
vt 0.793373 0.357714
vt 0.728705 0.379615
vt 0.715913 0.370043
vt 0.730029 0.376267
vt 0.692147 0.493500
vt 0.686732 0.481934
vt 0.694988 0.491266
vt 0.133072 0.112425
vt 0.134126 0.095367
vt 0.137670 0.096103
vt 0.516607 0.167907
vt 0.532537 0.162010
vt 0.533609 0.165468
vt 0.271932 0.919837
vt 0.272023 0.906063
vt 0.275571 0.906444
vt 0.714180 0.373173
vt 0.703440 0.360193
vt 0.683686 0.483891
vt 0.680679 0.468589
vt 0.140155 0.078330
vt 0.549236 0.157680
vt 0.277411 0.890899
vt 0.700959 0.362711
vt 0.693497 0.347537
vt 0.677310 0.469843
vt 0.677478 0.452551
vt 0.136546 0.078050
vt 0.140166 0.061330
vt 0.547136 0.154731
vt 0.561657 0.145388
vt 0.273843 0.890775
vt 0.277375 0.874555
vt 0.690411 0.349254
vt 0.687085 0.333350
vt 0.673937 0.452993
vt 0.677457 0.435432
vt 0.136553 0.061525
vt 0.137694 0.046819
vt 0.558741 0.143242
vt 0.569624 0.129842
vt 0.273819 0.874659
vt 0.275467 0.859061
vt 0.683607 0.334151
vt 0.684852 0.319063
vt 0.673905 0.435040
vt 0.680626 0.418956
vt 0.134150 0.047459
vt 0.132983 0.036263
vt 0.566187 0.128708
vt 0.572343 0.112615
vt 0.271947 0.859338
vt 0.271878 0.845979
vt 0.681241 0.318922
vt 0.687026 0.306120
vt 0.677212 0.417796
vt 0.686671 0.404787
vt 0.297852 0.794324
vt 0.292269 0.806185
vt 0.294469 0.793076
vt 0.568729 0.112601
vt 0.569551 0.095451
vt 0.922530 0.008716
vt 0.920087 0.020722
vt 0.919013 0.008274
vt 0.683565 0.305105
vt 0.693388 0.295830
vt 0.683523 0.403002
vt 0.694988 0.394362
vt 0.295696 0.807085
vt 0.291127 0.822489
vt 0.566120 0.096546
vt 0.561542 0.080082
vt 0.923612 0.020995
vt 0.920654 0.035829
vt 0.690355 0.294095
vt 0.703302 0.289236
vt 0.288968 0.840300
vt 0.288996 0.823206
vt 0.294566 0.822907
vt 0.291163 0.840344
vt 0.558631 0.082162
vt 0.549136 0.068053
vt 0.924192 0.035949
vt 0.920663 0.052067
vt 0.700938 0.287011
vt 0.715768 0.287010
vt 0.701171 0.283779
vt 0.714256 0.284577
vt 0.294578 0.840189
vt 0.292383 0.857946
vt 0.547027 0.070895
vt 0.533595 0.060571
vt 0.924217 0.052075
vt 0.920118 0.067798
vt 0.086942 0.427453
vt 0.090524 0.438016
vt 0.086903 0.438018
vt 0.730029 0.283809
vt 0.728856 0.287074
vt 0.295728 0.857182
vt 0.294548 0.873115
vt 0.532482 0.063876
vt 0.516666 0.058337
vt 0.923690 0.067748
vt 0.919013 0.081763
vt 0.326935 0.976768
vt 0.326935 0.982619
vt 0.324381 0.981394
vt 0.121353 0.524161
vt 0.121353 0.518780
vt 0.124105 0.518990
vt 0.293035 0.658486
vt 0.294991 0.647938
vt 0.296392 0.657825
vt 0.461418 0.807300
vt 0.456739 0.797494
vt 0.462839 0.805148
vt 0.458647 0.808872
vt 0.455128 0.799378
vt 0.239828 0.765071
vt 0.243098 0.755533
vt 0.246041 0.757431
vt 0.794944 0.467219
vt 0.798902 0.457569
vt 0.801659 0.459727
vt 0.291182 0.639261
vt 0.294544 0.638779
vt 0.449906 0.790147
vt 0.451832 0.788856
vt 0.446906 0.791375
vt 0.248110 0.746762
vt 0.251297 0.748231
vt 0.804132 0.449285
vt 0.807198 0.450944
vt 0.291668 0.630834
vt 0.295017 0.630447
vt 0.446033 0.780080
vt 0.448187 0.779435
vt 0.442918 0.781040
vt 0.251840 0.737020
vt 0.255205 0.738019
vt 0.808021 0.440119
vt 0.811318 0.441222
vt 0.293068 0.623581
vt 0.296392 0.623266
vt 0.443658 0.769571
vt 0.445944 0.769599
vt 0.440467 0.770240
vt 0.254141 0.726682
vt 0.257614 0.727191
vt 0.810417 0.430427
vt 0.813856 0.430938
vt 0.979699 0.232018
vt 0.974486 0.224672
vt 0.977894 0.224648
vt 0.442873 0.759028
vt 0.445190 0.759730
vt 0.439649 0.759397
vt 0.254922 0.716153
vt 0.258430 0.716169
vt 0.811229 0.420587
vt 0.814713 0.420491
vt 0.973362 0.216021
vt 0.976778 0.216109
vt 0.443708 0.748861
vt 0.445953 0.750213
vt 0.440497 0.748931
vt 0.254153 0.705840
vt 0.257623 0.705382
vt 0.810423 0.410981
vt 0.813853 0.410288
vt 0.972981 0.206532
vt 0.976396 0.206733
vt 0.446129 0.739466
vt 0.448201 0.741418
vt 0.011680 0.983324
vt 0.008174 0.973961
vt 0.011420 0.973481
vt 0.251861 0.696145
vt 0.255224 0.695249
vt 0.808032 0.401983
vt 0.811309 0.400725
vt 0.973358 0.196576
vt 0.976762 0.196884
vt 0.450042 0.731208
vt 0.451846 0.733687
vt 0.008096 0.963142
vt 0.011334 0.962965
vt 0.248135 0.687447
vt 0.251326 0.686166
vt 0.804148 0.393943
vt 0.807177 0.392177
vt 0.974477 0.186540
vt 0.977864 0.186945
vt 0.455292 0.724406
vt 0.456745 0.727319
vt 0.008202 0.952042
vt 0.011426 0.952188
vt 0.243118 0.680085
vt 0.246082 0.678487
vt 0.798921 0.387175
vt 0.801618 0.384976
vt 0.976321 0.176606
vt 0.979699 0.177057
vt 0.461585 0.719367
vt 0.462839 0.722456
vt 0.008463 0.941380
vt 0.011680 0.941688
vt 0.239859 0.672654
vt 0.794874 0.379444
vt 0.172046 0.251130
vt 0.172046 0.245551
vt 0.175207 0.246415
vt 0.655566 0.186527
vt 0.650592 0.183997
vt 0.652492 0.181850
vt 0.624055 0.302567
vt 0.627825 0.290198
vt 0.627825 0.303692
vt 0.503598 0.457080
vt 0.520749 0.462141
vt 0.503753 0.460919
vt 0.281050 0.099228
vt 0.281646 0.082289
vt 0.284711 0.099284
vt 0.575201 0.436439
vt 0.592196 0.433217
vt 0.593242 0.436558
vt 0.574810 0.433050
vt 0.592228 0.429877
vt 0.519370 0.464809
vt 0.536357 0.469059
vt 0.534259 0.471404
vt 0.538069 0.465860
vt 0.277946 0.063430
vt 0.281612 0.063533
vt 0.608190 0.427779
vt 0.610457 0.430700
vt 0.899685 0.419037
vt 0.899447 0.402963
vt 0.903313 0.404035
vt 0.548984 0.480874
vt 0.546305 0.482672
vt 0.551680 0.478592
vt 0.281048 0.045454
vt 0.284711 0.045592
vt 0.621136 0.417368
vt 0.624390 0.419491
vt 0.901278 0.386684
vt 0.905236 0.386915
vt 0.557184 0.496234
vt 0.554132 0.497324
vt 0.560521 0.495145
vt 0.156293 0.365015
vt 0.155480 0.346295
vt 0.159146 0.346620
vt 0.629551 0.403174
vt 0.633445 0.404213
vt 0.901277 0.370257
vt 0.905233 0.369637
vt 0.560020 0.513381
vt 0.556842 0.513683
vt 0.563583 0.513625
vt 0.155480 0.327762
vt 0.159143 0.328126
vt 0.632471 0.386821
vt 0.636586 0.386612
vt 0.899446 0.355562
vt 0.903305 0.354177
vt 0.557170 0.530351
vt 0.554126 0.529878
vt 0.560514 0.531917
vt 0.152618 0.311247
vt 0.156284 0.311651
vt 0.629561 0.370180
vt 0.633453 0.368702
vt 0.895994 0.344280
vt 0.899671 0.342304
vt 0.548959 0.545203
vt 0.546295 0.544056
vt 0.551668 0.547927
vt 0.937508 0.095814
vt 0.942808 0.112846
vt 0.938648 0.112924
vt 0.621153 0.355154
vt 0.624403 0.352532
vt 0.954020 0.644480
vt 0.956358 0.660621
vt 0.952607 0.659878
vt 0.959059 0.677009
vt 0.956162 0.677042
vt 0.538057 0.559825
vt 0.536330 0.556239
vt 0.943198 0.131594
vt 0.939037 0.131626
vt 0.608207 0.343463
vt 0.610473 0.339953
vt 0.952404 0.677155
vt 0.613205 0.953703
vt 0.619065 0.966538
vt 0.614888 0.966480
vt 0.521240 0.566249
vt 0.520727 0.562196
vt 0.942789 0.149799
vt 0.938629 0.149781
vt 0.592203 0.336446
vt 0.593254 0.332403
vt 0.957136 0.693368
vt 0.953434 0.694337
vt 0.617363 0.982619
vt 0.613205 0.982209
vt 0.503598 0.566503
vt 0.503738 0.562385
vt 0.941668 0.164987
vt 0.937508 0.164946
vt 0.575210 0.330756
vt 0.955604 0.709588
vt 0.822040 0.118265
vt 0.824194 0.111902
vt 0.826393 0.114333
vt 0.742633 0.744904
vt 0.747550 0.747154
vt 0.745672 0.750470
vt 0.509785 0.835135
vt 0.506336 0.822028
vt 0.512481 0.833798
vt 0.507076 0.836614
vt 0.503481 0.823041
vt 0.237894 0.344140
vt 0.239454 0.356563
vt 0.236413 0.357193
vt 0.085843 0.686228
vt 0.089397 0.674346
vt 0.092732 0.675980
vt 0.153316 0.727490
vt 0.151005 0.739889
vt 0.149571 0.727873
vt 0.501803 0.809895
vt 0.500767 0.824503
vt 0.498686 0.810251
vt 0.236433 0.369757
vt 0.098101 0.664348
vt 0.154766 0.739695
vt 0.150995 0.750704
vt 0.499009 0.797779
vt 0.495977 0.811682
vt 0.495729 0.797481
vt 0.239459 0.368484
vt 0.237975 0.381075
vt 0.094578 0.663131
vt 0.101794 0.651744
vt 0.154755 0.750875
vt 0.149571 0.760191
vt 0.498067 0.786160
vt 0.683962 0.794272
vt 0.686346 0.783113
vt 0.687688 0.794224
vt 0.897684 0.629831
vt 0.906431 0.625295
vt 0.900562 0.632205
vt 0.098143 0.650971
vt 0.103664 0.638666
vt 0.852127 0.810333
vt 0.851287 0.799907
vt 0.855594 0.809110
vt 0.494725 0.785239
vt 0.499017 0.775501
vt 0.682622 0.783129
vt 0.685423 0.770565
vt 0.903264 0.623256
vt 0.910476 0.616400
vt 0.099950 0.638347
vt 0.103639 0.625635
vt 0.847679 0.800840
vt 0.848312 0.789161
vt 0.495715 0.774011
vt 0.501820 0.766225
vt 0.681701 0.770556
vt 0.684954 0.757078
vt 0.907112 0.614799
vt 0.912537 0.605875
vt 0.099929 0.625760
vt 0.101720 0.613166
vt 0.844604 0.789746
vt 0.846785 0.777297
vt 0.498661 0.764244
vt 0.506368 0.758701
vt 0.681235 0.757051
vt 0.684958 0.743187
vt 0.909075 0.604798
vt 0.912532 0.594137
vt 0.098078 0.613710
vt 0.097984 0.601754
vt 0.843026 0.777490
vt 0.846767 0.764787
vt 0.503445 0.756325
vt 0.512481 0.753228
vt 0.681242 0.743150
vt 0.685433 0.729442
vt 0.909079 0.593649
vt 0.910463 0.581653
vt 0.094471 0.602675
vt 0.092580 0.591851
vt 0.843007 0.764558
vt 0.848257 0.752127
vt 0.013141 0.065038
vt 0.009505 0.074483
vt 0.009643 0.066303
vt 0.681720 0.729405
vt 0.686360 0.716390
vt 0.907124 0.581794
vt 0.906410 0.568918
vt 0.089251 0.593092
vt 0.085724 0.583849
vt 0.844549 0.751464
vt 0.851197 0.739818
vt 0.010772 0.083309
vt 0.007318 0.083866
vt 0.682651 0.716362
vt 0.687688 0.704768
vt 0.903288 0.569705
vt 0.900665 0.556661
vt 0.527081 0.433037
vt 0.523398 0.442398
vt 0.523405 0.433473
vt 0.852059 0.726774
vt 0.855594 0.728070
vt 0.984080 0.577537
vt 0.979896 0.581103
vt 0.979156 0.577537
vt 0.011150 0.087604
vt 0.007551 0.086520
vt 0.379221 0.388152
vt 0.377716 0.366136
vt 0.381075 0.365235
vt 0.856738 0.567750
vt 0.861151 0.589555
vt 0.857480 0.589344
vt 0.863375 0.567248
vt 0.860402 0.568249
vt 0.470139 0.379593
vt 0.466098 0.398524
vt 0.466045 0.379985
vt 0.801873 0.007368
vt 0.805563 0.029115
vt 0.801487 0.028874
vt 0.375931 0.343573
vt 0.857745 0.611787
vt 0.864117 0.589060
vt 0.861466 0.611446
vt 0.069045 0.008208
vt 0.085850 0.020142
vt 0.067371 0.011735
vt 0.801393 0.052956
vt 0.372804 0.345732
vt 0.364365 0.326068
vt 0.857485 0.632720
vt 0.278871 0.246531
vt 0.269163 0.259806
vt 0.275926 0.244299
vt 0.088530 0.017119
vt 0.100877 0.035255
vt 0.805448 0.052892
vt 0.801554 0.076359
vt 0.361855 0.329245
vt 0.347735 0.314741
vt 0.861265 0.631938
vt 0.856738 0.649726
vt 0.271848 0.262767
vt 0.255812 0.272398
vt 0.104346 0.033066
vt 0.110694 0.055340
vt 0.805581 0.075921
vt 0.801961 0.096364
vt 0.346149 0.318571
vt 0.327983 0.310889
vt 0.750470 0.397061
vt 0.737224 0.413434
vt 0.747049 0.396028
vt 0.257880 0.275970
vt 0.237415 0.280619
vt 0.114657 0.054202
vt 0.114145 0.078077
vt 0.938818 0.722583
vt 0.934721 0.743720
vt 0.934837 0.721876
vt 0.327512 0.314929
vt 0.307410 0.314945
vt 0.740806 0.414057
vt 0.732034 0.434516
vt 0.238569 0.284597
vt 0.216099 0.283518
vt 0.118265 0.078077
vt 0.110809 0.100832
vt 0.938671 0.744082
vt 0.934755 0.767811
vt 0.308106 0.318721
vt 0.288402 0.326420
vt 0.735662 0.434726
vt 0.732073 0.456827
vt 0.216142 0.287632
vt 0.194332 0.280761
vt 0.114750 0.101920
vt 0.101054 0.120959
vt 0.938669 0.767714
vt 0.934944 0.791352
vt 0.290173 0.329490
vt 0.273161 0.343969
vt 0.735648 0.456675
vt 0.737330 0.477782
vt 0.193199 0.284704
vt 0.174637 0.272667
vt 0.104521 0.122962
vt 0.085996 0.136110
vt 0.270153 0.342328
vt 0.285782 0.324432
vt 0.275782 0.345971
vt 0.263447 0.365547
vt 0.740778 0.477359
vt 0.747189 0.494960
vt 0.172405 0.276137
vt 0.159300 0.260176
vt 0.088767 0.138756
vt 0.067371 0.144511
vt 0.260147 0.364407
vt 0.266587 0.366245
vt 0.260324 0.388366
vt 0.423705 0.417150
vt 0.427797 0.397547
vt 0.427797 0.417577
vt 0.146522 0.246602
vt 0.149952 0.244299
vt 0.575263 0.975264
vt 0.572208 0.954847
vt 0.575263 0.953802
vt 0.256948 0.387517
vt 0.833694 0.593222
vt 0.830184 0.597164
vt 0.829421 0.593222
vt 0.550805 0.815414
vt 0.554822 0.814436
vt 0.554822 0.818488
vt 0.288459 0.149836
vt 0.301512 0.160978
vt 0.286658 0.153221
vt 0.943941 0.008285
vt 0.945041 0.024858
vt 0.941397 0.024704
vt 0.068517 0.350471
vt 0.079176 0.363996
vt 0.076662 0.365741
vt 0.071275 0.349134
vt 0.081770 0.362207
vt 0.443858 0.501938
vt 0.430276 0.507231
vt 0.441842 0.498708
vt 0.303697 0.157824
vt 0.314144 0.172064
vt 0.940501 0.042370
vt 0.088303 0.378957
vt 0.090204 0.376489
vt 0.432058 0.510615
vt 0.416444 0.513574
vt 0.317002 0.169503
vt 0.323818 0.185819
vt 0.944157 0.042440
vt 0.941361 0.059818
vt 0.102552 0.388983
vt 0.092455 0.374335
vt 0.103696 0.385964
vt 0.417688 0.517205
vt 0.400966 0.517535
vt 0.327188 0.183990
vt 0.329907 0.201359
vt 0.945022 0.059793
vt 0.943925 0.075923
vt 0.118489 0.395175
vt 0.105540 0.383542
vt 0.118780 0.391810
vt 0.401597 0.521322
vt 0.384840 0.518862
vt 0.333596 0.200351
vt 0.332018 0.217681
vt 0.854174 0.474326
vt 0.860240 0.459670
vt 0.857940 0.474519
vt 0.135084 0.397136
vt 0.120180 0.389233
vt 0.134485 0.393653
vt 0.384822 0.522701
vt 0.369106 0.517468
vt 0.335813 0.217530
vt 0.330009 0.233732
vt 0.856456 0.459552
vt 0.861430 0.442858
vt 0.151268 0.394740
vt 0.884397 0.324453
vt 0.888719 0.311083
vt 0.887873 0.325593
vt 0.368447 0.521250
vt 0.354780 0.513446
vt 0.333695 0.234418
vt 0.324010 0.248476
vt 0.857636 0.442837
vt 0.861435 0.425165
vt 0.149798 0.391377
vt 0.165997 0.388146
vt 0.885208 0.310370
vt 0.889163 0.294979
vt 0.353527 0.517062
vt 0.342785 0.507055
vt 0.327377 0.249926
vt 0.314404 0.260961
vt 0.857636 0.425260
vt 0.860250 0.407733
vt 0.163732 0.385130
vt 0.178322 0.377778
vt 0.885630 0.294729
vt 0.889176 0.278320
vt 0.341027 0.510405
vt 0.333895 0.498708
vt 0.317266 0.263052
vt 0.301809 0.270380
vt 0.856457 0.407954
vt 0.857953 0.391688
vt 0.175391 0.375318
vt 0.187449 0.364308
vt 0.885633 0.278539
vt 0.888756 0.262181
vt 0.301215 0.267433
vt 0.313321 0.258398
vt 0.288799 0.278871
vt 0.286968 0.276131
vt 0.561365 0.309125
vt 0.565040 0.293029
vt 0.565043 0.309532
vt 0.184024 0.362574
vt 0.192728 0.348880
vt 0.885217 0.262845
vt 0.887929 0.247441
vt 0.286658 0.273047
vt 0.463563 0.501900
vt 0.463563 0.508100
vt 0.460009 0.506969
vt 0.309532 0.966073
vt 0.304877 0.963183
vt 0.306655 0.960612
vt 0.924260 0.282621
vt 0.920975 0.295870
vt 0.920208 0.283616
vt 0.465781 0.314608
vt 0.473822 0.325594
vt 0.463051 0.318182
vt 0.138706 0.802290
vt 0.132992 0.814744
vt 0.134215 0.802325
vt 0.291920 0.600019
vt 0.284568 0.607268
vt 0.281350 0.604671
vt 0.294801 0.602790
vt 0.284924 0.611175
vt 0.925518 0.308259
vt 0.921430 0.308460
vt 0.486382 0.332499
vt 0.482657 0.335115
vt 0.136698 0.828551
vt 0.132212 0.828526
vt 0.276154 0.613939
vt 0.272356 0.611805
vt 0.685596 0.585219
vt 0.681736 0.595297
vt 0.677829 0.593443
vt 0.925677 0.321530
vt 0.921580 0.321190
vt 0.493470 0.344565
vt 0.489273 0.346378
vt 0.136428 0.842824
vt 0.131945 0.842755
vt 0.269856 0.622531
vt 0.265624 0.620993
vt 0.675849 0.605101
vt 0.671659 0.603716
vt 0.925512 0.334336
vt 0.921420 0.333476
vt 0.497856 0.357946
vt 0.493366 0.358869
vt 0.136685 0.856892
vt 0.132202 0.856779
vt 0.265964 0.632652
vt 0.261464 0.631814
vt 0.671757 0.616411
vt 0.667369 0.615568
vt 0.925031 0.346090
vt 0.920956 0.344754
vt 0.499340 0.372028
vt 0.494751 0.372014
vt 0.137456 0.870112
vt 0.132971 0.869953
vt 0.264656 0.643838
vt 0.260066 0.643772
vt 0.669645 0.628707
vt 0.665155 0.628455
vt 0.924254 0.356254
vt 0.920208 0.354509
vt 0.497854 0.386166
vt 0.493363 0.385211
vt 0.138706 0.881875
vt 0.134218 0.881675
vt 0.265993 0.655575
vt 0.261494 0.656319
vt 0.669613 0.641425
vt 0.665120 0.641788
vt 0.980695 0.740199
vt 0.985349 0.747476
vt 0.981220 0.748879
vt 0.493466 0.399712
vt 0.489267 0.397854
vt 0.295271 0.179379
vt 0.300537 0.191883
vt 0.295972 0.191838
vt 0.269913 0.667327
vt 0.265684 0.668881
vt 0.671660 0.653984
vt 0.667265 0.654953
vt 0.985540 0.758382
vt 0.981400 0.759342
vt 0.486377 0.412045
vt 0.482651 0.409364
vt 0.300772 0.205567
vt 0.296206 0.205477
vt 0.276238 0.678554
vt 0.272444 0.680881
vt 0.675692 0.665806
vt 0.671492 0.667349
vt 0.985363 0.770645
vt 0.981228 0.771108
vt 0.476913 0.422599
vt 0.473818 0.419213
vt 0.300527 0.219809
vt 0.295961 0.219668
vt 0.284677 0.688741
vt 0.281462 0.691770
vt 0.681526 0.676351
vt 0.677608 0.678407
vt 0.984821 0.783849
vt 0.980695 0.784051
vt 0.465779 0.430717
vt 0.463051 0.427034
vt 0.299837 0.233609
vt 0.295271 0.233443
vt 0.292053 0.700828
vt 0.685400 0.687688
vt 0.719809 0.509746
vt 0.713920 0.513941
vt 0.713229 0.509746
vt 0.188621 0.692091
vt 0.192964 0.686103
vt 0.195648 0.689827
vt 0.014249 0.030744
vt 0.018506 0.040921
vt 0.011457 0.033204
vt 0.073508 0.982397
vt 0.076387 0.972938
vt 0.077383 0.982619
vt 0.711561 0.390573
vt 0.715343 0.399684
vt 0.711476 0.398851
vt 0.078772 0.647394
vt 0.074577 0.657824
vt 0.071364 0.655348
vt 0.972708 0.347464
vt 0.975569 0.357434
vt 0.971487 0.357061
vt 0.021480 0.038675
vt 0.024050 0.049465
vt 0.072492 0.972479
vt 0.076384 0.963920
vt 0.711416 0.408445
vt 0.065294 0.664539
vt 0.970763 0.367083
vt 0.027338 0.047690
vt 0.028124 0.058800
vt 0.072484 0.963020
vt 0.077383 0.955825
vt 0.715278 0.409090
vt 0.711372 0.418893
vt 0.068880 0.666447
vt 0.060836 0.674590
vt 0.974858 0.367271
vt 0.970525 0.377409
vt 0.031645 0.057540
vt 0.030615 0.068666
vt 0.034284 0.056746
vt 0.034283 0.067956
vt 0.715230 0.419326
vt 0.711348 0.429905
vt 0.064696 0.675878
vt 0.058114 0.685225
vt 0.974624 0.377410
vt 0.970778 0.387752
vt 0.031455 0.078793
vt 0.037038 0.067682
vt 0.035176 0.078649
vt 0.715200 0.430109
vt 0.711345 0.441177
vt 0.062141 0.685855
vt 0.057201 0.696149
vt 0.974872 0.387573
vt 0.971515 0.397827
vt 0.030619 0.088899
vt 0.037962 0.078906
vt 0.034301 0.089325
vt 0.715191 0.441141
vt 0.711362 0.452399
vt 0.061284 0.696103
vt 0.058123 0.707060
vt 0.975597 0.397479
vt 0.972718 0.407356
vt 0.028131 0.098707
vt 0.037028 0.090106
vt 0.031680 0.099689
vt 0.715201 0.452117
vt 0.711400 0.463259
vt 0.062148 0.706340
vt 0.060854 0.717656
vt 0.061322 0.164071
vt 0.056935 0.172561
vt 0.057266 0.163605
vt 0.024058 0.107945
vt 0.034264 0.100975
vt 0.027384 0.109453
vt 0.715232 0.462735
vt 0.711459 0.473459
vt 0.064709 0.716282
vt 0.065316 0.727647
vt 0.061000 0.172869
vt 0.056822 0.182254
vt 0.018514 0.116358
vt 0.029745 0.111212
vt 0.021532 0.118349
vt 0.715282 0.472700
vt 0.711536 0.482716
vt 0.068895 0.725654
vt 0.071386 0.736755
vt 0.060891 0.182396
vt 0.056930 0.192414
vt 0.014290 0.126107
vt 0.011457 0.123896
vt 0.016183 0.128485
vt 0.715351 0.481739
vt 0.711616 0.490580
vt 0.074591 0.734199
vt 0.078780 0.744630
vt 0.061000 0.192388
vt 0.057254 0.202948
vt 0.474519 0.769972
vt 0.470620 0.775291
vt 0.468211 0.772002
vt 0.808473 0.646806
vt 0.808473 0.640264
vt 0.811792 0.641852
vt 0.880394 0.470048
vt 0.524161 0.415301
vt 0.830773 0.010132
vt 0.837307 0.498372
vt 0.507524 0.197000
vt 0.591891 0.353150
vt 0.991380 0.805053
vt 0.524161 0.522431
vt 0.635032 0.973859
vt 0.636900 0.967966
vt 0.849754 0.018942
vt 0.844123 0.020555
vt 0.689036 0.963670
vt 0.976556 0.705752
vt 0.120302 0.951753
vt 0.546062 0.284755
vt 0.619667 0.864459
vt 0.430950 0.908396
vt 0.673087 0.906799
vt 0.673087 0.947085
vt 0.546062 0.389750
vt 0.222971 0.262203
vt 0.229229 0.260182
vt 0.725564 0.320919
vt 0.729226 0.315932
vt 0.592784 0.697520
vt 0.246750 0.431075
vt 0.159028 0.608139
vt 0.554346 0.950026
vt 0.181512 0.891641
vt 0.957309 0.725043
vt 0.099284 0.934268
vt 0.535841 0.501524
vt 0.592784 0.782274
vt 0.099284 0.983677
vt 0.179587 0.978175
vt 0.174835 0.980065
vt 0.987342 0.312453
vt 0.985312 0.306888
vt 0.170534 0.484879
vt 0.199026 0.460716
vt 0.646806 0.281940
vt 0.035041 0.677276
vt 0.892322 0.107345
vt 0.353331 0.411737
vt 0.511926 0.040753
vt 0.353331 0.392295
vt 0.308241 0.460716
vt 0.044809 0.258398
vt 0.385725 0.568485
vt 0.385003 0.573803
vt 0.651423 0.240118
vt 0.653738 0.245290
vt 0.011680 0.458798
vt 0.791352 0.542166
vt 0.264230 0.946972
vt 0.505171 0.326211
vt 0.156089 0.859712
vt 0.160623 0.869616
vt 0.050921 0.936038
vt 0.613666 0.137039
vt 0.225952 0.526506
vt 0.613666 0.121707
vt 0.791352 0.628179
vt 0.753390 0.630795
vt 0.750993 0.724189
vt 0.601544 0.206808
vt 0.204656 0.495610
vt 0.595704 0.148926
vt 0.103935 0.782176
vt 0.007201 0.752263
vt 0.814179 0.368913
vt 0.487313 0.060845
vt 0.232820 0.099284
vt 0.923340 0.444934
vt 0.708383 0.340194
vt 0.301684 0.494865
vt 0.923340 0.374075
vt 0.027725 0.961442
vt 0.033581 0.961442
vt 0.549516 0.106984
vt 0.553362 0.112667
vt 0.687688 0.554253
vt 0.450747 0.299713
vt 0.244150 0.194188
vt 0.047293 0.846662
vt 0.211513 0.736039
vt 0.216266 0.727604
vt 0.338126 0.469459
vt 0.639436 0.223389
vt 0.929514 0.908336
vt 0.450747 0.191877
vt 0.986573 0.128293
vt 0.438015 0.028117
vt 0.439358 0.035041
vt 0.344988 0.292115
vt 0.351874 0.292115
vt 0.762150 0.011432
vt 0.446778 0.824902
vt 0.401659 0.317876
vt 0.762150 0.101711
vt 0.446778 0.899744
vt 0.748826 0.611765
vt 0.404493 0.961859
vt 0.388527 0.415472
vt 0.659320 0.585483
vt 0.532921 0.966728
vt 0.610299 0.497095
vt 0.840994 0.985841
vt 0.837695 0.991380
vt 0.789557 0.356458
vt 0.793374 0.351176
vt 0.129582 0.111478
vt 0.516094 0.164323
vt 0.268408 0.919336
vt 0.129582 0.037265
vt 0.268408 0.846358
vt 0.692194 0.392151
vt 0.715113 0.281275
vt 0.090524 0.427139
vt 0.297852 0.872062
vt 0.516094 0.061751
vt 0.922590 0.081694
vt 0.324381 0.977777
vt 0.328513 0.979760
vt 0.124105 0.522316
vt 0.119652 0.521976
vt 0.291627 0.648535
vt 0.452275 0.800844
vt 0.237026 0.762981
vt 0.792370 0.464838
vt 0.976308 0.232149
vt 0.008433 0.984079
vt 0.237026 0.674387
vt 0.792370 0.381823
vt 0.175207 0.249863
vt 0.170092 0.248465
vt 0.655566 0.183413
vt 0.652492 0.186888
vt 0.624060 0.288780
vt 0.521245 0.458406
vt 0.277982 0.082218
vt 0.575263 0.429679
vt 0.895994 0.417231
vt 0.152618 0.364725
vt 0.941664 0.095700
vt 0.957705 0.645983
vt 0.959258 0.659804
vt 0.617301 0.953148
vt 0.574810 0.334910
vt 0.959258 0.708223
vt 0.825062 0.118265
vt 0.821504 0.114333
vt 0.742633 0.749079
vt 0.745672 0.743714
vt 0.240910 0.343844
vt 0.082623 0.684403
vt 0.493029 0.798890
vt 0.240910 0.379220
vt 0.153284 0.760691
vt 0.509878 0.750571
vt 0.013003 0.073677
vt 0.082623 0.585342
vt 0.847592 0.738726
vt 0.683979 0.704744
vt 0.897684 0.557770
vt 0.527081 0.441816
vt 0.981741 0.575333
vt 0.982939 0.581103
vt 0.013141 0.085619
vt 0.375884 0.388376
vt 0.470139 0.398596
vt 0.805952 0.007737
vt 0.864355 0.612018
vt 0.860582 0.648652
vt 0.805952 0.095535
vt 0.938818 0.790736
vt 0.750470 0.494378
vt 0.156184 0.262911
vt 0.069318 0.147466
vt 0.263595 0.388376
vt 0.423700 0.397247
vt 0.572229 0.976779
vt 0.831590 0.590785
vt 0.832825 0.597164
vt 0.552339 0.819093
vt 0.552339 0.812536
vt 0.947578 0.008476
vt 0.074004 0.347560
vt 0.947578 0.075797
vt 0.135432 0.391040
vt 0.331755 0.501708
vt 0.304014 0.272949
vt 0.854174 0.392035
vt 0.561365 0.292681
vt 0.189131 0.347560
vt 0.884397 0.248312
vt 0.460009 0.503137
vt 0.465759 0.504968
vt 0.309532 0.962398
vt 0.306655 0.966559
vt 0.925042 0.295133
vt 0.476918 0.322302
vt 0.137481 0.814728
vt 0.294932 0.606811
vt 0.689148 0.587447
vt 0.984799 0.738427
vt 0.299834 0.179384
vt 0.294932 0.697487
vt 0.689148 0.685406
vt 0.716869 0.507154
vt 0.717986 0.513941
vt 0.192964 0.693528
vt 0.188621 0.687503
vt 0.715429 0.391493
vt 0.081763 0.650129
vt 0.976779 0.347927
vt 0.073528 0.954535
vt 0.976779 0.406853
vt 0.023596 0.120534
vt 0.715429 0.489505
vt 0.081763 0.741819
vt 0.061322 0.202840
vt 0.470620 0.768715
vt 0.474519 0.774037
vt 0.811792 0.645895
vt 0.806421 0.643326
s 1
f 2/1/2 6/2/6 1/3/1
f 2/4/2 8/5/8 7/6/7
f 3/7/3 9/8/9 8/9/8
f 5/10/5 9/11/9 4/12/4
f 1/13/1 10/14/10 5/15/5
f 6/2/6 12/16/12 11/17/11
f 7/6/7 13/18/13 12/19/12
f 8/9/8 14/20/14 13/21/13
f 9/11/9 15/22/15 14/23/14
f 10/14/10 11/24/11 15/25/15
f 11/17/11 17/26/17 16/27/16
f 12/19/12 18/28/18 17/29/17
f 13/21/13 19/30/19 18/31/18
f 14/23/14 20/32/20 19/33/19
f 15/25/15 16/34/16 20/35/20
f 16/27/16 22/36/22 21/37/21
f 17/29/17 23/38/23 22/39/22
f 18/31/18 24/40/24 23/41/23
f 19/33/19 25/42/25 24/43/24
f 20/35/20 21/44/21 25/45/25
f 21/37/21 27/46/27 26/47/26
f 22/39/22 28/48/28 27/49/27
f 23/41/23 29/50/29 28/51/28
f 24/43/24 30/52/30 29/53/29
f 25/45/25 26/54/26 30/55/30
f 26/47/26 32/56/32 31/57/31
f 27/49/27 33/58/33 32/59/32
f 28/51/28 34/60/34 33/61/33
f 29/53/29 35/62/35 34/63/34
f 30/55/30 31/64/31 35/65/35
f 31/66/31 37/67/37 36/68/36
f 32/59/32 38/69/38 37/70/37
f 33/61/33 39/71/39 38/72/38
f 34/63/34 40/73/40 39/74/39
f 35/65/35 36/75/36 40/76/40
f 36/68/36 42/77/42 41/78/41
f 37/70/37 43/79/43 42/80/42
f 38/81/38 44/82/44 43/83/43
f 39/84/39 45/85/45 44/82/44
f 40/76/40 41/86/41 45/87/45
f 41/78/41 47/88/47 46/89/46
f 42/80/42 48/90/48 47/91/47
f 43/83/43 49/92/49 48/93/48
f 44/82/44 50/94/50 49/92/49
f 45/87/45 46/95/46 50/96/50
f 46/89/46 52/97/52 51/98/51
f 48/90/48 52/99/52 47/91/47
f 49/92/49 53/100/53 48/93/48
f 49/92/49 55/101/55 54/102/54
f 50/96/50 51/103/51 55/104/55
f 4/105/4 2/106/2 1/107/1
f 52/108/52 54/109/54 55/110/55
f 56/111/56 62/112/62 61/113/61
f 58/114/58 62/115/62 57/116/57
f 59/117/59 63/118/63 58/119/58
f 60/120/60 64/121/64 59/117/59
f 60/122/60 61/123/61 65/124/65
f 61/113/61 67/125/67 66/126/66
f 62/115/62 68/127/68 67/128/67
f 63/118/63 69/129/69 68/130/68
f 64/121/64 70/131/70 69/129/69
f 65/124/65 66/132/66 70/133/70
f 66/126/66 72/134/72 71/135/71
f 67/128/67 73/136/73 72/137/72
f 68/130/68 74/138/74 73/139/73
f 69/140/69 75/141/75 74/142/74
f 70/133/70 71/143/71 75/141/75
f 71/135/71 77/144/77 76/145/76
f 72/137/72 78/146/78 77/147/77
f 73/139/73 79/148/79 78/149/78
f 74/142/74 80/150/80 79/151/79
f 75/141/75 76/152/76 80/150/80
f 76/145/76 82/153/82 81/154/81
f 77/155/77 83/156/83 82/157/82
f 78/149/78 84/158/84 83/159/83
f 79/151/79 85/160/85 84/161/84
f 80/150/80 81/162/81 85/160/85
f 81/154/81 87/163/87 86/164/86
f 82/157/82 88/165/88 87/166/87
f 83/159/83 89/167/89 88/168/88
f 84/169/84 90/170/90 89/171/89
f 85/160/85 86/172/86 90/173/90
f 86/174/86 92/175/92 91/176/91
f 87/166/87 93/177/93 92/178/92
f 88/179/88 94/180/94 93/181/93
f 89/171/89 95/182/95 94/180/94
f 90/173/90 91/183/91 95/184/95
f 91/176/91 97/185/97 96/186/96
f 92/178/92 98/187/98 97/188/97
f 93/181/93 99/189/99 98/190/98
f 94/180/94 100/191/100 99/189/99
f 95/184/95 96/192/96 100/193/100
f 96/186/96 102/194/102 101/195/101
f 97/188/97 103/196/103 102/197/102
f 98/190/98 104/198/104 103/199/103
f 99/189/99 105/200/105 104/198/104
f 100/193/100 101/201/101 105/202/105
f 102/194/102 106/203/106 101/195/101
f 102/197/102 108/204/108 107/205/107
f 103/199/103 109/206/109 108/207/108
f 104/198/104 110/208/110 109/206/109
f 101/201/101 110/209/110 105/202/105
f 59/210/59 57/211/57 56/212/56
f 107/213/107 109/214/109 110/215/110
f 111/216/111 117/217/117 116/218/116
f 112/219/112 118/220/118 117/217/117
f 113/221/113 119/222/119 118/223/118
f 115/224/115 119/225/119 114/226/114
f 111/227/111 120/228/120 115/229/115
f 116/218/116 122/230/122 121/231/121
f 117/217/117 123/232/123 122/230/122
f 118/233/118 124/234/124 123/235/123
f 119/225/119 125/236/125 124/234/124
f 120/228/120 121/237/121 125/238/125
f 121/231/121 127/239/127 126/240/126
f 122/230/122 128/241/128 127/239/127
f 123/235/123 129/242/129 128/243/128
f 124/234/124 130/244/130 129/242/129
f 125/238/125 126/245/126 130/246/130
f 126/240/126 132/247/132 131/248/131
f 127/239/127 133/249/133 132/247/132
f 128/243/128 134/250/134 133/251/133
f 129/252/129 135/253/135 134/254/134
f 130/246/130 131/255/131 135/256/135
f 131/248/131 137/257/137 136/258/136
f 132/247/132 138/259/138 137/257/137
f 133/251/133 139/260/139 138/261/138
f 134/254/134 140/262/140 139/263/139
f 135/264/135 136/265/136 140/266/140
f 136/258/136 142/267/142 141/268/141
f 137/257/137 143/269/143 142/267/142
f 138/270/138 144/271/144 143/272/143
f 139/263/139 145/273/145 144/274/144
f 140/266/140 141/275/141 145/276/145
f 141/268/141 147/277/147 146/278/146
f 142/267/142 148/279/148 147/277/147
f 143/272/143 149/280/149 148/281/148
f 144/274/144 150/282/150 149/283/149
f 145/276/145 146/284/146 150/285/150
f 146/278/146 152/286/152 151/287/151
f 147/277/147 153/288/153 152/286/152
f 148/281/148 154/289/154 153/290/153
f 149/283/149 155/291/155 154/292/154
f 150/285/150 151/293/151 155/294/155
f 151/287/151 157/295/157 156/296/156
f 152/286/152 158/297/158 157/295/157
f 153/290/153 159/298/159 158/299/158
f 154/292/154 160/300/160 159/301/159
f 155/294/155 156/302/156 160/303/160
f 157/304/157 161/305/161 156/306/156
f 158/297/158 162/307/162 157/295/157
f 159/298/159 163/308/163 158/299/158
f 159/301/159 165/309/165 164/310/164
f 160/303/160 161/311/161 165/312/165
f 114/313/114 112/314/112 111/315/111
f 162/316/162 164/317/164 165/318/165
f 167/319/167 171/320/171 166/321/166
f 167/322/167 173/323/173 172/324/172
f 168/325/168 174/326/174 173/323/173
f 169/327/169 175/328/175 174/329/174
f 166/321/166 175/330/175 170/331/170
f 171/320/171 177/332/177 176/333/176
f 172/324/172 178/334/178 177/335/177
f 173/323/173 179/336/179 178/334/178
f 174/337/174 180/338/180 179/339/179
f 175/330/175 176/333/176 180/340/180
f 176/333/176 182/341/182 181/342/181
f 177/335/177 183/343/183 182/344/182
f 178/334/178 184/345/184 183/343/183
f 179/339/179 185/346/185 184/347/184
f 180/340/180 181/342/181 185/348/185
f 181/349/181 187/350/187 186/351/186
f 182/352/182 188/353/188 187/350/187
f 183/343/183 189/354/189 188/355/188
f 184/347/184 190/356/190 189/357/189
f 185/348/185 186/358/186 190/359/190
f 186/351/186 192/360/192 191/361/191
f 187/350/187 193/362/193 192/360/192
f 188/355/188 194/363/194 193/364/193
f 189/357/189 195/365/195 194/366/194
f 190/359/190 191/367/191 195/368/195
f 191/361/191 197/369/197 196/370/196
f 192/360/192 198/371/198 197/369/197
f 193/364/193 199/372/199 198/373/198
f 194/366/194 200/374/200 199/375/199
f 195/368/195 196/376/196 200/377/200
f 196/370/196 202/378/202 201/379/201
f 197/369/197 203/380/203 202/378/202
f 198/373/198 204/381/204 203/382/203
f 199/375/199 205/383/205 204/384/204
f 200/377/200 201/385/201 205/386/205
f 201/379/201 207/387/207 206/388/206
f 202/378/202 208/389/208 207/387/207
f 203/382/203 209/390/209 208/391/208
f 204/384/204 210/392/210 209/393/209
f 205/386/205 206/394/206 210/395/210
f 206/388/206 212/396/212 211/397/211
f 207/398/207 213/399/213 212/400/212
f 208/391/208 214/401/214 213/402/213
f 209/393/209 215/403/215 214/404/214
f 210/395/210 211/405/211 215/406/215
f 211/407/211 217/408/217 216/409/216
f 213/399/213 217/410/217 212/400/212
f 214/401/214 218/411/218 213/402/213
f 215/412/215 219/413/219 214/414/214
f 215/406/215 216/415/216 220/416/220
f 169/417/169 167/418/167 166/419/166
f 217/420/217 219/421/219 220/422/220
f 221/423/221 227/424/227 226/425/226
f 222/426/222 228/427/228 227/428/227
f 223/429/223 229/430/229 228/431/228
f 225/432/225 229/433/229 224/434/224
f 221/435/221 230/436/230 225/437/225
f 226/425/226 232/438/232 231/439/231
f 227/428/227 233/440/233 232/441/232
f 228/431/228 234/442/234 233/443/233
f 229/433/229 235/444/235 234/445/234
f 230/446/230 231/447/231 235/448/235
f 231/447/231 237/449/237 236/450/236
f 232/441/232 238/451/238 237/452/237
f 233/443/233 239/453/239 238/454/238
f 234/445/234 240/455/240 239/456/239
f 235/448/235 236/450/236 240/457/240
f 236/450/236 242/458/242 241/459/241
f 237/452/237 243/460/243 242/461/242
f 238/454/238 244/462/244 243/463/243
f 239/456/239 245/464/245 244/465/244
f 240/457/240 241/459/241 245/466/245
f 241/459/241 247/467/247 246/468/246
f 242/461/242 248/469/248 247/470/247
f 243/463/243 249/471/249 248/472/248
f 244/465/244 250/473/250 249/474/249
f 245/466/245 246/468/246 250/475/250
f 246/468/246 252/476/252 251/477/251
f 247/470/247 253/478/253 252/479/252
f 248/472/248 254/480/254 253/481/253
f 249/482/249 255/483/255 254/484/254
f 250/475/250 251/477/251 255/485/255
f 251/477/251 257/486/257 256/487/256
f 252/479/252 258/488/258 257/489/257
f 253/481/253 259/490/259 258/491/258
f 254/484/254 260/492/260 259/493/259
f 255/485/255 256/487/256 260/494/260
f 256/487/256 262/495/262 261/496/261
f 257/489/257 263/497/263 262/498/262
f 258/491/258 264/499/264 263/500/263
f 259/493/259 265/501/265 264/502/264
f 260/494/260 261/496/261 265/503/265
f 261/504/261 267/505/267 266/506/266
f 262/498/262 268/507/268 267/508/267
f 263/500/263 269/509/269 268/510/268
f 264/502/264 270/511/270 269/512/269
f 265/513/265 266/514/266 270/515/270
f 267/505/267 271/516/271 266/506/266
f 268/507/268 272/517/272 267/508/267
f 269/509/269 273/518/273 268/510/268
f 269/512/269 275/519/275 274/520/274
f 270/515/270 271/521/271 275/522/275
f 224/523/224 222/524/222 221/525/221
f 272/526/272 274/527/274 275/528/275
f 276/529/276 282/530/282 281/531/281
f 277/532/277 283/533/283 282/534/282
f 278/535/278 284/536/284 283/533/283
f 280/537/280 284/538/284 279/539/279
f 276/540/276 285/541/285 280/542/280
f 281/543/281 287/544/287 286/545/286
f 282/534/282 288/546/288 287/547/287
f 283/548/283 289/549/289 288/550/288
f 284/551/284 290/552/290 289/553/289
f 285/541/285 286/554/286 290/555/290
f 286/545/286 292/556/292 291/557/291
f 287/547/287 293/558/293 292/559/292
f 288/550/288 294/560/294 293/561/293
f 289/553/289 295/562/295 294/563/294
f 290/555/290 291/564/291 295/565/295
f 291/557/291 297/566/297 296/567/296
f 292/559/292 298/568/298 297/569/297
f 293/561/293 299/570/299 298/571/298
f 294/563/294 300/572/300 299/573/299
f 295/565/295 296/574/296 300/575/300
f 296/567/296 302/576/302 301/577/301
f 297/569/297 303/578/303 302/579/302
f 298/571/298 304/580/304 303/581/303
f 299/573/299 305/582/305 304/583/304
f 300/575/300 301/584/301 305/585/305
f 301/577/301 307/586/307 306/587/306
f 302/579/302 308/588/308 307/589/307
f 303/581/303 309/590/309 308/591/308
f 304/583/304 310/592/310 309/593/309
f 305/594/305 306/595/306 310/596/310
f 306/597/306 312/598/312 311/599/311
f 307/589/307 313/600/313 312/598/312
f 308/601/308 314/602/314 313/603/313
f 309/593/309 315/604/315 314/605/314
f 310/596/310 311/606/311 315/607/315
f 311/599/311 317/608/317 316/609/316
f 312/598/312 318/610/318 317/608/317
f 313/603/313 319/611/319 318/612/318
f 314/605/314 320/613/320 319/614/319
f 315/607/315 316/615/316 320/616/320
f 316/609/316 322/617/322 321/618/321
f 317/608/317 323/619/323 322/617/322
f 318/612/318 324/620/324 323/621/323
f 319/622/319 325/623/325 324/624/324
f 320/616/320 321/625/321 325/626/325
f 322/617/322 326/627/326 321/618/321
f 323/619/323 327/628/327 322/617/322
f 324/620/324 328/629/328 323/621/323
f 324/624/324 330/630/330 329/631/329
f 325/626/325 326/632/326 330/633/330
f 279/634/279 277/635/277 276/636/276
f 327/637/327 329/638/329 330/639/330
f 332/640/332 336/641/336 331/642/331
f 333/643/333 337/644/337 332/645/332
f 333/646/333 339/647/339 338/648/338
f 334/649/334 340/650/340 339/651/339
f 335/652/335 336/641/336 340/653/340
f 337/654/337 341/655/341 336/641/336
f 338/656/338 342/657/342 337/644/337
f 339/658/339 343/659/343 338/660/338
f 340/650/340 344/661/344 339/651/339
f 336/662/336 345/663/345 340/664/340
f 342/665/342 346/666/346 341/655/341
f 343/667/343 347/668/347 342/657/342
f 344/669/344 348/670/348 343/659/343
f 345/671/345 349/672/349 344/661/344
f 341/673/341 350/674/350 345/663/345
f 347/675/347 351/676/351 346/677/346
f 348/678/348 352/679/352 347/668/347
f 349/680/349 353/681/353 348/670/348
f 350/682/350 354/683/354 349/672/349
f 346/677/346 355/684/355 350/674/350
f 352/685/352 356/686/356 351/676/351
f 353/687/353 357/688/357 352/679/352
f 354/689/354 358/690/358 353/681/353
f 355/691/355 359/692/359 354/683/354
f 351/676/351 360/693/360 355/684/355
f 357/694/357 361/695/361 356/686/356
f 358/696/358 362/697/362 357/688/357
f 359/698/359 363/699/363 358/690/358
f 360/700/360 364/701/364 359/692/359
f 356/686/356 365/702/365 360/693/360
f 362/703/362 366/704/366 361/695/361
f 363/705/363 367/706/367 362/697/362
f 364/707/364 368/708/368 363/709/363
f 365/710/365 369/711/369 364/701/364
f 361/695/361 370/712/370 365/702/365
f 367/706/367 371/713/371 366/714/366
f 368/715/368 372/716/372 367/706/367
f 369/717/369 373/718/373 368/708/368
f 370/719/370 374/720/374 369/711/369
f 366/704/366 375/721/375 370/712/370
f 372/716/372 376/722/376 371/713/371
f 373/723/373 377/724/377 372/716/372
f 374/725/374 378/726/378 373/718/373
f 375/727/375 379/728/379 374/720/374
f 371/729/371 380/730/380 375/731/375
f 376/722/376 382/732/382 381/733/381
f 377/734/377 383/735/383 382/736/382
f 379/737/379 383/738/383 378/726/378
f 380/739/380 384/740/384 379/728/379
f 376/741/376 385/742/385 380/730/380
f 334/743/334 332/744/332 331/745/331
f 382/746/382 384/747/384 385/748/385
f 386/749/386 392/750/392 391/751/391
f 387/752/387 393/753/393 392/754/392
f 389/755/389 393/756/393 388/757/388
f 390/758/390 394/759/394 389/760/389
f 386/761/386 395/762/395 390/758/390
f 392/750/392 396/763/396 391/751/391
f 393/753/393 397/764/397 392/754/392
f 394/765/394 398/766/398 393/756/393
f 395/762/395 399/767/399 394/759/394
f 391/768/391 400/769/400 395/762/395
f 397/770/397 401/771/401 396/763/396
f 398/772/398 402/773/402 397/764/397
f 399/774/399 403/775/403 398/766/398
f 400/769/400 404/776/404 399/767/399
f 396/777/396 405/778/405 400/779/400
f 402/780/402 406/781/406 401/771/401
f 403/782/403 407/783/407 402/773/402
f 404/784/404 408/785/408 403/775/403
f 405/786/405 409/787/409 404/776/404
f 401/788/401 410/789/410 405/778/405
f 407/790/407 411/791/411 406/781/406
f 408/792/408 412/793/412 407/783/407
f 409/794/409 413/795/413 408/785/408
f 410/796/410 414/797/414 409/787/409
f 406/798/406 415/799/415 410/789/410
f 412/800/412 416/801/416 411/791/411
f 413/802/413 417/803/417 412/793/412
f 414/804/414 418/805/418 413/795/413
f 415/806/415 419/807/419 414/797/414
f 411/808/411 420/809/420 415/799/415
f 417/810/417 421/811/421 416/812/416
f 418/813/418 422/814/422 417/815/417
f 419/816/419 423/817/423 418/805/418
f 420/818/420 424/819/424 419/807/419
f 416/820/416 425/821/425 420/809/420
f 422/822/422 426/823/426 421/811/421
f 423/824/423 427/825/427 422/814/422
f 424/826/424 428/827/428 423/824/423
f 425/828/425 429/829/429 424/819/424
f 421/830/421 430/831/430 425/821/425
f 427/832/427 431/833/431 426/823/426
f 428/827/428 432/834/432 427/825/427
f 429/835/429 433/836/433 428/827/428
f 430/837/430 434/838/434 429/829/429
f 426/839/426 435/840/435 430/831/430
f 432/841/432 436/842/436 431/833/431
f 433/836/433 437/843/437 432/834/432
f 433/836/433 439/844/439 438/845/438
f 434/838/434 440/846/440 439/847/439
f 435/848/435 436/849/436 440/850/440
f 389/851/389 387/852/387 386/853/386
f 437/854/437 439/855/439 440/856/440
f 442/857/442 446/858/446 441/859/441
f 443/860/443 447/861/447 442/862/442
f 443/863/443 449/864/449 448/865/448
f 444/866/444 450/867/450 449/868/449
f 445/869/445 446/870/446 450/871/450
f 447/872/447 451/873/451 446/858/446
f 448/874/448 452/875/452 447/861/447
f 449/864/449 453/876/453 448/865/448
f 450/867/450 454/877/454 449/868/449
f 446/870/446 455/878/455 450/871/450
f 452/879/452 456/880/456 451/873/451
f 453/881/453 457/882/457 452/875/452
f 454/883/454 458/884/458 453/876/453
f 455/885/455 459/886/459 454/877/454
f 451/887/451 460/888/460 455/878/455
f 457/889/457 461/890/461 456/880/456
f 458/891/458 462/892/462 457/882/457
f 459/893/459 463/894/463 458/884/458
f 460/895/460 464/896/464 459/886/459
f 456/897/456 465/898/465 460/888/460
f 462/899/462 466/900/466 461/890/461
f 463/901/463 467/902/467 462/892/462
f 464/903/464 468/904/468 463/894/463
f 465/905/465 469/906/469 464/896/464
f 461/907/461 470/908/470 465/898/465
f 467/909/467 471/910/471 466/900/466
f 468/911/468 472/912/472 467/902/467
f 469/913/469 473/914/473 468/915/468
f 470/916/470 474/917/474 469/906/469
f 466/918/466 475/919/475 470/920/470
f 472/921/472 476/922/476 471/910/471
f 473/923/473 477/924/477 472/912/472
f 474/925/474 478/926/478 473/914/473
f 475/927/475 479/928/479 474/917/474
f 471/929/471 480/930/480 475/919/475
f 477/931/477 481/932/481 476/922/476
f 478/926/478 482/933/482 477/934/477
f 479/935/479 483/936/483 478/926/478
f 480/937/480 484/938/484 479/928/479
f 476/939/476 485/940/485 480/930/480
f 482/941/482 486/942/486 481/932/481
f 483/943/483 487/944/487 482/941/482
f 484/945/484 488/946/488 483/936/483
f 485/947/485 489/948/489 484/938/484
f 481/949/481 490/950/490 485/940/485
f 486/951/486 492/952/492 491/953/491
f 487/944/487 493/954/493 492/955/492
f 489/956/489 493/957/493 488/946/488
f 490/958/490 494/959/494 489/948/489
f 486/960/486 495/961/495 490/950/490
f 444/962/444 442/963/442 441/964/441
f 492/965/492 494/966/494 495/967/495
f 497/968/497 501/969/501 496/970/496
f 498/971/498 502/972/502 497/973/497
f 499/974/499 503/975/503 498/971/498
f 499/976/499 505/977/505 504/978/504
f 500/979/500 501/980/501 505/981/505
f 501/969/501 507/982/507 506/983/506
f 502/972/502 508/984/508 507/985/507
f 503/975/503 509/986/509 508/984/508
f 504/978/504 510/987/510 509/988/509
f 505/981/505 506/989/506 510/990/510
f 506/983/506 512/991/512 511/992/511
f 507/985/507 513/993/513 512/994/512
f 508/984/508 514/995/514 513/993/513
f 509/988/509 515/996/515 514/997/514
f 510/990/510 511/998/511 515/999/515
f 511/992/511 517/1000/517 516/1001/516
f 512/994/512 518/1002/518 517/1003/517
f 513/993/513 519/1004/519 518/1002/518
f 514/997/514 520/1005/520 519/1006/519
f 515/999/515 516/1007/516 520/1008/520
f 516/1009/516 522/1010/522 521/1011/521
f 517/1003/517 523/1012/523 522/1013/522
f 518/1002/518 524/1014/524 523/1012/523
f 519/1006/519 525/1015/525 524/1016/524
f 520/1008/520 521/1017/521 525/1018/525
f 521/1011/521 527/1019/527 526/1020/526
f 522/1013/522 528/1021/528 527/1022/527
f 523/1012/523 529/1023/529 528/1021/528
f 524/1016/524 530/1024/530 529/1025/529
f 525/1018/525 526/1026/526 530/1027/530
f 526/1020/526 532/1028/532 531/1029/531
f 527/1022/527 533/1030/533 532/1031/532
f 528/1032/528 534/1033/534 533/1034/533
f 529/1025/529 535/1035/535 534/1036/534
f 530/1027/530 531/1037/531 535/1038/535
f 531/1029/531 537/1039/537 536/1040/536
f 532/1031/532 538/1041/538 537/1042/537
f 533/1034/533 539/1043/539 538/1044/538
f 534/1036/534 540/1045/540 539/1046/539
f 535/1038/535 536/1047/536 540/1048/540
f 536/1040/536 542/1049/542 541/1050/541
f 537/1042/537 543/1051/543 542/1052/542
f 538/1044/538 544/1053/544 543/1054/543
f 539/1046/539 545/1055/545 544/1056/544
f 540/1048/540 541/1057/541 545/1058/545
f 541/1050/541 547/1059/547 546/1060/546
f 542/1052/542 548/1061/548 547/1062/547
f 543/1054/543 549/1063/549 548/1064/548
f 545/1055/545 549/1065/549 544/1056/544
f 541/1057/541 550/1066/550 545/1058/545
f 499/1067/499 497/1068/497 496/1069/496
f 547/1070/547 549/1071/549 550/1072/550
f 552/1073/552 556/1074/556 551/1075/551
f 553/1076/553 557/1077/557 552/1078/552
f 554/1079/554 558/1080/558 553/1081/553
f 554/1082/554 560/1083/560 559/1084/559
f 555/1085/555 556/1086/556 560/1083/560
f 556/1087/556 562/1088/562 561/1089/561
f 557/1077/557 563/1090/563 562/1088/562
f 558/1080/558 564/1091/564 563/1092/563
f 559/1084/559 565/1093/565 564/1094/564
f 560/1095/560 561/1096/561 565/1097/565
f 561/1089/561 567/1098/567 566/1099/566
f 562/1088/562 568/1100/568 567/1098/567
f 563/1092/563 569/1101/569 568/1102/568
f 564/1094/564 570/1103/570 569/1104/569
f 565/1097/565 566/1105/566 570/1106/570
f 566/1099/566 572/1107/572 571/1108/571
f 567/1098/567 573/1109/573 572/1107/572
f 568/1110/568 574/1111/574 573/1112/573
f 569/1104/569 575/1113/575 574/1114/574
f 570/1106/570 571/1115/571 575/1116/575
f 571/1108/571 577/1117/577 576/1118/576
f 572/1107/572 578/1119/578 577/1117/577
f 573/1112/573 579/1120/579 578/1121/578
f 574/1114/574 580/1122/580 579/1123/579
f 575/1116/575 576/1124/576 580/1125/580
f 576/1118/576 582/1126/582 581/1127/581
f 577/1117/577 583/1128/583 582/1126/582
f 578/1121/578 584/1129/584 583/1130/583
f 579/1123/579 585/1131/585 584/1132/584
f 580/1125/580 581/1133/581 585/1134/585
f 581/1127/581 587/1135/587 586/1136/586
f 582/1126/582 588/1137/588 587/1135/587
f 583/1138/583 589/1139/589 588/1140/588
f 584/1132/584 590/1141/590 589/1142/589
f 585/1143/585 586/1144/586 590/1145/590
f 586/1144/586 592/1146/592 591/1147/591
f 587/1135/587 593/1148/593 592/1149/592
f 588/1140/588 594/1150/594 593/1151/593
f 589/1142/589 595/1152/595 594/1153/594
f 590/1145/590 591/1147/591 595/1154/595
f 591/1155/591 597/1156/597 596/1157/596
f 592/1149/592 598/1158/598 597/1159/597
f 593/1151/593 599/1160/599 598/1161/598
f 594/1153/594 600/1162/600 599/1163/599
f 595/1154/595 596/1164/596 600/1165/600
f 596/1157/596 602/1166/602 601/1167/601
f 597/1159/597 603/1168/603 602/1169/602
f 598/1161/598 604/1170/604 603/1171/603
f 600/1162/600 604/1172/604 599/1163/599
f 596/1164/596 605/1173/605 600/1165/600
f 554/1174/554 552/1175/552 551/1176/551
f 602/1177/602 604/1178/604 605/1179/605
f 607/1180/607 611/1181/611 606/1182/606
f 608/1183/608 612/1184/612 607/1180/607
f 608/1185/608 614/1186/614 613/1187/613
f 609/1188/609 615/1189/615 614/1190/614
f 606/1191/606 615/1192/615 610/1193/610
f 612/1184/612 616/1194/616 611/1181/611
f 613/1195/613 617/1196/617 612/1184/612
f 614/1186/614 618/1197/618 613/1187/613
f 615/1189/615 619/1198/619 614/1190/614
f 611/1199/611 620/1200/620 615/1192/615
f 617/1196/617 621/1201/621 616/1194/616
f 618/1202/618 622/1203/622 617/1196/617
f 619/1204/619 623/1205/623 618/1197/618
f 620/1206/620 624/1207/624 619/1198/619
f 616/1208/616 625/1209/625 620/1200/620
f 622/1203/622 626/1210/626 621/1201/621
f 623/1211/623 627/1212/627 622/1213/622
f 624/1214/624 628/1215/628 623/1216/623
f 625/1217/625 629/1218/629 624/1207/624
f 621/1219/621 630/1220/630 625/1221/625
f 627/1222/627 631/1223/631 626/1210/626
f 628/1224/628 632/1225/632 627/1212/627
f 629/1226/629 633/1227/633 628/1215/628
f 630/1228/630 634/1229/634 629/1218/629
f 626/1230/626 635/1231/635 630/1220/630
f 632/1232/632 636/1233/636 631/1223/631
f 633/1234/633 637/1235/637 632/1225/632
f 634/1236/634 638/1237/638 633/1227/633
f 635/1238/635 639/1239/639 634/1229/634
f 631/1240/631 640/1241/640 635/1231/635
f 637/1242/637 641/1243/641 636/1233/636
f 638/1244/638 642/1245/642 637/1235/637
f 639/1246/639 643/1247/643 638/1237/638
f 640/1248/640 644/1249/644 639/1239/639
f 636/1250/636 645/1251/645 640/1241/640
f 642/1252/642 646/1253/646 641/1243/641
f 643/1254/643 647/1255/647 642/1245/642
f 644/1256/644 648/1257/648 643/1247/643
f 645/1258/645 649/1259/649 644/1249/644
f 641/1260/641 650/1261/650 645/1251/645
f 647/1262/647 651/1263/651 646/1264/646
f 648/1265/648 652/1266/652 647/1255/647
f 649/1267/649 653/1268/653 648/1257/648
f 650/1269/650 654/1270/654 649/1259/649
f 646/1271/646 655/1272/655 650/1261/650
f 651/1263/651 657/1273/657 656/1274/656
f 653/1275/653 657/1276/657 652/1266/652
f 654/1277/654 658/1278/658 653/1268/653
f 655/1279/655 659/1280/659 654/1281/654
f 655/1272/655 656/1282/656 660/1283/660
f 609/1284/609 607/1285/607 606/1286/606
f 657/1273/657 659/1287/659 660/1288/660
f 661/1289/661 667/1290/667 666/1291/666
f 662/1292/662 668/1293/668 667/1294/667
f 664/1295/664 668/1293/668 663/1296/663
f 665/1297/665 669/1298/669 664/1299/664
f 665/1300/665 666/1301/666 670/1302/670
f 667/1290/667 671/1303/671 666/1291/666
f 668/1293/668 672/1304/672 667/1294/667
f 669/1305/669 673/1306/673 668/1293/668
f 670/1307/670 674/1308/674 669/1309/669
f 666/1301/666 675/1310/675 670/1302/670
f 672/1311/672 676/1312/676 671/1303/671
f 673/1306/673 677/1313/677 672/1304/672
f 674/1314/674 678/1315/678 673/1316/673
f 675/1317/675 679/1318/679 674/1308/674
f 671/1319/671 680/1320/680 675/1310/675
f 677/1321/677 681/1322/681 676/1312/676
f 678/1323/678 682/1324/682 677/1313/677
f 679/1325/679 683/1326/683 678/1315/678
f 680/1327/680 684/1328/684 679/1318/679
f 676/1329/676 685/1330/685 680/1320/680
f 682/1331/682 686/1332/686 681/1322/681
f 683/1333/683 687/1334/687 682/1335/682
f 684/1336/684 688/1337/688 683/1326/683
f 685/1338/685 689/1339/689 684/1328/684
f 681/1340/681 690/1341/690 685/1342/685
f 687/1343/687 691/1344/691 686/1332/686
f 688/1345/688 692/1346/692 687/1334/687
f 689/1347/689 693/1348/693 688/1337/688
f 690/1349/690 694/1350/694 689/1339/689
f 686/1351/686 695/1352/695 690/1341/690
f 692/1353/692 696/1354/696 691/1344/691
f 693/1355/693 697/1356/697 692/1346/692
f 694/1357/694 698/1358/698 693/1348/693
f 695/1359/695 699/1360/699 694/1350/694
f 691/1361/691 700/1362/700 695/1352/695
f 697/1363/697 701/1364/701 696/1354/696
f 698/1365/698 702/1366/702 697/1356/697
f 699/1367/699 703/1368/703 698/1358/698
f 700/1369/700 704/1370/704 699/1360/699
f 696/1354/696 705/1371/705 700/1372/700
f 702/1373/702 706/1374/706 701/1364/701
f 703/1375/703 707/1376/707 702/1366/702
f 704/1377/704 708/1378/708 703/1368/703
f 705/1379/705 709/1380/709 704/1370/704
f 701/1364/701 710/1381/710 705/1371/705
f 707/1382/707 711/1383/711 706/1374/706
f 708/1384/708 712/1385/712 707/1386/707
f 708/1378/708 714/1387/714 713/1388/713
f 709/1389/709 715/1390/715 714/1391/714
f 706/1374/706 715/1392/715 710/1381/710
f 664/1393/664 662/1394/662 661/1395/661
f 712/1396/712 714/1397/714 715/1398/715
f 717/1399/717 721/1400/721 716/1401/716
f 717/1402/717 723/1403/723 722/1404/722
f 718/1405/718 724/1406/724 723/1407/723
f 719/1408/719 725/1409/725 724/1406/724
f 716/1410/716 725/1411/725 720/1412/720
f 722/1413/722 726/1414/726 721/1400/721
f 723/1403/723 727/1415/727 722/1404/722
f 724/1406/724 728/1416/728 723/1407/723
f 725/1409/725 729/1417/729 724/1406/724
f 721/1418/721 730/1419/730 725/1411/725
f 727/1420/727 731/1421/731 726/1414/726
f 728/1422/728 732/1423/732 727/1415/727
f 729/1417/729 733/1424/733 728/1416/728
f 730/1425/730 734/1426/734 729/1417/729
f 726/1427/726 735/1428/735 730/1419/730
f 732/1429/732 736/1430/736 731/1421/731
f 733/1431/733 737/1432/737 732/1423/732
f 734/1426/734 738/1433/738 733/1424/733
f 735/1434/735 739/1435/739 734/1426/734
f 731/1436/731 740/1437/740 735/1428/735
f 737/1438/737 741/1439/741 736/1430/736
f 738/1440/738 742/1441/742 737/1442/737
f 739/1435/739 743/1443/743 738/1433/738
f 740/1444/740 744/1445/744 739/1435/739
f 736/1446/736 745/1447/745 740/1437/740
f 742/1448/742 746/1449/746 741/1439/741
f 743/1450/743 747/1451/747 742/1441/742
f 744/1445/744 748/1452/748 743/1443/743
f 745/1453/745 749/1454/749 744/1455/744
f 741/1456/741 750/1457/750 745/1447/745
f 747/1458/747 751/1459/751 746/1449/746
f 748/1460/748 752/1461/752 747/1451/747
f 749/1462/749 753/1463/753 748/1452/748
f 750/1464/750 754/1465/754 749/1454/749
f 746/1466/746 755/1467/755 750/1457/750
f 752/1468/752 756/1469/756 751/1459/751
f 753/1470/753 757/1471/757 752/1461/752
f 754/1472/754 758/1473/758 753/1463/753
f 755/1474/755 759/1475/759 754/1465/754
f 751/1476/751 760/1477/760 755/1467/755
f 757/1478/757 761/1479/761 756/1469/756
f 758/1480/758 762/1481/762 757/1471/757
f 759/1482/759 763/1483/763 758/1473/758
f 760/1484/760 764/1485/764 759/1475/759
f 756/1469/756 765/1486/765 760/1487/760
f 761/1479/761 767/1488/767 766/1489/766
f 763/1490/763 767/1491/767 762/1492/762
f 764/1493/764 768/1494/768 763/1483/763
f 765/1495/765 769/1496/769 764/1485/764
f 765/1486/765 766/1489/766 770/1497/770
f 719/1498/719 717/1499/717 716/1500/716
f 767/1501/767 769/1502/769 770/1503/770
f 772/1504/772 776/1505/776 771/1506/771
f 773/1507/773 777/1508/777 772/1509/772
f 774/1510/774 778/1511/778 773/1512/773
f 774/1513/774 780/1514/780 779/1515/779
f 775/1516/775 776/1517/776 780/1514/780
f 776/1505/776 782/1518/782 781/1519/781
f 777/1508/777 783/1520/783 782/1521/782
f 778/1511/778 784/1522/784 783/1523/783
f 779/1515/779 785/1524/785 784/1525/784
f 780/1526/780 781/1527/781 785/1528/785
f 781/1519/781 787/1529/787 786/1530/786
f 782/1521/782 788/1531/788 787/1532/787
f 783/1523/783 789/1533/789 788/1534/788
f 784/1525/784 790/1535/790 789/1536/789
f 785/1528/785 786/1537/786 790/1538/790
f 786/1530/786 792/1539/792 791/1540/791
f 787/1532/787 793/1541/793 792/1542/792
f 788/1534/788 794/1543/794 793/1544/793
f 789/1536/789 795/1545/795 794/1546/794
f 790/1538/790 791/1547/791 795/1548/795
f 791/1540/791 797/1549/797 796/1550/796
f 792/1542/792 798/1551/798 797/1552/797
f 793/1544/793 799/1553/799 798/1554/798
f 794/1546/794 800/1555/800 799/1556/799
f 795/1548/795 796/1557/796 800/1558/800
f 796/1550/796 802/1559/802 801/1560/801
f 797/1552/797 803/1561/803 802/1562/802
f 798/1554/798 804/1563/804 803/1564/803
f 799/1556/799 805/1565/805 804/1566/804
f 800/1558/800 801/1567/801 805/1568/805
f 801/1569/801 807/1570/807 806/1571/806
f 802/1562/802 808/1572/808 807/1573/807
f 803/1574/803 809/1575/809 808/1576/808
f 804/1566/804 810/1577/810 809/1578/809
f 805/1568/805 806/1579/806 810/1580/810
f 806/1571/806 812/1581/812 811/1582/811
f 807/1573/807 813/1583/813 812/1584/812
f 808/1576/808 814/1585/814 813/1586/813
f 809/1578/809 815/1587/815 814/1588/814
f 810/1580/810 811/1589/811 815/1590/815
f 811/1582/811 817/1591/817 816/1592/816
f 812/1584/812 818/1593/818 817/1594/817
f 813/1586/813 819/1595/819 818/1596/818
f 814/1588/814 820/1597/820 819/1598/819
f 815/1590/815 816/1599/816 820/1600/820
f 816/1592/816 822/1601/822 821/1602/821
f 817/1594/817 823/1603/823 822/1604/822
f 818/1596/818 824/1605/824 823/1606/823
f 820/1597/820 824/1607/824 819/1598/819
f 816/1599/816 825/1608/825 820/1600/820
f 774/1609/774 772/1610/772 771/1611/771
f 822/1612/822 824/1613/824 825/1614/825
f 827/1615/827 831/1616/831 826/1617/826
f 828/1618/828 832/1619/832 827/1620/827
f 828/1621/828 834/1622/834 833/1623/833
f 829/1624/829 835/1625/835 834/1626/834
f 830/1627/830 831/1628/831 835/1629/835
f 832/1630/832 836/1631/836 831/1616/831
f 833/1632/833 837/1633/837 832/1619/832
f 834/1622/834 838/1634/838 833/1623/833
f 835/1625/835 839/1635/839 834/1626/834
f 831/1628/831 840/1636/840 835/1629/835
f 837/1637/837 841/1638/841 836/1631/836
f 838/1639/838 842/1640/842 837/1633/837
f 839/1641/839 843/1642/843 838/1634/838
f 840/1643/840 844/1644/844 839/1635/839
f 836/1645/836 845/1646/845 840/1636/840
f 842/1647/842 846/1648/846 841/1638/841
f 843/1649/843 847/1650/847 842/1647/842
f 844/1651/844 848/1652/848 843/1642/843
f 845/1653/845 849/1654/849 844/1644/844
f 841/1655/841 850/1656/850 845/1646/845
f 847/1650/847 851/1657/851 846/1648/846
f 848/1658/848 852/1659/852 847/1650/847
f 849/1660/849 853/1661/853 848/1652/848
f 850/1662/850 854/1663/854 849/1654/849
f 846/1664/846 855/1665/855 850/1656/850
f 852/1659/852 856/1666/856 851/1657/851
f 853/1667/853 857/1668/857 852/1659/852
f 854/1669/854 858/1670/858 853/1661/853
f 855/1671/855 859/1672/859 854/1663/854
f 851/1673/851 860/1674/860 855/1665/855
f 857/1668/857 861/1675/861 856/1666/856
f 858/1676/858 862/1677/862 857/1668/857
f 859/1678/859 863/1679/863 858/1670/858
f 860/1680/860 864/1681/864 859/1672/859
f 856/1682/856 865/1683/865 860/1684/860
f 862/1677/862 866/1685/866 861/1675/861
f 863/1686/863 867/1687/867 862/1677/862
f 864/1688/864 868/1689/868 863/1679/863
f 865/1690/865 869/1691/869 864/1681/864
f 861/1692/861 870/1693/870 865/1683/865
f 867/1687/867 871/1694/871 866/1685/866
f 868/1695/868 872/1696/872 867/1687/867
f 869/1697/869 873/1698/873 868/1689/868
f 870/1699/870 874/1700/874 869/1691/869
f 866/1701/866 875/1702/875 870/1693/870
f 871/1694/871 877/1703/877 876/1704/876
f 872/1696/872 878/1705/878 877/1703/877
f 874/1706/874 878/1707/878 873/1698/873
f 875/1708/875 879/1709/879 874/1700/874
f 871/1710/871 880/1711/880 875/1702/875
f 829/1712/829 827/1713/827 826/1714/826
f 877/1715/877 879/1716/879 880/1717/880
f 2/1/2 7/1718/7 6/2/6
f 2/4/2 3/1719/3 8/5/8
f 3/7/3 4/1720/4 9/8/9
f 5/10/5 10/1721/10 9/11/9
f 1/13/1 6/1722/6 10/14/10
f 6/2/6 7/1718/7 12/16/12
f 7/6/7 8/5/8 13/18/13
f 8/9/8 9/8/9 14/20/14
f 9/11/9 10/1721/10 15/22/15
f 10/14/10 6/1722/6 11/24/11
f 11/17/11 12/16/12 17/26/17
f 12/19/12 13/18/13 18/28/18
f 13/21/13 14/20/14 19/30/19
f 14/23/14 15/22/15 20/32/20
f 15/25/15 11/24/11 16/34/16
f 16/27/16 17/26/17 22/36/22
f 17/29/17 18/28/18 23/38/23
f 18/31/18 19/30/19 24/40/24
f 19/33/19 20/32/20 25/42/25
f 20/35/20 16/34/16 21/44/21
f 21/37/21 22/36/22 27/46/27
f 22/39/22 23/38/23 28/48/28
f 23/41/23 24/40/24 29/50/29
f 24/43/24 25/42/25 30/52/30
f 25/45/25 21/44/21 26/54/26
f 26/47/26 27/46/27 32/56/32
f 27/49/27 28/48/28 33/58/33
f 28/51/28 29/50/29 34/60/34
f 29/53/29 30/52/30 35/62/35
f 30/55/30 26/54/26 31/64/31
f 31/66/31 32/1723/32 37/67/37
f 32/59/32 33/58/33 38/69/38
f 33/61/33 34/60/34 39/71/39
f 34/63/34 35/62/35 40/73/40
f 35/65/35 31/64/31 36/75/36
f 36/68/36 37/67/37 42/77/42
f 37/70/37 38/69/38 43/79/43
f 38/81/38 39/84/39 44/82/44
f 39/84/39 40/1724/40 45/85/45
f 40/76/40 36/75/36 41/86/41
f 41/78/41 42/77/42 47/88/47
f 42/80/42 43/79/43 48/90/48
f 43/83/43 44/82/44 49/92/49
f 44/82/44 45/85/45 50/94/50
f 45/87/45 41/86/41 46/95/46
f 46/89/46 47/88/47 52/97/52
f 48/90/48 53/1725/53 52/99/52
f 49/92/49 54/102/54 53/100/53
f 49/92/49 50/94/50 55/101/55
f 50/96/50 46/95/46 51/103/51
f 1/107/1 5/1726/5 4/105/4
f 4/105/4 3/1727/3 2/106/2
f 55/110/55 51/1728/51 52/108/52
f 52/108/52 53/1729/53 54/109/54
f 56/111/56 57/1730/57 62/112/62
f 58/114/58 63/1731/63 62/115/62
f 59/117/59 64/121/64 63/118/63
f 60/120/60 65/1732/65 64/121/64
f 60/122/60 56/1733/56 61/123/61
f 61/113/61 62/112/62 67/125/67
f 62/115/62 63/1731/63 68/127/68
f 63/118/63 64/121/64 69/129/69
f 64/121/64 65/1732/65 70/131/70
f 65/124/65 61/123/61 66/132/66
f 66/126/66 67/125/67 72/134/72
f 67/128/67 68/127/68 73/136/73
f 68/130/68 69/129/69 74/138/74
f 69/140/69 70/133/70 75/141/75
f 70/133/70 66/132/66 71/143/71
f 71/135/71 72/134/72 77/144/77
f 72/137/72 73/136/73 78/146/78
f 73/139/73 74/138/74 79/148/79
f 74/142/74 75/141/75 80/150/80
f 75/141/75 71/143/71 76/152/76
f 76/145/76 77/144/77 82/153/82
f 77/155/77 78/1734/78 83/156/83
f 78/149/78 79/148/79 84/158/84
f 79/151/79 80/150/80 85/160/85
f 80/150/80 76/152/76 81/162/81
f 81/154/81 82/153/82 87/163/87
f 82/157/82 83/156/83 88/165/88
f 83/159/83 84/158/84 89/167/89
f 84/169/84 85/1735/85 90/170/90
f 85/160/85 81/162/81 86/172/86
f 86/174/86 87/1736/87 92/175/92
f 87/166/87 88/165/88 93/177/93
f 88/179/88 89/171/89 94/180/94
f 89/171/89 90/170/90 95/182/95
f 90/173/90 86/172/86 91/183/91
f 91/176/91 92/175/92 97/185/97
f 92/178/92 93/177/93 98/187/98
f 93/181/93 94/180/94 99/189/99
f 94/180/94 95/182/95 100/191/100
f 95/184/95 91/183/91 96/192/96
f 96/186/96 97/185/97 102/194/102
f 97/188/97 98/187/98 103/196/103
f 98/190/98 99/189/99 104/198/104
f 99/189/99 100/191/100 105/200/105
f 100/193/100 96/192/96 101/201/101
f 102/194/102 107/1737/107 106/203/106
f 102/197/102 103/196/103 108/204/108
f 103/199/103 104/198/104 109/206/109
f 104/198/104 105/200/105 110/208/110
f 101/201/101 106/1738/106 110/209/110
f 56/212/56 60/1739/60 59/210/59
f 59/210/59 58/1740/58 57/211/57
f 110/215/110 106/1741/106 107/213/107
f 107/213/107 108/1742/108 109/214/109
f 111/216/111 112/219/112 117/217/117
f 112/219/112 113/1743/113 118/220/118
f 113/221/113 114/1744/114 119/222/119
f 115/224/115 120/1745/120 119/225/119
f 111/227/111 116/1746/116 120/228/120
f 116/218/116 117/217/117 122/230/122
f 117/217/117 118/220/118 123/232/123
f 118/233/118 119/225/119 124/234/124
f 119/225/119 120/1745/120 125/236/125
f 120/228/120 116/1746/116 121/237/121
f 121/231/121 122/230/122 127/239/127
f 122/230/122 123/232/123 128/241/128
f 123/235/123 124/234/124 129/242/129
f 124/234/124 125/236/125 130/244/130
f 125/238/125 121/237/121 126/245/126
f 126/240/126 127/239/127 132/247/132
f 127/239/127 128/241/128 133/249/133
f 128/243/128 129/242/129 134/250/134
f 129/252/129 130/1747/130 135/253/135
f 130/246/130 126/245/126 131/255/131
f 131/248/131 132/247/132 137/257/137
f 132/247/132 133/249/133 138/259/138
f 133/251/133 134/250/134 139/260/139
f 134/254/134 135/253/135 140/262/140
f 135/264/135 131/1748/131 136/265/136
f 136/258/136 137/257/137 142/267/142
f 137/257/137 138/259/138 143/269/143
f 138/270/138 139/1749/139 144/271/144
f 139/263/139 140/262/140 145/273/145
f 140/266/140 136/265/136 141/275/141
f 141/268/141 142/267/142 147/277/147
f 142/267/142 143/269/143 148/279/148
f 143/272/143 144/271/144 149/280/149
f 144/274/144 145/273/145 150/282/150
f 145/276/145 141/275/141 146/284/146
f 146/278/146 147/277/147 152/286/152
f 147/277/147 148/279/148 153/288/153
f 148/281/148 149/280/149 154/289/154
f 149/283/149 150/282/150 155/291/155
f 150/285/150 146/284/146 151/293/151
f 151/287/151 152/286/152 157/295/157
f 152/286/152 153/288/153 158/297/158
f 153/290/153 154/289/154 159/298/159
f 154/292/154 155/291/155 160/300/160
f 155/294/155 151/293/151 156/302/156
f 157/304/157 162/1750/162 161/305/161
f 158/297/158 163/1751/163 162/307/162
f 159/298/159 164/1752/164 163/308/163
f 159/301/159 160/300/160 165/309/165
f 160/303/160 156/302/156 161/311/161
f 111/315/111 115/1753/115 114/313/114
f 114/313/114 113/1754/113 112/314/112
f 165/318/165 161/1755/161 162/316/162
f 162/316/162 163/1756/163 164/317/164
f 167/319/167 172/1757/172 171/320/171
f 167/322/167 168/325/168 173/323/173
f 168/325/168 169/1758/169 174/326/174
f 169/327/169 170/1759/170 175/328/175
f 166/321/166 171/320/171 175/330/175
f 171/320/171 172/1757/172 177/332/177
f 172/324/172 173/323/173 178/334/178
f 173/323/173 174/326/174 179/336/179
f 174/337/174 175/1760/175 180/338/180
f 175/330/175 171/320/171 176/333/176
f 176/333/176 177/332/177 182/341/182
f 177/335/177 178/334/178 183/343/183
f 178/334/178 179/336/179 184/345/184
f 179/339/179 180/338/180 185/346/185
f 180/340/180 176/333/176 181/342/181
f 181/349/181 182/352/182 187/350/187
f 182/352/182 183/1761/183 188/353/188
f 183/343/183 184/345/184 189/354/189
f 184/347/184 185/346/185 190/356/190
f 185/348/185 181/342/181 186/358/186
f 186/351/186 187/350/187 192/360/192
f 187/350/187 188/353/188 193/362/193
f 188/355/188 189/354/189 194/363/194
f 189/357/189 190/356/190 195/365/195
f 190/359/190 186/358/186 191/367/191
f 191/361/191 192/360/192 197/369/197
f 192/360/192 193/362/193 198/371/198
f 193/364/193 194/363/194 199/372/199
f 194/366/194 195/365/195 200/374/200
f 195/368/195 191/367/191 196/376/196
f 196/370/196 197/369/197 202/378/202
f 197/369/197 198/371/198 203/380/203
f 198/373/198 199/372/199 204/381/204
f 199/375/199 200/374/200 205/383/205
f 200/377/200 196/376/196 201/385/201
f 201/379/201 202/378/202 207/387/207
f 202/378/202 203/380/203 208/389/208
f 203/382/203 204/381/204 209/390/209
f 204/384/204 205/383/205 210/392/210
f 205/386/205 201/385/201 206/394/206
f 206/388/206 207/387/207 212/396/212
f 207/398/207 208/1762/208 213/399/213
f 208/391/208 209/390/209 214/401/214
f 209/393/209 210/392/210 215/403/215
f 210/395/210 206/394/206 211/405/211
f 211/407/211 212/1763/212 217/408/217
f 213/399/213 218/1764/218 217/410/217
f 214/401/214 219/1765/219 218/411/218
f 215/412/215 220/1766/220 219/413/219
f 215/406/215 211/405/211 216/415/216
f 166/419/166 170/1767/170 169/417/169
f 169/417/169 168/1768/168 167/418/167
f 220/422/220 216/1769/216 217/420/217
f 217/420/217 218/1770/218 219/421/219
f 221/423/221 222/1771/222 227/424/227
f 222/426/222 223/1772/223 228/427/228
f 223/429/223 224/523/224 229/430/229
f 225/432/225 230/1773/230 229/433/229
f 221/435/221 226/1774/226 230/436/230
f 226/425/226 227/424/227 232/438/232
f 227/428/227 228/427/228 233/440/233
f 228/431/228 229/430/229 234/442/234
f 229/433/229 230/1773/230 235/444/235
f 230/446/230 226/1775/226 231/447/231
f 231/447/231 232/1776/232 237/449/237
f 232/441/232 233/440/233 238/451/238
f 233/443/233 234/442/234 239/453/239
f 234/445/234 235/444/235 240/455/240
f 235/448/235 231/447/231 236/450/236
f 236/450/236 237/449/237 242/458/242
f 237/452/237 238/451/238 243/460/243
f 238/454/238 239/453/239 244/462/244
f 239/456/239 240/455/240 245/464/245
f 240/457/240 236/450/236 241/459/241
f 241/459/241 242/458/242 247/467/247
f 242/461/242 243/460/243 248/469/248
f 243/463/243 244/462/244 249/471/249
f 244/465/244 245/464/245 250/473/250
f 245/466/245 241/459/241 246/468/246
f 246/468/246 247/467/247 252/476/252
f 247/470/247 248/469/248 253/478/253
f 248/472/248 249/471/249 254/480/254
f 249/482/249 250/1777/250 255/483/255
f 250/475/250 246/468/246 251/477/251
f 251/477/251 252/476/252 257/486/257
f 252/479/252 253/478/253 258/488/258
f 253/481/253 254/480/254 259/490/259
f 254/484/254 255/483/255 260/492/260
f 255/485/255 251/477/251 256/487/256
f 256/487/256 257/486/257 262/495/262
f 257/489/257 258/488/258 263/497/263
f 258/491/258 259/490/259 264/499/264
f 259/493/259 260/492/260 265/501/265
f 260/494/260 256/487/256 261/496/261
f 261/504/261 262/1778/262 267/505/267
f 262/498/262 263/497/263 268/507/268
f 263/500/263 264/499/264 269/509/269
f 264/502/264 265/501/265 270/511/270
f 265/513/265 261/1779/261 266/514/266
f 267/505/267 272/1780/272 271/516/271
f 268/507/268 273/1781/273 272/517/272
f 269/509/269 274/527/274 273/518/273
f 269/512/269 270/511/270 275/519/275
f 270/515/270 266/514/266 271/521/271
f 221/525/221 225/1782/225 224/523/224
f 224/523/224 223/429/223 222/524/222
f 275/528/275 271/1783/271 272/526/272
f 272/526/272 273/518/273 274/527/274
f 276/529/276 277/1784/277 282/530/282
f 277/532/277 278/535/278 283/533/283
f 278/535/278 279/1785/279 284/536/284
f 280/537/280 285/1786/285 284/538/284
f 276/540/276 281/1787/281 285/541/285
f 281/543/281 282/1788/282 287/544/287
f 282/534/282 283/533/283 288/546/288
f 283/548/283 284/1789/284 289/549/289
f 284/551/284 285/1790/285 290/552/290
f 285/541/285 281/1787/281 286/554/286
f 286/545/286 287/544/287 292/556/292
f 287/547/287 288/546/288 293/558/293
f 288/550/288 289/549/289 294/560/294
f 289/553/289 290/552/290 295/562/295
f 290/555/290 286/554/286 291/564/291
f 291/557/291 292/556/292 297/566/297
f 292/559/292 293/558/293 298/568/298
f 293/561/293 294/560/294 299/570/299
f 294/563/294 295/562/295 300/572/300
f 295/565/295 291/564/291 296/574/296
f 296/567/296 297/566/297 302/576/302
f 297/569/297 298/568/298 303/578/303
f 298/571/298 299/570/299 304/580/304
f 299/573/299 300/572/300 305/582/305
f 300/575/300 296/574/296 301/584/301
f 301/577/301 302/576/302 307/586/307
f 302/579/302 303/578/303 308/588/308
f 303/581/303 304/580/304 309/590/309
f 304/583/304 305/582/305 310/592/310
f 305/594/305 301/1791/301 306/595/306
f 306/597/306 307/589/307 312/598/312
f 307/589/307 308/588/308 313/600/313
f 308/601/308 309/1792/309 314/602/314
f 309/593/309 310/592/310 315/604/315
f 310/596/310 306/595/306 311/606/311
f 311/599/311 312/598/312 317/608/317
f 312/598/312 313/600/313 318/610/318
f 313/603/313 314/602/314 319/611/319
f 314/605/314 315/604/315 320/613/320
f 315/607/315 311/606/311 316/615/316
f 316/609/316 317/608/317 322/617/322
f 317/608/317 318/610/318 323/619/323
f 318/612/318 319/611/319 324/620/324
f 319/622/319 320/1793/320 325/623/325
f 320/616/320 316/615/316 321/625/321
f 322/617/322 327/628/327 326/627/326
f 323/619/323 328/1794/328 327/628/327
f 324/620/324 329/1795/329 328/629/328
f 324/624/324 325/623/325 330/630/330
f 325/626/325 321/625/321 326/632/326
f 276/636/276 280/1796/280 279/634/279
f 279/634/279 278/1797/278 277/635/277
f 330/639/330 326/1798/326 327/637/327
f 327/637/327 328/1799/328 329/638/329
f 332/640/332 337/654/337 336/641/336
f 333/643/333 338/656/338 337/644/337
f 333/646/333 334/1800/334 339/647/339
f 334/649/334 335/1801/335 340/650/340
f 335/652/335 331/642/331 336/641/336
f 337/654/337 342/665/342 341/655/341
f 338/656/338 343/667/343 342/657/342
f 339/658/339 344/669/344 343/659/343
f 340/650/340 345/671/345 344/661/344
f 336/662/336 341/673/341 345/663/345
f 342/665/342 347/1802/347 346/666/346
f 343/667/343 348/678/348 347/668/347
f 344/669/344 349/680/349 348/670/348
f 345/671/345 350/682/350 349/672/349
f 341/673/341 346/677/346 350/674/350
f 347/675/347 352/685/352 351/676/351
f 348/678/348 353/687/353 352/679/352
f 349/680/349 354/689/354 353/681/353
f 350/682/350 355/691/355 354/683/354
f 346/677/346 351/676/351 355/684/355
f 352/685/352 357/694/357 356/686/356
f 353/687/353 358/696/358 357/688/357
f 354/689/354 359/698/359 358/690/358
f 355/691/355 360/700/360 359/692/359
f 351/676/351 356/686/356 360/693/360
f 357/694/357 362/703/362 361/695/361
f 358/696/358 363/705/363 362/697/362
f 359/698/359 364/1803/364 363/699/363
f 360/700/360 365/710/365 364/701/364
f 356/686/356 361/695/361 365/702/365
f 362/703/362 367/1804/367 366/704/366
f 363/705/363 368/715/368 367/706/367
f 364/707/364 369/717/369 368/708/368
f 365/710/365 370/719/370 369/711/369
f 361/695/361 366/704/366 370/712/370
f 367/706/367 372/716/372 371/713/371
f 368/715/368 373/723/373 372/716/372
f 369/717/369 374/725/374 373/718/373
f 370/719/370 375/727/375 374/720/374
f 366/704/366 371/1805/371 375/721/375
f 372/716/372 377/724/377 376/722/376
f 373/723/373 378/1806/378 377/724/377
f 374/725/374 379/737/379 378/726/378
f 375/727/375 380/739/380 379/728/379
f 371/729/371 376/741/376 380/730/380
f 376/722/376 377/724/377 382/732/382
f 377/734/377 378/1807/378 383/735/383
f 379/737/379 384/1808/384 383/738/383
f 380/739/380 385/1809/385 384/740/384
f 376/741/376 381/1810/381 385/742/385
f 331/745/331 335/1811/335 334/743/334
f 334/743/334 333/1812/333 332/744/332
f 385/748/385 381/1813/381 382/746/382
f 382/746/382 383/1814/383 384/747/384
f 386/749/386 387/1815/387 392/750/392
f 387/752/387 388/1816/388 393/753/393
f 389/755/389 394/765/394 393/756/393
f 390/758/390 395/762/395 394/759/394
f 386/761/386 391/768/391 395/762/395
f 392/750/392 397/770/397 396/763/396
f 393/753/393 398/772/398 397/764/397
f 394/765/394 399/774/399 398/766/398
f 395/762/395 400/769/400 399/767/399
f 391/768/391 396/1817/396 400/769/400
f 397/770/397 402/780/402 401/771/401
f 398/772/398 403/782/403 402/773/402
f 399/774/399 404/784/404 403/775/403
f 400/769/400 405/786/405 404/776/404
f 396/777/396 401/788/401 405/778/405
f 402/780/402 407/790/407 406/781/406
f 403/782/403 408/792/408 407/783/407
f 404/784/404 409/794/409 408/785/408
f 405/786/405 410/796/410 409/787/409
f 401/788/401 406/798/406 410/789/410
f 407/790/407 412/800/412 411/791/411
f 408/792/408 413/802/413 412/793/412
f 409/794/409 414/804/414 413/795/413
f 410/796/410 415/806/415 414/797/414
f 406/798/406 411/808/411 415/799/415
f 412/800/412 417/1818/417 416/801/416
f 413/802/413 418/1819/418 417/803/417
f 414/804/414 419/816/419 418/805/418
f 415/806/415 420/818/420 419/807/419
f 411/808/411 416/820/416 420/809/420
f 417/810/417 422/822/422 421/811/421
f 418/813/418 423/824/423 422/814/422
f 419/816/419 424/1820/424 423/817/423
f 420/818/420 425/828/425 424/819/424
f 416/820/416 421/830/421 425/821/425
f 422/822/422 427/832/427 426/823/426
f 423/824/423 428/827/428 427/825/427
f 424/826/424 429/835/429 428/827/428
f 425/828/425 430/837/430 429/829/429
f 421/830/421 426/839/426 430/831/430
f 427/832/427 432/841/432 431/833/431
f 428/827/428 433/836/433 432/834/432
f 429/835/429 434/1821/434 433/836/433
f 430/837/430 435/1822/435 434/838/434
f 426/839/426 431/1823/431 435/840/435
f 432/841/432 437/1824/437 436/842/436
f 433/836/433 438/845/438 437/843/437
f 433/836/433 434/1821/434 439/844/439
f 434/838/434 435/1822/435 440/846/440
f 435/848/435 431/1825/431 436/849/436
f 386/853/386 390/1826/390 389/851/389
f 389/851/389 388/1827/388 387/852/387
f 440/856/440 436/1828/436 437/854/437
f 437/854/437 438/1829/438 439/855/439
f 442/857/442 447/872/447 446/858/446
f 443/860/443 448/874/448 447/861/447
f 443/863/443 444/1830/444 449/864/449
f 444/866/444 445/1831/445 450/867/450
f 445/869/445 441/1832/441 446/870/446
f 447/872/447 452/879/452 451/873/451
f 448/874/448 453/881/453 452/875/452
f 449/864/449 454/883/454 453/876/453
f 450/867/450 455/885/455 454/877/454
f 446/870/446 451/887/451 455/878/455
f 452/879/452 457/889/457 456/880/456
f 453/881/453 458/891/458 457/882/457
f 454/883/454 459/893/459 458/884/458
f 455/885/455 460/895/460 459/886/459
f 451/887/451 456/897/456 460/888/460
f 457/889/457 462/899/462 461/890/461
f 458/891/458 463/901/463 462/892/462
f 459/893/459 464/903/464 463/894/463
f 460/895/460 465/905/465 464/896/464
f 456/897/456 461/907/461 465/898/465
f 462/899/462 467/909/467 466/900/466
f 463/901/463 468/911/468 467/902/467
f 464/903/464 469/1833/469 468/904/468
f 465/905/465 470/916/470 469/906/469
f 461/907/461 466/1834/466 470/908/470
f 467/909/467 472/921/472 471/910/471
f 468/911/468 473/923/473 472/912/472
f 469/913/469 474/925/474 473/914/473
f 470/916/470 475/927/475 474/917/474
f 466/918/466 471/929/471 475/919/475
f 472/921/472 477/931/477 476/922/476
f 473/923/473 478/1835/478 477/924/477
f 474/925/474 479/935/479 478/926/478
f 475/927/475 480/937/480 479/928/479
f 471/929/471 476/939/476 480/930/480
f 477/931/477 482/941/482 481/932/481
f 478/926/478 483/936/483 482/933/482
f 479/935/479 484/945/484 483/936/483
f 480/937/480 485/947/485 484/938/484
f 476/939/476 481/949/481 485/940/485
f 482/941/482 487/944/487 486/942/486
f 483/943/483 488/1836/488 487/944/487
f 484/945/484 489/956/489 488/946/488
f 485/947/485 490/958/490 489/948/489
f 481/949/481 486/960/486 490/950/490
f 486/951/486 487/1837/487 492/952/492
f 487/944/487 488/1836/488 493/954/493
f 489/956/489 494/1838/494 493/957/493
f 490/958/490 495/1839/495 494/959/494
f 486/960/486 491/1840/491 495/961/495
f 441/964/441 445/1841/445 444/962/444
f 444/962/444 443/1842/443 442/963/442
f 495/967/495 491/1843/491 492/965/492
f 492/965/492 493/1844/493 494/966/494
f 497/968/497 502/1845/502 501/969/501
f 498/971/498 503/975/503 502/972/502
f 499/974/499 504/1846/504 503/975/503
f 499/976/499 500/1847/500 505/977/505
f 500/979/500 496/1848/496 501/980/501
f 501/969/501 502/1845/502 507/982/507
f 502/972/502 503/975/503 508/984/508
f 503/975/503 504/1846/504 509/986/509
f 504/978/504 505/977/505 510/987/510
f 505/981/505 501/980/501 506/989/506
f 506/983/506 507/982/507 512/991/512
f 507/985/507 508/984/508 513/993/513
f 508/984/508 509/986/509 514/995/514
f 509/988/509 510/987/510 515/996/515
f 510/990/510 506/989/506 511/998/511
f 511/992/511 512/991/512 517/1000/517
f 512/994/512 513/993/513 518/1002/518
f 513/993/513 514/995/514 519/1004/519
f 514/997/514 515/996/515 520/1005/520
f 515/999/515 511/998/511 516/1007/516
f 516/1009/516 517/1849/517 522/1010/522
f 517/1003/517 518/1002/518 523/1012/523
f 518/1002/518 519/1004/519 524/1014/524
f 519/1006/519 520/1005/520 525/1015/525
f 520/1008/520 516/1007/516 521/1017/521
f 521/1011/521 522/1010/522 527/1019/527
f 522/1013/522 523/1012/523 528/1021/528
f 523/1012/523 524/1014/524 529/1023/529
f 524/1016/524 525/1015/525 530/1024/530
f 525/1018/525 521/1017/521 526/1026/526
f 526/1020/526 527/1019/527 532/1028/532
f 527/1022/527 528/1021/528 533/1030/533
f 528/1032/528 529/1850/529 534/1033/534
f 529/1025/529 530/1024/530 535/1035/535
f 530/1027/530 526/1026/526 531/1037/531
f 531/1029/531 532/1028/532 537/1039/537
f 532/1031/532 533/1030/533 538/1041/538
f 533/1034/533 534/1033/534 539/1043/539
f 534/1036/534 535/1035/535 540/1045/540
f 535/1038/535 531/1037/531 536/1047/536
f 536/1040/536 537/1039/537 542/1049/542
f 537/1042/537 538/1041/538 543/1051/543
f 538/1044/538 539/1043/539 544/1053/544
f 539/1046/539 540/1045/540 545/1055/545
f 540/1048/540 536/1047/536 541/1057/541
f 541/1050/541 542/1049/542 547/1059/547
f 542/1052/542 543/1051/543 548/1061/548
f 543/1054/543 544/1053/544 549/1063/549
f 545/1055/545 550/1851/550 549/1065/549
f 541/1057/541 546/1852/546 550/1066/550
f 496/1069/496 500/1853/500 499/1067/499
f 499/1067/499 498/1854/498 497/1068/497
f 550/1072/550 546/1855/546 547/1070/547
f 547/1070/547 548/1856/548 549/1071/549
f 552/1073/552 557/1857/557 556/1074/556
f 553/1076/553 558/1858/558 557/1077/557
f 554/1079/554 559/1859/559 558/1080/558
f 554/1082/554 555/1085/555 560/1083/560
f 555/1085/555 551/1860/551 556/1086/556
f 556/1087/556 557/1077/557 562/1088/562
f 557/1077/557 558/1858/558 563/1090/563
f 558/1080/558 559/1859/559 564/1091/564
f 559/1084/559 560/1083/560 565/1093/565
f 560/1095/560 556/1861/556 561/1096/561
f 561/1089/561 562/1088/562 567/1098/567
f 562/1088/562 563/1090/563 568/1100/568
f 563/1092/563 564/1091/564 569/1101/569
f 564/1094/564 565/1093/565 570/1103/570
f 565/1097/565 561/1096/561 566/1105/566
f 566/1099/566 567/1098/567 572/1107/572
f 567/1098/567 568/1100/568 573/1109/573
f 568/1110/568 569/1862/569 574/1111/574
f 569/1104/569 570/1103/570 575/1113/575
f 570/1106/570 566/1105/566 571/1115/571
f 571/1108/571 572/1107/572 577/1117/577
f 572/1107/572 573/1109/573 578/1119/578
f 573/1112/573 574/1111/574 579/1120/579
f 574/1114/574 575/1113/575 580/1122/580
f 575/1116/575 571/1115/571 576/1124/576
f 576/1118/576 577/1117/577 582/1126/582
f 577/1117/577 578/1119/578 583/1128/583
f 578/1121/578 579/1120/579 584/1129/584
f 579/1123/579 580/1122/580 585/1131/585
f 580/1125/580 576/1124/576 581/1133/581
f 581/1127/581 582/1126/582 587/1135/587
f 582/1126/582 583/1128/583 588/1137/588
f 583/1138/583 584/1863/584 589/1139/589
f 584/1132/584 585/1131/585 590/1141/590
f 585/1143/585 581/1864/581 586/1144/586
f 586/1144/586 587/1865/587 592/1146/592
f 587/1135/587 588/1137/588 593/1148/593
f 588/1140/588 589/1139/589 594/1150/594
f 589/1142/589 590/1141/590 595/1152/595
f 590/1145/590 586/1144/586 591/1147/591
f 591/1155/591 592/1866/592 597/1156/597
f 592/1149/592 593/1148/593 598/1158/598
f 593/1151/593 594/1150/594 599/1160/599
f 594/1153/594 595/1152/595 600/1162/600
f 595/1154/595 591/1147/591 596/1164/596
f 596/1157/596 597/1156/597 602/1166/602
f 597/1159/597 598/1158/598 603/1168/603
f 598/1161/598 599/1160/599 604/1170/604
f 600/1162/600 605/1867/605 604/1172/604
f 596/1164/596 601/1868/601 605/1173/605
f 551/1176/551 555/1869/555 554/1174/554
f 554/1174/554 553/1870/553 552/1175/552
f 605/1179/605 601/1871/601 602/1177/602
f 602/1177/602 603/1872/603 604/1178/604
f 607/1180/607 612/1184/612 611/1181/611
f 608/1183/608 613/1195/613 612/1184/612
f 608/1185/608 609/1873/609 614/1186/614
f 609/1188/609 610/1874/610 615/1189/615
f 606/1191/606 611/1199/611 615/1192/615
f 612/1184/612 617/1196/617 616/1194/616
f 613/1195/613 618/1202/618 617/1196/617
f 614/1186/614 619/1204/619 618/1197/618
f 615/1189/615 620/1206/620 619/1198/619
f 611/1199/611 616/1208/616 620/1200/620
f 617/1196/617 622/1203/622 621/1201/621
f 618/1202/618 623/1875/623 622/1203/622
f 619/1204/619 624/1876/624 623/1205/623
f 620/1206/620 625/1217/625 624/1207/624
f 616/1208/616 621/1877/621 625/1209/625
f 622/1203/622 627/1222/627 626/1210/626
f 623/1211/623 628/1224/628 627/1212/627
f 624/1214/624 629/1226/629 628/1215/628
f 625/1217/625 630/1228/630 629/1218/629
f 621/1219/621 626/1230/626 630/1220/630
f 627/1222/627 632/1232/632 631/1223/631
f 628/1224/628 633/1234/633 632/1225/632
f 629/1226/629 634/1236/634 633/1227/633
f 630/1228/630 635/1238/635 634/1229/634
f 626/1230/626 631/1240/631 635/1231/635
f 632/1232/632 637/1242/637 636/1233/636
f 633/1234/633 638/1244/638 637/1235/637
f 634/1236/634 639/1246/639 638/1237/638
f 635/1238/635 640/1248/640 639/1239/639
f 631/1240/631 636/1250/636 640/1241/640
f 637/1242/637 642/1252/642 641/1243/641
f 638/1244/638 643/1254/643 642/1245/642
f 639/1246/639 644/1256/644 643/1247/643
f 640/1248/640 645/1258/645 644/1249/644
f 636/1250/636 641/1260/641 645/1251/645
f 642/1252/642 647/1878/647 646/1253/646
f 643/1254/643 648/1265/648 647/1255/647
f 644/1256/644 649/1267/649 648/1257/648
f 645/1258/645 650/1269/650 649/1259/649
f 641/1260/641 646/1271/646 650/1261/650
f 647/1262/647 652/1879/652 651/1263/651
f 648/1265/648 653/1275/653 652/1266/652
f 649/1267/649 654/1277/654 653/1268/653
f 650/1269/650 655/1880/655 654/1270/654
f 646/1271/646 651/1881/651 655/1272/655
f 651/1263/651 652/1879/652 657/1273/657
f 653/1275/653 658/1882/658 657/1276/657
f 654/1277/654 659/1883/659 658/1278/658
f 655/1279/655 660/1884/660 659/1280/659
f 655/1272/655 651/1881/651 656/1282/656
f 606/1286/606 610/1885/610 609/1284/609
f 609/1284/609 608/1886/608 607/1285/607
f 660/1288/660 656/1274/656 657/1273/657
f 657/1273/657 658/1887/658 659/1287/659
f 661/1289/661 662/1888/662 667/1290/667
f 662/1292/662 663/1296/663 668/1293/668
f 664/1295/664 669/1305/669 668/1293/668
f 665/1297/665 670/1889/670 669/1298/669
f 665/1300/665 661/1890/661 666/1301/666
f 667/1290/667 672/1311/672 671/1303/671
f 668/1293/668 673/1306/673 672/1304/672
f 669/1305/669 674/1891/674 673/1306/673
f 670/1307/670 675/1317/675 674/1308/674
f 666/1301/666 671/1319/671 675/1310/675
f 672/1311/672 677/1321/677 676/1312/676
f 673/1306/673 678/1323/678 677/1313/677
f 674/1314/674 679/1325/679 678/1315/678
f 675/1317/675 680/1327/680 679/1318/679
f 671/1319/671 676/1329/676 680/1320/680
f 677/1321/677 682/1331/682 681/1322/681
f 678/1323/678 683/1892/683 682/1324/682
f 679/1325/679 684/1336/684 683/1326/683
f 680/1327/680 685/1338/685 684/1328/684
f 676/1329/676 681/1893/681 685/1330/685
f 682/1331/682 687/1343/687 686/1332/686
f 683/1333/683 688/1345/688 687/1334/687
f 684/1336/684 689/1347/689 688/1337/688
f 685/1338/685 690/1349/690 689/1339/689
f 681/1340/681 686/1351/686 690/1341/690
f 687/1343/687 692/1353/692 691/1344/691
f 688/1345/688 693/1355/693 692/1346/692
f 689/1347/689 694/1357/694 693/1348/693
f 690/1349/690 695/1359/695 694/1350/694
f 686/1351/686 691/1361/691 695/1352/695
f 692/1353/692 697/1363/697 696/1354/696
f 693/1355/693 698/1365/698 697/1356/697
f 694/1357/694 699/1367/699 698/1358/698
f 695/1359/695 700/1369/700 699/1360/699
f 691/1361/691 696/1894/696 700/1362/700
f 697/1363/697 702/1373/702 701/1364/701
f 698/1365/698 703/1375/703 702/1366/702
f 699/1367/699 704/1377/704 703/1368/703
f 700/1369/700 705/1379/705 704/1370/704
f 696/1354/696 701/1364/701 705/1371/705
f 702/1373/702 707/1382/707 706/1374/706
f 703/1375/703 708/1895/708 707/1376/707
f 704/1377/704 709/1896/709 708/1378/708
f 705/1379/705 710/1897/710 709/1380/709
f 701/1364/701 706/1374/706 710/1381/710
f 707/1382/707 712/1898/712 711/1383/711
f 708/1384/708 713/1899/713 712/1385/712
f 708/1378/708 709/1896/709 714/1387/714
f 709/1389/709 710/1900/710 715/1390/715
f 706/1374/706 711/1383/711 715/1392/715
f 661/1395/661 665/1901/665 664/1393/664
f 664/1393/664 663/1902/663 662/1394/662
f 715/1398/715 711/1903/711 712/1396/712
f 712/1396/712 713/1904/713 714/1397/714
f 717/1399/717 722/1413/722 721/1400/721
f 717/1402/717 718/1905/718 723/1403/723
f 718/1405/718 719/1408/719 724/1406/724
f 719/1408/719 720/1906/720 725/1409/725
f 716/1410/716 721/1418/721 725/1411/725
f 722/1413/722 727/1420/727 726/1414/726
f 723/1403/723 728/1422/728 727/1415/727
f 724/1406/724 729/1417/729 728/1416/728
f 725/1409/725 730/1425/730 729/1417/729
f 721/1418/721 726/1427/726 730/1419/730
f 727/1420/727 732/1429/732 731/1421/731
f 728/1422/728 733/1431/733 732/1423/732
f 729/1417/729 734/1426/734 733/1424/733
f 730/1425/730 735/1434/735 734/1426/734
f 726/1427/726 731/1436/731 735/1428/735
f 732/1429/732 737/1438/737 736/1430/736
f 733/1431/733 738/1907/738 737/1432/737
f 734/1426/734 739/1435/739 738/1433/738
f 735/1434/735 740/1444/740 739/1435/739
f 731/1436/731 736/1446/736 740/1437/740
f 737/1438/737 742/1448/742 741/1439/741
f 738/1440/738 743/1450/743 742/1441/742
f 739/1435/739 744/1445/744 743/1443/743
f 740/1444/740 745/1908/745 744/1445/744
f 736/1446/736 741/1456/741 745/1447/745
f 742/1448/742 747/1458/747 746/1449/746
f 743/1450/743 748/1460/748 747/1451/747
f 744/1445/744 749/1462/749 748/1452/748
f 745/1453/745 750/1464/750 749/1454/749
f 741/1456/741 746/1466/746 750/1457/750
f 747/1458/747 752/1468/752 751/1459/751
f 748/1460/748 753/1470/753 752/1461/752
f 749/1462/749 754/1472/754 753/1463/753
f 750/1464/750 755/1474/755 754/1465/754
f 746/1466/746 751/1476/751 755/1467/755
f 752/1468/752 757/1478/757 756/1469/756
f 753/1470/753 758/1480/758 757/1471/757
f 754/1472/754 759/1482/759 758/1473/758
f 755/1474/755 760/1484/760 759/1475/759
f 751/1476/751 756/1909/756 760/1477/760
f 757/1478/757 762/1910/762 761/1479/761
f 758/1480/758 763/1911/763 762/1481/762
f 759/1482/759 764/1493/764 763/1483/763
f 760/1484/760 765/1495/765 764/1485/764
f 756/1469/756 761/1479/761 765/1486/765
f 761/1479/761 762/1910/762 767/1488/767
f 763/1490/763 768/1912/768 767/1491/767
f 764/1493/764 769/1913/769 768/1494/768
f 765/1495/765 770/1914/770 769/1496/769
f 765/1486/765 761/1479/761 766/1489/766
f 716/1500/716 720/1915/720 719/1498/719
f 719/1498/719 718/1916/718 717/1499/717
f 770/1503/770 766/1917/766 767/1501/767
f 767/1501/767 768/1918/768 769/1502/769
f 772/1504/772 777/1919/777 776/1505/776
f 773/1507/773 778/1920/778 777/1508/777
f 774/1510/774 779/1921/779 778/1511/778
f 774/1513/774 775/1516/775 780/1514/780
f 775/1516/775 771/1922/771 776/1517/776
f 776/1505/776 777/1919/777 782/1518/782
f 777/1508/777 778/1920/778 783/1520/783
f 778/1511/778 779/1921/779 784/1522/784
f 779/1515/779 780/1514/780 785/1524/785
f 780/1526/780 776/1923/776 781/1527/781
f 781/1519/781 782/1518/782 787/1529/787
f 782/1521/782 783/1520/783 788/1531/788
f 783/1523/783 784/1522/784 789/1533/789
f 784/1525/784 785/1524/785 790/1535/790
f 785/1528/785 781/1527/781 786/1537/786
f 786/1530/786 787/1529/787 792/1539/792
f 787/1532/787 788/1531/788 793/1541/793
f 788/1534/788 789/1533/789 794/1543/794
f 789/1536/789 790/1535/790 795/1545/795
f 790/1538/790 786/1537/786 791/1547/791
f 791/1540/791 792/1539/792 797/1549/797
f 792/1542/792 793/1541/793 798/1551/798
f 793/1544/793 794/1543/794 799/1553/799
f 794/1546/794 795/1545/795 800/1555/800
f 795/1548/795 791/1547/791 796/1557/796
f 796/1550/796 797/1549/797 802/1559/802
f 797/1552/797 798/1551/798 803/1561/803
f 798/1554/798 799/1553/799 804/1563/804
f 799/1556/799 800/1555/800 805/1565/805
f 800/1558/800 796/1557/796 801/1567/801
f 801/1569/801 802/1924/802 807/1570/807
f 802/1562/802 803/1561/803 808/1572/808
f 803/1574/803 804/1925/804 809/1575/809
f 804/1566/804 805/1565/805 810/1577/810
f 805/1568/805 801/1567/801 806/1579/806
f 806/1571/806 807/1570/807 812/1581/812
f 807/1573/807 808/1572/808 813/1583/813
f 808/1576/808 809/1575/809 814/1585/814
f 809/1578/809 810/1577/810 815/1587/815
f 810/1580/810 806/1579/806 811/1589/811
f 811/1582/811 812/1581/812 817/1591/817
f 812/1584/812 813/1583/813 818/1593/818
f 813/1586/813 814/1585/814 819/1595/819
f 814/1588/814 815/1587/815 820/1597/820
f 815/1590/815 811/1589/811 816/1599/816
f 816/1592/816 817/1591/817 822/1601/822
f 817/1594/817 818/1593/818 823/1603/823
f 818/1596/818 819/1595/819 824/1605/824
f 820/1597/820 825/1926/825 824/1607/824
f 816/1599/816 821/1927/821 825/1608/825
f 771/1611/771 775/1928/775 774/1609/774
f 774/1609/774 773/1929/773 772/1610/772
f 825/1614/825 821/1930/821 822/1612/822
f 822/1612/822 823/1931/823 824/1613/824
f 827/1615/827 832/1630/832 831/1616/831
f 828/1618/828 833/1632/833 832/1619/832
f 828/1621/828 829/1932/829 834/1622/834
f 829/1624/829 830/1933/830 835/1625/835
f 830/1627/830 826/1934/826 831/1628/831
f 832/1630/832 837/1637/837 836/1631/836
f 833/1632/833 838/1639/838 837/1633/837
f 834/1622/834 839/1641/839 838/1634/838
f 835/1625/835 840/1643/840 839/1635/839
f 831/1628/831 836/1645/836 840/1636/840
f 837/1637/837 842/1647/842 841/1638/841
f 838/1639/838 843/1935/843 842/1640/842
f 839/1641/839 844/1651/844 843/1642/843
f 840/1643/840 845/1653/845 844/1644/844
f 836/1645/836 841/1655/841 845/1646/845
f 842/1647/842 847/1650/847 846/1648/846
f 843/1649/843 848/1658/848 847/1650/847
f 844/1651/844 849/1660/849 848/1652/848
f 845/1653/845 850/1662/850 849/1654/849
f 841/1655/841 846/1664/846 850/1656/850
f 847/1650/847 852/1659/852 851/1657/851
f 848/1658/848 853/1667/853 852/1659/852
f 849/1660/849 854/1669/854 853/1661/853
f 850/1662/850 855/1671/855 854/1663/854
f 846/1664/846 851/1673/851 855/1665/855
f 852/1659/852 857/1668/857 856/1666/856
f 853/1667/853 858/1676/858 857/1668/857
f 854/1669/854 859/1678/859 858/1670/858
f 855/1671/855 860/1680/860 859/1672/859
f 851/1673/851 856/1936/856 860/1674/860
f 857/1668/857 862/1677/862 861/1675/861
f 858/1676/858 863/1686/863 862/1677/862
f 859/1678/859 864/1688/864 863/1679/863
f 860/1680/860 865/1690/865 864/1681/864
f 856/1682/856 861/1692/861 865/1683/865
f 862/1677/862 867/1687/867 866/1685/866
f 863/1686/863 868/1695/868 867/1687/867
f 864/1688/864 869/1697/869 868/1689/868
f 865/1690/865 870/1699/870 869/1691/869
f 861/1692/861 866/1701/866 870/1693/870
f 867/1687/867 872/1696/872 871/1694/871
f 868/1695/868 873/1937/873 872/1696/872
f 869/1697/869 874/1706/874 873/1698/873
f 870/1699/870 875/1708/875 874/1700/874
f 866/1701/866 871/1710/871 875/1702/875
f 871/1694/871 872/1696/872 877/1703/877
f 872/1696/872 873/1937/873 878/1705/878
f 874/1706/874 879/1938/879 878/1707/878
f 875/1708/875 880/1939/880 879/1709/879
f 871/1710/871 876/1940/876 880/1711/880
f 826/1714/826 830/1941/830 829/1712/829
f 829/1712/829 828/1942/828 827/1713/827
f 880/1717/880 876/1943/876 877/1715/877
f 877/1715/877 878/1944/878 879/1716/879
